# Rebuilt from crane.obj object Main with the source-global OBJ index tables preserved
mtllib crane_main.mtl
v 0.250000 6.875000 -0.437500
v -0.250000 6.875000 -0.437500
v 0.250000 6.875000 -0.312500
v -0.250000 6.875000 -0.312500
v 0.250000 6.125000 -0.437500
v -0.250000 6.125000 -0.437500
v 0.250000 6.125000 -0.312500
v -0.250000 6.125000 -0.312500
v 0.250000 6.125000 0.500000
v -0.250000 6.125000 0.500000
v -0.500000 6.125000 0.250000
v -0.500000 6.125000 -0.250000
v -0.250000 6.125000 -0.500000
v 0.250000 6.125000 -0.500000
v 0.500000 6.125000 -0.250000
v 0.500000 6.125000 0.250000
v -0.500000 6.000000 -0.250000
v 0.500000 6.000000 -0.250000
v -0.500000 6.000000 0.250000
v 0.500000 6.000000 0.250000
v 0.250000 6.000000 -0.500000
v 0.250000 6.000000 0.500000
v -0.250000 6.000000 -0.500000
v -0.250000 6.000000 0.500000
v -0.250000 6.875000 0.500000
v -0.250000 6.875000 -0.500000
v 0.250000 6.875000 0.500000
v 0.250000 6.875000 -0.500000
v 0.500000 6.875000 0.250000
v -0.500000 6.875000 0.250000
v 0.500000 6.875000 -0.250000
v -0.500000 6.875000 -0.250000
v 0.500000 7.000000 0.250000
v 0.500000 7.000000 -0.250000
v 0.250000 7.000000 -0.500000
v -0.250000 7.000000 -0.500000
v -0.500000 7.000000 -0.250000
v -0.500000 7.000000 0.250000
v -0.250000 7.000000 0.500000
v 0.250000 7.000000 0.500000
v -0.250000 6.125000 0.437500
v 0.250000 6.125000 0.437500
v -0.250000 6.125000 0.312500
v 0.250000 6.125000 0.312500
v -0.250000 6.875000 0.437500
v 0.250000 6.875000 0.437500
v -0.250000 6.875000 0.312500
v 0.250000 6.875000 0.312500
v 0.000000 6.312500 0.312500
v -0.031250 6.304127 0.312500
v -0.054127 6.281250 0.312500
v -0.062500 6.250000 0.312500
v -0.054127 6.218750 0.312500
v -0.031250 6.195873 0.312500
v -0.000000 6.187500 0.312500
v 0.031250 6.195873 0.312500
v 0.054127 6.218750 0.312500
v 0.062500 6.250000 0.312500
v 0.054127 6.281250 0.312500
v 0.031250 6.304127 0.312500
v 0.000000 6.312500 0.250000
v -0.031250 6.304127 0.250000
v -0.054127 6.281250 0.250000
v -0.062500 6.250000 0.250000
v -0.054127 6.218750 0.250000
v -0.031250 6.195873 0.250000
v -0.000000 6.187500 0.250000
v 0.031250 6.195873 0.250000
v 0.054127 6.218750 0.250000
v 0.062500 6.250000 0.250000
v 0.054127 6.281250 0.250000
v 0.031250 6.304127 0.250000
v 0.187500 6.312500 0.312500
v 0.156250 6.304127 0.312500
v 0.133373 6.281250 0.312500
v 0.125000 6.250000 0.312500
v 0.133373 6.218750 0.312500
v 0.156250 6.195873 0.312500
v 0.187500 6.187500 0.312500
v 0.218750 6.195873 0.312500
v 0.241627 6.218750 0.312500
v 0.250000 6.250000 0.312500
v 0.241627 6.281250 0.312500
v 0.218750 6.304127 0.312500
v 0.187500 6.312500 0.250000
v 0.156250 6.304127 0.250000
v 0.133373 6.281250 0.250000
v 0.125000 6.250000 0.250000
v 0.133373 6.218750 0.250000
v 0.156250 6.195873 0.250000
v 0.187500 6.187500 0.250000
v 0.218750 6.195873 0.250000
v 0.241627 6.218750 0.250000
v 0.250000 6.250000 0.250000
v 0.241627 6.281250 0.250000
v 0.218750 6.304127 0.250000
v -0.187500 6.312500 0.312500
v -0.218750 6.304127 0.312500
v -0.241627 6.281250 0.312500
v -0.250000 6.250000 0.312500
v -0.241627 6.218750 0.312500
v -0.218750 6.195873 0.312500
v -0.187500 6.187500 0.312500
v -0.156250 6.195873 0.312500
v -0.133373 6.218750 0.312500
v -0.125000 6.250000 0.312500
v -0.133373 6.281250 0.312500
v -0.156250 6.304127 0.312500
v -0.187500 6.312500 0.250000
v -0.218750 6.304127 0.250000
v -0.241627 6.281250 0.250000
v -0.250000 6.250000 0.250000
v -0.241627 6.218750 0.250000
v -0.218750 6.195873 0.250000
v -0.187500 6.187500 0.250000
v -0.156250 6.195873 0.250000
v -0.133373 6.218750 0.250000
v -0.125000 6.250000 0.250000
v -0.133373 6.281250 0.250000
v -0.156250 6.304127 0.250000
v 0.000000 6.812500 0.312500
v -0.031250 6.804127 0.312500
v -0.054127 6.781250 0.312500
v -0.062500 6.750000 0.312500
v -0.054127 6.718750 0.312500
v -0.031250 6.695873 0.312500
v -0.000000 6.687500 0.312500
v 0.031250 6.695873 0.312500
v 0.054127 6.718750 0.312500
v 0.062500 6.750000 0.312500
v 0.054127 6.781250 0.312500
v 0.031250 6.804127 0.312500
v 0.000000 6.812500 0.250000
v -0.031250 6.804127 0.250000
v -0.054127 6.781250 0.250000
v -0.062500 6.750000 0.250000
v -0.054127 6.718750 0.250000
v -0.031250 6.695873 0.250000
v -0.000000 6.687500 0.250000
v 0.031250 6.695873 0.250000
v 0.054127 6.718750 0.250000
v 0.062500 6.750000 0.250000
v 0.054127 6.781250 0.250000
v 0.031250 6.804127 0.250000
v 0.187500 6.812500 0.312500
v 0.156250 6.804127 0.312500
v 0.133373 6.781250 0.312500
v 0.125000 6.750000 0.312500
v 0.133373 6.718750 0.312500
v 0.156250 6.695873 0.312500
v 0.187500 6.687500 0.312500
v 0.218750 6.695873 0.312500
v 0.241627 6.718750 0.312500
v 0.250000 6.750000 0.312500
v 0.241627 6.781250 0.312500
v 0.218750 6.804127 0.312500
v 0.187500 6.812500 0.250000
v 0.156250 6.804127 0.250000
v 0.133373 6.781250 0.250000
v 0.125000 6.750000 0.250000
v 0.133373 6.718750 0.250000
v 0.156250 6.695873 0.250000
v 0.187500 6.687500 0.250000
v 0.218750 6.695873 0.250000
v 0.241627 6.718750 0.250000
v 0.250000 6.750000 0.250000
v 0.241627 6.781250 0.250000
v 0.218750 6.804127 0.250000
v -0.187500 6.812500 0.312500
v -0.218750 6.804127 0.312500
v -0.241627 6.781250 0.312500
v -0.250000 6.750000 0.312500
v -0.241627 6.718750 0.312500
v -0.218750 6.695873 0.312500
v -0.187500 6.687500 0.312500
v -0.156250 6.695873 0.312500
v -0.133373 6.718750 0.312500
v -0.125000 6.750000 0.312500
v -0.133373 6.781250 0.312500
v -0.156250 6.804127 0.312500
v -0.187500 6.812500 0.250000
v -0.218750 6.804127 0.250000
v -0.241627 6.781250 0.250000
v -0.250000 6.750000 0.250000
v -0.241627 6.718750 0.250000
v -0.218750 6.695873 0.250000
v -0.187500 6.687500 0.250000
v -0.156250 6.695873 0.250000
v -0.133373 6.718750 0.250000
v -0.125000 6.750000 0.250000
v -0.133373 6.781250 0.250000
v -0.156250 6.804127 0.250000
v 0.000000 6.312500 -0.250000
v -0.031250 6.304127 -0.250000
v -0.054127 6.281250 -0.250000
v -0.062500 6.250000 -0.250000
v -0.054127 6.218750 -0.250000
v -0.031250 6.195873 -0.250000
v -0.000000 6.187500 -0.250000
v 0.031250 6.195873 -0.250000
v 0.054127 6.218750 -0.250000
v 0.062500 6.250000 -0.250000
v 0.054127 6.281250 -0.250000
v 0.031250 6.304127 -0.250000
v 0.000000 6.312500 -0.312500
v -0.031250 6.304127 -0.312500
v -0.054127 6.281250 -0.312500
v -0.062500 6.250000 -0.312500
v -0.054127 6.218750 -0.312500
v -0.031250 6.195873 -0.312500
v -0.000000 6.187500 -0.312500
v 0.031250 6.195873 -0.312500
v 0.054127 6.218750 -0.312500
v 0.062500 6.250000 -0.312500
v 0.054127 6.281250 -0.312500
v 0.031250 6.304127 -0.312500
v 0.187500 6.312500 -0.250000
v 0.156250 6.304127 -0.250000
v 0.133373 6.281250 -0.250000
v 0.125000 6.250000 -0.250000
v 0.133373 6.218750 -0.250000
v 0.156250 6.195873 -0.250000
v 0.187500 6.187500 -0.250000
v 0.218750 6.195873 -0.250000
v 0.241627 6.218750 -0.250000
v 0.250000 6.250000 -0.250000
v 0.241627 6.281250 -0.250000
v 0.218750 6.304127 -0.250000
v 0.187500 6.312500 -0.312500
v 0.156250 6.304127 -0.312500
v 0.133373 6.281250 -0.312500
v 0.125000 6.250000 -0.312500
v 0.133373 6.218750 -0.312500
v 0.156250 6.195873 -0.312500
v 0.187500 6.187500 -0.312500
v 0.218750 6.195873 -0.312500
v 0.241627 6.218750 -0.312500
v 0.250000 6.250000 -0.312500
v 0.241627 6.281250 -0.312500
v 0.218750 6.304127 -0.312500
v -0.187500 6.312500 -0.250000
v -0.218750 6.304127 -0.250000
v -0.241627 6.281250 -0.250000
v -0.250000 6.250000 -0.250000
v -0.241627 6.218750 -0.250000
v -0.218750 6.195873 -0.250000
v -0.187500 6.187500 -0.250000
v -0.156250 6.195873 -0.250000
v -0.133373 6.218750 -0.250000
v -0.125000 6.250000 -0.250000
v -0.133373 6.281250 -0.250000
v -0.156250 6.304127 -0.250000
v -0.187500 6.312500 -0.312500
v -0.218750 6.304127 -0.312500
v -0.241627 6.281250 -0.312500
v -0.250000 6.250000 -0.312500
v -0.241627 6.218750 -0.312500
v -0.218750 6.195873 -0.312500
v -0.187500 6.187500 -0.312500
v -0.156250 6.195873 -0.312500
v -0.133373 6.218750 -0.312500
v -0.125000 6.250000 -0.312500
v -0.133373 6.281250 -0.312500
v -0.156250 6.304127 -0.312500
v 0.000000 6.812500 -0.250000
v -0.031250 6.804127 -0.250000
v -0.054127 6.781250 -0.250000
v -0.062500 6.750000 -0.250000
v -0.054127 6.718750 -0.250000
v -0.031250 6.695873 -0.250000
v -0.000000 6.687500 -0.250000
v 0.031250 6.695873 -0.250000
v 0.054127 6.718750 -0.250000
v 0.062500 6.750000 -0.250000
v 0.054127 6.781250 -0.250000
v 0.031250 6.804127 -0.250000
v 0.000000 6.812500 -0.312500
v -0.031250 6.804127 -0.312500
v -0.054127 6.781250 -0.312500
v -0.062500 6.750000 -0.312500
v -0.054127 6.718750 -0.312500
v -0.031250 6.695873 -0.312500
v -0.000000 6.687500 -0.312500
v 0.031250 6.695873 -0.312500
v 0.054127 6.718750 -0.312500
v 0.062500 6.750000 -0.312500
v 0.054127 6.781250 -0.312500
v 0.031250 6.804127 -0.312500
v 0.187500 6.812500 -0.250000
v 0.156250 6.804127 -0.250000
v 0.133373 6.781250 -0.250000
v 0.125000 6.750000 -0.250000
v 0.133373 6.718750 -0.250000
v 0.156250 6.695873 -0.250000
v 0.187500 6.687500 -0.250000
v 0.218750 6.695873 -0.250000
v 0.241627 6.718750 -0.250000
v 0.250000 6.750000 -0.250000
v 0.241627 6.781250 -0.250000
v 0.218750 6.804127 -0.250000
v 0.187500 6.812500 -0.312500
v 0.156250 6.804127 -0.312500
v 0.133373 6.781250 -0.312500
v 0.125000 6.750000 -0.312500
v 0.133373 6.718750 -0.312500
v 0.156250 6.695873 -0.312500
v 0.187500 6.687500 -0.312500
v 0.218750 6.695873 -0.312500
v 0.241627 6.718750 -0.312500
v 0.250000 6.750000 -0.312500
v 0.241627 6.781250 -0.312500
v 0.218750 6.804127 -0.312500
v -0.187500 6.812500 -0.250000
v -0.218750 6.804127 -0.250000
v -0.241627 6.781250 -0.250000
v -0.250000 6.750000 -0.250000
v -0.241627 6.718750 -0.250000
v -0.218750 6.695873 -0.250000
v -0.187500 6.687500 -0.250000
v -0.156250 6.695873 -0.250000
v -0.133373 6.718750 -0.250000
v -0.125000 6.750000 -0.250000
v -0.133373 6.781250 -0.250000
v -0.156250 6.804127 -0.250000
v -0.187500 6.812500 -0.312500
v -0.218750 6.804127 -0.312500
v -0.241627 6.781250 -0.312500
v -0.250000 6.750000 -0.312500
v -0.241627 6.718750 -0.312500
v -0.218750 6.695873 -0.312500
v -0.187500 6.687500 -0.312500
v -0.156250 6.695873 -0.312500
v -0.133373 6.718750 -0.312500
v -0.125000 6.750000 -0.312500
v -0.133373 6.781250 -0.312500
v -0.156250 6.804127 -0.312500
v 0.000000 7.000000 -0.375000
v -0.187500 7.000000 -0.324760
v -0.324760 7.000000 -0.187500
v -0.375000 7.000000 0.000000
v -0.324760 7.000000 0.187500
v -0.187500 7.000000 0.324760
v -0.000000 7.000000 0.375000
v 0.187500 7.000000 0.324760
v 0.324759 7.000000 0.187500
v 0.375000 7.000000 0.000000
v 0.324760 7.000000 -0.187500
v 0.187500 7.000000 -0.324759
v 0.000000 7.250000 -0.375000
v -0.187500 7.250000 -0.324760
v -0.324760 7.250000 -0.187500
v -0.375000 7.250000 0.000000
v -0.324760 7.250000 0.187500
v -0.187500 7.250000 0.324760
v -0.000000 7.250000 0.375000
v 0.187500 7.250000 0.324760
v 0.324759 7.250000 0.187500
v 0.375000 7.250000 0.000000
v 0.324760 7.250000 -0.187500
v 0.187500 7.250000 -0.324759
v 0.000000 7.500000 -0.187500
v -0.093750 7.500000 -0.162380
v -0.162380 7.500000 -0.093750
v -0.187500 7.500000 0.000000
v -0.162380 7.500000 0.093750
v -0.093750 7.500000 0.162380
v -0.000000 7.500000 0.187500
v 0.093750 7.500000 0.162380
v 0.162380 7.500000 0.093750
v 0.187500 7.500000 0.000000
v 0.162380 7.500000 -0.093750
v 0.093750 7.500000 -0.162380
v 0.000000 8.000000 -0.187500
v -0.093750 8.000000 -0.162380
v -0.162380 8.000000 -0.093750
v -0.187500 8.000000 0.000000
v -0.162380 8.000000 0.093750
v -0.093750 8.000000 0.162380
v -0.000000 8.000000 0.187500
v 0.093750 8.000000 0.162380
v 0.162380 8.000000 0.093750
v 0.187500 8.000000 0.000000
v 0.162380 8.000000 -0.093750
v 0.093750 8.000000 -0.162380
v 0.000000 7.250000 -0.375000
v -0.187500 7.250000 -0.324760
v -0.324760 7.250000 -0.187500
v -0.375000 7.250000 0.000000
v -0.324760 7.250000 0.187500
v -0.187500 7.250000 0.324760
v -0.000000 7.250000 0.375000
v 0.187500 7.250000 0.324760
v 0.324759 7.250000 0.187500
v 0.375000 7.250000 0.000000
v 0.324760 7.250000 -0.187500
v 0.187500 7.250000 -0.324759
v 0.000000 7.500000 -0.187500
v -0.093750 7.500000 -0.162380
v -0.162380 7.500000 -0.093750
v -0.187500 7.500000 0.000000
v -0.162380 7.500000 0.093750
v -0.093750 7.500000 0.162380
v -0.000000 7.500000 0.187500
v 0.093750 7.500000 0.162380
v 0.162380 7.500000 0.093750
v 0.187500 7.500000 0.000000
v 0.162380 7.500000 -0.093750
v 0.093750 7.500000 -0.162380
v 0.000000 8.000000 -0.187500
v -0.093750 8.000000 -0.162380
v -0.162380 8.000000 -0.093750
v -0.187500 8.000000 0.000000
v -0.162380 8.000000 0.093750
v -0.093750 8.000000 0.162380
v -0.000000 8.000000 0.187500
v 0.093750 8.000000 0.162380
v 0.162380 8.000000 0.093750
v 0.187500 8.000000 0.000000
v 0.162380 8.000000 -0.093750
v 0.093750 8.000000 -0.162380
v -0.500000 6.125000 0.312500
v -0.500000 6.875000 0.312500
v -0.500000 6.125000 -0.312500
v -0.500000 6.875000 -0.312500
v 0.500000 6.125000 0.312500
v 0.500000 6.875000 0.312500
v 0.500000 6.125000 -0.312500
v 0.500000 6.875000 -0.312500
v -0.500000 6.187500 -0.312500
v 0.500000 6.187500 -0.312500
v -0.500000 6.187500 0.312500
v 0.500000 6.187500 0.312500
v -0.500000 6.812500 0.312500
v 0.500000 6.812500 0.312500
v -0.500000 6.812500 -0.312500
v 0.500000 6.812500 -0.312500
v -0.500000 6.187500 0.250000
v 0.500000 6.187500 0.250000
v -0.500000 6.812500 0.250000
v 0.500000 6.812500 0.250000
v -0.500000 6.187500 -0.250000
v 0.500000 6.187500 -0.250000
v -0.500000 6.812500 -0.250000
v 0.500000 6.812500 -0.250000
v -0.000000 5.000000 -0.437500
v -0.000000 6.000000 -0.437500
v 0.218750 5.000000 -0.378886
v 0.218750 6.000000 -0.378886
v 0.378886 5.000000 -0.218750
v 0.378886 6.000000 -0.218750
v 0.437500 5.000000 0.000000
v 0.437500 6.000000 0.000000
v 0.378886 5.000000 0.218750
v 0.378886 6.000000 0.218750
v 0.218750 5.000000 0.378886
v 0.218750 6.000000 0.378886
v 0.000000 5.000000 0.437500
v 0.000000 6.000000 0.437500
v -0.218750 5.000000 0.378886
v -0.218750 6.000000 0.378886
v -0.378886 5.000000 0.218750
v -0.378886 6.000000 0.218750
v -0.437500 5.000000 0.000000
v -0.437500 6.000000 0.000000
v -0.378886 5.000000 -0.218750
v -0.378886 6.000000 -0.218750
v -0.218750 5.000000 -0.378886
v -0.218750 6.000000 -0.378886
v -0.437500 4.437500 0.125000
v -0.437500 4.562500 0.125000
v -0.437500 4.437500 -0.125000
v -0.437500 4.562500 -0.125000
v 0.437500 4.437500 0.125000
v 0.437500 4.562500 0.125000
v 0.437500 4.437500 -0.125000
v 0.437500 4.562500 -0.125000
v 0.437500 4.437500 -0.062500
v 0.437500 4.187500 -0.062500
v 0.437500 4.437500 0.062500
v 0.437500 4.187500 0.062500
v -0.437500 4.437500 -0.062500
v -0.437500 4.187500 -0.062500
v -0.437500 4.437500 0.062500
v -0.437500 4.187500 0.062500
v -0.562500 4.437500 0.125000
v -0.562500 4.437500 0.062500
v -0.562500 4.562500 0.125000
v -0.562500 4.562500 -0.125000
v -0.562500 4.437500 -0.125000
v -0.562500 4.437500 -0.062500
v -0.562500 4.187500 -0.062500
v -0.562500 4.187500 0.062500
v 0.562500 4.562500 -0.125000
v 0.562500 4.437500 -0.125000
v 0.562500 4.437500 0.125000
v 0.562500 4.437500 0.062500
v 0.562500 4.562500 0.125000
v 0.562500 4.187500 0.062500
v 0.562500 4.437500 -0.062500
v 0.562500 4.187500 -0.062500
v -0.500000 0.125000 1.000000
v 0.500000 0.125000 1.000000
v 0.375000 1.625000 0.562500
v -0.375000 1.625000 0.562500
v 0.375000 1.625000 0.937500
v -0.500000 0.375000 1.000000
v 0.500000 0.375000 1.000000
v -0.375000 1.625000 0.937500
v 0.000000 5.000000 -0.500000
v -0.250000 5.000000 -0.433013
v -0.433013 5.000000 -0.250000
v -0.500000 5.000000 0.000000
v -0.433013 5.000000 0.250000
v -0.250000 5.000000 0.433013
v -0.000000 5.000000 0.500000
v 0.250000 5.000000 0.433013
v 0.433013 5.000000 0.250000
v 0.500000 5.000000 0.000000
v 0.433013 5.000000 -0.250000
v 0.250000 5.000000 -0.433013
v 0.000000 0.375000 -0.500000
v -0.250000 0.375000 -0.433013
v -0.433013 0.375000 -0.250000
v -0.500000 0.375000 0.000000
v -0.433013 0.375000 0.250000
v -0.250000 0.375000 0.433013
v -0.000000 0.375000 0.500000
v 0.250000 0.375000 0.433013
v 0.433013 0.375000 0.250000
v 0.500000 0.375000 0.000000
v 0.433013 0.375000 -0.250000
v 0.250000 0.375000 -0.433013
v 0.500000 0.125000 -0.375000
v 0.500000 0.375000 -0.375000
v -0.500000 0.125000 -0.375000
v -0.500000 0.375000 -0.375000
v 0.375000 0.125000 -0.500000
v 0.375000 0.375000 -0.500000
v -0.375000 0.125000 -0.500000
v -0.375000 0.375000 -0.500000
v -0.375000 0.875000 0.937500
v 0.375000 0.875000 0.937500
v -0.375000 1.125000 0.562500
v 0.375000 1.125000 0.562500
v -0.437500 0.375000 0.937500
v 0.437500 0.375000 0.937500
v 0.437500 1.687500 0.500000
v -0.437500 1.687500 0.500000
v 0.437500 1.687500 0.937500
v -0.437500 1.687500 0.937500
v 0.437500 0.375000 0.500000
v -0.437500 0.375000 0.500000
v 0.250000 2.875000 -0.433012
v 0.433013 2.875000 -0.250000
v 0.125000 1.875000 -0.466506
v 0.433013 2.875000 0.250000
v 0.250000 2.875000 0.433013
v -0.000000 2.875000 0.500000
v -0.250000 2.875000 0.433013
v -0.433013 2.875000 0.250000
v 0.466506 1.875000 -0.125000
v -0.433013 2.875000 -0.250000
v -0.250000 2.875000 -0.433013
v 0.466506 1.875000 0.125000
v 0.250000 3.000000 -0.433012
v 0.433013 3.000000 -0.250000
v -0.466506 1.875000 0.125000
v 0.433013 3.000000 0.250000
v 0.250000 3.000000 0.433013
v -0.000000 3.000000 0.500000
v -0.250000 3.000000 0.433013
v -0.433013 3.000000 0.250000
v -0.466506 1.875000 -0.125000
v -0.433013 3.000000 -0.250000
v -0.250000 3.000000 -0.433013
v -0.125000 1.875000 -0.466506
v 0.281250 3.000000 -0.487139
v 0.487139 3.000000 -0.281250
v 0.125000 2.000000 -0.466506
v 0.487139 3.000000 0.281250
v 0.281250 3.000000 0.487139
v -0.000000 3.000000 0.562500
v -0.281250 3.000000 0.487139
v -0.487139 3.000000 0.281250
v 0.466506 2.000000 -0.125000
v -0.487139 3.000000 -0.281250
v -0.281250 3.000000 -0.487139
v 0.466506 2.000000 0.125000
v 0.281250 2.875000 -0.487139
v 0.487139 2.875000 -0.281250
v -0.466506 2.000000 0.125000
v 0.487139 2.875000 0.281250
v 0.281250 2.875000 0.487139
v -0.000000 2.875000 0.562500
v -0.281250 2.875000 0.487139
v -0.487139 2.875000 0.281250
v -0.466506 2.000000 -0.125000
v -0.487139 2.875000 -0.281250
v -0.281250 2.875000 -0.487139
v -0.125000 2.000000 -0.466506
v -0.140625 2.875000 -0.524820
v -0.524820 2.875000 -0.140625
v -0.524820 2.875000 0.140625
v 0.524820 2.875000 0.140625
v 0.524820 2.875000 -0.140625
v 0.140625 2.875000 -0.524820
v -0.140625 3.000000 -0.524820
v -0.524820 3.000000 -0.140625
v -0.524820 3.000000 0.140625
v 0.524820 3.000000 0.140625
v 0.524820 3.000000 -0.140625
v 0.140625 3.000000 -0.524820
v -0.125000 3.000000 -0.466506
v -0.466506 3.000000 -0.125000
v -0.466506 3.000000 0.125000
v 0.466506 3.000000 0.125000
v 0.466506 3.000000 -0.125000
v 0.125000 3.000000 -0.466506
v -0.125000 2.875000 -0.466506
v -0.466506 2.875000 -0.125000
v -0.466506 2.875000 0.125000
v 0.466506 2.875000 0.125000
v 0.466506 2.875000 -0.125000
v 0.125000 2.875000 -0.466506
v 0.140625 2.000000 -0.524820
v 0.524820 2.000000 -0.140625
v 0.524820 2.000000 0.140625
v -0.524820 2.000000 0.140625
v -0.524820 2.000000 -0.140625
v -0.140625 2.000000 -0.524820
v 0.140625 1.875000 -0.524820
v 0.524820 1.875000 -0.140625
v 0.524820 1.875000 0.140625
v -0.524820 1.875000 0.140625
v -0.524820 1.875000 -0.140625
v -0.140625 1.875000 -0.524820
v -0.281250 1.875000 -0.487139
v -0.487139 1.875000 -0.281250
v -0.487139 1.875000 0.281250
v -0.281250 1.875000 0.487139
v -0.000000 1.875000 0.562500
v 0.281250 1.875000 0.487139
v 0.487139 1.875000 0.281250
v 0.487139 1.875000 -0.281250
v 0.281250 1.875000 -0.487139
v -0.281250 2.000000 -0.487139
v -0.487139 2.000000 -0.281250
v -0.487139 2.000000 0.281250
v -0.281250 2.000000 0.487139
v -0.000000 2.000000 0.562500
v 0.281250 2.000000 0.487139
v 0.487139 2.000000 0.281250
v 0.487139 2.000000 -0.281250
v 0.281250 2.000000 -0.487139
v -0.250000 2.000000 -0.433013
v -0.433013 2.000000 -0.250000
v -0.433013 2.000000 0.250000
v -0.250000 2.000000 0.433013
v -0.000000 2.000000 0.500000
v 0.250000 2.000000 0.433013
v 0.433013 2.000000 0.250000
v 0.433013 2.000000 -0.250000
v 0.250000 2.000000 -0.433012
v -0.250000 1.875000 -0.433013
v -0.433013 1.875000 -0.250000
v -0.433013 1.875000 0.250000
v -0.250000 1.875000 0.433013
v -0.000000 1.875000 0.500000
v 0.250000 1.875000 0.433013
v 0.433013 1.875000 0.250000
v 0.433013 1.875000 -0.250000
v 0.250000 1.875000 -0.433012
v 0.250000 3.875000 -0.433012
v 0.433013 3.875000 -0.250000
v 0.433013 3.875000 0.250000
v 0.250000 3.875000 0.433013
v -0.000000 3.875000 0.500000
v -0.250000 3.875000 0.433013
v -0.433013 3.875000 0.250000
v -0.433013 3.875000 -0.250000
v -0.250000 3.875000 -0.433013
v 0.250000 4.000000 -0.433012
v 0.433013 4.000000 -0.250000
v 0.433013 4.000000 0.250000
v 0.250000 4.000000 0.433013
v -0.000000 4.000000 0.500000
v -0.250000 4.000000 0.433013
v -0.433013 4.000000 0.250000
v -0.433013 4.000000 -0.250000
v -0.250000 4.000000 -0.433013
v 0.281250 4.000000 -0.487139
v 0.487139 4.000000 -0.281250
v 0.487139 4.000000 0.281250
v 0.281250 4.000000 0.487139
v -0.000000 4.000000 0.562500
v -0.281250 4.000000 0.487139
v -0.487139 4.000000 0.281250
v -0.487139 4.000000 -0.281250
v -0.281250 4.000000 -0.487139
v 0.281250 3.875000 -0.487139
v 0.487139 3.875000 -0.281250
v 0.487139 3.875000 0.281250
v 0.281250 3.875000 0.487139
v -0.000000 3.875000 0.562500
v -0.281250 3.875000 0.487139
v -0.487139 3.875000 0.281250
v -0.487139 3.875000 -0.281250
v -0.281250 3.875000 -0.487139
v -0.140625 3.875000 -0.524820
v -0.524820 3.875000 -0.140625
v -0.524820 3.875000 0.140625
v 0.524820 3.875000 0.140625
v 0.524820 3.875000 -0.140625
v 0.140625 3.875000 -0.524820
v -0.140625 4.000000 -0.524820
v -0.524820 4.000000 -0.140625
v -0.524820 4.000000 0.140625
v 0.524820 4.000000 0.140625
v 0.524820 4.000000 -0.140625
v 0.140625 4.000000 -0.524820
v 0.125000 4.875000 -0.466506
v 0.466506 4.875000 -0.125000
v 0.466506 4.875000 0.125000
v -0.466506 4.875000 0.125000
v -0.466506 4.875000 -0.125000
v -0.125000 4.875000 -0.466506
v 0.125000 5.000000 -0.466506
v 0.466506 5.000000 -0.125000
v 0.466506 5.000000 0.125000
v -0.466506 5.000000 0.125000
v -0.466506 5.000000 -0.125000
v -0.125000 5.000000 -0.466506
v 0.140625 5.000000 -0.524820
v 0.524820 5.000000 -0.140625
v 0.524820 5.000000 0.140625
v -0.524820 5.000000 0.140625
v -0.524820 5.000000 -0.140625
v -0.140625 5.000000 -0.524820
v 0.140625 4.875000 -0.524820
v 0.524820 4.875000 -0.140625
v 0.524820 4.875000 0.140625
v -0.524820 4.875000 0.140625
v -0.524820 4.875000 -0.140625
v -0.140625 4.875000 -0.524820
v -0.125000 4.000000 -0.466506
v -0.281250 4.875000 -0.487139
v -0.487139 4.875000 -0.281250
v -0.466506 4.000000 -0.125000
v -0.487139 4.875000 0.281250
v -0.281250 4.875000 0.487139
v -0.000000 4.875000 0.562500
v 0.281250 4.875000 0.487139
v 0.487139 4.875000 0.281250
v -0.466506 4.000000 0.125000
v 0.487139 4.875000 -0.281250
v 0.281250 4.875000 -0.487139
v 0.466506 4.000000 0.125000
v -0.281250 5.000000 -0.487139
v -0.487139 5.000000 -0.281250
v 0.466506 4.000000 -0.125000
v -0.487139 5.000000 0.281250
v -0.281250 5.000000 0.487139
v -0.000000 5.000000 0.562500
v 0.281250 5.000000 0.487139
v 0.487139 5.000000 0.281250
v 0.125000 4.000000 -0.466506
v 0.487139 5.000000 -0.281250
v 0.281250 5.000000 -0.487139
v -0.125000 3.875000 -0.466506
v -0.250000 5.000000 -0.433013
v -0.433013 5.000000 -0.250000
v -0.466506 3.875000 -0.125000
v -0.433013 5.000000 0.250000
v -0.250000 5.000000 0.433013
v -0.000000 5.000000 0.500000
v 0.250000 5.000000 0.433013
v 0.433013 5.000000 0.250000
v -0.466506 3.875000 0.125000
v 0.433013 5.000000 -0.250000
v 0.250000 5.000000 -0.433012
v 0.466506 3.875000 0.125000
v -0.250000 4.875000 -0.433013
v -0.433013 4.875000 -0.250000
v 0.466506 3.875000 -0.125000
v -0.433013 4.875000 0.250000
v -0.250000 4.875000 0.433013
v -0.000000 4.875000 0.500000
v 0.250000 4.875000 0.433013
v 0.433013 4.875000 0.250000
v 0.125000 3.875000 -0.466506
v 0.433013 4.875000 -0.250000
v 0.250000 4.875000 -0.433012
v 0.250000 3.968750 1.000000
v 0.250000 3.906250 1.000000
v -0.500000 3.968750 1.000000
v -0.500000 3.906250 1.000000
v 0.250000 3.968750 0.187500
v 0.250000 3.906250 0.187500
v -0.500000 3.968750 0.187500
v -0.500000 3.906250 0.187500
v 0.250000 1.968750 1.000000
v -0.375000 1.968750 1.000000
v 0.250000 1.968750 0.687500
v 0.250000 2.468750 1.000000
v -0.375000 2.468750 1.000000
v 0.250000 2.468750 0.687500
v 0.250000 2.968750 1.000000
v -0.375000 2.968750 1.000000
v 0.250000 2.968750 0.687500
v 0.250000 3.468750 1.000000
v -0.375000 3.468750 1.000000
v 0.250000 3.468750 0.687500
v 0.250000 3.968750 1.000000
v -0.375000 3.968750 1.000000
v 0.250000 3.968750 0.687500
v 0.250000 4.468750 1.000000
v -0.375000 4.468750 1.000000
v 0.250000 4.468750 0.687500
v -0.468750 0.375000 0.937500
v -0.468750 0.375000 0.500000
v -0.468750 3.937500 0.937500
v -0.468750 3.937500 0.500000
v 0.125000 0.875000 -0.466506
v 0.466506 0.875000 -0.125000
v 0.466506 0.875000 0.125000
v -0.466506 0.875000 0.125000
v -0.466506 0.875000 -0.125000
v -0.125000 0.875000 -0.466506
v 0.125000 1.000000 -0.466506
v 0.466506 1.000000 -0.125000
v 0.466506 1.000000 0.125000
v -0.466506 1.000000 0.125000
v -0.466506 1.000000 -0.125000
v -0.125000 1.000000 -0.466506
v 0.140625 1.000000 -0.524820
v 0.524820 1.000000 -0.140625
v 0.524820 1.000000 0.140625
v -0.524820 1.000000 0.140625
v -0.524820 1.000000 -0.140625
v -0.140625 1.000000 -0.524820
v 0.140625 0.875000 -0.524820
v 0.524820 0.875000 -0.140625
v 0.524820 0.875000 0.140625
v -0.524820 0.875000 0.140625
v -0.524820 0.875000 -0.140625
v -0.140625 0.875000 -0.524820
v -0.281250 0.875000 -0.487139
v -0.487139 0.875000 -0.281250
v -0.487139 0.875000 0.281250
v -0.281250 0.875000 0.487139
v -0.000000 0.875000 0.562500
v 0.281250 0.875000 0.487139
v 0.487139 0.875000 0.281250
v 0.487139 0.875000 -0.281250
v 0.281250 0.875000 -0.487139
v -0.281250 1.000000 -0.487139
v -0.487139 1.000000 -0.281250
v -0.487139 1.000000 0.281250
v -0.281250 1.000000 0.487139
v -0.000000 1.000000 0.562500
v 0.281250 1.000000 0.487139
v 0.487139 1.000000 0.281250
v 0.487139 1.000000 -0.281250
v 0.281250 1.000000 -0.487139
v -0.250000 1.000000 -0.433013
v -0.433013 1.000000 -0.250000
v -0.433013 1.000000 0.250000
v -0.250000 1.000000 0.433013
v -0.000000 1.000000 0.500000
v 0.250000 1.000000 0.433013
v 0.433013 1.000000 0.250000
v 0.433013 1.000000 -0.250000
v 0.250000 1.000000 -0.433012
v -0.250000 0.875000 -0.433013
v -0.433013 0.875000 -0.250000
v -0.433013 0.875000 0.250000
v -0.250000 0.875000 0.433013
v -0.000000 0.875000 0.500000
v 0.250000 0.875000 0.433013
v 0.433013 0.875000 0.250000
v 0.433013 0.875000 -0.250000
v 0.250000 0.875000 -0.433012
v -0.500000 2.906250 0.187500
v -0.500000 2.968750 0.187500
v 0.250000 2.906250 0.187500
v 0.250000 2.968750 0.187500
v -0.500000 2.906250 1.000000
v -0.500000 2.968750 1.000000
v 0.250000 2.906250 1.000000
v 0.250000 2.968750 1.000000
v 0.250000 1.968750 1.000000
v 0.250000 1.906250 1.000000
v -0.500000 1.968750 1.000000
v -0.500000 1.906250 1.000000
v 0.250000 1.968750 0.187500
v 0.250000 1.906250 0.187500
v -0.500000 1.968750 0.187500
v -0.500000 1.906250 0.187500
v 0.441942 1.437500 -0.530330
v 0.454886 1.393306 -0.517386
v 0.220971 1.437500 -0.397748
v 0.309359 1.437500 -0.486136
v 0.246859 1.349112 -0.371859
v 0.335248 1.349112 -0.460248
v 0.309359 1.312500 -0.309359
v 0.397748 1.312500 -0.397748
v 0.371859 1.349112 -0.246859
v 0.460248 1.349112 -0.335248
v 0.397748 1.437500 -0.220971
v 0.486136 1.437500 -0.309359
v 0.371859 1.525888 -0.246859
v 0.460248 1.525888 -0.335248
v 0.309359 1.562500 -0.309359
v 0.397748 1.562500 -0.397748
v 0.246859 1.525888 -0.371859
v 0.335248 1.525888 -0.460248
v 0.486136 1.375000 -0.486136
v 0.517386 1.393306 -0.454886
v 0.530330 1.437500 -0.441942
v 0.517386 1.481694 -0.454886
v 0.486136 1.500000 -0.486136
v 0.454886 1.481694 -0.517386
v 0.441942 2.437500 -0.530330
v 0.454886 2.393306 -0.517386
v 0.220971 2.437500 -0.397748
v 0.309359 2.437500 -0.486136
v 0.246859 2.349112 -0.371859
v 0.335248 2.349112 -0.460248
v 0.309359 2.312500 -0.309359
v 0.397748 2.312500 -0.397748
v 0.371859 2.349112 -0.246859
v 0.460248 2.349112 -0.335248
v 0.397748 2.437500 -0.220971
v 0.486136 2.437500 -0.309359
v 0.371859 2.525888 -0.246859
v 0.460248 2.525888 -0.335248
v 0.309359 2.562500 -0.309359
v 0.397748 2.562500 -0.397748
v 0.246859 2.525888 -0.371859
v 0.335248 2.525888 -0.460248
v 0.486136 2.375000 -0.486136
v 0.517386 2.393306 -0.454886
v 0.530330 2.437500 -0.441942
v 0.517386 2.481694 -0.454886
v 0.486136 2.500000 -0.486136
v 0.454886 2.481694 -0.517386
v 0.441942 3.437500 -0.530330
v 0.454886 3.393306 -0.517386
v 0.220971 3.437500 -0.397748
v 0.309359 3.437500 -0.486136
v 0.246859 3.349112 -0.371859
v 0.335248 3.349112 -0.460248
v 0.309359 3.312500 -0.309359
v 0.397748 3.312500 -0.397748
v 0.371859 3.349112 -0.246859
v 0.460248 3.349112 -0.335248
v 0.397748 3.437500 -0.220971
v 0.486136 3.437500 -0.309359
v 0.371859 3.525888 -0.246859
v 0.460248 3.525888 -0.335248
v 0.309359 3.562500 -0.309359
v 0.397748 3.562500 -0.397748
v 0.246859 3.525888 -0.371859
v 0.335248 3.525888 -0.460248
v 0.486136 3.375000 -0.486136
v 0.517386 3.393306 -0.454886
v 0.530330 3.437500 -0.441942
v 0.517386 3.481694 -0.454886
v 0.486136 3.500000 -0.486136
v 0.454886 3.481694 -0.517386
v 0.441942 4.437500 -0.530330
v 0.454886 4.393306 -0.517386
v 0.220971 4.437500 -0.397748
v 0.309359 4.437500 -0.486136
v 0.246859 4.349112 -0.371859
v 0.335248 4.349112 -0.460248
v 0.309359 4.312500 -0.309359
v 0.397748 4.312500 -0.397748
v 0.371859 4.349112 -0.246859
v 0.460248 4.349112 -0.335248
v 0.397748 4.437500 -0.220971
v 0.486136 4.437500 -0.309359
v 0.371859 4.525888 -0.246859
v 0.460248 4.525888 -0.335248
v 0.309359 4.562500 -0.309359
v 0.397748 4.562500 -0.397748
v 0.246859 4.525888 -0.371859
v 0.335248 4.525888 -0.460248
v 0.486136 4.375000 -0.486136
v 0.517386 4.393306 -0.454886
v 0.530330 4.437500 -0.441942
v 0.517386 4.481694 -0.454886
v 0.486136 4.500000 -0.486136
v 0.454886 4.481694 -0.517386
v 0.281250 3.000000 -0.487139
v 0.487139 3.000000 -0.281250
v -0.487139 3.000000 -0.281250
v -0.281250 3.000000 -0.487139
v 0.281250 2.875000 -0.487139
v 0.487139 2.875000 -0.281250
v -0.487139 2.875000 -0.281250
v -0.281250 2.875000 -0.487139
v -0.140625 2.875000 -0.524820
v -0.524820 2.875000 -0.140625
v 0.524820 2.875000 -0.140625
v 0.140625 2.875000 -0.524820
v -0.140625 3.000000 -0.524820
v -0.524820 3.000000 -0.140625
v 0.524820 3.000000 -0.140625
v 0.140625 3.000000 -0.524820
v 0.140625 2.000000 -0.524820
v 0.524820 2.000000 -0.140625
v -0.524820 2.000000 -0.140625
v -0.140625 2.000000 -0.524820
v 0.140625 1.875000 -0.524820
v 0.524820 1.875000 -0.140625
v -0.524820 1.875000 -0.140625
v -0.140625 1.875000 -0.524820
v -0.281250 1.875000 -0.487139
v -0.487139 1.875000 -0.281250
v 0.487139 1.875000 -0.281250
v 0.281250 1.875000 -0.487139
v -0.281250 2.000000 -0.487139
v -0.487139 2.000000 -0.281250
v 0.487139 2.000000 -0.281250
v 0.281250 2.000000 -0.487139
v 0.281250 4.000000 -0.487139
v 0.487139 4.000000 -0.281250
v -0.487139 4.000000 -0.281250
v -0.281250 4.000000 -0.487139
v 0.281250 3.875000 -0.487139
v 0.487139 3.875000 -0.281250
v -0.487139 3.875000 -0.281250
v -0.281250 3.875000 -0.487139
v -0.140625 3.875000 -0.524820
v -0.524820 3.875000 -0.140625
v 0.524820 3.875000 -0.140625
v 0.140625 3.875000 -0.524820
v -0.140625 4.000000 -0.524820
v -0.524820 4.000000 -0.140625
v 0.524820 4.000000 -0.140625
v 0.140625 4.000000 -0.524820
v 0.140625 5.000000 -0.524820
v 0.524820 5.000000 -0.140625
v -0.524820 5.000000 -0.140625
v -0.140625 5.000000 -0.524820
v 0.140625 4.875000 -0.524820
v 0.524820 4.875000 -0.140625
v -0.524820 4.875000 -0.140625
v -0.140625 4.875000 -0.524820
v -0.281250 4.875000 -0.487139
v -0.487139 4.875000 -0.281250
v 0.487139 4.875000 -0.281250
v 0.281250 4.875000 -0.487139
v -0.281250 5.000000 -0.487139
v -0.487139 5.000000 -0.281250
v 0.487139 5.000000 -0.281250
v 0.281250 5.000000 -0.487139
v 0.140625 1.000000 -0.524820
v 0.524820 1.000000 -0.140625
v -0.524820 1.000000 -0.140625
v -0.140625 1.000000 -0.524820
v 0.140625 0.875000 -0.524820
v 0.524820 0.875000 -0.140625
v -0.524820 0.875000 -0.140625
v -0.140625 0.875000 -0.524820
v -0.281250 0.875000 -0.487139
v -0.487139 0.875000 -0.281250
v 0.487139 0.875000 -0.281250
v 0.281250 0.875000 -0.487139
v -0.281250 1.000000 -0.487139
v -0.487139 1.000000 -0.281250
v 0.487139 1.000000 -0.281250
v 0.281250 1.000000 -0.487139
v -0.466506 1.875000 -0.125000
v -0.125000 1.875000 -0.466506
v -0.466506 2.000000 -0.125000
v -0.125000 2.000000 -0.466506
v -0.140625 2.875000 -0.524820
v -0.524820 2.875000 -0.140625
v -0.140625 3.000000 -0.524820
v -0.524820 3.000000 -0.140625
v -0.125000 3.000000 -0.466506
v -0.466506 3.000000 -0.125000
v -0.125000 2.875000 -0.466506
v -0.466506 2.875000 -0.125000
v -0.524820 2.000000 -0.140625
v -0.140625 2.000000 -0.524820
v -0.524820 1.875000 -0.140625
v -0.140625 1.875000 -0.524820
v -0.140625 3.875000 -0.524820
v -0.524820 3.875000 -0.140625
v -0.140625 4.000000 -0.524820
v -0.524820 4.000000 -0.140625
v -0.125000 4.875000 -0.466506
v -0.125000 5.000000 -0.466506
v -0.140625 5.000000 -0.524820
v -0.140625 4.875000 -0.524820
v -0.125000 4.000000 -0.466506
v -0.466506 4.000000 -0.125000
v -0.125000 3.875000 -0.466506
v -0.466506 3.875000 -0.125000
v -0.466506 0.875000 -0.125000
v -0.125000 0.875000 -0.466506
v -0.466506 1.000000 -0.125000
v -0.125000 1.000000 -0.466506
v -0.524820 1.000000 -0.140625
v -0.140625 1.000000 -0.524820
v -0.524820 0.875000 -0.140625
v -0.140625 0.875000 -0.524820
v 0.125000 1.875000 -0.466506
v 0.466506 1.875000 -0.125000
v 0.125000 2.000000 -0.466506
v 0.466506 2.000000 -0.125000
v 0.524820 2.875000 -0.140625
v 0.140625 2.875000 -0.524820
v 0.524820 3.000000 -0.140625
v 0.140625 3.000000 -0.524820
v 0.466506 3.000000 -0.125000
v 0.125000 3.000000 -0.466506
v 0.466506 2.875000 -0.125000
v 0.125000 2.875000 -0.466506
v 0.140625 2.000000 -0.524820
v 0.524820 2.000000 -0.140625
v 0.140625 1.875000 -0.524820
v 0.524820 1.875000 -0.140625
v 0.524820 3.875000 -0.140625
v 0.140625 3.875000 -0.524820
v 0.524820 4.000000 -0.140625
v 0.140625 4.000000 -0.524820
v 0.466506 4.000000 -0.125000
v 0.125000 4.000000 -0.466506
v 0.466506 3.875000 -0.125000
v 0.125000 3.875000 -0.466506
v 0.125000 0.875000 -0.466506
v 0.466506 0.875000 -0.125000
v 0.125000 1.000000 -0.466506
v 0.466506 1.000000 -0.125000
v 0.140625 1.000000 -0.524820
v 0.524820 1.000000 -0.140625
v 0.140625 0.875000 -0.524820
v 0.524820 0.875000 -0.140625
v 0.125000 4.875000 -0.466506
v 0.466506 4.875000 -0.125000
v 0.125000 5.000000 -0.466506
v 0.466506 5.000000 -0.125000
v 0.140625 5.000000 -0.524820
v 0.524820 5.000000 -0.140625
v 0.140625 4.875000 -0.524820
v 0.524820 4.875000 -0.140625
v 0.466506 1.875000 0.125000
v -0.466506 1.875000 0.125000
v 0.466506 2.000000 0.125000
v -0.466506 2.000000 0.125000
v -0.524820 2.875000 0.140625
v 0.524820 2.875000 0.140625
v -0.524820 3.000000 0.140625
v 0.524820 3.000000 0.140625
v -0.466506 3.000000 0.125000
v 0.466506 3.000000 0.125000
v -0.466506 2.875000 0.125000
v 0.466506 2.875000 0.125000
v 0.524820 2.000000 0.140625
v -0.524820 2.000000 0.140625
v 0.524820 1.875000 0.140625
v -0.524820 1.875000 0.140625
v -0.524820 3.875000 0.140625
v 0.524820 3.875000 0.140625
v -0.524820 4.000000 0.140625
v 0.524820 4.000000 0.140625
v 0.466506 4.875000 0.125000
v -0.466506 4.875000 0.125000
v 0.466506 5.000000 0.125000
v -0.466506 5.000000 0.125000
v 0.524820 5.000000 0.140625
v -0.524820 5.000000 0.140625
v 0.524820 4.875000 0.140625
v -0.524820 4.875000 0.140625
v -0.466506 4.000000 0.125000
v 0.466506 4.000000 0.125000
v -0.466506 3.875000 0.125000
v 0.466506 3.875000 0.125000
v 0.466506 0.875000 0.125000
v -0.466506 0.875000 0.125000
v 0.466506 1.000000 0.125000
v -0.466506 1.000000 0.125000
v 0.524820 1.000000 0.140625
v -0.524820 1.000000 0.140625
v 0.524820 0.875000 0.140625
v -0.524820 0.875000 0.140625
v 0.487139 3.000000 0.281250
v 0.281250 3.000000 0.487139
v -0.000000 3.000000 0.562500
v -0.281250 3.000000 0.487139
v -0.487139 3.000000 0.281250
v 0.487139 2.875000 0.281250
v 0.281250 2.875000 0.487139
v -0.000000 2.875000 0.562500
v -0.281250 2.875000 0.487139
v -0.487139 2.875000 0.281250
v -0.524820 2.875000 0.140625
v 0.524820 2.875000 0.140625
v -0.524820 3.000000 0.140625
v 0.524820 3.000000 0.140625
v 0.524820 2.000000 0.140625
v -0.524820 2.000000 0.140625
v 0.524820 1.875000 0.140625
v -0.524820 1.875000 0.140625
v -0.487139 1.875000 0.281250
v -0.281250 1.875000 0.487139
v -0.000000 1.875000 0.562500
v 0.281250 1.875000 0.487139
v 0.487139 1.875000 0.281250
v -0.487139 2.000000 0.281250
v -0.281250 2.000000 0.487139
v -0.000000 2.000000 0.562500
v 0.281250 2.000000 0.487139
v 0.487139 2.000000 0.281250
v 0.487139 4.000000 0.281250
v 0.281250 4.000000 0.487139
v -0.000000 4.000000 0.562500
v -0.281250 4.000000 0.487139
v -0.487139 4.000000 0.281250
v 0.487139 3.875000 0.281250
v 0.281250 3.875000 0.487139
v -0.000000 3.875000 0.562500
v -0.281250 3.875000 0.487139
v -0.487139 3.875000 0.281250
v -0.524820 3.875000 0.140625
v 0.524820 3.875000 0.140625
v -0.524820 4.000000 0.140625
v 0.524820 4.000000 0.140625
v 0.524820 5.000000 0.140625
v -0.524820 5.000000 0.140625
v 0.524820 4.875000 0.140625
v -0.524820 4.875000 0.140625
v -0.487139 4.875000 0.281250
v -0.281250 4.875000 0.487139
v -0.000000 4.875000 0.562500
v 0.281250 4.875000 0.487139
v 0.487139 4.875000 0.281250
v -0.487139 5.000000 0.281250
v -0.281250 5.000000 0.487139
v -0.000000 5.000000 0.562500
v 0.281250 5.000000 0.487139
v 0.487139 5.000000 0.281250
v 0.524820 1.000000 0.140625
v -0.524820 1.000000 0.140625
v 0.524820 0.875000 0.140625
v -0.524820 0.875000 0.140625
v -0.487139 0.875000 0.281250
v -0.281250 0.875000 0.487139
v -0.000000 0.875000 0.562500
v 0.281250 0.875000 0.487139
v 0.487139 0.875000 0.281250
v -0.487139 1.000000 0.281250
v -0.281250 1.000000 0.487139
v -0.000000 1.000000 0.562500
v 0.281250 1.000000 0.487139
v 0.487139 1.000000 0.281250
v 0.441942 1.437500 -0.530330
v 0.454886 1.393306 -0.517386
v 0.309359 1.437500 -0.486136
v 0.335248 1.349112 -0.460248
v 0.397748 1.312500 -0.397748
v 0.460248 1.349112 -0.335248
v 0.486136 1.437500 -0.309359
v 0.460248 1.525888 -0.335248
v 0.397748 1.562500 -0.397748
v 0.335248 1.525888 -0.460248
v 0.486136 1.375000 -0.486136
v 0.517386 1.393306 -0.454886
v 0.530330 1.437500 -0.441942
v 0.517386 1.481694 -0.454886
v 0.486136 1.500000 -0.486136
v 0.454886 1.481694 -0.517386
v 0.441942 2.437500 -0.530330
v 0.454886 2.393306 -0.517386
v 0.309359 2.437500 -0.486136
v 0.335248 2.349112 -0.460248
v 0.397748 2.312500 -0.397748
v 0.460248 2.349112 -0.335248
v 0.486136 2.437500 -0.309359
v 0.460248 2.525888 -0.335248
v 0.397748 2.562500 -0.397748
v 0.335248 2.525888 -0.460248
v 0.486136 2.375000 -0.486136
v 0.517386 2.393306 -0.454886
v 0.530330 2.437500 -0.441942
v 0.517386 2.481694 -0.454886
v 0.486136 2.500000 -0.486136
v 0.454886 2.481694 -0.517386
v 0.441942 3.437500 -0.530330
v 0.454886 3.393306 -0.517386
v 0.309359 3.437500 -0.486136
v 0.335248 3.349112 -0.460248
v 0.397748 3.312500 -0.397748
v 0.460248 3.349112 -0.335248
v 0.486136 3.437500 -0.309359
v 0.460248 3.525888 -0.335248
v 0.397748 3.562500 -0.397748
v 0.335248 3.525888 -0.460248
v 0.486136 3.375000 -0.486136
v 0.517386 3.393306 -0.454886
v 0.530330 3.437500 -0.441942
v 0.517386 3.481694 -0.454886
v 0.486136 3.500000 -0.486136
v 0.454886 3.481694 -0.517386
v 0.441942 4.437500 -0.530330
v 0.454886 4.393306 -0.517386
v 0.309359 4.437500 -0.486136
v 0.335248 4.349112 -0.460248
v 0.397748 4.312500 -0.397748
v 0.460248 4.349112 -0.335248
v 0.486136 4.437500 -0.309359
v 0.460248 4.525888 -0.335248
v 0.397748 4.562500 -0.397748
v 0.335248 4.525888 -0.460248
v 0.486136 4.375000 -0.486136
v 0.517386 4.393306 -0.454886
v 0.530330 4.437500 -0.441942
v 0.517386 4.481694 -0.454886
v 0.486136 4.500000 -0.486136
v 0.454886 4.481694 -0.517386
v 0.000000 5.000000 -0.500000
v -0.250000 5.000000 -0.433013
v -0.433013 5.000000 -0.250000
v -0.500000 5.000000 0.000000
v -0.433013 5.000000 0.250000
v -0.250000 5.000000 0.433013
v -0.000000 5.000000 0.500000
v 0.250000 5.000000 0.433013
v 0.433013 5.000000 0.250000
v 0.500000 5.000000 0.000000
v 0.433013 5.000000 -0.250000
v 0.250000 5.000000 -0.433013
vt 0.612500 0.721519
vt 0.562500 0.873418
vt 0.562500 0.721519
vt 0.625000 0.721519
vt 0.612500 0.873418
vt 0.675000 0.721519
vt 0.625000 0.873418
vt 0.687500 0.721519
vt 0.675000 0.873418
vt 0.987500 0.898734
vt 0.912500 0.949367
vt 0.887500 0.797468
vt 0.912500 0.721519
vt 0.887500 0.746835
vt 0.887500 0.721519
vt 0.962500 0.721519
vt 0.912500 0.746835
vt 0.812500 0.721519
vt 0.762500 0.746835
vt 0.762500 0.721519
vt 0.987500 0.721519
vt 0.962500 0.746835
vt 0.837500 0.721519
vt 0.812500 0.746835
vt 0.737500 0.721519
vt 0.687500 0.746835
vt 0.687500 0.721519
vt 0.837500 0.746835
vt 0.912500 0.518987
vt 0.987500 0.569620
vt 0.962500 0.721519
vt 0.987500 0.898734
vt 0.912500 0.949367
vt 0.887500 0.797468
vt 0.912500 0.721519
vt 0.887500 0.746835
vt 0.887500 0.721519
vt 0.762500 0.721519
vt 0.737500 0.746835
vt 0.737500 0.721519
vt 0.837500 0.746835
vt 0.837500 0.721519
vt 0.687500 0.746835
vt 0.687500 0.721519
vt 0.812500 0.746835
vt 0.812500 0.721519
vt 0.987500 0.721519
vt 0.962500 0.746835
vt 0.762500 0.746835
vt 0.912500 0.746835
vt 0.737500 0.746835
vt 0.912500 0.518987
vt 0.987500 0.569620
vt 0.687500 0.721519
vt 0.675000 0.873418
vt 0.675000 0.721519
vt 0.625000 0.873418
vt 0.625000 0.721519
vt 0.612500 0.873418
vt 0.612500 0.721519
vt 0.562500 0.873418
vt 0.562500 0.721519
vt 0.850287 0.433019
vt 0.882266 0.415664
vt 0.873697 0.480431
vt 0.687500 0.873418
vt 0.987500 0.797468
vt 0.962500 0.949367
vt 0.887500 0.898734
vt 0.987500 0.746835
vt 0.887500 0.670886
vt 0.887500 0.569620
vt 0.962500 0.518987
vt 0.987500 0.670886
vt 0.987500 0.797468
vt 0.962500 0.949367
vt 0.887500 0.898734
vt 0.987500 0.746835
vt 0.887500 0.670886
vt 0.887500 0.569620
vt 0.962500 0.518987
vt 0.987500 0.670886
vt 0.687500 0.873418
vt 0.863803 0.480431
vt 0.855234 0.470412
vt 0.850287 0.453057
vt 0.855234 0.415664
vt 0.863803 0.405645
vt 0.873697 0.405645
vt 0.887213 0.433019
vt 0.887213 0.453057
vt 0.882266 0.470412
vt 0.568750 0.506329
vt 0.562500 0.518987
vt 0.562500 0.506329
vt 0.568750 0.620253
vt 0.562500 0.632911
vt 0.562500 0.620253
vt 0.568750 0.556962
vt 0.562500 0.569620
vt 0.562500 0.556962
vt 0.568750 0.582278
vt 0.562500 0.594937
vt 0.562500 0.582278
vt 0.568750 0.518987
vt 0.562500 0.531646
vt 0.568750 0.632911
vt 0.562500 0.645570
vt 0.568750 0.569620
vt 0.568750 0.594937
vt 0.562500 0.607595
vt 0.568750 0.531646
vt 0.562500 0.544304
vt 0.568750 0.645570
vt 0.562500 0.658228
vt 0.568750 0.607595
vt 0.568750 0.544304
vt 0.568750 0.506329
vt 0.562500 0.518987
vt 0.562500 0.506329
vt 0.568750 0.620253
vt 0.562500 0.632911
vt 0.562500 0.620253
vt 0.568750 0.556962
vt 0.562500 0.569620
vt 0.562500 0.556962
vt 0.568750 0.582278
vt 0.562500 0.594937
vt 0.562500 0.582278
vt 0.568750 0.518987
vt 0.562500 0.531646
vt 0.568750 0.632911
vt 0.562500 0.645570
vt 0.568750 0.569620
vt 0.568750 0.594937
vt 0.562500 0.607595
vt 0.568750 0.531646
vt 0.562500 0.544304
vt 0.568750 0.645570
vt 0.562500 0.658228
vt 0.568750 0.607595
vt 0.568750 0.544304
vt 0.568750 0.506329
vt 0.562500 0.518987
vt 0.562500 0.506329
vt 0.568750 0.620253
vt 0.562500 0.632911
vt 0.562500 0.620253
vt 0.568750 0.556962
vt 0.562500 0.569620
vt 0.562500 0.556962
vt 0.568750 0.582278
vt 0.562500 0.594937
vt 0.562500 0.582278
vt 0.568750 0.518987
vt 0.562500 0.531646
vt 0.568750 0.632911
vt 0.562500 0.645570
vt 0.568750 0.569620
vt 0.568750 0.594937
vt 0.562500 0.607595
vt 0.568750 0.531646
vt 0.562500 0.544304
vt 0.568750 0.645570
vt 0.562500 0.658228
vt 0.568750 0.607595
vt 0.568750 0.544304
vt 0.562500 0.658228
vt 0.568750 0.645570
vt 0.568750 0.658228
vt 0.562500 0.544304
vt 0.568750 0.531646
vt 0.568750 0.544304
vt 0.562500 0.607595
vt 0.568750 0.594937
vt 0.568750 0.607595
vt 0.562500 0.582278
vt 0.568750 0.569620
vt 0.568750 0.582278
vt 0.562500 0.645570
vt 0.568750 0.632911
vt 0.562500 0.531646
vt 0.568750 0.518987
vt 0.562500 0.594937
vt 0.562500 0.569620
vt 0.568750 0.556962
vt 0.562500 0.632911
vt 0.568750 0.620253
vt 0.562500 0.518987
vt 0.568750 0.506329
vt 0.562500 0.556962
vt 0.562500 0.620253
vt 0.568750 0.506329
vt 0.562500 0.518987
vt 0.562500 0.506329
vt 0.568750 0.620253
vt 0.562500 0.632911
vt 0.562500 0.620253
vt 0.568750 0.556962
vt 0.562500 0.569620
vt 0.562500 0.556962
vt 0.568750 0.582278
vt 0.562500 0.594937
vt 0.562500 0.582278
vt 0.568750 0.518987
vt 0.562500 0.531646
vt 0.568750 0.632911
vt 0.562500 0.645570
vt 0.568750 0.569620
vt 0.568750 0.594937
vt 0.562500 0.607595
vt 0.568750 0.531646
vt 0.562500 0.544304
vt 0.568750 0.645570
vt 0.562500 0.658228
vt 0.568750 0.607595
vt 0.568750 0.544304
vt 0.568750 0.506329
vt 0.562500 0.518987
vt 0.562500 0.506329
vt 0.568750 0.620253
vt 0.562500 0.632911
vt 0.562500 0.620253
vt 0.568750 0.556962
vt 0.562500 0.569620
vt 0.562500 0.556962
vt 0.568750 0.582278
vt 0.562500 0.594937
vt 0.562500 0.582278
vt 0.568750 0.518987
vt 0.562500 0.531646
vt 0.568750 0.632911
vt 0.562500 0.645570
vt 0.568750 0.569620
vt 0.568750 0.594937
vt 0.562500 0.607595
vt 0.568750 0.531646
vt 0.562500 0.544304
vt 0.568750 0.645570
vt 0.562500 0.658228
vt 0.568750 0.607595
vt 0.568750 0.544304
vt 0.562500 0.658228
vt 0.568750 0.645570
vt 0.568750 0.658228
vt 0.562500 0.544304
vt 0.568750 0.531646
vt 0.568750 0.544304
vt 0.562500 0.607595
vt 0.568750 0.594937
vt 0.568750 0.607595
vt 0.562500 0.582278
vt 0.568750 0.569620
vt 0.568750 0.582278
vt 0.562500 0.645570
vt 0.568750 0.632911
vt 0.562500 0.531646
vt 0.568750 0.518987
vt 0.562500 0.594937
vt 0.562500 0.569620
vt 0.568750 0.556962
vt 0.562500 0.632911
vt 0.568750 0.620253
vt 0.562500 0.518987
vt 0.568750 0.506329
vt 0.562500 0.556962
vt 0.562500 0.620253
vt 0.568750 0.506329
vt 0.562500 0.518987
vt 0.562500 0.506329
vt 0.568750 0.620253
vt 0.562500 0.632911
vt 0.562500 0.620253
vt 0.568750 0.556962
vt 0.562500 0.569620
vt 0.562500 0.556962
vt 0.568750 0.582278
vt 0.562500 0.594937
vt 0.562500 0.582278
vt 0.568750 0.518987
vt 0.562500 0.531646
vt 0.568750 0.632911
vt 0.562500 0.645570
vt 0.568750 0.569620
vt 0.568750 0.594937
vt 0.562500 0.607595
vt 0.568750 0.531646
vt 0.562500 0.544304
vt 0.568750 0.645570
vt 0.562500 0.658228
vt 0.568750 0.607595
vt 0.568750 0.544304
vt 0.568750 0.506329
vt 0.562500 0.518987
vt 0.562500 0.506329
vt 0.568750 0.620253
vt 0.562500 0.632911
vt 0.562500 0.620253
vt 0.568750 0.556962
vt 0.562500 0.569620
vt 0.562500 0.556962
vt 0.568750 0.582278
vt 0.562500 0.594937
vt 0.562500 0.582278
vt 0.568750 0.518987
vt 0.562500 0.531646
vt 0.568750 0.632911
vt 0.562500 0.645570
vt 0.568750 0.569620
vt 0.568750 0.594937
vt 0.562500 0.607595
vt 0.568750 0.531646
vt 0.562500 0.544304
vt 0.568750 0.645570
vt 0.562500 0.658228
vt 0.568750 0.607595
vt 0.568750 0.544304
vt 0.568750 0.506329
vt 0.562500 0.518987
vt 0.562500 0.506329
vt 0.568750 0.620253
vt 0.562500 0.632911
vt 0.562500 0.620253
vt 0.568750 0.556962
vt 0.562500 0.569620
vt 0.562500 0.556962
vt 0.568750 0.582278
vt 0.562500 0.594937
vt 0.562500 0.582278
vt 0.568750 0.518987
vt 0.562500 0.531646
vt 0.568750 0.632911
vt 0.562500 0.645570
vt 0.568750 0.569620
vt 0.568750 0.594937
vt 0.562500 0.607595
vt 0.568750 0.531646
vt 0.562500 0.544304
vt 0.568750 0.645570
vt 0.562500 0.658228
vt 0.568750 0.607595
vt 0.568750 0.544304
vt 0.568750 0.506329
vt 0.562500 0.518987
vt 0.562500 0.506329
vt 0.568750 0.620253
vt 0.562500 0.632911
vt 0.562500 0.620253
vt 0.568750 0.556962
vt 0.562500 0.569620
vt 0.562500 0.556962
vt 0.568750 0.582278
vt 0.562500 0.594937
vt 0.562500 0.582278
vt 0.568750 0.518987
vt 0.562500 0.531646
vt 0.568750 0.632911
vt 0.562500 0.645570
vt 0.568750 0.569620
vt 0.568750 0.594937
vt 0.562500 0.607595
vt 0.568750 0.531646
vt 0.562500 0.544304
vt 0.568750 0.645570
vt 0.562500 0.658228
vt 0.568750 0.607595
vt 0.568750 0.544304
vt 0.568750 0.506329
vt 0.562500 0.518987
vt 0.562500 0.506329
vt 0.568750 0.620253
vt 0.562500 0.632911
vt 0.562500 0.620253
vt 0.568750 0.556962
vt 0.562500 0.569620
vt 0.562500 0.556962
vt 0.568750 0.582278
vt 0.562500 0.594937
vt 0.562500 0.582278
vt 0.568750 0.518987
vt 0.562500 0.531646
vt 0.568750 0.632911
vt 0.562500 0.645570
vt 0.568750 0.569620
vt 0.568750 0.594937
vt 0.562500 0.607595
vt 0.568750 0.531646
vt 0.562500 0.544304
vt 0.568750 0.645570
vt 0.562500 0.658228
vt 0.568750 0.607595
vt 0.568750 0.544304
vt 0.718750 0.405063
vt 0.700000 0.455696
vt 0.700000 0.405063
vt 0.775000 0.405063
vt 0.756250 0.455696
vt 0.756250 0.405063
vt 0.718750 0.405063
vt 0.700000 0.455696
vt 0.700000 0.405063
vt 0.737500 0.405063
vt 0.718750 0.455696
vt 0.775000 0.405063
vt 0.756250 0.455696
vt 0.756250 0.405063
vt 0.793750 0.405063
vt 0.775000 0.455696
vt 0.737500 0.405063
vt 0.718750 0.455696
vt 0.737500 0.455696
vt 0.793750 0.405063
vt 0.775000 0.455696
vt 0.812500 0.405063
vt 0.793750 0.455696
vt 0.737500 0.455696
vt 0.812500 0.405063
vt 0.793750 0.455696
vt 0.787500 0.518987
vt 0.775000 0.620253
vt 0.775000 0.518987
vt 0.731250 0.518987
vt 0.718750 0.620253
vt 0.718750 0.518987
vt 0.750000 0.518987
vt 0.737500 0.620253
vt 0.737500 0.518987
vt 0.787500 0.518987
vt 0.775000 0.620253
vt 0.775000 0.518987
vt 0.806250 0.518987
vt 0.793750 0.620253
vt 0.793750 0.518987
vt 0.750000 0.518987
vt 0.737500 0.620253
vt 0.737500 0.518987
vt 0.806250 0.518987
vt 0.793750 0.620253
vt 0.793750 0.518987
vt 0.712500 0.518987
vt 0.700000 0.620253
vt 0.700000 0.518987
vt 0.768750 0.518987
vt 0.756250 0.620253
vt 0.756250 0.518987
vt 0.712500 0.518987
vt 0.700000 0.620253
vt 0.700000 0.518987
vt 0.731250 0.518987
vt 0.718750 0.620253
vt 0.718750 0.518987
vt 0.768750 0.518987
vt 0.756250 0.620253
vt 0.756250 0.518987
vt 0.775000 0.455696
vt 0.787500 0.518987
vt 0.775000 0.518987
vt 0.812500 0.455696
vt 0.793750 0.518987
vt 0.793750 0.455696
vt 0.718750 0.455696
vt 0.700000 0.518987
vt 0.700000 0.455696
vt 0.731250 0.518987
vt 0.718750 0.518987
vt 0.756250 0.455696
vt 0.737500 0.518987
vt 0.737500 0.455696
vt 0.775000 0.455696
vt 0.756250 0.518987
vt 0.793750 0.455696
vt 0.775000 0.518987
vt 0.812500 0.455696
vt 0.793750 0.518987
vt 0.718750 0.455696
vt 0.700000 0.518987
vt 0.700000 0.455696
vt 0.731250 0.518987
vt 0.718750 0.518987
vt 0.756250 0.455696
vt 0.737500 0.518987
vt 0.737500 0.455696
vt 0.768750 0.518987
vt 0.756250 0.518987
vt 0.568750 0.658228
vt 0.568750 0.658228
vt 0.568750 0.658228
vt 0.562500 0.506329
vt 0.568750 0.658228
vt 0.568750 0.658228
vt 0.562500 0.506329
vt 0.568750 0.658228
vt 0.568750 0.658228
vt 0.568750 0.658228
vt 0.568750 0.658228
vt 0.568750 0.658228
vt 0.812500 0.455696
vt 0.812500 0.455696
vt 0.787500 0.620253
vt 0.731250 0.620253
vt 0.750000 0.620253
vt 0.787500 0.620253
vt 0.806250 0.620253
vt 0.750000 0.620253
vt 0.806250 0.620253
vt 0.712500 0.620253
vt 0.768750 0.620253
vt 0.712500 0.620253
vt 0.731250 0.620253
vt 0.768750 0.620253
vt 0.806250 0.518987
vt 0.712500 0.518987
vt 0.750000 0.518987
vt 0.768750 0.518987
vt 0.787500 0.518987
vt 0.806250 0.518987
vt 0.712500 0.518987
vt 0.750000 0.518987
vt 1.000000 0.405063
vt 0.993750 0.202532
vt 1.000000 0.202532
vt 0.912500 0.202532
vt 0.918750 0.405063
vt 0.912500 0.405063
vt 0.850000 0.405063
vt 0.843750 0.202532
vt 0.850000 0.202532
vt 0.762500 0.202532
vt 0.768750 0.405063
vt 0.762500 0.405063
vt 0.700000 0.202532
vt 0.987500 0.202532
vt 0.925000 0.405063
vt 0.925000 0.202532
vt 0.775000 0.405063
vt 0.837500 0.202532
vt 0.837500 0.405063
vt 0.843750 0.405063
vt 0.775000 0.202532
vt 0.768750 0.202532
vt 0.987500 0.405063
vt 0.993750 0.405063
vt 0.918750 0.202532
vt 0.700000 0.405063
vt 1.000000 0.202532
vt 0.975000 -0.000000
vt 1.000000 -0.000000
vt 0.975000 0.202532
vt 0.950000 0.000000
vt 0.950000 0.202532
vt 0.925000 0.000000
vt 0.925000 0.202532
vt 0.900000 0.000000
vt 0.900000 0.202532
vt 0.875000 0.000000
vt 0.875000 0.202532
vt 0.850000 0.000000
vt 0.850000 0.202532
vt 0.825000 0.000000
vt 0.825000 0.202532
vt 0.800000 0.000000
vt 0.800000 0.202532
vt 0.775000 0.000000
vt 0.775000 0.202532
vt 0.750000 0.000000
vt 0.750000 0.202532
vt 0.725000 0.000000
vt 0.725000 0.202532
vt 0.700000 0.000000
vt 0.700000 0.202532
vt 0.593750 0.582278
vt 0.593750 0.556962
vt 0.600000 0.556962
vt 0.612500 0.556962
vt 0.600000 0.506329
vt 0.612500 0.506329
vt 0.625000 0.556962
vt 0.625000 0.506329
vt 0.581250 0.607595
vt 0.593750 0.607595
vt 0.587500 0.506329
vt 0.587500 0.556962
vt 0.618750 0.607595
vt 0.631250 0.582278
vt 0.631250 0.607595
vt 0.575000 0.607595
vt 0.581250 0.582278
vt 0.612500 0.481013
vt 0.600000 0.481013
vt 0.618750 0.582278
vt 0.637500 0.582278
vt 0.637500 0.607595
vt 0.600000 0.556962
vt 0.612500 0.556962
vt 0.618750 0.582278
vt 0.600000 0.506329
vt 0.612500 0.506329
vt 0.581250 0.607595
vt 0.593750 0.582278
vt 0.593750 0.607595
vt 0.631250 0.607595
vt 0.637500 0.582278
vt 0.637500 0.607595
vt 0.575000 0.607595
vt 0.581250 0.582278
vt 0.612500 0.481013
vt 0.600000 0.481013
vt 0.587500 0.506329
vt 0.587500 0.556962
vt 0.618750 0.607595
vt 0.631250 0.582278
vt 0.625000 0.556962
vt 0.625000 0.506329
vt 0.618750 0.556962
vt 0.575000 0.582278
vt 0.618750 0.556962
vt 0.593750 0.556962
vt 0.575000 0.582278
vt 0.237500 0.278481
vt 0.262500 0.430380
vt 0.237500 0.430380
vt 0.225000 0.202532
vt 0.237500 0.253165
vt 0.225000 0.253165
vt 0.087500 0.202532
vt 0.225000 0.455696
vt 0.087500 0.506329
vt 0.087500 0.455696
vt 0.237500 0.455696
vt 0.225000 0.506329
vt 0.062500 0.253165
vt 0.062500 0.455696
vt 0.087500 0.253165
vt 0.225000 -0.000000
vt 0.775000 0.822785
vt 0.737500 0.924051
vt 0.737500 0.772152
vt 0.850000 0.822785
vt 0.775000 0.746835
vt 0.850000 0.746835
vt 0.775000 0.924051
vt 0.050000 0.607595
vt 0.131250 0.506329
vt 0.125000 0.607595
vt 0.850000 1.000000
vt 0.775000 1.000000
vt 0.887500 0.924051
vt 0.850000 0.924051
vt 0.131250 0.772152
vt 0.043750 0.860759
vt 0.043750 0.772152
vt 0.050000 0.759494
vt 0.125000 0.759494
vt 0.175000 0.772152
vt 0.262500 0.506329
vt 0.262500 0.772152
vt 0.175000 0.506329
vt 0.000000 0.506329
vt 0.000000 0.772152
vt 0.568750 0.316456
vt 0.562500 0.164557
vt 0.568750 0.164557
vt 0.568750 -0.000000
vt 0.650000 0.151899
vt 0.568750 0.151899
vt 0.650000 0.164557
vt 0.650000 0.316456
vt 0.650000 0.329114
vt 0.568750 0.329114
vt 0.656250 0.430380
vt 0.625000 0.329114
vt 0.656250 0.329114
vt 0.625000 0.430380
vt 0.562500 0.329114
vt 0.656250 0.430380
vt 0.625000 0.329114
vt 0.656250 0.329114
vt 0.625000 0.430380
vt 0.562500 0.329114
vt 0.656250 0.430380
vt 0.625000 0.329114
vt 0.656250 0.329114
vt 0.625000 0.430380
vt 0.562500 0.329114
vt 0.700000 -0.000000
vt 0.656250 0.721519
vt 0.656250 -0.000000
vt 0.568750 0.316456
vt 0.650000 0.329114
vt 0.568750 0.329114
vt 0.568750 0.164557
vt 0.650000 0.316456
vt 0.568750 0.151899
vt 0.650000 0.164557
vt 0.568750 -0.000000
vt 0.650000 0.151899
vt 0.562500 0.164557
vt 0.568750 0.316456
vt 0.562500 0.164557
vt 0.568750 0.164557
vt 0.568750 -0.000000
vt 0.650000 0.151899
vt 0.568750 0.151899
vt 0.650000 0.164557
vt 0.650000 0.316456
vt 0.650000 0.329114
vt 0.568750 0.329114
vt 0.262146 0.846476
vt 0.248843 0.947024
vt 0.199197 0.973966
vt 0.262500 0.278481
vt 0.237500 0.202532
vt 0.237500 0.506329
vt 0.087500 -0.000000
vt 0.237500 0.025316
vt 0.237500 0.177215
vt 0.043750 0.506329
vt 0.887500 0.772152
vt 0.131250 0.860759
vt 0.562500 0.316456
vt 0.650000 -0.000000
vt 0.562500 0.430380
vt 0.562500 0.430380
vt 0.562500 0.430380
vt 0.700000 0.721519
vt 0.650000 -0.000000
vt 0.562500 0.316456
vt 0.562500 0.316456
vt 0.650000 -0.000000
vt 0.176157 0.947024
vt 0.162854 0.900360
vt 0.162854 0.846476
vt 0.176157 0.799811
vt 0.199197 0.772869
vt 0.225803 0.772869
vt 0.248843 0.799811
vt 0.262146 0.900360
vt 0.225803 0.973966
vt 0.312500 0.000000
vt 0.337500 0.936709
vt 0.312500 0.936709
vt 0.487500 0.000000
vt 0.512500 0.936709
vt 0.487500 0.936709
vt 0.412500 0.000000
vt 0.437500 0.936709
vt 0.412500 0.936709
vt 0.337500 0.000000
vt 0.362500 0.936709
vt 0.512500 0.000000
vt 0.537500 0.936709
vt 0.262500 0.000000
vt 0.287500 0.936709
vt 0.262500 0.936709
vt 0.437500 0.000000
vt 0.462500 0.936709
vt 0.362500 0.000000
vt 0.387500 0.936709
vt 0.537500 0.000000
vt 0.562500 0.936709
vt 0.287500 0.000000
vt 0.462500 0.000000
vt 0.387500 0.000000
vt 0.818750 0.632911
vt 0.793750 0.658228
vt 0.793750 0.632911
vt 0.587500 0.455696
vt 0.593750 0.481013
vt 0.587500 0.481013
vt 0.743750 0.632911
vt 0.718750 0.658228
vt 0.718750 0.632911
vt 0.831250 0.632911
vt 0.837500 0.658228
vt 0.831250 0.658228
vt 0.743750 0.670886
vt 0.756250 0.683544
vt 0.743750 0.683544
vt 0.768750 0.658228
vt 0.768750 0.632911
vt 0.700000 0.658228
vt 0.706250 0.632911
vt 0.706250 0.658228
vt 0.700000 0.708861
vt 0.706250 0.683544
vt 0.706250 0.708861
vt 0.756250 0.708861
vt 0.743750 0.721519
vt 0.743750 0.708861
vt 0.743750 0.670886
vt 0.756250 0.683544
vt 0.743750 0.683544
vt 0.818750 0.620253
vt 0.831250 0.632911
vt 0.818750 0.632911
vt 0.831250 0.632911
vt 0.837500 0.658228
vt 0.831250 0.658228
vt 0.818750 0.658228
vt 0.793750 0.670886
vt 0.793750 0.658228
vt 0.700000 0.658228
vt 0.706250 0.632911
vt 0.706250 0.658228
vt 0.706250 0.708861
vt 0.718750 0.721519
vt 0.706250 0.721519
vt 0.718750 0.708861
vt 0.743750 0.721519
vt 0.818750 0.620253
vt 0.831250 0.632911
vt 0.818750 0.632911
vt 0.706250 0.708861
vt 0.718750 0.721519
vt 0.706250 0.721519
vt 0.743750 0.708861
vt 0.718750 0.708861
vt 0.743750 0.670886
vt 0.756250 0.683544
vt 0.743750 0.683544
vt 0.706250 0.658228
vt 0.718750 0.670886
vt 0.706250 0.670886
vt 0.743750 0.658228
vt 0.718750 0.658228
vt 0.768750 0.658228
vt 0.743750 0.670886
vt 0.768750 0.670886
vt 0.768750 0.620253
vt 0.793750 0.632911
vt 0.768750 0.632911
vt 0.793750 0.620253
vt 0.818750 0.632911
vt 0.756250 0.708861
vt 0.743750 0.721519
vt 0.743750 0.708861
vt 0.706250 0.683544
vt 0.718750 0.670886
vt 0.718750 0.683544
vt 0.743750 0.670886
vt 0.743750 0.683544
vt 0.756250 0.683544
vt 0.762500 0.708861
vt 0.756250 0.708861
vt 0.706250 0.683544
vt 0.718750 0.670886
vt 0.718750 0.683544
vt 0.743750 0.683544
vt 0.756250 0.683544
vt 0.762500 0.708861
vt 0.756250 0.708861
vt 0.706250 0.632911
vt 0.718750 0.620253
vt 0.718750 0.632911
vt 0.743750 0.632911
vt 0.743750 0.620253
vt 0.568750 0.455696
vt 0.575000 0.481013
vt 0.568750 0.481013
vt 0.606250 0.455696
vt 0.612500 0.481013
vt 0.606250 0.481013
vt 0.581250 0.455696
vt 0.581250 0.481013
vt 0.600000 0.455696
vt 0.600000 0.481013
vt 0.575000 0.455696
vt 0.743750 0.658228
vt 0.743750 0.632911
vt 0.718750 0.658228
vt 0.718750 0.632911
vt 0.706250 0.658228
vt 0.706250 0.632911
vt 0.743750 0.670886
vt 0.756250 0.683544
vt 0.743750 0.683544
vt 0.818750 0.632911
vt 0.793750 0.658228
vt 0.793750 0.632911
vt 0.768750 0.658228
vt 0.768750 0.632911
vt 0.700000 0.658228
vt 0.706250 0.632911
vt 0.706250 0.658228
vt 0.831250 0.658228
vt 0.818750 0.670886
vt 0.706250 0.658228
vt 0.706250 0.632911
vt 0.756250 0.708861
vt 0.743750 0.708861
vt 0.700000 0.708861
vt 0.706250 0.683544
vt 0.706250 0.708861
vt 0.756250 0.708861
vt 0.743750 0.721519
vt 0.756250 0.683544
vt 0.762500 0.708861
vt 0.756250 0.708861
vt 0.818750 0.620253
vt 0.831250 0.632911
vt 0.831250 0.632911
vt 0.837500 0.658228
vt 0.831250 0.658228
vt 0.756250 0.683544
vt 0.831250 0.632911
vt 0.818750 0.658228
vt 0.818750 0.632911
vt 0.743750 0.670886
vt 0.756250 0.683544
vt 0.831250 0.632911
vt 0.837500 0.658228
vt 0.831250 0.658228
vt 0.600000 0.455696
vt 0.593750 0.481013
vt 0.593750 0.455696
vt 0.743750 0.658228
vt 0.743750 0.632911
vt 0.718750 0.658228
vt 0.718750 0.632911
vt 0.706250 0.658228
vt 0.706250 0.632911
vt 0.831250 0.632911
vt 0.818750 0.658228
vt 0.818750 0.632911
vt 0.562500 0.455696
vt 0.568750 0.481013
vt 0.562500 0.481013
vt 0.756250 0.708861
vt 0.743750 0.721519
vt 0.743750 0.708861
vt 0.718750 0.632911
vt 0.706250 0.658228
vt 0.706250 0.632911
vt 0.831250 0.658228
vt 0.818750 0.670886
vt 0.818750 0.658228
vt 0.831250 0.632911
vt 0.818750 0.658228
vt 0.818750 0.632911
vt 0.831250 0.632911
vt 0.818750 0.658228
vt 0.718750 0.632911
vt 0.706250 0.658228
vt 0.706250 0.632911
vt 0.743750 0.632911
vt 0.718750 0.658228
vt 0.587500 0.455696
vt 0.587500 0.481013
vt 0.568750 0.455696
vt 0.575000 0.481013
vt 0.612500 0.455696
vt 0.606250 0.481013
vt 0.606250 0.455696
vt 0.581250 0.455696
vt 0.581250 0.481013
vt 0.600000 0.481013
vt 0.743750 0.620253
vt 0.768750 0.632911
vt 0.743750 0.632911
vt 0.718750 0.620253
vt 0.718750 0.632911
vt 0.706250 0.632911
vt 0.718750 0.670886
vt 0.718750 0.683544
vt 0.706250 0.683544
vt 0.718750 0.683544
vt 0.706250 0.683544
vt 0.718750 0.670886
vt 0.793750 0.620253
vt 0.793750 0.632911
vt 0.768750 0.620253
vt 0.793750 0.658228
vt 0.768750 0.670886
vt 0.768750 0.658228
vt 0.743750 0.670886
vt 0.743750 0.658228
vt 0.718750 0.670886
vt 0.718750 0.658228
vt 0.706250 0.658228
vt 0.706250 0.670886
vt 0.718750 0.721519
vt 0.718750 0.708861
vt 0.706250 0.708861
vt 0.706250 0.721519
vt 0.718750 0.708861
vt 0.718750 0.721519
vt 0.706250 0.708861
vt 0.706250 0.721519
vt 0.793750 0.670886
vt 0.818750 0.658228
vt 0.793750 0.670886
vt 0.793750 0.658228
vt 0.706250 0.708861
vt 0.718750 0.721519
vt 0.706250 0.721519
vt 0.718750 0.708861
vt 0.743750 0.721519
vt 0.706250 0.708861
vt 0.718750 0.721519
vt 0.706250 0.721519
vt 0.743750 0.708861
vt 0.718750 0.708861
vt 0.706250 0.658228
vt 0.718750 0.670886
vt 0.706250 0.670886
vt 0.743750 0.658228
vt 0.718750 0.658228
vt 0.768750 0.658228
vt 0.743750 0.670886
vt 0.768750 0.670886
vt 0.768750 0.620253
vt 0.793750 0.632911
vt 0.768750 0.632911
vt 0.793750 0.620253
vt 0.818750 0.632911
vt 0.706250 0.683544
vt 0.718750 0.670886
vt 0.718750 0.683544
vt 0.743750 0.670886
vt 0.743750 0.683544
vt 0.706250 0.683544
vt 0.718750 0.670886
vt 0.718750 0.683544
vt 0.743750 0.683544
vt 0.706250 0.632911
vt 0.718750 0.620253
vt 0.718750 0.632911
vt 0.743750 0.632911
vt 0.743750 0.620253
vt 0.575000 0.455696
vt 0.600000 0.455696
vt 0.593750 0.481013
vt 0.593750 0.455696
vt 0.568750 0.455696
vt 0.562500 0.481013
vt 0.562500 0.455696
vt 0.587500 0.455696
vt 0.587500 0.481013
vt 0.575000 0.481013
vt 0.568750 0.481013
vt 0.768750 0.632911
vt 0.743750 0.658228
vt 0.793750 0.632911
vt 0.768750 0.658228
vt 0.793750 0.658228
vt 0.793750 0.658228
vt 0.793750 0.632911
vt 0.831250 0.658228
vt 0.818750 0.670886
vt 0.743750 0.632911
vt 0.718750 0.658228
vt 0.756250 0.708861
vt 0.743750 0.708861
vt 0.612500 0.455696
vt 0.606250 0.481013
vt 0.606250 0.455696
vt 0.768750 0.632911
vt 0.743750 0.658228
vt 0.768750 0.658228
vt 0.768750 0.632911
vt 0.743750 0.658228
vt 0.700000 0.658228
vt 0.706250 0.632911
vt 0.706250 0.658228
vt 0.581250 0.481013
vt 0.581250 0.455696
vt 0.700000 0.658228
vt 0.706250 0.632911
vt 0.706250 0.658228
vt 0.743750 0.670886
vt 0.756250 0.683544
vt 0.743750 0.683544
vt 0.793750 0.632911
vt 0.768750 0.658228
vt 0.743750 0.670886
vt 0.756250 0.683544
vt 0.743750 0.683544
vt 0.831250 0.632911
vt 0.837500 0.658228
vt 0.831250 0.658228
vt 0.818750 0.620253
vt 0.831250 0.632911
vt 0.818750 0.632911
vt 0.762500 0.708861
vt 0.756250 0.708861
vt 0.743750 0.721519
vt 0.743750 0.708861
vt 0.700000 0.708861
vt 0.706250 0.683544
vt 0.706250 0.708861
vt 0.756250 0.708861
vt 0.743750 0.721519
vt 0.743750 0.708861
vt 0.793750 0.658228
vt 0.831250 0.658228
vt 0.818750 0.670886
vt 0.818750 0.658228
vt 0.700000 0.708861
vt 0.706250 0.683544
vt 0.706250 0.708861
vt 0.700000 0.708861
vt 0.706250 0.683544
vt 0.706250 0.708861
vt 0.756250 0.683544
vt 0.762500 0.708861
vt 0.756250 0.708861
vt 0.743750 0.670886
vt 0.756250 0.683544
vt 0.700000 0.708861
vt 0.706250 0.683544
vt 0.706250 0.708861
vt 0.756250 0.683544
vt 0.762500 0.708861
vt 0.756250 0.708861
vt 0.700000 0.708861
vt 0.706250 0.683544
vt 0.706250 0.708861
vt 0.600000 0.481013
vt 0.575000 0.455696
vt 0.593750 0.455696
vt 0.600000 0.481013
vt 0.593750 0.481013
vt 0.562500 0.455696
vt 0.568750 0.481013
vt 0.562500 0.481013
vt 0.587500 0.455696
vt 0.587500 0.481013
vt 0.743750 0.620253
vt 0.768750 0.632911
vt 0.743750 0.632911
vt 0.718750 0.620253
vt 0.718750 0.632911
vt 0.706250 0.632911
vt 0.700000 0.708861
vt 0.706250 0.683544
vt 0.706250 0.708861
vt 0.718750 0.670886
vt 0.718750 0.683544
vt 0.706250 0.683544
vt 0.756250 0.683544
vt 0.762500 0.708861
vt 0.756250 0.708861
vt 0.718750 0.683544
vt 0.706250 0.683544
vt 0.718750 0.670886
vt 0.756250 0.708861
vt 0.743750 0.721519
vt 0.793750 0.620253
vt 0.793750 0.632911
vt 0.768750 0.620253
vt 0.793750 0.658228
vt 0.768750 0.670886
vt 0.768750 0.658228
vt 0.743750 0.670886
vt 0.743750 0.658228
vt 0.718750 0.670886
vt 0.718750 0.658228
vt 0.706250 0.658228
vt 0.706250 0.670886
vt 0.756250 0.683544
vt 0.718750 0.721519
vt 0.718750 0.708861
vt 0.706250 0.708861
vt 0.706250 0.721519
vt 0.818750 0.620253
vt 0.831250 0.632911
vt 0.718750 0.708861
vt 0.718750 0.721519
vt 0.706250 0.708861
vt 0.706250 0.721519
vt 0.756250 0.683544
vt 0.762500 0.708861
vt 0.756250 0.708861
vt 0.793750 0.670886
vt 0.756250 0.708861
vt 0.743750 0.721519
vt 0.743750 0.708861
vt 0.831250 0.632911
vt 0.818750 0.658228
vt 0.831250 0.658228
vt 0.818750 0.670886
vt 0.818750 0.658228
vt 0.756250 0.683544
vt 0.762500 0.708861
vt 0.756250 0.708861
vt 0.700000 0.708861
vt 0.706250 0.683544
vt 0.706250 0.708861
vt 0.700000 0.708861
vt 0.706250 0.683544
vt 0.706250 0.708861
vt 0.756250 0.683544
vt 0.762500 0.708861
vt 0.756250 0.708861
vt 0.568750 0.455696
vt 0.575000 0.481013
vt 0.612500 0.455696
vt 0.606250 0.481013
vt 0.606250 0.455696
vt 0.581250 0.455696
vt 0.581250 0.481013
vt 0.600000 0.455696
vt 0.575000 0.455696
vt 0.743750 0.620253
vt 0.768750 0.632911
vt 0.743750 0.632911
vt 0.718750 0.620253
vt 0.718750 0.632911
vt 0.706250 0.632911
vt 0.718750 0.670886
vt 0.718750 0.683544
vt 0.706250 0.683544
vt 0.718750 0.683544
vt 0.706250 0.683544
vt 0.718750 0.670886
vt 0.793750 0.620253
vt 0.793750 0.632911
vt 0.768750 0.620253
vt 0.793750 0.658228
vt 0.768750 0.670886
vt 0.768750 0.658228
vt 0.743750 0.670886
vt 0.743750 0.658228
vt 0.718750 0.670886
vt 0.718750 0.658228
vt 0.706250 0.658228
vt 0.706250 0.670886
vt 0.718750 0.721519
vt 0.718750 0.708861
vt 0.706250 0.708861
vt 0.706250 0.721519
vt 0.718750 0.708861
vt 0.718750 0.721519
vt 0.706250 0.708861
vt 0.706250 0.721519
vt 0.793750 0.670886
vt 0.575000 0.430380
vt 0.568750 0.455696
vt 0.568750 0.430380
vt 0.562500 0.430380
vt 0.612500 0.455696
vt 0.606250 0.430380
vt 0.612500 0.430380
vt 0.606250 0.455696
vt 0.600000 0.430380
vt 0.593750 0.455696
vt 0.593750 0.430380
vt 0.587500 0.430380
vt 0.573353 0.484348
vt 0.573353 0.502994
vt 0.564147 0.502994
vt 0.587500 0.455696
vt 0.581250 0.430380
vt 0.581250 0.455696
vt 0.575000 0.430380
vt 0.568750 0.455696
vt 0.568750 0.430380
vt 0.562500 0.430380
vt 0.612500 0.455696
vt 0.606250 0.430380
vt 0.612500 0.430380
vt 0.606250 0.455696
vt 0.600000 0.430380
vt 0.593750 0.455696
vt 0.593750 0.430380
vt 0.587500 0.430380
vt 0.573353 0.484348
vt 0.573353 0.502994
vt 0.564147 0.502994
vt 0.587500 0.455696
vt 0.581250 0.430380
vt 0.581250 0.455696
vt 0.575000 0.430380
vt 0.568750 0.455696
vt 0.568750 0.430380
vt 0.562500 0.430380
vt 0.612500 0.455696
vt 0.606250 0.430380
vt 0.612500 0.430380
vt 0.606250 0.455696
vt 0.600000 0.430380
vt 0.593750 0.455696
vt 0.593750 0.430380
vt 0.587500 0.430380
vt 0.573353 0.484348
vt 0.573353 0.502994
vt 0.564147 0.502994
vt 0.587500 0.455696
vt 0.581250 0.430380
vt 0.581250 0.455696
vt 0.575000 0.455696
vt 0.568750 0.430380
vt 0.575000 0.430380
vt 0.568750 0.455696
vt 0.562500 0.430380
vt 0.612500 0.430380
vt 0.606250 0.455696
vt 0.606250 0.430380
vt 0.600000 0.430380
vt 0.600000 0.455696
vt 0.593750 0.430380
vt 0.593750 0.455696
vt 0.587500 0.430380
vt 0.573353 0.484348
vt 0.573353 0.502994
vt 0.564147 0.502994
vt 0.587500 0.455696
vt 0.581250 0.430380
vt 0.581250 0.455696
vt 0.756250 0.683544
vt 0.743750 0.708861
vt 0.743750 0.683544
vt 0.756250 0.683544
vt 0.743750 0.708861
vt 0.743750 0.683544
vt 0.756250 0.683544
vt 0.743750 0.708861
vt 0.743750 0.683544
vt 0.743750 0.683544
vt 0.718750 0.708861
vt 0.718750 0.683544
vt 0.706250 0.708861
vt 0.706250 0.683544
vt 0.743750 0.683544
vt 0.718750 0.708861
vt 0.718750 0.683544
vt 0.706250 0.708861
vt 0.706250 0.683544
vt 0.756250 0.683544
vt 0.743750 0.708861
vt 0.756250 0.683544
vt 0.743750 0.708861
vt 0.743750 0.683544
vt 0.756250 0.683544
vt 0.743750 0.708861
vt 0.718750 0.683544
vt 0.706250 0.708861
vt 0.706250 0.683544
vt 0.718750 0.708861
vt 0.718750 0.683544
vt 0.706250 0.708861
vt 0.706250 0.683544
vt 0.718750 0.708861
vt 0.743750 0.683544
vt 0.718750 0.708861
vt 0.718750 0.683544
vt 0.706250 0.708861
vt 0.706250 0.683544
vt 0.743750 0.683544
vt 0.718750 0.708861
vt 0.718750 0.683544
vt 0.706250 0.708861
vt 0.706250 0.683544
vt 0.756250 0.683544
vt 0.743750 0.708861
vt 0.743750 0.683544
vt 0.756250 0.683544
vt 0.743750 0.708861
vt 0.756250 0.683544
vt 0.743750 0.708861
vt 0.743750 0.683544
vt 0.718750 0.683544
vt 0.706250 0.708861
vt 0.706250 0.683544
vt 0.718750 0.708861
vt 0.718750 0.683544
vt 0.706250 0.708861
vt 0.706250 0.683544
vt 0.718750 0.708861
vt 0.756250 0.683544
vt 0.743750 0.708861
vt 0.718750 0.683544
vt 0.706250 0.708861
vt 0.706250 0.683544
vt 0.718750 0.708861
vt 0.718750 0.683544
vt 0.706250 0.708861
vt 0.706250 0.683544
vt 0.718750 0.708861
vt 0.562500 0.455696
vt 0.562500 0.481013
vt 0.593750 0.455696
vt 0.562500 0.000000
vt 0.837500 0.632911
vt 0.756250 0.670886
vt 0.700000 0.632911
vt 0.700000 0.683544
vt 0.756250 0.721519
vt 0.756250 0.670886
vt 0.831250 0.620253
vt 0.837500 0.632911
vt 0.700000 0.632911
vt 0.831250 0.620253
vt 0.756250 0.670886
vt 0.756250 0.721519
vt 0.706250 0.670886
vt 0.762500 0.683544
vt 0.706250 0.670886
vt 0.762500 0.683544
vt 0.706250 0.620253
vt 0.612500 0.455696
vt 0.756250 0.670886
vt 0.700000 0.632911
vt 0.831250 0.670886
vt 0.756250 0.721519
vt 0.700000 0.683544
vt 0.756250 0.721519
vt 0.762500 0.683544
vt 0.831250 0.620253
vt 0.837500 0.632911
vt 0.756250 0.670886
vt 0.831250 0.658228
vt 0.756250 0.670886
vt 0.837500 0.632911
vt 0.831250 0.658228
vt 0.756250 0.721519
vt 0.831250 0.670886
vt 0.831250 0.658228
vt 0.831250 0.658228
vt 0.612500 0.481013
vt 0.706250 0.620253
vt 0.706250 0.670886
vt 0.706250 0.670886
vt 0.706250 0.670886
vt 0.706250 0.670886
vt 0.706250 0.620253
vt 0.831250 0.670886
vt 0.756250 0.721519
vt 0.612500 0.481013
vt 0.700000 0.632911
vt 0.700000 0.632911
vt 0.756250 0.670886
vt 0.756250 0.670886
vt 0.837500 0.632911
vt 0.831250 0.620253
vt 0.762500 0.683544
vt 0.756250 0.721519
vt 0.700000 0.683544
vt 0.756250 0.721519
vt 0.831250 0.670886
vt 0.700000 0.683544
vt 0.700000 0.683544
vt 0.762500 0.683544
vt 0.756250 0.670886
vt 0.700000 0.683544
vt 0.762500 0.683544
vt 0.700000 0.683544
vt 0.706250 0.620253
vt 0.700000 0.683544
vt 0.706250 0.670886
vt 0.762500 0.683544
vt 0.706250 0.670886
vt 0.756250 0.721519
vt 0.756250 0.670886
vt 0.831250 0.620253
vt 0.762500 0.683544
vt 0.756250 0.721519
vt 0.831250 0.658228
vt 0.831250 0.670886
vt 0.762500 0.683544
vt 0.700000 0.683544
vt 0.700000 0.683544
vt 0.762500 0.683544
vt 0.612500 0.481013
vt 0.706250 0.620253
vt 0.706250 0.670886
vt 0.706250 0.670886
vt 0.575000 0.455696
vt 0.562500 0.455696
vt 0.600000 0.455696
vt 0.564147 0.484348
vt 0.568750 0.481013
vt 0.575000 0.493671
vt 0.568750 0.506329
vt 0.562500 0.493671
vt 0.575000 0.455696
vt 0.562500 0.455696
vt 0.600000 0.455696
vt 0.564147 0.484348
vt 0.568750 0.481013
vt 0.575000 0.493671
vt 0.568750 0.506329
vt 0.562500 0.493671
vt 0.575000 0.455696
vt 0.562500 0.455696
vt 0.600000 0.455696
vt 0.564147 0.484348
vt 0.568750 0.481013
vt 0.575000 0.493671
vt 0.568750 0.506329
vt 0.562500 0.493671
vt 0.562500 0.455696
vt 0.612500 0.455696
vt 0.564147 0.484348
vt 0.568750 0.481013
vt 0.575000 0.493671
vt 0.568750 0.506329
vt 0.562500 0.493671
vt 0.756250 0.708861
vt 0.756250 0.708861
vt 0.756250 0.708861
vt 0.756250 0.708861
vt 0.756250 0.708861
vt 0.756250 0.708861
vt 0.756250 0.708861
vt 0.756250 0.708861
vt 0.756250 0.708861
vt 0.756250 0.708861
vn 0.0000 0.0000 1.0000
vn 1.0000 0.0000 0.0000
vn 0.0000 0.0000 -1.0000
vn -1.0000 0.0000 0.0000
vn 0.0000 1.0000 0.0000
vn 0.7071 0.0000 0.7071
vn 0.7071 0.0000 -0.7071
vn -0.7071 0.0000 0.7071
vn 0.0000 -1.0000 0.0000
vn -0.7071 0.0000 -0.7071
vn 0.5000 -0.8660 0.0000
vn -0.8660 -0.5000 0.0000
vn 0.8660 0.5000 0.0000
vn 0.5000 0.8660 0.0000
vn -0.5000 0.8660 0.0000
vn 0.8660 -0.5000 0.0000
vn -0.5000 -0.8660 0.0000
vn -0.8660 0.5000 0.0000
vn 0.8660 0.0000 -0.5000
vn 0.5000 0.0000 0.8660
vn -0.8660 0.0000 0.5000
vn 0.5000 0.0000 -0.8660
vn -0.5000 0.0000 -0.8660
vn 0.8660 0.0000 0.5000
vn -0.5000 0.0000 0.8660
vn -0.8660 0.0000 -0.5000
vn 0.4000 0.6000 0.6928
vn 0.6928 0.6000 0.4000
vn 0.8000 0.6000 0.0000
vn 0.6928 0.6000 -0.4000
vn 0.4000 0.6000 -0.6928
vn 0.0000 0.6000 -0.8000
vn -0.4000 0.6000 -0.6928
vn -0.6928 0.6000 -0.4000
vn -0.8000 0.6000 0.0000
vn -0.6928 0.6000 0.4000
vn -0.4000 0.6000 0.6928
vn 0.0000 0.6000 0.8000
vn 0.0000 0.0000 1.0000
vn 0.0000 0.0000 -1.0000
vn 0.0000 -1.0000 0.0000
vn 0.0000 1.0000 0.0000
vn 0.0000 0.0000 -1.0000
vn 0.5000 0.0000 -0.8660
vn 0.8660 0.0000 -0.5000
vn 1.0000 0.0000 0.0000
vn 0.8660 0.0000 0.5000
vn 0.5000 0.0000 0.8660
vn 0.0000 0.0000 1.0000
vn -0.5000 0.0000 0.8660
vn -0.8660 0.0000 0.5000
vn -1.0000 0.0000 0.0000
vn -0.8660 0.0000 -0.5000
vn -0.5000 0.0000 -0.8660
vn -1.0000 0.0000 0.0000
vn 0.0000 0.0000 1.0000
vn 0.0000 0.0000 -1.0000
vn 0.0000 -1.0000 0.0000
vn 0.0000 1.0000 0.0000
vn 1.0000 0.0000 0.0000
vn 0.0000 0.0000 -1.0000
vn 0.7071 0.0000 -0.7071
vn 1.0000 0.0000 0.0000
vn -1.0000 0.0000 0.0000
vn -0.7071 0.0000 -0.7071
vn 0.0000 0.0000 1.0000
vn 0.0000 1.0000 0.0000
vn 0.0000 -1.0000 0.0000
vn 0.0000 0.8321 0.5547
vn -0.8660 0.0000 -0.5000
vn 0.8660 0.0000 -0.5000
vn 0.5000 0.0000 0.8660
vn -0.8660 0.0000 0.5000
vn 0.5000 0.0000 -0.8660
vn -0.5000 0.0000 -0.8660
vn 0.8660 0.0000 0.5000
vn -0.5000 0.0000 0.8660
vn 0.3162 0.8944 -0.3162
vn 0.7634 0.6324 0.1310
vn 0.2588 0.0000 -0.9659
vn -0.2588 0.0000 -0.9659
vn 0.2588 0.0000 0.9659
vn -0.9659 0.0000 -0.2588
vn -0.1310 -0.6324 -0.7634
vn -0.3162 0.0000 -0.9487
vn 0.7634 -0.6324 0.1310
vn 0.3162 -0.8944 -0.3162
vn -0.1310 0.6324 -0.7634
vn 0.9487 0.0000 0.3162
vn -0.9659 0.0000 0.2588
vn 0.9659 0.0000 0.2588
vn -0.1830 -0.7071 0.6830
vn -0.1830 0.7071 0.6830
vn 0.9659 0.0000 -0.2588
vn -0.2588 0.0000 0.9659
vn -0.5000 -0.7071 -0.5000
vn 0.5000 -0.7071 0.5000
vn 0.7071 0.0000 0.7071
vn 0.5000 0.7071 0.5000
vn -0.5000 0.7071 -0.5000
usemtl Material
o Main
s off
f 538/619/61 539/620/61 540/621/61
f 533/622/62 538/623/62 534/624/62
f 534/624/63 502/625/63 533/622/63
f 536/626/64 501/627/64 506/628/64
f 540/629/65 535/630/65 536/626/65
f 502/631/66 506/628/66 501/632/66
f 506/628/67 507/633/67 534/624/67
f 533/622/68 502/625/68 535/634/68
f 543/635/63 508/636/63 541/637/63
f 544/638/69 541/639/69 542/640/69
f 544/638/66 504/641/66 543/635/66
f 541/642/66 546/643/66 542/644/66
f 504/641/68 505/645/68 508/646/68
f 544/638/64 505/647/64 503/648/64
f 549/649/67 548/650/67 550/651/67
f 549/649/66 508/652/66 505/653/66
f 542/644/66 549/649/66 505/653/66
f 550/651/66 541/642/66 508/652/66
f 547/654/61 552/655/61 548/656/61
f 549/649/63 551/657/63 547/654/63
f 552/658/64 550/651/64 548/659/64
f 795/660/66 794/661/66 793/662/66
f 796/663/68 798/664/68 794/665/68
f 794/665/63 797/666/63 793/662/63
f 793/662/67 799/667/67 795/660/67
f 795/660/64 800/668/64 796/669/64
f 806/670/63 801/671/63 803/672/63
f 804/673/66 802/674/66 801/671/66
f 812/675/63 807/676/63 809/677/63
f 810/678/66 808/679/66 807/676/66
f 818/680/63 813/681/63 815/682/63
f 816/683/66 814/684/66 813/681/66
f 819/685/64 822/686/64 820/687/64
f 888/688/64 883/689/64 887/690/64
f 890/691/67 884/692/67 888/688/67
f 889/693/63 886/694/63 890/691/63
f 887/695/68 885/696/68 889/693/68
f 888/688/66 889/697/66 890/691/66
f 893/698/66 892/699/66 891/700/66
f 894/701/68 896/702/68 892/703/68
f 892/703/63 895/704/63 891/700/63
f 891/700/67 897/705/67 893/698/67
f 893/698/64 898/706/64 894/707/64
f 1333/708/67 1335/709/67 1325/710/67
f 538/619/61 537/711/61 539/620/61
f 533/622/62 537/712/62 538/623/62
f 534/624/63 507/633/63 502/625/63
f 536/626/64 535/630/64 501/627/64
f 540/629/65 539/713/65 535/630/65
f 502/631/66 507/633/66 506/628/66
f 534/624/67 538/619/67 540/621/67
f 540/621/67 536/626/67 534/624/67
f 536/626/67 506/628/67 534/624/67
f 502/625/68 501/714/68 535/634/68
f 535/634/68 539/715/68 537/716/68
f 537/716/68 533/622/68 535/634/68
f 543/635/63 504/641/63 508/636/63
f 544/638/69 543/635/69 541/639/69
f 544/638/66 503/648/66 504/641/66
f 541/642/66 545/717/66 546/643/66
f 504/641/68 503/648/68 505/645/68
f 544/638/64 542/718/64 505/647/64
f 549/649/67 547/719/67 548/650/67
f 549/649/66 550/651/66 508/652/66
f 542/644/66 546/643/66 549/649/66
f 550/651/66 545/717/66 541/642/66
f 547/654/61 551/657/61 552/655/61
f 549/649/63 546/643/63 551/657/63
f 552/658/64 545/717/64 550/651/64
f 795/660/66 796/720/66 794/661/66
f 796/663/68 800/721/68 798/664/68
f 794/665/63 798/664/63 797/666/63
f 793/662/67 797/666/67 799/667/67
f 795/660/64 799/667/64 800/668/64
f 806/670/63 804/673/63 801/671/63
f 804/673/66 805/722/66 802/674/66
f 812/675/63 810/678/63 807/676/63
f 810/678/66 811/723/66 808/679/66
f 818/680/63 816/683/63 813/681/63
f 816/683/66 817/724/66 814/684/66
f 819/685/64 821/725/64 822/686/64
f 888/688/64 884/692/64 883/689/64
f 890/691/67 886/694/67 884/692/67
f 889/693/63 885/696/63 886/694/63
f 887/695/68 883/726/68 885/696/68
f 888/688/66 887/727/66 889/697/66
f 893/698/66 894/728/66 892/699/66
f 894/701/68 898/729/68 896/702/68
f 892/703/63 896/702/63 895/704/63
f 891/700/67 895/704/67 897/705/67
f 893/698/64 897/705/64 898/706/64
f 1325/710/67 1326/730/67 1327/731/67
f 1327/731/67 1328/732/67 1329/733/67
f 1329/733/67 1330/734/67 1331/735/67
f 1331/735/67 1332/736/67 1333/708/67
f 1333/708/67 1334/737/67 1335/709/67
f 1335/709/67 1336/738/67 1325/710/67
f 1325/710/67 1327/731/67 1329/733/67
f 1329/733/67 1331/735/67 1325/710/67
f 1331/735/67 1333/708/67 1325/710/67
s 1
f 523/739/70 512/740/64 511/741/70
f 530/742/63 519/743/71 518/744/63
f 527/745/66 516/746/72 515/747/66
f 524/748/64 513/749/73 512/740/64
f 531/750/71 520/751/74 519/743/71
f 521/752/61 510/753/75 509/754/61
f 528/755/72 517/756/76 516/746/72
f 525/757/73 514/758/77 513/749/73
f 532/759/74 509/760/61 520/751/74
f 522/761/75 511/741/70 510/753/75
f 529/762/76 518/744/63 517/756/76
f 526/763/77 515/747/66 514/758/77
f 1255/764/76 1259/765/72 1254/766/72
f 1317/767/78 1322/768/79 1323/769/78
f 1210/770/77 1214/771/73 1209/772/73
f 1168/773/80 1180/774/80 1170/775/80
f 875/776/68 845/777/68 848/778/68
f 1254/766/72 1258/779/66 1253/780/66
f 1174/781/81 1178/782/81 1176/783/81
f 1131/784/82 1127/785/82 1129/786/82
f 839/787/67 866/788/67 857/789/67
f 882/790/68 841/791/68 855/792/68
f 880/793/68 843/794/68 853/795/68
f 1177/796/80 1173/797/80 1175/798/80
f 580/799/67 569/800/67 581/801/67
f 1179/802/81 1167/803/81 1169/804/81
f 611/805/67 566/806/67 617/807/67
f 578/808/67 565/809/67 566/806/67
f 670/810/68 633/811/68 643/812/68
f 607/813/67 575/814/67 613/815/67
f 586/816/67 575/814/67 587/817/67
f 672/818/68 631/819/68 645/820/68
f 609/821/67 572/822/67 615/823/67
f 583/824/67 572/822/67 584/825/67
f 582/826/67 571/827/67 583/824/67
f 581/801/67 570/828/67 582/826/67
f 558/829/68 593/830/68 594/831/68
f 557/832/68 592/833/68 593/830/68
f 629/834/67 656/835/67 647/836/67
f 605/837/68 554/838/68 590/839/68
f 590/839/68 553/840/68 589/841/68
f 1128/842/83 1132/843/83 1130/844/83
f 601/845/68 563/846/68 599/847/68
f 563/846/68 598/848/68 599/847/68
f 1116/849/83 1120/850/83 1118/851/83
f 603/852/68 560/853/68 596/854/68
f 560/853/68 595/855/68 596/854/68
f 559/856/68 594/831/68 595/855/68
f 1312/857/84 1309/858/85 1310/859/84
f 1314/860/86 1319/861/87 1320/862/86
f 1318/863/88 1323/769/78 1324/864/88
f 1315/865/89 1320/862/86 1321/866/89
f 1318/863/88 1309/858/85 1311/867/85
f 1253/780/66 1257/868/77 1252/869/77
f 1252/869/77 1256/870/73 1251/871/73
f 1251/871/73 1248/872/90 1250/873/90
f 665/874/68 635/875/68 638/876/68
f 1241/877/76 1245/878/72 1240/879/72
f 1240/879/72 1244/880/66 1239/881/66
f 1154/882/81 1166/883/81 1164/884/81
f 610/885/67 568/886/67 580/799/67
f 1209/772/73 1206/887/90 1208/888/90
f 612/889/67 565/809/67 577/890/67
f 1119/891/82 1115/892/82 1117/893/82
f 608/894/67 574/895/67 586/816/67
f 1125/896/83 1113/897/83 1123/898/83
f 556/899/68 604/900/68 592/833/68
f 1156/901/80 1160/902/80 1158/903/80
f 553/840/68 606/904/68 589/841/68
f 1202/905/91 1191/906/76 1196/907/76
f 562/908/68 602/909/68 598/848/68
f 1165/910/80 1153/911/80 1163/912/80
f 1299/913/89 1306/914/79 1300/915/79
f 1239/881/66 1243/916/77 1238/917/77
f 1238/917/77 1242/918/73 1237/919/73
f 1237/919/73 1234/920/90 1236/921/90
f 1207/922/91 1218/923/76 1213/924/76
f 1297/925/87 1294/926/84 1303/927/87
f 625/928/67 663/929/67 654/930/67
f 1200/931/73 1203/932/90 1201/933/90
f 627/934/67 661/935/67 652/936/67
f 1230/937/91 1219/938/76 1224/939/76
f 1235/940/91 1246/941/76 1241/877/76
f 1228/942/73 1231/943/90 1229/944/90
f 1227/945/77 1223/946/73 1228/942/73
f 1301/947/78 1306/914/79 1307/948/78
f 1296/949/84 1293/950/85 1294/926/84
f 1297/951/87 1304/952/86 1298/953/86
f 1302/954/88 1307/948/78 1308/955/88
f 1299/913/89 1304/952/86 1305/956/89
f 667/957/68 641/958/68 640/959/68
f 666/960/68 640/959/68 639/961/68
f 634/962/68 666/960/68 639/961/68
f 664/963/68 638/876/68 637/964/68
f 636/965/68 664/963/68 637/964/68
f 644/966/68 672/818/68 645/820/68
f 632/967/68 671/968/68 644/966/68
f 669/969/68 643/812/68 642/970/68
f 668/971/68 642/970/68 641/958/68
f 651/972/67 659/973/67 650/974/67
f 650/974/67 658/975/67 649/976/67
f 649/976/67 657/977/67 648/978/67
f 628/979/67 657/977/67 591/980/67
f 647/836/67 655/981/67 646/982/67
f 630/983/67 655/981/67 600/984/67
f 653/985/67 663/929/67 662/986/67
f 626/987/67 662/986/67 585/988/67
f 652/936/67 660/989/67 651/972/67
f 693/990/67 685/991/67 694/992/67
f 719/993/67 683/994/67 760/995/67
f 692/996/67 682/997/67 683/994/67
f 715/998/67 690/999/67 745/1000/67
f 698/1001/67 690/999/67 699/1002/67
f 717/1003/67 688/1004/67 754/1005/67
f 696/1006/67 688/1004/67 697/1007/67
f 695/1008/67 687/1009/67 696/1006/67
f 694/992/67 686/1010/67 695/1008/67
f 677/1011/68 703/1012/68 704/1013/68
f 676/1014/68 702/1015/68 703/1012/68
f 713/1016/68 674/1017/68 701/1018/68
f 701/1018/68 673/1019/68 700/1020/68
f 709/1021/68 681/1022/68 708/1023/68
f 681/1022/68 707/1024/68 708/1023/68
f 711/1025/68 679/1026/68 706/1027/68
f 679/1026/68 705/1028/68 706/1027/68
f 678/1029/68 704/1013/68 705/1028/68
f 1295/1030/85 1308/955/88 1293/950/85
f 1283/1031/89 1290/1032/79 1284/1033/79
f 1280/1034/84 1287/1035/87 1281/1036/87
f 1285/1037/78 1290/1032/79 1291/1038/78
f 1280/1034/84 1277/1039/85 1278/1040/84
f 1226/1041/66 1222/1042/77 1227/945/77
f 1225/1043/72 1221/1044/66 1226/1041/66
f 1224/939/76 1220/1045/72 1225/1043/72
f 1213/924/76 1217/1046/72 1212/1047/72
f 718/1048/67 684/1049/67 693/990/67
f 1199/1050/77 1195/1051/73 1200/931/73
f 720/1052/67 682/997/67 691/1053/67
f 1281/1054/87 1288/1055/86 1282/1056/86
f 1198/1057/66 1194/1058/77 1199/1050/77
f 1212/1047/72 1216/1059/66 1211/1060/66
f 1211/1060/66 1215/1061/77 1210/770/77
f 1186/1062/81 1190/1063/81 1188/1064/81
f 1285/1037/78 1292/1065/88 1286/1066/88
f 1159/1067/81 1155/1068/81 1157/1069/81
f 783/1070/68 743/1071/92 747/1072/68
f 1197/1073/72 1193/1074/66 1198/1057/66
f 792/1075/68 739/1076/68 756/1077/68
f 1189/1078/80 1185/1079/80 1187/1080/80
f 789/1081/68 741/1082/68 753/1083/68
f 743/1071/92 731/1084/93 737/1085/93
f 737/1085/93 771/1086/67 759/1087/67
f 1114/1088/82 1126/1089/82 1124/1090/82
f 733/1091/67 780/1092/67 768/1093/67
f 1196/907/76 1192/1094/72 1197/1073/72
f 735/1095/67 777/1096/67 765/1097/67
f 1146/1098/82 1150/1099/82 1148/1100/82
f 1099/1101/94 1091/1102/94 1093/1103/94
f 1092/1104/95 1100/1105/95 1094/1106/95
f 680/1107/68 710/1108/68 707/1024/68
f 1096/1109/94 1098/1110/94 1097/1111/94
f 1080/1112/95 1084/1113/95 1082/1114/95
f 1083/1115/94 1079/1116/94 1081/1117/94
f 1283/1031/89 1288/1055/86 1289/1118/89
f 1286/1066/88 1277/1039/85 1279/1119/85
f 1268/1120/79 1273/1121/89 1274/1122/79
f 1265/1123/87 1262/1124/84 1271/1125/87
f 1269/1126/78 1274/1122/79 1275/1127/78
f 786/1128/68 751/1129/68 750/1130/68
f 785/1131/68 750/1130/68 749/1132/68
f 742/1133/68 785/1131/68 749/1132/68
f 1138/1134/82 1142/1135/82 1140/1136/82
f 782/1137/68 747/1072/68 746/1138/68
f 744/1139/68 782/1137/68 746/1138/68
f 1141/1140/83 1137/1141/83 1139/1142/83
f 755/1143/68 792/1075/68 756/1077/68
f 740/1144/68 791/1145/68 755/1143/68
f 716/1146/67 689/1147/67 698/1001/67
f 788/1148/68 753/1083/68 752/1149/68
f 787/1150/68 752/1149/68 751/1129/68
f 764/1151/67 775/1152/67 763/1153/67
f 763/1153/67 774/1154/67 762/1155/67
f 762/1155/67 773/1156/67 761/1157/67
f 736/1158/67 773/1156/67 730/1159/67
f 673/1019/68 714/1160/68 700/1020/68
f 759/1087/67 770/1161/67 758/1162/67
f 738/1163/67 770/1161/67 732/1164/67
f 675/1165/68 712/1166/68 702/1015/68
f 767/1167/67 780/1092/67 779/1168/67
f 734/1169/67 779/1168/67 728/1170/67
f 1149/1171/83 1145/1172/83 1147/1173/83
f 765/1097/67 776/1174/67 764/1151/67
f 835/1175/67 873/1176/67 864/1177/67
f 1249/1178/91 1260/1179/76 1255/764/76
f 837/1180/67 871/1181/67 862/1182/67
f 1089/1183/95 1077/1184/95 1087/1185/95
f 1078/1186/94 1090/1187/94 1088/1188/94
f 1106/1189/94 1110/1190/94 1108/1191/94
f 1109/1192/95 1105/1193/95 1107/1194/95
f 1264/1195/84 1261/1196/85 1262/1124/84
f 1265/1197/87 1272/1198/86 1266/1199/86
f 1270/1200/88 1275/1127/78 1276/1201/88
f 1266/1199/86 1273/1121/89 1267/1202/89
f 1270/1200/88 1261/1196/85 1263/1203/85
f 877/1204/68 851/1205/68 850/1206/68
f 876/1207/68 850/1206/68 849/1208/68
f 844/1209/68 876/1207/68 849/1208/68
f 874/1210/68 848/778/68 847/1211/68
f 846/1212/68 874/1210/68 847/1211/68
f 854/1213/68 882/790/68 855/792/68
f 842/1214/68 881/1215/68 854/1213/68
f 879/1216/68 853/795/68 852/1217/68
f 878/1218/68 852/1217/68 851/1205/68
f 861/1219/67 869/1220/67 860/1221/67
f 860/1221/67 868/1222/67 859/1223/67
f 859/1223/67 867/1224/67 858/1225/67
f 838/1226/67 867/1224/67 832/1227/67
f 857/789/67 865/1228/67 856/1229/67
f 840/1230/67 865/1228/67 834/1231/67
f 863/1232/67 873/1176/67 872/1233/67
f 836/1234/67 872/1233/67 830/1235/67
f 862/1182/67 870/1236/67 861/1219/67
f 901/1237/65 904/1238/96 903/1239/96
f 904/1238/96 905/1240/68 903/1239/96
f 906/1241/68 907/1242/97 905/1243/68
f 908/1244/97 909/1245/98 907/1242/97
f 909/1245/98 912/1246/99 911/1247/99
f 912/1246/99 913/1248/67 911/1247/99
f 899/1249/62 921/1250/62 919/1251/62
f 914/1252/67 915/1253/100 913/1248/67
f 916/1254/100 901/1237/65 915/1253/100
f 925/1255/65 928/1256/96 927/1257/96
f 928/1256/96 929/1258/68 927/1257/96
f 930/1259/68 931/1260/97 929/1261/68
f 932/1262/97 933/1263/98 931/1260/97
f 933/1263/98 936/1264/99 935/1265/99
f 936/1264/99 937/1266/67 935/1265/99
f 923/1267/62 945/1268/62 943/1269/62
f 938/1270/67 939/1271/100 937/1266/67
f 940/1272/100 925/1255/65 939/1271/100
f 949/1273/65 952/1274/96 951/1275/96
f 952/1274/96 953/1276/68 951/1275/96
f 954/1277/68 955/1278/97 953/1279/68
f 956/1280/97 957/1281/98 955/1278/97
f 957/1281/98 960/1282/99 959/1283/99
f 960/1282/99 961/1284/67 959/1283/99
f 947/1285/62 969/1286/62 967/1287/62
f 962/1288/67 963/1289/100 961/1284/67
f 964/1290/100 949/1273/65 963/1289/100
f 974/1291/65 975/1292/96 973/1293/65
f 976/1294/96 977/1295/68 975/1292/96
f 977/1296/68 980/1297/97 979/1298/97
f 980/1297/97 981/1299/98 979/1298/97
f 982/1300/98 983/1301/99 981/1299/98
f 984/1302/99 985/1303/67 983/1301/99
f 971/1304/62 993/1305/62 991/1306/62
f 986/1307/67 987/1308/100 985/1303/67
f 988/1309/100 973/1293/65 987/1308/100
f 1063/1310/80 1074/1311/74 1070/1312/74
f 1065/1313/83 1072/1314/70 1068/1315/70
f 1017/1316/83 1024/1317/70 1020/1318/70
f 1001/1319/70 998/1320/75 1002/1321/75
f 1002/1321/75 1007/1322/81 1003/1323/81
f 999/1324/74 996/1325/71 1000/1326/71
f 1000/1326/71 1009/1327/94 1005/1328/94
f 1004/1329/83 997/1330/70 1001/1319/70
f 1015/1331/80 1026/1332/74 1022/1333/74
f 1006/1334/80 995/1335/74 999/1324/74
f 1021/1336/71 1012/1337/94 1016/1338/94
f 1022/1333/74 1025/1339/71 1021/1336/71
f 1019/1340/75 1014/1341/81 1018/1342/81
f 1020/1318/70 1023/1343/75 1019/1340/75
f 1033/1344/70 1030/1345/75 1034/1346/75
f 1034/1346/75 1039/1347/81 1035/1348/81
f 1031/1349/74 1028/1350/71 1032/1351/71
f 1032/1351/71 1041/1352/94 1037/1353/94
f 1047/1354/80 1058/1355/74 1054/1356/74
f 1038/1357/80 1027/1358/74 1031/1349/74
f 1049/1359/83 1056/1360/70 1052/1361/70
f 1053/1362/71 1044/1363/94 1048/1364/94
f 1054/1356/74 1057/1365/71 1053/1362/71
f 1051/1366/75 1046/1367/81 1050/1368/81
f 1052/1361/70 1055/1369/75 1051/1366/75
f 1036/1370/83 1029/1371/70 1033/1344/70
f 1069/1372/71 1060/1373/94 1064/1374/94
f 1070/1312/74 1073/1375/71 1069/1372/71
f 1067/1376/75 1062/1377/81 1066/1378/81
f 1068/1315/70 1071/1379/75 1067/1376/75
f 1313/1380/87 1310/859/84 1319/1381/87
f 1315/865/89 1322/768/79 1316/1382/79
f 523/739/70 524/748/64 512/740/64
f 530/742/63 531/750/71 519/743/71
f 527/745/66 528/755/72 516/746/72
f 524/748/64 525/757/73 513/749/73
f 531/750/71 532/759/74 520/751/74
f 521/752/61 522/761/75 510/753/75
f 528/755/72 529/762/76 517/756/76
f 525/757/73 526/763/77 514/758/77
f 532/759/74 521/1383/61 509/760/61
f 522/761/75 523/739/70 511/741/70
f 529/762/76 530/742/63 518/744/63
f 526/763/77 527/745/66 515/747/66
f 1255/764/76 1260/1179/76 1259/765/72
f 1317/767/78 1316/1382/79 1322/768/79
f 1210/770/77 1215/1061/77 1214/771/73
f 1168/773/80 1182/1384/80 1180/774/80
f 875/776/68 827/1385/68 845/777/68
f 1254/766/72 1259/765/72 1258/779/66
f 1174/781/81 1172/1386/81 1178/782/81
f 1131/784/82 1133/1387/82 1127/785/82
f 839/787/67 833/1388/67 866/788/67
f 882/790/68 823/1389/68 841/791/68
f 880/793/68 825/1390/68 843/794/68
f 1177/796/80 1171/1391/80 1173/797/80
f 580/799/67 568/886/67 569/800/67
f 1179/802/81 1181/1392/81 1167/803/81
f 611/805/67 578/808/67 566/806/67
f 578/808/67 577/890/67 565/809/67
f 670/810/68 564/1393/68 633/811/68
f 607/813/67 587/817/67 575/814/67
f 586/816/67 574/895/67 575/814/67
f 672/818/68 555/1394/68 631/819/68
f 609/821/67 584/825/67 572/822/67
f 583/824/67 571/827/67 572/822/67
f 582/826/67 570/828/67 571/827/67
f 581/801/67 569/800/67 570/828/67
f 558/829/68 557/832/68 593/830/68
f 557/832/68 556/899/68 592/833/68
f 629/834/67 597/1395/67 656/835/67
f 605/837/68 623/1396/68 554/838/68
f 590/839/68 554/838/68 553/840/68
f 1128/842/83 1134/1397/83 1132/843/83
f 601/845/68 619/1398/68 563/846/68
f 563/846/68 562/908/68 598/848/68
f 1116/849/83 1122/1399/83 1120/850/83
f 603/852/68 621/1400/68 560/853/68
f 560/853/68 559/856/68 595/855/68
f 559/856/68 558/829/68 594/831/68
f 1312/857/84 1311/867/85 1309/858/85
f 1314/860/86 1313/1401/87 1319/861/87
f 1318/863/88 1317/767/78 1323/769/78
f 1315/865/89 1314/860/86 1320/862/86
f 1318/863/88 1324/864/88 1309/858/85
f 1253/780/66 1258/779/66 1257/868/77
f 1252/869/77 1257/868/77 1256/870/73
f 1251/871/73 1256/870/73 1248/872/90
f 665/874/68 573/1402/68 635/875/68
f 1241/877/76 1246/941/76 1245/878/72
f 1240/879/72 1245/878/72 1244/880/66
f 1154/882/81 1152/1403/81 1166/883/81
f 610/885/67 616/1404/67 568/886/67
f 1209/772/73 1214/771/73 1206/887/90
f 612/889/67 618/1405/67 565/809/67
f 1119/891/82 1121/1406/82 1115/892/82
f 608/894/67 614/1407/67 574/895/67
f 1125/896/83 1111/1408/83 1113/897/83
f 556/899/68 622/1409/68 604/900/68
f 1156/901/80 1162/1410/80 1160/902/80
f 553/840/68 624/1411/68 606/904/68
f 1202/905/91 1204/1412/91 1191/906/76
f 562/908/68 620/1413/68 602/909/68
f 1165/910/80 1151/1414/80 1153/911/80
f 1299/913/89 1305/956/89 1306/914/79
f 1239/881/66 1244/880/66 1243/916/77
f 1238/917/77 1243/916/77 1242/918/73
f 1237/919/73 1242/918/73 1234/920/90
f 1207/922/91 1205/1415/91 1218/923/76
f 1297/925/87 1296/949/84 1294/926/84
f 625/928/67 579/1416/67 663/929/67
f 1200/931/73 1195/1051/73 1203/932/90
f 627/934/67 588/1417/67 661/935/67
f 1230/937/91 1232/1418/91 1219/938/76
f 1235/940/91 1233/1419/91 1246/941/76
f 1228/942/73 1223/946/73 1231/943/90
f 1227/945/77 1222/1042/77 1223/946/73
f 1301/947/78 1300/915/79 1306/914/79
f 1296/949/84 1295/1030/85 1293/950/85
f 1297/951/87 1303/1420/87 1304/952/86
f 1302/954/88 1301/947/78 1307/948/78
f 1299/913/89 1298/953/86 1304/952/86
f 667/957/68 668/971/68 641/958/68
f 666/960/68 667/957/68 640/959/68
f 634/962/68 567/1421/68 666/960/68
f 664/963/68 665/874/68 638/876/68
f 636/965/68 576/1422/68 664/963/68
f 644/966/68 671/968/68 672/818/68
f 632/967/68 561/1423/68 671/968/68
f 669/969/68 670/810/68 643/812/68
f 668/971/68 669/969/68 642/970/68
f 651/972/67 660/989/67 659/973/67
f 650/974/67 659/973/67 658/975/67
f 649/976/67 658/975/67 657/977/67
f 628/979/67 648/978/67 657/977/67
f 647/836/67 656/835/67 655/981/67
f 630/983/67 646/982/67 655/981/67
f 653/985/67 654/930/67 663/929/67
f 626/987/67 653/985/67 662/986/67
f 652/936/67 661/935/67 660/989/67
f 693/990/67 684/1049/67 685/991/67
f 719/993/67 692/996/67 683/994/67
f 692/996/67 691/1053/67 682/997/67
f 715/998/67 699/1002/67 690/999/67
f 698/1001/67 689/1147/67 690/999/67
f 717/1003/67 697/1007/67 688/1004/67
f 696/1006/67 687/1009/67 688/1004/67
f 695/1008/67 686/1010/67 687/1009/67
f 694/992/67 685/991/67 686/1010/67
f 677/1011/68 676/1014/68 703/1012/68
f 676/1014/68 675/1165/68 702/1015/68
f 713/1016/68 784/1424/68 674/1017/68
f 701/1018/68 674/1017/68 673/1019/68
f 709/1021/68 769/1425/68 681/1022/68
f 681/1022/68 680/1107/68 707/1024/68
f 711/1025/68 778/1426/68 679/1026/68
f 679/1026/68 678/1029/68 705/1028/68
f 678/1029/68 677/1011/68 704/1013/68
f 1295/1030/85 1302/954/88 1308/955/88
f 1283/1031/89 1289/1118/89 1290/1032/79
f 1280/1034/84 1278/1040/84 1287/1035/87
f 1285/1037/78 1284/1033/79 1290/1032/79
f 1280/1034/84 1279/1119/85 1277/1039/85
f 1226/1041/66 1221/1044/66 1222/1042/77
f 1225/1043/72 1220/1045/72 1221/1044/66
f 1224/939/76 1219/938/76 1220/1045/72
f 1213/924/76 1218/923/76 1217/1046/72
f 718/1048/67 757/1427/67 684/1049/67
f 1199/1050/77 1194/1058/77 1195/1051/73
f 720/1052/67 766/1428/67 682/997/67
f 1281/1054/87 1287/1429/87 1288/1055/86
f 1198/1057/66 1193/1074/66 1194/1058/77
f 1212/1047/72 1217/1046/72 1216/1059/66
f 1211/1060/66 1216/1059/66 1215/1061/77
f 1186/1062/81 1184/1430/81 1190/1063/81
f 1285/1037/78 1291/1038/78 1292/1065/88
f 1159/1067/81 1161/1431/81 1155/1068/81
f 783/1070/68 725/1432/92 743/1071/92
f 1197/1073/72 1192/1094/72 1193/1074/66
f 792/1075/68 721/1433/68 739/1076/68
f 1189/1078/80 1183/1434/80 1185/1079/80
f 789/1081/68 723/1435/68 741/1082/68
f 743/1071/92 725/1436/92 731/1084/93
f 737/1085/93 731/1437/93 771/1086/67
f 1114/1088/82 1112/1438/82 1126/1089/82
f 733/1091/67 727/1439/67 780/1092/67
f 1196/907/76 1191/906/76 1192/1094/72
f 735/1095/67 729/1440/67 777/1096/67
f 1146/1098/82 1144/1441/82 1150/1099/82
f 1099/1101/94 1101/1442/94 1091/1102/94
f 1092/1104/95 1102/1443/95 1100/1105/95
f 680/1107/68 772/1444/68 710/1108/68
f 1096/1109/94 1095/1445/94 1098/1110/94
f 1080/1112/95 1086/1446/95 1084/1113/95
f 1083/1115/94 1085/1447/94 1079/1116/94
f 1283/1031/89 1282/1056/86 1288/1055/86
f 1286/1066/88 1292/1065/88 1277/1039/85
f 1268/1120/79 1267/1202/89 1273/1121/89
f 1265/1123/87 1264/1195/84 1262/1124/84
f 1269/1126/78 1268/1120/79 1274/1122/79
f 786/1128/68 787/1150/68 751/1129/68
f 785/1131/68 786/1128/68 750/1130/68
f 742/1133/68 724/1448/68 785/1131/68
f 1138/1134/82 1136/1449/82 1142/1135/82
f 782/1137/68 783/1070/68 747/1072/68
f 744/1139/68 726/1450/68 782/1137/68
f 1141/1140/83 1135/1451/83 1137/1141/83
f 755/1143/68 791/1145/68 792/1075/68
f 740/1144/68 722/1452/68 791/1145/68
f 716/1146/67 748/1453/67 689/1147/67
f 788/1148/68 789/1081/68 753/1083/68
f 787/1150/68 788/1148/68 752/1149/68
f 764/1151/67 776/1174/67 775/1152/67
f 763/1153/67 775/1152/67 774/1154/67
f 762/1155/67 774/1154/67 773/1156/67
f 736/1158/67 761/1157/67 773/1156/67
f 673/1019/68 790/1454/68 714/1160/68
f 759/1087/67 771/1086/67 770/1161/67
f 738/1163/67 758/1162/67 770/1161/67
f 675/1165/68 781/1455/68 712/1166/68
f 767/1167/67 768/1093/67 780/1092/67
f 734/1169/67 767/1167/67 779/1168/67
f 1149/1171/83 1143/1456/83 1145/1172/83
f 765/1097/67 777/1096/67 776/1174/67
f 835/1175/67 829/1457/67 873/1176/67
f 1249/1178/91 1247/1458/91 1260/1179/76
f 837/1180/67 831/1459/67 871/1181/67
f 1089/1183/95 1075/1460/95 1077/1184/95
f 1078/1186/94 1076/1461/94 1090/1187/94
f 1106/1189/94 1104/1462/94 1110/1190/94
f 1109/1192/95 1103/1463/95 1105/1193/95
f 1264/1195/84 1263/1203/85 1261/1196/85
f 1265/1197/87 1271/1464/87 1272/1198/86
f 1270/1200/88 1269/1126/78 1275/1127/78
f 1266/1199/86 1272/1198/86 1273/1121/89
f 1270/1200/88 1276/1201/88 1261/1196/85
f 877/1204/68 878/1218/68 851/1205/68
f 876/1207/68 877/1204/68 850/1206/68
f 844/1209/68 826/1465/68 876/1207/68
f 874/1210/68 875/776/68 848/778/68
f 846/1212/68 828/1466/68 874/1210/68
f 854/1213/68 881/1215/68 882/790/68
f 842/1214/68 824/1467/68 881/1215/68
f 879/1216/68 880/793/68 853/795/68
f 878/1218/68 879/1216/68 852/1217/68
f 861/1219/67 870/1236/67 869/1220/67
f 860/1221/67 869/1220/67 868/1222/67
f 859/1223/67 868/1222/67 867/1224/67
f 838/1226/67 858/1225/67 867/1224/67
f 857/789/67 866/788/67 865/1228/67
f 840/1230/67 856/1229/67 865/1228/67
f 863/1232/67 864/1177/67 873/1176/67
f 836/1234/67 863/1232/67 872/1233/67
f 862/1182/67 871/1181/67 870/1236/67
f 901/1237/65 902/1468/65 904/1238/96
f 904/1238/96 906/1469/68 905/1240/68
f 906/1241/68 908/1244/97 907/1242/97
f 908/1244/97 910/1470/98 909/1245/98
f 909/1245/98 910/1470/98 912/1246/99
f 912/1246/99 914/1252/67 913/1248/67
f 917/1471/62 900/1472/62 899/1249/62
f 899/1249/62 922/1473/62 921/1250/62
f 921/1250/62 920/1474/62 919/1251/62
f 919/1251/62 918/1475/62 917/1471/62
f 917/1471/62 899/1249/62 919/1251/62
f 914/1252/67 916/1254/100 915/1253/100
f 916/1254/100 902/1468/65 901/1237/65
f 925/1255/65 926/1476/65 928/1256/96
f 928/1256/96 930/1477/68 929/1258/68
f 930/1259/68 932/1262/97 931/1260/97
f 932/1262/97 934/1478/98 933/1263/98
f 933/1263/98 934/1478/98 936/1264/99
f 936/1264/99 938/1270/67 937/1266/67
f 941/1479/62 924/1480/62 923/1267/62
f 923/1267/62 946/1481/62 945/1268/62
f 945/1268/62 944/1482/62 943/1269/62
f 943/1269/62 942/1483/62 941/1479/62
f 941/1479/62 923/1267/62 943/1269/62
f 938/1270/67 940/1272/100 939/1271/100
f 940/1272/100 926/1476/65 925/1255/65
f 949/1273/65 950/1484/65 952/1274/96
f 952/1274/96 954/1485/68 953/1276/68
f 954/1277/68 956/1280/97 955/1278/97
f 956/1280/97 958/1486/98 957/1281/98
f 957/1281/98 958/1486/98 960/1282/99
f 960/1282/99 962/1288/67 961/1284/67
f 965/1487/62 948/1488/62 947/1285/62
f 947/1285/62 970/1489/62 969/1286/62
f 969/1286/62 968/1490/62 967/1287/62
f 967/1287/62 966/1491/62 965/1487/62
f 965/1487/62 947/1285/62 967/1287/62
f 962/1288/67 964/1290/100 963/1289/100
f 964/1290/100 950/1484/65 949/1273/65
f 974/1291/65 976/1294/96 975/1292/96
f 976/1294/96 978/1492/68 977/1295/68
f 977/1296/68 978/1493/68 980/1297/97
f 980/1297/97 982/1300/98 981/1299/98
f 982/1300/98 984/1302/99 983/1301/99
f 984/1302/99 986/1307/67 985/1303/67
f 989/1494/62 972/1495/62 971/1304/62
f 971/1304/62 994/1496/62 993/1305/62
f 993/1305/62 992/1497/62 991/1306/62
f 991/1306/62 990/1498/62 989/1494/62
f 989/1494/62 971/1304/62 991/1306/62
f 986/1307/67 988/1309/100 987/1308/100
f 988/1309/100 974/1291/65 973/1293/65
f 1063/1310/80 1059/1499/80 1074/1311/74
f 1065/1313/83 1061/1500/83 1072/1314/70
f 1017/1316/83 1013/1501/83 1024/1317/70
f 1001/1319/70 997/1330/70 998/1320/75
f 1002/1321/75 998/1320/75 1007/1322/81
f 999/1324/74 995/1335/74 996/1325/71
f 1000/1326/71 996/1325/71 1009/1327/94
f 1004/1329/83 1008/1502/83 997/1330/70
f 1015/1331/80 1011/1503/80 1026/1332/74
f 1006/1334/80 1010/1504/80 995/1335/74
f 1021/1336/71 1025/1339/71 1012/1337/94
f 1022/1333/74 1026/1332/74 1025/1339/71
f 1019/1340/75 1023/1343/75 1014/1341/81
f 1020/1318/70 1024/1317/70 1023/1343/75
f 1033/1344/70 1029/1371/70 1030/1345/75
f 1034/1346/75 1030/1345/75 1039/1347/81
f 1031/1349/74 1027/1358/74 1028/1350/71
f 1032/1351/71 1028/1350/71 1041/1352/94
f 1047/1354/80 1043/1505/80 1058/1355/74
f 1038/1357/80 1042/1506/80 1027/1358/74
f 1049/1359/83 1045/1507/83 1056/1360/70
f 1053/1362/71 1057/1365/71 1044/1363/94
f 1054/1356/74 1058/1355/74 1057/1365/71
f 1051/1366/75 1055/1369/75 1046/1367/81
f 1052/1361/70 1056/1360/70 1055/1369/75
f 1036/1370/83 1040/1508/83 1029/1371/70
f 1069/1372/71 1073/1375/71 1060/1373/94
f 1070/1312/74 1074/1311/74 1073/1375/71
f 1067/1376/75 1071/1379/75 1062/1377/81
f 1068/1315/70 1072/1314/70 1071/1379/75
f 1313/1380/87 1312/857/84 1310/859/84
f 1315/865/89 1321/866/89 1322/768/79
