# Rebuilt from crane_console.obj object Meter2 with the source-global OBJ index tables preserved
mtllib crane_console_meter2.mtl
v 0.692149 1.035764 -0.683693
v 0.692280 1.058377 -0.711010
v 0.683466 1.035764 -0.707840
v 0.700962 1.058377 -0.686862
v 0.713559 1.067744 -0.718661
v 0.722242 1.067744 -0.694513
v 0.734838 1.058377 -0.726312
v 0.743521 1.058377 -0.702164
v 0.743652 1.035764 -0.729481
v 0.752335 1.035764 -0.705334
v 0.734838 1.013151 -0.726312
v 0.743521 1.013151 -0.702164
v 0.713559 1.003785 -0.718661
v 0.722242 1.003785 -0.694513
v 0.692280 1.013151 -0.711010
v 0.700962 1.013151 -0.686862
v 0.757006 1.032631 -0.719519
v 0.731003 1.038897 -0.710169
v 0.757006 1.038897 -0.719519
v 0.731003 1.032631 -0.710169
v 0.734968 1.038897 -0.699141
v 0.734968 1.032631 -0.699141
v 0.760971 1.038897 -0.708491
v 0.760971 1.032631 -0.708491
v 0.683875 1.038018 -0.681787
v 0.683875 1.033816 -0.681787
v 0.680346 1.035917 -0.680519
v 0.696383 1.042221 -0.658085
v 0.713356 1.042221 -0.664187
v 0.704377 1.042221 -0.689159
v 0.689325 1.035917 -0.655547
v 0.692854 1.038018 -0.656816
v 0.696383 1.033816 -0.658085
v 0.687404 1.033816 -0.683056
v 0.696383 1.029613 -0.658085
v 0.687404 1.038018 -0.683056
v 0.682492 1.029613 -0.733662
v 0.687702 1.029613 -0.735535
v 0.704377 1.029613 -0.689159
v 0.687702 1.042221 -0.735535
v 0.687404 1.042221 -0.683056
v 0.696383 1.038018 -0.658085
v 0.692854 1.033816 -0.656816
v 0.682492 1.042221 -0.733662
v 0.713356 1.029613 -0.664187
v 0.687404 1.029613 -0.683056
v 0.759877 1.035764 -0.694812
v 0.598806 1.056565 -1.168236
v 0.590698 1.035764 -1.165320
v 0.767985 1.056565 -0.697727
v 0.618380 1.065181 -1.175274
v 0.787559 1.065181 -0.704765
v 0.637954 1.056565 -1.182312
v 0.807133 1.056565 -0.711803
v 0.646062 1.035764 -1.185228
v 0.815241 1.035764 -0.714719
v 0.637954 1.014963 -1.182312
v 0.807133 1.014963 -0.711803
v 0.618380 1.006347 -1.175274
v 0.787559 1.006347 -0.704765
v 0.598806 1.014963 -1.168236
v 0.767985 1.014963 -0.697727
v 0.544332 1.020228 -1.385557
v 0.548604 1.049507 -1.380858
v 0.544332 1.049507 -1.385557
v 0.548604 1.020228 -1.380858
v 0.554948 1.049507 -1.380556
v 0.554948 1.020228 -1.380556
v 0.559647 1.049507 -1.384829
v 0.559647 1.020228 -1.384829
v 0.559949 1.049507 -1.391173
v 0.559949 1.020228 -1.391173
v 0.555676 1.049507 -1.395872
v 0.555676 1.020228 -1.395872
v 0.549333 1.049507 -1.396173
v 0.549333 1.020228 -1.396173
v 0.544633 1.049507 -1.391901
v 0.544633 1.020228 -1.391901
v 0.496631 0.997377 -1.485690
v 0.496631 1.074152 -1.485690
v 0.415581 1.045215 -1.458066
v 0.477010 1.038732 -1.627683
v 0.489400 1.032797 -1.647032
v 0.477010 1.032797 -1.627683
v 0.464578 1.038732 -1.604343
v 0.464578 1.032797 -1.604343
v 0.536348 1.032797 -1.694010
v 0.538792 1.038732 -1.694847
v 0.538792 1.032797 -1.694847
v 0.513952 1.038866 -1.561843
v 0.507087 1.032638 -1.550864
v 0.513952 1.032663 -1.561843
v 0.430109 1.055225 -1.521909
v 0.422911 1.041705 -1.520928
v 0.425503 1.058102 -1.520881
v 0.442957 1.032797 -1.536957
v 0.455435 1.038732 -1.583264
v 0.455435 1.032797 -1.583264
v 0.521014 1.038732 -1.682495
v 0.525225 1.032797 -1.687010
v 0.521014 1.032797 -1.682495
v 0.530838 1.038732 -1.691225
v 0.530838 1.032797 -1.691225
v 0.440314 1.038732 -1.532288
v 0.440314 1.032797 -1.532288
v 0.525225 1.038732 -1.687010
v 0.559794 1.053258 -1.615229
v 0.558758 1.063808 -1.617134
v 0.557800 1.063808 -1.619798
v 0.422708 1.011845 -1.518055
v 0.419038 1.026314 -1.511065
v 0.420452 1.026314 -1.518019
v 0.520935 1.038851 -1.570701
v 0.520935 1.032677 -1.570701
v 0.433345 1.033059 -1.524612
v 0.415687 1.026314 -1.483283
v 0.417041 1.045215 -1.498211
v 0.417041 1.026314 -1.498211
v 0.419038 1.045215 -1.511065
v 0.440273 0.998881 -1.519687
v 0.435242 1.004834 -1.521136
v 0.443516 1.000634 -1.520263
v 0.498310 1.030952 -1.505816
v 0.496771 1.031138 -1.514354
v 0.496771 1.035764 -1.514354
v 0.502180 1.038928 -1.540707
v 0.502180 1.032601 -1.540707
v 0.499020 1.038981 -1.532603
v 0.497031 1.032475 -1.524158
v 0.499020 1.032548 -1.532603
v 0.497031 1.039054 -1.524158
v 0.496792 1.039153 -1.515142
v 0.498310 1.051768 -1.505816
v 0.498310 1.062960 -1.505816
v 0.500792 1.074152 -1.498296
v 0.428143 0.997377 -1.482553
v 0.429425 0.997377 -1.496689
v 0.500792 0.997377 -1.498296
v 0.415340 1.045215 -1.470280
v 0.415581 1.026314 -1.458066
v 0.415340 1.026314 -1.470280
v 0.415687 1.045215 -1.483283
v 0.428660 1.001254 -1.517735
v 0.436752 0.997377 -1.517133
v 0.430026 1.032185 -1.522566
v 0.429910 1.035764 -1.522436
v 0.496774 1.039560 -1.514461
v 0.496771 1.040391 -1.514354
v 0.496782 1.039314 -1.514756
v 0.484278 1.000622 -1.516503
v 0.448976 1.003017 -1.522102
v 0.484359 1.002998 -1.519120
v 0.452980 1.067640 -1.524261
v 0.484359 1.068531 -1.519120
v 0.484454 1.067661 -1.522485
v 0.433351 1.038685 -1.524616
v 0.429425 1.074152 -1.496689
v 0.428650 1.070258 -1.517789
v 0.423233 1.070275 -1.497450
v 0.429492 1.031970 -1.522376
v 0.422923 1.029988 -1.520670
v 0.435242 1.066695 -1.521136
v 0.431711 1.068777 -1.520392
v 0.430026 1.039344 -1.522566
v 0.429492 1.039559 -1.522376
v 0.496774 1.031968 -1.514461
v 0.496782 1.032214 -1.514756
v 0.496792 1.032376 -1.515142
v 0.448976 1.068511 -1.522102
v 0.484278 1.070907 -1.516503
v 0.452980 1.003889 -1.524261
v 0.484454 1.003868 -1.522485
v 0.478882 1.003860 -1.595031
v 0.461227 1.007737 -1.580949
v 0.470199 1.007737 -1.601632
v 0.456987 1.018328 -1.582644
v 0.466084 1.018328 -1.603616
v 0.478882 1.067669 -1.595031
v 0.461227 1.063792 -1.580949
v 0.470082 1.067669 -1.574744
v 0.470199 1.063792 -1.601632
v 0.456987 1.053200 -1.582644
v 0.466084 1.053200 -1.603616
v 0.490844 1.003860 -1.617489
v 0.482396 1.007737 -1.624531
v 0.478453 1.018328 -1.626839
v 0.490844 1.067668 -1.617489
v 0.482396 1.063792 -1.624531
v 0.502770 1.003860 -1.636112
v 0.494554 1.007737 -1.643517
v 0.490781 1.018328 -1.646090
v 0.502770 1.067668 -1.636112
v 0.490781 1.053200 -1.646090
v 0.478453 1.053200 -1.626839
v 0.489400 1.038732 -1.647032
v 0.533595 1.003860 -1.677699
v 0.525836 1.007737 -1.678522
v 0.529410 1.007737 -1.682355
v 0.522306 1.018328 -1.681430
v 0.526347 1.018328 -1.685763
v 0.533595 1.067669 -1.677699
v 0.525836 1.063792 -1.678522
v 0.530658 1.067668 -1.674550
v 0.529410 1.063792 -1.682355
v 0.522306 1.053200 -1.681430
v 0.526347 1.053200 -1.685763
v 0.534142 1.007737 -1.685908
v 0.537446 1.003860 -1.680592
v 0.531723 1.018328 -1.689801
v 0.534142 1.063792 -1.685908
v 0.538818 1.007737 -1.688272
v 0.541289 1.003861 -1.682534
v 0.537010 1.018328 -1.692473
v 0.537446 1.067669 -1.680592
v 0.538818 1.063792 -1.688272
v 0.537010 1.053200 -1.692473
v 0.531723 1.053200 -1.689801
v 0.536348 1.038732 -1.694010
v 0.542249 1.007737 -1.689658
v 0.545706 1.003860 -1.684468
v 0.539718 1.018328 -1.693457
v 0.541289 1.067668 -1.682534
v 0.542249 1.063792 -1.689658
v 0.539718 1.053200 -1.693457
v 0.530658 1.003860 -1.674550
v 0.494554 1.063792 -1.643517
v 0.448636 1.007737 -1.534331
v 0.454315 1.003860 -1.531705
v 0.440864 1.018287 -1.529869
v 0.444479 1.018328 -1.536253
v 0.448636 1.063792 -1.534331
v 0.443565 1.063756 -1.524691
v 0.440864 1.053242 -1.529869
v 0.444479 1.053200 -1.536253
v 0.470082 1.003860 -1.574744
v 0.454315 1.067668 -1.531705
v 0.442957 1.038732 -1.536957
v 0.511444 1.003859 -1.578805
v 0.508845 1.007718 -1.565437
v 0.503738 1.003859 -1.569030
v 0.516190 1.007720 -1.574753
v 0.512583 1.018261 -1.562806
v 0.519664 1.018268 -1.571787
v 0.511444 1.067670 -1.578805
v 0.508845 1.063810 -1.565437
v 0.516190 1.063808 -1.574753
v 0.512583 1.053267 -1.562806
v 0.519664 1.053260 -1.571787
v 0.501620 1.007715 -1.553882
v 0.496153 1.003859 -1.556901
v 0.505622 1.018249 -1.551673
v 0.503738 1.067670 -1.569030
v 0.501620 1.063814 -1.553882
v 0.505622 1.053280 -1.551673
v 0.507087 1.038890 -1.550864
v 0.490739 1.003859 -1.545693
v 0.496460 1.007710 -1.543200
v 0.500647 1.018230 -1.541375
v 0.490739 1.067669 -1.545693
v 0.496153 1.067669 -1.556901
v 0.496460 1.063819 -1.543200
v 0.560523 1.038848 -1.613557
v 0.560751 1.053258 -1.612565
v 0.555077 1.067669 -1.626040
v 0.487082 1.003860 -1.536316
v 0.490784 1.007693 -1.524833
v 0.484537 1.003860 -1.525508
v 0.493051 1.007703 -1.534459
v 0.495357 1.018167 -1.524339
v 0.497420 1.018204 -1.533100
v 0.487082 1.067669 -1.536316
v 0.490784 1.063835 -1.524833
v 0.493051 1.063826 -1.534459
v 0.495357 1.053361 -1.524339
v 0.497420 1.053325 -1.533100
v 0.490498 1.069629 -1.514866
v 0.490535 1.066708 -1.515807
v 0.495090 1.057271 -1.514491
v 0.495108 1.055235 -1.515059
v 0.500647 1.053298 -1.541375
v 0.436377 1.018478 -1.524820
v 0.443564 1.007801 -1.524691
v 0.498310 1.074152 -1.505816
v 0.484224 1.074152 -1.515378
v 0.425528 1.013375 -1.520750
v 0.430109 1.016304 -1.521909
v 0.440237 1.072667 -1.519681
v 0.420390 1.045105 -1.518407
v 0.421577 1.001254 -1.470259
v 0.421915 1.001254 -1.482918
v 0.417011 1.011845 -1.470274
v 0.417356 1.011845 -1.483185
v 0.428143 1.074152 -1.482553
v 0.421577 1.070275 -1.470259
v 0.427814 1.074152 -1.470237
v 0.421915 1.070275 -1.482918
v 0.417011 1.059683 -1.470274
v 0.417356 1.059683 -1.483185
v 0.423233 1.001254 -1.497450
v 0.418700 1.011845 -1.498007
v 0.418979 1.011845 -1.499808
v 0.418979 1.059683 -1.499808
v 0.418700 1.059683 -1.498007
v 0.417240 1.059683 -1.458632
v 0.421776 1.070275 -1.460177
v 0.427971 1.074152 -1.462289
v 0.427971 0.997377 -1.462289
v 0.427814 0.997377 -1.470237
v 0.421776 1.001254 -1.460177
v 0.417240 1.011845 -1.458632
v 0.498310 0.997377 -1.505816
v 0.490498 1.001900 -1.514866
v 0.498310 1.008569 -1.505816
v 0.495090 1.014257 -1.514491
v 0.498310 1.019761 -1.505816
v 0.484224 0.997377 -1.515378
v 0.490535 1.004820 -1.515807
v 0.495108 1.016294 -1.515059
v 0.436380 1.053158 -1.524822
v 0.490602 1.006910 -1.518150
v 0.495149 1.017604 -1.516552
v 0.490688 1.007684 -1.521243
v 0.495203 1.018119 -1.518555
v 0.490602 1.064619 -1.518150
v 0.490688 1.063844 -1.521243
v 0.495149 1.053925 -1.516552
v 0.495203 1.053410 -1.518555
v 0.439849 1.006929 -1.522719
v 0.432913 1.017605 -1.522889
v 0.439605 0.997377 -1.519021
v 0.443516 1.070895 -1.520263
v 0.439605 1.074152 -1.519021
v 0.422666 1.059620 -1.518251
v 0.439849 1.064600 -1.522719
v 0.432913 1.053924 -1.522889
v 0.484537 1.067669 -1.525508
v 0.560523 1.032681 -1.613557
v 0.561481 1.038848 -1.610893
v 0.557800 1.007721 -1.619798
v 0.556035 1.003860 -1.623376
v 0.558758 1.007721 -1.617134
v 0.559794 1.018270 -1.615229
v 0.561481 1.032681 -1.610893
v 0.568994 1.038847 -1.619025
v 0.566654 1.007721 -1.625682
v 0.568367 1.018271 -1.620809
v 0.560751 1.018270 -1.612565
v 0.568994 1.032682 -1.619025
v 0.568367 1.053258 -1.620809
v 0.566654 1.063807 -1.625682
v 0.556035 1.067669 -1.623376
v 0.564315 1.067669 -1.632339
v 0.564315 1.003860 -1.632339
v 0.436753 1.074152 -1.517136
v 0.431726 1.002745 -1.520363
v 0.545706 1.067669 -1.684468
v 0.536263 1.005153 -1.669843
v 0.480905 1.005153 -1.600961
v 0.484860 1.005153 -1.597783
v 0.483150 1.001881 -1.597014
v 0.483150 1.005153 -1.597014
v 0.540217 1.001881 -1.666665
v 0.484860 1.001881 -1.597783
v 0.480905 1.001881 -1.600961
v 0.480522 1.005153 -1.599126
v 0.540217 1.005153 -1.666665
v 0.540601 1.005153 -1.668500
v 0.536263 1.001881 -1.669843
v 0.540601 1.001881 -1.668500
v 0.540299 1.005153 -1.670817
v 0.540299 1.001881 -1.670817
v 0.537972 1.005153 -1.670613
v 0.480823 1.001881 -1.596809
v 0.480823 1.005153 -1.596809
v 0.480522 1.001881 -1.599126
v 0.537972 1.001881 -1.670613
v 0.540851 1.005153 -1.660091
v 0.485523 1.005153 -1.591245
v 0.489477 1.005153 -1.588066
v 0.487763 1.001881 -1.587291
v 0.487763 1.005153 -1.587291
v 0.544806 1.001881 -1.656912
v 0.489477 1.001881 -1.588066
v 0.485523 1.001881 -1.591245
v 0.485134 1.005153 -1.589403
v 0.544806 1.005153 -1.656912
v 0.545194 1.005153 -1.658754
v 0.540851 1.001881 -1.660091
v 0.545194 1.001881 -1.658754
v 0.544898 1.005153 -1.661076
v 0.544898 1.001881 -1.661076
v 0.542566 1.005153 -1.660866
v 0.485431 1.001881 -1.587081
v 0.485431 1.005153 -1.587081
v 0.485134 1.001881 -1.589403
v 0.542566 1.001881 -1.660866
v 0.549330 1.005153 -1.639237
v 0.494024 1.005153 -1.570419
v 0.497979 1.005153 -1.567241
v 0.496260 1.001881 -1.566461
v 0.496260 1.005153 -1.566461
v 0.553285 1.001881 -1.636059
v 0.497979 1.001881 -1.567241
v 0.494024 1.001881 -1.570419
v 0.493632 1.005153 -1.568573
v 0.553285 1.005153 -1.636059
v 0.553677 1.005153 -1.637905
v 0.549330 1.001881 -1.639237
v 0.553677 1.001881 -1.637905
v 0.553384 1.005153 -1.640232
v 0.553384 1.001881 -1.640232
v 0.551049 1.005153 -1.640017
v 0.493925 1.001881 -1.566246
v 0.493925 1.005153 -1.566246
v 0.493632 1.001881 -1.568573
v 0.551049 1.001881 -1.640017
v 0.544834 1.005153 -1.649123
v 0.489528 1.005153 -1.580305
v 0.493483 1.005153 -1.577127
v 0.491764 1.001881 -1.576347
v 0.491764 1.005153 -1.576347
v 0.548789 1.001881 -1.645945
v 0.493483 1.001881 -1.577127
v 0.489528 1.001881 -1.580305
v 0.489136 1.005153 -1.578459
v 0.548789 1.005153 -1.645945
v 0.549181 1.005153 -1.647791
v 0.544834 1.001881 -1.649123
v 0.549181 1.001881 -1.647791
v 0.548888 1.005153 -1.650118
v 0.548888 1.001881 -1.650118
v 0.546552 1.005153 -1.649903
v 0.489428 1.001881 -1.576132
v 0.489428 1.005153 -1.576132
v 0.489136 1.001881 -1.578459
v 0.546552 1.001881 -1.649903
v 0.536263 1.069648 -1.669843
v 0.480905 1.069648 -1.600961
v 0.484860 1.069648 -1.597783
v 0.483150 1.066375 -1.597014
v 0.483150 1.069648 -1.597014
v 0.540217 1.066375 -1.666665
v 0.484860 1.066375 -1.597783
v 0.480905 1.066375 -1.600961
v 0.480522 1.069648 -1.599126
v 0.540217 1.069648 -1.666665
v 0.540601 1.069648 -1.668500
v 0.536263 1.066375 -1.669843
v 0.540601 1.066375 -1.668500
v 0.540299 1.069648 -1.670817
v 0.540299 1.066375 -1.670817
v 0.537972 1.069648 -1.670613
v 0.480823 1.066375 -1.596809
v 0.480823 1.069648 -1.596809
v 0.480522 1.066375 -1.599126
v 0.537972 1.066375 -1.670613
v 0.540851 1.069648 -1.660091
v 0.485523 1.069648 -1.591245
v 0.489477 1.069648 -1.588066
v 0.487763 1.066375 -1.587291
v 0.487763 1.069648 -1.587291
v 0.544806 1.066375 -1.656912
v 0.489477 1.066375 -1.588066
v 0.485523 1.066375 -1.591245
v 0.485134 1.069648 -1.589403
v 0.544806 1.069648 -1.656912
v 0.545194 1.069648 -1.658754
v 0.540851 1.066375 -1.660091
v 0.545194 1.066375 -1.658754
v 0.544898 1.069648 -1.661076
v 0.544898 1.066375 -1.661076
v 0.542566 1.069648 -1.660866
v 0.485431 1.066375 -1.587081
v 0.485431 1.069648 -1.587081
v 0.485134 1.066375 -1.589403
v 0.542566 1.066375 -1.660866
v 0.549330 1.069648 -1.639237
v 0.494024 1.069648 -1.570419
v 0.497979 1.069648 -1.567241
v 0.496260 1.066375 -1.566461
v 0.496260 1.069648 -1.566461
v 0.553285 1.066375 -1.636059
v 0.497979 1.066375 -1.567241
v 0.494024 1.066375 -1.570419
v 0.493632 1.069648 -1.568573
v 0.553285 1.069648 -1.636059
v 0.553677 1.069648 -1.637905
v 0.549330 1.066375 -1.639237
v 0.553677 1.066375 -1.637905
v 0.553384 1.069648 -1.640232
v 0.553384 1.066375 -1.640232
v 0.551049 1.069648 -1.640017
v 0.493925 1.066375 -1.566246
v 0.493925 1.069648 -1.566246
v 0.493632 1.066375 -1.568573
v 0.551049 1.066375 -1.640017
v 0.544834 1.069648 -1.649123
v 0.489528 1.069648 -1.580305
v 0.493483 1.069648 -1.577127
v 0.491764 1.066375 -1.576347
v 0.491764 1.069648 -1.576347
v 0.548789 1.066375 -1.645945
v 0.493483 1.066375 -1.577127
v 0.489528 1.066375 -1.580305
v 0.489136 1.069648 -1.578459
v 0.548789 1.069648 -1.645945
v 0.549181 1.069648 -1.647791
v 0.544834 1.066375 -1.649123
v 0.549181 1.066375 -1.647791
v 0.548888 1.069648 -1.650118
v 0.548888 1.066375 -1.650118
v 0.546552 1.069648 -1.649903
v 0.489428 1.066375 -1.576132
v 0.489428 1.069648 -1.576132
v 0.489136 1.066375 -1.578459
v 0.546552 1.066375 -1.649903
v 0.498310 1.040576 -1.505816
v 0.555077 1.003860 -1.626040
v 0.513440 0.998725 -1.433918
v 0.495210 1.001154 -1.427363
v 0.513440 1.001154 -1.433918
v 0.495210 0.998725 -1.427363
v 0.578615 1.001153 -1.195405
v 0.578615 0.998725 -1.195405
v 0.596844 1.001153 -1.201959
v 0.596844 0.998725 -1.201959
v 0.509272 1.074130 -1.444486
v 0.484943 1.070375 -1.435738
v 0.484943 1.074130 -1.435738
v 0.563785 1.070375 -1.216468
v 0.563785 1.074129 -1.216468
v 0.598405 1.074129 -1.196595
v 0.588114 1.074129 -1.225216
v 0.588114 1.070375 -1.225216
v 0.509272 1.070375 -1.444486
v 0.574076 1.070375 -1.187847
v 0.598405 1.070375 -1.196595
v 0.543309 1.074129 -1.176785
v 0.574076 1.074129 -1.187847
v 0.533018 1.074129 -1.205405
v 0.543309 1.070375 -1.176785
v 0.533018 1.070375 -1.205405
v 0.619333 1.001153 -1.176606
v 0.566003 1.001153 -1.110426
v 0.571481 1.001153 -1.160024
v 0.533104 1.001153 -1.281312
v 0.530132 1.001153 -1.286527
v 0.439596 1.055536 -1.374785
v 0.428063 1.015992 -1.410344
v 0.439596 1.015992 -1.374785
v 0.566003 1.070375 -1.110426
v 0.503031 1.070375 -1.501351
v 0.503031 1.001154 -1.501351
v 0.435301 1.070375 -1.476998
v 0.428063 1.055536 -1.410344
v 0.422002 1.015992 -1.441826
v 0.425381 1.070375 -1.465533
v 0.425381 1.001154 -1.465533
v 0.422002 1.055536 -1.441826
v 0.435301 1.001154 -1.476998
v 0.538240 1.055536 -1.100443
v 0.465229 1.001154 -1.389116
v 0.458451 1.002283 -1.376174
v 0.451007 1.002283 -1.397240
v 0.448542 1.005500 -1.375444
v 0.438949 1.005500 -1.404127
v 0.441922 1.010314 -1.374956
v 0.430892 1.010314 -1.408728
v 0.465229 1.070375 -1.389116
v 0.458451 1.069246 -1.376174
v 0.470140 1.070375 -1.377035
v 0.451007 1.069246 -1.397240
v 0.448542 1.066029 -1.375444
v 0.438949 1.066029 -1.404127
v 0.441922 1.061215 -1.374956
v 0.430892 1.061215 -1.408728
v 0.424088 1.002283 -1.456461
v 0.422991 1.005500 -1.448770
v 0.422259 1.010314 -1.443631
v 0.422991 1.066029 -1.448770
v 0.422259 1.061215 -1.443631
v 0.540354 1.061215 -1.101203
v 0.546372 1.066029 -1.103367
v 0.555379 1.069245 -1.106606
v 0.555379 1.002283 -1.106606
v 0.540448 1.002283 -1.148130
v 0.542563 1.002074 -1.148427
v 0.470140 1.001154 -1.377035
v 0.504003 1.001153 -1.282856
v 0.495346 1.002074 -1.279744
v 0.489446 1.005053 -1.265613
v 0.529016 1.005053 -1.155564
v 0.546372 1.005499 -1.103367
v 0.540354 1.010314 -1.101203
v 0.538240 1.015992 -1.100443
v 0.662439 1.001153 -1.145520
v 0.647915 1.070375 -1.186987
v 0.662439 1.070375 -1.145520
v 0.619333 1.070375 -1.176606
v 0.647915 1.001153 -1.186987
v 0.573704 1.034203 -1.165348
v 0.571481 1.034203 -1.160024
v 0.530132 1.034203 -1.286527
v 0.525028 1.001153 -1.289216
v 0.533104 1.034203 -1.281312
v 0.572674 1.001153 -1.171262
v 0.572674 1.034203 -1.171262
v 0.557312 1.039003 -1.182406
v 0.533764 1.039003 -1.173938
v 0.528356 1.039003 -1.262937
v 0.573704 1.001153 -1.165348
v 0.490639 1.003398 -1.276851
v 0.495346 1.034203 -1.279744
v 0.519557 1.001153 -1.288449
v 0.519557 1.034203 -1.288449
v 0.490639 1.034203 -1.276851
v 0.488416 1.004706 -1.271528
v 0.566774 1.001153 -1.157132
v 0.566774 1.034203 -1.157132
v 0.488416 1.034203 -1.271528
v 0.537092 1.034203 -1.147659
v 0.531988 1.004706 -1.150348
v 0.531988 1.034203 -1.150348
v 0.489446 1.034203 -1.265613
v 0.525028 1.034203 -1.289216
v 0.537092 1.003398 -1.147659
v 0.551220 1.001153 -1.151539
v 0.569832 1.037775 -1.171952
v 0.531353 1.037775 -1.278970
v 0.532040 1.039003 -1.263454
v 0.530318 1.037775 -1.280785
v 0.568668 1.037775 -1.166247
v 0.564354 1.037775 -1.163596
v 0.570191 1.037775 -1.169894
v 0.560482 1.039003 -1.184353
v 0.542563 1.034203 -1.148427
v 0.530080 1.039003 -1.173422
v 0.535299 1.037775 -1.154249
v 0.531802 1.037775 -1.156091
v 0.501638 1.039003 -1.252522
v 0.491929 1.037775 -1.266981
v 0.493452 1.037775 -1.270628
v 0.521807 1.037775 -1.281924
v 0.526821 1.037775 -1.282627
v 0.504807 1.039003 -1.254470
v 0.530767 1.037775 -1.157906
v 0.529016 1.034203 -1.155564
v 0.492288 1.037775 -1.264923
v 0.497766 1.037775 -1.273279
v 0.540312 1.037775 -1.154952
v 0.424088 1.069246 -1.456461
v 0.493527 1.002283 -1.278626
v 0.707876 1.035764 -0.647525
v 0.546805 1.056565 -1.120949
v 0.538697 1.035764 -1.118034
v 0.715984 1.056565 -0.650440
v 0.566379 1.065181 -1.127987
v 0.735558 1.065181 -0.657479
v 0.585953 1.056565 -1.135026
v 0.755132 1.056565 -0.664517
v 0.594061 1.035764 -1.137941
v 0.763240 1.035764 -0.667432
v 0.585953 1.014963 -1.135026
v 0.755132 1.014963 -0.664517
v 0.566379 1.006347 -1.127987
v 0.735558 1.006347 -0.657479
v 0.546805 1.014963 -1.120949
v 0.715984 1.014963 -0.650440
v 0.721610 1.035764 -0.601756
v 0.711158 1.058377 -0.658507
v 0.702344 1.035764 -0.655338
v 0.730424 1.058377 -0.604925
v 0.732437 1.067744 -0.666158
v 0.751703 1.067744 -0.612576
v 0.753716 1.058377 -0.673810
v 0.772982 1.058377 -0.620228
v 0.762530 1.035764 -0.676979
v 0.781796 1.035764 -0.623397
v 0.753716 1.013151 -0.673810
v 0.772982 1.013151 -0.620228
v 0.732437 1.003785 -0.666158
v 0.751703 1.003785 -0.612576
v 0.751703 1.009534 -0.612576
v 0.734249 1.054312 -0.606300
v 0.751703 1.061995 -0.612576
v 0.711158 1.013151 -0.658507
v 0.730424 1.013151 -0.604925
v 0.732437 1.009534 -0.666158
v 0.749891 1.017216 -0.672434
v 0.714983 1.054312 -0.659882
v 0.707753 1.035764 -0.657283
v 0.732437 1.061995 -0.666158
v 0.749891 1.054312 -0.672434
v 0.769157 1.054312 -0.618852
v 0.757121 1.035764 -0.675034
v 0.776387 1.035764 -0.621452
v 0.769157 1.017216 -0.618852
v 0.734249 1.017216 -0.606300
v 0.714983 1.017216 -0.659882
v 0.727020 1.035764 -0.603701
v 0.753707 1.035764 -0.705628
v 0.755533 1.058083 -0.727871
v 0.746833 1.035764 -0.724743
v 0.762406 1.058083 -0.708756
v 0.776535 1.067328 -0.735423
v 0.783409 1.067328 -0.716308
v 0.797538 1.058083 -0.742975
v 0.804411 1.058083 -0.723859
v 0.806237 1.035764 -0.746103
v 0.813110 1.035764 -0.726987
v 0.797538 1.013445 -0.742975
v 0.804411 1.013445 -0.723859
v 0.776535 1.004200 -0.735423
v 0.783409 1.004200 -0.716308
v 0.755533 1.013445 -0.727871
v 0.762406 1.013445 -0.708756
v 0.585552 1.001153 -1.115745
v 0.589794 0.998029 -1.104150
v 0.589564 1.001153 -1.104585
v 0.744124 1.065964 -0.891414
v 0.673053 1.066293 -0.872391
v 0.675133 1.065964 -0.866607
v 0.809292 1.015851 -0.749462
v 0.756634 1.055639 -0.895912
v 0.809292 1.055677 -0.749462
v 0.671533 1.004444 -0.876620
v 0.742301 1.005236 -0.897291
v 0.673053 1.005236 -0.872391
v 0.656907 1.001153 -1.075545
v 0.661214 1.001153 -1.065693
v 0.661427 1.001153 -1.059562
v 0.598482 1.001153 -1.081104
v 0.599859 1.001153 -1.077275
v 0.667855 1.001153 -1.057394
v 0.671401 1.001153 -1.094040
v 0.673333 1.001153 -1.097359
v 0.744124 1.005564 -0.891414
v 0.675133 1.005564 -0.866607
v 0.669354 1.069255 -0.882679
v 0.741517 1.067086 -0.901788
v 0.741653 1.069253 -0.908672
v 0.727792 1.065964 -0.720157
v 0.727792 1.005564 -0.720157
v 0.796817 1.005564 -0.744976
v 0.671757 1.060087 -1.146741
v 0.671757 1.011441 -1.146741
v 0.659283 1.070375 -1.142256
v 0.669354 1.002274 -0.882679
v 0.741517 1.004442 -0.901788
v 0.665754 1.001153 -0.892692
v 0.741086 1.001482 -0.913246
v 0.667834 1.001482 -0.886908
v 0.754904 1.015669 -0.901823
v 0.756634 1.015890 -0.895912
v 0.754229 1.056514 -0.906359
v 0.754364 1.012848 -0.913241
v 0.754364 1.058680 -0.913241
v 0.742301 1.066293 -0.897291
v 0.671533 1.067085 -0.876620
v 0.754229 1.015015 -0.906359
v 0.741086 1.070046 -0.913246
v 0.665754 1.070375 -0.892692
v 0.667834 1.070047 -0.886908
v 0.751960 1.011479 -0.923688
v 0.753689 1.059613 -0.917777
v 0.753689 1.011915 -0.917777
v 0.741653 1.002275 -0.908672
v 0.753216 1.010452 -0.901216
v 0.752526 1.009729 -0.905746
v 0.747873 1.005859 -0.904073
v 0.748603 1.006633 -0.899557
v 0.754958 1.010727 -0.895309
v 0.750379 1.006948 -0.893663
v 0.754904 1.055860 -0.901823
v 0.754958 1.060802 -0.895309
v 0.748603 1.064895 -0.899557
v 0.750379 1.064581 -0.893663
v 0.753216 1.061076 -0.901216
v 0.747873 1.065670 -0.904073
v 0.752661 1.063967 -0.912629
v 0.747388 1.068648 -0.915512
v 0.748009 1.067837 -0.910956
v 0.751960 1.060049 -0.923688
v 0.752001 1.064830 -0.917170
v 0.745705 1.068991 -0.921439
v 0.739451 1.070375 -0.919191
v 0.752001 1.006699 -0.917170
v 0.750284 1.006316 -0.923086
v 0.745705 1.002537 -0.921439
v 0.747388 1.002880 -0.915512
v 0.739451 1.001153 -0.919191
v 0.752661 1.007562 -0.912629
v 0.748009 1.003692 -0.910956
v 0.807621 1.060821 -0.748860
v 0.803055 1.064586 -0.747219
v 0.796817 1.065964 -0.744976
v 0.752526 1.061800 -0.905746
v 0.803055 1.006942 -0.747219
v 0.585552 1.070375 -1.115745
v 0.589794 1.073499 -1.104149
v 0.585341 1.073499 -1.116289
v 0.669529 1.002532 -1.133345
v 0.664216 0.998030 -1.130918
v 0.671017 0.999532 -1.133364
v 0.665520 1.068997 -1.144498
v 0.671624 1.067891 -1.147313
v 0.670086 1.065231 -1.146140
v 0.675768 1.011443 -1.135588
v 0.674096 1.006298 -1.134987
v 0.663291 1.001153 -1.131102
v 0.670864 1.070375 -1.036388
v 0.674544 1.070375 -1.035088
v 0.668145 1.070375 -1.057329
v 0.615303 0.996639 -1.034018
v 0.665366 1.001153 -1.052019
v 0.615303 1.001153 -1.034018
v 0.673716 1.074889 -1.028455
v 0.623762 1.070375 -1.010493
v 0.673716 1.070375 -1.028455
v 0.603991 0.996639 -1.065477
v 0.606844 1.001153 -1.057544
v 0.603991 1.001153 -1.065477
v 0.603991 1.074889 -1.065477
v 0.606844 1.070375 -1.057544
v 0.606844 1.074889 -1.057544
v 0.599859 1.070375 -1.077275
v 0.589565 1.070375 -1.104584
v 0.603991 1.070375 -1.065477
v 0.654055 0.996639 -1.083478
v 0.654055 1.001153 -1.083478
v 0.653946 1.074889 -1.083439
v 0.632221 0.996639 -0.986968
v 0.682284 1.001153 -1.004969
v 0.632221 1.001153 -0.986968
v 0.682175 1.074889 -1.004930
v 0.632221 1.070375 -0.986968
v 0.682175 1.070375 -1.004930
v 0.612450 0.996639 -1.041952
v 0.612450 1.001153 -1.041952
v 0.612450 1.074889 -1.041952
v 0.615303 1.070375 -1.034018
v 0.615303 1.074889 -1.034018
v 0.606844 0.996639 -1.057544
v 0.656798 1.074889 -1.075506
v 0.656798 1.070375 -1.075506
v 0.662405 1.074889 -1.059914
v 0.661427 1.070375 -1.059562
v 0.668142 1.074909 -1.057332
v 0.667445 1.070410 -1.054955
v 0.667299 0.996639 -1.055338
v 0.665366 0.996639 -1.052019
v 0.662514 0.996639 -1.059953
v 0.674544 1.074889 -1.035088
v 0.670864 1.074889 -1.036388
v 0.620909 0.996639 -1.018426
v 0.623762 1.001153 -1.010493
v 0.620909 1.001153 -1.018426
v 0.620909 1.074889 -1.018426
v 0.623762 1.074889 -1.010493
v 0.658840 0.996639 -1.078864
v 0.656907 0.996639 -1.075545
v 0.665257 1.074889 -1.051980
v 0.670973 1.001153 -1.036427
v 0.670973 0.996639 -1.036427
v 0.620909 1.070375 -1.018426
v 0.690634 1.074889 -0.981404
v 0.640680 1.070375 -0.963442
v 0.690634 1.070375 -0.981404
v 0.640680 0.996639 -0.963442
v 0.690743 1.001153 -0.981443
v 0.640680 1.001153 -0.963442
v 0.699093 1.074889 -0.957879
v 0.649138 1.070375 -0.939917
v 0.699093 1.070375 -0.957879
v 0.629368 0.996639 -0.994901
v 0.629368 1.001153 -0.994901
v 0.629368 1.074889 -0.994901
v 0.632221 1.074889 -0.986968
v 0.623762 0.996639 -1.010493
v 0.673825 1.001153 -1.028494
v 0.657627 1.074889 -1.082139
v 0.679432 1.001153 -1.012902
v 0.679432 0.996639 -1.012902
v 0.679323 1.074889 -1.012863
v 0.629368 1.070375 -0.994901
v 0.649138 0.996639 -0.939917
v 0.699202 1.001153 -0.957918
v 0.649138 1.001153 -0.939917
v 0.707552 1.074889 -0.934353
v 0.657597 1.070375 -0.916391
v 0.707552 1.070375 -0.934353
v 0.637827 0.996639 -0.971375
v 0.637827 1.001153 -0.971375
v 0.637827 1.074889 -0.971375
v 0.640680 1.074889 -0.963442
v 0.675758 0.996639 -1.031813
v 0.673825 0.996639 -1.028494
v 0.687891 1.001153 -0.989376
v 0.687891 0.996639 -0.989376
v 0.687782 1.074889 -0.989337
v 0.637827 1.070375 -0.971375
v 0.657597 0.996639 -0.916391
v 0.707661 1.001153 -0.934392
v 0.657597 1.001153 -0.916391
v 0.598482 1.074889 -1.081104
v 0.658376 1.070375 -1.102640
v 0.667062 1.074889 -1.105763
v 0.646286 0.996639 -0.947850
v 0.646286 1.001153 -0.947850
v 0.646286 1.074889 -0.947850
v 0.649138 1.074889 -0.939917
v 0.684217 0.996639 -1.008288
v 0.682284 0.996639 -1.004969
v 0.696350 1.001153 -0.965851
v 0.696350 0.996639 -0.965851
v 0.696241 1.074889 -0.965812
v 0.646286 1.070375 -0.947850
v 0.671401 0.996639 -1.094040
v 0.658069 1.001153 -1.089246
v 0.667891 1.074889 -1.112396
v 0.664210 1.074889 -1.113697
v 0.654745 0.996639 -0.924324
v 0.654745 1.001153 -0.924324
v 0.654745 1.074889 -0.924324
v 0.657597 1.074889 -0.916391
v 0.692676 0.996639 -0.984762
v 0.690743 0.996639 -0.981443
v 0.683003 1.074889 -1.011562
v 0.704808 1.001153 -0.942326
v 0.704808 0.996639 -0.942326
v 0.704700 1.074889 -0.942286
v 0.654745 1.070375 -0.924324
v 0.709594 0.996639 -0.937711
v 0.707661 0.996639 -0.934392
v 0.595630 0.996639 -1.089038
v 0.595630 1.001153 -1.089038
v 0.595630 1.074889 -1.089038
v 0.598482 1.070375 -1.081104
v 0.701135 0.996639 -0.961237
v 0.699202 0.996639 -0.957918
v 0.691462 1.074889 -0.988037
v 0.658583 1.001153 -1.111673
v 0.664319 0.996639 -1.113736
v 0.602712 1.074889 -1.069342
v 0.602712 1.070375 -1.069342
v 0.658069 1.070375 -1.089246
v 0.664210 1.070375 -1.113697
v 0.658583 1.070375 -1.111673
v 0.669104 0.996639 -1.109121
v 0.667171 0.996639 -1.105803
v 0.708380 1.074889 -0.940986
v 0.599859 0.996639 -1.077275
v 0.602712 1.001153 -1.069342
v 0.599859 1.074889 -1.077275
v 0.658376 1.001153 -1.102640
v 0.598482 0.996639 -1.081104
v 0.699921 1.074889 -0.964511
v 0.658276 1.001153 -1.098279
v 0.668439 1.074889 -1.101934
v 0.668439 1.070375 -1.101934
v 0.658276 1.070375 -1.098279
v 0.659396 1.001153 -1.080919
v 0.657658 1.001153 -1.082150
v 0.658840 1.001153 -1.078864
v 0.674576 1.001153 -1.035099
v 0.683035 1.001153 -1.011574
v 0.699953 1.001153 -0.964523
v 0.708412 1.001153 -0.940997
v 0.664319 1.001153 -1.113736
v 0.667922 0.996639 -1.112408
v 0.667922 1.001153 -1.112408
v 0.669660 0.996639 -1.111177
v 0.708412 0.996639 -0.940997
v 0.710149 0.996639 -0.939767
v 0.662514 1.001153 -1.059953
v 0.666117 0.996639 -1.058625
v 0.666117 1.001153 -1.058625
v 0.667855 0.996639 -1.057394
v 0.674576 0.996639 -1.035099
v 0.676314 0.996639 -1.033868
v 0.683035 0.996639 -1.011574
v 0.684773 0.996639 -1.010343
v 0.691494 0.996639 -0.988048
v 0.691494 1.001153 -0.988048
v 0.693232 0.996639 -0.986817
v 0.699953 0.996639 -0.964523
v 0.701690 0.996639 -0.963292
v 0.673889 1.001153 -1.099414
v 0.673333 0.996639 -1.097359
v 0.673889 0.996639 -1.099414
v 0.657658 0.996639 -1.082150
v 0.659396 0.996639 -1.080919
v 0.667299 1.001153 -1.055338
v 0.676314 1.001153 -1.033868
v 0.675758 1.001153 -1.031813
v 0.693232 1.001153 -0.986817
v 0.692676 1.001153 -0.984762
v 0.701690 1.001153 -0.963292
v 0.701135 1.001153 -0.961237
v 0.710149 1.001153 -0.939767
v 0.709594 1.001153 -0.937711
v 0.668548 1.001153 -1.101973
v 0.672152 0.996639 -1.100645
v 0.668548 0.996639 -1.101973
v 0.672152 1.001153 -1.100645
v 0.684773 1.001153 -1.010343
v 0.684217 1.001153 -1.008288
v 0.669660 1.001153 -1.111177
v 0.669104 1.001153 -1.109121
v 0.653946 1.070375 -1.083439
v 0.657627 1.070375 -1.082139
v 0.659396 1.070375 -1.080919
v 0.612450 1.070375 -1.041952
v 0.679323 1.070375 -1.012863
v 0.683003 1.070375 -1.011562
v 0.687782 1.070375 -0.989337
v 0.691462 1.070375 -0.988037
v 0.696241 1.070375 -0.965812
v 0.699921 1.070375 -0.964511
v 0.701103 1.070375 -0.961225
v 0.704700 1.070375 -0.942286
v 0.708380 1.070375 -0.940986
v 0.676314 1.070375 -1.033868
v 0.676314 1.074889 -1.033868
v 0.658808 1.074889 -1.078852
v 0.658808 1.070375 -1.078852
v 0.659396 1.074889 -1.080919
v 0.675726 1.074889 -1.031802
v 0.675726 1.070375 -1.031802
v 0.684185 1.074889 -1.008276
v 0.684185 1.070375 -1.008276
v 0.684773 1.074889 -1.010343
v 0.701103 1.074889 -0.961225
v 0.701690 1.074889 -0.963292
v 0.667062 1.070375 -1.105763
v 0.669072 1.074889 -1.109110
v 0.669072 1.070375 -1.109110
v 0.669660 1.074889 -1.111177
v 0.673889 1.070375 -1.099414
v 0.672120 1.074889 -1.100633
v 0.673889 1.074889 -1.099414
v 0.672120 1.070375 -1.100633
v 0.693232 1.070375 -0.986817
v 0.693232 1.074889 -0.986817
v 0.692644 1.074889 -0.984751
v 0.692644 1.070375 -0.984751
v 0.701690 1.070375 -0.963292
v 0.710149 1.070375 -0.939767
v 0.710149 1.074889 -0.939767
v 0.709562 1.074889 -0.937700
v 0.709562 1.070375 -0.937700
v 0.671292 1.070375 -1.094001
v 0.673302 1.074889 -1.097347
v 0.671292 1.074889 -1.094001
v 0.673302 1.070375 -1.097347
v 0.684773 1.070375 -1.010343
v 0.666085 1.070375 -1.058613
v 0.666095 1.074943 -1.058587
v 0.669660 1.070375 -1.111177
v 0.667891 1.070375 -1.112396
v 0.667443 1.074943 -1.054959
v 0.665260 1.070356 -1.051977
v 0.677818 1.062281 -1.135809
v 0.675768 1.060086 -1.135588
v 0.659283 1.001153 -1.142256
v 0.585341 0.998029 -1.116289
v 0.674096 1.065230 -1.134987
v 0.675996 1.067890 -1.135154
v 0.663291 1.070375 -1.131102
v 0.750284 1.065212 -0.923086
v 0.669529 1.068996 -1.133345
v 0.673446 1.009246 -1.147969
v 0.673446 1.062283 -1.147969
v 0.658992 1.001153 -1.129556
v 0.659529 0.998030 -1.129233
v 0.659845 1.073499 -1.143078
v 0.671017 1.071996 -1.133364
v 0.665520 1.002532 -1.144498
v 0.659846 0.998030 -1.143078
v 0.666646 1.071996 -1.145523
v 0.664216 1.073499 -1.130918
v 0.666646 0.999532 -1.145523
v 0.675996 1.003639 -1.135154
v 0.671624 1.003638 -1.147313
v 0.659529 1.073499 -1.129232
v 0.658992 1.070375 -1.129556
v 0.677818 1.009248 -1.135809
v 0.670086 1.006297 -1.146140
v 0.667171 1.001153 -1.105803
v 0.807621 1.010708 -0.748860
v 0.595630 1.070375 -1.089038
v 0.662405 1.070375 -1.059914
v 0.602712 0.996639 -1.069342
v 0.496616 1.021493 -1.497419
v 0.557190 1.049628 -1.328955
v 0.496616 1.049628 -1.497419
v 0.498670 1.021493 -1.498158
v 0.498670 1.049628 -1.498158
v 0.578160 1.049628 -1.407251
v 0.570408 1.021493 -1.400785
v 0.578160 1.021493 -1.407251
v 0.541590 1.021493 -1.480804
v 0.526866 1.049628 -1.482721
v 0.541590 1.049628 -1.480804
v 0.526866 1.021493 -1.482721
v 0.511167 1.049628 -1.489276
v 0.511167 1.021493 -1.489276
v 0.557190 1.021493 -1.328955
v 0.559358 1.049628 -1.329735
v 0.546807 1.021493 -1.481672
v 0.546807 1.049628 -1.481672
v 0.570408 1.049628 -1.400785
v 0.561532 1.021493 -1.383752
v 0.561532 1.049628 -1.383752
v 0.559065 1.021493 -1.356379
v 0.559065 1.049628 -1.356379
v 0.559358 1.021493 -1.329735
v 0.555676 1.049628 -1.395872
v 0.559949 1.049628 -1.391173
v 0.557426 1.049628 -1.399047
v 0.521387 1.049628 -1.458189
v 0.522048 1.049628 -1.465217
v 0.562755 1.049628 -1.472850
v 0.559418 1.049628 -1.471864
v 0.562835 1.049628 -1.464567
v 0.581256 1.049628 -1.422436
v 0.582417 1.021493 -1.413157
v 0.581256 1.021493 -1.422436
v 0.582417 1.049628 -1.413157
v 0.555238 1.021493 -1.480624
v 0.555238 1.049628 -1.480624
v 0.562755 1.021493 -1.472850
v 0.562835 1.021493 -1.464567
v 0.559418 1.021493 -1.471864
v 0.557426 1.021493 -1.399047
v 0.559949 1.021493 -1.391173
v 0.536786 1.021493 -1.413155
v 0.544332 1.021493 -1.385557
v 0.569292 1.049628 -1.403314
v 0.542195 1.049628 -1.478675
v 0.530329 1.021493 -1.474408
v 0.542195 1.021493 -1.478675
v 0.576222 1.021493 -1.427335
v 0.576222 1.049628 -1.427335
v 0.523398 1.049628 -1.450387
v 0.523398 1.021493 -1.450387
v 0.554432 1.021493 -1.476862
v 0.554432 1.049628 -1.476862
v 0.548146 1.021493 -1.479379
v 0.548146 1.049628 -1.479379
v 0.521387 1.021493 -1.458189
v 0.522048 1.021493 -1.465217
v 0.525292 1.049628 -1.471161
v 0.525292 1.021493 -1.471161
v 0.530329 1.049628 -1.474408
v 0.551475 1.021493 -1.398343
v 0.551475 1.049628 -1.398343
v 0.545188 1.021493 -1.400860
v 0.545188 1.049628 -1.400860
v 0.540203 1.021493 -1.405858
v 0.540203 1.049628 -1.405858
v 0.536786 1.049628 -1.413155
v 0.578234 1.021493 -1.419533
v 0.578234 1.049628 -1.419533
v 0.577573 1.021493 -1.412505
v 0.577573 1.049628 -1.412505
v 0.574329 1.021493 -1.406561
v 0.574329 1.049628 -1.406561
v 0.569292 1.021493 -1.403314
v 0.548604 1.049628 -1.380858
v 0.544332 1.049628 -1.385557
v 0.554948 1.049628 -1.380556
v 0.548604 1.021493 -1.380858
v 0.559647 1.049628 -1.384829
v 0.554948 1.021493 -1.380556
v 0.559721 1.049628 -1.386380
v 0.559721 1.021493 -1.386380
v 0.555676 1.021493 -1.395872
v 0.551889 1.049628 -1.396052
v 0.549333 1.021493 -1.396173
v 0.551889 1.021493 -1.396052
v 0.544633 1.021493 -1.391901
v 0.549333 1.049628 -1.396173
v 0.544633 1.049628 -1.391901
v 0.559647 1.021493 -1.384829
v 0.567948 1.016754 -1.329629
v 0.558531 1.054775 -1.326242
v 0.567948 1.054775 -1.329629
v 0.577965 1.016754 -1.301770
v 0.577965 1.054775 -1.301770
v 0.631913 1.019923 -1.203454
v 0.628048 1.051605 -1.214202
v 0.631913 1.051605 -1.203454
v 0.602637 1.019923 -1.255320
v 0.588858 1.051605 -1.277936
v 0.602637 1.051605 -1.255320
v 0.603564 1.016754 -1.230554
v 0.621465 1.054775 -1.210324
v 0.603564 1.054775 -1.230554
v 0.582279 1.016754 -1.260194
v 0.582279 1.054775 -1.260194
v 0.558531 1.016754 -1.326242
v 0.631097 1.053964 -1.203990
v 0.628722 1.054775 -1.205552
v 0.623644 1.051605 -1.223584
v 0.625873 1.019923 -1.219519
v 0.623644 1.019923 -1.223584
v 0.589800 1.016754 -1.270145
v 0.604193 1.016754 -1.246521
v 0.625873 1.051605 -1.219519
v 0.628048 1.019923 -1.214202
v 0.583303 1.051605 -1.288577
v 0.588858 1.019923 -1.277936
v 0.583303 1.019923 -1.288577
v 0.624928 1.016754 -1.215196
v 0.625811 1.017564 -1.218084
v 0.625634 1.016754 -1.213909
v 0.623972 1.017564 -1.221439
v 0.624928 1.054775 -1.215196
v 0.625811 1.053964 -1.218084
v 0.623972 1.053964 -1.221439
v 0.627607 1.017564 -1.213696
v 0.626322 1.016754 -1.212226
v 0.625634 1.054775 -1.213909
v 0.627607 1.053964 -1.213696
v 0.603035 1.017564 -1.253070
v 0.631097 1.017564 -1.203990
v 0.628722 1.016754 -1.205552
v 0.626322 1.054775 -1.212226
v 0.604193 1.054775 -1.246521
v 0.603035 1.053964 -1.253070
v 0.583303 1.016754 -1.288577
v 0.589099 1.017564 -1.275944
v 0.583303 1.054775 -1.288577
v 0.589800 1.054775 -1.270145
v 0.589099 1.053964 -1.275944
v 0.621465 1.016754 -1.210324
v 0.528149 1.038786 -1.432743
v 0.520582 1.038786 -1.453541
v 0.528149 1.032743 -1.432743
v 0.532004 1.032743 -1.469145
v 0.526728 1.032743 -1.463709
v 0.530552 1.032743 -1.470357
v 0.533027 1.034308 -1.467348
v 0.528251 1.037220 -1.462427
v 0.528251 1.034308 -1.462427
v 0.541834 1.034308 -1.471907
v 0.533027 1.037220 -1.467348
v 0.549776 1.034308 -1.472673
v 0.541834 1.037220 -1.471907
v 0.556162 1.034308 -1.471209
v 0.549776 1.037220 -1.472673
v 0.550521 1.038786 -1.474473
v 0.550521 1.038786 -1.474473
v 0.556162 1.037220 -1.471209
v 0.541016 1.038786 -1.474955
v 0.530552 1.038786 -1.470357
v 0.532004 1.038786 -1.469145
v 0.541016 1.032743 -1.474955
v 0.550521 1.032743 -1.474473
v 0.524641 1.032743 -1.464332
v 0.520582 1.032743 -1.453541
v 0.524641 1.038786 -1.464332
v 0.526218 1.037220 -1.448325
v 0.526218 1.034308 -1.448325
v 0.525790 1.033143 -1.448390
v 0.531355 1.033143 -1.423931
v 0.532457 1.034308 -1.420902
v 0.524546 1.032743 -1.448577
v 0.527861 1.033143 -1.462755
v 0.532766 1.033143 -1.467807
v 0.541670 1.033143 -1.472417
v 0.541192 1.032743 -1.473902
v 0.549724 1.033143 -1.473194
v 0.550521 1.032743 -1.474473
v 0.554720 1.033143 -1.472044
v 0.531355 1.038385 -1.423931
v 0.532457 1.037220 -1.420902
v 0.525790 1.038385 -1.448390
v 0.527861 1.038385 -1.462755
v 0.524546 1.038786 -1.448577
v 0.532766 1.038385 -1.467807
v 0.526728 1.038786 -1.463709
v 0.541670 1.038385 -1.472417
v 0.549724 1.038385 -1.473194
v 0.541192 1.038786 -1.473902
v 0.554720 1.038385 -1.472044
v 0.764251 1.035764 -0.676303
v 0.766077 1.058083 -0.698547
v 0.757378 1.035764 -0.695419
v 0.772950 1.058083 -0.679431
v 0.787080 1.067328 -0.706098
v 0.793953 1.067328 -0.686983
v 0.808082 1.058083 -0.713650
v 0.814955 1.058083 -0.694534
v 0.816781 1.035764 -0.716778
v 0.814955 1.013445 -0.694535
v 0.808082 1.013445 -0.713650
v 0.787080 1.004200 -0.706098
v 0.793953 1.004200 -0.686983
v 0.823655 1.035764 -0.697663
v 0.766077 1.013445 -0.698547
v 0.772950 1.013445 -0.679431
v 0.451806 1.021880 -1.352307
v 0.445677 1.049649 -1.350103
v 0.451806 1.049649 -1.352307
v 0.500120 1.049649 -1.198690
v 0.500120 1.021880 -1.198690
v 0.500100 1.035764 -1.198683
v 0.502600 1.021880 -1.191793
v 0.508729 1.049649 -1.193997
v 0.502600 1.049649 -1.191793
v 0.506249 1.021880 -1.200894
v 0.506249 1.049649 -1.200894
v 0.445677 1.021880 -1.350103
v 0.508729 1.021880 -1.193997
v 0.494289 1.021880 -1.196594
v 0.496769 1.029589 -1.189696
v 0.494289 1.029589 -1.196594
v 0.494289 1.049649 -1.196594
v 0.496769 1.041939 -1.189696
v 0.496769 1.049649 -1.189696
v 0.502580 1.035764 -1.191786
v 0.494289 1.041939 -1.196594
v 0.496769 1.021880 -1.189696
v 0.601958 1.056398 -1.221501
v 0.601958 1.015131 -1.221501
v 0.601529 1.010761 -1.221699
v 0.619214 1.060768 -1.172514
v 0.601529 1.060768 -1.221699
v 0.619214 1.010761 -1.172514
v 0.645547 1.060768 -1.181983
v 0.645547 1.010761 -1.181983
v 0.640684 1.056398 -1.195506
v 0.637175 1.060768 -1.205268
v 0.637175 1.010761 -1.205268
v 0.614669 1.015131 -1.186152
v 0.614669 1.056398 -1.186152
v 0.640684 1.015131 -1.195506
v 0.637175 1.056398 -1.205268
v 0.637175 1.015131 -1.205268
v 0.522823 1.002659 -1.275367
v 0.510153 1.016124 -1.270811
v 0.522823 1.016124 -1.275367
v 0.510153 1.002659 -1.270811
v 0.515948 1.002659 -1.254694
v 0.515948 1.002764 -1.254693
v 0.546742 1.016124 -1.169050
v 0.546742 1.002764 -1.169050
v 0.547102 1.002716 -1.169180
v 0.559413 1.016124 -1.173606
v 0.559413 1.002716 -1.173606
v 0.528575 1.002716 -1.259372
v 0.528575 1.002659 -1.259372
v 0.516262 1.002659 -1.254944
v 0.540536 1.005798 -1.147583
v 0.503010 1.009891 -1.228926
v 0.506647 1.005798 -1.241834
v 0.546759 1.003263 -1.149820
v 0.510582 1.003263 -1.250433
v 0.553216 1.002391 -1.152142
v 0.580341 1.002391 -1.161895
v 0.516253 1.002391 -1.254941
v 0.543377 1.002391 -1.264694
v 0.503099 1.010193 -1.228958
v 0.540614 1.006105 -1.147611
v 0.506721 1.006106 -1.241861
v 0.546804 1.003582 -1.149836
v 0.553227 1.002716 -1.152146
v 0.543377 1.002716 -1.264694
v 0.580341 1.002716 -1.161895
v 0.533206 1.009891 -1.144947
v 0.510622 1.003583 -1.250448
v 0.533295 1.010193 -1.144979
v 0.406250 1.020000 -0.418749
v 0.353217 1.020000 -0.396782
v 0.331250 1.020000 -0.343749
v 0.353217 1.020000 -0.290715
v 0.406250 1.020000 -0.268749
v 0.459283 1.020000 -0.290715
v 0.481250 1.020000 -0.343749
v 0.459283 1.020000 -0.396782
v 0.406250 1.082500 -0.381248
v 0.379733 1.082500 -0.370265
v 0.368750 1.082500 -0.343749
v 0.379733 1.082500 -0.317232
v 0.406250 1.082500 -0.306249
v 0.432766 1.082500 -0.317232
v 0.443750 1.082500 -0.343749
v 0.432766 1.082500 -0.370265
v 0.481250 1.051250 -0.343749
v 0.459283 1.051250 -0.396782
v 0.406250 1.051250 -0.268749
v 0.459283 1.051250 -0.290715
v 0.331250 1.051250 -0.343749
v 0.353217 1.051250 -0.290715
v 0.406250 1.051250 -0.418749
v 0.353217 1.051250 -0.396782
v 0.406250 1.020000 -0.168749
v 0.353217 1.020000 -0.146782
v 0.331250 1.020000 -0.093749
v 0.353217 1.020000 -0.040715
v 0.406250 1.020000 -0.018749
v 0.459283 1.020000 -0.040715
v 0.481250 1.020000 -0.093749
v 0.459283 1.020000 -0.146782
v 0.406250 1.082500 -0.131248
v 0.379733 1.082500 -0.120265
v 0.368750 1.082500 -0.093749
v 0.379733 1.082500 -0.067232
v 0.406250 1.082500 -0.056249
v 0.432766 1.082500 -0.067232
v 0.443750 1.082500 -0.093749
v 0.432766 1.082500 -0.120265
v 0.481250 1.051250 -0.093749
v 0.459283 1.051250 -0.146782
v 0.406250 1.051250 -0.018749
v 0.459283 1.051250 -0.040715
v 0.331250 1.051250 -0.093749
v 0.353217 1.051250 -0.040715
v 0.406250 1.051250 -0.168749
v 0.353217 1.051250 -0.146782
v 0.000000 1.250000 0.218750
v 0.000000 1.272097 0.227903
v 0.000000 1.397097 0.238951
v 0.000000 1.272097 0.272097
v 0.000000 1.250000 0.281250
v 0.000000 1.227903 0.272097
v 0.000000 1.218750 0.250000
v 0.000000 1.227903 0.227903
v 0.000000 1.397097 0.261049
v 0.010000 1.272097 0.227903
v 0.010000 1.250000 0.218750
v 0.010000 1.272097 0.272097
v 0.010000 1.397097 0.261049
v 0.010000 1.397097 0.238951
v 0.010000 1.250000 0.281250
v 0.010000 1.227903 0.272097
v 0.010000 1.218750 0.250000
v 0.010000 1.227903 0.227903
v 0.750000 1.042097 -0.022096
v 0.750000 1.020000 -0.031249
v 0.750000 0.997903 -0.022096
v 0.765625 1.042097 -0.015624
v 0.772097 1.020000 -0.022096
v 0.765625 0.997903 -0.015624
v 0.772097 1.042097 0.000001
v 0.781250 1.020000 0.000001
v 0.772097 0.997903 0.000001
v 0.765625 1.042097 0.015626
v 0.772097 1.020000 0.022098
v 0.765625 0.997903 0.015626
v 0.750000 0.988750 0.000001
v 0.750000 1.042097 0.022098
v 0.750000 1.020000 0.031251
v 0.750000 0.997903 0.022098
v 0.750000 1.051250 0.000001
v 0.734375 1.042097 0.015626
v 0.727903 1.020000 0.022098
v 0.734375 0.997903 0.015626
v 0.727903 1.042097 0.000001
v 0.718750 1.020000 0.000001
v 0.727903 0.997903 0.000001
v 0.734375 1.042097 -0.015624
v 0.727903 1.020000 -0.022096
v 0.734375 0.997903 -0.015624
v 0.764142 1.082500 -0.014141
v 0.750000 1.082500 -0.019999
v 0.750000 1.020000 -0.009999
v 0.750000 1.082500 -0.009999
v 0.757071 1.020000 -0.007070
v 0.757071 1.082500 -0.007070
v 0.760000 1.020000 0.000001
v 0.760000 1.082500 0.000001
v 0.757071 1.020000 0.007072
v 0.757071 1.082500 0.007072
v 0.750000 1.020000 0.010001
v 0.750000 1.082500 0.010001
v 0.742929 1.020000 0.007072
v 0.742929 1.082500 0.007072
v 0.740000 1.020000 0.000001
v 0.740000 1.082500 0.000001
v 0.742929 1.020000 -0.007070
v 0.742929 1.082500 -0.007070
v 0.770000 1.082500 0.000002
v 0.764142 1.082500 0.014144
v 0.750000 1.082500 0.020002
v 0.735857 1.082500 0.014144
v 0.730000 1.082500 0.000002
v 0.735857 1.082500 -0.014141
v 0.750000 1.207500 -0.019999
v 0.735857 1.207500 -0.014141
v 0.730000 1.207500 0.000002
v 0.735857 1.207500 0.014144
v 0.750000 1.207500 0.020002
v 0.764142 1.207500 0.014144
v 0.770000 1.207500 0.000002
v 0.764142 1.207500 -0.014141
v 0.757071 1.222500 -0.007070
v 0.750000 1.222500 -0.009998
v 0.760000 1.222500 0.000002
v 0.757071 1.222500 0.007073
v 0.750000 1.222500 0.010002
v 0.742929 1.222500 0.007073
v 0.740000 1.222500 0.000002
v 0.742929 1.222500 -0.007070
v 0.583272 1.027674 -1.302697
v 0.578802 1.019935 -1.299444
v 0.583413 1.018165 -1.302630
v 0.586176 1.022947 -1.304641
v 0.578715 1.025813 -1.299485
v 0.503971 0.999845 -1.362241
v 0.482928 1.022664 -1.371053
v 0.510229 1.022664 -1.414678
v 0.546058 0.999845 -1.344617
v 0.520489 0.999845 -1.386487
v 0.566859 0.999845 -1.375150
v 0.585097 0.999845 -1.438435
v 0.603984 0.999845 -1.393535
v 0.603984 1.045483 -1.393535
v 0.614071 1.022664 -1.372549
v 0.551696 0.998819 -1.736604
v 0.551715 1.046629 -1.736606
v 0.585097 1.045483 -1.438435
v 0.409333 1.045483 -1.691887
v 0.414751 1.046629 -1.721073
v 0.414751 0.998819 -1.721073
v 0.503971 1.045483 -1.362241
v 0.532213 1.046629 -1.763826
v 0.544941 0.998819 -1.754251
v 0.532213 0.998819 -1.763826
v 0.544945 1.046629 -1.754261
v 0.559715 1.022452 -1.319541
v 0.559424 1.027228 -1.316127
v 0.559092 1.025445 -1.310535
v 0.559179 1.019568 -1.310494
v 0.559564 1.017718 -1.316060
v 0.580729 1.022664 -1.335033
v 0.579629 1.027419 -1.331758
v 0.599225 1.027419 -1.312645
v 0.577848 1.025603 -1.326459
v 0.593972 1.025603 -1.310733
v 0.577848 1.019725 -1.326459
v 0.593972 1.019725 -1.310733
v 0.579629 1.017908 -1.331758
v 0.599225 1.017908 -1.312645
v 0.550593 1.022664 -1.331257
v 0.552468 1.027419 -1.328354
v 0.555501 1.025603 -1.323658
v 0.555501 1.019725 -1.323658
v 0.552468 1.017908 -1.328354
v 0.573934 1.022664 -1.267127
v 0.599447 1.022664 -1.283606
v 0.596499 1.027419 -1.285407
v 0.573505 1.027419 -1.270555
v 0.591729 1.025603 -1.288321
v 0.591729 1.019725 -1.288321
v 0.572809 1.019725 -1.276102
v 0.596499 1.017908 -1.285407
v 0.573505 1.017908 -1.270555
v 0.602471 1.022664 -1.313826
v 0.520489 1.045483 -1.386487
v 0.409333 0.999845 -1.691887
v 0.546058 1.045483 -1.344617
v 0.566859 1.045483 -1.375150
v 0.572809 1.025603 -1.276102
v 0.650509 0.998448 -1.022287
v 0.671450 1.013100 -1.029909
v 0.650509 1.046879 -1.022287
v 0.555453 1.046879 -1.283452
v 0.555453 0.998448 -1.283452
v 0.523369 0.995127 -1.271774
v 0.753347 0.998448 -0.736219
v 0.774289 1.006051 -0.743842
v 0.753347 1.046879 -0.736219
v 0.649342 1.046879 -1.021971
v 0.649342 0.998448 -1.021971
v 0.615381 1.022664 -1.009610
v 0.719875 1.022664 -0.724036
v 0.720051 1.040637 -0.724101
v 0.766637 1.006209 -0.687048
v 0.774487 1.016165 -0.689905
v 0.766637 1.039118 -0.687048
v 0.737334 1.022664 -0.580742
v 0.771966 1.029162 -0.593347
v 0.764116 1.039118 -0.590489
v 0.767005 0.998448 -0.703182
v 0.787946 1.013100 -0.710804
v 0.767005 1.046879 -0.703182
v 0.757812 1.046879 -0.728439
v 0.757812 0.998448 -0.728439
v 0.725728 0.995127 -0.716762
v 0.618425 1.050201 -1.010610
v 0.590210 1.040637 -1.000340
v 0.618425 0.995127 -1.010610
v 0.579068 1.022664 -0.996285
v 0.590210 1.004690 -1.000340
v 0.671450 1.032227 -1.029909
v 0.495154 1.004690 -1.261505
v 0.484012 1.022664 -1.257449
v 0.495154 1.040637 -1.261505
v 0.523369 1.050201 -1.271774
v 0.576394 1.032227 -1.291074
v 0.576394 1.013100 -1.291074
v 0.721263 1.050201 -0.724542
v 0.720669 1.004690 -0.724325
v 0.721263 0.995127 -0.724542
v 0.774289 1.039277 -0.743842
v 0.616524 1.004690 -1.010026
v 0.616890 1.040637 -1.010159
v 0.617258 1.050201 -1.010293
v 0.670283 1.039277 -1.029593
v 0.670283 1.006051 -1.029593
v 0.617258 0.995127 -1.010293
v 0.754610 1.041375 -0.682670
v 0.744033 1.034877 -0.678821
v 0.739855 1.022664 -0.677300
v 0.744033 1.010451 -0.678821
v 0.754610 1.003952 -0.682670
v 0.774487 1.029162 -0.689905
v 0.752088 1.041375 -0.586112
v 0.741511 1.034877 -0.582262
v 0.741511 1.010451 -0.582262
v 0.752088 1.003952 -0.586112
v 0.764116 1.006209 -0.590489
v 0.771966 1.016165 -0.593347
v 0.734921 1.050201 -0.691505
v 0.706707 1.040637 -0.681236
v 0.734921 0.995127 -0.691505
v 0.695564 1.022664 -0.677180
v 0.706707 1.004690 -0.681236
v 0.787946 1.032227 -0.710804
v 0.697514 1.004690 -0.706493
v 0.686371 1.022664 -0.702437
v 0.697514 1.040637 -0.706493
v 0.725728 1.050201 -0.716762
v 0.778753 1.032227 -0.736061
v 0.778753 1.013100 -0.736061
v 0.722653 1.022664 -0.724564
v 0.737407 1.041375 -0.729934
v 0.749434 1.039118 -0.734312
v 0.757285 1.029162 -0.737169
v 0.757285 1.016165 -0.737169
v 0.749434 1.006209 -0.734312
v 0.737407 1.003952 -0.729934
v 0.581785 1.022664 -1.357358
v 0.567102 1.022664 -1.335806
v 0.474626 1.022664 -1.300660
v 0.496967 1.045483 -1.302847
v 0.541648 1.045483 -1.307222
v 0.563989 1.022664 -1.309409
v 0.541648 0.999845 -1.307222
v 0.496967 0.999845 -1.302847
v 0.489674 1.022664 -1.259316
v 0.509904 1.045483 -1.267303
v 0.550962 1.045483 -1.281631
v 0.571449 1.022664 -1.288912
v 0.550962 0.999845 -1.281631
v 0.509904 0.999845 -1.267303
v 0.587602 1.034877 -1.005124
v 0.598179 1.041375 -1.008973
v 0.610207 1.039118 -1.013351
v 0.618057 1.029162 -1.016208
v 0.618057 1.016165 -1.016208
v 0.610207 1.006209 -1.013351
v 0.598179 1.003952 -1.008973
v 0.587602 1.010451 -1.005124
v 0.583425 1.022664 -1.003603
v 0.726830 1.034877 -0.726084
v 0.726830 1.010451 -0.726084
v 0.585334 1.022664 -1.438415
v 0.585334 1.022664 -1.438415
v 0.585334 1.022664 -1.438415
v 0.583922 0.998819 -1.416975
v 0.583922 0.998819 -1.416975
v 0.500000 0.992052 -1.000000
v 0.425000 0.992052 -1.000000
v 0.425000 1.117053 -1.000000
v 0.325000 1.117053 -1.000000
v 0.325000 0.992052 -1.000000
v 0.250000 0.992052 -1.000000
v 0.375000 1.117053 -1.050000
v 0.375000 0.992052 -1.050000
v 0.375000 0.992052 -1.125000
v 0.375000 0.992052 -0.875000
v 0.375000 0.992052 -0.950000
v 0.375000 1.117053 -0.950000
v 0.425000 1.117053 -1.000000
v 0.425000 0.992052 -1.000000
v 0.500000 0.992052 -1.000000
v 0.250000 0.992052 -1.000000
v 0.325000 0.992052 -1.000000
v 0.325000 1.117053 -1.000000
v 0.375000 0.992052 -1.125000
v 0.375000 0.992052 -1.050000
v 0.375000 1.117053 -1.050000
v 0.375000 1.117053 -0.950000
v 0.375000 0.992052 -0.950000
v 0.375000 0.992052 -0.875000
v 0.462500 1.154552 -1.000000
v 0.500000 1.117053 -1.000000
v 0.250000 1.117053 -1.000000
v 0.287500 1.154552 -1.000000
v 0.375000 1.117053 -1.125000
v 0.375000 1.154552 -1.087500
v 0.375000 1.154552 -0.912500
v 0.375000 1.117053 -0.875000
v 0.500000 1.117053 -1.000000
v 0.462500 1.154552 -1.000000
v 0.287500 1.154552 -1.000000
v 0.250000 1.117053 -1.000000
v 0.375000 1.154552 -1.087500
v 0.375000 1.117053 -1.125000
v 0.375000 1.117053 -0.875000
v 0.375000 1.154552 -0.912500
v 0.286611 1.134470 -1.000000
v 0.341175 1.093825 -1.033825
v 0.327164 1.093825 -1.000000
v 0.250000 1.267053 -1.000000
v 0.293340 1.195300 -1.081660
v 0.259515 1.195300 -1.000000
v 0.286611 1.399635 -1.000000
v 0.293340 1.338805 -1.081660
v 0.259515 1.338805 -1.000000
v 0.312500 1.134470 -1.062500
v 0.286611 1.267053 -1.088389
v 0.341175 1.440280 -1.033825
v 0.312500 1.399635 -1.062500
v 0.375000 1.338805 -1.115485
v 0.375000 1.134470 -1.088389
v 0.375000 1.267053 -1.125000
v 0.375000 1.399635 -1.088389
v 0.375000 1.093825 -1.047835
v 0.375000 1.195300 -1.115485
v 0.456660 1.195300 -1.081660
v 0.437500 1.134470 -1.062500
v 0.463389 1.267053 -1.088389
v 0.375000 1.440280 -1.047835
v 0.437500 1.399635 -1.062500
v 0.408825 1.093825 -1.033825
v 0.456660 1.338805 -1.081660
v 0.422835 1.440280 -1.000000
v 0.463389 1.399635 -1.000000
v 0.422835 1.093825 -1.000000
v 0.490485 1.195300 -1.000000
v 0.490485 1.338805 -1.000000
v 0.463389 1.134470 -1.000000
v 0.500000 1.267053 -1.000000
v 0.437500 1.134470 -0.937500
v 0.408825 1.093825 -0.966175
v 0.456660 1.195300 -0.918340
v 0.456660 1.338805 -0.918340
v 0.463389 1.267053 -0.911611
v 0.408825 1.440280 -0.966175
v 0.437500 1.399635 -0.937500
v 0.375000 1.134470 -0.911611
v 0.375000 1.267053 -0.875000
v 0.375000 1.399635 -0.911611
v 0.375000 1.093825 -0.952165
v 0.375000 1.195300 -0.884515
v 0.375000 1.338805 -0.884515
v 0.293340 1.195300 -0.918340
v 0.312500 1.134470 -0.937500
v 0.293340 1.338805 -0.918340
v 0.286611 1.267053 -0.911611
v 0.341175 1.440280 -0.966175
v 0.312500 1.399635 -0.937500
v 0.341175 1.093825 -0.966175
v 0.327164 1.440280 -1.000000
v 0.375000 1.454553 -1.000000
v 0.375000 1.079553 -1.000000
v 0.408825 1.440280 -1.033825
v 0.375000 1.440280 -0.952165
v 0.375000 0.992052 -1.125000
v 0.419194 1.048303 -1.106694
v 0.419194 0.992052 -1.106694
v 0.463389 1.079553 -1.088389
v 0.375000 1.079553 -1.125000
v 0.481694 1.048303 -1.044194
v 0.500000 0.992052 -1.000000
v 0.481694 0.992052 -1.044194
v 0.463389 1.048303 -1.088389
v 0.481694 1.048303 -0.955806
v 0.481694 0.992052 -0.955806
v 0.463389 1.079553 -0.911611
v 0.500000 1.079553 -1.000000
v 0.419194 1.048303 -0.893306
v 0.463389 1.048303 -0.911611
v 0.375000 0.992052 -0.875000
v 0.419194 0.992052 -0.893306
v 0.330806 1.048303 -0.893306
v 0.330806 0.992052 -0.893306
v 0.286611 1.079553 -0.911611
v 0.375000 1.079553 -0.875000
v 0.268306 1.048303 -0.955806
v 0.286611 1.048303 -0.911611
v 0.250000 0.992052 -1.000000
v 0.268306 0.992052 -0.955806
v 0.268306 1.048303 -1.044194
v 0.268306 0.992052 -1.044194
v 0.286611 1.079553 -1.088389
v 0.250000 1.079553 -1.000000
v 0.330806 1.048303 -1.106694
v 0.286611 1.048303 -1.088389
v 0.330806 0.992052 -1.106694
v 0.419194 1.048303 -1.106694
v 0.375000 0.992052 -1.125000
v 0.419194 0.992052 -1.106694
v 0.463389 1.079553 -1.088389
v 0.463389 1.048303 -1.088389
v 0.500000 0.992052 -1.000000
v 0.481694 1.048303 -1.044194
v 0.481694 0.992052 -1.044194
v 0.500000 1.079553 -1.000000
v 0.481694 1.048303 -0.955806
v 0.481694 0.992052 -0.955806
v 0.463389 1.079553 -0.911611
v 0.463389 1.048303 -0.911611
v 0.419194 1.048303 -0.893306
v 0.375000 1.079553 -0.875000
v 0.375000 0.992052 -0.875000
v 0.419194 0.992052 -0.893306
v 0.330806 1.048303 -0.893306
v 0.330806 0.992052 -0.893306
v 0.286611 1.079553 -0.911611
v 0.286611 1.048303 -0.911611
v 0.268306 1.048303 -0.955806
v 0.250000 1.079553 -1.000000
v 0.250000 0.992052 -1.000000
v 0.268306 0.992052 -0.955806
v 0.268306 1.048303 -1.044194
v 0.268306 0.992052 -1.044194
v 0.286611 1.079553 -1.088389
v 0.286611 1.048303 -1.088389
v 0.330806 1.048303 -1.106694
v 0.375000 1.079553 -1.125000
v 0.330806 0.992052 -1.106694
v 0.000000 1.250000 0.718750
v 0.000000 1.272097 0.727903
v 0.000000 1.397097 0.738951
v 0.000000 1.272097 0.772097
v 0.000000 1.250000 0.781250
v 0.000000 1.227903 0.772097
v 0.000000 1.218750 0.750000
v 0.000000 1.227903 0.727903
v 0.000000 1.397097 0.761049
v 0.010000 1.272097 0.727903
v 0.010000 1.250000 0.718750
v 0.010000 1.272097 0.772097
v 0.010000 1.397097 0.761049
v 0.010000 1.397097 0.738951
v 0.010000 1.250000 0.781250
v 0.010000 1.227903 0.772097
v 0.010000 1.218750 0.750000
v 0.010000 1.227903 0.727903
v -1.000000 0.000000 -1.500000
v 0.000000 0.000000 -1.500000
v -1.000000 0.000000 1.500000
v 0.000000 0.000000 1.500000
v 0.000000 0.625000 -1.500000
v 0.000000 0.625000 1.500000
v 1.000000 0.875000 -1.500000
v 1.000000 0.875000 1.500000
v 1.000000 1.000000 -1.500000
v 1.000000 1.000000 1.500000
v 0.000000 1.000000 -1.500000
v 0.000000 1.000000 1.500000
v 0.000000 1.500000 -1.500000
v 0.000000 1.500000 1.500000
v -1.000000 1.500000 -1.500000
v -1.000000 1.500000 1.500000
v 0.625000 1.000000 0.937501
v 0.687500 1.000000 0.937501
v 0.625000 1.000000 0.875001
v 0.687500 1.000000 0.875001
v 0.632812 1.020000 0.820314
v 0.632812 1.020000 0.867189
v 0.679687 1.020000 0.867189
v 0.679687 1.020000 0.820314
v 0.687500 1.000000 0.812501
v 0.625000 1.000000 1.187501
v 0.687500 1.000000 1.187501
v 0.625000 1.000000 1.125001
v 0.632812 1.020000 1.007814
v 0.632812 1.020000 1.054689
v 0.679687 1.020000 1.054689
v 0.679687 1.020000 1.007814
v 0.625000 1.000000 1.000001
v 0.687500 1.000000 1.000001
v 0.687500 1.000000 1.125001
v 0.625000 1.000000 0.937501
v 0.687500 1.000000 0.937501
v 0.679687 1.020000 0.945314
v 0.679687 1.020000 0.992189
v 0.632812 1.020000 0.992189
v 0.632812 1.020000 0.945314
v 0.687500 1.000000 1.000001
v 0.625000 1.000000 1.000001
v 0.687500 1.000000 1.062501
v 0.625000 1.000000 1.062501
v 0.632812 1.020000 1.070314
v 0.632812 1.020000 1.117189
v 0.679687 1.020000 1.117189
v 0.679687 1.020000 1.070314
v 0.687500 1.000000 1.062501
v 0.625000 1.000000 1.062501
v 0.687500 1.000000 1.125001
v 0.625000 1.000000 1.125001
v 0.679687 1.020000 1.132814
v 0.679687 1.020000 1.179689
v 0.632812 1.020000 1.179689
v 0.632812 1.020000 1.132814
v 0.632812 1.020000 0.882814
v 0.632812 1.020000 0.929689
v 0.679687 1.020000 0.929689
v 0.679687 1.020000 0.882814
v 0.625000 1.000000 0.875001
v 0.687500 1.000000 0.875001
v 0.625000 1.000000 0.812501
v 0.875000 1.000000 0.937501
v 0.937500 1.000000 0.937501
v 0.750000 1.000000 1.437501
v 0.875000 1.000000 0.875001
v 0.812500 1.000000 1.437501
v 0.937500 1.000000 0.875001
v 0.882812 1.020000 0.820314
v 0.882812 1.020000 0.867189
v 0.929687 1.020000 0.867189
v 0.929687 1.020000 0.820314
v 0.937500 1.000000 0.812501
v 0.875000 1.000000 1.187501
v 0.937500 1.000000 1.187501
v 0.875000 1.000000 1.125001
v 0.882812 1.020000 1.007814
v 0.882812 1.020000 1.054689
v 0.929687 1.020000 1.054689
v 0.929687 1.020000 1.007814
v 0.875000 1.000000 1.000001
v 0.937500 1.000000 1.000001
v 0.937500 1.000000 1.125001
v 0.875000 1.000000 0.937501
v 0.937500 1.000000 0.937501
v 0.929687 1.020000 0.945314
v 0.929687 1.020000 0.992189
v 0.882812 1.020000 0.992189
v 0.882812 1.020000 0.945314
v 0.937500 1.000000 1.000001
v 0.875000 1.000000 1.000001
v 0.937500 1.000000 1.062501
v 0.875000 1.000000 1.062501
v 0.882812 1.020000 1.070314
v 0.882812 1.020000 1.117189
v 0.929687 1.020000 1.117189
v 0.929687 1.020000 1.070314
v 0.937500 1.000000 1.062501
v 0.875000 1.000000 1.062501
v 0.937500 1.000000 1.125001
v 0.875000 1.000000 1.125001
v 0.929687 1.020000 1.132814
v 0.929687 1.020000 1.179689
v 0.750000 1.000000 1.375001
v 0.757812 1.020000 1.257814
v 0.757812 1.020000 1.304689
v 0.804687 1.020000 1.304689
v 0.804687 1.020000 1.257814
v 0.812500 1.000000 1.375001
v 0.812500 1.000000 1.250001
v 0.750000 1.000000 1.250001
v 0.812500 1.000000 1.312501
v 0.750000 1.000000 1.312501
v 0.757812 1.020000 1.320314
v 0.757812 1.020000 1.367189
v 0.804687 1.020000 1.367189
v 0.804687 1.020000 1.320314
v 0.812500 1.000000 1.312501
v 0.750000 1.000000 1.312501
v 0.812500 1.000000 1.375001
v 0.750000 1.000000 1.375001
v 0.804687 1.020000 1.382814
v 0.804687 1.020000 1.429689
v 0.757812 1.020000 1.429689
v 0.757812 1.020000 1.382814
v 0.882812 1.020000 1.179689
v 0.882812 1.020000 1.132814
v 0.882812 1.020000 0.882814
v 0.882812 1.020000 0.929689
v 0.929687 1.020000 0.929689
v 0.929687 1.020000 0.882814
v 0.875000 1.000000 0.875001
v 0.937500 1.000000 0.875001
v 0.875000 1.000000 0.812501
v 0.812500 1.000000 0.937501
v 0.875000 1.000000 0.937501
v 0.812500 1.000000 0.875001
v 0.875000 1.000000 0.875001
v 0.820312 1.020000 0.820314
v 0.820312 1.020000 0.867189
v 0.867187 1.020000 0.867189
v 0.867187 1.020000 0.820314
v 0.875000 1.000000 0.812501
v 0.812500 1.000000 1.187501
v 0.875000 1.000000 1.187501
v 0.812500 1.000000 1.125001
v 0.820312 1.020000 1.007814
v 0.820312 1.020000 1.054689
v 0.867187 1.020000 1.054689
v 0.867187 1.020000 1.007814
v 0.812500 1.000000 1.000001
v 0.875000 1.000000 1.000001
v 0.875000 1.000000 1.125001
v 0.812500 1.000000 0.937501
v 0.875000 1.000000 0.937501
v 0.867187 1.020000 0.945314
v 0.867187 1.020000 0.992189
v 0.820312 1.020000 0.992189
v 0.820312 1.020000 0.945314
v 0.875000 1.000000 1.000001
v 0.812500 1.000000 1.000001
v 0.875000 1.000000 1.062501
v 0.812500 1.000000 1.062501
v 0.820312 1.020000 1.070314
v 0.820312 1.020000 1.117189
v 0.867187 1.020000 1.117189
v 0.867187 1.020000 1.070314
v 0.875000 1.000000 1.062501
v 0.812500 1.000000 1.062501
v 0.875000 1.000000 1.125001
v 0.812500 1.000000 1.125001
v 0.867187 1.020000 1.132814
v 0.867187 1.020000 1.179689
v 0.820312 1.020000 1.179689
v 0.820312 1.020000 1.132814
v 0.820312 1.020000 0.882814
v 0.820312 1.020000 0.929689
v 0.867187 1.020000 0.929689
v 0.867187 1.020000 0.882814
v 0.812500 1.000000 0.875001
v 0.875000 1.000000 0.875001
v 0.812500 1.000000 0.812501
v 0.750000 1.000000 0.812501
v 0.812500 1.000000 0.875001
v 0.882812 1.020000 1.382814
v 0.750000 1.000000 0.875001
v 0.882812 1.020000 1.429689
v 0.804687 1.020000 0.882814
v 0.804687 1.020000 0.929689
v 0.757812 1.020000 0.929689
v 0.757812 1.020000 0.882814
v 0.757812 1.020000 1.132814
v 0.757812 1.020000 1.179689
v 0.804687 1.020000 1.179689
v 0.804687 1.020000 1.132814
v 0.750000 1.000000 1.125001
v 0.812500 1.000000 1.125001
v 0.750000 1.000000 1.062501
v 0.812500 1.000000 1.062501
v 0.804687 1.020000 1.070314
v 0.804687 1.020000 1.117189
v 0.757812 1.020000 1.117189
v 0.757812 1.020000 1.070314
v 0.750000 1.000000 1.062501
v 0.812500 1.000000 1.062501
v 0.750000 1.000000 1.000001
v 0.812500 1.000000 1.000001
v 0.757812 1.020000 0.945314
v 0.757812 1.020000 0.992189
v 0.804687 1.020000 0.992189
v 0.804687 1.020000 0.945314
v 0.812500 1.000000 0.937501
v 0.750000 1.000000 0.937501
v 0.812500 1.000000 1.125001
v 0.812500 1.000000 1.000001
v 0.750000 1.000000 1.000001
v 0.804687 1.020000 1.007814
v 0.804687 1.020000 1.054689
v 0.757812 1.020000 1.054689
v 0.757812 1.020000 1.007814
v 0.750000 1.000000 1.125001
v 0.812500 1.000000 1.187501
v 0.750000 1.000000 1.187501
v 0.929687 1.020000 1.429689
v 0.929687 1.020000 1.382814
v 0.875000 1.000000 1.375001
v 0.937500 1.000000 1.375001
v 0.875000 1.000000 1.312501
v 0.937500 1.000000 1.312501
v 0.929687 1.020000 1.320314
v 0.929687 1.020000 1.367189
v 0.882812 1.020000 1.367189
v 0.882812 1.020000 1.320314
v 0.875000 1.000000 1.312501
v 0.937500 1.000000 1.312501
v 0.875000 1.000000 1.250001
v 0.937500 1.000000 1.250001
v 0.937500 1.000000 1.375001
v 0.929687 1.020000 1.257814
v 0.929687 1.020000 1.304689
v 0.882812 1.020000 1.304689
v 0.882812 1.020000 1.257814
v 0.875000 1.000000 1.375001
v 0.937500 1.000000 1.437501
v 0.875000 1.000000 1.437501
v 0.812500 1.000000 0.812501
v 0.804687 1.020000 0.820314
v 0.804687 1.020000 0.867189
v 0.757812 1.020000 0.867189
v 0.757812 1.020000 0.820314
v 0.812500 1.000000 0.875001
v 0.750000 1.000000 0.875001
v 0.812500 1.000000 0.937501
v 0.750000 1.000000 0.937501
v 0.687500 1.000000 0.812501
v 0.750000 1.000000 0.875001
v 0.687500 1.000000 0.875001
v 0.742187 1.020000 0.882814
v 0.742187 1.020000 0.929689
v 0.695312 1.020000 0.929689
v 0.695312 1.020000 0.882814
v 0.695312 1.020000 1.132814
v 0.695312 1.020000 1.179689
v 0.820312 1.020000 1.382814
v 0.820312 1.020000 1.429689
v 0.867187 1.020000 1.429689
v 0.867187 1.020000 1.382814
v 0.812500 1.000000 1.375001
v 0.875000 1.000000 1.375001
v 0.812500 1.000000 1.312501
v 0.445312 1.020000 1.382814
v 0.445312 1.020000 1.429689
v 0.492187 1.020000 1.429689
v 0.492187 1.020000 1.382814
v 0.437500 1.000000 1.375001
v 0.500000 1.000000 1.375001
v 0.437500 1.000000 1.312501
v 0.500000 1.000000 1.312501
v 0.492187 1.020000 1.320314
v 0.492187 1.020000 1.367189
v 0.445312 1.020000 1.367189
v 0.445312 1.020000 1.320314
v 0.875000 1.000000 1.312501
v 0.867187 1.020000 1.320314
v 0.867187 1.020000 1.367189
v 0.820312 1.020000 1.367189
v 0.820312 1.020000 1.320314
v 0.812500 1.000000 1.312501
v 0.875000 1.000000 1.312501
v 0.812500 1.000000 1.250001
v 0.875000 1.000000 1.250001
v 0.875000 1.000000 1.375001
v 0.437500 1.000000 1.312501
v 0.500000 1.000000 1.312501
v 0.437500 1.000000 1.250001
v 0.500000 1.000000 1.250001
v 0.867187 1.020000 1.257814
v 0.867187 1.020000 1.304689
v 0.820312 1.020000 1.304689
v 0.820312 1.020000 1.257814
v 0.812500 1.000000 1.375001
v 0.742187 1.020000 1.179689
v 0.742187 1.020000 1.132814
v 0.687500 1.000000 1.125001
v 0.750000 1.000000 1.125001
v 0.687500 1.000000 1.062501
v 0.750000 1.000000 1.062501
v 0.742187 1.020000 1.070314
v 0.742187 1.020000 1.117189
v 0.695312 1.020000 1.117189
v 0.500000 1.000000 1.375001
v 0.492187 1.020000 1.257814
v 0.492187 1.020000 1.304689
v 0.445312 1.020000 1.304689
v 0.445312 1.020000 1.257814
v 0.437500 1.000000 1.375001
v 0.695312 1.020000 1.070314
v 0.687500 1.000000 1.062501
v 0.750000 1.000000 1.062501
v 0.687500 1.000000 1.000001
v 0.750000 1.000000 1.000001
v 0.695312 1.020000 0.945314
v 0.695312 1.020000 0.992189
v 0.742187 1.020000 0.992189
v 0.742187 1.020000 0.945314
v 0.750000 1.000000 0.937501
v 0.687500 1.000000 0.937501
v 0.750000 1.000000 1.125001
v 0.750000 1.000000 1.000001
v 0.687500 1.000000 1.000001
v 0.742187 1.020000 1.007814
v 0.742187 1.020000 1.054689
v 0.695312 1.020000 1.054689
v 0.695312 1.020000 1.007814
v 0.687500 1.000000 1.125001
v 0.750000 1.000000 1.187501
v 0.687500 1.000000 1.187501
v 0.750000 1.000000 0.812501
v 0.742187 1.020000 0.820314
v 0.742187 1.020000 0.867189
v 0.695312 1.020000 0.867189
v 0.695312 1.020000 0.820314
v 0.750000 1.000000 0.875001
v 0.875000 1.000000 1.437501
v 0.687500 1.000000 0.875001
v 0.812500 1.000000 1.437501
v 0.750000 1.000000 0.937501
v 0.687500 1.000000 0.937501
v 0.500000 1.000000 1.437501
v 0.437500 1.000000 1.437501
v 0.187500 1.000000 0.937501
v 0.250000 1.000000 0.937501
v 0.375000 1.000000 1.437501
v 0.187500 1.000000 0.875001
v 0.437500 1.000000 1.437501
v 0.250000 1.000000 0.875001
v 0.195312 1.020000 0.820314
v 0.195312 1.020000 0.867189
v 0.242187 1.020000 0.867189
v 0.257812 1.020000 1.132814
v 0.257812 1.020000 1.179689
v 0.304687 1.020000 1.179689
v 0.304687 1.020000 1.132814
v 0.250000 1.000000 1.125001
v 0.312500 1.000000 1.125001
v 0.250000 1.000000 1.062501
v 0.312500 1.000000 1.062501
v 0.304687 1.020000 1.070314
v 0.304687 1.020000 1.117189
v 0.257812 1.020000 1.117189
v 0.257812 1.020000 1.070314
v 0.250000 1.000000 1.062501
v 0.312500 1.000000 1.062501
v 0.250000 1.000000 1.000001
v 0.312500 1.000000 1.000001
v 0.312500 1.000000 1.125001
v 0.304687 1.020000 1.007814
v 0.304687 1.020000 1.054689
v 0.257812 1.020000 1.054689
v 0.257812 1.020000 1.007814
v 0.250000 1.000000 1.125001
v 0.312500 1.000000 1.187501
v 0.250000 1.000000 1.187501
v 0.375000 1.000000 1.375001
v 0.382812 1.020000 1.257814
v 0.382812 1.020000 1.304689
v 0.429687 1.020000 1.304689
v 0.429687 1.020000 1.257814
v 0.437500 1.000000 1.375001
v 0.437500 1.000000 1.250001
v 0.375000 1.000000 1.250001
v 0.437500 1.000000 1.312501
v 0.375000 1.000000 1.312501
v 0.382812 1.020000 1.320314
v 0.382812 1.020000 1.367189
v 0.429687 1.020000 1.367189
v 0.429687 1.020000 1.320314
v 0.437500 1.000000 1.312501
v 0.375000 1.000000 1.312501
v 0.437500 1.000000 1.375001
v 0.375000 1.000000 1.375001
v 0.429687 1.020000 1.382814
v 0.429687 1.020000 1.429689
v 0.382812 1.020000 1.429689
v 0.382812 1.020000 1.382814
v 0.242187 1.020000 0.820314
v 0.250000 1.000000 0.812501
v 0.195312 1.020000 0.882814
v 0.195312 1.020000 0.929689
v 0.242187 1.020000 0.929689
v 0.242187 1.020000 0.882814
v 0.187500 1.000000 0.875001
v 0.250000 1.000000 0.875001
v 0.187500 1.000000 0.812501
v 0.312500 1.000000 0.812501
v 0.375000 1.000000 0.875001
v 0.312500 1.000000 0.875001
v 0.367187 1.020000 0.882814
v 0.367187 1.020000 0.929689
v 0.320312 1.020000 0.929689
v 0.320312 1.020000 0.882814
v 0.375000 1.000000 0.812501
v 0.367187 1.020000 0.820314
v 0.257812 1.020000 1.382814
v 0.257812 1.020000 1.429689
v 0.304687 1.020000 1.429689
v 0.304687 1.020000 1.382814
v 0.250000 1.000000 1.375001
v 0.312500 1.000000 1.375001
v 0.250000 1.000000 1.312501
v 0.312500 1.000000 1.312501
v 0.304687 1.020000 1.320314
v 0.304687 1.020000 1.367189
v 0.257812 1.020000 1.367189
v 0.257812 1.020000 1.320314
v 0.250000 1.000000 1.312501
v 0.312500 1.000000 1.312501
v 0.250000 1.000000 1.250001
v 0.312500 1.000000 1.250001
v 0.312500 1.000000 1.375001
v 0.304687 1.020000 1.257814
v 0.304687 1.020000 1.304689
v 0.257812 1.020000 1.304689
v 0.257812 1.020000 1.257814
v 0.250000 1.000000 1.375001
v 0.187500 1.000000 1.187501
v 0.250000 1.000000 1.187501
v 0.187500 1.000000 1.125001
v 0.195312 1.020000 1.007814
v 0.195312 1.020000 1.054689
v 0.242187 1.020000 1.054689
v 0.242187 1.020000 1.007814
v 0.250000 1.000000 1.125001
v 0.250000 1.000000 1.000001
v 0.187500 1.000000 1.000001
v 0.250000 1.000000 1.062501
v 0.187500 1.000000 1.062501
v 0.195312 1.020000 1.070314
v 0.195312 1.020000 1.117189
v 0.242187 1.020000 1.117189
v 0.242187 1.020000 1.070314
v 0.250000 1.000000 1.062501
v 0.187500 1.000000 1.062501
v 0.250000 1.000000 1.125001
v 0.187500 1.000000 1.125001
v 0.242187 1.020000 1.132814
v 0.242187 1.020000 1.179689
v 0.195312 1.020000 1.179689
v 0.195312 1.020000 1.132814
v 0.367187 1.020000 0.867189
v 0.320312 1.020000 0.867189
v 0.320312 1.020000 0.820314
v 0.375000 1.000000 0.875001
v 0.312500 1.000000 1.437501
v 0.312500 1.000000 0.875001
v 0.250000 1.000000 1.437501
v 0.375000 1.000000 0.937501
v 0.312500 1.000000 0.937501
v 0.250000 1.000000 0.937501
v 0.312500 1.000000 0.937501
v 0.312500 1.000000 1.437501
v 0.250000 1.000000 0.875001
v 0.375000 1.000000 1.437501
v 0.312500 1.000000 0.875001
v 0.257812 1.020000 0.820314
v 0.257812 1.020000 0.867189
v 0.304687 1.020000 0.867189
v 0.312500 1.000000 1.375001
v 0.320312 1.020000 1.257814
v 0.320312 1.020000 1.304689
v 0.367187 1.020000 1.304689
v 0.367187 1.020000 1.257814
v 0.375000 1.000000 1.375001
v 0.375000 1.000000 1.250001
v 0.312500 1.000000 1.250001
v 0.375000 1.000000 1.312501
v 0.312500 1.000000 1.312501
v 0.320312 1.020000 1.320314
v 0.320312 1.020000 1.367189
v 0.367187 1.020000 1.367189
v 0.367187 1.020000 1.320314
v 0.375000 1.000000 1.312501
v 0.312500 1.000000 1.312501
v 0.375000 1.000000 1.375001
v 0.312500 1.000000 1.375001
v 0.367187 1.020000 1.382814
v 0.367187 1.020000 1.429689
v 0.320312 1.020000 1.429689
v 0.320312 1.020000 1.382814
v 0.304687 1.020000 0.820314
v 0.312500 1.000000 0.812501
v 0.257812 1.020000 0.882814
v 0.257812 1.020000 0.929689
v 0.304687 1.020000 0.929689
v 0.304687 1.020000 0.882814
v 0.250000 1.000000 0.875001
v 0.312500 1.000000 0.875001
v 0.250000 1.000000 0.812501
v 0.375000 1.000000 0.812501
v 0.437500 1.000000 0.875001
v 0.375000 1.000000 0.875001
v 0.429687 1.020000 0.882814
v 0.429687 1.020000 0.929689
v 0.382812 1.020000 0.929689
v 0.382812 1.020000 0.882814
v 0.382812 1.020000 1.132814
v 0.382812 1.020000 1.179689
v 0.195312 1.020000 1.382814
v 0.195312 1.020000 1.429689
v 0.242187 1.020000 1.429689
v 0.242187 1.020000 1.382814
v 0.187500 1.000000 1.375001
v 0.250000 1.000000 1.375001
v 0.187500 1.000000 1.312501
v 0.250000 1.000000 1.312501
v 0.242187 1.020000 1.320314
v 0.242187 1.020000 1.367189
v 0.195312 1.020000 1.367189
v 0.195312 1.020000 1.320314
v 0.187500 1.000000 1.312501
v 0.250000 1.000000 1.312501
v 0.187500 1.000000 1.250001
v 0.250000 1.000000 1.250001
v 0.250000 1.000000 1.375001
v 0.242187 1.020000 1.257814
v 0.242187 1.020000 1.304689
v 0.195312 1.020000 1.304689
v 0.195312 1.020000 1.257814
v 0.187500 1.000000 1.375001
v 0.429687 1.020000 1.179689
v 0.429687 1.020000 1.132814
v 0.375000 1.000000 1.125001
v 0.437500 1.000000 1.125001
v 0.375000 1.000000 1.062501
v 0.437500 1.000000 1.062501
v 0.429687 1.020000 1.070314
v 0.429687 1.020000 1.117189
v 0.382812 1.020000 1.117189
v 0.382812 1.020000 1.070314
v 0.375000 1.000000 1.062501
v 0.437500 1.000000 1.062501
v 0.375000 1.000000 1.000001
v 0.437500 1.000000 1.000001
v 0.382812 1.020000 0.945314
v 0.382812 1.020000 0.992189
v 0.429687 1.020000 0.992189
v 0.429687 1.020000 0.945314
v 0.437500 1.000000 0.937501
v 0.375000 1.000000 0.937501
v 0.437500 1.000000 1.125001
v 0.437500 1.000000 1.000001
v 0.375000 1.000000 1.000001
v 0.429687 1.020000 1.007814
v 0.429687 1.020000 1.054689
v 0.382812 1.020000 1.054689
v 0.382812 1.020000 1.007814
v 0.375000 1.000000 1.125001
v 0.437500 1.000000 1.187501
v 0.375000 1.000000 1.187501
v 0.437500 1.000000 0.812501
v 0.429687 1.020000 0.820314
v 0.429687 1.020000 0.867189
v 0.382812 1.020000 0.867189
v 0.382812 1.020000 0.820314
v 0.437500 1.000000 0.875001
v 0.250000 1.000000 1.437501
v 0.375000 1.000000 0.875001
v 0.187500 1.000000 1.437501
v 0.437500 1.000000 0.937501
v 0.375000 1.000000 0.937501
v 0.000000 1.137500 0.055144
v 0.000000 1.055144 0.137500
v 0.000000 1.025000 0.250000
v 0.000000 1.055144 0.362500
v 0.000000 1.137500 0.444856
v 0.000000 1.250000 0.475000
v 0.000000 1.362500 0.444856
v 0.000000 1.444856 0.362500
v 0.000000 1.475000 0.250000
v 0.000000 1.444856 0.137500
v 0.000000 1.362500 0.055144
v 0.000000 1.250000 0.025000
v 0.000000 1.250000 0.525000
v 0.000000 1.362500 0.555144
v 0.000000 1.444856 0.637500
v 0.000000 1.475000 0.750000
v 0.000000 1.444856 0.862500
v 0.000000 1.362500 0.944856
v 0.000000 1.250000 0.975000
v 0.000000 1.137500 0.944856
v 0.000000 1.055144 0.862500
v 0.000000 1.025000 0.750000
v 0.000000 1.055144 0.637500
v 0.000000 1.137500 0.555144
v 0.031250 1.250000 0.525000
v 0.031250 1.362500 0.555144
v 0.031250 1.444856 0.637500
v 0.031250 1.475000 0.750000
v 0.031250 1.444856 0.862500
v 0.031250 1.362500 0.944856
v 0.031250 1.250000 0.975000
v 0.031250 1.137500 0.944856
v 0.031250 1.055144 0.862500
v 0.031250 1.025000 0.750000
v 0.031250 1.055144 0.637500
v 0.031250 1.137500 0.555144
v 0.031250 1.250000 0.555702
v 0.031250 1.347149 0.581733
v 0.031250 1.418267 0.652851
v 0.031250 1.444298 0.750000
v 0.031250 1.418267 0.847149
v 0.031250 1.347149 0.918267
v 0.031250 1.250000 0.944298
v 0.031250 1.152851 0.918267
v 0.031250 1.081733 0.847149
v 0.031250 1.055702 0.750000
v 0.031250 1.081733 0.652851
v 0.031250 1.152851 0.581733
v 0.000000 1.250000 0.555702
v 0.000000 1.347149 0.581733
v 0.000000 1.418267 0.652851
v 0.000000 1.444298 0.750000
v 0.000000 1.418267 0.847149
v 0.000000 1.347149 0.918267
v 0.000000 1.250000 0.944298
v 0.000000 1.152851 0.918267
v 0.000000 1.081733 0.847149
v 0.000000 1.055702 0.750000
v 0.000000 1.081733 0.652851
v 0.000000 1.152851 0.581733
v 0.031250 1.250000 0.025000
v 0.031250 1.362500 0.055144
v 0.031250 1.444856 0.137500
v 0.031250 1.475000 0.250000
v 0.031250 1.444856 0.362500
v 0.031250 1.362500 0.444856
v 0.031250 1.250000 0.475000
v 0.031250 1.137500 0.444856
v 0.031250 1.055144 0.362500
v 0.031250 1.025000 0.250000
v 0.031250 1.055144 0.137500
v 0.031250 1.137500 0.055144
v 0.031250 1.250000 0.055702
v 0.031250 1.347149 0.081733
v 0.031250 1.418267 0.152851
v 0.031250 1.444298 0.250000
v 0.031250 1.418267 0.347149
v 0.031250 1.347149 0.418267
v 0.031250 1.250000 0.444298
v 0.031250 1.152851 0.418267
v 0.031250 1.081733 0.347149
v 0.031250 1.055702 0.250000
v 0.031250 1.081733 0.152851
v 0.031250 1.152851 0.081733
v 0.000000 1.250000 0.055702
v 0.000000 1.347149 0.081733
v 0.000000 1.418267 0.152851
v 0.000000 1.444298 0.250000
v 0.000000 1.418267 0.347149
v 0.000000 1.347149 0.418267
v 0.000000 1.250000 0.444298
v 0.000000 1.152851 0.418267
v 0.000000 1.081733 0.347149
v 0.000000 1.055702 0.250000
v 0.000000 1.081733 0.152851
v 0.000000 1.152851 0.081733
v 0.875000 1.000000 0.125001
v 0.875000 1.000000 -0.124999
v 0.867187 1.020000 -0.117186
v 0.867187 1.020000 0.117189
v 0.625000 1.000000 0.125001
v 0.632812 1.020000 0.117189
v 0.632812 1.020000 -0.117186
v 0.625000 1.000000 -0.124999
v -0.000000 1.437500 1.312501
v 0.020000 1.320312 1.304689
v -0.000000 1.312500 1.187501
v 0.020000 1.320312 1.195314
v -0.000000 1.312500 1.312501
v 0.020000 1.429688 1.195314
v -0.000000 1.437500 1.187501
v 0.020000 1.429688 1.304689
v 0.020000 1.375000 1.203126
v 0.020000 1.408146 1.216856
v 0.020000 1.421875 1.250001
v 0.020000 1.408146 1.283147
v 0.020000 1.375000 1.296876
v 0.020000 1.341854 1.283147
v 0.020000 1.328125 1.250001
v 0.020000 1.341854 1.216856
v 0.040000 1.408145 1.216856
v 0.040000 1.375000 1.203126
v 0.040000 1.421875 1.250001
v 0.040000 1.408145 1.283147
v 0.040000 1.375000 1.296876
v 0.040000 1.341854 1.283147
v 0.040000 1.328125 1.250001
v 0.040000 1.341854 1.216856
v 0.060000 1.391573 1.233428
v 0.060000 1.375000 1.226564
v 0.060000 1.398438 1.250001
v 0.060000 1.391573 1.266574
v 0.060000 1.375000 1.273439
v 0.060000 1.358427 1.266574
v 0.060000 1.351562 1.250001
v 0.060000 1.358427 1.233428
v 0.500000 1.000000 0.000001
v 0.500000 1.000000 -0.187499
v 0.492187 1.020000 -0.179686
v 0.492187 1.020000 -0.007811
v 0.312500 1.000000 0.000001
v 0.320312 1.020000 -0.007811
v 0.320312 1.020000 -0.179686
v 0.312500 1.000000 -0.187499
v 0.500000 1.000000 -0.249999
v 0.500000 1.000000 -0.437499
v 0.492187 1.020000 -0.429686
v 0.492187 1.020000 -0.257811
v 0.312500 1.000000 -0.249999
v 0.320312 1.020000 -0.257811
v 0.320312 1.020000 -0.429686
v 0.312500 1.000000 -0.437499
v 0.875000 1.000000 -0.249999
v 0.875000 1.000000 -0.437499
v 0.867187 1.020000 -0.429686
v 0.867187 1.020000 -0.257811
v 0.687500 1.000000 -0.249999
v 0.695312 1.020000 -0.257811
v 0.695312 1.020000 -0.429686
v 0.687500 1.000000 -0.437499
v 0.781250 1.020000 -0.418749
v 0.728217 1.020000 -0.396782
v 0.706250 1.020000 -0.343749
v 0.728217 1.020000 -0.290715
v 0.781250 1.020000 -0.268749
v 0.834283 1.020000 -0.290715
v 0.856250 1.020000 -0.343749
v 0.834283 1.020000 -0.396782
v 0.856250 1.051250 -0.343749
v 0.834283 1.051250 -0.396782
v 0.781250 1.051250 -0.268749
v 0.834283 1.051250 -0.290715
v 0.706250 1.051250 -0.343749
v 0.728217 1.051250 -0.290715
v 0.781250 1.051250 -0.418749
v 0.728217 1.051250 -0.396782
v 0.348749 1.010000 0.699079
v 0.848749 1.010000 0.699079
v 0.348749 1.010000 0.386579
v 0.848749 1.010000 0.386579
v 0.201094 1.020000 0.661330
v 0.654248 1.020000 0.450021
v 0.069026 1.020000 0.378109
v 0.522179 1.020000 0.166800
v -0.000000 1.250000 1.312501
v 0.020000 1.132812 1.304689
v -0.000000 1.125000 1.187501
v 0.020000 1.132812 1.195314
v -0.000000 1.125000 1.312501
v 0.020000 1.242188 1.195314
v -0.000000 1.250000 1.187501
v 0.020000 1.242188 1.304689
v 0.020000 1.375000 -0.546874
v 0.020000 1.408146 -0.533144
v 0.020000 1.421875 -0.499999
v 0.020000 1.408146 -0.466853
v 0.020000 1.375000 -0.453124
v 0.020000 1.341854 -0.466853
v 0.020000 1.328125 -0.499999
v 0.020000 1.341854 -0.533144
v 0.040000 1.408145 -0.533144
v 0.040000 1.375000 -0.546874
v 0.040000 1.421875 -0.499999
v 0.040000 1.408145 -0.466853
v 0.040000 1.375000 -0.453124
v 0.040000 1.341854 -0.466853
v 0.040000 1.328125 -0.499999
v 0.040000 1.341854 -0.533144
v 0.060000 1.391573 -0.516572
v 0.060000 1.375000 -0.523436
v 0.060000 1.398438 -0.499999
v 0.060000 1.391573 -0.483426
v 0.060000 1.375000 -0.476561
v 0.060000 1.358427 -0.483426
v 0.060000 1.351562 -0.499999
v 0.060000 1.358427 -0.516572
v -0.000000 1.437500 -0.687499
v 0.020000 1.320312 -0.695311
v -0.000000 1.312500 -0.812499
v 0.020000 1.320312 -0.804686
v -0.000000 1.312500 -0.687499
v 0.020000 1.429688 -0.804686
v -0.000000 1.437500 -0.812499
v 0.020000 1.429688 -0.695311
v 0.020000 1.187500 -1.046874
v 0.020000 1.220646 -1.033144
v 0.020000 1.234375 -0.999999
v 0.020000 1.220646 -0.966853
v 0.020000 1.187500 -0.953124
v 0.020000 1.154354 -0.966853
v 0.020000 1.140625 -0.999999
v 0.020000 1.154354 -1.033144
v 0.040000 1.220645 -1.033144
v 0.040000 1.187500 -1.046874
v 0.040000 1.234375 -0.999999
v 0.040000 1.220645 -0.966853
v 0.040000 1.187500 -0.953124
v 0.040000 1.154354 -0.966853
v 0.040000 1.140625 -0.999999
v 0.040000 1.154354 -1.033144
v 0.060000 1.204073 -1.016572
v 0.060000 1.187500 -1.023436
v 0.060000 1.210938 -0.999999
v 0.060000 1.204073 -0.983426
v 0.060000 1.187500 -0.976561
v 0.060000 1.170927 -0.983426
v 0.060000 1.164062 -0.999999
v 0.060000 1.170927 -1.016572
v -0.000000 1.250000 -0.687499
v 0.020000 1.132812 -0.695311
v -0.000000 1.125000 -0.812499
v 0.020000 1.132812 -0.804686
v -0.000000 1.125000 -0.687499
v 0.020000 1.242188 -0.804686
v -0.000000 1.250000 -0.812499
v 0.020000 1.242188 -0.695311
v 0.060000 1.358427 -1.016572
v 0.060000 1.351562 -0.999999
v 0.060000 1.358427 -0.983426
v 0.060000 1.375000 -0.976561
v 0.060000 1.391573 -0.983426
v 0.060000 1.398438 -0.999999
v 0.060000 1.375000 -1.023436
v 0.060000 1.391573 -1.016572
v 0.040000 1.341854 -1.033144
v 0.040000 1.328125 -0.999999
v 0.040000 1.341854 -0.966853
v 0.040000 1.375000 -0.953124
v 0.040000 1.408145 -0.966853
v 0.040000 1.421875 -0.999999
v 0.040000 1.375000 -1.046874
v 0.040000 1.408145 -1.033144
v 0.020000 1.341854 -1.033144
v 0.020000 1.328125 -0.999999
v 0.020000 1.341854 -0.966853
v 0.020000 1.375000 -0.953124
v 0.020000 1.408146 -0.966853
v 0.020000 1.421875 -0.999999
v 0.020000 1.408146 -1.033144
v 0.020000 1.375000 -1.046874
v -0.000000 1.437500 -0.937499
v 0.020000 1.320312 -0.945311
v -0.000000 1.312500 -1.062499
v 0.020000 1.320312 -1.054686
v -0.000000 1.312500 -0.937499
v 0.020000 1.429688 -1.054686
v -0.000000 1.437500 -1.062499
v 0.020000 1.429688 -0.945311
v 0.020000 1.375000 -1.296874
v 0.020000 1.408146 -1.283144
v 0.020000 1.421875 -1.249999
v 0.020000 1.408146 -1.216853
v 0.020000 1.375000 -1.203124
v 0.020000 1.341854 -1.216853
v 0.020000 1.328125 -1.249999
v 0.020000 1.341854 -1.283144
v 0.040000 1.408145 -1.283144
v 0.040000 1.375000 -1.296874
v 0.040000 1.421875 -1.249999
v 0.040000 1.408145 -1.216853
v 0.040000 1.375000 -1.203124
v 0.040000 1.341854 -1.216853
v 0.040000 1.328125 -1.249999
v 0.040000 1.341854 -1.283144
v 0.060000 1.391573 -1.266572
v 0.060000 1.375000 -1.273436
v 0.060000 1.398438 -1.249999
v 0.060000 1.391573 -1.233426
v 0.060000 1.375000 -1.226561
v 0.060000 1.358427 -1.233426
v 0.060000 1.351562 -1.249999
v 0.060000 1.358427 -1.266572
v -0.000000 1.250000 -0.937499
v 0.020000 1.132812 -0.945311
v -0.000000 1.125000 -1.062499
v 0.020000 1.132812 -1.054686
v -0.000000 1.125000 -0.937499
v 0.020000 1.242188 -1.054686
v -0.000000 1.250000 -1.062499
v 0.020000 1.242188 -0.945311
v 0.060000 1.170927 -1.266572
v 0.060000 1.164062 -1.249999
v 0.060000 1.170927 -1.233426
v 0.060000 1.187500 -1.226561
v 0.060000 1.204073 -1.233426
v 0.060000 1.210938 -1.249999
v 0.060000 1.187500 -1.273436
v 0.060000 1.204073 -1.266572
v 0.040000 1.154354 -1.283144
v 0.040000 1.140625 -1.249999
v 0.040000 1.154354 -1.216853
v 0.040000 1.187500 -1.203124
v 0.040000 1.220645 -1.216853
v 0.040000 1.234375 -1.249999
v 0.040000 1.187500 -1.296874
v 0.040000 1.220645 -1.283144
v 0.020000 1.154354 -1.283144
v 0.020000 1.140625 -1.249999
v 0.020000 1.154354 -1.216853
v 0.020000 1.187500 -1.203124
v 0.020000 1.220646 -1.216853
v 0.020000 1.234375 -1.249999
v 0.020000 1.220646 -1.283144
v 0.020000 1.187500 -1.296874
v -0.000000 1.437500 -1.187499
v 0.020000 1.320312 -1.195311
v -0.000000 1.312500 -1.312499
v 0.020000 1.320312 -1.304686
v -0.000000 1.312500 -1.187499
v 0.020000 1.429688 -1.304686
v -0.000000 1.437500 -1.312499
v 0.020000 1.429688 -1.195311
v 0.020000 1.187500 -0.796874
v 0.020000 1.220646 -0.783144
v 0.020000 1.234375 -0.749999
v 0.020000 1.220646 -0.716853
v 0.020000 1.187500 -0.703124
v 0.020000 1.154354 -0.716853
v 0.020000 1.140625 -0.749999
v 0.020000 1.154354 -0.783144
v 0.040000 1.220645 -0.783144
v 0.040000 1.187500 -0.796874
v 0.040000 1.234375 -0.749999
v 0.040000 1.220645 -0.716853
v 0.040000 1.187500 -0.703124
v 0.040000 1.154354 -0.716853
v 0.040000 1.140625 -0.749999
v 0.040000 1.154354 -0.783144
v 0.060000 1.204073 -0.766572
v 0.060000 1.187500 -0.773436
v 0.060000 1.210938 -0.749999
v 0.060000 1.204073 -0.733426
v 0.060000 1.187500 -0.726561
v 0.060000 1.170927 -0.733426
v 0.060000 1.164062 -0.749999
v 0.060000 1.170927 -0.766572
v -0.000000 1.250000 -1.187499
v 0.020000 1.132812 -1.195311
v -0.000000 1.125000 -1.312499
v 0.020000 1.132812 -1.304686
v -0.000000 1.125000 -1.187499
v 0.020000 1.242188 -1.304686
v -0.000000 1.250000 -1.312499
v 0.020000 1.242188 -1.195311
v 0.060000 1.358427 -0.766572
v 0.060000 1.351562 -0.749999
v 0.060000 1.358427 -0.733426
v 0.060000 1.375000 -0.726561
v 0.060000 1.391573 -0.733426
v 0.060000 1.398438 -0.749999
v 0.060000 1.375000 -0.773436
v 0.060000 1.391573 -0.766572
v 0.040000 1.341854 -0.783144
v 0.040000 1.328125 -0.749999
v 0.040000 1.341854 -0.716853
v 0.040000 1.375000 -0.703124
v 0.040000 1.408145 -0.716853
v 0.040000 1.421875 -0.749999
v 0.040000 1.375000 -0.796874
v 0.040000 1.408145 -0.783144
v 0.020000 1.341854 -0.783144
v 0.020000 1.328125 -0.749999
v 0.020000 1.341854 -0.716853
v 0.020000 1.375000 -0.703124
v 0.020000 1.408146 -0.716853
v 0.020000 1.421875 -0.749999
v 0.020000 1.408146 -0.783144
v 0.020000 1.375000 -0.796874
v -0.000000 1.437500 -0.437499
v 0.020000 1.320312 -0.445311
v -0.000000 1.312500 -0.562499
v 0.020000 1.320312 -0.554686
v -0.000000 1.312500 -0.437499
v 0.020000 1.429688 -0.554686
v -0.000000 1.437500 -0.562499
v 0.020000 1.429688 -0.445311
v 0.060000 1.170927 1.233428
v 0.060000 1.164062 1.250001
v 0.060000 1.170927 1.266574
v 0.060000 1.187500 1.273439
v 0.060000 1.204073 1.266574
v 0.060000 1.210938 1.250001
v 0.060000 1.187500 1.226564
v 0.060000 1.204073 1.233428
v 0.040000 1.154354 1.216856
v 0.040000 1.140625 1.250001
v 0.040000 1.154354 1.283147
v 0.040000 1.187500 1.296876
v 0.040000 1.220645 1.283147
v 0.040000 1.234375 1.250001
v 0.040000 1.187500 1.203126
v 0.040000 1.220645 1.216856
v 0.020000 1.154354 1.216856
v 0.020000 1.140625 1.250001
v 0.020000 1.154354 1.283147
v 0.020000 1.187500 1.296876
v 0.020000 1.220646 1.283147
v 0.020000 1.234375 1.250001
v 0.020000 1.220646 1.216856
v 0.020000 1.187500 1.203126
v 0.437500 1.000000 0.812501
v 0.500000 1.000000 0.875001
v 0.437500 1.000000 0.875001
v 0.492187 1.020000 0.882814
v 0.492187 1.020000 0.929689
v 0.445312 1.020000 0.929689
v 0.445312 1.020000 0.882814
v 0.445312 1.020000 1.132814
v 0.445312 1.020000 1.179689
v 0.492187 1.020000 1.179689
v 0.492187 1.020000 1.132814
v 0.437500 1.000000 1.125001
v 0.500000 1.000000 1.125001
v 0.437500 1.000000 1.062501
v 0.500000 1.000000 1.062501
v 0.492187 1.020000 1.070314
v 0.492187 1.020000 1.117189
v 0.445312 1.020000 1.117189
v 0.445312 1.020000 1.070314
v 0.437500 1.000000 1.062501
v 0.500000 1.000000 1.062501
v 0.437500 1.000000 1.000001
v 0.500000 1.000000 1.000001
v 0.445312 1.020000 0.945314
v 0.445312 1.020000 0.992189
v 0.492187 1.020000 0.992189
v 0.492187 1.020000 0.945314
v 0.500000 1.000000 0.937501
v 0.437500 1.000000 0.937501
v 0.500000 1.000000 1.125001
v 0.500000 1.000000 1.000001
v 0.437500 1.000000 1.000001
v 0.492187 1.020000 1.007814
v 0.492187 1.020000 1.054689
v 0.445312 1.020000 1.054689
v 0.445312 1.020000 1.007814
v 0.437500 1.000000 1.125001
v 0.500000 1.000000 1.187501
v 0.437500 1.000000 1.187501
v 0.500000 1.000000 0.812501
v 0.492187 1.020000 0.820314
v 0.492187 1.020000 0.867189
v 0.445312 1.020000 0.867189
v 0.445312 1.020000 0.820314
v 0.500000 1.000000 0.875001
v 0.437500 1.000000 0.875001
v 0.500000 1.000000 0.937501
v 0.437500 1.000000 0.937501
v 0.500000 1.000000 0.812501
v 0.562500 1.000000 0.875001
v 0.500000 1.000000 0.875001
v 0.554687 1.020000 0.882814
v 0.554687 1.020000 0.929689
v 0.507812 1.020000 0.929689
v 0.507812 1.020000 0.882814
v 0.507812 1.020000 1.132814
v 0.507812 1.020000 1.179689
v 0.554687 1.020000 1.179689
v 0.554687 1.020000 1.132814
v 0.500000 1.000000 1.125001
v 0.562500 1.000000 1.125001
v 0.500000 1.000000 1.062501
v 0.562500 1.000000 1.062501
v 0.554687 1.020000 1.070314
v 0.554687 1.020000 1.117189
v 0.507812 1.020000 1.117189
v 0.507812 1.020000 1.070314
v 0.500000 1.000000 1.062501
v 0.562500 1.000000 1.062501
v 0.500000 1.000000 1.000001
v 0.562500 1.000000 1.000001
v 0.507812 1.020000 0.945314
v 0.507812 1.020000 0.992189
v 0.554687 1.020000 0.992189
v 0.554687 1.020000 0.945314
v 0.562500 1.000000 0.937501
v 0.500000 1.000000 0.937501
v 0.562500 1.000000 1.125001
v 0.562500 1.000000 1.000001
v 0.500000 1.000000 1.000001
v 0.554687 1.020000 1.007814
v 0.554687 1.020000 1.054689
v 0.507812 1.020000 1.054689
v 0.507812 1.020000 1.007814
v 0.500000 1.000000 1.125001
v 0.562500 1.000000 1.187501
v 0.500000 1.000000 1.187501
v 0.562500 1.000000 0.812501
v 0.554687 1.020000 0.820314
v 0.554687 1.020000 0.867189
v 0.507812 1.020000 0.867189
v 0.507812 1.020000 0.820314
v 0.562500 1.000000 0.875001
v 0.500000 1.000000 0.875001
v 0.562500 1.000000 0.937501
v 0.500000 1.000000 0.937501
vt 0.703156 0.520987
vt 0.703156 0.554227
vt 0.703156 0.520987
vt 0.703156 0.554227
vt 0.717254 0.554227
vt 0.717254 0.554227
vt 0.717254 0.520987
vt 0.717254 0.520987
vt 0.680946 0.743152
vt 0.680946 0.743152
vt 0.680946 0.747663
vt 0.712868 0.738640
vt 0.712868 0.716943
vt 0.680946 0.716943
vt 0.712868 0.747663
vt 0.712868 0.743152
vt 0.712868 0.738640
vt 0.680946 0.738640
vt 0.712868 0.738640
vt 0.680946 0.738640
vt 0.621661 0.723604
vt 0.621661 0.716943
vt 0.680946 0.716943
vt 0.621661 0.716943
vt 0.680946 0.738640
vt 0.712868 0.738640
vt 0.712868 0.743152
vt 0.621661 0.723604
vt 0.712868 0.716943
vt 0.680946 0.738640
vt 0.105115 0.891994
vt 0.105115 0.913274
vt 0.105115 0.891994
vt 0.105115 0.913274
vt 0.375880 0.913274
vt 0.375880 0.913274
vt 0.375880 0.891994
vt 0.375880 0.891994
vt 0.092643 0.892375
vt 0.092643 0.920774
vt 0.092643 0.920774
vt 0.348596 0.920774
vt 0.348596 0.920774
vt 0.382005 0.892375
vt 0.348596 0.892375
vt 0.348596 0.892375
vt 0.092643 0.892375
vt 0.382005 0.920774
vt 0.382005 0.892375
vt 0.382005 0.956688
vt 0.382005 0.920774
vt 0.348596 0.956688
vt 0.382005 0.956688
vt 0.348596 0.956688
vt 0.394791 0.688361
vt 0.394791 0.696196
vt 0.394791 0.688361
vt 0.588350 0.696196
vt 0.588350 0.696196
vt 0.588350 0.696221
vt 0.597168 0.696196
vt 0.597168 0.688361
vt 0.597168 0.696196
vt 0.588350 0.688361
vt 0.588350 0.688361
vt 0.394791 0.696196
vt 0.597168 0.688361
vt 0.588350 0.703650
vt 0.597168 0.703650
vt 0.588350 0.703650
vt 0.588350 0.703650
vt 0.597168 0.703650
vt 0.597168 0.703650
vt 0.597168 0.696221
vt 0.588350 0.703650
vt 0.597168 0.703650
vt 0.371558 0.219091
vt 0.371558 0.219091
vt 0.371159 0.219497
vt 0.434034 0.219497
vt 0.371159 0.219497
vt 0.434034 0.219497
vt 0.434034 0.185834
vt 0.434034 0.185834
vt 0.416747 0.185834
vt 0.404268 0.185834
vt 0.404268 0.185834
vt 0.416747 0.219091
vt 0.416747 0.219091
vt 0.416747 0.185834
vt 0.404268 0.185834
vt 0.404268 0.185834
vt 0.515296 0.663237
vt 0.515296 0.682674
vt 0.515296 0.663237
vt 0.515296 0.682674
vt 0.540019 0.682674
vt 0.540021 0.682674
vt 0.671399 0.682674
vt 0.671399 0.682674
vt 0.671399 0.682121
vt 0.671399 0.663237
vt 0.671399 0.663237
vt 0.539833 0.663237
vt 0.539833 0.663237
vt 0.539833 0.682125
vt 0.729032 0.553323
vt 0.698162 0.542055
vt 0.698162 0.553323
vt 0.729032 0.542055
vt 0.698162 0.514853
vt 0.729032 0.514853
vt 0.698162 0.487651
vt 0.729032 0.487651
vt 0.698162 0.476384
vt 0.729032 0.476384
vt 0.698162 0.487651
vt 0.729032 0.487651
vt 0.698162 0.514853
vt 0.729032 0.514853
vt 0.698162 0.542055
vt 0.729032 0.542055
vt 0.743036 0.769004
vt 0.141560 0.758639
vt 0.141560 0.769004
vt 0.743036 0.758639
vt 0.141560 0.733616
vt 0.743036 0.733616
vt 0.141560 0.708594
vt 0.743036 0.708594
vt 0.141560 0.698229
vt 0.743036 0.698229
vt 0.141560 0.708594
vt 0.743036 0.708594
vt 0.141560 0.733616
vt 0.743036 0.733617
vt 0.141560 0.758639
vt 0.743036 0.758639
vt 0.486610 0.403096
vt 0.493668 0.400172
vt 0.486610 0.403096
vt 0.493668 0.400172
vt 0.496592 0.393114
vt 0.496592 0.393114
vt 0.493668 0.386056
vt 0.493668 0.386056
vt 0.486610 0.383132
vt 0.486610 0.383132
vt 0.479552 0.386056
vt 0.479552 0.386056
vt 0.476628 0.393114
vt 0.476628 0.393114
vt 0.479552 0.400172
vt 0.479552 0.400172
vt 0.628329 0.321805
vt 0.628329 0.321805
vt 0.723547 0.410717
vt 0.451913 0.450017
vt 0.417065 0.447278
vt 0.451913 0.450017
vt 0.492148 0.449947
vt 0.492148 0.449947
vt 0.320353 0.418005
vt 0.317476 0.415326
vt 0.317476 0.415326
vt 0.513735 0.353212
vt 0.533389 0.354544
vt 0.513735 0.353212
vt 0.627472 0.437038
vt 0.633953 0.445991
vt 0.632155 0.442480
vt 0.598064 0.430599
vt 0.526987 0.447088
vt 0.526987 0.447088
vt 0.346805 0.430312
vt 0.337725 0.427903
vt 0.346805 0.430312
vt 0.328043 0.423398
vt 0.328043 0.423398
vt 0.606224 0.430794
vt 0.606224 0.430794
vt 0.337725 0.427903
vt 0.409219 0.330020
vt 0.407407 0.332776
vt 0.404520 0.335973
vt 0.637952 0.444202
vt 0.649964 0.444108
vt 0.639619 0.447202
vt 0.496840 0.350199
vt 0.496840 0.350199
vt 0.621523 0.434636
vt 0.689639 0.428669
vt 0.668641 0.437565
vt 0.668641 0.437565
vt 0.649964 0.444108
vt 0.623159 0.421808
vt 0.624826 0.429596
vt 0.620060 0.417870
vt 0.600123 0.333994
vt 0.589773 0.342184
vt 0.589773 0.342184
vt 0.550537 0.353838
vt 0.550537 0.353838
vt 0.563678 0.352263
vt 0.576433 0.348871
vt 0.563678 0.352263
vt 0.576433 0.348871
vt 0.588701 0.342722
vt 0.600123 0.333994
vt 0.600123 0.333994
vt 0.608431 0.325267
vt 0.681681 0.411435
vt 0.661797 0.419859
vt 0.608431 0.325267
vt 0.707333 0.419804
vt 0.723547 0.410717
vt 0.707333 0.419804
vt 0.689639 0.428669
vt 0.634111 0.435986
vt 0.629112 0.424699
vt 0.626650 0.437620
vt 0.626907 0.437684
vt 0.589627 0.342258
vt 0.589773 0.342184
vt 0.589226 0.342459
vt 0.595854 0.360487
vt 0.613675 0.411865
vt 0.592285 0.362257
vt 0.607904 0.408042
vt 0.592285 0.362257
vt 0.587703 0.364543
vt 0.621514 0.434631
vt 0.661797 0.419859
vt 0.634046 0.436039
vt 0.665219 0.428712
vt 0.627288 0.438200
vt 0.634290 0.445789
vt 0.624826 0.429596
vt 0.628358 0.433800
vt 0.626650 0.437620
vt 0.627288 0.438200
vt 0.589627 0.342258
vt 0.589226 0.342459
vt 0.588701 0.342722
vt 0.613675 0.411865
vt 0.595854 0.360487
vt 0.607904 0.408042
vt 0.587703 0.364543
vt 0.494375 0.424075
vt 0.525936 0.437655
vt 0.491751 0.440461
vt 0.526705 0.444560
vt 0.492041 0.447405
vt 0.494375 0.424075
vt 0.525936 0.437655
vt 0.527906 0.421323
vt 0.491751 0.440461
vt 0.526705 0.444560
vt 0.492041 0.447405
vt 0.455663 0.424142
vt 0.452277 0.440529
vt 0.452011 0.447475
vt 0.455663 0.424142
vt 0.452277 0.440529
vt 0.422122 0.421506
vt 0.418083 0.437842
vt 0.417338 0.444750
vt 0.422122 0.421506
vt 0.417338 0.444750
vt 0.452011 0.447475
vt 0.417065 0.447278
vt 0.344211 0.409994
vt 0.348674 0.420993
vt 0.340968 0.418949
vt 0.347305 0.427815
vt 0.338594 0.425504
vt 0.344211 0.409994
vt 0.348674 0.420993
vt 0.350543 0.411674
vt 0.340968 0.418949
vt 0.347305 0.427815
vt 0.338594 0.425504
vt 0.332805 0.415150
vt 0.337566 0.406902
vt 0.329319 0.421188
vt 0.332805 0.415150
vt 0.326277 0.410573
vt 0.332202 0.403141
vt 0.321940 0.416013
vt 0.337566 0.406902
vt 0.326277 0.410573
vt 0.321940 0.416013
vt 0.329319 0.421188
vt 0.320353 0.418005
vt 0.321958 0.406964
vt 0.326439 0.398603
vt 0.318677 0.413085
vt 0.332202 0.403141
vt 0.321958 0.406964
vt 0.318677 0.413085
vt 0.350543 0.411674
vt 0.418083 0.437842
vt 0.597512 0.421096
vt 0.596961 0.411593
vt 0.609075 0.428320
vt 0.597916 0.428052
vt 0.597512 0.421096
vt 0.614083 0.420982
vt 0.609075 0.428320
vt 0.597916 0.428052
vt 0.527906 0.421323
vt 0.596961 0.411593
vt 0.598064 0.430599
vt 0.492779 0.368748
vt 0.512578 0.362642
vt 0.511421 0.372072
vt 0.494809 0.359474
vt 0.513425 0.355739
vt 0.496296 0.352684
vt 0.492779 0.368748
vt 0.512578 0.362642
vt 0.494809 0.359474
vt 0.513425 0.355739
vt 0.496296 0.352684
vt 0.533263 0.364044
vt 0.533137 0.373544
vt 0.533356 0.357089
vt 0.511421 0.372072
vt 0.533263 0.364044
vt 0.533356 0.357089
vt 0.533389 0.354544
vt 0.552058 0.372765
vt 0.551297 0.363302
vt 0.550740 0.356374
vt 0.552058 0.372765
vt 0.533137 0.373544
vt 0.551297 0.363302
vt 0.410939 0.327841
vt 0.412106 0.326823
vt 0.398101 0.344105
vt 0.567262 0.370942
vt 0.580011 0.357736
vt 0.583588 0.366602
vt 0.565470 0.361603
vt 0.577392 0.351247
vt 0.564158 0.354765
vt 0.567262 0.370942
vt 0.580011 0.357736
vt 0.565470 0.361602
vt 0.577392 0.351247
vt 0.564158 0.354765
vt 0.593588 0.350968
vt 0.592299 0.351594
vt 0.590796 0.344538
vt 0.590020 0.344921
vt 0.550740 0.356374
vt 0.619069 0.430717
vt 0.614084 0.420983
vt 0.600123 0.333994
vt 0.597402 0.359752
vt 0.632313 0.442352
vt 0.627472 0.437038
vt 0.623193 0.421852
vt 0.639144 0.447563
vt 0.702887 0.411421
vt 0.685660 0.420052
vt 0.706141 0.417558
vt 0.688573 0.426360
vt 0.681681 0.411435
vt 0.702887 0.411421
vt 0.698440 0.403038
vt 0.685660 0.420052
vt 0.706141 0.417558
vt 0.688573 0.426360
vt 0.665219 0.428712
vt 0.667724 0.435193
vt 0.665108 0.436110
vt 0.665108 0.436110
vt 0.667724 0.435193
vt 0.721597 0.408896
vt 0.716269 0.403921
vt 0.708991 0.397125
vt 0.708991 0.397125
vt 0.698440 0.403038
vt 0.716269 0.403921
vt 0.721597 0.408896
vt 0.600123 0.333994
vt 0.593588 0.350968
vt 0.600123 0.333994
vt 0.590796 0.344538
vt 0.600123 0.333994
vt 0.597402 0.359752
vt 0.592299 0.351594
vt 0.590020 0.344921
vt 0.619065 0.430715
vt 0.589107 0.353184
vt 0.587987 0.345938
vt 0.584897 0.355289
vt 0.585262 0.347302
vt 0.589107 0.353184
vt 0.584897 0.355289
vt 0.587987 0.345937
vt 0.585262 0.347302
vt 0.619396 0.424552
vt 0.624145 0.433979
vt 0.624532 0.422226
vt 0.620060 0.417870
vt 0.624532 0.422226
vt 0.637719 0.444398
vt 0.619396 0.424552
vt 0.624145 0.433979
vt 0.583588 0.366602
vt 0.410939 0.327841
vt 0.413826 0.324644
vt 0.404520 0.335973
vt 0.400987 0.340908
vt 0.407407 0.332776
vt 0.409219 0.330020
vt 0.413826 0.324644
vt 0.397524 0.320401
vt 0.390272 0.328317
vt 0.395581 0.322522
vt 0.412106 0.326823
vt 0.397524 0.320401
vt 0.395581 0.322522
vt 0.390272 0.328317
vt 0.400987 0.340908
vt 0.383020 0.336232
vt 0.383020 0.336232
vt 0.629108 0.424700
vt 0.628386 0.433758
vt 0.326439 0.398603
vt 0.352835 0.400778
vt 0.484968 0.425617
vt 0.486394 0.418030
vt 0.488653 0.419772
vt 0.488653 0.419772
vt 0.354262 0.393192
vt 0.486394 0.418030
vt 0.484968 0.425617
vt 0.487705 0.424814
vt 0.354262 0.393192
vt 0.351525 0.393994
vt 0.352835 0.400778
vt 0.351525 0.393994
vt 0.348633 0.396061
vt 0.348633 0.396061
vt 0.350577 0.399036
vt 0.490597 0.422747
vt 0.490597 0.422747
vt 0.487705 0.424814
vt 0.350577 0.399036
vt 0.362627 0.387623
vt 0.494690 0.412449
vt 0.496116 0.404863
vt 0.498387 0.406607
vt 0.498387 0.406607
vt 0.364053 0.380037
vt 0.496116 0.404863
vt 0.494690 0.412449
vt 0.497439 0.411649
vt 0.364053 0.380037
vt 0.361304 0.380838
vt 0.362627 0.387623
vt 0.361304 0.380838
vt 0.358401 0.382902
vt 0.358401 0.382902
vt 0.360356 0.385880
vt 0.500342 0.409584
vt 0.500342 0.409584
vt 0.497439 0.411649
vt 0.360356 0.385880
vt 0.384519 0.361285
vt 0.516529 0.386100
vt 0.517955 0.378514
vt 0.520235 0.380260
vt 0.520235 0.380260
vt 0.385945 0.353698
vt 0.517955 0.378514
vt 0.516529 0.386100
vt 0.519287 0.385301
vt 0.385945 0.353698
vt 0.383187 0.354497
vt 0.384519 0.361285
vt 0.383187 0.354497
vt 0.380275 0.356560
vt 0.380275 0.356560
vt 0.382239 0.359539
vt 0.522198 0.383239
vt 0.522198 0.383239
vt 0.519287 0.385301
vt 0.382239 0.359539
vt 0.374483 0.374411
vt 0.506492 0.399226
vt 0.507919 0.391640
vt 0.510198 0.393386
vt 0.510198 0.393386
vt 0.375909 0.366825
vt 0.507919 0.391640
vt 0.506492 0.399226
vt 0.509250 0.398428
vt 0.375909 0.366825
vt 0.373151 0.367623
vt 0.374483 0.374411
vt 0.373151 0.367623
vt 0.370239 0.369686
vt 0.370239 0.369686
vt 0.372203 0.372665
vt 0.512162 0.396365
vt 0.512162 0.396365
vt 0.509250 0.398428
vt 0.372203 0.372665
vt 0.352835 0.400778
vt 0.484968 0.425617
vt 0.486394 0.418030
vt 0.488653 0.419772
vt 0.488653 0.419772
vt 0.354262 0.393192
vt 0.486394 0.418030
vt 0.484968 0.425617
vt 0.487705 0.424814
vt 0.354262 0.393192
vt 0.351525 0.393994
vt 0.352835 0.400778
vt 0.351525 0.393994
vt 0.348633 0.396061
vt 0.348633 0.396061
vt 0.350577 0.399036
vt 0.490597 0.422747
vt 0.490597 0.422747
vt 0.487705 0.424814
vt 0.350577 0.399036
vt 0.362627 0.387623
vt 0.494690 0.412449
vt 0.496116 0.404863
vt 0.498387 0.406607
vt 0.498387 0.406607
vt 0.364053 0.380037
vt 0.496116 0.404863
vt 0.494690 0.412449
vt 0.497439 0.411649
vt 0.364053 0.380037
vt 0.361304 0.380837
vt 0.362627 0.387623
vt 0.361304 0.380838
vt 0.358401 0.382902
vt 0.358401 0.382902
vt 0.360356 0.385880
vt 0.500342 0.409584
vt 0.500342 0.409584
vt 0.497439 0.411649
vt 0.360356 0.385880
vt 0.384519 0.361285
vt 0.516529 0.386100
vt 0.517955 0.378514
vt 0.520235 0.380260
vt 0.520235 0.380260
vt 0.385945 0.353698
vt 0.517955 0.378514
vt 0.516529 0.386100
vt 0.519287 0.385301
vt 0.385945 0.353698
vt 0.383187 0.354497
vt 0.384519 0.361285
vt 0.383187 0.354497
vt 0.380275 0.356560
vt 0.380275 0.356560
vt 0.382239 0.359539
vt 0.522198 0.383239
vt 0.522198 0.383239
vt 0.519287 0.385301
vt 0.382239 0.359539
vt 0.374483 0.374411
vt 0.506492 0.399226
vt 0.507919 0.391640
vt 0.510198 0.393386
vt 0.510198 0.393386
vt 0.375909 0.366825
vt 0.507919 0.391640
vt 0.506492 0.399226
vt 0.509250 0.398428
vt 0.375909 0.366825
vt 0.373151 0.367623
vt 0.374483 0.374411
vt 0.373151 0.367623
vt 0.370239 0.369686
vt 0.370239 0.369686
vt 0.372203 0.372665
vt 0.512162 0.396365
vt 0.512162 0.396365
vt 0.509250 0.398428
vt 0.372203 0.372665
vt 0.600123 0.333994
vt 0.398101 0.344105
vt 0.410446 0.878172
vt 0.459032 0.957893
vt 0.409800 0.933798
vt 0.270167 0.928387
vt 0.263671 0.929521
vt 0.138793 0.990301
vt 0.097751 0.989006
vt 0.138793 0.990301
vt 0.459032 0.957893
vt 0.031544 0.877691
vt 0.031544 0.877691
vt 0.031544 0.956752
vt 0.097751 0.989006
vt 0.062956 0.983571
vt 0.039707 0.971267
vt 0.039707 0.971267
vt 0.062956 0.983571
vt 0.031544 0.956752
vt 0.459032 0.990301
vt 0.133506 0.958479
vt 0.144365 0.970295
vt 0.119823 0.970161
vt 0.141437 0.980809
vt 0.108223 0.980065
vt 0.139480 0.987834
vt 0.100472 0.986683
vt 0.133506 0.958479
vt 0.144365 0.970295
vt 0.147819 0.957893
vt 0.119823 0.970161
vt 0.141437 0.980809
vt 0.108223 0.980065
vt 0.139480 0.987834
vt 0.100472 0.986683
vt 0.048604 0.975975
vt 0.056147 0.979967
vt 0.061187 0.982635
vt 0.056147 0.979967
vt 0.061187 0.982635
vt 0.459032 0.987834
vt 0.459032 0.980809
vt 0.459032 0.970295
vt 0.459032 0.970295
vt 0.410561 0.970295
vt 0.411041 0.967999
vt 0.147819 0.957893
vt 0.257754 0.957893
vt 0.257754 0.967999
vt 0.270167 0.979350
vt 0.398628 0.979350
vt 0.459032 0.980809
vt 0.459032 0.987834
vt 0.459032 0.990301
vt 0.458599 0.845169
vt 0.410339 0.844769
vt 0.458599 0.845169
vt 0.410446 0.878172
vt 0.410339 0.844769
vt 0.405124 0.929521
vt 0.409800 0.933798
vt 0.263671 0.929521
vt 0.258995 0.933798
vt 0.270167 0.928387
vt 0.398628 0.928387
vt 0.398628 0.928387
vt 0.381400 0.940125
vt 0.381400 0.967613
vt 0.287395 0.940125
vt 0.405124 0.929521
vt 0.258995 0.973940
vt 0.257754 0.967999
vt 0.257754 0.939738
vt 0.257754 0.939738
vt 0.258995 0.973940
vt 0.263671 0.978216
vt 0.411041 0.939738
vt 0.411041 0.939738
vt 0.263671 0.978216
vt 0.409800 0.973940
vt 0.405124 0.978216
vt 0.405124 0.978216
vt 0.270167 0.979350
vt 0.258995 0.933798
vt 0.409800 0.973940
vt 0.411041 0.957893
vt 0.396858 0.931068
vt 0.271936 0.931068
vt 0.288230 0.936125
vt 0.269676 0.931463
vt 0.402323 0.934393
vt 0.403459 0.939837
vt 0.399119 0.931463
vt 0.380565 0.936125
vt 0.411041 0.967999
vt 0.380565 0.971613
vt 0.402323 0.973344
vt 0.399119 0.976274
vt 0.288230 0.971613
vt 0.269676 0.976274
vt 0.266472 0.973344
vt 0.265336 0.939837
vt 0.266472 0.934393
vt 0.287395 0.967613
vt 0.396858 0.976669
vt 0.398628 0.979350
vt 0.271937 0.976669
vt 0.265336 0.967900
vt 0.403459 0.967900
vt 0.048604 0.975975
vt 0.258234 0.970295
vt 0.766609 0.756295
vt 0.165134 0.745931
vt 0.165134 0.756295
vt 0.766609 0.745931
vt 0.165134 0.720908
vt 0.766609 0.720908
vt 0.165134 0.695885
vt 0.766609 0.695885
vt 0.165134 0.685521
vt 0.766609 0.685521
vt 0.165134 0.695885
vt 0.766609 0.695885
vt 0.165134 0.720908
vt 0.766609 0.720908
vt 0.165134 0.745931
vt 0.766609 0.745931
vt 0.782994 0.575784
vt 0.714498 0.564516
vt 0.714498 0.575784
vt 0.782994 0.564516
vt 0.714498 0.537314
vt 0.782994 0.537314
vt 0.714498 0.510112
vt 0.782994 0.510112
vt 0.714498 0.498845
vt 0.782994 0.498845
vt 0.714498 0.510112
vt 0.782994 0.510112
vt 0.714498 0.537314
vt 0.782994 0.537314
vt 0.782994 0.537314
vt 0.782994 0.559627
vt 0.782994 0.537314
vt 0.714498 0.564516
vt 0.782994 0.564516
vt 0.714498 0.537314
vt 0.714498 0.515002
vt 0.714498 0.559627
vt 0.714498 0.568869
vt 0.714498 0.537314
vt 0.714498 0.515002
vt 0.782994 0.515002
vt 0.714498 0.505760
vt 0.782994 0.505760
vt 0.782994 0.515002
vt 0.782994 0.559627
vt 0.714498 0.559627
vt 0.782994 0.568869
vt 0.729257 0.590922
vt 0.704821 0.579801
vt 0.704821 0.590922
vt 0.729257 0.579801
vt 0.704821 0.552952
vt 0.729257 0.552952
vt 0.704821 0.526104
vt 0.729257 0.526104
vt 0.704821 0.514983
vt 0.729257 0.514983
vt 0.704821 0.526104
vt 0.729257 0.526104
vt 0.704821 0.552952
vt 0.729257 0.552952
vt 0.704821 0.579801
vt 0.729257 0.579801
vt 0.164335 0.434657
vt 0.179187 0.434574
vt 0.178601 0.434657
vt 0.482821 0.346461
vt 0.475427 0.434657
vt 0.482821 0.434657
vt 0.670036 0.330470
vt 0.482821 0.330470
vt 0.670036 0.330470
vt 0.470021 0.434657
vt 0.475425 0.346133
vt 0.475427 0.434657
vt 0.238885 0.370245
vt 0.251790 0.369380
vt 0.258817 0.371634
vt 0.208811 0.434119
vt 0.213706 0.434119
vt 0.263888 0.365240
vt 0.223848 0.346310
vt 0.220877 0.342772
vt 0.482821 0.346461
vt 0.482821 0.434657
vt 0.462275 0.434657
vt 0.470016 0.345190
vt 0.462279 0.342235
vt 0.670036 0.434657
vt 0.670036 0.434657
vt 0.670036 0.346418
vt 0.164335 0.324456
vt 0.164335 0.324456
vt 0.164335 0.340403
vt 0.462275 0.434657
vt 0.470016 0.345190
vt 0.449475 0.434657
vt 0.456870 0.341015
vt 0.456869 0.434657
vt 0.475425 0.330022
vt 0.482821 0.330470
vt 0.470016 0.328940
vt 0.462280 0.325986
vt 0.462280 0.325986
vt 0.475425 0.346133
vt 0.470021 0.434657
vt 0.470016 0.328940
vt 0.456870 0.341015
vt 0.449475 0.434657
vt 0.456869 0.434657
vt 0.449475 0.324456
vt 0.456870 0.324904
vt 0.456870 0.324904
vt 0.462279 0.342235
vt 0.475425 0.332181
vt 0.470016 0.331117
vt 0.470016 0.337065
vt 0.475425 0.338078
vt 0.482821 0.332613
vt 0.482821 0.338466
vt 0.475425 0.330022
vt 0.482821 0.332613
vt 0.475425 0.338078
vt 0.482821 0.338466
vt 0.475425 0.332181
vt 0.470016 0.337065
vt 0.462280 0.328162
vt 0.456870 0.332959
vt 0.462280 0.334110
vt 0.449475 0.324456
vt 0.456870 0.327062
vt 0.449475 0.332451
vt 0.449475 0.340446
vt 0.456870 0.327062
vt 0.449475 0.326598
vt 0.449475 0.332451
vt 0.456870 0.332959
vt 0.449475 0.340446
vt 0.462280 0.328163
vt 0.462280 0.334110
vt 0.670036 0.332607
vt 0.670036 0.338444
vt 0.670036 0.346418
vt 0.470016 0.331117
vt 0.670036 0.338444
vt 0.164335 0.434657
vt 0.179188 0.434574
vt 0.163633 0.434674
vt 0.178592 0.332430
vt 0.179177 0.339433
vt 0.179177 0.330739
vt 0.164335 0.332429
vt 0.163633 0.324373
vt 0.164335 0.326592
vt 0.178592 0.324456
vt 0.178592 0.326592
vt 0.178592 0.340405
vt 0.288891 0.370384
vt 0.291861 0.366747
vt 0.264079 0.364938
vt 0.268958 0.434243
vt 0.268958 0.370245
vt 0.268958 0.434243
vt 0.299032 0.370384
vt 0.299032 0.434243
vt 0.299032 0.370384
vt 0.228743 0.434243
vt 0.238885 0.434243
vt 0.228743 0.434243
vt 0.228743 0.434243
vt 0.238885 0.434243
vt 0.238885 0.434243
vt 0.213706 0.434119
vt 0.178603 0.434657
vt 0.228743 0.434243
vt 0.228743 0.370245
vt 0.228743 0.370245
vt 0.228743 0.370384
vt 0.329106 0.434243
vt 0.329106 0.370245
vt 0.329106 0.434243
vt 0.329106 0.370384
vt 0.329106 0.434243
vt 0.329106 0.370384
vt 0.258817 0.434243
vt 0.258817 0.434243
vt 0.258817 0.434243
vt 0.268958 0.434243
vt 0.268958 0.434243
vt 0.238885 0.434243
vt 0.238885 0.370384
vt 0.238885 0.370384
vt 0.258817 0.370384
vt 0.258817 0.371634
vt 0.264075 0.364940
vt 0.266481 0.366696
vt 0.265988 0.366706
vt 0.268958 0.370245
vt 0.258817 0.370245
vt 0.291861 0.366747
vt 0.288891 0.370384
vt 0.288891 0.434243
vt 0.299032 0.434243
vt 0.288891 0.434243
vt 0.288891 0.434243
vt 0.299032 0.434243
vt 0.235914 0.366706
vt 0.238885 0.370245
vt 0.268958 0.370384
vt 0.288891 0.370245
vt 0.288891 0.370245
vt 0.288891 0.434243
vt 0.359180 0.370384
vt 0.359180 0.434243
vt 0.359180 0.370384
vt 0.359180 0.434243
vt 0.359180 0.370245
vt 0.359180 0.434243
vt 0.389254 0.370384
vt 0.389254 0.434243
vt 0.389254 0.370384
vt 0.318965 0.434243
vt 0.318965 0.434243
vt 0.318965 0.434243
vt 0.329106 0.434243
vt 0.299032 0.434243
vt 0.299032 0.370245
vt 0.231714 0.366747
vt 0.318965 0.370245
vt 0.318965 0.370245
vt 0.318965 0.370384
vt 0.318965 0.434243
vt 0.389254 0.434243
vt 0.389254 0.370245
vt 0.389254 0.434243
vt 0.419327 0.370384
vt 0.419327 0.434243
vt 0.419327 0.370384
vt 0.349038 0.434243
vt 0.349038 0.434243
vt 0.349038 0.434243
vt 0.359180 0.434243
vt 0.296062 0.366706
vt 0.299032 0.370245
vt 0.349038 0.370245
vt 0.349038 0.370245
vt 0.349038 0.370384
vt 0.349038 0.434243
vt 0.419327 0.434243
vt 0.419327 0.370245
vt 0.419327 0.434243
vt 0.208811 0.434119
vt 0.208811 0.357554
vt 0.208811 0.346449
vt 0.379112 0.434243
vt 0.379112 0.434243
vt 0.379112 0.434243
vt 0.389254 0.434243
vt 0.326136 0.366706
vt 0.329106 0.370245
vt 0.379112 0.370245
vt 0.379112 0.370245
vt 0.379112 0.370384
vt 0.379112 0.434243
vt 0.223848 0.346310
vt 0.223848 0.363353
vt 0.201640 0.342812
vt 0.198670 0.346449
vt 0.409186 0.434243
vt 0.409186 0.434243
vt 0.409186 0.434243
vt 0.419327 0.434243
vt 0.356209 0.366706
vt 0.359180 0.370245
vt 0.321935 0.366747
vt 0.409186 0.370245
vt 0.409186 0.370245
vt 0.409186 0.370384
vt 0.409186 0.434243
vt 0.416357 0.366706
vt 0.419327 0.370245
vt 0.198670 0.434119
vt 0.198670 0.434119
vt 0.198670 0.434119
vt 0.208811 0.434119
vt 0.386283 0.366706
vt 0.389254 0.370245
vt 0.352009 0.366747
vt 0.198670 0.353643
vt 0.198670 0.346310
vt 0.223848 0.434119
vt 0.223848 0.434119
vt 0.223848 0.363353
vt 0.198670 0.346449
vt 0.198670 0.353643
vt 0.205841 0.342772
vt 0.208811 0.346310
vt 0.412156 0.366747
vt 0.213706 0.434119
vt 0.223848 0.434119
vt 0.213706 0.434119
vt 0.208811 0.357554
vt 0.208811 0.434119
vt 0.382083 0.366747
vt 0.213706 0.359442
vt 0.213706 0.346449
vt 0.213706 0.346449
vt 0.213706 0.359442
vt 0.233814 0.365240
vt 0.231714 0.366706
vt 0.235914 0.366706
vt 0.291861 0.366706
vt 0.321935 0.366706
vt 0.382083 0.366706
vt 0.412156 0.366706
vt 0.198670 0.346310
vt 0.201640 0.342772
vt 0.201640 0.342772
vt 0.203740 0.341306
vt 0.412156 0.366706
vt 0.414257 0.365240
vt 0.258817 0.370245
vt 0.261787 0.366706
vt 0.261787 0.366706
vt 0.263888 0.365240
vt 0.291861 0.366706
vt 0.293962 0.365240
vt 0.321935 0.366706
vt 0.324035 0.365240
vt 0.352009 0.366706
vt 0.352009 0.366706
vt 0.354109 0.365240
vt 0.382083 0.366706
vt 0.384183 0.365240
vt 0.218777 0.341306
vt 0.220877 0.342772
vt 0.218777 0.341306
vt 0.231714 0.366706
vt 0.233814 0.365240
vt 0.265988 0.366706
vt 0.293962 0.365240
vt 0.296062 0.366706
vt 0.354109 0.365240
vt 0.356209 0.366706
vt 0.384183 0.365240
vt 0.386283 0.366706
vt 0.414257 0.365240
vt 0.416357 0.366706
vt 0.213706 0.346310
vt 0.216677 0.342772
vt 0.213706 0.346310
vt 0.216677 0.342772
vt 0.324035 0.365240
vt 0.326136 0.366706
vt 0.203740 0.341306
vt 0.205841 0.342772
vt 0.228743 0.370384
vt 0.231714 0.366747
vt 0.233814 0.365240
vt 0.258817 0.434243
vt 0.318965 0.370384
vt 0.321935 0.366747
vt 0.349038 0.370384
vt 0.352009 0.366747
vt 0.379112 0.370384
vt 0.382083 0.366747
vt 0.386283 0.366747
vt 0.409186 0.370384
vt 0.412156 0.366747
vt 0.293962 0.365240
vt 0.293962 0.365240
vt 0.235914 0.366747
vt 0.235914 0.366747
vt 0.233814 0.365240
vt 0.296062 0.366747
vt 0.296062 0.366747
vt 0.326136 0.366747
vt 0.326136 0.366747
vt 0.324035 0.365240
vt 0.386283 0.366747
vt 0.384183 0.365240
vt 0.208811 0.346449
vt 0.205841 0.342812
vt 0.205841 0.342812
vt 0.203740 0.341306
vt 0.218777 0.341306
vt 0.216677 0.342812
vt 0.218777 0.341306
vt 0.216677 0.342812
vt 0.354109 0.365240
vt 0.354109 0.365240
vt 0.356209 0.366747
vt 0.356209 0.366747
vt 0.384183 0.365240
vt 0.414257 0.365240
vt 0.414257 0.365240
vt 0.416357 0.366747
vt 0.416357 0.366747
vt 0.223848 0.346449
vt 0.220877 0.342812
vt 0.223848 0.346449
vt 0.220877 0.342812
vt 0.324035 0.365240
vt 0.261787 0.366747
vt 0.261821 0.366747
vt 0.203740 0.341306
vt 0.201640 0.342812
vt 0.266477 0.366698
vt 0.268963 0.370382
vt 0.179177 0.322044
vt 0.178592 0.324456
vt 0.164335 0.340403
vt 0.163633 0.434674
vt 0.178592 0.326592
vt 0.179177 0.324374
vt 0.178592 0.340405
vt 0.449475 0.326598
vt 0.178592 0.332430
vt 0.163633 0.322044
vt 0.163633 0.322044
vt 0.178593 0.345901
vt 0.179178 0.345425
vt 0.163633 0.339431
vt 0.179177 0.330739
vt 0.164335 0.332429
vt 0.163633 0.339431
vt 0.163633 0.330737
vt 0.179177 0.339433
vt 0.163633 0.330737
vt 0.179177 0.324374
vt 0.163633 0.324373
vt 0.179178 0.345425
vt 0.178593 0.345901
vt 0.179177 0.322044
vt 0.164335 0.326592
vt 0.208811 0.346310
vt 0.670036 0.332607
vt 0.198670 0.434119
vt 0.258817 0.370384
vt 0.223848 0.434119
vt 0.176155 0.159372
vt 0.351182 0.159372
vt 0.176155 0.159372
vt 0.176155 0.157238
vt 0.176155 0.157238
vt 0.286086 0.114179
vt 0.289470 0.123449
vt 0.286086 0.114179
vt 0.206319 0.123491
vt 0.199684 0.136404
vt 0.206319 0.123491
vt 0.199684 0.136404
vt 0.188460 0.148679
vt 0.188460 0.148679
vt 0.351182 0.159372
vt 0.351182 0.157119
vt 0.207246 0.118405
vt 0.207246 0.118405
vt 0.289470 0.123449
vt 0.302205 0.137250
vt 0.302205 0.137250
vt 0.326572 0.148575
vt 0.326572 0.148575
vt 0.351182 0.157119
vt 0.289117 0.138628
vt 0.294854 0.136252
vt 0.286775 0.135968
vt 0.220441 0.149560
vt 0.214194 0.146627
vt 0.220638 0.106650
vt 0.220441 0.110047
vt 0.228285 0.109317
vt 0.273140 0.106307
vt 0.282061 0.108308
vt 0.273140 0.106307
vt 0.282061 0.108308
vt 0.210999 0.110994
vt 0.210999 0.110994
vt 0.220638 0.106650
vt 0.228285 0.109317
vt 0.220441 0.110047
vt 0.286775 0.135968
vt 0.294854 0.136252
vt 0.266968 0.150290
vt 0.294854 0.152477
vt 0.286775 0.123640
vt 0.208478 0.123640
vt 0.208478 0.135968
vt 0.208478 0.123640
vt 0.266968 0.109317
vt 0.266968 0.109317
vt 0.228285 0.150290
vt 0.228285 0.150290
vt 0.214194 0.112981
vt 0.214194 0.112981
vt 0.209799 0.117931
vt 0.209799 0.117931
vt 0.220441 0.149560
vt 0.214194 0.146627
vt 0.209799 0.141676
vt 0.209799 0.141676
vt 0.208478 0.135968
vt 0.285454 0.141676
vt 0.285454 0.141676
vt 0.281058 0.146627
vt 0.281058 0.146627
vt 0.274811 0.149560
vt 0.274811 0.149560
vt 0.266968 0.150290
vt 0.274811 0.110047
vt 0.274811 0.110047
vt 0.281058 0.112981
vt 0.281058 0.112981
vt 0.285454 0.117931
vt 0.285454 0.117931
vt 0.286775 0.123640
vt 0.300590 0.150101
vt 0.294854 0.152477
vt 0.302967 0.144365
vt 0.300590 0.150101
vt 0.300590 0.138628
vt 0.302967 0.144365
vt 0.299187 0.138047
vt 0.299187 0.138047
vt 0.289117 0.138628
vt 0.287699 0.142053
vt 0.286741 0.144365
vt 0.287699 0.142053
vt 0.289117 0.150101
vt 0.286741 0.144365
vt 0.289117 0.150101
vt 0.300590 0.138628
vt 0.437463 0.717486
vt 0.437463 0.729525
vt 0.437463 0.717486
vt 0.473076 0.717486
vt 0.473076 0.717486
vt 0.606328 0.696434
vt 0.592588 0.696434
vt 0.606328 0.696434
vt 0.535699 0.708464
vt 0.504490 0.714856
vt 0.535699 0.708464
vt 0.564112 0.717495
vt 0.594299 0.705466
vt 0.564112 0.717495
vt 0.521896 0.729525
vt 0.521896 0.729525
vt 0.437463 0.729525
vt 0.605389 0.697140
vt 0.602655 0.699193
vt 0.580175 0.697602
vt 0.585684 0.696733
vt 0.580175 0.697602
vt 0.513693 0.716961
vt 0.546293 0.710284
vt 0.585684 0.696733
vt 0.592588 0.696434
vt 0.490183 0.716814
vt 0.504490 0.714856
vt 0.490183 0.716814
vt 0.590193 0.699562
vt 0.587283 0.697386
vt 0.591937 0.699287
vt 0.582737 0.698103
vt 0.590193 0.699562
vt 0.587283 0.697386
vt 0.582737 0.698103
vt 0.592981 0.697140
vt 0.594123 0.699193
vt 0.591937 0.699287
vt 0.592981 0.697140
vt 0.538409 0.708929
vt 0.605389 0.697140
vt 0.602655 0.699193
vt 0.594123 0.699193
vt 0.546293 0.710284
vt 0.538409 0.708929
vt 0.490183 0.716814
vt 0.506844 0.715395
vt 0.490183 0.716814
vt 0.513693 0.716961
vt 0.506844 0.715395
vt 0.594299 0.705466
vt 0.559609 0.765930
vt 0.494705 0.766175
vt 0.559609 0.765930
vt 0.462977 0.719170
vt 0.472742 0.739125
vt 0.458190 0.721973
vt 0.468953 0.718129
vt 0.477793 0.736194
vt 0.477793 0.736194
vt 0.465109 0.689302
vt 0.468953 0.718129
vt 0.470874 0.666624
vt 0.465109 0.689302
vt 0.481252 0.650452
vt 0.470874 0.666624
vt 0.466646 0.662781
vt 0.466646 0.662781
vt 0.481252 0.650452
vt 0.455884 0.688533
vt 0.458190 0.721973
vt 0.462977 0.719170
vt 0.455884 0.688533
vt 0.466646 0.662781
vt 0.468953 0.744266
vt 0.494705 0.766175
vt 0.468953 0.744266
vt 0.514692 0.755797
vt 0.514692 0.755797
vt 0.514090 0.756913
vt 0.587110 0.765826
vt 0.596562 0.765790
vt 0.512336 0.760159
vt 0.476501 0.736944
vt 0.467424 0.718395
vt 0.463538 0.689249
vt 0.458967 0.689095
vt 0.469385 0.666251
vt 0.466646 0.662781
vt 0.477517 0.653605
vt 0.587110 0.765826
vt 0.596562 0.765790
vt 0.514090 0.756913
vt 0.476501 0.736944
vt 0.512336 0.760159
vt 0.467424 0.718395
vt 0.472742 0.739125
vt 0.463538 0.689249
vt 0.469385 0.666251
vt 0.458967 0.689095
vt 0.477517 0.653605
vt 0.771627 0.571391
vt 0.747191 0.560270
vt 0.747191 0.571391
vt 0.771627 0.560270
vt 0.747191 0.533421
vt 0.771627 0.533421
vt 0.747191 0.506573
vt 0.771627 0.506573
vt 0.747191 0.495452
vt 0.771627 0.506573
vt 0.747191 0.506573
vt 0.747191 0.533421
vt 0.771627 0.533421
vt 0.771627 0.495452
vt 0.747191 0.560270
vt 0.771627 0.560270
vt 0.697530 0.701590
vt 0.568704 0.712834
vt 0.552946 0.701590
vt 0.697530 0.692045
vt 0.543187 0.692045
vt 0.697530 0.682139
vt 0.697530 0.640529
vt 0.539833 0.682139
vt 0.539833 0.640529
vt 0.568704 0.712699
vt 0.697530 0.701471
vt 0.552946 0.701476
vt 0.697530 0.691975
vt 0.697530 0.682121
vt 0.539833 0.640529
vt 0.697530 0.640529
vt 0.697530 0.712834
vt 0.543187 0.691982
vt 0.697530 0.712699
vt 0.793814 0.414213
vt 0.636462 0.439339
vt 0.694588 0.353553
vt 0.793814 0.171572
vt 0.636462 0.146447
vt 0.677563 0.000000
vt 0.396907 0.171573
vt 0.554260 0.146447
vt 0.496134 0.232233
vt 0.513159 0.585786
vt 0.496134 0.353553
vt 0.554260 0.439339
vt 0.677563 0.585786
vt 0.694588 0.232233
vt 0.513159 0.000000
vt 0.396907 0.414214
vt 0.089502 0.757359
vt 0.000001 0.585786
vt 0.089503 0.585786
vt 0.396907 0.828427
vt 0.486409 0.999999
vt 0.396907 0.999999
vt 0.486410 0.828427
vt 0.575912 1.000000
vt 0.486410 1.000000
vt 0.665414 0.757359
vt 0.575912 0.585786
vt 0.665414 0.585786
vt 0.665414 1.000000
vt 0.575912 0.757359
vt 0.089503 1.000000
vt 0.000000 0.757359
vt 0.396907 0.585786
vt 0.486410 0.828427
vt 0.486410 0.585786
vt 0.575912 0.828427
vt 0.575912 0.999999
vt 0.000001 1.000000
vt 0.486409 0.585786
vt 0.396907 0.171573
vt 0.297680 0.353553
vt 0.297680 0.232233
vt 0.280656 0.000000
vt 0.157353 0.146447
vt 0.116252 0.000000
vt 0.000000 0.414213
vt 0.099227 0.232233
vt 0.099227 0.353553
vt 0.116252 0.585786
vt 0.239555 0.439339
vt 0.280656 0.585786
vt 0.396907 0.414214
vt 0.239555 0.146447
vt 0.000000 0.171572
vt 0.157352 0.439339
vt 0.268507 0.757359
vt 0.179006 0.585786
vt 0.268507 0.585786
vt 0.754917 0.757359
vt 0.665414 0.585786
vt 0.754916 0.585786
vt 0.307405 0.828427
vt 0.396907 1.000000
vt 0.307405 1.000000
vt 0.089503 0.828426
vt 0.179005 0.999999
vt 0.089503 0.999999
vt 0.089503 0.585786
vt 0.179005 0.828426
vt 0.268507 1.000000
vt 0.179005 0.757359
vt 0.754917 0.999999
vt 0.665414 0.757359
vt 0.307405 0.585786
vt 0.396907 0.828427
vt 0.179006 1.000000
vt 0.665414 0.999999
vt 0.396907 0.585786
vt 0.332512 0.458254
vt 0.340143 0.470126
vt 0.336791 0.470425
vt 0.340143 0.455354
vt 0.339215 0.457656
vt 0.338294 0.453300
vt 0.330663 0.456200
vt 0.331591 0.453898
vt 0.334752 0.452697
vt 0.341674 0.469168
vt 0.340143 0.466857
vt 0.341674 0.466857
vt 0.341674 0.464822
vt 0.340143 0.452697
vt 0.341674 0.452697
vt 0.343205 0.452697
vt 0.344736 0.454895
vt 0.343205 0.454895
vt 0.341674 0.470402
vt 0.340143 0.469168
vt 0.343205 0.470402
vt 0.341674 0.458276
vt 0.343205 0.458276
vt 0.343205 0.453930
vt 0.341674 0.452697
vt 0.343205 0.452697
vt 0.340143 0.464822
vt 0.341674 0.456241
vt 0.343205 0.456241
vt 0.341674 0.453930
vt 0.344736 0.452697
vt 0.340143 0.470402
vt 0.341674 0.470402
vt 0.334270 0.416186
vt 0.336044 0.418699
vt 0.334376 0.418756
vt 0.334247 0.413471
vt 0.335104 0.410611
vt 0.335963 0.413471
vt 0.335270 0.421507
vt 0.335991 0.416114
vt 0.337689 0.416066
vt 0.337723 0.418673
vt 0.336796 0.410644
vt 0.337655 0.413459
vt 0.336910 0.421483
vt 0.339387 0.416018
vt 0.339415 0.418660
vt 0.338467 0.410648
vt 0.339334 0.413433
vt 0.338582 0.421487
vt 0.341131 0.418660
vt 0.340108 0.410624
vt 0.341002 0.413375
vt 0.340273 0.421520
vt 0.341108 0.415945
vt 0.342892 0.418691
vt 0.341678 0.410534
vt 0.342663 0.413228
vt 0.341979 0.421609
vt 0.342918 0.415809
vt 0.345113 0.415567
vt 0.344732 0.418843
vt 0.343017 0.410298
vt 0.344290 0.412790
vt 0.343652 0.421834
vt 0.330646 0.413289
vt 0.332459 0.416322
vt 0.330265 0.416564
vt 0.331088 0.419341
vt 0.332715 0.418904
vt 0.331726 0.410298
vt 0.332486 0.413441
vt 0.332361 0.421834
vt 0.333700 0.421598
vt 0.333398 0.410522
vt 0.337524 0.469077
vt 0.338739 0.471426
vt 0.337929 0.471426
vt 0.344003 0.469077
vt 0.342383 0.452414
vt 0.344003 0.452414
vt 0.340970 0.440619
vt 0.339244 0.422864
vt 0.340970 0.422864
vt 0.335904 0.469077
vt 0.337119 0.471426
vt 0.336309 0.471426
vt 0.339144 0.469077
vt 0.337524 0.452414
vt 0.339144 0.452414
vt 0.339244 0.440619
vt 0.337518 0.422864
vt 0.334284 0.469077
vt 0.333070 0.471426
vt 0.332665 0.469077
vt 0.331045 0.452414
vt 0.332664 0.452414
vt 0.337518 0.440619
vt 0.335792 0.422864
vt 0.340764 0.469077
vt 0.339549 0.471426
vt 0.342383 0.469077
vt 0.340763 0.452414
vt 0.335792 0.440619
vt 0.334066 0.422864
vt 0.341979 0.471426
vt 0.341169 0.471426
vt 0.335904 0.452414
vt 0.334066 0.440619
vt 0.332340 0.422864
vt 0.332260 0.473889
vt 0.331450 0.473889
vt 0.332260 0.471426
vt 0.334284 0.452414
vt 0.332340 0.440619
vt 0.330614 0.422864
vt 0.344003 0.447488
vt 0.345148 0.450971
vt 0.344422 0.440619
vt 0.342696 0.422864
vt 0.344422 0.422864
vt 0.331450 0.471426
vt 0.331045 0.469077
vt 0.342696 0.440619
vt 0.335499 0.471426
vt 0.334689 0.471426
vt 0.342788 0.471426
vt 0.333880 0.471426
vt 0.340359 0.471426
vt 0.330877 0.473167
vt 0.330877 0.472147
vt 0.332832 0.472147
vt 0.332832 0.473167
vt 0.330614 0.440619
vt 0.341238 0.450971
vt 0.341238 0.448931
vt 0.342383 0.447488
vt 0.345148 0.448931
vt 0.343598 0.471426
vt 0.842220 0.216357
vt 0.813955 0.216356
vt 0.819355 0.199742
vt 0.836824 0.199742
vt 0.828089 0.226624
vt 0.578109 0.464875
vt 0.526515 0.386402
vt 0.407568 0.464875
vt 0.407568 0.464875
vt 0.578109 0.464875
vt 0.589806 0.585103
vt 0.763013 0.649950
vt 0.780066 0.599960
vt 0.871651 0.649950
vt 0.763013 0.649367
vt 0.871651 0.649367
vt 0.817332 0.730436
vt 0.601446 0.495440
vt 0.601442 0.476263
vt 0.929745 0.495432
vt 0.755631 0.075624
vt 0.793355 0.043970
vt 0.880324 0.075624
vt 0.669891 0.731779
vt 0.694513 0.592137
vt 0.732237 0.623791
vt 0.753695 0.280227
vt 0.778707 0.242184
vt 0.836370 0.280227
vt 0.753695 0.280227
vt 0.836370 0.280227
vt 0.842040 0.338511
vt 0.395872 0.585104
vt 0.429548 0.690831
vt 0.589806 0.585103
vt 0.492839 0.732585
vt 0.556129 0.690831
vt 0.459163 0.386402
vt 0.556129 0.690831
vt 0.492839 0.732585
vt 0.429548 0.690831
vt 0.395872 0.585104
vt 0.459163 0.386402
vt 0.526515 0.386402
vt 0.879102 0.726538
vt 0.857649 0.729432
vt 0.817332 0.729852
vt 0.777014 0.727957
vt 0.755562 0.726538
vt 0.854597 0.599960
vt 0.857649 0.727707
vt 0.777014 0.726834
vt 0.755562 0.725955
vt 0.780066 0.599377
vt 0.854597 0.599377
vt 0.879102 0.725955
vt 0.929742 0.524889
vt 0.601444 0.524863
vt 0.929743 0.514652
vt 0.601445 0.514637
vt 0.601455 0.465968
vt 0.929742 0.465968
vt 0.929742 0.476180
vt 0.888876 0.124121
vt 0.864253 0.166769
vt 0.817978 0.183612
vt 0.771702 0.166769
vt 0.747080 0.124121
vt 0.842600 0.043970
vt 0.740789 0.672288
vt 0.716166 0.714936
vt 0.623615 0.714936
vt 0.598993 0.672288
vt 0.607544 0.623791
vt 0.645268 0.592137
vt 0.842040 0.338511
vt 0.825715 0.389765
vt 0.748025 0.338511
vt 0.795033 0.410007
vt 0.764351 0.389765
vt 0.811358 0.242184
vt 0.825715 0.389765
vt 0.795033 0.410007
vt 0.764351 0.389765
vt 0.748025 0.338511
vt 0.778707 0.242184
vt 0.811358 0.242184
vt 0.151673 0.278323
vt 0.175796 0.304446
vt 0.225136 0.241205
vt 0.103426 0.226077
vt 0.178379 0.241205
vt 0.137056 0.179336
vt 0.220021 0.118890
vt 0.143189 0.149122
vt 0.143189 0.077827
vt 0.106992 0.113475
vt 0.674740 0.150724
vt 0.674732 0.076037
vt 0.219192 0.077827
vt 0.685161 0.077827
vt 0.725110 0.076037
vt 0.725110 0.150724
vt 0.151673 0.278323
vt 0.724582 0.217412
vt 0.650353 0.217412
vt 0.650353 0.023338
vt 0.704253 0.150724
vt 0.725110 0.150724
vt 0.725110 0.076037
vt 0.704266 0.076037
vt 0.813562 0.227656
vt 0.815131 0.221705
vt 0.843795 0.221706
vt 0.817671 0.216099
vt 0.841256 0.216099
vt 0.817672 0.209944
vt 0.815131 0.204338
vt 0.843795 0.204337
vt 0.813562 0.198386
vt 0.764961 0.227865
vt 0.766573 0.221755
vt 0.796000 0.221754
vt 0.769180 0.215999
vt 0.793392 0.215999
vt 0.769180 0.209680
vt 0.793392 0.209680
vt 0.766573 0.203924
vt 0.796000 0.203925
vt 0.764961 0.197814
vt 0.740750 0.227865
vt 0.742361 0.221755
vt 0.771788 0.221755
vt 0.744968 0.215999
vt 0.744968 0.209680
vt 0.742361 0.203924
vt 0.771788 0.203924
vt 0.740750 0.197814
vt 0.846035 0.227865
vt 0.813386 0.227864
vt 0.814997 0.221755
vt 0.844424 0.221755
vt 0.817605 0.215999
vt 0.817605 0.209680
vt 0.841817 0.209680
vt 0.814997 0.203924
vt 0.844424 0.203924
vt 0.813386 0.197815
vt 0.846035 0.197814
vt 0.821823 0.227865
vt 0.789174 0.227864
vt 0.790785 0.221754
vt 0.820212 0.221755
vt 0.790785 0.203925
vt 0.820212 0.203924
vt 0.789174 0.197815
vt 0.821823 0.197814
vt 0.178379 0.241205
vt 0.685161 0.149122
vt 0.177454 0.149122
vt 0.224319 0.113475
vt 0.177454 0.077827
vt 0.684917 0.241205
vt 0.724774 0.217711
vt 0.674520 0.008864
vt 0.103426 0.226077
vt 0.137056 0.179336
vt 0.220021 0.118890
vt 0.674512 0.008836
vt 0.684917 0.241205
vt 0.144192 0.115163
vt 0.219192 0.149122
vt 0.724582 0.023338
vt 0.845365 0.227657
vt 0.841256 0.209944
vt 0.845365 0.198386
vt 0.797611 0.227864
vt 0.797611 0.197815
vt 0.773399 0.227864
vt 0.773399 0.197815
vt 0.841817 0.215999
vt 0.724774 0.022889
vt 0.703966 0.009351
vt 0.144192 0.115163
vt 0.724774 0.217711
vt 0.703979 0.009341
vt 0.724774 0.022889
vt 0.384948 0.389328
vt 0.384948 0.418753
vt 0.005160 0.418753
vt 0.384948 0.461813
vt 0.005160 0.461813
vt 0.384948 0.508690
vt 0.005160 0.508690
vt 0.384948 0.545135
vt 0.005160 0.545135
vt 0.384948 0.571273
vt 0.005160 0.571273
vt 0.384948 0.607718
vt 0.005160 0.607718
vt 0.384948 0.654595
vt 0.005160 0.654595
vt 0.384948 0.697655
vt 0.005160 0.697655
vt 0.384948 0.727080
vt 0.005160 0.727080
vt 0.601502 0.576619
vt 0.601502 0.539583
vt 0.929802 0.539583
vt 0.601502 0.514162
vt 0.929802 0.514162
vt 0.601502 0.478291
vt 0.929802 0.478291
vt 0.601502 0.452870
vt 0.929802 0.452869
vt 0.601502 0.415834
vt 0.929802 0.415834
vt -0.000061 0.740000
vt 0.111694 0.740000
vt 0.111695 0.768878
vt 0.111695 0.797756
vt -0.000061 0.797756
vt 0.111695 0.826633
vt -0.000061 0.826633
vt 0.111695 0.855511
vt -0.000061 0.855511
vt 0.111695 0.884389
vt -0.000061 0.884389
vt 0.111694 0.913267
vt -0.000061 0.913267
vt 0.111694 0.942145
vt -0.000061 0.942145
vt 0.111694 0.971022
vt 0.111694 0.999900
vt -0.000061 0.999900
vt 0.103042 0.166960
vt 0.079303 0.199954
vt 0.077125 0.354128
vt 0.068420 0.320242
vt 0.051008 0.252470
vt 0.042302 0.218585
vt 0.051008 0.252470
vt 0.068420 0.320242
vt 0.008552 0.354128
vt 0.009465 0.320242
vt 0.008563 0.252470
vt 0.008307 0.218585
vt 0.008563 0.252470
vt 0.009465 0.320242
vt 0.999874 0.740093
vt 0.999874 0.768971
vt 0.000010 0.768971
vt 0.999874 0.797849
vt 0.000010 0.797849
vt 0.999874 0.826727
vt 0.000010 0.826727
vt 0.999874 0.855605
vt 0.000010 0.855605
vt 0.999874 0.884483
vt 0.000010 0.884482
vt 0.999874 0.913360
vt 0.000010 0.913360
vt 0.999874 0.942239
vt 0.000010 0.942238
vt 0.999874 0.971116
vt 0.000010 0.971116
vt 0.999874 0.999994
vt 0.000010 0.999993
vt 0.999203 0.741143
vt 0.999203 0.763560
vt 0.971220 0.763560
vt 0.999203 0.796367
vt 0.971220 0.796367
vt 0.999203 0.832081
vt 0.971220 0.832081
vt 0.999203 0.859849
vt 0.971220 0.859849
vt 0.999203 0.879762
vt 0.971220 0.879762
vt 0.999203 0.907530
vt 0.971220 0.907530
vt 0.999203 0.943244
vt 0.971220 0.943244
vt 0.999203 0.976051
vt 0.971220 0.976051
vt 0.999203 0.998469
vt 0.005160 0.389328
vt 0.929802 0.576619
vt -0.000061 0.768878
vt -0.000061 0.971022
vt 0.108079 0.111577
vt 0.000010 0.740093
vt 0.971220 0.741142
vt 0.971220 0.998469
vt 0.750000 0.157895
vt 0.812500 0.157895
vt 0.812500 0.368421
vt 0.750000 0.368421
vt 0.750000 0.157895
vt 0.812500 0.157895
vt 0.750000 0.368421
vt 0.750000 0.157895
vt 0.812500 0.157895
vt 0.750000 0.157895
vt 0.812500 0.157895
vt 0.812500 0.368421
vt 0.812500 0.368421
vt 0.812500 0.157895
vt 0.750000 0.157895
vt 0.812500 0.157895
vt 0.750000 0.157895
vt 0.750000 0.368421
vt 0.812500 0.157895
vt 0.750000 0.157895
vt 0.750000 0.368421
vt 0.812500 0.368421
vt 0.812500 0.157895
vt 0.750000 0.157895
vt 0.781250 0.421053
vt 0.750000 0.368421
vt 0.812500 0.368421
vt 0.781250 0.421053
vt 0.812500 0.368421
vt 0.781250 0.421053
vt 0.781250 0.421053
vt 0.750000 0.368421
vt 0.750000 0.368421
vt 0.781250 0.421053
vt 0.781250 0.421053
vt 0.812500 0.368421
vt 0.781250 0.421053
vt 0.812500 0.368421
vt 0.750000 0.368421
vt 0.781250 0.421053
vt 0.156250 0.368421
vt 0.125000 0.263158
vt 0.156250 0.263158
vt 0.187500 0.578947
vt 0.093750 0.473684
vt 0.187500 0.473684
vt 0.187500 0.789474
vt 0.093750 0.684211
vt 0.187500 0.684211
vt 0.093750 0.368421
vt 0.093750 0.578947
vt 0.125000 0.894737
vt 0.125000 0.789474
vt 0.093750 0.789474
vt 0.000000 0.684211
vt -0.000000 0.368421
vt 0.062500 0.368421
vt 0.000000 0.578947
vt 0.062500 0.894737
vt 0.031250 0.789474
vt 0.062500 0.263158
vt 0.031250 0.263158
vt 0.000000 0.473684
vt 0.718750 0.368421
vt 0.656250 0.473684
vt 0.656250 0.368421
vt 0.750000 0.684211
vt 0.656250 0.578947
vt 0.750000 0.578947
vt 0.718750 0.894737
vt 0.687500 0.789474
vt 0.750000 0.789474
vt 0.687500 0.263158
vt 0.718750 0.263158
vt 0.750000 0.473684
vt 0.656250 0.684211
vt 0.656250 0.789474
vt 0.593750 0.894737
vt 0.593750 0.789474
vt 0.625000 0.368421
vt 0.593750 0.263158
vt 0.625000 0.263158
vt 0.562500 0.473684
vt 0.562500 0.684211
vt 0.562500 0.368421
vt 0.562500 0.578947
vt 0.531250 0.263158
vt 0.468750 0.368421
vt 0.500000 0.263158
vt 0.468750 0.473684
vt 0.562500 0.789474
vt 0.468750 0.684211
vt 0.531250 0.368421
vt 0.468750 0.578947
vt 0.500000 0.894737
vt 0.500000 0.789474
vt 0.375000 0.368421
vt 0.437500 0.368421
vt 0.375000 0.578947
vt 0.437500 0.894737
vt 0.406250 0.789474
vt 0.468750 0.789474
vt 0.406250 0.263158
vt 0.437500 0.263158
vt 0.375000 0.473684
vt 0.375000 0.684211
vt 0.343750 0.368421
vt 0.281250 0.473684
vt 0.281250 0.368421
vt 0.281250 0.684211
vt 0.281250 0.578947
vt 0.375000 0.789474
vt 0.312500 0.894737
vt 0.312500 0.789474
vt 0.343750 0.263158
vt 0.312500 0.263158
vt 0.156250 0.894737
vt 0.156250 1.000000
vt 0.125000 0.157895
vt 0.062500 1.000000
vt 0.031250 0.894737
vt 0.031250 0.157895
vt 0.687500 0.157895
vt 0.718750 1.000000
vt 0.687500 0.894737
vt 0.625000 0.894737
vt 0.625000 1.000000
vt 0.593750 0.157895
vt 0.531250 0.894737
vt 0.531250 1.000000
vt 0.500000 0.157895
vt 0.437500 1.000000
vt 0.406250 0.894737
vt 0.406250 0.157895
vt 0.343750 0.894737
vt 0.343750 1.000000
vt 0.312500 0.157895
vt 0.250000 0.368421
vt 0.218750 0.263158
vt 0.250000 0.263158
vt 0.281250 0.789474
vt 0.250000 0.894737
vt 0.250000 1.000000
vt 0.218750 0.894737
vt 0.218750 0.157895
vt 0.187500 0.368421
vt 0.218750 0.789474
vt 1.000000 0.000000
vt 0.937500 0.105263
vt 0.937500 0.000000
vt 0.875000 0.157895
vt 1.000000 0.157895
vt 0.812500 0.105263
vt 0.750000 0.000000
vt 0.812500 0.000000
vt 0.875000 0.105263
vt 0.687500 0.105263
vt 0.687500 0.000000
vt 0.625000 0.157895
vt 0.750000 0.157895
vt 0.562500 0.105263
vt 0.625000 0.105263
vt 0.500000 0.000000
vt 0.562500 0.000000
vt 0.437500 0.105263
vt 0.437500 0.000000
vt 0.375000 0.157895
vt 0.500000 0.157895
vt 0.312500 0.105263
vt 0.375000 0.105263
vt 0.250000 0.000000
vt 0.312500 0.000000
vt 0.187500 0.105263
vt 0.187500 0.000000
vt 0.125000 0.157895
vt 0.250000 0.157895
vt 0.062500 0.105263
vt 0.125000 0.105263
vt 0.000000 0.000000
vt 0.062500 0.000000
vt 0.937500 0.105263
vt 1.000000 0.000000
vt 0.937500 0.000000
vt 0.875000 0.157895
vt 0.875000 0.105263
vt 0.750000 0.000000
vt 0.812500 0.105263
vt 0.812500 0.000000
vt 0.750000 0.157895
vt 0.687500 0.105263
vt 0.687500 0.000000
vt 0.625000 0.157895
vt 0.625000 0.105263
vt 0.562500 0.105263
vt 0.500000 0.157895
vt 0.500000 0.000000
vt 0.562500 0.000000
vt 0.437500 0.105263
vt 0.437500 0.000000
vt 0.375000 0.157895
vt 0.375000 0.105263
vt 0.312500 0.105263
vt 0.250000 0.157895
vt 0.250000 0.000000
vt 0.312500 0.000000
vt 0.187500 0.105263
vt 0.187500 0.000000
vt 0.125000 0.157895
vt 0.125000 0.105263
vt 0.062500 0.105263
vt 0.000000 0.157895
vt 0.000000 0.000000
vt 0.062500 0.000000
vt 0.000000 0.157895
vt 1.000000 0.157895
vt 0.332512 0.458254
vt 0.340143 0.470126
vt 0.336791 0.470425
vt 0.340143 0.455354
vt 0.339215 0.457656
vt 0.338294 0.453300
vt 0.330663 0.456200
vt 0.331591 0.453898
vt 0.334752 0.452697
vt 0.341674 0.469168
vt 0.340143 0.466857
vt 0.341674 0.466857
vt 0.341674 0.464822
vt 0.340143 0.452697
vt 0.341674 0.452697
vt 0.343205 0.452697
vt 0.344736 0.454895
vt 0.343205 0.454895
vt 0.341674 0.470402
vt 0.340143 0.469168
vt 0.343205 0.470402
vt 0.341674 0.458276
vt 0.343205 0.458276
vt 0.343205 0.453930
vt 0.341674 0.452697
vt 0.343205 0.452697
vt 0.340143 0.464822
vt 0.341674 0.456241
vt 0.343205 0.456241
vt 0.341674 0.453930
vt 0.344736 0.452697
vt 0.340143 0.470402
vt 0.341674 0.470402
vt 0.329897 0.584416
vt 0.082474 0.480519
vt 0.329897 0.480519
vt 0.082474 0.649351
vt 0.082474 0.584416
vt 0.608247 0.779221
vt 0.360825 0.883117
vt 0.360825 0.779221
vt 0.608247 0.883117
vt 0.360825 0.896104
vt 0.608247 0.896104
vt 0.360825 1.000000
vt 0.329897 0.688312
vt 0.082474 0.740260
vt 0.082474 0.688312
vt 0.329897 0.740260
vt 0.082474 0.844156
vt 0.329897 1.000000
vt 0.082474 1.000000
vt 0.350515 0.896104
vt 0.329897 1.000000
vt 0.608247 1.000000
vt 0.618557 0.896104
vt 0.639175 1.000000
vt 0.412371 0.740260
vt 0.329897 0.649351
vt -0.000000 0.740260
vt 0.149485 0.227273
vt 0.108247 0.279221
vt 0.108247 0.227273
vt 0.108247 0.285714
vt 0.149485 0.279221
vt 0.149485 0.285714
vt 0.154639 0.279221
vt 0.154639 0.227273
vt 0.103093 0.227273
vt 0.103093 0.279221
vt 0.149485 0.220779
vt 0.108247 0.220779
vt 0.201031 0.220779
vt 0.159794 0.227273
vt 0.159794 0.220779
vt 0.154639 0.227273
vt 0.159794 0.279221
vt 0.154639 0.279221
vt 0.206186 0.279221
vt 0.201031 0.227273
vt 0.206186 0.227273
vt 0.159794 0.285714
vt 0.201031 0.279221
vt 0.201031 0.285714
vt 0.097938 0.227273
vt 0.056701 0.279221
vt 0.056701 0.227273
vt 0.056701 0.285714
vt 0.097938 0.279221
vt 0.097938 0.285714
vt 0.103093 0.279221
vt 0.103093 0.227273
vt 0.051546 0.227273
vt 0.051546 0.279221
vt 0.097938 0.220779
vt 0.056701 0.220779
vt 0.046392 0.220779
vt 0.005155 0.227273
vt 0.005155 0.220779
vt 0.000000 0.227273
vt 0.005155 0.279221
vt 0.000000 0.279221
vt 0.051546 0.279221
vt 0.046392 0.227273
vt 0.051546 0.227273
vt 0.005155 0.285714
vt 0.046392 0.279221
vt 0.046392 0.285714
vt 0.252577 0.227273
vt 0.211340 0.279221
vt 0.211340 0.227273
vt 0.211340 0.285714
vt 0.252577 0.279221
vt 0.252577 0.285714
vt 0.257732 0.279221
vt 0.257732 0.227273
vt 0.206186 0.227273
vt 0.206186 0.279221
vt 0.252577 0.220779
vt 0.211340 0.220779
vt 0.304124 0.220779
vt 0.262887 0.227273
vt 0.262887 0.220779
vt 0.257732 0.227273
vt 0.262887 0.279221
vt 0.257732 0.279221
vt 0.309278 0.279221
vt 0.304124 0.227273
vt 0.309278 0.227273
vt 0.262887 0.285714
vt 0.304124 0.279221
vt 0.304124 0.285714
vt 0.149485 0.227273
vt 0.108247 0.279221
vt 0.108247 0.227273
vt 0.108247 0.285714
vt 0.149485 0.279221
vt 0.149485 0.285714
vt 0.154639 0.279221
vt 0.154639 0.227273
vt 0.103093 0.227273
vt 0.103093 0.279221
vt 0.149485 0.220779
vt 0.108247 0.220779
vt 0.201031 0.220779
vt 0.159794 0.227273
vt 0.159794 0.220779
vt 0.154639 0.227273
vt 0.159794 0.279221
vt 0.154639 0.279221
vt 0.206186 0.279221
vt 0.201031 0.227273
vt 0.206186 0.227273
vt 0.159794 0.285714
vt 0.201031 0.279221
vt 0.201031 0.285714
vt 0.097938 0.227273
vt 0.056701 0.279221
vt 0.056701 0.227273
vt 0.056701 0.285714
vt 0.097938 0.279221
vt 0.097938 0.285714
vt 0.103093 0.279221
vt 0.103093 0.227273
vt 0.051546 0.227273
vt 0.051546 0.279221
vt 0.097938 0.220779
vt 0.056701 0.220779
vt 0.046392 0.220779
vt 0.005155 0.227273
vt 0.005155 0.220779
vt 0.000000 0.227273
vt 0.005155 0.279221
vt 0.000000 0.279221
vt 0.051546 0.279221
vt 0.046392 0.227273
vt 0.051546 0.227273
vt 0.005155 0.285714
vt 0.046392 0.279221
vt 0.046392 0.285714
vt 0.252577 0.227273
vt 0.211340 0.279221
vt 0.211340 0.227273
vt 0.211340 0.285714
vt 0.252577 0.279221
vt 0.252577 0.285714
vt 0.257732 0.279221
vt 0.257732 0.227273
vt 0.206186 0.227273
vt 0.206186 0.279221
vt 0.252577 0.220779
vt 0.211340 0.220779
vt 0.304124 0.220779
vt 0.262887 0.227273
vt 0.262887 0.220779
vt 0.257732 0.227273
vt 0.262887 0.279221
vt 0.257732 0.279221
vt 0.309278 0.279221
vt 0.304124 0.227273
vt 0.309278 0.227273
vt 0.262887 0.285714
vt 0.304124 0.279221
vt 0.304124 0.285714
vt 0.149485 0.214286
vt 0.108247 0.162338
vt 0.149485 0.162338
vt 0.103093 0.162338
vt 0.108247 0.214286
vt 0.103093 0.214286
vt 0.108247 0.220779
vt 0.149485 0.220779
vt 0.149485 0.155844
vt 0.108247 0.155844
vt 0.154639 0.214286
vt 0.154639 0.162338
vt 0.097938 0.162338
vt 0.056701 0.214286
vt 0.056701 0.162338
vt 0.056701 0.220779
vt 0.097938 0.214286
vt 0.097938 0.220779
vt 0.103093 0.214286
vt 0.103093 0.162338
vt 0.051546 0.162338
vt 0.051546 0.214286
vt 0.097938 0.155844
vt 0.056701 0.155844
vt 0.046392 0.155844
vt 0.005155 0.162338
vt 0.005155 0.155844
vt 0.000000 0.162338
vt 0.005155 0.214286
vt 0.000000 0.214286
vt 0.051546 0.214286
vt 0.046392 0.162338
vt 0.051546 0.162338
vt 0.005155 0.220779
vt 0.046392 0.214286
vt 0.046392 0.220779
vt 0.149485 0.227273
vt 0.108247 0.279221
vt 0.108247 0.227273
vt 0.108247 0.285714
vt 0.149485 0.279221
vt 0.149485 0.285714
vt 0.154639 0.279221
vt 0.154639 0.227273
vt 0.103093 0.227273
vt 0.103093 0.279221
vt 0.149485 0.220779
vt 0.108247 0.220779
vt 0.201031 0.220779
vt 0.159794 0.227273
vt 0.159794 0.220779
vt 0.154639 0.227273
vt 0.159794 0.279221
vt 0.154639 0.279221
vt 0.206186 0.279221
vt 0.201031 0.227273
vt 0.206186 0.227273
vt 0.159794 0.285714
vt 0.201031 0.279221
vt 0.201031 0.285714
vt 0.097938 0.227273
vt 0.056701 0.279221
vt 0.056701 0.227273
vt 0.056701 0.285714
vt 0.097938 0.279221
vt 0.097938 0.285714
vt 0.103093 0.279221
vt 0.103093 0.227273
vt 0.051546 0.227273
vt 0.051546 0.279221
vt 0.097938 0.220779
vt 0.056701 0.220779
vt 0.046392 0.220779
vt 0.005155 0.227273
vt 0.005155 0.220779
vt 0.000000 0.227273
vt 0.005155 0.279221
vt 0.000000 0.279221
vt 0.051546 0.279221
vt 0.046392 0.227273
vt 0.051546 0.227273
vt 0.005155 0.285714
vt 0.046392 0.279221
vt 0.046392 0.285714
vt 0.252577 0.227273
vt 0.211340 0.279221
vt 0.211340 0.227273
vt 0.211340 0.285714
vt 0.252577 0.279221
vt 0.252577 0.285714
vt 0.257732 0.279221
vt 0.257732 0.227273
vt 0.206186 0.227273
vt 0.206186 0.279221
vt 0.252577 0.220779
vt 0.211340 0.220779
vt 0.304124 0.220779
vt 0.262887 0.227273
vt 0.262887 0.220779
vt 0.257732 0.227273
vt 0.262887 0.279221
vt 0.257732 0.279221
vt 0.309278 0.279221
vt 0.304124 0.227273
vt 0.309278 0.227273
vt 0.262887 0.285714
vt 0.304124 0.279221
vt 0.304124 0.285714
vt 0.304124 0.227273
vt 0.262887 0.279221
vt 0.262887 0.227273
vt 0.262887 0.285714
vt 0.304124 0.279221
vt 0.304124 0.285714
vt 0.309278 0.279221
vt 0.309278 0.227273
vt 0.257732 0.227273
vt 0.257732 0.279221
vt 0.304124 0.220779
vt 0.262887 0.220779
vt 0.252577 0.220779
vt 0.211340 0.227273
vt 0.211340 0.220779
vt 0.206186 0.227273
vt 0.211340 0.279221
vt 0.206186 0.279221
vt 0.257732 0.279221
vt 0.252577 0.227273
vt 0.257732 0.227273
vt 0.211340 0.285714
vt 0.252577 0.279221
vt 0.252577 0.285714
vt 0.046392 0.227273
vt 0.005155 0.279221
vt 0.005155 0.227273
vt 0.005155 0.285714
vt 0.046392 0.279221
vt 0.046392 0.285714
vt 0.051546 0.279221
vt 0.051546 0.227273
vt 0.000000 0.227273
vt 0.000000 0.279221
vt 0.046392 0.220779
vt 0.005155 0.220779
vt 0.097938 0.220779
vt 0.056701 0.227273
vt 0.056701 0.220779
vt 0.051546 0.227273
vt 0.056701 0.279221
vt 0.051546 0.279221
vt 0.103093 0.279221
vt 0.097938 0.227273
vt 0.103093 0.227273
vt 0.056701 0.285714
vt 0.097938 0.279221
vt 0.097938 0.285714
vt 0.201031 0.227273
vt 0.159794 0.279221
vt 0.159794 0.227273
vt 0.159794 0.285714
vt 0.201031 0.279221
vt 0.201031 0.285714
vt 0.206186 0.279221
vt 0.206186 0.227273
vt 0.154639 0.227273
vt 0.154639 0.279221
vt 0.201031 0.220779
vt 0.159794 0.220779
vt 0.149485 0.220779
vt 0.108247 0.227273
vt 0.108247 0.220779
vt 0.103093 0.227273
vt 0.108247 0.279221
vt 0.103093 0.279221
vt 0.154639 0.279221
vt 0.149485 0.227273
vt 0.154639 0.227273
vt 0.108247 0.285714
vt 0.149485 0.279221
vt 0.149485 0.285714
vt 0.046392 0.162338
vt 0.005155 0.214286
vt 0.005155 0.162338
vt 0.005155 0.220779
vt 0.046392 0.214286
vt 0.046392 0.220779
vt 0.051546 0.214286
vt 0.051546 0.162338
vt 0.000000 0.162338
vt 0.000000 0.214286
vt 0.046392 0.155844
vt 0.005155 0.155844
vt 0.097938 0.155844
vt 0.056701 0.162338
vt 0.056701 0.155844
vt 0.051546 0.162338
vt 0.056701 0.214286
vt 0.051546 0.214286
vt 0.103093 0.214286
vt 0.097938 0.162338
vt 0.103093 0.162338
vt 0.056701 0.220779
vt 0.097938 0.214286
vt 0.097938 0.220779
vt 0.154639 0.214286
vt 0.149485 0.162338
vt 0.154639 0.162338
vt 0.149485 0.155844
vt 0.108247 0.162338
vt 0.108247 0.155844
vt 0.108247 0.220779
vt 0.149485 0.214286
vt 0.149485 0.220779
vt 0.103093 0.162338
vt 0.108247 0.214286
vt 0.103093 0.214286
vt 0.046392 0.162338
vt 0.005155 0.214286
vt 0.005155 0.162338
vt 0.005155 0.220779
vt 0.046392 0.214286
vt 0.046392 0.220779
vt 0.051546 0.214286
vt 0.051546 0.162338
vt 0.000000 0.162338
vt 0.000000 0.214286
vt 0.046392 0.155844
vt 0.005155 0.155844
vt 0.097938 0.155844
vt 0.056701 0.162338
vt 0.056701 0.155844
vt 0.530928 0.525974
vt 0.489691 0.577922
vt 0.489691 0.525974
vt 0.489691 0.584416
vt 0.530928 0.577922
vt 0.530928 0.584416
vt 0.536082 0.577922
vt 0.536082 0.525974
vt 0.484536 0.525974
vt 0.484536 0.577922
vt 0.530928 0.519481
vt 0.489691 0.519481
vt 0.479381 0.519481
vt 0.438144 0.525974
vt 0.438144 0.519481
vt 0.432990 0.525974
vt 0.438144 0.577922
vt 0.432990 0.577922
vt 0.484536 0.577922
vt 0.479381 0.525974
vt 0.484536 0.525974
vt 0.438144 0.584416
vt 0.479381 0.577922
vt 0.479381 0.584416
vt 0.051546 0.162338
vt 0.056701 0.214286
vt 0.051546 0.214286
vt 0.103093 0.214286
vt 0.097938 0.162338
vt 0.103093 0.162338
vt 0.056701 0.220779
vt 0.097938 0.214286
vt 0.097938 0.220779
vt 0.154639 0.214286
vt 0.149485 0.162338
vt 0.154639 0.162338
vt 0.149485 0.155844
vt 0.108247 0.162338
vt 0.108247 0.155844
vt 0.108247 0.220779
vt 0.149485 0.214286
vt 0.149485 0.220779
vt 0.103093 0.162338
vt 0.108247 0.214286
vt 0.103093 0.214286
vt 0.304124 0.227273
vt 0.262887 0.279221
vt 0.262887 0.227273
vt 0.262887 0.285714
vt 0.304124 0.279221
vt 0.304124 0.285714
vt 0.309278 0.279221
vt 0.309278 0.227273
vt 0.257732 0.227273
vt 0.257732 0.279221
vt 0.304124 0.220779
vt 0.262887 0.220779
vt 0.252577 0.220779
vt 0.211340 0.227273
vt 0.211340 0.220779
vt 0.376289 0.519481
vt 0.335052 0.525974
vt 0.335052 0.519481
vt 0.329897 0.525974
vt 0.335052 0.577922
vt 0.329897 0.577922
vt 0.381443 0.577922
vt 0.376289 0.525974
vt 0.381443 0.525974
vt 0.335052 0.584416
vt 0.376289 0.577922
vt 0.376289 0.584416
vt 0.206186 0.227273
vt 0.211340 0.279221
vt 0.206186 0.279221
vt 0.257732 0.279221
vt 0.252577 0.227273
vt 0.257732 0.227273
vt 0.211340 0.285714
vt 0.252577 0.279221
vt 0.252577 0.285714
vt 0.046392 0.227273
vt 0.005155 0.279221
vt 0.005155 0.227273
vt 0.005155 0.285714
vt 0.046392 0.279221
vt 0.046392 0.285714
vt 0.051546 0.279221
vt 0.051546 0.227273
vt 0.000000 0.227273
vt 0.000000 0.279221
vt 0.046392 0.220779
vt 0.005155 0.220779
vt 0.097938 0.220779
vt 0.056701 0.227273
vt 0.056701 0.220779
vt 0.051546 0.227273
vt 0.056701 0.279221
vt 0.051546 0.279221
vt 0.103093 0.279221
vt 0.097938 0.227273
vt 0.103093 0.227273
vt 0.056701 0.285714
vt 0.097938 0.279221
vt 0.097938 0.285714
vt 0.201031 0.227273
vt 0.159794 0.279221
vt 0.159794 0.227273
vt 0.159794 0.285714
vt 0.201031 0.279221
vt 0.201031 0.285714
vt 0.206186 0.279221
vt 0.206186 0.227273
vt 0.154639 0.227273
vt 0.154639 0.279221
vt 0.201031 0.220779
vt 0.159794 0.220779
vt 0.149485 0.220779
vt 0.108247 0.227273
vt 0.108247 0.220779
vt 0.103093 0.227273
vt 0.108247 0.279221
vt 0.103093 0.279221
vt 0.154639 0.279221
vt 0.149485 0.227273
vt 0.154639 0.227273
vt 0.108247 0.285714
vt 0.149485 0.279221
vt 0.149485 0.285714
vt 0.252577 0.422078
vt 0.211340 0.474026
vt 0.211340 0.422078
vt 0.211340 0.480519
vt 0.252577 0.474026
vt 0.252577 0.480519
vt 0.257732 0.474026
vt 0.257732 0.422078
vt 0.206186 0.422078
vt 0.206186 0.474026
vt 0.252577 0.415584
vt 0.211340 0.415584
vt 0.304124 0.415584
vt 0.262887 0.422078
vt 0.262887 0.415584
vt 0.257732 0.422078
vt 0.262887 0.474026
vt 0.257732 0.474026
vt 0.309278 0.474026
vt 0.304124 0.422078
vt 0.309278 0.422078
vt 0.262887 0.480519
vt 0.304124 0.474026
vt 0.304124 0.480519
vt 0.046392 0.357143
vt 0.005155 0.409091
vt 0.005155 0.357143
vt 0.005155 0.415584
vt 0.046392 0.409091
vt 0.046392 0.415584
vt 0.051546 0.409091
vt 0.051546 0.357143
vt -0.000000 0.357143
vt -0.000000 0.409091
vt 0.046392 0.350649
vt 0.005155 0.350649
vt 0.097938 0.350649
vt 0.056701 0.357143
vt 0.056701 0.350649
vt 0.051546 0.357143
vt 0.056701 0.409091
vt 0.051546 0.409091
vt 0.103093 0.409091
vt 0.097938 0.357143
vt 0.103093 0.357143
vt 0.056701 0.415584
vt 0.097938 0.409091
vt 0.097938 0.415584
vt 0.149485 0.350649
vt 0.108247 0.357143
vt 0.108247 0.350649
vt 0.103093 0.357143
vt 0.108247 0.409091
vt 0.103093 0.409091
vt 0.154639 0.409091
vt 0.149485 0.357143
vt 0.154639 0.357143
vt 0.108247 0.415584
vt 0.149485 0.409091
vt 0.149485 0.415584
vt 0.479381 0.525974
vt 0.438144 0.577922
vt 0.438144 0.525974
vt 0.438144 0.584416
vt 0.479381 0.577922
vt 0.479381 0.584416
vt 0.484536 0.577922
vt 0.484536 0.525974
vt 0.432990 0.525974
vt 0.432990 0.577922
vt 0.479381 0.519481
vt 0.438144 0.519481
vt 0.530928 0.525974
vt 0.489691 0.577922
vt 0.489691 0.525974
vt 0.489691 0.584416
vt 0.530928 0.577922
vt 0.530928 0.584416
vt 0.536082 0.577922
vt 0.536082 0.525974
vt 0.484536 0.525974
vt 0.484536 0.577922
vt 0.530928 0.519481
vt 0.489691 0.519481
vt 0.427835 0.519481
vt 0.386598 0.525974
vt 0.386598 0.519481
vt 0.381443 0.525974
vt 0.386598 0.577922
vt 0.381443 0.577922
vt 0.432990 0.577922
vt 0.427835 0.525974
vt 0.432990 0.525974
vt 0.386598 0.584416
vt 0.427835 0.577922
vt 0.427835 0.584416
vt 0.427835 0.525974
vt 0.386598 0.577922
vt 0.386598 0.525974
vt 0.386598 0.584416
vt 0.427835 0.577922
vt 0.427835 0.584416
vt 0.432990 0.577922
vt 0.432990 0.525974
vt 0.381443 0.525974
vt 0.381443 0.577922
vt 0.427835 0.519481
vt 0.386598 0.519481
vt 0.530928 0.519481
vt 0.489691 0.525974
vt 0.489691 0.519481
vt 0.484536 0.525974
vt 0.489691 0.577922
vt 0.484536 0.577922
vt 0.536082 0.577922
vt 0.530928 0.525974
vt 0.536082 0.525974
vt 0.489691 0.584416
vt 0.530928 0.577922
vt 0.530928 0.584416
vt 0.376289 0.519481
vt 0.335052 0.525974
vt 0.335052 0.519481
vt 0.329897 0.525974
vt 0.335052 0.577922
vt 0.329897 0.577922
vt 0.381443 0.577922
vt 0.376289 0.525974
vt 0.381443 0.525974
vt 0.335052 0.584416
vt 0.376289 0.577922
vt 0.376289 0.584416
vt 0.201031 0.409091
vt 0.159794 0.357143
vt 0.201031 0.357143
vt 0.154639 0.357143
vt 0.159794 0.409091
vt 0.154639 0.409091
vt 0.159794 0.415584
vt 0.201031 0.415584
vt 0.201031 0.350649
vt 0.159794 0.350649
vt 0.206186 0.409091
vt 0.206186 0.357143
vt 0.097938 0.422078
vt 0.056701 0.474026
vt 0.056701 0.422078
vt 0.056701 0.480519
vt 0.097938 0.474026
vt 0.097938 0.480519
vt 0.103093 0.474026
vt 0.103093 0.422078
vt 0.051546 0.422078
vt 0.051546 0.474026
vt 0.097938 0.415584
vt 0.056701 0.415584
vt 0.206186 0.409091
vt 0.201031 0.357143
vt 0.206186 0.357143
vt 0.201031 0.350649
vt 0.159794 0.357143
vt 0.159794 0.350649
vt 0.159794 0.415584
vt 0.201031 0.409091
vt 0.201031 0.415584
vt 0.154639 0.357143
vt 0.159794 0.409091
vt 0.154639 0.409091
vt 0.201031 0.357143
vt 0.159794 0.409091
vt 0.159794 0.357143
vt 0.159794 0.415584
vt 0.201031 0.409091
vt 0.201031 0.415584
vt 0.206186 0.409091
vt 0.206186 0.357143
vt 0.154639 0.357143
vt 0.154639 0.409091
vt 0.201031 0.350649
vt 0.159794 0.350649
vt 0.201031 0.350649
vt 0.159794 0.357143
vt 0.159794 0.350649
vt 0.154639 0.357143
vt 0.159794 0.409091
vt 0.154639 0.409091
vt 0.206186 0.409091
vt 0.201031 0.357143
vt 0.206186 0.357143
vt 0.159794 0.415584
vt 0.201031 0.409091
vt 0.201031 0.415584
vt 0.252577 0.357143
vt 0.211340 0.409091
vt 0.211340 0.357143
vt 0.211340 0.415584
vt 0.252577 0.409091
vt 0.252577 0.415584
vt 0.257732 0.409091
vt 0.257732 0.357143
vt 0.206186 0.357143
vt 0.206186 0.409091
vt 0.252577 0.350649
vt 0.211340 0.350649
vt 0.304124 0.350649
vt 0.262887 0.357143
vt 0.262887 0.350649
vt 0.257732 0.357143
vt 0.262887 0.409091
vt 0.257732 0.409091
vt 0.309278 0.409091
vt 0.304124 0.357143
vt 0.309278 0.357143
vt 0.262887 0.415584
vt 0.304124 0.409091
vt 0.304124 0.415584
vt 0.427835 0.525974
vt 0.386598 0.577922
vt 0.386598 0.525974
vt 0.386598 0.584416
vt 0.427835 0.577922
vt 0.427835 0.584416
vt 0.432990 0.577922
vt 0.432990 0.525974
vt 0.381443 0.525974
vt 0.381443 0.577922
vt 0.427835 0.519481
vt 0.386598 0.519481
vt 0.376289 0.525974
vt 0.335052 0.577922
vt 0.335052 0.525974
vt 0.335052 0.584416
vt 0.376289 0.577922
vt 0.376289 0.584416
vt 0.381443 0.577922
vt 0.381443 0.525974
vt 0.329897 0.525974
vt 0.329897 0.577922
vt 0.376289 0.519481
vt 0.335052 0.519481
vt 0.479381 0.519481
vt 0.438144 0.525974
vt 0.438144 0.519481
vt 0.432990 0.525974
vt 0.438144 0.577922
vt 0.432990 0.577922
vt 0.484536 0.577922
vt 0.479381 0.525974
vt 0.484536 0.525974
vt 0.438144 0.584416
vt 0.479381 0.577922
vt 0.479381 0.584416
vt 0.376289 0.525974
vt 0.335052 0.577922
vt 0.335052 0.525974
vt 0.335052 0.584416
vt 0.376289 0.577922
vt 0.376289 0.584416
vt 0.381443 0.577922
vt 0.381443 0.525974
vt 0.329897 0.525974
vt 0.329897 0.577922
vt 0.376289 0.519481
vt 0.335052 0.519481
vt 0.479381 0.519481
vt 0.438144 0.525974
vt 0.438144 0.519481
vt 0.432990 0.525974
vt 0.438144 0.577922
vt 0.432990 0.577922
vt 0.484536 0.577922
vt 0.479381 0.525974
vt 0.484536 0.525974
vt 0.438144 0.584416
vt 0.479381 0.577922
vt 0.479381 0.584416
vt 0.427835 0.519481
vt 0.386598 0.525974
vt 0.386598 0.519481
vt 0.381443 0.525974
vt 0.386598 0.577922
vt 0.381443 0.577922
vt 0.432990 0.577922
vt 0.427835 0.525974
vt 0.432990 0.525974
vt 0.386598 0.584416
vt 0.427835 0.577922
vt 0.427835 0.584416
vt 0.304124 0.292208
vt 0.262887 0.344156
vt 0.262887 0.292208
vt 0.262887 0.350649
vt 0.304124 0.344156
vt 0.304124 0.350649
vt 0.309278 0.344156
vt 0.309278 0.292208
vt 0.257732 0.292208
vt 0.257732 0.344156
vt 0.304124 0.285714
vt 0.262887 0.285714
vt 0.252577 0.285714
vt 0.211340 0.292208
vt 0.211340 0.285714
vt 0.206186 0.292208
vt 0.211340 0.344156
vt 0.206186 0.344156
vt 0.257732 0.344156
vt 0.252577 0.292208
vt 0.257732 0.292208
vt 0.211340 0.350649
vt 0.252577 0.344156
vt 0.252577 0.350649
vt 0.046392 0.292208
vt 0.005155 0.344156
vt 0.005155 0.292208
vt 0.005155 0.350649
vt 0.046392 0.344156
vt 0.046392 0.350649
vt 0.051546 0.344156
vt 0.051546 0.292208
vt 0.000000 0.292208
vt 0.000000 0.344156
vt 0.046392 0.285714
vt 0.005155 0.285714
vt 0.097938 0.285714
vt 0.056701 0.292208
vt 0.056701 0.285714
vt 0.051546 0.292208
vt 0.056701 0.344156
vt 0.051546 0.344156
vt 0.103093 0.344156
vt 0.097938 0.292208
vt 0.103093 0.292208
vt 0.056701 0.350649
vt 0.097938 0.344156
vt 0.097938 0.350649
vt 0.201031 0.292208
vt 0.159794 0.344156
vt 0.159794 0.292208
vt 0.159794 0.350649
vt 0.201031 0.344156
vt 0.201031 0.350649
vt 0.206186 0.344156
vt 0.206186 0.292208
vt 0.154639 0.292208
vt 0.154639 0.344156
vt 0.201031 0.285714
vt 0.159794 0.285714
vt 0.149485 0.285714
vt 0.108247 0.292208
vt 0.108247 0.285714
vt 0.103093 0.292208
vt 0.108247 0.344156
vt 0.103093 0.344156
vt 0.154639 0.344156
vt 0.149485 0.292208
vt 0.154639 0.292208
vt 0.108247 0.350649
vt 0.149485 0.344156
vt 0.149485 0.350649
vt 0.541237 0.662338
vt 0.546392 0.681818
vt 0.541237 0.681818
vt 0.541237 0.759740
vt 0.546392 0.779221
vt 0.541237 0.779221
vt 0.541237 0.603896
vt 0.546392 0.584416
vt 0.546392 0.603896
vt 0.541237 0.642857
vt 0.546392 0.662338
vt 0.541237 0.740260
vt 0.546392 0.759740
vt 0.541237 0.701299
vt 0.546392 0.720779
vt 0.541237 0.720779
vt 0.541237 0.564935
vt 0.541237 0.584416
vt 0.546392 0.623377
vt 0.546392 0.642857
vt 0.546392 0.740260
vt 0.546392 0.701299
vt 0.546392 0.545455
vt 0.546392 0.564935
vt 0.541237 0.623377
vt 0.541237 0.662338
vt 0.546392 0.681818
vt 0.541237 0.681818
vt 0.541237 0.759740
vt 0.546392 0.779221
vt 0.541237 0.779221
vt 0.541237 0.603896
vt 0.546392 0.584416
vt 0.546392 0.603896
vt 0.541237 0.642857
vt 0.546392 0.662338
vt 0.541237 0.740260
vt 0.546392 0.759740
vt 0.541237 0.701299
vt 0.546392 0.720779
vt 0.541237 0.720779
vt 0.541237 0.564935
vt 0.541237 0.584416
vt 0.546392 0.623377
vt 0.546392 0.642857
vt 0.546392 0.740260
vt 0.546392 0.701299
vt 0.546392 0.545455
vt 0.546392 0.564935
vt 0.541237 0.623377
vt 0.335052 0.753247
vt 0.345361 0.759740
vt 0.335052 0.759740
vt 0.350515 0.772727
vt 0.350515 0.759740
vt 0.345361 0.772727
vt 0.335052 0.779221
vt 0.335052 0.772727
vt 0.329897 0.759740
vt 0.505155 0.636364
vt 0.422680 0.623377
vt 0.505155 0.623377
vt 0.505155 0.753247
vt 0.422680 0.740260
vt 0.505155 0.740260
vt 0.515464 0.740260
vt 0.515464 0.636364
vt 0.422680 0.636364
vt 0.412371 0.740260
vt 0.412371 0.636364
vt 0.345361 0.772727
vt 0.350515 0.759740
vt 0.350515 0.772727
vt 0.329897 0.772727
vt 0.335052 0.759740
vt 0.335052 0.772727
vt 0.335052 0.779221
vt 0.345361 0.779221
vt 0.345361 0.759740
vt 0.335052 0.753247
vt 0.345361 0.753247
vt 0.345361 0.772727
vt 0.350515 0.759740
vt 0.350515 0.772727
vt 0.329897 0.772727
vt 0.335052 0.759740
vt 0.335052 0.772727
vt 0.335052 0.779221
vt 0.345361 0.779221
vt 0.345361 0.759740
vt 0.335052 0.753247
vt 0.345361 0.753247
vt 0.345361 0.772727
vt 0.350515 0.759740
vt 0.350515 0.772727
vt 0.329897 0.772727
vt 0.335052 0.759740
vt 0.335052 0.772727
vt 0.335052 0.779221
vt 0.345361 0.779221
vt 0.345361 0.759740
vt 0.335052 0.753247
vt 0.345361 0.753247
vt 0.417526 0.610390
vt 0.422680 0.610390
vt 0.422680 0.616883
vt 0.639175 -0.000000
vt 1.000000 0.727273
vt 0.639175 0.727273
vt 0.381443 -0.000000
vt 0.639175 0.519481
vt 0.381443 0.519481
vt 0.335052 0.753247
vt 0.345361 0.759740
vt 0.335052 0.759740
vt 0.350515 0.772727
vt 0.350515 0.759740
vt 0.345361 0.772727
vt 0.335052 0.779221
vt 0.335052 0.772727
vt 0.329897 0.759740
vt 0.335052 0.753247
vt 0.345361 0.759740
vt 0.335052 0.759740
vt 0.350515 0.772727
vt 0.350515 0.759740
vt 0.345361 0.772727
vt 0.335052 0.779221
vt 0.335052 0.772727
vt 0.329897 0.759740
vt 0.335052 0.753247
vt 0.345361 0.759740
vt 0.335052 0.759740
vt 0.350515 0.772727
vt 0.350515 0.759740
vt 0.345361 0.772727
vt 0.335052 0.779221
vt 0.335052 0.772727
vt 0.329897 0.759740
vt 0.335052 0.753247
vt 0.345361 0.759740
vt 0.335052 0.759740
vt 0.350515 0.772727
vt 0.350515 0.759740
vt 0.345361 0.772727
vt 0.335052 0.779221
vt 0.335052 0.772727
vt 0.329897 0.759740
vt 0.335052 0.753247
vt 0.345361 0.759740
vt 0.335052 0.759740
vt 0.350515 0.772727
vt 0.350515 0.759740
vt 0.345361 0.772727
vt 0.335052 0.779221
vt 0.335052 0.772727
vt 0.329897 0.759740
vt 0.335052 0.753247
vt 0.345361 0.759740
vt 0.335052 0.759740
vt 0.350515 0.772727
vt 0.350515 0.759740
vt 0.345361 0.772727
vt 0.335052 0.779221
vt 0.335052 0.772727
vt 0.329897 0.759740
vt 0.335052 0.753247
vt 0.345361 0.759740
vt 0.335052 0.759740
vt 0.350515 0.772727
vt 0.350515 0.759740
vt 0.345361 0.772727
vt 0.335052 0.779221
vt 0.335052 0.772727
vt 0.329897 0.759740
vt 0.335052 0.753247
vt 0.345361 0.759740
vt 0.335052 0.759740
vt 0.350515 0.772727
vt 0.350515 0.759740
vt 0.345361 0.772727
vt 0.335052 0.779221
vt 0.335052 0.772727
vt 0.329897 0.759740
vt 0.304124 0.292208
vt 0.262887 0.344156
vt 0.262887 0.292208
vt 0.262887 0.350649
vt 0.304124 0.344156
vt 0.304124 0.350649
vt 0.309278 0.344156
vt 0.309278 0.292208
vt 0.257732 0.292208
vt 0.257732 0.344156
vt 0.304124 0.285714
vt 0.262887 0.285714
vt 0.252577 0.285714
vt 0.211340 0.292208
vt 0.211340 0.285714
vt 0.206186 0.292208
vt 0.211340 0.344156
vt 0.206186 0.344156
vt 0.257732 0.344156
vt 0.252577 0.292208
vt 0.257732 0.292208
vt 0.211340 0.350649
vt 0.252577 0.344156
vt 0.252577 0.350649
vt 0.046392 0.292208
vt 0.005155 0.344156
vt 0.005155 0.292208
vt 0.005155 0.350649
vt 0.046392 0.344156
vt 0.046392 0.350649
vt 0.051546 0.344156
vt 0.051546 0.292208
vt 0.000000 0.292208
vt 0.000000 0.344156
vt 0.046392 0.285714
vt 0.005155 0.285714
vt 0.097938 0.285714
vt 0.056701 0.292208
vt 0.056701 0.285714
vt 0.051546 0.292208
vt 0.056701 0.344156
vt 0.051546 0.344156
vt 0.103093 0.344156
vt 0.097938 0.292208
vt 0.103093 0.292208
vt 0.056701 0.350649
vt 0.097938 0.344156
vt 0.097938 0.350649
vt 0.201031 0.292208
vt 0.159794 0.344156
vt 0.159794 0.292208
vt 0.159794 0.350649
vt 0.201031 0.344156
vt 0.201031 0.350649
vt 0.206186 0.344156
vt 0.206186 0.292208
vt 0.154639 0.292208
vt 0.154639 0.344156
vt 0.201031 0.285714
vt 0.159794 0.285714
vt 0.149485 0.285714
vt 0.108247 0.292208
vt 0.108247 0.285714
vt 0.103093 0.292208
vt 0.108247 0.344156
vt 0.103093 0.344156
vt 0.154639 0.344156
vt 0.149485 0.292208
vt 0.154639 0.292208
vt 0.108247 0.350649
vt 0.149485 0.344156
vt 0.149485 0.350649
vt 0.304124 0.292208
vt 0.262887 0.344156
vt 0.262887 0.292208
vt 0.262887 0.350649
vt 0.304124 0.344156
vt 0.304124 0.350649
vt 0.309278 0.344156
vt 0.309278 0.292208
vt 0.257732 0.292208
vt 0.257732 0.344156
vt 0.304124 0.285714
vt 0.262887 0.285714
vt 0.252577 0.285714
vt 0.211340 0.292208
vt 0.211340 0.285714
vt 0.206186 0.292208
vt 0.211340 0.344156
vt 0.206186 0.344156
vt 0.257732 0.344156
vt 0.252577 0.292208
vt 0.257732 0.292208
vt 0.211340 0.350649
vt 0.252577 0.344156
vt 0.252577 0.350649
vt 0.046392 0.292208
vt 0.005155 0.344156
vt 0.005155 0.292208
vt 0.005155 0.350649
vt 0.046392 0.344156
vt 0.046392 0.350649
vt 0.051546 0.344156
vt 0.051546 0.292208
vt 0.000000 0.292208
vt 0.000000 0.344156
vt 0.046392 0.285714
vt 0.005155 0.285714
vt 0.097938 0.285714
vt 0.056701 0.292208
vt 0.056701 0.285714
vt 0.051546 0.292208
vt 0.056701 0.344156
vt 0.051546 0.344156
vt 0.103093 0.344156
vt 0.097938 0.292208
vt 0.103093 0.292208
vt 0.056701 0.350649
vt 0.097938 0.344156
vt 0.097938 0.350649
vt 0.201031 0.292208
vt 0.159794 0.344156
vt 0.159794 0.292208
vt 0.159794 0.350649
vt 0.201031 0.344156
vt 0.201031 0.350649
vt 0.206186 0.344156
vt 0.206186 0.292208
vt 0.154639 0.292208
vt 0.154639 0.344156
vt 0.201031 0.285714
vt 0.159794 0.285714
vt 0.149485 0.285714
vt 0.108247 0.292208
vt 0.108247 0.285714
vt 0.103093 0.292208
vt 0.108247 0.344156
vt 0.103093 0.344156
vt 0.154639 0.344156
vt 0.149485 0.292208
vt 0.154639 0.292208
vt 0.108247 0.350649
vt 0.149485 0.344156
vt 0.149485 0.350649
vt 0.329897 0.844156
vt 0.412371 0.584416
vt 0.000000 0.584416
vt 0.541237 0.545455
vt 0.541237 0.545455
vt 0.345361 0.753247
vt 0.345361 0.779221
vt 0.329897 0.772727
vt 0.422680 0.753247
vt 0.329897 0.759740
vt 0.329897 0.759740
vt 0.329897 0.759740
vt 0.422680 0.623377
vt 0.412371 0.616883
vt 0.417526 0.623377
vt 0.412371 0.623377
vt 0.412371 0.610390
vt 1.000000 -0.000000
vt 0.639175 -0.000000
vt 0.345361 0.753247
vt 0.345361 0.779221
vt 0.329897 0.772727
vt 0.345361 0.753247
vt 0.345361 0.779221
vt 0.329897 0.772727
vt 0.345361 0.753247
vt 0.345361 0.779221
vt 0.329897 0.772727
vt 0.345361 0.753247
vt 0.345361 0.779221
vt 0.329897 0.772727
vt 0.345361 0.753247
vt 0.345361 0.779221
vt 0.329897 0.772727
vt 0.345361 0.753247
vt 0.345361 0.779221
vt 0.329897 0.772727
vt 0.345361 0.753247
vt 0.345361 0.779221
vt 0.329897 0.772727
vt 0.345361 0.753247
vt 0.345361 0.779221
vt 0.329897 0.772727
vt 0.536082 0.720779
vt 0.536082 0.740260
vt 0.536082 0.681818
vt 0.536082 0.701299
vt 0.536082 0.545455
vt 0.536082 0.564935
vt 0.536082 0.623377
vt 0.536082 0.759740
vt 0.536082 0.779221
vt 0.536082 0.584416
vt 0.536082 0.603896
vt 0.536082 0.642857
vt 0.536082 0.662338
vt 0.551546 0.623377
vt 0.551546 0.681818
vt 0.551546 0.779221
vt 0.551546 0.603896
vt 0.551546 0.662338
vt 0.551546 0.759740
vt 0.551546 0.720779
vt 0.551546 0.584416
vt 0.551546 0.642857
vt 0.551546 0.740260
vt 0.551546 0.701299
vt 0.551546 0.564935
vt 0.536082 0.720779
vt 0.536082 0.740260
vt 0.536082 0.681818
vt 0.536082 0.701299
vt 0.536082 0.545455
vt 0.536082 0.564935
vt 0.536082 0.623377
vt 0.536082 0.759740
vt 0.536082 0.779221
vt 0.536082 0.584416
vt 0.536082 0.603896
vt 0.536082 0.642857
vt 0.536082 0.662338
vt 0.551546 0.623377
vt 0.551546 0.681818
vt 0.551546 0.779221
vt 0.551546 0.603896
vt 0.551546 0.662338
vt 0.551546 0.759740
vt 0.551546 0.720779
vt 0.551546 0.584416
vt 0.551546 0.642857
vt 0.551546 0.740260
vt 0.551546 0.701299
vt 0.551546 0.564935
vt 0.484536 0.759740
vt 0.489691 0.766234
vt 0.484536 0.766234
vt 0.479381 0.753247
vt 0.474227 0.759740
vt 0.474227 0.753247
vt 0.510309 0.753247
vt 0.505155 0.759740
vt 0.505155 0.753247
vt 0.500000 0.753247
vt 0.494845 0.759740
vt 0.494845 0.753247
vt 0.484536 0.753247
vt 0.489691 0.759740
vt 0.479381 0.759740
vt 0.515464 0.753247
vt 0.510309 0.759740
vt 0.500000 0.759740
vt 0.489691 0.753247
vt 0.475797 0.777445
vt 0.475636 0.768212
vt 0.483127 0.768111
vt 0.479381 0.766234
vt 0.515464 0.766234
vt 0.510309 0.766234
vt 0.500000 0.766234
vt 0.494845 0.766234
vt 0.474227 0.766234
vt 0.505155 0.766234
vt 0.432990 0.603896
vt 0.427835 0.610390
vt 0.427835 0.603896
vt 0.443299 0.603896
vt 0.438144 0.610390
vt 0.438144 0.603896
vt 0.453608 0.603896
vt 0.448454 0.610390
vt 0.448454 0.603896
vt 0.422680 0.603896
vt 0.417526 0.603896
vt 0.432990 0.610390
vt 0.443299 0.610390
vt 0.412371 0.603896
vt 0.407216 0.759740
vt 0.402062 0.766234
vt 0.402062 0.759740
vt 0.396907 0.753247
vt 0.391753 0.759740
vt 0.391753 0.753247
vt 0.427835 0.753247
vt 0.422680 0.759740
vt 0.422680 0.753247
vt 0.417526 0.753247
vt 0.412371 0.759740
vt 0.412371 0.753247
vt 0.402062 0.753247
vt 0.396907 0.759740
vt 0.432990 0.753247
vt 0.427835 0.759740
vt 0.417526 0.759740
vt 0.407216 0.753247
vt 0.393323 0.777445
vt 0.393162 0.768212
vt 0.400652 0.768111
vt 0.396907 0.766234
vt 0.432990 0.759740
vt 0.427835 0.766234
vt 0.417526 0.766234
vt 0.412371 0.766234
vt 0.407216 0.766234
vt 0.391753 0.766234
vt 0.422680 0.766234
vt 0.360825 0.759740
vt 0.365979 0.766234
vt 0.360825 0.766234
vt 0.355670 0.753247
vt 0.350515 0.759740
vt 0.350515 0.753247
vt 0.386598 0.753247
vt 0.381443 0.759740
vt 0.381443 0.753247
vt 0.376289 0.753247
vt 0.371134 0.759740
vt 0.371134 0.753247
vt 0.360825 0.753247
vt 0.365979 0.759740
vt 0.355670 0.759740
vt 0.391753 0.753247
vt 0.386598 0.759740
vt 0.376289 0.759740
vt 0.365979 0.753247
vt 0.352086 0.777445
vt 0.351925 0.768212
vt 0.359415 0.768111
vt 0.355670 0.766234
vt 0.391753 0.759740
vt 0.386598 0.766234
vt 0.376289 0.766234
vt 0.371134 0.766234
vt 0.350515 0.766234
vt 0.381443 0.766234
vt 0.494845 0.759740
vt 0.500000 0.766234
vt 0.494845 0.766234
vt 0.505155 0.759740
vt 0.510309 0.766234
vt 0.505155 0.766234
vt 0.474227 0.759740
vt 0.479381 0.766234
vt 0.474227 0.766234
vt 0.489691 0.759740
vt 0.489691 0.766234
vt 0.500000 0.759740
vt 0.515464 0.759740
vt 0.510309 0.759740
vt 0.484536 0.759740
vt 0.479381 0.759740
vt 0.475797 0.777445
vt 0.475636 0.768212
vt 0.483127 0.768111
vt 0.489691 0.753247
vt 0.505155 0.753247
vt 0.500000 0.753247
vt 0.515464 0.753247
vt 0.510309 0.753247
vt 0.484536 0.753247
vt 0.479381 0.753247
vt 0.494845 0.753247
vt 0.474227 0.753247
vt 0.484536 0.766234
vt 0.360825 0.759740
vt 0.365979 0.766234
vt 0.360825 0.766234
vt 0.355670 0.753247
vt 0.350515 0.759740
vt 0.350515 0.753247
vt 0.386598 0.753247
vt 0.381443 0.759740
vt 0.381443 0.753247
vt 0.371134 0.753247
vt 0.376289 0.759740
vt 0.371134 0.759740
vt 0.360825 0.753247
vt 0.365979 0.759740
vt 0.355670 0.759740
vt 0.391753 0.753247
vt 0.386598 0.759740
vt 0.376289 0.753247
vt 0.365979 0.753247
vt 0.352086 0.777445
vt 0.351925 0.768212
vt 0.359415 0.768111
vt 0.355670 0.766234
vt 0.391753 0.759740
vt 0.386598 0.766234
vt 0.376289 0.766234
vt 0.371134 0.766234
vt 0.350515 0.766234
vt 0.381443 0.766234
vt 0.417526 0.759740
vt 0.412371 0.766234
vt 0.412371 0.759740
vt 0.422680 0.759740
vt 0.427835 0.766234
vt 0.422680 0.766234
vt 0.391753 0.759740
vt 0.396907 0.766234
vt 0.391753 0.766234
vt 0.407216 0.759740
vt 0.407216 0.766234
vt 0.417526 0.766234
vt 0.432990 0.759740
vt 0.427835 0.759740
vt 0.402062 0.759740
vt 0.396907 0.759740
vt 0.393323 0.777445
vt 0.393162 0.768212
vt 0.400652 0.768111
vt 0.412371 0.753247
vt 0.407216 0.753247
vt 0.422680 0.753247
vt 0.417526 0.753247
vt 0.432990 0.753247
vt 0.427835 0.753247
vt 0.402062 0.753247
vt 0.396907 0.753247
vt 0.391753 0.753247
vt 0.402062 0.766234
vt 0.484536 0.759740
vt 0.489691 0.766234
vt 0.484536 0.766234
vt 0.479381 0.753247
vt 0.474227 0.759740
vt 0.474227 0.753247
vt 0.510309 0.753247
vt 0.505155 0.759740
vt 0.505155 0.753247
vt 0.500000 0.753247
vt 0.494845 0.759740
vt 0.494845 0.753247
vt 0.484536 0.753247
vt 0.489691 0.759740
vt 0.479381 0.759740
vt 0.515464 0.753247
vt 0.510309 0.759740
vt 0.500000 0.759740
vt 0.489691 0.753247
vt 0.475797 0.777445
vt 0.475636 0.768212
vt 0.483127 0.768111
vt 0.479381 0.766234
vt 0.515464 0.759740
vt 0.510309 0.766234
vt 0.505155 0.766234
vt 0.500000 0.766234
vt 0.494845 0.766234
vt 0.474227 0.766234
vt 0.453608 0.759740
vt 0.458763 0.766234
vt 0.453608 0.766234
vt 0.463917 0.759740
vt 0.469072 0.766234
vt 0.463917 0.766234
vt 0.432990 0.759740
vt 0.438144 0.766234
vt 0.432990 0.766234
vt 0.448454 0.759740
vt 0.448454 0.766234
vt 0.458763 0.759740
vt 0.474227 0.759740
vt 0.469072 0.759740
vt 0.443299 0.759740
vt 0.438144 0.759740
vt 0.434560 0.777445
vt 0.434399 0.768212
vt 0.441889 0.768111
vt 0.448454 0.753247
vt 0.463917 0.753247
vt 0.458763 0.753247
vt 0.474227 0.753247
vt 0.469072 0.753247
vt 0.443299 0.753247
vt 0.438144 0.753247
vt 0.453608 0.753247
vt 0.432990 0.753247
vt 0.443299 0.766234
vt 0.458763 0.759740
vt 0.453608 0.766234
vt 0.453608 0.759740
vt 0.463917 0.759740
vt 0.469072 0.766234
vt 0.463917 0.766234
vt 0.432990 0.759740
vt 0.438144 0.766234
vt 0.432990 0.766234
vt 0.448454 0.759740
vt 0.448454 0.766234
vt 0.458763 0.766234
vt 0.474227 0.759740
vt 0.469072 0.759740
vt 0.443299 0.759740
vt 0.438144 0.759740
vt 0.434560 0.777445
vt 0.434399 0.768212
vt 0.441889 0.768111
vt 0.453608 0.753247
vt 0.448454 0.753247
vt 0.463917 0.753247
vt 0.458763 0.753247
vt 0.474227 0.753247
vt 0.469072 0.753247
vt 0.443299 0.753247
vt 0.438144 0.753247
vt 0.432990 0.753247
vt 0.443299 0.766234
vt 0.551546 0.545455
vt 0.551546 0.545455
vt 0.515464 0.759740
vt 0.484536 0.772727
vt 0.483167 0.777394
vt 0.479381 0.779221
vt 0.474227 0.772727
vt 0.453608 0.610390
vt 0.402062 0.772727
vt 0.400693 0.777394
vt 0.396907 0.779221
vt 0.391753 0.772727
vt 0.432990 0.766234
vt 0.360825 0.772727
vt 0.359455 0.777394
vt 0.355670 0.779221
vt 0.350515 0.772727
vt 0.391753 0.766234
vt 0.515464 0.766234
vt 0.484536 0.772727
vt 0.483167 0.777394
vt 0.479381 0.779221
vt 0.474227 0.772727
vt 0.360825 0.772727
vt 0.359455 0.777394
vt 0.355670 0.779221
vt 0.350515 0.772727
vt 0.391753 0.766234
vt 0.432990 0.766234
vt 0.402062 0.772727
vt 0.400693 0.777394
vt 0.396907 0.779221
vt 0.391753 0.772727
vt 0.484536 0.772727
vt 0.483167 0.777394
vt 0.479381 0.779221
vt 0.474227 0.772727
vt 0.515464 0.766234
vt 0.474227 0.766234
vt 0.443299 0.772727
vt 0.441930 0.777394
vt 0.438144 0.779221
vt 0.432990 0.772727
vt 0.474227 0.766234
vt 0.443299 0.772727
vt 0.441930 0.777394
vt 0.438144 0.779221
vt 0.432990 0.772727
vn -0.3384 0.0000 -0.9410
vn -0.9410 0.0000 0.3383
vn 0.3384 0.0000 0.9410
vn 0.9410 0.0000 -0.3384
vn 0.0000 1.0000 0.0000
vn 0.0000 -1.0000 0.0000
vn -0.9410 0.0000 0.3384
vn -0.4600 0.8724 0.1654
vn -0.4600 -0.8724 0.1654
vn -0.9953 0.0000 0.0966
vn 0.3383 0.0000 0.9410
vn -0.3383 0.0000 -0.9410
vn 0.9410 0.0000 -0.3383
vn -0.3346 0.0000 -0.9424
vn 0.3281 0.0000 0.9447
vn -0.6654 0.7071 0.2393
vn -0.6654 -0.7071 0.2393
vn -0.6654 -0.7071 0.2392
vn 0.4189 0.0000 -0.9080
vn 0.4186 0.0000 -0.9082
vn 0.4188 0.0000 -0.9081
vn -0.9412 0.0006 0.3377
vn 0.9412 0.0000 -0.3378
vn 0.6654 0.7071 -0.2393
vn 0.6654 -0.7071 -0.2393
vn -0.5173 -0.0000 0.8558
vn -0.7299 0.5490 -0.4073
vn -0.9438 -0.0000 -0.3304
vn -0.3033 0.5490 0.7788
vn -0.2133 0.7764 -0.5931
vn 0.2133 0.7764 0.5931
vn 0.3033 0.5490 -0.7788
vn 0.7299 0.5490 0.4073
vn 0.5173 0.0000 -0.8558
vn 0.9438 -0.0000 0.3304
vn 0.3034 -0.5490 -0.7788
vn 0.7299 -0.5490 0.4073
vn -0.2133 -0.7764 -0.5931
vn 0.2133 -0.7764 0.5931
vn -0.7299 -0.5490 -0.4073
vn -0.3033 -0.5490 0.7788
vn -0.4262 0.0000 0.9046
vn 0.9047 0.0000 0.4261
vn 0.9046 0.0000 0.4262
vn 0.4261 0.0000 -0.9047
vn -0.9047 0.0000 -0.4262
vn -0.9047 0.0000 -0.4261
vn 0.7105 0.0000 0.7037
vn 0.3226 0.0000 0.9465
vn -0.8616 0.0574 -0.5043
vn -0.7956 -0.0572 -0.6031
vn -0.8616 -0.0574 -0.5043
vn -0.8992 0.0574 -0.4337
vn -0.8992 -0.0574 -0.4337
vn -0.3878 -0.0574 -0.9199
vn -0.3244 0.0577 -0.9441
vn -0.3245 -0.0577 -0.9441
vn 0.8165 0.0579 0.5745
vn 0.8741 -0.0579 0.4824
vn 0.8165 -0.0579 0.5745
vn -0.2207 0.0934 -0.9709
vn -0.4812 0.0163 -0.8765
vn -0.4133 0.1627 -0.8959
vn -0.9237 -0.0579 -0.3786
vn -0.9424 0.0573 -0.3295
vn -0.9424 -0.0573 -0.3295
vn -0.7377 0.0574 -0.6727
vn -0.6674 -0.0575 -0.7425
vn -0.7377 -0.0574 -0.6727
vn -0.5270 0.0575 -0.8479
vn -0.5270 -0.0575 -0.8479
vn -0.8115 0.0647 -0.5808
vn -0.8118 -0.0650 -0.5803
vn -0.6674 0.0575 -0.7425
vn -0.9408 -0.0217 0.3383
vn -0.9399 -0.0487 0.3380
vn -0.9371 -0.0905 0.3370
vn -0.8184 -0.2983 -0.4911
vn -0.9810 -0.0701 -0.1808
vn -0.8723 -0.0815 -0.4821
vn 0.7593 0.0578 0.6482
vn 0.7593 -0.0578 0.6482
vn -0.6306 -0.0531 -0.7743
vn -0.9966 -0.0574 -0.0584
vn -0.9909 0.0574 -0.1218
vn -0.9909 -0.0574 -0.1218
vn -0.9823 0.0693 -0.1740
vn -0.0837 -0.3900 -0.9170
vn -0.1348 -0.2335 -0.9630
vn -0.0100 -0.4280 -0.9037
vn 0.9693 0.0000 -0.2460
vn 0.9341 -0.0442 -0.3543
vn 0.9971 0.0000 -0.0758
vn 0.9153 0.0579 0.3986
vn 0.9153 -0.0579 0.3986
vn 0.9534 0.0582 0.2961
vn 0.9901 -0.0587 0.1279
vn 0.9534 -0.0582 0.2961
vn 0.9901 0.0587 0.1279
vn 0.9987 0.0490 0.0163
vn 0.9533 0.0215 -0.3012
vn 0.9084 0.0518 -0.4150
vn 1.0000 0.0000 0.0000
vn -0.2791 -0.9601 -0.0164
vn -0.2835 -0.9575 -0.0538
vn -0.9983 0.0574 -0.0035
vn -0.9982 -0.0568 0.0197
vn -0.9982 0.0568 0.0197
vn -0.9983 -0.0574 -0.0035
vn -0.9966 0.0574 -0.0584
vn -0.5909 -0.6494 -0.4787
vn -0.2236 -0.9093 -0.3508
vn -0.4212 -0.0227 -0.9067
vn -0.3875 -0.0042 -0.9219
vn 0.9990 0.0389 -0.0213
vn 0.9342 0.0443 -0.3540
vn 0.9989 0.0479 -0.0000
vn 0.2393 -0.5035 -0.8302
vn -0.0768 -0.6880 -0.7217
vn 0.3047 -0.8339 -0.4602
vn -0.1386 0.9537 -0.2668
vn 0.3047 0.8339 -0.4602
vn 0.2874 0.9515 -0.1097
vn -0.6298 0.0522 -0.7750
vn -0.2835 0.9575 -0.0538
vn -0.5892 0.6508 -0.4789
vn -0.7512 0.6471 -0.1306
vn -0.2869 -0.0129 -0.9579
vn -0.4987 -0.0341 -0.8661
vn -0.1299 0.2325 -0.9639
vn -0.2681 0.3995 -0.8766
vn -0.4245 0.0200 -0.9052
vn -0.2678 0.0138 -0.9634
vn 0.9990 -0.0389 -0.0213
vn 0.9989 -0.0479 -0.0000
vn 0.9987 -0.0490 0.0163
vn -0.0766 0.6888 -0.7209
vn 0.2394 0.5035 -0.8302
vn -0.1393 -0.9536 -0.2670
vn 0.2874 -0.9515 -0.1098
vn -0.1603 -0.9841 -0.0763
vn -0.6585 -0.7159 -0.2320
vn -0.6220 -0.7228 -0.3009
vn -0.9124 -0.2562 -0.3192
vn -0.8704 -0.2573 -0.4198
vn -0.1603 0.9841 -0.0763
vn -0.6585 0.7159 -0.2320
vn -0.1758 0.9826 -0.0603
vn -0.6221 0.7228 -0.3009
vn -0.9124 0.2562 -0.3192
vn -0.8704 0.2573 -0.4198
vn -0.1515 -0.9845 -0.0878
vn -0.5946 -0.7244 -0.3488
vn -0.8340 -0.2573 -0.4881
vn -0.1515 0.9846 -0.0878
vn -0.5946 0.7244 -0.3488
vn -0.1425 -0.9851 -0.0967
vn -0.5595 -0.7168 -0.4161
vn -0.7704 -0.2560 -0.5839
vn -0.1425 0.9851 -0.0967
vn -0.7704 0.2560 -0.5839
vn -0.8340 0.2573 -0.4881
vn -0.7956 0.0572 -0.6031
vn -0.1921 -0.9578 -0.2137
vn -0.5603 -0.6516 -0.5114
vn -0.5106 -0.6454 -0.5681
vn -0.7138 -0.2578 -0.6512
vn -0.6461 -0.2569 -0.7187
vn -0.1922 0.9578 -0.2137
vn -0.5603 0.6516 -0.5114
vn -0.2048 0.9611 -0.1852
vn -0.5106 0.6454 -0.5681
vn -0.7138 0.2578 -0.6512
vn -0.6461 0.2569 -0.7187
vn -0.4032 -0.6454 -0.6488
vn -0.1515 -0.9579 -0.2440
vn -0.5102 -0.2569 -0.8208
vn -0.4032 0.6454 -0.6488
vn -0.3135 -0.6477 -0.6944
vn -0.1184 -0.9600 -0.2537
vn -0.3832 -0.2564 -0.8874
vn -0.1515 0.9578 -0.2441
vn -0.3135 0.6477 -0.6944
vn -0.3832 0.2564 -0.8874
vn -0.5102 0.2569 -0.8208
vn -0.3878 0.0574 -0.9199
vn -0.2818 -0.6675 -0.6892
vn -0.1087 -0.9628 -0.2476
vn -0.3326 -0.2612 -0.9062
vn -0.1184 0.9600 -0.2537
vn -0.2818 0.6675 -0.6893
vn -0.3326 0.2612 -0.9062
vn -0.2048 -0.9611 -0.1852
vn -0.5595 0.7168 -0.4161
vn -0.6806 -0.6854 -0.2588
vn -0.2823 -0.9566 -0.0718
vn -0.7858 -0.2872 -0.5478
vn -0.8929 -0.2613 -0.3666
vn -0.6804 0.6854 -0.2593
vn -0.4723 0.6136 -0.6328
vn -0.7846 0.2865 -0.5499
vn -0.8929 0.2613 -0.3666
vn -0.1758 -0.9826 -0.0603
vn -0.2823 0.9566 -0.0718
vn -0.9237 0.0579 -0.3786
vn 0.2032 -0.9637 0.1735
vn 0.6149 -0.6594 0.4325
vn 0.2163 -0.9644 0.1521
vn 0.5730 -0.6576 0.4891
vn 0.7896 -0.2606 0.5554
vn 0.7344 -0.2600 0.6269
vn 0.2032 0.9637 0.1735
vn 0.6149 0.6594 0.4325
vn 0.5730 0.6576 0.4891
vn 0.7896 0.2606 0.5554
vn 0.7344 0.2600 0.6269
vn 0.6580 -0.6597 0.3631
vn 0.2313 -0.9645 0.1277
vn 0.8453 -0.2609 0.4663
vn 0.2163 0.9644 0.1521
vn 0.6580 0.6597 0.3631
vn 0.8453 0.2609 0.4663
vn 0.8741 0.0579 0.4824
vn 0.2444 -0.9638 0.1064
vn 0.6902 -0.6584 0.3002
vn 0.8853 -0.2606 0.3851
vn 0.2444 0.9638 0.1064
vn 0.2313 0.9645 0.1277
vn 0.6902 0.6584 0.3002
vn -0.9410 -0.0044 0.3383
vn -0.9409 -0.0175 0.3383
vn 0.5313 0.6906 0.4908
vn 0.0750 0.9948 0.0693
vn 0.7076 0.2686 0.6536
vn 0.7333 0.0586 0.6774
vn 0.2490 -0.9654 0.0773
vn 0.7380 -0.6680 0.0952
vn 0.2517 -0.9672 0.0339
vn 0.7154 -0.6625 0.2219
vn 0.9565 -0.2646 0.1228
vn 0.9217 -0.2621 0.2858
vn 0.2490 0.9654 0.0773
vn 0.7380 0.6680 0.0951
vn 0.7154 0.6625 0.2219
vn 0.9565 0.2646 0.1228
vn 0.9217 0.2621 0.2858
vn 0.5378 0.3495 -0.7672
vn 0.6304 0.4005 -0.6649
vn 0.8199 0.1705 -0.5465
vn 0.9349 0.1920 -0.2984
vn 0.8853 0.2606 0.3851
vn -0.5808 -0.2303 -0.7808
vn -0.4731 -0.6115 -0.6342
vn -0.4315 -0.1607 -0.8877
vn -0.2357 -0.0945 -0.9672
vn -0.0850 0.3912 -0.9164
vn -0.8693 0.0768 -0.4884
vn -0.7597 -0.6503 -0.0027
vn -0.7590 -0.6496 -0.0445
vn -0.9663 -0.2575 -0.0034
vn -0.9647 -0.2574 -0.0565
vn -0.2791 0.9601 -0.0164
vn -0.7597 0.6503 -0.0027
vn -0.2782 0.9605 -0.0010
vn -0.7590 0.6496 -0.0445
vn -0.9663 0.2575 -0.0034
vn -0.9647 0.2574 -0.0565
vn -0.7512 -0.6470 -0.1307
vn -0.9591 -0.2574 -0.1179
vn -0.9456 -0.2735 -0.1761
vn -0.9458 0.2735 -0.1752
vn -0.9591 0.2574 -0.1179
vn -0.9679 0.2504 0.0191
vn -0.7837 0.6210 0.0154
vn -0.3249 0.9457 0.0064
vn -0.3249 -0.9457 0.0064
vn -0.2782 -0.9605 -0.0010
vn -0.7837 -0.6210 0.0154
vn -0.9679 -0.2504 0.0191
vn 0.8521 -0.0818 -0.5170
vn 0.5378 -0.3495 -0.7672
vn 0.9084 -0.0518 -0.4150
vn 0.8199 -0.1705 -0.5465
vn 0.9533 -0.0215 -0.3012
vn 0.8521 0.0818 -0.5170
vn 0.2446 0.3919 -0.8869
vn 0.2446 -0.3919 -0.8869
vn 0.6304 -0.4005 -0.6649
vn 0.9349 -0.1920 -0.2984
vn -0.5783 0.2352 -0.7811
vn 0.7779 -0.5611 -0.2830
vn 0.9715 -0.2204 -0.0876
vn 0.7726 -0.6321 -0.0586
vn 0.9696 -0.2445 -0.0070
vn 0.7779 0.5611 -0.2830
vn 0.7726 0.6322 -0.0586
vn 0.9715 0.2204 -0.0876
vn 0.9696 0.2445 -0.0070
vn -0.2498 -0.3605 -0.8987
vn -0.3577 -0.1356 -0.9239
vn -0.3404 -0.2505 -0.9063
vn -0.0100 0.4280 -0.9037
vn -0.3366 0.2593 -0.9052
vn -0.8149 0.3018 -0.4948
vn -0.2508 0.3617 -0.8979
vn -0.3608 0.1384 -0.9223
vn 0.2517 0.9672 0.0339
vn -0.9410 0.0044 0.3383
vn -0.9410 -0.0040 0.3383
vn -0.9372 0.0906 0.3370
vn -0.9347 0.1160 0.3360
vn -0.9399 0.0487 0.3380
vn 0.7333 -0.0586 0.6774
vn 0.7076 -0.2686 0.6536
vn 0.5313 -0.6906 0.4908
vn 0.7334 -0.0567 0.6775
vn 0.7333 0.0588 0.6774
vn 0.7334 0.0567 0.6775
vn 0.2560 -0.9373 0.2364
vn 0.5268 -0.6970 0.4866
vn 0.5820 -0.6101 0.5376
vn 0.7072 -0.2705 0.6532
vn 0.7115 -0.2484 0.6573
vn 0.7333 -0.0588 0.6774
vn 0.7115 0.2484 0.6573
vn 0.7072 0.2705 0.6532
vn 0.5820 0.6101 0.5376
vn 0.5268 0.6970 0.4866
vn 0.2560 0.9373 0.2365
vn 0.1437 0.9807 0.1328
vn -0.9347 -0.1160 0.3361
vn -0.9409 0.0175 0.3383
vn -0.9410 0.0040 0.3383
vn 0.9422 0.0006 -0.3351
vn 0.9434 0.0000 -0.3316
vn 0.9422 0.0019 -0.3351
vn -0.9408 0.0217 0.3383
vn -0.2235 0.9101 -0.3490
vn -0.2735 -0.3980 -0.8757
vn 0.8323 -0.0000 -0.5544
vn 0.8323 -0.0000 -0.5543
vn 0.2524 0.0000 0.9676
vn 0.6118 0.0000 0.7910
vn -0.9042 0.0000 -0.4272
vn -0.9993 0.0000 -0.0383
vn -0.9041 0.0000 -0.4272
vn 0.9041 0.0000 0.4273
vn 0.9993 0.0000 0.0383
vn -0.6119 0.0000 -0.7910
vn -0.6118 0.0000 -0.7910
vn 0.9917 0.0000 -0.1289
vn -0.0875 0.0000 -0.9962
vn -0.2524 0.0000 -0.9676
vn 0.0875 0.0000 0.9962
vn -0.9917 0.0000 0.1289
vn -0.2525 0.0000 -0.9676
vn 0.2544 0.0000 0.9671
vn 0.6125 0.0000 0.7905
vn -0.9037 0.0000 -0.4281
vn -0.9992 0.0000 -0.0404
vn 0.9037 0.0000 0.4281
vn 0.9992 0.0000 0.0404
vn -0.6125 0.0000 -0.7905
vn -0.6125 0.0000 -0.7904
vn 0.9919 0.0000 -0.1267
vn -0.0897 0.0000 -0.9960
vn -0.2545 0.0000 -0.9671
vn 0.0898 0.0000 0.9960
vn -0.9919 0.0000 0.1266
vn -0.9919 0.0000 0.1267
vn 0.2560 0.0000 0.9667
vn 0.6131 0.0000 0.7900
vn -0.9034 0.0000 -0.4287
vn -0.9991 0.0000 -0.0421
vn -0.9034 0.0000 -0.4288
vn 0.6132 0.0000 0.7900
vn 0.9034 0.0000 0.4287
vn 0.9991 0.0000 0.0420
vn -0.6131 0.0000 -0.7900
vn 0.9922 0.0000 -0.1249
vn -0.0917 0.0000 -0.9958
vn -0.2561 0.0000 -0.9666
vn 0.0915 0.0000 0.9958
vn -0.9922 0.0000 0.1248
vn -0.9991 0.0000 -0.0420
vn -0.2560 0.0000 -0.9667
vn 0.2559 0.0000 0.9667
vn -0.6132 0.0000 -0.7899
vn -0.0915 0.0000 -0.9958
vn -0.2561 0.0000 -0.9667
vn 0.2525 0.0000 0.9676
vn 0.2545 0.0000 0.9671
vn -0.9038 0.0000 -0.4281
vn -0.9992 0.0000 -0.0403
vn -0.6126 0.0000 -0.7904
vn -0.2544 0.0000 -0.9671
vn -0.1086 0.9628 -0.2476
vn 0.0750 -0.9948 0.0693
vn 0.1437 -0.9807 0.1328
vn 0.9434 0.0000 -0.3315
vn 0.9420 0.0006 -0.3355
vn 0.9420 -0.0006 -0.3355
vn 0.9422 -0.0006 -0.3351
vn 0.9422 -0.0019 -0.3351
vn 0.8322 0.0000 -0.5544
vn 0.0000 1.0000 -0.0001
vn 0.0000 1.0000 0.0001
vn 0.0916 0.0000 0.9958
vn 0.0000 -1.0000 0.0001
vn 0.0000 -1.0000 -0.0001
vn -0.0470 -0.9988 0.0169
vn -0.9295 0.1873 0.3178
vn -0.9505 -0.1821 0.2519
vn -0.9295 -0.1873 0.3177
vn -0.0470 0.9988 0.0169
vn -0.5658 0.0000 -0.8246
vn -0.9505 0.1821 0.2519
vn -0.9987 -0.0314 0.0402
vn -0.9050 0.0000 -0.4254
vn -0.9987 0.0314 0.0402
vn -0.9244 0.1872 0.3324
vn -0.0485 -0.9986 0.0196
vn -0.1988 -0.9774 0.0717
vn -0.2132 -0.9736 0.0821
vn -0.4406 -0.8843 0.1543
vn -0.4573 -0.8767 0.1490
vn -0.7525 -0.6055 0.2590
vn -0.7626 -0.6093 0.2174
vn -0.0485 0.9986 0.0196
vn -0.1988 0.9774 0.0717
vn -0.0462 0.9988 0.0175
vn -0.2132 0.9736 0.0821
vn -0.4406 0.8843 0.1543
vn -0.4573 0.8767 0.1490
vn -0.7525 0.6055 0.2591
vn -0.7626 0.6093 0.2174
vn -0.0457 -0.9987 0.0211
vn -0.2812 -0.9511 0.1278
vn -0.8912 -0.4449 0.0889
vn -0.9710 -0.2201 0.0929
vn -0.0457 0.9987 0.0211
vn -0.8912 0.4449 0.0889
vn -0.9710 0.2201 0.0929
vn -0.7485 0.6061 0.2691
vn -0.4385 0.8848 0.1577
vn -0.1980 0.9776 0.0712
vn -0.1980 -0.9776 0.0712
vn -0.2112 -0.9745 0.0759
vn -0.0937 -0.9950 0.0337
vn -0.0462 -0.9988 0.0175
vn -0.0469 -0.9988 0.0169
vn -0.2997 -0.9479 0.1077
vn -0.2996 -0.9480 0.1078
vn -0.4385 -0.8848 0.1577
vn -0.7485 -0.6061 0.2691
vn -0.9244 -0.1872 0.3324
vn 0.3402 -0.0000 0.9403
vn 0.9438 0.0000 -0.3306
vn 0.9438 0.0000 -0.3305
vn 0.9414 0.0000 -0.3372
vn -0.3414 0.0000 -0.9399
vn -0.9056 -0.4025 -0.1339
vn -0.7599 0.0000 -0.6501
vn -0.6618 -0.4662 -0.5871
vn -0.6129 -0.4025 0.6799
vn -0.1719 0.0000 0.9851
vn -0.6953 0.0000 0.7187
vn -0.8625 -0.3040 0.4047
vn -0.9667 0.0000 0.2559
vn -0.9227 -0.3039 0.2372
vn -0.9083 0.0000 0.4183
vn -0.0143 -0.9995 -0.0293
vn -0.0076 -0.9995 -0.0318
vn 0.0076 -0.9995 0.0318
vn -0.9938 0.0000 -0.1114
vn 0.7238 0.0000 0.6900
vn 0.4274 0.0000 0.9041
vn 0.4332 -0.0000 0.9013
vn 0.2399 0.0000 0.9708
vn 0.6618 -0.4662 0.5871
vn 0.9907 0.0000 0.1360
vn -0.4332 0.0000 -0.9013
vn -0.4333 0.0000 -0.9013
vn 0.9056 -0.4025 0.1339
vn 0.9671 0.0000 -0.2544
vn 0.1364 -0.4662 -0.8741
vn 0.6773 0.0000 -0.7357
vn 0.6129 -0.4025 -0.6799
vn 0.9227 -0.3040 -0.2372
vn 0.9076 0.0000 -0.4197
vn -0.1364 -0.4662 0.8741
vn -0.2462 -0.0000 -0.9692
vn -0.1389 -0.0002 -0.9903
vn 0.1186 -0.0000 -0.9929
vn -0.5316 -0.8348 0.1433
vn -0.5011 -0.8348 0.2281
vn -0.1107 -0.9922 0.0567
vn -0.3778 -0.8733 0.3075
vn -0.2792 -0.9392 -0.1999
vn -0.1223 -0.9601 -0.2514
vn -0.1977 -0.8874 -0.4164
vn -0.4871 -0.8733 0.0035
vn -0.1215 -0.9922 0.0268
vn -0.1127 -0.8875 -0.4469
vn 0.1107 -0.9922 -0.0567
vn 0.0879 -0.9392 -0.3319
vn 0.3778 -0.8733 -0.3075
vn 0.1215 -0.9922 -0.0268
vn 0.4871 -0.8733 -0.0035
vn 0.2792 -0.9392 0.1999
vn 0.0658 -0.9601 0.2717
vn 0.1127 -0.8875 0.4469
vn -0.0879 -0.9392 0.3319
vn 0.0143 -0.9995 0.0294
vn 0.1977 -0.8874 0.4164
vn 0.5011 -0.8348 -0.2281
vn 0.8625 -0.3040 -0.4046
vn 0.5316 -0.8348 -0.1433
vn 0.1223 -0.9601 0.2514
vn -0.0658 -0.9601 -0.2717
vn -0.9900 0.0000 -0.1411
vn -0.2812 0.9511 0.1278
vn -0.2998 -0.9479 0.1078
vn 0.3420 0.0000 0.9397
vn 0.5235 0.0000 0.8520
vn -0.2399 -0.0000 -0.9708
vn -0.9400 -0.0001 0.3411
vn -0.9405 -0.0176 0.3394
vn -0.9410 -0.0078 0.3384
vn 0.1049 0.9945 -0.0071
vn 0.0385 0.9935 0.1070
vn 0.0090 0.9996 0.0251
vn 0.9280 -0.1655 -0.3337
vn 0.9389 0.1639 -0.3027
vn 0.9280 0.1655 -0.3337
vn 0.0836 -0.9690 0.2326
vn 0.1342 -0.9874 0.0833
vn 0.0385 -0.9935 0.1070
vn 0.0000 -1.0000 -0.0003
vn 0.1049 -0.9945 -0.0071
vn 0.0090 -0.9996 0.0251
vn 0.0836 0.9690 0.2326
vn 0.1796 0.9583 0.2224
vn 0.1883 0.9564 0.2233
vn 0.0963 -0.9947 -0.0347
vn -0.4694 -0.0124 -0.8829
vn -0.4694 0.0124 -0.8829
vn -0.3451 -0.0959 -0.9337
vn 0.1796 -0.9583 0.2224
vn 0.1432 -0.9860 0.0855
vn 0.0385 -0.9935 0.1069
vn 0.9674 -0.1589 -0.1971
vn 0.9389 -0.1639 -0.3027
vn 0.9885 0.1488 -0.0278
vn 0.9872 -0.1576 -0.0249
vn 0.9872 0.1576 -0.0249
vn 0.1342 0.9875 0.0833
vn 0.9885 -0.1487 -0.0278
vn 0.1433 0.9860 0.0854
vn 0.9391 -0.1682 -0.2998
vn 0.9674 0.1676 -0.1900
vn 0.9674 -0.1676 -0.1900
vn 0.1883 -0.9564 0.2233
vn 0.8117 -0.5718 -0.1189
vn 0.8389 -0.5386 0.0782
vn 0.4794 -0.8593 0.1783
vn 0.4373 -0.8993 0.0023
vn 0.7774 -0.5813 -0.2403
vn 0.4045 -0.9080 -0.1090
vn 0.9674 0.1589 -0.1971
vn 0.7774 0.5813 -0.2403
vn 0.4373 0.8993 0.0023
vn 0.4045 0.9080 -0.1090
vn 0.8117 0.5718 -0.1189
vn 0.4794 0.8593 0.1784
vn 0.8370 0.5419 0.0765
vn 0.4491 0.8934 0.0107
vn 0.4881 0.8545 0.1776
vn 0.9391 0.1682 -0.2998
vn 0.8122 0.5737 -0.1062
vn 0.4103 0.9059 -0.1053
vn 0.1089 0.9940 -0.0066
vn 0.8122 -0.5737 -0.1062
vn 0.7784 -0.5825 -0.2340
vn 0.4103 -0.9059 -0.1053
vn 0.4491 -0.8934 0.0107
vn 0.1089 -0.9940 -0.0066
vn 0.8370 -0.5419 0.0765
vn 0.4881 -0.8545 0.1776
vn 0.7649 0.5824 -0.2752
vn 0.3944 0.9079 -0.1419
vn 0.0963 0.9947 -0.0347
vn 0.8389 0.5386 0.0782
vn 0.3944 -0.9079 -0.1419
vn -0.9400 0.0001 0.3411
vn -0.9405 0.0176 0.3394
vn -0.9388 -0.0034 0.3444
vn 0.2776 0.1319 0.9516
vn 0.3188 0.1496 0.9360
vn 0.2774 0.1318 0.9517
vn -0.3758 -0.0904 -0.9223
vn -0.4690 -0.1150 -0.8757
vn -0.4292 -0.0592 -0.9013
vn 0.9281 -0.1655 -0.3337
vn 0.7650 -0.5824 -0.2750
vn 0.3944 -0.9079 -0.1418
vn 0.0963 -0.9947 -0.0346
vn 0.6399 0.0000 0.7685
vn 0.6347 0.0000 0.7728
vn 0.0040 0.0000 -1.0000
vn -0.0028 0.0000 -1.0000
vn 0.0003 0.0014 -1.0000
vn 0.9592 0.0007 0.2828
vn 0.8961 0.0008 0.4439
vn -0.0027 0.0000 -1.0000
vn 0.4660 0.0000 -0.8848
vn 0.5781 0.0000 -0.8160
vn 0.5780 0.0000 -0.8160
vn 0.9653 0.0000 0.2611
vn 0.9227 0.0000 0.3854
vn 0.9653 0.0000 0.2610
vn 0.9227 0.0000 0.3855
vn 0.4659 0.0000 -0.8848
vn 0.5675 0.0000 -0.8234
vn 0.4543 0.0000 -0.8909
vn 0.9176 0.0000 0.3976
vn 0.9619 0.0000 0.2735
vn 0.9175 0.0000 0.3976
vn 0.5674 0.0000 -0.8234
vn -0.0064 1.0000 0.0023
vn -0.0060 1.0000 0.0022
vn 0.4542 0.0000 -0.8909
vn 0.5247 0.0025 -0.8513
vn 0.4335 0.0015 -0.9012
vn 0.4330 0.0042 -0.9014
vn 0.6062 0.0009 0.7953
vn 0.8961 0.0008 0.4438
vn 0.3383 0.0008 0.9410
vn 0.5972 0.0009 0.8021
vn 0.1267 0.0186 0.9918
vn 0.1531 -0.0438 0.9872
vn 0.1267 -0.0186 0.9918
vn -0.3451 0.0959 -0.9337
vn -0.3326 0.1835 -0.9250
vn -0.3369 0.0923 -0.9370
vn 0.2023 -0.0835 0.9758
vn 0.2199 -0.0964 0.9708
vn 0.0963 0.9947 -0.0346
vn 0.7784 0.5825 -0.2340
vn 0.3944 0.9079 -0.1418
vn 0.9281 0.1655 -0.3337
vn 0.9281 0.1654 -0.3337
vn 0.3344 0.1537 0.9298
vn 0.3344 0.1540 0.9298
vn 0.3344 0.1538 0.9298
vn -0.3326 -0.1835 -0.9250
vn -0.3516 -0.1786 -0.9190
vn 0.2776 -0.1319 0.9516
vn 0.2774 -0.1318 0.9517
vn -0.3758 0.0904 -0.9223
vn -0.3516 0.1786 -0.9189
vn 0.7650 0.5824 -0.2750
vn 0.0963 0.9948 -0.0346
vn 0.0963 -0.9948 -0.0346
vn 0.7650 -0.5823 -0.2750
vn 0.2199 0.0964 0.9707
vn 0.2023 0.0835 0.9758
vn 0.3215 -0.1503 0.9349
vn 0.3344 -0.1538 0.9298
vn -0.4690 0.1150 -0.8757
vn -0.4017 0.1574 -0.9021
vn -0.4017 -0.1574 -0.9021
vn -0.5419 -0.0520 -0.8388
vn 0.1531 0.0438 0.9872
vn 0.3215 0.1503 0.9349
vn -0.5419 0.0520 -0.8388
vn -0.4292 0.0592 -0.9013
vn 0.3188 -0.1496 0.9359
vn 0.3344 -0.1539 0.9298
vn -0.9388 0.0034 0.3444
vn 0.0000 -1.0000 0.0009
vn 0.0000 -1.0000 -0.0004
vn 0.0000 -1.0000 -0.0002
vn 0.0000 -1.0000 0.0017
vn -0.9410 0.0078 0.3384
vn -0.3369 -0.0923 -0.9370
vn 0.3383 -0.0001 0.9410
vn 0.3383 0.0001 0.9410
vn 0.7649 -0.5824 -0.2751
vn 0.0000 1.0000 0.0002
vn 0.3112 -0.6367 0.7055
vn 0.6761 -0.3911 0.6244
vn 0.4445 -0.5517 0.7057
vn 0.9592 0.0007 0.2829
vn 0.8659 -0.1189 0.4858
vn 0.5780 0.0000 -0.8161
vn 0.0000 1.0000 -0.0009
vn 0.9619 0.0000 0.2734
vn -0.0076 1.0000 0.0028
vn -0.0080 1.0000 0.0028
vn 0.0219 0.9997 -0.0081
vn 0.5291 -0.0003 -0.8486
vn 0.9281 -0.1654 -0.3337
vn 0.1359 0.0000 -0.9907
vn 0.7316 0.0000 0.6817
vn 0.7788 0.0000 0.6272
vn -0.0177 0.0000 -0.9998
vn 0.2595 0.0000 -0.9657
vn 0.4853 0.0000 -0.8743
vn -0.0207 0.0000 -0.9998
vn 0.9596 0.0000 0.2813
vn 0.9992 0.0000 0.0394
vn 0.9999 0.0000 -0.0110
vn 0.9718 0.0000 -0.2359
vn 0.9689 0.0000 0.2474
vn 0.4466 0.0000 -0.8947
vn 0.8472 0.0000 -0.5313
vn -0.4430 -0.0000 -0.8965
vn -0.2294 -0.0000 -0.9733
vn 0.2294 0.0000 0.9733
vn 0.4430 0.0000 0.8965
vn -0.9243 0.0000 0.3816
vn -0.9557 0.0000 0.2944
vn 0.9557 0.0000 -0.2943
vn 0.9243 0.0000 -0.3816
vn -0.8190 0.0000 0.5737
vn -0.5512 0.0000 0.8344
vn -0.5511 0.0000 0.8344
vn -0.1312 0.0000 0.9914
vn 0.9969 0.0000 -0.0792
vn 0.9563 0.0000 0.2924
vn 0.7324 0.0000 0.6808
vn 0.7325 0.0000 0.6808
vn 0.4429 0.0000 0.8966
vn 0.1312 0.0000 -0.9914
vn 0.5512 0.0000 -0.8344
vn 0.8190 0.0000 -0.5738
vn 0.8190 0.0000 -0.5737
vn -0.9969 0.0000 0.0792
vn -0.9563 0.0000 -0.2924
vn -0.7325 0.0000 -0.6808
vn 0.4262 0.0000 -0.9047
vn 0.4262 0.0000 -0.9046
vn -0.9989 0.0000 -0.0475
vn -0.4261 -0.0000 0.9047
vn -0.0474 0.0000 0.9989
vn -0.0475 0.0000 0.9989
vn -0.9046 0.0000 -0.4262
vn 0.9342 0.0000 -0.3568
vn 0.9355 -0.1082 -0.3364
vn 0.9261 0.1228 -0.3567
vn 0.9355 0.1082 -0.3364
vn 0.8335 -0.1730 -0.5247
vn 0.8767 0.1260 -0.4643
vn 0.8335 0.1730 -0.5248
vn -0.7816 0.0000 0.6238
vn -0.6549 0.0000 0.7557
vn -0.8852 0.0000 0.4653
vn -0.5494 0.0000 0.8356
vn -0.5494 0.0000 0.8355
vn 0.8387 0.1737 -0.5161
vn 0.8900 -0.1419 -0.4334
vn 0.8387 -0.1737 -0.5161
vn 0.1391 -0.9871 -0.0793
vn 0.1237 -0.9890 -0.0810
vn 0.8899 0.1419 -0.4334
vn 0.9261 -0.1228 -0.3567
vn 0.9078 0.0000 -0.4194
vn 0.8766 -0.1260 -0.4643
vn 0.1556 -0.9839 -0.0874
vn 0.6770 -0.6627 -0.3201
vn 0.1986 -0.9764 -0.0853
vn 0.6071 -0.7080 -0.3608
vn 0.1556 0.9839 -0.0874
vn 0.6770 0.6628 -0.3201
vn 0.6071 0.7080 -0.3608
vn 0.7222 -0.6333 -0.2779
vn 0.2070 -0.9752 -0.0780
vn 0.1986 0.9764 -0.0852
vn 0.7222 0.6334 -0.2779
vn 0.5815 -0.7238 -0.3715
vn 0.8387 -0.4534 -0.3016
vn 0.3249 -0.9385 -0.1168
vn 0.3249 0.9385 -0.1168
vn 0.2070 0.9752 -0.0780
vn 0.8387 0.4535 -0.3016
vn 0.1237 0.9890 -0.0810
vn 0.5814 0.7238 -0.3715
vn 0.6339 -0.7179 -0.2876
vn 0.7003 -0.6269 -0.3415
vn 0.6339 0.7179 -0.2877
vn 0.1391 0.9871 -0.0793
vn 0.7002 0.6269 -0.3415
vn -0.5493 -0.0001 0.8356
vn -0.9397 0.0000 0.3419
vn -1.0000 0.0000 -0.0054
vn 0.0674 -0.9934 0.0928
vn 0.0949 -0.9942 0.0510
vn 0.5846 -0.2145 0.7825
vn 0.8827 0.2064 0.4222
vn 0.8827 -0.2063 0.4222
vn 0.2755 -0.2195 0.9359
vn 0.5846 0.2146 0.7824
vn -0.0667 -0.2112 0.9752
vn 0.2755 0.2196 0.9359
vn -0.2218 -0.1183 0.9679
vn -0.0667 0.2113 0.9751
vn 0.5442 -0.0000 -0.8390
vn 0.0533 0.0000 0.9986
vn 0.5008 0.0000 -0.8655
vn 0.0675 0.9934 0.0928
vn -0.1807 0.0000 -0.9835
vn 0.9997 0.0000 0.0253
vn -0.5683 0.0000 -0.8228
vn -0.8431 0.0000 -0.5378
vn 0.9832 0.1773 -0.0436
vn 0.9832 -0.1773 -0.0436
vn 0.3034 -0.9504 -0.0690
vn 0.6656 -0.7458 -0.0280
vn 0.9093 -0.3610 -0.2069
vn 0.9732 -0.0625 -0.2214
vn 0.1377 -0.9905 -0.0031
vn 0.5461 -0.7949 0.2644
vn 0.3687 -0.7858 0.4965
vn 0.1721 -0.7940 0.5831
vn 0.0312 -0.9939 0.1057
vn -0.0329 -0.7710 0.6359
vn -0.0225 -0.7455 0.6661
vn -0.1972 -0.4706 0.8600
vn 0.9093 0.3610 -0.2069
vn 0.9732 0.0625 -0.2214
vn 0.6656 0.7457 -0.0280
vn 0.3035 0.9503 -0.0691
vn 0.5461 0.7949 0.2644
vn 0.1378 0.9905 -0.0031
vn 0.3687 0.7858 0.4965
vn 0.0950 0.9942 0.0510
vn 0.1721 0.7940 0.5831
vn -0.0329 0.7710 0.6360
vn 0.0312 0.9939 0.1058
vn -0.1972 0.4706 0.8600
vn -0.0225 0.7454 0.6662
vn 0.0000 0.0000 1.0000
vn -0.2218 0.1183 0.9679
vn 0.5008 0.0000 -0.8656
vn 0.9351 0.0000 0.3543
vn 0.5009 0.0001 -0.8655
vn -0.3880 -0.9111 0.1395
vn -0.4378 -0.8852 0.1574
vn -0.3600 -0.9239 0.1294
vn -0.2293 -0.9698 0.0825
vn -0.1850 -0.9805 0.0665
vn -0.0594 -0.9980 0.0214
vn -0.0526 -0.9984 0.0189
vn 0.4378 0.8852 -0.1574
vn 0.3881 0.9110 -0.1395
vn 0.3602 0.9238 -0.1295
vn 0.2293 0.9698 -0.0825
vn 0.0593 0.9980 -0.0213
vn 0.1184 0.9921 -0.0425
vn -0.8984 0.2974 0.3231
vn -0.9592 0.2825 0.0090
vn -0.9601 0.2793 -0.0159
vn 0.3385 0.0003 0.9410
vn 0.3384 -0.0001 0.9410
vn -0.9020 0.1822 -0.3913
vn -0.7829 0.0711 -0.6181
vn -0.7686 0.0678 -0.6361
vn 0.3382 -0.0002 0.9411
vn -0.6211 0.0134 -0.7836
vn -0.4841 0.0054 -0.8750
vn -0.4844 0.0060 -0.8748
vn -0.3383 -0.0000 -0.9411
vn -0.9053 0.1850 -0.3823
vn 0.3382 0.0001 0.9411
vn 0.1848 0.9805 -0.0664
vn 0.1185 0.9920 -0.0426
vn -0.6216 0.0115 -0.7832
vn -0.3382 0.0000 -0.9411
vn 0.9213 0.3888 0.0000
vn 0.2906 0.9116 -0.2906
vn 0.4109 0.9116 0.0000
vn 0.6514 0.3888 0.6514
vn 0.0000 0.9116 0.4109
vn 0.0000 0.3888 0.9213
vn -0.9213 0.3888 0.0000
vn -0.2906 0.9116 0.2906
vn -0.4109 0.9116 0.0000
vn 0.0000 0.3888 -0.9213
vn -0.2906 0.9116 -0.2906
vn 0.0000 0.9116 -0.4109
vn 0.6514 0.3888 -0.6514
vn 0.2906 0.9116 0.2906
vn -0.6514 0.3888 0.6514
vn -0.6514 0.3888 -0.6514
vn -1.0000 0.0000 0.0000
vn -0.7071 0.0000 -0.7071
vn 0.0000 0.0000 1.0000
vn -0.7071 0.0000 0.7071
vn 1.0000 0.0000 0.0000
vn 0.7071 0.0000 0.7071
vn 0.0000 0.0000 -1.0000
vn 0.7071 0.0000 -0.7071
vn 0.9213 0.3888 0.0000
vn 0.2906 0.9116 -0.2906
vn 0.4109 0.9116 0.0000
vn 0.6514 0.3888 0.6514
vn 0.0000 0.9116 0.4109
vn 0.0000 0.3888 0.9213
vn -0.9213 0.3888 0.0000
vn -0.2906 0.9116 0.2906
vn -0.4109 0.9116 0.0000
vn -0.6514 0.3888 -0.6514
vn 0.0000 0.9116 -0.4109
vn 0.0000 0.3888 -0.9213
vn 0.6514 0.3888 -0.6514
vn 0.2906 0.9116 0.2906
vn -0.6514 0.3888 0.6514
vn -0.2906 0.9116 -0.2906
vn -1.0000 0.0000 0.0000
vn -0.7071 0.0000 -0.7071
vn 0.0000 0.0000 1.0000
vn -0.7071 0.0000 0.7071
vn 1.0000 0.0000 0.0000
vn 0.7071 0.0000 0.7071
vn 0.0000 0.0000 -1.0000
vn 0.7071 0.0000 -0.7071
vn 1.0000 0.0000 0.0000
vn 0.0000 -0.3827 0.9239
vn 0.0000 0.0880 0.9961
vn 0.0000 1.0000 0.0000
vn 0.0000 -0.9239 0.3827
vn 0.0000 0.0880 -0.9961
vn 0.0000 -0.9239 -0.3827
vn 0.0000 0.3827 0.9239
vn 0.0000 0.3827 -0.9239
vn 0.0000 -0.3827 -0.9239
vn 0.0000 0.0000 -1.0000
vn 0.5293 -0.6630 -0.5293
vn 0.0000 -0.6630 -0.7486
vn 0.0000 0.6630 -0.7486
vn 0.0000 1.0000 0.0000
vn 0.5293 0.6630 -0.5293
vn 0.0000 -1.0000 0.0000
vn 0.7071 0.0000 -0.7071
vn 1.0000 0.0000 0.0000
vn 0.7486 -0.6630 0.0000
vn 0.7486 0.6630 0.0000
vn 0.7071 0.0000 0.7071
vn 0.5293 -0.6630 0.5293
vn 0.5293 0.6630 0.5293
vn 0.0000 -0.6630 0.7486
vn 0.0000 0.6630 0.7486
vn 0.0000 0.0000 1.0000
vn -0.5293 -0.6630 0.5293
vn -0.5293 0.6630 0.5293
vn -0.7071 0.0000 0.7071
vn -1.0000 0.0000 0.0000
vn -0.7486 -0.6630 0.0000
vn -0.7486 0.6630 0.0000
vn -0.7071 0.0000 -0.7071
vn -0.5293 -0.6630 -0.5293
vn -0.5293 0.6630 -0.5293
vn 0.9623 0.2719 0.0000
vn 0.3912 0.8330 -0.3912
vn 0.5532 0.8330 0.0000
vn -0.9623 0.2719 0.0000
vn -0.5490 -0.6302 -0.5490
vn -0.7764 -0.6302 0.0000
vn 0.6804 0.2719 0.6804
vn 0.3912 0.8330 0.3912
vn 0.6805 0.2719 -0.6804
vn 0.7764 -0.6302 0.0000
vn 0.5490 -0.6302 -0.5490
vn 0.0000 0.2719 0.9623
vn -0.3912 0.8330 0.3912
vn -0.6804 0.2719 0.6804
vn -0.5490 -0.6302 0.5490
vn 0.0000 0.2719 -0.9623
vn -0.6805 0.2719 -0.6804
vn 0.0000 -0.6302 -0.7764
vn -0.3912 0.8330 -0.3912
vn 0.0000 0.8330 -0.5532
vn 0.5490 -0.6302 0.5490
vn 0.0000 -0.6302 0.7764
vn -0.5532 0.8330 0.0000
vn 0.0000 0.8330 0.5532
vn 0.5721 0.0142 0.8201
vn 0.5721 0.0142 0.8200
vn 0.3420 0.0000 0.9397
vn -0.3420 0.0000 -0.9397
vn -0.9391 0.0104 0.3436
vn -0.9366 -0.0814 0.3409
vn -0.9381 -0.0470 0.3432
vn -0.9313 0.1337 0.3389
vn -0.9399 0.0409 0.3390
vn -0.9375 -0.0660 0.3417
vn -0.9370 0.0890 0.3379
vn -0.9374 -0.0675 0.3417
vn -0.4030 -0.9042 -0.1418
vn -0.9416 -0.0000 -0.3366
vn -0.8387 0.0000 -0.5447
vn 0.3094 -0.9437 0.1169
vn -0.2015 -0.9698 -0.1373
vn 0.2119 -0.9463 0.2443
vn -0.0009 -1.0000 0.0006
vn 0.9151 0.0000 -0.4031
vn 0.9013 0.0000 -0.4332
vn 0.9717 -0.0004 -0.2364
vn 0.9716 -0.0003 -0.2367
vn 0.9677 -0.0000 -0.2519
vn -0.9968 0.0000 0.0794
vn -0.7585 0.0000 -0.6516
vn -0.7590 0.0000 -0.6511
vn -0.4030 0.9042 -0.1418
vn 0.1471 0.0000 -0.9891
vn 0.7986 -0.0003 -0.6018
vn 0.1473 -0.0001 -0.9891
vn 0.7983 -0.0001 -0.6022
vn 0.4907 0.0011 -0.8713
vn 0.2232 0.8770 -0.4255
vn -0.3860 0.6401 0.6642
vn -0.3860 0.6402 0.6642
vn -0.3671 -0.6419 0.6732
vn 0.2491 -0.8759 -0.4132
vn 0.3185 -0.0000 -0.9479
vn 0.1412 0.8963 -0.4203
vn 0.4166 0.8963 -0.1516
vn -0.2335 0.6799 0.6951
vn -0.6891 0.6799 0.2508
vn -0.2335 -0.6799 0.6952
vn -0.6891 -0.6799 0.2508
vn 0.1412 -0.8963 -0.4203
vn 0.4166 -0.8963 -0.1516
vn -0.1243 -0.0000 -0.9922
vn -0.0598 0.8766 -0.4775
vn 0.0954 0.6411 0.7615
vn 0.0954 -0.6411 0.7615
vn -0.0598 -0.8766 -0.4775
vn 0.5425 0.0000 0.8400
vn 0.8533 0.0000 0.5214
vn 0.3783 0.8963 0.2312
vn 0.2611 0.8766 0.4042
vn -0.6257 0.6799 -0.3824
vn -0.6257 -0.6799 -0.3824
vn -0.4164 -0.6411 -0.6447
vn 0.3783 -0.8963 0.2312
vn 0.2611 -0.8766 0.4042
vn 0.9397 0.0000 -0.3420
vn -0.2015 0.9698 -0.1373
vn -0.9968 0.0000 0.0797
vn -0.9397 0.0000 0.3420
vn -0.0012 -0.9999 0.0169
vn 0.0036 -0.9995 0.0318
vn -0.0026 -1.0000 0.0043
vn 0.3094 0.9437 0.1169
vn 0.2119 0.9463 0.2443
vn -0.0010 1.0000 0.0007
vn -0.0029 1.0000 0.0048
vn -0.0013 0.9998 0.0189
vn 0.1620 -0.9278 0.3360
vn 0.9677 0.0000 -0.2520
vn 0.4907 0.0012 -0.8713
vn -0.4164 0.6411 -0.6447
vn 0.0000 -1.0000 -0.0000
vn 0.1620 0.9278 0.3360
vn 0.0040 0.9994 0.0356
vn 0.0000 1.0000 0.0000
vn -0.5672 0.7973 0.2064
vn -0.0991 0.9944 0.0361
vn 0.3128 0.9430 -0.1138
vn 0.8271 0.4747 -0.3010
vn 0.8271 -0.4747 -0.3010
vn 0.3128 -0.9430 -0.1138
vn -0.0991 -0.9944 0.0361
vn -0.5672 -0.7973 0.2064
vn 0.0910 0.9953 -0.0331
vn 0.1985 0.9774 -0.0723
vn 0.7642 0.5819 -0.2782
vn 0.7642 -0.5819 -0.2782
vn 0.1985 -0.9774 -0.0723
vn 0.0910 -0.9953 -0.0331
vn -0.7198 0.6428 0.2620
vn -0.1632 0.9848 0.0594
vn 0.4698 0.8660 -0.1710
vn 0.8830 0.3420 -0.3214
vn 0.8830 -0.3420 -0.3214
vn 0.4698 -0.8660 -0.1710
vn -0.1632 -0.9848 0.0594
vn -0.7198 -0.6428 0.2620
vn 0.6552 -0.0000 0.7555
vn 0.9384 -0.0000 0.3455
vn -0.9935 -0.0000 0.1140
vn -0.4301 0.9013 0.0510
vn 0.3335 0.9420 -0.0382
vn 0.9930 -0.0000 -0.1178
vn 0.3335 -0.9420 -0.0382
vn -0.4301 -0.9013 0.0510
vn -0.3707 0.9189 0.1349
vn 0.3723 0.9182 -0.1355
vn 0.3723 -0.9182 -0.1355
vn -0.3707 -0.9189 0.1349
vn -0.7199 0.6428 0.2620
vn 0.4699 0.8660 -0.1710
vn 0.4699 -0.8660 -0.1710
vn -0.7199 -0.6428 0.2620
vn 0.3127 0.9430 -0.1138
vn 0.4257 0.0000 0.9049
vn 0.0000 0.0000 -1.0000
vn 1.0000 0.0000 0.0000
vn 0.0000 0.0000 1.0000
vn -1.0000 0.0000 0.0000
vn -0.8377 -0.5461 0.0000
vn -0.3923 -0.8320 -0.3923
vn -0.5548 -0.8320 0.0000
vn -0.6822 -0.2633 -0.6822
vn -0.9647 -0.2633 -0.0000
vn -0.8377 0.5461 0.0000
vn -0.6822 0.2633 -0.6822
vn -0.9647 0.2633 0.0000
vn -0.5923 -0.5461 -0.5923
vn -0.7071 -0.0000 -0.7071
vn -0.3923 0.8320 -0.3923
vn -0.5923 0.5461 -0.5923
vn -0.0000 0.2633 -0.9647
vn 0.0000 -0.5461 -0.8377
vn 0.0000 0.5461 -0.8377
vn 0.0000 -0.8320 -0.5548
vn 0.0000 -0.2633 -0.9647
vn 0.6822 -0.2633 -0.6822
vn 0.5923 -0.5461 -0.5923
vn 0.7071 -0.0000 -0.7071
vn 0.0000 0.8320 -0.5548
vn 0.5923 0.5461 -0.5923
vn 0.3923 -0.8320 -0.3923
vn 0.6822 0.2633 -0.6822
vn 0.5548 0.8320 0.0000
vn 0.8377 0.5461 0.0000
vn 0.5548 -0.8320 0.0000
vn 0.9647 -0.2633 0.0000
vn 0.9647 0.2633 0.0000
vn 0.8377 -0.5461 -0.0000
vn 0.5923 -0.5461 0.5923
vn 0.3923 -0.8320 0.3923
vn 0.6822 -0.2633 0.6822
vn 0.6822 0.2633 0.6822
vn 0.7071 0.0000 0.7071
vn 0.3923 0.8320 0.3923
vn 0.5923 0.5461 0.5923
vn 0.0000 -0.5461 0.8377
vn 0.0000 0.5461 0.8377
vn 0.0000 -0.8320 0.5548
vn -0.0000 -0.2633 0.9647
vn 0.0000 0.2633 0.9647
vn -0.6822 -0.2633 0.6822
vn -0.5923 -0.5461 0.5923
vn -0.6822 0.2633 0.6822
vn -0.7071 0.0000 0.7071
vn -0.3923 0.8320 0.3923
vn -0.5923 0.5461 0.5923
vn -0.3923 -0.8320 0.3923
vn -0.5548 0.8320 0.0000
vn 0.0000 1.0000 0.0000
vn 0.0000 -1.0000 0.0000
vn 0.3923 0.8320 -0.3923
vn 0.0000 0.8320 0.5549
vn 0.3827 -0.0000 -0.9239
vn 0.9239 -0.0000 -0.3827
vn 0.9239 -0.0000 0.3827
vn 0.3827 -0.0000 0.9239
vn -0.3827 -0.0000 0.9239
vn -0.9239 -0.0000 0.3827
vn -0.9239 -0.0000 -0.3827
vn -0.3827 -0.0000 -0.9239
vn 1.0000 0.0000 0.0000
vn 0.0000 -0.3827 0.9239
vn 0.0000 0.0880 0.9961
vn 0.0000 1.0000 0.0000
vn 0.0000 -0.9239 0.3827
vn 0.0000 0.0880 -0.9961
vn 0.0000 -0.9239 -0.3827
vn 0.0000 0.3827 0.9239
vn 0.0000 0.3827 -0.9239
vn 0.0000 -0.3827 -0.9239
vn 0.0000 -1.0000 0.0000
vn 1.0000 0.0000 0.0000
vn 0.2425 -0.9701 0.0000
vn 0.0000 1.0000 0.0000
vn -1.0000 0.0000 0.0000
vn 0.0000 0.0000 1.0000
vn 0.0000 0.0000 -1.0000
vn -0.9315 0.3639 0.0000
vn 0.0000 0.3639 -0.9315
vn 0.0000 0.3639 0.9315
vn 0.9315 0.3638 0.0000
vn 0.9315 0.3639 0.0000
vn 0.3639 -0.9315 0.0000
vn 0.3638 0.0000 -0.9315
vn 0.3639 0.9315 0.0000
vn 0.3639 0.0000 0.9315
vn 0.3638 0.0000 0.9315
vn -0.9315 0.3638 0.0000
vn 0.0000 0.3638 -0.9315
vn 0.0000 0.3638 0.9315
vn 0.3639 0.0000 -0.9315
vn 0.6532 -0.3786 -0.6557
vn 0.0000 -0.5000 -0.8660
vn 0.0000 0.8660 -0.5000
vn 0.6532 0.3786 -0.6557
vn 0.0000 0.5000 -0.8660
vn 0.6532 -0.6557 0.3786
vn 0.0000 -0.8660 0.5000
vn 0.0000 0.5000 0.8660
vn 0.6532 0.0000 0.7571
vn 0.6532 0.3786 0.6557
vn 0.6532 0.7571 0.0000
vn 0.6532 0.6557 -0.3786
vn 0.0000 -0.8660 -0.5000
vn 0.6532 -0.7571 0.0000
vn 0.0000 -0.5000 0.8660
vn 0.0000 0.8660 0.5000
vn 0.6532 -0.6557 -0.3786
vn 0.6532 0.0000 -0.7571
vn 0.6532 -0.3786 0.6557
vn 0.6532 0.6557 0.3786
vn 0.7703 0.0000 -0.6377
vn 0.7703 -0.3189 -0.5523
vn 0.7703 -0.6377 0.0000
vn 0.7703 -0.5523 0.3189
vn 0.7703 0.5523 0.3189
vn 0.7703 0.6377 0.0000
vn 0.7703 0.3189 -0.5523
vn 0.7703 -0.5523 -0.3189
vn 0.7703 0.3189 0.5523
vn 0.7703 -0.3189 0.5523
vn 0.7703 0.0000 0.6377
vn 0.7703 0.5523 -0.3189
vn 0.3843 0.0000 -0.9232
vn 0.9088 0.2949 -0.2949
vn 0.9088 0.0000 -0.4171
vn 0.0000 -0.7071 -0.7071
vn 0.3843 -0.9232 0.0000
vn 0.0000 -0.7071 0.7071
vn 0.3843 0.0000 0.9232
vn 0.0000 0.7071 0.7071
vn 0.3843 0.9232 0.0000
vn 0.3843 0.6528 -0.6528
vn 0.3843 -0.6528 -0.6528
vn 0.3843 -0.6528 0.6528
vn 0.3843 0.6528 0.6528
vn 0.0000 0.7071 -0.7071
vn 0.9088 0.0000 0.4171
vn 0.9088 -0.4171 0.0000
vn 0.9088 -0.2949 -0.2949
vn 0.9088 -0.2949 0.2949
vn 0.9088 0.2949 0.2949
vn 0.9088 0.4171 0.0000
vn -0.5490 0.6302 -0.5490
vn -0.7071 0.0000 -0.7071
vn -0.5490 0.6302 0.5490
vn -0.7071 0.0000 0.7071
vn 0.5490 0.6302 0.5490
vn 0.7071 0.0000 0.7071
vn 0.5490 0.6302 -0.5490
vn 0.7071 0.0000 -0.7071
vn 0.0000 0.6302 -0.7764
vn -0.7764 0.6302 0.0000
vn 0.0000 0.6302 0.7764
vn 0.7764 0.6302 0.0000
usemtl hbm
o Meter2
s off
f 1434/1453/928 1436/1454/928 1435/1455/928
f 1434/1453/928 1433/1456/928 1432/1457/928
f 1440/1458/928 1437/1459/928 1438/1460/928
f 1439/1461/928 1440/1458/928 1438/1460/928
f 1428/1462/929 1437/1463/929 1427/1464/929
f 1426/1465/930 1435/1466/930 1431/1467/930
f 1431/1468/931 1436/1469/931 1425/1470/931
f 1429/1471/932 1438/1472/932 1428/1462/932
f 1425/1473/933 1432/1474/933 1424/1475/933
f 1430/1476/934 1439/1477/934 1429/1478/934
f 1427/1464/935 1434/1479/935 1426/1465/935
f 1424/1475/936 1433/1480/936 1423/1481/936
f 1423/1481/937 1440/1482/937 1430/1476/937
f 1434/1453/928 1432/1457/928 1436/1454/928
f 1434/1453/928 1437/1459/928 1433/1456/928
f 1440/1458/928 1433/1456/928 1437/1459/928
f 1428/1462/929 1438/1472/929 1437/1463/929
f 1426/1465/930 1434/1479/930 1435/1466/930
f 1431/1468/931 1435/1483/931 1436/1469/931
f 1429/1471/932 1439/1484/932 1438/1472/932
f 1425/1473/933 1436/1485/933 1432/1474/933
f 1430/1476/934 1440/1482/934 1439/1477/934
f 1427/1464/935 1437/1463/935 1434/1479/935
f 1424/1475/936 1432/1474/936 1433/1480/936
f 1423/1481/937 1433/1480/937 1440/1482/937
