mtllib atlas_erector.mtl
v 4.500000 -0.000000 4.500000
v 4.500000 1.000000 0.500000
v 4.500000 1.000000 4.500000
v -4.500000 1.000000 0.500000
v 4.500000 -0.000000 0.500000
v -4.500000 -0.000000 0.500000
v -4.500000 1.000000 4.500000
v -4.500000 0.000000 -4.500000
v 4.500000 1.000000 -4.500000
v 4.500000 0.000000 -4.500000
v -4.500000 -0.000000 4.500000
v 4.500000 1.000000 -0.500000
v -4.500000 0.000000 -0.500000
v 4.500000 0.000000 -0.500000
v -4.500000 1.000000 -0.500000
v -4.500000 1.000000 -4.500000
v 0.500000 1.000000 -0.500000
v 4.500000 1.000000 0.500000
v 4.500000 1.000000 -0.500000
v -4.500000 1.000000 0.500000
v -0.500000 1.000000 -0.500000
v -4.500000 1.000000 -0.500000
v 0.500000 1.000000 0.250000
v 4.500000 0.750000 0.500000
v 0.500000 0.750000 0.500000
v 0.500000 1.000000 -0.250000
v 4.500000 1.000000 0.250000
v 0.500000 0.750000 -0.500000
v 4.500000 1.000000 -0.250000
v -4.500000 0.750000 0.500000
v -4.500000 1.000000 0.500000
v -4.500000 1.000000 0.250000
v -4.500000 0.750000 -0.500000
v -4.500000 1.000000 -0.250000
v -4.500000 1.000000 -0.500000
v 4.500000 1.000000 0.500000
v 4.500000 0.750000 -0.500000
v 4.500000 1.000000 -0.500000
v 0.500000 1.000000 -0.500000
v 0.500000 1.000000 0.500000
v -0.500000 0.750000 -0.500000
v -0.500000 1.000000 -0.500000
v -0.500000 1.000000 -0.250000
v -0.500000 0.750000 0.500000
v -0.500000 1.000000 0.250000
v -0.500000 1.000000 0.500000
v 0.500000 -0.000000 0.500000
v 0.000000 0.500000 -0.500000
v 0.000000 0.500000 0.500000
v -0.500000 0.000000 -0.500000
v -0.500000 -0.000000 0.500000
v 0.500000 0.000000 -0.500000
v 0.500000 1.000000 0.500000
v -0.500000 1.000000 0.500000
vt 0.000000 0.473684
vt 0.400000 0.526316
vt 0.000000 0.526316
vt 0.900000 0.526316
vt 0.000000 0.473684
vt 0.900000 0.473684
vt 0.400000 1.000000
vt 0.000000 1.000000
vt 0.900000 0.473684
vt -0.000000 0.526316
vt -0.000000 0.473684
vt 0.900000 0.473684
vt -0.000000 0.526316
vt -0.000000 0.473684
vt 0.900000 0.526316
vt 0.500000 0.473684
vt 0.900000 0.473684
vt 0.000000 0.000000
vt 0.400000 0.473684
vt 0.900000 0.526316
vt -0.000000 0.473684
vt 0.900000 0.473684
vt 0.900000 0.526316
vt 0.500000 0.473684
vt 0.900000 0.473684
vt 0.000000 0.473684
vt 0.400000 0.526316
vt 0.000000 0.526316
vt 0.900000 1.000000
vt 0.500000 0.526316
vt 0.500000 0.000000
vt 0.900000 0.000000
vt 0.500000 0.736842
vt 0.400000 0.526316
vt 0.500000 0.526316
vt 0.400000 1.000000
vt 0.500000 0.789474
vt 0.500000 1.000000
vt 0.925000 0.539474
vt 0.900000 0.750000
vt 0.900000 0.539474
vt 0.975000 0.539474
vt 0.925000 0.750000
vt 1.000000 0.539474
vt 0.975000 0.750000
vt 1.000000 0.763158
vt 1.000000 0.776316
vt 0.975000 0.776316
vt 0.900000 0.763158
vt 0.925000 0.776316
vt 0.900000 0.776316
vt 1.000000 0.763158
vt 0.975000 0.750000
vt 1.000000 0.750000
vt 0.900000 0.763158
vt 0.900000 0.750000
vt 0.925000 0.750000
vt 0.900000 0.526316
vt 0.925000 0.539474
vt 0.900000 0.539474
vt 1.000000 0.526316
vt 1.000000 0.539474
vt 0.975000 0.539474
vt 0.900000 1.000000
vt 0.900000 0.986842
vt 0.925000 0.986842
vt 1.000000 1.000000
vt 0.975000 0.986842
vt 1.000000 0.986842
vt 1.000000 0.776316
vt 0.975000 0.986842
vt 0.975000 0.776316
vt 0.925000 0.986842
vt 0.925000 0.776316
vt 0.900000 0.986842
vt 0.900000 0.776316
vt 0.900000 0.473684
vt 1.000000 0.500000
vt 0.900000 0.500000
vt 1.000000 0.526316
vt 0.900000 0.526316
vt 1.000000 0.473684
vt 0.900000 0.421053
vt 1.000000 0.421053
vt 0.000000 0.526316
vt 0.900000 0.526316
vt 0.900000 0.526316
vt 0.500000 0.526316
vt 0.400000 0.000000
vt -0.000000 0.526316
vt 0.400000 0.473684
vt 0.500000 1.000000
vt 0.400000 0.736842
vt 0.400000 0.789474
vt 1.000000 0.750000
vt 1.000000 0.986842
vn 1.0000 0.0000 0.0000
vn 0.0000 0.0000 -1.0000
vn 0.0000 1.0000 0.0000
vn 0.0000 0.0000 1.0000
vn -1.0000 0.0000 0.0000
vn 0.0000 -1.0000 -0.0000
vn 0.0000 -0.7071 -0.7071
vn 0.0000 -0.7071 0.7071
vn 0.7071 0.7071 0.0000
vn -0.7071 0.7071 0.0000
v -0.500000 7.750000 0.125000
v -0.750000 7.750000 -0.125000
v -0.750000 7.750000 0.125000
v 0.750000 7.750000 0.125000
v 0.500000 7.750000 -0.125000
v 0.500000 7.750000 0.125000
v -0.750000 4.250000 -0.125000
v -0.500000 4.250000 0.125000
v -0.750000 4.250000 0.125000
v 0.500000 4.250000 -0.125000
v 0.750000 4.250000 0.125000
v 0.500000 4.250000 0.125000
v 0.500000 2.750000 -1.875000
v 0.750000 2.750000 -1.625000
v 0.500000 2.750000 -1.625000
v -0.750000 2.750000 -1.875000
v -0.500000 2.750000 -1.625000
v -0.750000 2.750000 -1.625000
v 0.750000 7.750000 -1.625000
v 0.500000 7.750000 -1.875000
v 0.500000 7.750000 -1.625000
v -0.500000 7.750000 -1.625000
v -0.750000 7.750000 -1.875000
v -0.750000 7.750000 -1.625000
v -0.500000 2.750000 -1.875000
v 0.750000 2.750000 -1.875000
v -0.500000 7.750000 -1.875000
v 0.750000 7.750000 -1.875000
v -0.500000 4.250000 -0.125000
v 0.750000 4.250000 -0.125000
v -0.500000 7.750000 -0.125000
v 0.750000 7.750000 -0.125000
v -0.500000 7.250000 -0.125000
v -0.250000 7.250000 -0.625000
v -0.750000 7.250000 -0.125000
v 0.750000 7.250000 -0.125000
v 0.250000 7.250000 -0.375000
v 0.500000 7.250000 -0.125000
v 0.250000 7.250000 -0.625000
v -0.250000 5.000000 -0.625000
v 0.250000 5.000000 -0.375000
v 0.250000 5.000000 -0.625000
v 0.750000 5.000000 -0.125000
v 0.500000 5.000000 -0.125000
v -0.500000 5.000000 -0.125000
v -0.750000 5.000000 -0.125000
v -0.250000 5.000000 -0.375000
v 0.250000 4.750000 -0.375000
v -0.750000 4.750000 -0.125000
v 0.500000 4.750000 -0.125000
v -0.250000 4.750000 -0.625000
v -0.250000 4.750000 -0.375000
v 0.250000 4.750000 -0.625000
v 0.750000 4.750000 -0.125000
v -0.500000 4.750000 -0.125000
v 0.750000 7.375000 -1.625000
v 0.750000 7.625000 -0.125000
v 0.750000 7.375000 -0.125000
v 0.500000 7.375000 -1.625000
v 0.500000 7.375000 -0.125000
v 0.500000 7.625000 -1.625000
v 0.500000 7.625000 -0.125000
v -0.500000 7.375000 -1.625000
v -0.500000 7.625000 -0.125000
v -0.500000 7.375000 -0.125000
v -0.750000 7.375000 -1.625000
v -0.750000 7.375000 -0.125000
v -0.750000 7.625000 -1.625000
v -0.750000 7.625000 -0.125000
v 0.750000 4.375000 -1.625000
v 0.750000 4.625000 -0.125000
v 0.750000 4.375000 -0.125000
v 0.500000 4.375000 -1.625000
v 0.500000 4.375000 -0.125000
v 0.500000 4.625000 -1.625000
v 0.500000 4.625000 -0.125000
v -0.500000 4.375000 -1.625000
v -0.500000 4.625000 -0.125000
v -0.500000 4.375000 -0.125000
v -0.750000 4.375000 -1.625000
v -0.750000 4.375000 -0.125000
v -0.750000 4.625000 -1.625000
v -0.750000 4.625000 -0.125000
v 0.750000 5.875000 -1.625000
v 0.750000 6.125000 -0.125000
v 0.750000 5.875000 -0.125000
v 0.500000 5.875000 -1.625000
v 0.500000 5.875000 -0.125000
v 0.500000 6.125000 -1.625000
v 0.500000 6.125000 -0.125000
v -0.500000 5.875000 -1.625000
v -0.500000 6.125000 -0.125000
v -0.500000 5.875000 -0.125000
v -0.750000 5.875000 -1.625000
v -0.750000 5.875000 -0.125000
v -0.750000 6.125000 -1.625000
v -0.750000 6.125000 -0.125000
v 0.500000 7.125000 -1.812500
v -0.500000 6.375000 -1.812500
v 0.500000 7.375000 -1.812500
v -0.500000 7.125000 -1.687500
v 0.500000 6.375000 -1.687500
v 0.500000 6.125000 -1.687500
v 0.500000 5.625000 -1.812500
v -0.500000 4.875000 -1.812500
v 0.500000 5.875000 -1.812500
v -0.500000 5.625000 -1.687500
v 0.500000 4.875000 -1.687500
v 0.500000 4.625000 -1.687500
v 0.500000 4.125000 -1.812500
v -0.500000 3.375000 -1.812500
v 0.500000 4.375000 -1.812500
v -0.500000 4.125000 -1.687500
v 0.500000 3.375000 -1.687500
v 0.500000 3.125000 -1.687500
v -0.250000 7.250000 -0.375000
v 0.250000 7.000000 -0.375000
v -0.750000 7.000000 -0.125000
v 0.500000 7.000000 -0.125000
v -0.250000 7.000000 -0.625000
v -0.250000 7.000000 -0.375000
v 0.250000 7.000000 -0.625000
v 0.750000 7.000000 -0.125000
v -0.500000 7.000000 -0.125000
v -0.500000 6.375000 -1.812500
v 0.500000 7.125000 -1.812500
v 0.500000 7.375000 -1.812500
v -0.500000 7.125000 -1.687500
v 0.500000 6.375000 -1.687500
v -0.500000 7.375000 -1.687500
v -0.500000 4.875000 -1.812500
v 0.500000 5.625000 -1.812500
v 0.500000 5.875000 -1.812500
v -0.500000 5.625000 -1.687500
v 0.500000 4.875000 -1.687500
v -0.500000 5.875000 -1.687500
v -0.500000 3.375000 -1.812500
v 0.500000 4.125000 -1.812500
v 0.500000 4.375000 -1.812500
v -0.500000 4.125000 -1.687500
v 0.500000 3.375000 -1.687500
v -0.500000 4.375000 -1.687500
v 0.750000 7.625000 -1.625000
v -0.500000 7.625000 -1.625000
v 0.750000 4.625000 -1.625000
v -0.500000 4.625000 -1.625000
v 0.750000 6.125000 -1.625000
v -0.500000 6.125000 -1.625000
v -0.500000 6.125000 -1.812500
v -0.500000 7.375000 -1.687500
v -0.500000 4.625000 -1.812500
v -0.500000 5.875000 -1.687500
v -0.500000 3.125000 -1.812500
v -0.500000 4.375000 -1.687500
v -0.500000 6.125000 -1.812500
v 0.500000 6.125000 -1.687500
v -0.500000 4.625000 -1.812500
v 0.500000 4.625000 -1.687500
v -0.500000 3.125000 -1.812500
v 0.500000 3.125000 -1.687500
vt 0.918367 0.421053
vt 0.938776 0.394737
vt 0.938776 0.421053
vt 0.918367 0.421053
vt 0.938776 0.394737
vt 0.938776 0.421053
vt 0.938776 0.026316
vt 0.918367 -0.000000
vt 0.938776 -0.000000
vt 0.938776 0.026316
vt 0.918367 -0.000000
vt 0.938776 -0.000000
vt 0.857143 0.263158
vt 0.836735 0.236842
vt 0.857143 0.236842
vt 0.857143 0.263158
vt 0.836735 0.236842
vt 0.857143 0.236842
vt 0.836735 0.815789
vt 0.857143 0.789474
vt 0.857143 0.815789
vt 0.836735 0.815789
vt 0.857143 0.789474
vt 0.857143 0.815789
vt 0.918367 0.263158
vt 0.897959 0.789474
vt 0.897959 0.263158
vt 0.877551 0.263158
vt 0.918367 0.263158
vt 0.897959 0.789474
vt 0.897959 0.263158
vt 0.877551 0.263158
vt 0.836735 0.789474
vt 0.836735 0.263158
vt 0.877551 0.789474
vt 0.836735 0.789474
vt 0.836735 0.263158
vt 0.877551 0.789474
vt 1.000000 0.026316
vt 0.979592 0.394737
vt 0.979592 0.026316
vt 0.959184 0.026316
vt 1.000000 0.026316
vt 0.979592 0.394737
vt 0.979592 0.026316
vt 0.959184 0.026316
vt 0.918367 0.394737
vt 0.918367 0.026316
vt 0.959184 0.394737
vt 0.918367 0.394737
vt 0.918367 0.026316
vt 0.959184 0.394737
vt 0.653061 0.763158
vt 0.632653 0.710526
vt 0.673469 0.763158
vt 0.551020 0.763158
vt 0.591837 0.736842
vt 0.571429 0.763158
vt 0.591837 0.710526
vt 0.632653 0.710526
vt 0.591837 0.736842
vt 0.591837 0.710526
vt 0.551020 0.763158
vt 0.571429 0.763158
vt 0.653061 0.763158
vt 0.673469 0.763158
vt 0.632653 0.763158
vt 0.591837 0.789474
vt 0.591837 0.763158
vt 0.673469 0.684211
vt 0.673469 0.710526
vt 0.571429 0.789474
vt 0.632653 0.684211
vt 0.632653 0.789474
vt 0.551020 0.710526
vt 0.591149 0.684899
vt 0.551020 0.631579
vt 0.591837 0.657895
vt 0.632653 0.657895
vt 0.653061 0.631579
vt 0.918367 0.421053
vt 0.938776 0.578947
vt 0.918367 0.578947
vt 0.979592 0.421053
vt 1.000000 0.578947
vt 0.979592 0.578947
vt 0.959184 0.421053
vt 0.959184 0.578947
vt 0.918367 0.421053
vt 0.938776 0.578947
vt 0.918367 0.578947
vt 0.979592 0.421053
vt 1.000000 0.578947
vt 0.979592 0.578947
vt 0.959184 0.421053
vt 0.959184 0.578947
vt 0.918367 0.421053
vt 0.938776 0.578947
vt 0.918367 0.578947
vt 0.979592 0.421053
vt 1.000000 0.578947
vt 0.979592 0.578947
vt 0.959184 0.421053
vt 0.959184 0.578947
vt 0.918367 0.421053
vt 0.938776 0.578947
vt 0.918367 0.578947
vt 0.979592 0.421053
vt 1.000000 0.578947
vt 0.979592 0.578947
vt 0.959184 0.421053
vt 0.959184 0.578947
vt 0.918367 0.421053
vt 0.938776 0.578947
vt 0.918367 0.578947
vt 0.979592 0.421053
vt 1.000000 0.578947
vt 0.979592 0.578947
vt 0.959184 0.421053
vt 0.959184 0.578947
vt 0.918367 0.421053
vt 0.938776 0.578947
vt 0.918367 0.578947
vt 0.979592 0.421053
vt 1.000000 0.578947
vt 0.979592 0.578947
vt 0.959184 0.421053
vt 0.959184 0.578947
vt 0.918367 0.578947
vt 1.000000 0.605263
vt 0.918367 0.605263
vt 1.000000 0.578947
vt 0.918367 0.605263
vt 0.918367 0.578947
vt 0.918367 0.578947
vt 1.000000 0.605263
vt 0.918367 0.605263
vt 1.000000 0.578947
vt 0.918367 0.605263
vt 0.918367 0.578947
vt 0.918367 0.578947
vt 1.000000 0.605263
vt 0.918367 0.605263
vt 1.000000 0.578947
vt 0.918367 0.605263
vt 0.918367 0.578947
vt 0.632653 0.763158
vt 0.591837 0.789474
vt 0.591837 0.763158
vt 0.673469 0.684211
vt 0.673469 0.710526
vt 0.571429 0.789474
vt 0.632653 0.684211
vt 0.632653 0.789474
vt 0.551020 0.710526
vt 0.591149 0.684899
vt 0.551020 0.631579
vt 0.591837 0.657895
vt 0.632653 0.657895
vt 0.653061 0.631579
vt 1.000000 0.605263
vt 0.918367 0.578947
vt 0.918367 0.605263
vt 1.000000 0.578947
vt 0.918367 0.605263
vt 1.000000 0.605263
vt 1.000000 0.605263
vt 0.918367 0.578947
vt 0.918367 0.605263
vt 1.000000 0.578947
vt 0.918367 0.605263
vt 1.000000 0.605263
vt 1.000000 0.605263
vt 0.918367 0.578947
vt 0.918367 0.605263
vt 1.000000 0.578947
vt 0.918367 0.605263
vt 1.000000 0.605263
vt 0.918367 0.789474
vt 0.918367 0.789474
vt 1.000000 0.394737
vt 1.000000 0.394737
vt 0.632653 0.736842
vt 0.632653 0.736842
vt 0.653061 0.789474
vt 0.551020 0.684211
vt 0.571429 0.631579
vt 0.673469 0.631579
vt 0.938776 0.421053
vt 1.000000 0.421053
vt 0.938776 0.421053
vt 1.000000 0.421053
vt 0.938776 0.421053
vt 1.000000 0.421053
vt 0.938776 0.421053
vt 1.000000 0.421053
vt 0.938776 0.421053
vt 1.000000 0.421053
vt 0.938776 0.421053
vt 1.000000 0.421053
vt 1.000000 0.578947
vt 1.000000 0.605263
vt 1.000000 0.578947
vt 1.000000 0.605263
vt 1.000000 0.578947
vt 1.000000 0.605263
vt 0.653061 0.789474
vt 0.551020 0.684211
vt 0.571429 0.631579
vt 0.673469 0.631579
vt 1.000000 0.578947
vt 0.918367 0.578947
vt 1.000000 0.578947
vt 0.918367 0.578947
vt 1.000000 0.578947
vt 0.918367 0.578947
vn 0.0000 1.0000 0.0000
vn 0.0000 -1.0000 0.0000
vn 1.0000 0.0000 0.0000
vn -1.0000 0.0000 0.0000
vn 0.0000 0.0000 -1.0000
vn 0.0000 -0.0000 1.0000
vn -0.7071 0.0000 -0.7071
vn -0.7071 -0.0000 0.7071
vn 0.7071 0.0000 0.7071
vn 0.7071 0.0000 -0.7071
v 0.750000 2.750000 -1.625000
v 0.500000 2.750000 -1.875000
v 0.500000 2.750000 -1.625000
v 0.750000 1.250000 -1.875000
v 0.750000 1.250000 -1.625000
v 0.500000 1.250000 -1.625000
v 0.500000 1.250000 -1.875000
v 0.750000 2.750000 -1.875000
v -0.500000 2.750000 -1.625000
v -0.750000 2.750000 -1.875000
v -0.750000 2.750000 -1.625000
v -0.500000 1.250000 -1.875000
v -0.500000 1.250000 -1.625000
v -0.750000 1.250000 -1.625000
v -0.750000 1.250000 -1.875000
v -0.500000 2.750000 -1.875000
v 0.687500 2.750000 -1.812500
v 0.687500 3.750000 -1.687500
v 0.687500 2.750000 -1.687500
v 0.562500 2.750000 -1.687500
v 0.562500 3.750000 -1.812500
v 0.562500 2.750000 -1.812500
v 0.687500 3.750000 -1.812500
v 0.562500 3.750000 -1.687500
v -0.562500 2.750000 -1.812500
v -0.562500 3.750000 -1.687500
v -0.562500 2.750000 -1.687500
v -0.687500 2.750000 -1.687500
v -0.687500 3.750000 -1.812500
v -0.687500 2.750000 -1.812500
v -0.562500 3.750000 -1.812500
v -0.687500 3.750000 -1.687500
vt 0.836735 0.184211
vt 0.857143 0.157895
vt 0.857143 0.184211
vt 0.918367 -0.000000
vt 0.897959 0.157895
vt 0.897959 -0.000000
vt 0.877551 -0.000000
vt 0.857143 -0.000000
vt 0.836735 0.157895
vt 0.836735 -0.000000
vt 0.877551 0.157895
vt 0.836735 0.184211
vt 0.857143 0.157895
vt 0.857143 0.184211
vt 0.918367 -0.000000
vt 0.897959 0.157895
vt 0.897959 -0.000000
vt 0.877551 -0.000000
vt 0.857143 -0.000000
vt 0.836735 0.157895
vt 0.836735 -0.000000
vt 0.877551 0.157895
vt 0.897959 0.157895
vt 0.887755 0.263158
vt 0.887755 0.157895
vt 0.877551 0.157895
vt 0.867347 0.263158
vt 0.867347 0.157895
vt 0.857143 0.263158
vt 0.857143 0.157895
vt 0.877551 0.263158
vt 0.897959 0.157895
vt 0.887755 0.263158
vt 0.887755 0.157895
vt 0.877551 0.157895
vt 0.867347 0.263158
vt 0.867347 0.157895
vt 0.857143 0.263158
vt 0.857143 0.157895
vt 0.877551 0.263158
vt 0.918367 0.157895
vt 0.918367 0.157895
vt 0.897959 0.263158
vt 0.897959 0.263158
vn 0.0000 1.0000 0.0000
vn 1.0000 0.0000 0.0000
vn -1.0000 0.0000 0.0000
vn 0.0000 0.0000 -1.0000
vn 0.0000 -0.0000 1.0000
v 0.000000 8.875000 1.750000
v 0.000000 8.875000 1.375000
v 0.000000 9.000000 1.750000
v 0.000000 8.875000 0.375000
v 0.000000 8.875000 0.000000
v 0.000000 9.000000 0.000000
v 0.000000 8.750000 1.375000
v 0.000000 8.875000 1.750000
v 0.000000 8.875000 1.375000
v 0.000000 8.750000 1.375000
v 0.000000 8.875000 0.000000
v 0.000000 8.875000 0.375000
v 0.000000 9.000000 0.000000
v 0.000000 8.750000 0.375000
v 0.000000 9.000000 1.750000
v 0.000000 8.750000 0.375000
v 0.312500 2.062500 2.062500
v 0.362056 2.049556 2.044194
v 0.356694 2.062500 2.044194
v 0.250000 2.062500 2.000000
v 0.299556 1.987056 2.044194
v 0.268306 2.062500 2.044194
v 0.312500 2.062500 1.937500
v 0.299556 1.987056 1.955806
v 0.268306 2.062500 1.955806
v 0.362056 2.049556 1.955806
v 0.330806 2.018306 1.937500
v 0.330806 2.018306 2.062500
v 0.286612 1.974112 2.000000
v 0.375000 2.000000 1.937500
v 0.375000 2.000000 2.062500
v 0.375000 1.955806 1.955806
v 0.375000 1.937500 2.000000
v 0.375000 2.044194 2.044194
v 0.375000 1.955806 2.044194
v 0.375000 2.062500 2.000000
v 0.356694 2.062500 1.955806
v 0.375000 2.044194 1.955806
v 0.500000 2.062500 2.000000
v 0.500000 2.044194 1.955806
v 0.500000 2.000000 1.937500
v 0.500000 2.000000 2.062500
v 0.500000 1.955806 1.955806
v 0.500000 1.937500 2.000000
v 0.500000 2.044194 2.044194
v 0.500000 1.955806 2.044194
v 0.375000 5.312500 2.000000
v 0.312500 5.312500 2.062500
v 0.250000 5.312500 2.000000
v 0.312500 5.312500 1.937500
v 0.356694 5.312500 1.955806
v 0.356694 5.312500 2.044194
v 0.268306 5.312500 2.044194
v 0.268306 5.312500 1.955806
v 0.250000 4.562500 0.250000
v 0.268306 4.518306 2.000000
v 0.250000 4.562500 2.000000
v 0.312500 4.625000 0.250000
v 0.268306 4.606694 2.000000
v 0.312500 4.625000 2.000000
v 0.356694 4.606694 0.250000
v 0.356694 4.606694 2.000000
v 0.356694 4.518306 0.250000
v 0.375000 4.562500 2.000000
v 0.356694 4.518306 2.000000
v 0.268306 4.518306 0.250000
v 0.312500 4.500000 2.000000
v 0.268306 4.606694 0.250000
v 0.375000 4.562500 0.250000
v 0.312500 4.500000 0.250000
v 0.356694 5.387944 2.012944
v 0.268306 5.387944 2.012944
v 0.268306 5.325444 1.950444
v 0.356694 5.325444 1.950444
v 0.375000 5.356694 1.981694
v 0.312500 5.400888 2.025888
v 0.250000 5.356694 1.981694
v 0.250000 5.375000 1.937500
v 0.268306 5.330806 1.937500
v 0.375000 5.375000 1.937500
v 0.312500 5.437500 1.937500
v 0.268306 5.419194 1.937500
v 0.356694 5.419194 1.937500
v 0.356694 5.330806 1.937500
v 0.312500 5.312500 0.187500
v 0.356694 5.330806 0.187500
v 0.375000 5.375000 0.187500
v 0.312500 5.437500 0.187500
v 0.250000 5.375000 0.187500
v 0.356694 5.419194 0.187500
v 0.268306 5.419194 0.187500
v 0.268306 5.330806 0.187500
vt 0.408163 0.631579
vt 0.438776 0.644737
vt 0.408163 0.644737
vt 0.520408 0.644737
vt 0.551020 0.631579
vt 0.551020 0.644737
vt 0.438776 0.631579
vt 0.408163 0.631579
vt 0.438776 0.644737
vt 0.438776 0.631579
vt 0.551020 0.631579
vt 0.520408 0.644737
vt 0.551020 0.644737
vt 0.520408 0.631579
vt 0.408163 0.644737
vt 0.520408 0.631579
vt 0.816327 0.342105
vt 0.821429 0.335526
vt 0.821429 0.342105
vt 0.806122 0.342105
vt 0.811224 0.335526
vt 0.811224 0.342105
vt 0.795918 0.342105
vt 0.801020 0.335526
vt 0.801020 0.342105
vt 0.836735 0.342105
vt 0.831633 0.335526
vt 0.836735 0.335526
vt 0.816327 0.335526
vt 0.806122 0.335526
vt 0.836735 0.328947
vt 0.816327 0.328947
vt 0.801020 0.328947
vt 0.806122 0.328947
vt 0.821429 0.328947
vt 0.811224 0.328947
vt 0.795918 0.328947
vt 0.826531 0.335526
vt 0.831633 0.342105
vt 0.831633 0.328947
vt 0.826531 0.315789
vt 0.831633 0.315789
vt 0.836735 0.315789
vt 0.826531 0.328947
vt 0.816327 0.315789
vt 0.801020 0.315789
vt 0.806122 0.315789
vt 0.821429 0.315789
vt 0.811224 0.315789
vt 0.826531 0.684211
vt 0.826531 0.342105
vt 0.816327 0.684211
vt 0.806122 0.684211
vt 0.795918 0.684211
vt 0.831633 0.684211
vt 0.821429 0.684211
vt 0.811224 0.684211
vt 0.801020 0.684211
vt 0.806122 0.828947
vt 0.801020 0.697368
vt 0.806122 0.697368
vt 0.816327 0.828947
vt 0.811224 0.697368
vt 0.816327 0.697368
vt 0.821429 0.828947
vt 0.821429 0.697368
vt 0.831633 0.828947
vt 0.826531 0.697368
vt 0.831633 0.697368
vt 0.801020 0.828947
vt 0.795918 0.697368
vt 0.811224 0.828947
vt 0.826531 0.828947
vt 0.836735 0.828947
vt 0.836735 0.697368
vt 0.821429 0.690789
vt 0.811224 0.690789
vt 0.801020 0.690789
vt 0.831633 0.690789
vt 0.826531 0.690789
vt 0.816327 0.690789
vt 0.806122 0.690789
vt 0.806122 0.697368
vt 0.801020 0.697368
vt 0.826531 0.697368
vt 0.816327 0.697368
vt 0.811224 0.697368
vt 0.821429 0.697368
vt 0.795918 0.690789
vt 0.836735 0.690789
vt 0.831633 0.697368
vt 0.836735 0.828947
vt 0.831633 0.828947
vt 0.826531 0.828947
vt 0.795918 0.828947
vt 0.795918 0.697368
vt 0.816327 0.828947
vt 0.806122 0.828947
vt 0.821429 0.828947
vt 0.811224 0.828947
vt 0.801020 0.828947
vt 0.795918 0.335526
vt 0.795918 0.315789
vt 0.836735 0.684211
vt 0.795918 0.828947
vt 0.836735 0.697368
vn 1.0000 0.0000 0.0000
vn -1.0000 0.0000 0.0000
vn -0.0473 -0.0196 0.9987
vn 0.4617 0.4617 0.7574
vn 0.6737 0.1363 0.7263
vn -0.9824 -0.1866 -0.0000
vn -0.5294 -0.5294 0.6630
vn -0.7194 -0.1448 0.6794
vn -0.0473 -0.0196 -0.9987
vn -0.5294 -0.5294 -0.6630
vn -0.7194 -0.1448 -0.6794
vn 0.4617 0.4617 -0.7574
vn -0.0671 -0.0671 -0.9955
vn -0.0671 -0.0671 0.9955
vn -0.7071 -0.7071 -0.0000
vn -0.0196 -0.0473 -0.9987
vn -0.0196 -0.0473 0.9987
vn -0.1448 -0.7194 -0.6794
vn -0.1866 -0.9824 -0.0000
vn 0.1363 0.6737 0.7263
vn -0.1448 -0.7194 0.6794
vn 0.7071 0.7071 -0.0000
vn 0.6737 0.1363 -0.7263
vn 0.1363 0.6737 -0.7263
vn 0.0000 1.0000 -0.0000
vn 0.0000 0.7071 -0.7071
vn 0.0000 -0.0000 -1.0000
vn 0.0000 0.0000 1.0000
vn 0.0000 -0.7071 -0.7071
vn 0.0000 -1.0000 -0.0000
vn 0.0000 0.7071 0.7071
vn 0.0000 -0.7071 0.7071
vn 0.9987 0.0196 0.0473
vn -0.0000 0.1866 0.9824
vn -0.9987 0.0196 0.0473
vn 0.7263 -0.1363 -0.6737
vn 0.6794 0.1448 0.7194
vn -0.6794 0.1448 0.7194
vn -0.7263 -0.1363 -0.6737
vn -0.7071 0.7071 0.0000
vn 0.7071 -0.7071 0.0000
vn 0.6630 0.5294 0.5294
vn -0.6630 0.5294 0.5294
vn -0.7574 -0.4617 -0.4617
vn 0.7574 -0.4617 -0.4617
vn 0.9955 0.0671 0.0671
vn -0.9955 0.0671 0.0671
vn -0.9987 0.0473 0.0196
vn -0.7263 -0.6737 -0.1363
vn 0.9987 0.0473 0.0196
vn 0.0000 0.9824 0.1866
vn -0.6794 0.7194 0.1448
vn 0.6794 0.7194 0.1448
vn 0.7263 -0.6737 -0.1363
v 1.500000 1.500000 -1.500000
v -1.500000 1.500000 -2.000000
v -1.500000 1.500000 -1.500000
v 1.500000 1.000000 -1.500000
v -1.500000 1.000000 -1.500000
v 1.500000 1.500000 -2.000000
v -1.500000 1.000000 -2.000000
v 1.500000 1.000000 -2.000000
v -0.500000 2.000000 0.500000
v 1.500000 2.000000 1.500000
v 0.500000 2.000000 0.500000
v 1.500000 2.000000 -1.500000
v 0.500000 2.000000 -0.500000
v -1.500000 2.000000 -1.500000
v -0.500000 2.000000 -0.500000
v -1.500000 2.000000 1.500000
v 0.500000 2.000000 -0.500000
v -0.500000 2.000000 0.500000
v 0.500000 2.000000 0.500000
v 1.500000 1.750000 1.500000
v -0.500000 1.750000 0.500000
v 0.500000 1.750000 0.500000
v 1.500000 1.750000 -1.500000
v 0.500000 1.750000 -0.500000
v -1.500000 1.750000 -1.500000
v -0.500000 1.750000 -0.500000
v -1.500000 1.750000 1.500000
v 0.750000 1.125000 0.750000
v 1.250000 1.625000 0.750000
v 1.250000 1.125000 0.750000
v 1.250000 1.125000 1.250000
v 0.750000 1.625000 1.250000
v 0.750000 1.125000 1.250000
v 1.250000 1.625000 1.250000
v 0.750000 1.625000 0.750000
v 1.375000 1.625000 0.625000
v 1.375000 1.750000 1.375000
v 1.375000 1.625000 1.375000
v 1.375000 1.125000 1.375000
v 0.625000 1.125000 0.625000
v 0.625000 1.125000 1.375000
v 1.375000 1.000000 0.625000
v 1.375000 1.000000 1.375000
v 0.625000 1.000000 1.375000
v 0.625000 1.000000 0.625000
v 1.375000 1.125000 0.625000
v 0.625000 1.625000 1.375000
v 0.625000 1.750000 0.625000
v 0.625000 1.625000 0.625000
v 1.375000 1.750000 0.625000
v 0.625000 1.750000 1.375000
v 0.250000 10.000000 2.250000
v -0.250000 10.000000 1.750000
v -0.250000 10.000000 2.250000
v 0.250000 1.000000 1.750000
v 0.250000 1.000000 2.250000
v -0.250000 1.000000 2.250000
v -0.250000 1.000000 1.750000
v 0.250000 10.000000 1.750000
v 3.750000 2.750000 1.750000
v 4.000000 2.750000 1.500000
v 4.000000 2.750000 1.750000
v 3.750000 1.000000 1.750000
v 4.000000 1.000000 1.500000
v 4.000000 1.000000 1.750000
v 4.000000 1.250000 1.500000
v 3.750000 1.250000 1.750000
v 4.000000 1.250000 1.750000
v 3.750000 1.000000 1.500000
v 3.750000 1.250000 1.500000
v 4.000000 1.250000 3.250000
v 4.000000 1.000000 3.500000
v 4.000000 1.000000 3.250000
v 3.750000 1.250000 3.250000
v 3.750000 1.000000 3.250000
v 3.750000 1.250000 3.500000
v 3.750000 1.000000 3.500000
v 4.000000 1.250000 3.500000
v 0.500000 1.000000 1.750000
v 0.750000 1.000000 1.500000
v 0.750000 1.000000 1.750000
v 0.750000 1.250000 1.500000
v 0.500000 1.250000 1.750000
v 0.750000 1.250000 1.750000
v 0.500000 1.000000 1.500000
v 0.500000 1.250000 1.500000
v 0.750000 1.250000 3.250000
v 0.750000 1.000000 3.500000
v 0.750000 1.000000 3.250000
v 0.500000 1.250000 3.250000
v 0.500000 1.000000 3.250000
v 0.500000 1.250000 3.500000
v 0.500000 1.000000 3.500000
v 0.750000 1.250000 3.500000
v 4.000000 3.000000 1.500000
v 3.750000 3.000000 1.750000
v 4.000000 3.000000 1.750000
v 3.750000 2.750000 1.500000
v 3.750000 3.000000 1.500000
v 4.000000 3.000000 3.250000
v 4.000000 2.750000 3.500000
v 4.000000 2.750000 3.250000
v 3.750000 3.000000 3.250000
v 3.750000 2.750000 3.250000
v 3.750000 3.000000 3.500000
v 3.750000 2.750000 3.500000
v 4.000000 3.000000 3.500000
v 0.500000 2.750000 1.750000
v 0.750000 2.750000 1.500000
v 0.750000 2.750000 1.750000
v 0.750000 3.000000 1.500000
v 0.500000 3.000000 1.750000
v 0.750000 3.000000 1.750000
v 0.500000 2.750000 1.500000
v 0.500000 3.000000 1.500000
v 0.750000 3.000000 3.250000
v 0.750000 2.750000 3.500000
v 0.750000 2.750000 3.250000
v 0.500000 3.000000 3.250000
v 0.500000 2.750000 3.250000
v 0.500000 3.000000 3.500000
v 0.500000 2.750000 3.500000
v 0.750000 3.000000 3.500000
v 4.000000 1.000000 3.250000
v 3.875000 1.000000 1.750000
v 4.000000 1.000000 1.750000
v 3.875000 1.000000 3.250000
v 3.875000 1.125000 1.750000
v 4.000000 1.125000 3.250000
v 4.000000 1.125000 1.750000
v 3.875000 1.125000 3.250000
v 0.625000 1.000000 3.250000
v 0.500000 1.000000 1.750000
v 0.625000 1.000000 1.750000
v 0.500000 1.000000 3.250000
v 0.500000 1.125000 1.750000
v 0.625000 1.125000 3.250000
v 0.625000 1.125000 1.750000
v 0.500000 1.125000 3.250000
v 4.000000 2.875000 3.250000
v 3.875000 2.875000 1.750000
v 4.000000 2.875000 1.750000
v 3.875000 2.875000 3.250000
v 3.875000 3.000000 1.750000
v 4.000000 3.000000 3.250000
v 4.000000 3.000000 1.750000
v 3.875000 3.000000 3.250000
v 0.625000 2.875000 3.250000
v 0.500000 2.875000 1.750000
v 0.625000 2.875000 1.750000
v 0.500000 2.875000 3.250000
v 0.500000 3.000000 1.750000
v 0.625000 3.000000 3.250000
v 0.625000 3.000000 1.750000
v 0.500000 3.000000 3.250000
v 4.000000 1.250000 1.500000
v 3.875000 2.750000 1.500000
v 4.000000 2.750000 1.500000
v 3.875000 1.250000 1.500000
v 3.875000 2.750000 1.625000
v 4.000000 1.250000 1.625000
v 4.000000 2.750000 1.625000
v 3.875000 1.250000 1.625000
v 0.625000 1.250000 1.500000
v 0.500000 2.750000 1.500000
v 0.625000 2.750000 1.500000
v 0.500000 1.250000 1.500000
v 0.500000 2.750000 1.625000
v 0.625000 1.250000 1.625000
v 0.625000 2.750000 1.625000
v 0.500000 1.250000 1.625000
v 4.000000 1.250000 3.375000
v 3.875000 2.750000 3.375000
v 4.000000 2.750000 3.375000
v 3.875000 1.250000 3.375000
v 3.875000 2.750000 3.500000
v 4.000000 1.250000 3.500000
v 4.000000 2.750000 3.500000
v 3.875000 1.250000 3.500000
v 0.625000 1.250000 3.375000
v 0.500000 2.750000 3.375000
v 0.625000 2.750000 3.375000
v 0.500000 1.250000 3.375000
v 0.500000 2.750000 3.500000
v 0.625000 1.250000 3.500000
v 0.625000 2.750000 3.500000
v 0.500000 1.250000 3.500000
v 0.750000 1.000000 3.375000
v 3.750000 1.000000 3.500000
v 0.750000 1.000000 3.500000
v 0.750000 1.125000 3.375000
v 3.750000 1.000000 3.375000
v 3.750000 1.125000 3.500000
v 0.750000 1.125000 3.500000
v 0.750000 2.875000 3.375000
v 3.750000 2.875000 3.500000
v 0.750000 2.875000 3.500000
v 0.750000 3.000000 3.375000
v 3.750000 2.875000 3.375000
v 3.750000 3.000000 3.500000
v 0.750000 3.000000 3.500000
v 0.750000 1.000000 1.500000
v 3.750000 1.000000 1.625000
v 0.750000 1.000000 1.625000
v 0.750000 1.125000 1.500000
v 3.750000 1.000000 1.500000
v 3.750000 1.125000 1.625000
v 0.750000 1.125000 1.625000
v 0.750000 2.875000 1.500000
v 3.750000 2.875000 1.625000
v 0.750000 2.875000 1.625000
v 0.750000 3.000000 1.500000
v 3.750000 2.875000 1.500000
v 3.750000 3.000000 1.625000
v 0.750000 3.000000 1.625000
v 0.750000 1.125000 -1.250000
v 1.250000 1.625000 -1.250000
v 1.250000 1.125000 -1.250000
v 1.250000 1.125000 -0.750000
v 0.750000 1.625000 -0.750000
v 0.750000 1.125000 -0.750000
v 1.250000 1.625000 -0.750000
v 0.750000 1.625000 -1.250000
v 1.375000 1.625000 -1.375000
v 1.375000 1.750000 -0.625000
v 1.375000 1.625000 -0.625000
v 1.375000 1.125000 -0.625000
v 0.625000 1.125000 -1.375000
v 0.625000 1.125000 -0.625000
v 1.375000 1.000000 -1.375000
v 1.375000 1.000000 -0.625000
v 0.625000 1.000000 -0.625000
v 0.625000 1.000000 -1.375000
v 1.375000 1.125000 -1.375000
v 0.625000 1.625000 -0.625000
v 0.625000 1.750000 -1.375000
v 0.625000 1.625000 -1.375000
v 1.375000 1.750000 -1.375000
v 0.625000 1.750000 -0.625000
v -1.250000 1.125000 0.750000
v -0.750000 1.625000 0.750000
v -0.750000 1.125000 0.750000
v -0.750000 1.125000 1.250000
v -1.250000 1.625000 1.250000
v -1.250000 1.125000 1.250000
v -0.750000 1.625000 1.250000
v -1.250000 1.625000 0.750000
v -0.625000 1.625000 0.625000
v -0.625000 1.750000 1.375000
v -0.625000 1.625000 1.375000
v -0.625000 1.125000 1.375000
v -1.375000 1.125000 0.625000
v -1.375000 1.125000 1.375000
v -0.625000 1.000000 0.625000
v -0.625000 1.000000 1.375000
v -1.375000 1.000000 1.375000
v -1.375000 1.000000 0.625000
v -0.625000 1.125000 0.625000
v -1.375000 1.625000 1.375000
v -1.375000 1.750000 0.625000
v -1.375000 1.625000 0.625000
v -0.625000 1.750000 0.625000
v -1.375000 1.750000 1.375000
v -1.250000 1.125000 -1.250000
v -0.750000 1.625000 -1.250000
v -0.750000 1.125000 -1.250000
v -0.750000 1.125000 -0.750000
v -1.250000 1.625000 -0.750000
v -1.250000 1.125000 -0.750000
v -0.750000 1.625000 -0.750000
v -1.250000 1.625000 -1.250000
v -0.625000 1.625000 -1.375000
v -0.625000 1.750000 -0.625000
v -0.625000 1.625000 -0.625000
v -0.625000 1.125000 -0.625000
v -1.375000 1.125000 -1.375000
v -1.375000 1.125000 -0.625000
v -0.625000 1.000000 -1.375000
v -0.625000 1.000000 -0.625000
v -1.375000 1.000000 -0.625000
v -1.375000 1.000000 -1.375000
v -0.625000 1.125000 -1.375000
v -1.375000 1.625000 -0.625000
v -1.375000 1.750000 -1.375000
v -1.375000 1.625000 -1.375000
v -0.625000 1.750000 -1.375000
v -1.375000 1.750000 -0.625000
v -0.500000 2.000000 -0.500000
v 3.750000 1.125000 3.375000
v 3.750000 3.000000 3.375000
v 3.750000 1.125000 1.500000
v 3.750000 3.000000 1.500000
v 3.750000 2.000000 1.500000
v 0.750001 1.500000 1.633975
v 0.750001 2.000000 1.500000
v 3.750000 1.500000 1.633975
v 0.750001 1.133975 2.000000
v 3.750000 1.133975 2.000000
v 0.750001 1.000000 2.500000
v 3.750000 1.000000 2.500000
v 0.750001 1.133975 3.000000
v 3.750000 1.133975 3.000000
v 0.750001 1.500000 3.366025
v 3.750000 1.500000 3.366025
v 0.750001 2.000000 3.500000
v 3.750000 2.000000 3.500000
v 0.750001 2.500000 3.366025
v 3.750000 2.500000 3.366025
v 0.750001 2.866026 3.000000
v 3.750000 2.866026 3.000000
v 0.750001 3.000000 2.500000
v 3.750000 3.000000 2.500000
v 0.750001 2.866026 2.000000
v 4.000000 2.649519 2.875000
v 3.750000 2.866026 2.000000
v 0.750001 2.500001 1.633975
v 3.750000 2.500001 1.633975
v 0.500001 2.000000 3.250000
v 0.500001 1.625000 3.149519
v 4.000000 1.350481 2.875000
v 4.000000 1.350481 2.125000
v 4.000000 2.649520 2.125000
v 4.000000 2.000000 3.250000
v 4.000000 2.375000 3.149519
v 4.000000 1.625000 3.149519
v 4.000000 2.375001 1.850481
v 4.000000 2.000000 1.750000
v 4.000000 1.625000 1.850481
v 4.000000 1.250000 2.500000
v 4.000000 2.750000 2.500000
v 0.500001 1.250000 2.500000
v 0.500001 2.375000 3.149519
v 0.500001 2.375001 1.850481
v 0.500001 1.350481 2.875000
v 0.500001 2.000000 1.750000
v 0.500001 1.625000 1.850481
v 0.500001 1.350481 2.125000
v 0.500001 2.649520 2.125000
v 0.500001 2.750000 2.500000
v 0.500001 2.649519 2.875000
vt 0.265306 0.763158
vt 0.510204 0.710526
vt 0.510204 0.763158
vt 0.265306 0.815789
vt 0.510204 0.815789
vt 0.265306 0.710526
vt 0.510204 0.657895
vt 0.224490 0.710526
vt 0.224490 0.763158
vt 0.551020 0.710526
vt 0.551020 0.763158
vt 0.244898 0.552632
vt 0.163265 0.342105
vt 0.244898 0.447368
vt 0.408163 0.342105
vt 0.326531 0.447368
vt 0.408163 0.657895
vt 0.326531 0.552632
vt 0.163265 0.657895
vt 0.326531 0.447368
vt 0.244898 0.552632
vt 0.244898 0.447368
vt 0.163265 0.315789
vt 0.244898 0.105263
vt 0.244898 0.210526
vt 0.408163 0.315789
vt 0.326531 0.210526
vt 0.408163 -0.000000
vt 0.326531 0.105263
vt 0.163265 -0.000000
vt 0.244898 0.210526
vt 0.326531 0.184211
vt 0.326531 0.210526
vt 0.163265 0.342105
vt 0.408163 0.315789
vt 0.408163 0.342105
vt 0.244898 0.210526
vt 0.326531 0.184211
vt 0.326531 0.210526
vt 0.244898 0.210526
vt 0.326531 0.184211
vt 0.326531 0.210526
vt 0.163265 0.342105
vt 0.408163 0.315789
vt 0.408163 0.342105
vt 0.163265 0.342105
vt 0.408163 0.315789
vt 0.408163 0.342105
vt 0.244898 0.210526
vt 0.326531 0.184211
vt 0.326531 0.210526
vt 0.214286 0.750000
vt 0.173469 0.802632
vt 0.173469 0.750000
vt 0.214286 0.750000
vt 0.173469 0.802632
vt 0.173469 0.750000
vt 0.214286 0.750000
vt 0.173469 0.802632
vt 0.173469 0.750000
vt 0.214286 0.750000
vt 0.173469 0.802632
vt 0.173469 0.750000
vt 0.224490 0.881579
vt 0.163265 0.894737
vt 0.163265 0.881579
vt 0.163265 0.671053
vt 0.224490 0.750000
vt 0.163265 0.750000
vt 0.224490 0.657895
vt 0.163265 0.657895
vt 0.224490 0.657895
vt 0.163265 0.671053
vt 0.163265 0.657895
vt 0.224490 0.657895
vt 0.163265 0.671053
vt 0.163265 0.657895
vt 0.224490 0.657895
vt 0.163265 0.671053
vt 0.163265 0.657895
vt 0.224490 0.881579
vt 0.163265 0.894737
vt 0.163265 0.881579
vt 0.224490 0.881579
vt 0.163265 0.894737
vt 0.163265 0.881579
vt 0.224490 0.881579
vt 0.163265 0.894737
vt 0.163265 0.881579
vt 0.163265 0.802632
vt 0.224490 0.802632
vt 0.040816 0.947368
vt 0.081633 1.000000
vt 0.040816 1.000000
vt 0.081633 0.000000
vt 0.040816 0.000000
vt 0.163265 0.000000
vt 0.122449 0.947368
vt 0.122449 0.000000
vt 0.081633 0.947368
vt 0.000000 0.947368
vt 0.000000 0.000000
vt 0.775510 0.500000
vt 0.755102 0.473684
vt 0.775510 0.473684
vt 0.755102 0.473684
vt 0.775510 0.500000
vt 0.755102 0.500000
vt 0.755102 0.473684
vt 0.775510 0.500000
vt 0.755102 0.500000
vt 0.775510 0.473684
vt 0.755102 0.500000
vt 0.755102 0.473684
vt 0.755102 0.473684
vt 0.775510 0.473684
vt 0.755102 0.473684
vt 0.755102 0.500000
vt 0.755102 0.500000
vt 0.775510 0.473684
vt 0.755102 0.473684
vt 0.775510 0.500000
vt 0.755102 0.500000
vt 0.775510 0.500000
vt 0.755102 0.473684
vt 0.775510 0.473684
vt 0.775510 0.473684
vt 0.755102 0.500000
vt 0.755102 0.473684
vt 0.755102 0.500000
vt 0.775510 0.473684
vt 0.775510 0.473684
vt 0.755102 0.500000
vt 0.755102 0.473684
vt 0.755102 0.500000
vt 0.775510 0.473684
vt 0.775510 0.473684
vt 0.755102 0.500000
vt 0.755102 0.473684
vt 0.755102 0.500000
vt 0.775510 0.473684
vt 0.775510 0.500000
vt 0.755102 0.473684
vt 0.775510 0.473684
vt 0.755102 0.473684
vt 0.775510 0.500000
vt 0.755102 0.500000
vt 0.755102 0.500000
vt 0.775510 0.473684
vt 0.775510 0.473684
vt 0.755102 0.500000
vt 0.755102 0.473684
vt 0.775510 0.500000
vt 0.755102 0.473684
vt 0.775510 0.473684
vt 0.775510 0.473684
vt 0.755102 0.500000
vt 0.755102 0.473684
vt 0.755102 0.500000
vt 0.775510 0.473684
vt 0.775510 0.500000
vt 0.755102 0.473684
vt 0.755102 0.500000
vt 0.755102 0.473684
vt 0.775510 0.473684
vt 0.755102 0.473684
vt 0.775510 0.473684
vt 0.775510 0.500000
vt 0.755102 0.473684
vt 0.775510 0.473684
vt 0.755102 0.473684
vt 0.755102 0.500000
vt 0.755102 0.500000
vt 0.775510 0.473684
vt 0.775510 0.473684
vt 0.755102 0.500000
vt 0.755102 0.473684
vt 0.755102 0.473684
vt 0.775510 0.473684
vt 0.775510 0.473684
vt 0.755102 0.500000
vt 0.755102 0.473684
vt 0.755102 0.500000
vt 0.775510 0.473684
vt 0.775510 0.500000
vt 0.755102 0.473684
vt 0.755102 0.500000
vt 0.775510 0.500000
vt 0.755102 0.473684
vt 0.775510 0.473684
vt 0.755102 0.500000
vt 0.775510 0.473684
vt 0.775510 0.473684
vt 0.755102 0.500000
vt 0.755102 0.473684
vt 0.755102 0.500000
vt 0.775510 0.473684
vt 0.775510 0.500000
vt 0.775510 0.473684
vt 0.755102 0.500000
vt 0.755102 0.473684
vt 0.755102 0.500000
vt 0.775510 0.473684
vt 0.775510 0.473684
vt 0.755102 0.500000
vt 0.755102 0.473684
vt 0.775510 0.500000
vt 0.755102 0.473684
vt 0.775510 0.473684
vt 0.755102 0.473684
vt 0.755102 0.500000
vt 0.755102 0.500000
vt 0.775510 0.473684
vt 0.775510 0.500000
vt 0.755102 0.473684
vt 0.755102 0.500000
vt 0.775510 0.500000
vt 0.755102 0.473684
vt 0.775510 0.473684
vt 0.775510 0.473684
vt 0.755102 0.500000
vt 0.755102 0.473684
vt 0.755102 0.473684
vt 0.755102 0.500000
vt 0.755102 0.473684
vt 0.755102 0.500000
vt 0.775510 0.473684
vt 0.765306 0.315789
vt 0.775510 0.315789
vt 0.765306 0.473684
vt 0.755102 0.315789
vt 0.785714 0.473684
vt 0.785714 0.315789
vt 0.795918 0.473684
vt 0.785714 0.473684
vt 0.775510 0.315789
vt 0.785714 0.315789
vt 0.775510 0.473684
vt 0.765306 0.315789
vt 0.795918 0.473684
vt 0.755102 0.315789
vt 0.765306 0.473684
vt 0.755102 0.473684
vt 0.765306 0.473684
vt 0.755102 0.315789
vt 0.765306 0.315789
vt 0.795918 0.473684
vt 0.785714 0.315789
vt 0.795918 0.315789
vt 0.775510 0.473684
vt 0.775510 0.315789
vt 0.785714 0.473684
vt 0.795918 0.473684
vt 0.785714 0.315789
vt 0.795918 0.315789
vt 0.785714 0.473684
vt 0.775510 0.315789
vt 0.755102 0.315789
vt 0.765306 0.473684
vt 0.755102 0.473684
vt 0.765306 0.315789
vt 0.775510 0.473684
vt 0.775510 0.315789
vt 0.785714 0.473684
vt 0.775510 0.473684
vt 0.785714 0.315789
vt 0.795918 0.473684
vt 0.765306 0.315789
vt 0.765306 0.473684
vt 0.755102 0.315789
vt 0.765306 0.315789
vt 0.775510 0.473684
vt 0.765306 0.473684
vt 0.775510 0.315789
vt 0.785714 0.473684
vt 0.755102 0.315789
vt 0.795918 0.473684
vt 0.785714 0.315789
vt 0.795918 0.315789
vt 0.785714 0.315789
vt 0.795918 0.473684
vt 0.785714 0.473684
vt 0.755102 0.315789
vt 0.765306 0.473684
vt 0.755102 0.473684
vt 0.775510 0.315789
vt 0.775510 0.473684
vt 0.765306 0.315789
vt 0.755102 0.315789
vt 0.765306 0.473684
vt 0.755102 0.473684
vt 0.765306 0.315789
vt 0.775510 0.473684
vt 0.795918 0.473684
vt 0.785714 0.315789
vt 0.795918 0.315789
vt 0.785714 0.473684
vt 0.775510 0.315789
vt 0.724490 0.631579
vt 0.734694 0.315789
vt 0.734694 0.631579
vt 0.714286 0.631579
vt 0.724490 0.315789
vt 0.744898 0.315789
vt 0.755102 0.631579
vt 0.744898 0.631579
vt 0.714286 0.631579
vt 0.724490 0.315789
vt 0.724490 0.631579
vt 0.744898 0.631579
vt 0.755102 0.315789
vt 0.755102 0.631579
vt 0.734694 0.315789
vt 0.734694 0.631579
vt 0.734694 0.631579
vt 0.744898 0.315789
vt 0.744898 0.631579
vt 0.724490 0.631579
vt 0.734694 0.315789
vt 0.755102 0.315789
vt 0.714286 0.315789
vt 0.714286 0.631579
vt 0.744898 0.631579
vt 0.755102 0.315789
vt 0.755102 0.631579
vt 0.734694 0.631579
vt 0.744898 0.315789
vt 0.724490 0.315789
vt 0.714286 0.631579
vt 0.714286 0.315789
vt 0.724490 0.631579
vt 0.214286 0.750000
vt 0.173469 0.802632
vt 0.173469 0.750000
vt 0.214286 0.750000
vt 0.173469 0.802632
vt 0.173469 0.750000
vt 0.214286 0.750000
vt 0.173469 0.802632
vt 0.173469 0.750000
vt 0.214286 0.750000
vt 0.173469 0.802632
vt 0.173469 0.750000
vt 0.224490 0.881579
vt 0.163265 0.894737
vt 0.163265 0.881579
vt 0.163265 0.671053
vt 0.224490 0.750000
vt 0.163265 0.750000
vt 0.224490 0.657895
vt 0.163265 0.657895
vt 0.224490 0.657895
vt 0.163265 0.671053
vt 0.163265 0.657895
vt 0.224490 0.657895
vt 0.163265 0.671053
vt 0.163265 0.657895
vt 0.224490 0.657895
vt 0.163265 0.671053
vt 0.163265 0.657895
vt 0.224490 0.881579
vt 0.163265 0.894737
vt 0.163265 0.881579
vt 0.224490 0.881579
vt 0.163265 0.894737
vt 0.163265 0.881579
vt 0.224490 0.881579
vt 0.163265 0.894737
vt 0.163265 0.881579
vt 0.163265 0.802632
vt 0.224490 0.802632
vt 0.214286 0.750000
vt 0.173469 0.802632
vt 0.173469 0.750000
vt 0.214286 0.750000
vt 0.173469 0.802632
vt 0.173469 0.750000
vt 0.214286 0.750000
vt 0.173469 0.802632
vt 0.173469 0.750000
vt 0.214286 0.750000
vt 0.173469 0.802632
vt 0.173469 0.750000
vt 0.224490 0.881579
vt 0.163265 0.894737
vt 0.163265 0.881579
vt 0.163265 0.671053
vt 0.224490 0.750000
vt 0.163265 0.750000
vt 0.224490 0.657895
vt 0.163265 0.657895
vt 0.224490 0.657895
vt 0.163265 0.671053
vt 0.163265 0.657895
vt 0.224490 0.657895
vt 0.163265 0.671053
vt 0.163265 0.657895
vt 0.224490 0.657895
vt 0.163265 0.671053
vt 0.163265 0.657895
vt 0.224490 0.881579
vt 0.163265 0.894737
vt 0.163265 0.881579
vt 0.224490 0.881579
vt 0.163265 0.894737
vt 0.163265 0.881579
vt 0.224490 0.881579
vt 0.163265 0.894737
vt 0.163265 0.881579
vt 0.163265 0.802632
vt 0.224490 0.802632
vt 0.214286 0.750000
vt 0.173469 0.802632
vt 0.173469 0.750000
vt 0.214286 0.750000
vt 0.173469 0.802632
vt 0.173469 0.750000
vt 0.214286 0.750000
vt 0.173469 0.802632
vt 0.173469 0.750000
vt 0.214286 0.750000
vt 0.173469 0.802632
vt 0.173469 0.750000
vt 0.224490 0.881579
vt 0.163265 0.894737
vt 0.163265 0.881579
vt 0.163265 0.671053
vt 0.224490 0.750000
vt 0.163265 0.750000
vt 0.224490 0.657895
vt 0.163265 0.657895
vt 0.224490 0.657895
vt 0.163265 0.671053
vt 0.163265 0.657895
vt 0.224490 0.657895
vt 0.163265 0.671053
vt 0.163265 0.657895
vt 0.224490 0.657895
vt 0.163265 0.671053
vt 0.163265 0.657895
vt 0.224490 0.881579
vt 0.163265 0.894737
vt 0.163265 0.881579
vt 0.224490 0.881579
vt 0.163265 0.894737
vt 0.163265 0.881579
vt 0.224490 0.881579
vt 0.163265 0.894737
vt 0.163265 0.881579
vt 0.163265 0.802632
vt 0.224490 0.802632
vt 0.265306 0.657895
vt 0.326531 0.552632
vt 0.244898 0.184211
vt 0.163265 0.315789
vt 0.244898 0.184211
vt 0.244898 0.184211
vt 0.163265 0.315789
vt 0.163265 0.315789
vt 0.244898 0.184211
vt 0.214286 0.802632
vt 0.214286 0.802632
vt 0.214286 0.802632
vt 0.214286 0.802632
vt 0.224490 0.894737
vt 0.224490 0.671053
vt 0.224490 0.671053
vt 0.224490 0.671053
vt 0.224490 0.671053
vt 0.224490 0.894737
vt 0.224490 0.894737
vt 0.224490 0.894737
vt 0.163265 0.947368
vt 0.755102 0.500000
vt 0.775510 0.473684
vt 0.775510 0.473684
vt 0.755102 0.500000
vt 0.775510 0.473684
vt 0.755102 0.473684
vt 0.775510 0.473684
vt 0.755102 0.500000
vt 0.755102 0.473684
vt 0.755102 0.473684
vt 0.755102 0.473684
vt 0.755102 0.500000
vt 0.775510 0.473684
vt 0.755102 0.473684
vt 0.755102 0.500000
vt 0.755102 0.473684
vt 0.775510 0.473684
vt 0.755102 0.500000
vt 0.755102 0.500000
vt 0.755102 0.500000
vt 0.775510 0.473684
vt 0.755102 0.473684
vt 0.755102 0.500000
vt 0.755102 0.473684
vt 0.775510 0.473684
vt 0.755102 0.500000
vt 0.755102 0.473684
vt 0.755102 0.473684
vt 0.755102 0.473684
vt 0.755102 0.500000
vt 0.775510 0.473684
vt 0.755102 0.473684
vt 0.775510 0.473684
vt 0.755102 0.500000
vt 0.775510 0.473684
vt 0.775510 0.473684
vt 0.755102 0.473684
vt 0.795918 0.315789
vt 0.795918 0.315789
vt 0.755102 0.473684
vt 0.795918 0.315789
vt 0.755102 0.473684
vt 0.755102 0.473684
vt 0.795918 0.315789
vt 0.714286 0.315789
vt 0.755102 0.315789
vt 0.714286 0.315789
vt 0.744898 0.315789
vt 0.724490 0.315789
vt 0.755102 0.631579
vt 0.734694 0.315789
vt 0.214286 0.802632
vt 0.214286 0.802632
vt 0.214286 0.802632
vt 0.214286 0.802632
vt 0.224490 0.894737
vt 0.224490 0.671053
vt 0.224490 0.671053
vt 0.224490 0.671053
vt 0.224490 0.671053
vt 0.224490 0.894737
vt 0.224490 0.894737
vt 0.224490 0.894737
vt 0.214286 0.802632
vt 0.214286 0.802632
vt 0.214286 0.802632
vt 0.214286 0.802632
vt 0.224490 0.894737
vt 0.224490 0.671053
vt 0.224490 0.671053
vt 0.224490 0.671053
vt 0.224490 0.671053
vt 0.224490 0.894737
vt 0.224490 0.894737
vt 0.224490 0.894737
vt 0.214286 0.802632
vt 0.214286 0.802632
vt 0.214286 0.802632
vt 0.214286 0.802632
vt 0.224490 0.894737
vt 0.224490 0.671053
vt 0.224490 0.671053
vt 0.224490 0.671053
vt 0.224490 0.671053
vt 0.224490 0.894737
vt 0.224490 0.894737
vt 0.224490 0.894737
vt 0.683673 0.473684
vt 0.438776 0.526316
vt 0.438776 0.473684
vt 0.683673 0.526316
vt 0.438776 0.578947
vt 0.683673 0.578947
vt 0.438776 0.631579
vt 0.683673 -0.000000
vt 0.438776 0.052632
vt 0.438776 -0.000000
vt 0.683673 0.052632
vt 0.438776 0.105263
vt 0.683673 0.105263
vt 0.438776 0.157895
vt 0.683673 0.157895
vt 0.438776 0.210526
vt 0.683673 0.210526
vt 0.438776 0.263158
vt 0.683673 0.263158
vt 0.438776 0.315789
vt 0.683673 0.315789
vt 0.438776 0.368421
vt 0.714286 0.256579
vt 0.683673 0.368421
vt 0.438776 0.421053
vt 0.683673 0.421053
vt 0.408163 0.151316
vt 0.408163 0.111842
vt 0.745408 0.011716
vt 0.805612 0.011716
vt 0.805612 0.146179
vt 0.714286 0.164474
vt 0.714286 0.203947
vt 0.714286 0.151316
vt 0.714286 0.098684
vt 0.714286 0.046053
vt 0.714286 0.427632
vt 0.714286 0.467105
vt 0.714286 0.519737
vt 0.683673 0.631579
vt 0.714286 0.585526
vt 0.714286 0.625000
vt 0.714286 0.375000
vt 0.714286 0.414474
vt 0.714286 0.532895
vt 0.714286 0.572368
vt 0.714286 0.322368
vt 0.714286 0.361842
vt 0.714286 0.309211
vt 0.775510 0.159210
vt 0.827649 0.275658
vt 0.723372 0.275658
vt 0.408163 0.059211
vt 0.408163 0.046053
vt 0.408163 0.006579
vt 0.408163 0.467105
vt 0.408163 0.427632
vt 0.408163 0.519737
vt 0.408163 0.480263
vt 0.408163 0.585526
vt 0.408163 0.375000
vt 0.408163 0.532895
vt 0.408163 0.322368
vt 0.408163 0.309211
vt 0.408163 0.269737
vt 0.408163 0.217105
vt 0.408163 0.164474
vt 0.714286 0.217105
vt 0.827649 0.040131
vt 0.835715 0.078947
vt 0.827649 0.117763
vt 0.775510 0.156579
vt 0.745408 0.146179
vt 0.723372 0.117763
vt 0.715306 0.078947
vt 0.723372 0.040131
vt 0.775510 0.001315
vt 0.714286 0.111842
vt 0.714286 0.059211
vt 0.714286 0.006579
vt 0.714286 0.480263
vt 0.714286 0.269737
vt 0.715306 0.236842
vt 0.723372 0.198026
vt 0.745408 0.169611
vt 0.805612 0.169611
vt 0.827649 0.198026
vt 0.835715 0.236842
vt 0.805612 0.304073
vt 0.775510 0.314474
vt 0.745408 0.304073
vt 0.408163 0.098684
vt 0.408163 0.625000
vt 0.408163 0.414474
vt 0.408163 0.572368
vt 0.408163 0.361842
vt 0.408163 0.256579
vt 0.408163 0.203947
vn 0.0000 1.0000 0.0000
vn 0.0000 -0.0000 1.0000
vn 0.0000 0.0000 -1.0000
vn 1.0000 0.0000 0.0000
vn -1.0000 0.0000 0.0000
vn 0.0000 -1.0000 0.0000
vn 0.3620 -0.0000 -0.9322
vn -0.3620 -0.4661 -0.8073
vn -0.3620 -0.0000 -0.9322
vn 0.3620 -0.4661 -0.8073
vn -0.3620 -0.8073 -0.4661
vn 0.3620 -0.8073 -0.4661
vn -0.3620 -0.9322 -0.0000
vn 0.3620 -0.9322 0.0000
vn -0.3620 -0.8073 0.4661
vn 0.3620 -0.8073 0.4661
vn -0.3620 -0.4661 0.8073
vn 0.3620 -0.4661 0.8073
vn -0.3620 0.0000 0.9322
vn 0.3620 -0.0000 0.9322
vn -0.3620 0.4661 0.8073
vn 0.3620 0.4661 0.8073
vn -0.3620 0.8073 0.4661
vn 0.3620 0.8073 0.4661
vn -0.3620 0.9322 0.0000
vn 0.3620 0.9322 -0.0000
vn -0.3620 0.8073 -0.4661
vn 0.9007 0.3762 0.2172
vn 0.3620 0.8073 -0.4661
vn -0.3620 0.4661 -0.8073
vn 0.3620 0.4661 -0.8073
vn -0.9007 -0.0000 0.4344
vn -0.9007 -0.2172 0.3762
vn 0.9007 -0.3762 0.2172
vn 0.9007 -0.3762 -0.2172
vn 0.9007 0.3762 -0.2172
vn 0.9007 -0.0000 0.4344
vn 0.9007 0.2172 0.3762
vn 0.9007 -0.2172 0.3762
vn 0.9007 0.2172 -0.3762
vn 0.9007 -0.0000 -0.4344
vn 0.9007 -0.2172 -0.3762
vn 0.9007 -0.4344 0.0000
vn 0.9007 0.4344 0.0000
vn -0.9007 -0.4344 0.0000
vn -0.9007 0.2172 0.3762
vn -0.9007 0.2172 -0.3762
vn -0.9007 -0.3762 0.2172
vn -0.9007 -0.0000 -0.4344
vn -0.9007 -0.2172 -0.3762
vn -0.9007 -0.3762 -0.2172
vn -0.9007 0.3762 -0.2172
vn -0.9007 0.4344 0.0000
vn -0.9007 0.3762 0.2172
v -0.500000 2.000000 0.500000
v -1.250000 2.000000 -1.250000
v -1.250000 2.000000 1.250000
v 0.500000 2.000000 0.500000
v 1.250000 2.000000 1.250000
v 1.250000 1.500000 -1.250000
v 1.250000 2.000000 -1.250000
v -1.250000 1.500000 1.250000
v -1.250000 1.500000 -1.250000
v 1.250000 1.500000 1.250000
v -0.500000 1.500000 0.500000
v -0.500000 2.000000 -0.500000
v 0.500000 2.000000 -0.500000
v 0.500000 1.500000 0.500000
v 0.500000 1.500000 -0.500000
v -0.500000 1.500000 -0.500000
v 0.500000 2.000000 0.500000
v -0.500000 2.000000 -0.500000
v -0.500000 2.000000 0.500000
v 1.250000 1.000000 -1.250000
v 0.500000 1.000000 -1.250000
v 0.500000 1.250000 -1.250000
v 0.500000 1.250000 -0.500000
v 1.250000 1.500000 -1.250000
v 1.250000 1.500000 -0.250000
v 1.250000 1.250000 -0.500000
v 0.250000 1.500000 -0.500000
v 0.500000 1.000000 -0.500000
v 1.250000 1.000000 -0.500000
v 0.500000 1.500000 -0.500000
v 0.500000 1.500000 -0.250000
v 0.500000 1.500000 -1.250000
v -0.500000 1.500000 -1.750000
v -0.500000 1.500000 -1.250000
v -0.500000 1.000000 -1.250000
v -0.500000 1.000000 -1.750000
v 0.500000 1.500000 -1.750000
v 0.500000 1.000000 -1.750000
v 0.500000 1.000000 -1.250000
v -0.625000 8.000000 2.000000
v -0.875000 8.000000 1.750000
v -0.875000 8.000000 2.000000
v 0.875000 8.000000 2.000000
v 0.625000 8.000000 1.750000
v 0.625000 8.000000 2.000000
v -0.625000 8.000000 1.000000
v -0.875000 8.000000 0.750000
v -0.875000 8.000000 1.000000
v 0.875000 8.000000 1.000000
v 0.625000 8.000000 0.750000
v 0.625000 8.000000 1.000000
v -0.625000 2.000000 0.750000
v -0.625000 2.000000 1.000000
v -0.875000 1.000000 1.750000
v -0.625000 8.000000 1.750000
v -0.625000 1.000000 1.750000
v -0.875000 2.000000 0.750000
v -0.625000 8.000000 0.750000
v 0.625000 1.000000 2.000000
v 0.625000 1.000000 1.750000
v 0.625000 2.000000 1.000000
v 0.625000 2.000000 0.750000
v 0.875000 1.000000 2.000000
v 0.875000 2.000000 1.000000
v 0.875000 1.000000 1.750000
v 0.875000 2.000000 0.750000
v 0.875000 8.000000 1.750000
v -0.875000 1.000000 2.000000
v 0.875000 8.000000 0.750000
v -0.875000 2.000000 1.000000
v -0.625000 1.000000 2.000000
v -0.625000 8.000000 1.875000
v 0.625000 1.000000 1.875000
v 0.625000 8.000000 1.875000
v -0.625000 8.000000 0.875000
v 0.625000 2.000000 0.875000
v -0.625000 2.000000 0.875000
v 0.750000 1.000000 1.750000
v 0.750000 8.000000 1.000000
v 0.750000 8.000000 1.750000
v -0.750000 8.000000 1.000000
v -0.750000 1.000000 1.750000
v -0.750000 8.000000 1.750000
v -0.062500 6.000000 1.625000
v -0.312500 6.000000 1.375000
v -0.312500 6.000000 1.625000
v 0.312500 6.000000 1.625000
v 0.062500 6.000000 1.375000
v 0.062500 6.000000 1.625000
v -0.062500 1.000000 1.375000
v -0.062500 1.000000 1.625000
v -0.312500 1.000000 1.625000
v -0.312500 1.000000 1.375000
v 0.062500 1.000000 1.375000
v 0.312500 6.000000 1.375000
v 0.312500 1.000000 1.375000
v 0.312500 1.000000 1.625000
v 0.062500 1.000000 1.625000
v -0.062500 6.000000 1.375000
v -1.250000 1.000000 1.250000
v -0.500000 1.000000 1.250000
v -0.500000 1.250000 1.250000
v -0.500000 1.250000 0.500000
v -1.250000 1.500000 1.250000
v -1.250000 1.500000 0.250000
v -1.250000 1.250000 0.500000
v -0.250000 1.500000 1.250000
v -0.250000 1.500000 0.500000
v -0.500000 1.000000 0.500000
v -1.250000 1.000000 0.500000
v -0.500000 1.500000 0.500000
v -0.500000 1.500000 0.250000
v -1.250000 1.000000 -1.250000
v -1.250000 1.000000 -0.500000
v -1.250000 1.250000 -0.500000
v -0.500000 1.250000 -0.500000
v -1.250000 1.500000 -1.250000
v -0.250000 1.500000 -1.250000
v -0.500000 1.250000 -1.250000
v -1.250000 1.500000 -0.250000
v -0.500000 1.500000 -0.250000
v -0.500000 1.000000 -0.500000
v -0.500000 1.000000 -1.250000
v -0.500000 1.500000 -0.500000
v -0.250000 1.500000 -0.500000
v 1.250000 1.000000 1.250000
v 1.250000 1.000000 0.500000
v 1.250000 1.250000 0.500000
v 0.500000 1.250000 0.500000
v 1.250000 1.500000 1.250000
v 0.250000 1.500000 1.250000
v 0.500000 1.250000 1.250000
v 0.500000 1.500000 0.250000
v 0.500000 1.000000 0.500000
v 0.500000 1.000000 1.250000
v 0.500000 1.500000 0.500000
v 0.250000 1.500000 0.500000
v 0.625000 1.000000 1.875000
v -0.625000 8.000000 1.875000
v 0.625000 8.000000 1.875000
v 0.625000 2.000000 0.875000
v -0.625000 8.000000 0.875000
v -0.625000 2.000000 0.875000
v 0.750000 8.000000 1.000000
v 0.750000 1.000000 1.750000
v 0.750000 8.000000 1.750000
v -0.750000 1.000000 1.750000
v -0.750000 8.000000 1.000000
v -0.750000 8.000000 1.750000
v 0.500000 2.000000 -0.500000
v 0.250000 1.500000 -1.250000
v -0.625000 1.000000 1.875000
v 0.625000 8.000000 0.875000
v 0.750000 1.000000 1.000000
v -0.750000 1.000000 1.000000
v 1.250000 1.500000 0.250000
v -0.625000 1.000000 1.875000
v 0.625000 8.000000 0.875000
v 0.750000 1.000000 1.000000
v -0.750000 1.000000 1.000000
vt 0.066667 0.655172
vt 0.222222 0.758621
vt 0.000000 0.758621
vt 0.066667 0.517241
vt 0.000000 0.413793
vt 0.222222 0.344828
vt 0.222222 0.413793
vt 0.000000 0.413793
vt 0.222222 0.344828
vt 0.222222 0.413793
vt 0.000000 0.413793
vt 0.222222 0.344828
vt 0.222222 0.413793
vt -0.000000 0.413793
vt 0.222222 0.344828
vt 0.222222 0.413793
vt 0.066667 0.172414
vt 0.155556 0.241379
vt 0.066667 0.241379
vt 0.155556 0.655172
vt 0.155556 0.517241
vt 0.000000 -0.000000
vt 0.066667 0.241379
vt 0.000000 0.344828
vt 0.155556 0.241379
vt 0.155556 0.103448
vt 0.222222 -0.000000
vt 0.066667 0.103448
vt 0.066667 0.517241
vt 0.155556 0.655172
vt 0.066667 0.655172
vt 0.066667 0.172414
vt 0.155556 0.241379
vt 0.066667 0.241379
vt 0.066667 0.172414
vt 0.155556 0.241379
vt 0.066667 0.241379
vt 0.066667 0.172414
vt 0.155556 0.241379
vt 0.066667 0.241379
vt 0.088889 0.758621
vt 0.155556 0.758621
vt 0.155556 0.793103
vt 0.022222 0.827586
vt 0.088889 0.862069
vt 0.022222 0.862069
vt 0.088889 0.827586
vt 0.000000 0.827586
vt 0.022222 0.793103
vt 0.088889 0.896552
vt 0.155556 0.862069
vt 0.088889 0.827586
vt 0.155556 0.827586
vt 0.155556 0.793103
vt 0.177778 0.758621
vt 0.177778 0.793103
vt 0.200000 0.793103
vt 0.088889 0.896552
vt 0.155556 0.896552
vt 0.888889 0.655172
vt 0.933333 0.793103
vt 0.888889 0.793103
vt 0.888889 0.862069
vt 0.933333 0.862069
vt 0.977778 0.793103
vt 0.933333 0.655172
vt 0.977778 0.655172
vt 0.844444 0.655172
vt 0.844444 0.793103
vt 0.933333 0.586207
vt 0.888889 0.586207
vt 0.577778 0.965517
vt 0.600000 1.000000
vt 0.577778 1.000000
vt 0.577778 0.965517
vt 0.600000 1.000000
vt 0.577778 1.000000
vt 0.577778 0.965517
vt 0.600000 1.000000
vt 0.577778 1.000000
vt 0.577778 0.965517
vt 0.600000 1.000000
vt 0.577778 1.000000
vt 0.600000 0.137931
vt 0.577778 0.137931
vt 0.622222 0.000000
vt 0.600000 0.965517
vt 0.600000 0.000000
vt 0.622222 0.137931
vt 0.600000 0.965517
vt 0.644444 0.000000
vt 0.622222 0.965517
vt 0.622222 0.000000
vt 0.644444 0.137931
vt 0.622222 0.965517
vt 0.622222 0.137931
vt 0.666667 0.000000
vt 0.644444 0.965517
vt 0.666667 0.137931
vt 0.644444 0.965517
vt 0.600000 0.000000
vt 0.577778 0.000000
vt 0.600000 0.137931
vt 0.577778 0.137931
vt 0.600000 0.965517
vt 0.644444 0.000000
vt 0.622222 0.965517
vt 0.600000 0.965517
vt 0.644444 0.137931
vt 0.622222 0.965517
vt 0.666667 0.000000
vt 0.644444 0.965517
vt 0.666667 0.137931
vt 0.644444 0.965517
vt 0.577778 0.000000
vt 0.222222 0.965517
vt 0.333333 -0.000000
vt 0.333333 0.965517
vt 0.511111 0.965517
vt 0.400000 0.137931
vt 0.511111 0.137931
vt 0.333333 0.000000
vt 0.400000 0.965517
vt 0.333333 0.965517
vt 0.511111 0.965517
vt 0.577778 0.000000
vt 0.577778 0.965517
vt 0.666667 0.689655
vt 0.688889 0.724138
vt 0.666667 0.724138
vt 0.666667 0.689655
vt 0.688889 0.724138
vt 0.666667 0.724138
vt 0.688889 0.000000
vt 0.666667 0.000000
vt 0.733333 0.000000
vt 0.711111 0.689655
vt 0.711111 0.000000
vt 0.711111 0.000000
vt 0.688889 0.689655
vt 0.688889 0.000000
vt 0.755556 0.000000
vt 0.733333 0.689655
vt 0.733333 0.000000
vt 0.688889 0.689655
vt 0.755556 0.000000
vt 0.733333 0.689655
vt 0.666667 0.000000
vt 0.711111 0.689655
vt 0.088889 0.758621
vt 0.155556 0.758621
vt 0.155556 0.793103
vt 0.022222 0.827586
vt 0.088889 0.862069
vt 0.022222 0.862069
vt 0.088889 0.827586
vt 0.000000 0.827586
vt 0.022222 0.793103
vt 0.022222 0.896552
vt 0.088889 0.896552
vt 0.155556 0.862069
vt 0.088889 0.827586
vt 0.155556 0.827586
vt 0.155556 0.793103
vt 0.177778 0.758621
vt 0.177778 0.793103
vt 0.200000 0.793103
vt 0.088889 0.896552
vt 0.155556 0.896552
vt 0.088889 0.758621
vt 0.155556 0.758621
vt 0.155556 0.793103
vt 0.022222 0.827586
vt 0.088889 0.862069
vt 0.022222 0.862069
vt 0.088889 0.827586
vt 0.000000 0.827586
vt 0.022222 0.793103
vt 0.022222 0.896552
vt 0.088889 0.896552
vt 0.155556 0.862069
vt 0.088889 0.827586
vt 0.155556 0.827586
vt 0.155556 0.793103
vt 0.177778 0.758621
vt 0.177778 0.793103
vt 0.200000 0.793103
vt 0.088889 0.896552
vt 0.155556 0.896552
vt 0.088889 0.758621
vt 0.155556 0.758621
vt 0.155556 0.793103
vt 0.022222 0.827586
vt 0.088889 0.862069
vt 0.022222 0.862069
vt 0.088889 0.827586
vt 0.000000 0.827586
vt 0.022222 0.793103
vt 0.088889 0.896552
vt 0.155556 0.862069
vt 0.088889 0.827586
vt 0.155556 0.827586
vt 0.155556 0.793103
vt 0.177778 0.758621
vt 0.177778 0.793103
vt 0.200000 0.793103
vt 0.088889 0.896552
vt 0.155556 0.896552
vt 0.333333 -0.000000
vt 0.222222 0.965517
vt 0.333333 0.965517
vt 0.400000 0.137931
vt 0.511111 0.965517
vt 0.511111 0.137931
vt 0.400000 0.965517
vt 0.333333 0.000000
vt 0.333333 0.965517
vt 0.577778 0.000000
vt 0.511111 0.965517
vt 0.577778 0.965517
vt 0.000000 0.344828
vt 0.000000 0.344828
vt -0.000000 0.344828
vt 0.155556 0.172414
vt 0.155556 0.517241
vt 0.155556 0.172414
vt 0.155556 0.172414
vt 0.155556 0.172414
vt 0.177778 0.827586
vt 0.022222 0.758621
vt 0.022222 0.896552
vt 0.666667 0.965517
vt 0.666667 0.965517
vt 0.666667 0.965517
vt 0.666667 0.965517
vt 0.222222 0.000000
vt 0.400000 0.965517
vt 0.400000 0.000000
vt 0.511111 0.000000
vt 0.755556 0.689655
vt 0.755556 0.689655
vt 0.177778 0.827586
vt 0.022222 0.758621
vt 0.177778 0.827586
vt 0.022222 0.758621
vt 0.177778 0.827586
vt 0.022222 0.758621
vt 0.022222 0.896552
vt 0.222222 0.000000
vt 0.400000 0.965517
vt 0.400000 0.000000
vt 0.511111 0.000000
vn 0.0000 1.0000 0.0000
vn 1.0000 0.0000 0.0000
vn -1.0000 0.0000 0.0000
vn 0.0000 0.0000 -1.0000
vn 0.0000 0.0000 1.0000
vn 0.0000 -1.0000 0.0000
vn -0.7071 -0.7071 0.0000
vn 0.0000 -0.7071 0.7071
vn 0.7071 -0.7071 0.0000
vn 0.0000 -0.7071 -0.7071
v -0.125000 3.250000 -1.625000
v 0.125000 3.250000 -1.375000
v -0.125000 3.250000 -1.375000
v 0.125000 6.250000 -1.375000
v -0.125000 6.000000 -1.625000
v -0.125000 6.250000 -1.375000
v 0.125000 6.000000 -1.625000
v 0.125000 3.250000 -1.625000
v -0.625000 6.000000 -0.125000
v -0.125000 6.000000 -0.375000
v -0.375000 6.000000 -0.125000
v -0.125000 6.250000 -0.625000
v -0.125000 6.000000 -0.625000
v 0.125000 6.250000 -1.375000
v 0.125000 6.000000 -0.625000
v 0.125000 6.000000 -1.375000
v -0.125000 6.250000 -1.375000
v 0.125000 6.250000 -0.625000
v -0.125000 6.000000 -1.375000
v 0.375000 6.250000 0.375000
v 0.625000 6.000000 0.125000
v 0.625000 6.250000 0.125000
v 0.375000 6.000000 -0.125000
v 0.375000 6.000000 0.375000
v 0.625000 6.250000 -0.125000
v 0.625000 6.000000 -0.125000
v 0.375000 6.250000 -0.125000
v -0.375000 6.250000 -0.125000
v -0.625000 6.250000 -0.125000
v -0.625000 6.250000 0.125000
v -0.375000 6.000000 0.375000
v -0.375000 6.250000 0.375000
v -0.625000 6.000000 0.125000
v -0.125000 6.250000 -0.375000
v 0.125000 6.000000 -0.375000
v 0.125000 6.250000 -0.375000
v 0.000000 6.000000 -0.625000
v 0.000000 5.500000 -1.375000
v 0.000000 6.250000 -0.625000
v 0.000000 4.250000 -0.625000
v 0.000000 4.750000 -1.375000
v 0.000000 5.000000 -1.375000
v 0.125000 4.000000 -0.625000
v -0.125000 4.000000 -0.375000
v -0.125000 4.000000 -0.625000
v -0.125000 4.250000 -0.375000
v 0.125000 4.000000 -0.375000
v 0.125000 4.250000 -0.375000
v -0.625000 4.000000 -0.125000
v -0.625000 4.250000 0.125000
v -0.625000 4.250000 -0.125000
v -0.375000 4.250000 -0.125000
v -0.375000 4.250000 0.375000
v -0.375000 4.000000 0.375000
v -0.375000 4.000000 -0.125000
v -0.625000 4.000000 0.125000
v -0.125000 4.250000 -0.625000
v 0.375000 4.000000 -0.125000
v 0.375000 4.250000 0.375000
v 0.375000 4.250000 -0.125000
v 0.625000 4.250000 0.125000
v 0.625000 4.250000 -0.125000
v 0.625000 4.000000 0.125000
v 0.625000 4.000000 -0.125000
v 0.375000 4.000000 0.375000
v 0.125000 4.000000 -1.375000
v -0.125000 4.000000 -1.375000
v -0.125000 4.250000 -1.375000
v 0.125000 4.250000 -0.625000
v 0.125000 4.250000 -1.375000
v 0.000000 5.500000 -1.375000
v 0.000000 6.000000 -0.625000
v 0.000000 6.250000 -0.625000
v 0.000000 4.750000 -1.375000
v 0.000000 4.250000 -0.625000
v 0.000000 5.000000 -1.375000
v 0.000000 5.250000 -1.375000
v 0.000000 4.000000 -0.625000
v 0.000000 5.250000 -1.375000
v 0.000000 4.000000 -0.625000
vt 0.800000 0.448276
vt 0.777778 0.413793
vt 0.800000 0.413793
vt 0.777778 0.862069
vt 0.800000 0.827586
vt 0.800000 0.862069
vt 0.777778 0.827586
vt 0.777778 0.448276
vt 0.844444 0.448276
vt 0.822222 0.862069
vt 0.822222 0.448276
vt 0.755556 0.448276
vt 0.755556 0.862069
vt 0.866667 0.172414
vt 0.911111 0.137931
vt 0.888889 0.172414
vt 1.000000 0.172414
vt 0.977778 0.103448
vt 1.000000 0.103448
vt 0.866667 -0.000000
vt 0.844444 0.103448
vt 0.844444 -0.000000
vt 0.933333 0.000000
vt 0.911111 0.103448
vt 0.911111 0.000000
vt 1.000000 -0.000000
vt 0.977778 -0.000000
vt 0.933333 -0.000000
vt 0.911111 0.103448
vt 0.911111 -0.000000
vt 0.866667 0.241379
vt 0.844444 0.206897
vt 0.866667 0.206897
vt 0.955556 0.172414
vt 0.977778 0.206897
vt 0.955556 0.241379
vt 0.866667 0.172414
vt 0.844444 0.172414
vt 0.888889 0.172414
vt 0.844444 0.310345
vt 0.866667 0.310345
vt 0.955556 0.172414
vt 0.933333 0.103448
vt 0.977778 0.172414
vt 0.977778 0.206897
vt 1.000000 0.241379
vt 0.977778 0.241379
vt 0.866667 0.206897
vt 0.977778 0.310345
vt 1.000000 0.310345
vt 0.955556 0.241379
vt 0.933333 0.137931
vt 0.911111 0.172414
vt 0.911111 0.137931
vt 0.933333 0.103448
vt 1.000000 0.344828
vt 0.866667 0.344828
vt 0.866667 0.103448
vt 0.933333 0.137931
vt 0.977778 0.172414
vt 0.444444 0.000000
vt 0.511111 0.034483
vt 0.444444 0.034483
vt 0.444444 0.034483
vt 0.511111 0.000000
vt 0.511111 0.034483
vt 0.933333 0.103448
vt 0.911111 0.137931
vt 0.911111 0.103448
vt 0.933333 0.137931
vt 0.911111 0.172414
vt 0.911111 0.137931
vt 1.000000 0.172414
vt 0.977778 0.206897
vt 0.977778 0.172414
vt 0.955556 0.172414
vt 0.955556 0.241379
vt 0.977778 0.310345
vt 1.000000 0.241379
vt 1.000000 0.310345
vt 0.888889 0.172414
vt 0.866667 0.206897
vt 0.866667 0.172414
vt 0.977778 0.241379
vt 0.933333 0.103448
vt 0.844444 0.310345
vt 0.866667 0.241379
vt 0.866667 0.310345
vt 0.888889 0.172414
vt 0.866667 0.206897
vt 0.866667 0.172414
vt 0.844444 0.206897
vt 0.844444 0.172414
vt 0.955556 0.172414
vt 0.977778 0.206897
vt 0.955556 0.241379
vt 0.933333 -0.000000
vt 0.911111 -0.000000
vt 1.000000 -0.000000
vt 0.977778 0.103448
vt 0.977778 -0.000000
vt 0.933333 0.000000
vt 0.911111 0.103448
vt 0.911111 0.000000
vt 0.866667 -0.000000
vt 0.844444 0.103448
vt 0.844444 -0.000000
vt 1.000000 0.103448
vt 0.511111 0.034483
vt 0.444444 0.000000
vt 0.444444 0.034483
vt 0.511111 0.000000
vt 0.444444 0.034483
vt 0.511111 0.034483
vt 1.000000 0.344828
vt 0.866667 0.344828
vt 0.866667 0.103448
vt 0.933333 0.137931
vt 0.977778 0.172414
vt 0.844444 0.862069
vt 0.844444 0.241379
vt 0.888889 0.241379
vt 1.000000 0.206897
vt 0.888889 0.241379
vt 0.933333 0.172414
vt 0.977778 0.344828
vt 0.844444 0.344828
vt 0.511111 0.000000
vt 0.444444 -0.000000
vt 0.933333 0.172414
vt 1.000000 0.206897
vt 0.888889 0.241379
vt 0.844444 0.241379
vt 0.888889 0.241379
vt 0.511111 0.000000
vt 0.444444 -0.000000
vt 0.977778 0.344828
vt 0.844444 0.344828
vn 0.0000 -1.0000 0.0000
vn 0.0000 0.7071 -0.7071
vn 0.0000 0.0000 -1.0000
vn 0.0000 -0.0000 1.0000
vn 1.0000 0.0000 0.0000
vn -1.0000 0.0000 0.0000
vn -0.7071 0.0000 -0.7071
vn 0.0000 1.0000 0.0000
vn 0.7071 0.0000 0.7071
vn -0.7071 0.0000 0.7071
vn 0.7071 0.0000 -0.7071
v 0.125000 3.250000 -1.375000
v -0.125000 3.250000 -1.625000
v -0.125000 3.250000 -1.375000
v 0.125000 1.250000 -1.625000
v 0.125000 1.250000 -1.375000
v -0.125000 1.250000 -1.375000
v -0.125000 1.250000 -1.625000
v 0.125000 3.250000 -1.625000
v -0.062500 3.250000 -1.562500
v 0.062500 4.250000 -1.562500
v 0.062500 3.250000 -1.562500
v 0.062500 3.250000 -1.437500
v -0.062500 4.250000 -1.437500
v -0.062500 3.250000 -1.437500
v 0.062500 4.250000 -1.437500
v -0.062500 4.250000 -1.562500
vt 0.755556 0.310345
vt 0.777778 0.275862
vt 0.777778 0.310345
vt 0.844444 -0.000000
vt 0.822222 0.275862
vt 0.822222 -0.000000
vt 0.800000 -0.000000
vt 0.777778 -0.000000
vt 0.755556 0.275862
vt 0.755556 -0.000000
vt 0.800000 0.275862
vt 0.788889 0.275862
vt 0.777778 0.413793
vt 0.777778 0.275862
vt 0.811111 0.275862
vt 0.800000 0.413793
vt 0.800000 0.275862
vt 0.822222 0.275862
vt 0.811111 0.413793
vt 0.788889 0.413793
vt 0.844444 0.275862
vt 0.822222 0.413793
vn 0.0000 1.0000 0.0000
vn 1.0000 0.0000 0.0000
vn -1.0000 0.0000 0.0000
vn 0.0000 0.0000 -1.0000
vn 0.0000 -0.0000 1.0000
v -0.187500 5.250000 0.125000
v -0.275888 5.213388 1.375000
v -0.187500 5.250000 1.375000
v -0.099112 5.213388 0.125000
v -0.099112 5.213388 1.375000
v -0.099112 5.036612 0.125000
v -0.062500 5.125000 1.375000
v -0.099112 5.036612 1.375000
v -0.275888 5.036612 0.125000
v -0.187500 5.000000 1.375000
v -0.275888 5.036612 1.375000
v -0.275888 5.213388 0.125000
v -0.312500 5.125000 1.375000
v -0.062500 5.125000 0.125000
v -0.187500 5.000000 0.125000
v -0.312500 5.125000 0.125000
v 0.187500 4.250000 0.125000
v 0.099112 4.213388 1.375000
v 0.187500 4.250000 1.375000
v 0.275888 4.213388 0.125000
v 0.275888 4.213388 1.375000
v 0.275888 4.036612 0.125000
v 0.312500 4.125000 1.375000
v 0.275888 4.036612 1.375000
v 0.099112 4.036612 0.125000
v 0.187500 4.000000 1.375000
v 0.099112 4.036612 1.375000
v 0.099112 4.213388 0.125000
v 0.062500 4.125000 1.375000
v 0.312500 4.125000 0.125000
v 0.187500 4.000000 0.125000
v 0.062500 4.125000 0.125000
vt 0.711111 0.896552
vt 0.700000 0.724138
vt 0.711111 0.724138
vt 0.722222 0.896552
vt 0.722222 0.724138
vt 0.744444 0.896552
vt 0.733333 0.724138
vt 0.744444 0.724138
vt 0.677778 0.896552
vt 0.666667 0.724138
vt 0.677778 0.724138
vt 0.700000 0.896552
vt 0.688889 0.724138
vt 0.733333 0.896552
vt 0.755556 0.896552
vt 0.755556 0.724138
vt 0.688889 0.896552
vt 0.711111 0.896552
vt 0.700000 0.724138
vt 0.711111 0.724138
vt 0.722222 0.896552
vt 0.722222 0.724138
vt 0.744444 0.896552
vt 0.733333 0.724138
vt 0.744444 0.724138
vt 0.677778 0.896552
vt 0.666667 0.724138
vt 0.677778 0.724138
vt 0.700000 0.896552
vt 0.688889 0.724138
vt 0.733333 0.896552
vt 0.755556 0.896552
vt 0.755556 0.724138
vt 0.688889 0.896552
vt 0.666667 0.896552
vt 0.666667 0.896552
vn -0.0000 1.0000 0.0000
vn -0.7071 0.7071 0.0000
vn 0.7071 0.7071 0.0000
vn 0.7071 -0.7071 0.0000
vn 1.0000 0.0000 0.0000
vn -0.7071 -0.7071 0.0000
vn 0.0000 -1.0000 0.0000
vn -1.0000 -0.0000 0.0000
v 0.250000 3.500000 -3.250000
v 0.750000 3.500000 -2.750000
v 0.250000 3.500000 -2.750000
v -0.750000 3.500000 -3.250000
v -0.250000 3.500000 -2.750000
v -0.750000 3.500000 -2.750000
v 0.750000 10.000000 -2.750000
v 0.250000 10.000000 -3.250000
v 0.250000 10.000000 -2.750000
v -0.250000 10.000000 -2.750000
v -0.750000 10.000000 -3.250000
v -0.750000 10.000000 -2.750000
v -0.250000 3.500000 -3.250000
v -0.250000 10.000000 -3.250000
v 0.750000 3.500000 -3.250000
v 0.750000 10.000000 -3.250000
v 0.250000 9.000000 -3.500000
v -0.250000 9.000000 -1.000000
v 0.250000 9.000000 -1.000000
v -0.250000 8.500000 -1.000000
v 0.250000 8.500000 -3.500000
v 0.250000 8.500000 -1.000000
v 0.375000 9.125000 -1.000000
v -0.250000 9.000000 -3.500000
v -0.250000 8.500000 -3.500000
v -0.375000 8.375000 -1.000000
v -0.375000 9.125000 -0.750000
v -0.375000 9.125000 -1.000000
v 0.375000 8.375000 -1.000000
v 0.375000 8.375000 -0.750000
v 0.375000 9.125000 -0.750000
v -0.375000 8.375000 -0.750000
v 0.375000 3.875000 -1.000000
v -0.375000 3.875000 -0.750000
v -0.375000 3.875000 -1.000000
v 0.375000 4.625000 -1.000000
v 0.375000 3.875000 -0.750000
v -0.375000 4.625000 -1.000000
v 0.375000 4.625000 -0.750000
v -0.375000 4.625000 -0.750000
v 0.250000 4.000000 -1.000000
v -0.250000 4.000000 -1.000000
v 0.250000 4.500000 -1.000000
v -0.250000 4.500000 -1.000000
v 0.250000 4.000000 -3.500000
v 0.250000 4.500000 -3.500000
v -0.250000 4.000000 -3.500000
v -0.250000 4.500000 -3.500000
v 0.750000 6.500000 -1.250000
v 0.250000 6.500000 -2.750000
v 0.750000 6.500000 -2.750000
v -0.250000 7.000000 -1.250000
v -0.250000 6.500000 -2.750000
v -0.250000 7.000000 -2.750000
v 0.250000 7.000000 -2.750000
v 0.750000 7.000000 -1.250000
v 0.750000 7.000000 -2.750000
v 0.250000 6.500000 -1.250000
v -0.750000 6.500000 -1.250000
v -0.750000 7.000000 -2.750000
v -0.750000 6.500000 -2.750000
v -0.250000 6.500000 -1.250000
v -0.750000 7.000000 -1.250000
v 0.750000 6.500000 -1.250000
v -0.750000 6.500000 -1.250000
v 0.750000 6.500000 -0.750000
v -0.750000 7.000000 -0.750000
v -0.750000 6.500000 -0.750000
v 0.750000 7.000000 -0.750000
v 0.750000 7.000000 -1.250000
v 1.250000 7.000000 0.750000
v 1.250000 7.000000 -0.750000
v -1.250000 6.500000 0.750000
v -1.250000 6.500000 -0.750000
v 1.250000 6.500000 -0.750000
v -1.250000 7.000000 -0.750000
v 0.750000 6.500000 0.750000
v 0.750000 7.000000 0.750000
v -0.750000 7.000000 0.750000
v -0.750000 6.500000 0.750000
v -1.250000 7.000000 0.750000
v 1.250000 6.500000 0.750000
v 0.250000 7.000000 -1.250000
v -0.750000 7.000000 -1.250000
vt 0.820513 0.269663
vt 0.794872 0.224719
vt 0.820513 0.224719
vt 0.820513 0.269663
vt 0.794872 0.224719
vt 0.820513 0.224719
vt 0.794872 0.898876
vt 0.820513 0.853933
vt 0.820513 0.898876
vt 0.794872 0.898876
vt 0.820513 0.853933
vt 0.820513 0.898876
vt 0.897436 0.269663
vt 0.871795 0.853933
vt 0.871795 0.269663
vt 0.794872 0.853933
vt 0.794872 0.269663
vt 0.897436 0.269663
vt 0.871795 0.853933
vt 0.871795 0.269663
vt 0.794872 0.853933
vt 0.794872 0.269663
vt 0.846154 0.269663
vt 0.846154 0.853933
vt 0.846154 0.269663
vt 0.846154 0.853933
vt 0.544872 0.921348
vt 0.416667 0.966292
vt 0.416667 0.921348
vt 0.416667 0.921348
vt 0.544872 0.966292
vt 0.416667 0.966292
vt 0.410256 0.910112
vt 0.544872 0.921348
vt 0.416667 0.966292
vt 0.416667 0.921348
vt 0.570513 0.966292
vt 0.544872 0.966292
vt 0.416667 0.966292
vt 0.544872 0.921348
vt 0.544872 0.966292
vt 0.410256 0.977528
vt 0.397436 0.910112
vt 0.410256 0.910112
vt 0.410256 0.910112
vt 0.416667 0.921348
vt 0.410256 0.910112
vt 0.397436 0.977528
vt 0.358974 0.910112
vt 0.397436 0.910112
vt 0.410256 0.977528
vt 0.410256 0.977528
vt 0.397436 0.910112
vt 0.410256 0.977528
vt 0.397436 0.910112
vt 0.410256 0.977528
vt 0.397436 0.910112
vt 0.410256 0.910112
vt 0.410256 0.977528
vt 0.397436 0.910112
vt 0.410256 0.910112
vt 0.410256 0.977528
vt 0.397436 0.910112
vt 0.410256 0.910112
vt 0.397436 0.977528
vt 0.358974 0.910112
vt 0.416667 0.966292
vt 0.416667 0.921348
vt 0.416667 0.966292
vt 0.416667 0.921348
vt 0.416667 0.966292
vt 0.410256 0.910112
vt 0.416667 0.921348
vt 0.410256 0.977528
vt 0.397436 0.910112
vt 0.544872 0.921348
vt 0.544872 0.966292
vt 0.544872 0.921348
vt 0.570513 0.966292
vt 0.544872 0.966292
vt 0.544872 0.921348
vt 0.416667 0.966292
vt 0.416667 0.921348
vt 0.544872 0.966292
vt 1.000000 0.134831
vt 0.974359 -0.000000
vt 1.000000 -0.000000
vt 0.923077 0.134831
vt 0.897436 -0.000000
vt 0.923077 0.000000
vt 0.948718 -0.000000
vt 0.923077 0.134831
vt 0.923077 0.000000
vt 0.974359 0.134831
vt 0.974359 0.134831
vt 0.948718 -0.000000
vt 0.974359 -0.000000
vt 1.000000 0.134831
vt 1.000000 -0.000000
vt 0.897436 -0.000000
vt 0.948718 0.494382
vt 0.974359 0.359551
vt 0.974359 0.494382
vt 0.897436 0.359551
vt 0.923077 0.494382
vt 0.897436 0.494382
vt 0.923077 0.359551
vt 0.948718 0.359551
vt 0.923077 0.314607
vt 0.948718 0.179775
vt 0.948718 0.314607
vt 1.000000 0.494382
vt 1.000000 0.539326
vt 0.974359 0.674157
vt 0.974359 0.539326
vt 1.000000 0.359551
vt 1.000000 0.314607
vt 0.923077 0.314607
vt 1.000000 0.539326
vt 0.923077 0.539326
vt 0.974359 0.134831
vt 0.948718 0.134831
vt 0.948718 0.719101
vt 0.974359 0.719101
vt 0.897436 0.314607
vt 0.923077 0.179775
vt 0.948718 0.539326
vt 0.923077 0.674157
vt 0.923077 0.539326
vt 0.948718 0.674157
vt 0.974359 0.314607
vt 1.000000 0.179775
vt 1.000000 0.314607
vt 0.974359 0.179775
vt 0.897436 0.674157
vt 0.897436 0.539326
vt 0.897436 0.853933
vt 0.897436 0.853933
vt 0.544872 0.921348
vt 0.544872 0.966292
vt 0.570513 0.921348
vt 0.397436 0.977528
vt 0.358974 0.977528
vt 0.397436 0.977528
vt 0.397436 0.977528
vt 0.397436 0.977528
vt 0.397436 0.977528
vt 0.358974 0.977528
vt 0.397436 0.977528
vt 0.570513 0.921348
vt 0.544872 0.966292
vt 0.544872 0.921348
vt 0.897436 0.134831
vt 0.948718 0.134831
vt 0.948718 0.134831
vt 0.897436 0.134831
vt 1.000000 0.674157
vt 0.897436 0.179775
vn 0.0000 -1.0000 0.0000
vn 0.0000 1.0000 0.0000
vn 1.0000 0.0000 0.0000
vn 0.0000 0.0000 -1.0000
vn -1.0000 0.0000 0.0000
vn 0.0000 -0.0000 1.0000
vn 0.7071 0.0000 -0.7071
vn -0.7071 0.0000 -0.7071
v 0.750000 3.500000 -2.750000
v 0.250000 3.500000 -3.250000
v 0.250000 3.500000 -2.750000
v 0.750000 1.500000 -3.250000
v 0.750000 1.500000 -2.750000
v 0.250000 1.500000 -3.250000
v 0.750000 3.500000 -3.250000
v 0.250000 1.500000 -2.750000
v -0.250000 3.500000 -2.750000
v -0.750000 3.500000 -3.250000
v -0.750000 3.500000 -2.750000
v -0.250000 1.500000 -3.250000
v -0.250000 1.500000 -2.750000
v -0.750000 1.500000 -3.250000
v -0.250000 3.500000 -3.250000
v -0.750000 1.500000 -2.750000
v 0.312500 4.500000 -3.187500
v 0.687500 3.500000 -3.187500
v 0.312500 3.500000 -3.187500
v 0.687500 4.500000 -2.812500
v 0.312500 3.500000 -2.812500
v 0.687500 3.500000 -2.812500
v 0.687500 4.500000 -3.187500
v 0.312500 4.500000 -2.812500
v -0.687500 4.500000 -3.187500
v -0.312500 3.500000 -3.187500
v -0.687500 3.500000 -3.187500
v -0.312500 4.500000 -2.812500
v -0.687500 3.500000 -2.812500
v -0.312500 3.500000 -2.812500
v -0.312500 4.500000 -3.187500
v -0.687500 4.500000 -2.812500
vt 0.794872 0.224719
vt 0.820513 0.179775
vt 0.820513 0.224719
vt 0.897436 0.000000
vt 0.871795 0.179775
vt 0.871795 0.000000
vt 0.820513 0.000000
vt 0.794872 0.179775
vt 0.794872 0.000000
vt 0.846154 0.000000
vt 0.846154 0.179775
vt 0.794872 0.224719
vt 0.820513 0.179775
vt 0.820513 0.224719
vt 0.897436 0.000000
vt 0.871795 0.179775
vt 0.871795 0.000000
vt 0.820513 0.000000
vt 0.794872 0.179775
vt 0.794872 0.000000
vt 0.846154 0.000000
vt 0.846154 0.179775
vt 0.839744 0.269663
vt 0.820513 0.179775
vt 0.839744 0.179775
vt 0.878205 0.269663
vt 0.858974 0.179775
vt 0.878205 0.179775
vt 0.897436 0.269663
vt 0.897436 0.179775
vt 0.858974 0.269663
vt 0.839744 0.269663
vt 0.820513 0.179775
vt 0.839744 0.179775
vt 0.878205 0.269663
vt 0.858974 0.179775
vt 0.878205 0.179775
vt 0.897436 0.269663
vt 0.897436 0.179775
vt 0.858974 0.269663
vt 0.897436 0.179775
vt 0.897436 0.179775
vt 0.820513 0.269663
vt 0.820513 0.269663
vn 0.0000 1.0000 0.0000
vn 1.0000 0.0000 0.0000
vn 0.0000 0.0000 -1.0000
vn -1.0000 0.0000 0.0000
vn 0.0000 -0.0000 1.0000
v -0.250000 8.500000 2.500000
v 0.250000 8.500000 0.250000
v 0.250000 8.500000 2.500000
v 0.250000 9.000000 0.250000
v 0.250000 9.000000 2.500000
v -0.250000 9.000000 2.500000
v -0.250000 8.500000 0.250000
v -0.250000 9.000000 0.250000
v 0.000000 10.812500 0.500000
v 0.000000 10.875000 0.000000
v 0.000000 11.000000 0.000000
v 0.000000 10.875000 2.500000
v 0.000000 10.812500 2.000000
v 0.000000 11.000000 2.500000
v 0.000000 10.687500 2.000000
v 0.000000 10.750000 1.500000
v 0.000000 10.625000 1.500000
v 0.000000 10.750000 1.000000
v 0.000000 10.687500 0.500000
v 0.000000 10.812500 0.500000
v 0.000000 10.875000 0.000000
v 0.000000 10.687500 0.500000
v 0.000000 10.812500 2.000000
v 0.000000 10.875000 2.500000
v 0.000000 11.000000 2.500000
v 0.000000 10.750000 1.500000
v 0.000000 10.687500 2.000000
v 0.000000 10.750000 1.000000
v 0.000000 10.625000 1.500000
v 0.000000 10.625000 1.000000
v 0.000000 10.625000 1.000000
v 0.000000 11.000000 0.000000
v 1.000000 7.625000 0.000000
v 0.625000 7.661612 -0.088388
v 1.000000 7.661612 -0.088388
v 1.000000 7.838388 -0.088388
v 0.625000 7.875000 0.000000
v 1.000000 7.875000 0.000000
v 0.625000 7.750000 -0.125000
v 1.000000 7.750000 -0.125000
v 1.000000 7.838388 0.088388
v 0.625000 7.750000 0.125000
v 1.000000 7.750000 0.125000
v 1.000000 7.661612 0.088388
v 0.625000 7.625000 0.000000
v 0.625000 7.661612 0.088388
v 0.625000 7.838388 0.088388
v 0.625000 7.838388 -0.088388
v 1.025888 7.661612 0.099112
v 1.036612 7.661612 0.125000
v 1.025888 7.838388 0.099112
v 1.036612 7.838388 0.125000
v 1.150888 7.838388 -0.025888
v 1.088388 7.875000 0.036612
v 1.150888 7.661612 -0.025888
v 1.176777 7.750000 -0.051777
v 1.088388 7.625000 0.036612
v 1.213388 7.838388 0.125000
v 1.213388 7.661612 0.125000
v 1.125000 7.875000 0.125000
v 1.250000 7.750000 0.125000
v 1.125000 7.625000 0.125000
v 1.213388 7.838388 2.875000
v 1.125000 7.875000 2.875000
v 1.213388 7.661612 2.875000
v 1.250000 7.750000 2.875000
v 1.036612 7.838388 2.875000
v 1.000000 7.750000 2.875000
v 1.036612 7.661612 2.875000
v 1.125000 7.625000 2.875000
v 1.025888 7.661612 2.900888
v 1.000000 7.661612 2.911612
v 1.025888 7.838388 2.900888
v 1.000000 7.838388 2.911612
v 1.088388 7.875000 2.963388
v 1.150888 7.838388 3.025888
v 1.176777 7.750000 3.051777
v 1.150888 7.661612 3.025888
v 1.088388 7.625000 2.963388
v 1.000000 7.661612 3.088388
v 1.000000 7.625000 3.000000
v 1.000000 7.838388 3.088388
v 1.000000 7.875000 3.000000
v 1.000000 7.750000 3.125000
v 1.176777 5.500000 3.051777
v 1.000000 5.588388 3.088388
v 1.000000 5.500000 3.125000
v 1.000000 5.625000 3.000000
v 1.025888 5.588388 2.900888
v 1.000000 5.588388 2.911612
v 1.000000 5.411612 2.911612
v 1.088388 5.375000 2.963388
v 1.000000 5.375000 3.000000
v 1.000000 5.411612 3.088388
v 1.088388 5.625000 2.963388
v 1.213388 5.411612 2.875000
v 1.150888 5.411612 3.025888
v 1.213388 5.588388 2.875000
v 1.150888 5.588388 3.025888
v 1.125000 5.625000 2.875000
v 1.025888 5.411612 2.900888
v 1.125000 5.375000 2.875000
v 1.000000 5.500000 2.875000
v 1.036612 5.588388 2.875000
v 1.036612 5.411612 2.875000
v 1.213388 5.411612 0.125000
v 1.250000 5.500000 2.875000
v 1.213388 5.588388 0.125000
v 1.036612 5.588388 0.125000
v 1.036612 5.411612 0.125000
v 1.125000 5.375000 0.125000
v 1.000000 5.500000 0.125000
v 1.250000 5.500000 0.125000
v 1.125000 5.625000 0.125000
v 1.088388 5.375000 0.036612
v 1.176777 5.500000 -0.051777
v 1.088388 5.625000 0.036612
v 1.150888 5.411612 -0.025888
v 1.150888 5.588388 -0.025888
v 1.025888 5.588388 0.099112
v 1.000000 5.375000 0.000000
v 1.000000 5.411612 -0.088388
v 1.000000 5.500000 -0.125000
v 1.000000 5.588388 -0.088388
v 1.000000 5.588388 0.088388
v 1.025888 5.411612 0.099112
v 1.000000 5.625000 0.000000
v 1.000000 5.411612 0.088388
v 0.625000 5.588388 -0.088388
v 0.625000 5.588388 0.088388
v 0.625000 5.411612 0.088388
v 0.625000 5.375000 0.000000
v 0.625000 5.500000 0.125000
v 0.625000 5.500000 -0.125000
v 0.625000 5.625000 0.000000
v 0.625000 5.411612 -0.088388
vt 0.692308 0.449438
vt 0.666667 0.651685
vt 0.666667 0.449438
vt 0.769231 0.449438
vt 0.743590 0.651685
vt 0.743590 0.449438
vt 0.717949 0.449438
vt 0.692308 0.651685
vt 0.717949 0.651685
vt 0.461538 0.910112
vt 0.487179 0.898876
vt 0.487179 0.910112
vt 0.358974 0.898876
vt 0.384615 0.910112
vt 0.358974 0.910112
vt 0.384615 0.898876
vt 0.410256 0.910112
vt 0.410256 0.898876
vt 0.435897 0.910112
vt 0.461538 0.898876
vt 0.461538 0.910112
vt 0.487179 0.898876
vt 0.461538 0.898876
vt 0.384615 0.910112
vt 0.358974 0.898876
vt 0.358974 0.910112
vt 0.410256 0.910112
vt 0.384615 0.898876
vt 0.435897 0.910112
vt 0.410256 0.898876
vt 0.435897 0.898876
vt 0.769231 0.651685
vt 0.435897 0.898876
vt 0.487179 0.910112
vt 0.705128 0.966292
vt 0.698718 1.000000
vt 0.698718 0.966292
vt 0.685897 0.966292
vt 0.679487 1.000000
vt 0.679487 0.966292
vt 0.692308 1.000000
vt 0.692308 0.966292
vt 0.673077 0.966292
vt 0.666667 1.000000
vt 0.666667 0.966292
vt 0.711538 0.966292
vt 0.705128 1.000000
vt 0.717949 0.966292
vt 0.711538 1.000000
vt 0.673077 1.000000
vt 0.685897 1.000000
vt 0.711538 0.949438
vt 0.717949 0.949438
vt 0.711538 0.955056
vt 0.711538 0.943820
vt 0.673077 0.949438
vt 0.673077 0.955056
vt 0.666667 0.949438
vt 0.673077 0.943820
vt 0.685897 0.949438
vt 0.679487 0.960674
vt 0.679487 0.949438
vt 0.698718 0.949438
vt 0.692308 0.949438
vt 0.705128 0.960674
vt 0.705128 0.949438
vt 0.685897 0.932584
vt 0.698718 0.932584
vt 0.679487 0.938202
vt 0.692308 0.932584
vt 0.705128 0.938202
vt 0.685897 0.685393
vt 0.679487 0.932584
vt 0.679487 0.685393
vt 0.698718 0.685393
vt 0.692308 0.685393
vt 0.673077 0.685393
vt 0.666667 0.932584
vt 0.666667 0.685393
vt 0.711538 0.685393
vt 0.705128 0.932584
vt 0.705128 0.685393
vt 0.717949 0.685393
vt 0.711538 0.932584
vt 0.673077 0.932584
vt 0.711538 0.668539
vt 0.717949 0.668539
vt 0.711538 0.674157
vt 0.711538 0.662921
vt 0.673077 0.668539
vt 0.673077 0.674157
vt 0.666667 0.668539
vt 0.673077 0.662921
vt 0.679487 0.668539
vt 0.685897 0.668539
vt 0.692308 0.668539
vt 0.698718 0.668539
vt 0.705128 0.679775
vt 0.705128 0.668539
vt 0.679487 0.679775
vt 0.698718 0.651685
vt 0.705128 0.657303
vt 0.685897 0.651685
vt 0.679487 0.657303
vt 0.692308 0.651685
vt 0.692308 0.668539
vt 0.685897 0.651685
vt 0.692308 0.651685
vt 0.679487 0.657303
vt 0.673077 0.668539
vt 0.673077 0.662921
vt 0.711538 0.662921
vt 0.705128 0.668539
vt 0.705128 0.657303
vt 0.698718 0.651685
vt 0.679487 0.668539
vt 0.698718 0.685393
vt 0.698718 0.668539
vt 0.685897 0.685393
vt 0.685897 0.668539
vt 0.679487 0.679775
vt 0.711538 0.668539
vt 0.705128 0.679775
vt 0.666667 0.668539
vt 0.673077 0.674157
vt 0.717949 0.668539
vt 0.711538 0.674157
vt 0.705128 0.685393
vt 0.698718 0.932584
vt 0.692308 0.685393
vt 0.685897 0.932584
vt 0.679487 0.685393
vt 0.673077 0.932584
vt 0.673077 0.685393
vt 0.717949 0.685393
vt 0.711538 0.932584
vt 0.711538 0.685393
vt 0.705128 0.932584
vt 0.666667 0.932584
vt 0.666667 0.685393
vt 0.692308 0.932584
vt 0.679487 0.932584
vt 0.711538 0.943820
vt 0.705128 0.949438
vt 0.705128 0.938202
vt 0.692308 0.949438
vt 0.679487 0.949438
vt 0.679487 0.938202
vt 0.698718 0.949438
vt 0.685897 0.949438
vt 0.673077 0.943820
vt 0.673077 0.949438
vt 0.705128 0.960674
vt 0.698718 0.966292
vt 0.692308 0.966292
vt 0.685897 0.966292
vt 0.673077 0.955056
vt 0.711538 0.949438
vt 0.679487 0.960674
vt 0.666667 0.949438
vt 0.717949 0.949438
vt 0.711538 0.955056
vt 0.685897 1.000000
vt 0.679487 0.966292
vt 0.673077 1.000000
vt 0.673077 0.966292
vt 0.717949 0.966292
vt 0.711538 1.000000
vt 0.711538 0.966292
vt 0.705128 1.000000
vt 0.705128 0.966292
vt 0.666667 1.000000
vt 0.666667 0.966292
vt 0.692308 1.000000
vt 0.679487 1.000000
vt 0.698718 1.000000
vt 0.717949 1.000000
vt 0.717949 0.932584
vt 0.717949 0.932584
vt 0.717949 1.000000
vn 0.0000 -1.0000 0.0000
vn 1.0000 0.0000 0.0000
vn -1.0000 0.0000 0.0000
vn 0.0000 1.0000 0.0000
vn 0.0196 -0.9987 -0.0473
vn 0.0000 -0.7071 -0.7071
vn 0.1448 -0.6794 -0.7194
vn 0.1448 0.6794 -0.7194
vn 0.0196 0.9987 -0.0473
vn 0.0000 -0.0000 -1.0000
vn 0.1866 0.0000 -0.9824
vn -0.1363 0.7263 0.6737
vn 0.0000 0.0000 1.0000
vn -0.7071 -0.0000 0.7071
vn -0.1363 -0.7263 0.6737
vn 0.0000 -0.7071 0.7071
vn 0.0000 0.7071 0.7071
vn 0.0000 0.7071 -0.7071
vn -0.4617 -0.7574 0.4617
vn -0.6737 -0.7263 0.1363
vn -0.4617 0.7574 0.4617
vn -0.6737 0.7263 0.1363
vn 0.5293 0.6630 -0.5294
vn 0.0671 0.9955 -0.0671
vn 0.5293 -0.6630 -0.5294
vn 0.7071 0.0000 -0.7071
vn 0.0671 -0.9955 -0.0671
vn 0.7194 0.6794 -0.1448
vn 0.7194 -0.6794 -0.1448
vn 0.0473 0.9987 -0.0196
vn 0.9824 -0.0000 -0.1866
vn 0.0473 -0.9987 -0.0196
vn 0.7194 0.6794 0.1448
vn 0.0473 0.9987 0.0196
vn 0.7194 -0.6794 0.1448
vn 0.9824 -0.0000 0.1866
vn -0.6737 0.7263 -0.1363
vn -0.9809 -0.0000 -0.1944
vn -0.6737 -0.7263 -0.1363
vn 0.0473 -0.9987 0.0196
vn -0.4617 -0.7574 -0.4617
vn -0.2611 -0.7311 -0.6303
vn -0.4617 0.7574 -0.4617
vn -0.2611 0.7311 -0.6303
vn 0.0671 0.9955 0.0671
vn 0.5294 0.6630 0.5293
vn 0.7071 0.0000 0.7071
vn 0.5293 -0.6630 0.5294
vn 0.0671 -0.9955 0.0671
vn 0.2962 -0.6333 0.7150
vn 0.0393 -0.9947 0.0948
vn 0.2962 0.6333 0.7150
vn 0.0393 0.9947 0.0948
vn 0.3827 0.0000 0.9239
vn 0.5293 -0.6630 0.5293
vn 0.5293 0.6630 0.5294
v 0.500000 2.000000 0.500000
v -2.500000 2.000000 2.500000
v 2.500000 2.000000 2.500000
v 0.500000 2.000000 -0.500000
v 0.500000 1.500000 0.500000
v -0.500000 2.000000 0.500000
v -2.500000 2.000000 -2.500000
v -0.500000 2.000000 -0.500000
v 2.500000 2.000000 -2.500000
v 0.500000 1.500000 2.500000
v -2.500000 1.500000 0.500000
v -0.500000 1.500000 -2.500000
v 2.500000 1.500000 -0.500000
v -0.500000 1.500000 -0.500000
v 0.500000 1.500000 -0.500000
v -0.500000 1.500000 0.500000
v 2.500000 1.500000 0.500000
v -0.500000 1.500000 2.500000
v -2.500000 1.500000 -0.500000
v 0.500000 1.500000 -2.500000
v 1.500000 1.000000 1.500000
v 2.500000 1.000000 1.500000
v 1.500000 1.000000 -1.500000
v 2.500000 1.000000 -1.500000
v -1.500000 1.000000 -1.500000
v -2.500000 1.000000 -1.500000
v -1.500000 1.000000 1.500000
v -2.500000 1.000000 1.500000
v -1.500000 1.000000 -3.500000
v 1.500000 1.500000 -3.500000
v 1.500000 1.000000 -3.500000
v 1.500000 2.000000 -2.500000
v -1.500000 2.000000 -3.000000
v -1.500000 2.000000 -2.500000
v 1.500000 2.000000 -3.000000
v 1.500000 1.000000 -2.500000
v -1.500000 1.000000 -2.500000
v -1.500000 1.500000 -3.500000
v 2.500000 1.250000 4.500000
v 2.250000 2.000000 4.500000
v 1.500000 1.750000 4.500000
v 1.000000 11.000000 3.500000
v -1.000000 11.000000 2.500000
v -1.000000 11.000000 3.500000
v 1.000000 1.000000 2.500000
v 1.000000 1.000000 3.500000
v -1.000000 1.000000 3.500000
v -1.000000 1.000000 2.500000
v 1.000000 11.000000 2.500000
v 3.500000 1.250000 4.500000
v 3.250000 2.000000 4.500000
v 2.500000 1.750000 4.500000
v 1.750000 2.000000 2.500000
v 1.750000 2.000000 4.500000
v 2.500000 1.250000 2.500000
v 2.500000 1.750000 4.500000
v 1.500000 1.250000 2.500000
v 2.500000 1.750000 2.500000
v 1.750000 1.000000 2.500000
v 2.250000 1.000000 4.500000
v 1.750000 1.000000 4.500000
v 2.250000 1.000000 2.500000
v 1.500000 1.750000 2.500000
v 1.500000 1.250000 4.500000
v 2.750000 2.000000 2.500000
v 2.750000 2.000000 4.500000
v 3.500000 1.250000 2.500000
v 3.500000 1.750000 4.500000
v 2.500000 1.250000 2.500000
v 3.500000 1.750000 2.500000
v 2.750000 1.000000 2.500000
v 3.250000 1.000000 4.500000
v 2.750000 1.000000 4.500000
v 3.250000 1.000000 2.500000
v 2.500000 1.750000 2.500000
v 2.500000 1.250000 4.500000
v -0.500000 2.000000 0.500000
v 0.500000 2.000000 -0.500000
v -0.500000 2.000000 -0.500000
v -2.500000 1.250000 4.500000
v -2.750000 2.000000 4.500000
v -3.500000 1.750000 4.500000
v -1.500000 1.250000 4.500000
v -1.750000 2.000000 4.500000
v -2.500000 1.750000 4.500000
v -3.250000 2.000000 2.500000
v -3.250000 2.000000 4.500000
v -2.500000 1.250000 2.500000
v -2.500000 1.750000 4.500000
v -3.500000 1.250000 2.500000
v -2.500000 1.750000 2.500000
v -3.250000 1.000000 2.500000
v -2.750000 1.000000 4.500000
v -3.250000 1.000000 4.500000
v -2.750000 1.000000 2.500000
v -3.500000 1.750000 2.500000
v -3.500000 1.250000 4.500000
v -2.250000 2.000000 2.500000
v -2.250000 2.000000 4.500000
v -1.500000 1.250000 2.500000
v -1.500000 1.750000 4.500000
v -2.500000 1.250000 2.500000
v -1.500000 1.750000 2.500000
v -2.250000 1.000000 2.500000
v -1.750000 1.000000 4.500000
v -2.250000 1.000000 4.500000
v -1.750000 1.000000 2.500000
v -2.500000 1.750000 2.500000
v -2.500000 1.250000 4.500000
v 1.500000 1.000000 2.500000
v 2.500000 1.000000 2.500000
v -2.500000 1.000000 2.500000
v -1.500000 1.000000 2.500000
v -2.500000 1.000000 -2.500000
v -1.500000 1.000000 -2.500000
v 2.500000 1.000000 -2.500000
v 1.500000 1.000000 -2.500000
v 2.250000 2.000000 2.500000
v 3.250000 2.000000 2.500000
v 0.500000 2.000000 0.500000
v -2.750000 2.000000 2.500000
v -1.750000 2.000000 2.500000
v 3.025888 2.150888 2.661612
v 3.125000 2.000000 2.750000
v 3.088388 2.000000 2.661612
v 3.088388 2.000000 2.838388
v 2.963388 2.088388 2.875000
v 3.000000 2.000000 2.875000
v 2.900888 2.025888 2.661612
v 3.000000 2.000000 2.625000
v 2.911612 2.000000 2.661612
v 2.963388 2.088388 2.625000
v 3.051777 2.176777 2.750000
v 2.900888 2.025888 2.838388
v 2.911612 2.000000 2.838388
v 2.875000 2.213388 2.838388
v 3.025888 2.150888 2.838388
v 2.875000 2.036612 2.661612
v 2.875000 2.125000 2.625000
v 2.875000 2.250000 2.750000
v 2.875000 2.036612 2.838388
v 2.875000 2.000000 2.750000
v 1.000000 2.125000 2.625000
v 1.000000 2.036612 2.661612
v 1.000000 2.213388 2.661612
v 2.875000 2.213388 2.661612
v 1.000000 2.000000 2.750000
v 1.000000 2.213388 2.838388
v 2.875000 2.125000 2.875000
v 1.000000 2.036612 2.838388
v 1.000000 2.250000 2.750000
v 1.000000 2.125000 2.875000
v 2.088388 2.000000 3.161612
v 2.051777 2.176777 3.250000
v 2.125000 2.000000 3.250000
v 2.025888 2.150888 3.338388
v 2.000000 2.000000 3.375000
v 2.088388 2.000000 3.338388
v 1.900888 2.025888 3.161612
v 2.000000 2.000000 3.125000
v 1.911612 2.000000 3.161612
v 1.963388 2.088388 3.125000
v 1.963388 2.088388 3.375000
v 1.911612 2.000000 3.338388
v 1.875000 2.125000 3.375000
v 1.875000 2.036612 3.161612
v 1.875000 2.213388 3.161612
v 2.025888 2.150888 3.161612
v 1.875000 2.250000 3.250000
v 1.875000 2.036612 3.338388
v 1.900888 2.025888 3.338388
v 1.875000 2.000000 3.250000
v 1.000000 2.125000 3.125000
v 1.875000 2.125000 3.125000
v 1.000000 2.036612 3.161612
v 1.000000 2.213388 3.161612
v 1.000000 2.000000 3.250000
v 1.000000 2.213388 3.338388
v 1.875000 2.213388 3.338388
v 1.000000 2.036612 3.338388
v 1.000000 2.250000 3.250000
v 1.000000 2.125000 3.375000
v -3.088388 2.000000 3.338389
v -3.051777 2.176777 3.250000
v -3.125000 2.000000 3.250000
v -3.088388 2.000000 3.161612
v -2.963388 2.088388 3.125000
v -3.000000 2.000000 3.125000
v -2.900888 2.025888 3.338389
v -3.000000 2.000000 3.375000
v -2.911612 2.000000 3.338389
v -2.963388 2.088388 3.375000
v -3.025888 2.150888 3.161612
v -2.900888 2.025888 3.161612
v -2.911612 2.000000 3.161612
v -2.875000 2.125000 3.125000
v -2.875000 2.036612 3.338389
v -2.875000 2.125000 3.375000
v -3.025888 2.150888 3.338389
v -2.875000 2.250000 3.250000
v -2.875000 2.036612 3.161612
v -2.875000 2.000000 3.250000
v -1.000000 2.125000 3.375000
v -1.000000 2.036612 3.338388
v -1.000000 2.213388 3.338388
v -2.875000 2.213388 3.338389
v -1.000000 2.000000 3.250000
v -1.000000 2.213388 3.161612
v -2.875000 2.213388 3.161612
v -1.000000 2.036612 3.161612
v -1.000000 2.250000 3.250000
v -1.000000 2.125000 3.125000
v -2.088388 2.000000 2.838389
v -2.051777 2.176777 2.750000
v -2.125000 2.000000 2.750000
v -2.025888 2.150888 2.661612
v -2.000000 2.000000 2.625000
v -2.088388 2.000000 2.661612
v -1.900888 2.025888 2.838389
v -2.000000 2.000000 2.875000
v -1.911612 2.000000 2.838389
v -1.963388 2.088388 2.875000
v -1.900888 2.025888 2.661612
v -1.911612 2.000000 2.661612
v -1.875000 2.213388 2.661612
v -1.963388 2.088388 2.625000
v -1.875000 2.125000 2.875000
v -2.025888 2.150888 2.838389
v -1.875000 2.250000 2.750000
v -1.875000 2.036612 2.661612
v -1.875000 2.213388 2.838389
v -1.875000 2.000000 2.750000
v -1.875000 2.036612 2.838389
v -1.000000 2.125000 2.875000
v -1.000000 2.036612 2.838388
v -1.000000 2.213388 2.838388
v -1.000000 2.000000 2.750000
v -1.000000 2.213388 2.661612
v -1.875000 2.125000 2.625000
v -1.000000 2.036612 2.661612
v -1.000000 2.250000 2.750000
v -1.000000 2.125000 2.625000
vt 0.102564 0.719101
vt -0.000000 0.988764
vt -0.000000 0.539326
vt 0.102564 0.269663
vt 0.153846 0.224719
vt 0.153846 0.269663
vt 0.102564 0.808989
vt 0.256410 0.988764
vt 0.153846 0.808989
vt 0.256410 0.539326
vt 0.153846 0.719101
vt 0.256410 0.539326
vt -0.000000 0.539326
vt 0.153846 0.494382
vt 0.256410 0.539326
vt -0.000000 0.539326
vt 0.153846 0.494382
vt 0.256410 0.539326
vt -0.000000 0.539326
vt 0.153846 0.494382
vt 0.153846 0.494382
vt 0.102564 0.269663
vt 0.153846 0.224719
vt 0.153846 0.269663
vt 0.102564 0.269663
vt 0.153846 0.224719
vt 0.153846 0.269663
vt 0.102564 0.269663
vt 0.153846 0.224719
vt 0.153846 0.269663
vt 0.102564 0.449438
vt 0.153846 0.269663
vt 0.153846 0.449438
vt -0.000000 0.179775
vt 0.102564 0.269663
vt -0.000000 0.269663
vt 0.153846 0.000000
vt 0.102564 0.179775
vt 0.102564 -0.000000
vt 0.256410 0.269663
vt 0.153846 0.179775
vt 0.256410 0.179775
vt 0.051282 0.359551
vt 0.051282 0.449438
vt 0.205128 0.359551
vt 0.205128 0.449438
vt 0.205128 0.089888
vt 0.205128 0.000000
vt 0.051282 0.089888
vt 0.051282 -0.000000
vt 0.794872 0.359551
vt 0.769231 0.089888
vt 0.794872 0.089888
vt 0.717949 0.089888
vt 0.743590 0.359551
vt 0.717949 0.359551
vt 0.743590 0.089888
vt 0.717949 -0.000000
vt 0.769231 0.044944
vt 0.666667 0.089888
vt 0.666667 0.359551
vt 0.769231 0.359551
vt 0.717949 0.449438
vt 0.769231 0.404494
vt 0.615385 0.651685
vt 0.602564 0.719101
vt 0.564103 0.696629
vt 0.358974 0.898876
vt 0.256410 0.988764
vt 0.256410 0.898876
vt 0.410256 -0.000000
vt 0.358974 -0.000000
vt 0.564103 -0.000000
vt 0.512821 0.898876
vt 0.512821 -0.000000
vt 0.410256 0.898876
vt 0.256410 -0.000000
vt 0.615385 0.292135
vt 0.602564 0.359551
vt 0.564103 0.337079
vt 0.564103 0.449438
vt 0.666667 0.494382
vt 0.564103 0.494382
vt 0.666667 0.382022
vt 0.564103 0.426966
vt 0.564103 0.382022
vt 0.666667 0.651685
vt 0.653846 0.719101
vt 0.615385 0.696629
vt 0.666667 0.584270
vt 0.564103 0.629214
vt 0.564103 0.584270
vt 0.666667 0.561798
vt 0.666667 0.359551
vt 0.564103 0.359551
vt 0.564103 0.516854
vt 0.666667 0.516854
vt 0.666667 0.426966
vt 0.564103 0.561798
vt 0.564103 0.089888
vt 0.666667 0.134831
vt 0.564103 0.134831
vt 0.666667 0.022472
vt 0.564103 0.067416
vt 0.564103 0.022472
vt 0.666667 0.292135
vt 0.653846 0.359551
vt 0.615385 0.337079
vt 0.666667 0.224719
vt 0.564103 0.269663
vt 0.564103 0.224719
vt 0.666667 0.202247
vt 0.666667 0.000000
vt 0.564103 -0.000000
vt 0.564103 0.157303
vt 0.666667 0.157303
vt 0.666667 0.067416
vt 0.564103 0.202247
vt 0.102564 0.808989
vt 0.153846 0.719101
vt 0.153846 0.808989
vt 0.615385 0.651685
vt 0.602564 0.719101
vt 0.564103 0.696629
vt 0.615385 0.292135
vt 0.602564 0.359551
vt 0.564103 0.337079
vt 0.564103 0.449438
vt 0.666667 0.494382
vt 0.564103 0.494382
vt 0.666667 0.382022
vt 0.564103 0.426966
vt 0.564103 0.382022
vt 0.666667 0.651685
vt 0.653846 0.719101
vt 0.615385 0.696629
vt 0.666667 0.584270
vt 0.564103 0.629214
vt 0.564103 0.584270
vt 0.666667 0.561798
vt 0.666667 0.359551
vt 0.564103 0.359551
vt 0.564103 0.516854
vt 0.666667 0.516854
vt 0.666667 0.426966
vt 0.564103 0.561798
vt 0.564103 0.089888
vt 0.666667 0.134831
vt 0.564103 0.134831
vt 0.666667 0.022472
vt 0.564103 0.067416
vt 0.564103 0.022472
vt 0.666667 0.292135
vt 0.653846 0.359551
vt 0.615385 0.337079
vt 0.666667 0.224719
vt 0.564103 0.269663
vt 0.564103 0.224719
vt 0.666667 0.202247
vt 0.666667 0.000000
vt 0.564103 -0.000000
vt 0.564103 0.157303
vt 0.666667 0.157303
vt 0.666667 0.067416
vt 0.564103 0.202247
vt 0.102564 0.224719
vt 0.205128 0.449438
vt 0.256410 0.449438
vt 0.000000 0.449438
vt 0.051282 0.449438
vt 0.102564 0.494382
vt 0.205128 0.449438
vt 0.256410 0.449438
vt -0.000000 0.449438
vt 0.051282 0.449438
vt 0.102564 0.494382
vt 0.205128 0.449438
vt 0.256410 0.449438
vt 0.000000 0.449438
vt 0.051282 0.449438
vt 0.102564 0.494382
vt 0.256410 0.449438
vt -0.000000 0.449438
vt 0.102564 0.494382
vt 0.102564 0.224719
vt 0.102564 0.224719
vt 0.102564 0.224719
vt -0.000000 0.359551
vt 0.256410 0.359551
vt 0.256410 0.089888
vt -0.000000 0.089888
vt 0.769231 -0.000000
vt 0.769231 0.449438
vt 0.564103 0.651685
vt 0.576923 0.629214
vt 0.602564 0.629214
vt 0.615385 0.696629
vt 0.576923 0.719101
vt 0.358974 0.988764
vt 0.564103 0.898876
vt 0.564103 0.292135
vt 0.576923 0.269663
vt 0.602564 0.269663
vt 0.615385 0.337079
vt 0.576923 0.359551
vt 0.666667 0.449438
vt 0.615385 0.651685
vt 0.628205 0.629214
vt 0.653846 0.629214
vt 0.666667 0.696629
vt 0.628205 0.719101
vt 0.666667 0.629214
vt 0.666667 0.089888
vt 0.615385 0.292135
vt 0.628205 0.269663
vt 0.653846 0.269663
vt 0.666667 0.337079
vt 0.628205 0.359551
vt 0.666667 0.269663
vt 0.102564 0.719101
vt 0.564103 0.651685
vt 0.576923 0.629214
vt 0.602564 0.629214
vt 0.615385 0.696629
vt 0.576923 0.719101
vt 0.564103 0.292135
vt 0.576923 0.269663
vt 0.602564 0.269663
vt 0.615385 0.337079
vt 0.576923 0.359551
vt 0.666667 0.449438
vt 0.615385 0.651685
vt 0.628205 0.629214
vt 0.653846 0.629214
vt 0.666667 0.696629
vt 0.628205 0.719101
vt 0.666667 0.629214
vt 0.666667 0.089888
vt 0.615385 0.292135
vt 0.628205 0.269663
vt 0.653846 0.269663
vt 0.666667 0.337079
vt 0.628205 0.359551
vt 0.666667 0.269663
vt 0.634615 0.904494
vt 0.641026 0.921348
vt 0.634615 0.921348
vt 0.647436 0.921348
vt 0.653846 0.904494
vt 0.653846 0.915730
vt 0.621795 0.904494
vt 0.628205 0.915730
vt 0.621795 0.910112
vt 0.628205 0.904494
vt 0.641026 0.904494
vt 0.660256 0.904494
vt 0.660256 0.910112
vt 0.647436 0.887640
vt 0.647436 0.904494
vt 0.621795 0.898876
vt 0.628205 0.893258
vt 0.641026 0.887640
vt 0.660256 0.898876
vt 0.666667 0.904494
vt 0.615385 0.904494
vt 0.621795 0.887640
vt 0.628205 0.719101
vt 0.628205 0.887640
vt 0.615385 0.887640
vt 0.621795 0.719101
vt 0.634615 0.719101
vt 0.634615 0.887640
vt 0.660256 0.887640
vt 0.666667 0.719101
vt 0.666667 0.887640
vt 0.647436 0.719101
vt 0.653846 0.887640
vt 0.660256 0.719101
vt 0.641026 0.719101
vt 0.653846 0.719101
vt 0.583333 0.831461
vt 0.589744 0.814607
vt 0.589744 0.831461
vt 0.596154 0.814607
vt 0.602564 0.825843
vt 0.596154 0.831461
vt 0.570513 0.814607
vt 0.576923 0.825843
vt 0.570513 0.820225
vt 0.576923 0.814607
vt 0.602564 0.814607
vt 0.608974 0.820225
vt 0.602564 0.803371
vt 0.570513 0.808989
vt 0.583333 0.797753
vt 0.583333 0.814607
vt 0.589744 0.797753
vt 0.608974 0.808989
vt 0.608974 0.814607
vt 0.615385 0.814607
vt 0.564103 0.814607
vt 0.570513 0.797753
vt 0.576923 0.719101
vt 0.576923 0.797753
vt 0.564103 0.797753
vt 0.570513 0.719101
vt 0.583333 0.719101
vt 0.608974 0.797753
vt 0.615385 0.719101
vt 0.615385 0.797753
vt 0.596154 0.719101
vt 0.596154 0.797753
vt 0.602564 0.797753
vt 0.608974 0.719101
vt 0.589744 0.719101
vt 0.602564 0.719101
vt 0.634615 0.921348
vt 0.641026 0.904494
vt 0.641026 0.921348
vt 0.647436 0.921348
vt 0.653846 0.904494
vt 0.653846 0.915730
vt 0.621795 0.904494
vt 0.628205 0.915730
vt 0.621795 0.910112
vt 0.628205 0.904494
vt 0.647436 0.904494
vt 0.660256 0.904494
vt 0.660256 0.910112
vt 0.653846 0.893258
vt 0.621795 0.898876
vt 0.628205 0.893258
vt 0.634615 0.904494
vt 0.641026 0.887640
vt 0.660256 0.898876
vt 0.666667 0.904494
vt 0.615385 0.904494
vt 0.621795 0.887640
vt 0.628205 0.719101
vt 0.628205 0.887640
vt 0.615385 0.887640
vt 0.621795 0.719101
vt 0.634615 0.719101
vt 0.634615 0.887640
vt 0.660256 0.887640
vt 0.666667 0.719101
vt 0.666667 0.887640
vt 0.647436 0.719101
vt 0.647436 0.887640
vt 0.653846 0.887640
vt 0.660256 0.719101
vt 0.641026 0.719101
vt 0.653846 0.719101
vt 0.583333 0.831461
vt 0.589744 0.814607
vt 0.589744 0.831461
vt 0.596154 0.814607
vt 0.602564 0.825843
vt 0.596154 0.831461
vt 0.570513 0.814607
vt 0.576923 0.825843
vt 0.570513 0.820225
vt 0.576923 0.814607
vt 0.608974 0.814607
vt 0.608974 0.820225
vt 0.596154 0.797753
vt 0.602564 0.814607
vt 0.576923 0.803371
vt 0.583333 0.814607
vt 0.589744 0.797753
vt 0.608974 0.808989
vt 0.583333 0.797753
vt 0.615385 0.814607
vt 0.564103 0.814607
vt 0.570513 0.808989
vt 0.570513 0.797753
vt 0.576923 0.719101
vt 0.576923 0.797753
vt 0.564103 0.797753
vt 0.570513 0.719101
vt 0.583333 0.719101
vt 0.608974 0.797753
vt 0.615385 0.719101
vt 0.615385 0.797753
vt 0.596154 0.719101
vt 0.602564 0.797753
vt 0.608974 0.719101
vt 0.589744 0.719101
vt 0.602564 0.719101
vt 0.653846 0.893258
vt 0.615385 0.719101
vt 0.576923 0.803371
vt 0.564103 0.719101
vt 0.615385 0.719101
vt 0.602564 0.803371
vt 0.564103 0.719101
vn 0.0000 1.0000 0.0000
vn -1.0000 0.0000 0.0000
vn 0.0000 0.0000 1.0000
vn 0.0000 0.0000 -1.0000
vn 1.0000 0.0000 0.0000
vn 0.0000 -1.0000 0.0000
vn -0.4472 -0.8944 -0.0000
vn 0.0000 -0.8944 -0.4472
vn 0.0000 -0.8944 0.4472
vn 0.4472 -0.8944 -0.0000
vn 0.0000 0.7071 -0.7071
vn -0.7071 -0.7071 0.0000
vn 0.7071 -0.7071 0.0000
vn -0.7071 0.7071 0.0000
vn 0.7071 0.7071 0.0000
vn 0.5294 0.5294 -0.6630
vn 0.9239 0.3827 -0.0000
vn 0.7150 0.2962 -0.6333
vn 0.7150 0.2962 0.6333
vn 0.0671 0.0671 0.9955
vn 0.0948 0.0393 0.9947
vn -0.4617 -0.4617 -0.7574
vn 0.0948 0.0393 -0.9947
vn -0.6303 -0.2611 -0.7311
vn 0.0671 0.0671 -0.9955
vn -0.4617 -0.4617 0.7574
vn -0.6303 -0.2611 0.7311
vn 0.1448 0.7194 0.6794
vn 0.5293 0.5293 0.6630
vn -0.1363 -0.6737 -0.7263
vn 0.0196 0.0473 -0.9987
vn 0.1866 0.9824 0.0000
vn -0.1363 -0.6737 0.7263
vn -0.1944 -0.9809 -0.0000
vn 0.0000 -0.7071 -0.7071
vn 0.1448 0.7194 -0.6794
vn 0.0000 0.7071 0.7071
vn 0.0196 0.0473 0.9987
vn 0.0000 -0.7071 0.7071
vn 0.5293 0.5293 -0.6630
vn -0.7150 0.2962 0.6333
vn -0.9239 0.3827 -0.0000
vn -0.7150 0.2962 -0.6333
vn -0.0671 0.0671 -0.9955
vn -0.0948 0.0393 -0.9947
vn 0.4617 -0.4617 0.7574
vn -0.0948 0.0393 0.9947
vn 0.6303 -0.2611 0.7311
vn -0.0671 0.0671 0.9955
vn -0.5294 0.5293 -0.6630
vn 0.4617 -0.4617 -0.7574
vn 0.6303 -0.2611 -0.7311
vn -0.0196 0.0473 -0.9987
vn 0.1363 -0.6737 0.7263
vn -0.0196 0.0473 0.9987
vn -0.5293 0.5293 0.6630
vn -0.1866 0.9824 -0.0000
vn 0.1363 -0.6737 -0.7263
vn 0.1944 -0.9809 -0.0000
vn -0.1448 0.7194 0.6794
vn -0.1448 0.7194 -0.6794
vn -0.5293 0.5294 -0.6630
v -1.250000 2.000000 1.250000
v 1.250000 2.000000 -1.250000
v -1.250000 2.000000 -1.250000
v -1.250000 2.000000 1.250000
v 2.500000 2.000000 2.500000
v 1.250000 2.000000 1.250000
v -1.250000 2.000000 -1.250000
v -2.500000 2.000000 2.500000
v 1.250000 2.000000 -1.250000
v -2.500000 2.000000 -2.500000
v 2.500000 2.000000 -2.500000
v -2.500000 1.500000 -2.500000
v 2.500000 1.500000 2.500000
v 2.500000 1.500000 -2.500000
v -2.500000 1.500000 2.500000
v 3.000000 1.500000 -3.000000
v 3.000000 1.500000 3.000000
v -3.000000 1.500000 3.000000
v -3.000000 1.500000 -3.000000
v 3.000000 1.000000 -3.000000
v -3.000000 1.000000 3.000000
v -3.000000 1.000000 -3.000000
v 3.000000 1.000000 3.000000
v 0.500000 1.000000 0.500000
v -0.500000 1.000000 0.500000
v -0.500000 1.000000 -0.500000
v 0.500000 1.000000 -0.500000
v 1.500000 2.000000 -2.500000
v -1.500000 2.000000 -3.500000
v -1.500000 2.000000 -2.500000
v -1.500000 1.000000 -3.500000
v 1.500000 2.000000 -3.500000
v 1.500000 1.000000 -3.500000
v 1.500000 1.000000 -2.500000
v -1.500000 1.000000 -2.500000
v 2.000000 2.000000 4.000000
v -2.000000 2.000000 2.500000
v -2.000000 2.000000 4.000000
v 2.000000 1.000000 2.500000
v 2.000000 1.000000 4.000000
v -2.000000 1.000000 4.000000
v -2.000000 1.000000 2.500000
v 1.187500 2.000000 1.812500
v 1.187500 8.000000 2.187500
v 1.187500 2.000000 2.187500
v 0.812500 2.000000 3.312500
v 1.187500 8.000000 3.312500
v 1.187500 2.000000 3.312500
v 0.812500 2.000000 1.812500
v 1.187500 8.000000 1.812500
v -1.187500 2.000000 3.687500
v -1.187500 8.000000 3.312500
v -1.187500 2.000000 3.312500
v -1.187500 2.000000 2.187500
v -1.187500 8.000000 1.812500
v -1.187500 2.000000 1.812500
v -0.812500 2.000000 3.687500
v -1.187500 8.000000 3.687500
v -0.812500 2.000000 2.187500
v -1.187500 8.000000 2.187500
v -0.812500 2.000000 3.312500
v -0.812500 8.000000 3.687500
v -0.812500 2.000000 1.812500
v -0.812500 8.000000 2.187500
v -0.812500 8.000000 3.312500
v 0.812500 2.000000 3.687500
v 0.812500 8.000000 3.312500
v -0.812500 8.000000 1.812500
v 0.812500 2.000000 2.187500
v 0.812500 8.000000 1.812500
v 1.187500 2.000000 3.687500
v 0.812500 8.000000 3.687500
v 0.812500 8.000000 2.187500
v 1.187500 8.000000 3.687500
v -1.500000 8.000000 1.500000
v 1.500000 8.000000 4.000000
v -1.500000 8.000000 4.000000
v 1.500000 8.250000 4.000000
v -1.500000 8.250000 1.500000
v -1.500000 8.250000 4.000000
v 1.500000 8.250000 1.500000
v 1.500000 8.000000 1.500000
v 1.187500 8.250000 1.812500
v 1.187500 14.250000 2.187501
v 1.187500 8.250000 2.187500
v 0.812500 8.250000 1.812500
v 1.187500 14.250000 1.812501
v -1.187500 8.250000 2.187500
v -1.187500 14.250000 1.812501
v -1.187500 8.250000 1.812500
v -0.812500 8.250000 2.187500
v -1.187500 14.250000 2.187501
v -0.812500 8.250000 1.812500
v -0.812500 14.250000 2.187501
v -0.812500 14.250000 1.812501
v 0.812500 8.250000 2.187500
v 0.812500 14.250000 1.812501
v 0.812500 14.250000 2.187501
v 1.187500 8.250000 2.812500
v 1.187500 14.250000 3.187501
v 1.187500 8.250000 3.187500
v 0.812500 8.250000 2.812500
v 1.187500 14.250000 2.812501
v -1.187500 8.250000 3.187500
v -1.187500 14.250000 2.812501
v -1.187500 8.250000 2.812500
v -0.812500 8.250000 3.187500
v -1.187500 14.250000 3.187501
v -0.812500 8.250000 2.812500
v -0.812500 14.250000 3.187501
v -0.812500 14.250000 2.812501
v 0.812500 8.250000 3.187500
v 0.812500 14.250000 2.812501
v 0.812500 14.250000 3.187501
v -1.500000 14.250000 1.500001
v 1.500000 14.250000 3.500001
v -1.500000 14.250000 3.500001
v 0.812500 8.000000 2.000000
v -0.812500 2.000000 2.000000
v -0.812500 8.000000 2.000000
v -0.812500 2.000000 3.500000
v 0.812500 8.000000 3.500000
v -0.812500 8.000000 3.500000
v -1.000000 2.000000 2.187500
v -1.000000 8.000000 3.312500
v -1.000000 8.000000 2.187500
v 1.000000 8.000000 3.312500
v 1.000000 2.000000 2.187500
v 1.000000 8.000000 2.187500
v 0.812500 14.250000 2.000001
v -0.812500 8.250000 2.000000
v -0.812500 14.250000 2.000001
v -0.812500 8.250000 3.000000
v 0.812500 14.250000 3.000001
v -0.812500 14.250000 3.000001
v -1.000000 8.250000 2.187500
v -1.000000 14.250000 2.812501
v -1.000000 14.250000 2.187501
v 1.000000 14.250000 2.812501
v 1.000000 8.250000 2.187500
v 1.000000 14.250000 2.187501
v 1.500000 14.500000 3.500001
v -1.500000 14.500000 1.500001
v -1.500000 14.500000 3.500001
v 1.500000 14.500000 1.500001
v 1.500000 14.250000 1.500001
v 0.375000 10.000000 2.250000
v 0.198223 10.073223 2.250000
v 0.551777 10.426777 2.250000
v -0.375000 10.000000 2.250000
v -0.551777 10.073223 2.250000
v -0.198223 10.426777 2.250000
v -0.812500 2.000000 2.000000
v 0.812500 8.000000 2.000000
v -0.812500 8.000000 2.000000
v 0.812500 8.000000 3.500000
v -0.812500 2.000000 3.500000
v -0.812500 8.000000 3.500000
v -1.000000 8.000000 3.312500
v -1.000000 2.000000 2.187500
v -1.000000 8.000000 2.187500
v 1.000000 2.000000 2.187500
v 1.000000 8.000000 3.312500
v 1.000000 8.000000 2.187500
v -0.812500 8.250000 2.000000
v 0.812500 14.250000 2.000001
v -0.812500 14.250000 2.000001
v 0.812500 14.250000 3.000001
v -0.812500 8.250000 3.000000
v -0.812500 14.250000 3.000001
v -1.000000 14.250000 2.812501
v -1.000000 8.250000 2.187500
v -1.000000 14.250000 2.187501
v 1.000000 8.250000 2.187500
v 1.000000 14.250000 2.812501
v 1.000000 14.250000 2.187501
v 1.250000 2.000000 1.250000
v 2.000000 2.000000 2.500000
v 0.812500 2.000000 2.000000
v 0.812500 2.000000 3.500000
v -1.000000 2.000000 3.312500
v 1.000000 2.000000 3.312500
v 0.812500 8.250000 2.000000
v 0.812500 8.250000 3.000000
v -1.000000 8.250000 2.812500
v 1.000000 8.250000 2.812500
v 0.125000 10.250000 2.250000
v 0.198223 10.426777 2.250000
v 0.375000 10.500000 2.250000
v 0.625000 10.250000 2.250000
v 0.551777 10.073223 2.250000
v -0.625000 10.250000 2.250000
v -0.551777 10.426777 2.250000
v -0.375000 10.500000 2.250000
v -0.125000 10.250000 2.250000
v -0.198223 10.073223 2.250000
v 0.812500 2.000000 2.000000
v 0.812500 2.000000 3.500000
v -1.000000 2.000000 3.312500
v 1.000000 2.000000 3.312500
v 0.812500 8.250000 2.000000
v 0.812500 8.250000 3.000000
v -1.000000 8.250000 2.812500
v 1.000000 8.250000 2.812500
v 0.551777 2.000000 2.676777
v 0.375000 10.000000 2.750000
v 0.375000 2.000000 2.750000
v 0.198223 2.000000 2.676777
v 0.125000 10.000000 2.500000
v 0.125000 2.000000 2.500000
v 0.198223 2.000000 2.323223
v 0.375000 2.000000 2.250000
v 0.551777 10.000000 2.323224
v 0.551777 2.000000 2.323223
v 0.625000 2.000000 2.500000
v 0.551777 10.000000 2.676777
v 0.198223 10.000000 2.676777
v 0.198223 10.000000 2.323224
v 0.625000 10.000000 2.500000
v 0.625000 10.176777 2.426777
v 0.551777 10.301777 2.551777
v 0.375000 10.353554 2.603554
v 0.198223 10.301777 2.551777
v 0.125000 10.176777 2.426777
v 0.198223 10.051777 2.301777
v 0.551777 10.051777 2.301777
v -0.198223 2.000000 2.676777
v -0.375000 10.000000 2.750000
v -0.375000 2.000000 2.750000
v -0.551777 2.000000 2.676777
v -0.625000 10.000000 2.500000
v -0.625000 2.000000 2.500000
v -0.551777 2.000000 2.323223
v -0.375000 2.000000 2.250000
v -0.198223 10.000000 2.323224
v -0.198223 2.000000 2.323223
v -0.125000 2.000000 2.500000
v -0.198223 10.000000 2.676777
v -0.551777 10.000000 2.676777
v -0.551777 10.000000 2.323224
v -0.125000 10.000000 2.500000
v -0.125000 10.176777 2.426777
v -0.198223 10.301777 2.551777
v -0.551777 10.301777 2.551777
v -0.551777 10.051777 2.301777
v -0.375000 10.353554 2.603554
v -0.625000 10.176777 2.426777
v -0.198223 10.051777 2.301777
vt 0.155844 0.875000
vt 0.285714 0.666667
vt 0.285714 0.875000
vt 0.090909 0.437500
vt 0.025974 0.125000
vt 0.090909 0.229167
vt 0.220779 0.437500
vt 0.025974 0.541667
vt 0.220779 0.229167
vt 0.285714 0.541667
vt 0.285714 0.125000
vt 0.025974 0.125000
vt 0.285714 0.083333
vt 0.285714 0.125000
vt 0.025974 0.125000
vt 0.285714 0.083333
vt 0.285714 0.125000
vt 0.285714 0.083333
vt 0.025974 0.125000
vt 0.285714 0.083333
vt 0.285714 0.125000
vt 0.025974 0.083333
vt 0.311688 0.041667
vt 0.025974 0.083333
vt 0.311688 0.041667
vt 0.025974 0.083333
vt 0.311688 0.041667
vt 0.025974 0.083333
vt 0.311688 0.041667
vt -0.000000 0.041667
vt 0.311688 -0.000000
vt 0.000000 0.041667
vt 0.311688 0.000000
vt 0.000000 0.041667
vt 0.311688 0.000000
vt 0.000000 0.041667
vt 0.311688 0.000000
vt 0.129870 0.291667
vt 0.129870 0.375000
vt 0.181818 0.375000
vt 0.181818 0.291667
vt 0.441558 0.625000
vt 0.493506 0.875000
vt 0.441558 0.875000
vt 0.545455 0.875000
vt 0.493506 0.625000
vt 0.545455 0.625000
vt 0.493506 0.541667
vt 0.441558 0.541667
vt 0.441558 0.958333
vt 0.493506 0.958333
vt 0.337662 0.083333
vt 0.415584 0.416667
vt 0.337662 0.416667
vt 0.415584 -0.000000
vt 0.337662 -0.000000
vt 0.337662 0.500000
vt 0.415584 0.500000
vt 0.285714 0.083333
vt 0.285714 0.416667
vt 0.324675 0.500000
vt 0.305195 1.000000
vt 0.305195 0.500000
vt 0.344156 0.500000
vt 0.324675 1.000000
vt 0.324675 0.500000
vt 0.344156 0.500000
vt 0.324675 1.000000
vt 0.363636 0.500000
vt 0.344156 1.000000
vt 0.344156 0.500000
vt 0.363636 0.500000
vt 0.344156 1.000000
vt 0.344156 0.500000
vt 0.305195 0.500000
vt 0.285714 1.000000
vt 0.285714 0.500000
vt 0.305195 0.500000
vt 0.285714 1.000000
vt 0.285714 0.500000
vt 0.324675 0.500000
vt 0.305195 1.000000
vt 0.324675 0.500000
vt 0.305195 1.000000
vt 0.324675 1.000000
vt 0.363636 0.500000
vt 0.344156 1.000000
vt 0.324675 1.000000
vt 0.363636 0.500000
vt 0.344156 1.000000
vt 0.305195 0.500000
vt 0.285714 1.000000
vt 0.285714 0.500000
vt 0.285714 1.000000
vt 0.285714 0.500000
vt 0.305195 1.000000
vt 0.675325 0.750000
vt 0.545455 1.000000
vt 0.545455 0.750000
vt 0.545455 0.750000
vt 0.675325 1.000000
vt 0.545455 1.000000
vt 0.688312 1.000000
vt 0.675325 0.750000
vt 0.688312 0.750000
vt 0.688312 1.000000
vt 0.675325 0.750000
vt 0.688312 0.750000
vt 0.675325 0.729167
vt 0.545455 0.729167
vt 0.675325 0.729167
vt 0.545455 0.750000
vt 0.545455 0.729167
vt 0.402597 0.500000
vt 0.383117 1.000000
vt 0.383117 0.500000
vt 0.422078 0.500000
vt 0.402597 1.000000
vt 0.441558 0.500000
vt 0.422078 1.000000
vt 0.422078 0.500000
vt 0.383117 0.500000
vt 0.363636 1.000000
vt 0.363636 0.500000
vt 0.402597 0.500000
vt 0.383117 1.000000
vt 0.402597 1.000000
vt 0.441558 0.500000
vt 0.422078 1.000000
vt 0.363636 1.000000
vt 0.363636 0.500000
vt 0.402597 0.500000
vt 0.383117 1.000000
vt 0.383117 0.500000
vt 0.422078 0.500000
vt 0.402597 1.000000
vt 0.441558 0.500000
vt 0.422078 1.000000
vt 0.422078 0.500000
vt 0.383117 0.500000
vt 0.363636 1.000000
vt 0.363636 0.500000
vt 0.402597 0.500000
vt 0.383117 1.000000
vt 0.402597 1.000000
vt 0.441558 0.500000
vt 0.422078 1.000000
vt 0.363636 1.000000
vt 0.363636 0.500000
vt 0.792208 0.750000
vt 0.688312 1.000000
vt 0.688312 0.750000
vt 0.415584 0.500000
vt 0.500000 0.000000
vt 0.500000 0.500000
vt 0.415584 0.000000
vt 0.500000 0.500000
vt 0.415584 0.500000
vt 0.500000 0.000000
vt 0.558442 0.500000
vt 0.500000 0.500000
vt 0.500000 0.500000
vt 0.558442 0.000000
vt 0.558442 0.500000
vt 0.558442 0.500000
vt 0.642857 0.000000
vt 0.642857 0.500000
vt 0.558442 0.000000
vt 0.642857 0.500000
vt 0.558442 0.500000
vt 0.642857 0.000000
vt 0.675325 0.500000
vt 0.642857 0.500000
vt 0.642857 0.500000
vt 0.675325 0.000000
vt 0.675325 0.500000
vt 0.688312 0.750000
vt 0.792208 1.000000
vt 0.688312 1.000000
vt 0.805195 1.000000
vt 0.792208 0.750000
vt 0.805195 0.750000
vt 0.805195 1.000000
vt 0.792208 0.750000
vt 0.805195 0.750000
vt 0.792208 0.729167
vt 0.688312 0.729167
vt 0.792208 0.729167
vt 0.688312 0.750000
vt 0.688312 0.729167
vt 0.636364 0.625272
vt 0.645427 0.631294
vt 0.627300 0.660373
vt 0.662338 0.624730
vt 0.671640 0.630911
vt 0.653036 0.660756
vt 0.500000 0.000000
vt 0.415584 0.500000
vt 0.500000 0.500000
vt 0.500000 0.500000
vt 0.415584 0.000000
vt 0.415584 0.500000
vt 0.558442 0.500000
vt 0.500000 0.000000
vt 0.500000 0.500000
vt 0.558442 0.000000
vt 0.500000 0.500000
vt 0.558442 0.500000
vt 0.642857 0.000000
vt 0.558442 0.500000
vt 0.642857 0.500000
vt 0.642857 0.500000
vt 0.558442 0.000000
vt 0.558442 0.500000
vt 0.675325 0.500000
vt 0.642857 0.000000
vt 0.642857 0.500000
vt 0.675325 0.000000
vt 0.642857 0.500000
vt 0.675325 0.500000
vt 0.155844 0.666667
vt -0.000000 -0.000000
vt -0.000000 -0.000000
vt -0.000000 -0.000000
vt -0.000000 -0.000000
vt 0.415584 0.083333
vt 0.363636 1.000000
vt 0.363636 1.000000
vt 0.363636 1.000000
vt 0.363636 1.000000
vt 0.675325 1.000000
vt 0.675325 1.000000
vt 0.441558 1.000000
vt 0.441558 1.000000
vt 0.441558 1.000000
vt 0.441558 1.000000
vt 0.792208 1.000000
vt 0.415584 0.000000
vt 0.500000 0.000000
vt 0.558442 0.000000
vt 0.500000 0.000000
vt 0.558442 0.000000
vt 0.642857 0.000000
vt 0.675325 0.000000
vt 0.642857 0.000000
vt 0.792208 1.000000
vt 0.649182 0.645834
vt 0.645427 0.660374
vt 0.636364 0.666396
vt 0.623546 0.645834
vt 0.627300 0.631294
vt 0.675493 0.645833
vt 0.671640 0.660756
vt 0.662338 0.666937
vt 0.649182 0.645833
vt 0.653035 0.630911
vt 0.415584 0.000000
vt 0.500000 0.000000
vt 0.558442 0.000000
vt 0.500000 0.000000
vt 0.558442 0.000000
vt 0.642857 0.000000
vt 0.675325 0.000000
vt 0.642857 0.000000
vt 0.724026 -0.000000
vt 0.714286 0.666667
vt 0.714286 0.000000
vt 0.704545 -0.000000
vt 0.694805 0.666667
vt 0.694805 0.000000
vt 0.685065 0.000000
vt 0.675325 0.666667
vt 0.675325 -0.000000
vt 0.753247 0.000000
vt 0.743506 0.666667
vt 0.743506 -0.000000
vt 0.733766 -0.000000
vt 0.724026 0.666667
vt 0.704545 0.666667
vt 0.685065 0.666667
vt 0.733766 0.666667
vt 0.724026 0.671875
vt 0.733766 0.697917
vt 0.724026 0.697917
vt 0.704545 0.671875
vt 0.714286 0.697917
vt 0.704545 0.697917
vt 0.685065 0.692708
vt 0.694805 0.697917
vt 0.685065 0.697917
vt 0.733766 0.682292
vt 0.743506 0.697917
vt 0.694805 0.682292
vt 0.704545 0.723958
vt 0.694805 0.713542
vt 0.685065 0.703125
vt 0.733766 0.713542
vt 0.724026 0.723958
vt 0.714286 0.729167
vt 0.743506 0.692708
vt 0.753247 0.697917
vt 0.743506 0.703125
vt 0.675325 0.697917
vt 0.801948 0.000000
vt 0.792208 0.666667
vt 0.792208 0.000000
vt 0.782468 0.000000
vt 0.772727 0.666667
vt 0.772727 0.000000
vt 0.762987 -0.000000
vt 0.753247 0.666667
vt 0.753247 0.000000
vt 0.831169 0.000000
vt 0.821429 0.666667
vt 0.821429 -0.000000
vt 0.811688 -0.000000
vt 0.801948 0.666667
vt 0.782468 0.666667
vt 0.762987 0.666667
vt 0.811688 0.666667
vt 0.801948 0.671875
vt 0.811688 0.697917
vt 0.801948 0.697917
vt 0.782468 0.697917
vt 0.782468 0.671875
vt 0.772727 0.682292
vt 0.762987 0.697917
vt 0.762987 0.692708
vt 0.821429 0.692708
vt 0.811688 0.682292
vt 0.792208 0.697917
vt 0.772727 0.697917
vt 0.782468 0.723958
vt 0.772727 0.713542
vt 0.762987 0.703125
vt 0.821429 0.697917
vt 0.811688 0.713542
vt 0.801948 0.723958
vt 0.792208 0.729167
vt 0.831169 0.697917
vt 0.821429 0.703125
vt 0.753247 0.697917
vt 0.753247 0.666667
vt 0.831169 0.666667
vn 0.0000 1.0000 0.0000
vn 0.0000 0.0000 -1.0000
vn 0.0000 0.0000 1.0000
vn 1.0000 0.0000 0.0000
vn -1.0000 0.0000 0.0000
vn 0.0000 0.6000 -0.8000
vn 0.8000 0.6000 0.0000
vn 0.0000 0.6000 0.8000
vn -0.8000 0.6000 0.0000
vn 0.0000 -1.0000 0.0000
vn 0.7071 -0.0000 0.7071
vn -0.0000 0.1866 0.9824
vn -0.7071 -0.0000 0.7071
vn -0.9987 0.0196 0.0473
vn -0.7071 0.0000 -0.7071
vn -0.0000 -0.1944 -0.9809
vn 0.7263 -0.1363 -0.6737
vn 0.7071 0.0000 -0.7071
vn 0.6794 0.1448 0.7194
vn -0.6794 0.1448 0.7194
vn -0.7263 -0.1363 -0.6737
vn 0.9987 0.0196 0.0473
vn 0.9955 0.0671 0.0671
vn 0.6630 0.5294 0.5294
vn -0.0000 0.7071 0.7071
vn -0.6630 0.5294 0.5294
vn -0.9955 0.0671 0.0671
vn -0.7574 -0.4617 -0.4617
vn 0.7574 -0.4617 -0.4617
vn -0.6333 0.7150 0.2962
vn -0.9947 0.0948 0.0393
vn -0.7311 -0.6303 -0.2611
vn 0.9947 0.0948 0.0393
vn 0.6333 0.7150 0.2962
vn -0.0000 0.9239 0.3827
vn 0.7311 -0.6303 -0.2611
v 0.562500 3.500000 -3.187500
v 0.937500 3.500000 -2.812500
v 0.562500 3.500000 -2.812500
v 0.937500 14.500000 -2.812499
v 0.562500 14.500000 -3.187499
v 0.562500 14.500000 -2.812499
v 0.937500 3.500000 -3.187500
v 0.937500 14.500000 -3.187499
v -0.937500 5.750000 -1.812500
v 0.937500 6.125000 -1.812500
v 0.937500 5.750000 -1.812500
v -0.562500 6.125000 -1.187500
v -0.937500 5.750000 -0.812500
v -0.562500 5.750000 -1.187500
v -0.937500 6.125000 -0.812500
v -0.937500 6.125000 -1.812500
v 0.937500 5.750000 -0.812500
v 0.562500 6.125000 -1.187500
v 0.937500 6.125000 -0.812500
v 0.562500 5.750000 -1.187500
v -0.937500 8.750000 -1.812500
v 0.937500 9.125000 -1.812500
v 0.937500 8.750000 -1.812500
v -0.562500 9.125000 -0.937500
v -0.937500 8.750000 -0.562500
v -0.562500 8.750000 -0.937500
v -0.937500 9.125000 -0.562500
v -0.937500 9.125000 -1.812500
v 0.937500 8.750000 -0.562500
v 0.562500 9.125000 -0.937500
v 0.937500 9.125000 -0.562500
v 0.562500 8.750000 -0.937500
v -0.937500 10.750000 -1.812500
v 0.937500 11.125000 -1.812500
v 0.937500 10.750000 -1.812500
v -0.562500 11.125000 -0.937500
v -0.937500 10.750000 -0.562500
v -0.562500 10.750000 -0.937500
v -0.937500 11.125000 -0.562500
v -0.937500 11.125000 -1.812500
v 0.937500 10.750000 -0.562500
v 0.562500 11.125000 -0.937500
v 0.937500 11.125000 -0.562500
v 0.562500 10.750000 -0.937500
v -0.562500 8.812500 -1.812500
v 0.562500 8.812500 -2.062500
v 0.562500 8.812500 -1.812500
v -0.562500 11.062500 -2.062500
v 0.562500 10.812500 -2.062500
v -0.562500 10.812500 -2.062500
v 0.562500 11.062500 -1.812500
v -0.562500 11.062500 -1.812500
v -0.562500 10.812500 -1.812500
v 0.562500 10.812500 -1.812500
v 0.562500 9.062500 -1.812500
v -0.562500 9.062500 -2.062500
v -0.562500 9.062500 -1.812500
v -0.562500 8.812500 -2.062500
v -0.562500 5.812500 -1.812500
v 0.562500 5.812500 -2.062500
v 0.562500 5.812500 -1.812500
v 0.562500 6.062500 -1.812500
v -0.562500 6.062500 -2.062500
v -0.562500 6.062500 -1.812500
v -0.562500 5.812500 -2.062500
v -0.562500 3.500000 -3.000000
v 0.562500 14.500000 -2.999999
v 0.562500 3.500000 -3.000000
v -0.750000 14.500000 -2.187499
v -0.750000 3.500000 -2.812500
v -0.750000 3.500000 -2.187500
v 0.562500 14.500000 -1.999999
v -0.562500 3.500000 -2.000000
v 0.562500 3.500000 -2.000000
v 0.750000 3.500000 -2.812500
v 0.750000 14.500000 -2.187499
v 0.750000 3.500000 -2.187500
v 0.562500 3.500000 -2.187500
v 0.937500 3.500000 -1.812500
v 0.562500 3.500000 -1.812500
v 0.937500 14.500000 -1.812499
v 0.562500 14.500000 -2.187499
v 0.562500 14.500000 -1.812499
v 0.937500 3.500000 -2.187500
v 0.937500 14.500000 -2.187499
v -0.937500 3.500000 -3.187500
v -0.562500 3.500000 -2.812500
v -0.937500 3.500000 -2.812500
v -0.562500 14.500000 -2.812499
v -0.937500 14.500000 -3.187499
v -0.937500 14.500000 -2.812499
v -0.562500 3.500000 -3.187500
v -0.562500 14.500000 -3.187499
v -0.937500 3.500000 -2.187500
v -0.562500 3.500000 -1.812500
v -0.937500 3.500000 -1.812500
v -0.562500 14.500000 -1.812499
v -0.937500 14.500000 -2.187499
v -0.937500 14.500000 -1.812499
v -0.562500 3.500000 -2.187500
v -0.562500 14.500000 -2.187499
v 0.562500 14.500000 -2.999999
v -0.562500 3.500000 -3.000000
v 0.562500 3.500000 -3.000000
v -0.750000 3.500000 -2.812500
v -0.750000 14.500000 -2.187499
v -0.750000 3.500000 -2.187500
v -0.562500 3.500000 -2.000000
v 0.562500 14.500000 -1.999999
v 0.562500 3.500000 -2.000000
v 0.750000 14.500000 -2.187499
v 0.750000 3.500000 -2.812500
v 0.750000 3.500000 -2.187500
v 0.562500 11.062500 -2.062500
v 0.562500 9.062500 -2.062500
v 0.562500 6.062500 -2.062500
v -0.562500 14.500000 -2.999999
v -0.750000 14.500000 -2.812499
v -0.562500 14.500000 -1.999999
v 0.750000 14.500000 -2.812499
v -0.562500 14.500000 -2.999999
v -0.750000 14.500000 -2.812499
v -0.562500 14.500000 -1.999999
v 0.750000 14.500000 -2.812499
vt 0.850649 0.031250
vt 0.831169 -0.000000
vt 0.850649 -0.000000
vt 0.831169 0.979167
vt 0.850649 0.947917
vt 0.850649 0.979167
vt 0.870130 0.031250
vt 0.889610 0.031250
vt 0.870130 0.947917
vt 0.909091 0.031250
vt 0.889610 0.947917
vt 0.831169 0.947917
vt 0.831169 0.031250
vt 0.136364 0.739583
vt 0.038961 0.770833
vt 0.038961 0.739583
vt 0.116883 0.875000
vt 0.136364 0.906250
vt 0.116883 0.906250
vt 0.155844 0.791667
vt 0.136364 0.875000
vt 0.136364 0.791667
vt 0.038961 0.791667
vt 0.136364 0.791667
vt 0.058442 0.843750
vt 0.038961 0.791667
vt 0.019481 0.875000
vt 0.019481 0.791667
vt 0.058442 0.843750
vt 0.038961 0.875000
vt 0.058442 0.906250
vt 0.038961 0.906250
vt 0.058442 0.875000
vt 0.136364 0.739583
vt 0.038961 0.770833
vt 0.038961 0.739583
vt 0.116883 0.875000
vt 0.136364 0.906250
vt 0.116883 0.906250
vt 0.155844 0.770833
vt 0.136364 0.875000
vt 0.136364 0.770833
vt 0.038961 0.770833
vt 0.136364 0.770833
vt 0.058442 0.843750
vt 0.019481 0.875000
vt 0.019481 0.770833
vt 0.058442 0.843750
vt 0.038961 0.875000
vt 0.058442 0.906250
vt 0.038961 0.906250
vt 0.058442 0.875000
vt 0.136364 0.739583
vt 0.038961 0.770833
vt 0.038961 0.739583
vt 0.116883 0.875000
vt 0.136364 0.906250
vt 0.116883 0.906250
vt 0.155844 0.770833
vt 0.136364 0.875000
vt 0.136364 0.770833
vt 0.038961 0.770833
vt 0.136364 0.770833
vt 0.058442 0.843750
vt 0.019481 0.875000
vt 0.019481 0.770833
vt 0.058442 0.843750
vt 0.038961 0.875000
vt 0.058442 0.906250
vt 0.038961 0.906250
vt 0.058442 0.875000
vt 0.967532 0.916667
vt 0.909091 0.937500
vt 0.909091 0.916667
vt 0.967532 0.958333
vt 0.909091 0.937500
vt 0.967532 0.937500
vt 0.909091 0.979167
vt 0.967532 0.979167
vt 0.967532 0.916667
vt 0.909091 0.916667
vt 0.909091 0.979167
vt 0.967532 0.958333
vt 0.967532 0.979167
vt 0.967532 0.937500
vt 0.967532 0.916667
vt 0.909091 0.937500
vt 0.909091 0.916667
vt 0.909091 0.979167
vt 0.967532 0.958333
vt 0.967532 0.979167
vt 0.967532 0.937500
vt 0.967532 0.000000
vt 0.909091 0.916667
vt 0.909091 -0.000000
vt 1.000000 0.916667
vt 0.967532 -0.000000
vt 1.000000 -0.000000
vt 0.967532 0.916667
vt 0.909091 -0.000000
vt 0.967532 0.000000
vt 1.000000 -0.000000
vt 0.967532 0.916667
vt 0.967532 -0.000000
vt 0.850649 0.031250
vt 0.831169 -0.000000
vt 0.850649 -0.000000
vt 0.831169 0.979167
vt 0.850649 0.947917
vt 0.850649 0.979167
vt 0.870130 0.031250
vt 0.889610 0.031250
vt 0.870130 0.947917
vt 0.909091 0.031250
vt 0.889610 0.947917
vt 0.831169 0.947917
vt 0.831169 0.031250
vt 0.850649 0.031250
vt 0.831169 -0.000000
vt 0.850649 -0.000000
vt 0.831169 0.979167
vt 0.850649 0.947917
vt 0.850649 0.979167
vt 0.870130 0.031250
vt 0.889610 0.031250
vt 0.870130 0.947917
vt 0.909091 0.031250
vt 0.889610 0.947917
vt 0.831169 0.947917
vt 0.831169 0.031250
vt 0.850649 0.031250
vt 0.831169 -0.000000
vt 0.850649 -0.000000
vt 0.831169 0.979167
vt 0.850649 0.947917
vt 0.850649 0.979167
vt 0.870130 0.031250
vt 0.889610 0.031250
vt 0.870130 0.947917
vt 0.909091 0.031250
vt 0.889610 0.947917
vt 0.831169 0.947917
vt 0.831169 0.031250
vt 0.909091 0.916667
vt 0.967532 0.000000
vt 0.909091 -0.000000
vt 0.967532 -0.000000
vt 1.000000 0.916667
vt 1.000000 -0.000000
vt 0.909091 -0.000000
vt 0.967532 0.916667
vt 0.967532 0.000000
vt 0.967532 0.916667
vt 1.000000 -0.000000
vt 0.967532 -0.000000
vt 0.909091 0.947917
vt 0.136364 0.770833
vt 0.155844 0.875000
vt 0.136364 0.875000
vt 0.116883 0.843750
vt 0.038961 0.875000
vt 0.116883 0.843750
vt 0.155844 0.875000
vt 0.136364 0.875000
vt 0.116883 0.843750
vt 0.038961 0.875000
vt 0.116883 0.843750
vt 0.155844 0.875000
vt 0.136364 0.875000
vt 0.116883 0.843750
vt 0.038961 0.875000
vt 0.116883 0.843750
vt 0.909091 0.958333
vt 0.909091 0.958333
vt 0.909091 0.958333
vt 0.967532 0.916667
vt 0.967532 0.916667
vt 0.909091 0.916667
vt 1.000000 0.916667
vt 0.909091 0.947917
vt 0.909091 0.947917
vt 0.909091 0.947917
vt 0.967532 0.916667
vt 0.967532 0.916667
vt 0.909091 0.916667
vt 1.000000 0.916667
vn 0.0000 -1.0000 0.0000
vn 0.0000 1.0000 0.0000
vn -1.0000 0.0000 0.0000
vn 0.0000 -0.0000 1.0000
vn 1.0000 0.0000 0.0000
vn 0.0000 0.0000 -1.0000
vn 0.7071 0.0000 0.7071
vn -0.7071 0.0000 0.7071
v 0.875000 3.500000 -1.875000
v 0.625000 4.500000 -1.875000
v 0.625000 3.500000 -1.875000
v 0.625000 3.500000 -2.125000
v 0.875000 4.500000 -2.125000
v 0.875000 3.500000 -2.125000
v 0.562500 2.000000 -2.187500
v 0.937500 2.000000 -1.812500
v 0.562500 2.000000 -1.812500
v -0.937500 2.000000 -2.187500
v -0.562500 2.000000 -1.812500
v -0.937500 2.000000 -1.812500
v 0.937500 3.500000 -2.812500
v 0.562500 3.500000 -3.187500
v 0.562500 3.500000 -2.812500
v -0.562500 3.500000 -2.812500
v -0.937500 3.500000 -3.187500
v -0.937500 3.500000 -2.812500
v -0.937500 1.500000 -3.187500
v -0.562500 3.500000 -3.187500
v -0.562500 1.500000 -3.187500
v -0.562500 1.500000 -2.812500
v -0.937500 1.500000 -2.812500
v 0.562500 1.500000 -3.187500
v 0.937500 3.500000 -3.187500
v 0.937500 1.500000 -3.187500
v 0.937500 1.500000 -2.812500
v 0.562500 1.500000 -2.812500
v 0.937500 3.500000 -1.812500
v 0.562500 3.500000 -2.187500
v 0.562500 3.500000 -1.812500
v -0.562500 3.500000 -1.812500
v -0.937500 3.500000 -2.187500
v -0.937500 3.500000 -1.812500
v -0.562500 2.000000 -2.187500
v 0.937500 2.000000 -2.187500
v -0.562500 3.500000 -2.187500
v 0.937500 3.500000 -2.187500
v 0.625000 3.500000 -3.125000
v 0.875000 4.500000 -3.125000
v 0.875000 3.500000 -3.125000
v 0.875000 3.500000 -2.875000
v 0.625000 4.500000 -2.875000
v 0.625000 3.500000 -2.875000
v 0.875000 4.500000 -2.875000
v 0.625000 4.500000 -3.125000
v 0.875000 4.500000 -1.875000
v 0.625000 4.500000 -2.125000
v -0.625000 3.500000 -1.875000
v -0.875000 4.500000 -1.875000
v -0.875000 3.500000 -1.875000
v -0.875000 3.500000 -2.125000
v -0.625000 4.500000 -2.125000
v -0.625000 3.500000 -2.125000
v -0.875000 3.500000 -3.125000
v -0.625000 4.500000 -3.125000
v -0.625000 3.500000 -3.125000
v -0.625000 3.500000 -2.875000
v -0.875000 4.500000 -2.875000
v -0.875000 3.500000 -2.875000
v -0.625000 4.500000 -2.875000
v -0.875000 4.500000 -3.125000
v -0.625000 4.500000 -1.875000
v -0.875000 4.500000 -2.125000
v 0.750000 2.000000 -2.187500
v 0.750000 3.500000 -2.812500
v 0.750000 3.500000 -2.187500
v -0.750000 3.500000 -2.812500
v -0.750000 2.000000 -2.187500
v -0.750000 3.500000 -2.187500
v -0.562500 2.000000 -2.000000
v 0.562500 3.500000 -2.000000
v -0.562500 3.500000 -2.000000
v 0.562500 3.500000 -3.000000
v -0.562500 2.000000 -3.000000
v -0.562500 3.500000 -3.000000
v 0.750000 3.500000 -2.812500
v 0.750000 2.000000 -2.187500
v 0.750000 3.500000 -2.187500
v -0.750000 2.000000 -2.187500
v -0.750000 3.500000 -2.812500
v -0.750000 3.500000 -2.187500
v 0.562500 3.500000 -2.000000
v -0.562500 2.000000 -2.000000
v -0.562500 3.500000 -2.000000
v -0.562500 2.000000 -3.000000
v 0.562500 3.500000 -3.000000
v -0.562500 3.500000 -3.000000
v 0.750000 2.000000 -2.812500
v -0.750000 2.000000 -2.812500
v 0.562500 2.000000 -2.000000
v 0.562500 2.000000 -3.000000
v 0.750000 2.000000 -2.812500
v -0.750000 2.000000 -2.812500
v 0.562500 2.000000 -2.000000
v 0.562500 2.000000 -3.000000
vt 0.168831 0.541667
vt 0.155844 0.625000
vt 0.155844 0.541667
vt 0.142857 0.541667
vt 0.129870 0.625000
vt 0.129870 0.541667
vt 0.051948 0.708333
vt 0.071429 0.739583
vt 0.051948 0.739583
vt 0.051948 0.708333
vt 0.071429 0.739583
vt 0.051948 0.739583
vt 0.051948 0.739583
vt 0.071429 0.708333
vt 0.071429 0.739583
vt 0.051948 0.739583
vt 0.071429 0.708333
vt 0.071429 0.739583
vt 0.071429 0.541667
vt 0.051948 0.708333
vt 0.051948 0.541667
vt 0.110390 0.541667
vt 0.090909 0.708333
vt 0.090909 0.541667
vt 0.071429 0.541667
vt 0.051948 0.708333
vt 0.051948 0.541667
vt 0.110390 0.541667
vt 0.090909 0.708333
vt 0.090909 0.541667
vt 0.129870 0.541667
vt 0.110390 0.708333
vt 0.129870 0.541667
vt 0.110390 0.708333
vt 0.051948 0.739583
vt 0.071429 0.708333
vt 0.071429 0.739583
vt 0.051948 0.739583
vt 0.071429 0.708333
vt 0.071429 0.739583
vt 0.110390 0.583333
vt 0.090909 0.708333
vt 0.090909 0.583333
vt 0.129870 0.583333
vt 0.110390 0.708333
vt 0.110390 0.583333
vt 0.090909 0.583333
vt 0.071429 0.583333
vt 0.129870 0.583333
vt 0.110390 0.708333
vt 0.071429 0.583333
vt 0.051948 0.708333
vt 0.051948 0.583333
vt 0.090909 0.708333
vt 0.051948 0.708333
vt 0.051948 0.583333
vt 0.142857 0.541667
vt 0.129870 0.625000
vt 0.129870 0.541667
vt 0.168831 0.541667
vt 0.155844 0.625000
vt 0.155844 0.541667
vt 0.181818 0.541667
vt 0.168831 0.625000
vt 0.142857 0.625000
vt 0.181818 0.541667
vt 0.168831 0.625000
vt 0.142857 0.625000
vt 0.168831 0.541667
vt 0.155844 0.625000
vt 0.155844 0.541667
vt 0.142857 0.541667
vt 0.129870 0.625000
vt 0.129870 0.541667
vt 0.142857 0.541667
vt 0.129870 0.625000
vt 0.129870 0.541667
vt 0.168831 0.541667
vt 0.155844 0.625000
vt 0.155844 0.541667
vt 0.181818 0.541667
vt 0.168831 0.625000
vt 0.142857 0.625000
vt 0.181818 0.541667
vt 0.168831 0.625000
vt 0.142857 0.625000
vt 0.240260 0.541667
vt 0.272727 0.666667
vt 0.240260 0.666667
vt 0.240260 0.666667
vt 0.272727 0.541667
vt 0.272727 0.666667
vt 0.181818 0.541667
vt 0.240260 0.666667
vt 0.181818 0.666667
vt 0.181818 0.666667
vt 0.240260 0.541667
vt 0.240260 0.666667
vt 0.272727 0.666667
vt 0.240260 0.541667
vt 0.240260 0.666667
vt 0.272727 0.541667
vt 0.240260 0.666667
vt 0.272727 0.666667
vt 0.240260 0.666667
vt 0.181818 0.541667
vt 0.181818 0.666667
vt 0.240260 0.541667
vt 0.181818 0.666667
vt 0.240260 0.666667
vt 0.071429 0.708333
vt 0.071429 0.708333
vt 0.129870 0.708333
vt 0.129870 0.708333
vt 0.129870 0.708333
vt 0.129870 0.708333
vt 0.181818 0.625000
vt 0.181818 0.625000
vt 0.181818 0.625000
vt 0.181818 0.625000
vt 0.272727 0.541667
vt 0.240260 0.541667
vt 0.240260 0.541667
vt 0.181818 0.541667
vt 0.272727 0.541667
vt 0.240260 0.541667
vt 0.240260 0.541667
vt 0.181818 0.541667
vn 0.0000 -0.0000 1.0000
vn 0.0000 0.0000 -1.0000
vn 0.0000 -1.0000 0.0000
vn 0.0000 1.0000 0.0000
vn 1.0000 0.0000 0.0000
vn -1.0000 0.0000 0.0000
v 0.125000 5.750000 2.500000
v 0.198223 5.573223 1.000000
v 0.198223 5.573223 2.500000
v 0.375000 5.500000 1.000000
v 0.375000 5.500000 2.500000
v 0.551777 5.573223 2.500000
v 0.625000 5.750000 1.000000
v 0.625000 5.750000 2.500000
v 0.551777 5.573223 1.000000
v 0.551777 5.926777 2.500000
v 0.375000 6.000000 1.000000
v 0.375000 6.000000 2.500000
v 0.198223 5.926777 2.500000
v 0.125000 5.750000 1.000000
v 0.551777 5.926777 1.000000
v 0.198223 5.926777 1.000000
v -0.625000 5.750000 2.500000
v -0.551777 5.573223 1.000000
v -0.551777 5.573223 2.500000
v -0.375000 5.500000 1.000000
v -0.375000 5.500000 2.500000
v -0.198223 5.573223 2.500000
v -0.125000 5.750000 1.000000
v -0.125000 5.750000 2.500000
v -0.198223 5.573223 1.000000
v -0.198223 5.926777 2.500000
v -0.375000 6.000000 1.000000
v -0.375000 6.000000 2.500000
v -0.551777 5.926777 2.500000
v -0.625000 5.750000 1.000000
v -0.198223 5.926777 1.000000
v -0.551777 5.926777 1.000000
v 0.125000 10.250000 2.250000
v 0.198223 10.073223 0.750000
v 0.198223 10.073223 2.250000
v 0.375000 10.000000 0.750000
v 0.375000 10.000000 2.250000
v 0.551777 10.073223 2.250000
v 0.625000 10.250000 0.750000
v 0.625000 10.250000 2.250000
v 0.551777 10.073223 0.750000
v 0.551777 10.426777 2.250000
v 0.375000 10.500000 0.750000
v 0.375000 10.500000 2.250000
v 0.198223 10.426777 2.250000
v 0.125000 10.250000 0.750000
v 0.551777 10.426777 0.750000
v 0.198223 10.426777 0.750000
v -0.625000 10.250000 2.250000
v -0.551777 10.073223 0.750000
v -0.551777 10.073223 2.250000
v -0.375000 10.000000 0.750000
v -0.375000 10.000000 2.250000
v -0.198223 10.073223 2.250000
v -0.125000 10.250000 0.750000
v -0.125000 10.250000 2.250000
v -0.198223 10.073223 0.750000
v -0.198223 10.426777 2.250000
v -0.375000 10.500000 0.750000
v -0.375000 10.500000 2.250000
v -0.551777 10.426777 2.250000
v -0.625000 10.250000 0.750000
v -0.198223 10.426777 0.750000
v -0.551777 10.426777 0.750000
vt 0.538961 0.500000
vt 0.529221 0.625000
vt 0.529221 0.500000
vt 0.519481 0.625000
vt 0.519481 0.500000
vt 0.587662 0.500000
vt 0.577922 0.625000
vt 0.577922 0.500000
vt 0.597403 0.625000
vt 0.587662 0.625000
vt 0.568182 0.500000
vt 0.558442 0.625000
vt 0.558442 0.500000
vt 0.548701 0.500000
vt 0.538961 0.625000
vt 0.568182 0.625000
vt 0.548701 0.625000
vt 0.616883 0.500000
vt 0.607143 0.625000
vt 0.607143 0.500000
vt 0.597403 0.625000
vt 0.597403 0.500000
vt 0.665585 0.500000
vt 0.655844 0.625000
vt 0.655844 0.500000
vt 0.675325 0.625000
vt 0.665585 0.625000
vt 0.646104 0.500000
vt 0.636364 0.625000
vt 0.636364 0.500000
vt 0.626623 0.500000
vt 0.616883 0.625000
vt 0.646104 0.625000
vt 0.626623 0.625000
vt 0.538961 0.500000
vt 0.529221 0.625000
vt 0.529221 0.500000
vt 0.519481 0.625000
vt 0.519481 0.500000
vt 0.587662 0.500000
vt 0.577922 0.625000
vt 0.577922 0.500000
vt 0.597403 0.625000
vt 0.587662 0.625000
vt 0.568182 0.500000
vt 0.558442 0.625000
vt 0.558442 0.500000
vt 0.548701 0.500000
vt 0.538961 0.625000
vt 0.568182 0.625000
vt 0.548701 0.625000
vt 0.616883 0.500000
vt 0.607143 0.625000
vt 0.607143 0.500000
vt 0.597403 0.625000
vt 0.597403 0.500000
vt 0.665585 0.500000
vt 0.655844 0.625000
vt 0.655844 0.500000
vt 0.675325 0.625000
vt 0.665585 0.625000
vt 0.646104 0.500000
vt 0.636364 0.625000
vt 0.636364 0.500000
vt 0.626623 0.500000
vt 0.616883 0.625000
vt 0.646104 0.625000
vt 0.626623 0.625000
vt 0.597403 0.500000
vt 0.675325 0.500000
vt 0.597403 0.500000
vt 0.675325 0.500000
vn -1.0000 0.0000 0.0000
vn -0.7071 -0.7071 0.0000
vn 0.0000 -1.0000 0.0000
vn 0.7071 -0.7071 0.0000
vn 1.0000 -0.0000 0.0000
vn 0.7071 0.7071 0.0000
vn 0.0000 1.0000 0.0000
vn -0.7071 0.7071 0.0000
v 1.500000 2.000000 -1.500000
v -1.500000 2.000000 1.500000
v 1.500000 2.000000 1.500000
v -1.500000 2.000000 1.500000
v 3.500000 2.000000 3.500000
v 1.500000 2.000000 1.500000
v 3.500000 1.750000 3.500000
v 3.250000 1.750000 -3.250000
v 3.500000 1.750000 -3.500000
v 3.500000 2.000000 -3.500000
v -3.500000 2.000000 -3.500000
v -3.500000 1.750000 3.500000
v -3.500000 2.000000 3.500000
v -3.500000 1.750000 -3.500000
v -3.250000 1.000000 -3.250000
v -3.250000 1.750000 -3.250000
v -3.250000 1.750000 3.250000
v 3.250000 1.750000 3.250000
v -1.500000 2.000000 -1.500000
v 3.250000 1.000000 3.250000
v 3.250000 1.000000 -3.250000
v -3.250000 1.000000 3.250000
v 1.500000 2.000000 -1.500000
v 0.500000 1.000000 0.500000
v -0.500000 1.000000 0.500000
v -0.500000 1.000000 -0.500000
v 0.500000 1.000000 -0.500000
v 2.000000 1.500000 -4.500000
v -2.000000 1.000000 -4.500000
v -2.000000 1.500000 -4.500000
v 2.000000 2.000000 -3.500000
v -2.000000 2.000000 -4.000000
v -2.000000 2.000000 -3.500000
v 2.000000 2.000000 -4.000000
v 2.000000 1.000000 -3.500000
v -2.000000 1.000000 -3.500000
v -4.500000 2.000000 1.500000
v -3.500000 2.000000 1.500000
v -3.500000 1.750000 1.500000
v -4.500000 2.000000 4.500000
v -4.500000 1.000000 1.500000
v -4.500000 1.000000 4.500000
v -1.500000 1.000000 4.500000
v -1.500000 1.750000 3.500000
v -1.500000 2.000000 4.500000
v -3.500000 2.000000 3.500000
v -4.500000 4.000000 1.500000
v -1.500000 4.000000 4.500000
v -4.500000 4.000000 4.500000
v -4.500000 4.250000 4.500000
v -1.500000 4.250000 4.500000
v -4.500000 4.250000 1.500000
v -1.500000 4.250000 1.500000
v -1.500000 4.000000 1.500000
v -4.000000 2.000000 4.250000
v -2.000000 4.000000 4.250000
v -4.000000 4.000000 4.250000
v -1.500000 2.000000 2.000000
v -2.000000 4.000000 2.000000
v -2.000000 2.000000 2.000000
v -4.000000 2.000000 1.500000
v -4.000000 4.000000 2.000000
v -4.000000 2.000000 2.000000
v -1.500000 2.000000 1.500000
v -1.500000 4.000000 2.000000
v -4.500000 2.000000 1.500000
v -4.000000 4.000000 1.500000
v -2.000000 2.000000 1.500000
v -1.500000 4.000000 1.500000
v -4.500000 2.000000 4.500000
v -4.500000 4.000000 4.000000
v -4.500000 2.000000 4.000000
v -2.000000 2.000000 4.500000
v -2.000000 4.000000 4.000000
v -2.000000 2.000000 4.000000
v -4.000000 2.000000 4.500000
v -4.500000 4.000000 4.500000
v -1.500000 2.000000 4.500000
v -2.000000 4.000000 4.500000
v -4.000000 2.000000 4.000000
v -4.000000 4.000000 4.500000
v -1.500000 2.000000 4.000000
v -1.500000 4.000000 4.500000
v -4.000000 4.000000 4.000000
v -4.500000 2.000000 2.000000
v -4.500000 4.000000 1.500000
v -1.500000 4.000000 4.000000
v -2.000000 4.000000 1.500000
v -4.500000 4.000000 2.000000
v -2.000000 4.000000 1.750000
v -4.000000 2.000000 1.750000
v -4.000000 4.000000 1.750000
v -1.750000 4.000000 4.000000
v -1.750000 2.000000 2.000000
v -1.750000 4.000000 2.000000
v -4.250000 2.000000 2.000000
v -4.250000 4.000000 4.000000
v -4.250000 4.000000 2.000000
v -4.500000 6.250000 1.500000
v -1.500000 6.250000 4.500000
v -4.500000 6.250000 4.500000
v -4.500000 6.500000 4.500000
v -1.500000 6.500000 4.500000
v -4.500000 6.500000 1.500000
v -1.500000 6.500000 1.500000
v -1.500000 6.250000 1.500000
v -4.000000 4.250000 4.250000
v -2.000000 6.250000 4.250000
v -4.000000 6.250000 4.250000
v -1.500000 4.250000 2.000000
v -2.000000 6.250000 2.000000
v -2.000000 4.250000 2.000000
v -4.000000 4.250000 1.500000
v -4.000000 6.250000 2.000000
v -4.000000 4.250000 2.000000
v -1.500000 4.250000 1.500000
v -1.500000 6.250000 2.000000
v -4.500000 4.250000 1.500000
v -4.000000 6.250000 1.500000
v -2.000000 4.250000 1.500000
v -1.500000 6.250000 1.500000
v -4.500000 4.250000 4.500000
v -4.500000 6.250000 4.000000
v -4.500000 4.250000 4.000000
v -2.000000 4.250000 4.500000
v -2.000000 6.250000 4.000000
v -2.000000 4.250000 4.000000
v -4.000000 4.250000 4.500000
v -4.500000 6.250000 4.500000
v -1.500000 4.250000 4.500000
v -2.000000 6.250000 4.500000
v -4.000000 4.250000 4.000000
v -4.000000 6.250000 4.500000
v -1.500000 4.250000 4.000000
v -1.500000 6.250000 4.500000
v -4.000000 6.250000 4.000000
v -4.500000 4.250000 2.000000
v -4.500000 6.250000 1.500000
v -1.500000 6.250000 4.000000
v -2.000000 6.250000 1.500000
v -4.500000 6.250000 2.000000
v -2.000000 6.250000 1.750000
v -4.000000 4.250000 1.750000
v -4.000000 6.250000 1.750000
v -1.750000 6.250000 4.000000
v -1.750000 4.250000 2.000000
v -1.750000 6.250000 2.000000
v -4.250000 4.250000 2.000000
v -4.250000 6.250000 4.000000
v -4.250000 6.250000 2.000000
v -4.500000 8.500000 1.500000
v -1.500000 8.500000 4.500000
v -4.500000 8.500000 4.500000
v -4.500000 8.750000 4.500000
v -1.500000 8.750000 4.500000
v -4.500000 8.750000 1.500000
v -1.500000 8.750000 1.500000
v -1.500000 8.500000 1.500000
v -4.000000 6.500000 4.250000
v -2.000000 8.500000 4.250000
v -4.000000 8.500000 4.250000
v -1.500000 6.500000 2.000000
v -2.000000 8.500000 2.000000
v -2.000000 6.500000 2.000000
v -4.000000 6.500000 1.500000
v -4.000000 8.500000 2.000000
v -4.000000 6.500000 2.000000
v -1.500000 6.500000 1.500000
v -1.500000 8.500000 2.000000
v -4.500000 6.500000 1.500000
v -4.000000 8.500000 1.500000
v -2.000000 6.500000 1.500000
v -1.500000 8.500000 1.500000
v -4.500000 6.500000 4.500000
v -4.500000 8.500000 4.000000
v -4.500000 6.500000 4.000000
v -2.000000 6.500000 4.500000
v -2.000000 8.500000 4.000000
v -2.000000 6.500000 4.000000
v -4.000000 6.500000 4.500000
v -4.500000 8.500000 4.500000
v -1.500000 6.500000 4.500000
v -2.000000 8.500000 4.500000
v -4.000000 6.500000 4.000000
v -4.000000 8.500000 4.500000
v -1.500000 6.500000 4.000000
v -1.500000 8.500000 4.500000
v -4.000000 8.500000 4.000000
v -4.500000 6.500000 2.000000
v -4.500000 8.500000 1.500000
v -1.500000 8.500000 4.000000
v -2.000000 8.500000 1.500000
v -4.500000 8.500000 2.000000
v -2.000000 8.500000 1.750000
v -4.000000 6.500000 1.750000
v -4.000000 8.500000 1.750000
v -1.750000 8.500000 4.000000
v -1.750000 6.500000 2.000000
v -1.750000 8.500000 2.000000
v -4.250000 6.500000 2.000000
v -4.250000 8.500000 4.000000
v -4.250000 8.500000 2.000000
v -4.500000 10.750000 1.500000
v -1.500000 10.750000 4.500000
v -4.500000 10.750000 4.500000
v -4.500000 11.000000 4.500000
v -1.500000 11.000000 4.500000
v -4.500000 11.000000 1.500000
v -1.500000 11.000000 1.500000
v -1.500000 10.750000 1.500000
v -4.000000 8.750000 4.250000
v -2.000000 10.750000 4.250000
v -4.000000 10.750000 4.250000
v -1.500000 8.750000 2.000000
v -2.000000 10.750000 2.000000
v -2.000000 8.750000 2.000000
v -4.000000 8.750000 1.500000
v -4.000000 10.750000 2.000000
v -4.000000 8.750000 2.000000
v -1.500000 8.750000 1.500000
v -1.500000 10.750000 2.000000
v -4.500000 8.750000 1.500000
v -4.000000 10.750000 1.500000
v -2.000000 8.750000 1.500000
v -1.500000 10.750000 1.500000
v -4.500000 8.750000 4.500000
v -4.500000 10.750000 4.000000
v -4.500000 8.750000 4.000000
v -2.000000 8.750000 4.500000
v -2.000000 10.750000 4.000000
v -2.000000 8.750000 4.000000
v -4.000000 8.750000 4.500000
v -4.500000 10.750000 4.500000
v -1.500000 8.750000 4.500000
v -2.000000 10.750000 4.500000
v -4.000000 8.750000 4.000000
v -4.000000 10.750000 4.500000
v -1.500000 8.750000 4.000000
v -1.500000 10.750000 4.500000
v -4.000000 10.750000 4.000000
v -4.500000 8.750000 2.000000
v -4.500000 10.750000 1.500000
v -1.500000 10.750000 4.000000
v -2.000000 10.750000 1.500000
v -4.500000 10.750000 2.000000
v -2.000000 10.750000 1.750000
v -4.000000 8.750000 1.750000
v -4.000000 10.750000 1.750000
v -1.750000 10.750000 4.000000
v -1.750000 8.750000 2.000000
v -1.750000 10.750000 2.000000
v -4.250000 8.750000 2.000000
v -4.250000 10.750000 4.000000
v -4.250000 10.750000 2.000000
v -3.187500 15.250000 3.750001
v -3.750000 15.250000 4.625000
v -3.187500 13.250000 3.750000
v -3.750000 15.250000 3.187501
v -3.750000 13.250000 3.187500
v -4.625000 15.250000 3.750001
v -3.375000 15.250000 4.250000
v -4.625000 15.250000 3.750001
v -4.250000 15.250000 3.375001
v -3.750000 15.500000 4.625000
v -3.750000 15.250000 4.625000
v -4.250000 15.500000 3.375001
v -3.375000 15.500000 4.250000
v -2.250000 15.250000 1.375001
v -1.750000 15.250000 2.625001
v -2.625000 15.250000 1.750001
v -1.750000 15.500000 2.625001
v -2.250000 15.500000 1.375001
v -2.625000 15.500000 1.750001
v -1.375000 15.500000 2.250001
v -1.375000 15.250000 2.250001
v -4.250000 15.500000 2.625001
v -4.250000 15.250000 2.625001
v -1.750000 15.500000 3.375001
v -1.750000 15.250000 3.375001
v -4.625000 15.500000 3.750001
v -2.625000 15.250000 4.250000
v -3.375000 15.250000 1.750001
v -2.625000 15.500000 4.250000
v -3.375000 15.500000 1.750001
v -4.250000 13.000000 2.625000
v -3.375000 13.250000 1.750001
v -3.375000 13.000000 1.750001
v -3.937500 2.000000 2.812500
v -3.562500 17.500000 2.812501
v -3.562500 2.000000 2.812500
v -1.750000 13.000000 3.375000
v -2.625000 13.250000 4.250000
v -2.625000 13.000000 4.250000
v -1.750000 13.250000 2.625000
v -1.750000 13.000000 2.625000
v -4.250000 13.000000 3.375000
v -3.187500 2.000000 3.562500
v -2.812500 17.500000 3.562501
v -2.812500 2.000000 3.562500
v -2.062500 2.000000 3.187500
v -2.437500 17.500000 3.187501
v -2.437500 2.000000 3.187500
v -2.437500 17.500000 2.812501
v -2.437500 2.000000 2.812500
v -2.062500 17.500000 2.812501
v -2.062500 2.000000 2.812500
v -2.812500 2.000000 2.437500
v -3.187500 17.500000 2.437501
v -3.187500 2.000000 2.437500
v -3.187500 17.500000 2.062501
v -3.187500 2.000000 2.062500
v -3.562500 17.500000 3.187501
v -3.562500 2.000000 3.187500
v -2.812500 2.000000 2.062500
v -2.812500 17.500000 2.437501
v -2.812500 17.500000 2.062501
v -3.187500 2.000000 3.937500
v -3.187500 17.500000 3.562501
v -3.937500 2.000000 3.187500
v -3.937500 17.500000 2.812501
v -2.812500 17.500000 3.937501
v -2.812500 2.000000 3.937500
v -3.187500 17.500000 3.937501
v -3.937500 17.500000 3.187501
v -2.062500 17.500000 3.187501
v -3.750000 17.500000 2.812501
v -3.187500 2.000000 2.250000
v -3.750000 2.000000 2.812500
v -2.250000 17.500000 3.187501
v -2.812500 2.000000 3.750000
v -2.250000 2.000000 3.187500
v -3.187500 2.000000 3.750000
v -3.750000 17.500000 3.187501
v -3.750000 2.000000 3.187500
v -2.812500 2.000000 2.250000
v -2.250000 17.500000 2.812501
v -2.250000 2.000000 2.812500
v -2.625000 13.250000 1.750001
v -2.625000 13.000000 1.750001
v -3.375000 13.250000 4.250000
v -3.375000 13.000000 4.250000
v -1.375000 13.250000 2.250000
v -4.625000 13.250000 3.750000
v -4.250000 13.250000 3.375000
v -1.750000 13.250000 3.375000
v -4.250000 13.250000 2.625000
v -1.750000 17.500000 2.625001
v -2.625000 17.500000 4.250001
v -4.250000 17.500000 3.375001
v -2.625000 17.750000 4.250001
v -1.750000 17.750000 2.625001
v -3.375000 17.750000 1.750001
v -1.750000 17.500000 3.375001
v -4.250000 17.500000 2.625001
v -3.375000 17.500000 1.750001
v -2.625000 17.750000 1.750001
v -2.625000 17.500000 1.750001
v -3.375000 17.750000 4.250001
v -3.375000 17.500000 4.250001
v -4.250000 17.750000 3.375001
v -1.750000 17.750000 3.375001
v -4.250000 17.750000 2.625001
v -2.250000 13.000000 1.375001
v -1.375000 13.000000 2.250000
v -2.250000 13.250000 1.375001
v -3.750000 13.000000 4.625000
v -3.750000 13.250000 4.625000
v -4.625000 13.000000 3.750000
v 1.375000 3.000000 0.250000
v 1.375000 4.000000 -0.250000
v 1.375000 4.000000 0.250000
v 1.125000 4.000000 -0.250000
v 1.125000 3.000000 0.250000
v 1.125000 4.000000 0.250000
v 1.375000 3.000000 -0.250000
v 1.125000 3.000000 -0.250000
v 3.500000 2.250000 0.250000
v 2.500000 2.250000 -0.250000
v 2.500000 2.250000 0.250000
v 3.500000 2.000000 -0.250000
v 3.500000 2.000000 0.250000
v 2.500000 2.000000 0.250000
v 2.500000 2.000000 -0.250000
v 3.500000 2.250000 -0.250000
v 1.196051 3.475517 -0.125000
v 3.080348 2.220756 -0.125000
v 2.919652 2.029244 -0.125000
v 1.356748 3.667028 0.125000
v 3.080348 2.220756 0.125000
v 1.875000 2.000000 0.375000
v 1.875000 3.000000 0.125000
v 1.875000 3.000000 -0.125000
v 2.919652 2.029244 0.125000
v 2.125000 3.000000 -0.125000
v 2.125000 2.000000 0.375000
v 2.125000 2.000000 0.625000
v 1.875000 2.000000 0.625000
v 1.196051 3.475517 0.125000
v 2.125000 3.000000 0.125000
v 2.125000 2.000000 -0.375000
v 2.125000 3.000000 -0.125000
v 2.125000 3.000000 0.125000
v 1.875000 2.000000 -0.375000
v 1.875000 3.000000 -0.125000
v 1.875000 2.000000 -0.625000
v 2.125000 2.000000 -0.625000
v 1.875000 3.000000 0.125000
v -1.502151 2.591684 1.678928
v -0.934124 3.475517 0.757348
v -0.757348 3.475517 0.934124
v -1.615781 2.783195 1.792558
v -0.870978 3.667028 1.047755
v -1.792558 2.783195 1.615781
v -1.047754 3.667028 0.870978
v -1.678928 2.591684 1.502151
v 1.149048 3.000000 -0.795495
v 0.795495 4.000000 -1.149048
v 1.149048 4.000000 -0.795495
v -3.187500 15.250000 3.750001
v -3.187500 13.250000 3.750000
v -3.750000 15.250000 4.625000
v -3.750000 15.250000 3.187501
v -4.625000 15.250000 3.750001
v -3.750000 13.250000 3.187500
v -3.187500 2.000000 2.250000
v -3.750000 17.500000 2.812501
v -3.750000 2.000000 2.812500
v -2.812500 2.000000 3.750000
v -2.250000 17.500000 3.187501
v -2.250000 2.000000 3.187500
v -3.750000 17.500000 3.187501
v -3.187500 2.000000 3.750000
v -3.750000 2.000000 3.187500
v -2.250000 17.500000 2.812501
v -2.812500 2.000000 2.250000
v -2.250000 2.000000 2.812500
v -2.000000 4.000000 4.250000
v -4.000000 2.000000 4.250000
v -4.000000 4.000000 4.250000
v -4.000000 2.000000 1.750000
v -2.000000 4.000000 1.750000
v -4.000000 4.000000 1.750000
v -1.750000 2.000000 2.000000
v -1.750000 4.000000 4.000000
v -1.750000 4.000000 2.000000
v -4.250000 4.000000 4.000000
v -4.250000 2.000000 2.000000
v -4.250000 4.000000 2.000000
v -2.000000 6.250000 4.250000
v -4.000000 4.250000 4.250000
v -4.000000 6.250000 4.250000
v -4.000000 4.250000 1.750000
v -2.000000 6.250000 1.750000
v -4.000000 6.250000 1.750000
v -1.750000 4.250000 2.000000
v -1.750000 6.250000 4.000000
v -1.750000 6.250000 2.000000
v -4.250000 6.250000 4.000000
v -4.250000 4.250000 2.000000
v -4.250000 6.250000 2.000000
v -2.000000 8.500000 4.250000
v -4.000000 6.500000 4.250000
v -4.000000 8.500000 4.250000
v -4.000000 6.500000 1.750000
v -2.000000 8.500000 1.750000
v -4.000000 8.500000 1.750000
v -1.750000 6.500000 2.000000
v -1.750000 8.500000 4.000000
v -1.750000 8.500000 2.000000
v -4.250000 8.500000 4.000000
v -4.250000 6.500000 2.000000
v -4.250000 8.500000 2.000000
v -2.000000 10.750000 4.250000
v -4.000000 8.750000 4.250000
v -4.000000 10.750000 4.250000
v -4.000000 8.750000 1.750000
v -2.000000 10.750000 1.750000
v -4.000000 10.750000 1.750000
v -1.750000 8.750000 2.000000
v -1.750000 10.750000 4.000000
v -1.750000 10.750000 2.000000
v -4.250000 10.750000 4.000000
v -4.250000 8.750000 2.000000
v -4.250000 10.750000 2.000000
v 0.618718 4.000000 -0.972272
v 0.972272 3.000000 -0.618718
v 0.972272 4.000000 -0.618718
v 0.795495 3.000000 -1.149048
v 0.618718 3.000000 -0.972272
v 2.651650 2.250000 -2.298097
v 1.590990 2.250000 -1.944544
v 1.944544 2.250000 -1.590990
v 2.298097 2.000000 -2.651650
v 2.651650 2.000000 -2.298097
v 1.944544 2.000000 -1.590990
v 1.590990 2.000000 -1.944544
v 2.298097 2.250000 -2.651650
v 0.757348 3.475517 -0.934124
v 2.089747 2.220756 -2.266524
v 1.976117 2.029244 -2.152894
v 1.047754 3.667028 -0.870978
v 2.266524 2.220756 -2.089747
v 1.590990 2.000000 -1.060660
v 1.414214 3.000000 -1.237437
v 1.237437 3.000000 -1.414214
v 2.152894 2.029244 -1.976117
v 1.414214 3.000000 -1.590990
v 1.767767 2.000000 -1.237437
v 1.944544 2.000000 -1.060660
v 1.767767 2.000000 -0.883883
v 0.934124 3.475517 -0.757348
v 1.590990 3.000000 -1.414214
v 1.237437 2.000000 -1.767767
v 1.414214 3.000000 -1.590990
v 1.590990 3.000000 -1.414214
v 1.060660 2.000000 -1.590990
v 1.237437 3.000000 -1.414214
v 0.883883 2.000000 -1.767767
v 1.060660 2.000000 -1.944544
v 1.414214 3.000000 -1.237437
v 0.795495 3.000000 1.149048
v 1.149048 4.000000 0.795495
v 0.795495 4.000000 1.149048
v 0.972272 4.000000 0.618719
v 0.618718 3.000000 0.972272
v 0.618718 4.000000 0.972272
v 1.149048 3.000000 0.795495
v 0.972272 3.000000 0.618719
v 2.298097 2.250000 2.651650
v 1.944543 2.250000 1.590990
v 1.590990 2.250000 1.944544
v 2.651650 2.000000 2.298097
v 2.298097 2.000000 2.651650
v 1.590990 2.000000 1.944544
v 1.944543 2.000000 1.590990
v 2.651650 2.250000 2.298097
v 0.934124 3.475517 0.757348
v 2.266524 2.220755 2.089747
v 2.152894 2.029244 1.976117
v 0.870978 3.667028 1.047755
v 2.089747 2.220755 2.266524
v 1.060660 2.000000 1.590990
v 1.237437 3.000000 1.414214
v 1.414214 3.000000 1.237437
v 1.976117 2.029244 2.152894
v 1.590990 3.000000 1.414214
v 1.237437 2.000000 1.767767
v 1.060660 2.000000 1.944544
v 0.883883 2.000000 1.767767
v 0.757348 3.475517 0.934125
v 1.414213 3.000000 1.590990
v 1.767767 2.000000 1.237437
v 1.590990 3.000000 1.414214
v 1.414213 3.000000 1.590990
v 1.590990 2.000000 1.060660
v 1.414214 3.000000 1.237437
v 1.767767 2.000000 0.883883
v 1.944544 2.000000 1.060660
v 1.237437 3.000000 1.414214
v -1.375000 3.000000 -0.250000
v -1.375000 4.000000 0.250000
v -1.375000 4.000000 -0.250000
v -1.125000 4.000000 0.250000
v -1.125000 3.000000 -0.250000
v -1.125000 4.000000 -0.250000
v -1.375000 3.000000 0.250000
v -1.125000 3.000000 0.250000
v -3.500000 2.250000 -0.250000
v -2.500000 2.250000 0.250000
v -2.500000 2.250000 -0.250000
v -3.500000 2.000000 0.250000
v -3.500000 2.000000 -0.250000
v -2.500000 2.000000 -0.250000
v -2.500000 2.000000 0.250000
v -3.500000 2.250000 0.250000
v -1.196051 3.475517 0.125000
v -3.080348 2.220756 0.125000
v -2.919652 2.029244 0.125000
v -1.356748 3.667028 -0.125000
v -3.080348 2.220756 -0.125000
v -1.875000 2.000000 -0.375000
v -1.875000 3.000000 -0.125000
v -1.875000 3.000000 0.125000
v -2.919652 2.029244 -0.125000
v -2.125000 3.000000 0.125000
v -2.125000 2.000000 -0.375000
v -2.125000 2.000000 -0.625000
v -1.875000 2.000000 -0.625000
v -2.125000 3.000000 -0.125000
v -2.125000 2.000000 0.375000
v -2.125000 3.000000 0.125000
v -2.125000 3.000000 -0.125000
v -1.875000 2.000000 0.375000
v -1.875000 3.000000 0.125000
v -1.875000 2.000000 0.625000
v -2.125000 2.000000 0.625000
v -1.875000 3.000000 -0.125000
v -0.795495 3.000000 -1.149048
v -1.149049 4.000000 -0.795495
v -0.795495 4.000000 -1.149048
v -0.972272 4.000000 -0.618719
v -0.618718 3.000000 -0.972272
v -0.618718 4.000000 -0.972272
v -1.149049 3.000000 -0.795495
v -0.972272 3.000000 -0.618719
v -2.298097 2.250000 -2.651650
v -1.944544 2.250000 -1.590990
v -1.590990 2.250000 -1.944544
v -2.651650 2.000000 -2.298097
v -2.298097 2.000000 -2.651650
v -1.590990 2.000000 -1.944544
v -1.944544 2.000000 -1.590990
v -2.651650 2.250000 -2.298097
v -0.934124 3.475517 -0.757348
v -2.266524 2.220755 -2.089746
v -2.152894 2.029244 -1.976117
v -0.870978 3.667028 -1.047755
v -2.089747 2.220755 -2.266523
v -1.060660 2.000000 -1.590990
v -1.237437 3.000000 -1.414213
v -1.414214 3.000000 -1.237437
v -1.976117 2.029244 -2.152894
v -1.590990 3.000000 -1.414213
v -1.237437 2.000000 -1.767767
v -1.060660 2.000000 -1.944544
v -0.883884 2.000000 -1.767767
v -1.414213 3.000000 -1.590990
v -1.767767 2.000000 -1.237437
v -1.590990 3.000000 -1.414213
v -1.414213 3.000000 -1.590990
v -1.590990 2.000000 -1.060660
v -1.414214 3.000000 -1.237437
v -1.767767 2.000000 -0.883883
v -1.944544 2.000000 -1.060660
v -1.237437 3.000000 -1.414213
v -1.149048 3.000000 0.795495
v -0.795495 4.000000 1.149049
v -1.149048 4.000000 0.795495
v -0.618718 4.000000 0.972272
v -0.972272 3.000000 0.618719
v -0.972272 4.000000 0.618719
v -0.795495 3.000000 1.149049
v -0.618718 3.000000 0.972272
v -1.590990 2.000000 1.060660
v -1.414213 3.000000 1.237437
v -1.237437 3.000000 1.414214
v -1.414213 3.000000 1.590990
v -1.767767 2.000000 1.237437
v -1.944543 2.000000 1.060660
v -1.767767 2.000000 0.883884
v -1.590990 3.000000 1.414214
v -1.237437 2.000000 1.767767
v -1.414213 3.000000 1.590990
v -1.590990 3.000000 1.414214
v -1.060660 2.000000 1.590990
v -1.237437 3.000000 1.414214
v -0.883883 2.000000 1.767767
v -1.060660 2.000000 1.944544
v -1.414213 3.000000 1.237437
v -1.500000 2.000000 -1.500000
v 2.000000 1.000000 -4.500000
v -3.250000 1.750000 1.500000
v -3.250000 1.000000 1.500000
v -1.500000 1.000000 3.250000
v -1.500000 1.750000 3.250000
v -1.500000 2.000000 3.500000
v -2.000000 2.000000 4.250000
v -2.000000 2.000000 1.750000
v -1.750000 2.000000 4.000000
v -4.250000 2.000000 4.000000
v -2.000000 4.250000 4.250000
v -2.000000 4.250000 1.750000
v -1.750000 4.250000 4.000000
v -4.250000 4.250000 4.000000
v -2.000000 6.500000 4.250000
v -2.000000 6.500000 1.750000
v -1.750000 6.500000 4.000000
v -4.250000 6.500000 4.000000
v -2.000000 8.750000 4.250000
v -2.000000 8.750000 1.750000
v -1.750000 8.750000 4.000000
v -4.250000 8.750000 4.000000
v -3.187500 17.500000 2.250001
v -2.812500 17.500000 3.750001
v -3.187500 17.500000 3.750001
v -2.812500 17.500000 2.250001
v 1.356748 3.667028 -0.125000
v -3.187500 17.500000 2.250001
v -2.812500 17.500000 3.750001
v -3.187500 17.500000 3.750001
v -2.812500 17.500000 2.250001
v -2.000000 2.000000 4.250000
v -2.000000 2.000000 1.750000
v -1.750000 2.000000 4.000000
v -4.250000 2.000000 4.000000
v -2.000000 4.250000 4.250000
v -2.000000 4.250000 1.750000
v -1.750000 4.250000 4.000000
v -4.250000 4.250000 4.000000
v -2.000000 6.500000 4.250000
v -2.000000 6.500000 1.750000
v -1.750000 6.500000 4.000000
v -4.250000 6.500000 4.000000
v -2.000000 8.750000 4.250000
v -2.000000 8.750000 1.750000
v -1.750000 8.750000 4.000000
v -4.250000 8.750000 4.000000
v 0.870978 3.667028 -1.047754
v 1.047754 3.667028 0.870978
v -1.356748 3.667028 0.125000
v -1.196051 3.475517 -0.125000
v -1.047755 3.667028 -0.870978
v -0.757348 3.475517 -0.934124
vt 0.269231 0.532258
vt 0.115385 0.725806
vt 0.115385 0.532258
vt 0.102564 0.403226
vt 0.000000 0.080645
vt 0.102564 0.209677
vt 0.000000 0.064516
vt 0.346154 0.048387
vt 0.358974 0.064516
vt 0.358974 0.080645
vt -0.000000 0.080645
vt 0.358974 0.064516
vt 0.358974 0.080645
vt -0.000000 0.080645
vt 0.358974 0.064516
vt 0.358974 0.080645
vt -0.000000 0.080645
vt 0.358974 0.064516
vt 0.358974 0.080645
vt 0.012821 0.048387
vt 0.346154 -0.000000
vt 0.346154 0.048387
vt -0.000000 0.064516
vt -0.000000 0.064516
vt 0.346154 0.048387
vt -0.000000 0.064516
vt 0.346154 0.048387
vt 0.256410 0.403226
vt -0.000000 0.532258
vt 0.012821 0.048387
vt 0.346154 -0.000000
vt 0.012821 0.048387
vt 0.346154 0.000000
vt 0.012821 0.048387
vt 0.346154 -0.000000
vt 0.256410 0.209677
vt 0.358974 0.532258
vt 0.153846 0.274194
vt 0.153846 0.338710
vt 0.205128 0.338710
vt 0.205128 0.274194
vt 0.371795 0.596774
vt 0.397436 0.854839
vt 0.371795 0.854839
vt 0.320513 0.596774
vt 0.346154 0.854839
vt 0.320513 0.854839
vt 0.346154 0.596774
vt 0.320513 0.532258
vt 0.269231 0.596774
vt 0.371795 0.887097
vt 0.371795 0.919355
vt 0.320513 0.919355
vt 0.205128 0.806452
vt 0.205128 0.741935
vt 0.217949 0.741935
vt 0.051282 0.806452
vt 0.205128 0.870968
vt 0.051282 0.870968
vt -0.000000 0.612903
vt 0.000000 0.806452
vt 0.102564 0.596774
vt 0.051282 0.612903
vt 0.051282 0.548387
vt 0.102564 0.741935
vt 0.410256 0.500000
vt 0.564103 0.693548
vt 0.410256 0.693548
vt 0.564103 0.483871
vt 0.410256 0.500000
vt 0.410256 0.483871
vt 0.564103 0.500000
vt 0.410256 0.693548
vt 0.410256 0.709677
vt 0.564103 0.693548
vt 0.564103 0.709677
vt 0.461538 0.129032
vt 0.564103 0.258065
vt 0.461538 0.258065
vt 0.397436 0.500000
vt 0.397436 0.693548
vt 0.576923 0.693548
vt 0.576923 0.500000
vt 0.384615 0.129032
vt 0.358974 0.258065
vt 0.358974 0.129032
vt 0.384615 0.129032
vt 0.358974 0.258065
vt 0.358974 0.129032
vt 0.410256 0.129032
vt 0.384615 0.258065
vt 0.410256 0.129032
vt 0.384615 0.258065
vt 0.435897 0.129032
vt 0.410256 0.258065
vt 0.410256 0.129032
vt 0.384615 0.258065
vt 0.384615 0.129032
vt 0.384615 0.129032
vt 0.358974 0.258065
vt 0.358974 0.129032
vt 0.435897 0.129032
vt 0.410256 0.258065
vt 0.410256 0.129032
vt 0.384615 0.258065
vt 0.461538 0.129032
vt 0.435897 0.258065
vt 0.435897 0.129032
vt 0.410256 0.258065
vt 0.358974 0.258065
vt 0.358974 0.129032
vt 0.435897 0.129032
vt 0.410256 0.258065
vt 0.461538 0.129032
vt 0.435897 0.258065
vt 0.461538 0.129032
vt 0.435897 0.258065
vt 0.461538 0.129032
vt 0.435897 0.258065
vt 0.461538 0.258065
vt 0.564103 0.129032
vt 0.564103 0.258065
vt 0.461538 0.258065
vt 0.564103 0.129032
vt 0.564103 0.258065
vt 0.461538 0.129032
vt 0.564103 0.258065
vt 0.461538 0.258065
vt 0.410256 0.274194
vt 0.564103 0.467742
vt 0.410256 0.467742
vt 0.564103 0.258065
vt 0.410256 0.274194
vt 0.410256 0.258065
vt 0.564103 0.274194
vt 0.410256 0.467742
vt 0.410256 0.483871
vt 0.564103 0.467742
vt 0.564103 0.483871
vt 0.461538 0.000000
vt 0.564103 0.129032
vt 0.461538 0.129032
vt 0.397436 0.274194
vt 0.397436 0.467742
vt 0.576923 0.467742
vt 0.576923 0.274194
vt 0.384615 -0.000000
vt 0.358974 0.129032
vt 0.358974 -0.000000
vt 0.384615 -0.000000
vt 0.358974 0.129032
vt 0.358974 -0.000000
vt 0.410256 -0.000000
vt 0.384615 0.129032
vt 0.410256 -0.000000
vt 0.384615 0.129032
vt 0.435897 0.000000
vt 0.410256 0.129032
vt 0.410256 -0.000000
vt 0.384615 0.129032
vt 0.384615 -0.000000
vt 0.384615 -0.000000
vt 0.358974 0.129032
vt 0.358974 -0.000000
vt 0.435897 0.000000
vt 0.410256 0.129032
vt 0.410256 -0.000000
vt 0.384615 0.129032
vt 0.461538 0.000000
vt 0.435897 0.129032
vt 0.435897 0.000000
vt 0.410256 0.129032
vt 0.358974 0.129032
vt 0.358974 -0.000000
vt 0.435897 0.000000
vt 0.410256 0.129032
vt 0.461538 0.000000
vt 0.435897 0.129032
vt 0.461538 0.000000
vt 0.435897 0.129032
vt 0.461538 0.000000
vt 0.435897 0.129032
vt 0.461538 0.129032
vt 0.564103 0.000000
vt 0.564103 0.129032
vt 0.461538 0.129032
vt 0.564103 0.000000
vt 0.564103 0.129032
vt 0.461538 0.000000
vt 0.564103 0.129032
vt 0.461538 0.129032
vt 0.410256 0.500000
vt 0.564103 0.693548
vt 0.410256 0.693548
vt 0.564103 0.483871
vt 0.410256 0.500000
vt 0.410256 0.483871
vt 0.564103 0.500000
vt 0.410256 0.693548
vt 0.410256 0.709677
vt 0.564103 0.693548
vt 0.564103 0.709677
vt 0.461538 0.129032
vt 0.564103 0.258065
vt 0.461538 0.258065
vt 0.397436 0.500000
vt 0.397436 0.693548
vt 0.576923 0.693548
vt 0.576923 0.500000
vt 0.384615 0.129032
vt 0.358974 0.258065
vt 0.358974 0.129032
vt 0.384615 0.129032
vt 0.358974 0.258065
vt 0.358974 0.129032
vt 0.410256 0.129032
vt 0.384615 0.258065
vt 0.410256 0.129032
vt 0.384615 0.258065
vt 0.435897 0.129032
vt 0.410256 0.258065
vt 0.410256 0.129032
vt 0.384615 0.258065
vt 0.384615 0.129032
vt 0.384615 0.129032
vt 0.358974 0.258065
vt 0.358974 0.129032
vt 0.435897 0.129032
vt 0.410256 0.258065
vt 0.410256 0.129032
vt 0.384615 0.258065
vt 0.461538 0.129032
vt 0.435897 0.258065
vt 0.435897 0.129032
vt 0.410256 0.258065
vt 0.358974 0.258065
vt 0.358974 0.129032
vt 0.435897 0.129032
vt 0.410256 0.258065
vt 0.461538 0.129032
vt 0.435897 0.258065
vt 0.461538 0.129032
vt 0.435897 0.258065
vt 0.461538 0.129032
vt 0.435897 0.258065
vt 0.461538 0.258065
vt 0.564103 0.129032
vt 0.564103 0.258065
vt 0.461538 0.258065
vt 0.564103 0.129032
vt 0.564103 0.258065
vt 0.461538 0.129032
vt 0.564103 0.258065
vt 0.461538 0.258065
vt 0.410256 0.274194
vt 0.564103 0.467742
vt 0.410256 0.467742
vt 0.564103 0.258065
vt 0.410256 0.274194
vt 0.410256 0.258065
vt 0.564103 0.274194
vt 0.410256 0.467742
vt 0.410256 0.483871
vt 0.564103 0.467742
vt 0.564103 0.483871
vt 0.461538 0.000000
vt 0.564103 0.129032
vt 0.461538 0.129032
vt 0.397436 0.274194
vt 0.397436 0.467742
vt 0.576923 0.467742
vt 0.576923 0.274194
vt 0.384615 -0.000000
vt 0.358974 0.129032
vt 0.358974 -0.000000
vt 0.384615 -0.000000
vt 0.358974 0.129032
vt 0.358974 -0.000000
vt 0.410256 -0.000000
vt 0.384615 0.129032
vt 0.410256 -0.000000
vt 0.384615 0.129032
vt 0.435897 0.000000
vt 0.410256 0.129032
vt 0.410256 -0.000000
vt 0.384615 0.129032
vt 0.384615 -0.000000
vt 0.384615 -0.000000
vt 0.358974 0.129032
vt 0.358974 -0.000000
vt 0.435897 0.000000
vt 0.410256 0.129032
vt 0.410256 -0.000000
vt 0.384615 0.129032
vt 0.461538 0.000000
vt 0.435897 0.129032
vt 0.435897 0.000000
vt 0.410256 0.129032
vt 0.358974 0.129032
vt 0.358974 -0.000000
vt 0.435897 0.000000
vt 0.410256 0.129032
vt 0.461538 0.000000
vt 0.435897 0.129032
vt 0.461538 0.000000
vt 0.435897 0.129032
vt 0.461538 0.000000
vt 0.435897 0.129032
vt 0.461538 0.129032
vt 0.564103 0.000000
vt 0.564103 0.129032
vt 0.461538 0.129032
vt 0.564103 0.000000
vt 0.564103 0.129032
vt 0.461538 0.000000
vt 0.564103 0.129032
vt 0.461538 0.129032
vt 0.743590 0.612903
vt 0.692308 0.612903
vt 0.743590 0.483871
vt 0.743590 0.612903
vt 0.743590 0.483871
vt 0.692308 0.612903
vt 0.807692 0.387097
vt 0.833333 0.467742
vt 0.807692 0.467742
vt 0.833333 0.467742
vt 0.846154 0.387097
vt 0.846154 0.467742
vt 0.807692 0.387097
vt 0.807692 0.467742
vt 0.833333 0.483871
vt 0.807692 0.483871
vt 0.833333 0.387097
vt 0.807692 0.467742
vt 0.807692 0.387097
vt 0.807692 0.387097
vt 0.833333 0.467742
vt 0.807692 0.467742
vt 0.846154 0.467742
vt 0.833333 0.387097
vt 0.846154 0.387097
vt 0.833333 0.483871
vt 0.807692 0.483871
vt 0.692308 0.072581
vt 0.705128 0.120968
vt 0.692308 0.120968
vt 0.846154 0.120968
vt 0.833333 0.072581
vt 0.846154 0.072581
vt 0.807692 0.370968
vt 0.833333 0.387097
vt 0.807692 0.370968
vt 0.788462 -0.000000
vt 0.750000 0.016129
vt 0.750000 -0.000000
vt 0.750000 0.193548
vt 0.788462 0.177419
vt 0.788462 0.193548
vt 0.833333 0.072581
vt 0.788462 0.177419
vt 0.705128 0.120968
vt 0.788462 0.016129
vt 0.833333 0.120968
vt 0.750000 0.177419
vt 0.833333 0.016129
vt 0.846154 0.016129
vt 0.705128 0.177419
vt 0.692308 0.177419
vt 0.692308 0.314516
vt 0.705128 0.370968
vt 0.692308 0.370968
vt 0.692308 -0.000000
vt 0.673077 1.000000
vt 0.673077 -0.000000
vt 0.846154 0.266129
vt 0.833333 0.209677
vt 0.846154 0.209677
vt 0.788462 0.209677
vt 0.833333 0.314516
vt 0.750000 0.370968
vt 0.833333 0.266129
vt 0.788462 0.370968
vt 0.705128 0.314516
vt 0.692308 -0.000000
vt 0.673077 1.000000
vt 0.673077 -0.000000
vt 0.653846 -0.000000
vt 0.634615 1.000000
vt 0.634615 -0.000000
vt 0.615385 1.000000
vt 0.615385 -0.000000
vt 0.692308 -0.000000
vt 0.673077 1.000000
vt 0.673077 -0.000000
vt 0.653846 -0.000000
vt 0.634615 1.000000
vt 0.634615 -0.000000
vt 0.615385 1.000000
vt 0.615385 -0.000000
vt 0.653846 1.000000
vt 0.653846 -0.000000
vt 0.673077 -0.000000
vt 0.653846 1.000000
vt 0.692308 -0.000000
vt 0.673077 1.000000
vt 0.634615 -0.000000
vt 0.615385 1.000000
vt 0.615385 -0.000000
vt 0.634615 -0.000000
vt 0.615385 1.000000
vt 0.615385 -0.000000
vt 0.653846 1.000000
vt 0.653846 -0.000000
vt 0.634615 1.000000
vt 0.634615 1.000000
vt 0.653846 1.000000
vt 0.615385 1.000000
vt 0.576923 -0.000000
vt 0.615385 -0.000000
vt 0.615385 1.000000
vt 0.576923 -0.000000
vt 0.615385 -0.000000
vt 0.615385 -0.000000
vt 0.576923 1.000000
vt 0.576923 -0.000000
vt 0.615385 -0.000000
vt 0.576923 1.000000
vt 0.576923 -0.000000
vt 0.750000 0.387097
vt 0.788462 0.370968
vt 0.788462 0.387097
vt 0.788462 0.193548
vt 0.750000 0.209677
vt 0.750000 0.193548
vt 0.730769 0.483871
vt 0.705128 0.467742
vt 0.730769 0.467742
vt 0.730769 0.483871
vt 0.705128 0.467742
vt 0.730769 0.467742
vt 0.846154 0.314516
vt 0.833333 0.266129
vt 0.692308 0.266129
vt 0.705128 0.314516
vt 0.833333 0.266129
vt 0.788462 0.370968
vt 0.705128 0.314516
vt 0.788462 0.209677
vt 0.833333 0.314516
vt 0.750000 0.370968
vt 0.846154 0.266129
vt 0.833333 0.209677
vt 0.846154 0.209677
vt 0.692308 0.314516
vt 0.705128 0.370968
vt 0.692308 0.370968
vt 0.750000 0.387097
vt 0.788462 0.370968
vt 0.788462 0.387097
vt 0.788462 0.193548
vt 0.750000 0.209677
vt 0.750000 0.193548
vt 0.846154 0.370968
vt 0.846154 0.314516
vt 0.692308 0.209677
vt 0.705128 0.266129
vt 0.692308 0.266129
vt 0.833333 0.266129
vt 0.705128 0.314516
vt 0.730769 0.387097
vt 0.705128 0.370968
vt 0.730769 0.370968
vt 0.692308 0.387097
vt 0.692308 0.467742
vt 0.705128 0.387097
vt 0.705128 0.467742
vt 0.730769 0.387097
vt 0.730769 0.467742
vt 0.730769 0.387097
vt 0.705128 0.370968
vt 0.730769 0.370968
vt 0.705128 0.387097
vt 0.692308 0.467742
vt 0.692308 0.387097
vt 0.730769 0.467742
vt 0.705128 0.387097
vt 0.730769 0.387097
vt 0.705128 0.629032
vt 0.730769 0.693548
vt 0.705128 0.693548
vt 0.743590 0.693548
vt 0.769231 0.629032
vt 0.769231 0.693548
vt 0.730769 0.629032
vt 0.692308 0.629032
vt 0.730769 0.612903
vt 0.705128 0.709677
vt 0.756410 0.500000
vt 0.782051 0.564516
vt 0.756410 0.564516
vt 0.782051 0.483871
vt 0.756410 0.483871
vt 0.756410 0.580645
vt 0.782051 0.580645
vt 0.794872 0.564516
vt 0.782051 0.500000
vt 0.794872 0.500000
vt 0.743590 0.500000
vt 0.743590 0.564516
vt 0.833333 0.629032
vt 0.820513 0.483871
vt 0.833333 0.483871
vt 0.807692 0.629032
vt 0.807692 0.483871
vt 0.833333 0.629032
vt 0.846154 0.693548
vt 0.833333 0.693548
vt 0.794872 0.483871
vt 0.820513 0.693548
vt 0.820513 0.629032
vt 0.807692 0.629032
vt 0.794872 0.693548
vt 0.794872 0.629032
vt 0.846154 0.629032
vt 0.846154 0.483871
vt 0.807692 0.693548
vt 0.807692 0.629032
vt 0.820513 0.693548
vt 0.807692 0.693548
vt 0.846154 0.629032
vt 0.833333 0.693548
vt 0.833333 0.629032
vt 0.820513 0.629032
vt 0.794872 0.693548
vt 0.794872 0.629032
vt 0.833333 0.540323
vt 0.846154 0.629032
vt 0.833333 0.629032
vt 0.820513 0.540323
vt 0.820513 0.629032
vt 0.807692 0.540323
vt 0.807692 0.629032
vt 0.794872 0.540323
vt 0.794872 0.629032
vt 0.705128 0.629032
vt 0.730769 0.693548
vt 0.705128 0.693548
vt 0.743590 0.612903
vt 0.743590 0.483871
vt 0.692308 0.612903
vt 0.743590 0.612903
vt 0.692308 0.612903
vt 0.743590 0.483871
vt 0.576923 -0.000000
vt 0.615385 1.000000
vt 0.615385 -0.000000
vt 0.576923 -0.000000
vt 0.615385 1.000000
vt 0.615385 -0.000000
vt 0.576923 1.000000
vt 0.615385 -0.000000
vt 0.576923 -0.000000
vt 0.576923 1.000000
vt 0.615385 -0.000000
vt 0.576923 -0.000000
vt 0.564103 0.258065
vt 0.461538 0.129032
vt 0.461538 0.258065
vt 0.564103 0.129032
vt 0.461538 0.258065
vt 0.564103 0.258065
vt 0.564103 0.129032
vt 0.461538 0.258065
vt 0.564103 0.258065
vt 0.564103 0.258065
vt 0.461538 0.129032
vt 0.461538 0.258065
vt 0.564103 0.129032
vt 0.461538 0.000000
vt 0.461538 0.129032
vt 0.564103 0.000000
vt 0.461538 0.129032
vt 0.564103 0.129032
vt 0.564103 0.000000
vt 0.461538 0.129032
vt 0.564103 0.129032
vt 0.564103 0.129032
vt 0.461538 0.000000
vt 0.461538 0.129032
vt 0.564103 0.258065
vt 0.461538 0.129032
vt 0.461538 0.258065
vt 0.564103 0.129032
vt 0.461538 0.258065
vt 0.564103 0.258065
vt 0.564103 0.129032
vt 0.461538 0.258065
vt 0.564103 0.258065
vt 0.564103 0.258065
vt 0.461538 0.129032
vt 0.461538 0.258065
vt 0.564103 0.129032
vt 0.461538 0.000000
vt 0.461538 0.129032
vt 0.564103 0.000000
vt 0.461538 0.129032
vt 0.564103 0.129032
vt 0.564103 0.000000
vt 0.461538 0.129032
vt 0.564103 0.129032
vt 0.564103 0.129032
vt 0.461538 0.000000
vt 0.461538 0.129032
vt 0.743590 0.693548
vt 0.769231 0.629032
vt 0.769231 0.693548
vt 0.730769 0.629032
vt 0.692308 0.629032
vt 0.730769 0.612903
vt 0.705128 0.709677
vt 0.756410 0.500000
vt 0.782051 0.564516
vt 0.756410 0.564516
vt 0.782051 0.483871
vt 0.756410 0.483871
vt 0.756410 0.580645
vt 0.782051 0.580645
vt 0.794872 0.564516
vt 0.782051 0.500000
vt 0.794872 0.500000
vt 0.743590 0.500000
vt 0.743590 0.564516
vt 0.833333 0.629032
vt 0.820513 0.483871
vt 0.833333 0.483871
vt 0.807692 0.629032
vt 0.807692 0.483871
vt 0.833333 0.629032
vt 0.846154 0.693548
vt 0.833333 0.693548
vt 0.794872 0.483871
vt 0.820513 0.693548
vt 0.820513 0.629032
vt 0.807692 0.629032
vt 0.794872 0.693548
vt 0.794872 0.629032
vt 0.846154 0.629032
vt 0.846154 0.483871
vt 0.807692 0.693548
vt 0.807692 0.629032
vt 0.820513 0.693548
vt 0.807692 0.693548
vt 0.846154 0.629032
vt 0.833333 0.693548
vt 0.833333 0.629032
vt 0.820513 0.629032
vt 0.794872 0.693548
vt 0.794872 0.629032
vt 0.705128 0.629032
vt 0.730769 0.693548
vt 0.705128 0.693548
vt 0.743590 0.693548
vt 0.769231 0.629032
vt 0.769231 0.693548
vt 0.730769 0.629032
vt 0.692308 0.629032
vt 0.730769 0.612903
vt 0.730769 0.709677
vt 0.705128 0.709677
vt 0.756410 0.500000
vt 0.782051 0.564516
vt 0.756410 0.564516
vt 0.782051 0.483871
vt 0.756410 0.483871
vt 0.756410 0.580645
vt 0.782051 0.580645
vt 0.794872 0.564516
vt 0.782051 0.500000
vt 0.794872 0.500000
vt 0.743590 0.500000
vt 0.743590 0.564516
vt 0.833333 0.629032
vt 0.820513 0.483871
vt 0.833333 0.483871
vt 0.807692 0.629032
vt 0.807692 0.483871
vt 0.833333 0.629032
vt 0.846154 0.693548
vt 0.833333 0.693548
vt 0.794872 0.483871
vt 0.820513 0.693548
vt 0.820513 0.629032
vt 0.807692 0.629032
vt 0.794872 0.693548
vt 0.794872 0.629032
vt 0.846154 0.629032
vt 0.846154 0.483871
vt 0.807692 0.693548
vt 0.807692 0.629032
vt 0.820513 0.693548
vt 0.807692 0.693548
vt 0.846154 0.629032
vt 0.833333 0.693548
vt 0.833333 0.629032
vt 0.820513 0.629032
vt 0.794872 0.693548
vt 0.794872 0.629032
vt 0.705128 0.629032
vt 0.730769 0.693548
vt 0.705128 0.693548
vt 0.743590 0.693548
vt 0.769231 0.629032
vt 0.769231 0.693548
vt 0.730769 0.629032
vt 0.692308 0.629032
vt 0.730769 0.612903
vt 0.705128 0.709677
vt 0.756410 0.500000
vt 0.782051 0.564516
vt 0.756410 0.564516
vt 0.782051 0.483871
vt 0.756410 0.483871
vt 0.756410 0.580645
vt 0.782051 0.580645
vt 0.794872 0.564516
vt 0.782051 0.500000
vt 0.794872 0.500000
vt 0.743590 0.500000
vt 0.743590 0.564516
vt 0.833333 0.629032
vt 0.820513 0.483871
vt 0.833333 0.483871
vt 0.807692 0.629032
vt 0.807692 0.483871
vt 0.833333 0.629032
vt 0.846154 0.693548
vt 0.833333 0.693548
vt 0.794872 0.483871
vt 0.820513 0.693548
vt 0.820513 0.629032
vt 0.807692 0.629032
vt 0.794872 0.693548
vt 0.794872 0.629032
vt 0.846154 0.483871
vt 0.807692 0.693548
vt 0.807692 0.629032
vt 0.820513 0.693548
vt 0.807692 0.693548
vt 0.846154 0.629032
vt 0.833333 0.693548
vt 0.833333 0.629032
vt 0.820513 0.629032
vt 0.794872 0.693548
vt 0.794872 0.629032
vt 0.705128 0.629032
vt 0.730769 0.693548
vt 0.705128 0.693548
vt 0.743590 0.693548
vt 0.769231 0.629032
vt 0.769231 0.693548
vt 0.730769 0.629032
vt 0.692308 0.629032
vt 0.730769 0.612903
vt 0.730769 0.709677
vt 0.705128 0.709677
vt 0.756410 0.500000
vt 0.782051 0.564516
vt 0.756410 0.564516
vt 0.782051 0.483871
vt 0.756410 0.483871
vt 0.756410 0.580645
vt 0.782051 0.580645
vt 0.794872 0.564516
vt 0.782051 0.500000
vt 0.794872 0.500000
vt 0.743590 0.500000
vt 0.743590 0.564516
vt 0.833333 0.629032
vt 0.820513 0.483871
vt 0.833333 0.483871
vt 0.807692 0.629032
vt 0.807692 0.483871
vt 0.833333 0.629032
vt 0.846154 0.693548
vt 0.833333 0.693548
vt 0.794872 0.483871
vt 0.820513 0.693548
vt 0.820513 0.629032
vt 0.807692 0.629032
vt 0.794872 0.693548
vt 0.794872 0.629032
vt 0.846154 0.483871
vt 0.807692 0.693548
vt 0.807692 0.629032
vt 0.820513 0.693548
vt 0.807692 0.693548
vt 0.846154 0.629032
vt 0.833333 0.693548
vt 0.833333 0.629032
vt 0.820513 0.629032
vt 0.794872 0.693548
vt 0.794872 0.629032
vt 0.705128 0.629032
vt 0.730769 0.693548
vt 0.705128 0.693548
vt 0.743590 0.693548
vt 0.769231 0.629032
vt 0.769231 0.693548
vt 0.730769 0.629032
vt 0.692308 0.629032
vt 0.730769 0.612903
vt 0.705128 0.709677
vt 0.833333 0.629032
vt 0.846154 0.693548
vt 0.833333 0.693548
vt 0.820513 0.693548
vt 0.820513 0.629032
vt 0.807692 0.629032
vt 0.794872 0.693548
vt 0.794872 0.629032
vt 0.807692 0.693548
vt 0.807692 0.629032
vt 0.820513 0.693548
vt 0.807692 0.693548
vt 0.846154 0.629032
vt 0.833333 0.693548
vt 0.833333 0.629032
vt 0.820513 0.629032
vt 0.794872 0.693548
vt 0.794872 0.629032
vt 0.269231 0.725806
vt 0.012821 0.000000
vt 0.012821 0.000000
vt 0.012821 0.000000
vt 0.012821 0.000000
vt 0.397436 0.596774
vt 0.371795 0.532258
vt 0.371795 0.564516
vt 0.269231 0.854839
vt 0.217949 0.725806
vt 0.256410 0.725806
vt 0.256410 0.806452
vt 0.115385 0.548387
vt 0.115385 0.596774
vt 0.102564 0.612903
vt 0.564103 0.500000
vt 0.564103 0.129032
vt 0.461538 0.258065
vt 0.461538 0.258065
vt 0.461538 0.258065
vt 0.461538 0.258065
vt 0.461538 0.129032
vt 0.461538 0.129032
vt 0.564103 0.129032
vt 0.564103 0.274194
vt 0.564103 0.000000
vt 0.461538 0.129032
vt 0.461538 0.129032
vt 0.461538 0.129032
vt 0.461538 0.129032
vt 0.461538 0.000000
vt 0.461538 0.000000
vt 0.564103 0.000000
vt 0.564103 0.500000
vt 0.564103 0.129032
vt 0.461538 0.258065
vt 0.461538 0.258065
vt 0.461538 0.258065
vt 0.461538 0.258065
vt 0.461538 0.129032
vt 0.461538 0.129032
vt 0.564103 0.129032
vt 0.564103 0.274194
vt 0.564103 0.000000
vt 0.461538 0.129032
vt 0.461538 0.129032
vt 0.461538 0.129032
vt 0.461538 0.129032
vt 0.461538 0.000000
vt 0.461538 0.000000
vt 0.564103 0.000000
vt 0.833333 0.387097
vt 0.833333 0.467742
vt 0.705128 0.072581
vt 0.833333 0.370968
vt 0.833333 0.370968
vt 0.705128 0.072581
vt 0.750000 0.016129
vt 0.788462 0.016129
vt 0.833333 0.120968
vt 0.750000 0.177419
vt 0.692308 1.000000
vt 0.705128 0.266129
vt 0.705128 0.266129
vt 0.750000 0.209677
vt 0.788462 0.209677
vt 0.833333 0.314516
vt 0.750000 0.370968
vt 0.692308 1.000000
vt 0.692308 1.000000
vt 0.692308 1.000000
vt 0.576923 1.000000
vt 0.576923 1.000000
vt 0.615385 1.000000
vt 0.615385 1.000000
vt 0.705128 0.483871
vt 0.705128 0.483871
vt 0.705128 0.266129
vt 0.750000 0.209677
vt 0.788462 0.209677
vt 0.833333 0.314516
vt 0.750000 0.370968
vt 0.833333 0.370968
vt 0.705128 0.209677
vt 0.705128 0.387097
vt 0.705128 0.467742
vt 0.743590 0.629032
vt 0.692308 0.693548
vt 0.705128 0.612903
vt 0.730769 0.709677
vt 0.820513 0.629032
vt 0.846154 0.629032
vt 0.794872 0.629032
vt 0.846154 0.693548
vt 0.846154 0.540323
vt 0.576923 1.000000
vt 0.576923 1.000000
vt 0.615385 1.000000
vt 0.615385 1.000000
vt 0.564103 0.129032
vt 0.461538 0.129032
vt 0.461538 0.129032
vt 0.564103 0.129032
vt 0.564103 0.000000
vt 0.461538 0.000000
vt 0.461538 0.000000
vt 0.564103 0.000000
vt 0.564103 0.129032
vt 0.461538 0.129032
vt 0.461538 0.129032
vt 0.564103 0.129032
vt 0.564103 0.000000
vt 0.461538 0.000000
vt 0.461538 0.000000
vt 0.564103 0.000000
vt 0.743590 0.629032
vt 0.692308 0.693548
vt 0.705128 0.612903
vt 0.730769 0.709677
vt 0.820513 0.629032
vt 0.846154 0.629032
vt 0.794872 0.629032
vt 0.846154 0.693548
vt 0.743590 0.629032
vt 0.692308 0.693548
vt 0.705128 0.612903
vt 0.820513 0.629032
vt 0.846154 0.629032
vt 0.794872 0.629032
vt 0.846154 0.693548
vt 0.743590 0.629032
vt 0.692308 0.693548
vt 0.705128 0.612903
vt 0.730769 0.709677
vt 0.820513 0.629032
vt 0.846154 0.629032
vt 0.794872 0.629032
vt 0.846154 0.629032
vt 0.846154 0.693548
vt 0.743590 0.629032
vt 0.692308 0.693548
vt 0.705128 0.612903
vt 0.820513 0.629032
vt 0.846154 0.629032
vt 0.794872 0.629032
vt 0.846154 0.629032
vt 0.846154 0.693548
vt 0.743590 0.629032
vt 0.692308 0.693548
vt 0.705128 0.612903
vt 0.730769 0.709677
vt 0.846154 0.629032
vt 0.846154 0.693548
vn 0.0000 1.0000 0.0000
vn -0.0000 -1.0000 -0.0000
vn 1.0000 0.0000 0.0000
vn -1.0000 0.0000 0.0000
vn 0.0000 0.0000 -1.0000
vn 0.0000 0.0000 1.0000
vn 0.0000 0.7071 -0.7071
vn 0.7071 0.7071 0.0000
vn 0.0000 0.7071 0.7071
vn -0.7071 0.7071 0.0000
vn 0.8412 0.0000 0.5408
vn -0.5408 0.0000 -0.8412
vn -0.7071 0.0000 0.7071
vn 0.7071 0.0000 0.7071
vn 0.7071 0.0000 -0.7071
vn -0.7071 0.0000 -0.7071
vn 0.6428 0.7660 0.0000
vn 0.0000 -0.4472 -0.8944
vn 0.0000 0.4472 0.8944
vn -0.6428 -0.7660 0.0000
vn 0.0000 0.4472 -0.8944
vn 0.0000 -0.4472 0.8944
vn 0.4545 -0.7660 -0.4545
vn -0.4545 0.7660 0.4545
vn -0.8412 0.0000 -0.5408
vn 0.5408 0.0000 0.8412
vn 0.4545 0.7660 -0.4545
vn -0.6325 -0.4472 -0.6325
vn 0.6325 0.4472 0.6325
vn -0.4545 -0.7660 0.4545
vn -0.6325 0.4472 -0.6325
vn 0.6325 -0.4472 0.6325
vn 0.4545 0.7660 0.4545
vn 0.6325 -0.4472 -0.6325
vn -0.6325 0.4472 0.6325
vn -0.4545 -0.7660 -0.4545
vn 0.6325 0.4472 -0.6325
vn -0.6325 -0.4472 0.6325
vn -0.6428 0.7660 0.0000
vn 0.6428 -0.7660 0.0000
vn -0.4545 0.7660 -0.4545
vn 0.4545 -0.7660 0.4545
v 0.750000 3.500000 -4.250000
v 1.250000 3.500000 -3.750000
v 0.750000 3.500000 -3.750000
v -1.250000 3.500000 -4.250000
v -0.750000 3.500000 -3.750000
v -1.250000 3.500000 -3.750000
v 0.750000 3.500000 -2.750000
v 1.250000 3.500000 -2.250000
v 0.750000 3.500000 -2.250000
v -1.250000 3.500000 -2.750000
v -0.750000 3.500000 -2.250000
v -1.250000 3.500000 -2.250000
v 1.250000 14.750000 -3.749999
v 0.750000 14.750000 -4.250000
v 0.750000 14.750000 -3.749999
v -0.750000 14.750000 -3.749999
v -1.250000 14.750000 -4.250000
v -1.250000 14.750000 -3.749999
v 1.250000 14.750000 -2.249999
v 0.750000 14.750000 -2.749999
v 0.750000 14.750000 -2.249999
v -0.750000 14.750000 -2.249999
v -1.250000 14.750000 -2.749999
v -1.250000 14.750000 -2.249999
v 1.250000 3.500000 -4.250000
v 1.250000 3.500000 -2.750000
v 1.250000 14.750000 -4.250000
v 1.250000 14.750000 -2.749999
v -0.750000 3.500000 -4.250000
v -0.750000 3.500000 -2.750000
v -0.750000 14.750000 -4.250000
v -0.750000 14.750000 -2.749999
v 0.750000 12.750000 -2.750000
v -0.750000 12.750000 -2.250000
v 0.750000 12.750000 -2.250000
v -0.750000 12.250000 -2.250000
v 0.750000 12.250000 -2.750000
v 0.750000 12.250000 -2.250000
v -0.750000 12.250000 -2.750000
v -0.750000 12.750000 -2.750000
v 0.625000 12.250000 -1.375000
v -0.625000 12.750000 -1.374999
v 0.625000 12.750000 -1.374999
v -0.625000 12.750000 -1.124999
v 0.625000 12.250000 -1.125000
v 0.625000 12.750000 -1.124999
v 1.125000 12.249999 -0.624999
v -0.625000 12.250000 -1.125000
v -0.625000 12.250000 -1.375000
v 1.375000 12.749999 -0.624999
v 1.375000 12.249999 -0.624999
v -1.375000 12.249999 -0.624999
v -1.375000 12.749999 0.250001
v -1.375000 12.749999 -0.624999
v -1.125000 12.749999 0.250001
v -1.125000 12.249999 -0.624999
v -1.125000 12.749999 -0.624999
v -1.375000 12.249999 0.250001
v -1.125000 12.249999 0.250001
v 1.375000 12.249999 0.250001
v 1.375000 12.749999 0.250001
v 1.125000 12.749999 -0.624999
v 1.125000 12.249999 0.250001
v 1.125000 12.749999 0.250001
v 0.750000 12.750000 -4.250000
v -0.750000 12.750000 -3.750000
v 0.750000 12.750000 -3.750000
v -0.750000 12.250000 -3.750000
v 0.750000 12.250000 -4.250000
v 0.750000 12.250000 -3.750000
v -0.750000 12.250000 -4.250000
v -0.750000 12.750000 -4.250000
v 0.562500 12.312500 -1.374999
v 0.562500 12.687500 -3.750000
v 0.562500 12.687500 -1.374999
v 0.187500 12.687500 -1.374999
v 0.187500 12.312500 -3.750000
v 0.187500 12.312500 -1.374999
v 0.187500 12.687500 -3.750000
v 0.562500 12.312500 -3.750000
v -0.187500 12.312500 -1.374999
v -0.187500 12.687500 -3.750000
v -0.187500 12.687500 -1.374999
v -0.562500 12.687500 -1.374999
v -0.562500 12.312500 -3.750000
v -0.562500 12.312500 -1.374999
v -0.562500 12.687500 -3.750000
v -0.187500 12.312500 -3.750000
v 0.750000 8.750000 -2.750000
v -0.750000 8.750000 -2.250000
v 0.750000 8.750000 -2.250000
v -0.750000 8.250000 -2.250000
v 0.750000 8.250000 -2.750000
v 0.750000 8.250000 -2.250000
v -0.750000 8.250000 -2.750000
v -0.750000 8.750000 -2.750000
v 0.625000 8.250000 -1.625000
v -0.625000 8.750000 -1.625000
v 0.625000 8.750000 -1.625000
v -0.625000 8.750000 -1.375000
v 0.625000 8.250000 -1.375000
v 0.625000 8.750000 -1.375000
v 1.125000 8.249999 -0.875000
v -0.625000 8.250000 -1.375000
v -0.625000 8.250000 -1.625000
v 1.375000 8.749999 -0.875000
v 1.375000 8.249999 -0.875000
v -1.375000 8.249999 -0.875000
v -1.375000 8.749999 0.250000
v -1.375000 8.749999 -0.875000
v -1.125000 8.749999 0.250000
v -1.125000 8.249999 -0.875000
v -1.125000 8.749999 -0.875000
v -1.375000 8.249999 0.250000
v -1.125000 8.249999 0.250000
v 1.375000 8.249999 0.250000
v 1.375000 8.749999 0.250000
v 1.125000 8.749999 -0.875000
v 1.125000 8.249999 0.250000
v 1.125000 8.749999 0.250000
v 0.750000 8.750000 -4.250000
v -0.750000 8.750000 -3.750000
v 0.750000 8.750000 -3.750000
v -0.750000 8.250000 -3.750000
v 0.750000 8.250000 -4.250000
v 0.750000 8.250000 -3.750000
v -0.750000 8.250000 -4.250000
v -0.750000 8.750000 -4.250000
v 0.562500 8.312500 -1.625000
v 0.562500 8.687500 -3.750000
v 0.562500 8.687500 -1.625000
v 0.187500 8.687500 -1.625000
v 0.187500 8.312500 -3.750000
v 0.187500 8.312500 -1.625000
v 0.187500 8.687500 -3.750000
v 0.562500 8.312500 -3.750000
v -0.187500 8.312500 -1.625000
v -0.187500 8.687500 -3.750000
v -0.187500 8.687500 -1.625000
v -0.562500 8.687500 -1.625000
v -0.562500 8.312500 -3.750000
v -0.562500 8.312500 -1.625000
v -0.562500 8.687500 -3.750000
v -0.187500 8.312500 -3.750000
v 0.750000 4.750000 -2.750000
v -0.750000 4.750000 -2.250000
v 0.750000 4.750000 -2.250000
v -0.750000 4.250000 -2.250000
v 0.750000 4.250000 -2.750000
v 0.750000 4.250000 -2.250000
v -0.750000 4.250000 -2.750000
v -0.750000 4.750000 -2.750000
v 0.625000 4.250000 -1.875000
v -0.625000 4.750000 -1.875000
v 0.625000 4.750000 -1.875000
v -0.625000 4.750000 -1.625000
v 0.625000 4.250000 -1.625000
v 0.625000 4.750000 -1.625000
v 1.125000 4.249999 -1.125000
v -0.625000 4.250000 -1.625000
v -0.625000 4.250000 -1.875000
v 1.375000 4.749999 -1.125000
v 1.375000 4.249999 -1.125000
v -1.375000 4.249999 -1.125000
v -1.375000 4.749999 0.250000
v -1.375000 4.749999 -1.125000
v -1.125000 4.749999 0.250000
v -1.125000 4.249999 -1.125000
v -1.125000 4.749999 -1.125000
v -1.375000 4.249999 0.250000
v -1.125000 4.249999 0.250000
v 1.375000 4.249999 0.250000
v 1.375000 4.749999 0.250000
v 1.125000 4.749999 -1.125000
v 1.125000 4.249999 0.250000
v 1.125000 4.749999 0.250000
v 0.750000 4.750000 -4.250000
v -0.750000 4.750000 -3.750000
v 0.750000 4.750000 -3.750000
v -0.750000 4.250000 -3.750000
v 0.750000 4.250000 -4.250000
v 0.750000 4.250000 -3.750000
v -0.750000 4.250000 -4.250000
v -0.750000 4.750000 -4.250000
v 0.562500 4.312500 -1.875000
v 0.562500 4.687500 -3.750000
v 0.562500 4.687500 -1.875000
v 0.187500 4.687500 -1.875000
v 0.187500 4.312500 -3.750000
v 0.187500 4.312500 -1.875000
v 0.187500 4.687500 -3.750000
v 0.562500 4.312500 -3.750000
v -0.187500 4.312500 -1.875000
v -0.187500 4.687500 -3.750000
v -0.187500 4.687500 -1.875000
v -0.562500 4.687500 -1.875000
v -0.562500 4.312500 -3.750000
v -0.562500 4.312500 -1.875000
v -0.562500 4.687500 -3.750000
v -0.187500 4.312500 -3.750000
v 0.750000 11.750000 -4.062500
v -0.750000 10.750000 -4.062500
v 0.750000 12.250000 -4.062500
v 0.750000 10.250000 -4.062500
v -0.750000 9.250000 -4.062500
v 0.750000 10.750000 -4.062500
v 0.750000 10.750000 -3.937500
v -0.750000 11.750000 -3.937500
v -0.750000 12.250000 -3.937500
v 0.750000 9.250000 -3.937500
v -0.750000 10.250000 -3.937500
v -0.750000 10.750000 -3.937500
v 0.750000 7.750000 -4.062500
v -0.750000 6.750000 -4.062500
v 0.750000 8.250000 -4.062500
v 0.750000 6.250000 -4.062500
v -0.750000 5.250000 -4.062500
v 0.750000 6.750000 -4.062500
v 0.750000 6.750000 -3.937500
v -0.750000 7.750000 -3.937500
v -0.750000 8.250000 -3.937500
v 0.750000 5.250000 -3.937500
v -0.750000 6.250000 -3.937500
v -0.750000 6.750000 -3.937500
v -0.750000 10.750000 -2.562500
v 0.750000 11.750000 -2.562500
v 0.750000 12.250000 -2.562500
v -0.750000 9.250000 -2.562500
v 0.750000 10.250000 -2.562500
v 0.750000 10.750000 -2.562500
v 0.750000 10.750000 -2.437500
v -0.750000 11.750000 -2.437500
v 0.750000 10.250000 -2.437500
v 0.750000 9.250000 -2.437500
v -0.750000 10.250000 -2.437500
v 0.750000 8.750000 -2.437500
v -0.750000 6.750000 -2.562500
v 0.750000 7.750000 -2.562500
v 0.750000 8.250000 -2.562500
v -0.750000 5.250000 -2.562500
v 0.750000 6.250000 -2.562500
v 0.750000 6.750000 -2.562500
v 0.750000 6.750000 -2.437500
v -0.750000 7.750000 -2.437500
v 0.750000 6.250000 -2.437500
v 0.750000 5.250000 -2.437500
v -0.750000 6.250000 -2.437500
v 0.750000 4.750000 -2.437500
v 0.750000 14.250000 -4.062500
v -0.750000 13.250000 -4.062500
v 0.750000 14.750000 -4.062500
v 0.750000 13.250000 -3.937500
v -0.750000 14.250000 -3.937499
v -0.750000 14.750000 -3.937499
v -0.750000 13.250000 -2.562500
v 0.750000 14.250000 -2.562499
v 0.750000 14.750000 -2.562499
v 0.750000 13.250000 -2.437500
v -0.750000 14.250000 -2.437499
v 0.750000 12.750000 -2.437500
v 1.062500 14.250000 -2.749999
v 1.062500 13.250000 -3.750000
v 1.062500 14.750000 -2.749999
v 0.937500 13.250000 -2.750000
v 0.937500 14.250000 -3.749999
v 0.937500 14.750000 -3.749999
v 1.062500 11.750000 -2.750000
v 1.062500 10.750000 -3.750000
v 1.062500 12.250000 -2.750000
v 0.937500 10.750000 -2.750000
v 0.937500 11.750000 -3.750000
v 0.937500 12.250000 -3.750000
v 1.062500 10.250000 -2.750000
v 1.062500 9.250000 -3.750000
v 1.062500 10.750000 -2.750000
v 0.937500 9.250000 -2.750000
v 0.937500 10.250000 -3.750000
v 0.937500 10.750000 -3.750000
v 1.062500 7.750000 -2.750000
v 1.062500 6.750000 -3.750000
v 1.062500 8.250000 -2.750000
v 0.937500 6.750000 -2.750000
v 0.937500 7.750000 -3.750000
v 0.937500 8.250000 -3.750000
v 1.062500 6.250000 -2.750000
v 1.062500 5.250000 -3.750000
v 1.062500 6.750000 -2.750000
v 0.937500 5.250000 -2.750000
v 0.937500 6.250000 -3.750000
v 0.937500 6.750000 -3.750000
v -0.937500 13.250000 -3.750000
v -0.937500 14.250000 -2.749999
v -0.937500 14.750000 -2.749999
v -1.062500 13.250000 -2.750000
v -1.062500 14.250000 -3.749999
v -1.062500 12.750000 -2.750000
v -0.937500 10.750000 -3.750000
v -0.937500 11.750000 -2.750000
v -0.937500 12.250000 -2.750000
v -1.062500 10.750000 -2.750000
v -1.062500 11.750000 -3.750000
v -1.062500 10.250000 -2.750000
v -0.937500 9.250000 -3.750000
v -0.937500 10.250000 -2.750000
v -0.937500 10.750000 -2.750000
v -1.062500 9.250000 -2.750000
v -1.062500 10.250000 -3.750000
v -1.062500 8.750000 -2.750000
v -0.937500 6.750000 -3.750000
v -0.937500 7.750000 -2.750000
v -0.937500 8.250000 -2.750000
v -1.062500 6.750000 -2.750000
v -1.062500 7.750000 -3.750000
v -1.062500 6.250000 -2.750000
v -0.937500 5.250000 -3.750000
v -0.937500 6.250000 -2.750000
v -0.937500 6.750000 -2.750000
v -1.062500 5.250000 -2.750000
v -1.062500 6.250000 -3.750000
v -1.062500 4.750000 -2.750000
v -0.750000 10.750000 -4.062500
v 0.750000 11.750000 -4.062500
v 0.750000 12.250000 -4.062500
v -0.750000 9.250000 -4.062500
v 0.750000 10.250000 -4.062500
v 0.750000 10.750000 -4.062500
v 0.750000 10.750000 -3.937500
v -0.750000 11.750000 -3.937500
v 0.750000 10.250000 -3.937500
v 0.750000 9.250000 -3.937500
v -0.750000 10.250000 -3.937500
v 0.750000 8.750000 -3.937500
v -0.750000 6.750000 -4.062500
v 0.750000 7.750000 -4.062500
v 0.750000 8.250000 -4.062500
v -0.750000 5.250000 -4.062500
v 0.750000 6.250000 -4.062500
v 0.750000 6.750000 -4.062500
v 0.750000 6.750000 -3.937500
v -0.750000 7.750000 -3.937500
v 0.750000 6.250000 -3.937500
v 0.750000 5.250000 -3.937500
v -0.750000 6.250000 -3.937500
v 0.750000 4.750000 -3.937500
v 0.750000 11.750000 -2.562500
v -0.750000 10.750000 -2.562500
v 0.750000 12.250000 -2.562500
v 0.750000 10.250000 -2.562500
v -0.750000 9.250000 -2.562500
v 0.750000 10.750000 -2.562500
v 0.750000 10.750000 -2.437500
v -0.750000 11.750000 -2.437500
v -0.750000 12.250000 -2.437500
v 0.750000 9.250000 -2.437500
v -0.750000 10.250000 -2.437500
v -0.750000 10.750000 -2.437500
v 0.750000 7.750000 -2.562500
v -0.750000 6.750000 -2.562500
v 0.750000 8.250000 -2.562500
v 0.750000 6.250000 -2.562500
v -0.750000 5.250000 -2.562500
v 0.750000 6.750000 -2.562500
v 0.750000 6.750000 -2.437500
v -0.750000 7.750000 -2.437500
v -0.750000 8.250000 -2.437500
v 0.750000 5.250000 -2.437500
v -0.750000 6.250000 -2.437500
v -0.750000 6.750000 -2.437500
v -0.750000 13.250000 -4.062500
v 0.750000 14.250000 -4.062500
v 0.750000 14.750000 -4.062500
v 0.750000 13.250000 -3.937500
v -0.750000 14.250000 -3.937499
v 0.750000 12.750000 -3.937500
v 0.750000 14.250000 -2.562499
v -0.750000 13.250000 -2.562500
v 0.750000 14.750000 -2.562499
v 0.750000 13.250000 -2.437500
v -0.750000 14.250000 -2.437499
v -0.750000 14.750000 -2.437499
v 1.062500 13.250000 -3.750000
v 1.062500 14.250000 -2.749999
v 1.062500 14.750000 -2.749999
v 0.937500 13.250000 -2.750000
v 0.937500 14.250000 -3.749999
v 0.937500 12.750000 -2.750000
v 1.062500 10.750000 -3.750000
v 1.062500 11.750000 -2.750000
v 1.062500 12.250000 -2.750000
v 0.937500 10.750000 -2.750000
v 0.937500 11.750000 -3.750000
v 0.937500 10.250000 -2.750000
v 1.062500 9.250000 -3.750000
v 1.062500 10.250000 -2.750000
v 1.062500 10.750000 -2.750000
v 0.937500 9.250000 -2.750000
v 0.937500 10.250000 -3.750000
v 0.937500 8.750000 -2.750000
v 1.062500 6.750000 -3.750000
v 1.062500 7.750000 -2.750000
v 1.062500 8.250000 -2.750000
v 0.937500 6.750000 -2.750000
v 0.937500 7.750000 -3.750000
v 0.937500 6.250000 -2.750000
v 1.062500 5.250000 -3.750000
v 1.062500 6.250000 -2.750000
v 1.062500 6.750000 -2.750000
v 0.937500 5.250000 -2.750000
v 0.937500 6.250000 -3.750000
v 0.937500 4.750000 -2.750000
v -0.937500 14.250000 -2.749999
v -0.937500 13.250000 -3.750000
v -0.937500 14.750000 -2.749999
v -1.062500 13.250000 -2.750000
v -1.062500 14.250000 -3.749999
v -1.062500 14.750000 -3.749999
v -0.937500 11.750000 -2.750000
v -0.937500 10.750000 -3.750000
v -0.937500 12.250000 -2.750000
v -1.062500 10.750000 -2.750000
v -1.062500 11.750000 -3.750000
v -1.062500 12.250000 -3.750000
v -0.937500 10.250000 -2.750000
v -0.937500 9.250000 -3.750000
v -0.937500 10.750000 -2.750000
v -1.062500 9.250000 -2.750000
v -1.062500 10.250000 -3.750000
v -1.062500 10.750000 -3.750000
v -0.937500 7.750000 -2.750000
v -0.937500 6.750000 -3.750000
v -0.937500 8.250000 -2.750000
v -1.062500 6.750000 -2.750000
v -1.062500 7.750000 -3.750000
v -1.062500 8.250000 -3.750000
v -0.937500 6.250000 -2.750000
v -0.937500 5.250000 -3.750000
v -0.937500 6.750000 -2.750000
v -1.062500 5.250000 -2.750000
v -1.062500 6.250000 -3.750000
v -1.062500 6.750000 -3.750000
v -0.750000 10.250000 -4.062500
v -0.750000 8.750000 -4.062500
v 0.750000 10.250000 -3.937500
v 0.750000 8.750000 -3.937500
v -0.750000 6.250000 -4.062500
v -0.750000 4.750000 -4.062500
v 0.750000 6.250000 -3.937500
v 0.750000 4.750000 -3.937500
v -0.750000 10.250000 -2.562500
v -0.750000 8.750000 -2.562500
v -0.750000 12.250000 -2.437500
v -0.750000 10.750000 -2.437500
v -0.750000 6.250000 -2.562500
v -0.750000 4.750000 -2.562500
v -0.750000 8.250000 -2.437500
v -0.750000 6.750000 -2.437500
v -0.750000 12.750000 -4.062500
v 0.750000 12.750000 -3.937500
v -0.750000 12.750000 -2.562500
v -0.750000 14.750000 -2.437499
v 1.062500 12.750000 -3.750000
v 0.937500 12.750000 -2.750000
v 1.062500 10.250000 -3.750000
v 0.937500 10.250000 -2.750000
v 1.062500 8.750000 -3.750000
v 0.937500 8.750000 -2.750000
v 1.062500 6.250000 -3.750000
v 0.937500 6.250000 -2.750000
v 1.062500 4.750000 -3.750000
v 0.937500 4.750000 -2.750000
v -0.937500 12.750000 -3.750000
v -1.062500 14.750000 -3.749999
v -0.937500 10.250000 -3.750000
v -1.062500 12.250000 -3.750000
v -0.937500 8.750000 -3.750000
v -1.062500 10.750000 -3.750000
v -0.937500 6.250000 -3.750000
v -1.062500 8.250000 -3.750000
v -0.937500 4.750000 -3.750000
v -1.062500 6.750000 -3.750000
v -0.750000 10.250000 -4.062500
v -0.750000 8.750000 -4.062500
v -0.750000 12.250000 -3.937500
v -0.750000 10.750000 -3.937500
v -0.750000 6.250000 -4.062500
v -0.750000 4.750000 -4.062500
v -0.750000 8.250000 -3.937500
v -0.750000 6.750000 -3.937500
v -0.750000 10.250000 -2.562500
v -0.750000 8.750000 -2.562500
v 0.750000 10.250000 -2.437500
v 0.750000 8.750000 -2.437500
v -0.750000 6.250000 -2.562500
v -0.750000 4.750000 -2.562500
v 0.750000 6.250000 -2.437500
v 0.750000 4.750000 -2.437500
v -0.750000 12.750000 -4.062500
v -0.750000 14.750000 -3.937499
v -0.750000 12.750000 -2.562500
v 0.750000 12.750000 -2.437500
v 1.062500 12.750000 -3.750000
v 0.937500 14.750000 -3.749999
v 1.062500 10.250000 -3.750000
v 0.937500 12.250000 -3.750000
v 1.062500 8.750000 -3.750000
v 0.937500 10.750000 -3.750000
v 1.062500 6.250000 -3.750000
v 0.937500 8.250000 -3.750000
v 1.062500 4.750000 -3.750000
v 0.937500 6.750000 -3.750000
v -0.937500 12.750000 -3.750000
v -1.062500 12.750000 -2.750000
v -0.937500 10.250000 -3.750000
v -1.062500 10.250000 -2.750000
v -0.937500 8.750000 -3.750000
v -1.062500 8.750000 -2.750000
v -0.937500 6.250000 -3.750000
v -1.062500 6.250000 -2.750000
v -0.937500 4.750000 -3.750000
v -1.062500 4.750000 -2.750000
vt 0.923077 0.032258
vt 0.897436 -0.000000
vt 0.923077 -0.000000
vt 0.923077 0.032258
vt 0.897436 -0.000000
vt 0.923077 -0.000000
vt 0.923077 0.032258
vt 0.897436 -0.000000
vt 0.923077 -0.000000
vt 0.923077 0.032258
vt 0.897436 -0.000000
vt 0.923077 -0.000000
vt 0.897436 0.790323
vt 0.923077 0.758065
vt 0.923077 0.790323
vt 0.897436 0.790323
vt 0.923077 0.758065
vt 0.923077 0.790323
vt 0.897436 0.790323
vt 0.923077 0.758065
vt 0.923077 0.790323
vt 0.897436 0.790323
vt 0.923077 0.758065
vt 0.923077 0.790323
vt 0.974359 0.032258
vt 0.948718 0.758065
vt 0.948718 0.032258
vt 1.000000 0.032258
vt 0.974359 0.758065
vt 0.974359 0.032258
vt 1.000000 0.032258
vt 0.974359 0.758065
vt 0.897436 0.758065
vt 0.897436 0.032258
vt 0.897436 0.758065
vt 0.897436 0.032258
vt 0.948718 0.032258
vt 0.948718 0.032258
vt 0.974359 0.032258
vt 0.948718 0.758065
vt 0.974359 0.032258
vt 0.948718 0.758065
vt 1.000000 0.032258
vt 0.974359 0.758065
vt 1.000000 0.032258
vt 0.974359 0.758065
vt 0.897436 0.758065
vt 0.897436 0.032258
vt 0.948718 0.032258
vt 0.897436 0.758065
vt 0.897436 0.032258
vt 0.948718 0.758065
vt 0.897436 0.854839
vt 0.974359 0.887097
vt 0.897436 0.887097
vt 0.974359 0.790323
vt 0.897436 0.822581
vt 0.897436 0.790323
vt 0.974359 0.822581
vt 0.974359 0.854839
vt 0.897436 0.919355
vt 0.448718 0.822581
vt 0.512821 0.854839
vt 0.448718 0.854839
vt 0.275641 0.919355
vt 0.211538 0.951613
vt 0.211538 0.919355
vt 0.512821 0.854839
vt 0.538462 0.903226
vt 0.512821 0.870968
vt 0.448718 0.870968
vt 0.448718 0.854839
vt 0.384615 0.854839
vt 0.410256 0.903226
vt 0.384615 0.903226
vt 0.448718 0.870968
vt 0.576923 0.903226
vt 0.551282 0.959677
vt 0.551282 0.903226
vt 0.346154 0.919355
vt 0.301282 0.951613
vt 0.301282 0.919355
vt 0.384615 0.951613
vt 0.371795 0.919355
vt 0.384615 0.919355
vt 0.410256 0.903226
vt 0.423077 0.959677
vt 0.410256 0.959677
vt 0.538462 0.903226
vt 0.384615 0.959677
vt 0.410256 0.959677
vt 0.185897 0.919355
vt 0.141026 0.951613
vt 0.141026 0.919355
vt 0.551282 0.959677
vt 0.551282 0.903226
vt 0.102564 0.919355
vt 0.115385 0.951613
vt 0.102564 0.951613
vt 0.423077 0.959677
vt 0.275641 0.951613
vt 0.512821 0.870968
vt 0.576923 0.854839
vt 0.551282 0.854839
vt 0.423077 0.903226
vt 0.897436 0.854839
vt 0.974359 0.887097
vt 0.897436 0.887097
vt 0.974359 0.790323
vt 0.897436 0.822581
vt 0.897436 0.790323
vt 0.974359 0.822581
vt 0.974359 0.854839
vt 0.897436 0.919355
vt 0.794872 0.846774
vt 0.814103 0.693548
vt 0.814103 0.846774
vt 0.833333 0.846774
vt 0.852564 0.693548
vt 0.852564 0.846774
vt 0.833333 0.693548
vt 0.871795 0.693548
vt 0.871795 0.846774
vt 0.794872 0.846774
vt 0.814103 0.693548
vt 0.814103 0.846774
vt 0.833333 0.846774
vt 0.852564 0.693548
vt 0.852564 0.846774
vt 0.833333 0.693548
vt 0.871795 0.693548
vt 0.871795 0.846774
vt 0.897436 0.854839
vt 0.974359 0.887097
vt 0.897436 0.887097
vt 0.974359 0.790323
vt 0.897436 0.822581
vt 0.897436 0.790323
vt 0.974359 0.822581
vt 0.974359 0.854839
vt 0.897436 0.919355
vt 0.448718 0.822581
vt 0.512821 0.854839
vt 0.448718 0.854839
vt 0.275641 0.919355
vt 0.211538 0.951613
vt 0.211538 0.919355
vt 0.512821 0.854839
vt 0.538462 0.903226
vt 0.512821 0.870968
vt 0.448718 0.870968
vt 0.448718 0.854839
vt 0.384615 0.854839
vt 0.410256 0.903226
vt 0.384615 0.903226
vt 0.448718 0.870968
vt 0.576923 0.903226
vt 0.551282 0.975806
vt 0.551282 0.903226
vt 0.358974 0.919355
vt 0.301282 0.951613
vt 0.301282 0.919355
vt 0.384615 0.951613
vt 0.371795 0.919355
vt 0.384615 0.919355
vt 0.410256 0.903226
vt 0.423077 0.975806
vt 0.410256 0.975806
vt 0.538462 0.903226
vt 0.384615 0.975806
vt 0.410256 0.975806
vt 0.185897 0.919355
vt 0.128205 0.951613
vt 0.128205 0.919355
vt 0.551282 0.975806
vt 0.551282 0.903226
vt 0.102564 0.919355
vt 0.115385 0.951613
vt 0.102564 0.951613
vt 0.423077 0.975806
vt 0.275641 0.951613
vt 0.512821 0.870968
vt 0.576923 0.854839
vt 0.551282 0.854839
vt 0.423077 0.903226
vt 0.897436 0.854839
vt 0.974359 0.887097
vt 0.897436 0.887097
vt 0.974359 0.790323
vt 0.897436 0.822581
vt 0.897436 0.790323
vt 0.974359 0.822581
vt 0.974359 0.854839
vt 0.897436 0.919355
vt 0.794872 0.830645
vt 0.814103 0.693548
vt 0.814103 0.830645
vt 0.833333 0.830645
vt 0.852564 0.693548
vt 0.852564 0.830645
vt 0.833333 0.693548
vt 0.871795 0.693548
vt 0.871795 0.830645
vt 0.794872 0.830645
vt 0.814103 0.693548
vt 0.814103 0.830645
vt 0.833333 0.830645
vt 0.852564 0.693548
vt 0.852564 0.830645
vt 0.833333 0.693548
vt 0.871795 0.693548
vt 0.871795 0.830645
vt 0.897436 0.854839
vt 0.974359 0.887097
vt 0.897436 0.887097
vt 0.974359 0.790323
vt 0.897436 0.822581
vt 0.897436 0.790323
vt 0.974359 0.822581
vt 0.974359 0.854839
vt 0.897436 0.919355
vt 0.448718 0.822581
vt 0.512821 0.854839
vt 0.448718 0.854839
vt 0.275641 0.919355
vt 0.211538 0.951613
vt 0.211538 0.919355
vt 0.512821 0.854839
vt 0.538462 0.903226
vt 0.512821 0.870968
vt 0.448718 0.870968
vt 0.448718 0.854839
vt 0.384615 0.854839
vt 0.410256 0.903226
vt 0.384615 0.903226
vt 0.448718 0.870968
vt 0.576923 0.903226
vt 0.551282 0.991935
vt 0.551282 0.903226
vt 0.371795 0.919355
vt 0.301282 0.951613
vt 0.301282 0.919355
vt 0.384615 0.951613
vt 0.384615 0.919355
vt 0.410256 0.903226
vt 0.423077 0.991935
vt 0.410256 0.991935
vt 0.538462 0.903226
vt 0.384615 0.991935
vt 0.410256 0.991935
vt 0.185897 0.919355
vt 0.115385 0.951613
vt 0.115385 0.919355
vt 0.551282 0.991935
vt 0.551282 0.903226
vt 0.102564 0.919355
vt 0.102564 0.951613
vt 0.423077 0.991935
vt 0.275641 0.951613
vt 0.512821 0.870968
vt 0.576923 0.854839
vt 0.551282 0.854839
vt 0.423077 0.903226
vt 0.897436 0.854839
vt 0.974359 0.887097
vt 0.897436 0.887097
vt 0.974359 0.790323
vt 0.897436 0.822581
vt 0.897436 0.790323
vt 0.974359 0.822581
vt 0.974359 0.854839
vt 0.897436 0.919355
vt 0.794872 0.814516
vt 0.814103 0.693548
vt 0.814103 0.814516
vt 0.833333 0.814516
vt 0.852564 0.693548
vt 0.852564 0.814516
vt 0.833333 0.693548
vt 0.871795 0.693548
vt 0.871795 0.814516
vt 0.794872 0.814516
vt 0.814103 0.693548
vt 0.814103 0.814516
vt 0.833333 0.814516
vt 0.852564 0.693548
vt 0.852564 0.814516
vt 0.833333 0.693548
vt 0.871795 0.693548
vt 0.871795 0.814516
vt 0.948718 0.758065
vt 1.000000 0.790323
vt 0.948718 0.790323
vt 0.948718 0.758065
vt 1.000000 0.790323
vt 0.948718 0.790323
vt 0.948718 0.790323
vt 1.000000 0.758065
vt 1.000000 0.790323
vt 0.948718 0.790323
vt 1.000000 0.758065
vt 1.000000 0.790323
vt 0.948718 0.758065
vt 1.000000 0.790323
vt 0.948718 0.790323
vt 0.948718 0.758065
vt 1.000000 0.790323
vt 0.948718 0.790323
vt 0.948718 0.790323
vt 1.000000 0.758065
vt 1.000000 0.790323
vt 0.948718 0.790323
vt 1.000000 0.758065
vt 1.000000 0.790323
vt 0.948718 0.790323
vt 1.000000 0.758065
vt 1.000000 0.790323
vt 0.948718 0.790323
vt 1.000000 0.758065
vt 1.000000 0.790323
vt 1.000000 0.790323
vt 0.948718 0.758065
vt 1.000000 0.758065
vt 1.000000 0.790323
vt 0.948718 0.758065
vt 1.000000 0.758065
vt 0.948718 0.790323
vt 1.000000 0.758065
vt 1.000000 0.790323
vt 0.948718 0.790323
vt 1.000000 0.758065
vt 1.000000 0.790323
vt 1.000000 0.790323
vt 0.948718 0.758065
vt 1.000000 0.758065
vt 1.000000 0.790323
vt 0.948718 0.758065
vt 1.000000 0.758065
vt 0.948718 0.758065
vt 1.000000 0.790323
vt 0.948718 0.790323
vt 0.948718 0.790323
vt 1.000000 0.758065
vt 1.000000 0.790323
vt 0.948718 0.790323
vt 1.000000 0.758065
vt 1.000000 0.790323
vt 1.000000 0.790323
vt 0.948718 0.758065
vt 1.000000 0.758065
vt 0.948718 0.758065
vt 0.987179 0.790323
vt 0.948718 0.790323
vt 0.948718 0.790323
vt 0.987179 0.758065
vt 0.987179 0.790323
vt 0.948718 0.758065
vt 0.987179 0.790323
vt 0.948718 0.790323
vt 0.948718 0.790323
vt 0.987179 0.758065
vt 0.987179 0.790323
vt 0.948718 0.758065
vt 0.987179 0.790323
vt 0.948718 0.790323
vt 0.948718 0.790323
vt 0.987179 0.758065
vt 0.987179 0.790323
vt 0.948718 0.758065
vt 0.987179 0.790323
vt 0.948718 0.790323
vt 0.948718 0.790323
vt 0.987179 0.758065
vt 0.987179 0.790323
vt 0.948718 0.758065
vt 0.987179 0.790323
vt 0.948718 0.790323
vt 0.948718 0.790323
vt 0.987179 0.758065
vt 0.987179 0.790323
vt 0.948718 0.790323
vt 0.987179 0.758065
vt 0.987179 0.790323
vt 0.987179 0.790323
vt 0.948718 0.758065
vt 0.987179 0.758065
vt 0.948718 0.790323
vt 0.987179 0.758065
vt 0.987179 0.790323
vt 0.987179 0.790323
vt 0.948718 0.758065
vt 0.987179 0.758065
vt 0.948718 0.790323
vt 0.987179 0.758065
vt 0.987179 0.790323
vt 0.987179 0.790323
vt 0.948718 0.758065
vt 0.987179 0.758065
vt 0.948718 0.790323
vt 0.987179 0.758065
vt 0.987179 0.790323
vt 0.987179 0.790323
vt 0.948718 0.758065
vt 0.987179 0.758065
vt 0.948718 0.790323
vt 0.987179 0.758065
vt 0.987179 0.790323
vt 0.987179 0.790323
vt 0.948718 0.758065
vt 0.987179 0.758065
vt 1.000000 0.790323
vt 0.948718 0.758065
vt 0.948718 0.790323
vt 1.000000 0.790323
vt 0.948718 0.758065
vt 0.948718 0.790323
vt 0.948718 0.790323
vt 1.000000 0.758065
vt 0.948718 0.758065
vt 0.948718 0.790323
vt 1.000000 0.758065
vt 0.948718 0.758065
vt 1.000000 0.790323
vt 0.948718 0.758065
vt 0.948718 0.790323
vt 1.000000 0.790323
vt 0.948718 0.758065
vt 0.948718 0.790323
vt 0.948718 0.790323
vt 1.000000 0.758065
vt 0.948718 0.758065
vt 0.948718 0.790323
vt 1.000000 0.758065
vt 0.948718 0.758065
vt 1.000000 0.758065
vt 0.948718 0.790323
vt 1.000000 0.790323
vt 1.000000 0.758065
vt 0.948718 0.790323
vt 1.000000 0.790323
vt 1.000000 0.790323
vt 0.948718 0.758065
vt 0.948718 0.790323
vt 1.000000 0.790323
vt 0.948718 0.758065
vt 0.948718 0.790323
vt 1.000000 0.758065
vt 0.948718 0.790323
vt 1.000000 0.790323
vt 1.000000 0.758065
vt 0.948718 0.790323
vt 1.000000 0.790323
vt 1.000000 0.790323
vt 0.948718 0.758065
vt 0.948718 0.790323
vt 1.000000 0.790323
vt 0.948718 0.758065
vt 0.948718 0.790323
vt 1.000000 0.790323
vt 0.948718 0.758065
vt 0.948718 0.790323
vt 0.948718 0.790323
vt 1.000000 0.758065
vt 0.948718 0.758065
vt 1.000000 0.758065
vt 0.948718 0.790323
vt 1.000000 0.790323
vt 1.000000 0.790323
vt 0.948718 0.758065
vt 0.948718 0.790323
vt 0.987179 0.790323
vt 0.948718 0.758065
vt 0.948718 0.790323
vt 0.948718 0.790323
vt 0.987179 0.758065
vt 0.948718 0.758065
vt 0.987179 0.790323
vt 0.948718 0.758065
vt 0.948718 0.790323
vt 0.948718 0.790323
vt 0.987179 0.758065
vt 0.948718 0.758065
vt 0.987179 0.790323
vt 0.948718 0.758065
vt 0.948718 0.790323
vt 0.948718 0.790323
vt 0.987179 0.758065
vt 0.948718 0.758065
vt 0.987179 0.790323
vt 0.948718 0.758065
vt 0.948718 0.790323
vt 0.948718 0.790323
vt 0.987179 0.758065
vt 0.948718 0.758065
vt 0.987179 0.790323
vt 0.948718 0.758065
vt 0.948718 0.790323
vt 0.948718 0.790323
vt 0.987179 0.758065
vt 0.948718 0.758065
vt 0.987179 0.758065
vt 0.948718 0.790323
vt 0.987179 0.790323
vt 0.987179 0.790323
vt 0.948718 0.758065
vt 0.948718 0.790323
vt 0.987179 0.758065
vt 0.948718 0.790323
vt 0.987179 0.790323
vt 0.987179 0.790323
vt 0.948718 0.758065
vt 0.948718 0.790323
vt 0.987179 0.758065
vt 0.948718 0.790323
vt 0.987179 0.790323
vt 0.987179 0.790323
vt 0.948718 0.758065
vt 0.948718 0.790323
vt 0.987179 0.758065
vt 0.948718 0.790323
vt 0.987179 0.790323
vt 0.987179 0.790323
vt 0.948718 0.758065
vt 0.948718 0.790323
vt 0.987179 0.758065
vt 0.948718 0.790323
vt 0.987179 0.790323
vt 0.987179 0.790323
vt 0.948718 0.758065
vt 0.948718 0.790323
vt 1.000000 0.758065
vt 1.000000 0.758065
vt 1.000000 0.758065
vt 1.000000 0.758065
vt 0.974359 0.919355
vt 0.512821 0.822581
vt 0.410256 0.854839
vt 0.576923 0.959677
vt 0.346154 0.951613
vt 0.371795 0.951613
vt 0.423077 0.903226
vt 0.538462 0.959677
vt 0.185897 0.951613
vt 0.538462 0.959677
vt 0.115385 0.919355
vt 0.974359 0.919355
vt 0.794872 0.693548
vt 0.794872 0.693548
vt 0.974359 0.919355
vt 0.512821 0.822581
vt 0.410256 0.854839
vt 0.576923 0.975806
vt 0.358974 0.951613
vt 0.371795 0.951613
vt 0.423077 0.903226
vt 0.538462 0.975806
vt 0.185897 0.951613
vt 0.538462 0.975806
vt 0.115385 0.919355
vt 0.974359 0.919355
vt 0.794872 0.693548
vt 0.794872 0.693548
vt 0.974359 0.919355
vt 0.512821 0.822581
vt 0.410256 0.854839
vt 0.576923 0.991935
vt 0.371795 0.951613
vt 0.423077 0.903226
vt 0.538462 0.991935
vt 0.185897 0.951613
vt 0.538462 0.991935
vt 0.974359 0.919355
vt 0.794872 0.693548
vt 0.794872 0.693548
vt 1.000000 0.758065
vt 1.000000 0.758065
vt 0.948718 0.758065
vt 0.948718 0.758065
vt 1.000000 0.758065
vt 1.000000 0.758065
vt 0.948718 0.758065
vt 0.948718 0.758065
vt 0.948718 0.758065
vt 0.948718 0.758065
vt 0.948718 0.790323
vt 0.948718 0.790323
vt 0.948718 0.758065
vt 0.948718 0.758065
vt 0.948718 0.790323
vt 0.948718 0.790323
vt 1.000000 0.758065
vt 0.948718 0.758065
vt 0.948718 0.758065
vt 0.948718 0.790323
vt 0.987179 0.758065
vt 0.948718 0.758065
vt 0.987179 0.758065
vt 0.948718 0.758065
vt 0.987179 0.758065
vt 0.948718 0.758065
vt 0.987179 0.758065
vt 0.948718 0.758065
vt 0.987179 0.758065
vt 0.948718 0.758065
vt 0.948718 0.758065
vt 0.948718 0.790323
vt 0.948718 0.758065
vt 0.948718 0.790323
vt 0.948718 0.758065
vt 0.948718 0.790323
vt 0.948718 0.758065
vt 0.948718 0.790323
vt 0.948718 0.758065
vt 0.948718 0.790323
vt 1.000000 0.758065
vt 1.000000 0.758065
vt 1.000000 0.790323
vt 1.000000 0.790323
vt 1.000000 0.758065
vt 1.000000 0.758065
vt 1.000000 0.790323
vt 1.000000 0.790323
vt 0.948718 0.758065
vt 0.948718 0.758065
vt 1.000000 0.758065
vt 1.000000 0.758065
vt 0.948718 0.758065
vt 0.948718 0.758065
vt 1.000000 0.758065
vt 1.000000 0.758065
vt 1.000000 0.758065
vt 1.000000 0.790323
vt 0.948718 0.758065
vt 1.000000 0.758065
vt 0.987179 0.758065
vt 0.987179 0.790323
vt 0.987179 0.758065
vt 0.987179 0.790323
vt 0.987179 0.758065
vt 0.987179 0.790323
vt 0.987179 0.758065
vt 0.987179 0.790323
vt 0.987179 0.758065
vt 0.987179 0.790323
vt 0.948718 0.758065
vt 0.987179 0.758065
vt 0.948718 0.758065
vt 0.987179 0.758065
vt 0.948718 0.758065
vt 0.987179 0.758065
vt 0.948718 0.758065
vt 0.987179 0.758065
vt 0.948718 0.758065
vt 0.987179 0.758065
vn 0.0000 -1.0000 0.0000
vn 0.0000 1.0000 0.0000
vn 0.0000 -0.0000 1.0000
vn 1.0000 0.0000 0.0000
vn 0.0000 0.0000 -1.0000
vn -1.0000 0.0000 0.0000
vn 0.7071 0.0000 -0.7071
vn -0.7071 -0.0000 0.7071
vn 0.7071 0.0000 0.7071
vn -0.7071 0.0000 -0.7071
v 1.187500 4.500000 -4.187500
v 1.187500 3.500000 -3.812500
v 1.187500 3.500000 -4.187500
v 1.187500 4.500000 -3.812500
v 0.812500 3.500000 -3.812500
v 0.750000 2.000000 -2.750000
v 1.250000 2.000000 -2.250000
v 0.750000 2.000000 -2.250000
v -1.250000 2.000000 -2.750000
v -0.750000 2.000000 -2.250000
v -1.250000 2.000000 -2.250000
v 1.250000 3.500000 -3.750000
v 0.750000 3.500000 -4.250000
v 0.750000 3.500000 -3.750000
v -0.750000 3.500000 -3.750000
v -1.250000 3.500000 -4.250000
v -1.250000 3.500000 -3.750000
v -0.750000 1.500000 -3.750000
v -1.250000 1.500000 -3.750000
v 0.750000 1.500000 -4.250000
v 1.250000 3.500000 -4.250000
v 1.250000 1.500000 -4.250000
v 1.250000 1.500000 -3.750000
v 0.750000 1.500000 -3.750000
v -0.750000 1.500000 -4.250000
v -1.250000 1.500000 -4.250000
v -0.750000 3.500000 -4.250000
v 1.250000 3.500000 -2.250000
v 0.750000 3.500000 -2.750000
v 0.750000 3.500000 -2.250000
v -0.750000 3.500000 -2.250000
v -1.250000 3.500000 -2.750000
v -1.250000 3.500000 -2.250000
v -0.750000 2.000000 -2.750000
v 1.250000 2.000000 -2.750000
v -0.750000 3.500000 -2.750000
v 1.250000 3.500000 -2.750000
v 0.812500 4.500000 -3.812500
v 0.812500 3.500000 -4.187500
v 0.812500 4.500000 -4.187500
v 1.187500 4.500000 -2.687500
v 1.187500 3.500000 -2.312500
v 1.187500 3.500000 -2.687500
v 1.187500 4.500000 -2.312500
v 0.812500 3.500000 -2.312500
v 0.812500 4.500000 -2.312500
v 0.812500 3.500000 -2.687500
v 0.812500 4.500000 -2.687500
v -0.812500 4.500000 -4.187500
v -0.812500 3.500000 -3.812500
v -0.812500 3.500000 -4.187500
v -0.812500 4.500000 -3.812500
v -1.187500 3.500000 -3.812500
v -1.187500 4.500000 -3.812500
v -1.187500 3.500000 -4.187500
v -1.187500 4.500000 -4.187500
v -0.812500 4.500000 -2.687500
v -0.812500 3.500000 -2.312500
v -0.812500 3.500000 -2.687500
v -0.812500 4.500000 -2.312500
v -1.187500 3.500000 -2.312500
v -1.187500 4.500000 -2.312500
v -1.187500 3.500000 -2.687500
v -1.187500 4.500000 -2.687500
v 1.000000 2.500000 -2.750000
v 1.000000 3.000000 -3.750000
v 1.000000 3.000000 -2.750000
v -1.000000 3.000000 -3.750000
v -1.000000 2.500000 -2.750000
v -1.000000 3.000000 -2.750000
v 0.750000 2.500000 -4.000000
v -0.750000 3.000000 -4.000000
v 0.750000 3.000000 -4.000000
v -0.750000 3.000000 -2.500000
v 0.750000 2.500000 -2.500000
v 0.750000 3.000000 -2.500000
v 1.000000 3.000000 -3.750000
v 1.000000 2.500000 -2.750000
v 1.000000 3.000000 -2.750000
v -1.000000 2.500000 -2.750000
v -1.000000 3.000000 -3.750000
v -1.000000 3.000000 -2.750000
v -0.750000 3.000000 -4.000000
v 0.750000 2.500000 -4.000000
v 0.750000 3.000000 -4.000000
v 0.750000 2.500000 -2.500000
v -0.750000 3.000000 -2.500000
v 0.750000 3.000000 -2.500000
v 1.000000 2.500000 -3.750000
v -1.000000 2.500000 -3.750000
v -0.750000 2.500000 -4.000000
v -0.750000 2.500000 -2.500000
v 1.000000 2.500000 -3.750000
v -1.000000 2.500000 -3.750000
v -0.750000 2.500000 -4.000000
v -0.750000 2.500000 -2.500000
vt 0.769231 0.967742
vt 0.750000 0.903226
vt 0.769231 0.903226
vt 0.750000 0.967742
vt 0.730769 0.903226
vt 0.692308 0.870968
vt 0.717949 0.903226
vt 0.692308 0.903226
vt 0.692308 0.870968
vt 0.717949 0.903226
vt 0.692308 0.903226
vt 0.692308 0.870968
vt 0.717949 0.838710
vt 0.717949 0.870968
vt 0.692308 0.870968
vt 0.717949 0.838710
vt 0.717949 0.870968
vt 0.769231 0.709677
vt 0.743590 0.838710
vt 0.743590 0.709677
vt 0.717949 0.709677
vt 0.692308 0.838710
vt 0.692308 0.709677
vt 0.769231 0.709677
vt 0.743590 0.838710
vt 0.743590 0.709677
vt 0.794872 0.709677
vt 0.769231 0.838710
vt 0.717949 0.709677
vt 0.794872 0.709677
vt 0.769231 0.838710
vt 0.692308 0.838710
vt 0.692308 0.709677
vt 0.692308 0.870968
vt 0.717949 0.838710
vt 0.717949 0.870968
vt 0.692308 0.870968
vt 0.717949 0.838710
vt 0.717949 0.870968
vt 0.794872 0.741935
vt 0.769231 0.838710
vt 0.769231 0.741935
vt 0.743590 0.741935
vt 0.717949 0.741935
vt 0.794872 0.741935
vt 0.769231 0.838710
vt 0.769231 0.741935
vt 0.743590 0.741935
vt 0.717949 0.741935
vt 0.692308 0.838710
vt 0.692308 0.741935
vt 0.743590 0.838710
vt 0.692308 0.838710
vt 0.692308 0.741935
vt 0.743590 0.838710
vt 0.730769 0.967742
vt 0.711538 0.903226
vt 0.711538 0.967742
vt 0.692308 0.903226
vt 0.769231 0.967742
vt 0.750000 0.903226
vt 0.769231 0.903226
vt 0.750000 0.967742
vt 0.730769 0.903226
vt 0.730769 0.967742
vt 0.711538 0.903226
vt 0.711538 0.967742
vt 0.692308 0.903226
vt 0.769231 0.967742
vt 0.750000 0.903226
vt 0.769231 0.903226
vt 0.750000 0.967742
vt 0.730769 0.903226
vt 0.730769 0.967742
vt 0.711538 0.903226
vt 0.711538 0.967742
vt 0.692308 0.903226
vt 0.769231 0.967742
vt 0.750000 0.903226
vt 0.769231 0.903226
vt 0.750000 0.967742
vt 0.730769 0.903226
vt 0.730769 0.967742
vt 0.711538 0.903226
vt 0.711538 0.967742
vt 0.692308 0.903226
vt 0.743590 0.870968
vt 0.794872 0.903226
vt 0.743590 0.903226
vt 0.743590 0.903226
vt 0.794872 0.870968
vt 0.794872 0.903226
vt 0.717949 0.838710
vt 0.794872 0.870968
vt 0.717949 0.870968
vt 0.717949 0.870968
vt 0.794872 0.838710
vt 0.794872 0.870968
vt 0.794872 0.903226
vt 0.743590 0.870968
vt 0.743590 0.903226
vt 0.794872 0.870968
vt 0.743590 0.903226
vt 0.794872 0.903226
vt 0.794872 0.870968
vt 0.717949 0.838710
vt 0.717949 0.870968
vt 0.794872 0.838710
vt 0.717949 0.870968
vt 0.794872 0.870968
vt 0.717949 0.870968
vt 0.717949 0.870968
vt 0.794872 0.838710
vt 0.794872 0.838710
vt 0.794872 0.838710
vt 0.794872 0.838710
vt 0.692308 0.967742
vt 0.692308 0.967742
vt 0.692308 0.967742
vt 0.692308 0.967742
vt 0.794872 0.870968
vt 0.743590 0.870968
vt 0.794872 0.838710
vt 0.717949 0.838710
vt 0.794872 0.870968
vt 0.743590 0.870968
vt 0.794872 0.838710
vt 0.717949 0.838710
vn 1.0000 0.0000 0.0000
vn 0.0000 0.0000 1.0000
vn 0.0000 -1.0000 0.0000
vn 0.0000 1.0000 0.0000
vn 0.0000 0.0000 -1.0000
vn -1.0000 0.0000 0.0000
v -1.585786 16.750000 1.409011
v -1.762563 16.250000 1.939341
v -1.939340 16.250000 1.762564
v -2.292893 11.000000 2.116117
v -2.116117 16.250000 1.939341
v -2.116117 11.000000 2.292893
v -1.939340 16.250000 2.116118
v -2.292893 11.000000 2.469671
v -2.469670 11.000000 2.292893
v -1.055456 17.000000 0.878681
v -0.878680 16.750000 0.701904
v -1.055456 16.750000 0.878681
v -1.585786 17.000000 1.409011
v -1.409010 16.750000 1.585787
v -0.878680 17.000000 1.055457
v -0.878680 16.750000 1.055457
v -1.409010 17.000000 1.585787
v -0.701903 16.750000 0.878681
v -0.878680 15.250000 0.701904
v -0.348350 14.250000 0.171574
v -1.055456 15.250000 0.878681
v -0.701903 15.250000 0.878681
v -0.878680 15.250000 1.055457
v -0.171573 14.250000 -0.005203
v -0.171573 14.250000 0.348351
v 0.005204 14.250000 0.171574
vt 0.897436 0.395161
vt 0.884615 0.346774
vt 0.897436 0.346774
vt 0.846154 -0.000000
vt 0.858974 0.338710
vt 0.846154 0.338710
vt 0.884615 -0.000000
vt 0.871795 0.338710
vt 0.871795 -0.000000
vt 0.858974 -0.000000
vt 0.897436 -0.000000
vt 0.884615 0.338710
vt 0.858974 0.451613
vt 0.846154 0.467742
vt 0.846154 0.451613
vt 0.858974 0.403226
vt 0.846154 0.346774
vt 0.884615 0.395161
vt 0.871795 0.451613
vt 0.897436 0.403226
vt 0.884615 0.451613
vt 0.884615 0.403226
vt 0.871795 0.403226
vt 0.871795 0.467742
vt 0.884615 0.532258
vt 0.897436 0.467742
vt 0.897436 0.532258
vt 0.884615 0.629032
vt 0.897436 0.629032
vt 0.871795 0.629032
vt 0.858974 0.629032
vt 0.871795 0.532258
vt 0.846154 0.629032
vt 0.858974 0.532258
vt 0.884615 0.467742
vt 0.858974 0.467742
vt 0.871795 0.467742
vt 0.846154 0.532258
vt 0.897436 0.338710
vt 0.846154 0.403226
vt 0.846154 0.395161
vt 0.897436 0.451613
vt 0.884615 0.467742
vt 0.858974 0.467742
vt 0.846154 0.467742
vn 0.5000 -0.7071 -0.5000
vn -0.7071 -0.0000 -0.7071
vn 0.7071 -0.0000 0.7071
vn -0.7039 0.0948 0.7039
vn 0.7039 -0.0948 -0.7039
vn -0.5000 0.7071 0.5000
vn 0.0000 1.0000 0.0000
vn 0.0000 -1.0000 0.0000
vn 0.5000 0.7071 -0.5000
vn 0.7071 0.0000 -0.7071
vn -0.7071 0.0000 0.7071
vn -0.5000 -0.7071 0.5000
v 0.500000 2.000000 0.500000
v -1.000000 2.000000 1.000000
v 1.000000 2.000000 1.000000
v -1.000000 1.750000 1.000000
v 0.500000 1.750000 0.500000
v 1.000000 1.750000 1.000000
v -0.500000 2.000000 0.500000
v -1.000000 2.000000 -1.000000
v -0.500000 2.000000 -0.500000
v 1.000000 2.000000 -1.000000
v 0.500000 2.000000 -0.500000
v -1.000000 1.750000 -1.000000
v -0.500000 1.750000 0.500000
v 1.000000 1.750000 -1.000000
v -0.500000 1.750000 -0.500000
v 0.500000 1.750000 -0.500000
v -0.500000 2.000000 0.500000
v 0.500000 2.000000 -0.500000
v -0.500000 2.000000 -0.500000
v 0.937500 1.750000 0.937500
v 0.937500 1.000000 0.562500
v 0.937500 1.750000 0.562500
v 0.562500 1.750000 0.562500
v 0.562500 1.000000 0.937500
v 0.562500 1.750000 0.937500
v 0.562500 1.000000 0.562500
v 0.937500 1.000000 0.937500
v -0.500000 1.000000 -1.750000
v 0.500000 1.375000 -1.750000
v 0.500000 1.000000 -1.750000
v 0.500000 1.500000 -1.375000
v -0.500000 1.500000 -1.625000
v -0.500000 1.500000 -1.375000
v 0.500000 1.000000 -1.250000
v -0.500000 1.375000 -1.250000
v -0.500000 1.000000 -1.250000
v 0.500000 1.500000 -1.625000
v 0.500000 1.375000 -1.250000
v -0.500000 1.375000 -1.750000
v 0.750000 1.000000 -0.562500
v 0.750000 1.750000 0.562500
v 0.750000 1.000000 0.562500
v 1.000000 11.000000 1.750000
v 0.500000 11.000000 1.250000
v 0.500000 11.000000 1.750000
v -0.500000 11.000000 1.750000
v -1.000000 11.000000 1.250000
v -1.000000 11.000000 1.750000
v 1.000000 1.000000 1.750000
v 0.500000 1.000000 1.750000
v -0.500000 1.000000 1.250000
v -0.500000 1.000000 1.750000
v -1.000000 1.000000 1.750000
v -1.000000 1.000000 1.250000
v 1.000000 1.000000 1.250000
v 0.500000 1.000000 1.250000
v -0.500000 11.000000 1.250000
v 1.000000 11.000000 1.250000
v -0.500000 10.750000 1.562500
v 0.500000 10.250000 1.562500
v 0.500000 10.000000 1.562500
v 0.500000 1.750000 1.437500
v -0.500000 1.250000 1.437500
v 0.500000 2.000000 1.437500
v -0.500000 1.750000 1.562500
v 0.500000 1.250000 1.562500
v 0.500000 1.000000 1.562500
v -0.500000 4.750000 1.562500
v 0.500000 4.250000 1.562500
v 0.500000 4.000000 1.562500
v 0.500000 4.750000 1.437500
v -0.500000 4.250000 1.437500
v 0.500000 5.000000 1.437500
v -0.500000 2.500000 1.562500
v 0.500000 2.000000 1.562500
v 0.500000 1.750000 1.562500
v 0.500000 2.500000 1.437500
v -0.500000 2.000000 1.437500
v 0.500000 2.750000 1.437500
v 0.500000 3.250000 1.437500
v -0.500000 2.750000 1.437500
v 0.500000 3.500000 1.437500
v -0.500000 3.250000 1.562500
v 0.500000 2.750000 1.562500
v 0.500000 2.500000 1.562500
v 0.500000 4.000000 1.437500
v -0.500000 3.500000 1.437500
v 0.500000 4.250000 1.437500
v -0.500000 4.000000 1.562500
v 0.500000 3.500000 1.562500
v 0.500000 3.250000 1.562500
v -0.500000 7.000000 1.562500
v 0.500000 6.500000 1.562500
v 0.500000 6.250000 1.562500
v 0.500000 7.000000 1.437500
v -0.500000 6.500000 1.437500
v 0.500000 7.250000 1.437500
v 0.500000 10.750000 1.437500
v -0.500000 10.250000 1.437500
v 0.500000 11.000000 1.437500
v -0.500000 6.250000 1.562500
v 0.500000 5.750000 1.562500
v 0.500000 5.500000 1.562500
v 0.500000 6.250000 1.437500
v -0.500000 5.750000 1.437500
v 0.500000 6.500000 1.437500
v 0.500000 5.500000 1.437500
v -0.500000 5.000000 1.437500
v 0.500000 5.750000 1.437500
v -0.500000 5.500000 1.562500
v 0.500000 5.000000 1.562500
v 0.500000 4.750000 1.562500
v 0.500000 7.750000 1.437500
v -0.500000 7.250000 1.437500
v 0.500000 8.000000 1.437500
v -0.500000 7.750000 1.562500
v 0.500000 7.250000 1.562500
v 0.500000 7.000000 1.562500
v -0.500000 8.500000 1.562500
v 0.500000 8.000000 1.562500
v 0.500000 7.750000 1.562500
v 0.500000 8.500000 1.437500
v -0.500000 8.000000 1.437500
v 0.500000 8.750000 1.437500
v 0.500000 9.250000 1.437500
v -0.500000 8.750000 1.437500
v 0.500000 9.500000 1.437500
v -0.500000 9.250000 1.562500
v 0.500000 8.750000 1.562500
v 0.500000 8.500000 1.562500
v 0.500000 10.000000 1.437500
v -0.500000 9.500000 1.437500
v 0.500000 10.250000 1.437500
v -0.500000 10.000000 1.562500
v 0.500000 9.500000 1.562500
v 0.500000 9.250000 1.562500
v -0.937500 1.000000 3.937500
v -0.937500 2.812500 1.750000
v -0.937500 1.000000 3.562500
v -0.562500 1.000000 3.937500
v -0.937500 3.187500 1.750000
v -0.562500 2.812500 1.750000
v -0.562500 1.000000 3.562500
v -0.562500 3.187500 1.750000
v 0.562500 1.000000 3.937500
v 0.562500 2.812500 1.750000
v 0.562500 1.000000 3.562500
v 0.937500 1.000000 3.937500
v 0.562500 3.187500 1.750000
v 0.937500 2.812500 1.750000
v 0.937500 1.000000 3.562500
v 0.937500 3.187500 1.750000
v -0.500000 10.750000 1.562500
v 0.500000 10.250000 1.562500
v -0.500000 11.000000 1.562500
v 0.500000 1.750000 1.437500
v -0.500000 1.250000 1.437500
v -0.500000 1.000000 1.437500
v -0.500000 1.750000 1.562500
v 0.500000 1.250000 1.562500
v -0.500000 2.000000 1.562500
v -0.500000 4.750000 1.562500
v 0.500000 4.250000 1.562500
v -0.500000 5.000000 1.562500
v 0.500000 4.750000 1.437500
v -0.500000 4.250000 1.437500
v -0.500000 4.000000 1.437500
v -0.500000 2.500000 1.562500
v 0.500000 2.000000 1.562500
v -0.500000 2.750000 1.562500
v 0.500000 2.500000 1.437500
v -0.500000 2.000000 1.437500
v -0.500000 1.750000 1.437500
v 0.500000 3.250000 1.437500
v -0.500000 2.750000 1.437500
v -0.500000 2.500000 1.437500
v -0.500000 3.250000 1.562500
v 0.500000 2.750000 1.562500
v -0.500000 3.500000 1.562500
v 0.500000 4.000000 1.437500
v -0.500000 3.500000 1.437500
v -0.500000 3.250000 1.437500
v -0.500000 4.000000 1.562500
v 0.500000 3.500000 1.562500
v -0.500000 4.250000 1.562500
v -0.500000 7.000000 1.562500
v 0.500000 6.500000 1.562500
v -0.500000 7.250000 1.562500
v 0.500000 7.000000 1.437500
v -0.500000 6.500000 1.437500
v -0.500000 6.250000 1.437500
v 0.500000 10.750000 1.437500
v -0.500000 10.250000 1.437500
v -0.500000 10.000000 1.437500
v -0.500000 6.250000 1.562500
v 0.500000 5.750000 1.562500
v -0.500000 6.500000 1.562500
v 0.500000 6.250000 1.437500
v -0.500000 5.750000 1.437500
v -0.500000 5.500000 1.437500
v 0.500000 5.500000 1.437500
v -0.500000 5.000000 1.437500
v -0.500000 4.750000 1.437500
v -0.500000 5.500000 1.562500
v 0.500000 5.000000 1.562500
v -0.500000 5.750000 1.562500
v 0.500000 7.750000 1.437500
v -0.500000 7.250000 1.437500
v -0.500000 7.000000 1.437500
v -0.500000 7.750000 1.562500
v 0.500000 7.250000 1.562500
v -0.500000 8.000000 1.562500
v -0.500000 8.500000 1.562500
v 0.500000 8.000000 1.562500
v -0.500000 8.750000 1.562500
v 0.500000 8.500000 1.437500
v -0.500000 8.000000 1.437500
v -0.500000 7.750000 1.437500
v 0.500000 9.250000 1.437500
v -0.500000 8.750000 1.437500
v -0.500000 8.500000 1.437500
v -0.500000 9.250000 1.562500
v 0.500000 8.750000 1.562500
v -0.500000 9.500000 1.562500
v 0.500000 10.000000 1.437500
v -0.500000 9.500000 1.437500
v -0.500000 9.250000 1.437500
v -0.500000 10.000000 1.562500
v 0.500000 9.500000 1.562500
v -0.500000 10.250000 1.562500
v 0.937500 1.750000 -0.562500
v 0.937500 1.000000 -0.937500
v 0.937500 1.750000 -0.937500
v 0.562500 1.750000 -0.937500
v 0.562500 1.000000 -0.562500
v 0.562500 1.750000 -0.562500
v 0.562500 1.000000 -0.937500
v 0.937500 1.000000 -0.562500
v -0.562500 1.750000 0.937500
v -0.562500 1.000000 0.562500
v -0.562500 1.750000 0.562500
v -0.937500 1.750000 0.562500
v -0.937500 1.000000 0.937500
v -0.937500 1.750000 0.937500
v -0.937500 1.000000 0.562500
v -0.562500 1.000000 0.937500
v -0.562500 1.750000 -0.562500
v -0.562500 1.000000 -0.937500
v -0.562500 1.750000 -0.937500
v -0.937500 1.750000 -0.937500
v -0.937500 1.000000 -0.562500
v -0.937500 1.750000 -0.562500
v -0.937500 1.000000 -0.937500
v -0.562500 1.000000 -0.562500
v -0.750000 1.000000 0.562500
v -0.750000 1.750000 -0.562500
v -0.750000 1.000000 -0.562500
v -0.562500 1.000000 -0.750000
v 0.562500 1.750000 -0.750000
v 0.562500 1.000000 -0.750000
v 0.562500 1.000000 0.750000
v -0.562500 1.750000 0.750000
v -0.562500 1.000000 0.750000
v 0.500000 2.000000 0.500000
v 0.750000 1.750000 -0.562500
v -0.500000 11.000000 1.562500
v -0.500000 1.000000 1.437500
v -0.500000 2.000000 1.562500
v -0.500000 5.000000 1.562500
v -0.500000 4.000000 1.437500
v -0.500000 2.750000 1.562500
v -0.500000 1.750000 1.437500
v -0.500000 2.500000 1.437500
v -0.500000 3.500000 1.562500
v -0.500000 3.250000 1.437500
v -0.500000 4.250000 1.562500
v -0.500000 7.250000 1.562500
v -0.500000 6.250000 1.437500
v -0.500000 10.000000 1.437500
v -0.500000 6.500000 1.562500
v -0.500000 5.500000 1.437500
v -0.500000 4.750000 1.437500
v -0.500000 5.750000 1.562500
v -0.500000 7.000000 1.437500
v -0.500000 8.000000 1.562500
v -0.500000 8.750000 1.562500
v -0.500000 7.750000 1.437500
v -0.500000 8.500000 1.437500
v -0.500000 9.500000 1.562500
v -0.500000 9.250000 1.437500
v -0.500000 10.250000 1.562500
v 0.500000 10.000000 1.562500
v 0.500000 2.000000 1.437500
v 0.500000 1.000000 1.562500
v 0.500000 4.000000 1.562500
v 0.500000 5.000000 1.437500
v 0.500000 1.750000 1.562500
v 0.500000 2.750000 1.437500
v 0.500000 3.500000 1.437500
v 0.500000 2.500000 1.562500
v 0.500000 4.250000 1.437500
v 0.500000 3.250000 1.562500
v 0.500000 6.250000 1.562500
v 0.500000 7.250000 1.437500
v 0.500000 11.000000 1.437500
v 0.500000 5.500000 1.562500
v 0.500000 6.500000 1.437500
v 0.500000 5.750000 1.437500
v 0.500000 4.750000 1.562500
v 0.500000 8.000000 1.437500
v 0.500000 7.000000 1.562500
v 0.500000 7.750000 1.562500
v 0.500000 8.750000 1.437500
v 0.500000 9.500000 1.437500
v 0.500000 8.500000 1.562500
v 0.500000 10.250000 1.437500
v 0.500000 9.250000 1.562500
v -0.750000 1.750000 0.562500
v -0.562500 1.750000 -0.750000
v 0.562500 1.750000 0.750000
vt 0.083333 0.250000
vt 0.000000 0.386364
vt 0.000000 0.204545
vt 0.000000 0.000000
vt 0.083333 0.136364
vt 0.000000 0.181818
vt 0.083333 0.340909
vt 0.333333 0.386364
vt 0.250000 0.340909
vt 0.333333 0.204545
vt 0.250000 0.250000
vt 0.333333 -0.000000
vt 0.083333 0.045455
vt 0.333333 0.181818
vt 0.250000 0.045455
vt 0.250000 0.136364
vt 0.083333 0.136364
vt 0.250000 0.113636
vt 0.250000 0.136364
vt 0.083333 0.136364
vt 0.250000 0.113636
vt 0.250000 0.136364
vt -0.000000 0.204545
vt 0.333333 0.181818
vt 0.333333 0.204545
vt -0.000000 0.204545
vt 0.333333 0.181818
vt 0.333333 0.204545
vt 0.083333 0.136364
vt 0.250000 0.113636
vt 0.250000 0.136364
vt 0.083333 0.136364
vt 0.250000 0.113636
vt 0.250000 0.136364
vt -0.000000 0.204545
vt 0.333333 0.181818
vt 0.333333 0.204545
vt 0.083333 0.340909
vt 0.250000 0.250000
vt 0.250000 0.340909
vt 0.125000 0.454545
vt 0.187500 0.386364
vt 0.187500 0.454545
vt -0.000000 0.454545
vt 0.062500 0.386364
vt 0.062500 0.454545
vt 0.250000 0.386364
vt 0.250000 0.454545
vt 0.125000 0.386364
vt 0.208333 0.954545
vt 0.145833 0.863636
vt 0.208333 0.863636
vt 0.083333 0.863636
vt 0.125000 0.954545
vt 0.083333 0.954545
vt 0.000000 0.863636
vt 0.062500 0.954545
vt 0.000000 0.954545
vt 0.125000 0.863636
vt 0.062500 0.852273
vt 0.062500 0.863636
vt 0.145833 0.954545
vt 0.145833 0.965909
vt 0.187500 0.454545
vt 0.000000 0.522727
vt 0.000000 0.454545
vt 0.333333 0.909091
vt 0.416667 0.954545
vt 0.333333 0.954545
vt 0.333333 0.909091
vt 0.416667 0.954545
vt 0.333333 0.954545
vt 0.666667 0.000000
vt 0.583333 0.909091
vt 0.583333 0.000000
vt 0.416667 -0.000000
vt 0.333333 -0.000000
vt 0.583333 0.000000
vt 0.500000 0.909091
vt 0.500000 0.000000
vt 0.416667 -0.000000
vt 0.333333 -0.000000
vt 0.500000 0.909091
vt 0.500000 0.000000
vt 0.416667 0.909091
vt 0.666667 0.000000
vt 0.583333 0.909091
vt 0.416667 0.909091
vt 0.166667 0.522727
vt 0.000000 0.545455
vt -0.000000 0.522727
vt -0.000000 0.522727
vt 0.166667 0.545455
vt -0.000000 0.545455
vt 0.166667 0.522727
vt 0.000000 0.545455
vt -0.000000 0.522727
vt 0.166667 0.522727
vt 0.000000 0.545455
vt -0.000000 0.522727
vt -0.000000 0.522727
vt 0.166667 0.545455
vt -0.000000 0.545455
vt 0.166667 0.522727
vt 0.000000 0.545455
vt -0.000000 0.522727
vt -0.000000 0.522727
vt 0.166667 0.545455
vt -0.000000 0.545455
vt -0.000000 0.522727
vt 0.166667 0.545455
vt -0.000000 0.545455
vt 0.166667 0.522727
vt 0.000000 0.545455
vt -0.000000 0.522727
vt -0.000000 0.522727
vt 0.166667 0.545455
vt -0.000000 0.545455
vt 0.166667 0.522727
vt 0.000000 0.545455
vt -0.000000 0.522727
vt 0.166667 0.522727
vt 0.000000 0.545455
vt -0.000000 0.522727
vt -0.000000 0.522727
vt 0.166667 0.545455
vt -0.000000 0.545455
vt -0.000000 0.522727
vt 0.166667 0.545455
vt -0.000000 0.545455
vt 0.166667 0.522727
vt 0.000000 0.545455
vt -0.000000 0.522727
vt -0.000000 0.522727
vt 0.166667 0.545455
vt -0.000000 0.545455
vt -0.000000 0.522727
vt 0.166667 0.545455
vt -0.000000 0.545455
vt 0.166667 0.522727
vt 0.000000 0.545455
vt -0.000000 0.522727
vt -0.000000 0.522727
vt 0.166667 0.545455
vt -0.000000 0.545455
vt 0.166667 0.522727
vt 0.000000 0.545455
vt -0.000000 0.522727
vt 0.166667 0.522727
vt 0.000000 0.545455
vt -0.000000 0.522727
vt -0.000000 0.522727
vt 0.166667 0.545455
vt -0.000000 0.545455
vt -0.000000 0.522727
vt 0.166667 0.545455
vt -0.000000 0.545455
vt 0.166667 0.522727
vt 0.000000 0.545455
vt -0.000000 0.522727
vt -0.000000 0.522727
vt 0.166667 0.545455
vt -0.000000 0.545455
vt 0.166667 0.522727
vt 0.000000 0.545455
vt -0.000000 0.522727
vt 0.062500 0.545455
vt 0.000000 0.784091
vt -0.000000 0.579545
vt 0.125000 0.545455
vt 0.062500 0.818182
vt 0.250000 0.579545
vt 0.187500 0.784091
vt 0.187500 0.579545
vt 0.125000 0.818182
vt 0.062500 0.545455
vt 0.000000 0.784091
vt -0.000000 0.579545
vt 0.125000 0.545455
vt 0.062500 0.818182
vt 0.250000 0.579545
vt 0.187500 0.784091
vt 0.187500 0.579545
vt 0.125000 0.818182
vt 0.166667 0.522727
vt 0.000000 0.545455
vt 0.166667 0.545455
vt -0.000000 0.522727
vt 0.166667 0.545455
vt 0.166667 0.522727
vt 0.166667 0.522727
vt 0.000000 0.545455
vt 0.166667 0.545455
vt 0.166667 0.522727
vt 0.000000 0.545455
vt 0.166667 0.545455
vt -0.000000 0.522727
vt 0.166667 0.545455
vt 0.166667 0.522727
vt 0.166667 0.522727
vt 0.000000 0.545455
vt 0.166667 0.545455
vt -0.000000 0.522727
vt 0.166667 0.545455
vt 0.166667 0.522727
vt -0.000000 0.522727
vt 0.166667 0.545455
vt 0.166667 0.522727
vt 0.166667 0.522727
vt 0.000000 0.545455
vt 0.166667 0.545455
vt -0.000000 0.522727
vt 0.166667 0.545455
vt 0.166667 0.522727
vt 0.166667 0.522727
vt 0.000000 0.545455
vt 0.166667 0.545455
vt 0.166667 0.522727
vt 0.000000 0.545455
vt 0.166667 0.545455
vt -0.000000 0.522727
vt 0.166667 0.545455
vt 0.166667 0.522727
vt -0.000000 0.522727
vt 0.166667 0.545455
vt 0.166667 0.522727
vt 0.166667 0.522727
vt 0.000000 0.545455
vt 0.166667 0.545455
vt -0.000000 0.522727
vt 0.166667 0.545455
vt 0.166667 0.522727
vt -0.000000 0.522727
vt 0.166667 0.545455
vt 0.166667 0.522727
vt 0.166667 0.522727
vt 0.000000 0.545455
vt 0.166667 0.545455
vt -0.000000 0.522727
vt 0.166667 0.545455
vt 0.166667 0.522727
vt 0.166667 0.522727
vt 0.000000 0.545455
vt 0.166667 0.545455
vt 0.166667 0.522727
vt 0.000000 0.545455
vt 0.166667 0.545455
vt -0.000000 0.522727
vt 0.166667 0.545455
vt 0.166667 0.522727
vt -0.000000 0.522727
vt 0.166667 0.545455
vt 0.166667 0.522727
vt 0.166667 0.522727
vt 0.000000 0.545455
vt 0.166667 0.545455
vt -0.000000 0.522727
vt 0.166667 0.545455
vt 0.166667 0.522727
vt 0.166667 0.522727
vt 0.000000 0.545455
vt 0.166667 0.545455
vt 0.125000 0.454545
vt 0.187500 0.386364
vt 0.187500 0.454545
vt -0.000000 0.454545
vt 0.062500 0.386364
vt 0.062500 0.454545
vt 0.250000 0.386364
vt 0.250000 0.454545
vt 0.125000 0.386364
vt 0.125000 0.454545
vt 0.187500 0.386364
vt 0.187500 0.454545
vt -0.000000 0.454545
vt 0.062500 0.386364
vt 0.062500 0.454545
vt 0.250000 0.386364
vt 0.250000 0.454545
vt 0.125000 0.386364
vt 0.125000 0.454545
vt 0.187500 0.386364
vt 0.187500 0.454545
vt -0.000000 0.454545
vt 0.062500 0.386364
vt 0.062500 0.454545
vt 0.250000 0.386364
vt 0.250000 0.454545
vt 0.125000 0.386364
vt 0.187500 0.454545
vt 0.000000 0.522727
vt 0.000000 0.454545
vt 0.187500 0.454545
vt 0.000000 0.522727
vt 0.000000 0.454545
vt 0.187500 0.454545
vt 0.000000 0.522727
vt 0.000000 0.454545
vt 0.083333 0.113636
vt 0.083333 0.113636
vt -0.000000 0.181818
vt -0.000000 0.181818
vt 0.083333 0.113636
vt 0.083333 0.113636
vt -0.000000 0.181818
vt 0.083333 0.250000
vt -0.000000 0.386364
vt 0.062500 0.818182
vt 0.145833 0.818182
vt 0.145833 0.852273
vt 0.145833 1.000000
vt 0.062500 1.000000
vt 0.062500 0.965909
vt 0.187500 0.522727
vt 0.666667 0.909091
vt 0.666667 0.909091
vt 0.166667 0.545455
vt 0.166667 0.522727
vt 0.166667 0.545455
vt 0.166667 0.545455
vt 0.166667 0.522727
vt 0.166667 0.545455
vt 0.166667 0.522727
vt 0.166667 0.522727
vt 0.166667 0.545455
vt 0.166667 0.522727
vt 0.166667 0.545455
vt 0.166667 0.545455
vt 0.166667 0.522727
vt 0.166667 0.522727
vt 0.166667 0.545455
vt 0.166667 0.522727
vt 0.166667 0.522727
vt 0.166667 0.545455
vt 0.166667 0.522727
vt 0.166667 0.545455
vt 0.166667 0.545455
vt 0.166667 0.522727
vt 0.166667 0.522727
vt 0.166667 0.545455
vt 0.166667 0.522727
vt 0.166667 0.545455
vt 0.250000 0.784091
vt 0.250000 0.784091
vt -0.000000 0.522727
vt -0.000000 0.545455
vt -0.000000 0.522727
vt -0.000000 0.522727
vt -0.000000 0.545455
vt -0.000000 0.522727
vt -0.000000 0.545455
vt -0.000000 0.545455
vt -0.000000 0.522727
vt -0.000000 0.545455
vt -0.000000 0.522727
vt -0.000000 0.522727
vt -0.000000 0.545455
vt -0.000000 0.545455
vt -0.000000 0.522727
vt -0.000000 0.545455
vt -0.000000 0.545455
vt -0.000000 0.522727
vt -0.000000 0.545455
vt -0.000000 0.522727
vt -0.000000 0.522727
vt -0.000000 0.545455
vt -0.000000 0.545455
vt -0.000000 0.522727
vt -0.000000 0.545455
vt -0.000000 0.522727
vt -0.000000 0.386364
vt -0.000000 0.386364
vt -0.000000 0.386364
vt 0.187500 0.522727
vt 0.187500 0.522727
vt 0.187500 0.522727
vn 0.0000 1.0000 0.0000
vn 0.0000 -1.0000 0.0000
vn 0.0000 0.0000 1.0000
vn 0.0000 0.0000 -1.0000
vn -1.0000 0.0000 0.0000
vn 1.0000 0.0000 0.0000
vn 0.0000 0.7071 0.7071
vn 0.0000 0.7071 -0.7071
vn 0.0000 -0.7071 -0.7071
v 0.125000 2.750000 -1.625000
v 0.375000 2.750000 -1.375000
v 0.125000 2.750000 -1.375000
v -0.375000 2.750000 -1.625000
v -0.125000 2.750000 -1.375000
v -0.375000 2.750000 -1.375000
v 0.375000 9.750000 -1.375000
v 0.125000 9.750000 -1.625000
v 0.125000 9.750000 -1.375000
v -0.125000 9.750000 -1.375000
v -0.375000 9.750000 -1.625000
v -0.375000 9.750000 -1.375000
v 0.375000 2.750000 -1.625000
v -0.125000 9.750000 -1.625000
v -0.125000 2.750000 -1.625000
v 0.375000 9.750000 -1.625000
v 0.250000 4.875000 -1.500000
v 0.500000 4.625000 -1.500000
v 0.250000 4.625000 -1.500000
v 0.500000 4.625000 0.250000
v 0.250000 4.875000 0.250000
v 0.250000 4.625000 0.250000
v 0.500000 4.875000 0.250000
v 0.500000 4.875000 -1.500000
v -0.500000 4.875000 -1.500000
v -0.250000 4.625000 -1.500000
v -0.500000 4.625000 -1.500000
v -0.250000 4.625000 0.250000
v -0.500000 4.875000 0.250000
v -0.500000 4.625000 0.250000
v -0.250000 4.875000 0.250000
v -0.250000 4.875000 -1.500000
v 0.250000 4.875000 -0.250000
v -0.250000 4.625000 -0.250000
v 0.250000 4.625000 -0.250000
v -0.250000 4.625000 -0.500000
v 0.250000 4.875000 -0.500000
v 0.250000 4.625000 -0.500000
v 0.500000 9.125000 0.250000
v 0.250000 9.375000 0.250000
v 0.250000 9.125000 0.250000
v -0.250000 4.875000 -0.500000
v -0.250000 4.875000 -0.250000
v 0.250000 9.375000 -1.500000
v 0.500000 9.125000 -1.500000
v 0.250000 9.125000 -1.500000
v 0.500000 9.375000 0.250000
v 0.500000 9.375000 -1.500000
v -0.500000 9.375000 -1.500000
v -0.250000 9.125000 -1.500000
v -0.500000 9.125000 -1.500000
v -0.250000 9.125000 0.250000
v -0.500000 9.375000 0.250000
v -0.500000 9.125000 0.250000
v -0.250000 9.375000 0.250000
v -0.250000 9.375000 -1.500000
v 0.250000 9.375000 -0.250000
v -0.250000 9.125000 -0.250000
v 0.250000 9.125000 -0.250000
v -0.250000 9.125000 -0.500000
v 0.250000 9.375000 -0.500000
v 0.250000 9.125000 -0.500000
v -0.250000 9.375000 -0.500000
v -0.250000 9.375000 -0.250000
v -0.125000 9.187500 -1.437500
v 0.125000 9.187500 -1.562500
v 0.125000 9.187500 -1.437500
v -0.125000 9.312500 -1.562500
v 0.125000 9.312500 -1.437500
v 0.125000 9.312500 -1.562500
v -0.125000 9.187500 -1.562500
v -0.125000 9.312500 -1.437500
v -0.125000 8.312500 -1.437500
v 0.125000 8.187500 -1.437500
v 0.125000 8.312500 -1.437500
v -0.125000 8.187500 -1.562500
v 0.125000 8.312500 -1.562500
v 0.125000 8.187500 -1.562500
v -0.125000 8.312500 -1.562500
v -0.125000 8.187500 -1.437500
v -0.125000 7.187500 -1.437500
v 0.125000 7.187500 -1.562500
v 0.125000 7.187500 -1.437500
v -0.125000 7.312500 -1.562500
v 0.125000 7.312500 -1.437500
v 0.125000 7.312500 -1.562500
v -0.125000 4.312500 -1.437500
v 0.125000 4.187500 -1.437500
v 0.125000 4.312500 -1.437500
v -0.125000 4.187500 -1.562500
v 0.125000 4.312500 -1.562500
v 0.125000 4.187500 -1.562500
v -0.125000 3.187500 -1.562500
v 0.125000 3.312500 -1.562500
v 0.125000 3.187500 -1.562500
v -0.125000 3.312500 -1.437500
v 0.125000 3.187500 -1.437500
v 0.125000 3.312500 -1.437500
v -0.125000 3.187500 -1.437500
v -0.125000 3.312500 -1.562500
v -0.125000 7.187500 -1.562500
v -0.125000 7.312500 -1.437500
v -0.125000 6.312500 -1.437500
v 0.125000 6.187500 -1.437500
v 0.125000 6.312500 -1.437500
v -0.125000 6.187500 -1.562500
v 0.125000 6.312500 -1.562500
v 0.125000 6.187500 -1.562500
v -0.125000 6.312500 -1.562500
v -0.125000 6.187500 -1.437500
v -0.125000 5.187500 -1.437500
v 0.125000 5.187500 -1.562500
v 0.125000 5.187500 -1.437500
v -0.125000 5.312500 -1.562500
v 0.125000 5.312500 -1.437500
v 0.125000 5.312500 -1.562500
v -0.125000 5.187500 -1.562500
v -0.125000 5.312500 -1.437500
v -0.125000 4.312500 -1.562500
v -0.125000 4.187500 -1.437500
v 0.250000 4.875000 -0.875000
v 0.250000 5.625000 -1.375000
v 0.250000 4.875000 -0.625000
v -0.250000 5.625000 -1.375000
v -0.250000 4.875000 -0.875000
v -0.250000 4.875000 -0.625000
v -0.250000 8.625000 -1.375000
v -0.250000 9.125000 -0.625000
v -0.250000 9.125000 -0.875000
v 0.250000 9.125000 -0.625000
v 0.250000 8.625000 -1.375000
v 0.250000 9.125000 -0.875000
v -0.250000 4.125000 -1.375000
v -0.250000 4.625000 -0.625000
v -0.250000 4.625000 -0.875000
v 0.250000 4.625000 -0.625000
v 0.250000 4.125000 -1.375000
v 0.250000 4.625000 -0.875000
v 0.250000 5.625000 -1.375000
v 0.250000 4.875000 -0.875000
v 0.250000 4.875000 -0.625000
v -0.250000 4.875000 -0.875000
v -0.250000 5.625000 -1.375000
v -0.250000 4.875000 -0.625000
v -0.250000 9.125000 -0.625000
v -0.250000 8.625000 -1.375000
v -0.250000 9.125000 -0.875000
v 0.250000 8.625000 -1.375000
v 0.250000 9.125000 -0.625000
v 0.250000 9.125000 -0.875000
v -0.250000 4.625000 -0.625000
v -0.250000 4.125000 -1.375000
v -0.250000 4.625000 -0.875000
v 0.250000 4.125000 -1.375000
v 0.250000 4.625000 -0.625000
v 0.250000 4.625000 -0.875000
v 0.250000 5.375000 -1.375000
v -0.250000 5.375000 -1.375000
v -0.250000 8.375000 -1.375000
v 0.250000 8.375000 -1.375000
v -0.250000 3.875000 -1.375000
v 0.250000 3.875000 -1.375000
v 0.250000 5.375000 -1.375000
v -0.250000 5.375000 -1.375000
v -0.250000 8.375000 -1.375000
v 0.250000 8.375000 -1.375000
v -0.250000 3.875000 -1.375000
v 0.250000 3.875000 -1.375000
vt 0.708333 0.227273
vt 0.666667 0.204545
vt 0.708333 0.204545
vt 0.708333 0.227273
vt 0.666667 0.204545
vt 0.708333 0.204545
vt 0.666667 0.886364
vt 0.708333 0.863636
vt 0.708333 0.886364
vt 0.666667 0.886364
vt 0.708333 0.863636
vt 0.708333 0.886364
vt 0.833333 0.227273
vt 0.791667 0.863636
vt 0.791667 0.227273
vt 0.750000 0.227273
vt 0.666667 0.863636
vt 0.666667 0.227273
vt 0.791667 0.227273
vt 0.750000 0.863636
vt 0.750000 0.227273
vt 0.666667 0.863636
vt 0.666667 0.227273
vt 0.750000 0.863636
vt 0.833333 0.227273
vt 0.791667 0.863636
vt 0.875000 0.022727
vt 0.833333 -0.000000
vt 0.875000 -0.000000
vt 0.833333 0.204545
vt 0.875000 0.181818
vt 0.875000 0.204545
vt 0.916667 0.022727
vt 0.833333 0.181818
vt 0.833333 0.022727
vt 0.958333 0.022727
vt 0.916667 0.181818
vt 1.000000 0.022727
vt 0.958333 0.181818
vt 0.875000 0.022727
vt 0.833333 -0.000000
vt 0.875000 -0.000000
vt 0.833333 0.204545
vt 0.875000 0.181818
vt 0.875000 0.204545
vt 0.916667 0.022727
vt 0.833333 0.181818
vt 0.833333 0.022727
vt 0.958333 0.022727
vt 0.916667 0.181818
vt 1.000000 0.022727
vt 0.958333 0.181818
vt 0.875000 0.250000
vt 0.958333 0.272727
vt 0.875000 0.272727
vt 0.958333 0.204545
vt 0.875000 0.227273
vt 0.875000 0.204545
vt 0.958333 0.181818
vt 0.875000 0.181818
vt 0.833333 0.204545
vt 0.875000 0.181818
vt 0.875000 0.204545
vt 0.958333 0.227273
vt 0.958333 0.250000
vt 0.875000 0.022727
vt 0.833333 -0.000000
vt 0.875000 -0.000000
vt 0.916667 0.022727
vt 0.833333 0.181818
vt 0.833333 0.022727
vt 0.958333 0.022727
vt 0.916667 0.181818
vt 1.000000 0.022727
vt 0.958333 0.181818
vt 0.875000 0.022727
vt 0.833333 -0.000000
vt 0.875000 -0.000000
vt 0.833333 0.204545
vt 0.875000 0.181818
vt 0.875000 0.204545
vt 0.916667 0.022727
vt 0.833333 0.181818
vt 0.833333 0.022727
vt 0.958333 0.022727
vt 0.916667 0.181818
vt 1.000000 0.022727
vt 0.958333 0.181818
vt 0.875000 0.250000
vt 0.958333 0.272727
vt 0.875000 0.272727
vt 0.958333 0.204545
vt 0.875000 0.227273
vt 0.875000 0.204545
vt 0.958333 0.181818
vt 0.875000 0.181818
vt 0.958333 0.227273
vt 0.958333 0.250000
vt 0.708333 0.159091
vt 0.666667 0.170455
vt 0.666667 0.159091
vt 0.708333 0.181818
vt 0.666667 0.193182
vt 0.666667 0.181818
vt 0.708333 0.170455
vt 0.708333 0.193182
vt 0.666667 0.204545
vt 0.708333 0.193182
vt 0.666667 0.204545
vt 0.666667 0.193182
vt 0.708333 0.170455
vt 0.666667 0.181818
vt 0.666667 0.170455
vt 0.708333 0.181818
vt 0.708333 0.159091
vt 0.666667 0.159091
vt 0.708333 0.159091
vt 0.666667 0.170455
vt 0.666667 0.159091
vt 0.708333 0.181818
vt 0.666667 0.193182
vt 0.666667 0.181818
vt 0.708333 0.193182
vt 0.666667 0.204545
vt 0.666667 0.193182
vt 0.708333 0.170455
vt 0.666667 0.181818
vt 0.666667 0.170455
vt 0.708333 0.170455
vt 0.666667 0.181818
vt 0.666667 0.170455
vt 0.708333 0.193182
vt 0.666667 0.204545
vt 0.666667 0.193182
vt 0.708333 0.159091
vt 0.666667 0.159091
vt 0.708333 0.181818
vt 0.708333 0.170455
vt 0.708333 0.193182
vt 0.666667 0.204545
vt 0.708333 0.193182
vt 0.666667 0.204545
vt 0.666667 0.193182
vt 0.708333 0.170455
vt 0.666667 0.181818
vt 0.666667 0.170455
vt 0.708333 0.181818
vt 0.708333 0.159091
vt 0.666667 0.159091
vt 0.708333 0.159091
vt 0.666667 0.170455
vt 0.666667 0.159091
vt 0.708333 0.181818
vt 0.666667 0.193182
vt 0.666667 0.181818
vt 0.708333 0.170455
vt 0.708333 0.193182
vt 0.666667 0.204545
vt 0.708333 0.181818
vt 0.708333 0.159091
vt 0.666667 0.159091
vt 0.875000 0.272727
vt 0.958333 0.340909
vt 0.833333 0.272727
vt 0.833333 0.272727
vt 0.958333 0.318182
vt 0.958333 0.340909
vt 0.958333 0.318182
vt 0.833333 0.272727
vt 0.875000 0.272727
vt 0.958333 0.340909
vt 0.875000 0.272727
vt 0.958333 0.318182
vt 0.958333 0.318182
vt 0.833333 0.272727
vt 0.875000 0.272727
vt 0.958333 0.340909
vt 0.875000 0.272727
vt 0.958333 0.318182
vt 0.958333 0.340909
vt 0.875000 0.272727
vt 0.833333 0.272727
vt 0.958333 0.318182
vt 0.833333 0.272727
vt 0.958333 0.340909
vt 0.833333 0.272727
vt 0.958333 0.318182
vt 0.875000 0.272727
vt 0.875000 0.272727
vt 0.958333 0.340909
vt 0.958333 0.318182
vt 0.833333 0.272727
vt 0.958333 0.318182
vt 0.875000 0.272727
vt 0.875000 0.272727
vt 0.958333 0.340909
vt 0.958333 0.318182
vt 0.833333 0.863636
vt 0.833333 0.863636
vt 1.000000 0.181818
vt 1.000000 0.181818
vt 1.000000 0.181818
vt 1.000000 0.181818
vt 0.708333 0.204545
vt 0.708333 0.204545
vt 0.708333 0.204545
vt 0.708333 0.204545
vt 0.708333 0.204545
vt 0.708333 0.204545
vt 0.708333 0.204545
vt 0.958333 0.318182
vt 0.875000 0.272727
vt 0.958333 0.340909
vt 0.833333 0.272727
vt 0.958333 0.340909
vt 0.833333 0.272727
vt 0.958333 0.318182
vt 0.875000 0.272727
vt 0.958333 0.340909
vt 0.833333 0.272727
vt 0.958333 0.340909
vt 0.833333 0.272727
vn 0.0000 -1.0000 0.0000
vn 0.0000 1.0000 0.0000
vn 1.0000 0.0000 0.0000
vn -1.0000 0.0000 0.0000
vn 0.0000 0.0000 -1.0000
vn 0.0000 -0.0000 1.0000
v 0.000000 10.375000 0.375000
v 0.000000 10.375000 0.000000
v 0.000000 10.500000 0.000000
v 0.000000 10.250000 0.375000
v 0.000000 10.375000 1.062500
v 0.000000 10.250000 1.062500
v 0.000000 10.375000 1.437500
v 0.000000 10.500000 1.437500
v 0.000000 10.375000 0.000000
v 0.000000 10.375000 0.375000
v 0.000000 10.500000 0.000000
v 0.000000 10.375000 1.062500
v 0.000000 10.250000 0.375000
v 0.000000 10.250000 1.062500
v 0.000000 10.375000 1.437500
v 0.000000 10.500000 1.437500
vt 0.593750 0.920455
vt 0.656250 0.909091
vt 0.656250 0.920455
vt 0.593750 0.909091
vt 0.479167 0.920455
vt 0.479167 0.909091
vt 0.416667 0.909091
vt 0.416667 0.920455
vt 0.656250 0.909091
vt 0.593750 0.920455
vt 0.656250 0.920455
vt 0.479167 0.920455
vt 0.593750 0.909091
vt 0.479167 0.909091
vt 0.416667 0.909091
vt 0.416667 0.920455
vn 1.0000 0.0000 0.0000
vn -1.0000 0.0000 0.0000
v 0.187500 3.750000 -1.437500
v 0.187500 2.750000 -1.562500
v 0.187500 2.750000 -1.437500
v 0.312500 3.750000 -1.562500
v 0.312500 2.750000 -1.437500
v 0.312500 2.750000 -1.562500
v 0.375000 2.750000 -1.375000
v 0.125000 2.750000 -1.625000
v 0.125000 2.750000 -1.375000
v -0.125000 2.750000 -1.375000
v -0.375000 2.750000 -1.625000
v -0.375000 2.750000 -1.375000
v -0.125000 1.250000 -1.625000
v -0.125000 1.250000 -1.375000
v -0.375000 1.250000 -1.375000
v -0.375000 1.250000 -1.625000
v 0.375000 1.250000 -1.625000
v 0.375000 1.250000 -1.375000
v 0.125000 1.250000 -1.375000
v 0.125000 1.250000 -1.625000
v -0.125000 2.750000 -1.625000
v 0.375000 2.750000 -1.625000
v 0.187500 3.750000 -1.562500
v 0.312500 3.750000 -1.437500
v -0.312500 3.750000 -1.437500
v -0.312500 2.750000 -1.562500
v -0.312500 2.750000 -1.437500
v -0.187500 3.750000 -1.562500
v -0.187500 2.750000 -1.437500
v -0.187500 2.750000 -1.562500
v -0.312500 3.750000 -1.562500
v -0.187500 3.750000 -1.437500
v -0.125000 2.187500 -1.562500
v 0.125000 2.312500 -1.562500
v 0.125000 2.187500 -1.562500
v -0.125000 2.312500 -1.437500
v 0.125000 2.187500 -1.437500
v 0.125000 2.312500 -1.437500
v -0.125000 2.187500 -1.437500
v -0.125000 2.312500 -1.562500
vt 0.750000 0.227273
vt 0.729167 0.136364
vt 0.750000 0.136364
vt 0.791667 0.227273
vt 0.770833 0.136364
vt 0.791667 0.136364
vt 0.666667 0.159091
vt 0.708333 0.136364
vt 0.708333 0.159091
vt 0.666667 0.159091
vt 0.708333 0.136364
vt 0.708333 0.159091
vt 0.833333 -0.000000
vt 0.791667 0.136364
vt 0.791667 -0.000000
vt 0.750000 -0.000000
vt 0.708333 -0.000000
vt 0.833333 -0.000000
vt 0.791667 0.136364
vt 0.791667 -0.000000
vt 0.750000 -0.000000
vt 0.708333 -0.000000
vt 0.666667 0.136364
vt 0.666667 -0.000000
vt 0.750000 0.136364
vt 0.666667 0.136364
vt 0.666667 -0.000000
vt 0.750000 0.136364
vt 0.729167 0.227273
vt 0.708333 0.136364
vt 0.770833 0.227273
vt 0.750000 0.227273
vt 0.729167 0.136364
vt 0.750000 0.136364
vt 0.791667 0.227273
vt 0.770833 0.136364
vt 0.791667 0.136364
vt 0.729167 0.227273
vt 0.708333 0.136364
vt 0.770833 0.227273
vt 0.708333 0.170455
vt 0.666667 0.181818
vt 0.666667 0.170455
vt 0.708333 0.193182
vt 0.666667 0.204545
vt 0.666667 0.193182
vt 0.708333 0.159091
vt 0.666667 0.159091
vt 0.708333 0.181818
vt 0.833333 0.136364
vt 0.833333 0.136364
vt 0.708333 0.227273
vt 0.708333 0.227273
vt 0.708333 0.204545
vn -1.0000 0.0000 0.0000
vn 1.0000 0.0000 0.0000
vn 0.0000 1.0000 0.0000
vn 0.0000 0.0000 -1.0000
vn 0.0000 -0.0000 1.0000
vn 0.0000 -1.0000 0.0000
o atlas_erector
usemtl launcher_material
f 2706/4061/399 2707/4062/399 2708/4063/399
f 2709/4064/399 2710/4065/399 2711/4066/399
f 2712/4067/399 2713/4068/399 2714/4069/399
f 2715/4070/399 2716/4071/399 2717/4072/399
f 2718/4073/400 2719/4074/400 2720/4075/400
f 2721/4076/400 2722/4077/400 2723/4078/400
f 2724/4079/400 2725/4080/400 2726/4081/400
f 2727/4082/400 2728/4083/400 2729/4084/400
f 2713/4085/401 2726/4086/401 2714/4087/401
f 2730/4088/402 2718/4089/402 2707/4090/402
f 2731/4091/402 2724/4092/402 2713/4085/402
f 2706/4061/403 2732/4093/403 2730/4094/403
f 2712/4067/403 2733/4095/403 2731/4096/403
f 2711/4097/404 2722/4077/404 2709/4064/404
f 2717/4098/404 2728/4083/404 2715/4070/404
f 2710/4099/401 2723/4100/401 2711/4097/401
f 2716/4101/401 2729/4102/401 2717/4098/401
f 2734/4103/402 2721/4104/402 2710/4099/402
f 2735/4105/402 2727/4106/402 2716/4101/402
f 2709/4064/403 2736/4107/403 2734/4108/403
f 2708/4109/404 2719/4074/404 2706/4061/404
f 2715/4070/403 2737/4110/403 2735/4111/403
f 2714/4087/404 2725/4080/404 2712/4067/404
f 2707/4090/401 2720/4112/401 2708/4109/401
f 2738/4113/400 2739/4114/400 2740/4115/400
f 2741/4116/399 2742/4117/399 2743/4118/399
f 2738/4113/403 2744/4119/403 2745/4120/403
f 2739/4114/401 2743/4121/401 2740/4115/401
f 2746/4122/403 2747/4123/403 2748/4124/403
f 2749/4125/401 2750/4126/401 2751/4127/401
f 2746/4128/399 2752/4129/399 2750/4130/399
f 2746/4128/399 2753/4131/399 2754/4132/399
f 2746/4133/405 2755/4134/405 2756/4135/405
f 2747/4123/400 2751/4136/400 2748/4124/400
f 2757/4137/404 2758/4138/404 2759/4139/404
f 2760/4140/402 2761/4141/402 2762/4142/402
f 2763/4143/401 2760/4144/401 2758/4145/401
f 2757/4146/399 2764/4147/399 2763/4148/399
f 2751/4136/400 2755/4134/400 2748/4124/400
f 2758/4138/400 2762/4149/400 2759/4139/400
f 2765/4150/402 2755/4134/402 2766/4151/402
f 2767/4152/404 2768/4153/404 2769/4154/404
f 2750/4126/406 2767/4152/406 2751/4127/406
f 2765/4155/399 2752/4129/399 2756/4156/399
f 2766/4157/401 2768/4158/401 2765/4159/401
f 2755/4134/400 2769/4160/400 2766/4151/400
f 2753/4161/407 2762/4142/407 2761/4141/407
f 2747/4123/400 2762/4149/400 2749/4162/400
f 2754/4163/408 2759/4139/408 2747/4164/408
f 2761/4165/399 2754/4132/399 2753/4131/399
f 2770/4166/400 2771/4167/400 2772/4168/400
f 2773/4169/399 2774/4170/399 2775/4171/399
f 2770/4166/403 2776/4172/403 2777/4173/403
f 2771/4167/401 2775/4174/401 2772/4168/401
f 2778/4175/402 2779/4176/402 2780/4177/402
f 2781/4178/404 2782/4179/404 2783/4180/404
f 2780/4177/400 2784/4181/400 2781/4178/400
f 2783/4180/399 2785/4182/399 2778/4183/399
f 2786/4184/402 2787/4185/402 2788/4186/402
f 2789/4187/404 2790/4188/404 2791/4189/404
f 2788/4186/400 2792/4190/400 2789/4187/400
f 2791/4189/399 2793/4191/399 2786/4192/399
f 2794/4193/400 2795/4194/400 2796/4195/400
f 2797/4196/399 2798/4197/399 2799/4198/399
f 2794/4193/403 2800/4199/403 2801/4200/403
f 2795/4194/401 2799/4201/401 2796/4195/401
f 2802/4202/403 2803/4203/403 2804/4204/403
f 2805/4205/401 2806/4206/401 2807/4207/401
f 2802/4208/399 2808/4209/399 2806/4210/399
f 2802/4208/399 2809/4211/399 2810/4212/399
f 2802/4213/405 2811/4214/405 2812/4215/405
f 2803/4203/400 2807/4216/400 2804/4204/400
f 2813/4217/404 2814/4218/404 2815/4219/404
f 2816/4220/402 2817/4221/402 2818/4222/402
f 2819/4223/401 2816/4224/401 2814/4225/401
f 2813/4226/399 2820/4227/399 2819/4228/399
f 2807/4216/400 2811/4214/400 2804/4204/400
f 2814/4218/400 2818/4229/400 2815/4219/400
f 2821/4230/402 2811/4214/402 2822/4231/402
f 2823/4232/404 2824/4233/404 2825/4234/404
f 2806/4206/406 2823/4232/406 2807/4207/406
f 2821/4235/399 2808/4209/399 2812/4236/399
f 2822/4237/401 2824/4238/401 2821/4239/401
f 2811/4214/400 2825/4240/400 2822/4231/400
f 2809/4241/407 2818/4222/407 2817/4221/407
f 2803/4203/400 2818/4229/400 2805/4242/400
f 2810/4243/408 2815/4219/408 2803/4244/408
f 2817/4245/399 2810/4212/399 2809/4211/399
f 2826/4246/400 2827/4247/400 2828/4248/400
f 2829/4249/399 2830/4250/399 2831/4251/399
f 2826/4246/403 2832/4252/403 2833/4253/403
f 2827/4247/401 2831/4254/401 2828/4248/401
f 2834/4255/402 2835/4256/402 2836/4257/402
f 2837/4258/404 2838/4259/404 2839/4260/404
f 2836/4257/400 2840/4261/400 2837/4258/400
f 2839/4260/399 2841/4262/399 2834/4263/399
f 2842/4264/402 2843/4265/402 2844/4266/402
f 2845/4267/404 2846/4268/404 2847/4269/404
f 2844/4266/400 2848/4270/400 2845/4267/400
f 2847/4269/399 2849/4271/399 2842/4272/399
f 2850/4273/400 2851/4274/400 2852/4275/400
f 2853/4276/399 2854/4277/399 2855/4278/399
f 2850/4273/403 2856/4279/403 2857/4280/403
f 2851/4274/401 2855/4281/401 2852/4275/401
f 2858/4282/403 2859/4283/403 2860/4284/403
f 2861/4285/401 2862/4286/401 2863/4287/401
f 2858/4288/399 2864/4289/399 2862/4290/399
f 2858/4288/399 2865/4291/399 2866/4292/399
f 2858/4293/405 2867/4294/405 2868/4295/405
f 2859/4283/400 2863/4296/400 2860/4284/400
f 2869/4297/404 2870/4298/404 2871/4299/404
f 2872/4300/402 2873/4301/402 2874/4302/402
f 2875/4303/401 2872/4300/401 2870/4304/401
f 2869/4305/399 2876/4306/399 2875/4307/399
f 2863/4296/400 2867/4294/400 2860/4284/400
f 2870/4298/400 2874/4308/400 2871/4299/400
f 2877/4309/402 2867/4294/402 2878/4310/402
f 2879/4311/404 2880/4312/404 2881/4313/404
f 2862/4286/406 2879/4311/406 2863/4287/406
f 2877/4314/399 2864/4289/399 2868/4315/399
f 2878/4316/401 2880/4312/401 2877/4317/401
f 2867/4294/400 2881/4318/400 2878/4310/400
f 2865/4319/407 2874/4302/407 2873/4301/407
f 2859/4283/400 2874/4308/400 2861/4320/400
f 2866/4321/408 2871/4299/408 2859/4322/408
f 2873/4323/399 2866/4292/399 2865/4291/399
f 2882/4324/400 2883/4325/400 2884/4326/400
f 2885/4327/399 2886/4328/399 2887/4329/399
f 2882/4324/403 2888/4330/403 2889/4331/403
f 2883/4325/401 2887/4332/401 2884/4326/401
f 2890/4333/402 2891/4334/402 2892/4335/402
f 2893/4336/404 2894/4337/404 2895/4338/404
f 2892/4335/400 2896/4339/400 2893/4336/400
f 2895/4338/399 2897/4340/399 2890/4341/399
f 2898/4342/402 2899/4343/402 2900/4344/402
f 2901/4345/404 2902/4346/404 2903/4347/404
f 2900/4344/400 2904/4348/400 2901/4345/400
f 2903/4347/399 2905/4349/399 2898/4350/399
f 2906/4351/403 2907/4352/403 2908/4353/403
f 2909/4354/403 2910/4355/403 2911/4356/403
f 2912/4357/403 2913/4358/403 2914/4359/403
f 2915/4360/403 2916/4361/403 2917/4362/403
f 2918/4363/403 2919/4364/403 2920/4365/403
f 2921/4366/403 2922/4367/403 2923/4368/403
f 2924/4369/403 2925/4370/403 2926/4371/403
f 2927/4372/403 2928/4373/403 2929/4374/403
f 2930/4375/401 2931/4376/401 2932/4377/401
f 2933/4378/401 2934/4379/401 2935/4380/401
f 2936/4381/401 2937/4382/401 2938/4383/401
f 2939/4384/401 2940/4385/401 2941/4386/401
f 2942/4387/401 2943/4388/401 2944/4389/401
f 2945/4390/401 2946/4391/401 2947/4392/401
f 2948/4393/401 2949/4394/401 2950/4395/401
f 2951/4396/401 2952/4397/401 2953/4398/401
f 2954/4399/403 2955/4400/403 2956/4401/403
f 2957/4402/403 2958/4403/403 2959/4404/403
f 2960/4405/401 2961/4406/401 2962/4407/401
f 2963/4408/401 2964/4409/401 2965/4410/401
f 2966/4411/402 2967/4412/402 2968/4413/402
f 2969/4414/402 2970/4415/402 2971/4416/402
f 2972/4417/402 2973/4418/402 2974/4419/402
f 2975/4420/402 2976/4421/402 2977/4422/402
f 2978/4423/402 2979/4424/402 2980/4425/402
f 2981/4426/402 2982/4427/402 2983/4428/402
f 2984/4429/402 2985/4430/402 2986/4431/402
f 2987/4432/402 2988/4433/402 2989/4434/402
f 2990/4435/402 2991/4436/402 2992/4437/402
f 2993/4438/402 2994/4439/402 2995/4440/402
f 2996/4441/404 2997/4442/404 2998/4443/404
f 2999/4444/404 3000/4445/404 3001/4446/404
f 3002/4447/404 3003/4448/404 3004/4449/404
f 3005/4450/404 3006/4451/404 3007/4452/404
f 3008/4453/404 3009/4454/404 3010/4455/404
f 3011/4456/404 3012/4457/404 3013/4458/404
f 3014/4459/404 3015/4460/404 3016/4461/404
f 3017/4462/404 3018/4463/404 3019/4464/404
f 3020/4465/404 3021/4466/404 3022/4467/404
f 3023/4468/404 3024/4469/404 3025/4470/404
f 3026/4471/401 3027/4472/401 3028/4473/401
f 3029/4474/401 3030/4475/401 3031/4476/401
f 3032/4477/401 3033/4478/401 3034/4479/401
f 3035/4480/401 3036/4481/401 3037/4482/401
f 3038/4483/401 3039/4484/401 3040/4485/401
f 3041/4486/401 3042/4487/401 3043/4488/401
f 3044/4489/401 3045/4490/401 3046/4491/401
f 3047/4492/401 3048/4493/401 3049/4494/401
f 3050/4495/403 3051/4496/403 3052/4497/403
f 3053/4498/403 3054/4499/403 3055/4500/403
f 3056/4501/403 3057/4502/403 3058/4503/403
f 3059/4504/403 3060/4505/403 3061/4506/403
f 3062/4507/403 3063/4508/403 3064/4509/403
f 3065/4510/403 3066/4511/403 3067/4512/403
f 3068/4513/403 3069/4514/403 3070/4515/403
f 3071/4516/403 3072/4517/403 3073/4518/403
f 3074/4519/401 3075/4520/401 3076/4521/401
f 3077/4522/401 3078/4523/401 3079/4524/401
f 3080/4525/403 3081/4526/403 3082/4527/403
f 3083/4528/403 3084/4529/403 3085/4530/403
f 3086/4531/404 3087/4532/404 3088/4533/404
f 3089/4534/404 3090/4535/404 3091/4536/404
f 3092/4537/404 3093/4538/404 3094/4539/404
f 3095/4540/404 3096/4541/404 3097/4542/404
f 3098/4543/404 3099/4544/404 3100/4545/404
f 3101/4546/404 3102/4547/404 3103/4548/404
f 3104/4549/404 3105/4550/404 3106/4551/404
f 3107/4552/404 3108/4553/404 3109/4554/404
f 3110/4555/404 3111/4556/404 3112/4557/404
f 3113/4558/404 3114/4559/404 3115/4560/404
f 3116/4561/402 3117/4562/402 3118/4563/402
f 3119/4564/402 3120/4565/402 3121/4566/402
f 3122/4567/402 3123/4568/402 3124/4569/402
f 3125/4570/402 3126/4571/402 3127/4572/402
f 3128/4573/402 3129/4574/402 3130/4575/402
f 3131/4576/402 3132/4577/402 3133/4578/402
f 3134/4579/402 3135/4580/402 3136/4581/402
f 3137/4582/402 3138/4583/402 3139/4584/402
f 3140/4585/402 3141/4586/402 3142/4587/402
f 3143/4588/402 3144/4589/402 3145/4590/402
f 2706/4061/399 2730/4094/399 2707/4062/399
f 2709/4064/399 2734/4108/399 2710/4065/399
f 2712/4067/399 2731/4096/399 2713/4068/399
f 2715/4070/399 2735/4111/399 2716/4071/399
f 2718/4073/400 2732/4093/400 2719/4074/400
f 2721/4076/400 2736/4107/400 2722/4077/400
f 2724/4079/400 2733/4095/400 2725/4080/400
f 2727/4082/400 2737/4110/400 2728/4083/400
f 2713/4085/401 2724/4092/401 2726/4086/401
f 2730/4088/402 2732/4591/402 2718/4089/402
f 2731/4091/402 2733/4592/402 2724/4092/402
f 2706/4061/403 2719/4074/403 2732/4093/403
f 2712/4067/403 2725/4080/403 2733/4095/403
f 2711/4097/404 2723/4100/404 2722/4077/404
f 2717/4098/404 2729/4102/404 2728/4083/404
f 2710/4099/401 2721/4104/401 2723/4100/401
f 2716/4101/401 2727/4106/401 2729/4102/401
f 2734/4103/402 2736/4593/402 2721/4104/402
f 2735/4105/402 2737/4594/402 2727/4106/402
f 2709/4064/403 2722/4077/403 2736/4107/403
f 2708/4109/404 2720/4112/404 2719/4074/404
f 2715/4070/403 2728/4083/403 2737/4110/403
f 2714/4087/404 2726/4086/404 2725/4080/404
f 2707/4090/401 2718/4089/401 2720/4112/401
f 2738/4113/400 2745/4120/400 2739/4114/400
f 2741/4116/399 2744/4119/399 2742/4117/399
f 2738/4113/403 2742/4117/403 2744/4119/403
f 2739/4114/401 2741/4595/401 2743/4121/401
f 2746/4122/403 2754/4596/403 2747/4123/403
f 2749/4125/401 2753/4161/401 2750/4126/401
f 2746/4128/399 2756/4156/399 2752/4129/399
f 2746/4128/399 2750/4130/399 2753/4131/399
f 2746/4133/405 2748/4597/405 2755/4134/405
f 2747/4123/400 2749/4162/400 2751/4136/400
f 2757/4137/404 2763/4598/404 2758/4138/404
f 2760/4140/402 2764/4599/402 2761/4141/402
f 2763/4143/401 2764/4600/401 2760/4144/401
f 2757/4146/399 2761/4165/399 2764/4147/399
f 2751/4136/400 2767/4601/400 2755/4134/400
f 2758/4138/400 2760/4602/400 2762/4149/400
f 2765/4150/402 2756/4135/402 2755/4134/402
f 2767/4152/404 2752/4603/404 2768/4153/404
f 2750/4126/406 2752/4603/406 2767/4152/406
f 2765/4155/399 2768/4604/399 2752/4129/399
f 2766/4157/401 2769/4605/401 2768/4158/401
f 2755/4134/400 2767/4601/400 2769/4160/400
f 2753/4161/407 2749/4125/407 2762/4142/407
f 2747/4123/400 2759/4139/400 2762/4149/400
f 2754/4163/408 2757/4137/408 2759/4139/408
f 2761/4165/399 2757/4146/399 2754/4132/399
f 2770/4166/400 2777/4173/400 2771/4167/400
f 2773/4169/399 2776/4172/399 2774/4170/399
f 2770/4166/403 2774/4170/403 2776/4172/403
f 2771/4167/401 2773/4606/401 2775/4174/401
f 2778/4175/402 2785/4607/402 2779/4176/402
f 2781/4178/404 2784/4181/404 2782/4179/404
f 2780/4177/400 2779/4176/400 2784/4181/400
f 2783/4180/399 2782/4179/399 2785/4182/399
f 2786/4184/402 2793/4608/402 2787/4185/402
f 2789/4187/404 2792/4190/404 2790/4188/404
f 2788/4186/400 2787/4185/400 2792/4190/400
f 2791/4189/399 2790/4188/399 2793/4191/399
f 2794/4193/400 2801/4200/400 2795/4194/400
f 2797/4196/399 2800/4199/399 2798/4197/399
f 2794/4193/403 2798/4197/403 2800/4199/403
f 2795/4194/401 2797/4609/401 2799/4201/401
f 2802/4202/403 2810/4610/403 2803/4203/403
f 2805/4205/401 2809/4241/401 2806/4206/401
f 2802/4208/399 2812/4236/399 2808/4209/399
f 2802/4208/399 2806/4210/399 2809/4211/399
f 2802/4213/405 2804/4611/405 2811/4214/405
f 2803/4203/400 2805/4242/400 2807/4216/400
f 2813/4217/404 2819/4612/404 2814/4218/404
f 2816/4220/402 2820/4613/402 2817/4221/402
f 2819/4223/401 2820/4614/401 2816/4224/401
f 2813/4226/399 2817/4245/399 2820/4227/399
f 2807/4216/400 2823/4615/400 2811/4214/400
f 2814/4218/400 2816/4616/400 2818/4229/400
f 2821/4230/402 2812/4215/402 2811/4214/402
f 2823/4232/404 2808/4617/404 2824/4233/404
f 2806/4206/406 2808/4617/406 2823/4232/406
f 2821/4235/399 2824/4618/399 2808/4209/399
f 2822/4237/401 2825/4619/401 2824/4238/401
f 2811/4214/400 2823/4615/400 2825/4240/400
f 2809/4241/407 2805/4205/407 2818/4222/407
f 2803/4203/400 2815/4219/400 2818/4229/400
f 2810/4243/408 2813/4217/408 2815/4219/408
f 2817/4245/399 2813/4226/399 2810/4212/399
f 2826/4246/400 2833/4253/400 2827/4247/400
f 2829/4249/399 2832/4252/399 2830/4250/399
f 2826/4246/403 2830/4250/403 2832/4252/403
f 2827/4247/401 2829/4620/401 2831/4254/401
f 2834/4255/402 2841/4621/402 2835/4256/402
f 2837/4258/404 2840/4261/404 2838/4259/404
f 2836/4257/400 2835/4256/400 2840/4261/400
f 2839/4260/399 2838/4259/399 2841/4262/399
f 2842/4264/402 2849/4622/402 2843/4265/402
f 2845/4267/404 2848/4270/404 2846/4268/404
f 2844/4266/400 2843/4265/400 2848/4270/400
f 2847/4269/399 2846/4268/399 2849/4271/399
f 2850/4273/400 2857/4280/400 2851/4274/400
f 2853/4276/399 2856/4279/399 2854/4277/399
f 2850/4273/403 2854/4277/403 2856/4279/403
f 2851/4274/401 2853/4623/401 2855/4281/401
f 2858/4282/403 2866/4624/403 2859/4283/403
f 2861/4285/401 2865/4319/401 2862/4286/401
f 2858/4288/399 2868/4315/399 2864/4289/399
f 2858/4288/399 2862/4290/399 2865/4291/399
f 2858/4293/405 2860/4625/405 2867/4294/405
f 2859/4283/400 2861/4320/400 2863/4296/400
f 2869/4297/404 2875/4626/404 2870/4298/404
f 2872/4300/402 2876/4627/402 2873/4301/402
f 2875/4303/401 2876/4627/401 2872/4300/401
f 2869/4305/399 2873/4323/399 2876/4306/399
f 2863/4296/400 2879/4628/400 2867/4294/400
f 2870/4298/400 2872/4629/400 2874/4308/400
f 2877/4309/402 2868/4295/402 2867/4294/402
f 2879/4311/404 2864/4630/404 2880/4312/404
f 2862/4286/406 2864/4630/406 2879/4311/406
f 2877/4314/399 2880/4631/399 2864/4289/399
f 2878/4316/401 2881/4313/401 2880/4312/401
f 2867/4294/400 2879/4628/400 2881/4318/400
f 2865/4319/407 2861/4285/407 2874/4302/407
f 2859/4283/400 2871/4299/400 2874/4308/400
f 2866/4321/408 2869/4297/408 2871/4299/408
f 2873/4323/399 2869/4305/399 2866/4292/399
f 2882/4324/400 2889/4331/400 2883/4325/400
f 2885/4327/399 2888/4330/399 2886/4328/399
f 2882/4324/403 2886/4328/403 2888/4330/403
f 2883/4325/401 2885/4632/401 2887/4332/401
f 2890/4333/402 2897/4633/402 2891/4334/402
f 2893/4336/404 2896/4339/404 2894/4337/404
f 2892/4335/400 2891/4334/400 2896/4339/400
f 2895/4338/399 2894/4337/399 2897/4340/399
f 2898/4342/402 2905/4634/402 2899/4343/402
f 2901/4345/404 2904/4348/404 2902/4346/404
f 2900/4344/400 2899/4343/400 2904/4348/400
f 2903/4347/399 2902/4346/399 2905/4349/399
f 2906/4351/403 3146/4635/403 2907/4352/403
f 2909/4354/403 3147/4636/403 2910/4355/403
f 2912/4357/403 3148/4637/403 2913/4358/403
f 2915/4360/403 3149/4638/403 2916/4361/403
f 2918/4363/403 3150/4639/403 2919/4364/403
f 2921/4366/403 3151/4640/403 2922/4367/403
f 2924/4369/403 3152/4641/403 2925/4370/403
f 2927/4372/403 3153/4642/403 2928/4373/403
f 2930/4375/401 3154/4643/401 2931/4376/401
f 2933/4378/401 3155/4644/401 2934/4379/401
f 2936/4381/401 3156/4645/401 2937/4382/401
f 2939/4384/401 3157/4646/401 2940/4385/401
f 2942/4387/401 3158/4647/401 2943/4388/401
f 2945/4390/401 3159/4648/401 2946/4391/401
f 2948/4393/401 3160/4649/401 2949/4394/401
f 2951/4396/401 3161/4650/401 2952/4397/401
f 2954/4399/403 3162/4651/403 2955/4400/403
f 2957/4402/403 3163/4652/403 2958/4403/403
f 2960/4405/401 3164/4653/401 2961/4406/401
f 2963/4408/401 3165/4654/401 2964/4409/401
f 2966/4411/402 3166/4655/402 2967/4412/402
f 2969/4414/402 3167/4656/402 2970/4415/402
f 2972/4417/402 3168/4657/402 2973/4418/402
f 2975/4420/402 3169/4658/402 2976/4421/402
f 2978/4423/402 3170/4659/402 2979/4424/402
f 2981/4426/402 3171/4660/402 2982/4427/402
f 2984/4429/402 3172/4661/402 2985/4430/402
f 2987/4432/402 3173/4662/402 2988/4433/402
f 2990/4435/402 3174/4663/402 2991/4436/402
f 2993/4438/402 3175/4664/402 2994/4439/402
f 2996/4441/404 3176/4665/404 2997/4442/404
f 2999/4444/404 3177/4666/404 3000/4445/404
f 3002/4447/404 3178/4667/404 3003/4448/404
f 3005/4450/404 3179/4668/404 3006/4451/404
f 3008/4453/404 3180/4669/404 3009/4454/404
f 3011/4456/404 3181/4670/404 3012/4457/404
f 3014/4459/404 3182/4671/404 3015/4460/404
f 3017/4462/404 3183/4672/404 3018/4463/404
f 3020/4465/404 3184/4673/404 3021/4466/404
f 3023/4468/404 3185/4674/404 3024/4469/404
f 3026/4471/401 3186/4675/401 3027/4472/401
f 3029/4474/401 3187/4676/401 3030/4475/401
f 3032/4477/401 3188/4677/401 3033/4478/401
f 3035/4480/401 3189/4678/401 3036/4481/401
f 3038/4483/401 3190/4679/401 3039/4484/401
f 3041/4486/401 3191/4680/401 3042/4487/401
f 3044/4489/401 3192/4681/401 3045/4490/401
f 3047/4492/401 3193/4682/401 3048/4493/401
f 3050/4495/403 3194/4683/403 3051/4496/403
f 3053/4498/403 3195/4684/403 3054/4499/403
f 3056/4501/403 3196/4685/403 3057/4502/403
f 3059/4504/403 3197/4686/403 3060/4505/403
f 3062/4507/403 3198/4687/403 3063/4508/403
f 3065/4510/403 3199/4688/403 3066/4511/403
f 3068/4513/403 3200/4689/403 3069/4514/403
f 3071/4516/403 3201/4690/403 3072/4517/403
f 3074/4519/401 3202/4691/401 3075/4520/401
f 3077/4522/401 3203/4692/401 3078/4523/401
f 3080/4525/403 3204/4693/403 3081/4526/403
f 3083/4528/403 3205/4694/403 3084/4529/403
f 3086/4531/404 3206/4695/404 3087/4532/404
f 3089/4534/404 3207/4696/404 3090/4535/404
f 3092/4537/404 3208/4697/404 3093/4538/404
f 3095/4540/404 3209/4698/404 3096/4541/404
f 3098/4543/404 3210/4699/404 3099/4544/404
f 3101/4546/404 3211/4700/404 3102/4547/404
f 3104/4549/404 3212/4701/404 3105/4550/404
f 3107/4552/404 3213/4702/404 3108/4553/404
f 3110/4555/404 3214/4703/404 3111/4556/404
f 3113/4558/404 3215/4704/404 3114/4559/404
f 3116/4561/402 3216/4705/402 3117/4562/402
f 3119/4564/402 3217/4706/402 3120/4565/402
f 3122/4567/402 3218/4707/402 3123/4568/402
f 3125/4570/402 3219/4708/402 3126/4571/402
f 3128/4573/402 3220/4709/402 3129/4574/402
f 3131/4576/402 3221/4710/402 3132/4577/402
f 3134/4579/402 3222/4711/402 3135/4580/402
f 3137/4582/402 3223/4712/402 3138/4583/402
f 3140/4585/402 3224/4713/402 3141/4586/402
f 3143/4588/402 3225/4714/402 3144/4589/402
