mtllib atlas_pad.mtl
v 4.500000 -0.000000 4.500000
v 4.500000 1.000000 0.500000
v 4.500000 1.000000 4.500000
v -4.500000 1.000000 0.500000
v 4.500000 -0.000000 0.500000
v -4.500000 -0.000000 0.500000
v -4.500000 1.000000 4.500000
v -4.500000 0.000000 -4.500000
v 4.500000 1.000000 -4.500000
v 4.500000 0.000000 -4.500000
v -4.500000 -0.000000 4.500000
v 4.500000 1.000000 -0.500000
v -4.500000 0.000000 -0.500000
v 4.500000 0.000000 -0.500000
v -4.500000 1.000000 -0.500000
v -4.500000 1.000000 -4.500000
v 0.500000 1.000000 -0.500000
v 4.500000 1.000000 0.500000
v 4.500000 1.000000 -0.500000
v -4.500000 1.000000 0.500000
v -0.500000 1.000000 -0.500000
v -4.500000 1.000000 -0.500000
v 0.500000 1.000000 0.250000
v 4.500000 0.750000 0.500000
v 0.500000 0.750000 0.500000
v 0.500000 1.000000 -0.250000
v 4.500000 1.000000 0.250000
v 0.500000 0.750000 -0.500000
v 4.500000 1.000000 -0.250000
v -4.500000 0.750000 0.500000
v -4.500000 1.000000 0.500000
v -4.500000 1.000000 0.250000
v -4.500000 0.750000 -0.500000
v -4.500000 1.000000 -0.250000
v -4.500000 1.000000 -0.500000
v 4.500000 1.000000 0.500000
v 4.500000 0.750000 -0.500000
v 4.500000 1.000000 -0.500000
v 0.500000 1.000000 -0.500000
v 0.500000 1.000000 0.500000
v -0.500000 0.750000 -0.500000
v -0.500000 1.000000 -0.500000
v -0.500000 1.000000 -0.250000
v -0.500000 0.750000 0.500000
v -0.500000 1.000000 0.250000
v -0.500000 1.000000 0.500000
v 0.500000 -0.000000 0.500000
v 0.000000 0.500000 -0.500000
v 0.000000 0.500000 0.500000
v -0.500000 0.000000 -0.500000
v -0.500000 -0.000000 0.500000
v 0.500000 0.000000 -0.500000
v 0.500000 1.000000 0.500000
v -0.500000 1.000000 0.500000
vt 0.000000 0.473684
vt 0.400000 0.526316
vt 0.000000 0.526316
vt 0.900000 0.526316
vt 0.000000 0.473684
vt 0.900000 0.473684
vt 0.400000 1.000000
vt 0.000000 1.000000
vt 0.900000 0.473684
vt -0.000000 0.526316
vt -0.000000 0.473684
vt 0.900000 0.473684
vt -0.000000 0.526316
vt -0.000000 0.473684
vt 0.900000 0.526316
vt 0.500000 0.473684
vt 0.900000 0.473684
vt 0.000000 0.000000
vt 0.400000 0.473684
vt 0.900000 0.526316
vt -0.000000 0.473684
vt 0.900000 0.473684
vt 0.900000 0.526316
vt 0.500000 0.473684
vt 0.900000 0.473684
vt 0.000000 0.473684
vt 0.400000 0.526316
vt 0.000000 0.526316
vt 0.900000 1.000000
vt 0.500000 0.526316
vt 0.500000 0.000000
vt 0.900000 0.000000
vt 0.500000 0.736842
vt 0.400000 0.526316
vt 0.500000 0.526316
vt 0.400000 1.000000
vt 0.500000 0.789474
vt 0.500000 1.000000
vt 0.925000 0.539474
vt 0.900000 0.750000
vt 0.900000 0.539474
vt 0.975000 0.539474
vt 0.925000 0.750000
vt 1.000000 0.539474
vt 0.975000 0.750000
vt 1.000000 0.763158
vt 1.000000 0.776316
vt 0.975000 0.776316
vt 0.900000 0.763158
vt 0.925000 0.776316
vt 0.900000 0.776316
vt 1.000000 0.763158
vt 0.975000 0.750000
vt 1.000000 0.750000
vt 0.900000 0.763158
vt 0.900000 0.750000
vt 0.925000 0.750000
vt 0.900000 0.526316
vt 0.925000 0.539474
vt 0.900000 0.539474
vt 1.000000 0.526316
vt 1.000000 0.539474
vt 0.975000 0.539474
vt 0.900000 1.000000
vt 0.900000 0.986842
vt 0.925000 0.986842
vt 1.000000 1.000000
vt 0.975000 0.986842
vt 1.000000 0.986842
vt 1.000000 0.776316
vt 0.975000 0.986842
vt 0.975000 0.776316
vt 0.925000 0.986842
vt 0.925000 0.776316
vt 0.900000 0.986842
vt 0.900000 0.776316
vt 0.900000 0.473684
vt 1.000000 0.500000
vt 0.900000 0.500000
vt 1.000000 0.526316
vt 0.900000 0.526316
vt 1.000000 0.473684
vt 0.900000 0.421053
vt 1.000000 0.421053
vt 0.000000 0.526316
vt 0.900000 0.526316
vt 0.900000 0.526316
vt 0.500000 0.526316
vt 0.400000 0.000000
vt -0.000000 0.526316
vt 0.400000 0.473684
vt 0.500000 1.000000
vt 0.400000 0.736842
vt 0.400000 0.789474
vt 1.000000 0.750000
vt 1.000000 0.986842
vn 1.0000 0.0000 0.0000
vn 0.0000 0.0000 -1.0000
vn 0.0000 1.0000 0.0000
vn 0.0000 0.0000 1.0000
vn -1.0000 0.0000 0.0000
vn 0.0000 -1.0000 -0.0000
vn 0.0000 -0.7071 -0.7071
vn 0.0000 -0.7071 0.7071
vn 0.7071 0.7071 0.0000
vn -0.7071 0.7071 0.0000
v -0.500000 7.750000 0.125000
v -0.750000 7.750000 -0.125000
v -0.750000 7.750000 0.125000
v 0.750000 7.750000 0.125000
v 0.500000 7.750000 -0.125000
v 0.500000 7.750000 0.125000
v -0.750000 4.250000 -0.125000
v -0.500000 4.250000 0.125000
v -0.750000 4.250000 0.125000
v 0.500000 4.250000 -0.125000
v 0.750000 4.250000 0.125000
v 0.500000 4.250000 0.125000
v 0.500000 2.750000 -1.875000
v 0.750000 2.750000 -1.625000
v 0.500000 2.750000 -1.625000
v -0.750000 2.750000 -1.875000
v -0.500000 2.750000 -1.625000
v -0.750000 2.750000 -1.625000
v 0.750000 7.750000 -1.625000
v 0.500000 7.750000 -1.875000
v 0.500000 7.750000 -1.625000
v -0.500000 7.750000 -1.625000
v -0.750000 7.750000 -1.875000
v -0.750000 7.750000 -1.625000
v -0.500000 2.750000 -1.875000
v 0.750000 2.750000 -1.875000
v -0.500000 7.750000 -1.875000
v 0.750000 7.750000 -1.875000
v -0.500000 4.250000 -0.125000
v 0.750000 4.250000 -0.125000
v -0.500000 7.750000 -0.125000
v 0.750000 7.750000 -0.125000
v -0.500000 7.250000 -0.125000
v -0.250000 7.250000 -0.625000
v -0.750000 7.250000 -0.125000
v 0.750000 7.250000 -0.125000
v 0.250000 7.250000 -0.375000
v 0.500000 7.250000 -0.125000
v 0.250000 7.250000 -0.625000
v -0.250000 5.000000 -0.625000
v 0.250000 5.000000 -0.375000
v 0.250000 5.000000 -0.625000
v 0.750000 5.000000 -0.125000
v 0.500000 5.000000 -0.125000
v -0.500000 5.000000 -0.125000
v -0.750000 5.000000 -0.125000
v -0.250000 5.000000 -0.375000
v 0.250000 4.750000 -0.375000
v -0.750000 4.750000 -0.125000
v 0.500000 4.750000 -0.125000
v -0.250000 4.750000 -0.625000
v -0.250000 4.750000 -0.375000
v 0.250000 4.750000 -0.625000
v 0.750000 4.750000 -0.125000
v -0.500000 4.750000 -0.125000
v 0.750000 7.375000 -1.625000
v 0.750000 7.625000 -0.125000
v 0.750000 7.375000 -0.125000
v 0.500000 7.375000 -1.625000
v 0.500000 7.375000 -0.125000
v 0.500000 7.625000 -1.625000
v 0.500000 7.625000 -0.125000
v -0.500000 7.375000 -1.625000
v -0.500000 7.625000 -0.125000
v -0.500000 7.375000 -0.125000
v -0.750000 7.375000 -1.625000
v -0.750000 7.375000 -0.125000
v -0.750000 7.625000 -1.625000
v -0.750000 7.625000 -0.125000
v 0.750000 4.375000 -1.625000
v 0.750000 4.625000 -0.125000
v 0.750000 4.375000 -0.125000
v 0.500000 4.375000 -1.625000
v 0.500000 4.375000 -0.125000
v 0.500000 4.625000 -1.625000
v 0.500000 4.625000 -0.125000
v -0.500000 4.375000 -1.625000
v -0.500000 4.625000 -0.125000
v -0.500000 4.375000 -0.125000
v -0.750000 4.375000 -1.625000
v -0.750000 4.375000 -0.125000
v -0.750000 4.625000 -1.625000
v -0.750000 4.625000 -0.125000
v 0.750000 5.875000 -1.625000
v 0.750000 6.125000 -0.125000
v 0.750000 5.875000 -0.125000
v 0.500000 5.875000 -1.625000
v 0.500000 5.875000 -0.125000
v 0.500000 6.125000 -1.625000
v 0.500000 6.125000 -0.125000
v -0.500000 5.875000 -1.625000
v -0.500000 6.125000 -0.125000
v -0.500000 5.875000 -0.125000
v -0.750000 5.875000 -1.625000
v -0.750000 5.875000 -0.125000
v -0.750000 6.125000 -1.625000
v -0.750000 6.125000 -0.125000
v 0.500000 7.125000 -1.812500
v -0.500000 6.375000 -1.812500
v 0.500000 7.375000 -1.812500
v -0.500000 7.125000 -1.687500
v 0.500000 6.375000 -1.687500
v 0.500000 6.125000 -1.687500
v 0.500000 5.625000 -1.812500
v -0.500000 4.875000 -1.812500
v 0.500000 5.875000 -1.812500
v -0.500000 5.625000 -1.687500
v 0.500000 4.875000 -1.687500
v 0.500000 4.625000 -1.687500
v 0.500000 4.125000 -1.812500
v -0.500000 3.375000 -1.812500
v 0.500000 4.375000 -1.812500
v -0.500000 4.125000 -1.687500
v 0.500000 3.375000 -1.687500
v 0.500000 3.125000 -1.687500
v -0.250000 7.250000 -0.375000
v 0.250000 7.000000 -0.375000
v -0.750000 7.000000 -0.125000
v 0.500000 7.000000 -0.125000
v -0.250000 7.000000 -0.625000
v -0.250000 7.000000 -0.375000
v 0.250000 7.000000 -0.625000
v 0.750000 7.000000 -0.125000
v -0.500000 7.000000 -0.125000
v -0.500000 6.375000 -1.812500
v 0.500000 7.125000 -1.812500
v 0.500000 7.375000 -1.812500
v -0.500000 7.125000 -1.687500
v 0.500000 6.375000 -1.687500
v -0.500000 7.375000 -1.687500
v -0.500000 4.875000 -1.812500
v 0.500000 5.625000 -1.812500
v 0.500000 5.875000 -1.812500
v -0.500000 5.625000 -1.687500
v 0.500000 4.875000 -1.687500
v -0.500000 5.875000 -1.687500
v -0.500000 3.375000 -1.812500
v 0.500000 4.125000 -1.812500
v 0.500000 4.375000 -1.812500
v -0.500000 4.125000 -1.687500
v 0.500000 3.375000 -1.687500
v -0.500000 4.375000 -1.687500
v 0.750000 7.625000 -1.625000
v -0.500000 7.625000 -1.625000
v 0.750000 4.625000 -1.625000
v -0.500000 4.625000 -1.625000
v 0.750000 6.125000 -1.625000
v -0.500000 6.125000 -1.625000
v -0.500000 6.125000 -1.812500
v -0.500000 7.375000 -1.687500
v -0.500000 4.625000 -1.812500
v -0.500000 5.875000 -1.687500
v -0.500000 3.125000 -1.812500
v -0.500000 4.375000 -1.687500
v -0.500000 6.125000 -1.812500
v 0.500000 6.125000 -1.687500
v -0.500000 4.625000 -1.812500
v 0.500000 4.625000 -1.687500
v -0.500000 3.125000 -1.812500
v 0.500000 3.125000 -1.687500
vt 0.918367 0.421053
vt 0.938776 0.394737
vt 0.938776 0.421053
vt 0.918367 0.421053
vt 0.938776 0.394737
vt 0.938776 0.421053
vt 0.938776 0.026316
vt 0.918367 -0.000000
vt 0.938776 -0.000000
vt 0.938776 0.026316
vt 0.918367 -0.000000
vt 0.938776 -0.000000
vt 0.857143 0.263158
vt 0.836735 0.236842
vt 0.857143 0.236842
vt 0.857143 0.263158
vt 0.836735 0.236842
vt 0.857143 0.236842
vt 0.836735 0.815789
vt 0.857143 0.789474
vt 0.857143 0.815789
vt 0.836735 0.815789
vt 0.857143 0.789474
vt 0.857143 0.815789
vt 0.918367 0.263158
vt 0.897959 0.789474
vt 0.897959 0.263158
vt 0.877551 0.263158
vt 0.918367 0.263158
vt 0.897959 0.789474
vt 0.897959 0.263158
vt 0.877551 0.263158
vt 0.836735 0.789474
vt 0.836735 0.263158
vt 0.877551 0.789474
vt 0.836735 0.789474
vt 0.836735 0.263158
vt 0.877551 0.789474
vt 1.000000 0.026316
vt 0.979592 0.394737
vt 0.979592 0.026316
vt 0.959184 0.026316
vt 1.000000 0.026316
vt 0.979592 0.394737
vt 0.979592 0.026316
vt 0.959184 0.026316
vt 0.918367 0.394737
vt 0.918367 0.026316
vt 0.959184 0.394737
vt 0.918367 0.394737
vt 0.918367 0.026316
vt 0.959184 0.394737
vt 0.653061 0.763158
vt 0.632653 0.710526
vt 0.673469 0.763158
vt 0.551020 0.763158
vt 0.591837 0.736842
vt 0.571429 0.763158
vt 0.591837 0.710526
vt 0.632653 0.710526
vt 0.591837 0.736842
vt 0.591837 0.710526
vt 0.551020 0.763158
vt 0.571429 0.763158
vt 0.653061 0.763158
vt 0.673469 0.763158
vt 0.632653 0.763158
vt 0.591837 0.789474
vt 0.591837 0.763158
vt 0.673469 0.684211
vt 0.673469 0.710526
vt 0.571429 0.789474
vt 0.632653 0.684211
vt 0.632653 0.789474
vt 0.551020 0.710526
vt 0.591149 0.684899
vt 0.551020 0.631579
vt 0.591837 0.657895
vt 0.632653 0.657895
vt 0.653061 0.631579
vt 0.918367 0.421053
vt 0.938776 0.578947
vt 0.918367 0.578947
vt 0.979592 0.421053
vt 1.000000 0.578947
vt 0.979592 0.578947
vt 0.959184 0.421053
vt 0.959184 0.578947
vt 0.918367 0.421053
vt 0.938776 0.578947
vt 0.918367 0.578947
vt 0.979592 0.421053
vt 1.000000 0.578947
vt 0.979592 0.578947
vt 0.959184 0.421053
vt 0.959184 0.578947
vt 0.918367 0.421053
vt 0.938776 0.578947
vt 0.918367 0.578947
vt 0.979592 0.421053
vt 1.000000 0.578947
vt 0.979592 0.578947
vt 0.959184 0.421053
vt 0.959184 0.578947
vt 0.918367 0.421053
vt 0.938776 0.578947
vt 0.918367 0.578947
vt 0.979592 0.421053
vt 1.000000 0.578947
vt 0.979592 0.578947
vt 0.959184 0.421053
vt 0.959184 0.578947
vt 0.918367 0.421053
vt 0.938776 0.578947
vt 0.918367 0.578947
vt 0.979592 0.421053
vt 1.000000 0.578947
vt 0.979592 0.578947
vt 0.959184 0.421053
vt 0.959184 0.578947
vt 0.918367 0.421053
vt 0.938776 0.578947
vt 0.918367 0.578947
vt 0.979592 0.421053
vt 1.000000 0.578947
vt 0.979592 0.578947
vt 0.959184 0.421053
vt 0.959184 0.578947
vt 0.918367 0.578947
vt 1.000000 0.605263
vt 0.918367 0.605263
vt 1.000000 0.578947
vt 0.918367 0.605263
vt 0.918367 0.578947
vt 0.918367 0.578947
vt 1.000000 0.605263
vt 0.918367 0.605263
vt 1.000000 0.578947
vt 0.918367 0.605263
vt 0.918367 0.578947
vt 0.918367 0.578947
vt 1.000000 0.605263
vt 0.918367 0.605263
vt 1.000000 0.578947
vt 0.918367 0.605263
vt 0.918367 0.578947
vt 0.632653 0.763158
vt 0.591837 0.789474
vt 0.591837 0.763158
vt 0.673469 0.684211
vt 0.673469 0.710526
vt 0.571429 0.789474
vt 0.632653 0.684211
vt 0.632653 0.789474
vt 0.551020 0.710526
vt 0.591149 0.684899
vt 0.551020 0.631579
vt 0.591837 0.657895
vt 0.632653 0.657895
vt 0.653061 0.631579
vt 1.000000 0.605263
vt 0.918367 0.578947
vt 0.918367 0.605263
vt 1.000000 0.578947
vt 0.918367 0.605263
vt 1.000000 0.605263
vt 1.000000 0.605263
vt 0.918367 0.578947
vt 0.918367 0.605263
vt 1.000000 0.578947
vt 0.918367 0.605263
vt 1.000000 0.605263
vt 1.000000 0.605263
vt 0.918367 0.578947
vt 0.918367 0.605263
vt 1.000000 0.578947
vt 0.918367 0.605263
vt 1.000000 0.605263
vt 0.918367 0.789474
vt 0.918367 0.789474
vt 1.000000 0.394737
vt 1.000000 0.394737
vt 0.632653 0.736842
vt 0.632653 0.736842
vt 0.653061 0.789474
vt 0.551020 0.684211
vt 0.571429 0.631579
vt 0.673469 0.631579
vt 0.938776 0.421053
vt 1.000000 0.421053
vt 0.938776 0.421053
vt 1.000000 0.421053
vt 0.938776 0.421053
vt 1.000000 0.421053
vt 0.938776 0.421053
vt 1.000000 0.421053
vt 0.938776 0.421053
vt 1.000000 0.421053
vt 0.938776 0.421053
vt 1.000000 0.421053
vt 1.000000 0.578947
vt 1.000000 0.605263
vt 1.000000 0.578947
vt 1.000000 0.605263
vt 1.000000 0.578947
vt 1.000000 0.605263
vt 0.653061 0.789474
vt 0.551020 0.684211
vt 0.571429 0.631579
vt 0.673469 0.631579
vt 1.000000 0.578947
vt 0.918367 0.578947
vt 1.000000 0.578947
vt 0.918367 0.578947
vt 1.000000 0.578947
vt 0.918367 0.578947
vn 0.0000 1.0000 0.0000
vn 0.0000 -1.0000 0.0000
vn 1.0000 0.0000 0.0000
vn -1.0000 0.0000 0.0000
vn 0.0000 0.0000 -1.0000
vn 0.0000 -0.0000 1.0000
vn -0.7071 0.0000 -0.7071
vn -0.7071 -0.0000 0.7071
vn 0.7071 0.0000 0.7071
vn 0.7071 0.0000 -0.7071
v 0.750000 2.750000 -1.625000
v 0.500000 2.750000 -1.875000
v 0.500000 2.750000 -1.625000
v 0.750000 1.250000 -1.875000
v 0.750000 1.250000 -1.625000
v 0.500000 1.250000 -1.625000
v 0.500000 1.250000 -1.875000
v 0.750000 2.750000 -1.875000
v -0.500000 2.750000 -1.625000
v -0.750000 2.750000 -1.875000
v -0.750000 2.750000 -1.625000
v -0.500000 1.250000 -1.875000
v -0.500000 1.250000 -1.625000
v -0.750000 1.250000 -1.625000
v -0.750000 1.250000 -1.875000
v -0.500000 2.750000 -1.875000
v 0.687500 2.750000 -1.812500
v 0.687500 3.750000 -1.687500
v 0.687500 2.750000 -1.687500
v 0.562500 2.750000 -1.687500
v 0.562500 3.750000 -1.812500
v 0.562500 2.750000 -1.812500
v 0.687500 3.750000 -1.812500
v 0.562500 3.750000 -1.687500
v -0.562500 2.750000 -1.812500
v -0.562500 3.750000 -1.687500
v -0.562500 2.750000 -1.687500
v -0.687500 2.750000 -1.687500
v -0.687500 3.750000 -1.812500
v -0.687500 2.750000 -1.812500
v -0.562500 3.750000 -1.812500
v -0.687500 3.750000 -1.687500
vt 0.836735 0.184211
vt 0.857143 0.157895
vt 0.857143 0.184211
vt 0.918367 -0.000000
vt 0.897959 0.157895
vt 0.897959 -0.000000
vt 0.877551 -0.000000
vt 0.857143 -0.000000
vt 0.836735 0.157895
vt 0.836735 -0.000000
vt 0.877551 0.157895
vt 0.836735 0.184211
vt 0.857143 0.157895
vt 0.857143 0.184211
vt 0.918367 -0.000000
vt 0.897959 0.157895
vt 0.897959 -0.000000
vt 0.877551 -0.000000
vt 0.857143 -0.000000
vt 0.836735 0.157895
vt 0.836735 -0.000000
vt 0.877551 0.157895
vt 0.897959 0.157895
vt 0.887755 0.263158
vt 0.887755 0.157895
vt 0.877551 0.157895
vt 0.867347 0.263158
vt 0.867347 0.157895
vt 0.857143 0.263158
vt 0.857143 0.157895
vt 0.877551 0.263158
vt 0.897959 0.157895
vt 0.887755 0.263158
vt 0.887755 0.157895
vt 0.877551 0.157895
vt 0.867347 0.263158
vt 0.867347 0.157895
vt 0.857143 0.263158
vt 0.857143 0.157895
vt 0.877551 0.263158
vt 0.918367 0.157895
vt 0.918367 0.157895
vt 0.897959 0.263158
vt 0.897959 0.263158
vn 0.0000 1.0000 0.0000
vn 1.0000 0.0000 0.0000
vn -1.0000 0.0000 0.0000
vn 0.0000 0.0000 -1.0000
vn 0.0000 -0.0000 1.0000
v 0.000000 8.875000 1.750000
v 0.000000 8.875000 1.375000
v 0.000000 9.000000 1.750000
v 0.000000 8.875000 0.375000
v 0.000000 8.875000 0.000000
v 0.000000 9.000000 0.000000
v 0.000000 8.750000 1.375000
v 0.000000 8.875000 1.750000
v 0.000000 8.875000 1.375000
v 0.000000 8.750000 1.375000
v 0.000000 8.875000 0.000000
v 0.000000 8.875000 0.375000
v 0.000000 9.000000 0.000000
v 0.000000 8.750000 0.375000
v 0.000000 9.000000 1.750000
v 0.000000 8.750000 0.375000
v 0.312500 2.062500 2.062500
v 0.362056 2.049556 2.044194
v 0.356694 2.062500 2.044194
v 0.250000 2.062500 2.000000
v 0.299556 1.987056 2.044194
v 0.268306 2.062500 2.044194
v 0.312500 2.062500 1.937500
v 0.299556 1.987056 1.955806
v 0.268306 2.062500 1.955806
v 0.362056 2.049556 1.955806
v 0.330806 2.018306 1.937500
v 0.330806 2.018306 2.062500
v 0.286612 1.974112 2.000000
v 0.375000 2.000000 1.937500
v 0.375000 2.000000 2.062500
v 0.375000 1.955806 1.955806
v 0.375000 1.937500 2.000000
v 0.375000 2.044194 2.044194
v 0.375000 1.955806 2.044194
v 0.375000 2.062500 2.000000
v 0.356694 2.062500 1.955806
v 0.375000 2.044194 1.955806
v 0.500000 2.062500 2.000000
v 0.500000 2.044194 1.955806
v 0.500000 2.000000 1.937500
v 0.500000 2.000000 2.062500
v 0.500000 1.955806 1.955806
v 0.500000 1.937500 2.000000
v 0.500000 2.044194 2.044194
v 0.500000 1.955806 2.044194
v 0.375000 5.312500 2.000000
v 0.312500 5.312500 2.062500
v 0.250000 5.312500 2.000000
v 0.312500 5.312500 1.937500
v 0.356694 5.312500 1.955806
v 0.356694 5.312500 2.044194
v 0.268306 5.312500 2.044194
v 0.268306 5.312500 1.955806
v 0.250000 4.562500 0.250000
v 0.268306 4.518306 2.000000
v 0.250000 4.562500 2.000000
v 0.312500 4.625000 0.250000
v 0.268306 4.606694 2.000000
v 0.312500 4.625000 2.000000
v 0.356694 4.606694 0.250000
v 0.356694 4.606694 2.000000
v 0.356694 4.518306 0.250000
v 0.375000 4.562500 2.000000
v 0.356694 4.518306 2.000000
v 0.268306 4.518306 0.250000
v 0.312500 4.500000 2.000000
v 0.268306 4.606694 0.250000
v 0.375000 4.562500 0.250000
v 0.312500 4.500000 0.250000
v 0.356694 5.387944 2.012944
v 0.268306 5.387944 2.012944
v 0.268306 5.325444 1.950444
v 0.356694 5.325444 1.950444
v 0.375000 5.356694 1.981694
v 0.312500 5.400888 2.025888
v 0.250000 5.356694 1.981694
v 0.250000 5.375000 1.937500
v 0.268306 5.330806 1.937500
v 0.375000 5.375000 1.937500
v 0.312500 5.437500 1.937500
v 0.268306 5.419194 1.937500
v 0.356694 5.419194 1.937500
v 0.356694 5.330806 1.937500
v 0.312500 5.312500 0.187500
v 0.356694 5.330806 0.187500
v 0.375000 5.375000 0.187500
v 0.312500 5.437500 0.187500
v 0.250000 5.375000 0.187500
v 0.356694 5.419194 0.187500
v 0.268306 5.419194 0.187500
v 0.268306 5.330806 0.187500
vt 0.408163 0.631579
vt 0.438776 0.644737
vt 0.408163 0.644737
vt 0.520408 0.644737
vt 0.551020 0.631579
vt 0.551020 0.644737
vt 0.438776 0.631579
vt 0.408163 0.631579
vt 0.438776 0.644737
vt 0.438776 0.631579
vt 0.551020 0.631579
vt 0.520408 0.644737
vt 0.551020 0.644737
vt 0.520408 0.631579
vt 0.408163 0.644737
vt 0.520408 0.631579
vt 0.816327 0.342105
vt 0.821429 0.335526
vt 0.821429 0.342105
vt 0.806122 0.342105
vt 0.811224 0.335526
vt 0.811224 0.342105
vt 0.795918 0.342105
vt 0.801020 0.335526
vt 0.801020 0.342105
vt 0.836735 0.342105
vt 0.831633 0.335526
vt 0.836735 0.335526
vt 0.816327 0.335526
vt 0.806122 0.335526
vt 0.836735 0.328947
vt 0.816327 0.328947
vt 0.801020 0.328947
vt 0.806122 0.328947
vt 0.821429 0.328947
vt 0.811224 0.328947
vt 0.795918 0.328947
vt 0.826531 0.335526
vt 0.831633 0.342105
vt 0.831633 0.328947
vt 0.826531 0.315789
vt 0.831633 0.315789
vt 0.836735 0.315789
vt 0.826531 0.328947
vt 0.816327 0.315789
vt 0.801020 0.315789
vt 0.806122 0.315789
vt 0.821429 0.315789
vt 0.811224 0.315789
vt 0.826531 0.684211
vt 0.826531 0.342105
vt 0.816327 0.684211
vt 0.806122 0.684211
vt 0.795918 0.684211
vt 0.831633 0.684211
vt 0.821429 0.684211
vt 0.811224 0.684211
vt 0.801020 0.684211
vt 0.806122 0.828947
vt 0.801020 0.697368
vt 0.806122 0.697368
vt 0.816327 0.828947
vt 0.811224 0.697368
vt 0.816327 0.697368
vt 0.821429 0.828947
vt 0.821429 0.697368
vt 0.831633 0.828947
vt 0.826531 0.697368
vt 0.831633 0.697368
vt 0.801020 0.828947
vt 0.795918 0.697368
vt 0.811224 0.828947
vt 0.826531 0.828947
vt 0.836735 0.828947
vt 0.836735 0.697368
vt 0.821429 0.690789
vt 0.811224 0.690789
vt 0.801020 0.690789
vt 0.831633 0.690789
vt 0.826531 0.690789
vt 0.816327 0.690789
vt 0.806122 0.690789
vt 0.806122 0.697368
vt 0.801020 0.697368
vt 0.826531 0.697368
vt 0.816327 0.697368
vt 0.811224 0.697368
vt 0.821429 0.697368
vt 0.795918 0.690789
vt 0.836735 0.690789
vt 0.831633 0.697368
vt 0.836735 0.828947
vt 0.831633 0.828947
vt 0.826531 0.828947
vt 0.795918 0.828947
vt 0.795918 0.697368
vt 0.816327 0.828947
vt 0.806122 0.828947
vt 0.821429 0.828947
vt 0.811224 0.828947
vt 0.801020 0.828947
vt 0.795918 0.335526
vt 0.795918 0.315789
vt 0.836735 0.684211
vt 0.795918 0.828947
vt 0.836735 0.697368
vn 1.0000 0.0000 0.0000
vn -1.0000 0.0000 0.0000
vn -0.0473 -0.0196 0.9987
vn 0.4617 0.4617 0.7574
vn 0.6737 0.1363 0.7263
vn -0.9824 -0.1866 -0.0000
vn -0.5294 -0.5294 0.6630
vn -0.7194 -0.1448 0.6794
vn -0.0473 -0.0196 -0.9987
vn -0.5294 -0.5294 -0.6630
vn -0.7194 -0.1448 -0.6794
vn 0.4617 0.4617 -0.7574
vn -0.0671 -0.0671 -0.9955
vn -0.0671 -0.0671 0.9955
vn -0.7071 -0.7071 -0.0000
vn -0.0196 -0.0473 -0.9987
vn -0.0196 -0.0473 0.9987
vn -0.1448 -0.7194 -0.6794
vn -0.1866 -0.9824 -0.0000
vn 0.1363 0.6737 0.7263
vn -0.1448 -0.7194 0.6794
vn 0.7071 0.7071 -0.0000
vn 0.6737 0.1363 -0.7263
vn 0.1363 0.6737 -0.7263
vn 0.0000 1.0000 -0.0000
vn 0.0000 0.7071 -0.7071
vn 0.0000 -0.0000 -1.0000
vn 0.0000 0.0000 1.0000
vn 0.0000 -0.7071 -0.7071
vn 0.0000 -1.0000 -0.0000
vn 0.0000 0.7071 0.7071
vn 0.0000 -0.7071 0.7071
vn 0.9987 0.0196 0.0473
vn -0.0000 0.1866 0.9824
vn -0.9987 0.0196 0.0473
vn 0.7263 -0.1363 -0.6737
vn 0.6794 0.1448 0.7194
vn -0.6794 0.1448 0.7194
vn -0.7263 -0.1363 -0.6737
vn -0.7071 0.7071 0.0000
vn 0.7071 -0.7071 0.0000
vn 0.6630 0.5294 0.5294
vn -0.6630 0.5294 0.5294
vn -0.7574 -0.4617 -0.4617
vn 0.7574 -0.4617 -0.4617
vn 0.9955 0.0671 0.0671
vn -0.9955 0.0671 0.0671
vn -0.9987 0.0473 0.0196
vn -0.7263 -0.6737 -0.1363
vn 0.9987 0.0473 0.0196
vn 0.0000 0.9824 0.1866
vn -0.6794 0.7194 0.1448
vn 0.6794 0.7194 0.1448
vn 0.7263 -0.6737 -0.1363
v 1.500000 1.500000 -1.500000
v -1.500000 1.500000 -2.000000
v -1.500000 1.500000 -1.500000
v 1.500000 1.000000 -1.500000
v -1.500000 1.000000 -1.500000
v 1.500000 1.500000 -2.000000
v -1.500000 1.000000 -2.000000
v 1.500000 1.000000 -2.000000
v -0.500000 2.000000 0.500000
v 1.500000 2.000000 1.500000
v 0.500000 2.000000 0.500000
v 1.500000 2.000000 -1.500000
v 0.500000 2.000000 -0.500000
v -1.500000 2.000000 -1.500000
v -0.500000 2.000000 -0.500000
v -1.500000 2.000000 1.500000
v 0.500000 2.000000 -0.500000
v -0.500000 2.000000 0.500000
v 0.500000 2.000000 0.500000
v 1.500000 1.750000 1.500000
v -0.500000 1.750000 0.500000
v 0.500000 1.750000 0.500000
v 1.500000 1.750000 -1.500000
v 0.500000 1.750000 -0.500000
v -1.500000 1.750000 -1.500000
v -0.500000 1.750000 -0.500000
v -1.500000 1.750000 1.500000
v 0.750000 1.125000 0.750000
v 1.250000 1.625000 0.750000
v 1.250000 1.125000 0.750000
v 1.250000 1.125000 1.250000
v 0.750000 1.625000 1.250000
v 0.750000 1.125000 1.250000
v 1.250000 1.625000 1.250000
v 0.750000 1.625000 0.750000
v 1.375000 1.625000 0.625000
v 1.375000 1.750000 1.375000
v 1.375000 1.625000 1.375000
v 1.375000 1.125000 1.375000
v 0.625000 1.125000 0.625000
v 0.625000 1.125000 1.375000
v 1.375000 1.000000 0.625000
v 1.375000 1.000000 1.375000
v 0.625000 1.000000 1.375000
v 0.625000 1.000000 0.625000
v 1.375000 1.125000 0.625000
v 0.625000 1.625000 1.375000
v 0.625000 1.750000 0.625000
v 0.625000 1.625000 0.625000
v 1.375000 1.750000 0.625000
v 0.625000 1.750000 1.375000
v 0.250000 10.000000 2.250000
v -0.250000 10.000000 1.750000
v -0.250000 10.000000 2.250000
v 0.250000 1.000000 1.750000
v 0.250000 1.000000 2.250000
v -0.250000 1.000000 2.250000
v -0.250000 1.000000 1.750000
v 0.250000 10.000000 1.750000
v 3.750000 2.750000 1.750000
v 4.000000 2.750000 1.500000
v 4.000000 2.750000 1.750000
v 3.750000 1.000000 1.750000
v 4.000000 1.000000 1.500000
v 4.000000 1.000000 1.750000
v 4.000000 1.250000 1.500000
v 3.750000 1.250000 1.750000
v 4.000000 1.250000 1.750000
v 3.750000 1.000000 1.500000
v 3.750000 1.250000 1.500000
v 4.000000 1.250000 3.250000
v 4.000000 1.000000 3.500000
v 4.000000 1.000000 3.250000
v 3.750000 1.250000 3.250000
v 3.750000 1.000000 3.250000
v 3.750000 1.250000 3.500000
v 3.750000 1.000000 3.500000
v 4.000000 1.250000 3.500000
v 0.500000 1.000000 1.750000
v 0.750000 1.000000 1.500000
v 0.750000 1.000000 1.750000
v 0.750000 1.250000 1.500000
v 0.500000 1.250000 1.750000
v 0.750000 1.250000 1.750000
v 0.500000 1.000000 1.500000
v 0.500000 1.250000 1.500000
v 0.750000 1.250000 3.250000
v 0.750000 1.000000 3.500000
v 0.750000 1.000000 3.250000
v 0.500000 1.250000 3.250000
v 0.500000 1.000000 3.250000
v 0.500000 1.250000 3.500000
v 0.500000 1.000000 3.500000
v 0.750000 1.250000 3.500000
v 4.000000 3.000000 1.500000
v 3.750000 3.000000 1.750000
v 4.000000 3.000000 1.750000
v 3.750000 2.750000 1.500000
v 3.750000 3.000000 1.500000
v 4.000000 3.000000 3.250000
v 4.000000 2.750000 3.500000
v 4.000000 2.750000 3.250000
v 3.750000 3.000000 3.250000
v 3.750000 2.750000 3.250000
v 3.750000 3.000000 3.500000
v 3.750000 2.750000 3.500000
v 4.000000 3.000000 3.500000
v 0.500000 2.750000 1.750000
v 0.750000 2.750000 1.500000
v 0.750000 2.750000 1.750000
v 0.750000 3.000000 1.500000
v 0.500000 3.000000 1.750000
v 0.750000 3.000000 1.750000
v 0.500000 2.750000 1.500000
v 0.500000 3.000000 1.500000
v 0.750000 3.000000 3.250000
v 0.750000 2.750000 3.500000
v 0.750000 2.750000 3.250000
v 0.500000 3.000000 3.250000
v 0.500000 2.750000 3.250000
v 0.500000 3.000000 3.500000
v 0.500000 2.750000 3.500000
v 0.750000 3.000000 3.500000
v 4.000000 1.000000 3.250000
v 3.875000 1.000000 1.750000
v 4.000000 1.000000 1.750000
v 3.875000 1.000000 3.250000
v 3.875000 1.125000 1.750000
v 4.000000 1.125000 3.250000
v 4.000000 1.125000 1.750000
v 3.875000 1.125000 3.250000
v 0.625000 1.000000 3.250000
v 0.500000 1.000000 1.750000
v 0.625000 1.000000 1.750000
v 0.500000 1.000000 3.250000
v 0.500000 1.125000 1.750000
v 0.625000 1.125000 3.250000
v 0.625000 1.125000 1.750000
v 0.500000 1.125000 3.250000
v 4.000000 2.875000 3.250000
v 3.875000 2.875000 1.750000
v 4.000000 2.875000 1.750000
v 3.875000 2.875000 3.250000
v 3.875000 3.000000 1.750000
v 4.000000 3.000000 3.250000
v 4.000000 3.000000 1.750000
v 3.875000 3.000000 3.250000
v 0.625000 2.875000 3.250000
v 0.500000 2.875000 1.750000
v 0.625000 2.875000 1.750000
v 0.500000 2.875000 3.250000
v 0.500000 3.000000 1.750000
v 0.625000 3.000000 3.250000
v 0.625000 3.000000 1.750000
v 0.500000 3.000000 3.250000
v 4.000000 1.250000 1.500000
v 3.875000 2.750000 1.500000
v 4.000000 2.750000 1.500000
v 3.875000 1.250000 1.500000
v 3.875000 2.750000 1.625000
v 4.000000 1.250000 1.625000
v 4.000000 2.750000 1.625000
v 3.875000 1.250000 1.625000
v 0.625000 1.250000 1.500000
v 0.500000 2.750000 1.500000
v 0.625000 2.750000 1.500000
v 0.500000 1.250000 1.500000
v 0.500000 2.750000 1.625000
v 0.625000 1.250000 1.625000
v 0.625000 2.750000 1.625000
v 0.500000 1.250000 1.625000
v 4.000000 1.250000 3.375000
v 3.875000 2.750000 3.375000
v 4.000000 2.750000 3.375000
v 3.875000 1.250000 3.375000
v 3.875000 2.750000 3.500000
v 4.000000 1.250000 3.500000
v 4.000000 2.750000 3.500000
v 3.875000 1.250000 3.500000
v 0.625000 1.250000 3.375000
v 0.500000 2.750000 3.375000
v 0.625000 2.750000 3.375000
v 0.500000 1.250000 3.375000
v 0.500000 2.750000 3.500000
v 0.625000 1.250000 3.500000
v 0.625000 2.750000 3.500000
v 0.500000 1.250000 3.500000
v 0.750000 1.000000 3.375000
v 3.750000 1.000000 3.500000
v 0.750000 1.000000 3.500000
v 0.750000 1.125000 3.375000
v 3.750000 1.000000 3.375000
v 3.750000 1.125000 3.500000
v 0.750000 1.125000 3.500000
v 0.750000 2.875000 3.375000
v 3.750000 2.875000 3.500000
v 0.750000 2.875000 3.500000
v 0.750000 3.000000 3.375000
v 3.750000 2.875000 3.375000
v 3.750000 3.000000 3.500000
v 0.750000 3.000000 3.500000
v 0.750000 1.000000 1.500000
v 3.750000 1.000000 1.625000
v 0.750000 1.000000 1.625000
v 0.750000 1.125000 1.500000
v 3.750000 1.000000 1.500000
v 3.750000 1.125000 1.625000
v 0.750000 1.125000 1.625000
v 0.750000 2.875000 1.500000
v 3.750000 2.875000 1.625000
v 0.750000 2.875000 1.625000
v 0.750000 3.000000 1.500000
v 3.750000 2.875000 1.500000
v 3.750000 3.000000 1.625000
v 0.750000 3.000000 1.625000
v 0.750000 1.125000 -1.250000
v 1.250000 1.625000 -1.250000
v 1.250000 1.125000 -1.250000
v 1.250000 1.125000 -0.750000
v 0.750000 1.625000 -0.750000
v 0.750000 1.125000 -0.750000
v 1.250000 1.625000 -0.750000
v 0.750000 1.625000 -1.250000
v 1.375000 1.625000 -1.375000
v 1.375000 1.750000 -0.625000
v 1.375000 1.625000 -0.625000
v 1.375000 1.125000 -0.625000
v 0.625000 1.125000 -1.375000
v 0.625000 1.125000 -0.625000
v 1.375000 1.000000 -1.375000
v 1.375000 1.000000 -0.625000
v 0.625000 1.000000 -0.625000
v 0.625000 1.000000 -1.375000
v 1.375000 1.125000 -1.375000
v 0.625000 1.625000 -0.625000
v 0.625000 1.750000 -1.375000
v 0.625000 1.625000 -1.375000
v 1.375000 1.750000 -1.375000
v 0.625000 1.750000 -0.625000
v -1.250000 1.125000 0.750000
v -0.750000 1.625000 0.750000
v -0.750000 1.125000 0.750000
v -0.750000 1.125000 1.250000
v -1.250000 1.625000 1.250000
v -1.250000 1.125000 1.250000
v -0.750000 1.625000 1.250000
v -1.250000 1.625000 0.750000
v -0.625000 1.625000 0.625000
v -0.625000 1.750000 1.375000
v -0.625000 1.625000 1.375000
v -0.625000 1.125000 1.375000
v -1.375000 1.125000 0.625000
v -1.375000 1.125000 1.375000
v -0.625000 1.000000 0.625000
v -0.625000 1.000000 1.375000
v -1.375000 1.000000 1.375000
v -1.375000 1.000000 0.625000
v -0.625000 1.125000 0.625000
v -1.375000 1.625000 1.375000
v -1.375000 1.750000 0.625000
v -1.375000 1.625000 0.625000
v -0.625000 1.750000 0.625000
v -1.375000 1.750000 1.375000
v -1.250000 1.125000 -1.250000
v -0.750000 1.625000 -1.250000
v -0.750000 1.125000 -1.250000
v -0.750000 1.125000 -0.750000
v -1.250000 1.625000 -0.750000
v -1.250000 1.125000 -0.750000
v -0.750000 1.625000 -0.750000
v -1.250000 1.625000 -1.250000
v -0.625000 1.625000 -1.375000
v -0.625000 1.750000 -0.625000
v -0.625000 1.625000 -0.625000
v -0.625000 1.125000 -0.625000
v -1.375000 1.125000 -1.375000
v -1.375000 1.125000 -0.625000
v -0.625000 1.000000 -1.375000
v -0.625000 1.000000 -0.625000
v -1.375000 1.000000 -0.625000
v -1.375000 1.000000 -1.375000
v -0.625000 1.125000 -1.375000
v -1.375000 1.625000 -0.625000
v -1.375000 1.750000 -1.375000
v -1.375000 1.625000 -1.375000
v -0.625000 1.750000 -1.375000
v -1.375000 1.750000 -0.625000
v -0.500000 2.000000 -0.500000
v 3.750000 1.125000 3.375000
v 3.750000 3.000000 3.375000
v 3.750000 1.125000 1.500000
v 3.750000 3.000000 1.500000
v 3.750000 2.000000 1.500000
v 0.750001 1.500000 1.633975
v 0.750001 2.000000 1.500000
v 3.750000 1.500000 1.633975
v 0.750001 1.133975 2.000000
v 3.750000 1.133975 2.000000
v 0.750001 1.000000 2.500000
v 3.750000 1.000000 2.500000
v 0.750001 1.133975 3.000000
v 3.750000 1.133975 3.000000
v 0.750001 1.500000 3.366025
v 3.750000 1.500000 3.366025
v 0.750001 2.000000 3.500000
v 3.750000 2.000000 3.500000
v 0.750001 2.500000 3.366025
v 3.750000 2.500000 3.366025
v 0.750001 2.866026 3.000000
v 3.750000 2.866026 3.000000
v 0.750001 3.000000 2.500000
v 3.750000 3.000000 2.500000
v 0.750001 2.866026 2.000000
v 4.000000 2.649519 2.875000
v 3.750000 2.866026 2.000000
v 0.750001 2.500001 1.633975
v 3.750000 2.500001 1.633975
v 0.500001 2.000000 3.250000
v 0.500001 1.625000 3.149519
v 4.000000 1.350481 2.875000
v 4.000000 1.350481 2.125000
v 4.000000 2.649520 2.125000
v 4.000000 2.000000 3.250000
v 4.000000 2.375000 3.149519
v 4.000000 1.625000 3.149519
v 4.000000 2.375001 1.850481
v 4.000000 2.000000 1.750000
v 4.000000 1.625000 1.850481
v 4.000000 1.250000 2.500000
v 4.000000 2.750000 2.500000
v 0.500001 1.250000 2.500000
v 0.500001 2.375000 3.149519
v 0.500001 2.375001 1.850481
v 0.500001 1.350481 2.875000
v 0.500001 2.000000 1.750000
v 0.500001 1.625000 1.850481
v 0.500001 1.350481 2.125000
v 0.500001 2.649520 2.125000
v 0.500001 2.750000 2.500000
v 0.500001 2.649519 2.875000
vt 0.265306 0.763158
vt 0.510204 0.710526
vt 0.510204 0.763158
vt 0.265306 0.815789
vt 0.510204 0.815789
vt 0.265306 0.710526
vt 0.510204 0.657895
vt 0.224490 0.710526
vt 0.224490 0.763158
vt 0.551020 0.710526
vt 0.551020 0.763158
vt 0.244898 0.552632
vt 0.163265 0.342105
vt 0.244898 0.447368
vt 0.408163 0.342105
vt 0.326531 0.447368
vt 0.408163 0.657895
vt 0.326531 0.552632
vt 0.163265 0.657895
vt 0.326531 0.447368
vt 0.244898 0.552632
vt 0.244898 0.447368
vt 0.163265 0.315789
vt 0.244898 0.105263
vt 0.244898 0.210526
vt 0.408163 0.315789
vt 0.326531 0.210526
vt 0.408163 -0.000000
vt 0.326531 0.105263
vt 0.163265 -0.000000
vt 0.244898 0.210526
vt 0.326531 0.184211
vt 0.326531 0.210526
vt 0.163265 0.342105
vt 0.408163 0.315789
vt 0.408163 0.342105
vt 0.244898 0.210526
vt 0.326531 0.184211
vt 0.326531 0.210526
vt 0.244898 0.210526
vt 0.326531 0.184211
vt 0.326531 0.210526
vt 0.163265 0.342105
vt 0.408163 0.315789
vt 0.408163 0.342105
vt 0.163265 0.342105
vt 0.408163 0.315789
vt 0.408163 0.342105
vt 0.244898 0.210526
vt 0.326531 0.184211
vt 0.326531 0.210526
vt 0.214286 0.750000
vt 0.173469 0.802632
vt 0.173469 0.750000
vt 0.214286 0.750000
vt 0.173469 0.802632
vt 0.173469 0.750000
vt 0.214286 0.750000
vt 0.173469 0.802632
vt 0.173469 0.750000
vt 0.214286 0.750000
vt 0.173469 0.802632
vt 0.173469 0.750000
vt 0.224490 0.881579
vt 0.163265 0.894737
vt 0.163265 0.881579
vt 0.163265 0.671053
vt 0.224490 0.750000
vt 0.163265 0.750000
vt 0.224490 0.657895
vt 0.163265 0.657895
vt 0.224490 0.657895
vt 0.163265 0.671053
vt 0.163265 0.657895
vt 0.224490 0.657895
vt 0.163265 0.671053
vt 0.163265 0.657895
vt 0.224490 0.657895
vt 0.163265 0.671053
vt 0.163265 0.657895
vt 0.224490 0.881579
vt 0.163265 0.894737
vt 0.163265 0.881579
vt 0.224490 0.881579
vt 0.163265 0.894737
vt 0.163265 0.881579
vt 0.224490 0.881579
vt 0.163265 0.894737
vt 0.163265 0.881579
vt 0.163265 0.802632
vt 0.224490 0.802632
vt 0.040816 0.947368
vt 0.081633 1.000000
vt 0.040816 1.000000
vt 0.081633 0.000000
vt 0.040816 0.000000
vt 0.163265 0.000000
vt 0.122449 0.947368
vt 0.122449 0.000000
vt 0.081633 0.947368
vt 0.000000 0.947368
vt 0.000000 0.000000
vt 0.775510 0.500000
vt 0.755102 0.473684
vt 0.775510 0.473684
vt 0.755102 0.473684
vt 0.775510 0.500000
vt 0.755102 0.500000
vt 0.755102 0.473684
vt 0.775510 0.500000
vt 0.755102 0.500000
vt 0.775510 0.473684
vt 0.755102 0.500000
vt 0.755102 0.473684
vt 0.755102 0.473684
vt 0.775510 0.473684
vt 0.755102 0.473684
vt 0.755102 0.500000
vt 0.755102 0.500000
vt 0.775510 0.473684
vt 0.755102 0.473684
vt 0.775510 0.500000
vt 0.755102 0.500000
vt 0.775510 0.500000
vt 0.755102 0.473684
vt 0.775510 0.473684
vt 0.775510 0.473684
vt 0.755102 0.500000
vt 0.755102 0.473684
vt 0.755102 0.500000
vt 0.775510 0.473684
vt 0.775510 0.473684
vt 0.755102 0.500000
vt 0.755102 0.473684
vt 0.755102 0.500000
vt 0.775510 0.473684
vt 0.775510 0.473684
vt 0.755102 0.500000
vt 0.755102 0.473684
vt 0.755102 0.500000
vt 0.775510 0.473684
vt 0.775510 0.500000
vt 0.755102 0.473684
vt 0.775510 0.473684
vt 0.755102 0.473684
vt 0.775510 0.500000
vt 0.755102 0.500000
vt 0.755102 0.500000
vt 0.775510 0.473684
vt 0.775510 0.473684
vt 0.755102 0.500000
vt 0.755102 0.473684
vt 0.775510 0.500000
vt 0.755102 0.473684
vt 0.775510 0.473684
vt 0.775510 0.473684
vt 0.755102 0.500000
vt 0.755102 0.473684
vt 0.755102 0.500000
vt 0.775510 0.473684
vt 0.775510 0.500000
vt 0.755102 0.473684
vt 0.755102 0.500000
vt 0.755102 0.473684
vt 0.775510 0.473684
vt 0.755102 0.473684
vt 0.775510 0.473684
vt 0.775510 0.500000
vt 0.755102 0.473684
vt 0.775510 0.473684
vt 0.755102 0.473684
vt 0.755102 0.500000
vt 0.755102 0.500000
vt 0.775510 0.473684
vt 0.775510 0.473684
vt 0.755102 0.500000
vt 0.755102 0.473684
vt 0.755102 0.473684
vt 0.775510 0.473684
vt 0.775510 0.473684
vt 0.755102 0.500000
vt 0.755102 0.473684
vt 0.755102 0.500000
vt 0.775510 0.473684
vt 0.775510 0.500000
vt 0.755102 0.473684
vt 0.755102 0.500000
vt 0.775510 0.500000
vt 0.755102 0.473684
vt 0.775510 0.473684
vt 0.755102 0.500000
vt 0.775510 0.473684
vt 0.775510 0.473684
vt 0.755102 0.500000
vt 0.755102 0.473684
vt 0.755102 0.500000
vt 0.775510 0.473684
vt 0.775510 0.500000
vt 0.775510 0.473684
vt 0.755102 0.500000
vt 0.755102 0.473684
vt 0.755102 0.500000
vt 0.775510 0.473684
vt 0.775510 0.473684
vt 0.755102 0.500000
vt 0.755102 0.473684
vt 0.775510 0.500000
vt 0.755102 0.473684
vt 0.775510 0.473684
vt 0.755102 0.473684
vt 0.755102 0.500000
vt 0.755102 0.500000
vt 0.775510 0.473684
vt 0.775510 0.500000
vt 0.755102 0.473684
vt 0.755102 0.500000
vt 0.775510 0.500000
vt 0.755102 0.473684
vt 0.775510 0.473684
vt 0.775510 0.473684
vt 0.755102 0.500000
vt 0.755102 0.473684
vt 0.755102 0.473684
vt 0.755102 0.500000
vt 0.755102 0.473684
vt 0.755102 0.500000
vt 0.775510 0.473684
vt 0.765306 0.315789
vt 0.775510 0.315789
vt 0.765306 0.473684
vt 0.755102 0.315789
vt 0.785714 0.473684
vt 0.785714 0.315789
vt 0.795918 0.473684
vt 0.785714 0.473684
vt 0.775510 0.315789
vt 0.785714 0.315789
vt 0.775510 0.473684
vt 0.765306 0.315789
vt 0.795918 0.473684
vt 0.755102 0.315789
vt 0.765306 0.473684
vt 0.755102 0.473684
vt 0.765306 0.473684
vt 0.755102 0.315789
vt 0.765306 0.315789
vt 0.795918 0.473684
vt 0.785714 0.315789
vt 0.795918 0.315789
vt 0.775510 0.473684
vt 0.775510 0.315789
vt 0.785714 0.473684
vt 0.795918 0.473684
vt 0.785714 0.315789
vt 0.795918 0.315789
vt 0.785714 0.473684
vt 0.775510 0.315789
vt 0.755102 0.315789
vt 0.765306 0.473684
vt 0.755102 0.473684
vt 0.765306 0.315789
vt 0.775510 0.473684
vt 0.775510 0.315789
vt 0.785714 0.473684
vt 0.775510 0.473684
vt 0.785714 0.315789
vt 0.795918 0.473684
vt 0.765306 0.315789
vt 0.765306 0.473684
vt 0.755102 0.315789
vt 0.765306 0.315789
vt 0.775510 0.473684
vt 0.765306 0.473684
vt 0.775510 0.315789
vt 0.785714 0.473684
vt 0.755102 0.315789
vt 0.795918 0.473684
vt 0.785714 0.315789
vt 0.795918 0.315789
vt 0.785714 0.315789
vt 0.795918 0.473684
vt 0.785714 0.473684
vt 0.755102 0.315789
vt 0.765306 0.473684
vt 0.755102 0.473684
vt 0.775510 0.315789
vt 0.775510 0.473684
vt 0.765306 0.315789
vt 0.755102 0.315789
vt 0.765306 0.473684
vt 0.755102 0.473684
vt 0.765306 0.315789
vt 0.775510 0.473684
vt 0.795918 0.473684
vt 0.785714 0.315789
vt 0.795918 0.315789
vt 0.785714 0.473684
vt 0.775510 0.315789
vt 0.724490 0.631579
vt 0.734694 0.315789
vt 0.734694 0.631579
vt 0.714286 0.631579
vt 0.724490 0.315789
vt 0.744898 0.315789
vt 0.755102 0.631579
vt 0.744898 0.631579
vt 0.714286 0.631579
vt 0.724490 0.315789
vt 0.724490 0.631579
vt 0.744898 0.631579
vt 0.755102 0.315789
vt 0.755102 0.631579
vt 0.734694 0.315789
vt 0.734694 0.631579
vt 0.734694 0.631579
vt 0.744898 0.315789
vt 0.744898 0.631579
vt 0.724490 0.631579
vt 0.734694 0.315789
vt 0.755102 0.315789
vt 0.714286 0.315789
vt 0.714286 0.631579
vt 0.744898 0.631579
vt 0.755102 0.315789
vt 0.755102 0.631579
vt 0.734694 0.631579
vt 0.744898 0.315789
vt 0.724490 0.315789
vt 0.714286 0.631579
vt 0.714286 0.315789
vt 0.724490 0.631579
vt 0.214286 0.750000
vt 0.173469 0.802632
vt 0.173469 0.750000
vt 0.214286 0.750000
vt 0.173469 0.802632
vt 0.173469 0.750000
vt 0.214286 0.750000
vt 0.173469 0.802632
vt 0.173469 0.750000
vt 0.214286 0.750000
vt 0.173469 0.802632
vt 0.173469 0.750000
vt 0.224490 0.881579
vt 0.163265 0.894737
vt 0.163265 0.881579
vt 0.163265 0.671053
vt 0.224490 0.750000
vt 0.163265 0.750000
vt 0.224490 0.657895
vt 0.163265 0.657895
vt 0.224490 0.657895
vt 0.163265 0.671053
vt 0.163265 0.657895
vt 0.224490 0.657895
vt 0.163265 0.671053
vt 0.163265 0.657895
vt 0.224490 0.657895
vt 0.163265 0.671053
vt 0.163265 0.657895
vt 0.224490 0.881579
vt 0.163265 0.894737
vt 0.163265 0.881579
vt 0.224490 0.881579
vt 0.163265 0.894737
vt 0.163265 0.881579
vt 0.224490 0.881579
vt 0.163265 0.894737
vt 0.163265 0.881579
vt 0.163265 0.802632
vt 0.224490 0.802632
vt 0.214286 0.750000
vt 0.173469 0.802632
vt 0.173469 0.750000
vt 0.214286 0.750000
vt 0.173469 0.802632
vt 0.173469 0.750000
vt 0.214286 0.750000
vt 0.173469 0.802632
vt 0.173469 0.750000
vt 0.214286 0.750000
vt 0.173469 0.802632
vt 0.173469 0.750000
vt 0.224490 0.881579
vt 0.163265 0.894737
vt 0.163265 0.881579
vt 0.163265 0.671053
vt 0.224490 0.750000
vt 0.163265 0.750000
vt 0.224490 0.657895
vt 0.163265 0.657895
vt 0.224490 0.657895
vt 0.163265 0.671053
vt 0.163265 0.657895
vt 0.224490 0.657895
vt 0.163265 0.671053
vt 0.163265 0.657895
vt 0.224490 0.657895
vt 0.163265 0.671053
vt 0.163265 0.657895
vt 0.224490 0.881579
vt 0.163265 0.894737
vt 0.163265 0.881579
vt 0.224490 0.881579
vt 0.163265 0.894737
vt 0.163265 0.881579
vt 0.224490 0.881579
vt 0.163265 0.894737
vt 0.163265 0.881579
vt 0.163265 0.802632
vt 0.224490 0.802632
vt 0.214286 0.750000
vt 0.173469 0.802632
vt 0.173469 0.750000
vt 0.214286 0.750000
vt 0.173469 0.802632
vt 0.173469 0.750000
vt 0.214286 0.750000
vt 0.173469 0.802632
vt 0.173469 0.750000
vt 0.214286 0.750000
vt 0.173469 0.802632
vt 0.173469 0.750000
vt 0.224490 0.881579
vt 0.163265 0.894737
vt 0.163265 0.881579
vt 0.163265 0.671053
vt 0.224490 0.750000
vt 0.163265 0.750000
vt 0.224490 0.657895
vt 0.163265 0.657895
vt 0.224490 0.657895
vt 0.163265 0.671053
vt 0.163265 0.657895
vt 0.224490 0.657895
vt 0.163265 0.671053
vt 0.163265 0.657895
vt 0.224490 0.657895
vt 0.163265 0.671053
vt 0.163265 0.657895
vt 0.224490 0.881579
vt 0.163265 0.894737
vt 0.163265 0.881579
vt 0.224490 0.881579
vt 0.163265 0.894737
vt 0.163265 0.881579
vt 0.224490 0.881579
vt 0.163265 0.894737
vt 0.163265 0.881579
vt 0.163265 0.802632
vt 0.224490 0.802632
vt 0.265306 0.657895
vt 0.326531 0.552632
vt 0.244898 0.184211
vt 0.163265 0.315789
vt 0.244898 0.184211
vt 0.244898 0.184211
vt 0.163265 0.315789
vt 0.163265 0.315789
vt 0.244898 0.184211
vt 0.214286 0.802632
vt 0.214286 0.802632
vt 0.214286 0.802632
vt 0.214286 0.802632
vt 0.224490 0.894737
vt 0.224490 0.671053
vt 0.224490 0.671053
vt 0.224490 0.671053
vt 0.224490 0.671053
vt 0.224490 0.894737
vt 0.224490 0.894737
vt 0.224490 0.894737
vt 0.163265 0.947368
vt 0.755102 0.500000
vt 0.775510 0.473684
vt 0.775510 0.473684
vt 0.755102 0.500000
vt 0.775510 0.473684
vt 0.755102 0.473684
vt 0.775510 0.473684
vt 0.755102 0.500000
vt 0.755102 0.473684
vt 0.755102 0.473684
vt 0.755102 0.473684
vt 0.755102 0.500000
vt 0.775510 0.473684
vt 0.755102 0.473684
vt 0.755102 0.500000
vt 0.755102 0.473684
vt 0.775510 0.473684
vt 0.755102 0.500000
vt 0.755102 0.500000
vt 0.755102 0.500000
vt 0.775510 0.473684
vt 0.755102 0.473684
vt 0.755102 0.500000
vt 0.755102 0.473684
vt 0.775510 0.473684
vt 0.755102 0.500000
vt 0.755102 0.473684
vt 0.755102 0.473684
vt 0.755102 0.473684
vt 0.755102 0.500000
vt 0.775510 0.473684
vt 0.755102 0.473684
vt 0.775510 0.473684
vt 0.755102 0.500000
vt 0.775510 0.473684
vt 0.775510 0.473684
vt 0.755102 0.473684
vt 0.795918 0.315789
vt 0.795918 0.315789
vt 0.755102 0.473684
vt 0.795918 0.315789
vt 0.755102 0.473684
vt 0.755102 0.473684
vt 0.795918 0.315789
vt 0.714286 0.315789
vt 0.755102 0.315789
vt 0.714286 0.315789
vt 0.744898 0.315789
vt 0.724490 0.315789
vt 0.755102 0.631579
vt 0.734694 0.315789
vt 0.214286 0.802632
vt 0.214286 0.802632
vt 0.214286 0.802632
vt 0.214286 0.802632
vt 0.224490 0.894737
vt 0.224490 0.671053
vt 0.224490 0.671053
vt 0.224490 0.671053
vt 0.224490 0.671053
vt 0.224490 0.894737
vt 0.224490 0.894737
vt 0.224490 0.894737
vt 0.214286 0.802632
vt 0.214286 0.802632
vt 0.214286 0.802632
vt 0.214286 0.802632
vt 0.224490 0.894737
vt 0.224490 0.671053
vt 0.224490 0.671053
vt 0.224490 0.671053
vt 0.224490 0.671053
vt 0.224490 0.894737
vt 0.224490 0.894737
vt 0.224490 0.894737
vt 0.214286 0.802632
vt 0.214286 0.802632
vt 0.214286 0.802632
vt 0.214286 0.802632
vt 0.224490 0.894737
vt 0.224490 0.671053
vt 0.224490 0.671053
vt 0.224490 0.671053
vt 0.224490 0.671053
vt 0.224490 0.894737
vt 0.224490 0.894737
vt 0.224490 0.894737
vt 0.683673 0.473684
vt 0.438776 0.526316
vt 0.438776 0.473684
vt 0.683673 0.526316
vt 0.438776 0.578947
vt 0.683673 0.578947
vt 0.438776 0.631579
vt 0.683673 -0.000000
vt 0.438776 0.052632
vt 0.438776 -0.000000
vt 0.683673 0.052632
vt 0.438776 0.105263
vt 0.683673 0.105263
vt 0.438776 0.157895
vt 0.683673 0.157895
vt 0.438776 0.210526
vt 0.683673 0.210526
vt 0.438776 0.263158
vt 0.683673 0.263158
vt 0.438776 0.315789
vt 0.683673 0.315789
vt 0.438776 0.368421
vt 0.714286 0.256579
vt 0.683673 0.368421
vt 0.438776 0.421053
vt 0.683673 0.421053
vt 0.408163 0.151316
vt 0.408163 0.111842
vt 0.745408 0.011716
vt 0.805612 0.011716
vt 0.805612 0.146179
vt 0.714286 0.164474
vt 0.714286 0.203947
vt 0.714286 0.151316
vt 0.714286 0.098684
vt 0.714286 0.046053
vt 0.714286 0.427632
vt 0.714286 0.467105
vt 0.714286 0.519737
vt 0.683673 0.631579
vt 0.714286 0.585526
vt 0.714286 0.625000
vt 0.714286 0.375000
vt 0.714286 0.414474
vt 0.714286 0.532895
vt 0.714286 0.572368
vt 0.714286 0.322368
vt 0.714286 0.361842
vt 0.714286 0.309211
vt 0.775510 0.159210
vt 0.827649 0.275658
vt 0.723372 0.275658
vt 0.408163 0.059211
vt 0.408163 0.046053
vt 0.408163 0.006579
vt 0.408163 0.467105
vt 0.408163 0.427632
vt 0.408163 0.519737
vt 0.408163 0.480263
vt 0.408163 0.585526
vt 0.408163 0.375000
vt 0.408163 0.532895
vt 0.408163 0.322368
vt 0.408163 0.309211
vt 0.408163 0.269737
vt 0.408163 0.217105
vt 0.408163 0.164474
vt 0.714286 0.217105
vt 0.827649 0.040131
vt 0.835715 0.078947
vt 0.827649 0.117763
vt 0.775510 0.156579
vt 0.745408 0.146179
vt 0.723372 0.117763
vt 0.715306 0.078947
vt 0.723372 0.040131
vt 0.775510 0.001315
vt 0.714286 0.111842
vt 0.714286 0.059211
vt 0.714286 0.006579
vt 0.714286 0.480263
vt 0.714286 0.269737
vt 0.715306 0.236842
vt 0.723372 0.198026
vt 0.745408 0.169611
vt 0.805612 0.169611
vt 0.827649 0.198026
vt 0.835715 0.236842
vt 0.805612 0.304073
vt 0.775510 0.314474
vt 0.745408 0.304073
vt 0.408163 0.098684
vt 0.408163 0.625000
vt 0.408163 0.414474
vt 0.408163 0.572368
vt 0.408163 0.361842
vt 0.408163 0.256579
vt 0.408163 0.203947
vn 0.0000 1.0000 0.0000
vn 0.0000 -0.0000 1.0000
vn 0.0000 0.0000 -1.0000
vn 1.0000 0.0000 0.0000
vn -1.0000 0.0000 0.0000
vn 0.0000 -1.0000 0.0000
vn 0.3620 -0.0000 -0.9322
vn -0.3620 -0.4661 -0.8073
vn -0.3620 -0.0000 -0.9322
vn 0.3620 -0.4661 -0.8073
vn -0.3620 -0.8073 -0.4661
vn 0.3620 -0.8073 -0.4661
vn -0.3620 -0.9322 -0.0000
vn 0.3620 -0.9322 0.0000
vn -0.3620 -0.8073 0.4661
vn 0.3620 -0.8073 0.4661
vn -0.3620 -0.4661 0.8073
vn 0.3620 -0.4661 0.8073
vn -0.3620 0.0000 0.9322
vn 0.3620 -0.0000 0.9322
vn -0.3620 0.4661 0.8073
vn 0.3620 0.4661 0.8073
vn -0.3620 0.8073 0.4661
vn 0.3620 0.8073 0.4661
vn -0.3620 0.9322 0.0000
vn 0.3620 0.9322 -0.0000
vn -0.3620 0.8073 -0.4661
vn 0.9007 0.3762 0.2172
vn 0.3620 0.8073 -0.4661
vn -0.3620 0.4661 -0.8073
vn 0.3620 0.4661 -0.8073
vn -0.9007 -0.0000 0.4344
vn -0.9007 -0.2172 0.3762
vn 0.9007 -0.3762 0.2172
vn 0.9007 -0.3762 -0.2172
vn 0.9007 0.3762 -0.2172
vn 0.9007 -0.0000 0.4344
vn 0.9007 0.2172 0.3762
vn 0.9007 -0.2172 0.3762
vn 0.9007 0.2172 -0.3762
vn 0.9007 -0.0000 -0.4344
vn 0.9007 -0.2172 -0.3762
vn 0.9007 -0.4344 0.0000
vn 0.9007 0.4344 0.0000
vn -0.9007 -0.4344 0.0000
vn -0.9007 0.2172 0.3762
vn -0.9007 0.2172 -0.3762
vn -0.9007 -0.3762 0.2172
vn -0.9007 -0.0000 -0.4344
vn -0.9007 -0.2172 -0.3762
vn -0.9007 -0.3762 -0.2172
vn -0.9007 0.3762 -0.2172
vn -0.9007 0.4344 0.0000
vn -0.9007 0.3762 0.2172
v -0.500000 2.000000 0.500000
v -1.250000 2.000000 -1.250000
v -1.250000 2.000000 1.250000
v 0.500000 2.000000 0.500000
v 1.250000 2.000000 1.250000
v 1.250000 1.500000 -1.250000
v 1.250000 2.000000 -1.250000
v -1.250000 1.500000 1.250000
v -1.250000 1.500000 -1.250000
v 1.250000 1.500000 1.250000
v -0.500000 1.500000 0.500000
v -0.500000 2.000000 -0.500000
v 0.500000 2.000000 -0.500000
v 0.500000 1.500000 0.500000
v 0.500000 1.500000 -0.500000
v -0.500000 1.500000 -0.500000
v 0.500000 2.000000 0.500000
v -0.500000 2.000000 -0.500000
v -0.500000 2.000000 0.500000
v 1.250000 1.000000 -1.250000
v 0.500000 1.000000 -1.250000
v 0.500000 1.250000 -1.250000
v 0.500000 1.250000 -0.500000
v 1.250000 1.500000 -1.250000
v 1.250000 1.500000 -0.250000
v 1.250000 1.250000 -0.500000
v 0.250000 1.500000 -0.500000
v 0.500000 1.000000 -0.500000
v 1.250000 1.000000 -0.500000
v 0.500000 1.500000 -0.500000
v 0.500000 1.500000 -0.250000
v 0.500000 1.500000 -1.250000
v -0.500000 1.500000 -1.750000
v -0.500000 1.500000 -1.250000
v -0.500000 1.000000 -1.250000
v -0.500000 1.000000 -1.750000
v 0.500000 1.500000 -1.750000
v 0.500000 1.000000 -1.750000
v 0.500000 1.000000 -1.250000
v -0.625000 8.000000 2.000000
v -0.875000 8.000000 1.750000
v -0.875000 8.000000 2.000000
v 0.875000 8.000000 2.000000
v 0.625000 8.000000 1.750000
v 0.625000 8.000000 2.000000
v -0.625000 8.000000 1.000000
v -0.875000 8.000000 0.750000
v -0.875000 8.000000 1.000000
v 0.875000 8.000000 1.000000
v 0.625000 8.000000 0.750000
v 0.625000 8.000000 1.000000
v -0.625000 2.000000 0.750000
v -0.625000 2.000000 1.000000
v -0.875000 1.000000 1.750000
v -0.625000 8.000000 1.750000
v -0.625000 1.000000 1.750000
v -0.875000 2.000000 0.750000
v -0.625000 8.000000 0.750000
v 0.625000 1.000000 2.000000
v 0.625000 1.000000 1.750000
v 0.625000 2.000000 1.000000
v 0.625000 2.000000 0.750000
v 0.875000 1.000000 2.000000
v 0.875000 2.000000 1.000000
v 0.875000 1.000000 1.750000
v 0.875000 2.000000 0.750000
v 0.875000 8.000000 1.750000
v -0.875000 1.000000 2.000000
v 0.875000 8.000000 0.750000
v -0.875000 2.000000 1.000000
v -0.625000 1.000000 2.000000
v -0.625000 8.000000 1.875000
v 0.625000 1.000000 1.875000
v 0.625000 8.000000 1.875000
v -0.625000 8.000000 0.875000
v 0.625000 2.000000 0.875000
v -0.625000 2.000000 0.875000
v 0.750000 1.000000 1.750000
v 0.750000 8.000000 1.000000
v 0.750000 8.000000 1.750000
v -0.750000 8.000000 1.000000
v -0.750000 1.000000 1.750000
v -0.750000 8.000000 1.750000
v -0.062500 6.000000 1.625000
v -0.312500 6.000000 1.375000
v -0.312500 6.000000 1.625000
v 0.312500 6.000000 1.625000
v 0.062500 6.000000 1.375000
v 0.062500 6.000000 1.625000
v -0.062500 1.000000 1.375000
v -0.062500 1.000000 1.625000
v -0.312500 1.000000 1.625000
v -0.312500 1.000000 1.375000
v 0.062500 1.000000 1.375000
v 0.312500 6.000000 1.375000
v 0.312500 1.000000 1.375000
v 0.312500 1.000000 1.625000
v 0.062500 1.000000 1.625000
v -0.062500 6.000000 1.375000
v -1.250000 1.000000 1.250000
v -0.500000 1.000000 1.250000
v -0.500000 1.250000 1.250000
v -0.500000 1.250000 0.500000
v -1.250000 1.500000 1.250000
v -1.250000 1.500000 0.250000
v -1.250000 1.250000 0.500000
v -0.250000 1.500000 1.250000
v -0.250000 1.500000 0.500000
v -0.500000 1.000000 0.500000
v -1.250000 1.000000 0.500000
v -0.500000 1.500000 0.500000
v -0.500000 1.500000 0.250000
v -1.250000 1.000000 -1.250000
v -1.250000 1.000000 -0.500000
v -1.250000 1.250000 -0.500000
v -0.500000 1.250000 -0.500000
v -1.250000 1.500000 -1.250000
v -0.250000 1.500000 -1.250000
v -0.500000 1.250000 -1.250000
v -1.250000 1.500000 -0.250000
v -0.500000 1.500000 -0.250000
v -0.500000 1.000000 -0.500000
v -0.500000 1.000000 -1.250000
v -0.500000 1.500000 -0.500000
v -0.250000 1.500000 -0.500000
v 1.250000 1.000000 1.250000
v 1.250000 1.000000 0.500000
v 1.250000 1.250000 0.500000
v 0.500000 1.250000 0.500000
v 1.250000 1.500000 1.250000
v 0.250000 1.500000 1.250000
v 0.500000 1.250000 1.250000
v 0.500000 1.500000 0.250000
v 0.500000 1.000000 0.500000
v 0.500000 1.000000 1.250000
v 0.500000 1.500000 0.500000
v 0.250000 1.500000 0.500000
v 0.625000 1.000000 1.875000
v -0.625000 8.000000 1.875000
v 0.625000 8.000000 1.875000
v 0.625000 2.000000 0.875000
v -0.625000 8.000000 0.875000
v -0.625000 2.000000 0.875000
v 0.750000 8.000000 1.000000
v 0.750000 1.000000 1.750000
v 0.750000 8.000000 1.750000
v -0.750000 1.000000 1.750000
v -0.750000 8.000000 1.000000
v -0.750000 8.000000 1.750000
v 0.500000 2.000000 -0.500000
v 0.250000 1.500000 -1.250000
v -0.625000 1.000000 1.875000
v 0.625000 8.000000 0.875000
v 0.750000 1.000000 1.000000
v -0.750000 1.000000 1.000000
v 1.250000 1.500000 0.250000
v -0.625000 1.000000 1.875000
v 0.625000 8.000000 0.875000
v 0.750000 1.000000 1.000000
v -0.750000 1.000000 1.000000
vt 0.066667 0.655172
vt 0.222222 0.758621
vt 0.000000 0.758621
vt 0.066667 0.517241
vt 0.000000 0.413793
vt 0.222222 0.344828
vt 0.222222 0.413793
vt 0.000000 0.413793
vt 0.222222 0.344828
vt 0.222222 0.413793
vt 0.000000 0.413793
vt 0.222222 0.344828
vt 0.222222 0.413793
vt -0.000000 0.413793
vt 0.222222 0.344828
vt 0.222222 0.413793
vt 0.066667 0.172414
vt 0.155556 0.241379
vt 0.066667 0.241379
vt 0.155556 0.655172
vt 0.155556 0.517241
vt 0.000000 -0.000000
vt 0.066667 0.241379
vt 0.000000 0.344828
vt 0.155556 0.241379
vt 0.155556 0.103448
vt 0.222222 -0.000000
vt 0.066667 0.103448
vt 0.066667 0.517241
vt 0.155556 0.655172
vt 0.066667 0.655172
vt 0.066667 0.172414
vt 0.155556 0.241379
vt 0.066667 0.241379
vt 0.066667 0.172414
vt 0.155556 0.241379
vt 0.066667 0.241379
vt 0.066667 0.172414
vt 0.155556 0.241379
vt 0.066667 0.241379
vt 0.088889 0.758621
vt 0.155556 0.758621
vt 0.155556 0.793103
vt 0.022222 0.827586
vt 0.088889 0.862069
vt 0.022222 0.862069
vt 0.088889 0.827586
vt 0.000000 0.827586
vt 0.022222 0.793103
vt 0.088889 0.896552
vt 0.155556 0.862069
vt 0.088889 0.827586
vt 0.155556 0.827586
vt 0.155556 0.793103
vt 0.177778 0.758621
vt 0.177778 0.793103
vt 0.200000 0.793103
vt 0.088889 0.896552
vt 0.155556 0.896552
vt 0.888889 0.655172
vt 0.933333 0.793103
vt 0.888889 0.793103
vt 0.888889 0.862069
vt 0.933333 0.862069
vt 0.977778 0.793103
vt 0.933333 0.655172
vt 0.977778 0.655172
vt 0.844444 0.655172
vt 0.844444 0.793103
vt 0.933333 0.586207
vt 0.888889 0.586207
vt 0.577778 0.965517
vt 0.600000 1.000000
vt 0.577778 1.000000
vt 0.577778 0.965517
vt 0.600000 1.000000
vt 0.577778 1.000000
vt 0.577778 0.965517
vt 0.600000 1.000000
vt 0.577778 1.000000
vt 0.577778 0.965517
vt 0.600000 1.000000
vt 0.577778 1.000000
vt 0.600000 0.137931
vt 0.577778 0.137931
vt 0.622222 0.000000
vt 0.600000 0.965517
vt 0.600000 0.000000
vt 0.622222 0.137931
vt 0.600000 0.965517
vt 0.644444 0.000000
vt 0.622222 0.965517
vt 0.622222 0.000000
vt 0.644444 0.137931
vt 0.622222 0.965517
vt 0.622222 0.137931
vt 0.666667 0.000000
vt 0.644444 0.965517
vt 0.666667 0.137931
vt 0.644444 0.965517
vt 0.600000 0.000000
vt 0.577778 0.000000
vt 0.600000 0.137931
vt 0.577778 0.137931
vt 0.600000 0.965517
vt 0.644444 0.000000
vt 0.622222 0.965517
vt 0.600000 0.965517
vt 0.644444 0.137931
vt 0.622222 0.965517
vt 0.666667 0.000000
vt 0.644444 0.965517
vt 0.666667 0.137931
vt 0.644444 0.965517
vt 0.577778 0.000000
vt 0.222222 0.965517
vt 0.333333 -0.000000
vt 0.333333 0.965517
vt 0.511111 0.965517
vt 0.400000 0.137931
vt 0.511111 0.137931
vt 0.333333 0.000000
vt 0.400000 0.965517
vt 0.333333 0.965517
vt 0.511111 0.965517
vt 0.577778 0.000000
vt 0.577778 0.965517
vt 0.666667 0.689655
vt 0.688889 0.724138
vt 0.666667 0.724138
vt 0.666667 0.689655
vt 0.688889 0.724138
vt 0.666667 0.724138
vt 0.688889 0.000000
vt 0.666667 0.000000
vt 0.733333 0.000000
vt 0.711111 0.689655
vt 0.711111 0.000000
vt 0.711111 0.000000
vt 0.688889 0.689655
vt 0.688889 0.000000
vt 0.755556 0.000000
vt 0.733333 0.689655
vt 0.733333 0.000000
vt 0.688889 0.689655
vt 0.755556 0.000000
vt 0.733333 0.689655
vt 0.666667 0.000000
vt 0.711111 0.689655
vt 0.088889 0.758621
vt 0.155556 0.758621
vt 0.155556 0.793103
vt 0.022222 0.827586
vt 0.088889 0.862069
vt 0.022222 0.862069
vt 0.088889 0.827586
vt 0.000000 0.827586
vt 0.022222 0.793103
vt 0.022222 0.896552
vt 0.088889 0.896552
vt 0.155556 0.862069
vt 0.088889 0.827586
vt 0.155556 0.827586
vt 0.155556 0.793103
vt 0.177778 0.758621
vt 0.177778 0.793103
vt 0.200000 0.793103
vt 0.088889 0.896552
vt 0.155556 0.896552
vt 0.088889 0.758621
vt 0.155556 0.758621
vt 0.155556 0.793103
vt 0.022222 0.827586
vt 0.088889 0.862069
vt 0.022222 0.862069
vt 0.088889 0.827586
vt 0.000000 0.827586
vt 0.022222 0.793103
vt 0.022222 0.896552
vt 0.088889 0.896552
vt 0.155556 0.862069
vt 0.088889 0.827586
vt 0.155556 0.827586
vt 0.155556 0.793103
vt 0.177778 0.758621
vt 0.177778 0.793103
vt 0.200000 0.793103
vt 0.088889 0.896552
vt 0.155556 0.896552
vt 0.088889 0.758621
vt 0.155556 0.758621
vt 0.155556 0.793103
vt 0.022222 0.827586
vt 0.088889 0.862069
vt 0.022222 0.862069
vt 0.088889 0.827586
vt 0.000000 0.827586
vt 0.022222 0.793103
vt 0.088889 0.896552
vt 0.155556 0.862069
vt 0.088889 0.827586
vt 0.155556 0.827586
vt 0.155556 0.793103
vt 0.177778 0.758621
vt 0.177778 0.793103
vt 0.200000 0.793103
vt 0.088889 0.896552
vt 0.155556 0.896552
vt 0.333333 -0.000000
vt 0.222222 0.965517
vt 0.333333 0.965517
vt 0.400000 0.137931
vt 0.511111 0.965517
vt 0.511111 0.137931
vt 0.400000 0.965517
vt 0.333333 0.000000
vt 0.333333 0.965517
vt 0.577778 0.000000
vt 0.511111 0.965517
vt 0.577778 0.965517
vt 0.000000 0.344828
vt 0.000000 0.344828
vt -0.000000 0.344828
vt 0.155556 0.172414
vt 0.155556 0.517241
vt 0.155556 0.172414
vt 0.155556 0.172414
vt 0.155556 0.172414
vt 0.177778 0.827586
vt 0.022222 0.758621
vt 0.022222 0.896552
vt 0.666667 0.965517
vt 0.666667 0.965517
vt 0.666667 0.965517
vt 0.666667 0.965517
vt 0.222222 0.000000
vt 0.400000 0.965517
vt 0.400000 0.000000
vt 0.511111 0.000000
vt 0.755556 0.689655
vt 0.755556 0.689655
vt 0.177778 0.827586
vt 0.022222 0.758621
vt 0.177778 0.827586
vt 0.022222 0.758621
vt 0.177778 0.827586
vt 0.022222 0.758621
vt 0.022222 0.896552
vt 0.222222 0.000000
vt 0.400000 0.965517
vt 0.400000 0.000000
vt 0.511111 0.000000
vn 0.0000 1.0000 0.0000
vn 1.0000 0.0000 0.0000
vn -1.0000 0.0000 0.0000
vn 0.0000 0.0000 -1.0000
vn 0.0000 0.0000 1.0000
vn 0.0000 -1.0000 0.0000
vn -0.7071 -0.7071 0.0000
vn 0.0000 -0.7071 0.7071
vn 0.7071 -0.7071 0.0000
vn 0.0000 -0.7071 -0.7071
v -0.125000 3.250000 -1.625000
v 0.125000 3.250000 -1.375000
v -0.125000 3.250000 -1.375000
v 0.125000 6.250000 -1.375000
v -0.125000 6.000000 -1.625000
v -0.125000 6.250000 -1.375000
v 0.125000 6.000000 -1.625000
v 0.125000 3.250000 -1.625000
v -0.625000 6.000000 -0.125000
v -0.125000 6.000000 -0.375000
v -0.375000 6.000000 -0.125000
v -0.125000 6.250000 -0.625000
v -0.125000 6.000000 -0.625000
v 0.125000 6.250000 -1.375000
v 0.125000 6.000000 -0.625000
v 0.125000 6.000000 -1.375000
v -0.125000 6.250000 -1.375000
v 0.125000 6.250000 -0.625000
v -0.125000 6.000000 -1.375000
v 0.375000 6.250000 0.375000
v 0.625000 6.000000 0.125000
v 0.625000 6.250000 0.125000
v 0.375000 6.000000 -0.125000
v 0.375000 6.000000 0.375000
v 0.625000 6.250000 -0.125000
v 0.625000 6.000000 -0.125000
v 0.375000 6.250000 -0.125000
v -0.375000 6.250000 -0.125000
v -0.625000 6.250000 -0.125000
v -0.625000 6.250000 0.125000
v -0.375000 6.000000 0.375000
v -0.375000 6.250000 0.375000
v -0.625000 6.000000 0.125000
v -0.125000 6.250000 -0.375000
v 0.125000 6.000000 -0.375000
v 0.125000 6.250000 -0.375000
v 0.000000 6.000000 -0.625000
v 0.000000 5.500000 -1.375000
v 0.000000 6.250000 -0.625000
v 0.000000 4.250000 -0.625000
v 0.000000 4.750000 -1.375000
v 0.000000 5.000000 -1.375000
v 0.125000 4.000000 -0.625000
v -0.125000 4.000000 -0.375000
v -0.125000 4.000000 -0.625000
v -0.125000 4.250000 -0.375000
v 0.125000 4.000000 -0.375000
v 0.125000 4.250000 -0.375000
v -0.625000 4.000000 -0.125000
v -0.625000 4.250000 0.125000
v -0.625000 4.250000 -0.125000
v -0.375000 4.250000 -0.125000
v -0.375000 4.250000 0.375000
v -0.375000 4.000000 0.375000
v -0.375000 4.000000 -0.125000
v -0.625000 4.000000 0.125000
v -0.125000 4.250000 -0.625000
v 0.375000 4.000000 -0.125000
v 0.375000 4.250000 0.375000
v 0.375000 4.250000 -0.125000
v 0.625000 4.250000 0.125000
v 0.625000 4.250000 -0.125000
v 0.625000 4.000000 0.125000
v 0.625000 4.000000 -0.125000
v 0.375000 4.000000 0.375000
v 0.125000 4.000000 -1.375000
v -0.125000 4.000000 -1.375000
v -0.125000 4.250000 -1.375000
v 0.125000 4.250000 -0.625000
v 0.125000 4.250000 -1.375000
v 0.000000 5.500000 -1.375000
v 0.000000 6.000000 -0.625000
v 0.000000 6.250000 -0.625000
v 0.000000 4.750000 -1.375000
v 0.000000 4.250000 -0.625000
v 0.000000 5.000000 -1.375000
v 0.000000 5.250000 -1.375000
v 0.000000 4.000000 -0.625000
v 0.000000 5.250000 -1.375000
v 0.000000 4.000000 -0.625000
vt 0.800000 0.448276
vt 0.777778 0.413793
vt 0.800000 0.413793
vt 0.777778 0.862069
vt 0.800000 0.827586
vt 0.800000 0.862069
vt 0.777778 0.827586
vt 0.777778 0.448276
vt 0.844444 0.448276
vt 0.822222 0.862069
vt 0.822222 0.448276
vt 0.755556 0.448276
vt 0.755556 0.862069
vt 0.866667 0.172414
vt 0.911111 0.137931
vt 0.888889 0.172414
vt 1.000000 0.172414
vt 0.977778 0.103448
vt 1.000000 0.103448
vt 0.866667 -0.000000
vt 0.844444 0.103448
vt 0.844444 -0.000000
vt 0.933333 0.000000
vt 0.911111 0.103448
vt 0.911111 0.000000
vt 1.000000 -0.000000
vt 0.977778 -0.000000
vt 0.933333 -0.000000
vt 0.911111 0.103448
vt 0.911111 -0.000000
vt 0.866667 0.241379
vt 0.844444 0.206897
vt 0.866667 0.206897
vt 0.955556 0.172414
vt 0.977778 0.206897
vt 0.955556 0.241379
vt 0.866667 0.172414
vt 0.844444 0.172414
vt 0.888889 0.172414
vt 0.844444 0.310345
vt 0.866667 0.310345
vt 0.955556 0.172414
vt 0.933333 0.103448
vt 0.977778 0.172414
vt 0.977778 0.206897
vt 1.000000 0.241379
vt 0.977778 0.241379
vt 0.866667 0.206897
vt 0.977778 0.310345
vt 1.000000 0.310345
vt 0.955556 0.241379
vt 0.933333 0.137931
vt 0.911111 0.172414
vt 0.911111 0.137931
vt 0.933333 0.103448
vt 1.000000 0.344828
vt 0.866667 0.344828
vt 0.866667 0.103448
vt 0.933333 0.137931
vt 0.977778 0.172414
vt 0.444444 0.000000
vt 0.511111 0.034483
vt 0.444444 0.034483
vt 0.444444 0.034483
vt 0.511111 0.000000
vt 0.511111 0.034483
vt 0.933333 0.103448
vt 0.911111 0.137931
vt 0.911111 0.103448
vt 0.933333 0.137931
vt 0.911111 0.172414
vt 0.911111 0.137931
vt 1.000000 0.172414
vt 0.977778 0.206897
vt 0.977778 0.172414
vt 0.955556 0.172414
vt 0.955556 0.241379
vt 0.977778 0.310345
vt 1.000000 0.241379
vt 1.000000 0.310345
vt 0.888889 0.172414
vt 0.866667 0.206897
vt 0.866667 0.172414
vt 0.977778 0.241379
vt 0.933333 0.103448
vt 0.844444 0.310345
vt 0.866667 0.241379
vt 0.866667 0.310345
vt 0.888889 0.172414
vt 0.866667 0.206897
vt 0.866667 0.172414
vt 0.844444 0.206897
vt 0.844444 0.172414
vt 0.955556 0.172414
vt 0.977778 0.206897
vt 0.955556 0.241379
vt 0.933333 -0.000000
vt 0.911111 -0.000000
vt 1.000000 -0.000000
vt 0.977778 0.103448
vt 0.977778 -0.000000
vt 0.933333 0.000000
vt 0.911111 0.103448
vt 0.911111 0.000000
vt 0.866667 -0.000000
vt 0.844444 0.103448
vt 0.844444 -0.000000
vt 1.000000 0.103448
vt 0.511111 0.034483
vt 0.444444 0.000000
vt 0.444444 0.034483
vt 0.511111 0.000000
vt 0.444444 0.034483
vt 0.511111 0.034483
vt 1.000000 0.344828
vt 0.866667 0.344828
vt 0.866667 0.103448
vt 0.933333 0.137931
vt 0.977778 0.172414
vt 0.844444 0.862069
vt 0.844444 0.241379
vt 0.888889 0.241379
vt 1.000000 0.206897
vt 0.888889 0.241379
vt 0.933333 0.172414
vt 0.977778 0.344828
vt 0.844444 0.344828
vt 0.511111 0.000000
vt 0.444444 -0.000000
vt 0.933333 0.172414
vt 1.000000 0.206897
vt 0.888889 0.241379
vt 0.844444 0.241379
vt 0.888889 0.241379
vt 0.511111 0.000000
vt 0.444444 -0.000000
vt 0.977778 0.344828
vt 0.844444 0.344828
vn 0.0000 -1.0000 0.0000
vn 0.0000 0.7071 -0.7071
vn 0.0000 0.0000 -1.0000
vn 0.0000 -0.0000 1.0000
vn 1.0000 0.0000 0.0000
vn -1.0000 0.0000 0.0000
vn -0.7071 0.0000 -0.7071
vn 0.0000 1.0000 0.0000
vn 0.7071 0.0000 0.7071
vn -0.7071 0.0000 0.7071
vn 0.7071 0.0000 -0.7071
v 0.125000 3.250000 -1.375000
v -0.125000 3.250000 -1.625000
v -0.125000 3.250000 -1.375000
v 0.125000 1.250000 -1.625000
v 0.125000 1.250000 -1.375000
v -0.125000 1.250000 -1.375000
v -0.125000 1.250000 -1.625000
v 0.125000 3.250000 -1.625000
v -0.062500 3.250000 -1.562500
v 0.062500 4.250000 -1.562500
v 0.062500 3.250000 -1.562500
v 0.062500 3.250000 -1.437500
v -0.062500 4.250000 -1.437500
v -0.062500 3.250000 -1.437500
v 0.062500 4.250000 -1.437500
v -0.062500 4.250000 -1.562500
vt 0.755556 0.310345
vt 0.777778 0.275862
vt 0.777778 0.310345
vt 0.844444 -0.000000
vt 0.822222 0.275862
vt 0.822222 -0.000000
vt 0.800000 -0.000000
vt 0.777778 -0.000000
vt 0.755556 0.275862
vt 0.755556 -0.000000
vt 0.800000 0.275862
vt 0.788889 0.275862
vt 0.777778 0.413793
vt 0.777778 0.275862
vt 0.811111 0.275862
vt 0.800000 0.413793
vt 0.800000 0.275862
vt 0.822222 0.275862
vt 0.811111 0.413793
vt 0.788889 0.413793
vt 0.844444 0.275862
vt 0.822222 0.413793
vn 0.0000 1.0000 0.0000
vn 1.0000 0.0000 0.0000
vn -1.0000 0.0000 0.0000
vn 0.0000 0.0000 -1.0000
vn 0.0000 -0.0000 1.0000
v -0.187500 5.250000 0.125000
v -0.275888 5.213388 1.375000
v -0.187500 5.250000 1.375000
v -0.099112 5.213388 0.125000
v -0.099112 5.213388 1.375000
v -0.099112 5.036612 0.125000
v -0.062500 5.125000 1.375000
v -0.099112 5.036612 1.375000
v -0.275888 5.036612 0.125000
v -0.187500 5.000000 1.375000
v -0.275888 5.036612 1.375000
v -0.275888 5.213388 0.125000
v -0.312500 5.125000 1.375000
v -0.062500 5.125000 0.125000
v -0.187500 5.000000 0.125000
v -0.312500 5.125000 0.125000
v 0.187500 4.250000 0.125000
v 0.099112 4.213388 1.375000
v 0.187500 4.250000 1.375000
v 0.275888 4.213388 0.125000
v 0.275888 4.213388 1.375000
v 0.275888 4.036612 0.125000
v 0.312500 4.125000 1.375000
v 0.275888 4.036612 1.375000
v 0.099112 4.036612 0.125000
v 0.187500 4.000000 1.375000
v 0.099112 4.036612 1.375000
v 0.099112 4.213388 0.125000
v 0.062500 4.125000 1.375000
v 0.312500 4.125000 0.125000
v 0.187500 4.000000 0.125000
v 0.062500 4.125000 0.125000
vt 0.711111 0.896552
vt 0.700000 0.724138
vt 0.711111 0.724138
vt 0.722222 0.896552
vt 0.722222 0.724138
vt 0.744444 0.896552
vt 0.733333 0.724138
vt 0.744444 0.724138
vt 0.677778 0.896552
vt 0.666667 0.724138
vt 0.677778 0.724138
vt 0.700000 0.896552
vt 0.688889 0.724138
vt 0.733333 0.896552
vt 0.755556 0.896552
vt 0.755556 0.724138
vt 0.688889 0.896552
vt 0.711111 0.896552
vt 0.700000 0.724138
vt 0.711111 0.724138
vt 0.722222 0.896552
vt 0.722222 0.724138
vt 0.744444 0.896552
vt 0.733333 0.724138
vt 0.744444 0.724138
vt 0.677778 0.896552
vt 0.666667 0.724138
vt 0.677778 0.724138
vt 0.700000 0.896552
vt 0.688889 0.724138
vt 0.733333 0.896552
vt 0.755556 0.896552
vt 0.755556 0.724138
vt 0.688889 0.896552
vt 0.666667 0.896552
vt 0.666667 0.896552
vn -0.0000 1.0000 0.0000
vn -0.7071 0.7071 0.0000
vn 0.7071 0.7071 0.0000
vn 0.7071 -0.7071 0.0000
vn 1.0000 0.0000 0.0000
vn -0.7071 -0.7071 0.0000
vn 0.0000 -1.0000 0.0000
vn -1.0000 -0.0000 0.0000
v 0.250000 3.500000 -3.250000
v 0.750000 3.500000 -2.750000
v 0.250000 3.500000 -2.750000
v -0.750000 3.500000 -3.250000
v -0.250000 3.500000 -2.750000
v -0.750000 3.500000 -2.750000
v 0.750000 10.000000 -2.750000
v 0.250000 10.000000 -3.250000
v 0.250000 10.000000 -2.750000
v -0.250000 10.000000 -2.750000
v -0.750000 10.000000 -3.250000
v -0.750000 10.000000 -2.750000
v -0.250000 3.500000 -3.250000
v -0.250000 10.000000 -3.250000
v 0.750000 3.500000 -3.250000
v 0.750000 10.000000 -3.250000
v 0.250000 9.000000 -3.500000
v -0.250000 9.000000 -1.000000
v 0.250000 9.000000 -1.000000
v -0.250000 8.500000 -1.000000
v 0.250000 8.500000 -3.500000
v 0.250000 8.500000 -1.000000
v 0.375000 9.125000 -1.000000
v -0.250000 9.000000 -3.500000
v -0.250000 8.500000 -3.500000
v -0.375000 8.375000 -1.000000
v -0.375000 9.125000 -0.750000
v -0.375000 9.125000 -1.000000
v 0.375000 8.375000 -1.000000
v 0.375000 8.375000 -0.750000
v 0.375000 9.125000 -0.750000
v -0.375000 8.375000 -0.750000
v 0.375000 3.875000 -1.000000
v -0.375000 3.875000 -0.750000
v -0.375000 3.875000 -1.000000
v 0.375000 4.625000 -1.000000
v 0.375000 3.875000 -0.750000
v -0.375000 4.625000 -1.000000
v 0.375000 4.625000 -0.750000
v -0.375000 4.625000 -0.750000
v 0.250000 4.000000 -1.000000
v -0.250000 4.000000 -1.000000
v 0.250000 4.500000 -1.000000
v -0.250000 4.500000 -1.000000
v 0.250000 4.000000 -3.500000
v 0.250000 4.500000 -3.500000
v -0.250000 4.000000 -3.500000
v -0.250000 4.500000 -3.500000
v 0.750000 6.500000 -1.250000
v 0.250000 6.500000 -2.750000
v 0.750000 6.500000 -2.750000
v -0.250000 7.000000 -1.250000
v -0.250000 6.500000 -2.750000
v -0.250000 7.000000 -2.750000
v 0.250000 7.000000 -2.750000
v 0.750000 7.000000 -1.250000
v 0.750000 7.000000 -2.750000
v 0.250000 6.500000 -1.250000
v -0.750000 6.500000 -1.250000
v -0.750000 7.000000 -2.750000
v -0.750000 6.500000 -2.750000
v -0.250000 6.500000 -1.250000
v -0.750000 7.000000 -1.250000
v 0.750000 6.500000 -1.250000
v -0.750000 6.500000 -1.250000
v 0.750000 6.500000 -0.750000
v -0.750000 7.000000 -0.750000
v -0.750000 6.500000 -0.750000
v 0.750000 7.000000 -0.750000
v 0.750000 7.000000 -1.250000
v 1.250000 7.000000 0.750000
v 1.250000 7.000000 -0.750000
v -1.250000 6.500000 0.750000
v -1.250000 6.500000 -0.750000
v 1.250000 6.500000 -0.750000
v -1.250000 7.000000 -0.750000
v 0.750000 6.500000 0.750000
v 0.750000 7.000000 0.750000
v -0.750000 7.000000 0.750000
v -0.750000 6.500000 0.750000
v -1.250000 7.000000 0.750000
v 1.250000 6.500000 0.750000
v 0.250000 7.000000 -1.250000
v -0.750000 7.000000 -1.250000
vt 0.820513 0.269663
vt 0.794872 0.224719
vt 0.820513 0.224719
vt 0.820513 0.269663
vt 0.794872 0.224719
vt 0.820513 0.224719
vt 0.794872 0.898876
vt 0.820513 0.853933
vt 0.820513 0.898876
vt 0.794872 0.898876
vt 0.820513 0.853933
vt 0.820513 0.898876
vt 0.897436 0.269663
vt 0.871795 0.853933
vt 0.871795 0.269663
vt 0.794872 0.853933
vt 0.794872 0.269663
vt 0.897436 0.269663
vt 0.871795 0.853933
vt 0.871795 0.269663
vt 0.794872 0.853933
vt 0.794872 0.269663
vt 0.846154 0.269663
vt 0.846154 0.853933
vt 0.846154 0.269663
vt 0.846154 0.853933
vt 0.544872 0.921348
vt 0.416667 0.966292
vt 0.416667 0.921348
vt 0.416667 0.921348
vt 0.544872 0.966292
vt 0.416667 0.966292
vt 0.410256 0.910112
vt 0.544872 0.921348
vt 0.416667 0.966292
vt 0.416667 0.921348
vt 0.570513 0.966292
vt 0.544872 0.966292
vt 0.416667 0.966292
vt 0.544872 0.921348
vt 0.544872 0.966292
vt 0.410256 0.977528
vt 0.397436 0.910112
vt 0.410256 0.910112
vt 0.410256 0.910112
vt 0.416667 0.921348
vt 0.410256 0.910112
vt 0.397436 0.977528
vt 0.358974 0.910112
vt 0.397436 0.910112
vt 0.410256 0.977528
vt 0.410256 0.977528
vt 0.397436 0.910112
vt 0.410256 0.977528
vt 0.397436 0.910112
vt 0.410256 0.977528
vt 0.397436 0.910112
vt 0.410256 0.910112
vt 0.410256 0.977528
vt 0.397436 0.910112
vt 0.410256 0.910112
vt 0.410256 0.977528
vt 0.397436 0.910112
vt 0.410256 0.910112
vt 0.397436 0.977528
vt 0.358974 0.910112
vt 0.416667 0.966292
vt 0.416667 0.921348
vt 0.416667 0.966292
vt 0.416667 0.921348
vt 0.416667 0.966292
vt 0.410256 0.910112
vt 0.416667 0.921348
vt 0.410256 0.977528
vt 0.397436 0.910112
vt 0.544872 0.921348
vt 0.544872 0.966292
vt 0.544872 0.921348
vt 0.570513 0.966292
vt 0.544872 0.966292
vt 0.544872 0.921348
vt 0.416667 0.966292
vt 0.416667 0.921348
vt 0.544872 0.966292
vt 1.000000 0.134831
vt 0.974359 -0.000000
vt 1.000000 -0.000000
vt 0.923077 0.134831
vt 0.897436 -0.000000
vt 0.923077 0.000000
vt 0.948718 -0.000000
vt 0.923077 0.134831
vt 0.923077 0.000000
vt 0.974359 0.134831
vt 0.974359 0.134831
vt 0.948718 -0.000000
vt 0.974359 -0.000000
vt 1.000000 0.134831
vt 1.000000 -0.000000
vt 0.897436 -0.000000
vt 0.948718 0.494382
vt 0.974359 0.359551
vt 0.974359 0.494382
vt 0.897436 0.359551
vt 0.923077 0.494382
vt 0.897436 0.494382
vt 0.923077 0.359551
vt 0.948718 0.359551
vt 0.923077 0.314607
vt 0.948718 0.179775
vt 0.948718 0.314607
vt 1.000000 0.494382
vt 1.000000 0.539326
vt 0.974359 0.674157
vt 0.974359 0.539326
vt 1.000000 0.359551
vt 1.000000 0.314607
vt 0.923077 0.314607
vt 1.000000 0.539326
vt 0.923077 0.539326
vt 0.974359 0.134831
vt 0.948718 0.134831
vt 0.948718 0.719101
vt 0.974359 0.719101
vt 0.897436 0.314607
vt 0.923077 0.179775
vt 0.948718 0.539326
vt 0.923077 0.674157
vt 0.923077 0.539326
vt 0.948718 0.674157
vt 0.974359 0.314607
vt 1.000000 0.179775
vt 1.000000 0.314607
vt 0.974359 0.179775
vt 0.897436 0.674157
vt 0.897436 0.539326
vt 0.897436 0.853933
vt 0.897436 0.853933
vt 0.544872 0.921348
vt 0.544872 0.966292
vt 0.570513 0.921348
vt 0.397436 0.977528
vt 0.358974 0.977528
vt 0.397436 0.977528
vt 0.397436 0.977528
vt 0.397436 0.977528
vt 0.397436 0.977528
vt 0.358974 0.977528
vt 0.397436 0.977528
vt 0.570513 0.921348
vt 0.544872 0.966292
vt 0.544872 0.921348
vt 0.897436 0.134831
vt 0.948718 0.134831
vt 0.948718 0.134831
vt 0.897436 0.134831
vt 1.000000 0.674157
vt 0.897436 0.179775
vn 0.0000 -1.0000 0.0000
vn 0.0000 1.0000 0.0000
vn 1.0000 0.0000 0.0000
vn 0.0000 0.0000 -1.0000
vn -1.0000 0.0000 0.0000
vn 0.0000 -0.0000 1.0000
vn 0.7071 0.0000 -0.7071
vn -0.7071 0.0000 -0.7071
v 0.750000 3.500000 -2.750000
v 0.250000 3.500000 -3.250000
v 0.250000 3.500000 -2.750000
v 0.750000 1.500000 -3.250000
v 0.750000 1.500000 -2.750000
v 0.250000 1.500000 -3.250000
v 0.750000 3.500000 -3.250000
v 0.250000 1.500000 -2.750000
v -0.250000 3.500000 -2.750000
v -0.750000 3.500000 -3.250000
v -0.750000 3.500000 -2.750000
v -0.250000 1.500000 -3.250000
v -0.250000 1.500000 -2.750000
v -0.750000 1.500000 -3.250000
v -0.250000 3.500000 -3.250000
v -0.750000 1.500000 -2.750000
v 0.312500 4.500000 -3.187500
v 0.687500 3.500000 -3.187500
v 0.312500 3.500000 -3.187500
v 0.687500 4.500000 -2.812500
v 0.312500 3.500000 -2.812500
v 0.687500 3.500000 -2.812500
v 0.687500 4.500000 -3.187500
v 0.312500 4.500000 -2.812500
v -0.687500 4.500000 -3.187500
v -0.312500 3.500000 -3.187500
v -0.687500 3.500000 -3.187500
v -0.312500 4.500000 -2.812500
v -0.687500 3.500000 -2.812500
v -0.312500 3.500000 -2.812500
v -0.312500 4.500000 -3.187500
v -0.687500 4.500000 -2.812500
vt 0.794872 0.224719
vt 0.820513 0.179775
vt 0.820513 0.224719
vt 0.897436 0.000000
vt 0.871795 0.179775
vt 0.871795 0.000000
vt 0.820513 0.000000
vt 0.794872 0.179775
vt 0.794872 0.000000
vt 0.846154 0.000000
vt 0.846154 0.179775
vt 0.794872 0.224719
vt 0.820513 0.179775
vt 0.820513 0.224719
vt 0.897436 0.000000
vt 0.871795 0.179775
vt 0.871795 0.000000
vt 0.820513 0.000000
vt 0.794872 0.179775
vt 0.794872 0.000000
vt 0.846154 0.000000
vt 0.846154 0.179775
vt 0.839744 0.269663
vt 0.820513 0.179775
vt 0.839744 0.179775
vt 0.878205 0.269663
vt 0.858974 0.179775
vt 0.878205 0.179775
vt 0.897436 0.269663
vt 0.897436 0.179775
vt 0.858974 0.269663
vt 0.839744 0.269663
vt 0.820513 0.179775
vt 0.839744 0.179775
vt 0.878205 0.269663
vt 0.858974 0.179775
vt 0.878205 0.179775
vt 0.897436 0.269663
vt 0.897436 0.179775
vt 0.858974 0.269663
vt 0.897436 0.179775
vt 0.897436 0.179775
vt 0.820513 0.269663
vt 0.820513 0.269663
vn 0.0000 1.0000 0.0000
vn 1.0000 0.0000 0.0000
vn 0.0000 0.0000 -1.0000
vn -1.0000 0.0000 0.0000
vn 0.0000 -0.0000 1.0000
v -0.250000 8.500000 2.500000
v 0.250000 8.500000 0.250000
v 0.250000 8.500000 2.500000
v 0.250000 9.000000 0.250000
v 0.250000 9.000000 2.500000
v -0.250000 9.000000 2.500000
v -0.250000 8.500000 0.250000
v -0.250000 9.000000 0.250000
v 0.000000 10.812500 0.500000
v 0.000000 10.875000 0.000000
v 0.000000 11.000000 0.000000
v 0.000000 10.875000 2.500000
v 0.000000 10.812500 2.000000
v 0.000000 11.000000 2.500000
v 0.000000 10.687500 2.000000
v 0.000000 10.750000 1.500000
v 0.000000 10.625000 1.500000
v 0.000000 10.750000 1.000000
v 0.000000 10.687500 0.500000
v 0.000000 10.812500 0.500000
v 0.000000 10.875000 0.000000
v 0.000000 10.687500 0.500000
v 0.000000 10.812500 2.000000
v 0.000000 10.875000 2.500000
v 0.000000 11.000000 2.500000
v 0.000000 10.750000 1.500000
v 0.000000 10.687500 2.000000
v 0.000000 10.750000 1.000000
v 0.000000 10.625000 1.500000
v 0.000000 10.625000 1.000000
v 0.000000 10.625000 1.000000
v 0.000000 11.000000 0.000000
v 1.000000 7.625000 0.000000
v 0.625000 7.661612 -0.088388
v 1.000000 7.661612 -0.088388
v 1.000000 7.838388 -0.088388
v 0.625000 7.875000 0.000000
v 1.000000 7.875000 0.000000
v 0.625000 7.750000 -0.125000
v 1.000000 7.750000 -0.125000
v 1.000000 7.838388 0.088388
v 0.625000 7.750000 0.125000
v 1.000000 7.750000 0.125000
v 1.000000 7.661612 0.088388
v 0.625000 7.625000 0.000000
v 0.625000 7.661612 0.088388
v 0.625000 7.838388 0.088388
v 0.625000 7.838388 -0.088388
v 1.025888 7.661612 0.099112
v 1.036612 7.661612 0.125000
v 1.025888 7.838388 0.099112
v 1.036612 7.838388 0.125000
v 1.150888 7.838388 -0.025888
v 1.088388 7.875000 0.036612
v 1.150888 7.661612 -0.025888
v 1.176777 7.750000 -0.051777
v 1.088388 7.625000 0.036612
v 1.213388 7.838388 0.125000
v 1.213388 7.661612 0.125000
v 1.125000 7.875000 0.125000
v 1.250000 7.750000 0.125000
v 1.125000 7.625000 0.125000
v 1.213388 7.838388 2.875000
v 1.125000 7.875000 2.875000
v 1.213388 7.661612 2.875000
v 1.250000 7.750000 2.875000
v 1.036612 7.838388 2.875000
v 1.000000 7.750000 2.875000
v 1.036612 7.661612 2.875000
v 1.125000 7.625000 2.875000
v 1.025888 7.661612 2.900888
v 1.000000 7.661612 2.911612
v 1.025888 7.838388 2.900888
v 1.000000 7.838388 2.911612
v 1.088388 7.875000 2.963388
v 1.150888 7.838388 3.025888
v 1.176777 7.750000 3.051777
v 1.150888 7.661612 3.025888
v 1.088388 7.625000 2.963388
v 1.000000 7.661612 3.088388
v 1.000000 7.625000 3.000000
v 1.000000 7.838388 3.088388
v 1.000000 7.875000 3.000000
v 1.000000 7.750000 3.125000
v 1.176777 5.500000 3.051777
v 1.000000 5.588388 3.088388
v 1.000000 5.500000 3.125000
v 1.000000 5.625000 3.000000
v 1.025888 5.588388 2.900888
v 1.000000 5.588388 2.911612
v 1.000000 5.411612 2.911612
v 1.088388 5.375000 2.963388
v 1.000000 5.375000 3.000000
v 1.000000 5.411612 3.088388
v 1.088388 5.625000 2.963388
v 1.213388 5.411612 2.875000
v 1.150888 5.411612 3.025888
v 1.213388 5.588388 2.875000
v 1.150888 5.588388 3.025888
v 1.125000 5.625000 2.875000
v 1.025888 5.411612 2.900888
v 1.125000 5.375000 2.875000
v 1.000000 5.500000 2.875000
v 1.036612 5.588388 2.875000
v 1.036612 5.411612 2.875000
v 1.213388 5.411612 0.125000
v 1.250000 5.500000 2.875000
v 1.213388 5.588388 0.125000
v 1.036612 5.588388 0.125000
v 1.036612 5.411612 0.125000
v 1.125000 5.375000 0.125000
v 1.000000 5.500000 0.125000
v 1.250000 5.500000 0.125000
v 1.125000 5.625000 0.125000
v 1.088388 5.375000 0.036612
v 1.176777 5.500000 -0.051777
v 1.088388 5.625000 0.036612
v 1.150888 5.411612 -0.025888
v 1.150888 5.588388 -0.025888
v 1.025888 5.588388 0.099112
v 1.000000 5.375000 0.000000
v 1.000000 5.411612 -0.088388
v 1.000000 5.500000 -0.125000
v 1.000000 5.588388 -0.088388
v 1.000000 5.588388 0.088388
v 1.025888 5.411612 0.099112
v 1.000000 5.625000 0.000000
v 1.000000 5.411612 0.088388
v 0.625000 5.588388 -0.088388
v 0.625000 5.588388 0.088388
v 0.625000 5.411612 0.088388
v 0.625000 5.375000 0.000000
v 0.625000 5.500000 0.125000
v 0.625000 5.500000 -0.125000
v 0.625000 5.625000 0.000000
v 0.625000 5.411612 -0.088388
vt 0.692308 0.449438
vt 0.666667 0.651685
vt 0.666667 0.449438
vt 0.769231 0.449438
vt 0.743590 0.651685
vt 0.743590 0.449438
vt 0.717949 0.449438
vt 0.692308 0.651685
vt 0.717949 0.651685
vt 0.461538 0.910112
vt 0.487179 0.898876
vt 0.487179 0.910112
vt 0.358974 0.898876
vt 0.384615 0.910112
vt 0.358974 0.910112
vt 0.384615 0.898876
vt 0.410256 0.910112
vt 0.410256 0.898876
vt 0.435897 0.910112
vt 0.461538 0.898876
vt 0.461538 0.910112
vt 0.487179 0.898876
vt 0.461538 0.898876
vt 0.384615 0.910112
vt 0.358974 0.898876
vt 0.358974 0.910112
vt 0.410256 0.910112
vt 0.384615 0.898876
vt 0.435897 0.910112
vt 0.410256 0.898876
vt 0.435897 0.898876
vt 0.769231 0.651685
vt 0.435897 0.898876
vt 0.487179 0.910112
vt 0.705128 0.966292
vt 0.698718 1.000000
vt 0.698718 0.966292
vt 0.685897 0.966292
vt 0.679487 1.000000
vt 0.679487 0.966292
vt 0.692308 1.000000
vt 0.692308 0.966292
vt 0.673077 0.966292
vt 0.666667 1.000000
vt 0.666667 0.966292
vt 0.711538 0.966292
vt 0.705128 1.000000
vt 0.717949 0.966292
vt 0.711538 1.000000
vt 0.673077 1.000000
vt 0.685897 1.000000
vt 0.711538 0.949438
vt 0.717949 0.949438
vt 0.711538 0.955056
vt 0.711538 0.943820
vt 0.673077 0.949438
vt 0.673077 0.955056
vt 0.666667 0.949438
vt 0.673077 0.943820
vt 0.685897 0.949438
vt 0.679487 0.960674
vt 0.679487 0.949438
vt 0.698718 0.949438
vt 0.692308 0.949438
vt 0.705128 0.960674
vt 0.705128 0.949438
vt 0.685897 0.932584
vt 0.698718 0.932584
vt 0.679487 0.938202
vt 0.692308 0.932584
vt 0.705128 0.938202
vt 0.685897 0.685393
vt 0.679487 0.932584
vt 0.679487 0.685393
vt 0.698718 0.685393
vt 0.692308 0.685393
vt 0.673077 0.685393
vt 0.666667 0.932584
vt 0.666667 0.685393
vt 0.711538 0.685393
vt 0.705128 0.932584
vt 0.705128 0.685393
vt 0.717949 0.685393
vt 0.711538 0.932584
vt 0.673077 0.932584
vt 0.711538 0.668539
vt 0.717949 0.668539
vt 0.711538 0.674157
vt 0.711538 0.662921
vt 0.673077 0.668539
vt 0.673077 0.674157
vt 0.666667 0.668539
vt 0.673077 0.662921
vt 0.679487 0.668539
vt 0.685897 0.668539
vt 0.692308 0.668539
vt 0.698718 0.668539
vt 0.705128 0.679775
vt 0.705128 0.668539
vt 0.679487 0.679775
vt 0.698718 0.651685
vt 0.705128 0.657303
vt 0.685897 0.651685
vt 0.679487 0.657303
vt 0.692308 0.651685
vt 0.692308 0.668539
vt 0.685897 0.651685
vt 0.692308 0.651685
vt 0.679487 0.657303
vt 0.673077 0.668539
vt 0.673077 0.662921
vt 0.711538 0.662921
vt 0.705128 0.668539
vt 0.705128 0.657303
vt 0.698718 0.651685
vt 0.679487 0.668539
vt 0.698718 0.685393
vt 0.698718 0.668539
vt 0.685897 0.685393
vt 0.685897 0.668539
vt 0.679487 0.679775
vt 0.711538 0.668539
vt 0.705128 0.679775
vt 0.666667 0.668539
vt 0.673077 0.674157
vt 0.717949 0.668539
vt 0.711538 0.674157
vt 0.705128 0.685393
vt 0.698718 0.932584
vt 0.692308 0.685393
vt 0.685897 0.932584
vt 0.679487 0.685393
vt 0.673077 0.932584
vt 0.673077 0.685393
vt 0.717949 0.685393
vt 0.711538 0.932584
vt 0.711538 0.685393
vt 0.705128 0.932584
vt 0.666667 0.932584
vt 0.666667 0.685393
vt 0.692308 0.932584
vt 0.679487 0.932584
vt 0.711538 0.943820
vt 0.705128 0.949438
vt 0.705128 0.938202
vt 0.692308 0.949438
vt 0.679487 0.949438
vt 0.679487 0.938202
vt 0.698718 0.949438
vt 0.685897 0.949438
vt 0.673077 0.943820
vt 0.673077 0.949438
vt 0.705128 0.960674
vt 0.698718 0.966292
vt 0.692308 0.966292
vt 0.685897 0.966292
vt 0.673077 0.955056
vt 0.711538 0.949438
vt 0.679487 0.960674
vt 0.666667 0.949438
vt 0.717949 0.949438
vt 0.711538 0.955056
vt 0.685897 1.000000
vt 0.679487 0.966292
vt 0.673077 1.000000
vt 0.673077 0.966292
vt 0.717949 0.966292
vt 0.711538 1.000000
vt 0.711538 0.966292
vt 0.705128 1.000000
vt 0.705128 0.966292
vt 0.666667 1.000000
vt 0.666667 0.966292
vt 0.692308 1.000000
vt 0.679487 1.000000
vt 0.698718 1.000000
vt 0.717949 1.000000
vt 0.717949 0.932584
vt 0.717949 0.932584
vt 0.717949 1.000000
vn 0.0000 -1.0000 0.0000
vn 1.0000 0.0000 0.0000
vn -1.0000 0.0000 0.0000
vn 0.0000 1.0000 0.0000
vn 0.0196 -0.9987 -0.0473
vn 0.0000 -0.7071 -0.7071
vn 0.1448 -0.6794 -0.7194
vn 0.1448 0.6794 -0.7194
vn 0.0196 0.9987 -0.0473
vn 0.0000 -0.0000 -1.0000
vn 0.1866 0.0000 -0.9824
vn -0.1363 0.7263 0.6737
vn 0.0000 0.0000 1.0000
vn -0.7071 -0.0000 0.7071
vn -0.1363 -0.7263 0.6737
vn 0.0000 -0.7071 0.7071
vn 0.0000 0.7071 0.7071
vn 0.0000 0.7071 -0.7071
vn -0.4617 -0.7574 0.4617
vn -0.6737 -0.7263 0.1363
vn -0.4617 0.7574 0.4617
vn -0.6737 0.7263 0.1363
vn 0.5293 0.6630 -0.5294
vn 0.0671 0.9955 -0.0671
vn 0.5293 -0.6630 -0.5294
vn 0.7071 0.0000 -0.7071
vn 0.0671 -0.9955 -0.0671
vn 0.7194 0.6794 -0.1448
vn 0.7194 -0.6794 -0.1448
vn 0.0473 0.9987 -0.0196
vn 0.9824 -0.0000 -0.1866
vn 0.0473 -0.9987 -0.0196
vn 0.7194 0.6794 0.1448
vn 0.0473 0.9987 0.0196
vn 0.7194 -0.6794 0.1448
vn 0.9824 -0.0000 0.1866
vn -0.6737 0.7263 -0.1363
vn -0.9809 -0.0000 -0.1944
vn -0.6737 -0.7263 -0.1363
vn 0.0473 -0.9987 0.0196
vn -0.4617 -0.7574 -0.4617
vn -0.2611 -0.7311 -0.6303
vn -0.4617 0.7574 -0.4617
vn -0.2611 0.7311 -0.6303
vn 0.0671 0.9955 0.0671
vn 0.5294 0.6630 0.5293
vn 0.7071 0.0000 0.7071
vn 0.5293 -0.6630 0.5294
vn 0.0671 -0.9955 0.0671
vn 0.2962 -0.6333 0.7150
vn 0.0393 -0.9947 0.0948
vn 0.2962 0.6333 0.7150
vn 0.0393 0.9947 0.0948
vn 0.3827 0.0000 0.9239
vn 0.5293 -0.6630 0.5293
vn 0.5293 0.6630 0.5294
v 0.500000 2.000000 0.500000
v -2.500000 2.000000 2.500000
v 2.500000 2.000000 2.500000
v 0.500000 2.000000 -0.500000
v 0.500000 1.500000 0.500000
v -0.500000 2.000000 0.500000
v -2.500000 2.000000 -2.500000
v -0.500000 2.000000 -0.500000
v 2.500000 2.000000 -2.500000
v 0.500000 1.500000 2.500000
v -2.500000 1.500000 0.500000
v -0.500000 1.500000 -2.500000
v 2.500000 1.500000 -0.500000
v -0.500000 1.500000 -0.500000
v 0.500000 1.500000 -0.500000
v -0.500000 1.500000 0.500000
v 2.500000 1.500000 0.500000
v -0.500000 1.500000 2.500000
v -2.500000 1.500000 -0.500000
v 0.500000 1.500000 -2.500000
v 1.500000 1.000000 1.500000
v 2.500000 1.000000 1.500000
v 1.500000 1.000000 -1.500000
v 2.500000 1.000000 -1.500000
v -1.500000 1.000000 -1.500000
v -2.500000 1.000000 -1.500000
v -1.500000 1.000000 1.500000
v -2.500000 1.000000 1.500000
v -1.500000 1.000000 -3.500000
v 1.500000 1.500000 -3.500000
v 1.500000 1.000000 -3.500000
v 1.500000 2.000000 -2.500000
v -1.500000 2.000000 -3.000000
v -1.500000 2.000000 -2.500000
v 1.500000 2.000000 -3.000000
v 1.500000 1.000000 -2.500000
v -1.500000 1.000000 -2.500000
v -1.500000 1.500000 -3.500000
v 2.500000 1.250000 4.500000
v 2.250000 2.000000 4.500000
v 1.500000 1.750000 4.500000
v 1.000000 11.000000 3.500000
v -1.000000 11.000000 2.500000
v -1.000000 11.000000 3.500000
v 1.000000 1.000000 2.500000
v 1.000000 1.000000 3.500000
v -1.000000 1.000000 3.500000
v -1.000000 1.000000 2.500000
v 1.000000 11.000000 2.500000
v 3.500000 1.250000 4.500000
v 3.250000 2.000000 4.500000
v 2.500000 1.750000 4.500000
v 1.750000 2.000000 2.500000
v 1.750000 2.000000 4.500000
v 2.500000 1.250000 2.500000
v 2.500000 1.750000 4.500000
v 1.500000 1.250000 2.500000
v 2.500000 1.750000 2.500000
v 1.750000 1.000000 2.500000
v 2.250000 1.000000 4.500000
v 1.750000 1.000000 4.500000
v 2.250000 1.000000 2.500000
v 1.500000 1.750000 2.500000
v 1.500000 1.250000 4.500000
v 2.750000 2.000000 2.500000
v 2.750000 2.000000 4.500000
v 3.500000 1.250000 2.500000
v 3.500000 1.750000 4.500000
v 2.500000 1.250000 2.500000
v 3.500000 1.750000 2.500000
v 2.750000 1.000000 2.500000
v 3.250000 1.000000 4.500000
v 2.750000 1.000000 4.500000
v 3.250000 1.000000 2.500000
v 2.500000 1.750000 2.500000
v 2.500000 1.250000 4.500000
v -0.500000 2.000000 0.500000
v 0.500000 2.000000 -0.500000
v -0.500000 2.000000 -0.500000
v -2.500000 1.250000 4.500000
v -2.750000 2.000000 4.500000
v -3.500000 1.750000 4.500000
v -1.500000 1.250000 4.500000
v -1.750000 2.000000 4.500000
v -2.500000 1.750000 4.500000
v -3.250000 2.000000 2.500000
v -3.250000 2.000000 4.500000
v -2.500000 1.250000 2.500000
v -2.500000 1.750000 4.500000
v -3.500000 1.250000 2.500000
v -2.500000 1.750000 2.500000
v -3.250000 1.000000 2.500000
v -2.750000 1.000000 4.500000
v -3.250000 1.000000 4.500000
v -2.750000 1.000000 2.500000
v -3.500000 1.750000 2.500000
v -3.500000 1.250000 4.500000
v -2.250000 2.000000 2.500000
v -2.250000 2.000000 4.500000
v -1.500000 1.250000 2.500000
v -1.500000 1.750000 4.500000
v -2.500000 1.250000 2.500000
v -1.500000 1.750000 2.500000
v -2.250000 1.000000 2.500000
v -1.750000 1.000000 4.500000
v -2.250000 1.000000 4.500000
v -1.750000 1.000000 2.500000
v -2.500000 1.750000 2.500000
v -2.500000 1.250000 4.500000
v 1.500000 1.000000 2.500000
v 2.500000 1.000000 2.500000
v -2.500000 1.000000 2.500000
v -1.500000 1.000000 2.500000
v -2.500000 1.000000 -2.500000
v -1.500000 1.000000 -2.500000
v 2.500000 1.000000 -2.500000
v 1.500000 1.000000 -2.500000
v 2.250000 2.000000 2.500000
v 3.250000 2.000000 2.500000
v 0.500000 2.000000 0.500000
v -2.750000 2.000000 2.500000
v -1.750000 2.000000 2.500000
v 3.025888 2.150888 2.661612
v 3.125000 2.000000 2.750000
v 3.088388 2.000000 2.661612
v 3.088388 2.000000 2.838388
v 2.963388 2.088388 2.875000
v 3.000000 2.000000 2.875000
v 2.900888 2.025888 2.661612
v 3.000000 2.000000 2.625000
v 2.911612 2.000000 2.661612
v 2.963388 2.088388 2.625000
v 3.051777 2.176777 2.750000
v 2.900888 2.025888 2.838388
v 2.911612 2.000000 2.838388
v 2.875000 2.213388 2.838388
v 3.025888 2.150888 2.838388
v 2.875000 2.036612 2.661612
v 2.875000 2.125000 2.625000
v 2.875000 2.250000 2.750000
v 2.875000 2.036612 2.838388
v 2.875000 2.000000 2.750000
v 1.000000 2.125000 2.625000
v 1.000000 2.036612 2.661612
v 1.000000 2.213388 2.661612
v 2.875000 2.213388 2.661612
v 1.000000 2.000000 2.750000
v 1.000000 2.213388 2.838388
v 2.875000 2.125000 2.875000
v 1.000000 2.036612 2.838388
v 1.000000 2.250000 2.750000
v 1.000000 2.125000 2.875000
v 2.088388 2.000000 3.161612
v 2.051777 2.176777 3.250000
v 2.125000 2.000000 3.250000
v 2.025888 2.150888 3.338388
v 2.000000 2.000000 3.375000
v 2.088388 2.000000 3.338388
v 1.900888 2.025888 3.161612
v 2.000000 2.000000 3.125000
v 1.911612 2.000000 3.161612
v 1.963388 2.088388 3.125000
v 1.963388 2.088388 3.375000
v 1.911612 2.000000 3.338388
v 1.875000 2.125000 3.375000
v 1.875000 2.036612 3.161612
v 1.875000 2.213388 3.161612
v 2.025888 2.150888 3.161612
v 1.875000 2.250000 3.250000
v 1.875000 2.036612 3.338388
v 1.900888 2.025888 3.338388
v 1.875000 2.000000 3.250000
v 1.000000 2.125000 3.125000
v 1.875000 2.125000 3.125000
v 1.000000 2.036612 3.161612
v 1.000000 2.213388 3.161612
v 1.000000 2.000000 3.250000
v 1.000000 2.213388 3.338388
v 1.875000 2.213388 3.338388
v 1.000000 2.036612 3.338388
v 1.000000 2.250000 3.250000
v 1.000000 2.125000 3.375000
v -3.088388 2.000000 3.338389
v -3.051777 2.176777 3.250000
v -3.125000 2.000000 3.250000
v -3.088388 2.000000 3.161612
v -2.963388 2.088388 3.125000
v -3.000000 2.000000 3.125000
v -2.900888 2.025888 3.338389
v -3.000000 2.000000 3.375000
v -2.911612 2.000000 3.338389
v -2.963388 2.088388 3.375000
v -3.025888 2.150888 3.161612
v -2.900888 2.025888 3.161612
v -2.911612 2.000000 3.161612
v -2.875000 2.125000 3.125000
v -2.875000 2.036612 3.338389
v -2.875000 2.125000 3.375000
v -3.025888 2.150888 3.338389
v -2.875000 2.250000 3.250000
v -2.875000 2.036612 3.161612
v -2.875000 2.000000 3.250000
v -1.000000 2.125000 3.375000
v -1.000000 2.036612 3.338388
v -1.000000 2.213388 3.338388
v -2.875000 2.213388 3.338389
v -1.000000 2.000000 3.250000
v -1.000000 2.213388 3.161612
v -2.875000 2.213388 3.161612
v -1.000000 2.036612 3.161612
v -1.000000 2.250000 3.250000
v -1.000000 2.125000 3.125000
v -2.088388 2.000000 2.838389
v -2.051777 2.176777 2.750000
v -2.125000 2.000000 2.750000
v -2.025888 2.150888 2.661612
v -2.000000 2.000000 2.625000
v -2.088388 2.000000 2.661612
v -1.900888 2.025888 2.838389
v -2.000000 2.000000 2.875000
v -1.911612 2.000000 2.838389
v -1.963388 2.088388 2.875000
v -1.900888 2.025888 2.661612
v -1.911612 2.000000 2.661612
v -1.875000 2.213388 2.661612
v -1.963388 2.088388 2.625000
v -1.875000 2.125000 2.875000
v -2.025888 2.150888 2.838389
v -1.875000 2.250000 2.750000
v -1.875000 2.036612 2.661612
v -1.875000 2.213388 2.838389
v -1.875000 2.000000 2.750000
v -1.875000 2.036612 2.838389
v -1.000000 2.125000 2.875000
v -1.000000 2.036612 2.838388
v -1.000000 2.213388 2.838388
v -1.000000 2.000000 2.750000
v -1.000000 2.213388 2.661612
v -1.875000 2.125000 2.625000
v -1.000000 2.036612 2.661612
v -1.000000 2.250000 2.750000
v -1.000000 2.125000 2.625000
vt 0.102564 0.719101
vt -0.000000 0.988764
vt -0.000000 0.539326
vt 0.102564 0.269663
vt 0.153846 0.224719
vt 0.153846 0.269663
vt 0.102564 0.808989
vt 0.256410 0.988764
vt 0.153846 0.808989
vt 0.256410 0.539326
vt 0.153846 0.719101
vt 0.256410 0.539326
vt -0.000000 0.539326
vt 0.153846 0.494382
vt 0.256410 0.539326
vt -0.000000 0.539326
vt 0.153846 0.494382
vt 0.256410 0.539326
vt -0.000000 0.539326
vt 0.153846 0.494382
vt 0.153846 0.494382
vt 0.102564 0.269663
vt 0.153846 0.224719
vt 0.153846 0.269663
vt 0.102564 0.269663
vt 0.153846 0.224719
vt 0.153846 0.269663
vt 0.102564 0.269663
vt 0.153846 0.224719
vt 0.153846 0.269663
vt 0.102564 0.449438
vt 0.153846 0.269663
vt 0.153846 0.449438
vt -0.000000 0.179775
vt 0.102564 0.269663
vt -0.000000 0.269663
vt 0.153846 0.000000
vt 0.102564 0.179775
vt 0.102564 -0.000000
vt 0.256410 0.269663
vt 0.153846 0.179775
vt 0.256410 0.179775
vt 0.051282 0.359551
vt 0.051282 0.449438
vt 0.205128 0.359551
vt 0.205128 0.449438
vt 0.205128 0.089888
vt 0.205128 0.000000
vt 0.051282 0.089888
vt 0.051282 -0.000000
vt 0.794872 0.359551
vt 0.769231 0.089888
vt 0.794872 0.089888
vt 0.717949 0.089888
vt 0.743590 0.359551
vt 0.717949 0.359551
vt 0.743590 0.089888
vt 0.717949 -0.000000
vt 0.769231 0.044944
vt 0.666667 0.089888
vt 0.666667 0.359551
vt 0.769231 0.359551
vt 0.717949 0.449438
vt 0.769231 0.404494
vt 0.615385 0.651685
vt 0.602564 0.719101
vt 0.564103 0.696629
vt 0.358974 0.898876
vt 0.256410 0.988764
vt 0.256410 0.898876
vt 0.410256 -0.000000
vt 0.358974 -0.000000
vt 0.564103 -0.000000
vt 0.512821 0.898876
vt 0.512821 -0.000000
vt 0.410256 0.898876
vt 0.256410 -0.000000
vt 0.615385 0.292135
vt 0.602564 0.359551
vt 0.564103 0.337079
vt 0.564103 0.449438
vt 0.666667 0.494382
vt 0.564103 0.494382
vt 0.666667 0.382022
vt 0.564103 0.426966
vt 0.564103 0.382022
vt 0.666667 0.651685
vt 0.653846 0.719101
vt 0.615385 0.696629
vt 0.666667 0.584270
vt 0.564103 0.629214
vt 0.564103 0.584270
vt 0.666667 0.561798
vt 0.666667 0.359551
vt 0.564103 0.359551
vt 0.564103 0.516854
vt 0.666667 0.516854
vt 0.666667 0.426966
vt 0.564103 0.561798
vt 0.564103 0.089888
vt 0.666667 0.134831
vt 0.564103 0.134831
vt 0.666667 0.022472
vt 0.564103 0.067416
vt 0.564103 0.022472
vt 0.666667 0.292135
vt 0.653846 0.359551
vt 0.615385 0.337079
vt 0.666667 0.224719
vt 0.564103 0.269663
vt 0.564103 0.224719
vt 0.666667 0.202247
vt 0.666667 0.000000
vt 0.564103 -0.000000
vt 0.564103 0.157303
vt 0.666667 0.157303
vt 0.666667 0.067416
vt 0.564103 0.202247
vt 0.102564 0.808989
vt 0.153846 0.719101
vt 0.153846 0.808989
vt 0.615385 0.651685
vt 0.602564 0.719101
vt 0.564103 0.696629
vt 0.615385 0.292135
vt 0.602564 0.359551
vt 0.564103 0.337079
vt 0.564103 0.449438
vt 0.666667 0.494382
vt 0.564103 0.494382
vt 0.666667 0.382022
vt 0.564103 0.426966
vt 0.564103 0.382022
vt 0.666667 0.651685
vt 0.653846 0.719101
vt 0.615385 0.696629
vt 0.666667 0.584270
vt 0.564103 0.629214
vt 0.564103 0.584270
vt 0.666667 0.561798
vt 0.666667 0.359551
vt 0.564103 0.359551
vt 0.564103 0.516854
vt 0.666667 0.516854
vt 0.666667 0.426966
vt 0.564103 0.561798
vt 0.564103 0.089888
vt 0.666667 0.134831
vt 0.564103 0.134831
vt 0.666667 0.022472
vt 0.564103 0.067416
vt 0.564103 0.022472
vt 0.666667 0.292135
vt 0.653846 0.359551
vt 0.615385 0.337079
vt 0.666667 0.224719
vt 0.564103 0.269663
vt 0.564103 0.224719
vt 0.666667 0.202247
vt 0.666667 0.000000
vt 0.564103 -0.000000
vt 0.564103 0.157303
vt 0.666667 0.157303
vt 0.666667 0.067416
vt 0.564103 0.202247
vt 0.102564 0.224719
vt 0.205128 0.449438
vt 0.256410 0.449438
vt 0.000000 0.449438
vt 0.051282 0.449438
vt 0.102564 0.494382
vt 0.205128 0.449438
vt 0.256410 0.449438
vt -0.000000 0.449438
vt 0.051282 0.449438
vt 0.102564 0.494382
vt 0.205128 0.449438
vt 0.256410 0.449438
vt 0.000000 0.449438
vt 0.051282 0.449438
vt 0.102564 0.494382
vt 0.256410 0.449438
vt -0.000000 0.449438
vt 0.102564 0.494382
vt 0.102564 0.224719
vt 0.102564 0.224719
vt 0.102564 0.224719
vt -0.000000 0.359551
vt 0.256410 0.359551
vt 0.256410 0.089888
vt -0.000000 0.089888
vt 0.769231 -0.000000
vt 0.769231 0.449438
vt 0.564103 0.651685
vt 0.576923 0.629214
vt 0.602564 0.629214
vt 0.615385 0.696629
vt 0.576923 0.719101
vt 0.358974 0.988764
vt 0.564103 0.898876
vt 0.564103 0.292135
vt 0.576923 0.269663
vt 0.602564 0.269663
vt 0.615385 0.337079
vt 0.576923 0.359551
vt 0.666667 0.449438
vt 0.615385 0.651685
vt 0.628205 0.629214
vt 0.653846 0.629214
vt 0.666667 0.696629
vt 0.628205 0.719101
vt 0.666667 0.629214
vt 0.666667 0.089888
vt 0.615385 0.292135
vt 0.628205 0.269663
vt 0.653846 0.269663
vt 0.666667 0.337079
vt 0.628205 0.359551
vt 0.666667 0.269663
vt 0.102564 0.719101
vt 0.564103 0.651685
vt 0.576923 0.629214
vt 0.602564 0.629214
vt 0.615385 0.696629
vt 0.576923 0.719101
vt 0.564103 0.292135
vt 0.576923 0.269663
vt 0.602564 0.269663
vt 0.615385 0.337079
vt 0.576923 0.359551
vt 0.666667 0.449438
vt 0.615385 0.651685
vt 0.628205 0.629214
vt 0.653846 0.629214
vt 0.666667 0.696629
vt 0.628205 0.719101
vt 0.666667 0.629214
vt 0.666667 0.089888
vt 0.615385 0.292135
vt 0.628205 0.269663
vt 0.653846 0.269663
vt 0.666667 0.337079
vt 0.628205 0.359551
vt 0.666667 0.269663
vt 0.634615 0.904494
vt 0.641026 0.921348
vt 0.634615 0.921348
vt 0.647436 0.921348
vt 0.653846 0.904494
vt 0.653846 0.915730
vt 0.621795 0.904494
vt 0.628205 0.915730
vt 0.621795 0.910112
vt 0.628205 0.904494
vt 0.641026 0.904494
vt 0.660256 0.904494
vt 0.660256 0.910112
vt 0.647436 0.887640
vt 0.647436 0.904494
vt 0.621795 0.898876
vt 0.628205 0.893258
vt 0.641026 0.887640
vt 0.660256 0.898876
vt 0.666667 0.904494
vt 0.615385 0.904494
vt 0.621795 0.887640
vt 0.628205 0.719101
vt 0.628205 0.887640
vt 0.615385 0.887640
vt 0.621795 0.719101
vt 0.634615 0.719101
vt 0.634615 0.887640
vt 0.660256 0.887640
vt 0.666667 0.719101
vt 0.666667 0.887640
vt 0.647436 0.719101
vt 0.653846 0.887640
vt 0.660256 0.719101
vt 0.641026 0.719101
vt 0.653846 0.719101
vt 0.583333 0.831461
vt 0.589744 0.814607
vt 0.589744 0.831461
vt 0.596154 0.814607
vt 0.602564 0.825843
vt 0.596154 0.831461
vt 0.570513 0.814607
vt 0.576923 0.825843
vt 0.570513 0.820225
vt 0.576923 0.814607
vt 0.602564 0.814607
vt 0.608974 0.820225
vt 0.602564 0.803371
vt 0.570513 0.808989
vt 0.583333 0.797753
vt 0.583333 0.814607
vt 0.589744 0.797753
vt 0.608974 0.808989
vt 0.608974 0.814607
vt 0.615385 0.814607
vt 0.564103 0.814607
vt 0.570513 0.797753
vt 0.576923 0.719101
vt 0.576923 0.797753
vt 0.564103 0.797753
vt 0.570513 0.719101
vt 0.583333 0.719101
vt 0.608974 0.797753
vt 0.615385 0.719101
vt 0.615385 0.797753
vt 0.596154 0.719101
vt 0.596154 0.797753
vt 0.602564 0.797753
vt 0.608974 0.719101
vt 0.589744 0.719101
vt 0.602564 0.719101
vt 0.634615 0.921348
vt 0.641026 0.904494
vt 0.641026 0.921348
vt 0.647436 0.921348
vt 0.653846 0.904494
vt 0.653846 0.915730
vt 0.621795 0.904494
vt 0.628205 0.915730
vt 0.621795 0.910112
vt 0.628205 0.904494
vt 0.647436 0.904494
vt 0.660256 0.904494
vt 0.660256 0.910112
vt 0.653846 0.893258
vt 0.621795 0.898876
vt 0.628205 0.893258
vt 0.634615 0.904494
vt 0.641026 0.887640
vt 0.660256 0.898876
vt 0.666667 0.904494
vt 0.615385 0.904494
vt 0.621795 0.887640
vt 0.628205 0.719101
vt 0.628205 0.887640
vt 0.615385 0.887640
vt 0.621795 0.719101
vt 0.634615 0.719101
vt 0.634615 0.887640
vt 0.660256 0.887640
vt 0.666667 0.719101
vt 0.666667 0.887640
vt 0.647436 0.719101
vt 0.647436 0.887640
vt 0.653846 0.887640
vt 0.660256 0.719101
vt 0.641026 0.719101
vt 0.653846 0.719101
vt 0.583333 0.831461
vt 0.589744 0.814607
vt 0.589744 0.831461
vt 0.596154 0.814607
vt 0.602564 0.825843
vt 0.596154 0.831461
vt 0.570513 0.814607
vt 0.576923 0.825843
vt 0.570513 0.820225
vt 0.576923 0.814607
vt 0.608974 0.814607
vt 0.608974 0.820225
vt 0.596154 0.797753
vt 0.602564 0.814607
vt 0.576923 0.803371
vt 0.583333 0.814607
vt 0.589744 0.797753
vt 0.608974 0.808989
vt 0.583333 0.797753
vt 0.615385 0.814607
vt 0.564103 0.814607
vt 0.570513 0.808989
vt 0.570513 0.797753
vt 0.576923 0.719101
vt 0.576923 0.797753
vt 0.564103 0.797753
vt 0.570513 0.719101
vt 0.583333 0.719101
vt 0.608974 0.797753
vt 0.615385 0.719101
vt 0.615385 0.797753
vt 0.596154 0.719101
vt 0.602564 0.797753
vt 0.608974 0.719101
vt 0.589744 0.719101
vt 0.602564 0.719101
vt 0.653846 0.893258
vt 0.615385 0.719101
vt 0.576923 0.803371
vt 0.564103 0.719101
vt 0.615385 0.719101
vt 0.602564 0.803371
vt 0.564103 0.719101
vn 0.0000 1.0000 0.0000
vn -1.0000 0.0000 0.0000
vn 0.0000 0.0000 1.0000
vn 0.0000 0.0000 -1.0000
vn 1.0000 0.0000 0.0000
vn 0.0000 -1.0000 0.0000
vn -0.4472 -0.8944 -0.0000
vn 0.0000 -0.8944 -0.4472
vn 0.0000 -0.8944 0.4472
vn 0.4472 -0.8944 -0.0000
vn 0.0000 0.7071 -0.7071
vn -0.7071 -0.7071 0.0000
vn 0.7071 -0.7071 0.0000
vn -0.7071 0.7071 0.0000
vn 0.7071 0.7071 0.0000
vn 0.5294 0.5294 -0.6630
vn 0.9239 0.3827 -0.0000
vn 0.7150 0.2962 -0.6333
vn 0.7150 0.2962 0.6333
vn 0.0671 0.0671 0.9955
vn 0.0948 0.0393 0.9947
vn -0.4617 -0.4617 -0.7574
vn 0.0948 0.0393 -0.9947
vn -0.6303 -0.2611 -0.7311
vn 0.0671 0.0671 -0.9955
vn -0.4617 -0.4617 0.7574
vn -0.6303 -0.2611 0.7311
vn 0.1448 0.7194 0.6794
vn 0.5293 0.5293 0.6630
vn -0.1363 -0.6737 -0.7263
vn 0.0196 0.0473 -0.9987
vn 0.1866 0.9824 0.0000
vn -0.1363 -0.6737 0.7263
vn -0.1944 -0.9809 -0.0000
vn 0.0000 -0.7071 -0.7071
vn 0.1448 0.7194 -0.6794
vn 0.0000 0.7071 0.7071
vn 0.0196 0.0473 0.9987
vn 0.0000 -0.7071 0.7071
vn 0.5293 0.5293 -0.6630
vn -0.7150 0.2962 0.6333
vn -0.9239 0.3827 -0.0000
vn -0.7150 0.2962 -0.6333
vn -0.0671 0.0671 -0.9955
vn -0.0948 0.0393 -0.9947
vn 0.4617 -0.4617 0.7574
vn -0.0948 0.0393 0.9947
vn 0.6303 -0.2611 0.7311
vn -0.0671 0.0671 0.9955
vn -0.5294 0.5293 -0.6630
vn 0.4617 -0.4617 -0.7574
vn 0.6303 -0.2611 -0.7311
vn -0.0196 0.0473 -0.9987
vn 0.1363 -0.6737 0.7263
vn -0.0196 0.0473 0.9987
vn -0.5293 0.5293 0.6630
vn -0.1866 0.9824 -0.0000
vn 0.1363 -0.6737 -0.7263
vn 0.1944 -0.9809 -0.0000
vn -0.1448 0.7194 0.6794
vn -0.1448 0.7194 -0.6794
vn -0.5293 0.5294 -0.6630
v -1.250000 2.000000 1.250000
v 1.250000 2.000000 -1.250000
v -1.250000 2.000000 -1.250000
v -1.250000 2.000000 1.250000
v 2.500000 2.000000 2.500000
v 1.250000 2.000000 1.250000
v -1.250000 2.000000 -1.250000
v -2.500000 2.000000 2.500000
v 1.250000 2.000000 -1.250000
v -2.500000 2.000000 -2.500000
v 2.500000 2.000000 -2.500000
v -2.500000 1.500000 -2.500000
v 2.500000 1.500000 2.500000
v 2.500000 1.500000 -2.500000
v -2.500000 1.500000 2.500000
v 3.000000 1.500000 -3.000000
v 3.000000 1.500000 3.000000
v -3.000000 1.500000 3.000000
v -3.000000 1.500000 -3.000000
v 3.000000 1.000000 -3.000000
v -3.000000 1.000000 3.000000
v -3.000000 1.000000 -3.000000
v 3.000000 1.000000 3.000000
v 0.500000 1.000000 0.500000
v -0.500000 1.000000 0.500000
v -0.500000 1.000000 -0.500000
v 0.500000 1.000000 -0.500000
v 1.500000 2.000000 -2.500000
v -1.500000 2.000000 -3.500000
v -1.500000 2.000000 -2.500000
v -1.500000 1.000000 -3.500000
v 1.500000 2.000000 -3.500000
v 1.500000 1.000000 -3.500000
v 1.500000 1.000000 -2.500000
v -1.500000 1.000000 -2.500000
v 2.000000 2.000000 4.000000
v -2.000000 2.000000 2.500000
v -2.000000 2.000000 4.000000
v 2.000000 1.000000 2.500000
v 2.000000 1.000000 4.000000
v -2.000000 1.000000 4.000000
v -2.000000 1.000000 2.500000
v 1.187500 2.000000 1.812500
v 1.187500 8.000000 2.187500
v 1.187500 2.000000 2.187500
v 0.812500 2.000000 3.312500
v 1.187500 8.000000 3.312500
v 1.187500 2.000000 3.312500
v 0.812500 2.000000 1.812500
v 1.187500 8.000000 1.812500
v -1.187500 2.000000 3.687500
v -1.187500 8.000000 3.312500
v -1.187500 2.000000 3.312500
v -1.187500 2.000000 2.187500
v -1.187500 8.000000 1.812500
v -1.187500 2.000000 1.812500
v -0.812500 2.000000 3.687500
v -1.187500 8.000000 3.687500
v -0.812500 2.000000 2.187500
v -1.187500 8.000000 2.187500
v -0.812500 2.000000 3.312500
v -0.812500 8.000000 3.687500
v -0.812500 2.000000 1.812500
v -0.812500 8.000000 2.187500
v -0.812500 8.000000 3.312500
v 0.812500 2.000000 3.687500
v 0.812500 8.000000 3.312500
v -0.812500 8.000000 1.812500
v 0.812500 2.000000 2.187500
v 0.812500 8.000000 1.812500
v 1.187500 2.000000 3.687500
v 0.812500 8.000000 3.687500
v 0.812500 8.000000 2.187500
v 1.187500 8.000000 3.687500
v -1.500000 8.000000 1.500000
v 1.500000 8.000000 4.000000
v -1.500000 8.000000 4.000000
v 1.500000 8.250000 4.000000
v -1.500000 8.250000 1.500000
v -1.500000 8.250000 4.000000
v 1.500000 8.250000 1.500000
v 1.500000 8.000000 1.500000
v 1.187500 8.250000 1.812500
v 1.187500 14.250000 2.187501
v 1.187500 8.250000 2.187500
v 0.812500 8.250000 1.812500
v 1.187500 14.250000 1.812501
v -1.187500 8.250000 2.187500
v -1.187500 14.250000 1.812501
v -1.187500 8.250000 1.812500
v -0.812500 8.250000 2.187500
v -1.187500 14.250000 2.187501
v -0.812500 8.250000 1.812500
v -0.812500 14.250000 2.187501
v -0.812500 14.250000 1.812501
v 0.812500 8.250000 2.187500
v 0.812500 14.250000 1.812501
v 0.812500 14.250000 2.187501
v 1.187500 8.250000 2.812500
v 1.187500 14.250000 3.187501
v 1.187500 8.250000 3.187500
v 0.812500 8.250000 2.812500
v 1.187500 14.250000 2.812501
v -1.187500 8.250000 3.187500
v -1.187500 14.250000 2.812501
v -1.187500 8.250000 2.812500
v -0.812500 8.250000 3.187500
v -1.187500 14.250000 3.187501
v -0.812500 8.250000 2.812500
v -0.812500 14.250000 3.187501
v -0.812500 14.250000 2.812501
v 0.812500 8.250000 3.187500
v 0.812500 14.250000 2.812501
v 0.812500 14.250000 3.187501
v -1.500000 14.250000 1.500001
v 1.500000 14.250000 3.500001
v -1.500000 14.250000 3.500001
v 0.812500 8.000000 2.000000
v -0.812500 2.000000 2.000000
v -0.812500 8.000000 2.000000
v -0.812500 2.000000 3.500000
v 0.812500 8.000000 3.500000
v -0.812500 8.000000 3.500000
v -1.000000 2.000000 2.187500
v -1.000000 8.000000 3.312500
v -1.000000 8.000000 2.187500
v 1.000000 8.000000 3.312500
v 1.000000 2.000000 2.187500
v 1.000000 8.000000 2.187500
v 0.812500 14.250000 2.000001
v -0.812500 8.250000 2.000000
v -0.812500 14.250000 2.000001
v -0.812500 8.250000 3.000000
v 0.812500 14.250000 3.000001
v -0.812500 14.250000 3.000001
v -1.000000 8.250000 2.187500
v -1.000000 14.250000 2.812501
v -1.000000 14.250000 2.187501
v 1.000000 14.250000 2.812501
v 1.000000 8.250000 2.187500
v 1.000000 14.250000 2.187501
v 1.500000 14.500000 3.500001
v -1.500000 14.500000 1.500001
v -1.500000 14.500000 3.500001
v 1.500000 14.500000 1.500001
v 1.500000 14.250000 1.500001
v 0.375000 10.000000 2.250000
v 0.198223 10.073223 2.250000
v 0.551777 10.426777 2.250000
v -0.375000 10.000000 2.250000
v -0.551777 10.073223 2.250000
v -0.198223 10.426777 2.250000
v -0.812500 2.000000 2.000000
v 0.812500 8.000000 2.000000
v -0.812500 8.000000 2.000000
v 0.812500 8.000000 3.500000
v -0.812500 2.000000 3.500000
v -0.812500 8.000000 3.500000
v -1.000000 8.000000 3.312500
v -1.000000 2.000000 2.187500
v -1.000000 8.000000 2.187500
v 1.000000 2.000000 2.187500
v 1.000000 8.000000 3.312500
v 1.000000 8.000000 2.187500
v -0.812500 8.250000 2.000000
v 0.812500 14.250000 2.000001
v -0.812500 14.250000 2.000001
v 0.812500 14.250000 3.000001
v -0.812500 8.250000 3.000000
v -0.812500 14.250000 3.000001
v -1.000000 14.250000 2.812501
v -1.000000 8.250000 2.187500
v -1.000000 14.250000 2.187501
v 1.000000 8.250000 2.187500
v 1.000000 14.250000 2.812501
v 1.000000 14.250000 2.187501
v 1.250000 2.000000 1.250000
v 2.000000 2.000000 2.500000
v 0.812500 2.000000 2.000000
v 0.812500 2.000000 3.500000
v -1.000000 2.000000 3.312500
v 1.000000 2.000000 3.312500
v 0.812500 8.250000 2.000000
v 0.812500 8.250000 3.000000
v -1.000000 8.250000 2.812500
v 1.000000 8.250000 2.812500
v 0.125000 10.250000 2.250000
v 0.198223 10.426777 2.250000
v 0.375000 10.500000 2.250000
v 0.625000 10.250000 2.250000
v 0.551777 10.073223 2.250000
v -0.625000 10.250000 2.250000
v -0.551777 10.426777 2.250000
v -0.375000 10.500000 2.250000
v -0.125000 10.250000 2.250000
v -0.198223 10.073223 2.250000
v 0.812500 2.000000 2.000000
v 0.812500 2.000000 3.500000
v -1.000000 2.000000 3.312500
v 1.000000 2.000000 3.312500
v 0.812500 8.250000 2.000000
v 0.812500 8.250000 3.000000
v -1.000000 8.250000 2.812500
v 1.000000 8.250000 2.812500
v 0.551777 2.000000 2.676777
v 0.375000 10.000000 2.750000
v 0.375000 2.000000 2.750000
v 0.198223 2.000000 2.676777
v 0.125000 10.000000 2.500000
v 0.125000 2.000000 2.500000
v 0.198223 2.000000 2.323223
v 0.375000 2.000000 2.250000
v 0.551777 10.000000 2.323224
v 0.551777 2.000000 2.323223
v 0.625000 2.000000 2.500000
v 0.551777 10.000000 2.676777
v 0.198223 10.000000 2.676777
v 0.198223 10.000000 2.323224
v 0.625000 10.000000 2.500000
v 0.625000 10.176777 2.426777
v 0.551777 10.301777 2.551777
v 0.375000 10.353554 2.603554
v 0.198223 10.301777 2.551777
v 0.125000 10.176777 2.426777
v 0.198223 10.051777 2.301777
v 0.551777 10.051777 2.301777
v -0.198223 2.000000 2.676777
v -0.375000 10.000000 2.750000
v -0.375000 2.000000 2.750000
v -0.551777 2.000000 2.676777
v -0.625000 10.000000 2.500000
v -0.625000 2.000000 2.500000
v -0.551777 2.000000 2.323223
v -0.375000 2.000000 2.250000
v -0.198223 10.000000 2.323224
v -0.198223 2.000000 2.323223
v -0.125000 2.000000 2.500000
v -0.198223 10.000000 2.676777
v -0.551777 10.000000 2.676777
v -0.551777 10.000000 2.323224
v -0.125000 10.000000 2.500000
v -0.125000 10.176777 2.426777
v -0.198223 10.301777 2.551777
v -0.551777 10.301777 2.551777
v -0.551777 10.051777 2.301777
v -0.375000 10.353554 2.603554
v -0.625000 10.176777 2.426777
v -0.198223 10.051777 2.301777
vt 0.155844 0.875000
vt 0.285714 0.666667
vt 0.285714 0.875000
vt 0.090909 0.437500
vt 0.025974 0.125000
vt 0.090909 0.229167
vt 0.220779 0.437500
vt 0.025974 0.541667
vt 0.220779 0.229167
vt 0.285714 0.541667
vt 0.285714 0.125000
vt 0.025974 0.125000
vt 0.285714 0.083333
vt 0.285714 0.125000
vt 0.025974 0.125000
vt 0.285714 0.083333
vt 0.285714 0.125000
vt 0.285714 0.083333
vt 0.025974 0.125000
vt 0.285714 0.083333
vt 0.285714 0.125000
vt 0.025974 0.083333
vt 0.311688 0.041667
vt 0.025974 0.083333
vt 0.311688 0.041667
vt 0.025974 0.083333
vt 0.311688 0.041667
vt 0.025974 0.083333
vt 0.311688 0.041667
vt -0.000000 0.041667
vt 0.311688 -0.000000
vt 0.000000 0.041667
vt 0.311688 0.000000
vt 0.000000 0.041667
vt 0.311688 0.000000
vt 0.000000 0.041667
vt 0.311688 0.000000
vt 0.129870 0.291667
vt 0.129870 0.375000
vt 0.181818 0.375000
vt 0.181818 0.291667
vt 0.441558 0.625000
vt 0.493506 0.875000
vt 0.441558 0.875000
vt 0.545455 0.875000
vt 0.493506 0.625000
vt 0.545455 0.625000
vt 0.493506 0.541667
vt 0.441558 0.541667
vt 0.441558 0.958333
vt 0.493506 0.958333
vt 0.337662 0.083333
vt 0.415584 0.416667
vt 0.337662 0.416667
vt 0.415584 -0.000000
vt 0.337662 -0.000000
vt 0.337662 0.500000
vt 0.415584 0.500000
vt 0.285714 0.083333
vt 0.285714 0.416667
vt 0.324675 0.500000
vt 0.305195 1.000000
vt 0.305195 0.500000
vt 0.344156 0.500000
vt 0.324675 1.000000
vt 0.324675 0.500000
vt 0.344156 0.500000
vt 0.324675 1.000000
vt 0.363636 0.500000
vt 0.344156 1.000000
vt 0.344156 0.500000
vt 0.363636 0.500000
vt 0.344156 1.000000
vt 0.344156 0.500000
vt 0.305195 0.500000
vt 0.285714 1.000000
vt 0.285714 0.500000
vt 0.305195 0.500000
vt 0.285714 1.000000
vt 0.285714 0.500000
vt 0.324675 0.500000
vt 0.305195 1.000000
vt 0.324675 0.500000
vt 0.305195 1.000000
vt 0.324675 1.000000
vt 0.363636 0.500000
vt 0.344156 1.000000
vt 0.324675 1.000000
vt 0.363636 0.500000
vt 0.344156 1.000000
vt 0.305195 0.500000
vt 0.285714 1.000000
vt 0.285714 0.500000
vt 0.285714 1.000000
vt 0.285714 0.500000
vt 0.305195 1.000000
vt 0.675325 0.750000
vt 0.545455 1.000000
vt 0.545455 0.750000
vt 0.545455 0.750000
vt 0.675325 1.000000
vt 0.545455 1.000000
vt 0.688312 1.000000
vt 0.675325 0.750000
vt 0.688312 0.750000
vt 0.688312 1.000000
vt 0.675325 0.750000
vt 0.688312 0.750000
vt 0.675325 0.729167
vt 0.545455 0.729167
vt 0.675325 0.729167
vt 0.545455 0.750000
vt 0.545455 0.729167
vt 0.402597 0.500000
vt 0.383117 1.000000
vt 0.383117 0.500000
vt 0.422078 0.500000
vt 0.402597 1.000000
vt 0.441558 0.500000
vt 0.422078 1.000000
vt 0.422078 0.500000
vt 0.383117 0.500000
vt 0.363636 1.000000
vt 0.363636 0.500000
vt 0.402597 0.500000
vt 0.383117 1.000000
vt 0.402597 1.000000
vt 0.441558 0.500000
vt 0.422078 1.000000
vt 0.363636 1.000000
vt 0.363636 0.500000
vt 0.402597 0.500000
vt 0.383117 1.000000
vt 0.383117 0.500000
vt 0.422078 0.500000
vt 0.402597 1.000000
vt 0.441558 0.500000
vt 0.422078 1.000000
vt 0.422078 0.500000
vt 0.383117 0.500000
vt 0.363636 1.000000
vt 0.363636 0.500000
vt 0.402597 0.500000
vt 0.383117 1.000000
vt 0.402597 1.000000
vt 0.441558 0.500000
vt 0.422078 1.000000
vt 0.363636 1.000000
vt 0.363636 0.500000
vt 0.792208 0.750000
vt 0.688312 1.000000
vt 0.688312 0.750000
vt 0.415584 0.500000
vt 0.500000 0.000000
vt 0.500000 0.500000
vt 0.415584 0.000000
vt 0.500000 0.500000
vt 0.415584 0.500000
vt 0.500000 0.000000
vt 0.558442 0.500000
vt 0.500000 0.500000
vt 0.500000 0.500000
vt 0.558442 0.000000
vt 0.558442 0.500000
vt 0.558442 0.500000
vt 0.642857 0.000000
vt 0.642857 0.500000
vt 0.558442 0.000000
vt 0.642857 0.500000
vt 0.558442 0.500000
vt 0.642857 0.000000
vt 0.675325 0.500000
vt 0.642857 0.500000
vt 0.642857 0.500000
vt 0.675325 0.000000
vt 0.675325 0.500000
vt 0.688312 0.750000
vt 0.792208 1.000000
vt 0.688312 1.000000
vt 0.805195 1.000000
vt 0.792208 0.750000
vt 0.805195 0.750000
vt 0.805195 1.000000
vt 0.792208 0.750000
vt 0.805195 0.750000
vt 0.792208 0.729167
vt 0.688312 0.729167
vt 0.792208 0.729167
vt 0.688312 0.750000
vt 0.688312 0.729167
vt 0.636364 0.625272
vt 0.645427 0.631294
vt 0.627300 0.660373
vt 0.662338 0.624730
vt 0.671640 0.630911
vt 0.653036 0.660756
vt 0.500000 0.000000
vt 0.415584 0.500000
vt 0.500000 0.500000
vt 0.500000 0.500000
vt 0.415584 0.000000
vt 0.415584 0.500000
vt 0.558442 0.500000
vt 0.500000 0.000000
vt 0.500000 0.500000
vt 0.558442 0.000000
vt 0.500000 0.500000
vt 0.558442 0.500000
vt 0.642857 0.000000
vt 0.558442 0.500000
vt 0.642857 0.500000
vt 0.642857 0.500000
vt 0.558442 0.000000
vt 0.558442 0.500000
vt 0.675325 0.500000
vt 0.642857 0.000000
vt 0.642857 0.500000
vt 0.675325 0.000000
vt 0.642857 0.500000
vt 0.675325 0.500000
vt 0.155844 0.666667
vt -0.000000 -0.000000
vt -0.000000 -0.000000
vt -0.000000 -0.000000
vt -0.000000 -0.000000
vt 0.415584 0.083333
vt 0.363636 1.000000
vt 0.363636 1.000000
vt 0.363636 1.000000
vt 0.363636 1.000000
vt 0.675325 1.000000
vt 0.675325 1.000000
vt 0.441558 1.000000
vt 0.441558 1.000000
vt 0.441558 1.000000
vt 0.441558 1.000000
vt 0.792208 1.000000
vt 0.415584 0.000000
vt 0.500000 0.000000
vt 0.558442 0.000000
vt 0.500000 0.000000
vt 0.558442 0.000000
vt 0.642857 0.000000
vt 0.675325 0.000000
vt 0.642857 0.000000
vt 0.792208 1.000000
vt 0.649182 0.645834
vt 0.645427 0.660374
vt 0.636364 0.666396
vt 0.623546 0.645834
vt 0.627300 0.631294
vt 0.675493 0.645833
vt 0.671640 0.660756
vt 0.662338 0.666937
vt 0.649182 0.645833
vt 0.653035 0.630911
vt 0.415584 0.000000
vt 0.500000 0.000000
vt 0.558442 0.000000
vt 0.500000 0.000000
vt 0.558442 0.000000
vt 0.642857 0.000000
vt 0.675325 0.000000
vt 0.642857 0.000000
vt 0.724026 -0.000000
vt 0.714286 0.666667
vt 0.714286 0.000000
vt 0.704545 -0.000000
vt 0.694805 0.666667
vt 0.694805 0.000000
vt 0.685065 0.000000
vt 0.675325 0.666667
vt 0.675325 -0.000000
vt 0.753247 0.000000
vt 0.743506 0.666667
vt 0.743506 -0.000000
vt 0.733766 -0.000000
vt 0.724026 0.666667
vt 0.704545 0.666667
vt 0.685065 0.666667
vt 0.733766 0.666667
vt 0.724026 0.671875
vt 0.733766 0.697917
vt 0.724026 0.697917
vt 0.704545 0.671875
vt 0.714286 0.697917
vt 0.704545 0.697917
vt 0.685065 0.692708
vt 0.694805 0.697917
vt 0.685065 0.697917
vt 0.733766 0.682292
vt 0.743506 0.697917
vt 0.694805 0.682292
vt 0.704545 0.723958
vt 0.694805 0.713542
vt 0.685065 0.703125
vt 0.733766 0.713542
vt 0.724026 0.723958
vt 0.714286 0.729167
vt 0.743506 0.692708
vt 0.753247 0.697917
vt 0.743506 0.703125
vt 0.675325 0.697917
vt 0.801948 0.000000
vt 0.792208 0.666667
vt 0.792208 0.000000
vt 0.782468 0.000000
vt 0.772727 0.666667
vt 0.772727 0.000000
vt 0.762987 -0.000000
vt 0.753247 0.666667
vt 0.753247 0.000000
vt 0.831169 0.000000
vt 0.821429 0.666667
vt 0.821429 -0.000000
vt 0.811688 -0.000000
vt 0.801948 0.666667
vt 0.782468 0.666667
vt 0.762987 0.666667
vt 0.811688 0.666667
vt 0.801948 0.671875
vt 0.811688 0.697917
vt 0.801948 0.697917
vt 0.782468 0.697917
vt 0.782468 0.671875
vt 0.772727 0.682292
vt 0.762987 0.697917
vt 0.762987 0.692708
vt 0.821429 0.692708
vt 0.811688 0.682292
vt 0.792208 0.697917
vt 0.772727 0.697917
vt 0.782468 0.723958
vt 0.772727 0.713542
vt 0.762987 0.703125
vt 0.821429 0.697917
vt 0.811688 0.713542
vt 0.801948 0.723958
vt 0.792208 0.729167
vt 0.831169 0.697917
vt 0.821429 0.703125
vt 0.753247 0.697917
vt 0.753247 0.666667
vt 0.831169 0.666667
vn 0.0000 1.0000 0.0000
vn 0.0000 0.0000 -1.0000
vn 0.0000 0.0000 1.0000
vn 1.0000 0.0000 0.0000
vn -1.0000 0.0000 0.0000
vn 0.0000 0.6000 -0.8000
vn 0.8000 0.6000 0.0000
vn 0.0000 0.6000 0.8000
vn -0.8000 0.6000 0.0000
vn 0.0000 -1.0000 0.0000
vn 0.7071 -0.0000 0.7071
vn -0.0000 0.1866 0.9824
vn -0.7071 -0.0000 0.7071
vn -0.9987 0.0196 0.0473
vn -0.7071 0.0000 -0.7071
vn -0.0000 -0.1944 -0.9809
vn 0.7263 -0.1363 -0.6737
vn 0.7071 0.0000 -0.7071
vn 0.6794 0.1448 0.7194
vn -0.6794 0.1448 0.7194
vn -0.7263 -0.1363 -0.6737
vn 0.9987 0.0196 0.0473
vn 0.9955 0.0671 0.0671
vn 0.6630 0.5294 0.5294
vn -0.0000 0.7071 0.7071
vn -0.6630 0.5294 0.5294
vn -0.9955 0.0671 0.0671
vn -0.7574 -0.4617 -0.4617
vn 0.7574 -0.4617 -0.4617
vn -0.6333 0.7150 0.2962
vn -0.9947 0.0948 0.0393
vn -0.7311 -0.6303 -0.2611
vn 0.9947 0.0948 0.0393
vn 0.6333 0.7150 0.2962
vn -0.0000 0.9239 0.3827
vn 0.7311 -0.6303 -0.2611
v 0.562500 3.500000 -3.187500
v 0.937500 3.500000 -2.812500
v 0.562500 3.500000 -2.812500
v 0.937500 14.500000 -2.812499
v 0.562500 14.500000 -3.187499
v 0.562500 14.500000 -2.812499
v 0.937500 3.500000 -3.187500
v 0.937500 14.500000 -3.187499
v -0.937500 5.750000 -1.812500
v 0.937500 6.125000 -1.812500
v 0.937500 5.750000 -1.812500
v -0.562500 6.125000 -1.187500
v -0.937500 5.750000 -0.812500
v -0.562500 5.750000 -1.187500
v -0.937500 6.125000 -0.812500
v -0.937500 6.125000 -1.812500
v 0.937500 5.750000 -0.812500
v 0.562500 6.125000 -1.187500
v 0.937500 6.125000 -0.812500
v 0.562500 5.750000 -1.187500
v -0.937500 8.750000 -1.812500
v 0.937500 9.125000 -1.812500
v 0.937500 8.750000 -1.812500
v -0.562500 9.125000 -0.937500
v -0.937500 8.750000 -0.562500
v -0.562500 8.750000 -0.937500
v -0.937500 9.125000 -0.562500
v -0.937500 9.125000 -1.812500
v 0.937500 8.750000 -0.562500
v 0.562500 9.125000 -0.937500
v 0.937500 9.125000 -0.562500
v 0.562500 8.750000 -0.937500
v -0.937500 10.750000 -1.812500
v 0.937500 11.125000 -1.812500
v 0.937500 10.750000 -1.812500
v -0.562500 11.125000 -0.937500
v -0.937500 10.750000 -0.562500
v -0.562500 10.750000 -0.937500
v -0.937500 11.125000 -0.562500
v -0.937500 11.125000 -1.812500
v 0.937500 10.750000 -0.562500
v 0.562500 11.125000 -0.937500
v 0.937500 11.125000 -0.562500
v 0.562500 10.750000 -0.937500
v -0.562500 8.812500 -1.812500
v 0.562500 8.812500 -2.062500
v 0.562500 8.812500 -1.812500
v -0.562500 11.062500 -2.062500
v 0.562500 10.812500 -2.062500
v -0.562500 10.812500 -2.062500
v 0.562500 11.062500 -1.812500
v -0.562500 11.062500 -1.812500
v -0.562500 10.812500 -1.812500
v 0.562500 10.812500 -1.812500
v 0.562500 9.062500 -1.812500
v -0.562500 9.062500 -2.062500
v -0.562500 9.062500 -1.812500
v -0.562500 8.812500 -2.062500
v -0.562500 5.812500 -1.812500
v 0.562500 5.812500 -2.062500
v 0.562500 5.812500 -1.812500
v 0.562500 6.062500 -1.812500
v -0.562500 6.062500 -2.062500
v -0.562500 6.062500 -1.812500
v -0.562500 5.812500 -2.062500
v -0.562500 3.500000 -3.000000
v 0.562500 14.500000 -2.999999
v 0.562500 3.500000 -3.000000
v -0.750000 14.500000 -2.187499
v -0.750000 3.500000 -2.812500
v -0.750000 3.500000 -2.187500
v 0.562500 14.500000 -1.999999
v -0.562500 3.500000 -2.000000
v 0.562500 3.500000 -2.000000
v 0.750000 3.500000 -2.812500
v 0.750000 14.500000 -2.187499
v 0.750000 3.500000 -2.187500
v 0.562500 3.500000 -2.187500
v 0.937500 3.500000 -1.812500
v 0.562500 3.500000 -1.812500
v 0.937500 14.500000 -1.812499
v 0.562500 14.500000 -2.187499
v 0.562500 14.500000 -1.812499
v 0.937500 3.500000 -2.187500
v 0.937500 14.500000 -2.187499
v -0.937500 3.500000 -3.187500
v -0.562500 3.500000 -2.812500
v -0.937500 3.500000 -2.812500
v -0.562500 14.500000 -2.812499
v -0.937500 14.500000 -3.187499
v -0.937500 14.500000 -2.812499
v -0.562500 3.500000 -3.187500
v -0.562500 14.500000 -3.187499
v -0.937500 3.500000 -2.187500
v -0.562500 3.500000 -1.812500
v -0.937500 3.500000 -1.812500
v -0.562500 14.500000 -1.812499
v -0.937500 14.500000 -2.187499
v -0.937500 14.500000 -1.812499
v -0.562500 3.500000 -2.187500
v -0.562500 14.500000 -2.187499
v 0.562500 14.500000 -2.999999
v -0.562500 3.500000 -3.000000
v 0.562500 3.500000 -3.000000
v -0.750000 3.500000 -2.812500
v -0.750000 14.500000 -2.187499
v -0.750000 3.500000 -2.187500
v -0.562500 3.500000 -2.000000
v 0.562500 14.500000 -1.999999
v 0.562500 3.500000 -2.000000
v 0.750000 14.500000 -2.187499
v 0.750000 3.500000 -2.812500
v 0.750000 3.500000 -2.187500
v 0.562500 11.062500 -2.062500
v 0.562500 9.062500 -2.062500
v 0.562500 6.062500 -2.062500
v -0.562500 14.500000 -2.999999
v -0.750000 14.500000 -2.812499
v -0.562500 14.500000 -1.999999
v 0.750000 14.500000 -2.812499
v -0.562500 14.500000 -2.999999
v -0.750000 14.500000 -2.812499
v -0.562500 14.500000 -1.999999
v 0.750000 14.500000 -2.812499
vt 0.850649 0.031250
vt 0.831169 -0.000000
vt 0.850649 -0.000000
vt 0.831169 0.979167
vt 0.850649 0.947917
vt 0.850649 0.979167
vt 0.870130 0.031250
vt 0.889610 0.031250
vt 0.870130 0.947917
vt 0.909091 0.031250
vt 0.889610 0.947917
vt 0.831169 0.947917
vt 0.831169 0.031250
vt 0.136364 0.739583
vt 0.038961 0.770833
vt 0.038961 0.739583
vt 0.116883 0.875000
vt 0.136364 0.906250
vt 0.116883 0.906250
vt 0.155844 0.791667
vt 0.136364 0.875000
vt 0.136364 0.791667
vt 0.038961 0.791667
vt 0.136364 0.791667
vt 0.058442 0.843750
vt 0.038961 0.791667
vt 0.019481 0.875000
vt 0.019481 0.791667
vt 0.058442 0.843750
vt 0.038961 0.875000
vt 0.058442 0.906250
vt 0.038961 0.906250
vt 0.058442 0.875000
vt 0.136364 0.739583
vt 0.038961 0.770833
vt 0.038961 0.739583
vt 0.116883 0.875000
vt 0.136364 0.906250
vt 0.116883 0.906250
vt 0.155844 0.770833
vt 0.136364 0.875000
vt 0.136364 0.770833
vt 0.038961 0.770833
vt 0.136364 0.770833
vt 0.058442 0.843750
vt 0.019481 0.875000
vt 0.019481 0.770833
vt 0.058442 0.843750
vt 0.038961 0.875000
vt 0.058442 0.906250
vt 0.038961 0.906250
vt 0.058442 0.875000
vt 0.136364 0.739583
vt 0.038961 0.770833
vt 0.038961 0.739583
vt 0.116883 0.875000
vt 0.136364 0.906250
vt 0.116883 0.906250
vt 0.155844 0.770833
vt 0.136364 0.875000
vt 0.136364 0.770833
vt 0.038961 0.770833
vt 0.136364 0.770833
vt 0.058442 0.843750
vt 0.019481 0.875000
vt 0.019481 0.770833
vt 0.058442 0.843750
vt 0.038961 0.875000
vt 0.058442 0.906250
vt 0.038961 0.906250
vt 0.058442 0.875000
vt 0.967532 0.916667
vt 0.909091 0.937500
vt 0.909091 0.916667
vt 0.967532 0.958333
vt 0.909091 0.937500
vt 0.967532 0.937500
vt 0.909091 0.979167
vt 0.967532 0.979167
vt 0.967532 0.916667
vt 0.909091 0.916667
vt 0.909091 0.979167
vt 0.967532 0.958333
vt 0.967532 0.979167
vt 0.967532 0.937500
vt 0.967532 0.916667
vt 0.909091 0.937500
vt 0.909091 0.916667
vt 0.909091 0.979167
vt 0.967532 0.958333
vt 0.967532 0.979167
vt 0.967532 0.937500
vt 0.967532 0.000000
vt 0.909091 0.916667
vt 0.909091 -0.000000
vt 1.000000 0.916667
vt 0.967532 -0.000000
vt 1.000000 -0.000000
vt 0.967532 0.916667
vt 0.909091 -0.000000
vt 0.967532 0.000000
vt 1.000000 -0.000000
vt 0.967532 0.916667
vt 0.967532 -0.000000
vt 0.850649 0.031250
vt 0.831169 -0.000000
vt 0.850649 -0.000000
vt 0.831169 0.979167
vt 0.850649 0.947917
vt 0.850649 0.979167
vt 0.870130 0.031250
vt 0.889610 0.031250
vt 0.870130 0.947917
vt 0.909091 0.031250
vt 0.889610 0.947917
vt 0.831169 0.947917
vt 0.831169 0.031250
vt 0.850649 0.031250
vt 0.831169 -0.000000
vt 0.850649 -0.000000
vt 0.831169 0.979167
vt 0.850649 0.947917
vt 0.850649 0.979167
vt 0.870130 0.031250
vt 0.889610 0.031250
vt 0.870130 0.947917
vt 0.909091 0.031250
vt 0.889610 0.947917
vt 0.831169 0.947917
vt 0.831169 0.031250
vt 0.850649 0.031250
vt 0.831169 -0.000000
vt 0.850649 -0.000000
vt 0.831169 0.979167
vt 0.850649 0.947917
vt 0.850649 0.979167
vt 0.870130 0.031250
vt 0.889610 0.031250
vt 0.870130 0.947917
vt 0.909091 0.031250
vt 0.889610 0.947917
vt 0.831169 0.947917
vt 0.831169 0.031250
vt 0.909091 0.916667
vt 0.967532 0.000000
vt 0.909091 -0.000000
vt 0.967532 -0.000000
vt 1.000000 0.916667
vt 1.000000 -0.000000
vt 0.909091 -0.000000
vt 0.967532 0.916667
vt 0.967532 0.000000
vt 0.967532 0.916667
vt 1.000000 -0.000000
vt 0.967532 -0.000000
vt 0.909091 0.947917
vt 0.136364 0.770833
vt 0.155844 0.875000
vt 0.136364 0.875000
vt 0.116883 0.843750
vt 0.038961 0.875000
vt 0.116883 0.843750
vt 0.155844 0.875000
vt 0.136364 0.875000
vt 0.116883 0.843750
vt 0.038961 0.875000
vt 0.116883 0.843750
vt 0.155844 0.875000
vt 0.136364 0.875000
vt 0.116883 0.843750
vt 0.038961 0.875000
vt 0.116883 0.843750
vt 0.909091 0.958333
vt 0.909091 0.958333
vt 0.909091 0.958333
vt 0.967532 0.916667
vt 0.967532 0.916667
vt 0.909091 0.916667
vt 1.000000 0.916667
vt 0.909091 0.947917
vt 0.909091 0.947917
vt 0.909091 0.947917
vt 0.967532 0.916667
vt 0.967532 0.916667
vt 0.909091 0.916667
vt 1.000000 0.916667
vn 0.0000 -1.0000 0.0000
vn 0.0000 1.0000 0.0000
vn -1.0000 0.0000 0.0000
vn 0.0000 -0.0000 1.0000
vn 1.0000 0.0000 0.0000
vn 0.0000 0.0000 -1.0000
vn 0.7071 0.0000 0.7071
vn -0.7071 0.0000 0.7071
v 0.875000 3.500000 -1.875000
v 0.625000 4.500000 -1.875000
v 0.625000 3.500000 -1.875000
v 0.625000 3.500000 -2.125000
v 0.875000 4.500000 -2.125000
v 0.875000 3.500000 -2.125000
v 0.562500 2.000000 -2.187500
v 0.937500 2.000000 -1.812500
v 0.562500 2.000000 -1.812500
v -0.937500 2.000000 -2.187500
v -0.562500 2.000000 -1.812500
v -0.937500 2.000000 -1.812500
v 0.937500 3.500000 -2.812500
v 0.562500 3.500000 -3.187500
v 0.562500 3.500000 -2.812500
v -0.562500 3.500000 -2.812500
v -0.937500 3.500000 -3.187500
v -0.937500 3.500000 -2.812500
v -0.937500 1.500000 -3.187500
v -0.562500 3.500000 -3.187500
v -0.562500 1.500000 -3.187500
v -0.562500 1.500000 -2.812500
v -0.937500 1.500000 -2.812500
v 0.562500 1.500000 -3.187500
v 0.937500 3.500000 -3.187500
v 0.937500 1.500000 -3.187500
v 0.937500 1.500000 -2.812500
v 0.562500 1.500000 -2.812500
v 0.937500 3.500000 -1.812500
v 0.562500 3.500000 -2.187500
v 0.562500 3.500000 -1.812500
v -0.562500 3.500000 -1.812500
v -0.937500 3.500000 -2.187500
v -0.937500 3.500000 -1.812500
v -0.562500 2.000000 -2.187500
v 0.937500 2.000000 -2.187500
v -0.562500 3.500000 -2.187500
v 0.937500 3.500000 -2.187500
v 0.625000 3.500000 -3.125000
v 0.875000 4.500000 -3.125000
v 0.875000 3.500000 -3.125000
v 0.875000 3.500000 -2.875000
v 0.625000 4.500000 -2.875000
v 0.625000 3.500000 -2.875000
v 0.875000 4.500000 -2.875000
v 0.625000 4.500000 -3.125000
v 0.875000 4.500000 -1.875000
v 0.625000 4.500000 -2.125000
v -0.625000 3.500000 -1.875000
v -0.875000 4.500000 -1.875000
v -0.875000 3.500000 -1.875000
v -0.875000 3.500000 -2.125000
v -0.625000 4.500000 -2.125000
v -0.625000 3.500000 -2.125000
v -0.875000 3.500000 -3.125000
v -0.625000 4.500000 -3.125000
v -0.625000 3.500000 -3.125000
v -0.625000 3.500000 -2.875000
v -0.875000 4.500000 -2.875000
v -0.875000 3.500000 -2.875000
v -0.625000 4.500000 -2.875000
v -0.875000 4.500000 -3.125000
v -0.625000 4.500000 -1.875000
v -0.875000 4.500000 -2.125000
v 0.750000 2.000000 -2.187500
v 0.750000 3.500000 -2.812500
v 0.750000 3.500000 -2.187500
v -0.750000 3.500000 -2.812500
v -0.750000 2.000000 -2.187500
v -0.750000 3.500000 -2.187500
v -0.562500 2.000000 -2.000000
v 0.562500 3.500000 -2.000000
v -0.562500 3.500000 -2.000000
v 0.562500 3.500000 -3.000000
v -0.562500 2.000000 -3.000000
v -0.562500 3.500000 -3.000000
v 0.750000 3.500000 -2.812500
v 0.750000 2.000000 -2.187500
v 0.750000 3.500000 -2.187500
v -0.750000 2.000000 -2.187500
v -0.750000 3.500000 -2.812500
v -0.750000 3.500000 -2.187500
v 0.562500 3.500000 -2.000000
v -0.562500 2.000000 -2.000000
v -0.562500 3.500000 -2.000000
v -0.562500 2.000000 -3.000000
v 0.562500 3.500000 -3.000000
v -0.562500 3.500000 -3.000000
v 0.750000 2.000000 -2.812500
v -0.750000 2.000000 -2.812500
v 0.562500 2.000000 -2.000000
v 0.562500 2.000000 -3.000000
v 0.750000 2.000000 -2.812500
v -0.750000 2.000000 -2.812500
v 0.562500 2.000000 -2.000000
v 0.562500 2.000000 -3.000000
vt 0.168831 0.541667
vt 0.155844 0.625000
vt 0.155844 0.541667
vt 0.142857 0.541667
vt 0.129870 0.625000
vt 0.129870 0.541667
vt 0.051948 0.708333
vt 0.071429 0.739583
vt 0.051948 0.739583
vt 0.051948 0.708333
vt 0.071429 0.739583
vt 0.051948 0.739583
vt 0.051948 0.739583
vt 0.071429 0.708333
vt 0.071429 0.739583
vt 0.051948 0.739583
vt 0.071429 0.708333
vt 0.071429 0.739583
vt 0.071429 0.541667
vt 0.051948 0.708333
vt 0.051948 0.541667
vt 0.110390 0.541667
vt 0.090909 0.708333
vt 0.090909 0.541667
vt 0.071429 0.541667
vt 0.051948 0.708333
vt 0.051948 0.541667
vt 0.110390 0.541667
vt 0.090909 0.708333
vt 0.090909 0.541667
vt 0.129870 0.541667
vt 0.110390 0.708333
vt 0.129870 0.541667
vt 0.110390 0.708333
vt 0.051948 0.739583
vt 0.071429 0.708333
vt 0.071429 0.739583
vt 0.051948 0.739583
vt 0.071429 0.708333
vt 0.071429 0.739583
vt 0.110390 0.583333
vt 0.090909 0.708333
vt 0.090909 0.583333
vt 0.129870 0.583333
vt 0.110390 0.708333
vt 0.110390 0.583333
vt 0.090909 0.583333
vt 0.071429 0.583333
vt 0.129870 0.583333
vt 0.110390 0.708333
vt 0.071429 0.583333
vt 0.051948 0.708333
vt 0.051948 0.583333
vt 0.090909 0.708333
vt 0.051948 0.708333
vt 0.051948 0.583333
vt 0.142857 0.541667
vt 0.129870 0.625000
vt 0.129870 0.541667
vt 0.168831 0.541667
vt 0.155844 0.625000
vt 0.155844 0.541667
vt 0.181818 0.541667
vt 0.168831 0.625000
vt 0.142857 0.625000
vt 0.181818 0.541667
vt 0.168831 0.625000
vt 0.142857 0.625000
vt 0.168831 0.541667
vt 0.155844 0.625000
vt 0.155844 0.541667
vt 0.142857 0.541667
vt 0.129870 0.625000
vt 0.129870 0.541667
vt 0.142857 0.541667
vt 0.129870 0.625000
vt 0.129870 0.541667
vt 0.168831 0.541667
vt 0.155844 0.625000
vt 0.155844 0.541667
vt 0.181818 0.541667
vt 0.168831 0.625000
vt 0.142857 0.625000
vt 0.181818 0.541667
vt 0.168831 0.625000
vt 0.142857 0.625000
vt 0.240260 0.541667
vt 0.272727 0.666667
vt 0.240260 0.666667
vt 0.240260 0.666667
vt 0.272727 0.541667
vt 0.272727 0.666667
vt 0.181818 0.541667
vt 0.240260 0.666667
vt 0.181818 0.666667
vt 0.181818 0.666667
vt 0.240260 0.541667
vt 0.240260 0.666667
vt 0.272727 0.666667
vt 0.240260 0.541667
vt 0.240260 0.666667
vt 0.272727 0.541667
vt 0.240260 0.666667
vt 0.272727 0.666667
vt 0.240260 0.666667
vt 0.181818 0.541667
vt 0.181818 0.666667
vt 0.240260 0.541667
vt 0.181818 0.666667
vt 0.240260 0.666667
vt 0.071429 0.708333
vt 0.071429 0.708333
vt 0.129870 0.708333
vt 0.129870 0.708333
vt 0.129870 0.708333
vt 0.129870 0.708333
vt 0.181818 0.625000
vt 0.181818 0.625000
vt 0.181818 0.625000
vt 0.181818 0.625000
vt 0.272727 0.541667
vt 0.240260 0.541667
vt 0.240260 0.541667
vt 0.181818 0.541667
vt 0.272727 0.541667
vt 0.240260 0.541667
vt 0.240260 0.541667
vt 0.181818 0.541667
vn 0.0000 -0.0000 1.0000
vn 0.0000 0.0000 -1.0000
vn 0.0000 -1.0000 0.0000
vn 0.0000 1.0000 0.0000
vn 1.0000 0.0000 0.0000
vn -1.0000 0.0000 0.0000
v 0.125000 5.750000 2.500000
v 0.198223 5.573223 1.000000
v 0.198223 5.573223 2.500000
v 0.375000 5.500000 1.000000
v 0.375000 5.500000 2.500000
v 0.551777 5.573223 2.500000
v 0.625000 5.750000 1.000000
v 0.625000 5.750000 2.500000
v 0.551777 5.573223 1.000000
v 0.551777 5.926777 2.500000
v 0.375000 6.000000 1.000000
v 0.375000 6.000000 2.500000
v 0.198223 5.926777 2.500000
v 0.125000 5.750000 1.000000
v 0.551777 5.926777 1.000000
v 0.198223 5.926777 1.000000
v -0.625000 5.750000 2.500000
v -0.551777 5.573223 1.000000
v -0.551777 5.573223 2.500000
v -0.375000 5.500000 1.000000
v -0.375000 5.500000 2.500000
v -0.198223 5.573223 2.500000
v -0.125000 5.750000 1.000000
v -0.125000 5.750000 2.500000
v -0.198223 5.573223 1.000000
v -0.198223 5.926777 2.500000
v -0.375000 6.000000 1.000000
v -0.375000 6.000000 2.500000
v -0.551777 5.926777 2.500000
v -0.625000 5.750000 1.000000
v -0.198223 5.926777 1.000000
v -0.551777 5.926777 1.000000
v 0.125000 10.250000 2.250000
v 0.198223 10.073223 0.750000
v 0.198223 10.073223 2.250000
v 0.375000 10.000000 0.750000
v 0.375000 10.000000 2.250000
v 0.551777 10.073223 2.250000
v 0.625000 10.250000 0.750000
v 0.625000 10.250000 2.250000
v 0.551777 10.073223 0.750000
v 0.551777 10.426777 2.250000
v 0.375000 10.500000 0.750000
v 0.375000 10.500000 2.250000
v 0.198223 10.426777 2.250000
v 0.125000 10.250000 0.750000
v 0.551777 10.426777 0.750000
v 0.198223 10.426777 0.750000
v -0.625000 10.250000 2.250000
v -0.551777 10.073223 0.750000
v -0.551777 10.073223 2.250000
v -0.375000 10.000000 0.750000
v -0.375000 10.000000 2.250000
v -0.198223 10.073223 2.250000
v -0.125000 10.250000 0.750000
v -0.125000 10.250000 2.250000
v -0.198223 10.073223 0.750000
v -0.198223 10.426777 2.250000
v -0.375000 10.500000 0.750000
v -0.375000 10.500000 2.250000
v -0.551777 10.426777 2.250000
v -0.625000 10.250000 0.750000
v -0.198223 10.426777 0.750000
v -0.551777 10.426777 0.750000
vt 0.538961 0.500000
vt 0.529221 0.625000
vt 0.529221 0.500000
vt 0.519481 0.625000
vt 0.519481 0.500000
vt 0.587662 0.500000
vt 0.577922 0.625000
vt 0.577922 0.500000
vt 0.597403 0.625000
vt 0.587662 0.625000
vt 0.568182 0.500000
vt 0.558442 0.625000
vt 0.558442 0.500000
vt 0.548701 0.500000
vt 0.538961 0.625000
vt 0.568182 0.625000
vt 0.548701 0.625000
vt 0.616883 0.500000
vt 0.607143 0.625000
vt 0.607143 0.500000
vt 0.597403 0.625000
vt 0.597403 0.500000
vt 0.665585 0.500000
vt 0.655844 0.625000
vt 0.655844 0.500000
vt 0.675325 0.625000
vt 0.665585 0.625000
vt 0.646104 0.500000
vt 0.636364 0.625000
vt 0.636364 0.500000
vt 0.626623 0.500000
vt 0.616883 0.625000
vt 0.646104 0.625000
vt 0.626623 0.625000
vt 0.538961 0.500000
vt 0.529221 0.625000
vt 0.529221 0.500000
vt 0.519481 0.625000
vt 0.519481 0.500000
vt 0.587662 0.500000
vt 0.577922 0.625000
vt 0.577922 0.500000
vt 0.597403 0.625000
vt 0.587662 0.625000
vt 0.568182 0.500000
vt 0.558442 0.625000
vt 0.558442 0.500000
vt 0.548701 0.500000
vt 0.538961 0.625000
vt 0.568182 0.625000
vt 0.548701 0.625000
vt 0.616883 0.500000
vt 0.607143 0.625000
vt 0.607143 0.500000
vt 0.597403 0.625000
vt 0.597403 0.500000
vt 0.665585 0.500000
vt 0.655844 0.625000
vt 0.655844 0.500000
vt 0.675325 0.625000
vt 0.665585 0.625000
vt 0.646104 0.500000
vt 0.636364 0.625000
vt 0.636364 0.500000
vt 0.626623 0.500000
vt 0.616883 0.625000
vt 0.646104 0.625000
vt 0.626623 0.625000
vt 0.597403 0.500000
vt 0.675325 0.500000
vt 0.597403 0.500000
vt 0.675325 0.500000
vn -1.0000 0.0000 0.0000
vn -0.7071 -0.7071 0.0000
vn 0.0000 -1.0000 0.0000
vn 0.7071 -0.7071 0.0000
vn 1.0000 -0.0000 0.0000
vn 0.7071 0.7071 0.0000
vn 0.0000 1.0000 0.0000
vn -0.7071 0.7071 0.0000
v 1.500000 2.000000 -1.500000
v -1.500000 2.000000 1.500000
v 1.500000 2.000000 1.500000
v -1.500000 2.000000 1.500000
v 3.500000 2.000000 3.500000
v 1.500000 2.000000 1.500000
v 3.500000 1.750000 3.500000
v 3.250000 1.750000 -3.250000
v 3.500000 1.750000 -3.500000
v 3.500000 2.000000 -3.500000
v -3.500000 2.000000 -3.500000
v -3.500000 1.750000 3.500000
v -3.500000 2.000000 3.500000
v -3.500000 1.750000 -3.500000
v -3.250000 1.000000 -3.250000
v -3.250000 1.750000 -3.250000
v -3.250000 1.750000 3.250000
v 3.250000 1.750000 3.250000
v -1.500000 2.000000 -1.500000
v 3.250000 1.000000 3.250000
v 3.250000 1.000000 -3.250000
v -3.250000 1.000000 3.250000
v 1.500000 2.000000 -1.500000
v 0.500000 1.000000 0.500000
v -0.500000 1.000000 0.500000
v -0.500000 1.000000 -0.500000
v 0.500000 1.000000 -0.500000
v 2.000000 1.500000 -4.500000
v -2.000000 1.000000 -4.500000
v -2.000000 1.500000 -4.500000
v 2.000000 2.000000 -3.500000
v -2.000000 2.000000 -4.000000
v -2.000000 2.000000 -3.500000
v 2.000000 2.000000 -4.000000
v 2.000000 1.000000 -3.500000
v -2.000000 1.000000 -3.500000
v -4.500000 2.000000 1.500000
v -3.500000 2.000000 1.500000
v -3.500000 1.750000 1.500000
v -4.500000 2.000000 4.500000
v -4.500000 1.000000 1.500000
v -4.500000 1.000000 4.500000
v -1.500000 1.000000 4.500000
v -1.500000 1.750000 3.500000
v -1.500000 2.000000 4.500000
v -3.500000 2.000000 3.500000
v -4.500000 4.000000 1.500000
v -1.500000 4.000000 4.500000
v -4.500000 4.000000 4.500000
v -4.500000 4.250000 4.500000
v -1.500000 4.250000 4.500000
v -4.500000 4.250000 1.500000
v -1.500000 4.250000 1.500000
v -1.500000 4.000000 1.500000
v -4.000000 2.000000 4.250000
v -2.000000 4.000000 4.250000
v -4.000000 4.000000 4.250000
v -1.500000 2.000000 2.000000
v -2.000000 4.000000 2.000000
v -2.000000 2.000000 2.000000
v -4.000000 2.000000 1.500000
v -4.000000 4.000000 2.000000
v -4.000000 2.000000 2.000000
v -1.500000 2.000000 1.500000
v -1.500000 4.000000 2.000000
v -4.500000 2.000000 1.500000
v -4.000000 4.000000 1.500000
v -2.000000 2.000000 1.500000
v -1.500000 4.000000 1.500000
v -4.500000 2.000000 4.500000
v -4.500000 4.000000 4.000000
v -4.500000 2.000000 4.000000
v -2.000000 2.000000 4.500000
v -2.000000 4.000000 4.000000
v -2.000000 2.000000 4.000000
v -4.000000 2.000000 4.500000
v -4.500000 4.000000 4.500000
v -1.500000 2.000000 4.500000
v -2.000000 4.000000 4.500000
v -4.000000 2.000000 4.000000
v -4.000000 4.000000 4.500000
v -1.500000 2.000000 4.000000
v -1.500000 4.000000 4.500000
v -4.000000 4.000000 4.000000
v -4.500000 2.000000 2.000000
v -4.500000 4.000000 1.500000
v -1.500000 4.000000 4.000000
v -2.000000 4.000000 1.500000
v -4.500000 4.000000 2.000000
v -2.000000 4.000000 1.750000
v -4.000000 2.000000 1.750000
v -4.000000 4.000000 1.750000
v -1.750000 4.000000 4.000000
v -1.750000 2.000000 2.000000
v -1.750000 4.000000 2.000000
v -4.250000 2.000000 2.000000
v -4.250000 4.000000 4.000000
v -4.250000 4.000000 2.000000
v -4.500000 6.250000 1.500000
v -1.500000 6.250000 4.500000
v -4.500000 6.250000 4.500000
v -4.500000 6.500000 4.500000
v -1.500000 6.500000 4.500000
v -4.500000 6.500000 1.500000
v -1.500000 6.500000 1.500000
v -1.500000 6.250000 1.500000
v -4.000000 4.250000 4.250000
v -2.000000 6.250000 4.250000
v -4.000000 6.250000 4.250000
v -1.500000 4.250000 2.000000
v -2.000000 6.250000 2.000000
v -2.000000 4.250000 2.000000
v -4.000000 4.250000 1.500000
v -4.000000 6.250000 2.000000
v -4.000000 4.250000 2.000000
v -1.500000 4.250000 1.500000
v -1.500000 6.250000 2.000000
v -4.500000 4.250000 1.500000
v -4.000000 6.250000 1.500000
v -2.000000 4.250000 1.500000
v -1.500000 6.250000 1.500000
v -4.500000 4.250000 4.500000
v -4.500000 6.250000 4.000000
v -4.500000 4.250000 4.000000
v -2.000000 4.250000 4.500000
v -2.000000 6.250000 4.000000
v -2.000000 4.250000 4.000000
v -4.000000 4.250000 4.500000
v -4.500000 6.250000 4.500000
v -1.500000 4.250000 4.500000
v -2.000000 6.250000 4.500000
v -4.000000 4.250000 4.000000
v -4.000000 6.250000 4.500000
v -1.500000 4.250000 4.000000
v -1.500000 6.250000 4.500000
v -4.000000 6.250000 4.000000
v -4.500000 4.250000 2.000000
v -4.500000 6.250000 1.500000
v -1.500000 6.250000 4.000000
v -2.000000 6.250000 1.500000
v -4.500000 6.250000 2.000000
v -2.000000 6.250000 1.750000
v -4.000000 4.250000 1.750000
v -4.000000 6.250000 1.750000
v -1.750000 6.250000 4.000000
v -1.750000 4.250000 2.000000
v -1.750000 6.250000 2.000000
v -4.250000 4.250000 2.000000
v -4.250000 6.250000 4.000000
v -4.250000 6.250000 2.000000
v -4.500000 8.500000 1.500000
v -1.500000 8.500000 4.500000
v -4.500000 8.500000 4.500000
v -4.500000 8.750000 4.500000
v -1.500000 8.750000 4.500000
v -4.500000 8.750000 1.500000
v -1.500000 8.750000 1.500000
v -1.500000 8.500000 1.500000
v -4.000000 6.500000 4.250000
v -2.000000 8.500000 4.250000
v -4.000000 8.500000 4.250000
v -1.500000 6.500000 2.000000
v -2.000000 8.500000 2.000000
v -2.000000 6.500000 2.000000
v -4.000000 6.500000 1.500000
v -4.000000 8.500000 2.000000
v -4.000000 6.500000 2.000000
v -1.500000 6.500000 1.500000
v -1.500000 8.500000 2.000000
v -4.500000 6.500000 1.500000
v -4.000000 8.500000 1.500000
v -2.000000 6.500000 1.500000
v -1.500000 8.500000 1.500000
v -4.500000 6.500000 4.500000
v -4.500000 8.500000 4.000000
v -4.500000 6.500000 4.000000
v -2.000000 6.500000 4.500000
v -2.000000 8.500000 4.000000
v -2.000000 6.500000 4.000000
v -4.000000 6.500000 4.500000
v -4.500000 8.500000 4.500000
v -1.500000 6.500000 4.500000
v -2.000000 8.500000 4.500000
v -4.000000 6.500000 4.000000
v -4.000000 8.500000 4.500000
v -1.500000 6.500000 4.000000
v -1.500000 8.500000 4.500000
v -4.000000 8.500000 4.000000
v -4.500000 6.500000 2.000000
v -4.500000 8.500000 1.500000
v -1.500000 8.500000 4.000000
v -2.000000 8.500000 1.500000
v -4.500000 8.500000 2.000000
v -2.000000 8.500000 1.750000
v -4.000000 6.500000 1.750000
v -4.000000 8.500000 1.750000
v -1.750000 8.500000 4.000000
v -1.750000 6.500000 2.000000
v -1.750000 8.500000 2.000000
v -4.250000 6.500000 2.000000
v -4.250000 8.500000 4.000000
v -4.250000 8.500000 2.000000
v -4.500000 10.750000 1.500000
v -1.500000 10.750000 4.500000
v -4.500000 10.750000 4.500000
v -4.500000 11.000000 4.500000
v -1.500000 11.000000 4.500000
v -4.500000 11.000000 1.500000
v -1.500000 11.000000 1.500000
v -1.500000 10.750000 1.500000
v -4.000000 8.750000 4.250000
v -2.000000 10.750000 4.250000
v -4.000000 10.750000 4.250000
v -1.500000 8.750000 2.000000
v -2.000000 10.750000 2.000000
v -2.000000 8.750000 2.000000
v -4.000000 8.750000 1.500000
v -4.000000 10.750000 2.000000
v -4.000000 8.750000 2.000000
v -1.500000 8.750000 1.500000
v -1.500000 10.750000 2.000000
v -4.500000 8.750000 1.500000
v -4.000000 10.750000 1.500000
v -2.000000 8.750000 1.500000
v -1.500000 10.750000 1.500000
v -4.500000 8.750000 4.500000
v -4.500000 10.750000 4.000000
v -4.500000 8.750000 4.000000
v -2.000000 8.750000 4.500000
v -2.000000 10.750000 4.000000
v -2.000000 8.750000 4.000000
v -4.000000 8.750000 4.500000
v -4.500000 10.750000 4.500000
v -1.500000 8.750000 4.500000
v -2.000000 10.750000 4.500000
v -4.000000 8.750000 4.000000
v -4.000000 10.750000 4.500000
v -1.500000 8.750000 4.000000
v -1.500000 10.750000 4.500000
v -4.000000 10.750000 4.000000
v -4.500000 8.750000 2.000000
v -4.500000 10.750000 1.500000
v -1.500000 10.750000 4.000000
v -2.000000 10.750000 1.500000
v -4.500000 10.750000 2.000000
v -2.000000 10.750000 1.750000
v -4.000000 8.750000 1.750000
v -4.000000 10.750000 1.750000
v -1.750000 10.750000 4.000000
v -1.750000 8.750000 2.000000
v -1.750000 10.750000 2.000000
v -4.250000 8.750000 2.000000
v -4.250000 10.750000 4.000000
v -4.250000 10.750000 2.000000
v -3.187500 15.250000 3.750001
v -3.750000 15.250000 4.625000
v -3.187500 13.250000 3.750000
v -3.750000 15.250000 3.187501
v -3.750000 13.250000 3.187500
v -4.625000 15.250000 3.750001
v -3.375000 15.250000 4.250000
v -4.625000 15.250000 3.750001
v -4.250000 15.250000 3.375001
v -3.750000 15.500000 4.625000
v -3.750000 15.250000 4.625000
v -4.250000 15.500000 3.375001
v -3.375000 15.500000 4.250000
v -2.250000 15.250000 1.375001
v -1.750000 15.250000 2.625001
v -2.625000 15.250000 1.750001
v -1.750000 15.500000 2.625001
v -2.250000 15.500000 1.375001
v -2.625000 15.500000 1.750001
v -1.375000 15.500000 2.250001
v -1.375000 15.250000 2.250001
v -4.250000 15.500000 2.625001
v -4.250000 15.250000 2.625001
v -1.750000 15.500000 3.375001
v -1.750000 15.250000 3.375001
v -4.625000 15.500000 3.750001
v -2.625000 15.250000 4.250000
v -3.375000 15.250000 1.750001
v -2.625000 15.500000 4.250000
v -3.375000 15.500000 1.750001
v -4.250000 13.000000 2.625000
v -3.375000 13.250000 1.750001
v -3.375000 13.000000 1.750001
v -3.937500 2.000000 2.812500
v -3.562500 17.500000 2.812501
v -3.562500 2.000000 2.812500
v -1.750000 13.000000 3.375000
v -2.625000 13.250000 4.250000
v -2.625000 13.000000 4.250000
v -1.750000 13.250000 2.625000
v -1.750000 13.000000 2.625000
v -4.250000 13.000000 3.375000
v -3.187500 2.000000 3.562500
v -2.812500 17.500000 3.562501
v -2.812500 2.000000 3.562500
v -2.062500 2.000000 3.187500
v -2.437500 17.500000 3.187501
v -2.437500 2.000000 3.187500
v -2.437500 17.500000 2.812501
v -2.437500 2.000000 2.812500
v -2.062500 17.500000 2.812501
v -2.062500 2.000000 2.812500
v -2.812500 2.000000 2.437500
v -3.187500 17.500000 2.437501
v -3.187500 2.000000 2.437500
v -3.187500 17.500000 2.062501
v -3.187500 2.000000 2.062500
v -3.562500 17.500000 3.187501
v -3.562500 2.000000 3.187500
v -2.812500 2.000000 2.062500
v -2.812500 17.500000 2.437501
v -2.812500 17.500000 2.062501
v -3.187500 2.000000 3.937500
v -3.187500 17.500000 3.562501
v -3.937500 2.000000 3.187500
v -3.937500 17.500000 2.812501
v -2.812500 17.500000 3.937501
v -2.812500 2.000000 3.937500
v -3.187500 17.500000 3.937501
v -3.937500 17.500000 3.187501
v -2.062500 17.500000 3.187501
v -3.750000 17.500000 2.812501
v -3.187500 2.000000 2.250000
v -3.750000 2.000000 2.812500
v -2.250000 17.500000 3.187501
v -2.812500 2.000000 3.750000
v -2.250000 2.000000 3.187500
v -3.187500 2.000000 3.750000
v -3.750000 17.500000 3.187501
v -3.750000 2.000000 3.187500
v -2.812500 2.000000 2.250000
v -2.250000 17.500000 2.812501
v -2.250000 2.000000 2.812500
v -2.625000 13.250000 1.750001
v -2.625000 13.000000 1.750001
v -3.375000 13.250000 4.250000
v -3.375000 13.000000 4.250000
v -1.375000 13.250000 2.250000
v -4.625000 13.250000 3.750000
v -4.250000 13.250000 3.375000
v -1.750000 13.250000 3.375000
v -4.250000 13.250000 2.625000
v -1.750000 17.500000 2.625001
v -2.625000 17.500000 4.250001
v -4.250000 17.500000 3.375001
v -2.625000 17.750000 4.250001
v -1.750000 17.750000 2.625001
v -3.375000 17.750000 1.750001
v -1.750000 17.500000 3.375001
v -4.250000 17.500000 2.625001
v -3.375000 17.500000 1.750001
v -2.625000 17.750000 1.750001
v -2.625000 17.500000 1.750001
v -3.375000 17.750000 4.250001
v -3.375000 17.500000 4.250001
v -4.250000 17.750000 3.375001
v -1.750000 17.750000 3.375001
v -4.250000 17.750000 2.625001
v -2.250000 13.000000 1.375001
v -1.375000 13.000000 2.250000
v -2.250000 13.250000 1.375001
v -3.750000 13.000000 4.625000
v -3.750000 13.250000 4.625000
v -4.625000 13.000000 3.750000
v 1.375000 3.000000 0.250000
v 1.375000 4.000000 -0.250000
v 1.375000 4.000000 0.250000
v 1.125000 4.000000 -0.250000
v 1.125000 3.000000 0.250000
v 1.125000 4.000000 0.250000
v 1.375000 3.000000 -0.250000
v 1.125000 3.000000 -0.250000
v 3.500000 2.250000 0.250000
v 2.500000 2.250000 -0.250000
v 2.500000 2.250000 0.250000
v 3.500000 2.000000 -0.250000
v 3.500000 2.000000 0.250000
v 2.500000 2.000000 0.250000
v 2.500000 2.000000 -0.250000
v 3.500000 2.250000 -0.250000
v 1.196051 3.475517 -0.125000
v 3.080348 2.220756 -0.125000
v 2.919652 2.029244 -0.125000
v 1.356748 3.667028 0.125000
v 3.080348 2.220756 0.125000
v 1.875000 2.000000 0.375000
v 1.875000 3.000000 0.125000
v 1.875000 3.000000 -0.125000
v 2.919652 2.029244 0.125000
v 2.125000 3.000000 -0.125000
v 2.125000 2.000000 0.375000
v 2.125000 2.000000 0.625000
v 1.875000 2.000000 0.625000
v 1.196051 3.475517 0.125000
v 2.125000 3.000000 0.125000
v 2.125000 2.000000 -0.375000
v 2.125000 3.000000 -0.125000
v 2.125000 3.000000 0.125000
v 1.875000 2.000000 -0.375000
v 1.875000 3.000000 -0.125000
v 1.875000 2.000000 -0.625000
v 2.125000 2.000000 -0.625000
v 1.875000 3.000000 0.125000
v -1.502151 2.591684 1.678928
v -0.934124 3.475517 0.757348
v -0.757348 3.475517 0.934124
v -1.615781 2.783195 1.792558
v -0.870978 3.667028 1.047755
v -1.792558 2.783195 1.615781
v -1.047754 3.667028 0.870978
v -1.678928 2.591684 1.502151
v 1.149048 3.000000 -0.795495
v 0.795495 4.000000 -1.149048
v 1.149048 4.000000 -0.795495
v -3.187500 15.250000 3.750001
v -3.187500 13.250000 3.750000
v -3.750000 15.250000 4.625000
v -3.750000 15.250000 3.187501
v -4.625000 15.250000 3.750001
v -3.750000 13.250000 3.187500
v -3.187500 2.000000 2.250000
v -3.750000 17.500000 2.812501
v -3.750000 2.000000 2.812500
v -2.812500 2.000000 3.750000
v -2.250000 17.500000 3.187501
v -2.250000 2.000000 3.187500
v -3.750000 17.500000 3.187501
v -3.187500 2.000000 3.750000
v -3.750000 2.000000 3.187500
v -2.250000 17.500000 2.812501
v -2.812500 2.000000 2.250000
v -2.250000 2.000000 2.812500
v -2.000000 4.000000 4.250000
v -4.000000 2.000000 4.250000
v -4.000000 4.000000 4.250000
v -4.000000 2.000000 1.750000
v -2.000000 4.000000 1.750000
v -4.000000 4.000000 1.750000
v -1.750000 2.000000 2.000000
v -1.750000 4.000000 4.000000
v -1.750000 4.000000 2.000000
v -4.250000 4.000000 4.000000
v -4.250000 2.000000 2.000000
v -4.250000 4.000000 2.000000
v -2.000000 6.250000 4.250000
v -4.000000 4.250000 4.250000
v -4.000000 6.250000 4.250000
v -4.000000 4.250000 1.750000
v -2.000000 6.250000 1.750000
v -4.000000 6.250000 1.750000
v -1.750000 4.250000 2.000000
v -1.750000 6.250000 4.000000
v -1.750000 6.250000 2.000000
v -4.250000 6.250000 4.000000
v -4.250000 4.250000 2.000000
v -4.250000 6.250000 2.000000
v -2.000000 8.500000 4.250000
v -4.000000 6.500000 4.250000
v -4.000000 8.500000 4.250000
v -4.000000 6.500000 1.750000
v -2.000000 8.500000 1.750000
v -4.000000 8.500000 1.750000
v -1.750000 6.500000 2.000000
v -1.750000 8.500000 4.000000
v -1.750000 8.500000 2.000000
v -4.250000 8.500000 4.000000
v -4.250000 6.500000 2.000000
v -4.250000 8.500000 2.000000
v -2.000000 10.750000 4.250000
v -4.000000 8.750000 4.250000
v -4.000000 10.750000 4.250000
v -4.000000 8.750000 1.750000
v -2.000000 10.750000 1.750000
v -4.000000 10.750000 1.750000
v -1.750000 8.750000 2.000000
v -1.750000 10.750000 4.000000
v -1.750000 10.750000 2.000000
v -4.250000 10.750000 4.000000
v -4.250000 8.750000 2.000000
v -4.250000 10.750000 2.000000
v 0.618718 4.000000 -0.972272
v 0.972272 3.000000 -0.618718
v 0.972272 4.000000 -0.618718
v 0.795495 3.000000 -1.149048
v 0.618718 3.000000 -0.972272
v 2.651650 2.250000 -2.298097
v 1.590990 2.250000 -1.944544
v 1.944544 2.250000 -1.590990
v 2.298097 2.000000 -2.651650
v 2.651650 2.000000 -2.298097
v 1.944544 2.000000 -1.590990
v 1.590990 2.000000 -1.944544
v 2.298097 2.250000 -2.651650
v 0.757348 3.475517 -0.934124
v 2.089747 2.220756 -2.266524
v 1.976117 2.029244 -2.152894
v 1.047754 3.667028 -0.870978
v 2.266524 2.220756 -2.089747
v 1.590990 2.000000 -1.060660
v 1.414214 3.000000 -1.237437
v 1.237437 3.000000 -1.414214
v 2.152894 2.029244 -1.976117
v 1.414214 3.000000 -1.590990
v 1.767767 2.000000 -1.237437
v 1.944544 2.000000 -1.060660
v 1.767767 2.000000 -0.883883
v 0.934124 3.475517 -0.757348
v 1.590990 3.000000 -1.414214
v 1.237437 2.000000 -1.767767
v 1.414214 3.000000 -1.590990
v 1.590990 3.000000 -1.414214
v 1.060660 2.000000 -1.590990
v 1.237437 3.000000 -1.414214
v 0.883883 2.000000 -1.767767
v 1.060660 2.000000 -1.944544
v 1.414214 3.000000 -1.237437
v 0.795495 3.000000 1.149048
v 1.149048 4.000000 0.795495
v 0.795495 4.000000 1.149048
v 0.972272 4.000000 0.618719
v 0.618718 3.000000 0.972272
v 0.618718 4.000000 0.972272
v 1.149048 3.000000 0.795495
v 0.972272 3.000000 0.618719
v 2.298097 2.250000 2.651650
v 1.944543 2.250000 1.590990
v 1.590990 2.250000 1.944544
v 2.651650 2.000000 2.298097
v 2.298097 2.000000 2.651650
v 1.590990 2.000000 1.944544
v 1.944543 2.000000 1.590990
v 2.651650 2.250000 2.298097
v 0.934124 3.475517 0.757348
v 2.266524 2.220755 2.089747
v 2.152894 2.029244 1.976117
v 0.870978 3.667028 1.047755
v 2.089747 2.220755 2.266524
v 1.060660 2.000000 1.590990
v 1.237437 3.000000 1.414214
v 1.414214 3.000000 1.237437
v 1.976117 2.029244 2.152894
v 1.590990 3.000000 1.414214
v 1.237437 2.000000 1.767767
v 1.060660 2.000000 1.944544
v 0.883883 2.000000 1.767767
v 0.757348 3.475517 0.934125
v 1.414213 3.000000 1.590990
v 1.767767 2.000000 1.237437
v 1.590990 3.000000 1.414214
v 1.414213 3.000000 1.590990
v 1.590990 2.000000 1.060660
v 1.414214 3.000000 1.237437
v 1.767767 2.000000 0.883883
v 1.944544 2.000000 1.060660
v 1.237437 3.000000 1.414214
v -1.375000 3.000000 -0.250000
v -1.375000 4.000000 0.250000
v -1.375000 4.000000 -0.250000
v -1.125000 4.000000 0.250000
v -1.125000 3.000000 -0.250000
v -1.125000 4.000000 -0.250000
v -1.375000 3.000000 0.250000
v -1.125000 3.000000 0.250000
v -3.500000 2.250000 -0.250000
v -2.500000 2.250000 0.250000
v -2.500000 2.250000 -0.250000
v -3.500000 2.000000 0.250000
v -3.500000 2.000000 -0.250000
v -2.500000 2.000000 -0.250000
v -2.500000 2.000000 0.250000
v -3.500000 2.250000 0.250000
v -1.196051 3.475517 0.125000
v -3.080348 2.220756 0.125000
v -2.919652 2.029244 0.125000
v -1.356748 3.667028 -0.125000
v -3.080348 2.220756 -0.125000
v -1.875000 2.000000 -0.375000
v -1.875000 3.000000 -0.125000
v -1.875000 3.000000 0.125000
v -2.919652 2.029244 -0.125000
v -2.125000 3.000000 0.125000
v -2.125000 2.000000 -0.375000
v -2.125000 2.000000 -0.625000
v -1.875000 2.000000 -0.625000
v -2.125000 3.000000 -0.125000
v -2.125000 2.000000 0.375000
v -2.125000 3.000000 0.125000
v -2.125000 3.000000 -0.125000
v -1.875000 2.000000 0.375000
v -1.875000 3.000000 0.125000
v -1.875000 2.000000 0.625000
v -2.125000 2.000000 0.625000
v -1.875000 3.000000 -0.125000
v -0.795495 3.000000 -1.149048
v -1.149049 4.000000 -0.795495
v -0.795495 4.000000 -1.149048
v -0.972272 4.000000 -0.618719
v -0.618718 3.000000 -0.972272
v -0.618718 4.000000 -0.972272
v -1.149049 3.000000 -0.795495
v -0.972272 3.000000 -0.618719
v -2.298097 2.250000 -2.651650
v -1.944544 2.250000 -1.590990
v -1.590990 2.250000 -1.944544
v -2.651650 2.000000 -2.298097
v -2.298097 2.000000 -2.651650
v -1.590990 2.000000 -1.944544
v -1.944544 2.000000 -1.590990
v -2.651650 2.250000 -2.298097
v -0.934124 3.475517 -0.757348
v -2.266524 2.220755 -2.089746
v -2.152894 2.029244 -1.976117
v -0.870978 3.667028 -1.047755
v -2.089747 2.220755 -2.266523
v -1.060660 2.000000 -1.590990
v -1.237437 3.000000 -1.414213
v -1.414214 3.000000 -1.237437
v -1.976117 2.029244 -2.152894
v -1.590990 3.000000 -1.414213
v -1.237437 2.000000 -1.767767
v -1.060660 2.000000 -1.944544
v -0.883884 2.000000 -1.767767
v -1.414213 3.000000 -1.590990
v -1.767767 2.000000 -1.237437
v -1.590990 3.000000 -1.414213
v -1.414213 3.000000 -1.590990
v -1.590990 2.000000 -1.060660
v -1.414214 3.000000 -1.237437
v -1.767767 2.000000 -0.883883
v -1.944544 2.000000 -1.060660
v -1.237437 3.000000 -1.414213
v -1.149048 3.000000 0.795495
v -0.795495 4.000000 1.149049
v -1.149048 4.000000 0.795495
v -0.618718 4.000000 0.972272
v -0.972272 3.000000 0.618719
v -0.972272 4.000000 0.618719
v -0.795495 3.000000 1.149049
v -0.618718 3.000000 0.972272
v -1.590990 2.000000 1.060660
v -1.414213 3.000000 1.237437
v -1.237437 3.000000 1.414214
v -1.414213 3.000000 1.590990
v -1.767767 2.000000 1.237437
v -1.944543 2.000000 1.060660
v -1.767767 2.000000 0.883884
v -1.590990 3.000000 1.414214
v -1.237437 2.000000 1.767767
v -1.414213 3.000000 1.590990
v -1.590990 3.000000 1.414214
v -1.060660 2.000000 1.590990
v -1.237437 3.000000 1.414214
v -0.883883 2.000000 1.767767
v -1.060660 2.000000 1.944544
v -1.414213 3.000000 1.237437
v -1.500000 2.000000 -1.500000
v 2.000000 1.000000 -4.500000
v -3.250000 1.750000 1.500000
v -3.250000 1.000000 1.500000
v -1.500000 1.000000 3.250000
v -1.500000 1.750000 3.250000
v -1.500000 2.000000 3.500000
v -2.000000 2.000000 4.250000
v -2.000000 2.000000 1.750000
v -1.750000 2.000000 4.000000
v -4.250000 2.000000 4.000000
v -2.000000 4.250000 4.250000
v -2.000000 4.250000 1.750000
v -1.750000 4.250000 4.000000
v -4.250000 4.250000 4.000000
v -2.000000 6.500000 4.250000
v -2.000000 6.500000 1.750000
v -1.750000 6.500000 4.000000
v -4.250000 6.500000 4.000000
v -2.000000 8.750000 4.250000
v -2.000000 8.750000 1.750000
v -1.750000 8.750000 4.000000
v -4.250000 8.750000 4.000000
v -3.187500 17.500000 2.250001
v -2.812500 17.500000 3.750001
v -3.187500 17.500000 3.750001
v -2.812500 17.500000 2.250001
v 1.356748 3.667028 -0.125000
v -3.187500 17.500000 2.250001
v -2.812500 17.500000 3.750001
v -3.187500 17.500000 3.750001
v -2.812500 17.500000 2.250001
v -2.000000 2.000000 4.250000
v -2.000000 2.000000 1.750000
v -1.750000 2.000000 4.000000
v -4.250000 2.000000 4.000000
v -2.000000 4.250000 4.250000
v -2.000000 4.250000 1.750000
v -1.750000 4.250000 4.000000
v -4.250000 4.250000 4.000000
v -2.000000 6.500000 4.250000
v -2.000000 6.500000 1.750000
v -1.750000 6.500000 4.000000
v -4.250000 6.500000 4.000000
v -2.000000 8.750000 4.250000
v -2.000000 8.750000 1.750000
v -1.750000 8.750000 4.000000
v -4.250000 8.750000 4.000000
v 0.870978 3.667028 -1.047754
v 1.047754 3.667028 0.870978
v -1.356748 3.667028 0.125000
v -1.196051 3.475517 -0.125000
v -1.047755 3.667028 -0.870978
v -0.757348 3.475517 -0.934124
vt 0.269231 0.532258
vt 0.115385 0.725806
vt 0.115385 0.532258
vt 0.102564 0.403226
vt 0.000000 0.080645
vt 0.102564 0.209677
vt 0.000000 0.064516
vt 0.346154 0.048387
vt 0.358974 0.064516
vt 0.358974 0.080645
vt -0.000000 0.080645
vt 0.358974 0.064516
vt 0.358974 0.080645
vt -0.000000 0.080645
vt 0.358974 0.064516
vt 0.358974 0.080645
vt -0.000000 0.080645
vt 0.358974 0.064516
vt 0.358974 0.080645
vt 0.012821 0.048387
vt 0.346154 -0.000000
vt 0.346154 0.048387
vt -0.000000 0.064516
vt -0.000000 0.064516
vt 0.346154 0.048387
vt -0.000000 0.064516
vt 0.346154 0.048387
vt 0.256410 0.403226
vt -0.000000 0.532258
vt 0.012821 0.048387
vt 0.346154 -0.000000
vt 0.012821 0.048387
vt 0.346154 0.000000
vt 0.012821 0.048387
vt 0.346154 -0.000000
vt 0.256410 0.209677
vt 0.358974 0.532258
vt 0.153846 0.274194
vt 0.153846 0.338710
vt 0.205128 0.338710
vt 0.205128 0.274194
vt 0.371795 0.596774
vt 0.397436 0.854839
vt 0.371795 0.854839
vt 0.320513 0.596774
vt 0.346154 0.854839
vt 0.320513 0.854839
vt 0.346154 0.596774
vt 0.320513 0.532258
vt 0.269231 0.596774
vt 0.371795 0.887097
vt 0.371795 0.919355
vt 0.320513 0.919355
vt 0.205128 0.806452
vt 0.205128 0.741935
vt 0.217949 0.741935
vt 0.051282 0.806452
vt 0.205128 0.870968
vt 0.051282 0.870968
vt -0.000000 0.612903
vt 0.000000 0.806452
vt 0.102564 0.596774
vt 0.051282 0.612903
vt 0.051282 0.548387
vt 0.102564 0.741935
vt 0.410256 0.500000
vt 0.564103 0.693548
vt 0.410256 0.693548
vt 0.564103 0.483871
vt 0.410256 0.500000
vt 0.410256 0.483871
vt 0.564103 0.500000
vt 0.410256 0.693548
vt 0.410256 0.709677
vt 0.564103 0.693548
vt 0.564103 0.709677
vt 0.461538 0.129032
vt 0.564103 0.258065
vt 0.461538 0.258065
vt 0.397436 0.500000
vt 0.397436 0.693548
vt 0.576923 0.693548
vt 0.576923 0.500000
vt 0.384615 0.129032
vt 0.358974 0.258065
vt 0.358974 0.129032
vt 0.384615 0.129032
vt 0.358974 0.258065
vt 0.358974 0.129032
vt 0.410256 0.129032
vt 0.384615 0.258065
vt 0.410256 0.129032
vt 0.384615 0.258065
vt 0.435897 0.129032
vt 0.410256 0.258065
vt 0.410256 0.129032
vt 0.384615 0.258065
vt 0.384615 0.129032
vt 0.384615 0.129032
vt 0.358974 0.258065
vt 0.358974 0.129032
vt 0.435897 0.129032
vt 0.410256 0.258065
vt 0.410256 0.129032
vt 0.384615 0.258065
vt 0.461538 0.129032
vt 0.435897 0.258065
vt 0.435897 0.129032
vt 0.410256 0.258065
vt 0.358974 0.258065
vt 0.358974 0.129032
vt 0.435897 0.129032
vt 0.410256 0.258065
vt 0.461538 0.129032
vt 0.435897 0.258065
vt 0.461538 0.129032
vt 0.435897 0.258065
vt 0.461538 0.129032
vt 0.435897 0.258065
vt 0.461538 0.258065
vt 0.564103 0.129032
vt 0.564103 0.258065
vt 0.461538 0.258065
vt 0.564103 0.129032
vt 0.564103 0.258065
vt 0.461538 0.129032
vt 0.564103 0.258065
vt 0.461538 0.258065
vt 0.410256 0.274194
vt 0.564103 0.467742
vt 0.410256 0.467742
vt 0.564103 0.258065
vt 0.410256 0.274194
vt 0.410256 0.258065
vt 0.564103 0.274194
vt 0.410256 0.467742
vt 0.410256 0.483871
vt 0.564103 0.467742
vt 0.564103 0.483871
vt 0.461538 0.000000
vt 0.564103 0.129032
vt 0.461538 0.129032
vt 0.397436 0.274194
vt 0.397436 0.467742
vt 0.576923 0.467742
vt 0.576923 0.274194
vt 0.384615 -0.000000
vt 0.358974 0.129032
vt 0.358974 -0.000000
vt 0.384615 -0.000000
vt 0.358974 0.129032
vt 0.358974 -0.000000
vt 0.410256 -0.000000
vt 0.384615 0.129032
vt 0.410256 -0.000000
vt 0.384615 0.129032
vt 0.435897 0.000000
vt 0.410256 0.129032
vt 0.410256 -0.000000
vt 0.384615 0.129032
vt 0.384615 -0.000000
vt 0.384615 -0.000000
vt 0.358974 0.129032
vt 0.358974 -0.000000
vt 0.435897 0.000000
vt 0.410256 0.129032
vt 0.410256 -0.000000
vt 0.384615 0.129032
vt 0.461538 0.000000
vt 0.435897 0.129032
vt 0.435897 0.000000
vt 0.410256 0.129032
vt 0.358974 0.129032
vt 0.358974 -0.000000
vt 0.435897 0.000000
vt 0.410256 0.129032
vt 0.461538 0.000000
vt 0.435897 0.129032
vt 0.461538 0.000000
vt 0.435897 0.129032
vt 0.461538 0.000000
vt 0.435897 0.129032
vt 0.461538 0.129032
vt 0.564103 0.000000
vt 0.564103 0.129032
vt 0.461538 0.129032
vt 0.564103 0.000000
vt 0.564103 0.129032
vt 0.461538 0.000000
vt 0.564103 0.129032
vt 0.461538 0.129032
vt 0.410256 0.500000
vt 0.564103 0.693548
vt 0.410256 0.693548
vt 0.564103 0.483871
vt 0.410256 0.500000
vt 0.410256 0.483871
vt 0.564103 0.500000
vt 0.410256 0.693548
vt 0.410256 0.709677
vt 0.564103 0.693548
vt 0.564103 0.709677
vt 0.461538 0.129032
vt 0.564103 0.258065
vt 0.461538 0.258065
vt 0.397436 0.500000
vt 0.397436 0.693548
vt 0.576923 0.693548
vt 0.576923 0.500000
vt 0.384615 0.129032
vt 0.358974 0.258065
vt 0.358974 0.129032
vt 0.384615 0.129032
vt 0.358974 0.258065
vt 0.358974 0.129032
vt 0.410256 0.129032
vt 0.384615 0.258065
vt 0.410256 0.129032
vt 0.384615 0.258065
vt 0.435897 0.129032
vt 0.410256 0.258065
vt 0.410256 0.129032
vt 0.384615 0.258065
vt 0.384615 0.129032
vt 0.384615 0.129032
vt 0.358974 0.258065
vt 0.358974 0.129032
vt 0.435897 0.129032
vt 0.410256 0.258065
vt 0.410256 0.129032
vt 0.384615 0.258065
vt 0.461538 0.129032
vt 0.435897 0.258065
vt 0.435897 0.129032
vt 0.410256 0.258065
vt 0.358974 0.258065
vt 0.358974 0.129032
vt 0.435897 0.129032
vt 0.410256 0.258065
vt 0.461538 0.129032
vt 0.435897 0.258065
vt 0.461538 0.129032
vt 0.435897 0.258065
vt 0.461538 0.129032
vt 0.435897 0.258065
vt 0.461538 0.258065
vt 0.564103 0.129032
vt 0.564103 0.258065
vt 0.461538 0.258065
vt 0.564103 0.129032
vt 0.564103 0.258065
vt 0.461538 0.129032
vt 0.564103 0.258065
vt 0.461538 0.258065
vt 0.410256 0.274194
vt 0.564103 0.467742
vt 0.410256 0.467742
vt 0.564103 0.258065
vt 0.410256 0.274194
vt 0.410256 0.258065
vt 0.564103 0.274194
vt 0.410256 0.467742
vt 0.410256 0.483871
vt 0.564103 0.467742
vt 0.564103 0.483871
vt 0.461538 0.000000
vt 0.564103 0.129032
vt 0.461538 0.129032
vt 0.397436 0.274194
vt 0.397436 0.467742
vt 0.576923 0.467742
vt 0.576923 0.274194
vt 0.384615 -0.000000
vt 0.358974 0.129032
vt 0.358974 -0.000000
vt 0.384615 -0.000000
vt 0.358974 0.129032
vt 0.358974 -0.000000
vt 0.410256 -0.000000
vt 0.384615 0.129032
vt 0.410256 -0.000000
vt 0.384615 0.129032
vt 0.435897 0.000000
vt 0.410256 0.129032
vt 0.410256 -0.000000
vt 0.384615 0.129032
vt 0.384615 -0.000000
vt 0.384615 -0.000000
vt 0.358974 0.129032
vt 0.358974 -0.000000
vt 0.435897 0.000000
vt 0.410256 0.129032
vt 0.410256 -0.000000
vt 0.384615 0.129032
vt 0.461538 0.000000
vt 0.435897 0.129032
vt 0.435897 0.000000
vt 0.410256 0.129032
vt 0.358974 0.129032
vt 0.358974 -0.000000
vt 0.435897 0.000000
vt 0.410256 0.129032
vt 0.461538 0.000000
vt 0.435897 0.129032
vt 0.461538 0.000000
vt 0.435897 0.129032
vt 0.461538 0.000000
vt 0.435897 0.129032
vt 0.461538 0.129032
vt 0.564103 0.000000
vt 0.564103 0.129032
vt 0.461538 0.129032
vt 0.564103 0.000000
vt 0.564103 0.129032
vt 0.461538 0.000000
vt 0.564103 0.129032
vt 0.461538 0.129032
vt 0.743590 0.612903
vt 0.692308 0.612903
vt 0.743590 0.483871
vt 0.743590 0.612903
vt 0.743590 0.483871
vt 0.692308 0.612903
vt 0.807692 0.387097
vt 0.833333 0.467742
vt 0.807692 0.467742
vt 0.833333 0.467742
vt 0.846154 0.387097
vt 0.846154 0.467742
vt 0.807692 0.387097
vt 0.807692 0.467742
vt 0.833333 0.483871
vt 0.807692 0.483871
vt 0.833333 0.387097
vt 0.807692 0.467742
vt 0.807692 0.387097
vt 0.807692 0.387097
vt 0.833333 0.467742
vt 0.807692 0.467742
vt 0.846154 0.467742
vt 0.833333 0.387097
vt 0.846154 0.387097
vt 0.833333 0.483871
vt 0.807692 0.483871
vt 0.692308 0.072581
vt 0.705128 0.120968
vt 0.692308 0.120968
vt 0.846154 0.120968
vt 0.833333 0.072581
vt 0.846154 0.072581
vt 0.807692 0.370968
vt 0.833333 0.387097
vt 0.807692 0.370968
vt 0.788462 -0.000000
vt 0.750000 0.016129
vt 0.750000 -0.000000
vt 0.750000 0.193548
vt 0.788462 0.177419
vt 0.788462 0.193548
vt 0.833333 0.072581
vt 0.788462 0.177419
vt 0.705128 0.120968
vt 0.788462 0.016129
vt 0.833333 0.120968
vt 0.750000 0.177419
vt 0.833333 0.016129
vt 0.846154 0.016129
vt 0.705128 0.177419
vt 0.692308 0.177419
vt 0.692308 0.314516
vt 0.705128 0.370968
vt 0.692308 0.370968
vt 0.692308 -0.000000
vt 0.673077 1.000000
vt 0.673077 -0.000000
vt 0.846154 0.266129
vt 0.833333 0.209677
vt 0.846154 0.209677
vt 0.788462 0.209677
vt 0.833333 0.314516
vt 0.750000 0.370968
vt 0.833333 0.266129
vt 0.788462 0.370968
vt 0.705128 0.314516
vt 0.692308 -0.000000
vt 0.673077 1.000000
vt 0.673077 -0.000000
vt 0.653846 -0.000000
vt 0.634615 1.000000
vt 0.634615 -0.000000
vt 0.615385 1.000000
vt 0.615385 -0.000000
vt 0.692308 -0.000000
vt 0.673077 1.000000
vt 0.673077 -0.000000
vt 0.653846 -0.000000
vt 0.634615 1.000000
vt 0.634615 -0.000000
vt 0.615385 1.000000
vt 0.615385 -0.000000
vt 0.653846 1.000000
vt 0.653846 -0.000000
vt 0.673077 -0.000000
vt 0.653846 1.000000
vt 0.692308 -0.000000
vt 0.673077 1.000000
vt 0.634615 -0.000000
vt 0.615385 1.000000
vt 0.615385 -0.000000
vt 0.634615 -0.000000
vt 0.615385 1.000000
vt 0.615385 -0.000000
vt 0.653846 1.000000
vt 0.653846 -0.000000
vt 0.634615 1.000000
vt 0.634615 1.000000
vt 0.653846 1.000000
vt 0.615385 1.000000
vt 0.576923 -0.000000
vt 0.615385 -0.000000
vt 0.615385 1.000000
vt 0.576923 -0.000000
vt 0.615385 -0.000000
vt 0.615385 -0.000000
vt 0.576923 1.000000
vt 0.576923 -0.000000
vt 0.615385 -0.000000
vt 0.576923 1.000000
vt 0.576923 -0.000000
vt 0.750000 0.387097
vt 0.788462 0.370968
vt 0.788462 0.387097
vt 0.788462 0.193548
vt 0.750000 0.209677
vt 0.750000 0.193548
vt 0.730769 0.483871
vt 0.705128 0.467742
vt 0.730769 0.467742
vt 0.730769 0.483871
vt 0.705128 0.467742
vt 0.730769 0.467742
vt 0.846154 0.314516
vt 0.833333 0.266129
vt 0.692308 0.266129
vt 0.705128 0.314516
vt 0.833333 0.266129
vt 0.788462 0.370968
vt 0.705128 0.314516
vt 0.788462 0.209677
vt 0.833333 0.314516
vt 0.750000 0.370968
vt 0.846154 0.266129
vt 0.833333 0.209677
vt 0.846154 0.209677
vt 0.692308 0.314516
vt 0.705128 0.370968
vt 0.692308 0.370968
vt 0.750000 0.387097
vt 0.788462 0.370968
vt 0.788462 0.387097
vt 0.788462 0.193548
vt 0.750000 0.209677
vt 0.750000 0.193548
vt 0.846154 0.370968
vt 0.846154 0.314516
vt 0.692308 0.209677
vt 0.705128 0.266129
vt 0.692308 0.266129
vt 0.833333 0.266129
vt 0.705128 0.314516
vt 0.730769 0.387097
vt 0.705128 0.370968
vt 0.730769 0.370968
vt 0.692308 0.387097
vt 0.692308 0.467742
vt 0.705128 0.387097
vt 0.705128 0.467742
vt 0.730769 0.387097
vt 0.730769 0.467742
vt 0.730769 0.387097
vt 0.705128 0.370968
vt 0.730769 0.370968
vt 0.705128 0.387097
vt 0.692308 0.467742
vt 0.692308 0.387097
vt 0.730769 0.467742
vt 0.705128 0.387097
vt 0.730769 0.387097
vt 0.705128 0.629032
vt 0.730769 0.693548
vt 0.705128 0.693548
vt 0.743590 0.693548
vt 0.769231 0.629032
vt 0.769231 0.693548
vt 0.730769 0.629032
vt 0.692308 0.629032
vt 0.730769 0.612903
vt 0.705128 0.709677
vt 0.756410 0.500000
vt 0.782051 0.564516
vt 0.756410 0.564516
vt 0.782051 0.483871
vt 0.756410 0.483871
vt 0.756410 0.580645
vt 0.782051 0.580645
vt 0.794872 0.564516
vt 0.782051 0.500000
vt 0.794872 0.500000
vt 0.743590 0.500000
vt 0.743590 0.564516
vt 0.833333 0.629032
vt 0.820513 0.483871
vt 0.833333 0.483871
vt 0.807692 0.629032
vt 0.807692 0.483871
vt 0.833333 0.629032
vt 0.846154 0.693548
vt 0.833333 0.693548
vt 0.794872 0.483871
vt 0.820513 0.693548
vt 0.820513 0.629032
vt 0.807692 0.629032
vt 0.794872 0.693548
vt 0.794872 0.629032
vt 0.846154 0.629032
vt 0.846154 0.483871
vt 0.807692 0.693548
vt 0.807692 0.629032
vt 0.820513 0.693548
vt 0.807692 0.693548
vt 0.846154 0.629032
vt 0.833333 0.693548
vt 0.833333 0.629032
vt 0.820513 0.629032
vt 0.794872 0.693548
vt 0.794872 0.629032
vt 0.833333 0.540323
vt 0.846154 0.629032
vt 0.833333 0.629032
vt 0.820513 0.540323
vt 0.820513 0.629032
vt 0.807692 0.540323
vt 0.807692 0.629032
vt 0.794872 0.540323
vt 0.794872 0.629032
vt 0.705128 0.629032
vt 0.730769 0.693548
vt 0.705128 0.693548
vt 0.743590 0.612903
vt 0.743590 0.483871
vt 0.692308 0.612903
vt 0.743590 0.612903
vt 0.692308 0.612903
vt 0.743590 0.483871
vt 0.576923 -0.000000
vt 0.615385 1.000000
vt 0.615385 -0.000000
vt 0.576923 -0.000000
vt 0.615385 1.000000
vt 0.615385 -0.000000
vt 0.576923 1.000000
vt 0.615385 -0.000000
vt 0.576923 -0.000000
vt 0.576923 1.000000
vt 0.615385 -0.000000
vt 0.576923 -0.000000
vt 0.564103 0.258065
vt 0.461538 0.129032
vt 0.461538 0.258065
vt 0.564103 0.129032
vt 0.461538 0.258065
vt 0.564103 0.258065
vt 0.564103 0.129032
vt 0.461538 0.258065
vt 0.564103 0.258065
vt 0.564103 0.258065
vt 0.461538 0.129032
vt 0.461538 0.258065
vt 0.564103 0.129032
vt 0.461538 0.000000
vt 0.461538 0.129032
vt 0.564103 0.000000
vt 0.461538 0.129032
vt 0.564103 0.129032
vt 0.564103 0.000000
vt 0.461538 0.129032
vt 0.564103 0.129032
vt 0.564103 0.129032
vt 0.461538 0.000000
vt 0.461538 0.129032
vt 0.564103 0.258065
vt 0.461538 0.129032
vt 0.461538 0.258065
vt 0.564103 0.129032
vt 0.461538 0.258065
vt 0.564103 0.258065
vt 0.564103 0.129032
vt 0.461538 0.258065
vt 0.564103 0.258065
vt 0.564103 0.258065
vt 0.461538 0.129032
vt 0.461538 0.258065
vt 0.564103 0.129032
vt 0.461538 0.000000
vt 0.461538 0.129032
vt 0.564103 0.000000
vt 0.461538 0.129032
vt 0.564103 0.129032
vt 0.564103 0.000000
vt 0.461538 0.129032
vt 0.564103 0.129032
vt 0.564103 0.129032
vt 0.461538 0.000000
vt 0.461538 0.129032
vt 0.743590 0.693548
vt 0.769231 0.629032
vt 0.769231 0.693548
vt 0.730769 0.629032
vt 0.692308 0.629032
vt 0.730769 0.612903
vt 0.705128 0.709677
vt 0.756410 0.500000
vt 0.782051 0.564516
vt 0.756410 0.564516
vt 0.782051 0.483871
vt 0.756410 0.483871
vt 0.756410 0.580645
vt 0.782051 0.580645
vt 0.794872 0.564516
vt 0.782051 0.500000
vt 0.794872 0.500000
vt 0.743590 0.500000
vt 0.743590 0.564516
vt 0.833333 0.629032
vt 0.820513 0.483871
vt 0.833333 0.483871
vt 0.807692 0.629032
vt 0.807692 0.483871
vt 0.833333 0.629032
vt 0.846154 0.693548
vt 0.833333 0.693548
vt 0.794872 0.483871
vt 0.820513 0.693548
vt 0.820513 0.629032
vt 0.807692 0.629032
vt 0.794872 0.693548
vt 0.794872 0.629032
vt 0.846154 0.629032
vt 0.846154 0.483871
vt 0.807692 0.693548
vt 0.807692 0.629032
vt 0.820513 0.693548
vt 0.807692 0.693548
vt 0.846154 0.629032
vt 0.833333 0.693548
vt 0.833333 0.629032
vt 0.820513 0.629032
vt 0.794872 0.693548
vt 0.794872 0.629032
vt 0.705128 0.629032
vt 0.730769 0.693548
vt 0.705128 0.693548
vt 0.743590 0.693548
vt 0.769231 0.629032
vt 0.769231 0.693548
vt 0.730769 0.629032
vt 0.692308 0.629032
vt 0.730769 0.612903
vt 0.730769 0.709677
vt 0.705128 0.709677
vt 0.756410 0.500000
vt 0.782051 0.564516
vt 0.756410 0.564516
vt 0.782051 0.483871
vt 0.756410 0.483871
vt 0.756410 0.580645
vt 0.782051 0.580645
vt 0.794872 0.564516
vt 0.782051 0.500000
vt 0.794872 0.500000
vt 0.743590 0.500000
vt 0.743590 0.564516
vt 0.833333 0.629032
vt 0.820513 0.483871
vt 0.833333 0.483871
vt 0.807692 0.629032
vt 0.807692 0.483871
vt 0.833333 0.629032
vt 0.846154 0.693548
vt 0.833333 0.693548
vt 0.794872 0.483871
vt 0.820513 0.693548
vt 0.820513 0.629032
vt 0.807692 0.629032
vt 0.794872 0.693548
vt 0.794872 0.629032
vt 0.846154 0.629032
vt 0.846154 0.483871
vt 0.807692 0.693548
vt 0.807692 0.629032
vt 0.820513 0.693548
vt 0.807692 0.693548
vt 0.846154 0.629032
vt 0.833333 0.693548
vt 0.833333 0.629032
vt 0.820513 0.629032
vt 0.794872 0.693548
vt 0.794872 0.629032
vt 0.705128 0.629032
vt 0.730769 0.693548
vt 0.705128 0.693548
vt 0.743590 0.693548
vt 0.769231 0.629032
vt 0.769231 0.693548
vt 0.730769 0.629032
vt 0.692308 0.629032
vt 0.730769 0.612903
vt 0.705128 0.709677
vt 0.756410 0.500000
vt 0.782051 0.564516
vt 0.756410 0.564516
vt 0.782051 0.483871
vt 0.756410 0.483871
vt 0.756410 0.580645
vt 0.782051 0.580645
vt 0.794872 0.564516
vt 0.782051 0.500000
vt 0.794872 0.500000
vt 0.743590 0.500000
vt 0.743590 0.564516
vt 0.833333 0.629032
vt 0.820513 0.483871
vt 0.833333 0.483871
vt 0.807692 0.629032
vt 0.807692 0.483871
vt 0.833333 0.629032
vt 0.846154 0.693548
vt 0.833333 0.693548
vt 0.794872 0.483871
vt 0.820513 0.693548
vt 0.820513 0.629032
vt 0.807692 0.629032
vt 0.794872 0.693548
vt 0.794872 0.629032
vt 0.846154 0.483871
vt 0.807692 0.693548
vt 0.807692 0.629032
vt 0.820513 0.693548
vt 0.807692 0.693548
vt 0.846154 0.629032
vt 0.833333 0.693548
vt 0.833333 0.629032
vt 0.820513 0.629032
vt 0.794872 0.693548
vt 0.794872 0.629032
vt 0.705128 0.629032
vt 0.730769 0.693548
vt 0.705128 0.693548
vt 0.743590 0.693548
vt 0.769231 0.629032
vt 0.769231 0.693548
vt 0.730769 0.629032
vt 0.692308 0.629032
vt 0.730769 0.612903
vt 0.730769 0.709677
vt 0.705128 0.709677
vt 0.756410 0.500000
vt 0.782051 0.564516
vt 0.756410 0.564516
vt 0.782051 0.483871
vt 0.756410 0.483871
vt 0.756410 0.580645
vt 0.782051 0.580645
vt 0.794872 0.564516
vt 0.782051 0.500000
vt 0.794872 0.500000
vt 0.743590 0.500000
vt 0.743590 0.564516
vt 0.833333 0.629032
vt 0.820513 0.483871
vt 0.833333 0.483871
vt 0.807692 0.629032
vt 0.807692 0.483871
vt 0.833333 0.629032
vt 0.846154 0.693548
vt 0.833333 0.693548
vt 0.794872 0.483871
vt 0.820513 0.693548
vt 0.820513 0.629032
vt 0.807692 0.629032
vt 0.794872 0.693548
vt 0.794872 0.629032
vt 0.846154 0.483871
vt 0.807692 0.693548
vt 0.807692 0.629032
vt 0.820513 0.693548
vt 0.807692 0.693548
vt 0.846154 0.629032
vt 0.833333 0.693548
vt 0.833333 0.629032
vt 0.820513 0.629032
vt 0.794872 0.693548
vt 0.794872 0.629032
vt 0.705128 0.629032
vt 0.730769 0.693548
vt 0.705128 0.693548
vt 0.743590 0.693548
vt 0.769231 0.629032
vt 0.769231 0.693548
vt 0.730769 0.629032
vt 0.692308 0.629032
vt 0.730769 0.612903
vt 0.705128 0.709677
vt 0.833333 0.629032
vt 0.846154 0.693548
vt 0.833333 0.693548
vt 0.820513 0.693548
vt 0.820513 0.629032
vt 0.807692 0.629032
vt 0.794872 0.693548
vt 0.794872 0.629032
vt 0.807692 0.693548
vt 0.807692 0.629032
vt 0.820513 0.693548
vt 0.807692 0.693548
vt 0.846154 0.629032
vt 0.833333 0.693548
vt 0.833333 0.629032
vt 0.820513 0.629032
vt 0.794872 0.693548
vt 0.794872 0.629032
vt 0.269231 0.725806
vt 0.012821 0.000000
vt 0.012821 0.000000
vt 0.012821 0.000000
vt 0.012821 0.000000
vt 0.397436 0.596774
vt 0.371795 0.532258
vt 0.371795 0.564516
vt 0.269231 0.854839
vt 0.217949 0.725806
vt 0.256410 0.725806
vt 0.256410 0.806452
vt 0.115385 0.548387
vt 0.115385 0.596774
vt 0.102564 0.612903
vt 0.564103 0.500000
vt 0.564103 0.129032
vt 0.461538 0.258065
vt 0.461538 0.258065
vt 0.461538 0.258065
vt 0.461538 0.258065
vt 0.461538 0.129032
vt 0.461538 0.129032
vt 0.564103 0.129032
vt 0.564103 0.274194
vt 0.564103 0.000000
vt 0.461538 0.129032
vt 0.461538 0.129032
vt 0.461538 0.129032
vt 0.461538 0.129032
vt 0.461538 0.000000
vt 0.461538 0.000000
vt 0.564103 0.000000
vt 0.564103 0.500000
vt 0.564103 0.129032
vt 0.461538 0.258065
vt 0.461538 0.258065
vt 0.461538 0.258065
vt 0.461538 0.258065
vt 0.461538 0.129032
vt 0.461538 0.129032
vt 0.564103 0.129032
vt 0.564103 0.274194
vt 0.564103 0.000000
vt 0.461538 0.129032
vt 0.461538 0.129032
vt 0.461538 0.129032
vt 0.461538 0.129032
vt 0.461538 0.000000
vt 0.461538 0.000000
vt 0.564103 0.000000
vt 0.833333 0.387097
vt 0.833333 0.467742
vt 0.705128 0.072581
vt 0.833333 0.370968
vt 0.833333 0.370968
vt 0.705128 0.072581
vt 0.750000 0.016129
vt 0.788462 0.016129
vt 0.833333 0.120968
vt 0.750000 0.177419
vt 0.692308 1.000000
vt 0.705128 0.266129
vt 0.705128 0.266129
vt 0.750000 0.209677
vt 0.788462 0.209677
vt 0.833333 0.314516
vt 0.750000 0.370968
vt 0.692308 1.000000
vt 0.692308 1.000000
vt 0.692308 1.000000
vt 0.576923 1.000000
vt 0.576923 1.000000
vt 0.615385 1.000000
vt 0.615385 1.000000
vt 0.705128 0.483871
vt 0.705128 0.483871
vt 0.705128 0.266129
vt 0.750000 0.209677
vt 0.788462 0.209677
vt 0.833333 0.314516
vt 0.750000 0.370968
vt 0.833333 0.370968
vt 0.705128 0.209677
vt 0.705128 0.387097
vt 0.705128 0.467742
vt 0.743590 0.629032
vt 0.692308 0.693548
vt 0.705128 0.612903
vt 0.730769 0.709677
vt 0.820513 0.629032
vt 0.846154 0.629032
vt 0.794872 0.629032
vt 0.846154 0.693548
vt 0.846154 0.540323
vt 0.576923 1.000000
vt 0.576923 1.000000
vt 0.615385 1.000000
vt 0.615385 1.000000
vt 0.564103 0.129032
vt 0.461538 0.129032
vt 0.461538 0.129032
vt 0.564103 0.129032
vt 0.564103 0.000000
vt 0.461538 0.000000
vt 0.461538 0.000000
vt 0.564103 0.000000
vt 0.564103 0.129032
vt 0.461538 0.129032
vt 0.461538 0.129032
vt 0.564103 0.129032
vt 0.564103 0.000000
vt 0.461538 0.000000
vt 0.461538 0.000000
vt 0.564103 0.000000
vt 0.743590 0.629032
vt 0.692308 0.693548
vt 0.705128 0.612903
vt 0.730769 0.709677
vt 0.820513 0.629032
vt 0.846154 0.629032
vt 0.794872 0.629032
vt 0.846154 0.693548
vt 0.743590 0.629032
vt 0.692308 0.693548
vt 0.705128 0.612903
vt 0.820513 0.629032
vt 0.846154 0.629032
vt 0.794872 0.629032
vt 0.846154 0.693548
vt 0.743590 0.629032
vt 0.692308 0.693548
vt 0.705128 0.612903
vt 0.730769 0.709677
vt 0.820513 0.629032
vt 0.846154 0.629032
vt 0.794872 0.629032
vt 0.846154 0.629032
vt 0.846154 0.693548
vt 0.743590 0.629032
vt 0.692308 0.693548
vt 0.705128 0.612903
vt 0.820513 0.629032
vt 0.846154 0.629032
vt 0.794872 0.629032
vt 0.846154 0.629032
vt 0.846154 0.693548
vt 0.743590 0.629032
vt 0.692308 0.693548
vt 0.705128 0.612903
vt 0.730769 0.709677
vt 0.846154 0.629032
vt 0.846154 0.693548
vn 0.0000 1.0000 0.0000
vn -0.0000 -1.0000 -0.0000
vn 1.0000 0.0000 0.0000
vn -1.0000 0.0000 0.0000
vn 0.0000 0.0000 -1.0000
vn 0.0000 0.0000 1.0000
vn 0.0000 0.7071 -0.7071
vn 0.7071 0.7071 0.0000
vn 0.0000 0.7071 0.7071
vn -0.7071 0.7071 0.0000
vn 0.8412 0.0000 0.5408
vn -0.5408 0.0000 -0.8412
vn -0.7071 0.0000 0.7071
vn 0.7071 0.0000 0.7071
vn 0.7071 0.0000 -0.7071
vn -0.7071 0.0000 -0.7071
vn 0.6428 0.7660 0.0000
vn 0.0000 -0.4472 -0.8944
vn 0.0000 0.4472 0.8944
vn -0.6428 -0.7660 0.0000
vn 0.0000 0.4472 -0.8944
vn 0.0000 -0.4472 0.8944
vn 0.4545 -0.7660 -0.4545
vn -0.4545 0.7660 0.4545
vn -0.8412 0.0000 -0.5408
vn 0.5408 0.0000 0.8412
vn 0.4545 0.7660 -0.4545
vn -0.6325 -0.4472 -0.6325
vn 0.6325 0.4472 0.6325
vn -0.4545 -0.7660 0.4545
vn -0.6325 0.4472 -0.6325
vn 0.6325 -0.4472 0.6325
vn 0.4545 0.7660 0.4545
vn 0.6325 -0.4472 -0.6325
vn -0.6325 0.4472 0.6325
vn -0.4545 -0.7660 -0.4545
vn 0.6325 0.4472 -0.6325
vn -0.6325 -0.4472 0.6325
vn -0.6428 0.7660 0.0000
vn 0.6428 -0.7660 0.0000
vn -0.4545 0.7660 -0.4545
vn 0.4545 -0.7660 0.4545
v 0.750000 3.500000 -4.250000
v 1.250000 3.500000 -3.750000
v 0.750000 3.500000 -3.750000
v -1.250000 3.500000 -4.250000
v -0.750000 3.500000 -3.750000
v -1.250000 3.500000 -3.750000
v 0.750000 3.500000 -2.750000
v 1.250000 3.500000 -2.250000
v 0.750000 3.500000 -2.250000
v -1.250000 3.500000 -2.750000
v -0.750000 3.500000 -2.250000
v -1.250000 3.500000 -2.250000
v 1.250000 14.750000 -3.749999
v 0.750000 14.750000 -4.250000
v 0.750000 14.750000 -3.749999
v -0.750000 14.750000 -3.749999
v -1.250000 14.750000 -4.250000
v -1.250000 14.750000 -3.749999
v 1.250000 14.750000 -2.249999
v 0.750000 14.750000 -2.749999
v 0.750000 14.750000 -2.249999
v -0.750000 14.750000 -2.249999
v -1.250000 14.750000 -2.749999
v -1.250000 14.750000 -2.249999
v 1.250000 3.500000 -4.250000
v 1.250000 3.500000 -2.750000
v 1.250000 14.750000 -4.250000
v 1.250000 14.750000 -2.749999
v -0.750000 3.500000 -4.250000
v -0.750000 3.500000 -2.750000
v -0.750000 14.750000 -4.250000
v -0.750000 14.750000 -2.749999
v 0.750000 12.750000 -2.750000
v -0.750000 12.750000 -2.250000
v 0.750000 12.750000 -2.250000
v -0.750000 12.250000 -2.250000
v 0.750000 12.250000 -2.750000
v 0.750000 12.250000 -2.250000
v -0.750000 12.250000 -2.750000
v -0.750000 12.750000 -2.750000
v 0.625000 12.250000 -1.375000
v -0.625000 12.750000 -1.374999
v 0.625000 12.750000 -1.374999
v -0.625000 12.750000 -1.124999
v 0.625000 12.250000 -1.125000
v 0.625000 12.750000 -1.124999
v 1.125000 12.249999 -0.624999
v -0.625000 12.250000 -1.125000
v -0.625000 12.250000 -1.375000
v 1.375000 12.749999 -0.624999
v 1.375000 12.249999 -0.624999
v -1.375000 12.249999 -0.624999
v -1.375000 12.749999 0.250001
v -1.375000 12.749999 -0.624999
v -1.125000 12.749999 0.250001
v -1.125000 12.249999 -0.624999
v -1.125000 12.749999 -0.624999
v -1.375000 12.249999 0.250001
v -1.125000 12.249999 0.250001
v 1.375000 12.249999 0.250001
v 1.375000 12.749999 0.250001
v 1.125000 12.749999 -0.624999
v 1.125000 12.249999 0.250001
v 1.125000 12.749999 0.250001
v 0.750000 12.750000 -4.250000
v -0.750000 12.750000 -3.750000
v 0.750000 12.750000 -3.750000
v -0.750000 12.250000 -3.750000
v 0.750000 12.250000 -4.250000
v 0.750000 12.250000 -3.750000
v -0.750000 12.250000 -4.250000
v -0.750000 12.750000 -4.250000
v 0.562500 12.312500 -1.374999
v 0.562500 12.687500 -3.750000
v 0.562500 12.687500 -1.374999
v 0.187500 12.687500 -1.374999
v 0.187500 12.312500 -3.750000
v 0.187500 12.312500 -1.374999
v 0.187500 12.687500 -3.750000
v 0.562500 12.312500 -3.750000
v -0.187500 12.312500 -1.374999
v -0.187500 12.687500 -3.750000
v -0.187500 12.687500 -1.374999
v -0.562500 12.687500 -1.374999
v -0.562500 12.312500 -3.750000
v -0.562500 12.312500 -1.374999
v -0.562500 12.687500 -3.750000
v -0.187500 12.312500 -3.750000
v 0.750000 8.750000 -2.750000
v -0.750000 8.750000 -2.250000
v 0.750000 8.750000 -2.250000
v -0.750000 8.250000 -2.250000
v 0.750000 8.250000 -2.750000
v 0.750000 8.250000 -2.250000
v -0.750000 8.250000 -2.750000
v -0.750000 8.750000 -2.750000
v 0.625000 8.250000 -1.625000
v -0.625000 8.750000 -1.625000
v 0.625000 8.750000 -1.625000
v -0.625000 8.750000 -1.375000
v 0.625000 8.250000 -1.375000
v 0.625000 8.750000 -1.375000
v 1.125000 8.249999 -0.875000
v -0.625000 8.250000 -1.375000
v -0.625000 8.250000 -1.625000
v 1.375000 8.749999 -0.875000
v 1.375000 8.249999 -0.875000
v -1.375000 8.249999 -0.875000
v -1.375000 8.749999 0.250000
v -1.375000 8.749999 -0.875000
v -1.125000 8.749999 0.250000
v -1.125000 8.249999 -0.875000
v -1.125000 8.749999 -0.875000
v -1.375000 8.249999 0.250000
v -1.125000 8.249999 0.250000
v 1.375000 8.249999 0.250000
v 1.375000 8.749999 0.250000
v 1.125000 8.749999 -0.875000
v 1.125000 8.249999 0.250000
v 1.125000 8.749999 0.250000
v 0.750000 8.750000 -4.250000
v -0.750000 8.750000 -3.750000
v 0.750000 8.750000 -3.750000
v -0.750000 8.250000 -3.750000
v 0.750000 8.250000 -4.250000
v 0.750000 8.250000 -3.750000
v -0.750000 8.250000 -4.250000
v -0.750000 8.750000 -4.250000
v 0.562500 8.312500 -1.625000
v 0.562500 8.687500 -3.750000
v 0.562500 8.687500 -1.625000
v 0.187500 8.687500 -1.625000
v 0.187500 8.312500 -3.750000
v 0.187500 8.312500 -1.625000
v 0.187500 8.687500 -3.750000
v 0.562500 8.312500 -3.750000
v -0.187500 8.312500 -1.625000
v -0.187500 8.687500 -3.750000
v -0.187500 8.687500 -1.625000
v -0.562500 8.687500 -1.625000
v -0.562500 8.312500 -3.750000
v -0.562500 8.312500 -1.625000
v -0.562500 8.687500 -3.750000
v -0.187500 8.312500 -3.750000
v 0.750000 4.750000 -2.750000
v -0.750000 4.750000 -2.250000
v 0.750000 4.750000 -2.250000
v -0.750000 4.250000 -2.250000
v 0.750000 4.250000 -2.750000
v 0.750000 4.250000 -2.250000
v -0.750000 4.250000 -2.750000
v -0.750000 4.750000 -2.750000
v 0.625000 4.250000 -1.875000
v -0.625000 4.750000 -1.875000
v 0.625000 4.750000 -1.875000
v -0.625000 4.750000 -1.625000
v 0.625000 4.250000 -1.625000
v 0.625000 4.750000 -1.625000
v 1.125000 4.249999 -1.125000
v -0.625000 4.250000 -1.625000
v -0.625000 4.250000 -1.875000
v 1.375000 4.749999 -1.125000
v 1.375000 4.249999 -1.125000
v -1.375000 4.249999 -1.125000
v -1.375000 4.749999 0.250000
v -1.375000 4.749999 -1.125000
v -1.125000 4.749999 0.250000
v -1.125000 4.249999 -1.125000
v -1.125000 4.749999 -1.125000
v -1.375000 4.249999 0.250000
v -1.125000 4.249999 0.250000
v 1.375000 4.249999 0.250000
v 1.375000 4.749999 0.250000
v 1.125000 4.749999 -1.125000
v 1.125000 4.249999 0.250000
v 1.125000 4.749999 0.250000
v 0.750000 4.750000 -4.250000
v -0.750000 4.750000 -3.750000
v 0.750000 4.750000 -3.750000
v -0.750000 4.250000 -3.750000
v 0.750000 4.250000 -4.250000
v 0.750000 4.250000 -3.750000
v -0.750000 4.250000 -4.250000
v -0.750000 4.750000 -4.250000
v 0.562500 4.312500 -1.875000
v 0.562500 4.687500 -3.750000
v 0.562500 4.687500 -1.875000
v 0.187500 4.687500 -1.875000
v 0.187500 4.312500 -3.750000
v 0.187500 4.312500 -1.875000
v 0.187500 4.687500 -3.750000
v 0.562500 4.312500 -3.750000
v -0.187500 4.312500 -1.875000
v -0.187500 4.687500 -3.750000
v -0.187500 4.687500 -1.875000
v -0.562500 4.687500 -1.875000
v -0.562500 4.312500 -3.750000
v -0.562500 4.312500 -1.875000
v -0.562500 4.687500 -3.750000
v -0.187500 4.312500 -3.750000
v 0.750000 11.750000 -4.062500
v -0.750000 10.750000 -4.062500
v 0.750000 12.250000 -4.062500
v 0.750000 10.250000 -4.062500
v -0.750000 9.250000 -4.062500
v 0.750000 10.750000 -4.062500
v 0.750000 10.750000 -3.937500
v -0.750000 11.750000 -3.937500
v -0.750000 12.250000 -3.937500
v 0.750000 9.250000 -3.937500
v -0.750000 10.250000 -3.937500
v -0.750000 10.750000 -3.937500
v 0.750000 7.750000 -4.062500
v -0.750000 6.750000 -4.062500
v 0.750000 8.250000 -4.062500
v 0.750000 6.250000 -4.062500
v -0.750000 5.250000 -4.062500
v 0.750000 6.750000 -4.062500
v 0.750000 6.750000 -3.937500
v -0.750000 7.750000 -3.937500
v -0.750000 8.250000 -3.937500
v 0.750000 5.250000 -3.937500
v -0.750000 6.250000 -3.937500
v -0.750000 6.750000 -3.937500
v -0.750000 10.750000 -2.562500
v 0.750000 11.750000 -2.562500
v 0.750000 12.250000 -2.562500
v -0.750000 9.250000 -2.562500
v 0.750000 10.250000 -2.562500
v 0.750000 10.750000 -2.562500
v 0.750000 10.750000 -2.437500
v -0.750000 11.750000 -2.437500
v 0.750000 10.250000 -2.437500
v 0.750000 9.250000 -2.437500
v -0.750000 10.250000 -2.437500
v 0.750000 8.750000 -2.437500
v -0.750000 6.750000 -2.562500
v 0.750000 7.750000 -2.562500
v 0.750000 8.250000 -2.562500
v -0.750000 5.250000 -2.562500
v 0.750000 6.250000 -2.562500
v 0.750000 6.750000 -2.562500
v 0.750000 6.750000 -2.437500
v -0.750000 7.750000 -2.437500
v 0.750000 6.250000 -2.437500
v 0.750000 5.250000 -2.437500
v -0.750000 6.250000 -2.437500
v 0.750000 4.750000 -2.437500
v 0.750000 14.250000 -4.062500
v -0.750000 13.250000 -4.062500
v 0.750000 14.750000 -4.062500
v 0.750000 13.250000 -3.937500
v -0.750000 14.250000 -3.937499
v -0.750000 14.750000 -3.937499
v -0.750000 13.250000 -2.562500
v 0.750000 14.250000 -2.562499
v 0.750000 14.750000 -2.562499
v 0.750000 13.250000 -2.437500
v -0.750000 14.250000 -2.437499
v 0.750000 12.750000 -2.437500
v 1.062500 14.250000 -2.749999
v 1.062500 13.250000 -3.750000
v 1.062500 14.750000 -2.749999
v 0.937500 13.250000 -2.750000
v 0.937500 14.250000 -3.749999
v 0.937500 14.750000 -3.749999
v 1.062500 11.750000 -2.750000
v 1.062500 10.750000 -3.750000
v 1.062500 12.250000 -2.750000
v 0.937500 10.750000 -2.750000
v 0.937500 11.750000 -3.750000
v 0.937500 12.250000 -3.750000
v 1.062500 10.250000 -2.750000
v 1.062500 9.250000 -3.750000
v 1.062500 10.750000 -2.750000
v 0.937500 9.250000 -2.750000
v 0.937500 10.250000 -3.750000
v 0.937500 10.750000 -3.750000
v 1.062500 7.750000 -2.750000
v 1.062500 6.750000 -3.750000
v 1.062500 8.250000 -2.750000
v 0.937500 6.750000 -2.750000
v 0.937500 7.750000 -3.750000
v 0.937500 8.250000 -3.750000
v 1.062500 6.250000 -2.750000
v 1.062500 5.250000 -3.750000
v 1.062500 6.750000 -2.750000
v 0.937500 5.250000 -2.750000
v 0.937500 6.250000 -3.750000
v 0.937500 6.750000 -3.750000
v -0.937500 13.250000 -3.750000
v -0.937500 14.250000 -2.749999
v -0.937500 14.750000 -2.749999
v -1.062500 13.250000 -2.750000
v -1.062500 14.250000 -3.749999
v -1.062500 12.750000 -2.750000
v -0.937500 10.750000 -3.750000
v -0.937500 11.750000 -2.750000
v -0.937500 12.250000 -2.750000
v -1.062500 10.750000 -2.750000
v -1.062500 11.750000 -3.750000
v -1.062500 10.250000 -2.750000
v -0.937500 9.250000 -3.750000
v -0.937500 10.250000 -2.750000
v -0.937500 10.750000 -2.750000
v -1.062500 9.250000 -2.750000
v -1.062500 10.250000 -3.750000
v -1.062500 8.750000 -2.750000
v -0.937500 6.750000 -3.750000
v -0.937500 7.750000 -2.750000
v -0.937500 8.250000 -2.750000
v -1.062500 6.750000 -2.750000
v -1.062500 7.750000 -3.750000
v -1.062500 6.250000 -2.750000
v -0.937500 5.250000 -3.750000
v -0.937500 6.250000 -2.750000
v -0.937500 6.750000 -2.750000
v -1.062500 5.250000 -2.750000
v -1.062500 6.250000 -3.750000
v -1.062500 4.750000 -2.750000
v -0.750000 10.750000 -4.062500
v 0.750000 11.750000 -4.062500
v 0.750000 12.250000 -4.062500
v -0.750000 9.250000 -4.062500
v 0.750000 10.250000 -4.062500
v 0.750000 10.750000 -4.062500
v 0.750000 10.750000 -3.937500
v -0.750000 11.750000 -3.937500
v 0.750000 10.250000 -3.937500
v 0.750000 9.250000 -3.937500
v -0.750000 10.250000 -3.937500
v 0.750000 8.750000 -3.937500
v -0.750000 6.750000 -4.062500
v 0.750000 7.750000 -4.062500
v 0.750000 8.250000 -4.062500
v -0.750000 5.250000 -4.062500
v 0.750000 6.250000 -4.062500
v 0.750000 6.750000 -4.062500
v 0.750000 6.750000 -3.937500
v -0.750000 7.750000 -3.937500
v 0.750000 6.250000 -3.937500
v 0.750000 5.250000 -3.937500
v -0.750000 6.250000 -3.937500
v 0.750000 4.750000 -3.937500
v 0.750000 11.750000 -2.562500
v -0.750000 10.750000 -2.562500
v 0.750000 12.250000 -2.562500
v 0.750000 10.250000 -2.562500
v -0.750000 9.250000 -2.562500
v 0.750000 10.750000 -2.562500
v 0.750000 10.750000 -2.437500
v -0.750000 11.750000 -2.437500
v -0.750000 12.250000 -2.437500
v 0.750000 9.250000 -2.437500
v -0.750000 10.250000 -2.437500
v -0.750000 10.750000 -2.437500
v 0.750000 7.750000 -2.562500
v -0.750000 6.750000 -2.562500
v 0.750000 8.250000 -2.562500
v 0.750000 6.250000 -2.562500
v -0.750000 5.250000 -2.562500
v 0.750000 6.750000 -2.562500
v 0.750000 6.750000 -2.437500
v -0.750000 7.750000 -2.437500
v -0.750000 8.250000 -2.437500
v 0.750000 5.250000 -2.437500
v -0.750000 6.250000 -2.437500
v -0.750000 6.750000 -2.437500
v -0.750000 13.250000 -4.062500
v 0.750000 14.250000 -4.062500
v 0.750000 14.750000 -4.062500
v 0.750000 13.250000 -3.937500
v -0.750000 14.250000 -3.937499
v 0.750000 12.750000 -3.937500
v 0.750000 14.250000 -2.562499
v -0.750000 13.250000 -2.562500
v 0.750000 14.750000 -2.562499
v 0.750000 13.250000 -2.437500
v -0.750000 14.250000 -2.437499
v -0.750000 14.750000 -2.437499
v 1.062500 13.250000 -3.750000
v 1.062500 14.250000 -2.749999
v 1.062500 14.750000 -2.749999
v 0.937500 13.250000 -2.750000
v 0.937500 14.250000 -3.749999
v 0.937500 12.750000 -2.750000
v 1.062500 10.750000 -3.750000
v 1.062500 11.750000 -2.750000
v 1.062500 12.250000 -2.750000
v 0.937500 10.750000 -2.750000
v 0.937500 11.750000 -3.750000
v 0.937500 10.250000 -2.750000
v 1.062500 9.250000 -3.750000
v 1.062500 10.250000 -2.750000
v 1.062500 10.750000 -2.750000
v 0.937500 9.250000 -2.750000
v 0.937500 10.250000 -3.750000
v 0.937500 8.750000 -2.750000
v 1.062500 6.750000 -3.750000
v 1.062500 7.750000 -2.750000
v 1.062500 8.250000 -2.750000
v 0.937500 6.750000 -2.750000
v 0.937500 7.750000 -3.750000
v 0.937500 6.250000 -2.750000
v 1.062500 5.250000 -3.750000
v 1.062500 6.250000 -2.750000
v 1.062500 6.750000 -2.750000
v 0.937500 5.250000 -2.750000
v 0.937500 6.250000 -3.750000
v 0.937500 4.750000 -2.750000
v -0.937500 14.250000 -2.749999
v -0.937500 13.250000 -3.750000
v -0.937500 14.750000 -2.749999
v -1.062500 13.250000 -2.750000
v -1.062500 14.250000 -3.749999
v -1.062500 14.750000 -3.749999
v -0.937500 11.750000 -2.750000
v -0.937500 10.750000 -3.750000
v -0.937500 12.250000 -2.750000
v -1.062500 10.750000 -2.750000
v -1.062500 11.750000 -3.750000
v -1.062500 12.250000 -3.750000
v -0.937500 10.250000 -2.750000
v -0.937500 9.250000 -3.750000
v -0.937500 10.750000 -2.750000
v -1.062500 9.250000 -2.750000
v -1.062500 10.250000 -3.750000
v -1.062500 10.750000 -3.750000
v -0.937500 7.750000 -2.750000
v -0.937500 6.750000 -3.750000
v -0.937500 8.250000 -2.750000
v -1.062500 6.750000 -2.750000
v -1.062500 7.750000 -3.750000
v -1.062500 8.250000 -3.750000
v -0.937500 6.250000 -2.750000
v -0.937500 5.250000 -3.750000
v -0.937500 6.750000 -2.750000
v -1.062500 5.250000 -2.750000
v -1.062500 6.250000 -3.750000
v -1.062500 6.750000 -3.750000
v -0.750000 10.250000 -4.062500
v -0.750000 8.750000 -4.062500
v 0.750000 10.250000 -3.937500
v 0.750000 8.750000 -3.937500
v -0.750000 6.250000 -4.062500
v -0.750000 4.750000 -4.062500
v 0.750000 6.250000 -3.937500
v 0.750000 4.750000 -3.937500
v -0.750000 10.250000 -2.562500
v -0.750000 8.750000 -2.562500
v -0.750000 12.250000 -2.437500
v -0.750000 10.750000 -2.437500
v -0.750000 6.250000 -2.562500
v -0.750000 4.750000 -2.562500
v -0.750000 8.250000 -2.437500
v -0.750000 6.750000 -2.437500
v -0.750000 12.750000 -4.062500
v 0.750000 12.750000 -3.937500
v -0.750000 12.750000 -2.562500
v -0.750000 14.750000 -2.437499
v 1.062500 12.750000 -3.750000
v 0.937500 12.750000 -2.750000
v 1.062500 10.250000 -3.750000
v 0.937500 10.250000 -2.750000
v 1.062500 8.750000 -3.750000
v 0.937500 8.750000 -2.750000
v 1.062500 6.250000 -3.750000
v 0.937500 6.250000 -2.750000
v 1.062500 4.750000 -3.750000
v 0.937500 4.750000 -2.750000
v -0.937500 12.750000 -3.750000
v -1.062500 14.750000 -3.749999
v -0.937500 10.250000 -3.750000
v -1.062500 12.250000 -3.750000
v -0.937500 8.750000 -3.750000
v -1.062500 10.750000 -3.750000
v -0.937500 6.250000 -3.750000
v -1.062500 8.250000 -3.750000
v -0.937500 4.750000 -3.750000
v -1.062500 6.750000 -3.750000
v -0.750000 10.250000 -4.062500
v -0.750000 8.750000 -4.062500
v -0.750000 12.250000 -3.937500
v -0.750000 10.750000 -3.937500
v -0.750000 6.250000 -4.062500
v -0.750000 4.750000 -4.062500
v -0.750000 8.250000 -3.937500
v -0.750000 6.750000 -3.937500
v -0.750000 10.250000 -2.562500
v -0.750000 8.750000 -2.562500
v 0.750000 10.250000 -2.437500
v 0.750000 8.750000 -2.437500
v -0.750000 6.250000 -2.562500
v -0.750000 4.750000 -2.562500
v 0.750000 6.250000 -2.437500
v 0.750000 4.750000 -2.437500
v -0.750000 12.750000 -4.062500
v -0.750000 14.750000 -3.937499
v -0.750000 12.750000 -2.562500
v 0.750000 12.750000 -2.437500
v 1.062500 12.750000 -3.750000
v 0.937500 14.750000 -3.749999
v 1.062500 10.250000 -3.750000
v 0.937500 12.250000 -3.750000
v 1.062500 8.750000 -3.750000
v 0.937500 10.750000 -3.750000
v 1.062500 6.250000 -3.750000
v 0.937500 8.250000 -3.750000
v 1.062500 4.750000 -3.750000
v 0.937500 6.750000 -3.750000
v -0.937500 12.750000 -3.750000
v -1.062500 12.750000 -2.750000
v -0.937500 10.250000 -3.750000
v -1.062500 10.250000 -2.750000
v -0.937500 8.750000 -3.750000
v -1.062500 8.750000 -2.750000
v -0.937500 6.250000 -3.750000
v -1.062500 6.250000 -2.750000
v -0.937500 4.750000 -3.750000
v -1.062500 4.750000 -2.750000
vt 0.923077 0.032258
vt 0.897436 -0.000000
vt 0.923077 -0.000000
vt 0.923077 0.032258
vt 0.897436 -0.000000
vt 0.923077 -0.000000
vt 0.923077 0.032258
vt 0.897436 -0.000000
vt 0.923077 -0.000000
vt 0.923077 0.032258
vt 0.897436 -0.000000
vt 0.923077 -0.000000
vt 0.897436 0.790323
vt 0.923077 0.758065
vt 0.923077 0.790323
vt 0.897436 0.790323
vt 0.923077 0.758065
vt 0.923077 0.790323
vt 0.897436 0.790323
vt 0.923077 0.758065
vt 0.923077 0.790323
vt 0.897436 0.790323
vt 0.923077 0.758065
vt 0.923077 0.790323
vt 0.974359 0.032258
vt 0.948718 0.758065
vt 0.948718 0.032258
vt 1.000000 0.032258
vt 0.974359 0.758065
vt 0.974359 0.032258
vt 1.000000 0.032258
vt 0.974359 0.758065
vt 0.897436 0.758065
vt 0.897436 0.032258
vt 0.897436 0.758065
vt 0.897436 0.032258
vt 0.948718 0.032258
vt 0.948718 0.032258
vt 0.974359 0.032258
vt 0.948718 0.758065
vt 0.974359 0.032258
vt 0.948718 0.758065
vt 1.000000 0.032258
vt 0.974359 0.758065
vt 1.000000 0.032258
vt 0.974359 0.758065
vt 0.897436 0.758065
vt 0.897436 0.032258
vt 0.948718 0.032258
vt 0.897436 0.758065
vt 0.897436 0.032258
vt 0.948718 0.758065
vt 0.897436 0.854839
vt 0.974359 0.887097
vt 0.897436 0.887097
vt 0.974359 0.790323
vt 0.897436 0.822581
vt 0.897436 0.790323
vt 0.974359 0.822581
vt 0.974359 0.854839
vt 0.897436 0.919355
vt 0.448718 0.822581
vt 0.512821 0.854839
vt 0.448718 0.854839
vt 0.275641 0.919355
vt 0.211538 0.951613
vt 0.211538 0.919355
vt 0.512821 0.854839
vt 0.538462 0.903226
vt 0.512821 0.870968
vt 0.448718 0.870968
vt 0.448718 0.854839
vt 0.384615 0.854839
vt 0.410256 0.903226
vt 0.384615 0.903226
vt 0.448718 0.870968
vt 0.576923 0.903226
vt 0.551282 0.959677
vt 0.551282 0.903226
vt 0.346154 0.919355
vt 0.301282 0.951613
vt 0.301282 0.919355
vt 0.384615 0.951613
vt 0.371795 0.919355
vt 0.384615 0.919355
vt 0.410256 0.903226
vt 0.423077 0.959677
vt 0.410256 0.959677
vt 0.538462 0.903226
vt 0.384615 0.959677
vt 0.410256 0.959677
vt 0.185897 0.919355
vt 0.141026 0.951613
vt 0.141026 0.919355
vt 0.551282 0.959677
vt 0.551282 0.903226
vt 0.102564 0.919355
vt 0.115385 0.951613
vt 0.102564 0.951613
vt 0.423077 0.959677
vt 0.275641 0.951613
vt 0.512821 0.870968
vt 0.576923 0.854839
vt 0.551282 0.854839
vt 0.423077 0.903226
vt 0.897436 0.854839
vt 0.974359 0.887097
vt 0.897436 0.887097
vt 0.974359 0.790323
vt 0.897436 0.822581
vt 0.897436 0.790323
vt 0.974359 0.822581
vt 0.974359 0.854839
vt 0.897436 0.919355
vt 0.794872 0.846774
vt 0.814103 0.693548
vt 0.814103 0.846774
vt 0.833333 0.846774
vt 0.852564 0.693548
vt 0.852564 0.846774
vt 0.833333 0.693548
vt 0.871795 0.693548
vt 0.871795 0.846774
vt 0.794872 0.846774
vt 0.814103 0.693548
vt 0.814103 0.846774
vt 0.833333 0.846774
vt 0.852564 0.693548
vt 0.852564 0.846774
vt 0.833333 0.693548
vt 0.871795 0.693548
vt 0.871795 0.846774
vt 0.897436 0.854839
vt 0.974359 0.887097
vt 0.897436 0.887097
vt 0.974359 0.790323
vt 0.897436 0.822581
vt 0.897436 0.790323
vt 0.974359 0.822581
vt 0.974359 0.854839
vt 0.897436 0.919355
vt 0.448718 0.822581
vt 0.512821 0.854839
vt 0.448718 0.854839
vt 0.275641 0.919355
vt 0.211538 0.951613
vt 0.211538 0.919355
vt 0.512821 0.854839
vt 0.538462 0.903226
vt 0.512821 0.870968
vt 0.448718 0.870968
vt 0.448718 0.854839
vt 0.384615 0.854839
vt 0.410256 0.903226
vt 0.384615 0.903226
vt 0.448718 0.870968
vt 0.576923 0.903226
vt 0.551282 0.975806
vt 0.551282 0.903226
vt 0.358974 0.919355
vt 0.301282 0.951613
vt 0.301282 0.919355
vt 0.384615 0.951613
vt 0.371795 0.919355
vt 0.384615 0.919355
vt 0.410256 0.903226
vt 0.423077 0.975806
vt 0.410256 0.975806
vt 0.538462 0.903226
vt 0.384615 0.975806
vt 0.410256 0.975806
vt 0.185897 0.919355
vt 0.128205 0.951613
vt 0.128205 0.919355
vt 0.551282 0.975806
vt 0.551282 0.903226
vt 0.102564 0.919355
vt 0.115385 0.951613
vt 0.102564 0.951613
vt 0.423077 0.975806
vt 0.275641 0.951613
vt 0.512821 0.870968
vt 0.576923 0.854839
vt 0.551282 0.854839
vt 0.423077 0.903226
vt 0.897436 0.854839
vt 0.974359 0.887097
vt 0.897436 0.887097
vt 0.974359 0.790323
vt 0.897436 0.822581
vt 0.897436 0.790323
vt 0.974359 0.822581
vt 0.974359 0.854839
vt 0.897436 0.919355
vt 0.794872 0.830645
vt 0.814103 0.693548
vt 0.814103 0.830645
vt 0.833333 0.830645
vt 0.852564 0.693548
vt 0.852564 0.830645
vt 0.833333 0.693548
vt 0.871795 0.693548
vt 0.871795 0.830645
vt 0.794872 0.830645
vt 0.814103 0.693548
vt 0.814103 0.830645
vt 0.833333 0.830645
vt 0.852564 0.693548
vt 0.852564 0.830645
vt 0.833333 0.693548
vt 0.871795 0.693548
vt 0.871795 0.830645
vt 0.897436 0.854839
vt 0.974359 0.887097
vt 0.897436 0.887097
vt 0.974359 0.790323
vt 0.897436 0.822581
vt 0.897436 0.790323
vt 0.974359 0.822581
vt 0.974359 0.854839
vt 0.897436 0.919355
vt 0.448718 0.822581
vt 0.512821 0.854839
vt 0.448718 0.854839
vt 0.275641 0.919355
vt 0.211538 0.951613
vt 0.211538 0.919355
vt 0.512821 0.854839
vt 0.538462 0.903226
vt 0.512821 0.870968
vt 0.448718 0.870968
vt 0.448718 0.854839
vt 0.384615 0.854839
vt 0.410256 0.903226
vt 0.384615 0.903226
vt 0.448718 0.870968
vt 0.576923 0.903226
vt 0.551282 0.991935
vt 0.551282 0.903226
vt 0.371795 0.919355
vt 0.301282 0.951613
vt 0.301282 0.919355
vt 0.384615 0.951613
vt 0.384615 0.919355
vt 0.410256 0.903226
vt 0.423077 0.991935
vt 0.410256 0.991935
vt 0.538462 0.903226
vt 0.384615 0.991935
vt 0.410256 0.991935
vt 0.185897 0.919355
vt 0.115385 0.951613
vt 0.115385 0.919355
vt 0.551282 0.991935
vt 0.551282 0.903226
vt 0.102564 0.919355
vt 0.102564 0.951613
vt 0.423077 0.991935
vt 0.275641 0.951613
vt 0.512821 0.870968
vt 0.576923 0.854839
vt 0.551282 0.854839
vt 0.423077 0.903226
vt 0.897436 0.854839
vt 0.974359 0.887097
vt 0.897436 0.887097
vt 0.974359 0.790323
vt 0.897436 0.822581
vt 0.897436 0.790323
vt 0.974359 0.822581
vt 0.974359 0.854839
vt 0.897436 0.919355
vt 0.794872 0.814516
vt 0.814103 0.693548
vt 0.814103 0.814516
vt 0.833333 0.814516
vt 0.852564 0.693548
vt 0.852564 0.814516
vt 0.833333 0.693548
vt 0.871795 0.693548
vt 0.871795 0.814516
vt 0.794872 0.814516
vt 0.814103 0.693548
vt 0.814103 0.814516
vt 0.833333 0.814516
vt 0.852564 0.693548
vt 0.852564 0.814516
vt 0.833333 0.693548
vt 0.871795 0.693548
vt 0.871795 0.814516
vt 0.948718 0.758065
vt 1.000000 0.790323
vt 0.948718 0.790323
vt 0.948718 0.758065
vt 1.000000 0.790323
vt 0.948718 0.790323
vt 0.948718 0.790323
vt 1.000000 0.758065
vt 1.000000 0.790323
vt 0.948718 0.790323
vt 1.000000 0.758065
vt 1.000000 0.790323
vt 0.948718 0.758065
vt 1.000000 0.790323
vt 0.948718 0.790323
vt 0.948718 0.758065
vt 1.000000 0.790323
vt 0.948718 0.790323
vt 0.948718 0.790323
vt 1.000000 0.758065
vt 1.000000 0.790323
vt 0.948718 0.790323
vt 1.000000 0.758065
vt 1.000000 0.790323
vt 0.948718 0.790323
vt 1.000000 0.758065
vt 1.000000 0.790323
vt 0.948718 0.790323
vt 1.000000 0.758065
vt 1.000000 0.790323
vt 1.000000 0.790323
vt 0.948718 0.758065
vt 1.000000 0.758065
vt 1.000000 0.790323
vt 0.948718 0.758065
vt 1.000000 0.758065
vt 0.948718 0.790323
vt 1.000000 0.758065
vt 1.000000 0.790323
vt 0.948718 0.790323
vt 1.000000 0.758065
vt 1.000000 0.790323
vt 1.000000 0.790323
vt 0.948718 0.758065
vt 1.000000 0.758065
vt 1.000000 0.790323
vt 0.948718 0.758065
vt 1.000000 0.758065
vt 0.948718 0.758065
vt 1.000000 0.790323
vt 0.948718 0.790323
vt 0.948718 0.790323
vt 1.000000 0.758065
vt 1.000000 0.790323
vt 0.948718 0.790323
vt 1.000000 0.758065
vt 1.000000 0.790323
vt 1.000000 0.790323
vt 0.948718 0.758065
vt 1.000000 0.758065
vt 0.948718 0.758065
vt 0.987179 0.790323
vt 0.948718 0.790323
vt 0.948718 0.790323
vt 0.987179 0.758065
vt 0.987179 0.790323
vt 0.948718 0.758065
vt 0.987179 0.790323
vt 0.948718 0.790323
vt 0.948718 0.790323
vt 0.987179 0.758065
vt 0.987179 0.790323
vt 0.948718 0.758065
vt 0.987179 0.790323
vt 0.948718 0.790323
vt 0.948718 0.790323
vt 0.987179 0.758065
vt 0.987179 0.790323
vt 0.948718 0.758065
vt 0.987179 0.790323
vt 0.948718 0.790323
vt 0.948718 0.790323
vt 0.987179 0.758065
vt 0.987179 0.790323
vt 0.948718 0.758065
vt 0.987179 0.790323
vt 0.948718 0.790323
vt 0.948718 0.790323
vt 0.987179 0.758065
vt 0.987179 0.790323
vt 0.948718 0.790323
vt 0.987179 0.758065
vt 0.987179 0.790323
vt 0.987179 0.790323
vt 0.948718 0.758065
vt 0.987179 0.758065
vt 0.948718 0.790323
vt 0.987179 0.758065
vt 0.987179 0.790323
vt 0.987179 0.790323
vt 0.948718 0.758065
vt 0.987179 0.758065
vt 0.948718 0.790323
vt 0.987179 0.758065
vt 0.987179 0.790323
vt 0.987179 0.790323
vt 0.948718 0.758065
vt 0.987179 0.758065
vt 0.948718 0.790323
vt 0.987179 0.758065
vt 0.987179 0.790323
vt 0.987179 0.790323
vt 0.948718 0.758065
vt 0.987179 0.758065
vt 0.948718 0.790323
vt 0.987179 0.758065
vt 0.987179 0.790323
vt 0.987179 0.790323
vt 0.948718 0.758065
vt 0.987179 0.758065
vt 1.000000 0.790323
vt 0.948718 0.758065
vt 0.948718 0.790323
vt 1.000000 0.790323
vt 0.948718 0.758065
vt 0.948718 0.790323
vt 0.948718 0.790323
vt 1.000000 0.758065
vt 0.948718 0.758065
vt 0.948718 0.790323
vt 1.000000 0.758065
vt 0.948718 0.758065
vt 1.000000 0.790323
vt 0.948718 0.758065
vt 0.948718 0.790323
vt 1.000000 0.790323
vt 0.948718 0.758065
vt 0.948718 0.790323
vt 0.948718 0.790323
vt 1.000000 0.758065
vt 0.948718 0.758065
vt 0.948718 0.790323
vt 1.000000 0.758065
vt 0.948718 0.758065
vt 1.000000 0.758065
vt 0.948718 0.790323
vt 1.000000 0.790323
vt 1.000000 0.758065
vt 0.948718 0.790323
vt 1.000000 0.790323
vt 1.000000 0.790323
vt 0.948718 0.758065
vt 0.948718 0.790323
vt 1.000000 0.790323
vt 0.948718 0.758065
vt 0.948718 0.790323
vt 1.000000 0.758065
vt 0.948718 0.790323
vt 1.000000 0.790323
vt 1.000000 0.758065
vt 0.948718 0.790323
vt 1.000000 0.790323
vt 1.000000 0.790323
vt 0.948718 0.758065
vt 0.948718 0.790323
vt 1.000000 0.790323
vt 0.948718 0.758065
vt 0.948718 0.790323
vt 1.000000 0.790323
vt 0.948718 0.758065
vt 0.948718 0.790323
vt 0.948718 0.790323
vt 1.000000 0.758065
vt 0.948718 0.758065
vt 1.000000 0.758065
vt 0.948718 0.790323
vt 1.000000 0.790323
vt 1.000000 0.790323
vt 0.948718 0.758065
vt 0.948718 0.790323
vt 0.987179 0.790323
vt 0.948718 0.758065
vt 0.948718 0.790323
vt 0.948718 0.790323
vt 0.987179 0.758065
vt 0.948718 0.758065
vt 0.987179 0.790323
vt 0.948718 0.758065
vt 0.948718 0.790323
vt 0.948718 0.790323
vt 0.987179 0.758065
vt 0.948718 0.758065
vt 0.987179 0.790323
vt 0.948718 0.758065
vt 0.948718 0.790323
vt 0.948718 0.790323
vt 0.987179 0.758065
vt 0.948718 0.758065
vt 0.987179 0.790323
vt 0.948718 0.758065
vt 0.948718 0.790323
vt 0.948718 0.790323
vt 0.987179 0.758065
vt 0.948718 0.758065
vt 0.987179 0.790323
vt 0.948718 0.758065
vt 0.948718 0.790323
vt 0.948718 0.790323
vt 0.987179 0.758065
vt 0.948718 0.758065
vt 0.987179 0.758065
vt 0.948718 0.790323
vt 0.987179 0.790323
vt 0.987179 0.790323
vt 0.948718 0.758065
vt 0.948718 0.790323
vt 0.987179 0.758065
vt 0.948718 0.790323
vt 0.987179 0.790323
vt 0.987179 0.790323
vt 0.948718 0.758065
vt 0.948718 0.790323
vt 0.987179 0.758065
vt 0.948718 0.790323
vt 0.987179 0.790323
vt 0.987179 0.790323
vt 0.948718 0.758065
vt 0.948718 0.790323
vt 0.987179 0.758065
vt 0.948718 0.790323
vt 0.987179 0.790323
vt 0.987179 0.790323
vt 0.948718 0.758065
vt 0.948718 0.790323
vt 0.987179 0.758065
vt 0.948718 0.790323
vt 0.987179 0.790323
vt 0.987179 0.790323
vt 0.948718 0.758065
vt 0.948718 0.790323
vt 1.000000 0.758065
vt 1.000000 0.758065
vt 1.000000 0.758065
vt 1.000000 0.758065
vt 0.974359 0.919355
vt 0.512821 0.822581
vt 0.410256 0.854839
vt 0.576923 0.959677
vt 0.346154 0.951613
vt 0.371795 0.951613
vt 0.423077 0.903226
vt 0.538462 0.959677
vt 0.185897 0.951613
vt 0.538462 0.959677
vt 0.115385 0.919355
vt 0.974359 0.919355
vt 0.794872 0.693548
vt 0.794872 0.693548
vt 0.974359 0.919355
vt 0.512821 0.822581
vt 0.410256 0.854839
vt 0.576923 0.975806
vt 0.358974 0.951613
vt 0.371795 0.951613
vt 0.423077 0.903226
vt 0.538462 0.975806
vt 0.185897 0.951613
vt 0.538462 0.975806
vt 0.115385 0.919355
vt 0.974359 0.919355
vt 0.794872 0.693548
vt 0.794872 0.693548
vt 0.974359 0.919355
vt 0.512821 0.822581
vt 0.410256 0.854839
vt 0.576923 0.991935
vt 0.371795 0.951613
vt 0.423077 0.903226
vt 0.538462 0.991935
vt 0.185897 0.951613
vt 0.538462 0.991935
vt 0.974359 0.919355
vt 0.794872 0.693548
vt 0.794872 0.693548
vt 1.000000 0.758065
vt 1.000000 0.758065
vt 0.948718 0.758065
vt 0.948718 0.758065
vt 1.000000 0.758065
vt 1.000000 0.758065
vt 0.948718 0.758065
vt 0.948718 0.758065
vt 0.948718 0.758065
vt 0.948718 0.758065
vt 0.948718 0.790323
vt 0.948718 0.790323
vt 0.948718 0.758065
vt 0.948718 0.758065
vt 0.948718 0.790323
vt 0.948718 0.790323
vt 1.000000 0.758065
vt 0.948718 0.758065
vt 0.948718 0.758065
vt 0.948718 0.790323
vt 0.987179 0.758065
vt 0.948718 0.758065
vt 0.987179 0.758065
vt 0.948718 0.758065
vt 0.987179 0.758065
vt 0.948718 0.758065
vt 0.987179 0.758065
vt 0.948718 0.758065
vt 0.987179 0.758065
vt 0.948718 0.758065
vt 0.948718 0.758065
vt 0.948718 0.790323
vt 0.948718 0.758065
vt 0.948718 0.790323
vt 0.948718 0.758065
vt 0.948718 0.790323
vt 0.948718 0.758065
vt 0.948718 0.790323
vt 0.948718 0.758065
vt 0.948718 0.790323
vt 1.000000 0.758065
vt 1.000000 0.758065
vt 1.000000 0.790323
vt 1.000000 0.790323
vt 1.000000 0.758065
vt 1.000000 0.758065
vt 1.000000 0.790323
vt 1.000000 0.790323
vt 0.948718 0.758065
vt 0.948718 0.758065
vt 1.000000 0.758065
vt 1.000000 0.758065
vt 0.948718 0.758065
vt 0.948718 0.758065
vt 1.000000 0.758065
vt 1.000000 0.758065
vt 1.000000 0.758065
vt 1.000000 0.790323
vt 0.948718 0.758065
vt 1.000000 0.758065
vt 0.987179 0.758065
vt 0.987179 0.790323
vt 0.987179 0.758065
vt 0.987179 0.790323
vt 0.987179 0.758065
vt 0.987179 0.790323
vt 0.987179 0.758065
vt 0.987179 0.790323
vt 0.987179 0.758065
vt 0.987179 0.790323
vt 0.948718 0.758065
vt 0.987179 0.758065
vt 0.948718 0.758065
vt 0.987179 0.758065
vt 0.948718 0.758065
vt 0.987179 0.758065
vt 0.948718 0.758065
vt 0.987179 0.758065
vt 0.948718 0.758065
vt 0.987179 0.758065
vn 0.0000 -1.0000 0.0000
vn 0.0000 1.0000 0.0000
vn 0.0000 -0.0000 1.0000
vn 1.0000 0.0000 0.0000
vn 0.0000 0.0000 -1.0000
vn -1.0000 0.0000 0.0000
vn 0.7071 0.0000 -0.7071
vn -0.7071 -0.0000 0.7071
vn 0.7071 0.0000 0.7071
vn -0.7071 0.0000 -0.7071
v 1.187500 4.500000 -4.187500
v 1.187500 3.500000 -3.812500
v 1.187500 3.500000 -4.187500
v 1.187500 4.500000 -3.812500
v 0.812500 3.500000 -3.812500
v 0.750000 2.000000 -2.750000
v 1.250000 2.000000 -2.250000
v 0.750000 2.000000 -2.250000
v -1.250000 2.000000 -2.750000
v -0.750000 2.000000 -2.250000
v -1.250000 2.000000 -2.250000
v 1.250000 3.500000 -3.750000
v 0.750000 3.500000 -4.250000
v 0.750000 3.500000 -3.750000
v -0.750000 3.500000 -3.750000
v -1.250000 3.500000 -4.250000
v -1.250000 3.500000 -3.750000
v -0.750000 1.500000 -3.750000
v -1.250000 1.500000 -3.750000
v 0.750000 1.500000 -4.250000
v 1.250000 3.500000 -4.250000
v 1.250000 1.500000 -4.250000
v 1.250000 1.500000 -3.750000
v 0.750000 1.500000 -3.750000
v -0.750000 1.500000 -4.250000
v -1.250000 1.500000 -4.250000
v -0.750000 3.500000 -4.250000
v 1.250000 3.500000 -2.250000
v 0.750000 3.500000 -2.750000
v 0.750000 3.500000 -2.250000
v -0.750000 3.500000 -2.250000
v -1.250000 3.500000 -2.750000
v -1.250000 3.500000 -2.250000
v -0.750000 2.000000 -2.750000
v 1.250000 2.000000 -2.750000
v -0.750000 3.500000 -2.750000
v 1.250000 3.500000 -2.750000
v 0.812500 4.500000 -3.812500
v 0.812500 3.500000 -4.187500
v 0.812500 4.500000 -4.187500
v 1.187500 4.500000 -2.687500
v 1.187500 3.500000 -2.312500
v 1.187500 3.500000 -2.687500
v 1.187500 4.500000 -2.312500
v 0.812500 3.500000 -2.312500
v 0.812500 4.500000 -2.312500
v 0.812500 3.500000 -2.687500
v 0.812500 4.500000 -2.687500
v -0.812500 4.500000 -4.187500
v -0.812500 3.500000 -3.812500
v -0.812500 3.500000 -4.187500
v -0.812500 4.500000 -3.812500
v -1.187500 3.500000 -3.812500
v -1.187500 4.500000 -3.812500
v -1.187500 3.500000 -4.187500
v -1.187500 4.500000 -4.187500
v -0.812500 4.500000 -2.687500
v -0.812500 3.500000 -2.312500
v -0.812500 3.500000 -2.687500
v -0.812500 4.500000 -2.312500
v -1.187500 3.500000 -2.312500
v -1.187500 4.500000 -2.312500
v -1.187500 3.500000 -2.687500
v -1.187500 4.500000 -2.687500
v 1.000000 2.500000 -2.750000
v 1.000000 3.000000 -3.750000
v 1.000000 3.000000 -2.750000
v -1.000000 3.000000 -3.750000
v -1.000000 2.500000 -2.750000
v -1.000000 3.000000 -2.750000
v 0.750000 2.500000 -4.000000
v -0.750000 3.000000 -4.000000
v 0.750000 3.000000 -4.000000
v -0.750000 3.000000 -2.500000
v 0.750000 2.500000 -2.500000
v 0.750000 3.000000 -2.500000
v 1.000000 3.000000 -3.750000
v 1.000000 2.500000 -2.750000
v 1.000000 3.000000 -2.750000
v -1.000000 2.500000 -2.750000
v -1.000000 3.000000 -3.750000
v -1.000000 3.000000 -2.750000
v -0.750000 3.000000 -4.000000
v 0.750000 2.500000 -4.000000
v 0.750000 3.000000 -4.000000
v 0.750000 2.500000 -2.500000
v -0.750000 3.000000 -2.500000
v 0.750000 3.000000 -2.500000
v 1.000000 2.500000 -3.750000
v -1.000000 2.500000 -3.750000
v -0.750000 2.500000 -4.000000
v -0.750000 2.500000 -2.500000
v 1.000000 2.500000 -3.750000
v -1.000000 2.500000 -3.750000
v -0.750000 2.500000 -4.000000
v -0.750000 2.500000 -2.500000
vt 0.769231 0.967742
vt 0.750000 0.903226
vt 0.769231 0.903226
vt 0.750000 0.967742
vt 0.730769 0.903226
vt 0.692308 0.870968
vt 0.717949 0.903226
vt 0.692308 0.903226
vt 0.692308 0.870968
vt 0.717949 0.903226
vt 0.692308 0.903226
vt 0.692308 0.870968
vt 0.717949 0.838710
vt 0.717949 0.870968
vt 0.692308 0.870968
vt 0.717949 0.838710
vt 0.717949 0.870968
vt 0.769231 0.709677
vt 0.743590 0.838710
vt 0.743590 0.709677
vt 0.717949 0.709677
vt 0.692308 0.838710
vt 0.692308 0.709677
vt 0.769231 0.709677
vt 0.743590 0.838710
vt 0.743590 0.709677
vt 0.794872 0.709677
vt 0.769231 0.838710
vt 0.717949 0.709677
vt 0.794872 0.709677
vt 0.769231 0.838710
vt 0.692308 0.838710
vt 0.692308 0.709677
vt 0.692308 0.870968
vt 0.717949 0.838710
vt 0.717949 0.870968
vt 0.692308 0.870968
vt 0.717949 0.838710
vt 0.717949 0.870968
vt 0.794872 0.741935
vt 0.769231 0.838710
vt 0.769231 0.741935
vt 0.743590 0.741935
vt 0.717949 0.741935
vt 0.794872 0.741935
vt 0.769231 0.838710
vt 0.769231 0.741935
vt 0.743590 0.741935
vt 0.717949 0.741935
vt 0.692308 0.838710
vt 0.692308 0.741935
vt 0.743590 0.838710
vt 0.692308 0.838710
vt 0.692308 0.741935
vt 0.743590 0.838710
vt 0.730769 0.967742
vt 0.711538 0.903226
vt 0.711538 0.967742
vt 0.692308 0.903226
vt 0.769231 0.967742
vt 0.750000 0.903226
vt 0.769231 0.903226
vt 0.750000 0.967742
vt 0.730769 0.903226
vt 0.730769 0.967742
vt 0.711538 0.903226
vt 0.711538 0.967742
vt 0.692308 0.903226
vt 0.769231 0.967742
vt 0.750000 0.903226
vt 0.769231 0.903226
vt 0.750000 0.967742
vt 0.730769 0.903226
vt 0.730769 0.967742
vt 0.711538 0.903226
vt 0.711538 0.967742
vt 0.692308 0.903226
vt 0.769231 0.967742
vt 0.750000 0.903226
vt 0.769231 0.903226
vt 0.750000 0.967742
vt 0.730769 0.903226
vt 0.730769 0.967742
vt 0.711538 0.903226
vt 0.711538 0.967742
vt 0.692308 0.903226
vt 0.743590 0.870968
vt 0.794872 0.903226
vt 0.743590 0.903226
vt 0.743590 0.903226
vt 0.794872 0.870968
vt 0.794872 0.903226
vt 0.717949 0.838710
vt 0.794872 0.870968
vt 0.717949 0.870968
vt 0.717949 0.870968
vt 0.794872 0.838710
vt 0.794872 0.870968
vt 0.794872 0.903226
vt 0.743590 0.870968
vt 0.743590 0.903226
vt 0.794872 0.870968
vt 0.743590 0.903226
vt 0.794872 0.903226
vt 0.794872 0.870968
vt 0.717949 0.838710
vt 0.717949 0.870968
vt 0.794872 0.838710
vt 0.717949 0.870968
vt 0.794872 0.870968
vt 0.717949 0.870968
vt 0.717949 0.870968
vt 0.794872 0.838710
vt 0.794872 0.838710
vt 0.794872 0.838710
vt 0.794872 0.838710
vt 0.692308 0.967742
vt 0.692308 0.967742
vt 0.692308 0.967742
vt 0.692308 0.967742
vt 0.794872 0.870968
vt 0.743590 0.870968
vt 0.794872 0.838710
vt 0.717949 0.838710
vt 0.794872 0.870968
vt 0.743590 0.870968
vt 0.794872 0.838710
vt 0.717949 0.838710
vn 1.0000 0.0000 0.0000
vn 0.0000 0.0000 1.0000
vn 0.0000 -1.0000 0.0000
vn 0.0000 1.0000 0.0000
vn 0.0000 0.0000 -1.0000
vn -1.0000 0.0000 0.0000
v -1.585786 16.750000 1.409011
v -1.762563 16.250000 1.939341
v -1.939340 16.250000 1.762564
v -2.292893 11.000000 2.116117
v -2.116117 16.250000 1.939341
v -2.116117 11.000000 2.292893
v -1.939340 16.250000 2.116118
v -2.292893 11.000000 2.469671
v -2.469670 11.000000 2.292893
v -1.055456 17.000000 0.878681
v -0.878680 16.750000 0.701904
v -1.055456 16.750000 0.878681
v -1.585786 17.000000 1.409011
v -1.409010 16.750000 1.585787
v -0.878680 17.000000 1.055457
v -0.878680 16.750000 1.055457
v -1.409010 17.000000 1.585787
v -0.701903 16.750000 0.878681
v -0.878680 15.250000 0.701904
v -0.348350 14.250000 0.171574
v -1.055456 15.250000 0.878681
v -0.701903 15.250000 0.878681
v -0.878680 15.250000 1.055457
v -0.171573 14.250000 -0.005203
v -0.171573 14.250000 0.348351
v 0.005204 14.250000 0.171574
vt 0.897436 0.395161
vt 0.884615 0.346774
vt 0.897436 0.346774
vt 0.846154 -0.000000
vt 0.858974 0.338710
vt 0.846154 0.338710
vt 0.884615 -0.000000
vt 0.871795 0.338710
vt 0.871795 -0.000000
vt 0.858974 -0.000000
vt 0.897436 -0.000000
vt 0.884615 0.338710
vt 0.858974 0.451613
vt 0.846154 0.467742
vt 0.846154 0.451613
vt 0.858974 0.403226
vt 0.846154 0.346774
vt 0.884615 0.395161
vt 0.871795 0.451613
vt 0.897436 0.403226
vt 0.884615 0.451613
vt 0.884615 0.403226
vt 0.871795 0.403226
vt 0.871795 0.467742
vt 0.884615 0.532258
vt 0.897436 0.467742
vt 0.897436 0.532258
vt 0.884615 0.629032
vt 0.897436 0.629032
vt 0.871795 0.629032
vt 0.858974 0.629032
vt 0.871795 0.532258
vt 0.846154 0.629032
vt 0.858974 0.532258
vt 0.884615 0.467742
vt 0.858974 0.467742
vt 0.871795 0.467742
vt 0.846154 0.532258
vt 0.897436 0.338710
vt 0.846154 0.403226
vt 0.846154 0.395161
vt 0.897436 0.451613
vt 0.884615 0.467742
vt 0.858974 0.467742
vt 0.846154 0.467742
vn 0.5000 -0.7071 -0.5000
vn -0.7071 -0.0000 -0.7071
vn 0.7071 -0.0000 0.7071
vn -0.7039 0.0948 0.7039
vn 0.7039 -0.0948 -0.7039
vn -0.5000 0.7071 0.5000
vn 0.0000 1.0000 0.0000
vn 0.0000 -1.0000 0.0000
vn 0.5000 0.7071 -0.5000
vn 0.7071 0.0000 -0.7071
vn -0.7071 0.0000 0.7071
vn -0.5000 -0.7071 0.5000
v 0.500000 2.000000 0.500000
v -1.000000 2.000000 1.000000
v 1.000000 2.000000 1.000000
v -1.000000 1.750000 1.000000
v 0.500000 1.750000 0.500000
v 1.000000 1.750000 1.000000
v -0.500000 2.000000 0.500000
v -1.000000 2.000000 -1.000000
v -0.500000 2.000000 -0.500000
v 1.000000 2.000000 -1.000000
v 0.500000 2.000000 -0.500000
v -1.000000 1.750000 -1.000000
v -0.500000 1.750000 0.500000
v 1.000000 1.750000 -1.000000
v -0.500000 1.750000 -0.500000
v 0.500000 1.750000 -0.500000
v -0.500000 2.000000 0.500000
v 0.500000 2.000000 -0.500000
v -0.500000 2.000000 -0.500000
v 0.937500 1.750000 0.937500
v 0.937500 1.000000 0.562500
v 0.937500 1.750000 0.562500
v 0.562500 1.750000 0.562500
v 0.562500 1.000000 0.937500
v 0.562500 1.750000 0.937500
v 0.562500 1.000000 0.562500
v 0.937500 1.000000 0.937500
v -0.500000 1.000000 -1.750000
v 0.500000 1.375000 -1.750000
v 0.500000 1.000000 -1.750000
v 0.500000 1.500000 -1.375000
v -0.500000 1.500000 -1.625000
v -0.500000 1.500000 -1.375000
v 0.500000 1.000000 -1.250000
v -0.500000 1.375000 -1.250000
v -0.500000 1.000000 -1.250000
v 0.500000 1.500000 -1.625000
v 0.500000 1.375000 -1.250000
v -0.500000 1.375000 -1.750000
v 0.750000 1.000000 -0.562500
v 0.750000 1.750000 0.562500
v 0.750000 1.000000 0.562500
v 1.000000 11.000000 1.750000
v 0.500000 11.000000 1.250000
v 0.500000 11.000000 1.750000
v -0.500000 11.000000 1.750000
v -1.000000 11.000000 1.250000
v -1.000000 11.000000 1.750000
v 1.000000 1.000000 1.750000
v 0.500000 1.000000 1.750000
v -0.500000 1.000000 1.250000
v -0.500000 1.000000 1.750000
v -1.000000 1.000000 1.750000
v -1.000000 1.000000 1.250000
v 1.000000 1.000000 1.250000
v 0.500000 1.000000 1.250000
v -0.500000 11.000000 1.250000
v 1.000000 11.000000 1.250000
v -0.500000 10.750000 1.562500
v 0.500000 10.250000 1.562500
v 0.500000 10.000000 1.562500
v 0.500000 1.750000 1.437500
v -0.500000 1.250000 1.437500
v 0.500000 2.000000 1.437500
v -0.500000 1.750000 1.562500
v 0.500000 1.250000 1.562500
v 0.500000 1.000000 1.562500
v -0.500000 4.750000 1.562500
v 0.500000 4.250000 1.562500
v 0.500000 4.000000 1.562500
v 0.500000 4.750000 1.437500
v -0.500000 4.250000 1.437500
v 0.500000 5.000000 1.437500
v -0.500000 2.500000 1.562500
v 0.500000 2.000000 1.562500
v 0.500000 1.750000 1.562500
v 0.500000 2.500000 1.437500
v -0.500000 2.000000 1.437500
v 0.500000 2.750000 1.437500
v 0.500000 3.250000 1.437500
v -0.500000 2.750000 1.437500
v 0.500000 3.500000 1.437500
v -0.500000 3.250000 1.562500
v 0.500000 2.750000 1.562500
v 0.500000 2.500000 1.562500
v 0.500000 4.000000 1.437500
v -0.500000 3.500000 1.437500
v 0.500000 4.250000 1.437500
v -0.500000 4.000000 1.562500
v 0.500000 3.500000 1.562500
v 0.500000 3.250000 1.562500
v -0.500000 7.000000 1.562500
v 0.500000 6.500000 1.562500
v 0.500000 6.250000 1.562500
v 0.500000 7.000000 1.437500
v -0.500000 6.500000 1.437500
v 0.500000 7.250000 1.437500
v 0.500000 10.750000 1.437500
v -0.500000 10.250000 1.437500
v 0.500000 11.000000 1.437500
v -0.500000 6.250000 1.562500
v 0.500000 5.750000 1.562500
v 0.500000 5.500000 1.562500
v 0.500000 6.250000 1.437500
v -0.500000 5.750000 1.437500
v 0.500000 6.500000 1.437500
v 0.500000 5.500000 1.437500
v -0.500000 5.000000 1.437500
v 0.500000 5.750000 1.437500
v -0.500000 5.500000 1.562500
v 0.500000 5.000000 1.562500
v 0.500000 4.750000 1.562500
v 0.500000 7.750000 1.437500
v -0.500000 7.250000 1.437500
v 0.500000 8.000000 1.437500
v -0.500000 7.750000 1.562500
v 0.500000 7.250000 1.562500
v 0.500000 7.000000 1.562500
v -0.500000 8.500000 1.562500
v 0.500000 8.000000 1.562500
v 0.500000 7.750000 1.562500
v 0.500000 8.500000 1.437500
v -0.500000 8.000000 1.437500
v 0.500000 8.750000 1.437500
v 0.500000 9.250000 1.437500
v -0.500000 8.750000 1.437500
v 0.500000 9.500000 1.437500
v -0.500000 9.250000 1.562500
v 0.500000 8.750000 1.562500
v 0.500000 8.500000 1.562500
v 0.500000 10.000000 1.437500
v -0.500000 9.500000 1.437500
v 0.500000 10.250000 1.437500
v -0.500000 10.000000 1.562500
v 0.500000 9.500000 1.562500
v 0.500000 9.250000 1.562500
v -0.937500 1.000000 3.937500
v -0.937500 2.812500 1.750000
v -0.937500 1.000000 3.562500
v -0.562500 1.000000 3.937500
v -0.937500 3.187500 1.750000
v -0.562500 2.812500 1.750000
v -0.562500 1.000000 3.562500
v -0.562500 3.187500 1.750000
v 0.562500 1.000000 3.937500
v 0.562500 2.812500 1.750000
v 0.562500 1.000000 3.562500
v 0.937500 1.000000 3.937500
v 0.562500 3.187500 1.750000
v 0.937500 2.812500 1.750000
v 0.937500 1.000000 3.562500
v 0.937500 3.187500 1.750000
v -0.500000 10.750000 1.562500
v 0.500000 10.250000 1.562500
v -0.500000 11.000000 1.562500
v 0.500000 1.750000 1.437500
v -0.500000 1.250000 1.437500
v -0.500000 1.000000 1.437500
v -0.500000 1.750000 1.562500
v 0.500000 1.250000 1.562500
v -0.500000 2.000000 1.562500
v -0.500000 4.750000 1.562500
v 0.500000 4.250000 1.562500
v -0.500000 5.000000 1.562500
v 0.500000 4.750000 1.437500
v -0.500000 4.250000 1.437500
v -0.500000 4.000000 1.437500
v -0.500000 2.500000 1.562500
v 0.500000 2.000000 1.562500
v -0.500000 2.750000 1.562500
v 0.500000 2.500000 1.437500
v -0.500000 2.000000 1.437500
v -0.500000 1.750000 1.437500
v 0.500000 3.250000 1.437500
v -0.500000 2.750000 1.437500
v -0.500000 2.500000 1.437500
v -0.500000 3.250000 1.562500
v 0.500000 2.750000 1.562500
v -0.500000 3.500000 1.562500
v 0.500000 4.000000 1.437500
v -0.500000 3.500000 1.437500
v -0.500000 3.250000 1.437500
v -0.500000 4.000000 1.562500
v 0.500000 3.500000 1.562500
v -0.500000 4.250000 1.562500
v -0.500000 7.000000 1.562500
v 0.500000 6.500000 1.562500
v -0.500000 7.250000 1.562500
v 0.500000 7.000000 1.437500
v -0.500000 6.500000 1.437500
v -0.500000 6.250000 1.437500
v 0.500000 10.750000 1.437500
v -0.500000 10.250000 1.437500
v -0.500000 10.000000 1.437500
v -0.500000 6.250000 1.562500
v 0.500000 5.750000 1.562500
v -0.500000 6.500000 1.562500
v 0.500000 6.250000 1.437500
v -0.500000 5.750000 1.437500
v -0.500000 5.500000 1.437500
v 0.500000 5.500000 1.437500
v -0.500000 5.000000 1.437500
v -0.500000 4.750000 1.437500
v -0.500000 5.500000 1.562500
v 0.500000 5.000000 1.562500
v -0.500000 5.750000 1.562500
v 0.500000 7.750000 1.437500
v -0.500000 7.250000 1.437500
v -0.500000 7.000000 1.437500
v -0.500000 7.750000 1.562500
v 0.500000 7.250000 1.562500
v -0.500000 8.000000 1.562500
v -0.500000 8.500000 1.562500
v 0.500000 8.000000 1.562500
v -0.500000 8.750000 1.562500
v 0.500000 8.500000 1.437500
v -0.500000 8.000000 1.437500
v -0.500000 7.750000 1.437500
v 0.500000 9.250000 1.437500
v -0.500000 8.750000 1.437500
v -0.500000 8.500000 1.437500
v -0.500000 9.250000 1.562500
v 0.500000 8.750000 1.562500
v -0.500000 9.500000 1.562500
v 0.500000 10.000000 1.437500
v -0.500000 9.500000 1.437500
v -0.500000 9.250000 1.437500
v -0.500000 10.000000 1.562500
v 0.500000 9.500000 1.562500
v -0.500000 10.250000 1.562500
v 0.937500 1.750000 -0.562500
v 0.937500 1.000000 -0.937500
v 0.937500 1.750000 -0.937500
v 0.562500 1.750000 -0.937500
v 0.562500 1.000000 -0.562500
v 0.562500 1.750000 -0.562500
v 0.562500 1.000000 -0.937500
v 0.937500 1.000000 -0.562500
v -0.562500 1.750000 0.937500
v -0.562500 1.000000 0.562500
v -0.562500 1.750000 0.562500
v -0.937500 1.750000 0.562500
v -0.937500 1.000000 0.937500
v -0.937500 1.750000 0.937500
v -0.937500 1.000000 0.562500
v -0.562500 1.000000 0.937500
v -0.562500 1.750000 -0.562500
v -0.562500 1.000000 -0.937500
v -0.562500 1.750000 -0.937500
v -0.937500 1.750000 -0.937500
v -0.937500 1.000000 -0.562500
v -0.937500 1.750000 -0.562500
v -0.937500 1.000000 -0.937500
v -0.562500 1.000000 -0.562500
v -0.750000 1.000000 0.562500
v -0.750000 1.750000 -0.562500
v -0.750000 1.000000 -0.562500
v -0.562500 1.000000 -0.750000
v 0.562500 1.750000 -0.750000
v 0.562500 1.000000 -0.750000
v 0.562500 1.000000 0.750000
v -0.562500 1.750000 0.750000
v -0.562500 1.000000 0.750000
v 0.500000 2.000000 0.500000
v 0.750000 1.750000 -0.562500
v -0.500000 11.000000 1.562500
v -0.500000 1.000000 1.437500
v -0.500000 2.000000 1.562500
v -0.500000 5.000000 1.562500
v -0.500000 4.000000 1.437500
v -0.500000 2.750000 1.562500
v -0.500000 1.750000 1.437500
v -0.500000 2.500000 1.437500
v -0.500000 3.500000 1.562500
v -0.500000 3.250000 1.437500
v -0.500000 4.250000 1.562500
v -0.500000 7.250000 1.562500
v -0.500000 6.250000 1.437500
v -0.500000 10.000000 1.437500
v -0.500000 6.500000 1.562500
v -0.500000 5.500000 1.437500
v -0.500000 4.750000 1.437500
v -0.500000 5.750000 1.562500
v -0.500000 7.000000 1.437500
v -0.500000 8.000000 1.562500
v -0.500000 8.750000 1.562500
v -0.500000 7.750000 1.437500
v -0.500000 8.500000 1.437500
v -0.500000 9.500000 1.562500
v -0.500000 9.250000 1.437500
v -0.500000 10.250000 1.562500
v 0.500000 10.000000 1.562500
v 0.500000 2.000000 1.437500
v 0.500000 1.000000 1.562500
v 0.500000 4.000000 1.562500
v 0.500000 5.000000 1.437500
v 0.500000 1.750000 1.562500
v 0.500000 2.750000 1.437500
v 0.500000 3.500000 1.437500
v 0.500000 2.500000 1.562500
v 0.500000 4.250000 1.437500
v 0.500000 3.250000 1.562500
v 0.500000 6.250000 1.562500
v 0.500000 7.250000 1.437500
v 0.500000 11.000000 1.437500
v 0.500000 5.500000 1.562500
v 0.500000 6.500000 1.437500
v 0.500000 5.750000 1.437500
v 0.500000 4.750000 1.562500
v 0.500000 8.000000 1.437500
v 0.500000 7.000000 1.562500
v 0.500000 7.750000 1.562500
v 0.500000 8.750000 1.437500
v 0.500000 9.500000 1.437500
v 0.500000 8.500000 1.562500
v 0.500000 10.250000 1.437500
v 0.500000 9.250000 1.562500
v -0.750000 1.750000 0.562500
v -0.562500 1.750000 -0.750000
v 0.562500 1.750000 0.750000
vt 0.083333 0.250000
vt 0.000000 0.386364
vt 0.000000 0.204545
vt 0.000000 0.000000
vt 0.083333 0.136364
vt 0.000000 0.181818
vt 0.083333 0.340909
vt 0.333333 0.386364
vt 0.250000 0.340909
vt 0.333333 0.204545
vt 0.250000 0.250000
vt 0.333333 -0.000000
vt 0.083333 0.045455
vt 0.333333 0.181818
vt 0.250000 0.045455
vt 0.250000 0.136364
vt 0.083333 0.136364
vt 0.250000 0.113636
vt 0.250000 0.136364
vt 0.083333 0.136364
vt 0.250000 0.113636
vt 0.250000 0.136364
vt -0.000000 0.204545
vt 0.333333 0.181818
vt 0.333333 0.204545
vt -0.000000 0.204545
vt 0.333333 0.181818
vt 0.333333 0.204545
vt 0.083333 0.136364
vt 0.250000 0.113636
vt 0.250000 0.136364
vt 0.083333 0.136364
vt 0.250000 0.113636
vt 0.250000 0.136364
vt -0.000000 0.204545
vt 0.333333 0.181818
vt 0.333333 0.204545
vt 0.083333 0.340909
vt 0.250000 0.250000
vt 0.250000 0.340909
vt 0.125000 0.454545
vt 0.187500 0.386364
vt 0.187500 0.454545
vt -0.000000 0.454545
vt 0.062500 0.386364
vt 0.062500 0.454545
vt 0.250000 0.386364
vt 0.250000 0.454545
vt 0.125000 0.386364
vt 0.208333 0.954545
vt 0.145833 0.863636
vt 0.208333 0.863636
vt 0.083333 0.863636
vt 0.125000 0.954545
vt 0.083333 0.954545
vt 0.000000 0.863636
vt 0.062500 0.954545
vt 0.000000 0.954545
vt 0.125000 0.863636
vt 0.062500 0.852273
vt 0.062500 0.863636
vt 0.145833 0.954545
vt 0.145833 0.965909
vt 0.187500 0.454545
vt 0.000000 0.522727
vt 0.000000 0.454545
vt 0.333333 0.909091
vt 0.416667 0.954545
vt 0.333333 0.954545
vt 0.333333 0.909091
vt 0.416667 0.954545
vt 0.333333 0.954545
vt 0.666667 0.000000
vt 0.583333 0.909091
vt 0.583333 0.000000
vt 0.416667 -0.000000
vt 0.333333 -0.000000
vt 0.583333 0.000000
vt 0.500000 0.909091
vt 0.500000 0.000000
vt 0.416667 -0.000000
vt 0.333333 -0.000000
vt 0.500000 0.909091
vt 0.500000 0.000000
vt 0.416667 0.909091
vt 0.666667 0.000000
vt 0.583333 0.909091
vt 0.416667 0.909091
vt 0.166667 0.522727
vt 0.000000 0.545455
vt -0.000000 0.522727
vt -0.000000 0.522727
vt 0.166667 0.545455
vt -0.000000 0.545455
vt 0.166667 0.522727
vt 0.000000 0.545455
vt -0.000000 0.522727
vt 0.166667 0.522727
vt 0.000000 0.545455
vt -0.000000 0.522727
vt -0.000000 0.522727
vt 0.166667 0.545455
vt -0.000000 0.545455
vt 0.166667 0.522727
vt 0.000000 0.545455
vt -0.000000 0.522727
vt -0.000000 0.522727
vt 0.166667 0.545455
vt -0.000000 0.545455
vt -0.000000 0.522727
vt 0.166667 0.545455
vt -0.000000 0.545455
vt 0.166667 0.522727
vt 0.000000 0.545455
vt -0.000000 0.522727
vt -0.000000 0.522727
vt 0.166667 0.545455
vt -0.000000 0.545455
vt 0.166667 0.522727
vt 0.000000 0.545455
vt -0.000000 0.522727
vt 0.166667 0.522727
vt 0.000000 0.545455
vt -0.000000 0.522727
vt -0.000000 0.522727
vt 0.166667 0.545455
vt -0.000000 0.545455
vt -0.000000 0.522727
vt 0.166667 0.545455
vt -0.000000 0.545455
vt 0.166667 0.522727
vt 0.000000 0.545455
vt -0.000000 0.522727
vt -0.000000 0.522727
vt 0.166667 0.545455
vt -0.000000 0.545455
vt -0.000000 0.522727
vt 0.166667 0.545455
vt -0.000000 0.545455
vt 0.166667 0.522727
vt 0.000000 0.545455
vt -0.000000 0.522727
vt -0.000000 0.522727
vt 0.166667 0.545455
vt -0.000000 0.545455
vt 0.166667 0.522727
vt 0.000000 0.545455
vt -0.000000 0.522727
vt 0.166667 0.522727
vt 0.000000 0.545455
vt -0.000000 0.522727
vt -0.000000 0.522727
vt 0.166667 0.545455
vt -0.000000 0.545455
vt -0.000000 0.522727
vt 0.166667 0.545455
vt -0.000000 0.545455
vt 0.166667 0.522727
vt 0.000000 0.545455
vt -0.000000 0.522727
vt -0.000000 0.522727
vt 0.166667 0.545455
vt -0.000000 0.545455
vt 0.166667 0.522727
vt 0.000000 0.545455
vt -0.000000 0.522727
vt 0.062500 0.545455
vt 0.000000 0.784091
vt -0.000000 0.579545
vt 0.125000 0.545455
vt 0.062500 0.818182
vt 0.250000 0.579545
vt 0.187500 0.784091
vt 0.187500 0.579545
vt 0.125000 0.818182
vt 0.062500 0.545455
vt 0.000000 0.784091
vt -0.000000 0.579545
vt 0.125000 0.545455
vt 0.062500 0.818182
vt 0.250000 0.579545
vt 0.187500 0.784091
vt 0.187500 0.579545
vt 0.125000 0.818182
vt 0.166667 0.522727
vt 0.000000 0.545455
vt 0.166667 0.545455
vt -0.000000 0.522727
vt 0.166667 0.545455
vt 0.166667 0.522727
vt 0.166667 0.522727
vt 0.000000 0.545455
vt 0.166667 0.545455
vt 0.166667 0.522727
vt 0.000000 0.545455
vt 0.166667 0.545455
vt -0.000000 0.522727
vt 0.166667 0.545455
vt 0.166667 0.522727
vt 0.166667 0.522727
vt 0.000000 0.545455
vt 0.166667 0.545455
vt -0.000000 0.522727
vt 0.166667 0.545455
vt 0.166667 0.522727
vt -0.000000 0.522727
vt 0.166667 0.545455
vt 0.166667 0.522727
vt 0.166667 0.522727
vt 0.000000 0.545455
vt 0.166667 0.545455
vt -0.000000 0.522727
vt 0.166667 0.545455
vt 0.166667 0.522727
vt 0.166667 0.522727
vt 0.000000 0.545455
vt 0.166667 0.545455
vt 0.166667 0.522727
vt 0.000000 0.545455
vt 0.166667 0.545455
vt -0.000000 0.522727
vt 0.166667 0.545455
vt 0.166667 0.522727
vt -0.000000 0.522727
vt 0.166667 0.545455
vt 0.166667 0.522727
vt 0.166667 0.522727
vt 0.000000 0.545455
vt 0.166667 0.545455
vt -0.000000 0.522727
vt 0.166667 0.545455
vt 0.166667 0.522727
vt -0.000000 0.522727
vt 0.166667 0.545455
vt 0.166667 0.522727
vt 0.166667 0.522727
vt 0.000000 0.545455
vt 0.166667 0.545455
vt -0.000000 0.522727
vt 0.166667 0.545455
vt 0.166667 0.522727
vt 0.166667 0.522727
vt 0.000000 0.545455
vt 0.166667 0.545455
vt 0.166667 0.522727
vt 0.000000 0.545455
vt 0.166667 0.545455
vt -0.000000 0.522727
vt 0.166667 0.545455
vt 0.166667 0.522727
vt -0.000000 0.522727
vt 0.166667 0.545455
vt 0.166667 0.522727
vt 0.166667 0.522727
vt 0.000000 0.545455
vt 0.166667 0.545455
vt -0.000000 0.522727
vt 0.166667 0.545455
vt 0.166667 0.522727
vt 0.166667 0.522727
vt 0.000000 0.545455
vt 0.166667 0.545455
vt 0.125000 0.454545
vt 0.187500 0.386364
vt 0.187500 0.454545
vt -0.000000 0.454545
vt 0.062500 0.386364
vt 0.062500 0.454545
vt 0.250000 0.386364
vt 0.250000 0.454545
vt 0.125000 0.386364
vt 0.125000 0.454545
vt 0.187500 0.386364
vt 0.187500 0.454545
vt -0.000000 0.454545
vt 0.062500 0.386364
vt 0.062500 0.454545
vt 0.250000 0.386364
vt 0.250000 0.454545
vt 0.125000 0.386364
vt 0.125000 0.454545
vt 0.187500 0.386364
vt 0.187500 0.454545
vt -0.000000 0.454545
vt 0.062500 0.386364
vt 0.062500 0.454545
vt 0.250000 0.386364
vt 0.250000 0.454545
vt 0.125000 0.386364
vt 0.187500 0.454545
vt 0.000000 0.522727
vt 0.000000 0.454545
vt 0.187500 0.454545
vt 0.000000 0.522727
vt 0.000000 0.454545
vt 0.187500 0.454545
vt 0.000000 0.522727
vt 0.000000 0.454545
vt 0.083333 0.113636
vt 0.083333 0.113636
vt -0.000000 0.181818
vt -0.000000 0.181818
vt 0.083333 0.113636
vt 0.083333 0.113636
vt -0.000000 0.181818
vt 0.083333 0.250000
vt -0.000000 0.386364
vt 0.062500 0.818182
vt 0.145833 0.818182
vt 0.145833 0.852273
vt 0.145833 1.000000
vt 0.062500 1.000000
vt 0.062500 0.965909
vt 0.187500 0.522727
vt 0.666667 0.909091
vt 0.666667 0.909091
vt 0.166667 0.545455
vt 0.166667 0.522727
vt 0.166667 0.545455
vt 0.166667 0.545455
vt 0.166667 0.522727
vt 0.166667 0.545455
vt 0.166667 0.522727
vt 0.166667 0.522727
vt 0.166667 0.545455
vt 0.166667 0.522727
vt 0.166667 0.545455
vt 0.166667 0.545455
vt 0.166667 0.522727
vt 0.166667 0.522727
vt 0.166667 0.545455
vt 0.166667 0.522727
vt 0.166667 0.522727
vt 0.166667 0.545455
vt 0.166667 0.522727
vt 0.166667 0.545455
vt 0.166667 0.545455
vt 0.166667 0.522727
vt 0.166667 0.522727
vt 0.166667 0.545455
vt 0.166667 0.522727
vt 0.166667 0.545455
vt 0.250000 0.784091
vt 0.250000 0.784091
vt -0.000000 0.522727
vt -0.000000 0.545455
vt -0.000000 0.522727
vt -0.000000 0.522727
vt -0.000000 0.545455
vt -0.000000 0.522727
vt -0.000000 0.545455
vt -0.000000 0.545455
vt -0.000000 0.522727
vt -0.000000 0.545455
vt -0.000000 0.522727
vt -0.000000 0.522727
vt -0.000000 0.545455
vt -0.000000 0.545455
vt -0.000000 0.522727
vt -0.000000 0.545455
vt -0.000000 0.545455
vt -0.000000 0.522727
vt -0.000000 0.545455
vt -0.000000 0.522727
vt -0.000000 0.522727
vt -0.000000 0.545455
vt -0.000000 0.545455
vt -0.000000 0.522727
vt -0.000000 0.545455
vt -0.000000 0.522727
vt -0.000000 0.386364
vt -0.000000 0.386364
vt -0.000000 0.386364
vt 0.187500 0.522727
vt 0.187500 0.522727
vt 0.187500 0.522727
vn 0.0000 1.0000 0.0000
vn 0.0000 -1.0000 0.0000
vn 0.0000 0.0000 1.0000
vn 0.0000 0.0000 -1.0000
vn -1.0000 0.0000 0.0000
vn 1.0000 0.0000 0.0000
vn 0.0000 0.7071 0.7071
vn 0.0000 0.7071 -0.7071
vn 0.0000 -0.7071 -0.7071
v 0.125000 2.750000 -1.625000
v 0.375000 2.750000 -1.375000
v 0.125000 2.750000 -1.375000
v -0.375000 2.750000 -1.625000
v -0.125000 2.750000 -1.375000
v -0.375000 2.750000 -1.375000
v 0.375000 9.750000 -1.375000
v 0.125000 9.750000 -1.625000
v 0.125000 9.750000 -1.375000
v -0.125000 9.750000 -1.375000
v -0.375000 9.750000 -1.625000
v -0.375000 9.750000 -1.375000
v 0.375000 2.750000 -1.625000
v -0.125000 9.750000 -1.625000
v -0.125000 2.750000 -1.625000
v 0.375000 9.750000 -1.625000
v 0.250000 4.875000 -1.500000
v 0.500000 4.625000 -1.500000
v 0.250000 4.625000 -1.500000
v 0.500000 4.625000 0.250000
v 0.250000 4.875000 0.250000
v 0.250000 4.625000 0.250000
v 0.500000 4.875000 0.250000
v 0.500000 4.875000 -1.500000
v -0.500000 4.875000 -1.500000
v -0.250000 4.625000 -1.500000
v -0.500000 4.625000 -1.500000
v -0.250000 4.625000 0.250000
v -0.500000 4.875000 0.250000
v -0.500000 4.625000 0.250000
v -0.250000 4.875000 0.250000
v -0.250000 4.875000 -1.500000
v 0.250000 4.875000 -0.250000
v -0.250000 4.625000 -0.250000
v 0.250000 4.625000 -0.250000
v -0.250000 4.625000 -0.500000
v 0.250000 4.875000 -0.500000
v 0.250000 4.625000 -0.500000
v 0.500000 9.125000 0.250000
v 0.250000 9.375000 0.250000
v 0.250000 9.125000 0.250000
v -0.250000 4.875000 -0.500000
v -0.250000 4.875000 -0.250000
v 0.250000 9.375000 -1.500000
v 0.500000 9.125000 -1.500000
v 0.250000 9.125000 -1.500000
v 0.500000 9.375000 0.250000
v 0.500000 9.375000 -1.500000
v -0.500000 9.375000 -1.500000
v -0.250000 9.125000 -1.500000
v -0.500000 9.125000 -1.500000
v -0.250000 9.125000 0.250000
v -0.500000 9.375000 0.250000
v -0.500000 9.125000 0.250000
v -0.250000 9.375000 0.250000
v -0.250000 9.375000 -1.500000
v 0.250000 9.375000 -0.250000
v -0.250000 9.125000 -0.250000
v 0.250000 9.125000 -0.250000
v -0.250000 9.125000 -0.500000
v 0.250000 9.375000 -0.500000
v 0.250000 9.125000 -0.500000
v -0.250000 9.375000 -0.500000
v -0.250000 9.375000 -0.250000
v -0.125000 9.187500 -1.437500
v 0.125000 9.187500 -1.562500
v 0.125000 9.187500 -1.437500
v -0.125000 9.312500 -1.562500
v 0.125000 9.312500 -1.437500
v 0.125000 9.312500 -1.562500
v -0.125000 9.187500 -1.562500
v -0.125000 9.312500 -1.437500
v -0.125000 8.312500 -1.437500
v 0.125000 8.187500 -1.437500
v 0.125000 8.312500 -1.437500
v -0.125000 8.187500 -1.562500
v 0.125000 8.312500 -1.562500
v 0.125000 8.187500 -1.562500
v -0.125000 8.312500 -1.562500
v -0.125000 8.187500 -1.437500
v -0.125000 7.187500 -1.437500
v 0.125000 7.187500 -1.562500
v 0.125000 7.187500 -1.437500
v -0.125000 7.312500 -1.562500
v 0.125000 7.312500 -1.437500
v 0.125000 7.312500 -1.562500
v -0.125000 4.312500 -1.437500
v 0.125000 4.187500 -1.437500
v 0.125000 4.312500 -1.437500
v -0.125000 4.187500 -1.562500
v 0.125000 4.312500 -1.562500
v 0.125000 4.187500 -1.562500
v -0.125000 3.187500 -1.562500
v 0.125000 3.312500 -1.562500
v 0.125000 3.187500 -1.562500
v -0.125000 3.312500 -1.437500
v 0.125000 3.187500 -1.437500
v 0.125000 3.312500 -1.437500
v -0.125000 3.187500 -1.437500
v -0.125000 3.312500 -1.562500
v -0.125000 7.187500 -1.562500
v -0.125000 7.312500 -1.437500
v -0.125000 6.312500 -1.437500
v 0.125000 6.187500 -1.437500
v 0.125000 6.312500 -1.437500
v -0.125000 6.187500 -1.562500
v 0.125000 6.312500 -1.562500
v 0.125000 6.187500 -1.562500
v -0.125000 6.312500 -1.562500
v -0.125000 6.187500 -1.437500
v -0.125000 5.187500 -1.437500
v 0.125000 5.187500 -1.562500
v 0.125000 5.187500 -1.437500
v -0.125000 5.312500 -1.562500
v 0.125000 5.312500 -1.437500
v 0.125000 5.312500 -1.562500
v -0.125000 5.187500 -1.562500
v -0.125000 5.312500 -1.437500
v -0.125000 4.312500 -1.562500
v -0.125000 4.187500 -1.437500
v 0.250000 4.875000 -0.875000
v 0.250000 5.625000 -1.375000
v 0.250000 4.875000 -0.625000
v -0.250000 5.625000 -1.375000
v -0.250000 4.875000 -0.875000
v -0.250000 4.875000 -0.625000
v -0.250000 8.625000 -1.375000
v -0.250000 9.125000 -0.625000
v -0.250000 9.125000 -0.875000
v 0.250000 9.125000 -0.625000
v 0.250000 8.625000 -1.375000
v 0.250000 9.125000 -0.875000
v -0.250000 4.125000 -1.375000
v -0.250000 4.625000 -0.625000
v -0.250000 4.625000 -0.875000
v 0.250000 4.625000 -0.625000
v 0.250000 4.125000 -1.375000
v 0.250000 4.625000 -0.875000
v 0.250000 5.625000 -1.375000
v 0.250000 4.875000 -0.875000
v 0.250000 4.875000 -0.625000
v -0.250000 4.875000 -0.875000
v -0.250000 5.625000 -1.375000
v -0.250000 4.875000 -0.625000
v -0.250000 9.125000 -0.625000
v -0.250000 8.625000 -1.375000
v -0.250000 9.125000 -0.875000
v 0.250000 8.625000 -1.375000
v 0.250000 9.125000 -0.625000
v 0.250000 9.125000 -0.875000
v -0.250000 4.625000 -0.625000
v -0.250000 4.125000 -1.375000
v -0.250000 4.625000 -0.875000
v 0.250000 4.125000 -1.375000
v 0.250000 4.625000 -0.625000
v 0.250000 4.625000 -0.875000
v 0.250000 5.375000 -1.375000
v -0.250000 5.375000 -1.375000
v -0.250000 8.375000 -1.375000
v 0.250000 8.375000 -1.375000
v -0.250000 3.875000 -1.375000
v 0.250000 3.875000 -1.375000
v 0.250000 5.375000 -1.375000
v -0.250000 5.375000 -1.375000
v -0.250000 8.375000 -1.375000
v 0.250000 8.375000 -1.375000
v -0.250000 3.875000 -1.375000
v 0.250000 3.875000 -1.375000
vt 0.708333 0.227273
vt 0.666667 0.204545
vt 0.708333 0.204545
vt 0.708333 0.227273
vt 0.666667 0.204545
vt 0.708333 0.204545
vt 0.666667 0.886364
vt 0.708333 0.863636
vt 0.708333 0.886364
vt 0.666667 0.886364
vt 0.708333 0.863636
vt 0.708333 0.886364
vt 0.833333 0.227273
vt 0.791667 0.863636
vt 0.791667 0.227273
vt 0.750000 0.227273
vt 0.666667 0.863636
vt 0.666667 0.227273
vt 0.791667 0.227273
vt 0.750000 0.863636
vt 0.750000 0.227273
vt 0.666667 0.863636
vt 0.666667 0.227273
vt 0.750000 0.863636
vt 0.833333 0.227273
vt 0.791667 0.863636
vt 0.875000 0.022727
vt 0.833333 -0.000000
vt 0.875000 -0.000000
vt 0.833333 0.204545
vt 0.875000 0.181818
vt 0.875000 0.204545
vt 0.916667 0.022727
vt 0.833333 0.181818
vt 0.833333 0.022727
vt 0.958333 0.022727
vt 0.916667 0.181818
vt 1.000000 0.022727
vt 0.958333 0.181818
vt 0.875000 0.022727
vt 0.833333 -0.000000
vt 0.875000 -0.000000
vt 0.833333 0.204545
vt 0.875000 0.181818
vt 0.875000 0.204545
vt 0.916667 0.022727
vt 0.833333 0.181818
vt 0.833333 0.022727
vt 0.958333 0.022727
vt 0.916667 0.181818
vt 1.000000 0.022727
vt 0.958333 0.181818
vt 0.875000 0.250000
vt 0.958333 0.272727
vt 0.875000 0.272727
vt 0.958333 0.204545
vt 0.875000 0.227273
vt 0.875000 0.204545
vt 0.958333 0.181818
vt 0.875000 0.181818
vt 0.833333 0.204545
vt 0.875000 0.181818
vt 0.875000 0.204545
vt 0.958333 0.227273
vt 0.958333 0.250000
vt 0.875000 0.022727
vt 0.833333 -0.000000
vt 0.875000 -0.000000
vt 0.916667 0.022727
vt 0.833333 0.181818
vt 0.833333 0.022727
vt 0.958333 0.022727
vt 0.916667 0.181818
vt 1.000000 0.022727
vt 0.958333 0.181818
vt 0.875000 0.022727
vt 0.833333 -0.000000
vt 0.875000 -0.000000
vt 0.833333 0.204545
vt 0.875000 0.181818
vt 0.875000 0.204545
vt 0.916667 0.022727
vt 0.833333 0.181818
vt 0.833333 0.022727
vt 0.958333 0.022727
vt 0.916667 0.181818
vt 1.000000 0.022727
vt 0.958333 0.181818
vt 0.875000 0.250000
vt 0.958333 0.272727
vt 0.875000 0.272727
vt 0.958333 0.204545
vt 0.875000 0.227273
vt 0.875000 0.204545
vt 0.958333 0.181818
vt 0.875000 0.181818
vt 0.958333 0.227273
vt 0.958333 0.250000
vt 0.708333 0.159091
vt 0.666667 0.170455
vt 0.666667 0.159091
vt 0.708333 0.181818
vt 0.666667 0.193182
vt 0.666667 0.181818
vt 0.708333 0.170455
vt 0.708333 0.193182
vt 0.666667 0.204545
vt 0.708333 0.193182
vt 0.666667 0.204545
vt 0.666667 0.193182
vt 0.708333 0.170455
vt 0.666667 0.181818
vt 0.666667 0.170455
vt 0.708333 0.181818
vt 0.708333 0.159091
vt 0.666667 0.159091
vt 0.708333 0.159091
vt 0.666667 0.170455
vt 0.666667 0.159091
vt 0.708333 0.181818
vt 0.666667 0.193182
vt 0.666667 0.181818
vt 0.708333 0.193182
vt 0.666667 0.204545
vt 0.666667 0.193182
vt 0.708333 0.170455
vt 0.666667 0.181818
vt 0.666667 0.170455
vt 0.708333 0.170455
vt 0.666667 0.181818
vt 0.666667 0.170455
vt 0.708333 0.193182
vt 0.666667 0.204545
vt 0.666667 0.193182
vt 0.708333 0.159091
vt 0.666667 0.159091
vt 0.708333 0.181818
vt 0.708333 0.170455
vt 0.708333 0.193182
vt 0.666667 0.204545
vt 0.708333 0.193182
vt 0.666667 0.204545
vt 0.666667 0.193182
vt 0.708333 0.170455
vt 0.666667 0.181818
vt 0.666667 0.170455
vt 0.708333 0.181818
vt 0.708333 0.159091
vt 0.666667 0.159091
vt 0.708333 0.159091
vt 0.666667 0.170455
vt 0.666667 0.159091
vt 0.708333 0.181818
vt 0.666667 0.193182
vt 0.666667 0.181818
vt 0.708333 0.170455
vt 0.708333 0.193182
vt 0.666667 0.204545
vt 0.708333 0.181818
vt 0.708333 0.159091
vt 0.666667 0.159091
vt 0.875000 0.272727
vt 0.958333 0.340909
vt 0.833333 0.272727
vt 0.833333 0.272727
vt 0.958333 0.318182
vt 0.958333 0.340909
vt 0.958333 0.318182
vt 0.833333 0.272727
vt 0.875000 0.272727
vt 0.958333 0.340909
vt 0.875000 0.272727
vt 0.958333 0.318182
vt 0.958333 0.318182
vt 0.833333 0.272727
vt 0.875000 0.272727
vt 0.958333 0.340909
vt 0.875000 0.272727
vt 0.958333 0.318182
vt 0.958333 0.340909
vt 0.875000 0.272727
vt 0.833333 0.272727
vt 0.958333 0.318182
vt 0.833333 0.272727
vt 0.958333 0.340909
vt 0.833333 0.272727
vt 0.958333 0.318182
vt 0.875000 0.272727
vt 0.875000 0.272727
vt 0.958333 0.340909
vt 0.958333 0.318182
vt 0.833333 0.272727
vt 0.958333 0.318182
vt 0.875000 0.272727
vt 0.875000 0.272727
vt 0.958333 0.340909
vt 0.958333 0.318182
vt 0.833333 0.863636
vt 0.833333 0.863636
vt 1.000000 0.181818
vt 1.000000 0.181818
vt 1.000000 0.181818
vt 1.000000 0.181818
vt 0.708333 0.204545
vt 0.708333 0.204545
vt 0.708333 0.204545
vt 0.708333 0.204545
vt 0.708333 0.204545
vt 0.708333 0.204545
vt 0.708333 0.204545
vt 0.958333 0.318182
vt 0.875000 0.272727
vt 0.958333 0.340909
vt 0.833333 0.272727
vt 0.958333 0.340909
vt 0.833333 0.272727
vt 0.958333 0.318182
vt 0.875000 0.272727
vt 0.958333 0.340909
vt 0.833333 0.272727
vt 0.958333 0.340909
vt 0.833333 0.272727
vn 0.0000 -1.0000 0.0000
vn 0.0000 1.0000 0.0000
vn 1.0000 0.0000 0.0000
vn -1.0000 0.0000 0.0000
vn 0.0000 0.0000 -1.0000
vn 0.0000 -0.0000 1.0000
v 0.000000 10.375000 0.375000
v 0.000000 10.375000 0.000000
v 0.000000 10.500000 0.000000
v 0.000000 10.250000 0.375000
v 0.000000 10.375000 1.062500
v 0.000000 10.250000 1.062500
v 0.000000 10.375000 1.437500
v 0.000000 10.500000 1.437500
v 0.000000 10.375000 0.000000
v 0.000000 10.375000 0.375000
v 0.000000 10.500000 0.000000
v 0.000000 10.375000 1.062500
v 0.000000 10.250000 0.375000
v 0.000000 10.250000 1.062500
v 0.000000 10.375000 1.437500
v 0.000000 10.500000 1.437500
vt 0.593750 0.920455
vt 0.656250 0.909091
vt 0.656250 0.920455
vt 0.593750 0.909091
vt 0.479167 0.920455
vt 0.479167 0.909091
vt 0.416667 0.909091
vt 0.416667 0.920455
vt 0.656250 0.909091
vt 0.593750 0.920455
vt 0.656250 0.920455
vt 0.479167 0.920455
vt 0.593750 0.909091
vt 0.479167 0.909091
vt 0.416667 0.909091
vt 0.416667 0.920455
vn 1.0000 0.0000 0.0000
vn -1.0000 0.0000 0.0000
v 0.187500 3.750000 -1.437500
v 0.187500 2.750000 -1.562500
v 0.187500 2.750000 -1.437500
v 0.312500 3.750000 -1.562500
v 0.312500 2.750000 -1.437500
v 0.312500 2.750000 -1.562500
v 0.375000 2.750000 -1.375000
v 0.125000 2.750000 -1.625000
v 0.125000 2.750000 -1.375000
v -0.125000 2.750000 -1.375000
v -0.375000 2.750000 -1.625000
v -0.375000 2.750000 -1.375000
v -0.125000 1.250000 -1.625000
v -0.125000 1.250000 -1.375000
v -0.375000 1.250000 -1.375000
v -0.375000 1.250000 -1.625000
v 0.375000 1.250000 -1.625000
v 0.375000 1.250000 -1.375000
v 0.125000 1.250000 -1.375000
v 0.125000 1.250000 -1.625000
v -0.125000 2.750000 -1.625000
v 0.375000 2.750000 -1.625000
v 0.187500 3.750000 -1.562500
v 0.312500 3.750000 -1.437500
v -0.312500 3.750000 -1.437500
v -0.312500 2.750000 -1.562500
v -0.312500 2.750000 -1.437500
v -0.187500 3.750000 -1.562500
v -0.187500 2.750000 -1.437500
v -0.187500 2.750000 -1.562500
v -0.312500 3.750000 -1.562500
v -0.187500 3.750000 -1.437500
v -0.125000 2.187500 -1.562500
v 0.125000 2.312500 -1.562500
v 0.125000 2.187500 -1.562500
v -0.125000 2.312500 -1.437500
v 0.125000 2.187500 -1.437500
v 0.125000 2.312500 -1.437500
v -0.125000 2.187500 -1.437500
v -0.125000 2.312500 -1.562500
vt 0.750000 0.227273
vt 0.729167 0.136364
vt 0.750000 0.136364
vt 0.791667 0.227273
vt 0.770833 0.136364
vt 0.791667 0.136364
vt 0.666667 0.159091
vt 0.708333 0.136364
vt 0.708333 0.159091
vt 0.666667 0.159091
vt 0.708333 0.136364
vt 0.708333 0.159091
vt 0.833333 -0.000000
vt 0.791667 0.136364
vt 0.791667 -0.000000
vt 0.750000 -0.000000
vt 0.708333 -0.000000
vt 0.833333 -0.000000
vt 0.791667 0.136364
vt 0.791667 -0.000000
vt 0.750000 -0.000000
vt 0.708333 -0.000000
vt 0.666667 0.136364
vt 0.666667 -0.000000
vt 0.750000 0.136364
vt 0.666667 0.136364
vt 0.666667 -0.000000
vt 0.750000 0.136364
vt 0.729167 0.227273
vt 0.708333 0.136364
vt 0.770833 0.227273
vt 0.750000 0.227273
vt 0.729167 0.136364
vt 0.750000 0.136364
vt 0.791667 0.227273
vt 0.770833 0.136364
vt 0.791667 0.136364
vt 0.729167 0.227273
vt 0.708333 0.136364
vt 0.770833 0.227273
vt 0.708333 0.170455
vt 0.666667 0.181818
vt 0.666667 0.170455
vt 0.708333 0.193182
vt 0.666667 0.204545
vt 0.666667 0.193182
vt 0.708333 0.159091
vt 0.666667 0.159091
vt 0.708333 0.181818
vt 0.833333 0.136364
vt 0.833333 0.136364
vt 0.708333 0.227273
vt 0.708333 0.227273
vt 0.708333 0.204545
vn -1.0000 0.0000 0.0000
vn 1.0000 0.0000 0.0000
vn 0.0000 1.0000 0.0000
vn 0.0000 0.0000 -1.0000
vn 0.0000 -0.0000 1.0000
vn 0.0000 -1.0000 0.0000
o atlas_pad
usemtl launcher_material
f 1993/3077/357 1994/3078/357 1995/3079/357
f 1996/3080/357 1997/3081/357 1998/3082/357
f 1999/3083/358 2000/3084/358 2001/3085/358
f 1997/3081/359 2001/3085/359 2002/3086/359
f 2003/3087/360 2004/3088/360 2005/3089/360
f 2002/3090/361 2006/3091/361 2003/3092/361
f 2005/3093/362 1999/3094/362 1997/3095/362
f 2000/3096/361 2007/3097/361 2008/3098/361
f 2001/3099/358 2008/3098/358 2006/3091/358
f 2006/3100/358 2009/3101/358 2004/3088/358
f 2004/3102/358 2010/3103/358 1999/3094/358
f 2011/3104/357 2005/3105/357 1996/3080/357
f 2009/3106/362 2012/3107/362 2010/3103/362
f 2010/3108/359 2013/3109/359 2000/3084/359
f 2008/3110/360 2014/3111/360 2009/3101/360
f 2015/3112/357 2003/3113/357 2011/3104/357
f 1998/3082/357 2002/3086/357 2015/3112/357
f 2016/3114/363 1996/3080/363 1998/3082/363
f 2017/3115/364 2011/3104/364 1996/3080/364
f 2018/3116/365 2015/3112/365 2011/3104/365
f 2019/3117/366 1998/3082/366 2015/3112/366
f 2020/3118/361 2021/3119/361 2022/3120/361
f 2023/3121/357 2024/3122/357 2025/3123/357
f 2026/3124/359 2023/3121/359 2027/3125/359
f 2025/3123/362 2027/3126/362 2023/3121/362
f 2022/3120/363 2026/3124/363 2020/3118/363
f 2022/3127/360 2021/3128/360 2028/3129/360
f 2029/3130/361 2030/3131/361 2031/3132/361
f 2032/3133/360 2033/3134/360 2034/3135/360
f 2035/3136/362 2032/3133/362 2034/3137/362
f 2036/3138/359 2037/3139/359 2035/3140/359
f 2038/3141/357 2029/3130/357 2032/3133/357
f 2039/3142/358 2040/3143/358 2041/3144/358
f 2040/3145/362 2042/3146/362 2041/3147/362
f 2043/3148/357 2044/3149/357 2042/3146/357
f 2039/3150/361 2045/3151/361 2046/3152/361
f 2047/3153/362 2048/3154/362 2049/3155/362
f 2041/3156/360 2044/3149/360 2039/3157/360
f 2046/3158/359 2043/3148/359 2040/3159/359
f 2050/3160/362 2051/3161/362 2052/3162/362
f 2053/3163/359 2054/3164/359 2055/3165/359
f 2056/3166/359 2057/3167/359 2050/3160/359
f 2058/3168/361 2059/3169/361 2053/3163/361
f 2060/3170/361 2061/3171/361 2056/3166/361
f 2062/3172/360 2063/3173/360 2064/3174/360
f 2065/3175/360 2066/3176/360 2067/3177/360
f 2068/3178/362 2069/3179/362 2062/3172/362
f 2070/3180/362 2071/3181/362 2065/3175/362
f 2072/3182/359 2073/3183/359 2068/3178/359
f 2074/3184/359 2075/3185/359 2070/3180/359
f 2064/3174/361 2076/3186/361 2072/3187/361
f 2077/3188/360 2078/3189/360 2058/3168/360
f 2067/3190/361 2079/3191/361 2074/3184/361
f 2052/3192/360 2080/3193/360 2060/3170/360
f 2055/3194/362 2081/3195/362 2077/3188/362
f 2082/3196/361 2083/3197/361 2084/3198/361
f 2085/3199/359 2086/3200/359 2087/3201/359
f 2088/3202/360 2089/3203/360 2090/3204/360
f 2091/3205/358 2092/3206/358 2093/3207/358
f 2092/3208/362 2094/3209/362 2093/3210/362
f 2095/3211/357 2096/3212/357 2094/3209/357
f 2091/3213/361 2097/3214/361 2098/3215/361
f 2099/3216/362 2100/3217/362 2101/3218/362
f 2093/3219/360 2096/3212/360 2091/3220/360
f 2098/3221/359 2095/3211/359 2092/3222/359
f 2102/3223/362 2103/3224/362 2104/3225/362
f 2105/3226/359 2106/3227/359 2107/3228/359
f 2108/3229/359 2109/3230/359 2102/3223/359
f 2110/3231/361 2111/3232/361 2105/3226/361
f 2112/3233/361 2113/3234/361 2108/3229/361
f 2114/3235/360 2115/3236/360 2116/3237/360
f 2117/3238/360 2118/3239/360 2119/3240/360
f 2120/3241/362 2121/3242/362 2114/3235/362
f 2122/3243/362 2123/3244/362 2117/3238/362
f 2124/3245/359 2125/3246/359 2120/3241/359
f 2126/3247/359 2127/3248/359 2122/3243/359
f 2116/3237/361 2128/3249/361 2124/3250/361
f 2129/3251/360 2130/3252/360 2110/3231/360
f 2119/3253/361 2131/3254/361 2126/3247/361
f 2104/3255/360 2132/3256/360 2112/3233/360
f 2107/3257/362 2133/3258/362 2129/3251/362
f 2134/3259/361 2135/3260/361 2136/3261/361
f 2137/3262/359 2138/3263/359 2139/3264/359
f 2140/3265/360 2141/3266/360 2142/3267/360
f 2143/3268/358 2144/3269/358 2145/3270/358
f 2144/3271/362 2146/3272/362 2145/3273/362
f 2147/3274/357 2148/3275/357 2146/3272/357
f 2143/3276/361 2149/3277/361 2150/3278/361
f 2151/3279/362 2152/3280/362 2153/3281/362
f 2145/3282/360 2148/3275/360 2143/3283/360
f 2150/3284/359 2147/3274/359 2144/3285/359
f 2154/3286/362 2155/3287/362 2156/3288/362
f 2157/3289/359 2158/3290/359 2159/3291/359
f 2160/3292/359 2161/3293/359 2154/3286/359
f 2162/3294/361 2163/3295/361 2157/3289/361
f 2164/3296/361 2165/3297/361 2160/3292/361
f 2166/3298/360 2167/3299/360 2168/3300/360
f 2169/3301/360 2170/3302/360 2171/3303/360
f 2172/3304/362 2173/3305/362 2166/3298/362
f 2174/3306/362 2175/3307/362 2169/3301/362
f 2176/3308/359 2177/3309/359 2172/3304/359
f 2178/3310/359 2179/3311/359 2174/3306/359
f 2168/3300/361 2180/3312/361 2176/3313/361
f 2181/3314/360 2182/3315/360 2162/3294/360
f 2171/3316/361 2183/3317/361 2178/3310/361
f 2156/3318/360 2184/3319/360 2164/3296/360
f 2159/3320/362 2185/3321/362 2181/3314/362
f 2186/3322/361 2187/3323/361 2188/3324/361
f 2189/3325/359 2190/3326/359 2191/3327/359
f 2192/3328/360 2193/3329/360 2194/3330/360
f 2195/3331/358 2196/3332/358 2197/3333/358
f 2196/3334/362 2198/3335/362 2197/3336/362
f 2199/3337/357 2200/3338/357 2198/3335/357
f 2195/3339/361 2201/3340/361 2202/3341/361
f 2203/3342/362 2204/3343/362 2205/3344/362
f 2197/3345/360 2200/3338/360 2195/3346/360
f 2202/3347/359 2199/3337/359 2196/3348/359
f 2206/3349/362 2207/3350/362 2208/3351/362
f 2209/3352/359 2210/3353/359 2211/3354/359
f 2212/3355/359 2213/3356/359 2206/3349/359
f 2214/3357/361 2215/3358/361 2209/3352/361
f 2216/3359/361 2217/3360/361 2212/3355/361
f 2218/3361/360 2219/3362/360 2220/3363/360
f 2221/3364/360 2222/3365/360 2223/3366/360
f 2224/3367/362 2225/3368/362 2218/3361/362
f 2226/3369/362 2227/3370/362 2221/3364/362
f 2228/3371/359 2229/3372/359 2224/3367/359
f 2230/3373/359 2231/3374/359 2226/3369/359
f 2220/3363/361 2232/3375/361 2228/3376/361
f 2233/3377/360 2234/3378/360 2214/3357/360
f 2223/3379/361 2235/3380/361 2230/3373/361
f 2208/3381/360 2236/3382/360 2216/3359/360
f 2211/3383/362 2237/3384/362 2233/3377/362
f 2238/3385/361 2239/3386/361 2240/3387/361
f 2241/3388/359 2242/3389/359 2243/3390/359
f 2244/3391/360 2245/3392/360 2246/3393/360
f 2247/3394/367 2248/3395/367 2249/3396/367
f 2250/3397/368 2251/3398/368 2252/3399/368
f 2253/3400/358 2254/3401/358 2255/3402/358
f 2256/3403/369 2254/3404/369 2257/3405/369
f 2258/3406/357 2256/3403/357 2259/3407/357
f 2259/3407/370 2257/3408/370 2253/3409/370
f 2260/3410/358 2261/3411/358 2262/3412/358
f 2263/3413/357 2264/3414/357 2265/3415/357
f 2260/3416/371 2266/3417/371 2267/3418/371
f 2265/3415/372 2260/3419/372 2262/3420/372
f 2255/3421/360 2268/3422/360 2269/3423/360
f 2261/3424/359 2270/3425/359 2271/3426/359
f 2255/3427/372 2272/3428/372 2258/3406/372
f 2261/3429/370 2266/3417/370 2263/3413/370
f 2273/3430/362 2259/3431/362 2253/3432/362
f 2274/3433/361 2265/3434/361 2262/3435/361
f 2261/3436/358 2273/3437/358 2255/3438/358
f 2275/3439/357 2263/3440/357 2276/3441/357
f 2271/3426/370 2275/3442/370 2273/3443/370
f 2269/3423/372 2276/3444/372 2274/3445/372
f 2277/3446/372 2278/3447/372 2279/3448/372
f 2280/3449/361 2281/3450/361 2282/3451/361
f 2283/3452/370 2284/3453/370 2285/3454/370
f 2284/3455/357 2286/3456/357 2278/3457/357
f 2287/3458/358 2285/3459/358 2288/3460/358
f 2289/3461/361 2290/3462/361 2291/3463/361
f 2292/3464/362 2293/3465/362 2294/3466/362
f 2294/3466/360 2295/3467/360 2296/3468/360
f 2296/3469/361 2297/3470/361 2298/3471/361
f 2299/3472/362 2300/3473/362 2301/3474/362
f 2301/3474/360 2302/3475/360 2303/3476/360
f 2282/3451/359 2304/3477/359 2305/3478/359
f 2306/3479/359 2307/3480/359 2299/3472/359
f 2303/3481/361 2308/3482/361 2306/3479/361
f 2309/3483/360 2310/3484/360 2289/3485/360
f 2311/3486/360 2312/3487/360 2280/3488/360
f 2291/3463/359 2313/3489/359 2314/3490/359
f 2314/3490/362 2315/3491/362 2309/3483/362
f 2305/3478/362 2316/3492/362 2311/3486/362
f 2298/3471/359 2317/3493/359 2292/3464/359
f 2318/3494/372 2319/3495/372 2320/3496/372
f 2321/3497/370 2322/3498/370 2323/3499/370
f 2324/3500/369 2325/3501/369 2326/3502/369
f 2327/3503/371 2328/3504/371 2329/3505/371
f 2279/3506/361 2330/3507/361 2331/3508/361
f 2285/3509/362 2332/3510/362 2333/3511/362
f 2287/3512/370 2334/3513/370 2286/3514/370
f 2288/3515/372 2335/3516/372 2336/3517/372
f 2287/3518/359 2337/3519/359 2283/3452/359
f 2288/3520/360 2338/3521/360 2277/3446/360
f 2339/3522/358 2340/3523/358 2341/3524/358
f 2342/3525/357 2343/3526/357 2344/3527/357
f 2345/3528/370 2342/3529/370 2340/3530/370
f 2346/3531/372 2344/3532/372 2347/3533/372
f 2347/3534/361 2348/3535/361 2349/3536/361
f 2340/3537/362 2350/3538/362 2351/3539/362
f 2349/3540/371 2343/3526/371 2339/3541/371
f 2351/3542/369 2352/3543/369 2341/3544/369
f 2339/3541/359 2353/3545/359 2345/3528/359
f 2341/3544/360 2354/3546/360 2346/3531/360
f 2330/3547/372 2355/3548/372 2331/3549/372
f 2355/3550/371 2334/3513/371 2356/3551/371
f 2286/3514/357 2357/3552/357 2330/3547/357
f 2355/3553/358 2287/3554/358 2331/3555/358
f 2332/3556/370 2358/3557/370 2333/3558/370
f 2336/3517/357 2359/3559/357 2332/3556/357
f 2359/3559/369 2360/3560/369 2358/3561/369
f 2333/3562/358 2360/3563/358 2288/3564/358
f 2361/3565/359 2362/3566/359 2363/3567/359
f 2364/3568/360 2365/3569/360 2366/3570/360
f 2367/3571/361 2364/3568/361 2362/3566/361
f 2363/3567/362 2365/3572/362 2361/3565/362
f 2361/3565/358 2368/3573/358 2367/3571/358
f 2362/3566/357 2366/3574/357 2363/3567/357
f 2369/3575/357 2370/3576/357 2371/3577/357
f 2372/3578/359 2369/3575/359 2373/3579/359
f 2374/3580/360 2370/3576/360 2375/3581/360
f 2375/3582/361 2376/3583/361 2372/3584/361
f 2373/3585/362 2371/3577/362 2374/3586/362
f 2377/3587/361 2378/3588/361 2379/3589/361
f 2378/3588/373 2380/3590/373 2381/3591/373
f 2382/3592/360 2383/3593/360 2384/3594/360
f 2380/3590/362 2385/3595/362 2381/3591/362
f 2382/3592/374 2386/3596/374 2387/3597/374
f 2388/3598/375 2383/3599/375 2389/3600/375
f 2390/3601/376 2379/3589/376 2385/3602/376
f 2387/3597/359 2391/3603/359 2388/3598/359
f 2392/3604/359 2393/3605/359 2394/3606/359
f 2395/3607/360 2396/3608/360 2397/3609/360
f 2397/3609/377 2393/3605/377 2398/3610/377
f 2392/3604/378 2399/3611/378 2395/3612/378
f 2400/3613/379 2401/3614/379 2402/3615/379
f 2403/3616/370 2402/3615/370 2404/3617/370
f 2405/3618/380 2404/3617/380 2406/3619/380
f 2407/3620/372 2406/3619/372 2401/3621/372
f 2408/3622/371 2409/3623/371 2410/3624/371
f 2411/3625/381 2412/3626/381 2413/3627/381
f 2414/3628/382 2415/3629/382 2416/3630/382
f 2417/3631/370 2418/3632/370 2419/3633/370
f 2420/3634/372 2421/3635/372 2422/3636/372
f 2423/3637/371 2424/3638/371 2425/3639/371
f 2426/3640/369 2427/3641/369 2428/3642/369
f 2429/3643/361 2430/3644/361 2431/3645/361
f 2432/3646/362 2433/3647/362 2434/3648/362
f 2435/3649/360 2436/3650/360 2437/3651/360
f 2438/3652/359 2439/3653/359 2440/3654/359
f 2441/3655/361 2442/3656/361 2443/3657/361
f 2444/3658/362 2445/3659/362 2446/3660/362
f 2447/3661/360 2448/3662/360 2449/3663/360
f 2450/3664/359 2451/3665/359 2452/3666/359
f 2453/3667/361 2454/3668/361 2455/3669/361
f 2456/3670/362 2457/3671/362 2458/3672/362
f 2459/3673/360 2460/3674/360 2461/3675/360
f 2462/3676/359 2463/3677/359 2464/3678/359
f 2465/3679/361 2466/3680/361 2467/3681/361
f 2468/3682/362 2469/3683/362 2470/3684/362
f 2471/3685/360 2472/3686/360 2473/3687/360
f 2474/3688/359 2475/3689/359 2476/3690/359
f 2477/3691/369 2478/3692/369 2479/3693/369
f 2480/3694/372 2477/3691/372 2409/3623/372
f 2410/3624/370 2478/3695/370 2408/3622/370
f 2408/3622/358 2481/3696/358 2480/3694/358
f 2409/3623/357 2479/3697/357 2410/3624/357
f 2482/3698/357 2483/3699/357 2484/3700/357
f 2485/3701/371 2482/3698/371 2486/3702/371
f 2487/3703/369 2483/3699/369 2488/3704/369
f 2488/3705/372 2489/3706/372 2485/3707/372
f 2486/3708/370 2484/3700/370 2487/3709/370
f 2490/3710/372 2491/3711/372 2492/3712/372
f 2491/3711/383 2493/3713/383 2494/3714/383
f 2495/3715/369 2496/3716/369 2497/3717/369
f 2493/3713/370 2498/3718/370 2494/3714/370
f 2495/3715/384 2499/3719/384 2500/3720/384
f 2501/3721/385 2496/3722/385 2502/3723/385
f 2503/3724/386 2492/3712/386 2498/3725/386
f 2500/3720/371 2504/3726/371 2501/3721/371
f 2505/3727/371 2506/3728/371 2507/3729/371
f 2508/3730/369 2509/3731/369 2510/3732/369
f 2510/3732/387 2506/3728/387 2511/3733/387
f 2505/3727/388 2512/3734/388 2508/3735/388
f 2513/3736/370 2514/3737/370 2515/3738/370
f 2516/3739/372 2517/3740/372 2518/3741/372
f 2519/3742/371 2516/3739/371 2514/3737/371
f 2515/3738/369 2517/3743/369 2513/3736/369
f 2513/3736/358 2520/3744/358 2519/3742/358
f 2515/3738/357 2516/3745/357 2518/3746/357
f 2521/3747/357 2522/3748/357 2523/3749/357
f 2524/3750/370 2521/3747/370 2525/3751/370
f 2526/3752/372 2522/3748/372 2527/3753/372
f 2527/3754/371 2528/3755/371 2524/3756/371
f 2525/3757/369 2523/3749/369 2526/3758/369
f 2529/3759/371 2530/3760/371 2531/3761/371
f 2530/3760/389 2532/3762/389 2533/3763/389
f 2534/3764/372 2535/3765/372 2536/3766/372
f 2532/3762/369 2537/3767/369 2533/3763/369
f 2534/3764/390 2538/3768/390 2539/3769/390
f 2540/3770/391 2535/3771/391 2541/3772/391
f 2542/3773/392 2531/3761/392 2537/3774/392
f 2539/3769/370 2543/3775/370 2540/3770/370
f 2544/3776/370 2545/3777/370 2546/3778/370
f 2547/3779/372 2548/3780/372 2549/3781/372
f 2550/3782/393 2548/3780/393 2545/3777/393
f 2544/3776/394 2551/3783/394 2547/3784/394
f 2552/3785/360 2553/3786/360 2554/3787/360
f 2555/3788/359 2556/3789/359 2557/3790/359
f 2558/3791/362 2555/3788/362 2553/3786/362
f 2554/3787/361 2556/3792/361 2552/3785/361
f 2552/3785/358 2559/3793/358 2558/3791/358
f 2553/3786/357 2557/3794/357 2554/3787/357
f 2560/3795/357 2561/3796/357 2562/3797/357
f 2563/3798/360 2560/3795/360 2564/3799/360
f 2565/3800/359 2561/3796/359 2566/3801/359
f 2566/3802/362 2567/3803/362 2563/3804/362
f 2564/3805/361 2562/3797/361 2565/3806/361
f 2568/3807/362 2569/3808/362 2570/3809/362
f 2569/3808/395 2571/3810/395 2572/3811/395
f 2573/3812/359 2574/3813/359 2575/3814/359
f 2571/3810/361 2576/3815/361 2572/3811/361
f 2573/3812/378 2577/3816/378 2578/3817/378
f 2579/3818/377 2574/3819/377 2580/3820/377
f 2576/3821/396 2568/3807/396 2570/3809/396
f 2578/3817/360 2581/3822/360 2579/3818/360
f 2582/3823/360 2583/3824/360 2584/3825/360
f 2585/3826/359 2586/3827/359 2587/3828/359
f 2587/3828/375 2583/3824/375 2588/3829/375
f 2582/3823/374 2589/3830/374 2585/3831/374
f 2590/3832/372 2591/3833/372 2592/3834/372
f 2593/3835/370 2594/3836/370 2595/3837/370
f 2596/3838/369 2593/3835/369 2591/3833/369
f 2592/3834/371 2594/3839/371 2590/3832/371
f 2590/3832/358 2597/3840/358 2596/3838/358
f 2592/3834/357 2593/3841/357 2595/3842/357
f 2598/3843/357 2599/3844/357 2600/3845/357
f 2601/3846/372 2598/3843/372 2602/3847/372
f 2603/3848/370 2599/3844/370 2604/3849/370
f 2604/3850/369 2605/3851/369 2601/3852/369
f 2602/3853/371 2600/3845/371 2603/3854/371
f 2606/3855/369 2607/3856/369 2608/3857/369
f 2607/3856/397 2609/3858/397 2610/3859/397
f 2611/3860/370 2612/3861/370 2613/3862/370
f 2609/3858/371 2614/3863/371 2610/3859/371
f 2611/3860/394 2615/3864/394 2616/3865/394
f 2617/3866/393 2612/3867/393 2618/3868/393
f 2614/3869/398 2606/3855/398 2608/3857/398
f 2616/3865/372 2619/3870/372 2617/3866/372
f 2620/3871/372 2621/3872/372 2622/3873/372
f 2623/3874/370 2624/3875/370 2625/3876/370
f 2626/3877/391 2624/3875/391 2621/3872/391
f 2620/3871/390 2627/3878/390 2623/3879/390
f 2628/3880/369 2629/3881/369 2630/3882/369
f 2631/3883/371 2632/3884/371 2633/3885/371
f 2634/3886/370 2631/3883/370 2629/3881/370
f 2630/3882/372 2632/3887/372 2628/3880/372
f 2628/3880/358 2635/3888/358 2634/3886/358
f 2629/3881/357 2633/3889/357 2630/3882/357
f 2636/3890/371 2637/3891/371 2638/3892/371
f 2636/3890/388 2639/3893/388 2640/3894/388
f 2641/3895/387 2637/3896/387 2642/3897/387
f 2640/3894/369 2643/3898/369 2641/3895/369
f 2644/3899/369 2645/3900/369 2646/3901/369
f 2647/3902/371 2648/3903/371 2649/3904/371
f 2649/3904/385 2645/3900/385 2650/3905/385
f 2644/3899/384 2651/3906/384 2647/3907/384
f 1993/3077/357 2652/3908/357 1994/3078/357
f 1996/3080/357 2005/3105/357 1997/3081/357
f 1999/3083/358 2010/3108/358 2000/3084/358
f 1997/3081/359 1999/3083/359 2001/3085/359
f 2003/3087/360 2006/3100/360 2004/3088/360
f 2002/3090/361 2001/3099/361 2006/3091/361
f 2005/3093/362 2004/3102/362 1999/3094/362
f 2000/3096/361 2013/3909/361 2007/3097/361
f 2001/3099/358 2000/3096/358 2008/3098/358
f 2006/3100/358 2008/3110/358 2009/3101/358
f 2004/3102/358 2009/3106/358 2010/3103/358
f 2011/3104/357 2003/3113/357 2005/3105/357
f 2009/3106/362 2014/3910/362 2012/3107/362
f 2010/3108/359 2012/3911/359 2013/3109/359
f 2008/3110/360 2007/3912/360 2014/3111/360
f 2015/3112/357 2002/3086/357 2003/3113/357
f 1998/3082/357 1997/3081/357 2002/3086/357
f 2016/3114/363 2017/3115/363 1996/3080/363
f 2017/3115/364 2018/3116/364 2011/3104/364
f 2018/3116/365 2019/3117/365 2015/3112/365
f 2019/3117/366 2016/3114/366 1998/3082/366
f 2020/3118/361 2653/3913/361 2021/3119/361
f 2023/3121/357 2026/3124/357 2024/3122/357
f 2653/3914/359 2020/3915/359 2027/3125/359
f 2020/3915/359 2026/3124/359 2027/3125/359
f 2025/3123/362 2028/3916/362 2027/3126/362
f 2022/3120/363 2024/3122/363 2026/3124/363
f 2028/3129/360 2025/3123/360 2024/3122/360
f 2024/3122/360 2022/3127/360 2028/3129/360
f 2031/3132/361 2654/3917/361 2655/3918/361
f 2655/3918/361 2033/3919/361 2031/3132/361
f 2033/3919/361 2029/3130/361 2031/3132/361
f 2032/3133/360 2029/3130/360 2033/3134/360
f 2035/3136/362 2037/3139/362 2032/3133/362
f 2035/3140/359 2656/3920/359 2036/3138/359
f 2656/3920/359 2657/3921/359 2036/3138/359
f 2036/3138/359 2658/3922/359 2037/3139/359
f 2037/3139/357 2658/3922/357 2038/3141/357
f 2038/3141/357 2030/3131/357 2029/3130/357
f 2032/3133/357 2037/3139/357 2038/3141/357
f 2039/3142/358 2046/3923/358 2040/3143/358
f 2040/3145/362 2043/3148/362 2042/3146/362
f 2043/3148/357 2045/3151/357 2044/3149/357
f 2039/3150/361 2044/3149/361 2045/3151/361
f 2047/3153/362 2659/3924/362 2048/3154/362
f 2041/3156/360 2042/3146/360 2044/3149/360
f 2046/3158/359 2045/3151/359 2043/3148/359
f 2050/3160/362 2057/3167/362 2051/3161/362
f 2053/3163/359 2059/3169/359 2054/3164/359
f 2056/3166/359 2061/3171/359 2057/3167/359
f 2058/3168/361 2078/3189/361 2059/3169/361
f 2060/3170/361 2080/3193/361 2061/3171/361
f 2062/3172/360 2069/3179/360 2063/3173/360
f 2065/3175/360 2071/3181/360 2066/3176/360
f 2068/3178/362 2073/3183/362 2069/3179/362
f 2070/3180/362 2075/3185/362 2071/3181/362
f 2072/3182/359 2076/3925/359 2073/3183/359
f 2074/3184/359 2079/3191/359 2075/3185/359
f 2064/3174/361 2063/3173/361 2076/3186/361
f 2077/3188/360 2081/3195/360 2078/3189/360
f 2067/3190/361 2066/3926/361 2079/3191/361
f 2052/3192/360 2051/3927/360 2080/3193/360
f 2055/3194/362 2054/3928/362 2081/3195/362
f 2082/3196/361 2660/3929/361 2083/3197/361
f 2085/3199/359 2661/3930/359 2086/3200/359
f 2088/3202/360 2662/3931/360 2089/3203/360
f 2091/3205/358 2098/3932/358 2092/3206/358
f 2092/3208/362 2095/3211/362 2094/3209/362
f 2095/3211/357 2097/3214/357 2096/3212/357
f 2091/3213/361 2096/3212/361 2097/3214/361
f 2099/3216/362 2663/3933/362 2100/3217/362
f 2093/3219/360 2094/3209/360 2096/3212/360
f 2098/3221/359 2097/3214/359 2095/3211/359
f 2102/3223/362 2109/3230/362 2103/3224/362
f 2105/3226/359 2111/3232/359 2106/3227/359
f 2108/3229/359 2113/3234/359 2109/3230/359
f 2110/3231/361 2130/3252/361 2111/3232/361
f 2112/3233/361 2132/3256/361 2113/3234/361
f 2114/3235/360 2121/3242/360 2115/3236/360
f 2117/3238/360 2123/3244/360 2118/3239/360
f 2120/3241/362 2125/3246/362 2121/3242/362
f 2122/3243/362 2127/3248/362 2123/3244/362
f 2124/3245/359 2128/3934/359 2125/3246/359
f 2126/3247/359 2131/3254/359 2127/3248/359
f 2116/3237/361 2115/3236/361 2128/3249/361
f 2129/3251/360 2133/3258/360 2130/3252/360
f 2119/3253/361 2118/3935/361 2131/3254/361
f 2104/3255/360 2103/3936/360 2132/3256/360
f 2107/3257/362 2106/3937/362 2133/3258/362
f 2134/3259/361 2664/3938/361 2135/3260/361
f 2137/3262/359 2665/3939/359 2138/3263/359
f 2140/3265/360 2666/3940/360 2141/3266/360
f 2143/3268/358 2150/3941/358 2144/3269/358
f 2144/3271/362 2147/3274/362 2146/3272/362
f 2147/3274/357 2149/3277/357 2148/3275/357
f 2143/3276/361 2148/3275/361 2149/3277/361
f 2151/3279/362 2667/3942/362 2152/3280/362
f 2145/3282/360 2146/3272/360 2148/3275/360
f 2150/3284/359 2149/3277/359 2147/3274/359
f 2154/3286/362 2161/3293/362 2155/3287/362
f 2157/3289/359 2163/3295/359 2158/3290/359
f 2160/3292/359 2165/3297/359 2161/3293/359
f 2162/3294/361 2182/3315/361 2163/3295/361
f 2164/3296/361 2184/3319/361 2165/3297/361
f 2166/3298/360 2173/3305/360 2167/3299/360
f 2169/3301/360 2175/3307/360 2170/3302/360
f 2172/3304/362 2177/3309/362 2173/3305/362
f 2174/3306/362 2179/3311/362 2175/3307/362
f 2176/3308/359 2180/3943/359 2177/3309/359
f 2178/3310/359 2183/3317/359 2179/3311/359
f 2168/3300/361 2167/3299/361 2180/3312/361
f 2181/3314/360 2185/3321/360 2182/3315/360
f 2171/3316/361 2170/3944/361 2183/3317/361
f 2156/3318/360 2155/3945/360 2184/3319/360
f 2159/3320/362 2158/3946/362 2185/3321/362
f 2186/3322/361 2668/3947/361 2187/3323/361
f 2189/3325/359 2669/3948/359 2190/3326/359
f 2192/3328/360 2670/3949/360 2193/3329/360
f 2195/3331/358 2202/3950/358 2196/3332/358
f 2196/3334/362 2199/3337/362 2198/3335/362
f 2199/3337/357 2201/3340/357 2200/3338/357
f 2195/3339/361 2200/3338/361 2201/3340/361
f 2203/3342/362 2671/3951/362 2204/3343/362
f 2197/3345/360 2198/3335/360 2200/3338/360
f 2202/3347/359 2201/3340/359 2199/3337/359
f 2206/3349/362 2213/3356/362 2207/3350/362
f 2209/3352/359 2215/3358/359 2210/3353/359
f 2212/3355/359 2217/3360/359 2213/3356/359
f 2214/3357/361 2234/3378/361 2215/3358/361
f 2216/3359/361 2236/3382/361 2217/3360/361
f 2218/3361/360 2225/3368/360 2219/3362/360
f 2221/3364/360 2227/3370/360 2222/3365/360
f 2224/3367/362 2229/3372/362 2225/3368/362
f 2226/3369/362 2231/3374/362 2227/3370/362
f 2228/3371/359 2232/3952/359 2229/3372/359
f 2230/3373/359 2235/3380/359 2231/3374/359
f 2220/3363/361 2219/3362/361 2232/3375/361
f 2233/3377/360 2237/3384/360 2234/3378/360
f 2223/3379/361 2222/3953/361 2235/3380/361
f 2208/3381/360 2207/3954/360 2236/3382/360
f 2211/3383/362 2210/3955/362 2237/3384/362
f 2238/3385/361 2672/3956/361 2239/3386/361
f 2241/3388/359 2673/3957/359 2242/3389/359
f 2244/3391/360 2674/3958/360 2245/3392/360
f 2253/3400/358 2257/3959/358 2254/3401/358
f 2256/3403/369 2272/3428/369 2254/3404/369
f 2258/3406/357 2272/3428/357 2256/3403/357
f 2259/3407/370 2256/3403/370 2257/3408/370
f 2260/3410/358 2267/3960/358 2261/3411/358
f 2263/3413/357 2266/3417/357 2264/3414/357
f 2260/3416/371 2264/3414/371 2266/3417/371
f 2265/3415/372 2264/3414/372 2260/3419/372
f 2255/3421/360 2258/3961/360 2268/3422/360
f 2261/3424/359 2263/3440/359 2270/3425/359
f 2255/3427/372 2254/3962/372 2272/3428/372
f 2261/3429/370 2267/3963/370 2266/3417/370
f 2273/3430/362 2275/3439/362 2259/3431/362
f 2274/3433/361 2276/3441/361 2265/3434/361
f 2255/3438/358 2269/3964/358 2274/3965/358
f 2274/3965/358 2262/3966/358 2261/3436/358
f 2261/3436/358 2271/3967/358 2273/3437/358
f 2273/3437/358 2253/3968/358 2255/3438/358
f 2255/3438/358 2274/3965/358 2261/3436/358
f 2276/3441/357 2268/3422/357 2258/3961/357
f 2258/3961/357 2259/3431/357 2275/3439/357
f 2275/3439/357 2270/3425/357 2263/3440/357
f 2263/3440/357 2265/3434/357 2276/3441/357
f 2276/3441/357 2258/3961/357 2275/3439/357
f 2271/3426/370 2270/3425/370 2275/3442/370
f 2269/3423/372 2268/3422/372 2276/3444/372
f 2277/3446/372 2338/3521/372 2278/3447/372
f 2280/3449/361 2312/3969/361 2281/3450/361
f 2283/3452/370 2337/3519/370 2284/3453/370
f 2278/3457/357 2338/3521/357 2336/3970/357
f 2336/3970/357 2332/3510/357 2284/3455/357
f 2284/3455/357 2337/3519/357 2286/3456/357
f 2286/3456/357 2330/3507/357 2278/3457/357
f 2278/3457/357 2336/3970/357 2284/3455/357
f 2288/3460/358 2277/3971/358 2279/3972/358
f 2279/3972/358 2331/3973/358 2287/3458/358
f 2287/3458/358 2283/3974/358 2285/3459/358
f 2285/3459/358 2333/3975/358 2288/3460/358
f 2288/3460/358 2279/3972/358 2287/3458/358
f 2289/3461/361 2310/3976/361 2290/3462/361
f 2292/3464/362 2317/3493/362 2293/3465/362
f 2294/3466/360 2293/3465/360 2295/3467/360
f 2296/3469/361 2295/3977/361 2297/3470/361
f 2299/3472/362 2307/3480/362 2300/3473/362
f 2301/3474/360 2300/3473/360 2302/3475/360
f 2282/3451/359 2281/3450/359 2304/3477/359
f 2306/3479/359 2308/3482/359 2307/3480/359
f 2303/3481/361 2302/3978/361 2308/3482/361
f 2309/3483/360 2315/3491/360 2310/3484/360
f 2311/3486/360 2316/3492/360 2312/3487/360
f 2291/3463/359 2290/3462/359 2313/3489/359
f 2314/3490/362 2313/3489/362 2315/3491/362
f 2305/3478/362 2304/3477/362 2316/3492/362
f 2298/3471/359 2297/3470/359 2317/3493/359
f 2318/3494/372 2675/3979/372 2319/3495/372
f 2321/3497/370 2676/3980/370 2322/3498/370
f 2324/3500/369 2677/3981/369 2325/3501/369
f 2327/3503/371 2678/3982/371 2328/3504/371
f 2279/3506/361 2278/3457/361 2330/3507/361
f 2285/3509/362 2284/3455/362 2332/3510/362
f 2287/3512/370 2356/3983/370 2334/3513/370
f 2288/3515/372 2360/3984/372 2335/3516/372
f 2287/3518/359 2286/3456/359 2337/3519/359
f 2288/3520/360 2336/3970/360 2338/3521/360
f 2341/3524/358 2346/3985/358 2347/3986/358
f 2347/3986/358 2349/3987/358 2339/3522/358
f 2339/3522/358 2345/3988/358 2340/3523/358
f 2340/3523/358 2351/3989/358 2341/3524/358
f 2341/3524/358 2347/3986/358 2339/3522/358
f 2344/3527/357 2354/3546/357 2352/3543/357
f 2352/3543/357 2350/3538/357 2342/3525/357
f 2342/3525/357 2353/3545/357 2343/3526/357
f 2343/3526/357 2348/3535/357 2344/3527/357
f 2344/3527/357 2352/3543/357 2342/3525/357
f 2345/3528/370 2353/3545/370 2342/3529/370
f 2346/3531/372 2354/3546/372 2344/3532/372
f 2347/3534/361 2344/3527/361 2348/3535/361
f 2340/3537/362 2342/3525/362 2350/3538/362
f 2349/3540/371 2348/3990/371 2343/3526/371
f 2351/3542/369 2350/3991/369 2352/3543/369
f 2339/3541/359 2343/3526/359 2353/3545/359
f 2341/3544/360 2352/3543/360 2354/3546/360
f 2330/3547/372 2357/3552/372 2355/3548/372
f 2355/3550/371 2357/3552/371 2334/3513/371
f 2286/3514/357 2334/3513/357 2357/3552/357
f 2355/3553/358 2356/3992/358 2287/3554/358
f 2332/3556/370 2359/3559/370 2358/3557/370
f 2336/3517/357 2335/3516/357 2359/3559/357
f 2359/3559/369 2335/3516/369 2360/3560/369
f 2333/3562/358 2358/3993/358 2360/3563/358
f 2361/3565/359 2367/3571/359 2362/3566/359
f 2364/3568/360 2368/3994/360 2365/3569/360
f 2367/3571/361 2368/3994/361 2364/3568/361
f 2363/3567/362 2366/3995/362 2365/3572/362
f 2361/3565/358 2365/3996/358 2368/3573/358
f 2362/3566/357 2364/3997/357 2366/3574/357
f 2369/3575/357 2376/3583/357 2370/3576/357
f 2372/3578/359 2376/3583/359 2369/3575/359
f 2374/3580/360 2371/3577/360 2370/3576/360
f 2375/3582/361 2370/3576/361 2376/3583/361
f 2373/3585/362 2369/3575/362 2371/3577/362
f 2377/3587/361 2679/3998/361 2378/3588/361
f 2378/3588/373 2679/3998/373 2380/3590/373
f 2382/3592/360 2389/3999/360 2383/3593/360
f 2380/3590/362 2390/4000/362 2385/3595/362
f 2382/3592/374 2384/3594/374 2386/3596/374
f 2388/3598/375 2391/3603/375 2383/3599/375
f 2390/3601/376 2377/3587/376 2379/3589/376
f 2387/3597/359 2386/3596/359 2391/3603/359
f 2392/3604/359 2398/3610/359 2393/3605/359
f 2395/3607/360 2399/4001/360 2396/3608/360
f 2397/3609/377 2396/3608/377 2393/3605/377
f 2392/3604/378 2394/3606/378 2399/3611/378
f 2400/3613/379 2407/4002/379 2401/3614/379
f 2403/3616/370 2400/3613/370 2402/3615/370
f 2405/3618/380 2403/3616/380 2404/3617/380
f 2407/3620/372 2405/3618/372 2406/3619/372
f 2408/3622/371 2480/3694/371 2409/3623/371
f 2417/3631/370 2680/4003/370 2418/3632/370
f 2420/3634/372 2681/4004/372 2421/3635/372
f 2423/3637/371 2682/4005/371 2424/3638/371
f 2426/3640/369 2683/4006/369 2427/3641/369
f 2429/3643/361 2684/4007/361 2430/3644/361
f 2432/3646/362 2685/4008/362 2433/3647/362
f 2435/3649/360 2686/4009/360 2436/3650/360
f 2438/3652/359 2687/4010/359 2439/3653/359
f 2441/3655/361 2688/4011/361 2442/3656/361
f 2444/3658/362 2689/4012/362 2445/3659/362
f 2447/3661/360 2690/4013/360 2448/3662/360
f 2450/3664/359 2691/4014/359 2451/3665/359
f 2453/3667/361 2692/4015/361 2454/3668/361
f 2456/3670/362 2693/4016/362 2457/3671/362
f 2459/3673/360 2694/4017/360 2460/3674/360
f 2462/3676/359 2695/4018/359 2463/3677/359
f 2465/3679/361 2696/4019/361 2466/3680/361
f 2468/3682/362 2697/4020/362 2469/3683/362
f 2471/3685/360 2698/4021/360 2472/3686/360
f 2474/3688/359 2699/4022/359 2475/3689/359
f 2477/3691/369 2481/4023/369 2478/3692/369
f 2480/3694/372 2481/4023/372 2477/3691/372
f 2410/3624/370 2479/4024/370 2478/3695/370
f 2408/3622/358 2478/4025/358 2481/3696/358
f 2409/3623/357 2477/4026/357 2479/3697/357
f 2482/3698/357 2489/3706/357 2483/3699/357
f 2485/3701/371 2489/3706/371 2482/3698/371
f 2487/3703/369 2484/3700/369 2483/3699/369
f 2488/3705/372 2483/3699/372 2489/3706/372
f 2486/3708/370 2482/3698/370 2484/3700/370
f 2490/3710/372 2700/4027/372 2491/3711/372
f 2491/3711/383 2700/4027/383 2493/3713/383
f 2495/3715/369 2502/4028/369 2496/3716/369
f 2493/3713/370 2503/4029/370 2498/3718/370
f 2495/3715/384 2497/3717/384 2499/3719/384
f 2501/3721/385 2504/3726/385 2496/3722/385
f 2503/3724/386 2490/3710/386 2492/3712/386
f 2500/3720/371 2499/3719/371 2504/3726/371
f 2505/3727/371 2511/3733/371 2506/3728/371
f 2508/3730/369 2512/4030/369 2509/3731/369
f 2510/3732/387 2509/3731/387 2506/3728/387
f 2505/3727/388 2507/3729/388 2512/3734/388
f 2513/3736/370 2519/3742/370 2514/3737/370
f 2516/3739/372 2520/4031/372 2517/3740/372
f 2519/3742/371 2520/4031/371 2516/3739/371
f 2515/3738/369 2518/4032/369 2517/3743/369
f 2513/3736/358 2517/4033/358 2520/3744/358
f 2515/3738/357 2514/3737/357 2516/3745/357
f 2521/3747/357 2528/3755/357 2522/3748/357
f 2524/3750/370 2528/3755/370 2521/3747/370
f 2526/3752/372 2523/3749/372 2522/3748/372
f 2527/3754/371 2522/3748/371 2528/3755/371
f 2525/3757/369 2521/3747/369 2523/3749/369
f 2529/3759/371 2701/4034/371 2530/3760/371
f 2530/3760/389 2701/4034/389 2532/3762/389
f 2534/3764/372 2541/4035/372 2535/3765/372
f 2532/3762/369 2542/4036/369 2537/3767/369
f 2534/3764/390 2536/3766/390 2538/3768/390
f 2540/3770/391 2543/3775/391 2535/3771/391
f 2542/3773/392 2529/3759/392 2531/3761/392
f 2539/3769/370 2538/3768/370 2543/3775/370
f 2544/3776/370 2550/3782/370 2545/3777/370
f 2547/3779/372 2551/4037/372 2548/3780/372
f 2550/3782/393 2549/3781/393 2548/3780/393
f 2544/3776/394 2546/3778/394 2551/3783/394
f 2552/3785/360 2558/3791/360 2553/3786/360
f 2555/3788/359 2559/4038/359 2556/3789/359
f 2558/3791/362 2559/4038/362 2555/3788/362
f 2554/3787/361 2557/4039/361 2556/3792/361
f 2552/3785/358 2556/4040/358 2559/3793/358
f 2553/3786/357 2555/4041/357 2557/3794/357
f 2560/3795/357 2567/3803/357 2561/3796/357
f 2563/3798/360 2567/3803/360 2560/3795/360
f 2565/3800/359 2562/3797/359 2561/3796/359
f 2566/3802/362 2561/3796/362 2567/3803/362
f 2564/3805/361 2560/3795/361 2562/3797/361
f 2568/3807/362 2702/4042/362 2569/3808/362
f 2569/3808/395 2702/4042/395 2571/3810/395
f 2573/3812/359 2580/4043/359 2574/3813/359
f 2571/3810/361 2703/4044/361 2576/3815/361
f 2573/3812/378 2575/3814/378 2577/3816/378
f 2579/3818/377 2581/3822/377 2574/3819/377
f 2576/3821/396 2703/4045/396 2568/3807/396
f 2578/3817/360 2577/3816/360 2581/3822/360
f 2582/3823/360 2588/3829/360 2583/3824/360
f 2585/3826/359 2589/4046/359 2586/3827/359
f 2587/3828/375 2586/3827/375 2583/3824/375
f 2582/3823/374 2584/3825/374 2589/3830/374
f 2590/3832/372 2596/3838/372 2591/3833/372
f 2593/3835/370 2597/4047/370 2594/3836/370
f 2596/3838/369 2597/4047/369 2593/3835/369
f 2592/3834/371 2595/4048/371 2594/3839/371
f 2590/3832/358 2594/4049/358 2597/3840/358
f 2592/3834/357 2591/3833/357 2593/3841/357
f 2598/3843/357 2605/3851/357 2599/3844/357
f 2601/3846/372 2605/3851/372 2598/3843/372
f 2603/3848/370 2600/3845/370 2599/3844/370
f 2604/3850/369 2599/3844/369 2605/3851/369
f 2602/3853/371 2598/3843/371 2600/3845/371
f 2606/3855/369 2704/4050/369 2607/3856/369
f 2607/3856/397 2704/4050/397 2609/3858/397
f 2611/3860/370 2618/4051/370 2612/3861/370
f 2609/3858/371 2705/4052/371 2614/3863/371
f 2611/3860/394 2613/3862/394 2615/3864/394
f 2617/3866/393 2619/3870/393 2612/3867/393
f 2614/3869/398 2705/4053/398 2606/3855/398
f 2616/3865/372 2615/3864/372 2619/3870/372
f 2620/3871/372 2626/3877/372 2621/3872/372
f 2623/3874/370 2627/4054/370 2624/3875/370
f 2626/3877/391 2625/3876/391 2624/3875/391
f 2620/3871/390 2622/3873/390 2627/3878/390
f 2628/3880/369 2634/3886/369 2629/3881/369
f 2631/3883/371 2635/4055/371 2632/3884/371
f 2634/3886/370 2635/4055/370 2631/3883/370
f 2630/3882/372 2633/4056/372 2632/3887/372
f 2628/3880/358 2632/4057/358 2635/3888/358
f 2629/3881/357 2631/4058/357 2633/3889/357
f 2636/3890/371 2642/4059/371 2637/3891/371
f 2636/3890/388 2638/3892/388 2639/3893/388
f 2641/3895/387 2643/3898/387 2637/3896/387
f 2640/3894/369 2639/3893/369 2643/3898/369
f 2644/3899/369 2650/3905/369 2645/3900/369
f 2647/3902/371 2651/4060/371 2648/3903/371
f 2649/3904/385 2648/3903/385 2645/3900/385
f 2644/3899/384 2646/3901/384 2651/3906/384
