mtllib v2_pad.mtl
v 4.500000 -0.000000 4.500000
v 4.500000 1.000000 0.500000
v 4.500000 1.000000 4.500000
v -4.500000 1.000000 0.500000
v 4.500000 -0.000000 0.500000
v -4.500000 -0.000000 0.500000
v -4.500000 1.000000 4.500000
v -4.500000 0.000000 -4.500000
v 4.500000 1.000000 -4.500000
v 4.500000 0.000000 -4.500000
v -4.500000 -0.000000 4.500000
v 4.500000 1.000000 -0.500000
v -4.500000 0.000000 -0.500000
v 4.500000 0.000000 -0.500000
v -4.500000 1.000000 -0.500000
v -4.500000 1.000000 -4.500000
v 0.500000 1.000000 -0.500000
v 4.500000 1.000000 0.500000
v 4.500000 1.000000 -0.500000
v -4.500000 1.000000 0.500000
v -0.500000 1.000000 -0.500000
v -4.500000 1.000000 -0.500000
v 0.500000 1.000000 0.250000
v 4.500000 0.750000 0.500000
v 0.500000 0.750000 0.500000
v 0.500000 1.000000 -0.250000
v 4.500000 1.000000 0.250000
v 0.500000 0.750000 -0.500000
v 4.500000 1.000000 -0.250000
v -4.500000 0.750000 0.500000
v -4.500000 1.000000 0.500000
v -4.500000 1.000000 0.250000
v -4.500000 0.750000 -0.500000
v -4.500000 1.000000 -0.250000
v -4.500000 1.000000 -0.500000
v 4.500000 1.000000 0.500000
v 4.500000 0.750000 -0.500000
v 4.500000 1.000000 -0.500000
v 0.500000 1.000000 -0.500000
v 0.500000 1.000000 0.500000
v -0.500000 0.750000 -0.500000
v -0.500000 1.000000 -0.500000
v -0.500000 1.000000 -0.250000
v -0.500000 0.750000 0.500000
v -0.500000 1.000000 0.250000
v -0.500000 1.000000 0.500000
v 0.500000 -0.000000 0.500000
v 0.000000 0.500000 -0.500000
v 0.000000 0.500000 0.500000
v -0.500000 0.000000 -0.500000
v -0.500000 -0.000000 0.500000
v 0.500000 0.000000 -0.500000
v 0.500000 1.000000 0.500000
v -0.500000 1.000000 0.500000
vt 0.000000 0.473684
vt 0.400000 0.526316
vt 0.000000 0.526316
vt 0.900000 0.526316
vt 0.000000 0.473684
vt 0.900000 0.473684
vt 0.400000 1.000000
vt 0.000000 1.000000
vt 0.900000 0.473684
vt -0.000000 0.526316
vt -0.000000 0.473684
vt 0.900000 0.473684
vt -0.000000 0.526316
vt -0.000000 0.473684
vt 0.900000 0.526316
vt 0.500000 0.473684
vt 0.900000 0.473684
vt 0.000000 0.000000
vt 0.400000 0.473684
vt 0.900000 0.526316
vt -0.000000 0.473684
vt 0.900000 0.473684
vt 0.900000 0.526316
vt 0.500000 0.473684
vt 0.900000 0.473684
vt 0.000000 0.473684
vt 0.400000 0.526316
vt 0.000000 0.526316
vt 0.900000 1.000000
vt 0.500000 0.526316
vt 0.500000 0.000000
vt 0.900000 0.000000
vt 0.500000 0.736842
vt 0.400000 0.526316
vt 0.500000 0.526316
vt 0.400000 1.000000
vt 0.500000 0.789474
vt 0.500000 1.000000
vt 0.925000 0.539474
vt 0.900000 0.750000
vt 0.900000 0.539474
vt 0.975000 0.539474
vt 0.925000 0.750000
vt 1.000000 0.539474
vt 0.975000 0.750000
vt 1.000000 0.763158
vt 1.000000 0.776316
vt 0.975000 0.776316
vt 0.900000 0.763158
vt 0.925000 0.776316
vt 0.900000 0.776316
vt 1.000000 0.763158
vt 0.975000 0.750000
vt 1.000000 0.750000
vt 0.900000 0.763158
vt 0.900000 0.750000
vt 0.925000 0.750000
vt 0.900000 0.526316
vt 0.925000 0.539474
vt 0.900000 0.539474
vt 1.000000 0.526316
vt 1.000000 0.539474
vt 0.975000 0.539474
vt 0.900000 1.000000
vt 0.900000 0.986842
vt 0.925000 0.986842
vt 1.000000 1.000000
vt 0.975000 0.986842
vt 1.000000 0.986842
vt 1.000000 0.776316
vt 0.975000 0.986842
vt 0.975000 0.776316
vt 0.925000 0.986842
vt 0.925000 0.776316
vt 0.900000 0.986842
vt 0.900000 0.776316
vt 0.900000 0.473684
vt 1.000000 0.500000
vt 0.900000 0.500000
vt 1.000000 0.526316
vt 0.900000 0.526316
vt 1.000000 0.473684
vt 0.900000 0.421053
vt 1.000000 0.421053
vt 0.000000 0.526316
vt 0.900000 0.526316
vt 0.900000 0.526316
vt 0.500000 0.526316
vt 0.400000 0.000000
vt -0.000000 0.526316
vt 0.400000 0.473684
vt 0.500000 1.000000
vt 0.400000 0.736842
vt 0.400000 0.789474
vt 1.000000 0.750000
vt 1.000000 0.986842
vn 1.0000 0.0000 0.0000
vn 0.0000 0.0000 -1.0000
vn 0.0000 1.0000 0.0000
vn 0.0000 0.0000 1.0000
vn -1.0000 0.0000 0.0000
vn 0.0000 -1.0000 -0.0000
vn 0.0000 -0.7071 -0.7071
vn 0.0000 -0.7071 0.7071
vn 0.7071 0.7071 0.0000
vn -0.7071 0.7071 0.0000
v -0.500000 7.750000 0.125000
v -0.750000 7.750000 -0.125000
v -0.750000 7.750000 0.125000
v 0.750000 7.750000 0.125000
v 0.500000 7.750000 -0.125000
v 0.500000 7.750000 0.125000
v -0.750000 4.250000 -0.125000
v -0.500000 4.250000 0.125000
v -0.750000 4.250000 0.125000
v 0.500000 4.250000 -0.125000
v 0.750000 4.250000 0.125000
v 0.500000 4.250000 0.125000
v 0.500000 2.750000 -1.875000
v 0.750000 2.750000 -1.625000
v 0.500000 2.750000 -1.625000
v -0.750000 2.750000 -1.875000
v -0.500000 2.750000 -1.625000
v -0.750000 2.750000 -1.625000
v 0.750000 7.750000 -1.625000
v 0.500000 7.750000 -1.875000
v 0.500000 7.750000 -1.625000
v -0.500000 7.750000 -1.625000
v -0.750000 7.750000 -1.875000
v -0.750000 7.750000 -1.625000
v -0.500000 2.750000 -1.875000
v 0.750000 2.750000 -1.875000
v -0.500000 7.750000 -1.875000
v 0.750000 7.750000 -1.875000
v -0.500000 4.250000 -0.125000
v 0.750000 4.250000 -0.125000
v -0.500000 7.750000 -0.125000
v 0.750000 7.750000 -0.125000
v -0.500000 7.250000 -0.125000
v -0.250000 7.250000 -0.625000
v -0.750000 7.250000 -0.125000
v 0.750000 7.250000 -0.125000
v 0.250000 7.250000 -0.375000
v 0.500000 7.250000 -0.125000
v 0.250000 7.250000 -0.625000
v -0.250000 5.000000 -0.625000
v 0.250000 5.000000 -0.375000
v 0.250000 5.000000 -0.625000
v 0.750000 5.000000 -0.125000
v 0.500000 5.000000 -0.125000
v -0.500000 5.000000 -0.125000
v -0.750000 5.000000 -0.125000
v -0.250000 5.000000 -0.375000
v 0.250000 4.750000 -0.375000
v -0.750000 4.750000 -0.125000
v 0.500000 4.750000 -0.125000
v -0.250000 4.750000 -0.625000
v -0.250000 4.750000 -0.375000
v 0.250000 4.750000 -0.625000
v 0.750000 4.750000 -0.125000
v -0.500000 4.750000 -0.125000
v 0.750000 7.375000 -1.625000
v 0.750000 7.625000 -0.125000
v 0.750000 7.375000 -0.125000
v 0.500000 7.375000 -1.625000
v 0.500000 7.375000 -0.125000
v 0.500000 7.625000 -1.625000
v 0.500000 7.625000 -0.125000
v -0.500000 7.375000 -1.625000
v -0.500000 7.625000 -0.125000
v -0.500000 7.375000 -0.125000
v -0.750000 7.375000 -1.625000
v -0.750000 7.375000 -0.125000
v -0.750000 7.625000 -1.625000
v -0.750000 7.625000 -0.125000
v 0.750000 4.375000 -1.625000
v 0.750000 4.625000 -0.125000
v 0.750000 4.375000 -0.125000
v 0.500000 4.375000 -1.625000
v 0.500000 4.375000 -0.125000
v 0.500000 4.625000 -1.625000
v 0.500000 4.625000 -0.125000
v -0.500000 4.375000 -1.625000
v -0.500000 4.625000 -0.125000
v -0.500000 4.375000 -0.125000
v -0.750000 4.375000 -1.625000
v -0.750000 4.375000 -0.125000
v -0.750000 4.625000 -1.625000
v -0.750000 4.625000 -0.125000
v 0.750000 5.875000 -1.625000
v 0.750000 6.125000 -0.125000
v 0.750000 5.875000 -0.125000
v 0.500000 5.875000 -1.625000
v 0.500000 5.875000 -0.125000
v 0.500000 6.125000 -1.625000
v 0.500000 6.125000 -0.125000
v -0.500000 5.875000 -1.625000
v -0.500000 6.125000 -0.125000
v -0.500000 5.875000 -0.125000
v -0.750000 5.875000 -1.625000
v -0.750000 5.875000 -0.125000
v -0.750000 6.125000 -1.625000
v -0.750000 6.125000 -0.125000
v 0.500000 7.125000 -1.812500
v -0.500000 6.375000 -1.812500
v 0.500000 7.375000 -1.812500
v -0.500000 7.125000 -1.687500
v 0.500000 6.375000 -1.687500
v 0.500000 6.125000 -1.687500
v 0.500000 5.625000 -1.812500
v -0.500000 4.875000 -1.812500
v 0.500000 5.875000 -1.812500
v -0.500000 5.625000 -1.687500
v 0.500000 4.875000 -1.687500
v 0.500000 4.625000 -1.687500
v 0.500000 4.125000 -1.812500
v -0.500000 3.375000 -1.812500
v 0.500000 4.375000 -1.812500
v -0.500000 4.125000 -1.687500
v 0.500000 3.375000 -1.687500
v 0.500000 3.125000 -1.687500
v -0.250000 7.250000 -0.375000
v 0.250000 7.000000 -0.375000
v -0.750000 7.000000 -0.125000
v 0.500000 7.000000 -0.125000
v -0.250000 7.000000 -0.625000
v -0.250000 7.000000 -0.375000
v 0.250000 7.000000 -0.625000
v 0.750000 7.000000 -0.125000
v -0.500000 7.000000 -0.125000
v -0.500000 6.375000 -1.812500
v 0.500000 7.125000 -1.812500
v 0.500000 7.375000 -1.812500
v -0.500000 7.125000 -1.687500
v 0.500000 6.375000 -1.687500
v -0.500000 7.375000 -1.687500
v -0.500000 4.875000 -1.812500
v 0.500000 5.625000 -1.812500
v 0.500000 5.875000 -1.812500
v -0.500000 5.625000 -1.687500
v 0.500000 4.875000 -1.687500
v -0.500000 5.875000 -1.687500
v -0.500000 3.375000 -1.812500
v 0.500000 4.125000 -1.812500
v 0.500000 4.375000 -1.812500
v -0.500000 4.125000 -1.687500
v 0.500000 3.375000 -1.687500
v -0.500000 4.375000 -1.687500
v 0.750000 7.625000 -1.625000
v -0.500000 7.625000 -1.625000
v 0.750000 4.625000 -1.625000
v -0.500000 4.625000 -1.625000
v 0.750000 6.125000 -1.625000
v -0.500000 6.125000 -1.625000
v -0.500000 6.125000 -1.812500
v -0.500000 7.375000 -1.687500
v -0.500000 4.625000 -1.812500
v -0.500000 5.875000 -1.687500
v -0.500000 3.125000 -1.812500
v -0.500000 4.375000 -1.687500
v -0.500000 6.125000 -1.812500
v 0.500000 6.125000 -1.687500
v -0.500000 4.625000 -1.812500
v 0.500000 4.625000 -1.687500
v -0.500000 3.125000 -1.812500
v 0.500000 3.125000 -1.687500
vt 0.918367 0.421053
vt 0.938776 0.394737
vt 0.938776 0.421053
vt 0.918367 0.421053
vt 0.938776 0.394737
vt 0.938776 0.421053
vt 0.938776 0.026316
vt 0.918367 -0.000000
vt 0.938776 -0.000000
vt 0.938776 0.026316
vt 0.918367 -0.000000
vt 0.938776 -0.000000
vt 0.857143 0.263158
vt 0.836735 0.236842
vt 0.857143 0.236842
vt 0.857143 0.263158
vt 0.836735 0.236842
vt 0.857143 0.236842
vt 0.836735 0.815789
vt 0.857143 0.789474
vt 0.857143 0.815789
vt 0.836735 0.815789
vt 0.857143 0.789474
vt 0.857143 0.815789
vt 0.918367 0.263158
vt 0.897959 0.789474
vt 0.897959 0.263158
vt 0.877551 0.263158
vt 0.918367 0.263158
vt 0.897959 0.789474
vt 0.897959 0.263158
vt 0.877551 0.263158
vt 0.836735 0.789474
vt 0.836735 0.263158
vt 0.877551 0.789474
vt 0.836735 0.789474
vt 0.836735 0.263158
vt 0.877551 0.789474
vt 1.000000 0.026316
vt 0.979592 0.394737
vt 0.979592 0.026316
vt 0.959184 0.026316
vt 1.000000 0.026316
vt 0.979592 0.394737
vt 0.979592 0.026316
vt 0.959184 0.026316
vt 0.918367 0.394737
vt 0.918367 0.026316
vt 0.959184 0.394737
vt 0.918367 0.394737
vt 0.918367 0.026316
vt 0.959184 0.394737
vt 0.653061 0.763158
vt 0.632653 0.710526
vt 0.673469 0.763158
vt 0.551020 0.763158
vt 0.591837 0.736842
vt 0.571429 0.763158
vt 0.591837 0.710526
vt 0.632653 0.710526
vt 0.591837 0.736842
vt 0.591837 0.710526
vt 0.551020 0.763158
vt 0.571429 0.763158
vt 0.653061 0.763158
vt 0.673469 0.763158
vt 0.632653 0.763158
vt 0.591837 0.789474
vt 0.591837 0.763158
vt 0.673469 0.684211
vt 0.673469 0.710526
vt 0.571429 0.789474
vt 0.632653 0.684211
vt 0.632653 0.789474
vt 0.551020 0.710526
vt 0.591149 0.684899
vt 0.551020 0.631579
vt 0.591837 0.657895
vt 0.632653 0.657895
vt 0.653061 0.631579
vt 0.918367 0.421053
vt 0.938776 0.578947
vt 0.918367 0.578947
vt 0.979592 0.421053
vt 1.000000 0.578947
vt 0.979592 0.578947
vt 0.959184 0.421053
vt 0.959184 0.578947
vt 0.918367 0.421053
vt 0.938776 0.578947
vt 0.918367 0.578947
vt 0.979592 0.421053
vt 1.000000 0.578947
vt 0.979592 0.578947
vt 0.959184 0.421053
vt 0.959184 0.578947
vt 0.918367 0.421053
vt 0.938776 0.578947
vt 0.918367 0.578947
vt 0.979592 0.421053
vt 1.000000 0.578947
vt 0.979592 0.578947
vt 0.959184 0.421053
vt 0.959184 0.578947
vt 0.918367 0.421053
vt 0.938776 0.578947
vt 0.918367 0.578947
vt 0.979592 0.421053
vt 1.000000 0.578947
vt 0.979592 0.578947
vt 0.959184 0.421053
vt 0.959184 0.578947
vt 0.918367 0.421053
vt 0.938776 0.578947
vt 0.918367 0.578947
vt 0.979592 0.421053
vt 1.000000 0.578947
vt 0.979592 0.578947
vt 0.959184 0.421053
vt 0.959184 0.578947
vt 0.918367 0.421053
vt 0.938776 0.578947
vt 0.918367 0.578947
vt 0.979592 0.421053
vt 1.000000 0.578947
vt 0.979592 0.578947
vt 0.959184 0.421053
vt 0.959184 0.578947
vt 0.918367 0.578947
vt 1.000000 0.605263
vt 0.918367 0.605263
vt 1.000000 0.578947
vt 0.918367 0.605263
vt 0.918367 0.578947
vt 0.918367 0.578947
vt 1.000000 0.605263
vt 0.918367 0.605263
vt 1.000000 0.578947
vt 0.918367 0.605263
vt 0.918367 0.578947
vt 0.918367 0.578947
vt 1.000000 0.605263
vt 0.918367 0.605263
vt 1.000000 0.578947
vt 0.918367 0.605263
vt 0.918367 0.578947
vt 0.632653 0.763158
vt 0.591837 0.789474
vt 0.591837 0.763158
vt 0.673469 0.684211
vt 0.673469 0.710526
vt 0.571429 0.789474
vt 0.632653 0.684211
vt 0.632653 0.789474
vt 0.551020 0.710526
vt 0.591149 0.684899
vt 0.551020 0.631579
vt 0.591837 0.657895
vt 0.632653 0.657895
vt 0.653061 0.631579
vt 1.000000 0.605263
vt 0.918367 0.578947
vt 0.918367 0.605263
vt 1.000000 0.578947
vt 0.918367 0.605263
vt 1.000000 0.605263
vt 1.000000 0.605263
vt 0.918367 0.578947
vt 0.918367 0.605263
vt 1.000000 0.578947
vt 0.918367 0.605263
vt 1.000000 0.605263
vt 1.000000 0.605263
vt 0.918367 0.578947
vt 0.918367 0.605263
vt 1.000000 0.578947
vt 0.918367 0.605263
vt 1.000000 0.605263
vt 0.918367 0.789474
vt 0.918367 0.789474
vt 1.000000 0.394737
vt 1.000000 0.394737
vt 0.632653 0.736842
vt 0.632653 0.736842
vt 0.653061 0.789474
vt 0.551020 0.684211
vt 0.571429 0.631579
vt 0.673469 0.631579
vt 0.938776 0.421053
vt 1.000000 0.421053
vt 0.938776 0.421053
vt 1.000000 0.421053
vt 0.938776 0.421053
vt 1.000000 0.421053
vt 0.938776 0.421053
vt 1.000000 0.421053
vt 0.938776 0.421053
vt 1.000000 0.421053
vt 0.938776 0.421053
vt 1.000000 0.421053
vt 1.000000 0.578947
vt 1.000000 0.605263
vt 1.000000 0.578947
vt 1.000000 0.605263
vt 1.000000 0.578947
vt 1.000000 0.605263
vt 0.653061 0.789474
vt 0.551020 0.684211
vt 0.571429 0.631579
vt 0.673469 0.631579
vt 1.000000 0.578947
vt 0.918367 0.578947
vt 1.000000 0.578947
vt 0.918367 0.578947
vt 1.000000 0.578947
vt 0.918367 0.578947
vn 0.0000 1.0000 0.0000
vn 0.0000 -1.0000 0.0000
vn 1.0000 0.0000 0.0000
vn -1.0000 0.0000 0.0000
vn 0.0000 0.0000 -1.0000
vn 0.0000 -0.0000 1.0000
vn -0.7071 0.0000 -0.7071
vn -0.7071 -0.0000 0.7071
vn 0.7071 0.0000 0.7071
vn 0.7071 0.0000 -0.7071
v 0.750000 2.750000 -1.625000
v 0.500000 2.750000 -1.875000
v 0.500000 2.750000 -1.625000
v 0.750000 1.250000 -1.875000
v 0.750000 1.250000 -1.625000
v 0.500000 1.250000 -1.625000
v 0.500000 1.250000 -1.875000
v 0.750000 2.750000 -1.875000
v -0.500000 2.750000 -1.625000
v -0.750000 2.750000 -1.875000
v -0.750000 2.750000 -1.625000
v -0.500000 1.250000 -1.875000
v -0.500000 1.250000 -1.625000
v -0.750000 1.250000 -1.625000
v -0.750000 1.250000 -1.875000
v -0.500000 2.750000 -1.875000
v 0.687500 2.750000 -1.812500
v 0.687500 3.750000 -1.687500
v 0.687500 2.750000 -1.687500
v 0.562500 2.750000 -1.687500
v 0.562500 3.750000 -1.812500
v 0.562500 2.750000 -1.812500
v 0.687500 3.750000 -1.812500
v 0.562500 3.750000 -1.687500
v -0.562500 2.750000 -1.812500
v -0.562500 3.750000 -1.687500
v -0.562500 2.750000 -1.687500
v -0.687500 2.750000 -1.687500
v -0.687500 3.750000 -1.812500
v -0.687500 2.750000 -1.812500
v -0.562500 3.750000 -1.812500
v -0.687500 3.750000 -1.687500
vt 0.836735 0.184211
vt 0.857143 0.157895
vt 0.857143 0.184211
vt 0.918367 -0.000000
vt 0.897959 0.157895
vt 0.897959 -0.000000
vt 0.877551 -0.000000
vt 0.857143 -0.000000
vt 0.836735 0.157895
vt 0.836735 -0.000000
vt 0.877551 0.157895
vt 0.836735 0.184211
vt 0.857143 0.157895
vt 0.857143 0.184211
vt 0.918367 -0.000000
vt 0.897959 0.157895
vt 0.897959 -0.000000
vt 0.877551 -0.000000
vt 0.857143 -0.000000
vt 0.836735 0.157895
vt 0.836735 -0.000000
vt 0.877551 0.157895
vt 0.897959 0.157895
vt 0.887755 0.263158
vt 0.887755 0.157895
vt 0.877551 0.157895
vt 0.867347 0.263158
vt 0.867347 0.157895
vt 0.857143 0.263158
vt 0.857143 0.157895
vt 0.877551 0.263158
vt 0.897959 0.157895
vt 0.887755 0.263158
vt 0.887755 0.157895
vt 0.877551 0.157895
vt 0.867347 0.263158
vt 0.867347 0.157895
vt 0.857143 0.263158
vt 0.857143 0.157895
vt 0.877551 0.263158
vt 0.918367 0.157895
vt 0.918367 0.157895
vt 0.897959 0.263158
vt 0.897959 0.263158
vn 0.0000 1.0000 0.0000
vn 1.0000 0.0000 0.0000
vn -1.0000 0.0000 0.0000
vn 0.0000 0.0000 -1.0000
vn 0.0000 -0.0000 1.0000
v 0.000000 8.875000 1.750000
v 0.000000 8.875000 1.375000
v 0.000000 9.000000 1.750000
v 0.000000 8.875000 0.375000
v 0.000000 8.875000 0.000000
v 0.000000 9.000000 0.000000
v 0.000000 8.750000 1.375000
v 0.000000 8.875000 1.750000
v 0.000000 8.875000 1.375000
v 0.000000 8.750000 1.375000
v 0.000000 8.875000 0.000000
v 0.000000 8.875000 0.375000
v 0.000000 9.000000 0.000000
v 0.000000 8.750000 0.375000
v 0.000000 9.000000 1.750000
v 0.000000 8.750000 0.375000
v 0.312500 2.062500 2.062500
v 0.362056 2.049556 2.044194
v 0.356694 2.062500 2.044194
v 0.250000 2.062500 2.000000
v 0.299556 1.987056 2.044194
v 0.268306 2.062500 2.044194
v 0.312500 2.062500 1.937500
v 0.299556 1.987056 1.955806
v 0.268306 2.062500 1.955806
v 0.362056 2.049556 1.955806
v 0.330806 2.018306 1.937500
v 0.330806 2.018306 2.062500
v 0.286612 1.974112 2.000000
v 0.375000 2.000000 1.937500
v 0.375000 2.000000 2.062500
v 0.375000 1.955806 1.955806
v 0.375000 1.937500 2.000000
v 0.375000 2.044194 2.044194
v 0.375000 1.955806 2.044194
v 0.375000 2.062500 2.000000
v 0.356694 2.062500 1.955806
v 0.375000 2.044194 1.955806
v 0.500000 2.062500 2.000000
v 0.500000 2.044194 1.955806
v 0.500000 2.000000 1.937500
v 0.500000 2.000000 2.062500
v 0.500000 1.955806 1.955806
v 0.500000 1.937500 2.000000
v 0.500000 2.044194 2.044194
v 0.500000 1.955806 2.044194
v 0.375000 5.312500 2.000000
v 0.312500 5.312500 2.062500
v 0.250000 5.312500 2.000000
v 0.312500 5.312500 1.937500
v 0.356694 5.312500 1.955806
v 0.356694 5.312500 2.044194
v 0.268306 5.312500 2.044194
v 0.268306 5.312500 1.955806
v 0.250000 4.562500 0.250000
v 0.268306 4.518306 2.000000
v 0.250000 4.562500 2.000000
v 0.312500 4.625000 0.250000
v 0.268306 4.606694 2.000000
v 0.312500 4.625000 2.000000
v 0.356694 4.606694 0.250000
v 0.356694 4.606694 2.000000
v 0.356694 4.518306 0.250000
v 0.375000 4.562500 2.000000
v 0.356694 4.518306 2.000000
v 0.268306 4.518306 0.250000
v 0.312500 4.500000 2.000000
v 0.268306 4.606694 0.250000
v 0.375000 4.562500 0.250000
v 0.312500 4.500000 0.250000
v 0.356694 5.387944 2.012944
v 0.268306 5.387944 2.012944
v 0.268306 5.325444 1.950444
v 0.356694 5.325444 1.950444
v 0.375000 5.356694 1.981694
v 0.312500 5.400888 2.025888
v 0.250000 5.356694 1.981694
v 0.250000 5.375000 1.937500
v 0.268306 5.330806 1.937500
v 0.375000 5.375000 1.937500
v 0.312500 5.437500 1.937500
v 0.268306 5.419194 1.937500
v 0.356694 5.419194 1.937500
v 0.356694 5.330806 1.937500
v 0.312500 5.312500 0.187500
v 0.356694 5.330806 0.187500
v 0.375000 5.375000 0.187500
v 0.312500 5.437500 0.187500
v 0.250000 5.375000 0.187500
v 0.356694 5.419194 0.187500
v 0.268306 5.419194 0.187500
v 0.268306 5.330806 0.187500
vt 0.408163 0.631579
vt 0.438776 0.644737
vt 0.408163 0.644737
vt 0.520408 0.644737
vt 0.551020 0.631579
vt 0.551020 0.644737
vt 0.438776 0.631579
vt 0.408163 0.631579
vt 0.438776 0.644737
vt 0.438776 0.631579
vt 0.551020 0.631579
vt 0.520408 0.644737
vt 0.551020 0.644737
vt 0.520408 0.631579
vt 0.408163 0.644737
vt 0.520408 0.631579
vt 0.816327 0.342105
vt 0.821429 0.335526
vt 0.821429 0.342105
vt 0.806122 0.342105
vt 0.811224 0.335526
vt 0.811224 0.342105
vt 0.795918 0.342105
vt 0.801020 0.335526
vt 0.801020 0.342105
vt 0.836735 0.342105
vt 0.831633 0.335526
vt 0.836735 0.335526
vt 0.816327 0.335526
vt 0.806122 0.335526
vt 0.836735 0.328947
vt 0.816327 0.328947
vt 0.801020 0.328947
vt 0.806122 0.328947
vt 0.821429 0.328947
vt 0.811224 0.328947
vt 0.795918 0.328947
vt 0.826531 0.335526
vt 0.831633 0.342105
vt 0.831633 0.328947
vt 0.826531 0.315789
vt 0.831633 0.315789
vt 0.836735 0.315789
vt 0.826531 0.328947
vt 0.816327 0.315789
vt 0.801020 0.315789
vt 0.806122 0.315789
vt 0.821429 0.315789
vt 0.811224 0.315789
vt 0.826531 0.684211
vt 0.826531 0.342105
vt 0.816327 0.684211
vt 0.806122 0.684211
vt 0.795918 0.684211
vt 0.831633 0.684211
vt 0.821429 0.684211
vt 0.811224 0.684211
vt 0.801020 0.684211
vt 0.806122 0.828947
vt 0.801020 0.697368
vt 0.806122 0.697368
vt 0.816327 0.828947
vt 0.811224 0.697368
vt 0.816327 0.697368
vt 0.821429 0.828947
vt 0.821429 0.697368
vt 0.831633 0.828947
vt 0.826531 0.697368
vt 0.831633 0.697368
vt 0.801020 0.828947
vt 0.795918 0.697368
vt 0.811224 0.828947
vt 0.826531 0.828947
vt 0.836735 0.828947
vt 0.836735 0.697368
vt 0.821429 0.690789
vt 0.811224 0.690789
vt 0.801020 0.690789
vt 0.831633 0.690789
vt 0.826531 0.690789
vt 0.816327 0.690789
vt 0.806122 0.690789
vt 0.806122 0.697368
vt 0.801020 0.697368
vt 0.826531 0.697368
vt 0.816327 0.697368
vt 0.811224 0.697368
vt 0.821429 0.697368
vt 0.795918 0.690789
vt 0.836735 0.690789
vt 0.831633 0.697368
vt 0.836735 0.828947
vt 0.831633 0.828947
vt 0.826531 0.828947
vt 0.795918 0.828947
vt 0.795918 0.697368
vt 0.816327 0.828947
vt 0.806122 0.828947
vt 0.821429 0.828947
vt 0.811224 0.828947
vt 0.801020 0.828947
vt 0.795918 0.335526
vt 0.795918 0.315789
vt 0.836735 0.684211
vt 0.795918 0.828947
vt 0.836735 0.697368
vn 1.0000 0.0000 0.0000
vn -1.0000 0.0000 0.0000
vn -0.0473 -0.0196 0.9987
vn 0.4617 0.4617 0.7574
vn 0.6737 0.1363 0.7263
vn -0.9824 -0.1866 -0.0000
vn -0.5294 -0.5294 0.6630
vn -0.7194 -0.1448 0.6794
vn -0.0473 -0.0196 -0.9987
vn -0.5294 -0.5294 -0.6630
vn -0.7194 -0.1448 -0.6794
vn 0.4617 0.4617 -0.7574
vn -0.0671 -0.0671 -0.9955
vn -0.0671 -0.0671 0.9955
vn -0.7071 -0.7071 -0.0000
vn -0.0196 -0.0473 -0.9987
vn -0.0196 -0.0473 0.9987
vn -0.1448 -0.7194 -0.6794
vn -0.1866 -0.9824 -0.0000
vn 0.1363 0.6737 0.7263
vn -0.1448 -0.7194 0.6794
vn 0.7071 0.7071 -0.0000
vn 0.6737 0.1363 -0.7263
vn 0.1363 0.6737 -0.7263
vn 0.0000 1.0000 -0.0000
vn 0.0000 0.7071 -0.7071
vn 0.0000 -0.0000 -1.0000
vn 0.0000 0.0000 1.0000
vn 0.0000 -0.7071 -0.7071
vn 0.0000 -1.0000 -0.0000
vn 0.0000 0.7071 0.7071
vn 0.0000 -0.7071 0.7071
vn 0.9987 0.0196 0.0473
vn -0.0000 0.1866 0.9824
vn -0.9987 0.0196 0.0473
vn 0.7263 -0.1363 -0.6737
vn 0.6794 0.1448 0.7194
vn -0.6794 0.1448 0.7194
vn -0.7263 -0.1363 -0.6737
vn -0.7071 0.7071 0.0000
vn 0.7071 -0.7071 0.0000
vn 0.6630 0.5294 0.5294
vn -0.6630 0.5294 0.5294
vn -0.7574 -0.4617 -0.4617
vn 0.7574 -0.4617 -0.4617
vn 0.9955 0.0671 0.0671
vn -0.9955 0.0671 0.0671
vn -0.9987 0.0473 0.0196
vn -0.7263 -0.6737 -0.1363
vn 0.9987 0.0473 0.0196
vn 0.0000 0.9824 0.1866
vn -0.6794 0.7194 0.1448
vn 0.6794 0.7194 0.1448
vn 0.7263 -0.6737 -0.1363
v 1.500000 1.500000 -1.500000
v -1.500000 1.500000 -2.000000
v -1.500000 1.500000 -1.500000
v 1.500000 1.000000 -1.500000
v -1.500000 1.000000 -1.500000
v 1.500000 1.500000 -2.000000
v -1.500000 1.000000 -2.000000
v 1.500000 1.000000 -2.000000
v -0.500000 2.000000 0.500000
v 1.500000 2.000000 1.500000
v 0.500000 2.000000 0.500000
v 1.500000 2.000000 -1.500000
v 0.500000 2.000000 -0.500000
v -1.500000 2.000000 -1.500000
v -0.500000 2.000000 -0.500000
v -1.500000 2.000000 1.500000
v 0.500000 2.000000 -0.500000
v -0.500000 2.000000 0.500000
v 0.500000 2.000000 0.500000
v 1.500000 1.750000 1.500000
v -0.500000 1.750000 0.500000
v 0.500000 1.750000 0.500000
v 1.500000 1.750000 -1.500000
v 0.500000 1.750000 -0.500000
v -1.500000 1.750000 -1.500000
v -0.500000 1.750000 -0.500000
v -1.500000 1.750000 1.500000
v 0.750000 1.125000 0.750000
v 1.250000 1.625000 0.750000
v 1.250000 1.125000 0.750000
v 1.250000 1.125000 1.250000
v 0.750000 1.625000 1.250000
v 0.750000 1.125000 1.250000
v 1.250000 1.625000 1.250000
v 0.750000 1.625000 0.750000
v 1.375000 1.625000 0.625000
v 1.375000 1.750000 1.375000
v 1.375000 1.625000 1.375000
v 1.375000 1.125000 1.375000
v 0.625000 1.125000 0.625000
v 0.625000 1.125000 1.375000
v 1.375000 1.000000 0.625000
v 1.375000 1.000000 1.375000
v 0.625000 1.000000 1.375000
v 0.625000 1.000000 0.625000
v 1.375000 1.125000 0.625000
v 0.625000 1.625000 1.375000
v 0.625000 1.750000 0.625000
v 0.625000 1.625000 0.625000
v 1.375000 1.750000 0.625000
v 0.625000 1.750000 1.375000
v 0.250000 10.000000 2.250000
v -0.250000 10.000000 1.750000
v -0.250000 10.000000 2.250000
v 0.250000 1.000000 1.750000
v 0.250000 1.000000 2.250000
v -0.250000 1.000000 2.250000
v -0.250000 1.000000 1.750000
v 0.250000 10.000000 1.750000
v 3.750000 2.750000 1.750000
v 4.000000 2.750000 1.500000
v 4.000000 2.750000 1.750000
v 3.750000 1.000000 1.750000
v 4.000000 1.000000 1.500000
v 4.000000 1.000000 1.750000
v 4.000000 1.250000 1.500000
v 3.750000 1.250000 1.750000
v 4.000000 1.250000 1.750000
v 3.750000 1.000000 1.500000
v 3.750000 1.250000 1.500000
v 4.000000 1.250000 3.250000
v 4.000000 1.000000 3.500000
v 4.000000 1.000000 3.250000
v 3.750000 1.250000 3.250000
v 3.750000 1.000000 3.250000
v 3.750000 1.250000 3.500000
v 3.750000 1.000000 3.500000
v 4.000000 1.250000 3.500000
v 0.500000 1.000000 1.750000
v 0.750000 1.000000 1.500000
v 0.750000 1.000000 1.750000
v 0.750000 1.250000 1.500000
v 0.500000 1.250000 1.750000
v 0.750000 1.250000 1.750000
v 0.500000 1.000000 1.500000
v 0.500000 1.250000 1.500000
v 0.750000 1.250000 3.250000
v 0.750000 1.000000 3.500000
v 0.750000 1.000000 3.250000
v 0.500000 1.250000 3.250000
v 0.500000 1.000000 3.250000
v 0.500000 1.250000 3.500000
v 0.500000 1.000000 3.500000
v 0.750000 1.250000 3.500000
v 4.000000 3.000000 1.500000
v 3.750000 3.000000 1.750000
v 4.000000 3.000000 1.750000
v 3.750000 2.750000 1.500000
v 3.750000 3.000000 1.500000
v 4.000000 3.000000 3.250000
v 4.000000 2.750000 3.500000
v 4.000000 2.750000 3.250000
v 3.750000 3.000000 3.250000
v 3.750000 2.750000 3.250000
v 3.750000 3.000000 3.500000
v 3.750000 2.750000 3.500000
v 4.000000 3.000000 3.500000
v 0.500000 2.750000 1.750000
v 0.750000 2.750000 1.500000
v 0.750000 2.750000 1.750000
v 0.750000 3.000000 1.500000
v 0.500000 3.000000 1.750000
v 0.750000 3.000000 1.750000
v 0.500000 2.750000 1.500000
v 0.500000 3.000000 1.500000
v 0.750000 3.000000 3.250000
v 0.750000 2.750000 3.500000
v 0.750000 2.750000 3.250000
v 0.500000 3.000000 3.250000
v 0.500000 2.750000 3.250000
v 0.500000 3.000000 3.500000
v 0.500000 2.750000 3.500000
v 0.750000 3.000000 3.500000
v 4.000000 1.000000 3.250000
v 3.875000 1.000000 1.750000
v 4.000000 1.000000 1.750000
v 3.875000 1.000000 3.250000
v 3.875000 1.125000 1.750000
v 4.000000 1.125000 3.250000
v 4.000000 1.125000 1.750000
v 3.875000 1.125000 3.250000
v 0.625000 1.000000 3.250000
v 0.500000 1.000000 1.750000
v 0.625000 1.000000 1.750000
v 0.500000 1.000000 3.250000
v 0.500000 1.125000 1.750000
v 0.625000 1.125000 3.250000
v 0.625000 1.125000 1.750000
v 0.500000 1.125000 3.250000
v 4.000000 2.875000 3.250000
v 3.875000 2.875000 1.750000
v 4.000000 2.875000 1.750000
v 3.875000 2.875000 3.250000
v 3.875000 3.000000 1.750000
v 4.000000 3.000000 3.250000
v 4.000000 3.000000 1.750000
v 3.875000 3.000000 3.250000
v 0.625000 2.875000 3.250000
v 0.500000 2.875000 1.750000
v 0.625000 2.875000 1.750000
v 0.500000 2.875000 3.250000
v 0.500000 3.000000 1.750000
v 0.625000 3.000000 3.250000
v 0.625000 3.000000 1.750000
v 0.500000 3.000000 3.250000
v 4.000000 1.250000 1.500000
v 3.875000 2.750000 1.500000
v 4.000000 2.750000 1.500000
v 3.875000 1.250000 1.500000
v 3.875000 2.750000 1.625000
v 4.000000 1.250000 1.625000
v 4.000000 2.750000 1.625000
v 3.875000 1.250000 1.625000
v 0.625000 1.250000 1.500000
v 0.500000 2.750000 1.500000
v 0.625000 2.750000 1.500000
v 0.500000 1.250000 1.500000
v 0.500000 2.750000 1.625000
v 0.625000 1.250000 1.625000
v 0.625000 2.750000 1.625000
v 0.500000 1.250000 1.625000
v 4.000000 1.250000 3.375000
v 3.875000 2.750000 3.375000
v 4.000000 2.750000 3.375000
v 3.875000 1.250000 3.375000
v 3.875000 2.750000 3.500000
v 4.000000 1.250000 3.500000
v 4.000000 2.750000 3.500000
v 3.875000 1.250000 3.500000
v 0.625000 1.250000 3.375000
v 0.500000 2.750000 3.375000
v 0.625000 2.750000 3.375000
v 0.500000 1.250000 3.375000
v 0.500000 2.750000 3.500000
v 0.625000 1.250000 3.500000
v 0.625000 2.750000 3.500000
v 0.500000 1.250000 3.500000
v 0.750000 1.000000 3.375000
v 3.750000 1.000000 3.500000
v 0.750000 1.000000 3.500000
v 0.750000 1.125000 3.375000
v 3.750000 1.000000 3.375000
v 3.750000 1.125000 3.500000
v 0.750000 1.125000 3.500000
v 0.750000 2.875000 3.375000
v 3.750000 2.875000 3.500000
v 0.750000 2.875000 3.500000
v 0.750000 3.000000 3.375000
v 3.750000 2.875000 3.375000
v 3.750000 3.000000 3.500000
v 0.750000 3.000000 3.500000
v 0.750000 1.000000 1.500000
v 3.750000 1.000000 1.625000
v 0.750000 1.000000 1.625000
v 0.750000 1.125000 1.500000
v 3.750000 1.000000 1.500000
v 3.750000 1.125000 1.625000
v 0.750000 1.125000 1.625000
v 0.750000 2.875000 1.500000
v 3.750000 2.875000 1.625000
v 0.750000 2.875000 1.625000
v 0.750000 3.000000 1.500000
v 3.750000 2.875000 1.500000
v 3.750000 3.000000 1.625000
v 0.750000 3.000000 1.625000
v 0.750000 1.125000 -1.250000
v 1.250000 1.625000 -1.250000
v 1.250000 1.125000 -1.250000
v 1.250000 1.125000 -0.750000
v 0.750000 1.625000 -0.750000
v 0.750000 1.125000 -0.750000
v 1.250000 1.625000 -0.750000
v 0.750000 1.625000 -1.250000
v 1.375000 1.625000 -1.375000
v 1.375000 1.750000 -0.625000
v 1.375000 1.625000 -0.625000
v 1.375000 1.125000 -0.625000
v 0.625000 1.125000 -1.375000
v 0.625000 1.125000 -0.625000
v 1.375000 1.000000 -1.375000
v 1.375000 1.000000 -0.625000
v 0.625000 1.000000 -0.625000
v 0.625000 1.000000 -1.375000
v 1.375000 1.125000 -1.375000
v 0.625000 1.625000 -0.625000
v 0.625000 1.750000 -1.375000
v 0.625000 1.625000 -1.375000
v 1.375000 1.750000 -1.375000
v 0.625000 1.750000 -0.625000
v -1.250000 1.125000 0.750000
v -0.750000 1.625000 0.750000
v -0.750000 1.125000 0.750000
v -0.750000 1.125000 1.250000
v -1.250000 1.625000 1.250000
v -1.250000 1.125000 1.250000
v -0.750000 1.625000 1.250000
v -1.250000 1.625000 0.750000
v -0.625000 1.625000 0.625000
v -0.625000 1.750000 1.375000
v -0.625000 1.625000 1.375000
v -0.625000 1.125000 1.375000
v -1.375000 1.125000 0.625000
v -1.375000 1.125000 1.375000
v -0.625000 1.000000 0.625000
v -0.625000 1.000000 1.375000
v -1.375000 1.000000 1.375000
v -1.375000 1.000000 0.625000
v -0.625000 1.125000 0.625000
v -1.375000 1.625000 1.375000
v -1.375000 1.750000 0.625000
v -1.375000 1.625000 0.625000
v -0.625000 1.750000 0.625000
v -1.375000 1.750000 1.375000
v -1.250000 1.125000 -1.250000
v -0.750000 1.625000 -1.250000
v -0.750000 1.125000 -1.250000
v -0.750000 1.125000 -0.750000
v -1.250000 1.625000 -0.750000
v -1.250000 1.125000 -0.750000
v -0.750000 1.625000 -0.750000
v -1.250000 1.625000 -1.250000
v -0.625000 1.625000 -1.375000
v -0.625000 1.750000 -0.625000
v -0.625000 1.625000 -0.625000
v -0.625000 1.125000 -0.625000
v -1.375000 1.125000 -1.375000
v -1.375000 1.125000 -0.625000
v -0.625000 1.000000 -1.375000
v -0.625000 1.000000 -0.625000
v -1.375000 1.000000 -0.625000
v -1.375000 1.000000 -1.375000
v -0.625000 1.125000 -1.375000
v -1.375000 1.625000 -0.625000
v -1.375000 1.750000 -1.375000
v -1.375000 1.625000 -1.375000
v -0.625000 1.750000 -1.375000
v -1.375000 1.750000 -0.625000
v -0.500000 2.000000 -0.500000
v 3.750000 1.125000 3.375000
v 3.750000 3.000000 3.375000
v 3.750000 1.125000 1.500000
v 3.750000 3.000000 1.500000
v 3.750000 2.000000 1.500000
v 0.750001 1.500000 1.633975
v 0.750001 2.000000 1.500000
v 3.750000 1.500000 1.633975
v 0.750001 1.133975 2.000000
v 3.750000 1.133975 2.000000
v 0.750001 1.000000 2.500000
v 3.750000 1.000000 2.500000
v 0.750001 1.133975 3.000000
v 3.750000 1.133975 3.000000
v 0.750001 1.500000 3.366025
v 3.750000 1.500000 3.366025
v 0.750001 2.000000 3.500000
v 3.750000 2.000000 3.500000
v 0.750001 2.500000 3.366025
v 3.750000 2.500000 3.366025
v 0.750001 2.866026 3.000000
v 3.750000 2.866026 3.000000
v 0.750001 3.000000 2.500000
v 3.750000 3.000000 2.500000
v 0.750001 2.866026 2.000000
v 4.000000 2.649519 2.875000
v 3.750000 2.866026 2.000000
v 0.750001 2.500001 1.633975
v 3.750000 2.500001 1.633975
v 0.500001 2.000000 3.250000
v 0.500001 1.625000 3.149519
v 4.000000 1.350481 2.875000
v 4.000000 1.350481 2.125000
v 4.000000 2.649520 2.125000
v 4.000000 2.000000 3.250000
v 4.000000 2.375000 3.149519
v 4.000000 1.625000 3.149519
v 4.000000 2.375001 1.850481
v 4.000000 2.000000 1.750000
v 4.000000 1.625000 1.850481
v 4.000000 1.250000 2.500000
v 4.000000 2.750000 2.500000
v 0.500001 1.250000 2.500000
v 0.500001 2.375000 3.149519
v 0.500001 2.375001 1.850481
v 0.500001 1.350481 2.875000
v 0.500001 2.000000 1.750000
v 0.500001 1.625000 1.850481
v 0.500001 1.350481 2.125000
v 0.500001 2.649520 2.125000
v 0.500001 2.750000 2.500000
v 0.500001 2.649519 2.875000
vt 0.265306 0.763158
vt 0.510204 0.710526
vt 0.510204 0.763158
vt 0.265306 0.815789
vt 0.510204 0.815789
vt 0.265306 0.710526
vt 0.510204 0.657895
vt 0.224490 0.710526
vt 0.224490 0.763158
vt 0.551020 0.710526
vt 0.551020 0.763158
vt 0.244898 0.552632
vt 0.163265 0.342105
vt 0.244898 0.447368
vt 0.408163 0.342105
vt 0.326531 0.447368
vt 0.408163 0.657895
vt 0.326531 0.552632
vt 0.163265 0.657895
vt 0.326531 0.447368
vt 0.244898 0.552632
vt 0.244898 0.447368
vt 0.163265 0.315789
vt 0.244898 0.105263
vt 0.244898 0.210526
vt 0.408163 0.315789
vt 0.326531 0.210526
vt 0.408163 -0.000000
vt 0.326531 0.105263
vt 0.163265 -0.000000
vt 0.244898 0.210526
vt 0.326531 0.184211
vt 0.326531 0.210526
vt 0.163265 0.342105
vt 0.408163 0.315789
vt 0.408163 0.342105
vt 0.244898 0.210526
vt 0.326531 0.184211
vt 0.326531 0.210526
vt 0.244898 0.210526
vt 0.326531 0.184211
vt 0.326531 0.210526
vt 0.163265 0.342105
vt 0.408163 0.315789
vt 0.408163 0.342105
vt 0.163265 0.342105
vt 0.408163 0.315789
vt 0.408163 0.342105
vt 0.244898 0.210526
vt 0.326531 0.184211
vt 0.326531 0.210526
vt 0.214286 0.750000
vt 0.173469 0.802632
vt 0.173469 0.750000
vt 0.214286 0.750000
vt 0.173469 0.802632
vt 0.173469 0.750000
vt 0.214286 0.750000
vt 0.173469 0.802632
vt 0.173469 0.750000
vt 0.214286 0.750000
vt 0.173469 0.802632
vt 0.173469 0.750000
vt 0.224490 0.881579
vt 0.163265 0.894737
vt 0.163265 0.881579
vt 0.163265 0.671053
vt 0.224490 0.750000
vt 0.163265 0.750000
vt 0.224490 0.657895
vt 0.163265 0.657895
vt 0.224490 0.657895
vt 0.163265 0.671053
vt 0.163265 0.657895
vt 0.224490 0.657895
vt 0.163265 0.671053
vt 0.163265 0.657895
vt 0.224490 0.657895
vt 0.163265 0.671053
vt 0.163265 0.657895
vt 0.224490 0.881579
vt 0.163265 0.894737
vt 0.163265 0.881579
vt 0.224490 0.881579
vt 0.163265 0.894737
vt 0.163265 0.881579
vt 0.224490 0.881579
vt 0.163265 0.894737
vt 0.163265 0.881579
vt 0.163265 0.802632
vt 0.224490 0.802632
vt 0.040816 0.947368
vt 0.081633 1.000000
vt 0.040816 1.000000
vt 0.081633 0.000000
vt 0.040816 0.000000
vt 0.163265 0.000000
vt 0.122449 0.947368
vt 0.122449 0.000000
vt 0.081633 0.947368
vt 0.000000 0.947368
vt 0.000000 0.000000
vt 0.775510 0.500000
vt 0.755102 0.473684
vt 0.775510 0.473684
vt 0.755102 0.473684
vt 0.775510 0.500000
vt 0.755102 0.500000
vt 0.755102 0.473684
vt 0.775510 0.500000
vt 0.755102 0.500000
vt 0.775510 0.473684
vt 0.755102 0.500000
vt 0.755102 0.473684
vt 0.755102 0.473684
vt 0.775510 0.473684
vt 0.755102 0.473684
vt 0.755102 0.500000
vt 0.755102 0.500000
vt 0.775510 0.473684
vt 0.755102 0.473684
vt 0.775510 0.500000
vt 0.755102 0.500000
vt 0.775510 0.500000
vt 0.755102 0.473684
vt 0.775510 0.473684
vt 0.775510 0.473684
vt 0.755102 0.500000
vt 0.755102 0.473684
vt 0.755102 0.500000
vt 0.775510 0.473684
vt 0.775510 0.473684
vt 0.755102 0.500000
vt 0.755102 0.473684
vt 0.755102 0.500000
vt 0.775510 0.473684
vt 0.775510 0.473684
vt 0.755102 0.500000
vt 0.755102 0.473684
vt 0.755102 0.500000
vt 0.775510 0.473684
vt 0.775510 0.500000
vt 0.755102 0.473684
vt 0.775510 0.473684
vt 0.755102 0.473684
vt 0.775510 0.500000
vt 0.755102 0.500000
vt 0.755102 0.500000
vt 0.775510 0.473684
vt 0.775510 0.473684
vt 0.755102 0.500000
vt 0.755102 0.473684
vt 0.775510 0.500000
vt 0.755102 0.473684
vt 0.775510 0.473684
vt 0.775510 0.473684
vt 0.755102 0.500000
vt 0.755102 0.473684
vt 0.755102 0.500000
vt 0.775510 0.473684
vt 0.775510 0.500000
vt 0.755102 0.473684
vt 0.755102 0.500000
vt 0.755102 0.473684
vt 0.775510 0.473684
vt 0.755102 0.473684
vt 0.775510 0.473684
vt 0.775510 0.500000
vt 0.755102 0.473684
vt 0.775510 0.473684
vt 0.755102 0.473684
vt 0.755102 0.500000
vt 0.755102 0.500000
vt 0.775510 0.473684
vt 0.775510 0.473684
vt 0.755102 0.500000
vt 0.755102 0.473684
vt 0.755102 0.473684
vt 0.775510 0.473684
vt 0.775510 0.473684
vt 0.755102 0.500000
vt 0.755102 0.473684
vt 0.755102 0.500000
vt 0.775510 0.473684
vt 0.775510 0.500000
vt 0.755102 0.473684
vt 0.755102 0.500000
vt 0.775510 0.500000
vt 0.755102 0.473684
vt 0.775510 0.473684
vt 0.755102 0.500000
vt 0.775510 0.473684
vt 0.775510 0.473684
vt 0.755102 0.500000
vt 0.755102 0.473684
vt 0.755102 0.500000
vt 0.775510 0.473684
vt 0.775510 0.500000
vt 0.775510 0.473684
vt 0.755102 0.500000
vt 0.755102 0.473684
vt 0.755102 0.500000
vt 0.775510 0.473684
vt 0.775510 0.473684
vt 0.755102 0.500000
vt 0.755102 0.473684
vt 0.775510 0.500000
vt 0.755102 0.473684
vt 0.775510 0.473684
vt 0.755102 0.473684
vt 0.755102 0.500000
vt 0.755102 0.500000
vt 0.775510 0.473684
vt 0.775510 0.500000
vt 0.755102 0.473684
vt 0.755102 0.500000
vt 0.775510 0.500000
vt 0.755102 0.473684
vt 0.775510 0.473684
vt 0.775510 0.473684
vt 0.755102 0.500000
vt 0.755102 0.473684
vt 0.755102 0.473684
vt 0.755102 0.500000
vt 0.755102 0.473684
vt 0.755102 0.500000
vt 0.775510 0.473684
vt 0.765306 0.315789
vt 0.775510 0.315789
vt 0.765306 0.473684
vt 0.755102 0.315789
vt 0.785714 0.473684
vt 0.785714 0.315789
vt 0.795918 0.473684
vt 0.785714 0.473684
vt 0.775510 0.315789
vt 0.785714 0.315789
vt 0.775510 0.473684
vt 0.765306 0.315789
vt 0.795918 0.473684
vt 0.755102 0.315789
vt 0.765306 0.473684
vt 0.755102 0.473684
vt 0.765306 0.473684
vt 0.755102 0.315789
vt 0.765306 0.315789
vt 0.795918 0.473684
vt 0.785714 0.315789
vt 0.795918 0.315789
vt 0.775510 0.473684
vt 0.775510 0.315789
vt 0.785714 0.473684
vt 0.795918 0.473684
vt 0.785714 0.315789
vt 0.795918 0.315789
vt 0.785714 0.473684
vt 0.775510 0.315789
vt 0.755102 0.315789
vt 0.765306 0.473684
vt 0.755102 0.473684
vt 0.765306 0.315789
vt 0.775510 0.473684
vt 0.775510 0.315789
vt 0.785714 0.473684
vt 0.775510 0.473684
vt 0.785714 0.315789
vt 0.795918 0.473684
vt 0.765306 0.315789
vt 0.765306 0.473684
vt 0.755102 0.315789
vt 0.765306 0.315789
vt 0.775510 0.473684
vt 0.765306 0.473684
vt 0.775510 0.315789
vt 0.785714 0.473684
vt 0.755102 0.315789
vt 0.795918 0.473684
vt 0.785714 0.315789
vt 0.795918 0.315789
vt 0.785714 0.315789
vt 0.795918 0.473684
vt 0.785714 0.473684
vt 0.755102 0.315789
vt 0.765306 0.473684
vt 0.755102 0.473684
vt 0.775510 0.315789
vt 0.775510 0.473684
vt 0.765306 0.315789
vt 0.755102 0.315789
vt 0.765306 0.473684
vt 0.755102 0.473684
vt 0.765306 0.315789
vt 0.775510 0.473684
vt 0.795918 0.473684
vt 0.785714 0.315789
vt 0.795918 0.315789
vt 0.785714 0.473684
vt 0.775510 0.315789
vt 0.724490 0.631579
vt 0.734694 0.315789
vt 0.734694 0.631579
vt 0.714286 0.631579
vt 0.724490 0.315789
vt 0.744898 0.315789
vt 0.755102 0.631579
vt 0.744898 0.631579
vt 0.714286 0.631579
vt 0.724490 0.315789
vt 0.724490 0.631579
vt 0.744898 0.631579
vt 0.755102 0.315789
vt 0.755102 0.631579
vt 0.734694 0.315789
vt 0.734694 0.631579
vt 0.734694 0.631579
vt 0.744898 0.315789
vt 0.744898 0.631579
vt 0.724490 0.631579
vt 0.734694 0.315789
vt 0.755102 0.315789
vt 0.714286 0.315789
vt 0.714286 0.631579
vt 0.744898 0.631579
vt 0.755102 0.315789
vt 0.755102 0.631579
vt 0.734694 0.631579
vt 0.744898 0.315789
vt 0.724490 0.315789
vt 0.714286 0.631579
vt 0.714286 0.315789
vt 0.724490 0.631579
vt 0.214286 0.750000
vt 0.173469 0.802632
vt 0.173469 0.750000
vt 0.214286 0.750000
vt 0.173469 0.802632
vt 0.173469 0.750000
vt 0.214286 0.750000
vt 0.173469 0.802632
vt 0.173469 0.750000
vt 0.214286 0.750000
vt 0.173469 0.802632
vt 0.173469 0.750000
vt 0.224490 0.881579
vt 0.163265 0.894737
vt 0.163265 0.881579
vt 0.163265 0.671053
vt 0.224490 0.750000
vt 0.163265 0.750000
vt 0.224490 0.657895
vt 0.163265 0.657895
vt 0.224490 0.657895
vt 0.163265 0.671053
vt 0.163265 0.657895
vt 0.224490 0.657895
vt 0.163265 0.671053
vt 0.163265 0.657895
vt 0.224490 0.657895
vt 0.163265 0.671053
vt 0.163265 0.657895
vt 0.224490 0.881579
vt 0.163265 0.894737
vt 0.163265 0.881579
vt 0.224490 0.881579
vt 0.163265 0.894737
vt 0.163265 0.881579
vt 0.224490 0.881579
vt 0.163265 0.894737
vt 0.163265 0.881579
vt 0.163265 0.802632
vt 0.224490 0.802632
vt 0.214286 0.750000
vt 0.173469 0.802632
vt 0.173469 0.750000
vt 0.214286 0.750000
vt 0.173469 0.802632
vt 0.173469 0.750000
vt 0.214286 0.750000
vt 0.173469 0.802632
vt 0.173469 0.750000
vt 0.214286 0.750000
vt 0.173469 0.802632
vt 0.173469 0.750000
vt 0.224490 0.881579
vt 0.163265 0.894737
vt 0.163265 0.881579
vt 0.163265 0.671053
vt 0.224490 0.750000
vt 0.163265 0.750000
vt 0.224490 0.657895
vt 0.163265 0.657895
vt 0.224490 0.657895
vt 0.163265 0.671053
vt 0.163265 0.657895
vt 0.224490 0.657895
vt 0.163265 0.671053
vt 0.163265 0.657895
vt 0.224490 0.657895
vt 0.163265 0.671053
vt 0.163265 0.657895
vt 0.224490 0.881579
vt 0.163265 0.894737
vt 0.163265 0.881579
vt 0.224490 0.881579
vt 0.163265 0.894737
vt 0.163265 0.881579
vt 0.224490 0.881579
vt 0.163265 0.894737
vt 0.163265 0.881579
vt 0.163265 0.802632
vt 0.224490 0.802632
vt 0.214286 0.750000
vt 0.173469 0.802632
vt 0.173469 0.750000
vt 0.214286 0.750000
vt 0.173469 0.802632
vt 0.173469 0.750000
vt 0.214286 0.750000
vt 0.173469 0.802632
vt 0.173469 0.750000
vt 0.214286 0.750000
vt 0.173469 0.802632
vt 0.173469 0.750000
vt 0.224490 0.881579
vt 0.163265 0.894737
vt 0.163265 0.881579
vt 0.163265 0.671053
vt 0.224490 0.750000
vt 0.163265 0.750000
vt 0.224490 0.657895
vt 0.163265 0.657895
vt 0.224490 0.657895
vt 0.163265 0.671053
vt 0.163265 0.657895
vt 0.224490 0.657895
vt 0.163265 0.671053
vt 0.163265 0.657895
vt 0.224490 0.657895
vt 0.163265 0.671053
vt 0.163265 0.657895
vt 0.224490 0.881579
vt 0.163265 0.894737
vt 0.163265 0.881579
vt 0.224490 0.881579
vt 0.163265 0.894737
vt 0.163265 0.881579
vt 0.224490 0.881579
vt 0.163265 0.894737
vt 0.163265 0.881579
vt 0.163265 0.802632
vt 0.224490 0.802632
vt 0.265306 0.657895
vt 0.326531 0.552632
vt 0.244898 0.184211
vt 0.163265 0.315789
vt 0.244898 0.184211
vt 0.244898 0.184211
vt 0.163265 0.315789
vt 0.163265 0.315789
vt 0.244898 0.184211
vt 0.214286 0.802632
vt 0.214286 0.802632
vt 0.214286 0.802632
vt 0.214286 0.802632
vt 0.224490 0.894737
vt 0.224490 0.671053
vt 0.224490 0.671053
vt 0.224490 0.671053
vt 0.224490 0.671053
vt 0.224490 0.894737
vt 0.224490 0.894737
vt 0.224490 0.894737
vt 0.163265 0.947368
vt 0.755102 0.500000
vt 0.775510 0.473684
vt 0.775510 0.473684
vt 0.755102 0.500000
vt 0.775510 0.473684
vt 0.755102 0.473684
vt 0.775510 0.473684
vt 0.755102 0.500000
vt 0.755102 0.473684
vt 0.755102 0.473684
vt 0.755102 0.473684
vt 0.755102 0.500000
vt 0.775510 0.473684
vt 0.755102 0.473684
vt 0.755102 0.500000
vt 0.755102 0.473684
vt 0.775510 0.473684
vt 0.755102 0.500000
vt 0.755102 0.500000
vt 0.755102 0.500000
vt 0.775510 0.473684
vt 0.755102 0.473684
vt 0.755102 0.500000
vt 0.755102 0.473684
vt 0.775510 0.473684
vt 0.755102 0.500000
vt 0.755102 0.473684
vt 0.755102 0.473684
vt 0.755102 0.473684
vt 0.755102 0.500000
vt 0.775510 0.473684
vt 0.755102 0.473684
vt 0.775510 0.473684
vt 0.755102 0.500000
vt 0.775510 0.473684
vt 0.775510 0.473684
vt 0.755102 0.473684
vt 0.795918 0.315789
vt 0.795918 0.315789
vt 0.755102 0.473684
vt 0.795918 0.315789
vt 0.755102 0.473684
vt 0.755102 0.473684
vt 0.795918 0.315789
vt 0.714286 0.315789
vt 0.755102 0.315789
vt 0.714286 0.315789
vt 0.744898 0.315789
vt 0.724490 0.315789
vt 0.755102 0.631579
vt 0.734694 0.315789
vt 0.214286 0.802632
vt 0.214286 0.802632
vt 0.214286 0.802632
vt 0.214286 0.802632
vt 0.224490 0.894737
vt 0.224490 0.671053
vt 0.224490 0.671053
vt 0.224490 0.671053
vt 0.224490 0.671053
vt 0.224490 0.894737
vt 0.224490 0.894737
vt 0.224490 0.894737
vt 0.214286 0.802632
vt 0.214286 0.802632
vt 0.214286 0.802632
vt 0.214286 0.802632
vt 0.224490 0.894737
vt 0.224490 0.671053
vt 0.224490 0.671053
vt 0.224490 0.671053
vt 0.224490 0.671053
vt 0.224490 0.894737
vt 0.224490 0.894737
vt 0.224490 0.894737
vt 0.214286 0.802632
vt 0.214286 0.802632
vt 0.214286 0.802632
vt 0.214286 0.802632
vt 0.224490 0.894737
vt 0.224490 0.671053
vt 0.224490 0.671053
vt 0.224490 0.671053
vt 0.224490 0.671053
vt 0.224490 0.894737
vt 0.224490 0.894737
vt 0.224490 0.894737
vt 0.683673 0.473684
vt 0.438776 0.526316
vt 0.438776 0.473684
vt 0.683673 0.526316
vt 0.438776 0.578947
vt 0.683673 0.578947
vt 0.438776 0.631579
vt 0.683673 -0.000000
vt 0.438776 0.052632
vt 0.438776 -0.000000
vt 0.683673 0.052632
vt 0.438776 0.105263
vt 0.683673 0.105263
vt 0.438776 0.157895
vt 0.683673 0.157895
vt 0.438776 0.210526
vt 0.683673 0.210526
vt 0.438776 0.263158
vt 0.683673 0.263158
vt 0.438776 0.315789
vt 0.683673 0.315789
vt 0.438776 0.368421
vt 0.714286 0.256579
vt 0.683673 0.368421
vt 0.438776 0.421053
vt 0.683673 0.421053
vt 0.408163 0.151316
vt 0.408163 0.111842
vt 0.745408 0.011716
vt 0.805612 0.011716
vt 0.805612 0.146179
vt 0.714286 0.164474
vt 0.714286 0.203947
vt 0.714286 0.151316
vt 0.714286 0.098684
vt 0.714286 0.046053
vt 0.714286 0.427632
vt 0.714286 0.467105
vt 0.714286 0.519737
vt 0.683673 0.631579
vt 0.714286 0.585526
vt 0.714286 0.625000
vt 0.714286 0.375000
vt 0.714286 0.414474
vt 0.714286 0.532895
vt 0.714286 0.572368
vt 0.714286 0.322368
vt 0.714286 0.361842
vt 0.714286 0.309211
vt 0.775510 0.159210
vt 0.827649 0.275658
vt 0.723372 0.275658
vt 0.408163 0.059211
vt 0.408163 0.046053
vt 0.408163 0.006579
vt 0.408163 0.467105
vt 0.408163 0.427632
vt 0.408163 0.519737
vt 0.408163 0.480263
vt 0.408163 0.585526
vt 0.408163 0.375000
vt 0.408163 0.532895
vt 0.408163 0.322368
vt 0.408163 0.309211
vt 0.408163 0.269737
vt 0.408163 0.217105
vt 0.408163 0.164474
vt 0.714286 0.217105
vt 0.827649 0.040131
vt 0.835715 0.078947
vt 0.827649 0.117763
vt 0.775510 0.156579
vt 0.745408 0.146179
vt 0.723372 0.117763
vt 0.715306 0.078947
vt 0.723372 0.040131
vt 0.775510 0.001315
vt 0.714286 0.111842
vt 0.714286 0.059211
vt 0.714286 0.006579
vt 0.714286 0.480263
vt 0.714286 0.269737
vt 0.715306 0.236842
vt 0.723372 0.198026
vt 0.745408 0.169611
vt 0.805612 0.169611
vt 0.827649 0.198026
vt 0.835715 0.236842
vt 0.805612 0.304073
vt 0.775510 0.314474
vt 0.745408 0.304073
vt 0.408163 0.098684
vt 0.408163 0.625000
vt 0.408163 0.414474
vt 0.408163 0.572368
vt 0.408163 0.361842
vt 0.408163 0.256579
vt 0.408163 0.203947
vn 0.0000 1.0000 0.0000
vn 0.0000 -0.0000 1.0000
vn 0.0000 0.0000 -1.0000
vn 1.0000 0.0000 0.0000
vn -1.0000 0.0000 0.0000
vn 0.0000 -1.0000 0.0000
vn 0.3620 -0.0000 -0.9322
vn -0.3620 -0.4661 -0.8073
vn -0.3620 -0.0000 -0.9322
vn 0.3620 -0.4661 -0.8073
vn -0.3620 -0.8073 -0.4661
vn 0.3620 -0.8073 -0.4661
vn -0.3620 -0.9322 -0.0000
vn 0.3620 -0.9322 0.0000
vn -0.3620 -0.8073 0.4661
vn 0.3620 -0.8073 0.4661
vn -0.3620 -0.4661 0.8073
vn 0.3620 -0.4661 0.8073
vn -0.3620 0.0000 0.9322
vn 0.3620 -0.0000 0.9322
vn -0.3620 0.4661 0.8073
vn 0.3620 0.4661 0.8073
vn -0.3620 0.8073 0.4661
vn 0.3620 0.8073 0.4661
vn -0.3620 0.9322 0.0000
vn 0.3620 0.9322 -0.0000
vn -0.3620 0.8073 -0.4661
vn 0.9007 0.3762 0.2172
vn 0.3620 0.8073 -0.4661
vn -0.3620 0.4661 -0.8073
vn 0.3620 0.4661 -0.8073
vn -0.9007 -0.0000 0.4344
vn -0.9007 -0.2172 0.3762
vn 0.9007 -0.3762 0.2172
vn 0.9007 -0.3762 -0.2172
vn 0.9007 0.3762 -0.2172
vn 0.9007 -0.0000 0.4344
vn 0.9007 0.2172 0.3762
vn 0.9007 -0.2172 0.3762
vn 0.9007 0.2172 -0.3762
vn 0.9007 -0.0000 -0.4344
vn 0.9007 -0.2172 -0.3762
vn 0.9007 -0.4344 0.0000
vn 0.9007 0.4344 0.0000
vn -0.9007 -0.4344 0.0000
vn -0.9007 0.2172 0.3762
vn -0.9007 0.2172 -0.3762
vn -0.9007 -0.3762 0.2172
vn -0.9007 -0.0000 -0.4344
vn -0.9007 -0.2172 -0.3762
vn -0.9007 -0.3762 -0.2172
vn -0.9007 0.3762 -0.2172
vn -0.9007 0.4344 0.0000
vn -0.9007 0.3762 0.2172
v -0.500000 2.000000 0.500000
v -1.250000 2.000000 -1.250000
v -1.250000 2.000000 1.250000
v 0.500000 2.000000 0.500000
v 1.250000 2.000000 1.250000
v 1.250000 1.500000 -1.250000
v 1.250000 2.000000 -1.250000
v -1.250000 1.500000 1.250000
v -1.250000 1.500000 -1.250000
v 1.250000 1.500000 1.250000
v -0.500000 1.500000 0.500000
v -0.500000 2.000000 -0.500000
v 0.500000 2.000000 -0.500000
v 0.500000 1.500000 0.500000
v 0.500000 1.500000 -0.500000
v -0.500000 1.500000 -0.500000
v 0.500000 2.000000 0.500000
v -0.500000 2.000000 -0.500000
v -0.500000 2.000000 0.500000
v 1.250000 1.000000 -1.250000
v 0.500000 1.000000 -1.250000
v 0.500000 1.250000 -1.250000
v 0.500000 1.250000 -0.500000
v 1.250000 1.500000 -1.250000
v 1.250000 1.500000 -0.250000
v 1.250000 1.250000 -0.500000
v 0.250000 1.500000 -0.500000
v 0.500000 1.000000 -0.500000
v 1.250000 1.000000 -0.500000
v 0.500000 1.500000 -0.500000
v 0.500000 1.500000 -0.250000
v 0.500000 1.500000 -1.250000
v -0.500000 1.500000 -1.750000
v -0.500000 1.500000 -1.250000
v -0.500000 1.000000 -1.250000
v -0.500000 1.000000 -1.750000
v 0.500000 1.500000 -1.750000
v 0.500000 1.000000 -1.750000
v 0.500000 1.000000 -1.250000
v -0.625000 8.000000 2.000000
v -0.875000 8.000000 1.750000
v -0.875000 8.000000 2.000000
v 0.875000 8.000000 2.000000
v 0.625000 8.000000 1.750000
v 0.625000 8.000000 2.000000
v -0.625000 8.000000 1.000000
v -0.875000 8.000000 0.750000
v -0.875000 8.000000 1.000000
v 0.875000 8.000000 1.000000
v 0.625000 8.000000 0.750000
v 0.625000 8.000000 1.000000
v -0.625000 2.000000 0.750000
v -0.625000 2.000000 1.000000
v -0.875000 1.000000 1.750000
v -0.625000 8.000000 1.750000
v -0.625000 1.000000 1.750000
v -0.875000 2.000000 0.750000
v -0.625000 8.000000 0.750000
v 0.625000 1.000000 2.000000
v 0.625000 1.000000 1.750000
v 0.625000 2.000000 1.000000
v 0.625000 2.000000 0.750000
v 0.875000 1.000000 2.000000
v 0.875000 2.000000 1.000000
v 0.875000 1.000000 1.750000
v 0.875000 2.000000 0.750000
v 0.875000 8.000000 1.750000
v -0.875000 1.000000 2.000000
v 0.875000 8.000000 0.750000
v -0.875000 2.000000 1.000000
v -0.625000 1.000000 2.000000
v -0.625000 8.000000 1.875000
v 0.625000 1.000000 1.875000
v 0.625000 8.000000 1.875000
v -0.625000 8.000000 0.875000
v 0.625000 2.000000 0.875000
v -0.625000 2.000000 0.875000
v 0.750000 1.000000 1.750000
v 0.750000 8.000000 1.000000
v 0.750000 8.000000 1.750000
v -0.750000 8.000000 1.000000
v -0.750000 1.000000 1.750000
v -0.750000 8.000000 1.750000
v -0.062500 6.000000 1.625000
v -0.312500 6.000000 1.375000
v -0.312500 6.000000 1.625000
v 0.312500 6.000000 1.625000
v 0.062500 6.000000 1.375000
v 0.062500 6.000000 1.625000
v -0.062500 1.000000 1.375000
v -0.062500 1.000000 1.625000
v -0.312500 1.000000 1.625000
v -0.312500 1.000000 1.375000
v 0.062500 1.000000 1.375000
v 0.312500 6.000000 1.375000
v 0.312500 1.000000 1.375000
v 0.312500 1.000000 1.625000
v 0.062500 1.000000 1.625000
v -0.062500 6.000000 1.375000
v -1.250000 1.000000 1.250000
v -0.500000 1.000000 1.250000
v -0.500000 1.250000 1.250000
v -0.500000 1.250000 0.500000
v -1.250000 1.500000 1.250000
v -1.250000 1.500000 0.250000
v -1.250000 1.250000 0.500000
v -0.250000 1.500000 1.250000
v -0.250000 1.500000 0.500000
v -0.500000 1.000000 0.500000
v -1.250000 1.000000 0.500000
v -0.500000 1.500000 0.500000
v -0.500000 1.500000 0.250000
v -1.250000 1.000000 -1.250000
v -1.250000 1.000000 -0.500000
v -1.250000 1.250000 -0.500000
v -0.500000 1.250000 -0.500000
v -1.250000 1.500000 -1.250000
v -0.250000 1.500000 -1.250000
v -0.500000 1.250000 -1.250000
v -1.250000 1.500000 -0.250000
v -0.500000 1.500000 -0.250000
v -0.500000 1.000000 -0.500000
v -0.500000 1.000000 -1.250000
v -0.500000 1.500000 -0.500000
v -0.250000 1.500000 -0.500000
v 1.250000 1.000000 1.250000
v 1.250000 1.000000 0.500000
v 1.250000 1.250000 0.500000
v 0.500000 1.250000 0.500000
v 1.250000 1.500000 1.250000
v 0.250000 1.500000 1.250000
v 0.500000 1.250000 1.250000
v 0.500000 1.500000 0.250000
v 0.500000 1.000000 0.500000
v 0.500000 1.000000 1.250000
v 0.500000 1.500000 0.500000
v 0.250000 1.500000 0.500000
v 0.625000 1.000000 1.875000
v -0.625000 8.000000 1.875000
v 0.625000 8.000000 1.875000
v 0.625000 2.000000 0.875000
v -0.625000 8.000000 0.875000
v -0.625000 2.000000 0.875000
v 0.750000 8.000000 1.000000
v 0.750000 1.000000 1.750000
v 0.750000 8.000000 1.750000
v -0.750000 1.000000 1.750000
v -0.750000 8.000000 1.000000
v -0.750000 8.000000 1.750000
v 0.500000 2.000000 -0.500000
v 0.250000 1.500000 -1.250000
v -0.625000 1.000000 1.875000
v 0.625000 8.000000 0.875000
v 0.750000 1.000000 1.000000
v -0.750000 1.000000 1.000000
v 1.250000 1.500000 0.250000
v -0.625000 1.000000 1.875000
v 0.625000 8.000000 0.875000
v 0.750000 1.000000 1.000000
v -0.750000 1.000000 1.000000
vt 0.066667 0.655172
vt 0.222222 0.758621
vt 0.000000 0.758621
vt 0.066667 0.517241
vt 0.000000 0.413793
vt 0.222222 0.344828
vt 0.222222 0.413793
vt 0.000000 0.413793
vt 0.222222 0.344828
vt 0.222222 0.413793
vt 0.000000 0.413793
vt 0.222222 0.344828
vt 0.222222 0.413793
vt -0.000000 0.413793
vt 0.222222 0.344828
vt 0.222222 0.413793
vt 0.066667 0.172414
vt 0.155556 0.241379
vt 0.066667 0.241379
vt 0.155556 0.655172
vt 0.155556 0.517241
vt 0.000000 -0.000000
vt 0.066667 0.241379
vt 0.000000 0.344828
vt 0.155556 0.241379
vt 0.155556 0.103448
vt 0.222222 -0.000000
vt 0.066667 0.103448
vt 0.066667 0.517241
vt 0.155556 0.655172
vt 0.066667 0.655172
vt 0.066667 0.172414
vt 0.155556 0.241379
vt 0.066667 0.241379
vt 0.066667 0.172414
vt 0.155556 0.241379
vt 0.066667 0.241379
vt 0.066667 0.172414
vt 0.155556 0.241379
vt 0.066667 0.241379
vt 0.088889 0.758621
vt 0.155556 0.758621
vt 0.155556 0.793103
vt 0.022222 0.827586
vt 0.088889 0.862069
vt 0.022222 0.862069
vt 0.088889 0.827586
vt 0.000000 0.827586
vt 0.022222 0.793103
vt 0.088889 0.896552
vt 0.155556 0.862069
vt 0.088889 0.827586
vt 0.155556 0.827586
vt 0.155556 0.793103
vt 0.177778 0.758621
vt 0.177778 0.793103
vt 0.200000 0.793103
vt 0.088889 0.896552
vt 0.155556 0.896552
vt 0.888889 0.655172
vt 0.933333 0.793103
vt 0.888889 0.793103
vt 0.888889 0.862069
vt 0.933333 0.862069
vt 0.977778 0.793103
vt 0.933333 0.655172
vt 0.977778 0.655172
vt 0.844444 0.655172
vt 0.844444 0.793103
vt 0.933333 0.586207
vt 0.888889 0.586207
vt 0.577778 0.965517
vt 0.600000 1.000000
vt 0.577778 1.000000
vt 0.577778 0.965517
vt 0.600000 1.000000
vt 0.577778 1.000000
vt 0.577778 0.965517
vt 0.600000 1.000000
vt 0.577778 1.000000
vt 0.577778 0.965517
vt 0.600000 1.000000
vt 0.577778 1.000000
vt 0.600000 0.137931
vt 0.577778 0.137931
vt 0.622222 0.000000
vt 0.600000 0.965517
vt 0.600000 0.000000
vt 0.622222 0.137931
vt 0.600000 0.965517
vt 0.644444 0.000000
vt 0.622222 0.965517
vt 0.622222 0.000000
vt 0.644444 0.137931
vt 0.622222 0.965517
vt 0.622222 0.137931
vt 0.666667 0.000000
vt 0.644444 0.965517
vt 0.666667 0.137931
vt 0.644444 0.965517
vt 0.600000 0.000000
vt 0.577778 0.000000
vt 0.600000 0.137931
vt 0.577778 0.137931
vt 0.600000 0.965517
vt 0.644444 0.000000
vt 0.622222 0.965517
vt 0.600000 0.965517
vt 0.644444 0.137931
vt 0.622222 0.965517
vt 0.666667 0.000000
vt 0.644444 0.965517
vt 0.666667 0.137931
vt 0.644444 0.965517
vt 0.577778 0.000000
vt 0.222222 0.965517
vt 0.333333 -0.000000
vt 0.333333 0.965517
vt 0.511111 0.965517
vt 0.400000 0.137931
vt 0.511111 0.137931
vt 0.333333 0.000000
vt 0.400000 0.965517
vt 0.333333 0.965517
vt 0.511111 0.965517
vt 0.577778 0.000000
vt 0.577778 0.965517
vt 0.666667 0.689655
vt 0.688889 0.724138
vt 0.666667 0.724138
vt 0.666667 0.689655
vt 0.688889 0.724138
vt 0.666667 0.724138
vt 0.688889 0.000000
vt 0.666667 0.000000
vt 0.733333 0.000000
vt 0.711111 0.689655
vt 0.711111 0.000000
vt 0.711111 0.000000
vt 0.688889 0.689655
vt 0.688889 0.000000
vt 0.755556 0.000000
vt 0.733333 0.689655
vt 0.733333 0.000000
vt 0.688889 0.689655
vt 0.755556 0.000000
vt 0.733333 0.689655
vt 0.666667 0.000000
vt 0.711111 0.689655
vt 0.088889 0.758621
vt 0.155556 0.758621
vt 0.155556 0.793103
vt 0.022222 0.827586
vt 0.088889 0.862069
vt 0.022222 0.862069
vt 0.088889 0.827586
vt 0.000000 0.827586
vt 0.022222 0.793103
vt 0.022222 0.896552
vt 0.088889 0.896552
vt 0.155556 0.862069
vt 0.088889 0.827586
vt 0.155556 0.827586
vt 0.155556 0.793103
vt 0.177778 0.758621
vt 0.177778 0.793103
vt 0.200000 0.793103
vt 0.088889 0.896552
vt 0.155556 0.896552
vt 0.088889 0.758621
vt 0.155556 0.758621
vt 0.155556 0.793103
vt 0.022222 0.827586
vt 0.088889 0.862069
vt 0.022222 0.862069
vt 0.088889 0.827586
vt 0.000000 0.827586
vt 0.022222 0.793103
vt 0.022222 0.896552
vt 0.088889 0.896552
vt 0.155556 0.862069
vt 0.088889 0.827586
vt 0.155556 0.827586
vt 0.155556 0.793103
vt 0.177778 0.758621
vt 0.177778 0.793103
vt 0.200000 0.793103
vt 0.088889 0.896552
vt 0.155556 0.896552
vt 0.088889 0.758621
vt 0.155556 0.758621
vt 0.155556 0.793103
vt 0.022222 0.827586
vt 0.088889 0.862069
vt 0.022222 0.862069
vt 0.088889 0.827586
vt 0.000000 0.827586
vt 0.022222 0.793103
vt 0.088889 0.896552
vt 0.155556 0.862069
vt 0.088889 0.827586
vt 0.155556 0.827586
vt 0.155556 0.793103
vt 0.177778 0.758621
vt 0.177778 0.793103
vt 0.200000 0.793103
vt 0.088889 0.896552
vt 0.155556 0.896552
vt 0.333333 -0.000000
vt 0.222222 0.965517
vt 0.333333 0.965517
vt 0.400000 0.137931
vt 0.511111 0.965517
vt 0.511111 0.137931
vt 0.400000 0.965517
vt 0.333333 0.000000
vt 0.333333 0.965517
vt 0.577778 0.000000
vt 0.511111 0.965517
vt 0.577778 0.965517
vt 0.000000 0.344828
vt 0.000000 0.344828
vt -0.000000 0.344828
vt 0.155556 0.172414
vt 0.155556 0.517241
vt 0.155556 0.172414
vt 0.155556 0.172414
vt 0.155556 0.172414
vt 0.177778 0.827586
vt 0.022222 0.758621
vt 0.022222 0.896552
vt 0.666667 0.965517
vt 0.666667 0.965517
vt 0.666667 0.965517
vt 0.666667 0.965517
vt 0.222222 0.000000
vt 0.400000 0.965517
vt 0.400000 0.000000
vt 0.511111 0.000000
vt 0.755556 0.689655
vt 0.755556 0.689655
vt 0.177778 0.827586
vt 0.022222 0.758621
vt 0.177778 0.827586
vt 0.022222 0.758621
vt 0.177778 0.827586
vt 0.022222 0.758621
vt 0.022222 0.896552
vt 0.222222 0.000000
vt 0.400000 0.965517
vt 0.400000 0.000000
vt 0.511111 0.000000
vn 0.0000 1.0000 0.0000
vn 1.0000 0.0000 0.0000
vn -1.0000 0.0000 0.0000
vn 0.0000 0.0000 -1.0000
vn 0.0000 0.0000 1.0000
vn 0.0000 -1.0000 0.0000
vn -0.7071 -0.7071 0.0000
vn 0.0000 -0.7071 0.7071
vn 0.7071 -0.7071 0.0000
vn 0.0000 -0.7071 -0.7071
v -0.125000 3.250000 -1.625000
v 0.125000 3.250000 -1.375000
v -0.125000 3.250000 -1.375000
v 0.125000 6.250000 -1.375000
v -0.125000 6.000000 -1.625000
v -0.125000 6.250000 -1.375000
v 0.125000 6.000000 -1.625000
v 0.125000 3.250000 -1.625000
v -0.625000 6.000000 -0.125000
v -0.125000 6.000000 -0.375000
v -0.375000 6.000000 -0.125000
v -0.125000 6.250000 -0.625000
v -0.125000 6.000000 -0.625000
v 0.125000 6.250000 -1.375000
v 0.125000 6.000000 -0.625000
v 0.125000 6.000000 -1.375000
v -0.125000 6.250000 -1.375000
v 0.125000 6.250000 -0.625000
v -0.125000 6.000000 -1.375000
v 0.375000 6.250000 0.375000
v 0.625000 6.000000 0.125000
v 0.625000 6.250000 0.125000
v 0.375000 6.000000 -0.125000
v 0.375000 6.000000 0.375000
v 0.625000 6.250000 -0.125000
v 0.625000 6.000000 -0.125000
v 0.375000 6.250000 -0.125000
v -0.375000 6.250000 -0.125000
v -0.625000 6.250000 -0.125000
v -0.625000 6.250000 0.125000
v -0.375000 6.000000 0.375000
v -0.375000 6.250000 0.375000
v -0.625000 6.000000 0.125000
v -0.125000 6.250000 -0.375000
v 0.125000 6.000000 -0.375000
v 0.125000 6.250000 -0.375000
v 0.000000 6.000000 -0.625000
v 0.000000 5.500000 -1.375000
v 0.000000 6.250000 -0.625000
v 0.000000 4.250000 -0.625000
v 0.000000 4.750000 -1.375000
v 0.000000 5.000000 -1.375000
v 0.125000 4.000000 -0.625000
v -0.125000 4.000000 -0.375000
v -0.125000 4.000000 -0.625000
v -0.125000 4.250000 -0.375000
v 0.125000 4.000000 -0.375000
v 0.125000 4.250000 -0.375000
v -0.625000 4.000000 -0.125000
v -0.625000 4.250000 0.125000
v -0.625000 4.250000 -0.125000
v -0.375000 4.250000 -0.125000
v -0.375000 4.250000 0.375000
v -0.375000 4.000000 0.375000
v -0.375000 4.000000 -0.125000
v -0.625000 4.000000 0.125000
v -0.125000 4.250000 -0.625000
v 0.375000 4.000000 -0.125000
v 0.375000 4.250000 0.375000
v 0.375000 4.250000 -0.125000
v 0.625000 4.250000 0.125000
v 0.625000 4.250000 -0.125000
v 0.625000 4.000000 0.125000
v 0.625000 4.000000 -0.125000
v 0.375000 4.000000 0.375000
v 0.125000 4.000000 -1.375000
v -0.125000 4.000000 -1.375000
v -0.125000 4.250000 -1.375000
v 0.125000 4.250000 -0.625000
v 0.125000 4.250000 -1.375000
v 0.000000 5.500000 -1.375000
v 0.000000 6.000000 -0.625000
v 0.000000 6.250000 -0.625000
v 0.000000 4.750000 -1.375000
v 0.000000 4.250000 -0.625000
v 0.000000 5.000000 -1.375000
v 0.000000 5.250000 -1.375000
v 0.000000 4.000000 -0.625000
v 0.000000 5.250000 -1.375000
v 0.000000 4.000000 -0.625000
vt 0.800000 0.448276
vt 0.777778 0.413793
vt 0.800000 0.413793
vt 0.777778 0.862069
vt 0.800000 0.827586
vt 0.800000 0.862069
vt 0.777778 0.827586
vt 0.777778 0.448276
vt 0.844444 0.448276
vt 0.822222 0.862069
vt 0.822222 0.448276
vt 0.755556 0.448276
vt 0.755556 0.862069
vt 0.866667 0.172414
vt 0.911111 0.137931
vt 0.888889 0.172414
vt 1.000000 0.172414
vt 0.977778 0.103448
vt 1.000000 0.103448
vt 0.866667 -0.000000
vt 0.844444 0.103448
vt 0.844444 -0.000000
vt 0.933333 0.000000
vt 0.911111 0.103448
vt 0.911111 0.000000
vt 1.000000 -0.000000
vt 0.977778 -0.000000
vt 0.933333 -0.000000
vt 0.911111 0.103448
vt 0.911111 -0.000000
vt 0.866667 0.241379
vt 0.844444 0.206897
vt 0.866667 0.206897
vt 0.955556 0.172414
vt 0.977778 0.206897
vt 0.955556 0.241379
vt 0.866667 0.172414
vt 0.844444 0.172414
vt 0.888889 0.172414
vt 0.844444 0.310345
vt 0.866667 0.310345
vt 0.955556 0.172414
vt 0.933333 0.103448
vt 0.977778 0.172414
vt 0.977778 0.206897
vt 1.000000 0.241379
vt 0.977778 0.241379
vt 0.866667 0.206897
vt 0.977778 0.310345
vt 1.000000 0.310345
vt 0.955556 0.241379
vt 0.933333 0.137931
vt 0.911111 0.172414
vt 0.911111 0.137931
vt 0.933333 0.103448
vt 1.000000 0.344828
vt 0.866667 0.344828
vt 0.866667 0.103448
vt 0.933333 0.137931
vt 0.977778 0.172414
vt 0.444444 0.000000
vt 0.511111 0.034483
vt 0.444444 0.034483
vt 0.444444 0.034483
vt 0.511111 0.000000
vt 0.511111 0.034483
vt 0.933333 0.103448
vt 0.911111 0.137931
vt 0.911111 0.103448
vt 0.933333 0.137931
vt 0.911111 0.172414
vt 0.911111 0.137931
vt 1.000000 0.172414
vt 0.977778 0.206897
vt 0.977778 0.172414
vt 0.955556 0.172414
vt 0.955556 0.241379
vt 0.977778 0.310345
vt 1.000000 0.241379
vt 1.000000 0.310345
vt 0.888889 0.172414
vt 0.866667 0.206897
vt 0.866667 0.172414
vt 0.977778 0.241379
vt 0.933333 0.103448
vt 0.844444 0.310345
vt 0.866667 0.241379
vt 0.866667 0.310345
vt 0.888889 0.172414
vt 0.866667 0.206897
vt 0.866667 0.172414
vt 0.844444 0.206897
vt 0.844444 0.172414
vt 0.955556 0.172414
vt 0.977778 0.206897
vt 0.955556 0.241379
vt 0.933333 -0.000000
vt 0.911111 -0.000000
vt 1.000000 -0.000000
vt 0.977778 0.103448
vt 0.977778 -0.000000
vt 0.933333 0.000000
vt 0.911111 0.103448
vt 0.911111 0.000000
vt 0.866667 -0.000000
vt 0.844444 0.103448
vt 0.844444 -0.000000
vt 1.000000 0.103448
vt 0.511111 0.034483
vt 0.444444 0.000000
vt 0.444444 0.034483
vt 0.511111 0.000000
vt 0.444444 0.034483
vt 0.511111 0.034483
vt 1.000000 0.344828
vt 0.866667 0.344828
vt 0.866667 0.103448
vt 0.933333 0.137931
vt 0.977778 0.172414
vt 0.844444 0.862069
vt 0.844444 0.241379
vt 0.888889 0.241379
vt 1.000000 0.206897
vt 0.888889 0.241379
vt 0.933333 0.172414
vt 0.977778 0.344828
vt 0.844444 0.344828
vt 0.511111 0.000000
vt 0.444444 -0.000000
vt 0.933333 0.172414
vt 1.000000 0.206897
vt 0.888889 0.241379
vt 0.844444 0.241379
vt 0.888889 0.241379
vt 0.511111 0.000000
vt 0.444444 -0.000000
vt 0.977778 0.344828
vt 0.844444 0.344828
vn 0.0000 -1.0000 0.0000
vn 0.0000 0.7071 -0.7071
vn 0.0000 0.0000 -1.0000
vn 0.0000 -0.0000 1.0000
vn 1.0000 0.0000 0.0000
vn -1.0000 0.0000 0.0000
vn -0.7071 0.0000 -0.7071
vn 0.0000 1.0000 0.0000
vn 0.7071 0.0000 0.7071
vn -0.7071 0.0000 0.7071
vn 0.7071 0.0000 -0.7071
v 0.125000 3.250000 -1.375000
v -0.125000 3.250000 -1.625000
v -0.125000 3.250000 -1.375000
v 0.125000 1.250000 -1.625000
v 0.125000 1.250000 -1.375000
v -0.125000 1.250000 -1.375000
v -0.125000 1.250000 -1.625000
v 0.125000 3.250000 -1.625000
v -0.062500 3.250000 -1.562500
v 0.062500 4.250000 -1.562500
v 0.062500 3.250000 -1.562500
v 0.062500 3.250000 -1.437500
v -0.062500 4.250000 -1.437500
v -0.062500 3.250000 -1.437500
v 0.062500 4.250000 -1.437500
v -0.062500 4.250000 -1.562500
vt 0.755556 0.310345
vt 0.777778 0.275862
vt 0.777778 0.310345
vt 0.844444 -0.000000
vt 0.822222 0.275862
vt 0.822222 -0.000000
vt 0.800000 -0.000000
vt 0.777778 -0.000000
vt 0.755556 0.275862
vt 0.755556 -0.000000
vt 0.800000 0.275862
vt 0.788889 0.275862
vt 0.777778 0.413793
vt 0.777778 0.275862
vt 0.811111 0.275862
vt 0.800000 0.413793
vt 0.800000 0.275862
vt 0.822222 0.275862
vt 0.811111 0.413793
vt 0.788889 0.413793
vt 0.844444 0.275862
vt 0.822222 0.413793
vn 0.0000 1.0000 0.0000
vn 1.0000 0.0000 0.0000
vn -1.0000 0.0000 0.0000
vn 0.0000 0.0000 -1.0000
vn 0.0000 -0.0000 1.0000
v -0.187500 5.250000 0.125000
v -0.275888 5.213388 1.375000
v -0.187500 5.250000 1.375000
v -0.099112 5.213388 0.125000
v -0.099112 5.213388 1.375000
v -0.099112 5.036612 0.125000
v -0.062500 5.125000 1.375000
v -0.099112 5.036612 1.375000
v -0.275888 5.036612 0.125000
v -0.187500 5.000000 1.375000
v -0.275888 5.036612 1.375000
v -0.275888 5.213388 0.125000
v -0.312500 5.125000 1.375000
v -0.062500 5.125000 0.125000
v -0.187500 5.000000 0.125000
v -0.312500 5.125000 0.125000
v 0.187500 4.250000 0.125000
v 0.099112 4.213388 1.375000
v 0.187500 4.250000 1.375000
v 0.275888 4.213388 0.125000
v 0.275888 4.213388 1.375000
v 0.275888 4.036612 0.125000
v 0.312500 4.125000 1.375000
v 0.275888 4.036612 1.375000
v 0.099112 4.036612 0.125000
v 0.187500 4.000000 1.375000
v 0.099112 4.036612 1.375000
v 0.099112 4.213388 0.125000
v 0.062500 4.125000 1.375000
v 0.312500 4.125000 0.125000
v 0.187500 4.000000 0.125000
v 0.062500 4.125000 0.125000
vt 0.711111 0.896552
vt 0.700000 0.724138
vt 0.711111 0.724138
vt 0.722222 0.896552
vt 0.722222 0.724138
vt 0.744444 0.896552
vt 0.733333 0.724138
vt 0.744444 0.724138
vt 0.677778 0.896552
vt 0.666667 0.724138
vt 0.677778 0.724138
vt 0.700000 0.896552
vt 0.688889 0.724138
vt 0.733333 0.896552
vt 0.755556 0.896552
vt 0.755556 0.724138
vt 0.688889 0.896552
vt 0.711111 0.896552
vt 0.700000 0.724138
vt 0.711111 0.724138
vt 0.722222 0.896552
vt 0.722222 0.724138
vt 0.744444 0.896552
vt 0.733333 0.724138
vt 0.744444 0.724138
vt 0.677778 0.896552
vt 0.666667 0.724138
vt 0.677778 0.724138
vt 0.700000 0.896552
vt 0.688889 0.724138
vt 0.733333 0.896552
vt 0.755556 0.896552
vt 0.755556 0.724138
vt 0.688889 0.896552
vt 0.666667 0.896552
vt 0.666667 0.896552
vn -0.0000 1.0000 0.0000
vn -0.7071 0.7071 0.0000
vn 0.7071 0.7071 0.0000
vn 0.7071 -0.7071 0.0000
vn 1.0000 0.0000 0.0000
vn -0.7071 -0.7071 0.0000
vn 0.0000 -1.0000 0.0000
vn -1.0000 -0.0000 0.0000
v 0.250000 3.500000 -3.250000
v 0.750000 3.500000 -2.750000
v 0.250000 3.500000 -2.750000
v -0.750000 3.500000 -3.250000
v -0.250000 3.500000 -2.750000
v -0.750000 3.500000 -2.750000
v 0.750000 10.000000 -2.750000
v 0.250000 10.000000 -3.250000
v 0.250000 10.000000 -2.750000
v -0.250000 10.000000 -2.750000
v -0.750000 10.000000 -3.250000
v -0.750000 10.000000 -2.750000
v -0.250000 3.500000 -3.250000
v -0.250000 10.000000 -3.250000
v 0.750000 3.500000 -3.250000
v 0.750000 10.000000 -3.250000
v 0.250000 9.000000 -3.500000
v -0.250000 9.000000 -1.000000
v 0.250000 9.000000 -1.000000
v -0.250000 8.500000 -1.000000
v 0.250000 8.500000 -3.500000
v 0.250000 8.500000 -1.000000
v 0.375000 9.125000 -1.000000
v -0.250000 9.000000 -3.500000
v -0.250000 8.500000 -3.500000
v -0.375000 8.375000 -1.000000
v -0.375000 9.125000 -0.750000
v -0.375000 9.125000 -1.000000
v 0.375000 8.375000 -1.000000
v 0.375000 8.375000 -0.750000
v 0.375000 9.125000 -0.750000
v -0.375000 8.375000 -0.750000
v 0.375000 3.875000 -1.000000
v -0.375000 3.875000 -0.750000
v -0.375000 3.875000 -1.000000
v 0.375000 4.625000 -1.000000
v 0.375000 3.875000 -0.750000
v -0.375000 4.625000 -1.000000
v 0.375000 4.625000 -0.750000
v -0.375000 4.625000 -0.750000
v 0.250000 4.000000 -1.000000
v -0.250000 4.000000 -1.000000
v 0.250000 4.500000 -1.000000
v -0.250000 4.500000 -1.000000
v 0.250000 4.000000 -3.500000
v 0.250000 4.500000 -3.500000
v -0.250000 4.000000 -3.500000
v -0.250000 4.500000 -3.500000
v 0.750000 6.500000 -1.250000
v 0.250000 6.500000 -2.750000
v 0.750000 6.500000 -2.750000
v -0.250000 7.000000 -1.250000
v -0.250000 6.500000 -2.750000
v -0.250000 7.000000 -2.750000
v 0.250000 7.000000 -2.750000
v 0.750000 7.000000 -1.250000
v 0.750000 7.000000 -2.750000
v 0.250000 6.500000 -1.250000
v -0.750000 6.500000 -1.250000
v -0.750000 7.000000 -2.750000
v -0.750000 6.500000 -2.750000
v -0.250000 6.500000 -1.250000
v -0.750000 7.000000 -1.250000
v 0.750000 6.500000 -1.250000
v -0.750000 6.500000 -1.250000
v 0.750000 6.500000 -0.750000
v -0.750000 7.000000 -0.750000
v -0.750000 6.500000 -0.750000
v 0.750000 7.000000 -0.750000
v 0.750000 7.000000 -1.250000
v 1.250000 7.000000 0.750000
v 1.250000 7.000000 -0.750000
v -1.250000 6.500000 0.750000
v -1.250000 6.500000 -0.750000
v 1.250000 6.500000 -0.750000
v -1.250000 7.000000 -0.750000
v 0.750000 6.500000 0.750000
v 0.750000 7.000000 0.750000
v -0.750000 7.000000 0.750000
v -0.750000 6.500000 0.750000
v -1.250000 7.000000 0.750000
v 1.250000 6.500000 0.750000
v 0.250000 7.000000 -1.250000
v -0.750000 7.000000 -1.250000
vt 0.820513 0.269663
vt 0.794872 0.224719
vt 0.820513 0.224719
vt 0.820513 0.269663
vt 0.794872 0.224719
vt 0.820513 0.224719
vt 0.794872 0.898876
vt 0.820513 0.853933
vt 0.820513 0.898876
vt 0.794872 0.898876
vt 0.820513 0.853933
vt 0.820513 0.898876
vt 0.897436 0.269663
vt 0.871795 0.853933
vt 0.871795 0.269663
vt 0.794872 0.853933
vt 0.794872 0.269663
vt 0.897436 0.269663
vt 0.871795 0.853933
vt 0.871795 0.269663
vt 0.794872 0.853933
vt 0.794872 0.269663
vt 0.846154 0.269663
vt 0.846154 0.853933
vt 0.846154 0.269663
vt 0.846154 0.853933
vt 0.544872 0.921348
vt 0.416667 0.966292
vt 0.416667 0.921348
vt 0.416667 0.921348
vt 0.544872 0.966292
vt 0.416667 0.966292
vt 0.410256 0.910112
vt 0.544872 0.921348
vt 0.416667 0.966292
vt 0.416667 0.921348
vt 0.570513 0.966292
vt 0.544872 0.966292
vt 0.416667 0.966292
vt 0.544872 0.921348
vt 0.544872 0.966292
vt 0.410256 0.977528
vt 0.397436 0.910112
vt 0.410256 0.910112
vt 0.410256 0.910112
vt 0.416667 0.921348
vt 0.410256 0.910112
vt 0.397436 0.977528
vt 0.358974 0.910112
vt 0.397436 0.910112
vt 0.410256 0.977528
vt 0.410256 0.977528
vt 0.397436 0.910112
vt 0.410256 0.977528
vt 0.397436 0.910112
vt 0.410256 0.977528
vt 0.397436 0.910112
vt 0.410256 0.910112
vt 0.410256 0.977528
vt 0.397436 0.910112
vt 0.410256 0.910112
vt 0.410256 0.977528
vt 0.397436 0.910112
vt 0.410256 0.910112
vt 0.397436 0.977528
vt 0.358974 0.910112
vt 0.416667 0.966292
vt 0.416667 0.921348
vt 0.416667 0.966292
vt 0.416667 0.921348
vt 0.416667 0.966292
vt 0.410256 0.910112
vt 0.416667 0.921348
vt 0.410256 0.977528
vt 0.397436 0.910112
vt 0.544872 0.921348
vt 0.544872 0.966292
vt 0.544872 0.921348
vt 0.570513 0.966292
vt 0.544872 0.966292
vt 0.544872 0.921348
vt 0.416667 0.966292
vt 0.416667 0.921348
vt 0.544872 0.966292
vt 1.000000 0.134831
vt 0.974359 -0.000000
vt 1.000000 -0.000000
vt 0.923077 0.134831
vt 0.897436 -0.000000
vt 0.923077 0.000000
vt 0.948718 -0.000000
vt 0.923077 0.134831
vt 0.923077 0.000000
vt 0.974359 0.134831
vt 0.974359 0.134831
vt 0.948718 -0.000000
vt 0.974359 -0.000000
vt 1.000000 0.134831
vt 1.000000 -0.000000
vt 0.897436 -0.000000
vt 0.948718 0.494382
vt 0.974359 0.359551
vt 0.974359 0.494382
vt 0.897436 0.359551
vt 0.923077 0.494382
vt 0.897436 0.494382
vt 0.923077 0.359551
vt 0.948718 0.359551
vt 0.923077 0.314607
vt 0.948718 0.179775
vt 0.948718 0.314607
vt 1.000000 0.494382
vt 1.000000 0.539326
vt 0.974359 0.674157
vt 0.974359 0.539326
vt 1.000000 0.359551
vt 1.000000 0.314607
vt 0.923077 0.314607
vt 1.000000 0.539326
vt 0.923077 0.539326
vt 0.974359 0.134831
vt 0.948718 0.134831
vt 0.948718 0.719101
vt 0.974359 0.719101
vt 0.897436 0.314607
vt 0.923077 0.179775
vt 0.948718 0.539326
vt 0.923077 0.674157
vt 0.923077 0.539326
vt 0.948718 0.674157
vt 0.974359 0.314607
vt 1.000000 0.179775
vt 1.000000 0.314607
vt 0.974359 0.179775
vt 0.897436 0.674157
vt 0.897436 0.539326
vt 0.897436 0.853933
vt 0.897436 0.853933
vt 0.544872 0.921348
vt 0.544872 0.966292
vt 0.570513 0.921348
vt 0.397436 0.977528
vt 0.358974 0.977528
vt 0.397436 0.977528
vt 0.397436 0.977528
vt 0.397436 0.977528
vt 0.397436 0.977528
vt 0.358974 0.977528
vt 0.397436 0.977528
vt 0.570513 0.921348
vt 0.544872 0.966292
vt 0.544872 0.921348
vt 0.897436 0.134831
vt 0.948718 0.134831
vt 0.948718 0.134831
vt 0.897436 0.134831
vt 1.000000 0.674157
vt 0.897436 0.179775
vn 0.0000 -1.0000 0.0000
vn 0.0000 1.0000 0.0000
vn 1.0000 0.0000 0.0000
vn 0.0000 0.0000 -1.0000
vn -1.0000 0.0000 0.0000
vn 0.0000 -0.0000 1.0000
vn 0.7071 0.0000 -0.7071
vn -0.7071 0.0000 -0.7071
v 0.750000 3.500000 -2.750000
v 0.250000 3.500000 -3.250000
v 0.250000 3.500000 -2.750000
v 0.750000 1.500000 -3.250000
v 0.750000 1.500000 -2.750000
v 0.250000 1.500000 -3.250000
v 0.750000 3.500000 -3.250000
v 0.250000 1.500000 -2.750000
v -0.250000 3.500000 -2.750000
v -0.750000 3.500000 -3.250000
v -0.750000 3.500000 -2.750000
v -0.250000 1.500000 -3.250000
v -0.250000 1.500000 -2.750000
v -0.750000 1.500000 -3.250000
v -0.250000 3.500000 -3.250000
v -0.750000 1.500000 -2.750000
v 0.312500 4.500000 -3.187500
v 0.687500 3.500000 -3.187500
v 0.312500 3.500000 -3.187500
v 0.687500 4.500000 -2.812500
v 0.312500 3.500000 -2.812500
v 0.687500 3.500000 -2.812500
v 0.687500 4.500000 -3.187500
v 0.312500 4.500000 -2.812500
v -0.687500 4.500000 -3.187500
v -0.312500 3.500000 -3.187500
v -0.687500 3.500000 -3.187500
v -0.312500 4.500000 -2.812500
v -0.687500 3.500000 -2.812500
v -0.312500 3.500000 -2.812500
v -0.312500 4.500000 -3.187500
v -0.687500 4.500000 -2.812500
vt 0.794872 0.224719
vt 0.820513 0.179775
vt 0.820513 0.224719
vt 0.897436 0.000000
vt 0.871795 0.179775
vt 0.871795 0.000000
vt 0.820513 0.000000
vt 0.794872 0.179775
vt 0.794872 0.000000
vt 0.846154 0.000000
vt 0.846154 0.179775
vt 0.794872 0.224719
vt 0.820513 0.179775
vt 0.820513 0.224719
vt 0.897436 0.000000
vt 0.871795 0.179775
vt 0.871795 0.000000
vt 0.820513 0.000000
vt 0.794872 0.179775
vt 0.794872 0.000000
vt 0.846154 0.000000
vt 0.846154 0.179775
vt 0.839744 0.269663
vt 0.820513 0.179775
vt 0.839744 0.179775
vt 0.878205 0.269663
vt 0.858974 0.179775
vt 0.878205 0.179775
vt 0.897436 0.269663
vt 0.897436 0.179775
vt 0.858974 0.269663
vt 0.839744 0.269663
vt 0.820513 0.179775
vt 0.839744 0.179775
vt 0.878205 0.269663
vt 0.858974 0.179775
vt 0.878205 0.179775
vt 0.897436 0.269663
vt 0.897436 0.179775
vt 0.858974 0.269663
vt 0.897436 0.179775
vt 0.897436 0.179775
vt 0.820513 0.269663
vt 0.820513 0.269663
vn 0.0000 1.0000 0.0000
vn 1.0000 0.0000 0.0000
vn 0.0000 0.0000 -1.0000
vn -1.0000 0.0000 0.0000
vn 0.0000 -0.0000 1.0000
v -0.250000 8.500000 2.500000
v 0.250000 8.500000 0.250000
v 0.250000 8.500000 2.500000
v 0.250000 9.000000 0.250000
v 0.250000 9.000000 2.500000
v -0.250000 9.000000 2.500000
v -0.250000 8.500000 0.250000
v -0.250000 9.000000 0.250000
v 0.000000 10.812500 0.500000
v 0.000000 10.875000 0.000000
v 0.000000 11.000000 0.000000
v 0.000000 10.875000 2.500000
v 0.000000 10.812500 2.000000
v 0.000000 11.000000 2.500000
v 0.000000 10.687500 2.000000
v 0.000000 10.750000 1.500000
v 0.000000 10.625000 1.500000
v 0.000000 10.750000 1.000000
v 0.000000 10.687500 0.500000
v 0.000000 10.812500 0.500000
v 0.000000 10.875000 0.000000
v 0.000000 10.687500 0.500000
v 0.000000 10.812500 2.000000
v 0.000000 10.875000 2.500000
v 0.000000 11.000000 2.500000
v 0.000000 10.750000 1.500000
v 0.000000 10.687500 2.000000
v 0.000000 10.750000 1.000000
v 0.000000 10.625000 1.500000
v 0.000000 10.625000 1.000000
v 0.000000 10.625000 1.000000
v 0.000000 11.000000 0.000000
v 1.000000 7.625000 0.000000
v 0.625000 7.661612 -0.088388
v 1.000000 7.661612 -0.088388
v 1.000000 7.838388 -0.088388
v 0.625000 7.875000 0.000000
v 1.000000 7.875000 0.000000
v 0.625000 7.750000 -0.125000
v 1.000000 7.750000 -0.125000
v 1.000000 7.838388 0.088388
v 0.625000 7.750000 0.125000
v 1.000000 7.750000 0.125000
v 1.000000 7.661612 0.088388
v 0.625000 7.625000 0.000000
v 0.625000 7.661612 0.088388
v 0.625000 7.838388 0.088388
v 0.625000 7.838388 -0.088388
v 1.025888 7.661612 0.099112
v 1.036612 7.661612 0.125000
v 1.025888 7.838388 0.099112
v 1.036612 7.838388 0.125000
v 1.150888 7.838388 -0.025888
v 1.088388 7.875000 0.036612
v 1.150888 7.661612 -0.025888
v 1.176777 7.750000 -0.051777
v 1.088388 7.625000 0.036612
v 1.213388 7.838388 0.125000
v 1.213388 7.661612 0.125000
v 1.125000 7.875000 0.125000
v 1.250000 7.750000 0.125000
v 1.125000 7.625000 0.125000
v 1.213388 7.838388 2.875000
v 1.125000 7.875000 2.875000
v 1.213388 7.661612 2.875000
v 1.250000 7.750000 2.875000
v 1.036612 7.838388 2.875000
v 1.000000 7.750000 2.875000
v 1.036612 7.661612 2.875000
v 1.125000 7.625000 2.875000
v 1.025888 7.661612 2.900888
v 1.000000 7.661612 2.911612
v 1.025888 7.838388 2.900888
v 1.000000 7.838388 2.911612
v 1.088388 7.875000 2.963388
v 1.150888 7.838388 3.025888
v 1.176777 7.750000 3.051777
v 1.150888 7.661612 3.025888
v 1.088388 7.625000 2.963388
v 1.000000 7.661612 3.088388
v 1.000000 7.625000 3.000000
v 1.000000 7.838388 3.088388
v 1.000000 7.875000 3.000000
v 1.000000 7.750000 3.125000
v 1.176777 5.500000 3.051777
v 1.000000 5.588388 3.088388
v 1.000000 5.500000 3.125000
v 1.000000 5.625000 3.000000
v 1.025888 5.588388 2.900888
v 1.000000 5.588388 2.911612
v 1.000000 5.411612 2.911612
v 1.088388 5.375000 2.963388
v 1.000000 5.375000 3.000000
v 1.000000 5.411612 3.088388
v 1.088388 5.625000 2.963388
v 1.213388 5.411612 2.875000
v 1.150888 5.411612 3.025888
v 1.213388 5.588388 2.875000
v 1.150888 5.588388 3.025888
v 1.125000 5.625000 2.875000
v 1.025888 5.411612 2.900888
v 1.125000 5.375000 2.875000
v 1.000000 5.500000 2.875000
v 1.036612 5.588388 2.875000
v 1.036612 5.411612 2.875000
v 1.213388 5.411612 0.125000
v 1.250000 5.500000 2.875000
v 1.213388 5.588388 0.125000
v 1.036612 5.588388 0.125000
v 1.036612 5.411612 0.125000
v 1.125000 5.375000 0.125000
v 1.000000 5.500000 0.125000
v 1.250000 5.500000 0.125000
v 1.125000 5.625000 0.125000
v 1.088388 5.375000 0.036612
v 1.176777 5.500000 -0.051777
v 1.088388 5.625000 0.036612
v 1.150888 5.411612 -0.025888
v 1.150888 5.588388 -0.025888
v 1.025888 5.588388 0.099112
v 1.000000 5.375000 0.000000
v 1.000000 5.411612 -0.088388
v 1.000000 5.500000 -0.125000
v 1.000000 5.588388 -0.088388
v 1.000000 5.588388 0.088388
v 1.025888 5.411612 0.099112
v 1.000000 5.625000 0.000000
v 1.000000 5.411612 0.088388
v 0.625000 5.588388 -0.088388
v 0.625000 5.588388 0.088388
v 0.625000 5.411612 0.088388
v 0.625000 5.375000 0.000000
v 0.625000 5.500000 0.125000
v 0.625000 5.500000 -0.125000
v 0.625000 5.625000 0.000000
v 0.625000 5.411612 -0.088388
vt 0.692308 0.449438
vt 0.666667 0.651685
vt 0.666667 0.449438
vt 0.769231 0.449438
vt 0.743590 0.651685
vt 0.743590 0.449438
vt 0.717949 0.449438
vt 0.692308 0.651685
vt 0.717949 0.651685
vt 0.461538 0.910112
vt 0.487179 0.898876
vt 0.487179 0.910112
vt 0.358974 0.898876
vt 0.384615 0.910112
vt 0.358974 0.910112
vt 0.384615 0.898876
vt 0.410256 0.910112
vt 0.410256 0.898876
vt 0.435897 0.910112
vt 0.461538 0.898876
vt 0.461538 0.910112
vt 0.487179 0.898876
vt 0.461538 0.898876
vt 0.384615 0.910112
vt 0.358974 0.898876
vt 0.358974 0.910112
vt 0.410256 0.910112
vt 0.384615 0.898876
vt 0.435897 0.910112
vt 0.410256 0.898876
vt 0.435897 0.898876
vt 0.769231 0.651685
vt 0.435897 0.898876
vt 0.487179 0.910112
vt 0.705128 0.966292
vt 0.698718 1.000000
vt 0.698718 0.966292
vt 0.685897 0.966292
vt 0.679487 1.000000
vt 0.679487 0.966292
vt 0.692308 1.000000
vt 0.692308 0.966292
vt 0.673077 0.966292
vt 0.666667 1.000000
vt 0.666667 0.966292
vt 0.711538 0.966292
vt 0.705128 1.000000
vt 0.717949 0.966292
vt 0.711538 1.000000
vt 0.673077 1.000000
vt 0.685897 1.000000
vt 0.711538 0.949438
vt 0.717949 0.949438
vt 0.711538 0.955056
vt 0.711538 0.943820
vt 0.673077 0.949438
vt 0.673077 0.955056
vt 0.666667 0.949438
vt 0.673077 0.943820
vt 0.685897 0.949438
vt 0.679487 0.960674
vt 0.679487 0.949438
vt 0.698718 0.949438
vt 0.692308 0.949438
vt 0.705128 0.960674
vt 0.705128 0.949438
vt 0.685897 0.932584
vt 0.698718 0.932584
vt 0.679487 0.938202
vt 0.692308 0.932584
vt 0.705128 0.938202
vt 0.685897 0.685393
vt 0.679487 0.932584
vt 0.679487 0.685393
vt 0.698718 0.685393
vt 0.692308 0.685393
vt 0.673077 0.685393
vt 0.666667 0.932584
vt 0.666667 0.685393
vt 0.711538 0.685393
vt 0.705128 0.932584
vt 0.705128 0.685393
vt 0.717949 0.685393
vt 0.711538 0.932584
vt 0.673077 0.932584
vt 0.711538 0.668539
vt 0.717949 0.668539
vt 0.711538 0.674157
vt 0.711538 0.662921
vt 0.673077 0.668539
vt 0.673077 0.674157
vt 0.666667 0.668539
vt 0.673077 0.662921
vt 0.679487 0.668539
vt 0.685897 0.668539
vt 0.692308 0.668539
vt 0.698718 0.668539
vt 0.705128 0.679775
vt 0.705128 0.668539
vt 0.679487 0.679775
vt 0.698718 0.651685
vt 0.705128 0.657303
vt 0.685897 0.651685
vt 0.679487 0.657303
vt 0.692308 0.651685
vt 0.692308 0.668539
vt 0.685897 0.651685
vt 0.692308 0.651685
vt 0.679487 0.657303
vt 0.673077 0.668539
vt 0.673077 0.662921
vt 0.711538 0.662921
vt 0.705128 0.668539
vt 0.705128 0.657303
vt 0.698718 0.651685
vt 0.679487 0.668539
vt 0.698718 0.685393
vt 0.698718 0.668539
vt 0.685897 0.685393
vt 0.685897 0.668539
vt 0.679487 0.679775
vt 0.711538 0.668539
vt 0.705128 0.679775
vt 0.666667 0.668539
vt 0.673077 0.674157
vt 0.717949 0.668539
vt 0.711538 0.674157
vt 0.705128 0.685393
vt 0.698718 0.932584
vt 0.692308 0.685393
vt 0.685897 0.932584
vt 0.679487 0.685393
vt 0.673077 0.932584
vt 0.673077 0.685393
vt 0.717949 0.685393
vt 0.711538 0.932584
vt 0.711538 0.685393
vt 0.705128 0.932584
vt 0.666667 0.932584
vt 0.666667 0.685393
vt 0.692308 0.932584
vt 0.679487 0.932584
vt 0.711538 0.943820
vt 0.705128 0.949438
vt 0.705128 0.938202
vt 0.692308 0.949438
vt 0.679487 0.949438
vt 0.679487 0.938202
vt 0.698718 0.949438
vt 0.685897 0.949438
vt 0.673077 0.943820
vt 0.673077 0.949438
vt 0.705128 0.960674
vt 0.698718 0.966292
vt 0.692308 0.966292
vt 0.685897 0.966292
vt 0.673077 0.955056
vt 0.711538 0.949438
vt 0.679487 0.960674
vt 0.666667 0.949438
vt 0.717949 0.949438
vt 0.711538 0.955056
vt 0.685897 1.000000
vt 0.679487 0.966292
vt 0.673077 1.000000
vt 0.673077 0.966292
vt 0.717949 0.966292
vt 0.711538 1.000000
vt 0.711538 0.966292
vt 0.705128 1.000000
vt 0.705128 0.966292
vt 0.666667 1.000000
vt 0.666667 0.966292
vt 0.692308 1.000000
vt 0.679487 1.000000
vt 0.698718 1.000000
vt 0.717949 1.000000
vt 0.717949 0.932584
vt 0.717949 0.932584
vt 0.717949 1.000000
vn 0.0000 -1.0000 0.0000
vn 1.0000 0.0000 0.0000
vn -1.0000 0.0000 0.0000
vn 0.0000 1.0000 0.0000
vn 0.0196 -0.9987 -0.0473
vn 0.0000 -0.7071 -0.7071
vn 0.1448 -0.6794 -0.7194
vn 0.1448 0.6794 -0.7194
vn 0.0196 0.9987 -0.0473
vn 0.0000 -0.0000 -1.0000
vn 0.1866 0.0000 -0.9824
vn -0.1363 0.7263 0.6737
vn 0.0000 0.0000 1.0000
vn -0.7071 -0.0000 0.7071
vn -0.1363 -0.7263 0.6737
vn 0.0000 -0.7071 0.7071
vn 0.0000 0.7071 0.7071
vn 0.0000 0.7071 -0.7071
vn -0.4617 -0.7574 0.4617
vn -0.6737 -0.7263 0.1363
vn -0.4617 0.7574 0.4617
vn -0.6737 0.7263 0.1363
vn 0.5293 0.6630 -0.5294
vn 0.0671 0.9955 -0.0671
vn 0.5293 -0.6630 -0.5294
vn 0.7071 0.0000 -0.7071
vn 0.0671 -0.9955 -0.0671
vn 0.7194 0.6794 -0.1448
vn 0.7194 -0.6794 -0.1448
vn 0.0473 0.9987 -0.0196
vn 0.9824 -0.0000 -0.1866
vn 0.0473 -0.9987 -0.0196
vn 0.7194 0.6794 0.1448
vn 0.0473 0.9987 0.0196
vn 0.7194 -0.6794 0.1448
vn 0.9824 -0.0000 0.1866
vn -0.6737 0.7263 -0.1363
vn -0.9809 -0.0000 -0.1944
vn -0.6737 -0.7263 -0.1363
vn 0.0473 -0.9987 0.0196
vn -0.4617 -0.7574 -0.4617
vn -0.2611 -0.7311 -0.6303
vn -0.4617 0.7574 -0.4617
vn -0.2611 0.7311 -0.6303
vn 0.0671 0.9955 0.0671
vn 0.5294 0.6630 0.5293
vn 0.7071 0.0000 0.7071
vn 0.5293 -0.6630 0.5294
vn 0.0671 -0.9955 0.0671
vn 0.2962 -0.6333 0.7150
vn 0.0393 -0.9947 0.0948
vn 0.2962 0.6333 0.7150
vn 0.0393 0.9947 0.0948
vn 0.3827 0.0000 0.9239
vn 0.5293 -0.6630 0.5293
vn 0.5293 0.6630 0.5294
v 0.500000 2.000000 0.500000
v -2.500000 2.000000 2.500000
v 2.500000 2.000000 2.500000
v 0.500000 2.000000 -0.500000
v 0.500000 1.500000 0.500000
v -0.500000 2.000000 0.500000
v -2.500000 2.000000 -2.500000
v -0.500000 2.000000 -0.500000
v 2.500000 2.000000 -2.500000
v 0.500000 1.500000 2.500000
v -2.500000 1.500000 0.500000
v -0.500000 1.500000 -2.500000
v 2.500000 1.500000 -0.500000
v -0.500000 1.500000 -0.500000
v 0.500000 1.500000 -0.500000
v -0.500000 1.500000 0.500000
v 2.500000 1.500000 0.500000
v -0.500000 1.500000 2.500000
v -2.500000 1.500000 -0.500000
v 0.500000 1.500000 -2.500000
v 1.500000 1.000000 1.500000
v 2.500000 1.000000 1.500000
v 1.500000 1.000000 -1.500000
v 2.500000 1.000000 -1.500000
v -1.500000 1.000000 -1.500000
v -2.500000 1.000000 -1.500000
v -1.500000 1.000000 1.500000
v -2.500000 1.000000 1.500000
v -1.500000 1.000000 -3.500000
v 1.500000 1.500000 -3.500000
v 1.500000 1.000000 -3.500000
v 1.500000 2.000000 -2.500000
v -1.500000 2.000000 -3.000000
v -1.500000 2.000000 -2.500000
v 1.500000 2.000000 -3.000000
v 1.500000 1.000000 -2.500000
v -1.500000 1.000000 -2.500000
v -1.500000 1.500000 -3.500000
v 2.500000 1.250000 4.500000
v 2.250000 2.000000 4.500000
v 1.500000 1.750000 4.500000
v 1.000000 11.000000 3.500000
v -1.000000 11.000000 2.500000
v -1.000000 11.000000 3.500000
v 1.000000 1.000000 2.500000
v 1.000000 1.000000 3.500000
v -1.000000 1.000000 3.500000
v -1.000000 1.000000 2.500000
v 1.000000 11.000000 2.500000
v 3.500000 1.250000 4.500000
v 3.250000 2.000000 4.500000
v 2.500000 1.750000 4.500000
v 1.750000 2.000000 2.500000
v 1.750000 2.000000 4.500000
v 2.500000 1.250000 2.500000
v 2.500000 1.750000 4.500000
v 1.500000 1.250000 2.500000
v 2.500000 1.750000 2.500000
v 1.750000 1.000000 2.500000
v 2.250000 1.000000 4.500000
v 1.750000 1.000000 4.500000
v 2.250000 1.000000 2.500000
v 1.500000 1.750000 2.500000
v 1.500000 1.250000 4.500000
v 2.750000 2.000000 2.500000
v 2.750000 2.000000 4.500000
v 3.500000 1.250000 2.500000
v 3.500000 1.750000 4.500000
v 2.500000 1.250000 2.500000
v 3.500000 1.750000 2.500000
v 2.750000 1.000000 2.500000
v 3.250000 1.000000 4.500000
v 2.750000 1.000000 4.500000
v 3.250000 1.000000 2.500000
v 2.500000 1.750000 2.500000
v 2.500000 1.250000 4.500000
v -0.500000 2.000000 0.500000
v 0.500000 2.000000 -0.500000
v -0.500000 2.000000 -0.500000
v -2.500000 1.250000 4.500000
v -2.750000 2.000000 4.500000
v -3.500000 1.750000 4.500000
v -1.500000 1.250000 4.500000
v -1.750000 2.000000 4.500000
v -2.500000 1.750000 4.500000
v -3.250000 2.000000 2.500000
v -3.250000 2.000000 4.500000
v -2.500000 1.250000 2.500000
v -2.500000 1.750000 4.500000
v -3.500000 1.250000 2.500000
v -2.500000 1.750000 2.500000
v -3.250000 1.000000 2.500000
v -2.750000 1.000000 4.500000
v -3.250000 1.000000 4.500000
v -2.750000 1.000000 2.500000
v -3.500000 1.750000 2.500000
v -3.500000 1.250000 4.500000
v -2.250000 2.000000 2.500000
v -2.250000 2.000000 4.500000
v -1.500000 1.250000 2.500000
v -1.500000 1.750000 4.500000
v -2.500000 1.250000 2.500000
v -1.500000 1.750000 2.500000
v -2.250000 1.000000 2.500000
v -1.750000 1.000000 4.500000
v -2.250000 1.000000 4.500000
v -1.750000 1.000000 2.500000
v -2.500000 1.750000 2.500000
v -2.500000 1.250000 4.500000
v 1.500000 1.000000 2.500000
v 2.500000 1.000000 2.500000
v -2.500000 1.000000 2.500000
v -1.500000 1.000000 2.500000
v -2.500000 1.000000 -2.500000
v -1.500000 1.000000 -2.500000
v 2.500000 1.000000 -2.500000
v 1.500000 1.000000 -2.500000
v 2.250000 2.000000 2.500000
v 3.250000 2.000000 2.500000
v 0.500000 2.000000 0.500000
v -2.750000 2.000000 2.500000
v -1.750000 2.000000 2.500000
v 3.025888 2.150888 2.661612
v 3.125000 2.000000 2.750000
v 3.088388 2.000000 2.661612
v 3.088388 2.000000 2.838388
v 2.963388 2.088388 2.875000
v 3.000000 2.000000 2.875000
v 2.900888 2.025888 2.661612
v 3.000000 2.000000 2.625000
v 2.911612 2.000000 2.661612
v 2.963388 2.088388 2.625000
v 3.051777 2.176777 2.750000
v 2.900888 2.025888 2.838388
v 2.911612 2.000000 2.838388
v 2.875000 2.213388 2.838388
v 3.025888 2.150888 2.838388
v 2.875000 2.036612 2.661612
v 2.875000 2.125000 2.625000
v 2.875000 2.250000 2.750000
v 2.875000 2.036612 2.838388
v 2.875000 2.000000 2.750000
v 1.000000 2.125000 2.625000
v 1.000000 2.036612 2.661612
v 1.000000 2.213388 2.661612
v 2.875000 2.213388 2.661612
v 1.000000 2.000000 2.750000
v 1.000000 2.213388 2.838388
v 2.875000 2.125000 2.875000
v 1.000000 2.036612 2.838388
v 1.000000 2.250000 2.750000
v 1.000000 2.125000 2.875000
v 2.088388 2.000000 3.161612
v 2.051777 2.176777 3.250000
v 2.125000 2.000000 3.250000
v 2.025888 2.150888 3.338388
v 2.000000 2.000000 3.375000
v 2.088388 2.000000 3.338388
v 1.900888 2.025888 3.161612
v 2.000000 2.000000 3.125000
v 1.911612 2.000000 3.161612
v 1.963388 2.088388 3.125000
v 1.963388 2.088388 3.375000
v 1.911612 2.000000 3.338388
v 1.875000 2.125000 3.375000
v 1.875000 2.036612 3.161612
v 1.875000 2.213388 3.161612
v 2.025888 2.150888 3.161612
v 1.875000 2.250000 3.250000
v 1.875000 2.036612 3.338388
v 1.900888 2.025888 3.338388
v 1.875000 2.000000 3.250000
v 1.000000 2.125000 3.125000
v 1.875000 2.125000 3.125000
v 1.000000 2.036612 3.161612
v 1.000000 2.213388 3.161612
v 1.000000 2.000000 3.250000
v 1.000000 2.213388 3.338388
v 1.875000 2.213388 3.338388
v 1.000000 2.036612 3.338388
v 1.000000 2.250000 3.250000
v 1.000000 2.125000 3.375000
v -3.088388 2.000000 3.338389
v -3.051777 2.176777 3.250000
v -3.125000 2.000000 3.250000
v -3.088388 2.000000 3.161612
v -2.963388 2.088388 3.125000
v -3.000000 2.000000 3.125000
v -2.900888 2.025888 3.338389
v -3.000000 2.000000 3.375000
v -2.911612 2.000000 3.338389
v -2.963388 2.088388 3.375000
v -3.025888 2.150888 3.161612
v -2.900888 2.025888 3.161612
v -2.911612 2.000000 3.161612
v -2.875000 2.125000 3.125000
v -2.875000 2.036612 3.338389
v -2.875000 2.125000 3.375000
v -3.025888 2.150888 3.338389
v -2.875000 2.250000 3.250000
v -2.875000 2.036612 3.161612
v -2.875000 2.000000 3.250000
v -1.000000 2.125000 3.375000
v -1.000000 2.036612 3.338388
v -1.000000 2.213388 3.338388
v -2.875000 2.213388 3.338389
v -1.000000 2.000000 3.250000
v -1.000000 2.213388 3.161612
v -2.875000 2.213388 3.161612
v -1.000000 2.036612 3.161612
v -1.000000 2.250000 3.250000
v -1.000000 2.125000 3.125000
v -2.088388 2.000000 2.838389
v -2.051777 2.176777 2.750000
v -2.125000 2.000000 2.750000
v -2.025888 2.150888 2.661612
v -2.000000 2.000000 2.625000
v -2.088388 2.000000 2.661612
v -1.900888 2.025888 2.838389
v -2.000000 2.000000 2.875000
v -1.911612 2.000000 2.838389
v -1.963388 2.088388 2.875000
v -1.900888 2.025888 2.661612
v -1.911612 2.000000 2.661612
v -1.875000 2.213388 2.661612
v -1.963388 2.088388 2.625000
v -1.875000 2.125000 2.875000
v -2.025888 2.150888 2.838389
v -1.875000 2.250000 2.750000
v -1.875000 2.036612 2.661612
v -1.875000 2.213388 2.838389
v -1.875000 2.000000 2.750000
v -1.875000 2.036612 2.838389
v -1.000000 2.125000 2.875000
v -1.000000 2.036612 2.838388
v -1.000000 2.213388 2.838388
v -1.000000 2.000000 2.750000
v -1.000000 2.213388 2.661612
v -1.875000 2.125000 2.625000
v -1.000000 2.036612 2.661612
v -1.000000 2.250000 2.750000
v -1.000000 2.125000 2.625000
vt 0.102564 0.719101
vt -0.000000 0.988764
vt -0.000000 0.539326
vt 0.102564 0.269663
vt 0.153846 0.224719
vt 0.153846 0.269663
vt 0.102564 0.808989
vt 0.256410 0.988764
vt 0.153846 0.808989
vt 0.256410 0.539326
vt 0.153846 0.719101
vt 0.256410 0.539326
vt -0.000000 0.539326
vt 0.153846 0.494382
vt 0.256410 0.539326
vt -0.000000 0.539326
vt 0.153846 0.494382
vt 0.256410 0.539326
vt -0.000000 0.539326
vt 0.153846 0.494382
vt 0.153846 0.494382
vt 0.102564 0.269663
vt 0.153846 0.224719
vt 0.153846 0.269663
vt 0.102564 0.269663
vt 0.153846 0.224719
vt 0.153846 0.269663
vt 0.102564 0.269663
vt 0.153846 0.224719
vt 0.153846 0.269663
vt 0.102564 0.449438
vt 0.153846 0.269663
vt 0.153846 0.449438
vt -0.000000 0.179775
vt 0.102564 0.269663
vt -0.000000 0.269663
vt 0.153846 0.000000
vt 0.102564 0.179775
vt 0.102564 -0.000000
vt 0.256410 0.269663
vt 0.153846 0.179775
vt 0.256410 0.179775
vt 0.051282 0.359551
vt 0.051282 0.449438
vt 0.205128 0.359551
vt 0.205128 0.449438
vt 0.205128 0.089888
vt 0.205128 0.000000
vt 0.051282 0.089888
vt 0.051282 -0.000000
vt 0.794872 0.359551
vt 0.769231 0.089888
vt 0.794872 0.089888
vt 0.717949 0.089888
vt 0.743590 0.359551
vt 0.717949 0.359551
vt 0.743590 0.089888
vt 0.717949 -0.000000
vt 0.769231 0.044944
vt 0.666667 0.089888
vt 0.666667 0.359551
vt 0.769231 0.359551
vt 0.717949 0.449438
vt 0.769231 0.404494
vt 0.615385 0.651685
vt 0.602564 0.719101
vt 0.564103 0.696629
vt 0.358974 0.898876
vt 0.256410 0.988764
vt 0.256410 0.898876
vt 0.410256 -0.000000
vt 0.358974 -0.000000
vt 0.564103 -0.000000
vt 0.512821 0.898876
vt 0.512821 -0.000000
vt 0.410256 0.898876
vt 0.256410 -0.000000
vt 0.615385 0.292135
vt 0.602564 0.359551
vt 0.564103 0.337079
vt 0.564103 0.449438
vt 0.666667 0.494382
vt 0.564103 0.494382
vt 0.666667 0.382022
vt 0.564103 0.426966
vt 0.564103 0.382022
vt 0.666667 0.651685
vt 0.653846 0.719101
vt 0.615385 0.696629
vt 0.666667 0.584270
vt 0.564103 0.629214
vt 0.564103 0.584270
vt 0.666667 0.561798
vt 0.666667 0.359551
vt 0.564103 0.359551
vt 0.564103 0.516854
vt 0.666667 0.516854
vt 0.666667 0.426966
vt 0.564103 0.561798
vt 0.564103 0.089888
vt 0.666667 0.134831
vt 0.564103 0.134831
vt 0.666667 0.022472
vt 0.564103 0.067416
vt 0.564103 0.022472
vt 0.666667 0.292135
vt 0.653846 0.359551
vt 0.615385 0.337079
vt 0.666667 0.224719
vt 0.564103 0.269663
vt 0.564103 0.224719
vt 0.666667 0.202247
vt 0.666667 0.000000
vt 0.564103 -0.000000
vt 0.564103 0.157303
vt 0.666667 0.157303
vt 0.666667 0.067416
vt 0.564103 0.202247
vt 0.102564 0.808989
vt 0.153846 0.719101
vt 0.153846 0.808989
vt 0.615385 0.651685
vt 0.602564 0.719101
vt 0.564103 0.696629
vt 0.615385 0.292135
vt 0.602564 0.359551
vt 0.564103 0.337079
vt 0.564103 0.449438
vt 0.666667 0.494382
vt 0.564103 0.494382
vt 0.666667 0.382022
vt 0.564103 0.426966
vt 0.564103 0.382022
vt 0.666667 0.651685
vt 0.653846 0.719101
vt 0.615385 0.696629
vt 0.666667 0.584270
vt 0.564103 0.629214
vt 0.564103 0.584270
vt 0.666667 0.561798
vt 0.666667 0.359551
vt 0.564103 0.359551
vt 0.564103 0.516854
vt 0.666667 0.516854
vt 0.666667 0.426966
vt 0.564103 0.561798
vt 0.564103 0.089888
vt 0.666667 0.134831
vt 0.564103 0.134831
vt 0.666667 0.022472
vt 0.564103 0.067416
vt 0.564103 0.022472
vt 0.666667 0.292135
vt 0.653846 0.359551
vt 0.615385 0.337079
vt 0.666667 0.224719
vt 0.564103 0.269663
vt 0.564103 0.224719
vt 0.666667 0.202247
vt 0.666667 0.000000
vt 0.564103 -0.000000
vt 0.564103 0.157303
vt 0.666667 0.157303
vt 0.666667 0.067416
vt 0.564103 0.202247
vt 0.102564 0.224719
vt 0.205128 0.449438
vt 0.256410 0.449438
vt 0.000000 0.449438
vt 0.051282 0.449438
vt 0.102564 0.494382
vt 0.205128 0.449438
vt 0.256410 0.449438
vt -0.000000 0.449438
vt 0.051282 0.449438
vt 0.102564 0.494382
vt 0.205128 0.449438
vt 0.256410 0.449438
vt 0.000000 0.449438
vt 0.051282 0.449438
vt 0.102564 0.494382
vt 0.256410 0.449438
vt -0.000000 0.449438
vt 0.102564 0.494382
vt 0.102564 0.224719
vt 0.102564 0.224719
vt 0.102564 0.224719
vt -0.000000 0.359551
vt 0.256410 0.359551
vt 0.256410 0.089888
vt -0.000000 0.089888
vt 0.769231 -0.000000
vt 0.769231 0.449438
vt 0.564103 0.651685
vt 0.576923 0.629214
vt 0.602564 0.629214
vt 0.615385 0.696629
vt 0.576923 0.719101
vt 0.358974 0.988764
vt 0.564103 0.898876
vt 0.564103 0.292135
vt 0.576923 0.269663
vt 0.602564 0.269663
vt 0.615385 0.337079
vt 0.576923 0.359551
vt 0.666667 0.449438
vt 0.615385 0.651685
vt 0.628205 0.629214
vt 0.653846 0.629214
vt 0.666667 0.696629
vt 0.628205 0.719101
vt 0.666667 0.629214
vt 0.666667 0.089888
vt 0.615385 0.292135
vt 0.628205 0.269663
vt 0.653846 0.269663
vt 0.666667 0.337079
vt 0.628205 0.359551
vt 0.666667 0.269663
vt 0.102564 0.719101
vt 0.564103 0.651685
vt 0.576923 0.629214
vt 0.602564 0.629214
vt 0.615385 0.696629
vt 0.576923 0.719101
vt 0.564103 0.292135
vt 0.576923 0.269663
vt 0.602564 0.269663
vt 0.615385 0.337079
vt 0.576923 0.359551
vt 0.666667 0.449438
vt 0.615385 0.651685
vt 0.628205 0.629214
vt 0.653846 0.629214
vt 0.666667 0.696629
vt 0.628205 0.719101
vt 0.666667 0.629214
vt 0.666667 0.089888
vt 0.615385 0.292135
vt 0.628205 0.269663
vt 0.653846 0.269663
vt 0.666667 0.337079
vt 0.628205 0.359551
vt 0.666667 0.269663
vt 0.634615 0.904494
vt 0.641026 0.921348
vt 0.634615 0.921348
vt 0.647436 0.921348
vt 0.653846 0.904494
vt 0.653846 0.915730
vt 0.621795 0.904494
vt 0.628205 0.915730
vt 0.621795 0.910112
vt 0.628205 0.904494
vt 0.641026 0.904494
vt 0.660256 0.904494
vt 0.660256 0.910112
vt 0.647436 0.887640
vt 0.647436 0.904494
vt 0.621795 0.898876
vt 0.628205 0.893258
vt 0.641026 0.887640
vt 0.660256 0.898876
vt 0.666667 0.904494
vt 0.615385 0.904494
vt 0.621795 0.887640
vt 0.628205 0.719101
vt 0.628205 0.887640
vt 0.615385 0.887640
vt 0.621795 0.719101
vt 0.634615 0.719101
vt 0.634615 0.887640
vt 0.660256 0.887640
vt 0.666667 0.719101
vt 0.666667 0.887640
vt 0.647436 0.719101
vt 0.653846 0.887640
vt 0.660256 0.719101
vt 0.641026 0.719101
vt 0.653846 0.719101
vt 0.583333 0.831461
vt 0.589744 0.814607
vt 0.589744 0.831461
vt 0.596154 0.814607
vt 0.602564 0.825843
vt 0.596154 0.831461
vt 0.570513 0.814607
vt 0.576923 0.825843
vt 0.570513 0.820225
vt 0.576923 0.814607
vt 0.602564 0.814607
vt 0.608974 0.820225
vt 0.602564 0.803371
vt 0.570513 0.808989
vt 0.583333 0.797753
vt 0.583333 0.814607
vt 0.589744 0.797753
vt 0.608974 0.808989
vt 0.608974 0.814607
vt 0.615385 0.814607
vt 0.564103 0.814607
vt 0.570513 0.797753
vt 0.576923 0.719101
vt 0.576923 0.797753
vt 0.564103 0.797753
vt 0.570513 0.719101
vt 0.583333 0.719101
vt 0.608974 0.797753
vt 0.615385 0.719101
vt 0.615385 0.797753
vt 0.596154 0.719101
vt 0.596154 0.797753
vt 0.602564 0.797753
vt 0.608974 0.719101
vt 0.589744 0.719101
vt 0.602564 0.719101
vt 0.634615 0.921348
vt 0.641026 0.904494
vt 0.641026 0.921348
vt 0.647436 0.921348
vt 0.653846 0.904494
vt 0.653846 0.915730
vt 0.621795 0.904494
vt 0.628205 0.915730
vt 0.621795 0.910112
vt 0.628205 0.904494
vt 0.647436 0.904494
vt 0.660256 0.904494
vt 0.660256 0.910112
vt 0.653846 0.893258
vt 0.621795 0.898876
vt 0.628205 0.893258
vt 0.634615 0.904494
vt 0.641026 0.887640
vt 0.660256 0.898876
vt 0.666667 0.904494
vt 0.615385 0.904494
vt 0.621795 0.887640
vt 0.628205 0.719101
vt 0.628205 0.887640
vt 0.615385 0.887640
vt 0.621795 0.719101
vt 0.634615 0.719101
vt 0.634615 0.887640
vt 0.660256 0.887640
vt 0.666667 0.719101
vt 0.666667 0.887640
vt 0.647436 0.719101
vt 0.647436 0.887640
vt 0.653846 0.887640
vt 0.660256 0.719101
vt 0.641026 0.719101
vt 0.653846 0.719101
vt 0.583333 0.831461
vt 0.589744 0.814607
vt 0.589744 0.831461
vt 0.596154 0.814607
vt 0.602564 0.825843
vt 0.596154 0.831461
vt 0.570513 0.814607
vt 0.576923 0.825843
vt 0.570513 0.820225
vt 0.576923 0.814607
vt 0.608974 0.814607
vt 0.608974 0.820225
vt 0.596154 0.797753
vt 0.602564 0.814607
vt 0.576923 0.803371
vt 0.583333 0.814607
vt 0.589744 0.797753
vt 0.608974 0.808989
vt 0.583333 0.797753
vt 0.615385 0.814607
vt 0.564103 0.814607
vt 0.570513 0.808989
vt 0.570513 0.797753
vt 0.576923 0.719101
vt 0.576923 0.797753
vt 0.564103 0.797753
vt 0.570513 0.719101
vt 0.583333 0.719101
vt 0.608974 0.797753
vt 0.615385 0.719101
vt 0.615385 0.797753
vt 0.596154 0.719101
vt 0.602564 0.797753
vt 0.608974 0.719101
vt 0.589744 0.719101
vt 0.602564 0.719101
vt 0.653846 0.893258
vt 0.615385 0.719101
vt 0.576923 0.803371
vt 0.564103 0.719101
vt 0.615385 0.719101
vt 0.602564 0.803371
vt 0.564103 0.719101
vn 0.0000 1.0000 0.0000
vn -1.0000 0.0000 0.0000
vn 0.0000 0.0000 1.0000
vn 0.0000 0.0000 -1.0000
vn 1.0000 0.0000 0.0000
vn 0.0000 -1.0000 0.0000
vn -0.4472 -0.8944 -0.0000
vn 0.0000 -0.8944 -0.4472
vn 0.0000 -0.8944 0.4472
vn 0.4472 -0.8944 -0.0000
vn 0.0000 0.7071 -0.7071
vn -0.7071 -0.7071 0.0000
vn 0.7071 -0.7071 0.0000
vn -0.7071 0.7071 0.0000
vn 0.7071 0.7071 0.0000
vn 0.5294 0.5294 -0.6630
vn 0.9239 0.3827 -0.0000
vn 0.7150 0.2962 -0.6333
vn 0.7150 0.2962 0.6333
vn 0.0671 0.0671 0.9955
vn 0.0948 0.0393 0.9947
vn -0.4617 -0.4617 -0.7574
vn 0.0948 0.0393 -0.9947
vn -0.6303 -0.2611 -0.7311
vn 0.0671 0.0671 -0.9955
vn -0.4617 -0.4617 0.7574
vn -0.6303 -0.2611 0.7311
vn 0.1448 0.7194 0.6794
vn 0.5293 0.5293 0.6630
vn -0.1363 -0.6737 -0.7263
vn 0.0196 0.0473 -0.9987
vn 0.1866 0.9824 0.0000
vn -0.1363 -0.6737 0.7263
vn -0.1944 -0.9809 -0.0000
vn 0.0000 -0.7071 -0.7071
vn 0.1448 0.7194 -0.6794
vn 0.0000 0.7071 0.7071
vn 0.0196 0.0473 0.9987
vn 0.0000 -0.7071 0.7071
vn 0.5293 0.5293 -0.6630
vn -0.7150 0.2962 0.6333
vn -0.9239 0.3827 -0.0000
vn -0.7150 0.2962 -0.6333
vn -0.0671 0.0671 -0.9955
vn -0.0948 0.0393 -0.9947
vn 0.4617 -0.4617 0.7574
vn -0.0948 0.0393 0.9947
vn 0.6303 -0.2611 0.7311
vn -0.0671 0.0671 0.9955
vn -0.5294 0.5293 -0.6630
vn 0.4617 -0.4617 -0.7574
vn 0.6303 -0.2611 -0.7311
vn -0.0196 0.0473 -0.9987
vn 0.1363 -0.6737 0.7263
vn -0.0196 0.0473 0.9987
vn -0.5293 0.5293 0.6630
vn -0.1866 0.9824 -0.0000
vn 0.1363 -0.6737 -0.7263
vn 0.1944 -0.9809 -0.0000
vn -0.1448 0.7194 0.6794
vn -0.1448 0.7194 -0.6794
vn -0.5293 0.5294 -0.6630
v -1.250000 2.000000 1.250000
v 1.250000 2.000000 -1.250000
v -1.250000 2.000000 -1.250000
v -1.250000 2.000000 1.250000
v 2.500000 2.000000 2.500000
v 1.250000 2.000000 1.250000
v -1.250000 2.000000 -1.250000
v -2.500000 2.000000 2.500000
v 1.250000 2.000000 -1.250000
v -2.500000 2.000000 -2.500000
v 2.500000 2.000000 -2.500000
v -2.500000 1.500000 -2.500000
v 2.500000 1.500000 2.500000
v 2.500000 1.500000 -2.500000
v -2.500000 1.500000 2.500000
v 3.000000 1.500000 -3.000000
v 3.000000 1.500000 3.000000
v -3.000000 1.500000 3.000000
v -3.000000 1.500000 -3.000000
v 3.000000 1.000000 -3.000000
v -3.000000 1.000000 3.000000
v -3.000000 1.000000 -3.000000
v 3.000000 1.000000 3.000000
v 0.500000 1.000000 0.500000
v -0.500000 1.000000 0.500000
v -0.500000 1.000000 -0.500000
v 0.500000 1.000000 -0.500000
v 1.500000 2.000000 -2.500000
v -1.500000 2.000000 -3.500000
v -1.500000 2.000000 -2.500000
v -1.500000 1.000000 -3.500000
v 1.500000 2.000000 -3.500000
v 1.500000 1.000000 -3.500000
v 1.500000 1.000000 -2.500000
v -1.500000 1.000000 -2.500000
v 2.000000 2.000000 4.000000
v -2.000000 2.000000 2.500000
v -2.000000 2.000000 4.000000
v 2.000000 1.000000 2.500000
v 2.000000 1.000000 4.000000
v -2.000000 1.000000 4.000000
v -2.000000 1.000000 2.500000
v 1.187500 2.000000 1.812500
v 1.187500 8.000000 2.187500
v 1.187500 2.000000 2.187500
v 0.812500 2.000000 3.312500
v 1.187500 8.000000 3.312500
v 1.187500 2.000000 3.312500
v 0.812500 2.000000 1.812500
v 1.187500 8.000000 1.812500
v -1.187500 2.000000 3.687500
v -1.187500 8.000000 3.312500
v -1.187500 2.000000 3.312500
v -1.187500 2.000000 2.187500
v -1.187500 8.000000 1.812500
v -1.187500 2.000000 1.812500
v -0.812500 2.000000 3.687500
v -1.187500 8.000000 3.687500
v -0.812500 2.000000 2.187500
v -1.187500 8.000000 2.187500
v -0.812500 2.000000 3.312500
v -0.812500 8.000000 3.687500
v -0.812500 2.000000 1.812500
v -0.812500 8.000000 2.187500
v -0.812500 8.000000 3.312500
v 0.812500 2.000000 3.687500
v 0.812500 8.000000 3.312500
v -0.812500 8.000000 1.812500
v 0.812500 2.000000 2.187500
v 0.812500 8.000000 1.812500
v 1.187500 2.000000 3.687500
v 0.812500 8.000000 3.687500
v 0.812500 8.000000 2.187500
v 1.187500 8.000000 3.687500
v -1.500000 8.000000 1.500000
v 1.500000 8.000000 4.000000
v -1.500000 8.000000 4.000000
v 1.500000 8.250000 4.000000
v -1.500000 8.250000 1.500000
v -1.500000 8.250000 4.000000
v 1.500000 8.250000 1.500000
v 1.500000 8.000000 1.500000
v 1.187500 8.250000 1.812500
v 1.187500 14.250000 2.187501
v 1.187500 8.250000 2.187500
v 0.812500 8.250000 1.812500
v 1.187500 14.250000 1.812501
v -1.187500 8.250000 2.187500
v -1.187500 14.250000 1.812501
v -1.187500 8.250000 1.812500
v -0.812500 8.250000 2.187500
v -1.187500 14.250000 2.187501
v -0.812500 8.250000 1.812500
v -0.812500 14.250000 2.187501
v -0.812500 14.250000 1.812501
v 0.812500 8.250000 2.187500
v 0.812500 14.250000 1.812501
v 0.812500 14.250000 2.187501
v 1.187500 8.250000 2.812500
v 1.187500 14.250000 3.187501
v 1.187500 8.250000 3.187500
v 0.812500 8.250000 2.812500
v 1.187500 14.250000 2.812501
v -1.187500 8.250000 3.187500
v -1.187500 14.250000 2.812501
v -1.187500 8.250000 2.812500
v -0.812500 8.250000 3.187500
v -1.187500 14.250000 3.187501
v -0.812500 8.250000 2.812500
v -0.812500 14.250000 3.187501
v -0.812500 14.250000 2.812501
v 0.812500 8.250000 3.187500
v 0.812500 14.250000 2.812501
v 0.812500 14.250000 3.187501
v -1.500000 14.250000 1.500001
v 1.500000 14.250000 3.500001
v -1.500000 14.250000 3.500001
v 0.812500 8.000000 2.000000
v -0.812500 2.000000 2.000000
v -0.812500 8.000000 2.000000
v -0.812500 2.000000 3.500000
v 0.812500 8.000000 3.500000
v -0.812500 8.000000 3.500000
v -1.000000 2.000000 2.187500
v -1.000000 8.000000 3.312500
v -1.000000 8.000000 2.187500
v 1.000000 8.000000 3.312500
v 1.000000 2.000000 2.187500
v 1.000000 8.000000 2.187500
v 0.812500 14.250000 2.000001
v -0.812500 8.250000 2.000000
v -0.812500 14.250000 2.000001
v -0.812500 8.250000 3.000000
v 0.812500 14.250000 3.000001
v -0.812500 14.250000 3.000001
v -1.000000 8.250000 2.187500
v -1.000000 14.250000 2.812501
v -1.000000 14.250000 2.187501
v 1.000000 14.250000 2.812501
v 1.000000 8.250000 2.187500
v 1.000000 14.250000 2.187501
v 1.500000 14.500000 3.500001
v -1.500000 14.500000 1.500001
v -1.500000 14.500000 3.500001
v 1.500000 14.500000 1.500001
v 1.500000 14.250000 1.500001
v 0.375000 10.000000 2.250000
v 0.198223 10.073223 2.250000
v 0.551777 10.426777 2.250000
v -0.375000 10.000000 2.250000
v -0.551777 10.073223 2.250000
v -0.198223 10.426777 2.250000
v -0.812500 2.000000 2.000000
v 0.812500 8.000000 2.000000
v -0.812500 8.000000 2.000000
v 0.812500 8.000000 3.500000
v -0.812500 2.000000 3.500000
v -0.812500 8.000000 3.500000
v -1.000000 8.000000 3.312500
v -1.000000 2.000000 2.187500
v -1.000000 8.000000 2.187500
v 1.000000 2.000000 2.187500
v 1.000000 8.000000 3.312500
v 1.000000 8.000000 2.187500
v -0.812500 8.250000 2.000000
v 0.812500 14.250000 2.000001
v -0.812500 14.250000 2.000001
v 0.812500 14.250000 3.000001
v -0.812500 8.250000 3.000000
v -0.812500 14.250000 3.000001
v -1.000000 14.250000 2.812501
v -1.000000 8.250000 2.187500
v -1.000000 14.250000 2.187501
v 1.000000 8.250000 2.187500
v 1.000000 14.250000 2.812501
v 1.000000 14.250000 2.187501
v 1.250000 2.000000 1.250000
v 2.000000 2.000000 2.500000
v 0.812500 2.000000 2.000000
v 0.812500 2.000000 3.500000
v -1.000000 2.000000 3.312500
v 1.000000 2.000000 3.312500
v 0.812500 8.250000 2.000000
v 0.812500 8.250000 3.000000
v -1.000000 8.250000 2.812500
v 1.000000 8.250000 2.812500
v 0.125000 10.250000 2.250000
v 0.198223 10.426777 2.250000
v 0.375000 10.500000 2.250000
v 0.625000 10.250000 2.250000
v 0.551777 10.073223 2.250000
v -0.625000 10.250000 2.250000
v -0.551777 10.426777 2.250000
v -0.375000 10.500000 2.250000
v -0.125000 10.250000 2.250000
v -0.198223 10.073223 2.250000
v 0.812500 2.000000 2.000000
v 0.812500 2.000000 3.500000
v -1.000000 2.000000 3.312500
v 1.000000 2.000000 3.312500
v 0.812500 8.250000 2.000000
v 0.812500 8.250000 3.000000
v -1.000000 8.250000 2.812500
v 1.000000 8.250000 2.812500
v 0.551777 2.000000 2.676777
v 0.375000 10.000000 2.750000
v 0.375000 2.000000 2.750000
v 0.198223 2.000000 2.676777
v 0.125000 10.000000 2.500000
v 0.125000 2.000000 2.500000
v 0.198223 2.000000 2.323223
v 0.375000 2.000000 2.250000
v 0.551777 10.000000 2.323224
v 0.551777 2.000000 2.323223
v 0.625000 2.000000 2.500000
v 0.551777 10.000000 2.676777
v 0.198223 10.000000 2.676777
v 0.198223 10.000000 2.323224
v 0.625000 10.000000 2.500000
v 0.625000 10.176777 2.426777
v 0.551777 10.301777 2.551777
v 0.375000 10.353554 2.603554
v 0.198223 10.301777 2.551777
v 0.125000 10.176777 2.426777
v 0.198223 10.051777 2.301777
v 0.551777 10.051777 2.301777
v -0.198223 2.000000 2.676777
v -0.375000 10.000000 2.750000
v -0.375000 2.000000 2.750000
v -0.551777 2.000000 2.676777
v -0.625000 10.000000 2.500000
v -0.625000 2.000000 2.500000
v -0.551777 2.000000 2.323223
v -0.375000 2.000000 2.250000
v -0.198223 10.000000 2.323224
v -0.198223 2.000000 2.323223
v -0.125000 2.000000 2.500000
v -0.198223 10.000000 2.676777
v -0.551777 10.000000 2.676777
v -0.551777 10.000000 2.323224
v -0.125000 10.000000 2.500000
v -0.125000 10.176777 2.426777
v -0.198223 10.301777 2.551777
v -0.551777 10.301777 2.551777
v -0.551777 10.051777 2.301777
v -0.375000 10.353554 2.603554
v -0.625000 10.176777 2.426777
v -0.198223 10.051777 2.301777
vt 0.155844 0.875000
vt 0.285714 0.666667
vt 0.285714 0.875000
vt 0.090909 0.437500
vt 0.025974 0.125000
vt 0.090909 0.229167
vt 0.220779 0.437500
vt 0.025974 0.541667
vt 0.220779 0.229167
vt 0.285714 0.541667
vt 0.285714 0.125000
vt 0.025974 0.125000
vt 0.285714 0.083333
vt 0.285714 0.125000
vt 0.025974 0.125000
vt 0.285714 0.083333
vt 0.285714 0.125000
vt 0.285714 0.083333
vt 0.025974 0.125000
vt 0.285714 0.083333
vt 0.285714 0.125000
vt 0.025974 0.083333
vt 0.311688 0.041667
vt 0.025974 0.083333
vt 0.311688 0.041667
vt 0.025974 0.083333
vt 0.311688 0.041667
vt 0.025974 0.083333
vt 0.311688 0.041667
vt -0.000000 0.041667
vt 0.311688 -0.000000
vt 0.000000 0.041667
vt 0.311688 0.000000
vt 0.000000 0.041667
vt 0.311688 0.000000
vt 0.000000 0.041667
vt 0.311688 0.000000
vt 0.129870 0.291667
vt 0.129870 0.375000
vt 0.181818 0.375000
vt 0.181818 0.291667
vt 0.441558 0.625000
vt 0.493506 0.875000
vt 0.441558 0.875000
vt 0.545455 0.875000
vt 0.493506 0.625000
vt 0.545455 0.625000
vt 0.493506 0.541667
vt 0.441558 0.541667
vt 0.441558 0.958333
vt 0.493506 0.958333
vt 0.337662 0.083333
vt 0.415584 0.416667
vt 0.337662 0.416667
vt 0.415584 -0.000000
vt 0.337662 -0.000000
vt 0.337662 0.500000
vt 0.415584 0.500000
vt 0.285714 0.083333
vt 0.285714 0.416667
vt 0.324675 0.500000
vt 0.305195 1.000000
vt 0.305195 0.500000
vt 0.344156 0.500000
vt 0.324675 1.000000
vt 0.324675 0.500000
vt 0.344156 0.500000
vt 0.324675 1.000000
vt 0.363636 0.500000
vt 0.344156 1.000000
vt 0.344156 0.500000
vt 0.363636 0.500000
vt 0.344156 1.000000
vt 0.344156 0.500000
vt 0.305195 0.500000
vt 0.285714 1.000000
vt 0.285714 0.500000
vt 0.305195 0.500000
vt 0.285714 1.000000
vt 0.285714 0.500000
vt 0.324675 0.500000
vt 0.305195 1.000000
vt 0.324675 0.500000
vt 0.305195 1.000000
vt 0.324675 1.000000
vt 0.363636 0.500000
vt 0.344156 1.000000
vt 0.324675 1.000000
vt 0.363636 0.500000
vt 0.344156 1.000000
vt 0.305195 0.500000
vt 0.285714 1.000000
vt 0.285714 0.500000
vt 0.285714 1.000000
vt 0.285714 0.500000
vt 0.305195 1.000000
vt 0.675325 0.750000
vt 0.545455 1.000000
vt 0.545455 0.750000
vt 0.545455 0.750000
vt 0.675325 1.000000
vt 0.545455 1.000000
vt 0.688312 1.000000
vt 0.675325 0.750000
vt 0.688312 0.750000
vt 0.688312 1.000000
vt 0.675325 0.750000
vt 0.688312 0.750000
vt 0.675325 0.729167
vt 0.545455 0.729167
vt 0.675325 0.729167
vt 0.545455 0.750000
vt 0.545455 0.729167
vt 0.402597 0.500000
vt 0.383117 1.000000
vt 0.383117 0.500000
vt 0.422078 0.500000
vt 0.402597 1.000000
vt 0.441558 0.500000
vt 0.422078 1.000000
vt 0.422078 0.500000
vt 0.383117 0.500000
vt 0.363636 1.000000
vt 0.363636 0.500000
vt 0.402597 0.500000
vt 0.383117 1.000000
vt 0.402597 1.000000
vt 0.441558 0.500000
vt 0.422078 1.000000
vt 0.363636 1.000000
vt 0.363636 0.500000
vt 0.402597 0.500000
vt 0.383117 1.000000
vt 0.383117 0.500000
vt 0.422078 0.500000
vt 0.402597 1.000000
vt 0.441558 0.500000
vt 0.422078 1.000000
vt 0.422078 0.500000
vt 0.383117 0.500000
vt 0.363636 1.000000
vt 0.363636 0.500000
vt 0.402597 0.500000
vt 0.383117 1.000000
vt 0.402597 1.000000
vt 0.441558 0.500000
vt 0.422078 1.000000
vt 0.363636 1.000000
vt 0.363636 0.500000
vt 0.792208 0.750000
vt 0.688312 1.000000
vt 0.688312 0.750000
vt 0.415584 0.500000
vt 0.500000 0.000000
vt 0.500000 0.500000
vt 0.415584 0.000000
vt 0.500000 0.500000
vt 0.415584 0.500000
vt 0.500000 0.000000
vt 0.558442 0.500000
vt 0.500000 0.500000
vt 0.500000 0.500000
vt 0.558442 0.000000
vt 0.558442 0.500000
vt 0.558442 0.500000
vt 0.642857 0.000000
vt 0.642857 0.500000
vt 0.558442 0.000000
vt 0.642857 0.500000
vt 0.558442 0.500000
vt 0.642857 0.000000
vt 0.675325 0.500000
vt 0.642857 0.500000
vt 0.642857 0.500000
vt 0.675325 0.000000
vt 0.675325 0.500000
vt 0.688312 0.750000
vt 0.792208 1.000000
vt 0.688312 1.000000
vt 0.805195 1.000000
vt 0.792208 0.750000
vt 0.805195 0.750000
vt 0.805195 1.000000
vt 0.792208 0.750000
vt 0.805195 0.750000
vt 0.792208 0.729167
vt 0.688312 0.729167
vt 0.792208 0.729167
vt 0.688312 0.750000
vt 0.688312 0.729167
vt 0.636364 0.625272
vt 0.645427 0.631294
vt 0.627300 0.660373
vt 0.662338 0.624730
vt 0.671640 0.630911
vt 0.653036 0.660756
vt 0.500000 0.000000
vt 0.415584 0.500000
vt 0.500000 0.500000
vt 0.500000 0.500000
vt 0.415584 0.000000
vt 0.415584 0.500000
vt 0.558442 0.500000
vt 0.500000 0.000000
vt 0.500000 0.500000
vt 0.558442 0.000000
vt 0.500000 0.500000
vt 0.558442 0.500000
vt 0.642857 0.000000
vt 0.558442 0.500000
vt 0.642857 0.500000
vt 0.642857 0.500000
vt 0.558442 0.000000
vt 0.558442 0.500000
vt 0.675325 0.500000
vt 0.642857 0.000000
vt 0.642857 0.500000
vt 0.675325 0.000000
vt 0.642857 0.500000
vt 0.675325 0.500000
vt 0.155844 0.666667
vt -0.000000 -0.000000
vt -0.000000 -0.000000
vt -0.000000 -0.000000
vt -0.000000 -0.000000
vt 0.415584 0.083333
vt 0.363636 1.000000
vt 0.363636 1.000000
vt 0.363636 1.000000
vt 0.363636 1.000000
vt 0.675325 1.000000
vt 0.675325 1.000000
vt 0.441558 1.000000
vt 0.441558 1.000000
vt 0.441558 1.000000
vt 0.441558 1.000000
vt 0.792208 1.000000
vt 0.415584 0.000000
vt 0.500000 0.000000
vt 0.558442 0.000000
vt 0.500000 0.000000
vt 0.558442 0.000000
vt 0.642857 0.000000
vt 0.675325 0.000000
vt 0.642857 0.000000
vt 0.792208 1.000000
vt 0.649182 0.645834
vt 0.645427 0.660374
vt 0.636364 0.666396
vt 0.623546 0.645834
vt 0.627300 0.631294
vt 0.675493 0.645833
vt 0.671640 0.660756
vt 0.662338 0.666937
vt 0.649182 0.645833
vt 0.653035 0.630911
vt 0.415584 0.000000
vt 0.500000 0.000000
vt 0.558442 0.000000
vt 0.500000 0.000000
vt 0.558442 0.000000
vt 0.642857 0.000000
vt 0.675325 0.000000
vt 0.642857 0.000000
vt 0.724026 -0.000000
vt 0.714286 0.666667
vt 0.714286 0.000000
vt 0.704545 -0.000000
vt 0.694805 0.666667
vt 0.694805 0.000000
vt 0.685065 0.000000
vt 0.675325 0.666667
vt 0.675325 -0.000000
vt 0.753247 0.000000
vt 0.743506 0.666667
vt 0.743506 -0.000000
vt 0.733766 -0.000000
vt 0.724026 0.666667
vt 0.704545 0.666667
vt 0.685065 0.666667
vt 0.733766 0.666667
vt 0.724026 0.671875
vt 0.733766 0.697917
vt 0.724026 0.697917
vt 0.704545 0.671875
vt 0.714286 0.697917
vt 0.704545 0.697917
vt 0.685065 0.692708
vt 0.694805 0.697917
vt 0.685065 0.697917
vt 0.733766 0.682292
vt 0.743506 0.697917
vt 0.694805 0.682292
vt 0.704545 0.723958
vt 0.694805 0.713542
vt 0.685065 0.703125
vt 0.733766 0.713542
vt 0.724026 0.723958
vt 0.714286 0.729167
vt 0.743506 0.692708
vt 0.753247 0.697917
vt 0.743506 0.703125
vt 0.675325 0.697917
vt 0.801948 0.000000
vt 0.792208 0.666667
vt 0.792208 0.000000
vt 0.782468 0.000000
vt 0.772727 0.666667
vt 0.772727 0.000000
vt 0.762987 -0.000000
vt 0.753247 0.666667
vt 0.753247 0.000000
vt 0.831169 0.000000
vt 0.821429 0.666667
vt 0.821429 -0.000000
vt 0.811688 -0.000000
vt 0.801948 0.666667
vt 0.782468 0.666667
vt 0.762987 0.666667
vt 0.811688 0.666667
vt 0.801948 0.671875
vt 0.811688 0.697917
vt 0.801948 0.697917
vt 0.782468 0.697917
vt 0.782468 0.671875
vt 0.772727 0.682292
vt 0.762987 0.697917
vt 0.762987 0.692708
vt 0.821429 0.692708
vt 0.811688 0.682292
vt 0.792208 0.697917
vt 0.772727 0.697917
vt 0.782468 0.723958
vt 0.772727 0.713542
vt 0.762987 0.703125
vt 0.821429 0.697917
vt 0.811688 0.713542
vt 0.801948 0.723958
vt 0.792208 0.729167
vt 0.831169 0.697917
vt 0.821429 0.703125
vt 0.753247 0.697917
vt 0.753247 0.666667
vt 0.831169 0.666667
vn 0.0000 1.0000 0.0000
vn 0.0000 0.0000 -1.0000
vn 0.0000 0.0000 1.0000
vn 1.0000 0.0000 0.0000
vn -1.0000 0.0000 0.0000
vn 0.0000 0.6000 -0.8000
vn 0.8000 0.6000 0.0000
vn 0.0000 0.6000 0.8000
vn -0.8000 0.6000 0.0000
vn 0.0000 -1.0000 0.0000
vn 0.7071 -0.0000 0.7071
vn -0.0000 0.1866 0.9824
vn -0.7071 -0.0000 0.7071
vn -0.9987 0.0196 0.0473
vn -0.7071 0.0000 -0.7071
vn -0.0000 -0.1944 -0.9809
vn 0.7263 -0.1363 -0.6737
vn 0.7071 0.0000 -0.7071
vn 0.6794 0.1448 0.7194
vn -0.6794 0.1448 0.7194
vn -0.7263 -0.1363 -0.6737
vn 0.9987 0.0196 0.0473
vn 0.9955 0.0671 0.0671
vn 0.6630 0.5294 0.5294
vn -0.0000 0.7071 0.7071
vn -0.6630 0.5294 0.5294
vn -0.9955 0.0671 0.0671
vn -0.7574 -0.4617 -0.4617
vn 0.7574 -0.4617 -0.4617
vn -0.6333 0.7150 0.2962
vn -0.9947 0.0948 0.0393
vn -0.7311 -0.6303 -0.2611
vn 0.9947 0.0948 0.0393
vn 0.6333 0.7150 0.2962
vn -0.0000 0.9239 0.3827
vn 0.7311 -0.6303 -0.2611
v 0.562500 3.500000 -3.187500
v 0.937500 3.500000 -2.812500
v 0.562500 3.500000 -2.812500
v 0.937500 14.500000 -2.812499
v 0.562500 14.500000 -3.187499
v 0.562500 14.500000 -2.812499
v 0.937500 3.500000 -3.187500
v 0.937500 14.500000 -3.187499
v -0.937500 5.750000 -1.812500
v 0.937500 6.125000 -1.812500
v 0.937500 5.750000 -1.812500
v -0.562500 6.125000 -1.187500
v -0.937500 5.750000 -0.812500
v -0.562500 5.750000 -1.187500
v -0.937500 6.125000 -0.812500
v -0.937500 6.125000 -1.812500
v 0.937500 5.750000 -0.812500
v 0.562500 6.125000 -1.187500
v 0.937500 6.125000 -0.812500
v 0.562500 5.750000 -1.187500
v -0.937500 8.750000 -1.812500
v 0.937500 9.125000 -1.812500
v 0.937500 8.750000 -1.812500
v -0.562500 9.125000 -0.937500
v -0.937500 8.750000 -0.562500
v -0.562500 8.750000 -0.937500
v -0.937500 9.125000 -0.562500
v -0.937500 9.125000 -1.812500
v 0.937500 8.750000 -0.562500
v 0.562500 9.125000 -0.937500
v 0.937500 9.125000 -0.562500
v 0.562500 8.750000 -0.937500
v -0.937500 10.750000 -1.812500
v 0.937500 11.125000 -1.812500
v 0.937500 10.750000 -1.812500
v -0.562500 11.125000 -0.937500
v -0.937500 10.750000 -0.562500
v -0.562500 10.750000 -0.937500
v -0.937500 11.125000 -0.562500
v -0.937500 11.125000 -1.812500
v 0.937500 10.750000 -0.562500
v 0.562500 11.125000 -0.937500
v 0.937500 11.125000 -0.562500
v 0.562500 10.750000 -0.937500
v -0.562500 8.812500 -1.812500
v 0.562500 8.812500 -2.062500
v 0.562500 8.812500 -1.812500
v -0.562500 11.062500 -2.062500
v 0.562500 10.812500 -2.062500
v -0.562500 10.812500 -2.062500
v 0.562500 11.062500 -1.812500
v -0.562500 11.062500 -1.812500
v -0.562500 10.812500 -1.812500
v 0.562500 10.812500 -1.812500
v 0.562500 9.062500 -1.812500
v -0.562500 9.062500 -2.062500
v -0.562500 9.062500 -1.812500
v -0.562500 8.812500 -2.062500
v -0.562500 5.812500 -1.812500
v 0.562500 5.812500 -2.062500
v 0.562500 5.812500 -1.812500
v 0.562500 6.062500 -1.812500
v -0.562500 6.062500 -2.062500
v -0.562500 6.062500 -1.812500
v -0.562500 5.812500 -2.062500
v -0.562500 3.500000 -3.000000
v 0.562500 14.500000 -2.999999
v 0.562500 3.500000 -3.000000
v -0.750000 14.500000 -2.187499
v -0.750000 3.500000 -2.812500
v -0.750000 3.500000 -2.187500
v 0.562500 14.500000 -1.999999
v -0.562500 3.500000 -2.000000
v 0.562500 3.500000 -2.000000
v 0.750000 3.500000 -2.812500
v 0.750000 14.500000 -2.187499
v 0.750000 3.500000 -2.187500
v 0.562500 3.500000 -2.187500
v 0.937500 3.500000 -1.812500
v 0.562500 3.500000 -1.812500
v 0.937500 14.500000 -1.812499
v 0.562500 14.500000 -2.187499
v 0.562500 14.500000 -1.812499
v 0.937500 3.500000 -2.187500
v 0.937500 14.500000 -2.187499
v -0.937500 3.500000 -3.187500
v -0.562500 3.500000 -2.812500
v -0.937500 3.500000 -2.812500
v -0.562500 14.500000 -2.812499
v -0.937500 14.500000 -3.187499
v -0.937500 14.500000 -2.812499
v -0.562500 3.500000 -3.187500
v -0.562500 14.500000 -3.187499
v -0.937500 3.500000 -2.187500
v -0.562500 3.500000 -1.812500
v -0.937500 3.500000 -1.812500
v -0.562500 14.500000 -1.812499
v -0.937500 14.500000 -2.187499
v -0.937500 14.500000 -1.812499
v -0.562500 3.500000 -2.187500
v -0.562500 14.500000 -2.187499
v 0.562500 14.500000 -2.999999
v -0.562500 3.500000 -3.000000
v 0.562500 3.500000 -3.000000
v -0.750000 3.500000 -2.812500
v -0.750000 14.500000 -2.187499
v -0.750000 3.500000 -2.187500
v -0.562500 3.500000 -2.000000
v 0.562500 14.500000 -1.999999
v 0.562500 3.500000 -2.000000
v 0.750000 14.500000 -2.187499
v 0.750000 3.500000 -2.812500
v 0.750000 3.500000 -2.187500
v 0.562500 11.062500 -2.062500
v 0.562500 9.062500 -2.062500
v 0.562500 6.062500 -2.062500
v -0.562500 14.500000 -2.999999
v -0.750000 14.500000 -2.812499
v -0.562500 14.500000 -1.999999
v 0.750000 14.500000 -2.812499
v -0.562500 14.500000 -2.999999
v -0.750000 14.500000 -2.812499
v -0.562500 14.500000 -1.999999
v 0.750000 14.500000 -2.812499
vt 0.850649 0.031250
vt 0.831169 -0.000000
vt 0.850649 -0.000000
vt 0.831169 0.979167
vt 0.850649 0.947917
vt 0.850649 0.979167
vt 0.870130 0.031250
vt 0.889610 0.031250
vt 0.870130 0.947917
vt 0.909091 0.031250
vt 0.889610 0.947917
vt 0.831169 0.947917
vt 0.831169 0.031250
vt 0.136364 0.739583
vt 0.038961 0.770833
vt 0.038961 0.739583
vt 0.116883 0.875000
vt 0.136364 0.906250
vt 0.116883 0.906250
vt 0.155844 0.791667
vt 0.136364 0.875000
vt 0.136364 0.791667
vt 0.038961 0.791667
vt 0.136364 0.791667
vt 0.058442 0.843750
vt 0.038961 0.791667
vt 0.019481 0.875000
vt 0.019481 0.791667
vt 0.058442 0.843750
vt 0.038961 0.875000
vt 0.058442 0.906250
vt 0.038961 0.906250
vt 0.058442 0.875000
vt 0.136364 0.739583
vt 0.038961 0.770833
vt 0.038961 0.739583
vt 0.116883 0.875000
vt 0.136364 0.906250
vt 0.116883 0.906250
vt 0.155844 0.770833
vt 0.136364 0.875000
vt 0.136364 0.770833
vt 0.038961 0.770833
vt 0.136364 0.770833
vt 0.058442 0.843750
vt 0.019481 0.875000
vt 0.019481 0.770833
vt 0.058442 0.843750
vt 0.038961 0.875000
vt 0.058442 0.906250
vt 0.038961 0.906250
vt 0.058442 0.875000
vt 0.136364 0.739583
vt 0.038961 0.770833
vt 0.038961 0.739583
vt 0.116883 0.875000
vt 0.136364 0.906250
vt 0.116883 0.906250
vt 0.155844 0.770833
vt 0.136364 0.875000
vt 0.136364 0.770833
vt 0.038961 0.770833
vt 0.136364 0.770833
vt 0.058442 0.843750
vt 0.019481 0.875000
vt 0.019481 0.770833
vt 0.058442 0.843750
vt 0.038961 0.875000
vt 0.058442 0.906250
vt 0.038961 0.906250
vt 0.058442 0.875000
vt 0.967532 0.916667
vt 0.909091 0.937500
vt 0.909091 0.916667
vt 0.967532 0.958333
vt 0.909091 0.937500
vt 0.967532 0.937500
vt 0.909091 0.979167
vt 0.967532 0.979167
vt 0.967532 0.916667
vt 0.909091 0.916667
vt 0.909091 0.979167
vt 0.967532 0.958333
vt 0.967532 0.979167
vt 0.967532 0.937500
vt 0.967532 0.916667
vt 0.909091 0.937500
vt 0.909091 0.916667
vt 0.909091 0.979167
vt 0.967532 0.958333
vt 0.967532 0.979167
vt 0.967532 0.937500
vt 0.967532 0.000000
vt 0.909091 0.916667
vt 0.909091 -0.000000
vt 1.000000 0.916667
vt 0.967532 -0.000000
vt 1.000000 -0.000000
vt 0.967532 0.916667
vt 0.909091 -0.000000
vt 0.967532 0.000000
vt 1.000000 -0.000000
vt 0.967532 0.916667
vt 0.967532 -0.000000
vt 0.850649 0.031250
vt 0.831169 -0.000000
vt 0.850649 -0.000000
vt 0.831169 0.979167
vt 0.850649 0.947917
vt 0.850649 0.979167
vt 0.870130 0.031250
vt 0.889610 0.031250
vt 0.870130 0.947917
vt 0.909091 0.031250
vt 0.889610 0.947917
vt 0.831169 0.947917
vt 0.831169 0.031250
vt 0.850649 0.031250
vt 0.831169 -0.000000
vt 0.850649 -0.000000
vt 0.831169 0.979167
vt 0.850649 0.947917
vt 0.850649 0.979167
vt 0.870130 0.031250
vt 0.889610 0.031250
vt 0.870130 0.947917
vt 0.909091 0.031250
vt 0.889610 0.947917
vt 0.831169 0.947917
vt 0.831169 0.031250
vt 0.850649 0.031250
vt 0.831169 -0.000000
vt 0.850649 -0.000000
vt 0.831169 0.979167
vt 0.850649 0.947917
vt 0.850649 0.979167
vt 0.870130 0.031250
vt 0.889610 0.031250
vt 0.870130 0.947917
vt 0.909091 0.031250
vt 0.889610 0.947917
vt 0.831169 0.947917
vt 0.831169 0.031250
vt 0.909091 0.916667
vt 0.967532 0.000000
vt 0.909091 -0.000000
vt 0.967532 -0.000000
vt 1.000000 0.916667
vt 1.000000 -0.000000
vt 0.909091 -0.000000
vt 0.967532 0.916667
vt 0.967532 0.000000
vt 0.967532 0.916667
vt 1.000000 -0.000000
vt 0.967532 -0.000000
vt 0.909091 0.947917
vt 0.136364 0.770833
vt 0.155844 0.875000
vt 0.136364 0.875000
vt 0.116883 0.843750
vt 0.038961 0.875000
vt 0.116883 0.843750
vt 0.155844 0.875000
vt 0.136364 0.875000
vt 0.116883 0.843750
vt 0.038961 0.875000
vt 0.116883 0.843750
vt 0.155844 0.875000
vt 0.136364 0.875000
vt 0.116883 0.843750
vt 0.038961 0.875000
vt 0.116883 0.843750
vt 0.909091 0.958333
vt 0.909091 0.958333
vt 0.909091 0.958333
vt 0.967532 0.916667
vt 0.967532 0.916667
vt 0.909091 0.916667
vt 1.000000 0.916667
vt 0.909091 0.947917
vt 0.909091 0.947917
vt 0.909091 0.947917
vt 0.967532 0.916667
vt 0.967532 0.916667
vt 0.909091 0.916667
vt 1.000000 0.916667
vn 0.0000 -1.0000 0.0000
vn 0.0000 1.0000 0.0000
vn -1.0000 0.0000 0.0000
vn 0.0000 -0.0000 1.0000
vn 1.0000 0.0000 0.0000
vn 0.0000 0.0000 -1.0000
vn 0.7071 0.0000 0.7071
vn -0.7071 0.0000 0.7071
v 0.875000 3.500000 -1.875000
v 0.625000 4.500000 -1.875000
v 0.625000 3.500000 -1.875000
v 0.625000 3.500000 -2.125000
v 0.875000 4.500000 -2.125000
v 0.875000 3.500000 -2.125000
v 0.562500 2.000000 -2.187500
v 0.937500 2.000000 -1.812500
v 0.562500 2.000000 -1.812500
v -0.937500 2.000000 -2.187500
v -0.562500 2.000000 -1.812500
v -0.937500 2.000000 -1.812500
v 0.937500 3.500000 -2.812500
v 0.562500 3.500000 -3.187500
v 0.562500 3.500000 -2.812500
v -0.562500 3.500000 -2.812500
v -0.937500 3.500000 -3.187500
v -0.937500 3.500000 -2.812500
v -0.937500 1.500000 -3.187500
v -0.562500 3.500000 -3.187500
v -0.562500 1.500000 -3.187500
v -0.562500 1.500000 -2.812500
v -0.937500 1.500000 -2.812500
v 0.562500 1.500000 -3.187500
v 0.937500 3.500000 -3.187500
v 0.937500 1.500000 -3.187500
v 0.937500 1.500000 -2.812500
v 0.562500 1.500000 -2.812500
v 0.937500 3.500000 -1.812500
v 0.562500 3.500000 -2.187500
v 0.562500 3.500000 -1.812500
v -0.562500 3.500000 -1.812500
v -0.937500 3.500000 -2.187500
v -0.937500 3.500000 -1.812500
v -0.562500 2.000000 -2.187500
v 0.937500 2.000000 -2.187500
v -0.562500 3.500000 -2.187500
v 0.937500 3.500000 -2.187500
v 0.625000 3.500000 -3.125000
v 0.875000 4.500000 -3.125000
v 0.875000 3.500000 -3.125000
v 0.875000 3.500000 -2.875000
v 0.625000 4.500000 -2.875000
v 0.625000 3.500000 -2.875000
v 0.875000 4.500000 -2.875000
v 0.625000 4.500000 -3.125000
v 0.875000 4.500000 -1.875000
v 0.625000 4.500000 -2.125000
v -0.625000 3.500000 -1.875000
v -0.875000 4.500000 -1.875000
v -0.875000 3.500000 -1.875000
v -0.875000 3.500000 -2.125000
v -0.625000 4.500000 -2.125000
v -0.625000 3.500000 -2.125000
v -0.875000 3.500000 -3.125000
v -0.625000 4.500000 -3.125000
v -0.625000 3.500000 -3.125000
v -0.625000 3.500000 -2.875000
v -0.875000 4.500000 -2.875000
v -0.875000 3.500000 -2.875000
v -0.625000 4.500000 -2.875000
v -0.875000 4.500000 -3.125000
v -0.625000 4.500000 -1.875000
v -0.875000 4.500000 -2.125000
v 0.750000 2.000000 -2.187500
v 0.750000 3.500000 -2.812500
v 0.750000 3.500000 -2.187500
v -0.750000 3.500000 -2.812500
v -0.750000 2.000000 -2.187500
v -0.750000 3.500000 -2.187500
v -0.562500 2.000000 -2.000000
v 0.562500 3.500000 -2.000000
v -0.562500 3.500000 -2.000000
v 0.562500 3.500000 -3.000000
v -0.562500 2.000000 -3.000000
v -0.562500 3.500000 -3.000000
v 0.750000 3.500000 -2.812500
v 0.750000 2.000000 -2.187500
v 0.750000 3.500000 -2.187500
v -0.750000 2.000000 -2.187500
v -0.750000 3.500000 -2.812500
v -0.750000 3.500000 -2.187500
v 0.562500 3.500000 -2.000000
v -0.562500 2.000000 -2.000000
v -0.562500 3.500000 -2.000000
v -0.562500 2.000000 -3.000000
v 0.562500 3.500000 -3.000000
v -0.562500 3.500000 -3.000000
v 0.750000 2.000000 -2.812500
v -0.750000 2.000000 -2.812500
v 0.562500 2.000000 -2.000000
v 0.562500 2.000000 -3.000000
v 0.750000 2.000000 -2.812500
v -0.750000 2.000000 -2.812500
v 0.562500 2.000000 -2.000000
v 0.562500 2.000000 -3.000000
vt 0.168831 0.541667
vt 0.155844 0.625000
vt 0.155844 0.541667
vt 0.142857 0.541667
vt 0.129870 0.625000
vt 0.129870 0.541667
vt 0.051948 0.708333
vt 0.071429 0.739583
vt 0.051948 0.739583
vt 0.051948 0.708333
vt 0.071429 0.739583
vt 0.051948 0.739583
vt 0.051948 0.739583
vt 0.071429 0.708333
vt 0.071429 0.739583
vt 0.051948 0.739583
vt 0.071429 0.708333
vt 0.071429 0.739583
vt 0.071429 0.541667
vt 0.051948 0.708333
vt 0.051948 0.541667
vt 0.110390 0.541667
vt 0.090909 0.708333
vt 0.090909 0.541667
vt 0.071429 0.541667
vt 0.051948 0.708333
vt 0.051948 0.541667
vt 0.110390 0.541667
vt 0.090909 0.708333
vt 0.090909 0.541667
vt 0.129870 0.541667
vt 0.110390 0.708333
vt 0.129870 0.541667
vt 0.110390 0.708333
vt 0.051948 0.739583
vt 0.071429 0.708333
vt 0.071429 0.739583
vt 0.051948 0.739583
vt 0.071429 0.708333
vt 0.071429 0.739583
vt 0.110390 0.583333
vt 0.090909 0.708333
vt 0.090909 0.583333
vt 0.129870 0.583333
vt 0.110390 0.708333
vt 0.110390 0.583333
vt 0.090909 0.583333
vt 0.071429 0.583333
vt 0.129870 0.583333
vt 0.110390 0.708333
vt 0.071429 0.583333
vt 0.051948 0.708333
vt 0.051948 0.583333
vt 0.090909 0.708333
vt 0.051948 0.708333
vt 0.051948 0.583333
vt 0.142857 0.541667
vt 0.129870 0.625000
vt 0.129870 0.541667
vt 0.168831 0.541667
vt 0.155844 0.625000
vt 0.155844 0.541667
vt 0.181818 0.541667
vt 0.168831 0.625000
vt 0.142857 0.625000
vt 0.181818 0.541667
vt 0.168831 0.625000
vt 0.142857 0.625000
vt 0.168831 0.541667
vt 0.155844 0.625000
vt 0.155844 0.541667
vt 0.142857 0.541667
vt 0.129870 0.625000
vt 0.129870 0.541667
vt 0.142857 0.541667
vt 0.129870 0.625000
vt 0.129870 0.541667
vt 0.168831 0.541667
vt 0.155844 0.625000
vt 0.155844 0.541667
vt 0.181818 0.541667
vt 0.168831 0.625000
vt 0.142857 0.625000
vt 0.181818 0.541667
vt 0.168831 0.625000
vt 0.142857 0.625000
vt 0.240260 0.541667
vt 0.272727 0.666667
vt 0.240260 0.666667
vt 0.240260 0.666667
vt 0.272727 0.541667
vt 0.272727 0.666667
vt 0.181818 0.541667
vt 0.240260 0.666667
vt 0.181818 0.666667
vt 0.181818 0.666667
vt 0.240260 0.541667
vt 0.240260 0.666667
vt 0.272727 0.666667
vt 0.240260 0.541667
vt 0.240260 0.666667
vt 0.272727 0.541667
vt 0.240260 0.666667
vt 0.272727 0.666667
vt 0.240260 0.666667
vt 0.181818 0.541667
vt 0.181818 0.666667
vt 0.240260 0.541667
vt 0.181818 0.666667
vt 0.240260 0.666667
vt 0.071429 0.708333
vt 0.071429 0.708333
vt 0.129870 0.708333
vt 0.129870 0.708333
vt 0.129870 0.708333
vt 0.129870 0.708333
vt 0.181818 0.625000
vt 0.181818 0.625000
vt 0.181818 0.625000
vt 0.181818 0.625000
vt 0.272727 0.541667
vt 0.240260 0.541667
vt 0.240260 0.541667
vt 0.181818 0.541667
vt 0.272727 0.541667
vt 0.240260 0.541667
vt 0.240260 0.541667
vt 0.181818 0.541667
vn 0.0000 -0.0000 1.0000
vn 0.0000 0.0000 -1.0000
vn 0.0000 -1.0000 0.0000
vn 0.0000 1.0000 0.0000
vn 1.0000 0.0000 0.0000
vn -1.0000 0.0000 0.0000
v 0.125000 5.750000 2.500000
v 0.198223 5.573223 1.000000
v 0.198223 5.573223 2.500000
v 0.375000 5.500000 1.000000
v 0.375000 5.500000 2.500000
v 0.551777 5.573223 2.500000
v 0.625000 5.750000 1.000000
v 0.625000 5.750000 2.500000
v 0.551777 5.573223 1.000000
v 0.551777 5.926777 2.500000
v 0.375000 6.000000 1.000000
v 0.375000 6.000000 2.500000
v 0.198223 5.926777 2.500000
v 0.125000 5.750000 1.000000
v 0.551777 5.926777 1.000000
v 0.198223 5.926777 1.000000
v -0.625000 5.750000 2.500000
v -0.551777 5.573223 1.000000
v -0.551777 5.573223 2.500000
v -0.375000 5.500000 1.000000
v -0.375000 5.500000 2.500000
v -0.198223 5.573223 2.500000
v -0.125000 5.750000 1.000000
v -0.125000 5.750000 2.500000
v -0.198223 5.573223 1.000000
v -0.198223 5.926777 2.500000
v -0.375000 6.000000 1.000000
v -0.375000 6.000000 2.500000
v -0.551777 5.926777 2.500000
v -0.625000 5.750000 1.000000
v -0.198223 5.926777 1.000000
v -0.551777 5.926777 1.000000
v 0.125000 10.250000 2.250000
v 0.198223 10.073223 0.750000
v 0.198223 10.073223 2.250000
v 0.375000 10.000000 0.750000
v 0.375000 10.000000 2.250000
v 0.551777 10.073223 2.250000
v 0.625000 10.250000 0.750000
v 0.625000 10.250000 2.250000
v 0.551777 10.073223 0.750000
v 0.551777 10.426777 2.250000
v 0.375000 10.500000 0.750000
v 0.375000 10.500000 2.250000
v 0.198223 10.426777 2.250000
v 0.125000 10.250000 0.750000
v 0.551777 10.426777 0.750000
v 0.198223 10.426777 0.750000
v -0.625000 10.250000 2.250000
v -0.551777 10.073223 0.750000
v -0.551777 10.073223 2.250000
v -0.375000 10.000000 0.750000
v -0.375000 10.000000 2.250000
v -0.198223 10.073223 2.250000
v -0.125000 10.250000 0.750000
v -0.125000 10.250000 2.250000
v -0.198223 10.073223 0.750000
v -0.198223 10.426777 2.250000
v -0.375000 10.500000 0.750000
v -0.375000 10.500000 2.250000
v -0.551777 10.426777 2.250000
v -0.625000 10.250000 0.750000
v -0.198223 10.426777 0.750000
v -0.551777 10.426777 0.750000
vt 0.538961 0.500000
vt 0.529221 0.625000
vt 0.529221 0.500000
vt 0.519481 0.625000
vt 0.519481 0.500000
vt 0.587662 0.500000
vt 0.577922 0.625000
vt 0.577922 0.500000
vt 0.597403 0.625000
vt 0.587662 0.625000
vt 0.568182 0.500000
vt 0.558442 0.625000
vt 0.558442 0.500000
vt 0.548701 0.500000
vt 0.538961 0.625000
vt 0.568182 0.625000
vt 0.548701 0.625000
vt 0.616883 0.500000
vt 0.607143 0.625000
vt 0.607143 0.500000
vt 0.597403 0.625000
vt 0.597403 0.500000
vt 0.665585 0.500000
vt 0.655844 0.625000
vt 0.655844 0.500000
vt 0.675325 0.625000
vt 0.665585 0.625000
vt 0.646104 0.500000
vt 0.636364 0.625000
vt 0.636364 0.500000
vt 0.626623 0.500000
vt 0.616883 0.625000
vt 0.646104 0.625000
vt 0.626623 0.625000
vt 0.538961 0.500000
vt 0.529221 0.625000
vt 0.529221 0.500000
vt 0.519481 0.625000
vt 0.519481 0.500000
vt 0.587662 0.500000
vt 0.577922 0.625000
vt 0.577922 0.500000
vt 0.597403 0.625000
vt 0.587662 0.625000
vt 0.568182 0.500000
vt 0.558442 0.625000
vt 0.558442 0.500000
vt 0.548701 0.500000
vt 0.538961 0.625000
vt 0.568182 0.625000
vt 0.548701 0.625000
vt 0.616883 0.500000
vt 0.607143 0.625000
vt 0.607143 0.500000
vt 0.597403 0.625000
vt 0.597403 0.500000
vt 0.665585 0.500000
vt 0.655844 0.625000
vt 0.655844 0.500000
vt 0.675325 0.625000
vt 0.665585 0.625000
vt 0.646104 0.500000
vt 0.636364 0.625000
vt 0.636364 0.500000
vt 0.626623 0.500000
vt 0.616883 0.625000
vt 0.646104 0.625000
vt 0.626623 0.625000
vt 0.597403 0.500000
vt 0.675325 0.500000
vt 0.597403 0.500000
vt 0.675325 0.500000
vn -1.0000 0.0000 0.0000
vn -0.7071 -0.7071 0.0000
vn 0.0000 -1.0000 0.0000
vn 0.7071 -0.7071 0.0000
vn 1.0000 -0.0000 0.0000
vn 0.7071 0.7071 0.0000
vn 0.0000 1.0000 0.0000
vn -0.7071 0.7071 0.0000
v 1.500000 2.000000 -1.500000
v -1.500000 2.000000 1.500000
v 1.500000 2.000000 1.500000
v -1.500000 2.000000 1.500000
v 3.500000 2.000000 3.500000
v 1.500000 2.000000 1.500000
v 3.500000 1.750000 3.500000
v 3.250000 1.750000 -3.250000
v 3.500000 1.750000 -3.500000
v 3.500000 2.000000 -3.500000
v -3.500000 2.000000 -3.500000
v -3.500000 1.750000 3.500000
v -3.500000 2.000000 3.500000
v -3.500000 1.750000 -3.500000
v -3.250000 1.000000 -3.250000
v -3.250000 1.750000 -3.250000
v -3.250000 1.750000 3.250000
v 3.250000 1.750000 3.250000
v -1.500000 2.000000 -1.500000
v 3.250000 1.000000 3.250000
v 3.250000 1.000000 -3.250000
v -3.250000 1.000000 3.250000
v 1.500000 2.000000 -1.500000
v 0.500000 1.000000 0.500000
v -0.500000 1.000000 0.500000
v -0.500000 1.000000 -0.500000
v 0.500000 1.000000 -0.500000
v 2.000000 1.500000 -4.500000
v -2.000000 1.000000 -4.500000
v -2.000000 1.500000 -4.500000
v 2.000000 2.000000 -3.500000
v -2.000000 2.000000 -4.000000
v -2.000000 2.000000 -3.500000
v 2.000000 2.000000 -4.000000
v 2.000000 1.000000 -3.500000
v -2.000000 1.000000 -3.500000
v -4.500000 2.000000 1.500000
v -3.500000 2.000000 1.500000
v -3.500000 1.750000 1.500000
v -4.500000 2.000000 4.500000
v -4.500000 1.000000 1.500000
v -4.500000 1.000000 4.500000
v -1.500000 1.000000 4.500000
v -1.500000 1.750000 3.500000
v -1.500000 2.000000 4.500000
v -3.500000 2.000000 3.500000
v -4.500000 4.000000 1.500000
v -1.500000 4.000000 4.500000
v -4.500000 4.000000 4.500000
v -4.500000 4.250000 4.500000
v -1.500000 4.250000 4.500000
v -4.500000 4.250000 1.500000
v -1.500000 4.250000 1.500000
v -1.500000 4.000000 1.500000
v -4.000000 2.000000 4.250000
v -2.000000 4.000000 4.250000
v -4.000000 4.000000 4.250000
v -1.500000 2.000000 2.000000
v -2.000000 4.000000 2.000000
v -2.000000 2.000000 2.000000
v -4.000000 2.000000 1.500000
v -4.000000 4.000000 2.000000
v -4.000000 2.000000 2.000000
v -1.500000 2.000000 1.500000
v -1.500000 4.000000 2.000000
v -4.500000 2.000000 1.500000
v -4.000000 4.000000 1.500000
v -2.000000 2.000000 1.500000
v -1.500000 4.000000 1.500000
v -4.500000 2.000000 4.500000
v -4.500000 4.000000 4.000000
v -4.500000 2.000000 4.000000
v -2.000000 2.000000 4.500000
v -2.000000 4.000000 4.000000
v -2.000000 2.000000 4.000000
v -4.000000 2.000000 4.500000
v -4.500000 4.000000 4.500000
v -1.500000 2.000000 4.500000
v -2.000000 4.000000 4.500000
v -4.000000 2.000000 4.000000
v -4.000000 4.000000 4.500000
v -1.500000 2.000000 4.000000
v -1.500000 4.000000 4.500000
v -4.000000 4.000000 4.000000
v -4.500000 2.000000 2.000000
v -4.500000 4.000000 1.500000
v -1.500000 4.000000 4.000000
v -2.000000 4.000000 1.500000
v -4.500000 4.000000 2.000000
v -2.000000 4.000000 1.750000
v -4.000000 2.000000 1.750000
v -4.000000 4.000000 1.750000
v -1.750000 4.000000 4.000000
v -1.750000 2.000000 2.000000
v -1.750000 4.000000 2.000000
v -4.250000 2.000000 2.000000
v -4.250000 4.000000 4.000000
v -4.250000 4.000000 2.000000
v -4.500000 6.250000 1.500000
v -1.500000 6.250000 4.500000
v -4.500000 6.250000 4.500000
v -4.500000 6.500000 4.500000
v -1.500000 6.500000 4.500000
v -4.500000 6.500000 1.500000
v -1.500000 6.500000 1.500000
v -1.500000 6.250000 1.500000
v -4.000000 4.250000 4.250000
v -2.000000 6.250000 4.250000
v -4.000000 6.250000 4.250000
v -1.500000 4.250000 2.000000
v -2.000000 6.250000 2.000000
v -2.000000 4.250000 2.000000
v -4.000000 4.250000 1.500000
v -4.000000 6.250000 2.000000
v -4.000000 4.250000 2.000000
v -1.500000 4.250000 1.500000
v -1.500000 6.250000 2.000000
v -4.500000 4.250000 1.500000
v -4.000000 6.250000 1.500000
v -2.000000 4.250000 1.500000
v -1.500000 6.250000 1.500000
v -4.500000 4.250000 4.500000
v -4.500000 6.250000 4.000000
v -4.500000 4.250000 4.000000
v -2.000000 4.250000 4.500000
v -2.000000 6.250000 4.000000
v -2.000000 4.250000 4.000000
v -4.000000 4.250000 4.500000
v -4.500000 6.250000 4.500000
v -1.500000 4.250000 4.500000
v -2.000000 6.250000 4.500000
v -4.000000 4.250000 4.000000
v -4.000000 6.250000 4.500000
v -1.500000 4.250000 4.000000
v -1.500000 6.250000 4.500000
v -4.000000 6.250000 4.000000
v -4.500000 4.250000 2.000000
v -4.500000 6.250000 1.500000
v -1.500000 6.250000 4.000000
v -2.000000 6.250000 1.500000
v -4.500000 6.250000 2.000000
v -2.000000 6.250000 1.750000
v -4.000000 4.250000 1.750000
v -4.000000 6.250000 1.750000
v -1.750000 6.250000 4.000000
v -1.750000 4.250000 2.000000
v -1.750000 6.250000 2.000000
v -4.250000 4.250000 2.000000
v -4.250000 6.250000 4.000000
v -4.250000 6.250000 2.000000
v -4.500000 8.500000 1.500000
v -1.500000 8.500000 4.500000
v -4.500000 8.500000 4.500000
v -4.500000 8.750000 4.500000
v -1.500000 8.750000 4.500000
v -4.500000 8.750000 1.500000
v -1.500000 8.750000 1.500000
v -1.500000 8.500000 1.500000
v -4.000000 6.500000 4.250000
v -2.000000 8.500000 4.250000
v -4.000000 8.500000 4.250000
v -1.500000 6.500000 2.000000
v -2.000000 8.500000 2.000000
v -2.000000 6.500000 2.000000
v -4.000000 6.500000 1.500000
v -4.000000 8.500000 2.000000
v -4.000000 6.500000 2.000000
v -1.500000 6.500000 1.500000
v -1.500000 8.500000 2.000000
v -4.500000 6.500000 1.500000
v -4.000000 8.500000 1.500000
v -2.000000 6.500000 1.500000
v -1.500000 8.500000 1.500000
v -4.500000 6.500000 4.500000
v -4.500000 8.500000 4.000000
v -4.500000 6.500000 4.000000
v -2.000000 6.500000 4.500000
v -2.000000 8.500000 4.000000
v -2.000000 6.500000 4.000000
v -4.000000 6.500000 4.500000
v -4.500000 8.500000 4.500000
v -1.500000 6.500000 4.500000
v -2.000000 8.500000 4.500000
v -4.000000 6.500000 4.000000
v -4.000000 8.500000 4.500000
v -1.500000 6.500000 4.000000
v -1.500000 8.500000 4.500000
v -4.000000 8.500000 4.000000
v -4.500000 6.500000 2.000000
v -4.500000 8.500000 1.500000
v -1.500000 8.500000 4.000000
v -2.000000 8.500000 1.500000
v -4.500000 8.500000 2.000000
v -2.000000 8.500000 1.750000
v -4.000000 6.500000 1.750000
v -4.000000 8.500000 1.750000
v -1.750000 8.500000 4.000000
v -1.750000 6.500000 2.000000
v -1.750000 8.500000 2.000000
v -4.250000 6.500000 2.000000
v -4.250000 8.500000 4.000000
v -4.250000 8.500000 2.000000
v -4.500000 10.750000 1.500000
v -1.500000 10.750000 4.500000
v -4.500000 10.750000 4.500000
v -4.500000 11.000000 4.500000
v -1.500000 11.000000 4.500000
v -4.500000 11.000000 1.500000
v -1.500000 11.000000 1.500000
v -1.500000 10.750000 1.500000
v -4.000000 8.750000 4.250000
v -2.000000 10.750000 4.250000
v -4.000000 10.750000 4.250000
v -1.500000 8.750000 2.000000
v -2.000000 10.750000 2.000000
v -2.000000 8.750000 2.000000
v -4.000000 8.750000 1.500000
v -4.000000 10.750000 2.000000
v -4.000000 8.750000 2.000000
v -1.500000 8.750000 1.500000
v -1.500000 10.750000 2.000000
v -4.500000 8.750000 1.500000
v -4.000000 10.750000 1.500000
v -2.000000 8.750000 1.500000
v -1.500000 10.750000 1.500000
v -4.500000 8.750000 4.500000
v -4.500000 10.750000 4.000000
v -4.500000 8.750000 4.000000
v -2.000000 8.750000 4.500000
v -2.000000 10.750000 4.000000
v -2.000000 8.750000 4.000000
v -4.000000 8.750000 4.500000
v -4.500000 10.750000 4.500000
v -1.500000 8.750000 4.500000
v -2.000000 10.750000 4.500000
v -4.000000 8.750000 4.000000
v -4.000000 10.750000 4.500000
v -1.500000 8.750000 4.000000
v -1.500000 10.750000 4.500000
v -4.000000 10.750000 4.000000
v -4.500000 8.750000 2.000000
v -4.500000 10.750000 1.500000
v -1.500000 10.750000 4.000000
v -2.000000 10.750000 1.500000
v -4.500000 10.750000 2.000000
v -2.000000 10.750000 1.750000
v -4.000000 8.750000 1.750000
v -4.000000 10.750000 1.750000
v -1.750000 10.750000 4.000000
v -1.750000 8.750000 2.000000
v -1.750000 10.750000 2.000000
v -4.250000 8.750000 2.000000
v -4.250000 10.750000 4.000000
v -4.250000 10.750000 2.000000
v -3.187500 15.250000 3.750001
v -3.750000 15.250000 4.625000
v -3.187500 13.250000 3.750000
v -3.750000 15.250000 3.187501
v -3.750000 13.250000 3.187500
v -4.625000 15.250000 3.750001
v -3.375000 15.250000 4.250000
v -4.625000 15.250000 3.750001
v -4.250000 15.250000 3.375001
v -3.750000 15.500000 4.625000
v -3.750000 15.250000 4.625000
v -4.250000 15.500000 3.375001
v -3.375000 15.500000 4.250000
v -2.250000 15.250000 1.375001
v -1.750000 15.250000 2.625001
v -2.625000 15.250000 1.750001
v -1.750000 15.500000 2.625001
v -2.250000 15.500000 1.375001
v -2.625000 15.500000 1.750001
v -1.375000 15.500000 2.250001
v -1.375000 15.250000 2.250001
v -4.250000 15.500000 2.625001
v -4.250000 15.250000 2.625001
v -1.750000 15.500000 3.375001
v -1.750000 15.250000 3.375001
v -4.625000 15.500000 3.750001
v -2.625000 15.250000 4.250000
v -3.375000 15.250000 1.750001
v -2.625000 15.500000 4.250000
v -3.375000 15.500000 1.750001
v -4.250000 13.000000 2.625000
v -3.375000 13.250000 1.750001
v -3.375000 13.000000 1.750001
v -3.937500 2.000000 2.812500
v -3.562500 17.500000 2.812501
v -3.562500 2.000000 2.812500
v -1.750000 13.000000 3.375000
v -2.625000 13.250000 4.250000
v -2.625000 13.000000 4.250000
v -1.750000 13.250000 2.625000
v -1.750000 13.000000 2.625000
v -4.250000 13.000000 3.375000
v -3.187500 2.000000 3.562500
v -2.812500 17.500000 3.562501
v -2.812500 2.000000 3.562500
v -2.062500 2.000000 3.187500
v -2.437500 17.500000 3.187501
v -2.437500 2.000000 3.187500
v -2.437500 17.500000 2.812501
v -2.437500 2.000000 2.812500
v -2.062500 17.500000 2.812501
v -2.062500 2.000000 2.812500
v -2.812500 2.000000 2.437500
v -3.187500 17.500000 2.437501
v -3.187500 2.000000 2.437500
v -3.187500 17.500000 2.062501
v -3.187500 2.000000 2.062500
v -3.562500 17.500000 3.187501
v -3.562500 2.000000 3.187500
v -2.812500 2.000000 2.062500
v -2.812500 17.500000 2.437501
v -2.812500 17.500000 2.062501
v -3.187500 2.000000 3.937500
v -3.187500 17.500000 3.562501
v -3.937500 2.000000 3.187500
v -3.937500 17.500000 2.812501
v -2.812500 17.500000 3.937501
v -2.812500 2.000000 3.937500
v -3.187500 17.500000 3.937501
v -3.937500 17.500000 3.187501
v -2.062500 17.500000 3.187501
v -3.750000 17.500000 2.812501
v -3.187500 2.000000 2.250000
v -3.750000 2.000000 2.812500
v -2.250000 17.500000 3.187501
v -2.812500 2.000000 3.750000
v -2.250000 2.000000 3.187500
v -3.187500 2.000000 3.750000
v -3.750000 17.500000 3.187501
v -3.750000 2.000000 3.187500
v -2.812500 2.000000 2.250000
v -2.250000 17.500000 2.812501
v -2.250000 2.000000 2.812500
v -2.625000 13.250000 1.750001
v -2.625000 13.000000 1.750001
v -3.375000 13.250000 4.250000
v -3.375000 13.000000 4.250000
v -1.375000 13.250000 2.250000
v -4.625000 13.250000 3.750000
v -4.250000 13.250000 3.375000
v -1.750000 13.250000 3.375000
v -4.250000 13.250000 2.625000
v -1.750000 17.500000 2.625001
v -2.625000 17.500000 4.250001
v -4.250000 17.500000 3.375001
v -2.625000 17.750000 4.250001
v -1.750000 17.750000 2.625001
v -3.375000 17.750000 1.750001
v -1.750000 17.500000 3.375001
v -4.250000 17.500000 2.625001
v -3.375000 17.500000 1.750001
v -2.625000 17.750000 1.750001
v -2.625000 17.500000 1.750001
v -3.375000 17.750000 4.250001
v -3.375000 17.500000 4.250001
v -4.250000 17.750000 3.375001
v -1.750000 17.750000 3.375001
v -4.250000 17.750000 2.625001
v -2.250000 13.000000 1.375001
v -1.375000 13.000000 2.250000
v -2.250000 13.250000 1.375001
v -3.750000 13.000000 4.625000
v -3.750000 13.250000 4.625000
v -4.625000 13.000000 3.750000
v 1.375000 3.000000 0.250000
v 1.375000 4.000000 -0.250000
v 1.375000 4.000000 0.250000
v 1.125000 4.000000 -0.250000
v 1.125000 3.000000 0.250000
v 1.125000 4.000000 0.250000
v 1.375000 3.000000 -0.250000
v 1.125000 3.000000 -0.250000
v 3.500000 2.250000 0.250000
v 2.500000 2.250000 -0.250000
v 2.500000 2.250000 0.250000
v 3.500000 2.000000 -0.250000
v 3.500000 2.000000 0.250000
v 2.500000 2.000000 0.250000
v 2.500000 2.000000 -0.250000
v 3.500000 2.250000 -0.250000
v 1.196051 3.475517 -0.125000
v 3.080348 2.220756 -0.125000
v 2.919652 2.029244 -0.125000
v 1.356748 3.667028 0.125000
v 3.080348 2.220756 0.125000
v 1.875000 2.000000 0.375000
v 1.875000 3.000000 0.125000
v 1.875000 3.000000 -0.125000
v 2.919652 2.029244 0.125000
v 2.125000 3.000000 -0.125000
v 2.125000 2.000000 0.375000
v 2.125000 2.000000 0.625000
v 1.875000 2.000000 0.625000
v 1.196051 3.475517 0.125000
v 2.125000 3.000000 0.125000
v 2.125000 2.000000 -0.375000
v 2.125000 3.000000 -0.125000
v 2.125000 3.000000 0.125000
v 1.875000 2.000000 -0.375000
v 1.875000 3.000000 -0.125000
v 1.875000 2.000000 -0.625000
v 2.125000 2.000000 -0.625000
v 1.875000 3.000000 0.125000
v -1.502151 2.591684 1.678928
v -0.934124 3.475517 0.757348
v -0.757348 3.475517 0.934124
v -1.615781 2.783195 1.792558
v -0.870978 3.667028 1.047755
v -1.792558 2.783195 1.615781
v -1.047754 3.667028 0.870978
v -1.678928 2.591684 1.502151
v 1.149048 3.000000 -0.795495
v 0.795495 4.000000 -1.149048
v 1.149048 4.000000 -0.795495
v -3.187500 15.250000 3.750001
v -3.187500 13.250000 3.750000
v -3.750000 15.250000 4.625000
v -3.750000 15.250000 3.187501
v -4.625000 15.250000 3.750001
v -3.750000 13.250000 3.187500
v -3.187500 2.000000 2.250000
v -3.750000 17.500000 2.812501
v -3.750000 2.000000 2.812500
v -2.812500 2.000000 3.750000
v -2.250000 17.500000 3.187501
v -2.250000 2.000000 3.187500
v -3.750000 17.500000 3.187501
v -3.187500 2.000000 3.750000
v -3.750000 2.000000 3.187500
v -2.250000 17.500000 2.812501
v -2.812500 2.000000 2.250000
v -2.250000 2.000000 2.812500
v -2.000000 4.000000 4.250000
v -4.000000 2.000000 4.250000
v -4.000000 4.000000 4.250000
v -4.000000 2.000000 1.750000
v -2.000000 4.000000 1.750000
v -4.000000 4.000000 1.750000
v -1.750000 2.000000 2.000000
v -1.750000 4.000000 4.000000
v -1.750000 4.000000 2.000000
v -4.250000 4.000000 4.000000
v -4.250000 2.000000 2.000000
v -4.250000 4.000000 2.000000
v -2.000000 6.250000 4.250000
v -4.000000 4.250000 4.250000
v -4.000000 6.250000 4.250000
v -4.000000 4.250000 1.750000
v -2.000000 6.250000 1.750000
v -4.000000 6.250000 1.750000
v -1.750000 4.250000 2.000000
v -1.750000 6.250000 4.000000
v -1.750000 6.250000 2.000000
v -4.250000 6.250000 4.000000
v -4.250000 4.250000 2.000000
v -4.250000 6.250000 2.000000
v -2.000000 8.500000 4.250000
v -4.000000 6.500000 4.250000
v -4.000000 8.500000 4.250000
v -4.000000 6.500000 1.750000
v -2.000000 8.500000 1.750000
v -4.000000 8.500000 1.750000
v -1.750000 6.500000 2.000000
v -1.750000 8.500000 4.000000
v -1.750000 8.500000 2.000000
v -4.250000 8.500000 4.000000
v -4.250000 6.500000 2.000000
v -4.250000 8.500000 2.000000
v -2.000000 10.750000 4.250000
v -4.000000 8.750000 4.250000
v -4.000000 10.750000 4.250000
v -4.000000 8.750000 1.750000
v -2.000000 10.750000 1.750000
v -4.000000 10.750000 1.750000
v -1.750000 8.750000 2.000000
v -1.750000 10.750000 4.000000
v -1.750000 10.750000 2.000000
v -4.250000 10.750000 4.000000
v -4.250000 8.750000 2.000000
v -4.250000 10.750000 2.000000
v 0.618718 4.000000 -0.972272
v 0.972272 3.000000 -0.618718
v 0.972272 4.000000 -0.618718
v 0.795495 3.000000 -1.149048
v 0.618718 3.000000 -0.972272
v 2.651650 2.250000 -2.298097
v 1.590990 2.250000 -1.944544
v 1.944544 2.250000 -1.590990
v 2.298097 2.000000 -2.651650
v 2.651650 2.000000 -2.298097
v 1.944544 2.000000 -1.590990
v 1.590990 2.000000 -1.944544
v 2.298097 2.250000 -2.651650
v 0.757348 3.475517 -0.934124
v 2.089747 2.220756 -2.266524
v 1.976117 2.029244 -2.152894
v 1.047754 3.667028 -0.870978
v 2.266524 2.220756 -2.089747
v 1.590990 2.000000 -1.060660
v 1.414214 3.000000 -1.237437
v 1.237437 3.000000 -1.414214
v 2.152894 2.029244 -1.976117
v 1.414214 3.000000 -1.590990
v 1.767767 2.000000 -1.237437
v 1.944544 2.000000 -1.060660
v 1.767767 2.000000 -0.883883
v 0.934124 3.475517 -0.757348
v 1.590990 3.000000 -1.414214
v 1.237437 2.000000 -1.767767
v 1.414214 3.000000 -1.590990
v 1.590990 3.000000 -1.414214
v 1.060660 2.000000 -1.590990
v 1.237437 3.000000 -1.414214
v 0.883883 2.000000 -1.767767
v 1.060660 2.000000 -1.944544
v 1.414214 3.000000 -1.237437
v 0.795495 3.000000 1.149048
v 1.149048 4.000000 0.795495
v 0.795495 4.000000 1.149048
v 0.972272 4.000000 0.618719
v 0.618718 3.000000 0.972272
v 0.618718 4.000000 0.972272
v 1.149048 3.000000 0.795495
v 0.972272 3.000000 0.618719
v 2.298097 2.250000 2.651650
v 1.944543 2.250000 1.590990
v 1.590990 2.250000 1.944544
v 2.651650 2.000000 2.298097
v 2.298097 2.000000 2.651650
v 1.590990 2.000000 1.944544
v 1.944543 2.000000 1.590990
v 2.651650 2.250000 2.298097
v 0.934124 3.475517 0.757348
v 2.266524 2.220755 2.089747
v 2.152894 2.029244 1.976117
v 0.870978 3.667028 1.047755
v 2.089747 2.220755 2.266524
v 1.060660 2.000000 1.590990
v 1.237437 3.000000 1.414214
v 1.414214 3.000000 1.237437
v 1.976117 2.029244 2.152894
v 1.590990 3.000000 1.414214
v 1.237437 2.000000 1.767767
v 1.060660 2.000000 1.944544
v 0.883883 2.000000 1.767767
v 0.757348 3.475517 0.934125
v 1.414213 3.000000 1.590990
v 1.767767 2.000000 1.237437
v 1.590990 3.000000 1.414214
v 1.414213 3.000000 1.590990
v 1.590990 2.000000 1.060660
v 1.414214 3.000000 1.237437
v 1.767767 2.000000 0.883883
v 1.944544 2.000000 1.060660
v 1.237437 3.000000 1.414214
v -1.375000 3.000000 -0.250000
v -1.375000 4.000000 0.250000
v -1.375000 4.000000 -0.250000
v -1.125000 4.000000 0.250000
v -1.125000 3.000000 -0.250000
v -1.125000 4.000000 -0.250000
v -1.375000 3.000000 0.250000
v -1.125000 3.000000 0.250000
v -3.500000 2.250000 -0.250000
v -2.500000 2.250000 0.250000
v -2.500000 2.250000 -0.250000
v -3.500000 2.000000 0.250000
v -3.500000 2.000000 -0.250000
v -2.500000 2.000000 -0.250000
v -2.500000 2.000000 0.250000
v -3.500000 2.250000 0.250000
v -1.196051 3.475517 0.125000
v -3.080348 2.220756 0.125000
v -2.919652 2.029244 0.125000
v -1.356748 3.667028 -0.125000
v -3.080348 2.220756 -0.125000
v -1.875000 2.000000 -0.375000
v -1.875000 3.000000 -0.125000
v -1.875000 3.000000 0.125000
v -2.919652 2.029244 -0.125000
v -2.125000 3.000000 0.125000
v -2.125000 2.000000 -0.375000
v -2.125000 2.000000 -0.625000
v -1.875000 2.000000 -0.625000
v -2.125000 3.000000 -0.125000
v -2.125000 2.000000 0.375000
v -2.125000 3.000000 0.125000
v -2.125000 3.000000 -0.125000
v -1.875000 2.000000 0.375000
v -1.875000 3.000000 0.125000
v -1.875000 2.000000 0.625000
v -2.125000 2.000000 0.625000
v -1.875000 3.000000 -0.125000
v -0.795495 3.000000 -1.149048
v -1.149049 4.000000 -0.795495
v -0.795495 4.000000 -1.149048
v -0.972272 4.000000 -0.618719
v -0.618718 3.000000 -0.972272
v -0.618718 4.000000 -0.972272
v -1.149049 3.000000 -0.795495
v -0.972272 3.000000 -0.618719
v -2.298097 2.250000 -2.651650
v -1.944544 2.250000 -1.590990
v -1.590990 2.250000 -1.944544
v -2.651650 2.000000 -2.298097
v -2.298097 2.000000 -2.651650
v -1.590990 2.000000 -1.944544
v -1.944544 2.000000 -1.590990
v -2.651650 2.250000 -2.298097
v -0.934124 3.475517 -0.757348
v -2.266524 2.220755 -2.089746
v -2.152894 2.029244 -1.976117
v -0.870978 3.667028 -1.047755
v -2.089747 2.220755 -2.266523
v -1.060660 2.000000 -1.590990
v -1.237437 3.000000 -1.414213
v -1.414214 3.000000 -1.237437
v -1.976117 2.029244 -2.152894
v -1.590990 3.000000 -1.414213
v -1.237437 2.000000 -1.767767
v -1.060660 2.000000 -1.944544
v -0.883884 2.000000 -1.767767
v -1.414213 3.000000 -1.590990
v -1.767767 2.000000 -1.237437
v -1.590990 3.000000 -1.414213
v -1.414213 3.000000 -1.590990
v -1.590990 2.000000 -1.060660
v -1.414214 3.000000 -1.237437
v -1.767767 2.000000 -0.883883
v -1.944544 2.000000 -1.060660
v -1.237437 3.000000 -1.414213
v -1.149048 3.000000 0.795495
v -0.795495 4.000000 1.149049
v -1.149048 4.000000 0.795495
v -0.618718 4.000000 0.972272
v -0.972272 3.000000 0.618719
v -0.972272 4.000000 0.618719
v -0.795495 3.000000 1.149049
v -0.618718 3.000000 0.972272
v -1.590990 2.000000 1.060660
v -1.414213 3.000000 1.237437
v -1.237437 3.000000 1.414214
v -1.414213 3.000000 1.590990
v -1.767767 2.000000 1.237437
v -1.944543 2.000000 1.060660
v -1.767767 2.000000 0.883884
v -1.590990 3.000000 1.414214
v -1.237437 2.000000 1.767767
v -1.414213 3.000000 1.590990
v -1.590990 3.000000 1.414214
v -1.060660 2.000000 1.590990
v -1.237437 3.000000 1.414214
v -0.883883 2.000000 1.767767
v -1.060660 2.000000 1.944544
v -1.414213 3.000000 1.237437
v -1.500000 2.000000 -1.500000
v 2.000000 1.000000 -4.500000
v -3.250000 1.750000 1.500000
v -3.250000 1.000000 1.500000
v -1.500000 1.000000 3.250000
v -1.500000 1.750000 3.250000
v -1.500000 2.000000 3.500000
v -2.000000 2.000000 4.250000
v -2.000000 2.000000 1.750000
v -1.750000 2.000000 4.000000
v -4.250000 2.000000 4.000000
v -2.000000 4.250000 4.250000
v -2.000000 4.250000 1.750000
v -1.750000 4.250000 4.000000
v -4.250000 4.250000 4.000000
v -2.000000 6.500000 4.250000
v -2.000000 6.500000 1.750000
v -1.750000 6.500000 4.000000
v -4.250000 6.500000 4.000000
v -2.000000 8.750000 4.250000
v -2.000000 8.750000 1.750000
v -1.750000 8.750000 4.000000
v -4.250000 8.750000 4.000000
v -3.187500 17.500000 2.250001
v -2.812500 17.500000 3.750001
v -3.187500 17.500000 3.750001
v -2.812500 17.500000 2.250001
v 1.356748 3.667028 -0.125000
v -3.187500 17.500000 2.250001
v -2.812500 17.500000 3.750001
v -3.187500 17.500000 3.750001
v -2.812500 17.500000 2.250001
v -2.000000 2.000000 4.250000
v -2.000000 2.000000 1.750000
v -1.750000 2.000000 4.000000
v -4.250000 2.000000 4.000000
v -2.000000 4.250000 4.250000
v -2.000000 4.250000 1.750000
v -1.750000 4.250000 4.000000
v -4.250000 4.250000 4.000000
v -2.000000 6.500000 4.250000
v -2.000000 6.500000 1.750000
v -1.750000 6.500000 4.000000
v -4.250000 6.500000 4.000000
v -2.000000 8.750000 4.250000
v -2.000000 8.750000 1.750000
v -1.750000 8.750000 4.000000
v -4.250000 8.750000 4.000000
v 0.870978 3.667028 -1.047754
v 1.047754 3.667028 0.870978
v -1.356748 3.667028 0.125000
v -1.196051 3.475517 -0.125000
v -1.047755 3.667028 -0.870978
v -0.757348 3.475517 -0.934124
vt 0.269231 0.532258
vt 0.115385 0.725806
vt 0.115385 0.532258
vt 0.102564 0.403226
vt 0.000000 0.080645
vt 0.102564 0.209677
vt 0.000000 0.064516
vt 0.346154 0.048387
vt 0.358974 0.064516
vt 0.358974 0.080645
vt -0.000000 0.080645
vt 0.358974 0.064516
vt 0.358974 0.080645
vt -0.000000 0.080645
vt 0.358974 0.064516
vt 0.358974 0.080645
vt -0.000000 0.080645
vt 0.358974 0.064516
vt 0.358974 0.080645
vt 0.012821 0.048387
vt 0.346154 -0.000000
vt 0.346154 0.048387
vt -0.000000 0.064516
vt -0.000000 0.064516
vt 0.346154 0.048387
vt -0.000000 0.064516
vt 0.346154 0.048387
vt 0.256410 0.403226
vt -0.000000 0.532258
vt 0.012821 0.048387
vt 0.346154 -0.000000
vt 0.012821 0.048387
vt 0.346154 0.000000
vt 0.012821 0.048387
vt 0.346154 -0.000000
vt 0.256410 0.209677
vt 0.358974 0.532258
vt 0.153846 0.274194
vt 0.153846 0.338710
vt 0.205128 0.338710
vt 0.205128 0.274194
vt 0.371795 0.596774
vt 0.397436 0.854839
vt 0.371795 0.854839
vt 0.320513 0.596774
vt 0.346154 0.854839
vt 0.320513 0.854839
vt 0.346154 0.596774
vt 0.320513 0.532258
vt 0.269231 0.596774
vt 0.371795 0.887097
vt 0.371795 0.919355
vt 0.320513 0.919355
vt 0.205128 0.806452
vt 0.205128 0.741935
vt 0.217949 0.741935
vt 0.051282 0.806452
vt 0.205128 0.870968
vt 0.051282 0.870968
vt -0.000000 0.612903
vt 0.000000 0.806452
vt 0.102564 0.596774
vt 0.051282 0.612903
vt 0.051282 0.548387
vt 0.102564 0.741935
vt 0.410256 0.500000
vt 0.564103 0.693548
vt 0.410256 0.693548
vt 0.564103 0.483871
vt 0.410256 0.500000
vt 0.410256 0.483871
vt 0.564103 0.500000
vt 0.410256 0.693548
vt 0.410256 0.709677
vt 0.564103 0.693548
vt 0.564103 0.709677
vt 0.461538 0.129032
vt 0.564103 0.258065
vt 0.461538 0.258065
vt 0.397436 0.500000
vt 0.397436 0.693548
vt 0.576923 0.693548
vt 0.576923 0.500000
vt 0.384615 0.129032
vt 0.358974 0.258065
vt 0.358974 0.129032
vt 0.384615 0.129032
vt 0.358974 0.258065
vt 0.358974 0.129032
vt 0.410256 0.129032
vt 0.384615 0.258065
vt 0.410256 0.129032
vt 0.384615 0.258065
vt 0.435897 0.129032
vt 0.410256 0.258065
vt 0.410256 0.129032
vt 0.384615 0.258065
vt 0.384615 0.129032
vt 0.384615 0.129032
vt 0.358974 0.258065
vt 0.358974 0.129032
vt 0.435897 0.129032
vt 0.410256 0.258065
vt 0.410256 0.129032
vt 0.384615 0.258065
vt 0.461538 0.129032
vt 0.435897 0.258065
vt 0.435897 0.129032
vt 0.410256 0.258065
vt 0.358974 0.258065
vt 0.358974 0.129032
vt 0.435897 0.129032
vt 0.410256 0.258065
vt 0.461538 0.129032
vt 0.435897 0.258065
vt 0.461538 0.129032
vt 0.435897 0.258065
vt 0.461538 0.129032
vt 0.435897 0.258065
vt 0.461538 0.258065
vt 0.564103 0.129032
vt 0.564103 0.258065
vt 0.461538 0.258065
vt 0.564103 0.129032
vt 0.564103 0.258065
vt 0.461538 0.129032
vt 0.564103 0.258065
vt 0.461538 0.258065
vt 0.410256 0.274194
vt 0.564103 0.467742
vt 0.410256 0.467742
vt 0.564103 0.258065
vt 0.410256 0.274194
vt 0.410256 0.258065
vt 0.564103 0.274194
vt 0.410256 0.467742
vt 0.410256 0.483871
vt 0.564103 0.467742
vt 0.564103 0.483871
vt 0.461538 0.000000
vt 0.564103 0.129032
vt 0.461538 0.129032
vt 0.397436 0.274194
vt 0.397436 0.467742
vt 0.576923 0.467742
vt 0.576923 0.274194
vt 0.384615 -0.000000
vt 0.358974 0.129032
vt 0.358974 -0.000000
vt 0.384615 -0.000000
vt 0.358974 0.129032
vt 0.358974 -0.000000
vt 0.410256 -0.000000
vt 0.384615 0.129032
vt 0.410256 -0.000000
vt 0.384615 0.129032
vt 0.435897 0.000000
vt 0.410256 0.129032
vt 0.410256 -0.000000
vt 0.384615 0.129032
vt 0.384615 -0.000000
vt 0.384615 -0.000000
vt 0.358974 0.129032
vt 0.358974 -0.000000
vt 0.435897 0.000000
vt 0.410256 0.129032
vt 0.410256 -0.000000
vt 0.384615 0.129032
vt 0.461538 0.000000
vt 0.435897 0.129032
vt 0.435897 0.000000
vt 0.410256 0.129032
vt 0.358974 0.129032
vt 0.358974 -0.000000
vt 0.435897 0.000000
vt 0.410256 0.129032
vt 0.461538 0.000000
vt 0.435897 0.129032
vt 0.461538 0.000000
vt 0.435897 0.129032
vt 0.461538 0.000000
vt 0.435897 0.129032
vt 0.461538 0.129032
vt 0.564103 0.000000
vt 0.564103 0.129032
vt 0.461538 0.129032
vt 0.564103 0.000000
vt 0.564103 0.129032
vt 0.461538 0.000000
vt 0.564103 0.129032
vt 0.461538 0.129032
vt 0.410256 0.500000
vt 0.564103 0.693548
vt 0.410256 0.693548
vt 0.564103 0.483871
vt 0.410256 0.500000
vt 0.410256 0.483871
vt 0.564103 0.500000
vt 0.410256 0.693548
vt 0.410256 0.709677
vt 0.564103 0.693548
vt 0.564103 0.709677
vt 0.461538 0.129032
vt 0.564103 0.258065
vt 0.461538 0.258065
vt 0.397436 0.500000
vt 0.397436 0.693548
vt 0.576923 0.693548
vt 0.576923 0.500000
vt 0.384615 0.129032
vt 0.358974 0.258065
vt 0.358974 0.129032
vt 0.384615 0.129032
vt 0.358974 0.258065
vt 0.358974 0.129032
vt 0.410256 0.129032
vt 0.384615 0.258065
vt 0.410256 0.129032
vt 0.384615 0.258065
vt 0.435897 0.129032
vt 0.410256 0.258065
vt 0.410256 0.129032
vt 0.384615 0.258065
vt 0.384615 0.129032
vt 0.384615 0.129032
vt 0.358974 0.258065
vt 0.358974 0.129032
vt 0.435897 0.129032
vt 0.410256 0.258065
vt 0.410256 0.129032
vt 0.384615 0.258065
vt 0.461538 0.129032
vt 0.435897 0.258065
vt 0.435897 0.129032
vt 0.410256 0.258065
vt 0.358974 0.258065
vt 0.358974 0.129032
vt 0.435897 0.129032
vt 0.410256 0.258065
vt 0.461538 0.129032
vt 0.435897 0.258065
vt 0.461538 0.129032
vt 0.435897 0.258065
vt 0.461538 0.129032
vt 0.435897 0.258065
vt 0.461538 0.258065
vt 0.564103 0.129032
vt 0.564103 0.258065
vt 0.461538 0.258065
vt 0.564103 0.129032
vt 0.564103 0.258065
vt 0.461538 0.129032
vt 0.564103 0.258065
vt 0.461538 0.258065
vt 0.410256 0.274194
vt 0.564103 0.467742
vt 0.410256 0.467742
vt 0.564103 0.258065
vt 0.410256 0.274194
vt 0.410256 0.258065
vt 0.564103 0.274194
vt 0.410256 0.467742
vt 0.410256 0.483871
vt 0.564103 0.467742
vt 0.564103 0.483871
vt 0.461538 0.000000
vt 0.564103 0.129032
vt 0.461538 0.129032
vt 0.397436 0.274194
vt 0.397436 0.467742
vt 0.576923 0.467742
vt 0.576923 0.274194
vt 0.384615 -0.000000
vt 0.358974 0.129032
vt 0.358974 -0.000000
vt 0.384615 -0.000000
vt 0.358974 0.129032
vt 0.358974 -0.000000
vt 0.410256 -0.000000
vt 0.384615 0.129032
vt 0.410256 -0.000000
vt 0.384615 0.129032
vt 0.435897 0.000000
vt 0.410256 0.129032
vt 0.410256 -0.000000
vt 0.384615 0.129032
vt 0.384615 -0.000000
vt 0.384615 -0.000000
vt 0.358974 0.129032
vt 0.358974 -0.000000
vt 0.435897 0.000000
vt 0.410256 0.129032
vt 0.410256 -0.000000
vt 0.384615 0.129032
vt 0.461538 0.000000
vt 0.435897 0.129032
vt 0.435897 0.000000
vt 0.410256 0.129032
vt 0.358974 0.129032
vt 0.358974 -0.000000
vt 0.435897 0.000000
vt 0.410256 0.129032
vt 0.461538 0.000000
vt 0.435897 0.129032
vt 0.461538 0.000000
vt 0.435897 0.129032
vt 0.461538 0.000000
vt 0.435897 0.129032
vt 0.461538 0.129032
vt 0.564103 0.000000
vt 0.564103 0.129032
vt 0.461538 0.129032
vt 0.564103 0.000000
vt 0.564103 0.129032
vt 0.461538 0.000000
vt 0.564103 0.129032
vt 0.461538 0.129032
vt 0.743590 0.612903
vt 0.692308 0.612903
vt 0.743590 0.483871
vt 0.743590 0.612903
vt 0.743590 0.483871
vt 0.692308 0.612903
vt 0.807692 0.387097
vt 0.833333 0.467742
vt 0.807692 0.467742
vt 0.833333 0.467742
vt 0.846154 0.387097
vt 0.846154 0.467742
vt 0.807692 0.387097
vt 0.807692 0.467742
vt 0.833333 0.483871
vt 0.807692 0.483871
vt 0.833333 0.387097
vt 0.807692 0.467742
vt 0.807692 0.387097
vt 0.807692 0.387097
vt 0.833333 0.467742
vt 0.807692 0.467742
vt 0.846154 0.467742
vt 0.833333 0.387097
vt 0.846154 0.387097
vt 0.833333 0.483871
vt 0.807692 0.483871
vt 0.692308 0.072581
vt 0.705128 0.120968
vt 0.692308 0.120968
vt 0.846154 0.120968
vt 0.833333 0.072581
vt 0.846154 0.072581
vt 0.807692 0.370968
vt 0.833333 0.387097
vt 0.807692 0.370968
vt 0.788462 -0.000000
vt 0.750000 0.016129
vt 0.750000 -0.000000
vt 0.750000 0.193548
vt 0.788462 0.177419
vt 0.788462 0.193548
vt 0.833333 0.072581
vt 0.788462 0.177419
vt 0.705128 0.120968
vt 0.788462 0.016129
vt 0.833333 0.120968
vt 0.750000 0.177419
vt 0.833333 0.016129
vt 0.846154 0.016129
vt 0.705128 0.177419
vt 0.692308 0.177419
vt 0.692308 0.314516
vt 0.705128 0.370968
vt 0.692308 0.370968
vt 0.692308 -0.000000
vt 0.673077 1.000000
vt 0.673077 -0.000000
vt 0.846154 0.266129
vt 0.833333 0.209677
vt 0.846154 0.209677
vt 0.788462 0.209677
vt 0.833333 0.314516
vt 0.750000 0.370968
vt 0.833333 0.266129
vt 0.788462 0.370968
vt 0.705128 0.314516
vt 0.692308 -0.000000
vt 0.673077 1.000000
vt 0.673077 -0.000000
vt 0.653846 -0.000000
vt 0.634615 1.000000
vt 0.634615 -0.000000
vt 0.615385 1.000000
vt 0.615385 -0.000000
vt 0.692308 -0.000000
vt 0.673077 1.000000
vt 0.673077 -0.000000
vt 0.653846 -0.000000
vt 0.634615 1.000000
vt 0.634615 -0.000000
vt 0.615385 1.000000
vt 0.615385 -0.000000
vt 0.653846 1.000000
vt 0.653846 -0.000000
vt 0.673077 -0.000000
vt 0.653846 1.000000
vt 0.692308 -0.000000
vt 0.673077 1.000000
vt 0.634615 -0.000000
vt 0.615385 1.000000
vt 0.615385 -0.000000
vt 0.634615 -0.000000
vt 0.615385 1.000000
vt 0.615385 -0.000000
vt 0.653846 1.000000
vt 0.653846 -0.000000
vt 0.634615 1.000000
vt 0.634615 1.000000
vt 0.653846 1.000000
vt 0.615385 1.000000
vt 0.576923 -0.000000
vt 0.615385 -0.000000
vt 0.615385 1.000000
vt 0.576923 -0.000000
vt 0.615385 -0.000000
vt 0.615385 -0.000000
vt 0.576923 1.000000
vt 0.576923 -0.000000
vt 0.615385 -0.000000
vt 0.576923 1.000000
vt 0.576923 -0.000000
vt 0.750000 0.387097
vt 0.788462 0.370968
vt 0.788462 0.387097
vt 0.788462 0.193548
vt 0.750000 0.209677
vt 0.750000 0.193548
vt 0.730769 0.483871
vt 0.705128 0.467742
vt 0.730769 0.467742
vt 0.730769 0.483871
vt 0.705128 0.467742
vt 0.730769 0.467742
vt 0.846154 0.314516
vt 0.833333 0.266129
vt 0.692308 0.266129
vt 0.705128 0.314516
vt 0.833333 0.266129
vt 0.788462 0.370968
vt 0.705128 0.314516
vt 0.788462 0.209677
vt 0.833333 0.314516
vt 0.750000 0.370968
vt 0.846154 0.266129
vt 0.833333 0.209677
vt 0.846154 0.209677
vt 0.692308 0.314516
vt 0.705128 0.370968
vt 0.692308 0.370968
vt 0.750000 0.387097
vt 0.788462 0.370968
vt 0.788462 0.387097
vt 0.788462 0.193548
vt 0.750000 0.209677
vt 0.750000 0.193548
vt 0.846154 0.370968
vt 0.846154 0.314516
vt 0.692308 0.209677
vt 0.705128 0.266129
vt 0.692308 0.266129
vt 0.833333 0.266129
vt 0.705128 0.314516
vt 0.730769 0.387097
vt 0.705128 0.370968
vt 0.730769 0.370968
vt 0.692308 0.387097
vt 0.692308 0.467742
vt 0.705128 0.387097
vt 0.705128 0.467742
vt 0.730769 0.387097
vt 0.730769 0.467742
vt 0.730769 0.387097
vt 0.705128 0.370968
vt 0.730769 0.370968
vt 0.705128 0.387097
vt 0.692308 0.467742
vt 0.692308 0.387097
vt 0.730769 0.467742
vt 0.705128 0.387097
vt 0.730769 0.387097
vt 0.705128 0.629032
vt 0.730769 0.693548
vt 0.705128 0.693548
vt 0.743590 0.693548
vt 0.769231 0.629032
vt 0.769231 0.693548
vt 0.730769 0.629032
vt 0.692308 0.629032
vt 0.730769 0.612903
vt 0.705128 0.709677
vt 0.756410 0.500000
vt 0.782051 0.564516
vt 0.756410 0.564516
vt 0.782051 0.483871
vt 0.756410 0.483871
vt 0.756410 0.580645
vt 0.782051 0.580645
vt 0.794872 0.564516
vt 0.782051 0.500000
vt 0.794872 0.500000
vt 0.743590 0.500000
vt 0.743590 0.564516
vt 0.833333 0.629032
vt 0.820513 0.483871
vt 0.833333 0.483871
vt 0.807692 0.629032
vt 0.807692 0.483871
vt 0.833333 0.629032
vt 0.846154 0.693548
vt 0.833333 0.693548
vt 0.794872 0.483871
vt 0.820513 0.693548
vt 0.820513 0.629032
vt 0.807692 0.629032
vt 0.794872 0.693548
vt 0.794872 0.629032
vt 0.846154 0.629032
vt 0.846154 0.483871
vt 0.807692 0.693548
vt 0.807692 0.629032
vt 0.820513 0.693548
vt 0.807692 0.693548
vt 0.846154 0.629032
vt 0.833333 0.693548
vt 0.833333 0.629032
vt 0.820513 0.629032
vt 0.794872 0.693548
vt 0.794872 0.629032
vt 0.833333 0.540323
vt 0.846154 0.629032
vt 0.833333 0.629032
vt 0.820513 0.540323
vt 0.820513 0.629032
vt 0.807692 0.540323
vt 0.807692 0.629032
vt 0.794872 0.540323
vt 0.794872 0.629032
vt 0.705128 0.629032
vt 0.730769 0.693548
vt 0.705128 0.693548
vt 0.743590 0.612903
vt 0.743590 0.483871
vt 0.692308 0.612903
vt 0.743590 0.612903
vt 0.692308 0.612903
vt 0.743590 0.483871
vt 0.576923 -0.000000
vt 0.615385 1.000000
vt 0.615385 -0.000000
vt 0.576923 -0.000000
vt 0.615385 1.000000
vt 0.615385 -0.000000
vt 0.576923 1.000000
vt 0.615385 -0.000000
vt 0.576923 -0.000000
vt 0.576923 1.000000
vt 0.615385 -0.000000
vt 0.576923 -0.000000
vt 0.564103 0.258065
vt 0.461538 0.129032
vt 0.461538 0.258065
vt 0.564103 0.129032
vt 0.461538 0.258065
vt 0.564103 0.258065
vt 0.564103 0.129032
vt 0.461538 0.258065
vt 0.564103 0.258065
vt 0.564103 0.258065
vt 0.461538 0.129032
vt 0.461538 0.258065
vt 0.564103 0.129032
vt 0.461538 0.000000
vt 0.461538 0.129032
vt 0.564103 0.000000
vt 0.461538 0.129032
vt 0.564103 0.129032
vt 0.564103 0.000000
vt 0.461538 0.129032
vt 0.564103 0.129032
vt 0.564103 0.129032
vt 0.461538 0.000000
vt 0.461538 0.129032
vt 0.564103 0.258065
vt 0.461538 0.129032
vt 0.461538 0.258065
vt 0.564103 0.129032
vt 0.461538 0.258065
vt 0.564103 0.258065
vt 0.564103 0.129032
vt 0.461538 0.258065
vt 0.564103 0.258065
vt 0.564103 0.258065
vt 0.461538 0.129032
vt 0.461538 0.258065
vt 0.564103 0.129032
vt 0.461538 0.000000
vt 0.461538 0.129032
vt 0.564103 0.000000
vt 0.461538 0.129032
vt 0.564103 0.129032
vt 0.564103 0.000000
vt 0.461538 0.129032
vt 0.564103 0.129032
vt 0.564103 0.129032
vt 0.461538 0.000000
vt 0.461538 0.129032
vt 0.743590 0.693548
vt 0.769231 0.629032
vt 0.769231 0.693548
vt 0.730769 0.629032
vt 0.692308 0.629032
vt 0.730769 0.612903
vt 0.705128 0.709677
vt 0.756410 0.500000
vt 0.782051 0.564516
vt 0.756410 0.564516
vt 0.782051 0.483871
vt 0.756410 0.483871
vt 0.756410 0.580645
vt 0.782051 0.580645
vt 0.794872 0.564516
vt 0.782051 0.500000
vt 0.794872 0.500000
vt 0.743590 0.500000
vt 0.743590 0.564516
vt 0.833333 0.629032
vt 0.820513 0.483871
vt 0.833333 0.483871
vt 0.807692 0.629032
vt 0.807692 0.483871
vt 0.833333 0.629032
vt 0.846154 0.693548
vt 0.833333 0.693548
vt 0.794872 0.483871
vt 0.820513 0.693548
vt 0.820513 0.629032
vt 0.807692 0.629032
vt 0.794872 0.693548
vt 0.794872 0.629032
vt 0.846154 0.629032
vt 0.846154 0.483871
vt 0.807692 0.693548
vt 0.807692 0.629032
vt 0.820513 0.693548
vt 0.807692 0.693548
vt 0.846154 0.629032
vt 0.833333 0.693548
vt 0.833333 0.629032
vt 0.820513 0.629032
vt 0.794872 0.693548
vt 0.794872 0.629032
vt 0.705128 0.629032
vt 0.730769 0.693548
vt 0.705128 0.693548
vt 0.743590 0.693548
vt 0.769231 0.629032
vt 0.769231 0.693548
vt 0.730769 0.629032
vt 0.692308 0.629032
vt 0.730769 0.612903
vt 0.730769 0.709677
vt 0.705128 0.709677
vt 0.756410 0.500000
vt 0.782051 0.564516
vt 0.756410 0.564516
vt 0.782051 0.483871
vt 0.756410 0.483871
vt 0.756410 0.580645
vt 0.782051 0.580645
vt 0.794872 0.564516
vt 0.782051 0.500000
vt 0.794872 0.500000
vt 0.743590 0.500000
vt 0.743590 0.564516
vt 0.833333 0.629032
vt 0.820513 0.483871
vt 0.833333 0.483871
vt 0.807692 0.629032
vt 0.807692 0.483871
vt 0.833333 0.629032
vt 0.846154 0.693548
vt 0.833333 0.693548
vt 0.794872 0.483871
vt 0.820513 0.693548
vt 0.820513 0.629032
vt 0.807692 0.629032
vt 0.794872 0.693548
vt 0.794872 0.629032
vt 0.846154 0.629032
vt 0.846154 0.483871
vt 0.807692 0.693548
vt 0.807692 0.629032
vt 0.820513 0.693548
vt 0.807692 0.693548
vt 0.846154 0.629032
vt 0.833333 0.693548
vt 0.833333 0.629032
vt 0.820513 0.629032
vt 0.794872 0.693548
vt 0.794872 0.629032
vt 0.705128 0.629032
vt 0.730769 0.693548
vt 0.705128 0.693548
vt 0.743590 0.693548
vt 0.769231 0.629032
vt 0.769231 0.693548
vt 0.730769 0.629032
vt 0.692308 0.629032
vt 0.730769 0.612903
vt 0.705128 0.709677
vt 0.756410 0.500000
vt 0.782051 0.564516
vt 0.756410 0.564516
vt 0.782051 0.483871
vt 0.756410 0.483871
vt 0.756410 0.580645
vt 0.782051 0.580645
vt 0.794872 0.564516
vt 0.782051 0.500000
vt 0.794872 0.500000
vt 0.743590 0.500000
vt 0.743590 0.564516
vt 0.833333 0.629032
vt 0.820513 0.483871
vt 0.833333 0.483871
vt 0.807692 0.629032
vt 0.807692 0.483871
vt 0.833333 0.629032
vt 0.846154 0.693548
vt 0.833333 0.693548
vt 0.794872 0.483871
vt 0.820513 0.693548
vt 0.820513 0.629032
vt 0.807692 0.629032
vt 0.794872 0.693548
vt 0.794872 0.629032
vt 0.846154 0.483871
vt 0.807692 0.693548
vt 0.807692 0.629032
vt 0.820513 0.693548
vt 0.807692 0.693548
vt 0.846154 0.629032
vt 0.833333 0.693548
vt 0.833333 0.629032
vt 0.820513 0.629032
vt 0.794872 0.693548
vt 0.794872 0.629032
vt 0.705128 0.629032
vt 0.730769 0.693548
vt 0.705128 0.693548
vt 0.743590 0.693548
vt 0.769231 0.629032
vt 0.769231 0.693548
vt 0.730769 0.629032
vt 0.692308 0.629032
vt 0.730769 0.612903
vt 0.730769 0.709677
vt 0.705128 0.709677
vt 0.756410 0.500000
vt 0.782051 0.564516
vt 0.756410 0.564516
vt 0.782051 0.483871
vt 0.756410 0.483871
vt 0.756410 0.580645
vt 0.782051 0.580645
vt 0.794872 0.564516
vt 0.782051 0.500000
vt 0.794872 0.500000
vt 0.743590 0.500000
vt 0.743590 0.564516
vt 0.833333 0.629032
vt 0.820513 0.483871
vt 0.833333 0.483871
vt 0.807692 0.629032
vt 0.807692 0.483871
vt 0.833333 0.629032
vt 0.846154 0.693548
vt 0.833333 0.693548
vt 0.794872 0.483871
vt 0.820513 0.693548
vt 0.820513 0.629032
vt 0.807692 0.629032
vt 0.794872 0.693548
vt 0.794872 0.629032
vt 0.846154 0.483871
vt 0.807692 0.693548
vt 0.807692 0.629032
vt 0.820513 0.693548
vt 0.807692 0.693548
vt 0.846154 0.629032
vt 0.833333 0.693548
vt 0.833333 0.629032
vt 0.820513 0.629032
vt 0.794872 0.693548
vt 0.794872 0.629032
vt 0.705128 0.629032
vt 0.730769 0.693548
vt 0.705128 0.693548
vt 0.743590 0.693548
vt 0.769231 0.629032
vt 0.769231 0.693548
vt 0.730769 0.629032
vt 0.692308 0.629032
vt 0.730769 0.612903
vt 0.705128 0.709677
vt 0.833333 0.629032
vt 0.846154 0.693548
vt 0.833333 0.693548
vt 0.820513 0.693548
vt 0.820513 0.629032
vt 0.807692 0.629032
vt 0.794872 0.693548
vt 0.794872 0.629032
vt 0.807692 0.693548
vt 0.807692 0.629032
vt 0.820513 0.693548
vt 0.807692 0.693548
vt 0.846154 0.629032
vt 0.833333 0.693548
vt 0.833333 0.629032
vt 0.820513 0.629032
vt 0.794872 0.693548
vt 0.794872 0.629032
vt 0.269231 0.725806
vt 0.012821 0.000000
vt 0.012821 0.000000
vt 0.012821 0.000000
vt 0.012821 0.000000
vt 0.397436 0.596774
vt 0.371795 0.532258
vt 0.371795 0.564516
vt 0.269231 0.854839
vt 0.217949 0.725806
vt 0.256410 0.725806
vt 0.256410 0.806452
vt 0.115385 0.548387
vt 0.115385 0.596774
vt 0.102564 0.612903
vt 0.564103 0.500000
vt 0.564103 0.129032
vt 0.461538 0.258065
vt 0.461538 0.258065
vt 0.461538 0.258065
vt 0.461538 0.258065
vt 0.461538 0.129032
vt 0.461538 0.129032
vt 0.564103 0.129032
vt 0.564103 0.274194
vt 0.564103 0.000000
vt 0.461538 0.129032
vt 0.461538 0.129032
vt 0.461538 0.129032
vt 0.461538 0.129032
vt 0.461538 0.000000
vt 0.461538 0.000000
vt 0.564103 0.000000
vt 0.564103 0.500000
vt 0.564103 0.129032
vt 0.461538 0.258065
vt 0.461538 0.258065
vt 0.461538 0.258065
vt 0.461538 0.258065
vt 0.461538 0.129032
vt 0.461538 0.129032
vt 0.564103 0.129032
vt 0.564103 0.274194
vt 0.564103 0.000000
vt 0.461538 0.129032
vt 0.461538 0.129032
vt 0.461538 0.129032
vt 0.461538 0.129032
vt 0.461538 0.000000
vt 0.461538 0.000000
vt 0.564103 0.000000
vt 0.833333 0.387097
vt 0.833333 0.467742
vt 0.705128 0.072581
vt 0.833333 0.370968
vt 0.833333 0.370968
vt 0.705128 0.072581
vt 0.750000 0.016129
vt 0.788462 0.016129
vt 0.833333 0.120968
vt 0.750000 0.177419
vt 0.692308 1.000000
vt 0.705128 0.266129
vt 0.705128 0.266129
vt 0.750000 0.209677
vt 0.788462 0.209677
vt 0.833333 0.314516
vt 0.750000 0.370968
vt 0.692308 1.000000
vt 0.692308 1.000000
vt 0.692308 1.000000
vt 0.576923 1.000000
vt 0.576923 1.000000
vt 0.615385 1.000000
vt 0.615385 1.000000
vt 0.705128 0.483871
vt 0.705128 0.483871
vt 0.705128 0.266129
vt 0.750000 0.209677
vt 0.788462 0.209677
vt 0.833333 0.314516
vt 0.750000 0.370968
vt 0.833333 0.370968
vt 0.705128 0.209677
vt 0.705128 0.387097
vt 0.705128 0.467742
vt 0.743590 0.629032
vt 0.692308 0.693548
vt 0.705128 0.612903
vt 0.730769 0.709677
vt 0.820513 0.629032
vt 0.846154 0.629032
vt 0.794872 0.629032
vt 0.846154 0.693548
vt 0.846154 0.540323
vt 0.576923 1.000000
vt 0.576923 1.000000
vt 0.615385 1.000000
vt 0.615385 1.000000
vt 0.564103 0.129032
vt 0.461538 0.129032
vt 0.461538 0.129032
vt 0.564103 0.129032
vt 0.564103 0.000000
vt 0.461538 0.000000
vt 0.461538 0.000000
vt 0.564103 0.000000
vt 0.564103 0.129032
vt 0.461538 0.129032
vt 0.461538 0.129032
vt 0.564103 0.129032
vt 0.564103 0.000000
vt 0.461538 0.000000
vt 0.461538 0.000000
vt 0.564103 0.000000
vt 0.743590 0.629032
vt 0.692308 0.693548
vt 0.705128 0.612903
vt 0.730769 0.709677
vt 0.820513 0.629032
vt 0.846154 0.629032
vt 0.794872 0.629032
vt 0.846154 0.693548
vt 0.743590 0.629032
vt 0.692308 0.693548
vt 0.705128 0.612903
vt 0.820513 0.629032
vt 0.846154 0.629032
vt 0.794872 0.629032
vt 0.846154 0.693548
vt 0.743590 0.629032
vt 0.692308 0.693548
vt 0.705128 0.612903
vt 0.730769 0.709677
vt 0.820513 0.629032
vt 0.846154 0.629032
vt 0.794872 0.629032
vt 0.846154 0.629032
vt 0.846154 0.693548
vt 0.743590 0.629032
vt 0.692308 0.693548
vt 0.705128 0.612903
vt 0.820513 0.629032
vt 0.846154 0.629032
vt 0.794872 0.629032
vt 0.846154 0.629032
vt 0.846154 0.693548
vt 0.743590 0.629032
vt 0.692308 0.693548
vt 0.705128 0.612903
vt 0.730769 0.709677
vt 0.846154 0.629032
vt 0.846154 0.693548
vn 0.0000 1.0000 0.0000
vn -0.0000 -1.0000 -0.0000
vn 1.0000 0.0000 0.0000
vn -1.0000 0.0000 0.0000
vn 0.0000 0.0000 -1.0000
vn 0.0000 0.0000 1.0000
vn 0.0000 0.7071 -0.7071
vn 0.7071 0.7071 0.0000
vn 0.0000 0.7071 0.7071
vn -0.7071 0.7071 0.0000
vn 0.8412 0.0000 0.5408
vn -0.5408 0.0000 -0.8412
vn -0.7071 0.0000 0.7071
vn 0.7071 0.0000 0.7071
vn 0.7071 0.0000 -0.7071
vn -0.7071 0.0000 -0.7071
vn 0.6428 0.7660 0.0000
vn 0.0000 -0.4472 -0.8944
vn 0.0000 0.4472 0.8944
vn -0.6428 -0.7660 0.0000
vn 0.0000 0.4472 -0.8944
vn 0.0000 -0.4472 0.8944
vn 0.4545 -0.7660 -0.4545
vn -0.4545 0.7660 0.4545
vn -0.8412 0.0000 -0.5408
vn 0.5408 0.0000 0.8412
vn 0.4545 0.7660 -0.4545
vn -0.6325 -0.4472 -0.6325
vn 0.6325 0.4472 0.6325
vn -0.4545 -0.7660 0.4545
vn -0.6325 0.4472 -0.6325
vn 0.6325 -0.4472 0.6325
vn 0.4545 0.7660 0.4545
vn 0.6325 -0.4472 -0.6325
vn -0.6325 0.4472 0.6325
vn -0.4545 -0.7660 -0.4545
vn 0.6325 0.4472 -0.6325
vn -0.6325 -0.4472 0.6325
vn -0.6428 0.7660 0.0000
vn 0.6428 -0.7660 0.0000
vn -0.4545 0.7660 -0.4545
vn 0.4545 -0.7660 0.4545
v 0.750000 3.500000 -4.250000
v 1.250000 3.500000 -3.750000
v 0.750000 3.500000 -3.750000
v -1.250000 3.500000 -4.250000
v -0.750000 3.500000 -3.750000
v -1.250000 3.500000 -3.750000
v 0.750000 3.500000 -2.750000
v 1.250000 3.500000 -2.250000
v 0.750000 3.500000 -2.250000
v -1.250000 3.500000 -2.750000
v -0.750000 3.500000 -2.250000
v -1.250000 3.500000 -2.250000
v 1.250000 14.750000 -3.749999
v 0.750000 14.750000 -4.250000
v 0.750000 14.750000 -3.749999
v -0.750000 14.750000 -3.749999
v -1.250000 14.750000 -4.250000
v -1.250000 14.750000 -3.749999
v 1.250000 14.750000 -2.249999
v 0.750000 14.750000 -2.749999
v 0.750000 14.750000 -2.249999
v -0.750000 14.750000 -2.249999
v -1.250000 14.750000 -2.749999
v -1.250000 14.750000 -2.249999
v 1.250000 3.500000 -4.250000
v 1.250000 3.500000 -2.750000
v 1.250000 14.750000 -4.250000
v 1.250000 14.750000 -2.749999
v -0.750000 3.500000 -4.250000
v -0.750000 3.500000 -2.750000
v -0.750000 14.750000 -4.250000
v -0.750000 14.750000 -2.749999
v 0.750000 12.750000 -2.750000
v -0.750000 12.750000 -2.250000
v 0.750000 12.750000 -2.250000
v -0.750000 12.250000 -2.250000
v 0.750000 12.250000 -2.750000
v 0.750000 12.250000 -2.250000
v -0.750000 12.250000 -2.750000
v -0.750000 12.750000 -2.750000
v 0.625000 12.250000 -1.375000
v -0.625000 12.750000 -1.374999
v 0.625000 12.750000 -1.374999
v -0.625000 12.750000 -1.124999
v 0.625000 12.250000 -1.125000
v 0.625000 12.750000 -1.124999
v 1.125000 12.249999 -0.624999
v -0.625000 12.250000 -1.125000
v -0.625000 12.250000 -1.375000
v 1.375000 12.749999 -0.624999
v 1.375000 12.249999 -0.624999
v -1.375000 12.249999 -0.624999
v -1.375000 12.749999 0.250001
v -1.375000 12.749999 -0.624999
v -1.125000 12.749999 0.250001
v -1.125000 12.249999 -0.624999
v -1.125000 12.749999 -0.624999
v -1.375000 12.249999 0.250001
v -1.125000 12.249999 0.250001
v 1.375000 12.249999 0.250001
v 1.375000 12.749999 0.250001
v 1.125000 12.749999 -0.624999
v 1.125000 12.249999 0.250001
v 1.125000 12.749999 0.250001
v 0.750000 12.750000 -4.250000
v -0.750000 12.750000 -3.750000
v 0.750000 12.750000 -3.750000
v -0.750000 12.250000 -3.750000
v 0.750000 12.250000 -4.250000
v 0.750000 12.250000 -3.750000
v -0.750000 12.250000 -4.250000
v -0.750000 12.750000 -4.250000
v 0.562500 12.312500 -1.374999
v 0.562500 12.687500 -3.750000
v 0.562500 12.687500 -1.374999
v 0.187500 12.687500 -1.374999
v 0.187500 12.312500 -3.750000
v 0.187500 12.312500 -1.374999
v 0.187500 12.687500 -3.750000
v 0.562500 12.312500 -3.750000
v -0.187500 12.312500 -1.374999
v -0.187500 12.687500 -3.750000
v -0.187500 12.687500 -1.374999
v -0.562500 12.687500 -1.374999
v -0.562500 12.312500 -3.750000
v -0.562500 12.312500 -1.374999
v -0.562500 12.687500 -3.750000
v -0.187500 12.312500 -3.750000
v 0.750000 8.750000 -2.750000
v -0.750000 8.750000 -2.250000
v 0.750000 8.750000 -2.250000
v -0.750000 8.250000 -2.250000
v 0.750000 8.250000 -2.750000
v 0.750000 8.250000 -2.250000
v -0.750000 8.250000 -2.750000
v -0.750000 8.750000 -2.750000
v 0.625000 8.250000 -1.625000
v -0.625000 8.750000 -1.625000
v 0.625000 8.750000 -1.625000
v -0.625000 8.750000 -1.375000
v 0.625000 8.250000 -1.375000
v 0.625000 8.750000 -1.375000
v 1.125000 8.249999 -0.875000
v -0.625000 8.250000 -1.375000
v -0.625000 8.250000 -1.625000
v 1.375000 8.749999 -0.875000
v 1.375000 8.249999 -0.875000
v -1.375000 8.249999 -0.875000
v -1.375000 8.749999 0.250000
v -1.375000 8.749999 -0.875000
v -1.125000 8.749999 0.250000
v -1.125000 8.249999 -0.875000
v -1.125000 8.749999 -0.875000
v -1.375000 8.249999 0.250000
v -1.125000 8.249999 0.250000
v 1.375000 8.249999 0.250000
v 1.375000 8.749999 0.250000
v 1.125000 8.749999 -0.875000
v 1.125000 8.249999 0.250000
v 1.125000 8.749999 0.250000
v 0.750000 8.750000 -4.250000
v -0.750000 8.750000 -3.750000
v 0.750000 8.750000 -3.750000
v -0.750000 8.250000 -3.750000
v 0.750000 8.250000 -4.250000
v 0.750000 8.250000 -3.750000
v -0.750000 8.250000 -4.250000
v -0.750000 8.750000 -4.250000
v 0.562500 8.312500 -1.625000
v 0.562500 8.687500 -3.750000
v 0.562500 8.687500 -1.625000
v 0.187500 8.687500 -1.625000
v 0.187500 8.312500 -3.750000
v 0.187500 8.312500 -1.625000
v 0.187500 8.687500 -3.750000
v 0.562500 8.312500 -3.750000
v -0.187500 8.312500 -1.625000
v -0.187500 8.687500 -3.750000
v -0.187500 8.687500 -1.625000
v -0.562500 8.687500 -1.625000
v -0.562500 8.312500 -3.750000
v -0.562500 8.312500 -1.625000
v -0.562500 8.687500 -3.750000
v -0.187500 8.312500 -3.750000
v 0.750000 4.750000 -2.750000
v -0.750000 4.750000 -2.250000
v 0.750000 4.750000 -2.250000
v -0.750000 4.250000 -2.250000
v 0.750000 4.250000 -2.750000
v 0.750000 4.250000 -2.250000
v -0.750000 4.250000 -2.750000
v -0.750000 4.750000 -2.750000
v 0.625000 4.250000 -1.875000
v -0.625000 4.750000 -1.875000
v 0.625000 4.750000 -1.875000
v -0.625000 4.750000 -1.625000
v 0.625000 4.250000 -1.625000
v 0.625000 4.750000 -1.625000
v 1.125000 4.249999 -1.125000
v -0.625000 4.250000 -1.625000
v -0.625000 4.250000 -1.875000
v 1.375000 4.749999 -1.125000
v 1.375000 4.249999 -1.125000
v -1.375000 4.249999 -1.125000
v -1.375000 4.749999 0.250000
v -1.375000 4.749999 -1.125000
v -1.125000 4.749999 0.250000
v -1.125000 4.249999 -1.125000
v -1.125000 4.749999 -1.125000
v -1.375000 4.249999 0.250000
v -1.125000 4.249999 0.250000
v 1.375000 4.249999 0.250000
v 1.375000 4.749999 0.250000
v 1.125000 4.749999 -1.125000
v 1.125000 4.249999 0.250000
v 1.125000 4.749999 0.250000
v 0.750000 4.750000 -4.250000
v -0.750000 4.750000 -3.750000
v 0.750000 4.750000 -3.750000
v -0.750000 4.250000 -3.750000
v 0.750000 4.250000 -4.250000
v 0.750000 4.250000 -3.750000
v -0.750000 4.250000 -4.250000
v -0.750000 4.750000 -4.250000
v 0.562500 4.312500 -1.875000
v 0.562500 4.687500 -3.750000
v 0.562500 4.687500 -1.875000
v 0.187500 4.687500 -1.875000
v 0.187500 4.312500 -3.750000
v 0.187500 4.312500 -1.875000
v 0.187500 4.687500 -3.750000
v 0.562500 4.312500 -3.750000
v -0.187500 4.312500 -1.875000
v -0.187500 4.687500 -3.750000
v -0.187500 4.687500 -1.875000
v -0.562500 4.687500 -1.875000
v -0.562500 4.312500 -3.750000
v -0.562500 4.312500 -1.875000
v -0.562500 4.687500 -3.750000
v -0.187500 4.312500 -3.750000
v 0.750000 11.750000 -4.062500
v -0.750000 10.750000 -4.062500
v 0.750000 12.250000 -4.062500
v 0.750000 10.250000 -4.062500
v -0.750000 9.250000 -4.062500
v 0.750000 10.750000 -4.062500
v 0.750000 10.750000 -3.937500
v -0.750000 11.750000 -3.937500
v -0.750000 12.250000 -3.937500
v 0.750000 9.250000 -3.937500
v -0.750000 10.250000 -3.937500
v -0.750000 10.750000 -3.937500
v 0.750000 7.750000 -4.062500
v -0.750000 6.750000 -4.062500
v 0.750000 8.250000 -4.062500
v 0.750000 6.250000 -4.062500
v -0.750000 5.250000 -4.062500
v 0.750000 6.750000 -4.062500
v 0.750000 6.750000 -3.937500
v -0.750000 7.750000 -3.937500
v -0.750000 8.250000 -3.937500
v 0.750000 5.250000 -3.937500
v -0.750000 6.250000 -3.937500
v -0.750000 6.750000 -3.937500
v -0.750000 10.750000 -2.562500
v 0.750000 11.750000 -2.562500
v 0.750000 12.250000 -2.562500
v -0.750000 9.250000 -2.562500
v 0.750000 10.250000 -2.562500
v 0.750000 10.750000 -2.562500
v 0.750000 10.750000 -2.437500
v -0.750000 11.750000 -2.437500
v 0.750000 10.250000 -2.437500
v 0.750000 9.250000 -2.437500
v -0.750000 10.250000 -2.437500
v 0.750000 8.750000 -2.437500
v -0.750000 6.750000 -2.562500
v 0.750000 7.750000 -2.562500
v 0.750000 8.250000 -2.562500
v -0.750000 5.250000 -2.562500
v 0.750000 6.250000 -2.562500
v 0.750000 6.750000 -2.562500
v 0.750000 6.750000 -2.437500
v -0.750000 7.750000 -2.437500
v 0.750000 6.250000 -2.437500
v 0.750000 5.250000 -2.437500
v -0.750000 6.250000 -2.437500
v 0.750000 4.750000 -2.437500
v 0.750000 14.250000 -4.062500
v -0.750000 13.250000 -4.062500
v 0.750000 14.750000 -4.062500
v 0.750000 13.250000 -3.937500
v -0.750000 14.250000 -3.937499
v -0.750000 14.750000 -3.937499
v -0.750000 13.250000 -2.562500
v 0.750000 14.250000 -2.562499
v 0.750000 14.750000 -2.562499
v 0.750000 13.250000 -2.437500
v -0.750000 14.250000 -2.437499
v 0.750000 12.750000 -2.437500
v 1.062500 14.250000 -2.749999
v 1.062500 13.250000 -3.750000
v 1.062500 14.750000 -2.749999
v 0.937500 13.250000 -2.750000
v 0.937500 14.250000 -3.749999
v 0.937500 14.750000 -3.749999
v 1.062500 11.750000 -2.750000
v 1.062500 10.750000 -3.750000
v 1.062500 12.250000 -2.750000
v 0.937500 10.750000 -2.750000
v 0.937500 11.750000 -3.750000
v 0.937500 12.250000 -3.750000
v 1.062500 10.250000 -2.750000
v 1.062500 9.250000 -3.750000
v 1.062500 10.750000 -2.750000
v 0.937500 9.250000 -2.750000
v 0.937500 10.250000 -3.750000
v 0.937500 10.750000 -3.750000
v 1.062500 7.750000 -2.750000
v 1.062500 6.750000 -3.750000
v 1.062500 8.250000 -2.750000
v 0.937500 6.750000 -2.750000
v 0.937500 7.750000 -3.750000
v 0.937500 8.250000 -3.750000
v 1.062500 6.250000 -2.750000
v 1.062500 5.250000 -3.750000
v 1.062500 6.750000 -2.750000
v 0.937500 5.250000 -2.750000
v 0.937500 6.250000 -3.750000
v 0.937500 6.750000 -3.750000
v -0.937500 13.250000 -3.750000
v -0.937500 14.250000 -2.749999
v -0.937500 14.750000 -2.749999
v -1.062500 13.250000 -2.750000
v -1.062500 14.250000 -3.749999
v -1.062500 12.750000 -2.750000
v -0.937500 10.750000 -3.750000
v -0.937500 11.750000 -2.750000
v -0.937500 12.250000 -2.750000
v -1.062500 10.750000 -2.750000
v -1.062500 11.750000 -3.750000
v -1.062500 10.250000 -2.750000
v -0.937500 9.250000 -3.750000
v -0.937500 10.250000 -2.750000
v -0.937500 10.750000 -2.750000
v -1.062500 9.250000 -2.750000
v -1.062500 10.250000 -3.750000
v -1.062500 8.750000 -2.750000
v -0.937500 6.750000 -3.750000
v -0.937500 7.750000 -2.750000
v -0.937500 8.250000 -2.750000
v -1.062500 6.750000 -2.750000
v -1.062500 7.750000 -3.750000
v -1.062500 6.250000 -2.750000
v -0.937500 5.250000 -3.750000
v -0.937500 6.250000 -2.750000
v -0.937500 6.750000 -2.750000
v -1.062500 5.250000 -2.750000
v -1.062500 6.250000 -3.750000
v -1.062500 4.750000 -2.750000
v -0.750000 10.750000 -4.062500
v 0.750000 11.750000 -4.062500
v 0.750000 12.250000 -4.062500
v -0.750000 9.250000 -4.062500
v 0.750000 10.250000 -4.062500
v 0.750000 10.750000 -4.062500
v 0.750000 10.750000 -3.937500
v -0.750000 11.750000 -3.937500
v 0.750000 10.250000 -3.937500
v 0.750000 9.250000 -3.937500
v -0.750000 10.250000 -3.937500
v 0.750000 8.750000 -3.937500
v -0.750000 6.750000 -4.062500
v 0.750000 7.750000 -4.062500
v 0.750000 8.250000 -4.062500
v -0.750000 5.250000 -4.062500
v 0.750000 6.250000 -4.062500
v 0.750000 6.750000 -4.062500
v 0.750000 6.750000 -3.937500
v -0.750000 7.750000 -3.937500
v 0.750000 6.250000 -3.937500
v 0.750000 5.250000 -3.937500
v -0.750000 6.250000 -3.937500
v 0.750000 4.750000 -3.937500
v 0.750000 11.750000 -2.562500
v -0.750000 10.750000 -2.562500
v 0.750000 12.250000 -2.562500
v 0.750000 10.250000 -2.562500
v -0.750000 9.250000 -2.562500
v 0.750000 10.750000 -2.562500
v 0.750000 10.750000 -2.437500
v -0.750000 11.750000 -2.437500
v -0.750000 12.250000 -2.437500
v 0.750000 9.250000 -2.437500
v -0.750000 10.250000 -2.437500
v -0.750000 10.750000 -2.437500
v 0.750000 7.750000 -2.562500
v -0.750000 6.750000 -2.562500
v 0.750000 8.250000 -2.562500
v 0.750000 6.250000 -2.562500
v -0.750000 5.250000 -2.562500
v 0.750000 6.750000 -2.562500
v 0.750000 6.750000 -2.437500
v -0.750000 7.750000 -2.437500
v -0.750000 8.250000 -2.437500
v 0.750000 5.250000 -2.437500
v -0.750000 6.250000 -2.437500
v -0.750000 6.750000 -2.437500
v -0.750000 13.250000 -4.062500
v 0.750000 14.250000 -4.062500
v 0.750000 14.750000 -4.062500
v 0.750000 13.250000 -3.937500
v -0.750000 14.250000 -3.937499
v 0.750000 12.750000 -3.937500
v 0.750000 14.250000 -2.562499
v -0.750000 13.250000 -2.562500
v 0.750000 14.750000 -2.562499
v 0.750000 13.250000 -2.437500
v -0.750000 14.250000 -2.437499
v -0.750000 14.750000 -2.437499
v 1.062500 13.250000 -3.750000
v 1.062500 14.250000 -2.749999
v 1.062500 14.750000 -2.749999
v 0.937500 13.250000 -2.750000
v 0.937500 14.250000 -3.749999
v 0.937500 12.750000 -2.750000
v 1.062500 10.750000 -3.750000
v 1.062500 11.750000 -2.750000
v 1.062500 12.250000 -2.750000
v 0.937500 10.750000 -2.750000
v 0.937500 11.750000 -3.750000
v 0.937500 10.250000 -2.750000
v 1.062500 9.250000 -3.750000
v 1.062500 10.250000 -2.750000
v 1.062500 10.750000 -2.750000
v 0.937500 9.250000 -2.750000
v 0.937500 10.250000 -3.750000
v 0.937500 8.750000 -2.750000
v 1.062500 6.750000 -3.750000
v 1.062500 7.750000 -2.750000
v 1.062500 8.250000 -2.750000
v 0.937500 6.750000 -2.750000
v 0.937500 7.750000 -3.750000
v 0.937500 6.250000 -2.750000
v 1.062500 5.250000 -3.750000
v 1.062500 6.250000 -2.750000
v 1.062500 6.750000 -2.750000
v 0.937500 5.250000 -2.750000
v 0.937500 6.250000 -3.750000
v 0.937500 4.750000 -2.750000
v -0.937500 14.250000 -2.749999
v -0.937500 13.250000 -3.750000
v -0.937500 14.750000 -2.749999
v -1.062500 13.250000 -2.750000
v -1.062500 14.250000 -3.749999
v -1.062500 14.750000 -3.749999
v -0.937500 11.750000 -2.750000
v -0.937500 10.750000 -3.750000
v -0.937500 12.250000 -2.750000
v -1.062500 10.750000 -2.750000
v -1.062500 11.750000 -3.750000
v -1.062500 12.250000 -3.750000
v -0.937500 10.250000 -2.750000
v -0.937500 9.250000 -3.750000
v -0.937500 10.750000 -2.750000
v -1.062500 9.250000 -2.750000
v -1.062500 10.250000 -3.750000
v -1.062500 10.750000 -3.750000
v -0.937500 7.750000 -2.750000
v -0.937500 6.750000 -3.750000
v -0.937500 8.250000 -2.750000
v -1.062500 6.750000 -2.750000
v -1.062500 7.750000 -3.750000
v -1.062500 8.250000 -3.750000
v -0.937500 6.250000 -2.750000
v -0.937500 5.250000 -3.750000
v -0.937500 6.750000 -2.750000
v -1.062500 5.250000 -2.750000
v -1.062500 6.250000 -3.750000
v -1.062500 6.750000 -3.750000
v -0.750000 10.250000 -4.062500
v -0.750000 8.750000 -4.062500
v 0.750000 10.250000 -3.937500
v 0.750000 8.750000 -3.937500
v -0.750000 6.250000 -4.062500
v -0.750000 4.750000 -4.062500
v 0.750000 6.250000 -3.937500
v 0.750000 4.750000 -3.937500
v -0.750000 10.250000 -2.562500
v -0.750000 8.750000 -2.562500
v -0.750000 12.250000 -2.437500
v -0.750000 10.750000 -2.437500
v -0.750000 6.250000 -2.562500
v -0.750000 4.750000 -2.562500
v -0.750000 8.250000 -2.437500
v -0.750000 6.750000 -2.437500
v -0.750000 12.750000 -4.062500
v 0.750000 12.750000 -3.937500
v -0.750000 12.750000 -2.562500
v -0.750000 14.750000 -2.437499
v 1.062500 12.750000 -3.750000
v 0.937500 12.750000 -2.750000
v 1.062500 10.250000 -3.750000
v 0.937500 10.250000 -2.750000
v 1.062500 8.750000 -3.750000
v 0.937500 8.750000 -2.750000
v 1.062500 6.250000 -3.750000
v 0.937500 6.250000 -2.750000
v 1.062500 4.750000 -3.750000
v 0.937500 4.750000 -2.750000
v -0.937500 12.750000 -3.750000
v -1.062500 14.750000 -3.749999
v -0.937500 10.250000 -3.750000
v -1.062500 12.250000 -3.750000
v -0.937500 8.750000 -3.750000
v -1.062500 10.750000 -3.750000
v -0.937500 6.250000 -3.750000
v -1.062500 8.250000 -3.750000
v -0.937500 4.750000 -3.750000
v -1.062500 6.750000 -3.750000
v -0.750000 10.250000 -4.062500
v -0.750000 8.750000 -4.062500
v -0.750000 12.250000 -3.937500
v -0.750000 10.750000 -3.937500
v -0.750000 6.250000 -4.062500
v -0.750000 4.750000 -4.062500
v -0.750000 8.250000 -3.937500
v -0.750000 6.750000 -3.937500
v -0.750000 10.250000 -2.562500
v -0.750000 8.750000 -2.562500
v 0.750000 10.250000 -2.437500
v 0.750000 8.750000 -2.437500
v -0.750000 6.250000 -2.562500
v -0.750000 4.750000 -2.562500
v 0.750000 6.250000 -2.437500
v 0.750000 4.750000 -2.437500
v -0.750000 12.750000 -4.062500
v -0.750000 14.750000 -3.937499
v -0.750000 12.750000 -2.562500
v 0.750000 12.750000 -2.437500
v 1.062500 12.750000 -3.750000
v 0.937500 14.750000 -3.749999
v 1.062500 10.250000 -3.750000
v 0.937500 12.250000 -3.750000
v 1.062500 8.750000 -3.750000
v 0.937500 10.750000 -3.750000
v 1.062500 6.250000 -3.750000
v 0.937500 8.250000 -3.750000
v 1.062500 4.750000 -3.750000
v 0.937500 6.750000 -3.750000
v -0.937500 12.750000 -3.750000
v -1.062500 12.750000 -2.750000
v -0.937500 10.250000 -3.750000
v -1.062500 10.250000 -2.750000
v -0.937500 8.750000 -3.750000
v -1.062500 8.750000 -2.750000
v -0.937500 6.250000 -3.750000
v -1.062500 6.250000 -2.750000
v -0.937500 4.750000 -3.750000
v -1.062500 4.750000 -2.750000
vt 0.923077 0.032258
vt 0.897436 -0.000000
vt 0.923077 -0.000000
vt 0.923077 0.032258
vt 0.897436 -0.000000
vt 0.923077 -0.000000
vt 0.923077 0.032258
vt 0.897436 -0.000000
vt 0.923077 -0.000000
vt 0.923077 0.032258
vt 0.897436 -0.000000
vt 0.923077 -0.000000
vt 0.897436 0.790323
vt 0.923077 0.758065
vt 0.923077 0.790323
vt 0.897436 0.790323
vt 0.923077 0.758065
vt 0.923077 0.790323
vt 0.897436 0.790323
vt 0.923077 0.758065
vt 0.923077 0.790323
vt 0.897436 0.790323
vt 0.923077 0.758065
vt 0.923077 0.790323
vt 0.974359 0.032258
vt 0.948718 0.758065
vt 0.948718 0.032258
vt 1.000000 0.032258
vt 0.974359 0.758065
vt 0.974359 0.032258
vt 1.000000 0.032258
vt 0.974359 0.758065
vt 0.897436 0.758065
vt 0.897436 0.032258
vt 0.897436 0.758065
vt 0.897436 0.032258
vt 0.948718 0.032258
vt 0.948718 0.032258
vt 0.974359 0.032258
vt 0.948718 0.758065
vt 0.974359 0.032258
vt 0.948718 0.758065
vt 1.000000 0.032258
vt 0.974359 0.758065
vt 1.000000 0.032258
vt 0.974359 0.758065
vt 0.897436 0.758065
vt 0.897436 0.032258
vt 0.948718 0.032258
vt 0.897436 0.758065
vt 0.897436 0.032258
vt 0.948718 0.758065
vt 0.897436 0.854839
vt 0.974359 0.887097
vt 0.897436 0.887097
vt 0.974359 0.790323
vt 0.897436 0.822581
vt 0.897436 0.790323
vt 0.974359 0.822581
vt 0.974359 0.854839
vt 0.897436 0.919355
vt 0.448718 0.822581
vt 0.512821 0.854839
vt 0.448718 0.854839
vt 0.275641 0.919355
vt 0.211538 0.951613
vt 0.211538 0.919355
vt 0.512821 0.854839
vt 0.538462 0.903226
vt 0.512821 0.870968
vt 0.448718 0.870968
vt 0.448718 0.854839
vt 0.384615 0.854839
vt 0.410256 0.903226
vt 0.384615 0.903226
vt 0.448718 0.870968
vt 0.576923 0.903226
vt 0.551282 0.959677
vt 0.551282 0.903226
vt 0.346154 0.919355
vt 0.301282 0.951613
vt 0.301282 0.919355
vt 0.384615 0.951613
vt 0.371795 0.919355
vt 0.384615 0.919355
vt 0.410256 0.903226
vt 0.423077 0.959677
vt 0.410256 0.959677
vt 0.538462 0.903226
vt 0.384615 0.959677
vt 0.410256 0.959677
vt 0.185897 0.919355
vt 0.141026 0.951613
vt 0.141026 0.919355
vt 0.551282 0.959677
vt 0.551282 0.903226
vt 0.102564 0.919355
vt 0.115385 0.951613
vt 0.102564 0.951613
vt 0.423077 0.959677
vt 0.275641 0.951613
vt 0.512821 0.870968
vt 0.576923 0.854839
vt 0.551282 0.854839
vt 0.423077 0.903226
vt 0.897436 0.854839
vt 0.974359 0.887097
vt 0.897436 0.887097
vt 0.974359 0.790323
vt 0.897436 0.822581
vt 0.897436 0.790323
vt 0.974359 0.822581
vt 0.974359 0.854839
vt 0.897436 0.919355
vt 0.794872 0.846774
vt 0.814103 0.693548
vt 0.814103 0.846774
vt 0.833333 0.846774
vt 0.852564 0.693548
vt 0.852564 0.846774
vt 0.833333 0.693548
vt 0.871795 0.693548
vt 0.871795 0.846774
vt 0.794872 0.846774
vt 0.814103 0.693548
vt 0.814103 0.846774
vt 0.833333 0.846774
vt 0.852564 0.693548
vt 0.852564 0.846774
vt 0.833333 0.693548
vt 0.871795 0.693548
vt 0.871795 0.846774
vt 0.897436 0.854839
vt 0.974359 0.887097
vt 0.897436 0.887097
vt 0.974359 0.790323
vt 0.897436 0.822581
vt 0.897436 0.790323
vt 0.974359 0.822581
vt 0.974359 0.854839
vt 0.897436 0.919355
vt 0.448718 0.822581
vt 0.512821 0.854839
vt 0.448718 0.854839
vt 0.275641 0.919355
vt 0.211538 0.951613
vt 0.211538 0.919355
vt 0.512821 0.854839
vt 0.538462 0.903226
vt 0.512821 0.870968
vt 0.448718 0.870968
vt 0.448718 0.854839
vt 0.384615 0.854839
vt 0.410256 0.903226
vt 0.384615 0.903226
vt 0.448718 0.870968
vt 0.576923 0.903226
vt 0.551282 0.975806
vt 0.551282 0.903226
vt 0.358974 0.919355
vt 0.301282 0.951613
vt 0.301282 0.919355
vt 0.384615 0.951613
vt 0.371795 0.919355
vt 0.384615 0.919355
vt 0.410256 0.903226
vt 0.423077 0.975806
vt 0.410256 0.975806
vt 0.538462 0.903226
vt 0.384615 0.975806
vt 0.410256 0.975806
vt 0.185897 0.919355
vt 0.128205 0.951613
vt 0.128205 0.919355
vt 0.551282 0.975806
vt 0.551282 0.903226
vt 0.102564 0.919355
vt 0.115385 0.951613
vt 0.102564 0.951613
vt 0.423077 0.975806
vt 0.275641 0.951613
vt 0.512821 0.870968
vt 0.576923 0.854839
vt 0.551282 0.854839
vt 0.423077 0.903226
vt 0.897436 0.854839
vt 0.974359 0.887097
vt 0.897436 0.887097
vt 0.974359 0.790323
vt 0.897436 0.822581
vt 0.897436 0.790323
vt 0.974359 0.822581
vt 0.974359 0.854839
vt 0.897436 0.919355
vt 0.794872 0.830645
vt 0.814103 0.693548
vt 0.814103 0.830645
vt 0.833333 0.830645
vt 0.852564 0.693548
vt 0.852564 0.830645
vt 0.833333 0.693548
vt 0.871795 0.693548
vt 0.871795 0.830645
vt 0.794872 0.830645
vt 0.814103 0.693548
vt 0.814103 0.830645
vt 0.833333 0.830645
vt 0.852564 0.693548
vt 0.852564 0.830645
vt 0.833333 0.693548
vt 0.871795 0.693548
vt 0.871795 0.830645
vt 0.897436 0.854839
vt 0.974359 0.887097
vt 0.897436 0.887097
vt 0.974359 0.790323
vt 0.897436 0.822581
vt 0.897436 0.790323
vt 0.974359 0.822581
vt 0.974359 0.854839
vt 0.897436 0.919355
vt 0.448718 0.822581
vt 0.512821 0.854839
vt 0.448718 0.854839
vt 0.275641 0.919355
vt 0.211538 0.951613
vt 0.211538 0.919355
vt 0.512821 0.854839
vt 0.538462 0.903226
vt 0.512821 0.870968
vt 0.448718 0.870968
vt 0.448718 0.854839
vt 0.384615 0.854839
vt 0.410256 0.903226
vt 0.384615 0.903226
vt 0.448718 0.870968
vt 0.576923 0.903226
vt 0.551282 0.991935
vt 0.551282 0.903226
vt 0.371795 0.919355
vt 0.301282 0.951613
vt 0.301282 0.919355
vt 0.384615 0.951613
vt 0.384615 0.919355
vt 0.410256 0.903226
vt 0.423077 0.991935
vt 0.410256 0.991935
vt 0.538462 0.903226
vt 0.384615 0.991935
vt 0.410256 0.991935
vt 0.185897 0.919355
vt 0.115385 0.951613
vt 0.115385 0.919355
vt 0.551282 0.991935
vt 0.551282 0.903226
vt 0.102564 0.919355
vt 0.102564 0.951613
vt 0.423077 0.991935
vt 0.275641 0.951613
vt 0.512821 0.870968
vt 0.576923 0.854839
vt 0.551282 0.854839
vt 0.423077 0.903226
vt 0.897436 0.854839
vt 0.974359 0.887097
vt 0.897436 0.887097
vt 0.974359 0.790323
vt 0.897436 0.822581
vt 0.897436 0.790323
vt 0.974359 0.822581
vt 0.974359 0.854839
vt 0.897436 0.919355
vt 0.794872 0.814516
vt 0.814103 0.693548
vt 0.814103 0.814516
vt 0.833333 0.814516
vt 0.852564 0.693548
vt 0.852564 0.814516
vt 0.833333 0.693548
vt 0.871795 0.693548
vt 0.871795 0.814516
vt 0.794872 0.814516
vt 0.814103 0.693548
vt 0.814103 0.814516
vt 0.833333 0.814516
vt 0.852564 0.693548
vt 0.852564 0.814516
vt 0.833333 0.693548
vt 0.871795 0.693548
vt 0.871795 0.814516
vt 0.948718 0.758065
vt 1.000000 0.790323
vt 0.948718 0.790323
vt 0.948718 0.758065
vt 1.000000 0.790323
vt 0.948718 0.790323
vt 0.948718 0.790323
vt 1.000000 0.758065
vt 1.000000 0.790323
vt 0.948718 0.790323
vt 1.000000 0.758065
vt 1.000000 0.790323
vt 0.948718 0.758065
vt 1.000000 0.790323
vt 0.948718 0.790323
vt 0.948718 0.758065
vt 1.000000 0.790323
vt 0.948718 0.790323
vt 0.948718 0.790323
vt 1.000000 0.758065
vt 1.000000 0.790323
vt 0.948718 0.790323
vt 1.000000 0.758065
vt 1.000000 0.790323
vt 0.948718 0.790323
vt 1.000000 0.758065
vt 1.000000 0.790323
vt 0.948718 0.790323
vt 1.000000 0.758065
vt 1.000000 0.790323
vt 1.000000 0.790323
vt 0.948718 0.758065
vt 1.000000 0.758065
vt 1.000000 0.790323
vt 0.948718 0.758065
vt 1.000000 0.758065
vt 0.948718 0.790323
vt 1.000000 0.758065
vt 1.000000 0.790323
vt 0.948718 0.790323
vt 1.000000 0.758065
vt 1.000000 0.790323
vt 1.000000 0.790323
vt 0.948718 0.758065
vt 1.000000 0.758065
vt 1.000000 0.790323
vt 0.948718 0.758065
vt 1.000000 0.758065
vt 0.948718 0.758065
vt 1.000000 0.790323
vt 0.948718 0.790323
vt 0.948718 0.790323
vt 1.000000 0.758065
vt 1.000000 0.790323
vt 0.948718 0.790323
vt 1.000000 0.758065
vt 1.000000 0.790323
vt 1.000000 0.790323
vt 0.948718 0.758065
vt 1.000000 0.758065
vt 0.948718 0.758065
vt 0.987179 0.790323
vt 0.948718 0.790323
vt 0.948718 0.790323
vt 0.987179 0.758065
vt 0.987179 0.790323
vt 0.948718 0.758065
vt 0.987179 0.790323
vt 0.948718 0.790323
vt 0.948718 0.790323
vt 0.987179 0.758065
vt 0.987179 0.790323
vt 0.948718 0.758065
vt 0.987179 0.790323
vt 0.948718 0.790323
vt 0.948718 0.790323
vt 0.987179 0.758065
vt 0.987179 0.790323
vt 0.948718 0.758065
vt 0.987179 0.790323
vt 0.948718 0.790323
vt 0.948718 0.790323
vt 0.987179 0.758065
vt 0.987179 0.790323
vt 0.948718 0.758065
vt 0.987179 0.790323
vt 0.948718 0.790323
vt 0.948718 0.790323
vt 0.987179 0.758065
vt 0.987179 0.790323
vt 0.948718 0.790323
vt 0.987179 0.758065
vt 0.987179 0.790323
vt 0.987179 0.790323
vt 0.948718 0.758065
vt 0.987179 0.758065
vt 0.948718 0.790323
vt 0.987179 0.758065
vt 0.987179 0.790323
vt 0.987179 0.790323
vt 0.948718 0.758065
vt 0.987179 0.758065
vt 0.948718 0.790323
vt 0.987179 0.758065
vt 0.987179 0.790323
vt 0.987179 0.790323
vt 0.948718 0.758065
vt 0.987179 0.758065
vt 0.948718 0.790323
vt 0.987179 0.758065
vt 0.987179 0.790323
vt 0.987179 0.790323
vt 0.948718 0.758065
vt 0.987179 0.758065
vt 0.948718 0.790323
vt 0.987179 0.758065
vt 0.987179 0.790323
vt 0.987179 0.790323
vt 0.948718 0.758065
vt 0.987179 0.758065
vt 1.000000 0.790323
vt 0.948718 0.758065
vt 0.948718 0.790323
vt 1.000000 0.790323
vt 0.948718 0.758065
vt 0.948718 0.790323
vt 0.948718 0.790323
vt 1.000000 0.758065
vt 0.948718 0.758065
vt 0.948718 0.790323
vt 1.000000 0.758065
vt 0.948718 0.758065
vt 1.000000 0.790323
vt 0.948718 0.758065
vt 0.948718 0.790323
vt 1.000000 0.790323
vt 0.948718 0.758065
vt 0.948718 0.790323
vt 0.948718 0.790323
vt 1.000000 0.758065
vt 0.948718 0.758065
vt 0.948718 0.790323
vt 1.000000 0.758065
vt 0.948718 0.758065
vt 1.000000 0.758065
vt 0.948718 0.790323
vt 1.000000 0.790323
vt 1.000000 0.758065
vt 0.948718 0.790323
vt 1.000000 0.790323
vt 1.000000 0.790323
vt 0.948718 0.758065
vt 0.948718 0.790323
vt 1.000000 0.790323
vt 0.948718 0.758065
vt 0.948718 0.790323
vt 1.000000 0.758065
vt 0.948718 0.790323
vt 1.000000 0.790323
vt 1.000000 0.758065
vt 0.948718 0.790323
vt 1.000000 0.790323
vt 1.000000 0.790323
vt 0.948718 0.758065
vt 0.948718 0.790323
vt 1.000000 0.790323
vt 0.948718 0.758065
vt 0.948718 0.790323
vt 1.000000 0.790323
vt 0.948718 0.758065
vt 0.948718 0.790323
vt 0.948718 0.790323
vt 1.000000 0.758065
vt 0.948718 0.758065
vt 1.000000 0.758065
vt 0.948718 0.790323
vt 1.000000 0.790323
vt 1.000000 0.790323
vt 0.948718 0.758065
vt 0.948718 0.790323
vt 0.987179 0.790323
vt 0.948718 0.758065
vt 0.948718 0.790323
vt 0.948718 0.790323
vt 0.987179 0.758065
vt 0.948718 0.758065
vt 0.987179 0.790323
vt 0.948718 0.758065
vt 0.948718 0.790323
vt 0.948718 0.790323
vt 0.987179 0.758065
vt 0.948718 0.758065
vt 0.987179 0.790323
vt 0.948718 0.758065
vt 0.948718 0.790323
vt 0.948718 0.790323
vt 0.987179 0.758065
vt 0.948718 0.758065
vt 0.987179 0.790323
vt 0.948718 0.758065
vt 0.948718 0.790323
vt 0.948718 0.790323
vt 0.987179 0.758065
vt 0.948718 0.758065
vt 0.987179 0.790323
vt 0.948718 0.758065
vt 0.948718 0.790323
vt 0.948718 0.790323
vt 0.987179 0.758065
vt 0.948718 0.758065
vt 0.987179 0.758065
vt 0.948718 0.790323
vt 0.987179 0.790323
vt 0.987179 0.790323
vt 0.948718 0.758065
vt 0.948718 0.790323
vt 0.987179 0.758065
vt 0.948718 0.790323
vt 0.987179 0.790323
vt 0.987179 0.790323
vt 0.948718 0.758065
vt 0.948718 0.790323
vt 0.987179 0.758065
vt 0.948718 0.790323
vt 0.987179 0.790323
vt 0.987179 0.790323
vt 0.948718 0.758065
vt 0.948718 0.790323
vt 0.987179 0.758065
vt 0.948718 0.790323
vt 0.987179 0.790323
vt 0.987179 0.790323
vt 0.948718 0.758065
vt 0.948718 0.790323
vt 0.987179 0.758065
vt 0.948718 0.790323
vt 0.987179 0.790323
vt 0.987179 0.790323
vt 0.948718 0.758065
vt 0.948718 0.790323
vt 1.000000 0.758065
vt 1.000000 0.758065
vt 1.000000 0.758065
vt 1.000000 0.758065
vt 0.974359 0.919355
vt 0.512821 0.822581
vt 0.410256 0.854839
vt 0.576923 0.959677
vt 0.346154 0.951613
vt 0.371795 0.951613
vt 0.423077 0.903226
vt 0.538462 0.959677
vt 0.185897 0.951613
vt 0.538462 0.959677
vt 0.115385 0.919355
vt 0.974359 0.919355
vt 0.794872 0.693548
vt 0.794872 0.693548
vt 0.974359 0.919355
vt 0.512821 0.822581
vt 0.410256 0.854839
vt 0.576923 0.975806
vt 0.358974 0.951613
vt 0.371795 0.951613
vt 0.423077 0.903226
vt 0.538462 0.975806
vt 0.185897 0.951613
vt 0.538462 0.975806
vt 0.115385 0.919355
vt 0.974359 0.919355
vt 0.794872 0.693548
vt 0.794872 0.693548
vt 0.974359 0.919355
vt 0.512821 0.822581
vt 0.410256 0.854839
vt 0.576923 0.991935
vt 0.371795 0.951613
vt 0.423077 0.903226
vt 0.538462 0.991935
vt 0.185897 0.951613
vt 0.538462 0.991935
vt 0.974359 0.919355
vt 0.794872 0.693548
vt 0.794872 0.693548
vt 1.000000 0.758065
vt 1.000000 0.758065
vt 0.948718 0.758065
vt 0.948718 0.758065
vt 1.000000 0.758065
vt 1.000000 0.758065
vt 0.948718 0.758065
vt 0.948718 0.758065
vt 0.948718 0.758065
vt 0.948718 0.758065
vt 0.948718 0.790323
vt 0.948718 0.790323
vt 0.948718 0.758065
vt 0.948718 0.758065
vt 0.948718 0.790323
vt 0.948718 0.790323
vt 1.000000 0.758065
vt 0.948718 0.758065
vt 0.948718 0.758065
vt 0.948718 0.790323
vt 0.987179 0.758065
vt 0.948718 0.758065
vt 0.987179 0.758065
vt 0.948718 0.758065
vt 0.987179 0.758065
vt 0.948718 0.758065
vt 0.987179 0.758065
vt 0.948718 0.758065
vt 0.987179 0.758065
vt 0.948718 0.758065
vt 0.948718 0.758065
vt 0.948718 0.790323
vt 0.948718 0.758065
vt 0.948718 0.790323
vt 0.948718 0.758065
vt 0.948718 0.790323
vt 0.948718 0.758065
vt 0.948718 0.790323
vt 0.948718 0.758065
vt 0.948718 0.790323
vt 1.000000 0.758065
vt 1.000000 0.758065
vt 1.000000 0.790323
vt 1.000000 0.790323
vt 1.000000 0.758065
vt 1.000000 0.758065
vt 1.000000 0.790323
vt 1.000000 0.790323
vt 0.948718 0.758065
vt 0.948718 0.758065
vt 1.000000 0.758065
vt 1.000000 0.758065
vt 0.948718 0.758065
vt 0.948718 0.758065
vt 1.000000 0.758065
vt 1.000000 0.758065
vt 1.000000 0.758065
vt 1.000000 0.790323
vt 0.948718 0.758065
vt 1.000000 0.758065
vt 0.987179 0.758065
vt 0.987179 0.790323
vt 0.987179 0.758065
vt 0.987179 0.790323
vt 0.987179 0.758065
vt 0.987179 0.790323
vt 0.987179 0.758065
vt 0.987179 0.790323
vt 0.987179 0.758065
vt 0.987179 0.790323
vt 0.948718 0.758065
vt 0.987179 0.758065
vt 0.948718 0.758065
vt 0.987179 0.758065
vt 0.948718 0.758065
vt 0.987179 0.758065
vt 0.948718 0.758065
vt 0.987179 0.758065
vt 0.948718 0.758065
vt 0.987179 0.758065
vn 0.0000 -1.0000 0.0000
vn 0.0000 1.0000 0.0000
vn 0.0000 -0.0000 1.0000
vn 1.0000 0.0000 0.0000
vn 0.0000 0.0000 -1.0000
vn -1.0000 0.0000 0.0000
vn 0.7071 0.0000 -0.7071
vn -0.7071 -0.0000 0.7071
vn 0.7071 0.0000 0.7071
vn -0.7071 0.0000 -0.7071
v 1.187500 4.500000 -4.187500
v 1.187500 3.500000 -3.812500
v 1.187500 3.500000 -4.187500
v 1.187500 4.500000 -3.812500
v 0.812500 3.500000 -3.812500
v 0.750000 2.000000 -2.750000
v 1.250000 2.000000 -2.250000
v 0.750000 2.000000 -2.250000
v -1.250000 2.000000 -2.750000
v -0.750000 2.000000 -2.250000
v -1.250000 2.000000 -2.250000
v 1.250000 3.500000 -3.750000
v 0.750000 3.500000 -4.250000
v 0.750000 3.500000 -3.750000
v -0.750000 3.500000 -3.750000
v -1.250000 3.500000 -4.250000
v -1.250000 3.500000 -3.750000
v -0.750000 1.500000 -3.750000
v -1.250000 1.500000 -3.750000
v 0.750000 1.500000 -4.250000
v 1.250000 3.500000 -4.250000
v 1.250000 1.500000 -4.250000
v 1.250000 1.500000 -3.750000
v 0.750000 1.500000 -3.750000
v -0.750000 1.500000 -4.250000
v -1.250000 1.500000 -4.250000
v -0.750000 3.500000 -4.250000
v 1.250000 3.500000 -2.250000
v 0.750000 3.500000 -2.750000
v 0.750000 3.500000 -2.250000
v -0.750000 3.500000 -2.250000
v -1.250000 3.500000 -2.750000
v -1.250000 3.500000 -2.250000
v -0.750000 2.000000 -2.750000
v 1.250000 2.000000 -2.750000
v -0.750000 3.500000 -2.750000
v 1.250000 3.500000 -2.750000
v 0.812500 4.500000 -3.812500
v 0.812500 3.500000 -4.187500
v 0.812500 4.500000 -4.187500
v 1.187500 4.500000 -2.687500
v 1.187500 3.500000 -2.312500
v 1.187500 3.500000 -2.687500
v 1.187500 4.500000 -2.312500
v 0.812500 3.500000 -2.312500
v 0.812500 4.500000 -2.312500
v 0.812500 3.500000 -2.687500
v 0.812500 4.500000 -2.687500
v -0.812500 4.500000 -4.187500
v -0.812500 3.500000 -3.812500
v -0.812500 3.500000 -4.187500
v -0.812500 4.500000 -3.812500
v -1.187500 3.500000 -3.812500
v -1.187500 4.500000 -3.812500
v -1.187500 3.500000 -4.187500
v -1.187500 4.500000 -4.187500
v -0.812500 4.500000 -2.687500
v -0.812500 3.500000 -2.312500
v -0.812500 3.500000 -2.687500
v -0.812500 4.500000 -2.312500
v -1.187500 3.500000 -2.312500
v -1.187500 4.500000 -2.312500
v -1.187500 3.500000 -2.687500
v -1.187500 4.500000 -2.687500
v 1.000000 2.500000 -2.750000
v 1.000000 3.000000 -3.750000
v 1.000000 3.000000 -2.750000
v -1.000000 3.000000 -3.750000
v -1.000000 2.500000 -2.750000
v -1.000000 3.000000 -2.750000
v 0.750000 2.500000 -4.000000
v -0.750000 3.000000 -4.000000
v 0.750000 3.000000 -4.000000
v -0.750000 3.000000 -2.500000
v 0.750000 2.500000 -2.500000
v 0.750000 3.000000 -2.500000
v 1.000000 3.000000 -3.750000
v 1.000000 2.500000 -2.750000
v 1.000000 3.000000 -2.750000
v -1.000000 2.500000 -2.750000
v -1.000000 3.000000 -3.750000
v -1.000000 3.000000 -2.750000
v -0.750000 3.000000 -4.000000
v 0.750000 2.500000 -4.000000
v 0.750000 3.000000 -4.000000
v 0.750000 2.500000 -2.500000
v -0.750000 3.000000 -2.500000
v 0.750000 3.000000 -2.500000
v 1.000000 2.500000 -3.750000
v -1.000000 2.500000 -3.750000
v -0.750000 2.500000 -4.000000
v -0.750000 2.500000 -2.500000
v 1.000000 2.500000 -3.750000
v -1.000000 2.500000 -3.750000
v -0.750000 2.500000 -4.000000
v -0.750000 2.500000 -2.500000
vt 0.769231 0.967742
vt 0.750000 0.903226
vt 0.769231 0.903226
vt 0.750000 0.967742
vt 0.730769 0.903226
vt 0.692308 0.870968
vt 0.717949 0.903226
vt 0.692308 0.903226
vt 0.692308 0.870968
vt 0.717949 0.903226
vt 0.692308 0.903226
vt 0.692308 0.870968
vt 0.717949 0.838710
vt 0.717949 0.870968
vt 0.692308 0.870968
vt 0.717949 0.838710
vt 0.717949 0.870968
vt 0.769231 0.709677
vt 0.743590 0.838710
vt 0.743590 0.709677
vt 0.717949 0.709677
vt 0.692308 0.838710
vt 0.692308 0.709677
vt 0.769231 0.709677
vt 0.743590 0.838710
vt 0.743590 0.709677
vt 0.794872 0.709677
vt 0.769231 0.838710
vt 0.717949 0.709677
vt 0.794872 0.709677
vt 0.769231 0.838710
vt 0.692308 0.838710
vt 0.692308 0.709677
vt 0.692308 0.870968
vt 0.717949 0.838710
vt 0.717949 0.870968
vt 0.692308 0.870968
vt 0.717949 0.838710
vt 0.717949 0.870968
vt 0.794872 0.741935
vt 0.769231 0.838710
vt 0.769231 0.741935
vt 0.743590 0.741935
vt 0.717949 0.741935
vt 0.794872 0.741935
vt 0.769231 0.838710
vt 0.769231 0.741935
vt 0.743590 0.741935
vt 0.717949 0.741935
vt 0.692308 0.838710
vt 0.692308 0.741935
vt 0.743590 0.838710
vt 0.692308 0.838710
vt 0.692308 0.741935
vt 0.743590 0.838710
vt 0.730769 0.967742
vt 0.711538 0.903226
vt 0.711538 0.967742
vt 0.692308 0.903226
vt 0.769231 0.967742
vt 0.750000 0.903226
vt 0.769231 0.903226
vt 0.750000 0.967742
vt 0.730769 0.903226
vt 0.730769 0.967742
vt 0.711538 0.903226
vt 0.711538 0.967742
vt 0.692308 0.903226
vt 0.769231 0.967742
vt 0.750000 0.903226
vt 0.769231 0.903226
vt 0.750000 0.967742
vt 0.730769 0.903226
vt 0.730769 0.967742
vt 0.711538 0.903226
vt 0.711538 0.967742
vt 0.692308 0.903226
vt 0.769231 0.967742
vt 0.750000 0.903226
vt 0.769231 0.903226
vt 0.750000 0.967742
vt 0.730769 0.903226
vt 0.730769 0.967742
vt 0.711538 0.903226
vt 0.711538 0.967742
vt 0.692308 0.903226
vt 0.743590 0.870968
vt 0.794872 0.903226
vt 0.743590 0.903226
vt 0.743590 0.903226
vt 0.794872 0.870968
vt 0.794872 0.903226
vt 0.717949 0.838710
vt 0.794872 0.870968
vt 0.717949 0.870968
vt 0.717949 0.870968
vt 0.794872 0.838710
vt 0.794872 0.870968
vt 0.794872 0.903226
vt 0.743590 0.870968
vt 0.743590 0.903226
vt 0.794872 0.870968
vt 0.743590 0.903226
vt 0.794872 0.903226
vt 0.794872 0.870968
vt 0.717949 0.838710
vt 0.717949 0.870968
vt 0.794872 0.838710
vt 0.717949 0.870968
vt 0.794872 0.870968
vt 0.717949 0.870968
vt 0.717949 0.870968
vt 0.794872 0.838710
vt 0.794872 0.838710
vt 0.794872 0.838710
vt 0.794872 0.838710
vt 0.692308 0.967742
vt 0.692308 0.967742
vt 0.692308 0.967742
vt 0.692308 0.967742
vt 0.794872 0.870968
vt 0.743590 0.870968
vt 0.794872 0.838710
vt 0.717949 0.838710
vt 0.794872 0.870968
vt 0.743590 0.870968
vt 0.794872 0.838710
vt 0.717949 0.838710
vn 1.0000 0.0000 0.0000
vn 0.0000 0.0000 1.0000
vn 0.0000 -1.0000 0.0000
vn 0.0000 1.0000 0.0000
vn 0.0000 0.0000 -1.0000
vn -1.0000 0.0000 0.0000
v -1.585786 16.750000 1.409011
v -1.762563 16.250000 1.939341
v -1.939340 16.250000 1.762564
v -2.292893 11.000000 2.116117
v -2.116117 16.250000 1.939341
v -2.116117 11.000000 2.292893
v -1.939340 16.250000 2.116118
v -2.292893 11.000000 2.469671
v -2.469670 11.000000 2.292893
v -1.055456 17.000000 0.878681
v -0.878680 16.750000 0.701904
v -1.055456 16.750000 0.878681
v -1.585786 17.000000 1.409011
v -1.409010 16.750000 1.585787
v -0.878680 17.000000 1.055457
v -0.878680 16.750000 1.055457
v -1.409010 17.000000 1.585787
v -0.701903 16.750000 0.878681
v -0.878680 15.250000 0.701904
v -0.348350 14.250000 0.171574
v -1.055456 15.250000 0.878681
v -0.701903 15.250000 0.878681
v -0.878680 15.250000 1.055457
v -0.171573 14.250000 -0.005203
v -0.171573 14.250000 0.348351
v 0.005204 14.250000 0.171574
vt 0.897436 0.395161
vt 0.884615 0.346774
vt 0.897436 0.346774
vt 0.846154 -0.000000
vt 0.858974 0.338710
vt 0.846154 0.338710
vt 0.884615 -0.000000
vt 0.871795 0.338710
vt 0.871795 -0.000000
vt 0.858974 -0.000000
vt 0.897436 -0.000000
vt 0.884615 0.338710
vt 0.858974 0.451613
vt 0.846154 0.467742
vt 0.846154 0.451613
vt 0.858974 0.403226
vt 0.846154 0.346774
vt 0.884615 0.395161
vt 0.871795 0.451613
vt 0.897436 0.403226
vt 0.884615 0.451613
vt 0.884615 0.403226
vt 0.871795 0.403226
vt 0.871795 0.467742
vt 0.884615 0.532258
vt 0.897436 0.467742
vt 0.897436 0.532258
vt 0.884615 0.629032
vt 0.897436 0.629032
vt 0.871795 0.629032
vt 0.858974 0.629032
vt 0.871795 0.532258
vt 0.846154 0.629032
vt 0.858974 0.532258
vt 0.884615 0.467742
vt 0.858974 0.467742
vt 0.871795 0.467742
vt 0.846154 0.532258
vt 0.897436 0.338710
vt 0.846154 0.403226
vt 0.846154 0.395161
vt 0.897436 0.451613
vt 0.884615 0.467742
vt 0.858974 0.467742
vt 0.846154 0.467742
vn 0.5000 -0.7071 -0.5000
vn -0.7071 -0.0000 -0.7071
vn 0.7071 -0.0000 0.7071
vn -0.7039 0.0948 0.7039
vn 0.7039 -0.0948 -0.7039
vn -0.5000 0.7071 0.5000
vn 0.0000 1.0000 0.0000
vn 0.0000 -1.0000 0.0000
vn 0.5000 0.7071 -0.5000
vn 0.7071 0.0000 -0.7071
vn -0.7071 0.0000 0.7071
vn -0.5000 -0.7071 0.5000
v 0.500000 2.000000 0.500000
v -1.000000 2.000000 1.000000
v 1.000000 2.000000 1.000000
v -1.000000 1.750000 1.000000
v 0.500000 1.750000 0.500000
v 1.000000 1.750000 1.000000
v -0.500000 2.000000 0.500000
v -1.000000 2.000000 -1.000000
v -0.500000 2.000000 -0.500000
v 1.000000 2.000000 -1.000000
v 0.500000 2.000000 -0.500000
v -1.000000 1.750000 -1.000000
v -0.500000 1.750000 0.500000
v 1.000000 1.750000 -1.000000
v -0.500000 1.750000 -0.500000
v 0.500000 1.750000 -0.500000
v -0.500000 2.000000 0.500000
v 0.500000 2.000000 -0.500000
v -0.500000 2.000000 -0.500000
v 0.937500 1.750000 0.937500
v 0.937500 1.000000 0.562500
v 0.937500 1.750000 0.562500
v 0.562500 1.750000 0.562500
v 0.562500 1.000000 0.937500
v 0.562500 1.750000 0.937500
v 0.562500 1.000000 0.562500
v 0.937500 1.000000 0.937500
v -0.500000 1.000000 -1.750000
v 0.500000 1.375000 -1.750000
v 0.500000 1.000000 -1.750000
v 0.500000 1.500000 -1.375000
v -0.500000 1.500000 -1.625000
v -0.500000 1.500000 -1.375000
v 0.500000 1.000000 -1.250000
v -0.500000 1.375000 -1.250000
v -0.500000 1.000000 -1.250000
v 0.500000 1.500000 -1.625000
v 0.500000 1.375000 -1.250000
v -0.500000 1.375000 -1.750000
v 0.750000 1.000000 -0.562500
v 0.750000 1.750000 0.562500
v 0.750000 1.000000 0.562500
v 1.000000 11.000000 1.750000
v 0.500000 11.000000 1.250000
v 0.500000 11.000000 1.750000
v -0.500000 11.000000 1.750000
v -1.000000 11.000000 1.250000
v -1.000000 11.000000 1.750000
v 1.000000 1.000000 1.750000
v 0.500000 1.000000 1.750000
v -0.500000 1.000000 1.250000
v -0.500000 1.000000 1.750000
v -1.000000 1.000000 1.750000
v -1.000000 1.000000 1.250000
v 1.000000 1.000000 1.250000
v 0.500000 1.000000 1.250000
v -0.500000 11.000000 1.250000
v 1.000000 11.000000 1.250000
v -0.500000 10.750000 1.562500
v 0.500000 10.250000 1.562500
v 0.500000 10.000000 1.562500
v 0.500000 1.750000 1.437500
v -0.500000 1.250000 1.437500
v 0.500000 2.000000 1.437500
v -0.500000 1.750000 1.562500
v 0.500000 1.250000 1.562500
v 0.500000 1.000000 1.562500
v -0.500000 4.750000 1.562500
v 0.500000 4.250000 1.562500
v 0.500000 4.000000 1.562500
v 0.500000 4.750000 1.437500
v -0.500000 4.250000 1.437500
v 0.500000 5.000000 1.437500
v -0.500000 2.500000 1.562500
v 0.500000 2.000000 1.562500
v 0.500000 1.750000 1.562500
v 0.500000 2.500000 1.437500
v -0.500000 2.000000 1.437500
v 0.500000 2.750000 1.437500
v 0.500000 3.250000 1.437500
v -0.500000 2.750000 1.437500
v 0.500000 3.500000 1.437500
v -0.500000 3.250000 1.562500
v 0.500000 2.750000 1.562500
v 0.500000 2.500000 1.562500
v 0.500000 4.000000 1.437500
v -0.500000 3.500000 1.437500
v 0.500000 4.250000 1.437500
v -0.500000 4.000000 1.562500
v 0.500000 3.500000 1.562500
v 0.500000 3.250000 1.562500
v -0.500000 7.000000 1.562500
v 0.500000 6.500000 1.562500
v 0.500000 6.250000 1.562500
v 0.500000 7.000000 1.437500
v -0.500000 6.500000 1.437500
v 0.500000 7.250000 1.437500
v 0.500000 10.750000 1.437500
v -0.500000 10.250000 1.437500
v 0.500000 11.000000 1.437500
v -0.500000 6.250000 1.562500
v 0.500000 5.750000 1.562500
v 0.500000 5.500000 1.562500
v 0.500000 6.250000 1.437500
v -0.500000 5.750000 1.437500
v 0.500000 6.500000 1.437500
v 0.500000 5.500000 1.437500
v -0.500000 5.000000 1.437500
v 0.500000 5.750000 1.437500
v -0.500000 5.500000 1.562500
v 0.500000 5.000000 1.562500
v 0.500000 4.750000 1.562500
v 0.500000 7.750000 1.437500
v -0.500000 7.250000 1.437500
v 0.500000 8.000000 1.437500
v -0.500000 7.750000 1.562500
v 0.500000 7.250000 1.562500
v 0.500000 7.000000 1.562500
v -0.500000 8.500000 1.562500
v 0.500000 8.000000 1.562500
v 0.500000 7.750000 1.562500
v 0.500000 8.500000 1.437500
v -0.500000 8.000000 1.437500
v 0.500000 8.750000 1.437500
v 0.500000 9.250000 1.437500
v -0.500000 8.750000 1.437500
v 0.500000 9.500000 1.437500
v -0.500000 9.250000 1.562500
v 0.500000 8.750000 1.562500
v 0.500000 8.500000 1.562500
v 0.500000 10.000000 1.437500
v -0.500000 9.500000 1.437500
v 0.500000 10.250000 1.437500
v -0.500000 10.000000 1.562500
v 0.500000 9.500000 1.562500
v 0.500000 9.250000 1.562500
v -0.937500 1.000000 3.937500
v -0.937500 2.812500 1.750000
v -0.937500 1.000000 3.562500
v -0.562500 1.000000 3.937500
v -0.937500 3.187500 1.750000
v -0.562500 2.812500 1.750000
v -0.562500 1.000000 3.562500
v -0.562500 3.187500 1.750000
v 0.562500 1.000000 3.937500
v 0.562500 2.812500 1.750000
v 0.562500 1.000000 3.562500
v 0.937500 1.000000 3.937500
v 0.562500 3.187500 1.750000
v 0.937500 2.812500 1.750000
v 0.937500 1.000000 3.562500
v 0.937500 3.187500 1.750000
v -0.500000 10.750000 1.562500
v 0.500000 10.250000 1.562500
v -0.500000 11.000000 1.562500
v 0.500000 1.750000 1.437500
v -0.500000 1.250000 1.437500
v -0.500000 1.000000 1.437500
v -0.500000 1.750000 1.562500
v 0.500000 1.250000 1.562500
v -0.500000 2.000000 1.562500
v -0.500000 4.750000 1.562500
v 0.500000 4.250000 1.562500
v -0.500000 5.000000 1.562500
v 0.500000 4.750000 1.437500
v -0.500000 4.250000 1.437500
v -0.500000 4.000000 1.437500
v -0.500000 2.500000 1.562500
v 0.500000 2.000000 1.562500
v -0.500000 2.750000 1.562500
v 0.500000 2.500000 1.437500
v -0.500000 2.000000 1.437500
v -0.500000 1.750000 1.437500
v 0.500000 3.250000 1.437500
v -0.500000 2.750000 1.437500
v -0.500000 2.500000 1.437500
v -0.500000 3.250000 1.562500
v 0.500000 2.750000 1.562500
v -0.500000 3.500000 1.562500
v 0.500000 4.000000 1.437500
v -0.500000 3.500000 1.437500
v -0.500000 3.250000 1.437500
v -0.500000 4.000000 1.562500
v 0.500000 3.500000 1.562500
v -0.500000 4.250000 1.562500
v -0.500000 7.000000 1.562500
v 0.500000 6.500000 1.562500
v -0.500000 7.250000 1.562500
v 0.500000 7.000000 1.437500
v -0.500000 6.500000 1.437500
v -0.500000 6.250000 1.437500
v 0.500000 10.750000 1.437500
v -0.500000 10.250000 1.437500
v -0.500000 10.000000 1.437500
v -0.500000 6.250000 1.562500
v 0.500000 5.750000 1.562500
v -0.500000 6.500000 1.562500
v 0.500000 6.250000 1.437500
v -0.500000 5.750000 1.437500
v -0.500000 5.500000 1.437500
v 0.500000 5.500000 1.437500
v -0.500000 5.000000 1.437500
v -0.500000 4.750000 1.437500
v -0.500000 5.500000 1.562500
v 0.500000 5.000000 1.562500
v -0.500000 5.750000 1.562500
v 0.500000 7.750000 1.437500
v -0.500000 7.250000 1.437500
v -0.500000 7.000000 1.437500
v -0.500000 7.750000 1.562500
v 0.500000 7.250000 1.562500
v -0.500000 8.000000 1.562500
v -0.500000 8.500000 1.562500
v 0.500000 8.000000 1.562500
v -0.500000 8.750000 1.562500
v 0.500000 8.500000 1.437500
v -0.500000 8.000000 1.437500
v -0.500000 7.750000 1.437500
v 0.500000 9.250000 1.437500
v -0.500000 8.750000 1.437500
v -0.500000 8.500000 1.437500
v -0.500000 9.250000 1.562500
v 0.500000 8.750000 1.562500
v -0.500000 9.500000 1.562500
v 0.500000 10.000000 1.437500
v -0.500000 9.500000 1.437500
v -0.500000 9.250000 1.437500
v -0.500000 10.000000 1.562500
v 0.500000 9.500000 1.562500
v -0.500000 10.250000 1.562500
v 0.937500 1.750000 -0.562500
v 0.937500 1.000000 -0.937500
v 0.937500 1.750000 -0.937500
v 0.562500 1.750000 -0.937500
v 0.562500 1.000000 -0.562500
v 0.562500 1.750000 -0.562500
v 0.562500 1.000000 -0.937500
v 0.937500 1.000000 -0.562500
v -0.562500 1.750000 0.937500
v -0.562500 1.000000 0.562500
v -0.562500 1.750000 0.562500
v -0.937500 1.750000 0.562500
v -0.937500 1.000000 0.937500
v -0.937500 1.750000 0.937500
v -0.937500 1.000000 0.562500
v -0.562500 1.000000 0.937500
v -0.562500 1.750000 -0.562500
v -0.562500 1.000000 -0.937500
v -0.562500 1.750000 -0.937500
v -0.937500 1.750000 -0.937500
v -0.937500 1.000000 -0.562500
v -0.937500 1.750000 -0.562500
v -0.937500 1.000000 -0.937500
v -0.562500 1.000000 -0.562500
v -0.750000 1.000000 0.562500
v -0.750000 1.750000 -0.562500
v -0.750000 1.000000 -0.562500
v -0.562500 1.000000 -0.750000
v 0.562500 1.750000 -0.750000
v 0.562500 1.000000 -0.750000
v 0.562500 1.000000 0.750000
v -0.562500 1.750000 0.750000
v -0.562500 1.000000 0.750000
v 0.500000 2.000000 0.500000
v 0.750000 1.750000 -0.562500
v -0.500000 11.000000 1.562500
v -0.500000 1.000000 1.437500
v -0.500000 2.000000 1.562500
v -0.500000 5.000000 1.562500
v -0.500000 4.000000 1.437500
v -0.500000 2.750000 1.562500
v -0.500000 1.750000 1.437500
v -0.500000 2.500000 1.437500
v -0.500000 3.500000 1.562500
v -0.500000 3.250000 1.437500
v -0.500000 4.250000 1.562500
v -0.500000 7.250000 1.562500
v -0.500000 6.250000 1.437500
v -0.500000 10.000000 1.437500
v -0.500000 6.500000 1.562500
v -0.500000 5.500000 1.437500
v -0.500000 4.750000 1.437500
v -0.500000 5.750000 1.562500
v -0.500000 7.000000 1.437500
v -0.500000 8.000000 1.562500
v -0.500000 8.750000 1.562500
v -0.500000 7.750000 1.437500
v -0.500000 8.500000 1.437500
v -0.500000 9.500000 1.562500
v -0.500000 9.250000 1.437500
v -0.500000 10.250000 1.562500
v 0.500000 10.000000 1.562500
v 0.500000 2.000000 1.437500
v 0.500000 1.000000 1.562500
v 0.500000 4.000000 1.562500
v 0.500000 5.000000 1.437500
v 0.500000 1.750000 1.562500
v 0.500000 2.750000 1.437500
v 0.500000 3.500000 1.437500
v 0.500000 2.500000 1.562500
v 0.500000 4.250000 1.437500
v 0.500000 3.250000 1.562500
v 0.500000 6.250000 1.562500
v 0.500000 7.250000 1.437500
v 0.500000 11.000000 1.437500
v 0.500000 5.500000 1.562500
v 0.500000 6.500000 1.437500
v 0.500000 5.750000 1.437500
v 0.500000 4.750000 1.562500
v 0.500000 8.000000 1.437500
v 0.500000 7.000000 1.562500
v 0.500000 7.750000 1.562500
v 0.500000 8.750000 1.437500
v 0.500000 9.500000 1.437500
v 0.500000 8.500000 1.562500
v 0.500000 10.250000 1.437500
v 0.500000 9.250000 1.562500
v -0.750000 1.750000 0.562500
v -0.562500 1.750000 -0.750000
v 0.562500 1.750000 0.750000
vt 0.083333 0.250000
vt 0.000000 0.386364
vt 0.000000 0.204545
vt 0.000000 0.000000
vt 0.083333 0.136364
vt 0.000000 0.181818
vt 0.083333 0.340909
vt 0.333333 0.386364
vt 0.250000 0.340909
vt 0.333333 0.204545
vt 0.250000 0.250000
vt 0.333333 -0.000000
vt 0.083333 0.045455
vt 0.333333 0.181818
vt 0.250000 0.045455
vt 0.250000 0.136364
vt 0.083333 0.136364
vt 0.250000 0.113636
vt 0.250000 0.136364
vt 0.083333 0.136364
vt 0.250000 0.113636
vt 0.250000 0.136364
vt -0.000000 0.204545
vt 0.333333 0.181818
vt 0.333333 0.204545
vt -0.000000 0.204545
vt 0.333333 0.181818
vt 0.333333 0.204545
vt 0.083333 0.136364
vt 0.250000 0.113636
vt 0.250000 0.136364
vt 0.083333 0.136364
vt 0.250000 0.113636
vt 0.250000 0.136364
vt -0.000000 0.204545
vt 0.333333 0.181818
vt 0.333333 0.204545
vt 0.083333 0.340909
vt 0.250000 0.250000
vt 0.250000 0.340909
vt 0.125000 0.454545
vt 0.187500 0.386364
vt 0.187500 0.454545
vt -0.000000 0.454545
vt 0.062500 0.386364
vt 0.062500 0.454545
vt 0.250000 0.386364
vt 0.250000 0.454545
vt 0.125000 0.386364
vt 0.208333 0.954545
vt 0.145833 0.863636
vt 0.208333 0.863636
vt 0.083333 0.863636
vt 0.125000 0.954545
vt 0.083333 0.954545
vt 0.000000 0.863636
vt 0.062500 0.954545
vt 0.000000 0.954545
vt 0.125000 0.863636
vt 0.062500 0.852273
vt 0.062500 0.863636
vt 0.145833 0.954545
vt 0.145833 0.965909
vt 0.187500 0.454545
vt 0.000000 0.522727
vt 0.000000 0.454545
vt 0.333333 0.909091
vt 0.416667 0.954545
vt 0.333333 0.954545
vt 0.333333 0.909091
vt 0.416667 0.954545
vt 0.333333 0.954545
vt 0.666667 0.000000
vt 0.583333 0.909091
vt 0.583333 0.000000
vt 0.416667 -0.000000
vt 0.333333 -0.000000
vt 0.583333 0.000000
vt 0.500000 0.909091
vt 0.500000 0.000000
vt 0.416667 -0.000000
vt 0.333333 -0.000000
vt 0.500000 0.909091
vt 0.500000 0.000000
vt 0.416667 0.909091
vt 0.666667 0.000000
vt 0.583333 0.909091
vt 0.416667 0.909091
vt 0.166667 0.522727
vt 0.000000 0.545455
vt -0.000000 0.522727
vt -0.000000 0.522727
vt 0.166667 0.545455
vt -0.000000 0.545455
vt 0.166667 0.522727
vt 0.000000 0.545455
vt -0.000000 0.522727
vt 0.166667 0.522727
vt 0.000000 0.545455
vt -0.000000 0.522727
vt -0.000000 0.522727
vt 0.166667 0.545455
vt -0.000000 0.545455
vt 0.166667 0.522727
vt 0.000000 0.545455
vt -0.000000 0.522727
vt -0.000000 0.522727
vt 0.166667 0.545455
vt -0.000000 0.545455
vt -0.000000 0.522727
vt 0.166667 0.545455
vt -0.000000 0.545455
vt 0.166667 0.522727
vt 0.000000 0.545455
vt -0.000000 0.522727
vt -0.000000 0.522727
vt 0.166667 0.545455
vt -0.000000 0.545455
vt 0.166667 0.522727
vt 0.000000 0.545455
vt -0.000000 0.522727
vt 0.166667 0.522727
vt 0.000000 0.545455
vt -0.000000 0.522727
vt -0.000000 0.522727
vt 0.166667 0.545455
vt -0.000000 0.545455
vt -0.000000 0.522727
vt 0.166667 0.545455
vt -0.000000 0.545455
vt 0.166667 0.522727
vt 0.000000 0.545455
vt -0.000000 0.522727
vt -0.000000 0.522727
vt 0.166667 0.545455
vt -0.000000 0.545455
vt -0.000000 0.522727
vt 0.166667 0.545455
vt -0.000000 0.545455
vt 0.166667 0.522727
vt 0.000000 0.545455
vt -0.000000 0.522727
vt -0.000000 0.522727
vt 0.166667 0.545455
vt -0.000000 0.545455
vt 0.166667 0.522727
vt 0.000000 0.545455
vt -0.000000 0.522727
vt 0.166667 0.522727
vt 0.000000 0.545455
vt -0.000000 0.522727
vt -0.000000 0.522727
vt 0.166667 0.545455
vt -0.000000 0.545455
vt -0.000000 0.522727
vt 0.166667 0.545455
vt -0.000000 0.545455
vt 0.166667 0.522727
vt 0.000000 0.545455
vt -0.000000 0.522727
vt -0.000000 0.522727
vt 0.166667 0.545455
vt -0.000000 0.545455
vt 0.166667 0.522727
vt 0.000000 0.545455
vt -0.000000 0.522727
vt 0.062500 0.545455
vt 0.000000 0.784091
vt -0.000000 0.579545
vt 0.125000 0.545455
vt 0.062500 0.818182
vt 0.250000 0.579545
vt 0.187500 0.784091
vt 0.187500 0.579545
vt 0.125000 0.818182
vt 0.062500 0.545455
vt 0.000000 0.784091
vt -0.000000 0.579545
vt 0.125000 0.545455
vt 0.062500 0.818182
vt 0.250000 0.579545
vt 0.187500 0.784091
vt 0.187500 0.579545
vt 0.125000 0.818182
vt 0.166667 0.522727
vt 0.000000 0.545455
vt 0.166667 0.545455
vt -0.000000 0.522727
vt 0.166667 0.545455
vt 0.166667 0.522727
vt 0.166667 0.522727
vt 0.000000 0.545455
vt 0.166667 0.545455
vt 0.166667 0.522727
vt 0.000000 0.545455
vt 0.166667 0.545455
vt -0.000000 0.522727
vt 0.166667 0.545455
vt 0.166667 0.522727
vt 0.166667 0.522727
vt 0.000000 0.545455
vt 0.166667 0.545455
vt -0.000000 0.522727
vt 0.166667 0.545455
vt 0.166667 0.522727
vt -0.000000 0.522727
vt 0.166667 0.545455
vt 0.166667 0.522727
vt 0.166667 0.522727
vt 0.000000 0.545455
vt 0.166667 0.545455
vt -0.000000 0.522727
vt 0.166667 0.545455
vt 0.166667 0.522727
vt 0.166667 0.522727
vt 0.000000 0.545455
vt 0.166667 0.545455
vt 0.166667 0.522727
vt 0.000000 0.545455
vt 0.166667 0.545455
vt -0.000000 0.522727
vt 0.166667 0.545455
vt 0.166667 0.522727
vt -0.000000 0.522727
vt 0.166667 0.545455
vt 0.166667 0.522727
vt 0.166667 0.522727
vt 0.000000 0.545455
vt 0.166667 0.545455
vt -0.000000 0.522727
vt 0.166667 0.545455
vt 0.166667 0.522727
vt -0.000000 0.522727
vt 0.166667 0.545455
vt 0.166667 0.522727
vt 0.166667 0.522727
vt 0.000000 0.545455
vt 0.166667 0.545455
vt -0.000000 0.522727
vt 0.166667 0.545455
vt 0.166667 0.522727
vt 0.166667 0.522727
vt 0.000000 0.545455
vt 0.166667 0.545455
vt 0.166667 0.522727
vt 0.000000 0.545455
vt 0.166667 0.545455
vt -0.000000 0.522727
vt 0.166667 0.545455
vt 0.166667 0.522727
vt -0.000000 0.522727
vt 0.166667 0.545455
vt 0.166667 0.522727
vt 0.166667 0.522727
vt 0.000000 0.545455
vt 0.166667 0.545455
vt -0.000000 0.522727
vt 0.166667 0.545455
vt 0.166667 0.522727
vt 0.166667 0.522727
vt 0.000000 0.545455
vt 0.166667 0.545455
vt 0.125000 0.454545
vt 0.187500 0.386364
vt 0.187500 0.454545
vt -0.000000 0.454545
vt 0.062500 0.386364
vt 0.062500 0.454545
vt 0.250000 0.386364
vt 0.250000 0.454545
vt 0.125000 0.386364
vt 0.125000 0.454545
vt 0.187500 0.386364
vt 0.187500 0.454545
vt -0.000000 0.454545
vt 0.062500 0.386364
vt 0.062500 0.454545
vt 0.250000 0.386364
vt 0.250000 0.454545
vt 0.125000 0.386364
vt 0.125000 0.454545
vt 0.187500 0.386364
vt 0.187500 0.454545
vt -0.000000 0.454545
vt 0.062500 0.386364
vt 0.062500 0.454545
vt 0.250000 0.386364
vt 0.250000 0.454545
vt 0.125000 0.386364
vt 0.187500 0.454545
vt 0.000000 0.522727
vt 0.000000 0.454545
vt 0.187500 0.454545
vt 0.000000 0.522727
vt 0.000000 0.454545
vt 0.187500 0.454545
vt 0.000000 0.522727
vt 0.000000 0.454545
vt 0.083333 0.113636
vt 0.083333 0.113636
vt -0.000000 0.181818
vt -0.000000 0.181818
vt 0.083333 0.113636
vt 0.083333 0.113636
vt -0.000000 0.181818
vt 0.083333 0.250000
vt -0.000000 0.386364
vt 0.062500 0.818182
vt 0.145833 0.818182
vt 0.145833 0.852273
vt 0.145833 1.000000
vt 0.062500 1.000000
vt 0.062500 0.965909
vt 0.187500 0.522727
vt 0.666667 0.909091
vt 0.666667 0.909091
vt 0.166667 0.545455
vt 0.166667 0.522727
vt 0.166667 0.545455
vt 0.166667 0.545455
vt 0.166667 0.522727
vt 0.166667 0.545455
vt 0.166667 0.522727
vt 0.166667 0.522727
vt 0.166667 0.545455
vt 0.166667 0.522727
vt 0.166667 0.545455
vt 0.166667 0.545455
vt 0.166667 0.522727
vt 0.166667 0.522727
vt 0.166667 0.545455
vt 0.166667 0.522727
vt 0.166667 0.522727
vt 0.166667 0.545455
vt 0.166667 0.522727
vt 0.166667 0.545455
vt 0.166667 0.545455
vt 0.166667 0.522727
vt 0.166667 0.522727
vt 0.166667 0.545455
vt 0.166667 0.522727
vt 0.166667 0.545455
vt 0.250000 0.784091
vt 0.250000 0.784091
vt -0.000000 0.522727
vt -0.000000 0.545455
vt -0.000000 0.522727
vt -0.000000 0.522727
vt -0.000000 0.545455
vt -0.000000 0.522727
vt -0.000000 0.545455
vt -0.000000 0.545455
vt -0.000000 0.522727
vt -0.000000 0.545455
vt -0.000000 0.522727
vt -0.000000 0.522727
vt -0.000000 0.545455
vt -0.000000 0.545455
vt -0.000000 0.522727
vt -0.000000 0.545455
vt -0.000000 0.545455
vt -0.000000 0.522727
vt -0.000000 0.545455
vt -0.000000 0.522727
vt -0.000000 0.522727
vt -0.000000 0.545455
vt -0.000000 0.545455
vt -0.000000 0.522727
vt -0.000000 0.545455
vt -0.000000 0.522727
vt -0.000000 0.386364
vt -0.000000 0.386364
vt -0.000000 0.386364
vt 0.187500 0.522727
vt 0.187500 0.522727
vt 0.187500 0.522727
vn 0.0000 1.0000 0.0000
vn 0.0000 -1.0000 0.0000
vn 0.0000 0.0000 1.0000
vn 0.0000 0.0000 -1.0000
vn -1.0000 0.0000 0.0000
vn 1.0000 0.0000 0.0000
vn 0.0000 0.7071 0.7071
vn 0.0000 0.7071 -0.7071
vn 0.0000 -0.7071 -0.7071
v 0.125000 2.750000 -1.625000
v 0.375000 2.750000 -1.375000
v 0.125000 2.750000 -1.375000
v -0.375000 2.750000 -1.625000
v -0.125000 2.750000 -1.375000
v -0.375000 2.750000 -1.375000
v 0.375000 9.750000 -1.375000
v 0.125000 9.750000 -1.625000
v 0.125000 9.750000 -1.375000
v -0.125000 9.750000 -1.375000
v -0.375000 9.750000 -1.625000
v -0.375000 9.750000 -1.375000
v 0.375000 2.750000 -1.625000
v -0.125000 9.750000 -1.625000
v -0.125000 2.750000 -1.625000
v 0.375000 9.750000 -1.625000
v 0.250000 4.875000 -1.500000
v 0.500000 4.625000 -1.500000
v 0.250000 4.625000 -1.500000
v 0.500000 4.625000 0.250000
v 0.250000 4.875000 0.250000
v 0.250000 4.625000 0.250000
v 0.500000 4.875000 0.250000
v 0.500000 4.875000 -1.500000
v -0.500000 4.875000 -1.500000
v -0.250000 4.625000 -1.500000
v -0.500000 4.625000 -1.500000
v -0.250000 4.625000 0.250000
v -0.500000 4.875000 0.250000
v -0.500000 4.625000 0.250000
v -0.250000 4.875000 0.250000
v -0.250000 4.875000 -1.500000
v 0.250000 4.875000 -0.250000
v -0.250000 4.625000 -0.250000
v 0.250000 4.625000 -0.250000
v -0.250000 4.625000 -0.500000
v 0.250000 4.875000 -0.500000
v 0.250000 4.625000 -0.500000
v 0.500000 9.125000 0.250000
v 0.250000 9.375000 0.250000
v 0.250000 9.125000 0.250000
v -0.250000 4.875000 -0.500000
v -0.250000 4.875000 -0.250000
v 0.250000 9.375000 -1.500000
v 0.500000 9.125000 -1.500000
v 0.250000 9.125000 -1.500000
v 0.500000 9.375000 0.250000
v 0.500000 9.375000 -1.500000
v -0.500000 9.375000 -1.500000
v -0.250000 9.125000 -1.500000
v -0.500000 9.125000 -1.500000
v -0.250000 9.125000 0.250000
v -0.500000 9.375000 0.250000
v -0.500000 9.125000 0.250000
v -0.250000 9.375000 0.250000
v -0.250000 9.375000 -1.500000
v 0.250000 9.375000 -0.250000
v -0.250000 9.125000 -0.250000
v 0.250000 9.125000 -0.250000
v -0.250000 9.125000 -0.500000
v 0.250000 9.375000 -0.500000
v 0.250000 9.125000 -0.500000
v -0.250000 9.375000 -0.500000
v -0.250000 9.375000 -0.250000
v -0.125000 9.187500 -1.437500
v 0.125000 9.187500 -1.562500
v 0.125000 9.187500 -1.437500
v -0.125000 9.312500 -1.562500
v 0.125000 9.312500 -1.437500
v 0.125000 9.312500 -1.562500
v -0.125000 9.187500 -1.562500
v -0.125000 9.312500 -1.437500
v -0.125000 8.312500 -1.437500
v 0.125000 8.187500 -1.437500
v 0.125000 8.312500 -1.437500
v -0.125000 8.187500 -1.562500
v 0.125000 8.312500 -1.562500
v 0.125000 8.187500 -1.562500
v -0.125000 8.312500 -1.562500
v -0.125000 8.187500 -1.437500
v -0.125000 7.187500 -1.437500
v 0.125000 7.187500 -1.562500
v 0.125000 7.187500 -1.437500
v -0.125000 7.312500 -1.562500
v 0.125000 7.312500 -1.437500
v 0.125000 7.312500 -1.562500
v -0.125000 4.312500 -1.437500
v 0.125000 4.187500 -1.437500
v 0.125000 4.312500 -1.437500
v -0.125000 4.187500 -1.562500
v 0.125000 4.312500 -1.562500
v 0.125000 4.187500 -1.562500
v -0.125000 3.187500 -1.562500
v 0.125000 3.312500 -1.562500
v 0.125000 3.187500 -1.562500
v -0.125000 3.312500 -1.437500
v 0.125000 3.187500 -1.437500
v 0.125000 3.312500 -1.437500
v -0.125000 3.187500 -1.437500
v -0.125000 3.312500 -1.562500
v -0.125000 7.187500 -1.562500
v -0.125000 7.312500 -1.437500
v -0.125000 6.312500 -1.437500
v 0.125000 6.187500 -1.437500
v 0.125000 6.312500 -1.437500
v -0.125000 6.187500 -1.562500
v 0.125000 6.312500 -1.562500
v 0.125000 6.187500 -1.562500
v -0.125000 6.312500 -1.562500
v -0.125000 6.187500 -1.437500
v -0.125000 5.187500 -1.437500
v 0.125000 5.187500 -1.562500
v 0.125000 5.187500 -1.437500
v -0.125000 5.312500 -1.562500
v 0.125000 5.312500 -1.437500
v 0.125000 5.312500 -1.562500
v -0.125000 5.187500 -1.562500
v -0.125000 5.312500 -1.437500
v -0.125000 4.312500 -1.562500
v -0.125000 4.187500 -1.437500
v 0.250000 4.875000 -0.875000
v 0.250000 5.625000 -1.375000
v 0.250000 4.875000 -0.625000
v -0.250000 5.625000 -1.375000
v -0.250000 4.875000 -0.875000
v -0.250000 4.875000 -0.625000
v -0.250000 8.625000 -1.375000
v -0.250000 9.125000 -0.625000
v -0.250000 9.125000 -0.875000
v 0.250000 9.125000 -0.625000
v 0.250000 8.625000 -1.375000
v 0.250000 9.125000 -0.875000
v -0.250000 4.125000 -1.375000
v -0.250000 4.625000 -0.625000
v -0.250000 4.625000 -0.875000
v 0.250000 4.625000 -0.625000
v 0.250000 4.125000 -1.375000
v 0.250000 4.625000 -0.875000
v 0.250000 5.625000 -1.375000
v 0.250000 4.875000 -0.875000
v 0.250000 4.875000 -0.625000
v -0.250000 4.875000 -0.875000
v -0.250000 5.625000 -1.375000
v -0.250000 4.875000 -0.625000
v -0.250000 9.125000 -0.625000
v -0.250000 8.625000 -1.375000
v -0.250000 9.125000 -0.875000
v 0.250000 8.625000 -1.375000
v 0.250000 9.125000 -0.625000
v 0.250000 9.125000 -0.875000
v -0.250000 4.625000 -0.625000
v -0.250000 4.125000 -1.375000
v -0.250000 4.625000 -0.875000
v 0.250000 4.125000 -1.375000
v 0.250000 4.625000 -0.625000
v 0.250000 4.625000 -0.875000
v 0.250000 5.375000 -1.375000
v -0.250000 5.375000 -1.375000
v -0.250000 8.375000 -1.375000
v 0.250000 8.375000 -1.375000
v -0.250000 3.875000 -1.375000
v 0.250000 3.875000 -1.375000
v 0.250000 5.375000 -1.375000
v -0.250000 5.375000 -1.375000
v -0.250000 8.375000 -1.375000
v 0.250000 8.375000 -1.375000
v -0.250000 3.875000 -1.375000
v 0.250000 3.875000 -1.375000
vt 0.708333 0.227273
vt 0.666667 0.204545
vt 0.708333 0.204545
vt 0.708333 0.227273
vt 0.666667 0.204545
vt 0.708333 0.204545
vt 0.666667 0.886364
vt 0.708333 0.863636
vt 0.708333 0.886364
vt 0.666667 0.886364
vt 0.708333 0.863636
vt 0.708333 0.886364
vt 0.833333 0.227273
vt 0.791667 0.863636
vt 0.791667 0.227273
vt 0.750000 0.227273
vt 0.666667 0.863636
vt 0.666667 0.227273
vt 0.791667 0.227273
vt 0.750000 0.863636
vt 0.750000 0.227273
vt 0.666667 0.863636
vt 0.666667 0.227273
vt 0.750000 0.863636
vt 0.833333 0.227273
vt 0.791667 0.863636
vt 0.875000 0.022727
vt 0.833333 -0.000000
vt 0.875000 -0.000000
vt 0.833333 0.204545
vt 0.875000 0.181818
vt 0.875000 0.204545
vt 0.916667 0.022727
vt 0.833333 0.181818
vt 0.833333 0.022727
vt 0.958333 0.022727
vt 0.916667 0.181818
vt 1.000000 0.022727
vt 0.958333 0.181818
vt 0.875000 0.022727
vt 0.833333 -0.000000
vt 0.875000 -0.000000
vt 0.833333 0.204545
vt 0.875000 0.181818
vt 0.875000 0.204545
vt 0.916667 0.022727
vt 0.833333 0.181818
vt 0.833333 0.022727
vt 0.958333 0.022727
vt 0.916667 0.181818
vt 1.000000 0.022727
vt 0.958333 0.181818
vt 0.875000 0.250000
vt 0.958333 0.272727
vt 0.875000 0.272727
vt 0.958333 0.204545
vt 0.875000 0.227273
vt 0.875000 0.204545
vt 0.958333 0.181818
vt 0.875000 0.181818
vt 0.833333 0.204545
vt 0.875000 0.181818
vt 0.875000 0.204545
vt 0.958333 0.227273
vt 0.958333 0.250000
vt 0.875000 0.022727
vt 0.833333 -0.000000
vt 0.875000 -0.000000
vt 0.916667 0.022727
vt 0.833333 0.181818
vt 0.833333 0.022727
vt 0.958333 0.022727
vt 0.916667 0.181818
vt 1.000000 0.022727
vt 0.958333 0.181818
vt 0.875000 0.022727
vt 0.833333 -0.000000
vt 0.875000 -0.000000
vt 0.833333 0.204545
vt 0.875000 0.181818
vt 0.875000 0.204545
vt 0.916667 0.022727
vt 0.833333 0.181818
vt 0.833333 0.022727
vt 0.958333 0.022727
vt 0.916667 0.181818
vt 1.000000 0.022727
vt 0.958333 0.181818
vt 0.875000 0.250000
vt 0.958333 0.272727
vt 0.875000 0.272727
vt 0.958333 0.204545
vt 0.875000 0.227273
vt 0.875000 0.204545
vt 0.958333 0.181818
vt 0.875000 0.181818
vt 0.958333 0.227273
vt 0.958333 0.250000
vt 0.708333 0.159091
vt 0.666667 0.170455
vt 0.666667 0.159091
vt 0.708333 0.181818
vt 0.666667 0.193182
vt 0.666667 0.181818
vt 0.708333 0.170455
vt 0.708333 0.193182
vt 0.666667 0.204545
vt 0.708333 0.193182
vt 0.666667 0.204545
vt 0.666667 0.193182
vt 0.708333 0.170455
vt 0.666667 0.181818
vt 0.666667 0.170455
vt 0.708333 0.181818
vt 0.708333 0.159091
vt 0.666667 0.159091
vt 0.708333 0.159091
vt 0.666667 0.170455
vt 0.666667 0.159091
vt 0.708333 0.181818
vt 0.666667 0.193182
vt 0.666667 0.181818
vt 0.708333 0.193182
vt 0.666667 0.204545
vt 0.666667 0.193182
vt 0.708333 0.170455
vt 0.666667 0.181818
vt 0.666667 0.170455
vt 0.708333 0.170455
vt 0.666667 0.181818
vt 0.666667 0.170455
vt 0.708333 0.193182
vt 0.666667 0.204545
vt 0.666667 0.193182
vt 0.708333 0.159091
vt 0.666667 0.159091
vt 0.708333 0.181818
vt 0.708333 0.170455
vt 0.708333 0.193182
vt 0.666667 0.204545
vt 0.708333 0.193182
vt 0.666667 0.204545
vt 0.666667 0.193182
vt 0.708333 0.170455
vt 0.666667 0.181818
vt 0.666667 0.170455
vt 0.708333 0.181818
vt 0.708333 0.159091
vt 0.666667 0.159091
vt 0.708333 0.159091
vt 0.666667 0.170455
vt 0.666667 0.159091
vt 0.708333 0.181818
vt 0.666667 0.193182
vt 0.666667 0.181818
vt 0.708333 0.170455
vt 0.708333 0.193182
vt 0.666667 0.204545
vt 0.708333 0.181818
vt 0.708333 0.159091
vt 0.666667 0.159091
vt 0.875000 0.272727
vt 0.958333 0.340909
vt 0.833333 0.272727
vt 0.833333 0.272727
vt 0.958333 0.318182
vt 0.958333 0.340909
vt 0.958333 0.318182
vt 0.833333 0.272727
vt 0.875000 0.272727
vt 0.958333 0.340909
vt 0.875000 0.272727
vt 0.958333 0.318182
vt 0.958333 0.318182
vt 0.833333 0.272727
vt 0.875000 0.272727
vt 0.958333 0.340909
vt 0.875000 0.272727
vt 0.958333 0.318182
vt 0.958333 0.340909
vt 0.875000 0.272727
vt 0.833333 0.272727
vt 0.958333 0.318182
vt 0.833333 0.272727
vt 0.958333 0.340909
vt 0.833333 0.272727
vt 0.958333 0.318182
vt 0.875000 0.272727
vt 0.875000 0.272727
vt 0.958333 0.340909
vt 0.958333 0.318182
vt 0.833333 0.272727
vt 0.958333 0.318182
vt 0.875000 0.272727
vt 0.875000 0.272727
vt 0.958333 0.340909
vt 0.958333 0.318182
vt 0.833333 0.863636
vt 0.833333 0.863636
vt 1.000000 0.181818
vt 1.000000 0.181818
vt 1.000000 0.181818
vt 1.000000 0.181818
vt 0.708333 0.204545
vt 0.708333 0.204545
vt 0.708333 0.204545
vt 0.708333 0.204545
vt 0.708333 0.204545
vt 0.708333 0.204545
vt 0.708333 0.204545
vt 0.958333 0.318182
vt 0.875000 0.272727
vt 0.958333 0.340909
vt 0.833333 0.272727
vt 0.958333 0.340909
vt 0.833333 0.272727
vt 0.958333 0.318182
vt 0.875000 0.272727
vt 0.958333 0.340909
vt 0.833333 0.272727
vt 0.958333 0.340909
vt 0.833333 0.272727
vn 0.0000 -1.0000 0.0000
vn 0.0000 1.0000 0.0000
vn 1.0000 0.0000 0.0000
vn -1.0000 0.0000 0.0000
vn 0.0000 0.0000 -1.0000
vn 0.0000 -0.0000 1.0000
v 0.000000 10.375000 0.375000
v 0.000000 10.375000 0.000000
v 0.000000 10.500000 0.000000
v 0.000000 10.250000 0.375000
v 0.000000 10.375000 1.062500
v 0.000000 10.250000 1.062500
v 0.000000 10.375000 1.437500
v 0.000000 10.500000 1.437500
v 0.000000 10.375000 0.000000
v 0.000000 10.375000 0.375000
v 0.000000 10.500000 0.000000
v 0.000000 10.375000 1.062500
v 0.000000 10.250000 0.375000
v 0.000000 10.250000 1.062500
v 0.000000 10.375000 1.437500
v 0.000000 10.500000 1.437500
vt 0.593750 0.920455
vt 0.656250 0.909091
vt 0.656250 0.920455
vt 0.593750 0.909091
vt 0.479167 0.920455
vt 0.479167 0.909091
vt 0.416667 0.909091
vt 0.416667 0.920455
vt 0.656250 0.909091
vt 0.593750 0.920455
vt 0.656250 0.920455
vt 0.479167 0.920455
vt 0.593750 0.909091
vt 0.479167 0.909091
vt 0.416667 0.909091
vt 0.416667 0.920455
vn 1.0000 0.0000 0.0000
vn -1.0000 0.0000 0.0000
v 0.187500 3.750000 -1.437500
v 0.187500 2.750000 -1.562500
v 0.187500 2.750000 -1.437500
v 0.312500 3.750000 -1.562500
v 0.312500 2.750000 -1.437500
v 0.312500 2.750000 -1.562500
v 0.375000 2.750000 -1.375000
v 0.125000 2.750000 -1.625000
v 0.125000 2.750000 -1.375000
v -0.125000 2.750000 -1.375000
v -0.375000 2.750000 -1.625000
v -0.375000 2.750000 -1.375000
v -0.125000 1.250000 -1.625000
v -0.125000 1.250000 -1.375000
v -0.375000 1.250000 -1.375000
v -0.375000 1.250000 -1.625000
v 0.375000 1.250000 -1.625000
v 0.375000 1.250000 -1.375000
v 0.125000 1.250000 -1.375000
v 0.125000 1.250000 -1.625000
v -0.125000 2.750000 -1.625000
v 0.375000 2.750000 -1.625000
v 0.187500 3.750000 -1.562500
v 0.312500 3.750000 -1.437500
v -0.312500 3.750000 -1.437500
v -0.312500 2.750000 -1.562500
v -0.312500 2.750000 -1.437500
v -0.187500 3.750000 -1.562500
v -0.187500 2.750000 -1.437500
v -0.187500 2.750000 -1.562500
v -0.312500 3.750000 -1.562500
v -0.187500 3.750000 -1.437500
v -0.125000 2.187500 -1.562500
v 0.125000 2.312500 -1.562500
v 0.125000 2.187500 -1.562500
v -0.125000 2.312500 -1.437500
v 0.125000 2.187500 -1.437500
v 0.125000 2.312500 -1.437500
v -0.125000 2.187500 -1.437500
v -0.125000 2.312500 -1.562500
vt 0.750000 0.227273
vt 0.729167 0.136364
vt 0.750000 0.136364
vt 0.791667 0.227273
vt 0.770833 0.136364
vt 0.791667 0.136364
vt 0.666667 0.159091
vt 0.708333 0.136364
vt 0.708333 0.159091
vt 0.666667 0.159091
vt 0.708333 0.136364
vt 0.708333 0.159091
vt 0.833333 -0.000000
vt 0.791667 0.136364
vt 0.791667 -0.000000
vt 0.750000 -0.000000
vt 0.708333 -0.000000
vt 0.833333 -0.000000
vt 0.791667 0.136364
vt 0.791667 -0.000000
vt 0.750000 -0.000000
vt 0.708333 -0.000000
vt 0.666667 0.136364
vt 0.666667 -0.000000
vt 0.750000 0.136364
vt 0.666667 0.136364
vt 0.666667 -0.000000
vt 0.750000 0.136364
vt 0.729167 0.227273
vt 0.708333 0.136364
vt 0.770833 0.227273
vt 0.750000 0.227273
vt 0.729167 0.136364
vt 0.750000 0.136364
vt 0.791667 0.227273
vt 0.770833 0.136364
vt 0.791667 0.136364
vt 0.729167 0.227273
vt 0.708333 0.136364
vt 0.770833 0.227273
vt 0.708333 0.170455
vt 0.666667 0.181818
vt 0.666667 0.170455
vt 0.708333 0.193182
vt 0.666667 0.204545
vt 0.666667 0.193182
vt 0.708333 0.159091
vt 0.666667 0.159091
vt 0.708333 0.181818
vt 0.833333 0.136364
vt 0.833333 0.136364
vt 0.708333 0.227273
vt 0.708333 0.227273
vt 0.708333 0.204545
vn -1.0000 0.0000 0.0000
vn 1.0000 0.0000 0.0000
vn 0.0000 1.0000 0.0000
vn 0.0000 0.0000 -1.0000
vn 0.0000 -0.0000 1.0000
vn 0.0000 -1.0000 0.0000
o v2_pad
usemtl launcher_material
f 339/463/80 340/464/80 341/465/80
f 342/466/81 341/465/81 343/467/81
f 344/468/82 345/469/82 340/464/82
f 346/470/83 339/463/83 342/471/83
f 341/465/84 345/472/84 343/473/84
f 347/474/80 348/475/80 349/476/80
f 349/476/80 350/477/80 351/478/80
f 351/478/80 352/479/80 353/480/80
f 353/480/80 354/481/80 347/474/80
f 355/482/80 356/483/80 357/484/80
f 358/485/85 359/486/85 360/487/85
f 361/488/85 360/487/85 362/489/85
f 363/490/85 362/489/85 364/491/85
f 365/492/85 364/491/85 359/486/85
f 351/493/84 360/494/84 349/495/84
f 348/475/83 361/488/83 350/477/83
f 352/496/84 365/497/84 354/498/84
f 349/499/82 359/500/82 347/501/82
f 347/502/83 364/503/83 353/504/83
f 350/505/82 363/506/82 352/507/82
f 354/508/81 358/509/81 348/510/81
f 353/511/81 362/512/81 351/513/81
f 366/514/82 367/515/82 368/516/82
f 369/517/81 370/518/81 371/519/81
f 368/520/83 372/521/83 369/522/83
f 371/523/84 373/524/84 366/525/84
f 374/526/83 375/527/83 376/528/83
f 377/529/80 378/530/80 379/531/80
f 380/532/83 377/529/83 381/533/83
f 382/534/84 378/535/84 383/536/84
f 383/537/82 384/538/82 380/539/82
f 381/540/81 379/541/81 382/542/81
f 385/543/84 386/544/84 387/545/84
f 387/546/82 388/547/82 374/548/82
f 376/549/81 389/550/81 385/551/81
f 374/526/85 385/552/85 387/553/85
f 390/554/80 391/555/80 392/556/80
f 393/557/83 390/554/83 394/558/83
f 395/559/84 391/560/84 396/561/84
f 396/561/82 397/562/82 393/557/82
f 394/558/81 392/563/81 395/564/81
f 398/565/85 399/566/85 400/567/85
f 401/568/85 402/569/85 403/570/85
f 404/571/80 405/572/80 406/573/80
f 406/574/81 401/575/81 403/576/81
f 405/572/84 407/577/84 401/578/84
f 408/579/82 402/569/82 407/580/82
f 404/581/83 403/582/83 402/569/83
f 409/583/83 410/584/83 411/585/83
f 412/586/82 411/587/82 413/588/82
f 414/589/84 413/590/84 415/591/84
f 416/592/81 415/593/81 410/584/81
f 409/594/80 414/595/80 416/596/80
f 415/597/85 411/598/85 410/584/85
f 417/599/85 418/600/85 419/601/85
f 420/602/80 421/603/80 422/604/80
f 422/604/81 417/605/81 419/606/81
f 421/607/84 423/608/84 417/609/84
f 424/610/82 418/611/82 423/608/82
f 420/612/83 419/613/83 418/614/83
f 425/615/83 426/616/83 427/617/83
f 428/618/82 427/619/82 429/620/82
f 430/621/84 429/622/84 431/623/84
f 432/624/81 431/623/81 426/625/81
f 425/615/80 430/626/80 432/627/80
f 431/623/85 427/628/85 426/629/85
f 433/630/80 434/631/80 435/632/80
f 435/633/81 398/565/81 400/634/81
f 434/635/84 436/636/84 398/565/84
f 437/637/82 399/638/82 436/639/82
f 433/630/83 400/640/83 399/641/83
f 438/642/83 439/643/83 440/644/83
f 441/645/82 440/646/82 442/647/82
f 443/648/84 442/647/84 444/649/84
f 445/650/81 444/651/81 439/652/81
f 438/653/80 443/654/80 445/650/80
f 444/655/85 440/656/85 439/657/85
f 446/658/85 447/659/85 448/660/85
f 449/661/80 450/662/80 451/663/80
f 451/664/81 446/665/81 448/660/81
f 450/666/84 452/667/84 446/668/84
f 453/669/82 447/670/82 452/671/82
f 449/672/83 448/660/83 447/673/83
f 454/674/83 455/675/83 456/676/83
f 457/677/82 456/676/82 458/678/82
f 459/679/84 458/680/84 460/681/84
f 461/682/81 460/683/81 455/684/81
f 454/685/80 459/679/80 461/686/80
f 460/687/85 456/676/85 455/688/85
f 462/689/85 463/690/85 464/691/85
f 465/692/84 466/693/84 463/690/84
f 464/691/83 467/694/83 462/689/83
f 468/695/80 469/696/80 467/694/80
f 470/697/85 471/698/85 472/699/85
f 473/700/84 474/701/84 471/698/84
f 472/699/83 475/702/83 470/697/83
f 476/703/80 477/704/80 475/705/80
f 478/706/85 479/707/85 480/708/85
f 481/709/84 482/710/84 479/711/84
f 480/708/83 483/712/83 478/706/83
f 484/713/80 485/714/80 483/712/80
f 486/715/85 487/716/85 488/717/85
f 489/718/84 490/719/84 487/716/84
f 488/720/83 491/721/83 486/722/83
f 492/723/80 493/724/80 491/721/80
f 494/725/82 495/726/82 496/727/82
f 497/728/84 498/729/84 495/726/84
f 496/727/83 499/730/83 494/725/83
f 500/731/81 501/732/81 499/730/81
f 502/733/82 503/734/82 504/735/82
f 505/736/84 506/737/84 503/734/84
f 504/735/83 507/738/83 502/733/83
f 508/739/81 509/740/81 507/741/81
f 510/742/82 511/743/82 512/744/82
f 513/745/84 514/746/84 511/747/84
f 512/744/83 515/748/83 510/742/83
f 516/749/81 517/750/81 515/748/81
f 518/751/82 519/752/82 520/753/82
f 521/754/84 522/755/84 519/752/84
f 520/756/83 523/757/83 518/758/83
f 524/759/81 525/760/81 523/757/81
f 526/761/85 527/762/85 528/763/85
f 529/764/82 530/765/82 526/761/82
f 531/766/81 528/763/81 527/762/81
f 531/766/80 529/767/80 532/768/80
f 533/769/85 534/770/85 535/771/85
f 536/772/82 537/773/82 533/774/82
f 538/775/81 535/771/81 534/770/81
f 538/775/80 536/772/80 539/776/80
f 540/777/85 541/778/85 542/779/85
f 543/780/82 544/781/82 540/777/82
f 545/782/81 542/779/81 541/778/81
f 545/783/80 543/780/80 546/784/80
f 547/785/85 548/786/85 549/787/85
f 550/788/82 551/789/82 547/785/82
f 552/790/81 549/791/81 548/792/81
f 552/790/80 550/788/80 553/793/80
f 554/794/82 555/795/82 556/796/82
f 557/797/81 558/798/81 559/799/81
f 556/800/83 560/801/83 557/802/83
f 559/803/84 561/804/84 554/805/84
f 562/806/83 563/807/83 564/808/83
f 565/809/80 566/810/80 567/811/80
f 568/812/83 565/809/83 569/813/83
f 570/814/84 566/815/84 571/816/84
f 571/817/82 572/818/82 568/819/82
f 569/820/81 567/821/81 570/822/81
f 573/823/84 574/824/84 575/825/84
f 575/826/82 576/827/82 562/828/82
f 564/829/81 577/830/81 573/831/81
f 562/806/85 573/832/85 575/833/85
f 578/834/82 579/835/82 580/836/82
f 581/837/81 582/838/81 583/839/81
f 580/840/83 584/841/83 581/842/83
f 583/843/84 585/844/84 578/845/84
f 586/846/83 587/847/83 588/848/83
f 589/849/80 590/850/80 591/851/80
f 592/852/83 589/849/83 593/853/83
f 594/854/84 590/855/84 595/856/84
f 595/857/82 596/858/82 592/859/82
f 593/860/81 591/861/81 594/862/81
f 597/863/84 598/864/84 599/865/84
f 599/866/82 600/867/82 586/868/82
f 588/869/81 601/870/81 597/871/81
f 586/846/85 597/872/85 599/873/85
f 602/874/82 603/875/82 604/876/82
f 605/877/81 606/878/81 607/879/81
f 604/880/83 608/881/83 605/882/83
f 607/883/84 609/884/84 602/885/84
f 610/886/83 611/887/83 612/888/83
f 613/889/80 614/890/80 615/891/80
f 616/892/83 613/889/83 617/893/83
f 618/894/84 614/895/84 619/896/84
f 619/897/82 620/898/82 616/899/82
f 617/900/81 615/901/81 618/902/81
f 621/903/84 622/904/84 623/905/84
f 623/906/82 624/907/82 610/908/82
f 612/909/81 625/910/81 621/911/81
f 610/886/85 621/912/85 623/913/85
f 339/463/80 344/468/80 340/464/80
f 342/466/81 339/463/81 341/465/81
f 344/468/82 346/914/82 345/469/82
f 346/470/83 344/468/83 339/463/83
f 341/465/84 340/464/84 345/472/84
f 347/474/80 354/481/80 348/475/80
f 349/476/80 348/475/80 350/477/80
f 351/478/80 350/477/80 352/479/80
f 353/480/80 352/479/80 354/481/80
f 355/482/80 626/915/80 356/483/80
f 358/485/85 365/492/85 359/486/85
f 361/488/85 358/485/85 360/487/85
f 363/490/85 361/488/85 362/489/85
f 365/492/85 363/490/85 364/491/85
f 351/493/84 362/916/84 360/494/84
f 348/475/83 358/485/83 361/488/83
f 352/496/84 363/917/84 365/497/84
f 349/499/82 360/918/82 359/500/82
f 347/502/83 359/919/83 364/503/83
f 350/505/82 361/920/82 363/506/82
f 354/508/81 365/921/81 358/509/81
f 353/511/81 364/922/81 362/512/81
f 366/514/82 373/923/82 367/515/82
f 369/517/81 372/924/81 370/518/81
f 368/520/83 367/925/83 372/521/83
f 371/523/84 370/926/84 373/524/84
f 374/526/83 388/927/83 375/527/83
f 377/529/80 384/928/80 378/530/80
f 380/532/83 384/928/83 377/529/83
f 382/534/84 379/929/84 378/535/84
f 383/537/82 378/930/82 384/538/82
f 381/540/81 377/931/81 379/541/81
f 385/543/84 389/932/84 386/544/84
f 387/546/82 386/933/82 388/547/82
f 376/549/81 375/934/81 389/550/81
f 374/526/85 376/528/85 385/552/85
f 390/554/80 397/562/80 391/555/80
f 393/557/83 397/562/83 390/554/83
f 395/559/84 392/935/84 391/560/84
f 396/561/82 391/560/82 397/562/82
f 394/558/81 390/554/81 392/563/81
f 398/565/85 436/936/85 399/566/85
f 401/568/85 407/937/85 402/569/85
f 404/571/80 408/938/80 405/572/80
f 406/574/81 405/572/81 401/575/81
f 405/572/84 408/939/84 407/577/84
f 408/579/82 404/940/82 402/569/82
f 404/581/83 406/941/83 403/582/83
f 409/583/83 416/942/83 410/584/83
f 412/586/82 409/943/82 411/587/82
f 414/589/84 412/586/84 413/590/84
f 416/592/81 414/944/81 415/593/81
f 409/594/80 412/586/80 414/595/80
f 415/597/85 413/945/85 411/598/85
f 417/599/85 423/608/85 418/600/85
f 420/602/80 424/946/80 421/603/80
f 422/604/81 421/947/81 417/605/81
f 421/607/84 424/948/84 423/608/84
f 424/610/82 420/949/82 418/611/82
f 420/612/83 422/604/83 419/613/83
f 425/615/83 432/950/83 426/616/83
f 428/618/82 425/615/82 427/619/82
f 430/621/84 428/951/84 429/622/84
f 432/624/81 430/952/81 431/623/81
f 425/615/80 428/953/80 430/626/80
f 431/623/85 429/954/85 427/628/85
f 433/630/80 437/955/80 434/631/80
f 435/633/81 434/956/81 398/565/81
f 434/635/84 437/957/84 436/636/84
f 437/637/82 433/630/82 399/638/82
f 433/630/83 435/958/83 400/640/83
f 438/642/83 445/650/83 439/643/83
f 441/645/82 438/959/82 440/646/82
f 443/648/84 441/960/84 442/647/84
f 445/650/81 443/961/81 444/651/81
f 438/653/80 441/962/80 443/654/80
f 444/655/85 442/647/85 440/656/85
f 446/658/85 452/963/85 447/659/85
f 449/661/80 453/669/80 450/662/80
f 451/664/81 450/964/81 446/665/81
f 450/666/84 453/669/84 452/667/84
f 453/669/82 449/965/82 447/670/82
f 449/672/83 451/966/83 448/660/83
f 454/674/83 461/967/83 455/675/83
f 457/677/82 454/968/82 456/676/82
f 459/679/84 457/969/84 458/680/84
f 461/682/81 459/679/81 460/683/81
f 454/685/80 457/970/80 459/679/80
f 460/687/85 458/971/85 456/676/85
f 462/689/85 465/692/85 463/690/85
f 465/692/84 469/972/84 466/693/84
f 464/691/83 468/695/83 467/694/83
f 468/695/80 466/973/80 469/696/80
f 470/697/85 473/700/85 471/698/85
f 473/700/84 477/704/84 474/701/84
f 472/699/83 476/974/83 475/702/83
f 476/703/80 474/701/80 477/704/80
f 478/706/85 481/975/85 479/707/85
f 481/709/84 485/714/84 482/710/84
f 480/708/83 484/713/83 483/712/83
f 484/713/80 482/710/80 485/714/80
f 486/715/85 489/718/85 487/716/85
f 489/718/84 493/724/84 490/719/84
f 488/720/83 492/723/83 491/721/83
f 492/723/80 490/719/80 493/724/80
f 494/725/82 497/728/82 495/726/82
f 497/728/84 501/976/84 498/729/84
f 496/727/83 500/731/83 499/730/83
f 500/731/81 498/977/81 501/732/81
f 502/733/82 505/736/82 503/734/82
f 505/736/84 509/740/84 506/737/84
f 504/735/83 508/978/83 507/738/83
f 508/739/81 506/737/81 509/740/81
f 510/742/82 513/979/82 511/743/82
f 513/745/84 517/750/84 514/746/84
f 512/744/83 516/749/83 515/748/83
f 516/749/81 514/746/81 517/750/81
f 518/751/82 521/754/82 519/752/82
f 521/754/84 525/760/84 522/755/84
f 520/756/83 524/759/83 523/757/83
f 524/759/81 522/755/81 525/760/81
f 526/761/85 530/765/85 527/762/85
f 529/764/82 627/980/82 530/765/82
f 531/766/81 532/768/81 528/763/81
f 531/766/80 627/981/80 529/767/80
f 533/769/85 537/982/85 534/770/85
f 536/772/82 628/983/82 537/773/82
f 538/775/81 539/776/81 535/771/81
f 538/775/80 628/983/80 536/772/80
f 540/777/85 544/781/85 541/778/85
f 543/780/82 629/984/82 544/781/82
f 545/782/81 546/985/81 542/779/81
f 545/783/80 629/984/80 543/780/80
f 547/785/85 551/789/85 548/786/85
f 550/788/82 630/986/82 551/789/82
f 552/790/81 553/793/81 549/791/81
f 552/790/80 630/986/80 550/788/80
f 554/794/82 561/987/82 555/795/82
f 557/797/81 560/988/81 558/798/81
f 556/800/83 555/989/83 560/801/83
f 559/803/84 558/990/84 561/804/84
f 562/806/83 576/991/83 563/807/83
f 565/809/80 572/992/80 566/810/80
f 568/812/83 572/992/83 565/809/83
f 570/814/84 567/993/84 566/815/84
f 571/817/82 566/994/82 572/818/82
f 569/820/81 565/995/81 567/821/81
f 573/823/84 577/996/84 574/824/84
f 575/826/82 574/997/82 576/827/82
f 564/829/81 563/998/81 577/830/81
f 562/806/85 564/808/85 573/832/85
f 578/834/82 585/999/82 579/835/82
f 581/837/81 584/1000/81 582/838/81
f 580/840/83 579/1001/83 584/841/83
f 583/843/84 582/1002/84 585/844/84
f 586/846/83 600/1003/83 587/847/83
f 589/849/80 596/1004/80 590/850/80
f 592/852/83 596/1004/83 589/849/83
f 594/854/84 591/1005/84 590/855/84
f 595/857/82 590/1006/82 596/858/82
f 593/860/81 589/1007/81 591/861/81
f 597/863/84 601/1008/84 598/864/84
f 599/866/82 598/1009/82 600/867/82
f 588/869/81 587/1010/81 601/870/81
f 586/846/85 588/848/85 597/872/85
f 602/874/82 609/1011/82 603/875/82
f 605/877/81 608/1012/81 606/878/81
f 604/880/83 603/1013/83 608/881/83
f 607/883/84 606/1014/84 609/884/84
f 610/886/83 624/1015/83 611/887/83
f 613/889/80 620/1016/80 614/890/80
f 616/892/83 620/1016/83 613/889/83
f 618/894/84 615/1017/84 614/895/84
f 619/897/82 614/1018/82 620/898/82
f 617/900/81 613/1019/81 615/901/81
f 621/903/84 625/1020/84 622/904/84
f 623/906/82 622/1021/82 624/907/82
f 612/909/81 611/1022/81 625/910/81
f 610/886/85 612/888/85 621/912/85
f 631/1023/86 632/1024/87 633/1025/88
f 634/1026/89 635/1027/90 632/1024/87
f 636/1028/91 637/1029/92 635/1027/90
f 638/1030/93 639/1031/94 637/1032/92
f 640/1033/95 641/1034/96 639/1031/94
f 642/1035/97 643/1036/98 641/1034/96
f 644/1037/99 645/1038/100 643/1036/98
f 646/1039/101 647/1040/102 645/1038/100
f 648/1041/103 649/1042/104 647/1040/102
f 650/1043/105 651/1044/106 649/1042/104
f 646/1039/101 652/1045/107 648/1041/103
f 653/1046/108 654/1047/109 651/1044/106
f 655/1048/110 633/1025/88 654/1047/109
f 641/1034/96 656/1049/111 657/1050/112
f 658/1051/113 659/1052/114 660/1053/115
f 646/1039/101 661/1054/116 662/1055/117
f 642/1035/97 661/1056/116 644/1037/99
f 640/1033/95 663/1057/118 642/1035/97
f 638/1030/93 658/1058/113 640/1033/95
f 631/1023/86 664/1059/119 665/1060/120
f 631/1023/86 666/1061/121 634/1026/89
f 638/1062/93 659/1063/114 667/1064/122
f 655/1048/110 660/1065/115 664/1066/119
f 636/1028/91 666/1067/121 659/1068/114
f 653/1046/108 668/1069/123 660/1070/115
f 648/1041/103 668/1071/123 650/1043/105
f 669/1072/124 670/1073/125 671/1074/126
f 641/1034/96 672/1075/127 639/1031/94
f 637/1032/92 672/1076/127 669/1077/124
f 654/1047/109 673/1078/128 671/1079/126
f 633/1025/88 674/1080/129 673/1081/128
f 637/1029/92 675/1082/130 635/1027/90
f 654/1047/109 676/1083/131 651/1044/106
f 635/1027/90 674/1084/129 632/1024/87
f 651/1044/106 677/1085/132 649/1042/104
f 647/1040/102 677/1086/132 678/1087/133
f 647/1040/102 670/1088/125 645/1038/100
f 645/1038/100 656/1089/111 643/1036/98
f 631/1023/86 634/1026/89 632/1024/87
f 634/1026/89 636/1028/91 635/1027/90
f 636/1028/91 638/1062/93 637/1029/92
f 638/1030/93 640/1033/95 639/1031/94
f 640/1033/95 642/1035/97 641/1034/96
f 642/1035/97 644/1037/99 643/1036/98
f 644/1037/99 646/1039/101 645/1038/100
f 646/1039/101 648/1041/103 647/1040/102
f 648/1041/103 650/1043/105 649/1042/104
f 650/1043/105 653/1046/108 651/1044/106
f 646/1039/101 662/1090/117 652/1045/107
f 653/1046/108 655/1048/110 654/1047/109
f 655/1048/110 631/1023/86 633/1025/88
f 641/1034/96 643/1036/98 656/1049/111
f 659/1052/114 666/1091/121 665/1092/120
f 665/1092/120 664/1093/119 659/1052/114
f 664/1093/119 660/1053/115 659/1052/114
f 660/1053/115 668/1094/123 652/1095/107
f 652/1095/107 662/1096/117 660/1053/115
f 662/1096/117 661/1097/116 660/1053/115
f 661/1097/116 663/1098/118 658/1051/113
f 658/1051/113 667/1099/122 659/1052/114
f 661/1097/116 658/1051/113 660/1053/115
f 646/1039/101 644/1037/99 661/1054/116
f 642/1035/97 663/1100/118 661/1056/116
f 640/1033/95 658/1101/113 663/1057/118
f 638/1030/93 667/1102/122 658/1058/113
f 631/1023/86 655/1048/110 664/1059/119
f 631/1023/86 665/1103/120 666/1061/121
f 638/1062/93 636/1028/91 659/1063/114
f 655/1048/110 653/1046/108 660/1065/115
f 636/1028/91 634/1026/89 666/1067/121
f 653/1046/108 650/1043/105 668/1069/123
f 648/1041/103 652/1104/107 668/1071/123
f 671/1074/126 673/1105/128 674/1106/129
f 674/1106/129 675/1107/130 671/1074/126
f 675/1107/130 669/1072/124 671/1074/126
f 669/1072/124 672/1108/127 657/1109/112
f 657/1109/112 656/1110/111 670/1073/125
f 670/1073/125 678/1111/133 677/1112/132
f 677/1112/132 676/1113/131 670/1073/125
f 676/1113/131 671/1074/126 670/1073/125
f 669/1072/124 657/1109/112 670/1073/125
f 641/1034/96 657/1114/112 672/1075/127
f 637/1032/92 639/1031/94 672/1076/127
f 654/1047/109 633/1025/88 673/1078/128
f 633/1025/88 632/1024/87 674/1080/129
f 637/1029/92 669/1115/124 675/1082/130
f 654/1047/109 671/1116/126 676/1083/131
f 635/1027/90 675/1117/130 674/1084/129
f 651/1044/106 676/1118/131 677/1085/132
f 647/1040/102 649/1042/104 677/1086/132
f 647/1040/102 678/1119/133 670/1088/125
f 645/1038/100 670/1120/125 656/1089/111
