# Split from HBM 1.7.10 purex.obj without changing source geometry
mtllib unused.mtl
v 2.375000 5.000000 -2.250000
v 2.375000 5.000000 2.250000
v 2.500000 5.000000 -2.250000
v 2.500000 5.000000 2.250000
v 2.375000 4.875000 -2.250000
v 2.375000 4.875000 2.250000
v 2.500000 4.875000 -2.250000
v 2.500000 4.875000 2.250000
v 2.500000 4.750000 2.500000
v 2.500000 4.750000 2.250000
v 2.250000 4.750000 2.500000
v 2.250000 4.750000 2.250000
v 2.500000 5.000000 2.500000
v 2.500000 5.000000 2.250000
v 2.250000 5.000000 2.500000
v 2.250000 5.000000 2.250000
v 2.500000 4.750000 -2.250000
v 2.500000 4.750000 -2.500000
v 2.250000 4.750000 -2.250000
v 2.250000 4.750000 -2.500000
v 2.500000 5.000000 -2.250000
v 2.500000 5.000000 -2.500000
v 2.250000 5.000000 -2.250000
v 2.250000 5.000000 -2.500000
v -2.250000 4.750000 2.500000
v -2.250000 4.750000 2.250000
v -2.500000 4.750000 2.500000
v -2.500000 4.750000 2.250000
v -2.250000 5.000000 2.500000
v -2.250000 5.000000 2.250000
v -2.500000 5.000000 2.500000
v -2.500000 5.000000 2.250000
v -2.250000 4.750000 -2.250000
v -2.250000 4.750000 -2.500000
v -2.500000 4.750000 -2.250000
v -2.500000 4.750000 -2.500000
v -2.250000 5.000000 -2.250000
v -2.250000 5.000000 -2.500000
v -2.500000 5.000000 -2.250000
v -2.500000 5.000000 -2.500000
v -2.500000 4.875000 -2.250000
v -2.500000 4.875000 2.250000
v -2.375000 4.875000 -2.250000
v -2.375000 4.875000 2.250000
v -2.500000 5.000000 -2.250000
v -2.500000 5.000000 2.250000
v -2.375000 5.000000 -2.250000
v -2.375000 5.000000 2.250000
v 2.250000 4.875000 -2.500000
v -2.250000 4.875000 -2.500000
v 2.250000 4.875000 -2.375000
v -2.250000 4.875000 -2.375000
v 2.250000 5.000000 -2.500000
v -2.250000 5.000000 -2.500000
v 2.250000 5.000000 -2.375000
v -2.250000 5.000000 -2.375000
v -2.250000 4.875000 2.500000
v 2.250000 4.875000 2.500000
v -2.250000 4.875000 2.375000
v 2.250000 4.875000 2.375000
v -2.250000 5.000000 2.500000
v 2.250000 5.000000 2.500000
v -2.250000 5.000000 2.375000
v 2.250000 5.000000 2.375000
v 2.375000 4.750000 2.500000
v 2.375000 0.250000 2.500000
v 2.500000 4.750000 2.500000
v 2.500000 0.250000 2.500000
v 2.375000 4.750000 2.375000
v 2.375000 0.250000 2.375000
v 2.500000 4.750000 2.375000
v 2.500000 0.250000 2.375000
v -2.500000 4.750000 2.375000
v -2.500000 0.250000 2.375000
v -2.375000 4.750000 2.375000
v -2.375000 0.250000 2.375000
v -2.500000 4.750000 2.500000
v -2.500000 0.250000 2.500000
v -2.375000 4.750000 2.500000
v -2.375000 0.250000 2.500000
v 2.375000 0.250000 -2.500000
v 2.375000 4.750000 -2.500000
v 2.500000 0.250000 -2.500000
v 2.500000 4.750000 -2.500000
v 2.375000 0.250000 -2.375000
v 2.375000 4.750000 -2.375000
v 2.500000 0.250000 -2.375000
v 2.500000 4.750000 -2.375000
v -2.500000 0.250000 -2.375000
v -2.500000 4.750000 -2.375000
v -2.375000 0.250000 -2.375000
v -2.375000 4.750000 -2.375000
v -2.500000 0.250000 -2.500000
v -2.500000 4.750000 -2.500000
v -2.375000 0.250000 -2.500000
v -2.375000 4.750000 -2.500000
vt 0.142857 0.247191
vt 0.154762 0.269663
vt 0.142857 0.269663
vt 0.154762 0.292135
vt 0.142857 0.314607
vt 0.142857 0.292135
vt 0.166667 0.269663
vt 0.190476 0.269663
vt 0.178571 0.292135
vt 0.178571 0.269663
vt 0.166667 0.292135
vt 0.142857 0.247191
vt 0.154762 0.269663
vt 0.142857 0.269663
vt 0.154762 0.292135
vt 0.142857 0.314607
vt 0.142857 0.292135
vt 0.166667 0.269663
vt 0.190476 0.269663
vt 0.178571 0.292135
vt 0.178571 0.269663
vt 0.166667 0.292135
vt 0.142857 0.247191
vt 0.154762 0.269663
vt 0.142857 0.269663
vt 0.154762 0.292135
vt 0.142857 0.314607
vt 0.142857 0.292135
vt 0.166667 0.269663
vt 0.190476 0.269663
vt 0.178571 0.292135
vt 0.178571 0.269663
vt 0.166667 0.292135
vt 0.142857 0.247191
vt 0.154762 0.269663
vt 0.142857 0.269663
vt 0.154762 0.292135
vt 0.142857 0.314607
vt 0.142857 0.292135
vt 0.166667 0.269663
vt 0.190476 0.269663
vt 0.178571 0.292135
vt 0.178571 0.269663
vt 0.166667 0.292135
vt 0.309524 0.494382
vt 0.523810 0.505618
vt 0.309524 0.505618
vt 0.309524 0.528090
vt 0.523810 0.539326
vt 0.309524 0.539326
vt 0.523810 0.516854
vt 0.523810 0.528090
vt 0.309524 0.516854
vt 0.309524 0.494382
vt 0.523810 0.505618
vt 0.309524 0.505618
vt 0.309524 0.528090
vt 0.523810 0.539326
vt 0.309524 0.539326
vt 0.523810 0.516854
vt 0.523810 0.528090
vt 0.309524 0.516854
vt 0.309524 0.494382
vt 0.523810 0.505618
vt 0.309524 0.505618
vt 0.309524 0.528090
vt 0.523810 0.539326
vt 0.309524 0.539326
vt 0.523810 0.516854
vt 0.523810 0.528090
vt 0.309524 0.516854
vt 0.309524 0.494382
vt 0.523810 0.505618
vt 0.309524 0.505618
vt 0.309524 0.528090
vt 0.523810 0.539326
vt 0.309524 0.539326
vt 0.523810 0.516854
vt 0.523810 0.528090
vt 0.309524 0.516854
vt 0.523810 0.539326
vt 0.309524 0.528090
vt 0.523810 0.528090
vt 0.523810 0.505618
vt 0.309524 0.494382
vt 0.523810 0.494382
vt 0.309524 0.516854
vt 0.309524 0.505618
vt 0.523810 0.516854
vt 0.309524 0.494382
vt 0.523810 0.505618
vt 0.309524 0.505618
vt 0.309524 0.528090
vt 0.523810 0.539326
vt 0.309524 0.539326
vt 0.523810 0.516854
vt 0.523810 0.528090
vt 0.309524 0.516854
vt 0.309524 0.494382
vt 0.523810 0.505618
vt 0.309524 0.505618
vt 0.309524 0.528090
vt 0.523810 0.539326
vt 0.309524 0.539326
vt 0.523810 0.516854
vt 0.523810 0.528090
vt 0.309524 0.516854
vt 0.523810 0.539326
vt 0.309524 0.528090
vt 0.523810 0.528090
vt 0.523810 0.505618
vt 0.309524 0.494382
vt 0.523810 0.494382
vt 0.309524 0.516854
vt 0.309524 0.505618
vt 0.523810 0.516854
vt 0.154762 0.247191
vt 0.154762 0.314607
vt 0.190476 0.292135
vt 0.154762 0.247191
vt 0.154762 0.314607
vt 0.190476 0.292135
vt 0.154762 0.247191
vt 0.154762 0.314607
vt 0.190476 0.292135
vt 0.154762 0.247191
vt 0.154762 0.314607
vt 0.190476 0.292135
vt 0.523810 0.494382
vt 0.523810 0.494382
vt 0.523810 0.494382
vt 0.523810 0.494382
vt 0.309524 0.539326
vt 0.523810 0.494382
vt 0.523810 0.494382
vt 0.309524 0.539326
vn 0.0000 -1.0000 0.0000
vn 0.0000 1.0000 0.0000
vn 0.0000 0.0000 -1.0000
vn 1.0000 0.0000 0.0000
vn 0.0000 0.0000 1.0000
vn -1.0000 0.0000 0.0000
v 1.500000 1.312500 2.250000
v 1.445873 1.281250 2.250000
v 1.445873 1.218750 2.250000
v 1.500000 1.187500 2.250000
v 1.554127 1.218750 2.250000
v 1.554127 1.281250 2.250000
v 1.500000 1.312500 2.374999
v 1.445873 1.281250 2.374999
v 1.445873 1.218750 2.374999
v 1.500000 1.187500 2.374999
v 1.554127 1.218750 2.374999
v 1.554127 1.281250 2.374999
v 1.499078 1.311968 2.305412
v 1.446796 1.281783 2.321589
v 1.462713 1.540972 2.283170
v 1.266654 1.427778 2.343830
v 1.554127 1.219815 2.305412
v 1.554127 1.280185 2.321589
v 1.462713 0.959028 2.343830
v 1.266654 1.072222 2.283170
v 1.499078 1.188032 2.321589
v 1.446795 1.218218 2.305412
v 1.770633 1.136806 2.283170
v 1.770633 1.363194 2.343830
vt 0.309524 0.910112
vt 0.306548 0.921348
vt 0.306548 0.910112
vt 0.321429 0.910112
vt 0.318452 0.921348
vt 0.318452 0.910112
vt 0.315476 0.910112
vt 0.312500 0.921348
vt 0.312500 0.910112
vt 0.309524 0.921348
vt 0.303571 0.921348
vt 0.303571 0.910112
vt 0.315476 0.921348
vt 0.309083 0.929729
vt 0.306548 0.932492
vt 0.304012 0.924203
vt 0.291667 0.915730
vt 0.303571 0.932584
vt 0.291667 0.926966
vt 0.291667 0.915730
vt 0.303571 0.932584
vt 0.291667 0.926966
vt 0.303571 0.910112
vt 0.291667 0.926966
vt 0.291667 0.915730
vt 0.321429 0.921348
vt 0.304012 0.929729
vt 0.306548 0.921440
vt 0.309083 0.924203
vt 0.303571 0.910112
vt 0.303571 0.910112
vt 0.303571 0.932584
vn 1.0000 0.0000 0.0000
vn -0.5000 -0.8660 0.0000
vn -0.5000 0.8660 0.0000
vn 0.5000 0.8660 0.0000
vn 0.5000 -0.8660 0.0000
vn -1.0000 -0.0000 0.0000
vn 0.0000 0.0000 1.0000
vn 0.0000 -0.2588 0.9659
vn -0.2241 0.1294 0.9659
vn 0.2241 0.1294 0.9659
v -0.250000 1.875000 -1.500000
v -0.250000 1.941987 -1.250000
v -0.250000 2.125000 -1.066987
v -0.250000 2.375000 -1.000000
v -0.250000 2.625000 -1.066987
v -0.250000 2.808013 -1.250000
v -0.250000 2.875000 -1.500000
v -0.250000 2.808013 -1.750000
v -0.250000 2.625000 -1.933012
v -0.250000 2.375000 -2.000000
v -0.250000 1.941987 -1.750000
v -0.250000 2.125000 -1.933012
v -0.250000 1.625000 -1.500000
v -0.250000 1.725481 -1.125000
v -0.250000 2.000000 -0.850481
v -0.250000 2.375000 -0.750000
v -0.250000 2.750000 -0.850481
v -0.250000 3.024519 -1.125000
v -0.250000 3.125000 -1.500000
v -0.250000 3.024519 -1.875000
v -0.250000 2.750000 -2.149519
v -0.250000 2.375000 -2.250000
v -0.250000 1.725481 -1.875000
v -0.250000 2.000000 -2.149519
v 0.250000 2.000000 -2.149519
v 0.250000 1.725481 -1.875000
v 0.250000 2.375000 -2.250000
v 0.250000 2.750000 -2.149519
v 0.250000 3.024519 -1.875000
v 0.250000 3.125000 -1.500000
v 0.250000 3.024519 -1.125000
v 0.250000 2.750000 -0.850481
v 0.250000 2.375000 -0.750000
v 0.250000 2.000000 -0.850481
v 0.250000 1.725481 -1.125000
v 0.250000 1.625000 -1.500000
v 0.250000 2.125000 -1.933012
v 0.250000 1.941987 -1.750000
v 0.250000 2.375000 -2.000000
v 0.250000 2.625000 -1.933012
v 0.250000 2.808013 -1.750000
v 0.250000 2.875000 -1.500000
v 0.250000 2.808013 -1.250000
v 0.250000 2.625000 -1.066987
v 0.250000 2.375000 -1.000000
v 0.250000 2.125000 -1.066987
v 0.250000 1.941987 -1.250000
v 0.250000 1.875000 -1.500000
vt 0.452381 0.578652
vt 0.440476 0.606742
vt 0.440476 0.573034
vt 0.452381 0.544944
vt 0.440476 0.539326
vt 0.452381 0.915730
vt 0.440476 0.943820
vt 0.440476 0.910112
vt 0.452381 0.882023
vt 0.440476 0.876405
vt 0.440476 0.842697
vt 0.452381 0.870786
vt 0.416667 0.606742
vt 0.404762 0.634831
vt 0.404762 0.612360
vt 0.416667 0.674157
vt 0.404762 0.646067
vt 0.416667 0.640449
vt 0.416667 0.707865
vt 0.404762 0.679775
vt 0.416667 0.741573
vt 0.404762 0.713483
vt 0.416667 0.775281
vt 0.404762 0.747191
vt 0.404762 0.803371
vt 0.404762 0.780899
vt 0.416667 0.808989
vt 0.404762 0.837079
vt 0.404762 0.814607
vt 0.416667 0.842697
vt 0.404762 0.870786
vt 0.404762 0.848315
vt 0.416667 0.876405
vt 0.404762 0.904494
vt 0.404762 0.882023
vt 0.416667 0.943820
vt 0.404762 0.915730
vt 0.416667 0.910112
vt 0.416667 0.573034
vt 0.404762 0.544944
vt 0.416667 0.539326
vt 0.404762 0.578652
vt 0.440476 0.808989
vt 0.452381 0.837079
vt 0.440476 0.775281
vt 0.452381 0.803371
vt 0.452381 0.747191
vt 0.440476 0.741573
vt 0.452381 0.713483
vt 0.440476 0.707865
vt 0.452381 0.679775
vt 0.440476 0.674157
vt 0.452381 0.646067
vt 0.440476 0.640449
vt 0.452381 0.634831
vt 0.452381 0.601124
vt 0.452381 0.567416
vt 0.452381 0.938202
vt 0.452381 0.904494
vt 0.452381 0.848315
vt 0.404762 0.668539
vt 0.404762 0.702247
vt 0.404762 0.735955
vt 0.404762 0.769663
vt 0.404762 0.938202
vt 0.404762 0.567416
vt 0.404762 0.601124
vt 0.452381 0.814607
vt 0.452381 0.780899
vt 0.452381 0.769663
vt 0.452381 0.735955
vt 0.452381 0.702247
vt 0.452381 0.668539
vt 0.452381 0.612360
vn -1.0000 0.0000 0.0000
vn 1.0000 0.0000 0.0000
vn 0.0000 -0.5000 -0.8660
vn 0.0000 0.0000 -1.0000
vn 0.0000 0.0000 1.0000
vn 0.0000 -0.5000 0.8660
vn 0.0000 -0.8660 -0.5000
vn 0.0000 0.5000 0.8660
vn 0.0000 0.8660 0.5000
vn 0.0000 1.0000 -0.0000
vn 0.0000 0.8660 -0.5000
vn 0.0000 -1.0000 0.0000
vn 0.0000 0.5000 -0.8660
vn 0.0000 -0.8660 0.5000
v 2.500000 0.000000 2.500000
v 2.500000 0.000000 2.250000
v 2.250000 0.000000 2.500000
v 2.250000 0.000000 2.250000
v 2.500000 0.250000 2.500000
v 2.500000 0.250000 2.250000
v 2.250000 0.250000 2.500000
v 2.250000 0.250000 2.250000
v 2.500000 0.000000 -2.250000
v 2.500000 0.000000 -2.500000
v 2.250000 0.000000 -2.250000
v 2.250000 0.000000 -2.500000
v 2.500000 0.250000 -2.250000
v 2.500000 0.250000 -2.500000
v 2.250000 0.250000 -2.250000
v 2.250000 0.250000 -2.500000
v -2.250000 0.000000 2.500000
v -2.250000 0.000000 2.250000
v -2.500000 0.000000 2.500000
v -2.500000 0.000000 2.250000
v -2.250000 0.250000 2.500000
v -2.250000 0.250000 2.250000
v -2.500000 0.250000 2.500000
v -2.500000 0.250000 2.250000
v -2.250000 0.000000 -2.250000
v -2.250000 0.000000 -2.500000
v -2.500000 0.000000 -2.250000
v -2.500000 0.000000 -2.500000
v -2.250000 0.250000 -2.250000
v -2.250000 0.250000 -2.500000
v -2.500000 0.250000 -2.250000
v -2.500000 0.250000 -2.500000
v 2.500000 0.000000 2.250000
v 2.500000 0.000000 -2.250000
v 2.375000 0.000000 2.250000
v 2.375000 0.000000 -2.250000
v 2.500000 0.125000 2.250000
v 2.500000 0.125000 -2.250000
v 2.375000 0.125000 2.250000
v 2.375000 0.125000 -2.250000
v -2.500000 0.000000 -2.250000
v -2.500000 0.000000 2.250000
v -2.375000 0.000000 -2.250000
v -2.375000 0.000000 2.250000
v -2.500000 0.125000 -2.250000
v -2.500000 0.125000 2.250000
v -2.375000 0.125000 -2.250000
v -2.375000 0.125000 2.250000
v 2.250000 0.000000 -2.500000
v -2.250000 0.000000 -2.500000
v 2.250000 0.000000 -2.375000
v -2.250000 0.000000 -2.375000
v 2.250000 0.125000 -2.500000
v -2.250000 0.125000 -2.500000
v 2.250000 0.125000 -2.375000
v -2.250000 0.125000 -2.375000
v -2.250000 0.000000 2.500000
v 2.250000 0.000000 2.500000
v -2.250000 0.000000 2.375000
v 2.250000 0.000000 2.375000
v -2.250000 0.125000 2.500000
v 2.250000 0.125000 2.500000
v -2.250000 0.125000 2.375000
v 2.250000 0.125000 2.375000
v 1.875000 0.125000 2.500000
v 2.125000 0.125000 2.500000
v 1.875000 0.125000 -2.500000
v 2.125000 0.125000 -2.500000
v 1.875000 0.250000 -2.500000
v 1.875000 0.250000 2.500000
v 2.125000 0.250000 2.500000
v 2.125000 0.250000 -2.500000
v -2.250000 0.250000 2.250000
v 0.250000 0.250000 2.250000
v -2.250000 0.250000 -0.250000
v 0.250000 0.250000 -0.250000
v -2.250000 0.750000 -0.250000
v -2.250000 0.750000 2.250000
v 0.250000 0.750000 2.250000
v 0.250000 0.750000 -0.250000
v 0.750000 0.250000 2.250000
v 0.750000 0.250000 -0.250000
v 0.750000 0.750000 2.250000
v 0.750000 0.750000 -0.250000
v 2.250000 0.250000 2.250000
v 2.250000 0.250000 -0.250000
v 2.250000 0.750000 2.250000
v 2.250000 0.750000 -0.250000
v -2.250000 0.250000 -0.750000
v -2.000000 0.750000 -1.000000
v 2.250000 0.250000 -0.750000
v 2.000000 0.750000 -1.000000
v -2.000000 0.750000 -2.000000
v -2.250000 0.250000 -2.250000
v 2.250000 0.250000 -2.250000
v 2.000000 0.750000 -2.000000
v -1.750000 0.750000 1.000000
v -2.125000 0.750000 1.100481
v -2.399519 0.750000 1.375000
v -2.500000 0.750000 1.750000
v -2.399519 0.750000 2.125000
v -2.125000 0.750000 2.399519
v -1.750000 0.750000 2.500000
v -1.375000 0.750000 2.399519
v -1.100481 0.750000 2.125000
v -1.000000 0.750000 1.750000
v -1.100481 0.750000 1.375000
v -1.375000 0.750000 1.100481
v -2.125000 3.750000 1.100481
v -1.750000 3.750000 1.000000
v -2.399519 3.750000 1.375000
v -2.500000 3.750000 1.750000
v -2.399519 3.750000 2.125000
v -2.125000 3.750000 2.399519
v -1.750000 3.750000 2.500000
v -1.375000 3.750000 2.399519
v -1.100481 3.750000 2.125000
v -1.000000 3.750000 1.750000
v -1.100481 3.750000 1.375000
v -1.375000 3.750000 1.100481
v -1.750000 0.750000 -0.500000
v -2.125000 0.750000 -0.399519
v -2.399519 0.750000 -0.125000
v -2.500000 0.750000 0.250000
v -2.399519 0.750000 0.625000
v -2.125000 0.750000 0.899519
v -1.750000 0.750000 1.000000
v -1.375000 0.750000 0.899519
v -1.100481 0.750000 0.625000
v -1.000000 0.750000 0.250000
v -1.100481 0.750000 -0.125000
v -1.375000 0.750000 -0.399519
v -2.125000 3.750000 -0.399519
v -1.750000 3.750000 -0.500000
v -2.399519 3.750000 -0.125000
v -2.500000 3.750000 0.250000
v -2.399519 3.750000 0.625000
v -2.125000 3.750000 0.899519
v -1.750000 3.750000 1.000000
v -1.375000 3.750000 0.899519
v -1.100481 3.750000 0.625000
v -1.000000 3.750000 0.250000
v -1.100481 3.750000 -0.125000
v -1.375000 3.750000 -0.399519
v -0.250000 0.750000 1.000000
v -0.625000 0.750000 1.100481
v -0.899519 0.750000 1.375000
v -1.000000 0.750000 1.750000
v -0.899519 0.750000 2.125000
v -0.625000 0.750000 2.399519
v -0.250000 0.750000 2.500000
v 0.125000 0.750000 2.399519
v 0.399519 0.750000 2.125000
v 0.500000 0.750000 1.750000
v 0.399519 0.750000 1.375000
v 0.125000 0.750000 1.100481
v -0.625000 3.750000 1.100481
v -0.250000 3.750000 1.000000
v -0.899519 3.750000 1.375000
v -1.000000 3.750000 1.750000
v -0.899519 3.750000 2.125000
v -0.625000 3.750000 2.399519
v -0.250000 3.750000 2.500000
v 0.125000 3.750000 2.399519
v 0.399519 3.750000 2.125000
v 0.500000 3.750000 1.750000
v 0.399519 3.750000 1.375000
v 0.125001 3.750000 1.100481
v -0.250000 0.750000 -0.500000
v -0.625000 0.750000 -0.399519
v -0.899519 0.750000 -0.125000
v -1.000000 0.750000 0.250000
v -0.899519 0.750000 0.625000
v -0.625000 0.750000 0.899519
v -0.250000 0.750000 1.000000
v 0.125000 0.750000 0.899519
v 0.399519 0.750000 0.625000
v 0.500000 0.750000 0.250000
v 0.399519 0.750000 -0.125000
v 0.125000 0.750000 -0.399519
v -0.625000 3.750000 -0.399519
v -0.250000 3.750000 -0.500000
v -0.899519 3.750000 -0.125000
v -1.000000 3.750000 0.250000
v -0.899519 3.750000 0.625000
v -0.625000 3.750000 0.899519
v -0.250000 3.750000 1.000000
v 0.125000 3.750000 0.899519
v 0.399519 3.750000 0.625000
v 0.500000 3.750000 0.250000
v 0.399519 3.750000 -0.125000
v 0.125001 3.750000 -0.399519
v 1.000000 0.750000 2.250000
v 1.000000 0.750000 -0.250000
v 2.000000 0.750000 2.250000
v 2.000000 0.750000 -0.250000
v 1.000000 1.750000 2.250000
v 1.000000 1.750000 -0.250000
v 2.000000 1.750000 2.250000
v 2.000000 1.750000 -0.250000
v 1.125000 0.875000 2.250000
v 1.875000 0.875000 2.250000
v 1.125000 1.625000 2.250000
v 1.875000 1.625000 2.250000
v 1.187500 0.937500 2.375000
v 1.812500 0.937500 2.375000
v 1.187500 1.562500 2.375000
v 1.812500 1.562500 2.375000
v 1.125000 0.875000 2.375000
v 1.875000 0.875000 2.375000
v 1.125000 1.625000 2.375000
v 1.875000 1.625000 2.375000
v 1.187500 0.937500 2.250000
v 1.812500 0.937500 2.250000
v 1.187500 1.562500 2.250000
v 1.812500 1.562500 2.250000
v -0.250000 3.750000 1.750000
v -0.338388 3.750000 1.786612
v -0.375000 3.750000 1.875000
v -0.338388 3.750000 1.963388
v -0.250000 3.750000 2.000000
v -0.161611 3.750000 1.963388
v -0.125000 3.750000 1.875000
v -0.161611 3.750000 1.786612
v -0.250000 4.000000 1.750000
v -0.338388 4.000000 1.786612
v -0.375000 4.000000 1.875000
v -0.338388 4.000000 1.963388
v -0.250000 4.000000 2.000000
v -0.161611 4.000000 1.963388
v -0.125000 4.000000 1.875000
v -0.161611 4.000000 1.786612
v -0.213388 4.088388 1.750000
v -0.275888 4.150888 1.786612
v -0.301776 4.176777 1.875000
v -0.275888 4.150888 1.963388
v -0.213388 4.088388 2.000000
v -0.150888 4.025888 1.963388
v -0.150888 4.025888 1.786612
v -0.125000 4.125000 1.750000
v -0.125000 4.213388 1.786612
v -0.125000 4.250000 1.875000
v -0.125000 4.213388 1.963388
v -0.125000 4.125000 2.000000
v -0.125000 4.036612 1.963388
v -0.125000 4.036612 1.786612
v 1.250000 1.750000 2.000000
v 1.338388 1.750000 1.963388
v 1.375000 1.750000 1.875000
v 1.338388 1.750000 1.786612
v 1.250000 1.750000 1.750000
v 1.161612 1.750000 1.786612
v 1.125000 1.750000 1.875000
v 1.161612 1.750000 1.963388
v 1.250000 4.000000 2.000000
v 1.338388 4.000000 1.963388
v 1.375000 4.000000 1.875000
v 1.338388 4.000000 1.786612
v 1.250000 4.000000 1.750000
v 1.161612 4.000000 1.786612
v 1.125000 4.000000 1.875000
v 1.161612 4.000000 1.963388
v 1.213388 4.088388 2.000000
v 1.275888 4.150888 1.963388
v 1.301777 4.176777 1.875000
v 1.275888 4.150888 1.786612
v 1.213388 4.088388 1.750000
v 1.150888 4.025888 1.786612
v 1.150888 4.025888 1.963388
v 1.125000 4.125000 2.000000
v 1.125000 4.213388 1.963388
v 1.125000 4.250000 1.875000
v 1.125000 4.213388 1.786612
v 1.125000 4.125000 1.750000
v 1.125000 4.036612 1.786612
v 1.125000 4.036612 1.963388
v -1.750000 3.750000 1.750000
v -1.838388 3.750000 1.786612
v -1.875000 3.750000 1.875000
v -1.838388 3.750000 1.963388
v -1.750000 3.750000 2.000000
v -1.661611 3.750000 1.963388
v -1.625000 3.750000 1.875000
v -1.661611 3.750000 1.786612
v -1.750000 4.250000 1.750000
v -1.838388 4.250000 1.786612
v -1.875000 4.250000 1.875000
v -1.838388 4.250000 1.963388
v -1.750000 4.250000 2.000000
v -1.661611 4.250000 1.963388
v -1.625000 4.250000 1.875000
v -1.661611 4.250000 1.786612
v -1.713388 4.338388 1.750000
v -1.775888 4.400888 1.786612
v -1.801777 4.426777 1.875000
v -1.775888 4.400888 1.963388
v -1.713388 4.338388 2.000000
v -1.650888 4.275888 1.963388
v -1.650888 4.275888 1.786612
v -1.625000 4.375000 1.750000
v -1.625000 4.463388 1.786612
v -1.625000 4.500000 1.875000
v -1.625000 4.463388 1.963388
v -1.625000 4.375000 2.000000
v -1.625000 4.286612 1.963388
v -1.625000 4.286612 1.786612
v 1.750000 1.750000 2.000000
v 1.838388 1.750000 1.963388
v 1.875000 1.750000 1.875000
v 1.838388 1.750000 1.786612
v 1.750000 1.750000 1.750000
v 1.661612 1.750000 1.786612
v 1.625000 1.750000 1.875000
v 1.661612 1.750000 1.963388
v 1.750000 4.250000 2.000000
v 1.838388 4.250000 1.963388
v 1.875000 4.250000 1.875000
v 1.838388 4.250000 1.786612
v 1.750000 4.250000 1.750000
v 1.661612 4.250000 1.786612
v 1.625000 4.250000 1.875000
v 1.661612 4.250000 1.963388
v 1.713388 4.338388 2.000000
v 1.775888 4.400888 1.963388
v 1.801777 4.426777 1.875000
v 1.775888 4.400888 1.786612
v 1.713388 4.338388 1.750000
v 1.650888 4.275888 1.786612
v 1.650888 4.275888 1.963388
v 1.625000 4.375000 2.000000
v 1.625000 4.463388 1.963388
v 1.625000 4.500000 1.875000
v 1.625000 4.463388 1.786612
v 1.625000 4.375000 1.750000
v 1.625000 4.286612 1.786612
v 1.625000 4.286612 1.963388
v 1.875000 2.125000 1.750000
v 1.875000 2.213388 1.786612
v 1.875000 2.250000 1.875000
v 1.875000 2.213388 1.963388
v 1.875000 2.125000 2.000000
v 1.875000 2.036612 1.963388
v 1.875000 2.000000 1.875000
v 1.875000 2.036612 1.786612
v 1.937500 2.213388 1.786612
v 1.937500 2.125000 1.750000
v 1.937500 2.250000 1.875000
v 1.937500 2.213388 1.963388
v 1.937500 2.125000 2.000000
v 1.937500 2.036612 1.963388
v 1.937500 2.000000 1.875000
v 1.937500 2.036612 1.786612
v 1.125000 2.750000 2.000000
v 1.875000 2.750000 2.000000
v 1.125000 2.750000 1.500000
v 1.875000 2.750000 1.500000
v 1.125000 3.250000 1.500000
v 1.125000 3.250000 2.000000
v 1.875000 3.250000 2.000000
v 1.875000 3.250000 1.500000
v 1.187500 1.500000 2.375000
v 1.812500 1.500000 2.375000
v 1.187500 1.437500 2.375000
v 1.812500 1.437500 2.375000
v 1.187500 1.375000 2.375000
v 1.812500 1.375000 2.375000
v 1.187500 1.312500 2.375000
v 1.812500 1.312500 2.375000
v 1.187500 1.187500 2.375000
v 1.812500 1.187500 2.375000
v 1.187500 1.125000 2.375000
v 1.812500 1.125000 2.375000
v 1.187500 1.062500 2.375000
v 1.812500 1.062500 2.375000
v 1.187500 1.000000 2.375000
v 1.812500 1.000000 2.375000
v 2.500000 0.687500 0.187500
v 2.500000 0.312500 0.187500
v 2.500000 0.687500 -0.187500
v 2.500000 0.312500 -0.187500
v 2.375000 0.625000 -0.125000
v 2.375000 0.625000 0.125000
v 2.375000 0.375000 0.125000
v 2.375000 0.375000 -0.125000
v 2.375000 0.687500 -0.187500
v 2.375000 0.687500 0.187500
v 2.375000 0.312500 0.187500
v 2.375000 0.312500 -0.187500
v 2.250000 0.625000 -0.125000
v 2.250000 0.625000 0.125000
v 2.250000 0.375000 0.125000
v 2.250000 0.375000 -0.125000
v -2.250000 0.750000 -0.750000
v 2.250000 0.750000 -0.750000
v -2.250000 0.750000 -2.250000
v 2.250000 0.750000 -2.250000
v -2.000000 0.875000 -1.000000
v 2.000000 0.875000 -1.000000
v -2.000000 0.875000 -2.000000
v 2.000000 0.875000 -2.000000
v -2.250000 0.875000 -0.750000
v 2.250000 0.875000 -0.750000
v -2.250000 0.875000 -2.250000
v 2.250000 0.875000 -2.250000
v -2.250000 1.625000 -0.750000
v 2.250000 1.625000 -0.750000
v -2.250000 1.625000 -2.250000
v 2.250000 1.625000 -2.250000
v 1.250000 2.375000 -2.250000
v 1.250000 2.750000 -2.149519
v 1.250000 3.024519 -1.875000
v 1.250000 3.125000 -1.500000
v 1.250000 3.024519 -1.125000
v 1.250000 2.750000 -0.850481
v 1.250000 2.375000 -0.750000
v 1.250000 2.000000 -0.850481
v 1.250000 1.725481 -1.125000
v 1.250000 1.625000 -1.500000
v 1.250000 1.725481 -1.875000
v 1.250000 2.000000 -2.149519
v -1.250000 2.375000 -2.250000
v -1.250000 2.750000 -2.149519
v -1.250000 3.024519 -1.875000
v -1.250000 3.125000 -1.500000
v -1.250000 3.024519 -1.125000
v -1.250000 2.750000 -0.850481
v -1.250000 2.375000 -0.750000
v -1.250000 2.000000 -0.850481
v -1.250000 1.725481 -1.125000
v -1.250000 1.625000 -1.500000
v -1.250000 1.725481 -1.875000
v -1.250000 2.000000 -2.149519
v 1.500000 2.375000 -2.250000
v 1.500000 2.750000 -2.149519
v 1.500000 3.024519 -1.875000
v 1.500000 3.125000 -1.500000
v 1.500000 3.024519 -1.125000
v 1.500000 2.750000 -0.850481
v 1.500000 2.375000 -0.750000
v 1.500000 2.000000 -0.850481
v 1.500000 1.725481 -1.125000
v 1.500000 1.625000 -1.500000
v 1.500000 1.725481 -1.875000
v 1.500000 2.000000 -2.149519
v -1.500000 2.375000 -2.250000
v -1.500000 2.750000 -2.149519
v -1.500000 3.024519 -1.875000
v -1.500000 3.125000 -1.500000
v -1.500000 3.024519 -1.125000
v -1.500000 2.750000 -0.850481
v -1.500000 2.375000 -0.750000
v -1.500000 2.000000 -0.850481
v -1.500000 1.725481 -1.125000
v -1.500000 1.625000 -1.500000
v -1.500000 1.725481 -1.875000
v -1.500000 2.000000 -2.149519
v 1.000000 2.375000 -2.000000
v 1.000000 2.625000 -1.933013
v 1.000000 2.808013 -1.750000
v 1.000000 2.875000 -1.500000
v 1.000000 2.808013 -1.250000
v 1.000000 2.625000 -1.066987
v 1.000000 2.375000 -1.000000
v 1.000000 2.125000 -1.066987
v 1.000000 1.941987 -1.250000
v 1.000000 1.875000 -1.500000
v 1.000000 1.941987 -1.750000
v 1.000000 2.125000 -1.933012
v 1.750000 2.375000 -2.000000
v 1.750000 2.625000 -1.933013
v 1.750000 2.808013 -1.750000
v 1.750000 2.875000 -1.500000
v 1.750000 2.808013 -1.250000
v 1.750000 2.625000 -1.066987
v 1.750000 2.375000 -1.000000
v 1.750000 2.125000 -1.066987
v 1.750000 1.941987 -1.250000
v 1.750000 1.875000 -1.500000
v 1.750000 1.941987 -1.750000
v 1.750000 2.125000 -1.933012
v 1.000000 2.375000 -2.250000
v 1.000000 2.750000 -2.149519
v 1.000000 3.024519 -1.875000
v 1.000000 3.125000 -1.500000
v 1.000000 3.024519 -1.125000
v 1.000000 2.750000 -0.850481
v 1.000000 2.375000 -0.750000
v 1.000000 2.000000 -0.850481
v 1.000000 1.725481 -1.125000
v 1.000000 1.625000 -1.500000
v 1.000000 1.725481 -1.875000
v 1.000000 2.000000 -2.149519
v 0.750000 2.375000 -2.250000
v 0.750000 2.750000 -2.149519
v 0.750000 3.024519 -1.875000
v 0.750000 3.125000 -1.500000
v 0.750000 3.024519 -1.125000
v 0.750000 2.750000 -0.850481
v 0.750000 2.375000 -0.750000
v 0.750000 2.000000 -0.850481
v 0.750000 1.725481 -1.125000
v 0.750000 1.625000 -1.500000
v 0.750000 1.725481 -1.875000
v 0.750000 2.000000 -2.149519
v 0.750000 2.375000 -2.000000
v 0.750000 2.625000 -1.933013
v 0.750000 2.808013 -1.750000
v 0.750000 2.875000 -1.500000
v 0.750000 2.808013 -1.250000
v 0.750000 2.625000 -1.066987
v 0.750000 2.375000 -1.000000
v 0.750000 2.125000 -1.066987
v 0.750000 1.941987 -1.250000
v 0.750000 1.875000 -1.500000
v 0.750000 1.941987 -1.750000
v 0.750000 2.125000 -1.933012
v -0.750000 2.375000 -2.000000
v -0.750000 2.625000 -1.933013
v -0.750000 2.808013 -1.750000
v -0.750000 2.875000 -1.500000
v -0.750000 2.808013 -1.250000
v -0.750000 2.625000 -1.066987
v -0.750000 2.375000 -1.000000
v -0.750000 2.125000 -1.066987
v -0.750000 1.941987 -1.250000
v -0.750000 1.875000 -1.500000
v -0.750000 1.941987 -1.750000
v -0.750000 2.125000 -1.933012
v -0.750000 2.375000 -2.250000
v -0.750000 2.750000 -2.149519
v -0.750000 3.024519 -1.875000
v -0.750000 3.125000 -1.500000
v -0.750000 3.024519 -1.125000
v -0.750000 2.750000 -0.850481
v -0.750000 2.375000 -0.750000
v -0.750000 2.000000 -0.850481
v -0.750000 1.725481 -1.125000
v -0.750000 1.625000 -1.500000
v -0.750000 1.725481 -1.875000
v -0.750000 2.000000 -2.149519
v -1.000000 2.375000 -2.250000
v -1.000000 2.750000 -2.149519
v -1.000000 3.024519 -1.875000
v -1.000000 3.125000 -1.500000
v -1.000000 3.024519 -1.125000
v -1.000000 2.750000 -0.850481
v -1.000000 2.375000 -0.750000
v -1.000000 2.000000 -0.850481
v -1.000000 1.725481 -1.125000
v -1.000000 1.625000 -1.500000
v -1.000000 1.725481 -1.875000
v -1.000000 2.000000 -2.149519
v -1.000000 2.375000 -2.000000
v -1.000000 2.625000 -1.933013
v -1.000000 2.808013 -1.750000
v -1.000000 2.875000 -1.500000
v -1.000000 2.808013 -1.250000
v -1.000000 2.625000 -1.066987
v -1.000000 2.375000 -1.000000
v -1.000000 2.125000 -1.066987
v -1.000000 1.941987 -1.250000
v -1.000000 1.875000 -1.500000
v -1.000000 1.941987 -1.750000
v -1.000000 2.125000 -1.933012
v -1.750000 2.375000 -2.000000
v -1.750000 2.625000 -1.933013
v -1.750000 2.808013 -1.750000
v -1.750000 2.875000 -1.500000
v -1.750000 2.808013 -1.250000
v -1.750000 2.625000 -1.066987
v -1.750000 2.375000 -1.000000
v -1.750000 2.125000 -1.066987
v -1.750000 1.941987 -1.250000
v -1.750000 1.875000 -1.500000
v -1.750000 1.941987 -1.750000
v -1.750000 2.125000 -1.933012
v 0.812500 2.375000 -0.750000
v 0.937500 2.375000 -0.750000
v 0.812500 2.375000 -2.250000
v 0.937500 2.375000 -2.250000
v 0.812500 1.625000 -0.750000
v 0.937500 1.625000 -0.750000
v 0.812500 1.625000 -2.250000
v 0.937500 1.625000 -2.250000
v 1.312500 2.375000 -0.750000
v 1.437500 2.375000 -0.750000
v 1.312500 2.375000 -2.250000
v 1.437500 2.375000 -2.250000
v 1.312500 1.625000 -0.750000
v 1.437500 1.625000 -0.750000
v 1.312500 1.625000 -2.250000
v 1.437500 1.625000 -2.250000
v -1.437500 2.375000 -0.750000
v -1.312500 2.375000 -0.750000
v -1.437500 2.375000 -2.250000
v -1.312500 2.375000 -2.250000
v -1.437500 1.625000 -0.750000
v -1.312500 1.625000 -0.750000
v -1.437500 1.625000 -2.250000
v -1.312500 1.625000 -2.250000
v -0.937500 2.375000 -0.750000
v -0.812500 2.375000 -0.750000
v -0.937500 2.375000 -2.250000
v -0.812500 2.375000 -2.250000
v -0.937500 1.625000 -0.750000
v -0.812500 1.625000 -0.750000
v -0.937500 1.625000 -2.250000
v -0.812500 1.625000 -2.250000
v -2.125000 3.750000 0.125000
v -2.088388 3.750000 0.213388
v -2.000000 3.750000 0.250000
v -1.911612 3.750000 0.213388
v -1.875000 3.750000 0.125000
v -1.911612 3.750000 0.036612
v -2.000000 3.750000 0.000000
v -2.088388 3.750000 0.036612
v -2.125000 4.000000 0.125000
v -2.088388 4.000000 0.213388
v -2.000000 4.000000 0.250000
v -1.911612 4.000000 0.213388
v -1.875000 4.000000 0.125000
v -1.911612 4.000000 0.036612
v -2.000000 4.000000 0.000000
v -2.088388 4.000000 0.036612
v -2.125000 4.088388 0.088388
v -2.088388 4.150888 0.150888
v -2.000000 4.176777 0.176777
v -1.911612 4.150888 0.150888
v -1.875000 4.088388 0.088388
v -1.911612 4.025888 0.025888
v -2.088388 4.025888 0.025888
v -2.125000 4.125000 0.000000
v -2.088388 4.213388 0.000000
v -2.000000 4.250000 0.000000
v -1.911612 4.213388 0.000000
v -1.875000 4.125000 0.000000
v -1.911612 4.036612 0.000000
v -2.088388 4.036612 0.000000
v -1.875000 2.500000 -1.250000
v -1.911612 2.500000 -1.338388
v -2.000000 2.500000 -1.375000
v -2.088388 2.500000 -1.338388
v -2.125000 2.500000 -1.250000
v -2.088388 2.500000 -1.161612
v -2.000000 2.500000 -1.125000
v -1.911612 2.500000 -1.161612
v -1.875000 4.000000 -1.250000
v -1.911612 4.000000 -1.338388
v -2.000000 4.000000 -1.375000
v -2.088388 4.000000 -1.338388
v -2.125000 4.000000 -1.250000
v -2.088388 4.000000 -1.161612
v -2.000000 4.000000 -1.125000
v -1.911612 4.000000 -1.161612
v -1.875000 4.088388 -1.213388
v -1.911612 4.150888 -1.275888
v -2.000000 4.176777 -1.301777
v -2.088388 4.150888 -1.275888
v -2.125000 4.088388 -1.213388
v -2.088388 4.025888 -1.150888
v -1.911612 4.025888 -1.150888
v -1.875000 4.125000 -1.125000
v -1.911611 4.213388 -1.125000
v -2.000000 4.250000 -1.125000
v -2.088388 4.213388 -1.125000
v -2.125000 4.125000 -1.125000
v -2.088388 4.036612 -1.125000
v -1.911611 4.036612 -1.125000
v -2.125000 3.750000 1.625000
v -2.088388 3.750000 1.713388
v -2.000000 3.750000 1.750000
v -1.911611 3.750000 1.713388
v -1.875000 3.750000 1.625000
v -1.911611 3.750000 1.536612
v -2.000000 3.750000 1.500000
v -2.088388 3.750000 1.536612
v -2.125000 4.250000 1.625000
v -2.088388 4.250000 1.713388
v -2.000000 4.250000 1.750000
v -1.911611 4.250000 1.713388
v -1.875000 4.250000 1.625000
v -1.911611 4.250000 1.536612
v -2.000000 4.250000 1.500000
v -2.088388 4.250000 1.536612
v -2.125000 4.338388 1.588388
v -2.088388 4.400888 1.650888
v -2.000000 4.426777 1.676777
v -1.911611 4.400888 1.650888
v -1.875000 4.338388 1.588388
v -1.911611 4.275888 1.525888
v -2.088388 4.275888 1.525888
v -2.125000 4.375000 1.500000
v -2.088388 4.463388 1.500000
v -2.000000 4.500000 1.500000
v -1.911611 4.463388 1.500000
v -1.875000 4.375000 1.500000
v -1.911611 4.286612 1.500000
v -2.088388 4.286612 1.500000
v -1.875000 2.500000 -1.750000
v -1.911612 2.500000 -1.838388
v -2.000000 2.500000 -1.875000
v -2.088388 2.500000 -1.838388
v -2.125000 2.500000 -1.750000
v -2.088388 2.500000 -1.661612
v -2.000000 2.500000 -1.625000
v -1.911612 2.500000 -1.661612
v -1.875000 4.250000 -1.750000
v -1.911612 4.250000 -1.838388
v -2.000000 4.250000 -1.875000
v -2.088388 4.250000 -1.838388
v -2.125000 4.250000 -1.750000
v -2.088388 4.250000 -1.661612
v -2.000000 4.250000 -1.625000
v -1.911612 4.250000 -1.661612
v -1.875000 4.338388 -1.713388
v -1.911612 4.400888 -1.775888
v -2.000000 4.426777 -1.801777
v -2.088388 4.400888 -1.775888
v -2.125000 4.338388 -1.713388
v -2.088388 4.275888 -1.650888
v -1.911612 4.275888 -1.650888
v -1.875000 4.375000 -1.625000
v -1.911611 4.463388 -1.625000
v -2.000000 4.500000 -1.625000
v -2.088388 4.463388 -1.625000
v -2.125000 4.375000 -1.625000
v -2.088388 4.286612 -1.625000
v -1.911611 4.286612 -1.625000
v -1.900888 2.474112 -1.338388
v -1.963388 2.411612 -1.375000
v -2.025888 2.349112 -1.338388
v -2.051777 2.323223 -1.250000
v -2.025888 2.349112 -1.161612
v -1.963388 2.411612 -1.125000
v -1.900888 2.474112 -1.161612
v -1.900888 2.474112 -1.838388
v -1.963388 2.411612 -1.875000
v -2.025888 2.349112 -1.838388
v -2.051777 2.323223 -1.750000
v -2.025888 2.349112 -1.661612
v -1.963388 2.411612 -1.625000
v -1.900888 2.474112 -1.661612
v -1.875000 2.463388 -1.338388
v -1.875000 2.375000 -1.375000
v -1.875000 2.286612 -1.338388
v -1.875000 2.250000 -1.250000
v -1.875000 2.286612 -1.161612
v -1.875000 2.375000 -1.125000
v -1.875000 2.463388 -1.161612
v -1.875000 2.463388 -1.838388
v -1.875000 2.375000 -1.875000
v -1.875000 2.286612 -1.838388
v -1.875000 2.250000 -1.750000
v -1.875000 2.286612 -1.661612
v -1.875000 2.375000 -1.625000
v -1.875000 2.463388 -1.661612
v -1.750000 2.500000 -1.250000
v -1.750000 2.500000 -1.750000
v -1.750000 2.463388 -1.338388
v -1.750000 2.375000 -1.375000
v -1.750000 2.286612 -1.338388
v -1.750000 2.250000 -1.250000
v -1.750000 2.286612 -1.161612
v -1.750000 2.375000 -1.125000
v -1.750000 2.463388 -1.161612
v -1.750000 2.463388 -1.838388
v -1.750000 2.375000 -1.875000
v -1.750000 2.286612 -1.838388
v -1.750000 2.250000 -1.750000
v -1.750000 2.286612 -1.661612
v -1.750000 2.375000 -1.625000
v -1.750000 2.463388 -1.661612
v 1.000000 2.937500 -1.562500
v 1.000000 3.062500 -1.562500
v 1.000000 2.937500 -1.437500
v 1.000000 3.062500 -1.437500
v 1.250000 2.937500 -1.562500
v 1.250000 3.062500 -1.562500
v 1.250000 2.937500 -1.437500
v 1.250000 3.062500 -1.437500
v 1.000000 1.812500 -1.437500
v 1.000000 1.687500 -1.437500
v 1.000000 1.812500 -1.562500
v 1.000000 1.687500 -1.562500
v 1.250000 1.812500 -1.437500
v 1.250000 1.687500 -1.437500
v 1.250000 1.812500 -1.562500
v 1.250000 1.687500 -1.562500
v 1.000000 2.437500 -0.937500
v 1.000000 2.437500 -0.812500
v 1.000000 2.312500 -0.937500
v 1.000000 2.312500 -0.812500
v 1.250000 2.437500 -0.937500
v 1.250000 2.437500 -0.812500
v 1.250000 2.312500 -0.937500
v 1.250000 2.312500 -0.812500
v 1.000000 2.312500 -2.062500
v 1.000000 2.312500 -2.187500
v 1.000000 2.437500 -2.062500
v 1.000000 2.437500 -2.187500
v 1.250000 2.312500 -2.062500
v 1.250000 2.312500 -2.187500
v 1.250000 2.437500 -2.062500
v 1.250000 2.437500 -2.187500
v 1.000000 2.893389 -1.272877
v 1.000000 3.001642 -1.210377
v 1.000000 2.830889 -1.164623
v 1.000000 2.939142 -1.102123
v 1.250000 2.893389 -1.272877
v 1.250000 3.001642 -1.210377
v 1.250000 2.830889 -1.164623
v 1.250000 2.939142 -1.102123
v 1.000000 1.856611 -1.727123
v 1.000000 1.748358 -1.789623
v 1.000000 1.919111 -1.835376
v 1.000000 1.810858 -1.897876
v 1.250000 1.856611 -1.727123
v 1.250000 1.748358 -1.789623
v 1.250000 1.919111 -1.835376
v 1.250000 1.810858 -1.897876
v 1.000000 2.147877 -0.981611
v 1.000000 2.085377 -0.873358
v 1.000000 2.039624 -1.044111
v 1.000000 1.977124 -0.935858
v 1.250000 2.147877 -0.981611
v 1.250000 2.085377 -0.873358
v 1.250000 2.039624 -1.044111
v 1.250000 1.977124 -0.935858
v 1.000000 2.602123 -2.018389
v 1.000000 2.664623 -2.126642
v 1.000000 2.710377 -1.955889
v 1.000000 2.772877 -2.064142
v 1.250000 2.602123 -2.018389
v 1.250000 2.664623 -2.126642
v 1.250000 2.710377 -1.955889
v 1.250000 2.772877 -2.064142
v 1.000000 2.710377 -1.044111
v 1.000000 2.772877 -0.935858
v 1.000000 2.602124 -0.981611
v 1.000000 2.664623 -0.873358
v 1.250000 2.710377 -1.044111
v 1.250000 2.772877 -0.935858
v 1.250000 2.602124 -0.981611
v 1.250000 2.664623 -0.873358
v 1.000000 2.039624 -1.955889
v 1.000000 1.977124 -2.064142
v 1.000000 2.147877 -2.018389
v 1.000000 2.085377 -2.126642
v 1.250000 2.039624 -1.955889
v 1.250000 1.977124 -2.064142
v 1.250000 2.147877 -2.018389
v 1.250000 2.085377 -2.126642
v 1.000000 1.919111 -1.164623
v 1.000000 1.810858 -1.102123
v 1.000000 1.856611 -1.272877
v 1.000000 1.748358 -1.210377
v 1.250000 1.919111 -1.164623
v 1.250000 1.810858 -1.102123
v 1.250000 1.856611 -1.272877
v 1.250000 1.748358 -1.210377
v 1.000000 2.830889 -1.835376
v 1.000000 2.939142 -1.897876
v 1.000000 2.893389 -1.727123
v 1.000000 3.001642 -1.789623
v 1.250000 2.830889 -1.835376
v 1.250000 2.939142 -1.897876
v 1.250000 2.893389 -1.727123
v 1.250000 3.001642 -1.789623
v -1.250000 2.937500 -1.562500
v -1.250000 3.062500 -1.562500
v -1.250000 2.937500 -1.437500
v -1.250000 3.062500 -1.437500
v -1.000000 2.937500 -1.562500
v -1.000000 3.062500 -1.562500
v -1.000000 2.937500 -1.437500
v -1.000000 3.062500 -1.437500
v -1.250000 1.812500 -1.437500
v -1.250000 1.687500 -1.437500
v -1.250000 1.812500 -1.562500
v -1.250000 1.687500 -1.562500
v -1.000000 1.812500 -1.437500
v -1.000000 1.687500 -1.437500
v -1.000000 1.812500 -1.562500
v -1.000000 1.687500 -1.562500
v -1.250000 2.437500 -0.937500
v -1.250000 2.437500 -0.812500
v -1.250000 2.312500 -0.937500
v -1.250000 2.312500 -0.812500
v -1.000000 2.437500 -0.937500
v -1.000000 2.437500 -0.812500
v -1.000000 2.312500 -0.937500
v -1.000000 2.312500 -0.812500
v -1.250000 2.312500 -2.062500
v -1.250000 2.312500 -2.187500
v -1.250000 2.437500 -2.062500
v -1.250000 2.437500 -2.187500
v -1.000000 2.312500 -2.062500
v -1.000000 2.312500 -2.187500
v -1.000000 2.437500 -2.062500
v -1.000000 2.437500 -2.187500
v -1.250000 2.893389 -1.272877
v -1.250000 3.001642 -1.210377
v -1.250000 2.830889 -1.164623
v -1.250000 2.939142 -1.102123
v -1.000000 2.893389 -1.272877
v -1.000000 3.001642 -1.210377
v -1.000000 2.830889 -1.164623
v -1.000000 2.939142 -1.102123
v -1.250000 1.856611 -1.727123
v -1.250000 1.748358 -1.789623
v -1.250000 1.919111 -1.835376
v -1.250000 1.810858 -1.897876
v -1.000000 1.856611 -1.727123
v -1.000000 1.748358 -1.789623
v -1.000000 1.919111 -1.835376
v -1.000000 1.810858 -1.897876
v -1.250000 2.147877 -0.981611
v -1.250000 2.085377 -0.873358
v -1.250000 2.039624 -1.044111
v -1.250000 1.977124 -0.935858
v -1.000000 2.147877 -0.981611
v -1.000000 2.085377 -0.873358
v -1.000000 2.039624 -1.044111
v -1.000000 1.977124 -0.935858
v -1.250000 2.602123 -2.018389
v -1.250000 2.664623 -2.126642
v -1.250000 2.710377 -1.955889
v -1.250000 2.772877 -2.064142
v -1.000000 2.602123 -2.018389
v -1.000000 2.664623 -2.126642
v -1.000000 2.710377 -1.955889
v -1.000000 2.772877 -2.064142
v -1.250000 2.710377 -1.044111
v -1.250000 2.772877 -0.935858
v -1.250000 2.602124 -0.981611
v -1.250000 2.664623 -0.873358
v -1.000000 2.710377 -1.044111
v -1.000000 2.772877 -0.935858
v -1.000000 2.602124 -0.981611
v -1.000000 2.664623 -0.873358
v -1.250000 2.039624 -1.955889
v -1.250000 1.977124 -2.064142
v -1.250000 2.147877 -2.018389
v -1.250000 2.085377 -2.126642
v -1.000000 2.039624 -1.955889
v -1.000000 1.977124 -2.064142
v -1.000000 2.147877 -2.018389
v -1.000000 2.085377 -2.126642
v -1.250000 1.919111 -1.164623
v -1.250000 1.810858 -1.102123
v -1.250000 1.856611 -1.272877
v -1.250000 1.748358 -1.210377
v -1.000000 1.919111 -1.164623
v -1.000000 1.810858 -1.102123
v -1.000000 1.856611 -1.272877
v -1.000000 1.748358 -1.210377
v -1.250000 2.830889 -1.835376
v -1.250000 2.939142 -1.897876
v -1.250000 2.893389 -1.727123
v -1.250000 3.001642 -1.789623
v -1.000000 2.830889 -1.835376
v -1.000000 2.939142 -1.897876
v -1.000000 2.893389 -1.727123
v -1.000000 3.001642 -1.789623
v 1.911612 2.250000 -1.661612
v 2.000000 2.250000 -1.625000
v 2.088388 2.250000 -1.661612
v 2.125000 2.250000 -1.750000
v 2.088388 2.250000 -1.838388
v 2.000000 2.250000 -1.875000
v 1.911612 2.250000 -1.838388
v 1.875000 2.250000 -1.750000
v 1.911612 2.250000 -1.161612
v 2.000000 2.250000 -1.125000
v 2.088388 2.250000 -1.161612
v 2.125000 2.250000 -1.250000
v 2.088388 2.250000 -1.338388
v 2.000000 2.250000 -1.375000
v 1.911612 2.250000 -1.338388
v 1.875000 2.250000 -1.250000
v 1.900888 2.275888 -1.338388
v 1.963388 2.338388 -1.375000
v 2.025888 2.400888 -1.338388
v 2.051777 2.426777 -1.250000
v 2.025888 2.400888 -1.161612
v 1.963388 2.338388 -1.125000
v 1.900888 2.275888 -1.161612
v 1.900888 2.275888 -1.838388
v 1.963388 2.338388 -1.875000
v 2.025888 2.400888 -1.838388
v 2.051777 2.426777 -1.750000
v 2.025888 2.400888 -1.661612
v 1.963388 2.338388 -1.625000
v 1.900888 2.275888 -1.661612
v 1.875000 2.286612 -1.338388
v 1.875000 2.375000 -1.375000
v 1.875000 2.463388 -1.338388
v 1.875000 2.500000 -1.250000
v 1.875000 2.463388 -1.161612
v 1.875000 2.375000 -1.125000
v 1.875000 2.286612 -1.161612
v 1.875000 2.286612 -1.838388
v 1.875000 2.375000 -1.875000
v 1.875000 2.463388 -1.838388
v 1.875000 2.500000 -1.750000
v 1.875000 2.463388 -1.661612
v 1.875000 2.375000 -1.625000
v 1.875000 2.286612 -1.661612
v 1.750000 2.250000 -1.250000
v 1.750000 2.250000 -1.750000
v 1.750000 2.286612 -1.338388
v 1.750000 2.375000 -1.375000
v 1.750000 2.463388 -1.338388
v 1.750000 2.500000 -1.250000
v 1.750000 2.463388 -1.161612
v 1.750000 2.375000 -1.125000
v 1.750000 2.286612 -1.161612
v 1.750000 2.286612 -1.838388
v 1.750000 2.375000 -1.875000
v 1.750000 2.463388 -1.838388
v 1.750000 2.500000 -1.750000
v 1.750000 2.463388 -1.661612
v 1.750000 2.375000 -1.625000
v 1.750000 2.286612 -1.661612
v 1.911612 1.625000 -1.661612
v 2.000000 1.625000 -1.625000
v 2.088388 1.625000 -1.661612
v 2.125000 1.625000 -1.750000
v 2.088388 1.625000 -1.838388
v 2.000000 1.625000 -1.875000
v 1.911612 1.625000 -1.838388
v 1.875000 1.625000 -1.750000
v 1.911612 1.625000 -1.161612
v 2.000000 1.625000 -1.125000
v 2.088388 1.625000 -1.161612
v 2.125000 1.625000 -1.250000
v 2.088388 1.625000 -1.338388
v 2.000000 1.625000 -1.375000
v 1.911612 1.625000 -1.338388
v 1.875000 1.625000 -1.250000
v 1.750000 1.562500 -0.250000
v 1.661612 1.525888 -0.250000
v 1.625000 1.437500 -0.250000
v 1.661612 1.349112 -0.250000
v 1.750000 1.312500 -0.250000
v 1.838388 1.349112 -0.250000
v 1.875000 1.437500 -0.250000
v 1.838388 1.525888 -0.250000
v 1.750000 1.562500 -0.750000
v 1.661612 1.525888 -0.750000
v 1.625000 1.437500 -0.750000
v 1.661612 1.349112 -0.750000
v 1.750000 1.312500 -0.750000
v 1.838388 1.349112 -0.750000
v 1.875000 1.437500 -0.750000
v 1.838388 1.525888 -0.750000
v 1.750000 1.187500 -0.250000
v 1.661612 1.150888 -0.250000
v 1.625000 1.062500 -0.250000
v 1.661612 0.974112 -0.250000
v 1.750000 0.937500 -0.250000
v 1.838388 0.974112 -0.250000
v 1.875000 1.062500 -0.250000
v 1.838388 1.150888 -0.250000
v 1.750000 1.187500 -0.750000
v 1.661612 1.150888 -0.750000
v 1.625000 1.062500 -0.750000
v 1.661612 0.974112 -0.750000
v 1.750000 0.937500 -0.750000
v 1.838388 0.974112 -0.750000
v 1.875000 1.062500 -0.750000
v 1.838388 1.150888 -0.750000
v 1.250000 1.562500 -0.250000
v 1.161612 1.525888 -0.250000
v 1.125000 1.437500 -0.250000
v 1.161612 1.349112 -0.250000
v 1.250000 1.312500 -0.250000
v 1.338388 1.349112 -0.250000
v 1.375000 1.437500 -0.250000
v 1.338388 1.525888 -0.250000
v 1.250000 1.562500 -0.750000
v 1.161612 1.525888 -0.750000
v 1.125000 1.437500 -0.750000
v 1.161612 1.349112 -0.750000
v 1.250000 1.312500 -0.750000
v 1.338388 1.349112 -0.750000
v 1.375000 1.437500 -0.750000
v 1.338388 1.525888 -0.750000
v 1.250000 1.187500 -0.250000
v 1.161612 1.150888 -0.250000
v 1.125000 1.062500 -0.250000
v 1.161612 0.974112 -0.250000
v 1.250000 0.937500 -0.250000
v 1.338388 0.974112 -0.250000
v 1.375000 1.062500 -0.250000
v 1.338388 1.150888 -0.250000
v 1.250000 1.187500 -0.750000
v 1.161612 1.150888 -0.750000
v 1.125000 1.062500 -0.750000
v 1.161612 0.974112 -0.750000
v 1.250000 0.937500 -0.750000
v 1.338388 0.974112 -0.750000
v 1.375000 1.062500 -0.750000
v 1.338388 1.150888 -0.750000
v -0.750000 2.937500 -1.562500
v -0.750000 3.062500 -1.562500
v -0.750000 2.937500 -1.437500
v -0.750000 3.062500 -1.437500
v -0.750000 1.812500 -1.437500
v -0.750000 1.687500 -1.437500
v -0.750000 1.812500 -1.562500
v -0.750000 1.687500 -1.562500
v -0.750000 2.437500 -0.937500
v -0.750000 2.437500 -0.812500
v -0.750000 2.312500 -0.937500
v -0.750000 2.312500 -0.812500
v -0.750000 2.312500 -2.062500
v -0.750000 2.312500 -2.187500
v -0.750000 2.437500 -2.062500
v -0.750000 2.437500 -2.187500
v -0.750000 2.893389 -1.272877
v -0.750000 3.001642 -1.210377
v -0.750000 2.830889 -1.164623
v -0.750000 2.939142 -1.102123
v -0.750000 1.856611 -1.727123
v -0.750000 1.748358 -1.789623
v -0.750000 1.919111 -1.835376
v -0.750000 1.810858 -1.897876
v -0.750000 2.147877 -0.981611
v -0.750000 2.085377 -0.873358
v -0.750000 2.039624 -1.044111
v -0.750000 1.977124 -0.935858
v -0.750000 2.602123 -2.018389
v -0.750000 2.664623 -2.126642
v -0.750000 2.710377 -1.955889
v -0.750000 2.772877 -2.064142
v -0.750000 2.710377 -1.044111
v -0.750000 2.772877 -0.935858
v -0.750000 2.602124 -0.981611
v -0.750000 2.664623 -0.873358
v -0.750000 2.039624 -1.955889
v -0.750000 1.977124 -2.064142
v -0.750000 2.147877 -2.018389
v -0.750000 2.085377 -2.126642
v -0.750000 1.919111 -1.164623
v -0.750000 1.810858 -1.102123
v -0.750000 1.856611 -1.272877
v -0.750000 1.748358 -1.210377
v -0.750000 2.830889 -1.835376
v -0.750000 2.939142 -1.897876
v -0.750000 2.893389 -1.727123
v -0.750000 3.001642 -1.789623
v 0.750000 2.937500 -1.562500
v 0.750000 3.062500 -1.562500
v 0.750000 2.937500 -1.437500
v 0.750000 3.062500 -1.437500
v 0.750000 1.812500 -1.437500
v 0.750000 1.687500 -1.437500
v 0.750000 1.812500 -1.562500
v 0.750000 1.687500 -1.562500
v 0.750000 2.437500 -0.937500
v 0.750000 2.437500 -0.812500
v 0.750000 2.312500 -0.937500
v 0.750000 2.312500 -0.812500
v 0.750000 2.312500 -2.062500
v 0.750000 2.312500 -2.187500
v 0.750000 2.437500 -2.062500
v 0.750000 2.437500 -2.187500
v 0.750000 2.893389 -1.272877
v 0.750000 3.001642 -1.210377
v 0.750000 2.830889 -1.164623
v 0.750000 2.939142 -1.102123
v 0.750000 1.856611 -1.727123
v 0.750000 1.748358 -1.789623
v 0.750000 1.919111 -1.835376
v 0.750000 1.810858 -1.897876
v 0.750000 2.147877 -0.981611
v 0.750000 2.085377 -0.873358
v 0.750000 2.039624 -1.044111
v 0.750000 1.977124 -0.935858
v 0.750000 2.602123 -2.018389
v 0.750000 2.664623 -2.126642
v 0.750000 2.710377 -1.955889
v 0.750000 2.772877 -2.064142
v 0.750000 2.710377 -1.044111
v 0.750000 2.772877 -0.935858
v 0.750000 2.602124 -0.981611
v 0.750000 2.664623 -0.873358
v 0.750000 2.039624 -1.955889
v 0.750000 1.977124 -2.064142
v 0.750000 2.147877 -2.018389
v 0.750000 2.085377 -2.126642
v 0.750000 1.919111 -1.164623
v 0.750000 1.810858 -1.102123
v 0.750000 1.856611 -1.272877
v 0.750000 1.748358 -1.210377
v 0.750000 2.830889 -1.835376
v 0.750000 2.939142 -1.897876
v 0.750000 2.893389 -1.727123
v 0.750000 3.001642 -1.789623
v 0.875000 0.125000 2.500000
v 1.125000 0.125000 2.500000
v 0.875000 0.125000 -2.500000
v 1.125000 0.125000 -2.500000
v 0.875000 0.250000 -2.500000
v 0.875000 0.250000 2.500000
v 1.125000 0.250000 2.500000
v 1.125000 0.250000 -2.500000
v -0.125000 0.125000 2.500000
v 0.125000 0.125000 2.500000
v -0.125000 0.125000 -2.500000
v 0.125000 0.125000 -2.500000
v -0.125000 0.250000 -2.500000
v -0.125000 0.250000 2.500000
v 0.125000 0.250000 2.500000
v 0.125000 0.250000 -2.500000
v -1.125000 0.125000 2.500000
v -0.875000 0.125000 2.500000
v -1.125000 0.125000 -2.500000
v -0.875000 0.125000 -2.500000
v -1.125000 0.250000 -2.500000
v -1.125000 0.250000 2.500000
v -0.875000 0.250000 2.500000
v -0.875000 0.250000 -2.500000
v -2.125000 0.125000 2.500000
v -1.875000 0.125000 2.500000
v -2.125000 0.125000 -2.500000
v -1.875000 0.125000 -2.500000
v -2.125000 0.250000 -2.500000
v -2.125000 0.250000 2.500000
v -1.875000 0.250000 2.500000
v -1.875000 0.250000 -2.500000
v 2.500000 0.687500 -0.812500
v 2.500000 0.312500 -0.812500
v 2.500000 0.687500 -1.187500
v 2.500000 0.312500 -1.187500
v 2.375000 0.625000 -1.125000
v 2.375000 0.625000 -0.875000
v 2.375000 0.375000 -0.875000
v 2.375000 0.375000 -1.125000
v 2.375000 0.687500 -1.187500
v 2.375000 0.687500 -0.812500
v 2.375000 0.312500 -0.812500
v 2.375000 0.312500 -1.187500
v 2.250000 0.625000 -1.125000
v 2.250000 0.625000 -0.875000
v 2.250000 0.375000 -0.875000
v 2.250000 0.375000 -1.125000
v 2.500000 0.687500 -1.812500
v 2.500000 0.312500 -1.812500
v 2.500000 0.687500 -2.187500
v 2.500000 0.312500 -2.187500
v 2.375000 0.625000 -2.125000
v 2.375000 0.625000 -1.875000
v 2.375000 0.375000 -1.875000
v 2.375000 0.375000 -2.125000
v 2.375000 0.687500 -2.187500
v 2.375000 0.687500 -1.812500
v 2.375000 0.312500 -1.812500
v 2.375000 0.312500 -2.187500
v 2.250000 0.625000 -2.125000
v 2.250000 0.625000 -1.875000
v 2.250000 0.375000 -1.875000
v 2.250000 0.375000 -2.125000
v 2.500000 0.687500 2.187500
v 2.500000 0.312500 2.187500
v 2.500000 0.687500 1.812500
v 2.500000 0.312500 1.812500
v 2.375000 0.625000 1.875000
v 2.375000 0.625000 2.125000
v 2.375000 0.375000 2.125000
v 2.375000 0.375000 1.875000
v 2.375000 0.687500 1.812500
v 2.375000 0.687500 2.187500
v 2.375000 0.312500 2.187500
v 2.375000 0.312500 1.812500
v 2.250000 0.625000 1.875000
v 2.250000 0.625000 2.125000
v 2.250000 0.375000 2.125000
v 2.250000 0.375000 1.875000
v 2.500000 0.687500 1.187500
v 2.500000 0.312500 1.187500
v 2.500000 0.687500 0.812500
v 2.500000 0.312500 0.812500
v 2.375000 0.625000 0.875000
v 2.375000 0.625000 1.125000
v 2.375000 0.375000 1.125000
v 2.375000 0.375000 0.875000
v 2.375000 0.687500 0.812500
v 2.375000 0.687500 1.187500
v 2.375000 0.312500 1.187500
v 2.375000 0.312500 0.812500
v 2.250000 0.625000 0.875000
v 2.250000 0.625000 1.125000
v 2.250000 0.375000 1.125000
v 2.250000 0.375000 0.875000
v -2.500000 0.687500 -0.187500
v -2.500000 0.312500 -0.187500
v -2.500000 0.687500 0.187500
v -2.500000 0.312500 0.187500
v -2.375000 0.625000 0.125000
v -2.375000 0.625000 -0.125000
v -2.375000 0.375000 -0.125000
v -2.375000 0.375000 0.125000
v -2.375000 0.687500 0.187500
v -2.375000 0.687500 -0.187500
v -2.375000 0.312500 -0.187500
v -2.375000 0.312500 0.187500
v -2.250000 0.625000 0.125000
v -2.250000 0.625000 -0.125000
v -2.250000 0.375000 -0.125000
v -2.250000 0.375000 0.125000
v -2.500000 0.687500 0.812500
v -2.500000 0.312500 0.812500
v -2.500000 0.687500 1.187500
v -2.500000 0.312500 1.187500
v -2.375000 0.625000 1.125000
v -2.375000 0.625000 0.875000
v -2.375000 0.375000 0.875000
v -2.375000 0.375000 1.125000
v -2.375000 0.687500 1.187500
v -2.375000 0.687500 0.812500
v -2.375000 0.312500 0.812500
v -2.375000 0.312500 1.187500
v -2.250000 0.625000 1.125000
v -2.250000 0.625000 0.875000
v -2.250000 0.375000 0.875000
v -2.250000 0.375000 1.125000
v -2.500000 0.687500 1.812500
v -2.500000 0.312500 1.812500
v -2.500000 0.687500 2.187500
v -2.500000 0.312500 2.187500
v -2.375000 0.625000 2.125000
v -2.375000 0.625000 1.875000
v -2.375000 0.375000 1.875000
v -2.375000 0.375000 2.125000
v -2.375000 0.687500 2.187500
v -2.375000 0.687500 1.812500
v -2.375000 0.312500 1.812500
v -2.375000 0.312500 2.187500
v -2.250000 0.625000 2.125000
v -2.250000 0.625000 1.875000
v -2.250000 0.375000 1.875000
v -2.250000 0.375000 2.125000
v -2.500000 0.687500 -2.187500
v -2.500000 0.312500 -2.187500
v -2.500000 0.687500 -1.812500
v -2.500000 0.312500 -1.812500
v -2.375000 0.625000 -1.875000
v -2.375000 0.625000 -2.125000
v -2.375000 0.375000 -2.125000
v -2.375000 0.375000 -1.875000
v -2.375000 0.687500 -1.812500
v -2.375000 0.687500 -2.187500
v -2.375000 0.312500 -2.187500
v -2.375000 0.312500 -1.812500
v -2.250000 0.625000 -1.875000
v -2.250000 0.625000 -2.125000
v -2.250000 0.375000 -2.125000
v -2.250000 0.375000 -1.875000
v -2.500000 0.687500 -1.187500
v -2.500000 0.312500 -1.187500
v -2.500000 0.687500 -0.812500
v -2.500000 0.312500 -0.812500
v -2.375000 0.625000 -0.875000
v -2.375000 0.625000 -1.125000
v -2.375000 0.375000 -1.125000
v -2.375000 0.375000 -0.875000
v -2.375000 0.687500 -0.812500
v -2.375000 0.687500 -1.187500
v -2.375000 0.312500 -1.187500
v -2.375000 0.312500 -0.812500
v -2.250000 0.625000 -0.875000
v -2.250000 0.625000 -1.125000
v -2.250000 0.375000 -1.125000
v -2.250000 0.375000 -0.875000
v 0.187500 0.687500 -2.500000
v 0.187500 0.312500 -2.500000
v -0.187500 0.687500 -2.500000
v -0.187500 0.312500 -2.500000
v -0.125000 0.625000 -2.375000
v 0.125000 0.625000 -2.375000
v 0.125000 0.375000 -2.375000
v -0.125000 0.375000 -2.375000
v -0.187500 0.687500 -2.375000
v 0.187500 0.687500 -2.375000
v 0.187500 0.312500 -2.375000
v -0.187500 0.312500 -2.375000
v -0.125000 0.625000 -2.250000
v 0.125000 0.625000 -2.250000
v 0.125000 0.375000 -2.250000
v -0.125000 0.375000 -2.250000
v -0.812500 0.687500 -2.500000
v -0.812500 0.312500 -2.500000
v -1.187500 0.687500 -2.500000
v -1.187500 0.312500 -2.500000
v -1.125000 0.625000 -2.375000
v -0.875000 0.625000 -2.375000
v -0.875000 0.375000 -2.375000
v -1.125000 0.375000 -2.375000
v -1.187500 0.687500 -2.375000
v -0.812500 0.687500 -2.375000
v -0.812500 0.312500 -2.375000
v -1.187500 0.312500 -2.375000
v -1.125000 0.625000 -2.250000
v -0.875000 0.625000 -2.250000
v -0.875000 0.375000 -2.250000
v -1.125000 0.375000 -2.250000
v -1.812500 0.687500 -2.500000
v -1.812500 0.312500 -2.500000
v -2.187500 0.687500 -2.500000
v -2.187500 0.312500 -2.500000
v -2.125000 0.625000 -2.375000
v -1.875000 0.625000 -2.375000
v -1.875000 0.375000 -2.375000
v -2.125000 0.375000 -2.375000
v -2.187500 0.687500 -2.375000
v -1.812500 0.687500 -2.375000
v -1.812500 0.312500 -2.375000
v -2.187500 0.312500 -2.375000
v -2.125000 0.625000 -2.250000
v -1.875000 0.625000 -2.250000
v -1.875000 0.375000 -2.250000
v -2.125000 0.375000 -2.250000
v 2.187500 0.687500 -2.500000
v 2.187500 0.312500 -2.500000
v 1.812500 0.687500 -2.500000
v 1.812500 0.312500 -2.500000
v 1.875000 0.625000 -2.375000
v 2.125000 0.625000 -2.375000
v 2.125000 0.375000 -2.375000
v 1.875000 0.375000 -2.375000
v 1.812500 0.687500 -2.375000
v 2.187500 0.687500 -2.375000
v 2.187500 0.312500 -2.375000
v 1.812500 0.312500 -2.375000
v 1.875000 0.625000 -2.250000
v 2.125000 0.625000 -2.250000
v 2.125000 0.375000 -2.250000
v 1.875000 0.375000 -2.250000
v 1.187500 0.687500 -2.500000
v 1.187500 0.312500 -2.500000
v 0.812500 0.687500 -2.500000
v 0.812500 0.312500 -2.500000
v 0.875000 0.625000 -2.375000
v 1.125000 0.625000 -2.375000
v 1.125000 0.375000 -2.375000
v 0.875000 0.375000 -2.375000
v 0.812500 0.687500 -2.375000
v 1.187500 0.687500 -2.375000
v 1.187500 0.312500 -2.375000
v 0.812500 0.312500 -2.375000
v 0.875000 0.625000 -2.250000
v 1.125000 0.625000 -2.250000
v 1.125000 0.375000 -2.250000
v 0.875000 0.375000 -2.250000
v -0.187500 0.687500 2.500000
v -0.187500 0.312500 2.500000
v 0.187500 0.687500 2.500000
v 0.187500 0.312500 2.500000
v 0.125000 0.625000 2.375000
v -0.125000 0.625000 2.375000
v -0.125000 0.375000 2.375000
v 0.125000 0.375000 2.375000
v 0.187500 0.687500 2.375000
v -0.187500 0.687500 2.375000
v -0.187500 0.312500 2.375000
v 0.187500 0.312500 2.375000
v 0.125000 0.625000 2.250000
v -0.125000 0.625000 2.250000
v -0.125000 0.375000 2.250000
v 0.125000 0.375000 2.250000
v 0.812500 0.687500 2.500000
v 0.812500 0.312500 2.500000
v 1.187500 0.687500 2.500000
v 1.187500 0.312500 2.500000
v 1.125000 0.625000 2.375000
v 0.875000 0.625000 2.375000
v 0.875000 0.375000 2.375000
v 1.125000 0.375000 2.375000
v 1.187500 0.687500 2.375000
v 0.812500 0.687500 2.375000
v 0.812500 0.312500 2.375000
v 1.187500 0.312500 2.375000
v 1.125000 0.625000 2.250000
v 0.875000 0.625000 2.250000
v 0.875000 0.375000 2.250000
v 1.125000 0.375000 2.250000
v 1.812500 0.687500 2.500000
v 1.812500 0.312500 2.500000
v 2.187500 0.687500 2.500000
v 2.187500 0.312500 2.500000
v 2.125000 0.625000 2.375000
v 1.875000 0.625000 2.375000
v 1.875000 0.375000 2.375000
v 2.125000 0.375000 2.375000
v 2.187500 0.687500 2.375000
v 1.812500 0.687500 2.375000
v 1.812500 0.312500 2.375000
v 2.187500 0.312500 2.375000
v 2.125000 0.625000 2.250000
v 1.875000 0.625000 2.250000
v 1.875000 0.375000 2.250000
v 2.125000 0.375000 2.250000
v -2.187500 0.687500 2.500000
v -2.187500 0.312500 2.500000
v -1.812500 0.687500 2.500000
v -1.812500 0.312500 2.500000
v -1.875000 0.625000 2.375000
v -2.125000 0.625000 2.375000
v -2.125000 0.375000 2.375000
v -1.875000 0.375000 2.375000
v -1.812500 0.687500 2.375000
v -2.187500 0.687500 2.375000
v -2.187500 0.312500 2.375000
v -1.812500 0.312500 2.375000
v -1.875000 0.625000 2.250000
v -2.125000 0.625000 2.250000
v -2.125000 0.375000 2.250000
v -1.875000 0.375000 2.250000
v -1.187500 0.687500 2.500000
v -1.187500 0.312500 2.500000
v -0.812500 0.687500 2.500000
v -0.812500 0.312500 2.500000
v -0.875000 0.625000 2.375000
v -1.125000 0.625000 2.375000
v -1.125000 0.375000 2.375000
v -0.875000 0.375000 2.375000
v -0.812500 0.687500 2.375000
v -1.187500 0.687500 2.375000
v -1.187500 0.312500 2.375000
v -0.812500 0.312500 2.375000
v -0.875000 0.625000 2.250000
v -1.125000 0.625000 2.250000
v -1.125000 0.375000 2.250000
v -0.875000 0.375000 2.250000
v -0.250000 3.750000 1.500000
v -0.338388 3.750000 1.536612
v -0.375000 3.750000 1.625000
v -0.338388 3.750000 1.713388
v -0.250000 3.750000 1.750000
v -0.161611 3.750000 1.713388
v -0.125000 3.750000 1.625000
v -0.161611 3.750000 1.536612
v -0.250000 4.000000 1.500000
v -0.338388 4.000000 1.536612
v -0.375000 4.000000 1.625000
v -0.338388 4.000000 1.713388
v -0.250000 4.000000 1.750000
v -0.161611 4.000000 1.713388
v -0.125000 4.000000 1.625000
v -0.161611 4.000000 1.536612
v -0.213388 4.088388 1.500000
v -0.275888 4.150888 1.536612
v -0.301776 4.176777 1.625000
v -0.275888 4.150888 1.713388
v -0.213388 4.088388 1.750000
v -0.150888 4.025888 1.713388
v -0.150888 4.025888 1.536612
v -0.125000 4.125000 1.500000
v -0.125000 4.213388 1.536612
v -0.125000 4.250000 1.625000
v -0.125000 4.213388 1.713388
v -0.125000 4.125000 1.750000
v -0.125000 4.036612 1.713388
v -0.125000 4.036612 1.536612
v 1.250000 1.750000 1.750000
v 1.338388 1.750000 1.713388
v 1.375000 1.750000 1.625000
v 1.338388 1.750000 1.536612
v 1.250000 1.750000 1.500000
v 1.161612 1.750000 1.536612
v 1.125000 1.750000 1.625000
v 1.161612 1.750000 1.713388
v 1.250000 4.000000 1.750000
v 1.338388 4.000000 1.713388
v 1.375000 4.000000 1.625000
v 1.338388 4.000000 1.536612
v 1.250000 4.000000 1.500000
v 1.161612 4.000000 1.536612
v 1.125000 4.000000 1.625000
v 1.161612 4.000000 1.713388
v 1.213388 4.088388 1.750000
v 1.275888 4.150888 1.713388
v 1.301777 4.176777 1.625000
v 1.275888 4.150888 1.536612
v 1.213388 4.088388 1.500000
v 1.150888 4.025888 1.536612
v 1.150888 4.025888 1.713388
v 1.125000 4.125000 1.750000
v 1.125000 4.213388 1.713388
v 1.125000 4.250000 1.625000
v 1.125000 4.213388 1.536612
v 1.125000 4.125000 1.500000
v 1.125000 4.036612 1.536612
v 1.125000 4.036612 1.713388
v -1.750000 3.750000 1.500000
v -1.838388 3.750000 1.536612
v -1.875000 3.750000 1.625000
v -1.838388 3.750000 1.713388
v -1.750000 3.750000 1.750000
v -1.661611 3.750000 1.713388
v -1.625000 3.750000 1.625000
v -1.661611 3.750000 1.536612
v -1.750000 4.250000 1.500000
v -1.838388 4.250000 1.536612
v -1.875000 4.250000 1.625000
v -1.838388 4.250000 1.713388
v -1.750000 4.250000 1.750000
v -1.661611 4.250000 1.713388
v -1.625000 4.250000 1.625000
v -1.661611 4.250000 1.536612
v -1.713388 4.338388 1.500000
v -1.775888 4.400888 1.536612
v -1.801777 4.426777 1.625000
v -1.775888 4.400888 1.713388
v -1.713388 4.338388 1.750000
v -1.650888 4.275888 1.713388
v -1.650888 4.275888 1.536612
v -1.625000 4.375000 1.500000
v -1.625000 4.463388 1.536612
v -1.625000 4.500000 1.625000
v -1.625000 4.463388 1.713388
v -1.625000 4.375000 1.750000
v -1.625000 4.286612 1.713388
v -1.625000 4.286612 1.536612
v 1.750000 1.750000 1.750000
v 1.838388 1.750000 1.713388
v 1.875000 1.750000 1.625000
v 1.838388 1.750000 1.536612
v 1.750000 1.750000 1.500000
v 1.661612 1.750000 1.536612
v 1.625000 1.750000 1.625000
v 1.661612 1.750000 1.713388
v 1.750000 4.250000 1.750000
v 1.838388 4.250000 1.713388
v 1.875000 4.250000 1.625000
v 1.838388 4.250000 1.536612
v 1.750000 4.250000 1.500000
v 1.661612 4.250000 1.536612
v 1.625000 4.250000 1.625000
v 1.661612 4.250000 1.713388
v 1.713388 4.338388 1.750000
v 1.775888 4.400888 1.713388
v 1.801777 4.426777 1.625000
v 1.775888 4.400888 1.536612
v 1.713388 4.338388 1.500000
v 1.650888 4.275888 1.536612
v 1.650888 4.275888 1.713388
v 1.625000 4.375000 1.750000
v 1.625000 4.463388 1.713388
v 1.625000 4.500000 1.625000
v 1.625000 4.463388 1.536612
v 1.625000 4.375000 1.500000
v 1.625000 4.286612 1.536612
v 1.625000 4.286612 1.713388
v -0.250000 3.750000 0.250000
v -0.338388 3.750000 0.286612
v -0.375000 3.750000 0.375000
v -0.338388 3.750000 0.463388
v -0.250000 3.750000 0.500000
v -0.161611 3.750000 0.463388
v -0.125000 3.750000 0.375000
v -0.161611 3.750000 0.286612
v -0.250000 4.000000 0.250000
v -0.338388 4.000000 0.286612
v -0.375000 4.000000 0.375000
v -0.338388 4.000000 0.463388
v -0.250000 4.000000 0.500000
v -0.161611 4.000000 0.463388
v -0.125000 4.000000 0.375000
v -0.161611 4.000000 0.286612
v -0.213388 4.088388 0.250000
v -0.275888 4.150888 0.286612
v -0.301776 4.176777 0.375000
v -0.275888 4.150888 0.463388
v -0.213388 4.088388 0.500000
v -0.150888 4.025888 0.463388
v -0.150888 4.025888 0.286612
v -0.125000 4.125000 0.250000
v -0.125000 4.213388 0.286612
v -0.125000 4.250000 0.375000
v -0.125000 4.213388 0.463388
v -0.125000 4.125000 0.500000
v -0.125000 4.036612 0.463388
v -0.125000 4.036612 0.286612
v 1.250000 1.750000 0.500000
v 1.338388 1.750000 0.463388
v 1.375000 1.750000 0.375000
v 1.338388 1.750000 0.286612
v 1.250000 1.750000 0.250000
v 1.161612 1.750000 0.286612
v 1.125000 1.750000 0.375000
v 1.161612 1.750000 0.463388
v 1.250000 4.000000 0.500000
v 1.338388 4.000000 0.463388
v 1.375000 4.000000 0.375000
v 1.338388 4.000000 0.286612
v 1.250000 4.000000 0.250000
v 1.161612 4.000000 0.286612
v 1.125000 4.000000 0.375000
v 1.161612 4.000000 0.463388
v 1.213388 4.088388 0.500000
v 1.275888 4.150888 0.463388
v 1.301777 4.176777 0.375000
v 1.275888 4.150888 0.286612
v 1.213388 4.088388 0.250000
v 1.150888 4.025888 0.286612
v 1.150888 4.025888 0.463388
v 1.125000 4.125000 0.500000
v 1.125000 4.213388 0.463388
v 1.125000 4.250000 0.375000
v 1.125000 4.213388 0.286612
v 1.125000 4.125000 0.250000
v 1.125000 4.036612 0.286612
v 1.125000 4.036612 0.463388
v -1.750000 3.750000 0.250000
v -1.838388 3.750000 0.286612
v -1.875000 3.750000 0.375000
v -1.838388 3.750000 0.463388
v -1.750000 3.750000 0.500000
v -1.661611 3.750000 0.463388
v -1.625000 3.750000 0.375000
v -1.661611 3.750000 0.286612
v -1.750000 4.250000 0.250000
v -1.838388 4.250000 0.286612
v -1.875000 4.250000 0.375000
v -1.838388 4.250000 0.463388
v -1.750000 4.250000 0.500000
v -1.661611 4.250000 0.463388
v -1.625000 4.250000 0.375000
v -1.661611 4.250000 0.286612
v -1.713388 4.338388 0.250000
v -1.775888 4.400888 0.286612
v -1.801777 4.426777 0.375000
v -1.775888 4.400888 0.463388
v -1.713388 4.338388 0.500000
v -1.650888 4.275888 0.463388
v -1.650888 4.275888 0.286612
v -1.625000 4.375000 0.250000
v -1.625000 4.463388 0.286612
v -1.625000 4.500000 0.375000
v -1.625000 4.463388 0.463388
v -1.625000 4.375000 0.500000
v -1.625000 4.286612 0.463388
v -1.625000 4.286612 0.286612
v 1.750000 1.750000 0.500000
v 1.838388 1.750000 0.463388
v 1.875000 1.750000 0.375000
v 1.838388 1.750000 0.286612
v 1.750000 1.750000 0.250000
v 1.661612 1.750000 0.286612
v 1.625000 1.750000 0.375000
v 1.661612 1.750000 0.463388
v 1.750000 4.250000 0.500000
v 1.838388 4.250000 0.463388
v 1.875000 4.250000 0.375000
v 1.838388 4.250000 0.286612
v 1.750000 4.250000 0.250000
v 1.661612 4.250000 0.286612
v 1.625000 4.250000 0.375000
v 1.661612 4.250000 0.463388
v 1.713388 4.338388 0.500000
v 1.775888 4.400888 0.463388
v 1.801777 4.426777 0.375000
v 1.775888 4.400888 0.286612
v 1.713388 4.338388 0.250000
v 1.650888 4.275888 0.286612
v 1.650888 4.275888 0.463388
v 1.625000 4.375000 0.500000
v 1.625000 4.463388 0.463388
v 1.625000 4.500000 0.375000
v 1.625000 4.463388 0.286612
v 1.625000 4.375000 0.250000
v 1.625000 4.286612 0.286612
v 1.625000 4.286612 0.463388
v 1.125000 2.750000 0.500000
v 1.875000 2.750000 0.500000
v 1.125000 2.750000 0.000000
v 1.875000 2.750000 0.000000
v 1.125000 3.250000 0.000000
v 1.125000 3.250000 0.500000
v 1.875000 3.250000 0.500000
v 1.875000 3.250000 0.000000
v -0.250000 3.750000 0.000000
v -0.338388 3.750000 0.036612
v -0.375000 3.750000 0.125000
v -0.338388 3.750000 0.213388
v -0.250000 3.750000 0.250000
v -0.161611 3.750000 0.213388
v -0.125000 3.750000 0.125000
v -0.161611 3.750000 0.036612
v -0.250000 4.000000 0.000000
v -0.338388 4.000000 0.036612
v -0.375000 4.000000 0.125000
v -0.338388 4.000000 0.213388
v -0.250000 4.000000 0.250000
v -0.161611 4.000000 0.213388
v -0.125000 4.000000 0.125000
v -0.161611 4.000000 0.036612
v -0.213388 4.088388 0.000000
v -0.275888 4.150888 0.036612
v -0.301776 4.176777 0.125000
v -0.275888 4.150888 0.213388
v -0.213388 4.088388 0.250000
v -0.150888 4.025888 0.213388
v -0.150888 4.025888 0.036612
v -0.125000 4.125000 0.000000
v -0.125000 4.213388 0.036612
v -0.125000 4.250000 0.125000
v -0.125000 4.213388 0.213388
v -0.125000 4.125000 0.250000
v -0.125000 4.036612 0.213388
v -0.125000 4.036612 0.036612
v 1.250000 1.750000 0.250000
v 1.338388 1.750000 0.213388
v 1.375000 1.750000 0.125000
v 1.338388 1.750000 0.036612
v 1.250000 1.750000 0.000000
v 1.161612 1.750000 0.036612
v 1.125000 1.750000 0.125000
v 1.161612 1.750000 0.213388
v 1.250000 4.000000 0.250000
v 1.338388 4.000000 0.213388
v 1.375000 4.000000 0.125000
v 1.338388 4.000000 0.036612
v 1.250000 4.000000 0.000000
v 1.161612 4.000000 0.036612
v 1.125000 4.000000 0.125000
v 1.161612 4.000000 0.213388
v 1.213388 4.088388 0.250000
v 1.275888 4.150888 0.213388
v 1.301777 4.176777 0.125000
v 1.275888 4.150888 0.036612
v 1.213388 4.088388 0.000000
v 1.150888 4.025888 0.036612
v 1.150888 4.025888 0.213388
v 1.125000 4.125000 0.250000
v 1.125000 4.213388 0.213388
v 1.125000 4.250000 0.125000
v 1.125000 4.213388 0.036612
v 1.125000 4.125000 0.000000
v 1.125000 4.036612 0.036612
v 1.125000 4.036612 0.213388
v -1.750000 3.750000 0.000000
v -1.838388 3.750000 0.036612
v -1.875000 3.750000 0.125000
v -1.838388 3.750000 0.213388
v -1.750000 3.750000 0.250000
v -1.661611 3.750000 0.213388
v -1.625000 3.750000 0.125000
v -1.661611 3.750000 0.036612
v -1.750000 4.250000 0.000000
v -1.838388 4.250000 0.036612
v -1.875000 4.250000 0.125000
v -1.838388 4.250000 0.213388
v -1.750000 4.250000 0.250000
v -1.661611 4.250000 0.213388
v -1.625000 4.250000 0.125000
v -1.661611 4.250000 0.036612
v -1.713388 4.338388 0.000000
v -1.775888 4.400888 0.036612
v -1.801777 4.426777 0.125000
v -1.775888 4.400888 0.213388
v -1.713388 4.338388 0.250000
v -1.650888 4.275888 0.213388
v -1.650888 4.275888 0.036612
v -1.625000 4.375000 0.000000
v -1.625000 4.463388 0.036612
v -1.625000 4.500000 0.125000
v -1.625000 4.463388 0.213388
v -1.625000 4.375000 0.250000
v -1.625000 4.286612 0.213388
v -1.625000 4.286612 0.036612
v 1.750000 1.750000 0.250000
v 1.838388 1.750000 0.213388
v 1.875000 1.750000 0.125000
v 1.838388 1.750000 0.036612
v 1.750000 1.750000 0.000000
v 1.661612 1.750000 0.036612
v 1.625000 1.750000 0.125000
v 1.661612 1.750000 0.213388
v 1.750000 4.250000 0.250000
v 1.838388 4.250000 0.213388
v 1.875000 4.250000 0.125000
v 1.838388 4.250000 0.036612
v 1.750000 4.250000 0.000000
v 1.661612 4.250000 0.036612
v 1.625000 4.250000 0.125000
v 1.661612 4.250000 0.213388
v 1.713388 4.338388 0.250000
v 1.775888 4.400888 0.213388
v 1.801777 4.426777 0.125000
v 1.775888 4.400888 0.036612
v 1.713388 4.338388 0.000000
v 1.650888 4.275888 0.036612
v 1.650888 4.275888 0.213388
v 1.625000 4.375000 0.250000
v 1.625000 4.463388 0.213388
v 1.625000 4.500000 0.125000
v 1.625000 4.463388 0.036612
v 1.625000 4.375000 0.000000
v 1.625000 4.286612 0.036612
v 1.625000 4.286612 0.213388
v 1.875000 2.125000 0.000000
v 1.875000 2.213388 0.036612
v 1.875000 2.250000 0.125000
v 1.875000 2.213388 0.213388
v 1.875000 2.125000 0.250000
v 1.875000 2.036612 0.213388
v 1.875000 2.000000 0.125000
v 1.875000 2.036612 0.036612
v 1.937500 2.213388 0.036612
v 1.937500 2.125000 0.000000
v 1.937500 2.250000 0.125000
v 1.937500 2.213388 0.213388
v 1.937500 2.125000 0.250000
v 1.937500 2.036612 0.213388
v 1.937500 2.000000 0.125000
v 1.937500 2.036612 0.036612
v 1.875000 2.375000 1.500000
v 1.875000 2.463388 1.536612
v 1.875000 2.500000 1.625000
v 1.875000 2.463388 1.713388
v 1.875000 2.375000 1.750000
v 1.875000 2.286612 1.713388
v 1.875000 2.250000 1.625000
v 1.875000 2.286612 1.536612
v 1.937500 2.463388 1.536612
v 1.937500 2.375000 1.500000
v 1.937500 2.500000 1.625000
v 1.937500 2.463388 1.713388
v 1.937500 2.375000 1.750000
v 1.937500 2.286612 1.713388
v 1.937500 2.250000 1.625000
v 1.937500 2.286612 1.536612
v 1.125000 2.750000 2.000000
v 1.875000 2.750000 2.000000
v 1.125000 2.750000 1.500000
v 1.875000 2.750000 1.500000
v 1.125000 3.250000 1.500000
v 1.125000 3.250000 2.000000
v 1.875000 3.250000 2.000000
v 1.875000 3.250000 1.500000
v 1.125000 2.750000 0.500000
v 1.875000 2.750000 0.500000
v 1.125000 2.750000 0.000000
v 1.875000 2.750000 0.000000
v 1.125000 3.250000 0.000000
v 1.125000 3.250000 0.500000
v 1.875000 3.250000 0.500000
v 1.875000 3.250000 0.000000
vt 0.142857 0.247191
vt 0.154762 0.269663
vt 0.142857 0.269663
vt 0.154762 0.292135
vt 0.142857 0.314607
vt 0.142857 0.292135
vt 0.166667 0.269663
vt 0.190476 0.269663
vt 0.178571 0.292135
vt 0.178571 0.269663
vt 0.166667 0.292135
vt 0.142857 0.247191
vt 0.154762 0.269663
vt 0.142857 0.269663
vt 0.154762 0.292135
vt 0.142857 0.314607
vt 0.142857 0.292135
vt 0.166667 0.269663
vt 0.190476 0.269663
vt 0.178571 0.292135
vt 0.178571 0.269663
vt 0.166667 0.292135
vt 0.142857 0.247191
vt 0.154762 0.269663
vt 0.142857 0.269663
vt 0.154762 0.292135
vt 0.142857 0.314607
vt 0.142857 0.292135
vt 0.166667 0.269663
vt 0.190476 0.269663
vt 0.178571 0.292135
vt 0.178571 0.269663
vt 0.166667 0.292135
vt 0.142857 0.247191
vt 0.154762 0.269663
vt 0.142857 0.269663
vt 0.154762 0.292135
vt 0.142857 0.314607
vt 0.142857 0.292135
vt 0.166667 0.269663
vt 0.190476 0.269663
vt 0.178571 0.292135
vt 0.178571 0.269663
vt 0.166667 0.292135
vt 0.309524 0.505618
vt 0.523810 0.516854
vt 0.309524 0.516854
vt 0.309524 0.494382
vt 0.523810 0.505618
vt 0.523810 0.528090
vt 0.523810 0.539326
vt 0.309524 0.528090
vt 0.309524 0.505618
vt 0.523810 0.516854
vt 0.309524 0.516854
vt 0.309524 0.494382
vt 0.523810 0.505618
vt 0.523810 0.528090
vt 0.523810 0.539326
vt 0.309524 0.528090
vt 0.309524 0.505618
vt 0.523810 0.516854
vt 0.309524 0.516854
vt 0.309524 0.494382
vt 0.523810 0.505618
vt 0.523810 0.528090
vt 0.523810 0.539326
vt 0.309524 0.528090
vt 0.309524 0.505618
vt 0.523810 0.516854
vt 0.309524 0.516854
vt 0.309524 0.494382
vt 0.523810 0.505618
vt 0.523810 0.528090
vt 0.523810 0.539326
vt 0.309524 0.528090
vt 0.523810 0.011236
vt 0.535714 0.460674
vt 0.523810 0.460674
vt 0.541667 0.460674
vt 0.553571 0.011236
vt 0.553571 0.460674
vt 0.559524 0.460674
vt 0.559524 0.011236
vt 0.553571 -0.000000
vt 0.541667 0.011236
vt 0.541667 -0.000000
vt 0.541667 0.471910
vt 0.553571 0.471910
vt 0.535714 0.011236
vt 0.309524 0.314607
vt 0.190476 0.539326
vt 0.190476 0.314607
vt 0.190476 0.044944
vt 0.309524 0.269663
vt 0.190476 0.269663
vt 0.309524 0.000000
vt 0.190476 0.000000
vt 0.333333 0.269663
vt 0.309524 0.044944
vt 0.333333 0.044944
vt 0.166667 0.044944
vt 0.166667 0.269663
vt 0.023810 0.179775
vt 0.142857 0.224719
vt 0.023810 0.224719
vt 0.142857 -0.000000
vt 0.023810 0.044944
vt 0.023810 -0.000000
vt -0.000000 0.179775
vt 0.142857 0.044944
vt 0.142857 0.179775
vt 0.166667 0.044944
vt 0.166667 0.179775
vt 0.023810 0.359551
vt 0.333333 0.044944
vt 0.357143 0.449438
vt 0.333333 0.449438
vt 0.428571 0.449438
vt 0.452381 0.044944
vt 0.452381 0.449438
vt 0.238095 0.955056
vt 0.190476 0.943820
vt 0.238095 0.943820
vt 0.428571 0.494382
vt 0.357143 0.494382
vt 0.523810 0.449438
vt 0.523810 0.044944
vt 0.357143 0.000000
vt 0.428571 0.044944
vt 0.357143 0.044944
vt 0.773862 0.606741
vt 0.791693 0.548444
vt 0.827355 0.548444
vt 0.791693 0.683275
vt 0.827355 0.683275
vt 0.845186 0.741573
vt 0.845291 0.606741
vt 0.863122 0.548444
vt 0.898783 0.548444
vt 0.863122 0.683275
vt 0.898783 0.683275
vt 0.916614 0.741573
vt 0.702434 0.606741
vt 0.720264 0.548444
vt 0.755926 0.548444
vt 0.720265 0.799871
vt 0.720264 0.683275
vt 0.773757 0.741573
vt 0.916719 0.606741
vt 0.934550 0.548444
vt 0.970212 0.548444
vt 0.934550 0.799871
vt 0.934550 0.683275
vt 0.988043 0.741573
vt 0.535714 0.719101
vt 0.654762 0.629214
vt 0.654762 0.719101
vt 0.702381 0.719101
vt 0.702381 0.629214
vt 0.535714 0.808989
vt 0.654762 0.808989
vt 0.488095 0.629214
vt 0.488095 0.719101
vt 0.654762 0.539326
vt 0.535714 0.629214
vt 0.535714 0.539326
vt 0.151786 0.971910
vt 0.122024 0.983146
vt 0.122024 0.971910
vt 0.226190 0.955056
vt 0.190476 0.966292
vt 0.190476 0.955056
vt 0.261905 0.955056
vt 0.226190 0.966292
vt 0.154762 0.955056
vt 0.119048 0.966292
vt 0.119048 0.955056
vt 0.154762 0.966292
vt 0.193452 0.971910
vt 0.223214 0.971910
vt 0.229167 0.971910
vt 0.261905 0.966292
vt 0.258929 0.971910
vt 0.157738 0.971910
vt 0.187500 0.971910
vt 0.157738 0.983146
vt 0.193452 0.983146
vt 0.229167 0.983146
vt 0.422619 0.949451
vt 0.428565 0.960674
vt 0.422619 0.971897
vt 0.410715 0.971897
vt 0.404769 0.960674
vt 0.410715 0.949451
vt 0.095238 0.955056
vt 0.059524 1.000000
vt 0.059524 0.955056
vt 0.035714 0.955056
vt 0.000000 1.000000
vt 0.000000 0.955056
vt 0.035714 1.000000
vt 0.119048 0.955056
vt 0.095238 1.000000
vt 0.261905 0.932584
vt 0.291667 0.926966
vt 0.291667 0.932584
vt 0.261905 0.926966
vt 0.291667 0.921348
vt 0.291667 0.926966
vt 0.261905 0.921348
vt 0.291667 0.915730
vt 0.291667 0.921348
vt 0.261905 0.915730
vt 0.291667 0.910112
vt 0.291667 0.915730
vt 0.157738 0.320225
vt 0.175595 0.353933
vt 0.157738 0.353933
vt 0.160714 0.303371
vt 0.172619 0.292135
vt 0.172619 0.303371
vt 0.175595 0.320225
vt 0.181548 0.353933
vt 0.151786 0.320225
vt 0.175595 0.308989
vt 0.157738 0.365169
vt 0.160714 0.370787
vt 0.175595 0.365169
vt 0.172619 0.370787
vt 0.148810 0.325843
vt 0.151786 0.353933
vt 0.148810 0.348315
vt 0.157738 0.308989
vt 0.184524 0.348315
vt 0.181548 0.320225
vt 0.184524 0.325843
vt 0.160714 0.382022
vt 0.190476 0.348315
vt 0.142857 0.325843
vt 0.190476 0.955056
vt 0.000000 0.943820
vt 0.190476 0.943820
vt 0.238095 0.955056
vt 0.238095 0.943820
vt 0.000000 0.955056
vt 0.000000 0.943820
vt 0.107143 0.786517
vt 0.035714 0.382022
vt 0.107143 0.382022
vt 0.035714 0.853933
vt 0.107143 0.786517
vt 0.107143 0.853933
vt 0.000000 0.382022
vt 0.035714 0.786517
vt -0.000000 0.786517
vt 0.035714 0.853933
vt 0.107143 0.786517
vt 0.107143 0.853933
vt 0.000000 0.382022
vt 0.035714 0.786517
vt 0.000000 0.786517
vt 0.107143 0.382022
vt 0.035714 0.382022
vt 0.226190 0.679775
vt 0.238095 0.707865
vt 0.226190 0.702247
vt 0.238095 0.640449
vt 0.226190 0.668539
vt 0.226190 0.646067
vt 0.226190 0.612360
vt 0.226190 0.634831
vt 0.226190 0.578652
vt 0.238095 0.606742
vt 0.226190 0.601124
vt 0.226190 0.544944
vt 0.238095 0.573034
vt 0.226190 0.567416
vt 0.226190 0.915730
vt 0.238095 0.943820
vt 0.226190 0.938202
vt 0.226190 0.882023
vt 0.238095 0.910112
vt 0.226190 0.904494
vt 0.238095 0.842697
vt 0.226190 0.870786
vt 0.226190 0.848315
vt 0.226190 0.814607
vt 0.226190 0.837079
vt 0.238095 0.775281
vt 0.226190 0.803371
vt 0.226190 0.780899
vt 0.238095 0.741573
vt 0.226190 0.769663
vt 0.226190 0.747191
vt 0.226190 0.735955
vt 0.226190 0.713483
vt 0.261905 0.679775
vt 0.250000 0.707865
vt 0.250000 0.674157
vt 0.261905 0.713483
vt 0.250000 0.741573
vt 0.261905 0.747191
vt 0.250000 0.775281
vt 0.261905 0.803371
vt 0.250000 0.808989
vt 0.261905 0.814607
vt 0.250000 0.842697
vt 0.261905 0.870786
vt 0.250000 0.876405
vt 0.261905 0.882023
vt 0.250000 0.910112
vt 0.261905 0.915730
vt 0.250000 0.943820
vt 0.261905 0.544944
vt 0.250000 0.573034
vt 0.250000 0.539326
vt 0.261905 0.578652
vt 0.250000 0.606742
vt 0.261905 0.612360
vt 0.250000 0.640449
vt 0.261905 0.668539
vt 0.333333 0.679775
vt 0.345238 0.707865
vt 0.333333 0.702247
vt 0.345238 0.640449
vt 0.333333 0.668539
vt 0.333333 0.646067
vt 0.333333 0.612360
vt 0.333333 0.634831
vt 0.333333 0.578652
vt 0.345238 0.606742
vt 0.333333 0.601124
vt 0.333333 0.544944
vt 0.345238 0.573034
vt 0.333333 0.567416
vt 0.333333 0.915730
vt 0.345238 0.943820
vt 0.333333 0.938202
vt 0.333333 0.882023
vt 0.345238 0.910112
vt 0.333333 0.904494
vt 0.345238 0.842697
vt 0.333333 0.870786
vt 0.333333 0.848315
vt 0.333333 0.814607
vt 0.333333 0.837079
vt 0.345238 0.775281
vt 0.333333 0.803371
vt 0.333333 0.780899
vt 0.345238 0.741573
vt 0.333333 0.769663
vt 0.333333 0.747191
vt 0.333333 0.735955
vt 0.333333 0.713483
vt 0.369048 0.679775
vt 0.357143 0.707865
vt 0.357143 0.674157
vt 0.369048 0.713483
vt 0.357143 0.741573
vt 0.369048 0.747191
vt 0.357143 0.775281
vt 0.369048 0.803371
vt 0.357143 0.808989
vt 0.369048 0.814607
vt 0.357143 0.842697
vt 0.369048 0.870786
vt 0.357143 0.876405
vt 0.369048 0.882023
vt 0.357143 0.910112
vt 0.369048 0.915730
vt 0.357143 0.943820
vt 0.369048 0.544944
vt 0.357143 0.573034
vt 0.357143 0.539326
vt 0.369048 0.578652
vt 0.357143 0.606742
vt 0.369048 0.612360
vt 0.357143 0.640449
vt 0.369048 0.668539
vt 0.154774 0.623152
vt 0.154774 0.545387
vt 0.190452 0.584270
vt 0.178559 0.635275
vt 0.190452 0.674157
vt 0.154774 0.713040
vt 0.041667 0.921348
vt 0.113095 0.853933
vt 0.113095 0.921348
vt 0.119048 0.921348
vt 0.190476 0.853933
vt 0.190476 0.921348
vt 0.119048 0.853933
vt 0.035714 0.921348
vt 0.041667 0.853933
vt 0.041667 0.921348
vt 0.113095 0.853933
vt 0.113095 0.921348
vt 0.119048 0.921348
vt 0.190476 0.853933
vt 0.190476 0.921348
vt 0.119048 0.853933
vt 0.035714 0.921348
vt 0.041667 0.853933
vt 0.041667 0.921348
vt 0.113095 0.853933
vt 0.113095 0.921348
vt 0.119048 0.921348
vt 0.190476 0.853933
vt 0.190476 0.921348
vt 0.119048 0.853933
vt 0.035714 0.921348
vt 0.041667 0.853933
vt 0.041667 0.921348
vt 0.113095 0.853933
vt 0.113095 0.921348
vt 0.119048 0.921348
vt 0.190476 0.853933
vt 0.190476 0.921348
vt 0.119048 0.853933
vt 0.035714 0.921348
vt 0.041667 0.853933
vt 0.428571 0.471910
vt 0.440476 0.460674
vt 0.440476 0.471910
vt 0.428571 0.483146
vt 0.440476 0.483146
vt 0.428571 0.460674
vt 0.440476 0.449438
vt 0.428571 0.494382
vt 0.440476 0.494382
vt 0.428571 0.471910
vt 0.440476 0.460674
vt 0.440476 0.471910
vt 0.428571 0.483146
vt 0.440476 0.483146
vt 0.428571 0.460674
vt 0.440476 0.449438
vt 0.428571 0.494382
vt 0.440476 0.494382
vt 0.428571 0.471910
vt 0.440476 0.460674
vt 0.440476 0.471910
vt 0.428571 0.483146
vt 0.440476 0.483146
vt 0.428571 0.460674
vt 0.440476 0.449438
vt 0.428571 0.494382
vt 0.440476 0.494382
vt 0.428571 0.471910
vt 0.440476 0.460674
vt 0.440476 0.471910
vt 0.428571 0.483146
vt 0.440476 0.483146
vt 0.428571 0.460674
vt 0.440476 0.449438
vt 0.428571 0.494382
vt 0.440476 0.494382
vt 0.428571 0.471910
vt 0.440476 0.460674
vt 0.440476 0.471910
vt 0.428571 0.483146
vt 0.440476 0.483146
vt 0.428571 0.460674
vt 0.440476 0.449438
vt 0.428571 0.494382
vt 0.440476 0.494382
vt 0.428571 0.471910
vt 0.440476 0.460674
vt 0.440476 0.471910
vt 0.428571 0.483146
vt 0.440476 0.483146
vt 0.428571 0.460674
vt 0.440476 0.449438
vt 0.428571 0.494382
vt 0.440476 0.494382
vt 0.428571 0.471910
vt 0.440476 0.460674
vt 0.440476 0.471910
vt 0.428571 0.483146
vt 0.440476 0.483146
vt 0.428571 0.460674
vt 0.440476 0.449438
vt 0.428571 0.494382
vt 0.440476 0.494382
vt 0.428571 0.471910
vt 0.440476 0.460674
vt 0.440476 0.471910
vt 0.428571 0.483146
vt 0.440476 0.483146
vt 0.428571 0.460674
vt 0.440476 0.449438
vt 0.428571 0.494382
vt 0.440476 0.494382
vt 0.428571 0.471910
vt 0.440476 0.460674
vt 0.440476 0.471910
vt 0.428571 0.483146
vt 0.440476 0.483146
vt 0.428571 0.460674
vt 0.440476 0.449438
vt 0.428571 0.494382
vt 0.440476 0.494382
vt 0.428571 0.471910
vt 0.440476 0.460674
vt 0.440476 0.471910
vt 0.428571 0.483146
vt 0.440476 0.483146
vt 0.428571 0.460674
vt 0.440476 0.449438
vt 0.428571 0.494382
vt 0.440476 0.494382
vt 0.428571 0.471910
vt 0.440476 0.460674
vt 0.440476 0.471910
vt 0.428571 0.483146
vt 0.440476 0.483146
vt 0.428571 0.460674
vt 0.440476 0.449438
vt 0.428571 0.494382
vt 0.440476 0.494382
vt 0.428571 0.471910
vt 0.440476 0.460674
vt 0.440476 0.471910
vt 0.428571 0.483146
vt 0.440476 0.483146
vt 0.428571 0.460674
vt 0.440476 0.449438
vt 0.428571 0.494382
vt 0.440476 0.494382
vt 0.511905 0.471910
vt 0.523810 0.460674
vt 0.523810 0.471910
vt 0.511905 0.483146
vt 0.523810 0.483146
vt 0.511905 0.460674
vt 0.523810 0.449438
vt 0.511905 0.494382
vt 0.523810 0.494382
vt 0.511905 0.471910
vt 0.523810 0.460674
vt 0.523810 0.471910
vt 0.511905 0.483146
vt 0.523810 0.483146
vt 0.511905 0.460674
vt 0.523810 0.449438
vt 0.511905 0.494382
vt 0.523810 0.494382
vt 0.511905 0.471910
vt 0.523810 0.460674
vt 0.523810 0.471910
vt 0.511905 0.483146
vt 0.523810 0.483146
vt 0.511905 0.460674
vt 0.523810 0.449438
vt 0.511905 0.494382
vt 0.523810 0.494382
vt 0.511905 0.471910
vt 0.523810 0.460674
vt 0.523810 0.471910
vt 0.511905 0.483146
vt 0.523810 0.483146
vt 0.511905 0.460674
vt 0.523810 0.449438
vt 0.511905 0.494382
vt 0.523810 0.494382
vt 0.511905 0.471910
vt 0.523810 0.460674
vt 0.523810 0.471910
vt 0.511905 0.483146
vt 0.523810 0.483146
vt 0.511905 0.460674
vt 0.523810 0.449438
vt 0.511905 0.494382
vt 0.523810 0.494382
vt 0.511905 0.471910
vt 0.523810 0.460674
vt 0.523810 0.471910
vt 0.511905 0.483146
vt 0.523810 0.483146
vt 0.511905 0.460674
vt 0.523810 0.449438
vt 0.511905 0.494382
vt 0.523810 0.494382
vt 0.511905 0.471910
vt 0.523810 0.460674
vt 0.523810 0.471910
vt 0.511905 0.483146
vt 0.523810 0.483146
vt 0.511905 0.460674
vt 0.523810 0.449438
vt 0.511905 0.494382
vt 0.523810 0.494382
vt 0.511905 0.471910
vt 0.523810 0.460674
vt 0.523810 0.471910
vt 0.511905 0.483146
vt 0.523810 0.483146
vt 0.511905 0.460674
vt 0.523810 0.449438
vt 0.511905 0.494382
vt 0.523810 0.494382
vt 0.511905 0.471910
vt 0.523810 0.460674
vt 0.523810 0.471910
vt 0.511905 0.483146
vt 0.523810 0.483146
vt 0.511905 0.460674
vt 0.523810 0.449438
vt 0.511905 0.494382
vt 0.523810 0.494382
vt 0.511905 0.471910
vt 0.523810 0.460674
vt 0.523810 0.471910
vt 0.511905 0.483146
vt 0.523810 0.483146
vt 0.511905 0.460674
vt 0.523810 0.449438
vt 0.511905 0.494382
vt 0.523810 0.494382
vt 0.511905 0.471910
vt 0.523810 0.460674
vt 0.523810 0.471910
vt 0.511905 0.483146
vt 0.523810 0.483146
vt 0.511905 0.460674
vt 0.523810 0.449438
vt 0.511905 0.494382
vt 0.523810 0.494382
vt 0.511905 0.471910
vt 0.523810 0.460674
vt 0.523810 0.471910
vt 0.511905 0.483146
vt 0.523810 0.483146
vt 0.511905 0.460674
vt 0.523810 0.449438
vt 0.511905 0.494382
vt 0.523810 0.494382
vt 0.440476 0.460674
vt 0.511905 0.449438
vt 0.511905 0.460674
vt 0.440476 0.471910
vt 0.511905 0.460674
vt 0.511905 0.471910
vt 0.440476 0.483146
vt 0.511905 0.471910
vt 0.511905 0.483146
vt 0.440476 0.494382
vt 0.511905 0.483146
vt 0.511905 0.494382
vt 0.440476 0.460674
vt 0.511905 0.449438
vt 0.440476 0.471910
vt 0.511905 0.460674
vt 0.511905 0.471910
vt 0.440476 0.483146
vt 0.511905 0.471910
vt 0.440476 0.494382
vt 0.511905 0.483146
vt 0.511905 0.494382
vt 0.440476 0.460674
vt 0.511905 0.449438
vt 0.440476 0.471910
vt 0.511905 0.460674
vt 0.511905 0.471910
vt 0.440476 0.483146
vt 0.440476 0.494382
vt 0.511905 0.483146
vt 0.511905 0.494382
vt 0.440476 0.460674
vt 0.511905 0.449438
vt 0.440476 0.471910
vt 0.511905 0.460674
vt 0.511905 0.471910
vt 0.440476 0.483146
vt 0.440476 0.494382
vt 0.511905 0.483146
vt 0.511905 0.494382
vt 0.440476 0.460674
vt 0.511905 0.449438
vt 0.440476 0.471910
vt 0.511905 0.460674
vt 0.511905 0.471910
vt 0.440476 0.471910
vt 0.511905 0.460674
vt 0.511905 0.471910
vt 0.440476 0.483146
vt 0.440476 0.494382
vt 0.511905 0.483146
vt 0.511905 0.494382
vt 0.440476 0.460674
vt 0.511905 0.449438
vt 0.440476 0.460674
vt 0.511905 0.449438
vt 0.440476 0.471910
vt 0.511905 0.460674
vt 0.511905 0.471910
vt 0.440476 0.483146
vt 0.440476 0.494382
vt 0.511905 0.483146
vt 0.511905 0.494382
vt 0.440476 0.494382
vt 0.511905 0.483146
vt 0.511905 0.494382
vt 0.440476 0.460674
vt 0.511905 0.449438
vt 0.440476 0.471910
vt 0.511905 0.460674
vt 0.511905 0.471910
vt 0.440476 0.483146
vt 0.440476 0.483146
vt 0.440476 0.494382
vt 0.511905 0.483146
vt 0.511905 0.494382
vt 0.440476 0.460674
vt 0.511905 0.449438
vt 0.440476 0.471910
vt 0.511905 0.460674
vt 0.511905 0.471910
vt 0.440476 0.471910
vt 0.511905 0.460674
vt 0.511905 0.471910
vt 0.440476 0.483146
vt 0.440476 0.494382
vt 0.511905 0.483146
vt 0.511905 0.494382
vt 0.440476 0.460674
vt 0.511905 0.449438
vt 0.440476 0.460674
vt 0.511905 0.449438
vt 0.440476 0.471910
vt 0.511905 0.460674
vt 0.440476 0.483146
vt 0.440476 0.494382
vt 0.511905 0.483146
vt 0.511905 0.494382
vt 0.440476 0.494382
vt 0.511905 0.483146
vt 0.511905 0.494382
vt 0.440476 0.460674
vt 0.511905 0.449438
vt 0.440476 0.471910
vt 0.440476 0.483146
vt 0.440476 0.483146
vt 0.440476 0.494382
vt 0.511905 0.494382
vt 0.523810 0.011236
vt 0.535714 0.460674
vt 0.523810 0.460674
vt 0.541667 0.460674
vt 0.553571 0.011236
vt 0.553571 0.460674
vt 0.559524 0.460674
vt 0.559524 0.011236
vt 0.553571 -0.000000
vt 0.541667 0.011236
vt 0.541667 -0.000000
vt 0.541667 0.471910
vt 0.553571 0.471910
vt 0.535714 0.011236
vt 0.523810 0.011236
vt 0.535714 0.460674
vt 0.523810 0.460674
vt 0.541667 0.460674
vt 0.553571 0.011236
vt 0.553571 0.460674
vt 0.559524 0.460674
vt 0.559524 0.011236
vt 0.553571 -0.000000
vt 0.541667 0.011236
vt 0.541667 -0.000000
vt 0.541667 0.471910
vt 0.553571 0.471910
vt 0.535714 0.011236
vt 0.523810 0.011236
vt 0.535714 0.460674
vt 0.523810 0.460674
vt 0.541667 0.460674
vt 0.553571 0.011236
vt 0.553571 0.460674
vt 0.559524 0.460674
vt 0.559524 0.011236
vt 0.553571 -0.000000
vt 0.541667 0.011236
vt 0.541667 -0.000000
vt 0.541667 0.471910
vt 0.553571 0.471910
vt 0.535714 0.011236
vt 0.523810 0.011236
vt 0.535714 0.460674
vt 0.523810 0.460674
vt 0.541667 0.460674
vt 0.553571 0.011236
vt 0.553571 0.460674
vt 0.559524 0.460674
vt 0.559524 0.011236
vt 0.553571 -0.000000
vt 0.541667 0.011236
vt 0.541667 -0.000000
vt 0.541667 0.471910
vt 0.553571 0.471910
vt 0.535714 0.011236
vt 0.157738 0.320225
vt 0.175595 0.353933
vt 0.157738 0.353933
vt 0.160714 0.303371
vt 0.172619 0.292135
vt 0.172619 0.303371
vt 0.175595 0.320225
vt 0.181548 0.353933
vt 0.151786 0.320225
vt 0.175595 0.308989
vt 0.157738 0.365169
vt 0.160714 0.370787
vt 0.175595 0.365169
vt 0.172619 0.370787
vt 0.148810 0.325843
vt 0.151786 0.353933
vt 0.148810 0.348315
vt 0.157738 0.308989
vt 0.184524 0.348315
vt 0.181548 0.320225
vt 0.184524 0.325843
vt 0.160714 0.382022
vt 0.190476 0.348315
vt 0.142857 0.325843
vt 0.157738 0.320225
vt 0.175595 0.353933
vt 0.157738 0.353933
vt 0.160714 0.303371
vt 0.172619 0.292135
vt 0.172619 0.303371
vt 0.175595 0.320225
vt 0.181548 0.353933
vt 0.151786 0.320225
vt 0.175595 0.308989
vt 0.157738 0.365169
vt 0.160714 0.370787
vt 0.175595 0.365169
vt 0.172619 0.370787
vt 0.148810 0.325843
vt 0.151786 0.353933
vt 0.148810 0.348315
vt 0.157738 0.308989
vt 0.184524 0.348315
vt 0.181548 0.320225
vt 0.184524 0.325843
vt 0.160714 0.382022
vt 0.190476 0.348315
vt 0.142857 0.325843
vt 0.157738 0.320225
vt 0.175595 0.353933
vt 0.157738 0.353933
vt 0.160714 0.303371
vt 0.172619 0.292135
vt 0.172619 0.303371
vt 0.175595 0.320225
vt 0.181548 0.353933
vt 0.151786 0.320225
vt 0.175595 0.308989
vt 0.157738 0.365169
vt 0.160714 0.370787
vt 0.175595 0.365169
vt 0.172619 0.370787
vt 0.148810 0.325843
vt 0.151786 0.353933
vt 0.148810 0.348315
vt 0.157738 0.308989
vt 0.184524 0.348315
vt 0.181548 0.320225
vt 0.184524 0.325843
vt 0.160714 0.382022
vt 0.190476 0.348315
vt 0.142857 0.325843
vt 0.157738 0.320225
vt 0.175595 0.353933
vt 0.157738 0.353933
vt 0.160714 0.303371
vt 0.172619 0.292135
vt 0.172619 0.303371
vt 0.175595 0.320225
vt 0.181548 0.353933
vt 0.151786 0.320225
vt 0.175595 0.308989
vt 0.157738 0.365169
vt 0.160714 0.370787
vt 0.175595 0.365169
vt 0.172619 0.370787
vt 0.148810 0.325843
vt 0.151786 0.353933
vt 0.148810 0.348315
vt 0.157738 0.308989
vt 0.184524 0.348315
vt 0.181548 0.320225
vt 0.184524 0.325843
vt 0.160714 0.382022
vt 0.190476 0.348315
vt 0.142857 0.325843
vt 0.157738 0.320225
vt 0.175595 0.353933
vt 0.157738 0.353933
vt 0.160714 0.303371
vt 0.172619 0.292135
vt 0.172619 0.303371
vt 0.175595 0.320225
vt 0.181548 0.353933
vt 0.151786 0.320225
vt 0.175595 0.308989
vt 0.175595 0.365169
vt 0.157738 0.365169
vt 0.160714 0.370787
vt 0.172619 0.370787
vt 0.148810 0.325843
vt 0.151786 0.353933
vt 0.148810 0.348315
vt 0.157738 0.308989
vt 0.184524 0.348315
vt 0.181548 0.320225
vt 0.184524 0.325843
vt 0.160714 0.382022
vt 0.190476 0.348315
vt 0.142857 0.325843
vt 0.157738 0.320225
vt 0.175595 0.353933
vt 0.157738 0.353933
vt 0.160714 0.303371
vt 0.172619 0.292135
vt 0.172619 0.303371
vt 0.175595 0.320225
vt 0.181548 0.353933
vt 0.151786 0.320225
vt 0.175595 0.308989
vt 0.157738 0.365169
vt 0.160714 0.370787
vt 0.175595 0.365169
vt 0.172619 0.370787
vt 0.148810 0.325843
vt 0.151786 0.353933
vt 0.148810 0.348315
vt 0.157738 0.308989
vt 0.184524 0.348315
vt 0.181548 0.320225
vt 0.184524 0.325843
vt 0.160714 0.382022
vt 0.190476 0.348315
vt 0.142857 0.325843
vt 0.157738 0.320225
vt 0.175595 0.353933
vt 0.157738 0.353933
vt 0.160714 0.303371
vt 0.172619 0.292135
vt 0.172619 0.303371
vt 0.175595 0.320225
vt 0.181548 0.353933
vt 0.151786 0.320225
vt 0.175595 0.308989
vt 0.157738 0.365169
vt 0.160714 0.370787
vt 0.175595 0.365169
vt 0.172619 0.370787
vt 0.148810 0.325843
vt 0.151786 0.353933
vt 0.148810 0.348315
vt 0.157738 0.308989
vt 0.184524 0.348315
vt 0.181548 0.320225
vt 0.184524 0.325843
vt 0.160714 0.382022
vt 0.190476 0.348315
vt 0.142857 0.325843
vt 0.157738 0.320225
vt 0.175595 0.353933
vt 0.157738 0.353933
vt 0.160714 0.303371
vt 0.172619 0.292135
vt 0.172619 0.303371
vt 0.175595 0.320225
vt 0.181548 0.353933
vt 0.151786 0.320225
vt 0.175595 0.308989
vt 0.157738 0.365169
vt 0.160714 0.370787
vt 0.175595 0.365169
vt 0.172619 0.370787
vt 0.148810 0.325843
vt 0.151786 0.353933
vt 0.148810 0.348315
vt 0.157738 0.308989
vt 0.184524 0.348315
vt 0.181548 0.320225
vt 0.184524 0.325843
vt 0.160714 0.382022
vt 0.190476 0.348315
vt 0.142857 0.325843
vt 0.157738 0.320225
vt 0.175595 0.353933
vt 0.157738 0.353933
vt 0.160714 0.303371
vt 0.172619 0.292135
vt 0.172619 0.303371
vt 0.175595 0.320225
vt 0.181548 0.353933
vt 0.151786 0.320225
vt 0.175595 0.308989
vt 0.157738 0.365169
vt 0.160714 0.370787
vt 0.175595 0.365169
vt 0.172619 0.370787
vt 0.148810 0.325843
vt 0.151786 0.353933
vt 0.148810 0.348315
vt 0.157738 0.308989
vt 0.184524 0.348315
vt 0.181548 0.320225
vt 0.184524 0.325843
vt 0.160714 0.382022
vt 0.190476 0.348315
vt 0.142857 0.325843
vt 0.157738 0.320225
vt 0.175595 0.353933
vt 0.157738 0.353933
vt 0.160714 0.303371
vt 0.172619 0.292135
vt 0.172619 0.303371
vt 0.175595 0.320225
vt 0.181548 0.353933
vt 0.151786 0.320225
vt 0.175595 0.308989
vt 0.157738 0.365169
vt 0.160714 0.370787
vt 0.175595 0.365169
vt 0.172619 0.370787
vt 0.148810 0.325843
vt 0.151786 0.353933
vt 0.148810 0.348315
vt 0.157738 0.308989
vt 0.184524 0.348315
vt 0.181548 0.320225
vt 0.184524 0.325843
vt 0.160714 0.382022
vt 0.190476 0.348315
vt 0.142857 0.325843
vt 0.157738 0.320225
vt 0.175595 0.353933
vt 0.157738 0.353933
vt 0.160714 0.303371
vt 0.172619 0.292135
vt 0.172619 0.303371
vt 0.175595 0.320225
vt 0.181548 0.353933
vt 0.151786 0.320225
vt 0.175595 0.308989
vt 0.157738 0.365169
vt 0.160714 0.370787
vt 0.175595 0.365169
vt 0.172619 0.370787
vt 0.148810 0.325843
vt 0.151786 0.353933
vt 0.148810 0.348315
vt 0.157738 0.308989
vt 0.184524 0.348315
vt 0.181548 0.320225
vt 0.184524 0.325843
vt 0.160714 0.382022
vt 0.190476 0.348315
vt 0.142857 0.325843
vt 0.157738 0.320225
vt 0.175595 0.353933
vt 0.157738 0.353933
vt 0.160714 0.303371
vt 0.172619 0.292135
vt 0.172619 0.303371
vt 0.175595 0.320225
vt 0.181548 0.353933
vt 0.151786 0.320225
vt 0.175595 0.308989
vt 0.157738 0.365169
vt 0.160714 0.370787
vt 0.175595 0.365169
vt 0.172619 0.370787
vt 0.148810 0.325843
vt 0.151786 0.353933
vt 0.148810 0.348315
vt 0.157738 0.308989
vt 0.184524 0.348315
vt 0.181548 0.320225
vt 0.184524 0.325843
vt 0.160714 0.382022
vt 0.190476 0.348315
vt 0.142857 0.325843
vt 0.157738 0.320225
vt 0.175595 0.353933
vt 0.157738 0.353933
vt 0.160714 0.303371
vt 0.172619 0.292135
vt 0.172619 0.303371
vt 0.175595 0.320225
vt 0.181548 0.353933
vt 0.151786 0.320225
vt 0.175595 0.308989
vt 0.157738 0.365169
vt 0.160714 0.370787
vt 0.175595 0.365169
vt 0.172619 0.370787
vt 0.148810 0.325843
vt 0.151786 0.353933
vt 0.148810 0.348315
vt 0.157738 0.308989
vt 0.184524 0.348315
vt 0.181548 0.320225
vt 0.184524 0.325843
vt 0.160714 0.382022
vt 0.190476 0.348315
vt 0.142857 0.325843
vt 0.157738 0.320225
vt 0.175595 0.353933
vt 0.157738 0.353933
vt 0.160714 0.303371
vt 0.172619 0.292135
vt 0.172619 0.303371
vt 0.175595 0.320225
vt 0.181548 0.353933
vt 0.151786 0.320225
vt 0.175595 0.308989
vt 0.157738 0.365169
vt 0.160714 0.370787
vt 0.175595 0.365169
vt 0.172619 0.370787
vt 0.148810 0.325843
vt 0.151786 0.353933
vt 0.148810 0.348315
vt 0.157738 0.308989
vt 0.184524 0.348315
vt 0.181548 0.320225
vt 0.184524 0.325843
vt 0.160714 0.382022
vt 0.190476 0.348315
vt 0.142857 0.325843
vt 0.157738 0.320225
vt 0.175595 0.353933
vt 0.157738 0.353933
vt 0.160714 0.303371
vt 0.172619 0.292135
vt 0.172619 0.303371
vt 0.175595 0.320225
vt 0.181548 0.353933
vt 0.151786 0.320225
vt 0.175595 0.308989
vt 0.157738 0.365169
vt 0.160714 0.370787
vt 0.175595 0.365169
vt 0.172619 0.370787
vt 0.148810 0.325843
vt 0.151786 0.353933
vt 0.148810 0.348315
vt 0.157738 0.308989
vt 0.184524 0.348315
vt 0.181548 0.320225
vt 0.184524 0.325843
vt 0.160714 0.382022
vt 0.190476 0.348315
vt 0.142857 0.325843
vt 0.157738 0.320225
vt 0.175595 0.353933
vt 0.157738 0.353933
vt 0.160714 0.303371
vt 0.172619 0.292135
vt 0.172619 0.303371
vt 0.175595 0.320225
vt 0.181548 0.353933
vt 0.151786 0.320225
vt 0.175595 0.308989
vt 0.157738 0.365169
vt 0.160714 0.370787
vt 0.175595 0.365169
vt 0.172619 0.370787
vt 0.148810 0.325843
vt 0.151786 0.353933
vt 0.148810 0.348315
vt 0.157738 0.308989
vt 0.184524 0.348315
vt 0.181548 0.320225
vt 0.184524 0.325843
vt 0.160714 0.382022
vt 0.190476 0.348315
vt 0.142857 0.325843
vt 0.157738 0.320225
vt 0.175595 0.353933
vt 0.157738 0.353933
vt 0.160714 0.303371
vt 0.172619 0.292135
vt 0.172619 0.303371
vt 0.175595 0.320225
vt 0.181548 0.353933
vt 0.151786 0.320225
vt 0.175595 0.308989
vt 0.157738 0.365169
vt 0.160714 0.370787
vt 0.175595 0.365169
vt 0.172619 0.370787
vt 0.148810 0.325843
vt 0.151786 0.353933
vt 0.148810 0.348315
vt 0.157738 0.308989
vt 0.184524 0.348315
vt 0.181548 0.320225
vt 0.184524 0.325843
vt 0.160714 0.382022
vt 0.190476 0.348315
vt 0.142857 0.325843
vt 0.157738 0.320225
vt 0.175595 0.353933
vt 0.157738 0.353933
vt 0.160714 0.303371
vt 0.172619 0.292135
vt 0.172619 0.303371
vt 0.175595 0.320225
vt 0.181548 0.353933
vt 0.151786 0.320225
vt 0.175595 0.308989
vt 0.175595 0.365169
vt 0.157738 0.365169
vt 0.160714 0.370787
vt 0.172619 0.370787
vt 0.148810 0.325843
vt 0.151786 0.353933
vt 0.148810 0.348315
vt 0.157738 0.308989
vt 0.184524 0.348315
vt 0.181548 0.320225
vt 0.184524 0.325843
vt 0.172619 0.382022
vt 0.160714 0.382022
vt 0.190476 0.348315
vt 0.142857 0.325843
vt 0.157738 0.320225
vt 0.175595 0.353933
vt 0.157738 0.353933
vt 0.160714 0.303371
vt 0.172619 0.292135
vt 0.172619 0.303371
vt 0.175595 0.320225
vt 0.181548 0.353933
vt 0.151786 0.320225
vt 0.175595 0.308989
vt 0.157738 0.365169
vt 0.160714 0.370787
vt 0.175595 0.365169
vt 0.172619 0.370787
vt 0.148810 0.325843
vt 0.151786 0.353933
vt 0.148810 0.348315
vt 0.157738 0.308989
vt 0.184524 0.348315
vt 0.181548 0.320225
vt 0.184524 0.325843
vt 0.160714 0.382022
vt 0.190476 0.348315
vt 0.142857 0.325843
vt 0.095238 0.955056
vt 0.059524 1.000000
vt 0.059524 0.955056
vt 0.035714 0.955056
vt 0.000000 1.000000
vt 0.000000 0.955056
vt 0.035714 1.000000
vt 0.119048 0.955056
vt 0.095238 1.000000
vt 0.422619 0.949451
vt 0.428565 0.960674
vt 0.422619 0.971897
vt 0.410715 0.971897
vt 0.404769 0.960674
vt 0.410715 0.949451
vt 0.422619 0.949451
vt 0.428565 0.960674
vt 0.422619 0.971897
vt 0.404769 0.960674
vt 0.410715 0.949451
vt 0.416660 0.960674
vt 0.059524 1.000000
vt 0.095238 0.955056
vt 0.059524 0.955056
vt 0.000000 1.000000
vt 0.035714 0.955056
vt 0.000000 0.955056
vt 0.035714 1.000000
vt 0.095238 1.000000
vt 0.119048 0.955056
vt 0.059524 1.000000
vt 0.095238 0.955056
vt 0.059524 0.955056
vt 0.000000 1.000000
vt 0.035714 0.955056
vt 0.000000 0.955056
vt 0.035714 1.000000
vt 0.095238 1.000000
vt 0.119048 0.955056
vt 0.154762 0.247191
vt 0.154762 0.314607
vt 0.190476 0.292135
vt 0.154762 0.247191
vt 0.154762 0.314607
vt 0.190476 0.292135
vt 0.154762 0.247191
vt 0.154762 0.314607
vt 0.190476 0.292135
vt 0.154762 0.247191
vt 0.154762 0.314607
vt 0.190476 0.292135
vt 0.523810 0.494382
vt 0.309524 0.539326
vt 0.523810 0.494382
vt 0.309524 0.539326
vt 0.523810 0.494382
vt 0.309524 0.539326
vt 0.523810 0.494382
vt 0.309524 0.539326
vt 0.309524 0.539326
vt -0.000000 0.044944
vt 0.142857 0.359551
vt 0.190476 0.955056
vt 0.428571 0.000000
vt 0.840408 0.573083
vt 0.827355 0.665039
vt 0.845186 0.606742
vt 0.840408 0.640400
vt 0.809524 0.674058
vt 0.791693 0.665039
vt 0.778640 0.640400
vt 0.778640 0.573083
vt 0.809524 0.539425
vt 0.840408 0.775231
vt 0.827355 0.799871
vt 0.809524 0.808889
vt 0.791693 0.799871
vt 0.778640 0.775231
vt 0.773862 0.741573
vt 0.778640 0.707915
vt 0.809524 0.674256
vt 0.840408 0.707915
vt 0.911837 0.573083
vt 0.898783 0.665039
vt 0.916614 0.606742
vt 0.911837 0.640400
vt 0.880953 0.674058
vt 0.863122 0.665039
vt 0.850069 0.640400
vt 0.850069 0.573083
vt 0.880953 0.539425
vt 0.911836 0.775231
vt 0.898783 0.799871
vt 0.880953 0.808889
vt 0.863122 0.799871
vt 0.850069 0.775231
vt 0.845291 0.741573
vt 0.850069 0.707915
vt 0.880953 0.674256
vt 0.911836 0.707915
vt 0.768979 0.573083
vt 0.755926 0.665039
vt 0.773757 0.606742
vt 0.768979 0.640400
vt 0.738095 0.674058
vt 0.720265 0.665039
vt 0.707211 0.640400
vt 0.707211 0.573083
vt 0.738096 0.539425
vt 0.768979 0.775231
vt 0.755926 0.799871
vt 0.738095 0.808889
vt 0.707211 0.775231
vt 0.702434 0.741573
vt 0.707211 0.707915
vt 0.738095 0.674256
vt 0.755926 0.683275
vt 0.768979 0.707915
vt 0.983265 0.573083
vt 0.970212 0.665039
vt 0.988043 0.606742
vt 0.983265 0.640400
vt 0.952381 0.674058
vt 0.934550 0.665039
vt 0.921497 0.640400
vt 0.921497 0.573083
vt 0.952381 0.539425
vt 0.983265 0.775231
vt 0.970212 0.799871
vt 0.952381 0.808889
vt 0.921497 0.775231
vt 0.916719 0.741573
vt 0.921497 0.707915
vt 0.952381 0.674256
vt 0.970212 0.683275
vt 0.983265 0.707915
vt 0.151786 0.983146
vt 0.187500 0.983146
vt 0.223214 0.983146
vt 0.258929 0.983146
vt 0.418415 0.968610
vt 0.416674 0.960674
vt 0.418415 0.952738
vt 0.426823 0.952738
vt 0.426823 0.968610
vt 0.416660 0.960674
vt 0.414919 0.968610
vt 0.406511 0.968610
vt 0.406511 0.952738
vt 0.414919 0.952738
vt 0.119048 1.000000
vt 0.261905 0.926966
vt 0.261905 0.921348
vt 0.261905 0.915730
vt 0.261905 0.910112
vt 0.160714 0.292135
vt 0.172619 0.382022
vt 0.190476 0.325843
vt 0.142857 0.348315
vt 0.000000 0.955056
vt 0.035714 0.786517
vt 0.035714 0.382022
vt 0.238095 0.674157
vt 0.238095 0.539326
vt 0.238095 0.876405
vt 0.238095 0.808989
vt 0.261905 0.702247
vt 0.261905 0.735955
vt 0.261905 0.769663
vt 0.261905 0.780899
vt 0.261905 0.837079
vt 0.261905 0.848315
vt 0.261905 0.904494
vt 0.261905 0.938202
vt 0.261905 0.567416
vt 0.261905 0.601124
vt 0.261905 0.634831
vt 0.261905 0.646067
vt 0.345238 0.674157
vt 0.345238 0.539326
vt 0.345238 0.876405
vt 0.345238 0.808989
vt 0.369048 0.702247
vt 0.369048 0.735955
vt 0.369048 0.769663
vt 0.369048 0.780899
vt 0.369048 0.837079
vt 0.369048 0.848315
vt 0.369048 0.904494
vt 0.369048 0.938202
vt 0.369048 0.567416
vt 0.369048 0.601124
vt 0.369048 0.634831
vt 0.369048 0.646067
vt 0.187265 0.606718
vt 0.178559 0.623152
vt 0.166667 0.629167
vt 0.146068 0.606719
vt 0.142882 0.584270
vt 0.146068 0.561821
vt 0.166667 0.539372
vt 0.178559 0.545387
vt 0.187265 0.561821
vt 0.146068 0.696606
vt 0.142882 0.674157
vt 0.146068 0.651709
vt 0.154774 0.635275
vt 0.166667 0.629260
vt 0.187265 0.651709
vt 0.187265 0.696606
vt 0.178559 0.713040
vt 0.166667 0.719055
vt 0.035714 0.853933
vt 0.035714 0.853933
vt 0.035714 0.853933
vt 0.035714 0.853933
vt 0.428571 0.449438
vt 0.428571 0.449438
vt 0.428571 0.449438
vt 0.428571 0.449438
vt 0.428571 0.449438
vt 0.428571 0.449438
vt 0.428571 0.449438
vt 0.428571 0.449438
vt 0.428571 0.449438
vt 0.428571 0.449438
vt 0.428571 0.449438
vt 0.428571 0.449438
vt 0.511905 0.449438
vt 0.511905 0.449438
vt 0.511905 0.449438
vt 0.511905 0.449438
vt 0.511905 0.449438
vt 0.511905 0.449438
vt 0.511905 0.449438
vt 0.511905 0.449438
vt 0.511905 0.449438
vt 0.511905 0.449438
vt 0.511905 0.449438
vt 0.511905 0.449438
vt 0.440476 0.449438
vt 0.440476 0.449438
vt 0.440476 0.449438
vt 0.440476 0.449438
vt 0.440476 0.449438
vt 0.440476 0.449438
vt 0.440476 0.449438
vt 0.440476 0.449438
vt 0.440476 0.449438
vt 0.440476 0.449438
vt 0.440476 0.449438
vt 0.440476 0.449438
vt 0.160714 0.292135
vt 0.172619 0.382022
vt 0.190476 0.325843
vt 0.142857 0.348315
vt 0.160714 0.292135
vt 0.172619 0.382022
vt 0.190476 0.325843
vt 0.142857 0.348315
vt 0.160714 0.292135
vt 0.172619 0.382022
vt 0.190476 0.325843
vt 0.142857 0.348315
vt 0.160714 0.292135
vt 0.172619 0.382022
vt 0.190476 0.325843
vt 0.142857 0.348315
vt 0.160714 0.292135
vt 0.172619 0.382022
vt 0.190476 0.325843
vt 0.142857 0.348315
vt 0.160714 0.292135
vt 0.172619 0.382022
vt 0.190476 0.325843
vt 0.142857 0.348315
vt 0.160714 0.292135
vt 0.172619 0.382022
vt 0.190476 0.325843
vt 0.142857 0.348315
vt 0.160714 0.292135
vt 0.172619 0.382022
vt 0.190476 0.325843
vt 0.142857 0.348315
vt 0.160714 0.292135
vt 0.172619 0.382022
vt 0.190476 0.325843
vt 0.142857 0.348315
vt 0.160714 0.292135
vt 0.172619 0.382022
vt 0.190476 0.325843
vt 0.142857 0.348315
vt 0.160714 0.292135
vt 0.172619 0.382022
vt 0.190476 0.325843
vt 0.142857 0.348315
vt 0.160714 0.292135
vt 0.172619 0.382022
vt 0.190476 0.325843
vt 0.142857 0.348315
vt 0.160714 0.292135
vt 0.172619 0.382022
vt 0.190476 0.325843
vt 0.142857 0.348315
vt 0.160714 0.292135
vt 0.172619 0.382022
vt 0.190476 0.325843
vt 0.142857 0.348315
vt 0.160714 0.292135
vt 0.172619 0.382022
vt 0.190476 0.325843
vt 0.142857 0.348315
vt 0.160714 0.292135
vt 0.172619 0.382022
vt 0.190476 0.325843
vt 0.142857 0.348315
vt 0.160714 0.292135
vt 0.172619 0.382022
vt 0.190476 0.325843
vt 0.142857 0.348315
vt 0.160714 0.292135
vt 0.190476 0.325843
vt 0.142857 0.348315
vt 0.160714 0.292135
vt 0.172619 0.382022
vt 0.190476 0.325843
vt 0.142857 0.348315
vt 0.119048 1.000000
vt 0.418415 0.968610
vt 0.416674 0.960674
vt 0.418415 0.952738
vt 0.426823 0.952738
vt 0.426823 0.968610
vt 0.416660 0.960674
vt 0.414919 0.968610
vt 0.406511 0.968610
vt 0.406511 0.952738
vt 0.414919 0.952738
vt 0.418415 0.968610
vt 0.416674 0.960674
vt 0.418415 0.952738
vt 0.426823 0.952738
vt 0.426823 0.968610
vt 0.414919 0.968610
vt 0.410715 0.971897
vt 0.406511 0.968610
vt 0.406511 0.952738
vt 0.414919 0.952738
vt 0.119048 1.000000
vt 0.119048 1.000000
vt 0.577381 0.269663
vt 0.559524 0.539326
vt 0.559524 0.269663
vt 0.702381 0.269663
vt 0.684524 0.539326
vt 0.684524 0.269663
vt 0.738095 0.269663
vt 0.720238 0.539326
vt 0.720238 0.269663
vt 0.648810 0.269663
vt 0.630952 0.539326
vt 0.630952 0.269663
vt 0.595238 0.269663
vt 0.577381 0.539326
vt 0.702381 0.539326
vt 0.755952 0.269663
vt 0.738095 0.539326
vt 0.666667 0.269663
vt 0.648810 0.539326
vt 0.613095 0.269663
vt 0.595238 0.539326
vt 0.773810 0.269663
vt 0.755952 0.539326
vt 0.666667 0.539326
vt 0.613095 0.539326
vt 0.773810 0.269663
vt 0.791667 0.539326
vt 0.773810 0.539326
vt 0.916667 0.269663
vt 0.898810 0.539326
vt 0.898810 0.269663
vt 0.952381 0.269663
vt 0.934524 0.539326
vt 0.934524 0.269663
vt 0.863095 0.269663
vt 0.845238 0.539326
vt 0.845238 0.269663
vt 0.791667 0.269663
vt 0.809524 0.539326
vt 0.916667 0.539326
vt 0.970238 0.269663
vt 0.952381 0.539326
vt 0.880952 0.269663
vt 0.863095 0.539326
vt 0.827381 0.269663
vt 0.809524 0.269663
vt 0.988095 0.269663
vt 0.970238 0.539326
vt 0.880952 0.539326
vt 0.827381 0.539326
vt 0.577381 0.000000
vt 0.559524 0.269663
vt 0.559524 0.000000
vt 0.702381 0.000000
vt 0.684524 0.269663
vt 0.684524 0.000000
vt 0.738095 0.000000
vt 0.720238 0.269663
vt 0.720238 0.000000
vt 0.648810 0.000000
vt 0.630952 0.269663
vt 0.630952 0.000000
vt 0.595238 0.000000
vt 0.577381 0.269663
vt 0.702381 0.269663
vt 0.755952 0.000000
vt 0.738095 0.269663
vt 0.666667 0.000000
vt 0.648810 0.269663
vt 0.613095 0.000000
vt 0.595238 0.269663
vt 0.773810 0.000000
vt 0.755952 0.269663
vt 0.666667 0.269663
vt 0.613095 0.269663
vt 0.791667 0.000000
vt 0.773810 0.269663
vt 0.773810 0.000000
vt 0.916667 0.000000
vt 0.898810 0.269663
vt 0.898810 0.000000
vt 0.952381 0.000000
vt 0.934524 0.269663
vt 0.934524 0.000000
vt 0.863095 0.000000
vt 0.845238 0.269663
vt 0.845238 0.000000
vt 0.809524 0.000000
vt 0.791667 0.269663
vt 0.916667 0.269663
vt 0.970238 0.269663
vt 0.952381 0.269663
vt 0.880952 0.000000
vt 0.863095 0.269663
vt 0.827381 0.000000
vt 0.809524 0.269663
vt 0.988095 0.000000
vt 0.970238 0.000000
vt 0.880952 0.269663
vt 0.827381 0.269663
vt 0.785714 0.887640
vt 0.797619 0.898876
vt 0.785714 0.898876
vt 0.785714 0.820225
vt 0.797619 0.831461
vt 0.785714 0.831461
vt 0.785714 0.842697
vt 0.797619 0.853933
vt 0.785714 0.853933
vt 0.785714 0.865169
vt 0.797619 0.876405
vt 0.785714 0.876405
vt 0.797619 0.887640
vt 0.785714 0.808989
vt 0.797619 0.820225
vt 0.797619 0.842697
vt 0.797619 0.865169
vt 0.800595 0.876405
vt 0.806548 0.865169
vt 0.806548 0.876405
vt 0.806548 0.887640
vt 0.803571 0.887640
vt 0.800595 0.831461
vt 0.806548 0.842697
vt 0.803571 0.820225
vt 0.806548 0.831461
vt 0.806548 0.853933
vt 0.806548 0.820225
vt 0.812500 0.831461
vt 0.815476 0.842697
vt 0.815476 0.853933
vt 0.815476 0.865169
vt 0.812500 0.876405
vt 0.809524 0.887640
vt 0.806548 0.808989
vt 0.809524 0.820225
vt 0.806548 0.898876
vt 1.000000 0.820225
vt 0.892857 0.808989
vt 1.000000 0.808989
vt 1.000000 0.887640
vt 0.892857 0.876405
vt 1.000000 0.876405
vt 1.000000 0.865169
vt 0.892857 0.853933
vt 1.000000 0.853933
vt 1.000000 0.842697
vt 0.892857 0.831461
vt 1.000000 0.831461
vt 0.892857 0.820225
vt 1.000000 0.898876
vt 0.892857 0.887640
vt 0.892857 0.865169
vt 0.892857 0.842697
vt 0.889881 0.831461
vt 0.883929 0.842697
vt 0.883929 0.831461
vt 0.883929 0.820225
vt 0.886905 0.820225
vt 0.889881 0.876405
vt 0.883929 0.865169
vt 0.883929 0.853933
vt 0.883929 0.887640
vt 0.883929 0.876405
vt 0.877976 0.876405
vt 0.875000 0.865169
vt 0.875000 0.853933
vt 0.877976 0.831461
vt 0.880952 0.820225
vt 0.875000 0.842697
vt 0.886905 0.887640
vt 0.883929 0.898876
vt 0.880952 0.887640
vt 0.883929 0.808989
vt 0.875000 0.831461
vt 0.815476 0.831461
vt 0.875000 0.820225
vt 0.815476 0.820225
vt 0.875000 0.808989
vt 0.815476 0.808989
vt 0.815476 0.898876
vt 0.875000 0.887640
vt 0.875000 0.898876
vt 0.875000 0.876405
vt 0.815476 0.887640
vt 0.815476 0.876405
vt 0.452381 0.887640
vt 0.476190 0.898876
vt 0.452381 0.898876
vt 0.452381 0.820225
vt 0.476190 0.831461
vt 0.452381 0.831461
vt 0.452381 0.842697
vt 0.476190 0.853933
vt 0.452381 0.853933
vt 0.452381 0.865169
vt 0.476190 0.876405
vt 0.452381 0.876405
vt 0.476190 0.887640
vt 0.452381 0.808989
vt 0.476190 0.820225
vt 0.476190 0.842697
vt 0.476190 0.865169
vt 0.479167 0.876405
vt 0.485119 0.865169
vt 0.485119 0.876405
vt 0.485119 0.887640
vt 0.482143 0.887640
vt 0.485119 0.831461
vt 0.485119 0.842697
vt 0.485119 0.853933
vt 0.479167 0.831461
vt 0.485119 0.820225
vt 0.491071 0.831461
vt 0.494048 0.853933
vt 0.491071 0.876405
vt 0.488095 0.887640
vt 0.494048 0.842697
vt 0.494048 0.865169
vt 0.482143 0.820225
vt 0.485119 0.808989
vt 0.488095 0.820225
vt 0.485119 0.898876
vt 0.785714 0.820225
vt 0.666667 0.808989
vt 0.785714 0.808989
vt 0.785714 0.887640
vt 0.666667 0.876405
vt 0.785714 0.876405
vt 0.785714 0.865169
vt 0.666667 0.853933
vt 0.785714 0.853933
vt 0.785714 0.842697
vt 0.666667 0.831461
vt 0.785714 0.831461
vt 0.666667 0.820225
vt 0.785714 0.898876
vt 0.666667 0.887640
vt 0.666667 0.865169
vt 0.666667 0.842697
vt 0.663690 0.831461
vt 0.657738 0.842697
vt 0.657738 0.831461
vt 0.657738 0.820225
vt 0.660714 0.820225
vt 0.663690 0.876405
vt 0.657738 0.865169
vt 0.657738 0.853933
vt 0.657738 0.887640
vt 0.657738 0.876405
vt 0.651786 0.876405
vt 0.648810 0.853933
vt 0.648810 0.842697
vt 0.651786 0.831461
vt 0.654762 0.820225
vt 0.648810 0.865169
vt 0.660714 0.887640
vt 0.657738 0.898876
vt 0.654762 0.887640
vt 0.657738 0.808989
vt 0.648810 0.831461
vt 0.494048 0.831461
vt 0.648810 0.820225
vt 0.494048 0.820225
vt 0.648810 0.808989
vt 0.494048 0.808989
vt 0.494048 0.898876
vt 0.648810 0.887640
vt 0.648810 0.898876
vt 0.648810 0.876405
vt 0.494048 0.887640
vt 0.494048 0.876405
vt 0.404762 0.949438
vt 0.410714 0.943820
vt 0.410714 0.949438
vt 0.416667 0.949438
vt 0.422619 0.943820
vt 0.422619 0.949438
vt 0.428571 0.949438
vt 0.434524 0.943820
vt 0.434524 0.949438
vt 0.446429 0.949438
vt 0.452381 0.943820
vt 0.452381 0.949438
vt 0.416667 0.943820
vt 0.428571 0.943820
vt 0.440476 0.943820
vt 0.440476 0.949438
vt 0.446429 0.943820
vt 0.214286 0.741573
vt 0.202381 0.707865
vt 0.214286 0.707865
vt 0.214286 0.573034
vt 0.202381 0.539326
vt 0.214286 0.539326
vt 0.214286 0.876405
vt 0.202381 0.842697
vt 0.214286 0.842697
vt 0.214286 0.775281
vt 0.202381 0.741573
vt 0.214286 0.606742
vt 0.202381 0.573034
vt 0.214286 0.674157
vt 0.202381 0.640449
vt 0.214286 0.640449
vt 0.214286 0.910112
vt 0.202381 0.876405
vt 0.214286 0.808989
vt 0.202381 0.775281
vt 0.202381 0.606742
vt 0.202381 0.674157
vt 0.214286 0.943820
vt 0.202381 0.910112
vt 0.202381 0.808989
vt 0.392857 0.640449
vt 0.380952 0.674157
vt 0.380952 0.640449
vt 0.392857 0.876405
vt 0.380952 0.910112
vt 0.380952 0.876405
vt 0.392857 0.775281
vt 0.380952 0.808989
vt 0.380952 0.775281
vt 0.392857 0.606742
vt 0.380952 0.606742
vt 0.392857 0.674157
vt 0.380952 0.707865
vt 0.392857 0.910112
vt 0.380952 0.943820
vt 0.392857 0.808989
vt 0.380952 0.842697
vt 0.392857 0.707865
vt 0.380952 0.741573
vt 0.392857 0.539326
vt 0.380952 0.573034
vt 0.380952 0.539326
vt 0.392857 0.842697
vt 0.392857 0.741573
vt 0.392857 0.573034
vt 0.190476 0.668539
vt 0.190476 0.646067
vt 0.190476 0.679775
vt 0.190476 0.713483
vt 0.190476 0.769663
vt 0.190476 0.747191
vt 0.190476 0.780899
vt 0.190476 0.814607
vt 0.190476 0.870786
vt 0.190476 0.848315
vt 0.190476 0.882023
vt 0.202381 0.943820
vt 0.190476 0.915730
vt 0.190476 0.544944
vt 0.190476 0.578652
vt 0.190476 0.612360
vt 0.333333 0.629214
vt 0.261905 0.651685
vt 0.261905 0.629214
vt 0.333333 0.651685
vt 0.261905 0.674157
vt 0.333333 0.674157
vt 0.261905 0.696629
vt 0.333333 0.696629
vt 0.261905 0.719101
vt 0.333333 0.719101
vt 0.261905 0.741573
vt 0.333333 0.741573
vt 0.261905 0.764045
vt 0.333333 0.764045
vt 0.261905 0.786517
vt 0.333333 0.786517
vt 0.261905 0.808989
vt 0.333333 0.539326
vt 0.261905 0.561798
vt 0.261905 0.539326
vt 0.333333 0.561798
vt 0.261905 0.584270
vt 0.333333 0.584270
vt 0.261905 0.606742
vt 0.333333 0.606742
vt 0.404762 0.702247
vt 0.404762 0.713483
vt 0.404762 0.769663
vt 0.404762 0.780899
vt 0.404762 0.814607
vt 0.404762 0.870786
vt 0.404762 0.882023
vt 0.404762 0.915730
vt 0.392857 0.943820
vt 0.404762 0.544944
vt 0.404762 0.578652
vt 0.404762 0.612360
vt 0.404762 0.668539
vt 0.767857 0.977528
vt 0.779762 0.988764
vt 0.767857 0.988764
vt 0.767857 0.910112
vt 0.779762 0.921348
vt 0.767857 0.921348
vt 0.767857 0.932584
vt 0.779762 0.943820
vt 0.767857 0.943820
vt 0.767857 0.955056
vt 0.779762 0.966292
vt 0.767857 0.966292
vt 0.779762 0.977528
vt 0.767857 0.898876
vt 0.779762 0.910112
vt 0.779762 0.932584
vt 0.779762 0.955056
vt 0.788690 0.966292
vt 0.782738 0.966292
vt 0.788690 0.977528
vt 0.785714 0.977528
vt 0.788690 0.921348
vt 0.788690 0.932584
vt 0.788690 0.955056
vt 0.782738 0.921348
vt 0.788690 0.910112
vt 0.788690 0.943820
vt 0.794643 0.921348
vt 0.797619 0.932584
vt 0.797619 0.943820
vt 0.797619 0.955056
vt 0.794643 0.966292
vt 0.791667 0.977528
vt 0.785714 0.910112
vt 0.788690 0.898876
vt 0.791667 0.910112
vt 0.788690 0.988764
vt 0.940476 0.910112
vt 0.869048 0.898876
vt 0.940476 0.898876
vt 0.940476 0.977528
vt 0.869048 0.966292
vt 0.940476 0.966292
vt 0.940476 0.955056
vt 0.869048 0.943820
vt 0.940476 0.943820
vt 0.940476 0.932584
vt 0.869048 0.921348
vt 0.940476 0.921348
vt 0.869048 0.910112
vt 0.940476 0.988764
vt 0.869048 0.977528
vt 0.869048 0.955056
vt 0.869048 0.932584
vt 0.866071 0.921348
vt 0.860119 0.932584
vt 0.860119 0.921348
vt 0.860119 0.910112
vt 0.863095 0.910112
vt 0.866071 0.966292
vt 0.860119 0.955056
vt 0.860119 0.977528
vt 0.860119 0.966292
vt 0.860119 0.943820
vt 0.854167 0.966292
vt 0.851190 0.955056
vt 0.851190 0.943820
vt 0.851190 0.932584
vt 0.854167 0.921348
vt 0.857143 0.910112
vt 0.863095 0.977528
vt 0.860119 0.988764
vt 0.857143 0.977528
vt 0.860119 0.898876
vt 0.851190 0.921348
vt 0.797619 0.921348
vt 0.851190 0.910112
vt 0.797619 0.910112
vt 0.851190 0.898876
vt 0.797619 0.898876
vt 0.797619 0.977528
vt 0.851190 0.988764
vt 0.797619 0.988764
vt 0.851190 0.966292
vt 0.797619 0.966292
vt 0.452381 0.977528
vt 0.476190 0.988764
vt 0.452381 0.988764
vt 0.452381 0.910112
vt 0.476190 0.921348
vt 0.452381 0.921348
vt 0.452381 0.932584
vt 0.476190 0.943820
vt 0.452381 0.943820
vt 0.452381 0.955056
vt 0.476190 0.966292
vt 0.452381 0.966292
vt 0.476190 0.977528
vt 0.452381 0.898876
vt 0.476190 0.910112
vt 0.476190 0.932584
vt 0.476190 0.955056
vt 0.485119 0.966292
vt 0.479167 0.966292
vt 0.485119 0.977528
vt 0.482143 0.977528
vt 0.479167 0.921348
vt 0.485119 0.932584
vt 0.485119 0.955056
vt 0.485119 0.910112
vt 0.485119 0.921348
vt 0.485119 0.943820
vt 0.491071 0.921348
vt 0.494048 0.943820
vt 0.494048 0.955056
vt 0.491071 0.966292
vt 0.488095 0.977528
vt 0.494048 0.932584
vt 0.482143 0.910112
vt 0.485119 0.898876
vt 0.488095 0.910112
vt 0.485119 0.988764
vt 0.744048 0.910112
vt 0.660714 0.898876
vt 0.744048 0.898876
vt 0.744048 0.977528
vt 0.660714 0.966292
vt 0.744048 0.966292
vt 0.744048 0.955056
vt 0.660714 0.943820
vt 0.744048 0.943820
vt 0.744048 0.932584
vt 0.660714 0.921348
vt 0.744048 0.921348
vt 0.660714 0.910112
vt 0.744048 0.988764
vt 0.660714 0.977528
vt 0.660714 0.955056
vt 0.660714 0.932584
vt 0.651786 0.921348
vt 0.657738 0.921348
vt 0.651786 0.910112
vt 0.654762 0.910112
vt 0.657738 0.966292
vt 0.651786 0.955056
vt 0.651786 0.932584
vt 0.651786 0.977528
vt 0.651786 0.966292
vt 0.651786 0.943820
vt 0.645833 0.966292
vt 0.642857 0.943820
vt 0.642857 0.932584
vt 0.645833 0.921348
vt 0.648810 0.910112
vt 0.642857 0.955056
vt 0.654762 0.977528
vt 0.651786 0.988764
vt 0.648810 0.977528
vt 0.651786 0.898876
vt 0.642857 0.921348
vt 0.494048 0.921348
vt 0.642857 0.910112
vt 0.494048 0.910112
vt 0.642857 0.898876
vt 0.494048 0.898876
vt 0.494048 0.977528
vt 0.642857 0.988764
vt 0.494048 0.988764
vt 0.642857 0.966292
vt 0.494048 0.966292
vt 0.943452 0.898876
vt 0.949405 0.910112
vt 0.946429 0.910112
vt 0.747024 0.898876
vt 0.752976 0.910112
vt 0.750000 0.910112
vt 0.949405 0.966292
vt 0.752976 0.955056
vt 0.752976 0.966292
vt 0.949405 0.977528
vt 0.752976 0.977528
vt 0.943452 0.943820
vt 0.949405 0.932584
vt 0.949405 0.943820
vt 0.750000 0.932584
vt 0.752976 0.943820
vt 0.747024 0.943820
vt 0.949405 0.988764
vt 0.943452 0.988764
vt 0.752976 0.988764
vt 0.747024 0.988764
vt 0.949405 0.955056
vt 0.949405 0.898876
vt 0.952381 0.910112
vt 0.958333 0.966292
vt 0.761905 0.977528
vt 0.755952 0.932584
vt 0.758929 0.943820
vt 0.958333 0.977528
vt 0.758929 0.988764
vt 0.952381 0.932584
vt 0.955357 0.943820
vt 0.761905 0.955056
vt 0.955357 0.988764
vt 0.752976 0.898876
vt 0.755952 0.910112
vt 0.958333 0.955056
vt 0.761905 0.966292
vt 0.752976 0.921348
vt 0.752976 0.932584
vt 0.949405 0.921348
vt 0.946429 0.932584
vt 0.767857 0.966292
vt 0.958333 0.943820
vt 0.964286 0.955056
vt 0.958333 0.921348
vt 0.964286 0.932584
vt 0.958333 0.932584
vt 0.767857 0.977528
vt 0.964286 0.966292
vt 0.761905 0.988764
vt 0.767857 0.988764
vt 0.964286 0.977528
vt 0.964286 0.910112
vt 0.964286 0.921348
vt 0.761905 0.898876
vt 0.767857 0.910112
vt 0.761905 0.910112
vt 0.958333 0.988764
vt 0.964286 0.988764
vt 0.761905 0.921348
vt 0.767857 0.932584
vt 0.761905 0.932584
vt 0.958333 0.898876
vt 0.958333 0.910112
vt 0.761905 0.943820
vt 0.767857 0.943820
vt 0.767857 0.921348
vt 0.767857 0.955056
vt 0.964286 0.943820
vt 0.297619 0.870786
vt 0.303571 0.882023
vt 0.297619 0.882023
vt 0.297619 0.870786
vt 0.303571 0.882023
vt 0.297619 0.882023
vt 0.285714 0.865169
vt 0.279762 0.882023
vt 0.279762 0.865169
vt 0.285714 0.865169
vt 0.279762 0.882023
vt 0.279762 0.865169
vt 0.291667 0.865169
vt 0.285714 0.882023
vt 0.291667 0.865169
vt 0.285714 0.882023
vt 0.273810 0.870786
vt 0.267857 0.882023
vt 0.267857 0.876405
vt 0.273810 0.870786
vt 0.267857 0.882023
vt 0.267857 0.876405
vt 0.273810 0.882023
vt 0.273810 0.882023
vt 0.291667 0.882023
vt 0.291667 0.882023
vt 0.273810 0.893258
vt 0.267857 0.887640
vt 0.285714 0.898876
vt 0.279762 0.898876
vt 0.297619 0.893258
vt 0.279762 0.898876
vt 0.273810 0.893258
vt 0.297619 0.893258
vt 0.291667 0.898876
vt 0.267857 0.887640
vt 0.291667 0.898876
vt 0.285714 0.898876
vt 0.309524 0.882023
vt 0.303571 0.876405
vt 0.303571 0.887640
vt 0.261905 0.882023
vt 0.309524 0.882023
vt 0.303571 0.876405
vt 0.303571 0.887640
vt 0.261905 0.882023
vt 0.285714 0.910112
vt 0.297619 0.898876
vt 0.291667 0.910112
vt 0.309524 0.898876
vt 0.303571 0.910112
vt 0.303571 0.898876
vt 0.279762 0.910112
vt 0.285714 0.910112
vt 0.273810 0.910112
vt 0.273810 0.898876
vt 0.279762 0.910112
vt 0.267857 0.898876
vt 0.261905 0.910112
vt 0.261905 0.898876
vt 0.267857 0.910112
vt 0.267857 0.898876
vt 0.273810 0.910112
vt 0.273810 0.898876
vt 0.309524 0.898876
vt 0.303571 0.910112
vt 0.303571 0.898876
vt 0.267857 0.910112
vt 0.297619 0.910112
vt 0.297619 0.898876
vt 0.261905 0.910112
vt 0.261905 0.898876
vt 0.291667 0.910112
vt 0.297619 0.910112
vt 0.297619 0.808989
vt 0.297619 0.865169
vt 0.297619 0.865169
vt 0.303571 0.808989
vt 0.303571 0.865169
vt 0.303571 0.808989
vt 0.303571 0.865169
vt 0.309524 0.808989
vt 0.309524 0.865169
vt 0.261905 0.865169
vt 0.267857 0.808989
vt 0.267857 0.865169
vt 0.309524 0.808989
vt 0.309524 0.865169
vt 0.261905 0.865169
vt 0.267857 0.808989
vt 0.267857 0.865169
vt 0.273810 0.808989
vt 0.273810 0.865169
vt 0.273810 0.808989
vt 0.273810 0.865169
vt 0.279762 0.808989
vt 0.279762 0.808989
vt 0.285714 0.808989
vt 0.285714 0.808989
vt 0.291667 0.808989
vt 0.291667 0.808989
vt 0.297619 0.808989
vt 0.511905 0.606742
vt 0.488095 0.617977
vt 0.488095 0.606742
vt 0.511905 0.584270
vt 0.488095 0.595506
vt 0.488095 0.584270
vt 0.511905 0.573034
vt 0.488095 0.573034
vt 0.511905 0.550562
vt 0.488095 0.561798
vt 0.488095 0.550562
vt 0.511905 0.617977
vt 0.488095 0.629214
vt 0.511905 0.595506
vt 0.511905 0.561798
vt 0.511905 0.539326
vt 0.488095 0.539326
vt 0.511905 0.606742
vt 0.488095 0.617977
vt 0.488095 0.606742
vt 0.511905 0.584270
vt 0.488095 0.595506
vt 0.488095 0.584270
vt 0.511905 0.573034
vt 0.488095 0.573034
vt 0.511905 0.550562
vt 0.488095 0.561798
vt 0.488095 0.550562
vt 0.511905 0.617977
vt 0.488095 0.629214
vt 0.511905 0.595506
vt 0.511905 0.561798
vt 0.511905 0.539326
vt 0.488095 0.539326
vt 0.511905 0.606742
vt 0.488095 0.617977
vt 0.488095 0.606742
vt 0.511905 0.584270
vt 0.488095 0.595506
vt 0.488095 0.584270
vt 0.511905 0.573034
vt 0.488095 0.573034
vt 0.511905 0.550562
vt 0.488095 0.561798
vt 0.488095 0.550562
vt 0.511905 0.617977
vt 0.488095 0.629214
vt 0.511905 0.595506
vt 0.511905 0.561798
vt 0.511905 0.539326
vt 0.488095 0.539326
vt 0.511905 0.606742
vt 0.488095 0.617977
vt 0.488095 0.606742
vt 0.511905 0.584270
vt 0.488095 0.595506
vt 0.488095 0.584270
vt 0.511905 0.573034
vt 0.488095 0.573034
vt 0.511905 0.550562
vt 0.488095 0.561798
vt 0.488095 0.550562
vt 0.511905 0.617977
vt 0.488095 0.629214
vt 0.511905 0.595506
vt 0.511905 0.561798
vt 0.511905 0.539326
vt 0.488095 0.539326
vt 0.785714 0.887640
vt 0.797619 0.898876
vt 0.785714 0.898876
vt 0.785714 0.820225
vt 0.797619 0.831461
vt 0.785714 0.831461
vt 0.785714 0.842697
vt 0.797619 0.853933
vt 0.785714 0.853933
vt 0.785714 0.865169
vt 0.797619 0.876405
vt 0.785714 0.876405
vt 0.797619 0.887640
vt 0.785714 0.808989
vt 0.797619 0.820225
vt 0.797619 0.842697
vt 0.797619 0.865169
vt 0.800595 0.876405
vt 0.806548 0.865169
vt 0.806548 0.876405
vt 0.806548 0.887640
vt 0.803571 0.887640
vt 0.806548 0.831461
vt 0.806548 0.842697
vt 0.803571 0.820225
vt 0.800595 0.831461
vt 0.806548 0.853933
vt 0.806548 0.820225
vt 0.812500 0.831461
vt 0.815476 0.842697
vt 0.815476 0.853933
vt 0.815476 0.865169
vt 0.812500 0.876405
vt 0.809524 0.887640
vt 0.806548 0.808989
vt 0.809524 0.820225
vt 0.806548 0.898876
vt 1.000000 0.820225
vt 0.892857 0.808989
vt 1.000000 0.808989
vt 1.000000 0.887640
vt 0.892857 0.876405
vt 1.000000 0.876405
vt 1.000000 0.865169
vt 0.892857 0.853933
vt 1.000000 0.853933
vt 1.000000 0.842697
vt 0.892857 0.831461
vt 1.000000 0.831461
vt 0.892857 0.820225
vt 1.000000 0.898876
vt 0.892857 0.887640
vt 0.892857 0.865169
vt 0.892857 0.842697
vt 0.889881 0.831461
vt 0.883929 0.842697
vt 0.883929 0.831461
vt 0.883929 0.820225
vt 0.886905 0.820225
vt 0.883929 0.876405
vt 0.883929 0.865169
vt 0.886905 0.887640
vt 0.889881 0.876405
vt 0.883929 0.853933
vt 0.883929 0.887640
vt 0.877976 0.876405
vt 0.875000 0.853933
vt 0.875000 0.842697
vt 0.877976 0.831461
vt 0.880952 0.820225
vt 0.875000 0.865169
vt 0.883929 0.898876
vt 0.880952 0.887640
vt 0.883929 0.808989
vt 0.875000 0.831461
vt 0.815476 0.831461
vt 0.875000 0.820225
vt 0.815476 0.820225
vt 0.875000 0.808989
vt 0.815476 0.808989
vt 0.815476 0.898876
vt 0.875000 0.887640
vt 0.875000 0.898876
vt 0.875000 0.876405
vt 0.815476 0.887640
vt 0.815476 0.876405
vt 0.452381 0.887640
vt 0.476190 0.898876
vt 0.452381 0.898876
vt 0.452381 0.820225
vt 0.476190 0.831461
vt 0.452381 0.831461
vt 0.452381 0.842697
vt 0.476190 0.853933
vt 0.452381 0.853933
vt 0.452381 0.865169
vt 0.476190 0.876405
vt 0.452381 0.876405
vt 0.476190 0.887640
vt 0.452381 0.808989
vt 0.476190 0.820225
vt 0.476190 0.842697
vt 0.476190 0.865169
vt 0.479167 0.876405
vt 0.485119 0.865169
vt 0.485119 0.876405
vt 0.485119 0.887640
vt 0.482143 0.887640
vt 0.485119 0.831461
vt 0.485119 0.842697
vt 0.482143 0.820225
vt 0.479167 0.831461
vt 0.485119 0.853933
vt 0.485119 0.820225
vt 0.491071 0.831461
vt 0.494048 0.842697
vt 0.494048 0.853933
vt 0.494048 0.865169
vt 0.491071 0.876405
vt 0.488095 0.887640
vt 0.485119 0.808989
vt 0.488095 0.820225
vt 0.485119 0.898876
vt 0.785714 0.820225
vt 0.666667 0.808989
vt 0.785714 0.808989
vt 0.785714 0.887640
vt 0.666667 0.876405
vt 0.785714 0.876405
vt 0.785714 0.865169
vt 0.666667 0.853933
vt 0.785714 0.853933
vt 0.785714 0.842697
vt 0.666667 0.831461
vt 0.785714 0.831461
vt 0.666667 0.820225
vt 0.785714 0.898876
vt 0.666667 0.887640
vt 0.666667 0.865169
vt 0.666667 0.842697
vt 0.663690 0.831461
vt 0.657738 0.842697
vt 0.657738 0.831461
vt 0.657738 0.820225
vt 0.660714 0.820225
vt 0.657738 0.876405
vt 0.657738 0.865169
vt 0.657738 0.853933
vt 0.663690 0.876405
vt 0.657738 0.887640
vt 0.651786 0.876405
vt 0.648810 0.865169
vt 0.648810 0.853933
vt 0.648810 0.842697
vt 0.651786 0.831461
vt 0.654762 0.820225
vt 0.660714 0.887640
vt 0.657738 0.898876
vt 0.654762 0.887640
vt 0.657738 0.808989
vt 0.648810 0.831461
vt 0.494048 0.831461
vt 0.648810 0.820225
vt 0.494048 0.820225
vt 0.648810 0.808989
vt 0.494048 0.808989
vt 0.494048 0.887640
vt 0.648810 0.898876
vt 0.494048 0.898876
vt 0.648810 0.876405
vt 0.494048 0.876405
vt 0.785714 0.887640
vt 0.797619 0.898876
vt 0.785714 0.898876
vt 0.785714 0.820225
vt 0.797619 0.831461
vt 0.785714 0.831461
vt 0.785714 0.842697
vt 0.797619 0.853933
vt 0.785714 0.853933
vt 0.785714 0.865169
vt 0.797619 0.876405
vt 0.785714 0.876405
vt 0.797619 0.887640
vt 0.785714 0.808989
vt 0.797619 0.820225
vt 0.797619 0.842697
vt 0.797619 0.865169
vt 0.800595 0.876405
vt 0.806548 0.865169
vt 0.806548 0.876405
vt 0.806548 0.887640
vt 0.803571 0.887640
vt 0.806548 0.831461
vt 0.806548 0.842697
vt 0.800595 0.831461
vt 0.806548 0.820225
vt 0.806548 0.853933
vt 0.812500 0.831461
vt 0.815476 0.842697
vt 0.815476 0.853933
vt 0.815476 0.865169
vt 0.812500 0.876405
vt 0.809524 0.887640
vt 0.803571 0.820225
vt 0.806548 0.808989
vt 0.809524 0.820225
vt 0.806548 0.898876
vt 1.000000 0.820225
vt 0.892857 0.808989
vt 1.000000 0.808989
vt 1.000000 0.887640
vt 0.892857 0.876405
vt 1.000000 0.876405
vt 1.000000 0.865169
vt 0.892857 0.853933
vt 1.000000 0.853933
vt 1.000000 0.842697
vt 0.892857 0.831461
vt 1.000000 0.831461
vt 0.892857 0.820225
vt 1.000000 0.898876
vt 0.892857 0.887640
vt 0.892857 0.865169
vt 0.892857 0.842697
vt 0.889881 0.831461
vt 0.883929 0.842697
vt 0.883929 0.831461
vt 0.883929 0.820225
vt 0.886905 0.820225
vt 0.889881 0.876405
vt 0.883929 0.865169
vt 0.886905 0.887640
vt 0.883929 0.876405
vt 0.883929 0.853933
vt 0.883929 0.887640
vt 0.877976 0.876405
vt 0.875000 0.865169
vt 0.875000 0.853933
vt 0.877976 0.831461
vt 0.880952 0.820225
vt 0.875000 0.842697
vt 0.883929 0.898876
vt 0.880952 0.887640
vt 0.883929 0.808989
vt 0.875000 0.831461
vt 0.815476 0.831461
vt 0.875000 0.820225
vt 0.815476 0.820225
vt 0.875000 0.808989
vt 0.815476 0.808989
vt 0.815476 0.898876
vt 0.875000 0.887640
vt 0.875000 0.898876
vt 0.875000 0.876405
vt 0.815476 0.887640
vt 0.815476 0.876405
vt 0.452381 0.887640
vt 0.476190 0.898876
vt 0.452381 0.898876
vt 0.452381 0.820225
vt 0.476190 0.831461
vt 0.452381 0.831461
vt 0.452381 0.842697
vt 0.476190 0.853933
vt 0.452381 0.853933
vt 0.452381 0.865169
vt 0.476190 0.876405
vt 0.452381 0.876405
vt 0.476190 0.887640
vt 0.452381 0.808989
vt 0.476190 0.820225
vt 0.476190 0.842697
vt 0.476190 0.865169
vt 0.485119 0.876405
vt 0.479167 0.876405
vt 0.485119 0.887640
vt 0.482143 0.887640
vt 0.479167 0.831461
vt 0.485119 0.842697
vt 0.485119 0.865169
vt 0.485119 0.820225
vt 0.485119 0.831461
vt 0.485119 0.853933
vt 0.491071 0.831461
vt 0.494048 0.842697
vt 0.494048 0.853933
vt 0.494048 0.865169
vt 0.491071 0.876405
vt 0.488095 0.887640
vt 0.482143 0.820225
vt 0.485119 0.808989
vt 0.488095 0.820225
vt 0.485119 0.898876
vt 0.785714 0.820225
vt 0.666667 0.808989
vt 0.785714 0.808989
vt 0.785714 0.887640
vt 0.666667 0.876405
vt 0.785714 0.876405
vt 0.785714 0.865169
vt 0.666667 0.853933
vt 0.785714 0.853933
vt 0.785714 0.842697
vt 0.666667 0.831461
vt 0.785714 0.831461
vt 0.666667 0.820225
vt 0.785714 0.898876
vt 0.666667 0.887640
vt 0.666667 0.865169
vt 0.666667 0.842697
vt 0.663690 0.831461
vt 0.657738 0.842697
vt 0.657738 0.831461
vt 0.660714 0.820225
vt 0.657738 0.820225
vt 0.663690 0.876405
vt 0.657738 0.865169
vt 0.657738 0.887640
vt 0.657738 0.876405
vt 0.657738 0.853933
vt 0.651786 0.876405
vt 0.648810 0.853933
vt 0.648810 0.842697
vt 0.651786 0.831461
vt 0.654762 0.820225
vt 0.648810 0.865169
vt 0.660714 0.887640
vt 0.657738 0.898876
vt 0.654762 0.887640
vt 0.657738 0.808989
vt 0.648810 0.831461
vt 0.494048 0.831461
vt 0.648810 0.820225
vt 0.494048 0.820225
vt 0.648810 0.808989
vt 0.494048 0.808989
vt 0.494048 0.887640
vt 0.648810 0.898876
vt 0.494048 0.898876
vt 0.648810 0.876405
vt 0.494048 0.876405
vt 0.785714 0.887640
vt 0.797619 0.898876
vt 0.785714 0.898876
vt 0.785714 0.820225
vt 0.797619 0.831461
vt 0.785714 0.831461
vt 0.785714 0.842697
vt 0.797619 0.853933
vt 0.785714 0.853933
vt 0.785714 0.865169
vt 0.797619 0.876405
vt 0.785714 0.876405
vt 0.797619 0.887640
vt 0.785714 0.808989
vt 0.797619 0.820225
vt 0.797619 0.842697
vt 0.797619 0.865169
vt 0.800595 0.876405
vt 0.806548 0.865169
vt 0.806548 0.876405
vt 0.806548 0.887640
vt 0.803571 0.887640
vt 0.806548 0.831461
vt 0.806548 0.842697
vt 0.800595 0.831461
vt 0.806548 0.820225
vt 0.806548 0.853933
vt 0.812500 0.831461
vt 0.815476 0.842697
vt 0.815476 0.853933
vt 0.815476 0.865169
vt 0.812500 0.876405
vt 0.809524 0.887640
vt 0.803571 0.820225
vt 0.806548 0.808989
vt 0.809524 0.820225
vt 0.806548 0.898876
vt 1.000000 0.820225
vt 0.892857 0.808989
vt 1.000000 0.808989
vt 1.000000 0.887640
vt 0.892857 0.876405
vt 1.000000 0.876405
vt 1.000000 0.865169
vt 0.892857 0.853933
vt 1.000000 0.853933
vt 1.000000 0.842697
vt 0.892857 0.831461
vt 1.000000 0.831461
vt 0.892857 0.820225
vt 1.000000 0.898876
vt 0.892857 0.887640
vt 0.892857 0.865169
vt 0.892857 0.842697
vt 0.889881 0.831461
vt 0.883929 0.842697
vt 0.883929 0.831461
vt 0.883929 0.820225
vt 0.886905 0.820225
vt 0.889881 0.876405
vt 0.883929 0.865169
vt 0.883929 0.853933
vt 0.883929 0.887640
vt 0.883929 0.876405
vt 0.877976 0.876405
vt 0.875000 0.865169
vt 0.875000 0.853933
vt 0.875000 0.842697
vt 0.877976 0.831461
vt 0.880952 0.820225
vt 0.886905 0.887640
vt 0.883929 0.898876
vt 0.880952 0.887640
vt 0.883929 0.808989
vt 0.875000 0.831461
vt 0.815476 0.831461
vt 0.875000 0.820225
vt 0.815476 0.820225
vt 0.875000 0.808989
vt 0.815476 0.808989
vt 0.815476 0.898876
vt 0.875000 0.887640
vt 0.875000 0.898876
vt 0.875000 0.876405
vt 0.815476 0.887640
vt 0.815476 0.876405
vt 0.452381 0.887640
vt 0.476190 0.898876
vt 0.452381 0.898876
vt 0.452381 0.820225
vt 0.476190 0.831461
vt 0.452381 0.831461
vt 0.452381 0.842697
vt 0.476190 0.853933
vt 0.452381 0.853933
vt 0.452381 0.865169
vt 0.476190 0.876405
vt 0.452381 0.876405
vt 0.476190 0.887640
vt 0.452381 0.808989
vt 0.476190 0.820225
vt 0.476190 0.842697
vt 0.476190 0.865169
vt 0.485119 0.876405
vt 0.479167 0.876405
vt 0.482143 0.887640
vt 0.485119 0.887640
vt 0.485119 0.831461
vt 0.485119 0.842697
vt 0.485119 0.865169
vt 0.479167 0.831461
vt 0.485119 0.820225
vt 0.485119 0.853933
vt 0.491071 0.831461
vt 0.494048 0.853933
vt 0.494048 0.865169
vt 0.491071 0.876405
vt 0.488095 0.887640
vt 0.494048 0.842697
vt 0.482143 0.820225
vt 0.485119 0.808989
vt 0.488095 0.820225
vt 0.485119 0.898876
vt 0.785714 0.820225
vt 0.666667 0.808989
vt 0.785714 0.808989
vt 0.785714 0.887640
vt 0.666667 0.876405
vt 0.785714 0.876405
vt 0.785714 0.865169
vt 0.666667 0.853933
vt 0.785714 0.853933
vt 0.785714 0.842697
vt 0.666667 0.831461
vt 0.785714 0.831461
vt 0.666667 0.820225
vt 0.785714 0.898876
vt 0.666667 0.887640
vt 0.666667 0.865169
vt 0.666667 0.842697
vt 0.663690 0.831461
vt 0.657738 0.842697
vt 0.657738 0.831461
vt 0.657738 0.820225
vt 0.660714 0.820225
vt 0.657738 0.876405
vt 0.657738 0.865169
vt 0.657738 0.853933
vt 0.663690 0.876405
vt 0.657738 0.887640
vt 0.651786 0.876405
vt 0.648810 0.853933
vt 0.648810 0.842697
vt 0.651786 0.831461
vt 0.654762 0.820225
vt 0.648810 0.865169
vt 0.660714 0.887640
vt 0.657738 0.898876
vt 0.654762 0.887640
vt 0.657738 0.808989
vt 0.648810 0.831461
vt 0.494048 0.831461
vt 0.648810 0.820225
vt 0.494048 0.820225
vt 0.648810 0.808989
vt 0.494048 0.808989
vt 0.494048 0.887640
vt 0.648810 0.898876
vt 0.494048 0.898876
vt 0.648810 0.876405
vt 0.494048 0.876405
vt 0.404762 0.949438
vt 0.410714 0.943820
vt 0.410714 0.949438
vt 0.416667 0.949438
vt 0.422619 0.943820
vt 0.422619 0.949438
vt 0.428571 0.949438
vt 0.434524 0.943820
vt 0.434524 0.949438
vt 0.446429 0.949438
vt 0.452381 0.943820
vt 0.452381 0.949438
vt 0.416667 0.943820
vt 0.428571 0.943820
vt 0.440476 0.943820
vt 0.440476 0.949438
vt 0.446429 0.943820
vt 0.404762 0.949438
vt 0.410714 0.943820
vt 0.410714 0.949438
vt 0.416667 0.949438
vt 0.422619 0.943820
vt 0.422619 0.949438
vt 0.428571 0.949438
vt 0.434524 0.943820
vt 0.434524 0.949438
vt 0.446429 0.949438
vt 0.452381 0.943820
vt 0.452381 0.949438
vt 0.416667 0.943820
vt 0.428571 0.943820
vt 0.440476 0.943820
vt 0.440476 0.949438
vt 0.446429 0.943820
vt 0.773810 0.539326
vt 0.988095 0.539326
vt 0.773810 0.269663
vt 0.988095 0.269663
vt 0.797619 0.808989
vt 0.892857 0.898876
vt 0.476190 0.808989
vt 0.666667 0.898876
vt 0.404762 0.943820
vt 0.190476 0.702247
vt 0.190476 0.735955
vt 0.190476 0.803371
vt 0.190476 0.837079
vt 0.190476 0.904494
vt 0.190476 0.938202
vt 0.190476 0.567416
vt 0.190476 0.601124
vt 0.190476 0.634831
vt 0.333333 0.808989
vt 0.404762 0.679775
vt 0.404762 0.735955
vt 0.404762 0.747191
vt 0.404762 0.803371
vt 0.404762 0.837079
vt 0.404762 0.848315
vt 0.404762 0.904494
vt 0.404762 0.938202
vt 0.404762 0.567416
vt 0.404762 0.601124
vt 0.404762 0.634831
vt 0.404762 0.646067
vt 0.779762 0.898876
vt 0.869048 0.988764
vt 0.851190 0.977528
vt 0.476190 0.898876
vt 0.660714 0.988764
vt 0.642857 0.977528
vt 0.955357 0.898876
vt 0.758929 0.898876
vt 0.767857 0.898876
vt 0.964286 0.898876
vt 0.309524 0.910112
vt 0.309524 0.910112
vt 0.261905 0.808989
vt 0.261905 0.808989
vt 0.511905 0.629214
vt 0.511905 0.629214
vt 0.511905 0.629214
vt 0.511905 0.629214
vt 0.797619 0.808989
vt 0.892857 0.898876
vt 0.476190 0.808989
vt 0.666667 0.898876
vt 0.648810 0.887640
vt 0.797619 0.808989
vt 0.892857 0.898876
vt 0.476190 0.808989
vt 0.666667 0.898876
vt 0.648810 0.887640
vt 0.797619 0.808989
vt 0.892857 0.898876
vt 0.476190 0.808989
vt 0.666667 0.898876
vt 0.648810 0.887640
vt 0.404762 0.943820
vt 0.404762 0.943820
vn 0.0000 -1.0000 0.0000
vn 0.0000 1.0000 0.0000
vn 0.0000 0.0000 -1.0000
vn 1.0000 0.0000 0.0000
vn 0.0000 0.0000 1.0000
vn -1.0000 0.0000 0.0000
vn 0.0000 0.5000 -0.8660
vn 0.0000 0.8660 0.5000
vn 0.0000 -0.8660 -0.5000
vn 0.0000 -0.5000 0.8660
vn 0.0000 0.8660 -0.5000
vn 0.0000 0.5000 0.8660
vn 0.0000 -0.5000 -0.8660
vn 0.0000 -0.8660 0.5000
vn -0.8660 0.0000 0.5000
vn 0.5000 -0.0000 -0.8660
vn 0.8660 -0.0000 -0.5000
vn -0.5000 0.0000 -0.8660
vn 0.8660 0.0000 0.5000
vn 0.5000 0.0000 0.8660
vn -0.5000 0.0000 0.8660
vn -0.8660 0.0000 -0.5000
vn 0.7071 0.0000 -0.7071
vn 0.7071 -0.7071 -0.0000
vn 0.7071 0.0000 0.7071
vn -0.0473 0.0196 0.9987
vn -0.7071 0.0000 0.7071
vn -0.9824 0.1866 -0.0000
vn -0.7071 0.0000 -0.7071
vn -0.0473 0.0196 -0.9987
vn 0.6737 -0.1363 -0.7263
vn 0.6737 -0.1363 0.7263
vn -0.7194 0.1448 0.6794
vn -0.7194 0.1448 -0.6794
vn -0.5294 0.5294 -0.6630
vn -0.0671 0.0671 -0.9955
vn 0.4617 -0.4617 -0.7574
vn -0.5294 0.5294 0.6630
vn -0.0671 0.0671 0.9955
vn -0.7071 0.7071 -0.0000
vn 0.4617 -0.4617 0.7574
vn -0.0196 0.0473 0.9987
vn -0.1448 0.7194 0.6794
vn -0.1866 0.9824 -0.0000
vn -0.1448 0.7194 -0.6794
vn -0.0196 0.0473 -0.9987
vn 0.1363 -0.6737 -0.7263
vn 0.1363 -0.6737 0.7263
vn -0.7071 -0.7071 -0.0000
vn 0.0473 0.0196 -0.9987
vn 0.9824 0.1866 0.0000
vn 0.0473 0.0196 0.9987
vn -0.6737 -0.1363 0.7263
vn -0.6737 -0.1363 -0.7263
vn 0.7194 0.1448 -0.6794
vn 0.7194 0.1448 0.6794
vn 0.5294 0.5294 0.6630
vn 0.0671 0.0671 0.9955
vn -0.4617 -0.4617 0.7574
vn 0.5294 0.5293 -0.6630
vn 0.7071 0.7071 -0.0000
vn -0.4617 -0.4617 -0.7574
vn 0.0671 0.0671 -0.9955
vn 0.0196 0.0473 -0.9987
vn 0.1448 0.7194 -0.6794
vn 0.1866 0.9824 0.0000
vn 0.0196 0.0473 0.9987
vn -0.1363 -0.6737 0.7263
vn 0.1448 0.7194 0.6794
vn -0.1363 -0.6737 -0.7263
vn 0.5294 0.5294 -0.6630
vn 0.0000 -0.7071 0.7071
vn 0.0000 0.7071 0.7071
vn 0.0000 0.7071 -0.7071
vn 0.0000 -0.7071 -0.7071
vn -0.7071 0.3536 -0.6124
vn -0.7071 0.6124 -0.3536
vn -0.7071 0.6124 0.3536
vn -0.7071 0.3536 0.6124
vn -0.7071 -0.3536 0.6124
vn -0.7071 -0.6124 0.3536
vn -0.7071 -0.6124 -0.3536
vn -0.7071 -0.3536 -0.6124
vn 0.7071 0.3536 -0.6124
vn 0.7071 0.6124 -0.3536
vn 0.7071 0.6124 0.3536
vn 0.7071 0.3536 0.6124
vn 0.7071 -0.3536 0.6124
vn 0.7071 -0.6124 0.3536
vn 0.7071 -0.6124 -0.3536
vn 0.7071 -0.3536 -0.6124
vn 0.9987 0.0196 0.0473
vn -0.0000 0.1866 0.9824
vn -0.9987 0.0196 0.0473
vn -0.7263 -0.1363 -0.6737
vn 0.7263 -0.1363 -0.6737
vn 0.6794 0.1448 0.7194
vn -0.6794 0.1448 0.7194
vn -0.9955 0.0671 0.0671
vn -0.7574 -0.4617 -0.4617
vn 0.9955 0.0671 0.0671
vn 0.6630 0.5294 0.5294
vn -0.6630 0.5293 0.5294
vn 0.7574 -0.4617 -0.4617
vn 0.9987 0.0473 0.0196
vn 0.6794 0.7194 0.1448
vn -0.0000 0.9824 0.1866
vn -0.6794 0.7194 0.1448
vn -0.9987 0.0473 0.0196
vn -0.7263 -0.6737 -0.1363
vn 0.7263 -0.6737 -0.1363
vn 0.6737 0.1363 0.7263
vn -0.0473 -0.0196 0.9987
vn -0.7194 -0.1448 0.6794
vn -0.9987 0.0196 -0.0473
vn -0.9824 -0.1866 0.0000
vn -0.7194 -0.1448 -0.6794
vn 0.0000 0.1866 -0.9824
vn -0.0473 -0.0196 -0.9987
vn 0.6737 0.1363 -0.7263
vn 0.9987 0.0196 -0.0473
vn 0.7263 -0.1363 0.6737
vn -0.7263 -0.1363 0.6737
vn -0.6794 0.1448 -0.7194
vn 0.6794 0.1448 -0.7194
vn 0.6630 0.5293 -0.5294
vn 0.9955 0.0671 -0.0671
vn 0.7574 -0.4617 0.4617
vn -0.6630 0.5294 -0.5294
vn -0.7574 -0.4617 0.4617
vn -0.9955 0.0671 -0.0671
vn -0.9987 0.0473 -0.0196
vn -0.6794 0.7194 -0.1448
vn 0.0000 0.9824 -0.1866
vn 0.6794 0.7194 -0.1448
vn 0.9987 0.0473 -0.0196
vn 0.7263 -0.6737 0.1363
vn -0.7263 -0.6737 0.1363
vn -0.6630 0.5294 0.5294
vn 0.6630 0.5294 -0.5294
vn 0.4617 0.4617 0.7574
vn -0.5294 -0.5294 -0.6630
vn -0.5294 -0.5294 0.6630
vn 0.4617 0.4617 -0.7574
vn -0.0671 -0.0671 -0.9955
vn -0.0671 -0.0671 0.9955
vn 0.1363 0.6737 0.7263
vn -0.1866 -0.9824 0.0000
vn -0.1448 -0.7194 0.6794
vn 0.1363 0.6737 -0.7263
vn -0.0196 -0.0473 -0.9987
vn -0.0196 -0.0473 0.9987
vn -0.1448 -0.7194 -0.6794
vn 0.5293 0.5293 -0.6630
o Fan
usemtl hbm
s off
f 102/137/7 107/138/7 101/139/7
f 100/140/8 105/141/8 99/142/8
f 98/143/9 103/144/9 97/145/9
f 97/145/10 108/146/10 102/137/10
f 101/139/11 106/147/11 100/148/11
f 99/142/12 104/149/12 98/143/12
f 108/150/13 103/151/13 105/152/13
f 113/153/14 120/154/14 114/155/14
f 118/156/15 115/157/15 117/158/15
f 111/159/16 110/160/16 109/161/16
f 102/137/7 108/146/7 107/138/7
f 100/140/8 106/162/8 105/141/8
f 98/143/9 104/149/9 103/144/9
f 97/145/10 103/144/10 108/146/10
f 101/139/11 107/138/11 106/147/11
f 99/142/12 105/141/12 104/149/12
f 103/151/13 104/163/13 105/152/13
f 105/152/13 106/164/13 107/165/13
f 107/165/13 108/150/13 105/152/13
f 113/153/14 119/166/14 120/154/14
f 118/156/15 116/167/15 115/157/15
f 111/159/16 112/168/16 110/160/16
