# Split from chemical_factory.obj
mtllib unused.mtl
usemtl hbm
v -0.875000 2.000000 -0.000000
v -0.937500 2.000000 -0.108253
v -1.062500 2.000000 -0.108253
v -1.125000 2.000000 -0.000000
v -1.062500 2.000000 0.108253
v -0.937500 2.000000 0.108253
v -0.937500 2.187500 -0.108253
v -0.875000 2.187500 -0.000000
v -1.062500 2.187500 -0.108253
v -1.125000 2.187500 -0.000000
v -1.062500 2.187500 0.108253
v -0.937500 2.187500 0.108253
v -1.056644 2.120164 0.108253
v -0.943356 2.067336 0.108253
v -1.169933 2.172991 0.483253
v -0.830067 2.014509 0.483253
v -0.877928 2.120164 -0.005071
v -1.000000 2.093750 0.545753
v -0.934572 2.067336 -0.103182
v -0.496524 2.172991 -0.094461
v -0.666457 2.014509 -0.388793
v -0.527364 2.093750 -0.272877
v -1.065428 2.120164 -0.103182
v -1.122072 2.067336 -0.005071
v -1.333543 2.172991 -0.388793
v -1.503476 2.014509 -0.094461
v -1.472636 2.093750 -0.272877
vt 0.118967 0.494248
vt 0.118967 0.482763
vt 0.127451 0.477020
vt 0.156863 0.459770
vt 0.147059 0.477012
vt 0.147059 0.459770
vt 0.137255 0.477012
vt 0.137255 0.459770
vt 0.127451 0.459770
vt 0.117647 0.477012
vt 0.117647 0.459770
vt 0.166667 0.459770
vt 0.156863 0.477012
vt 0.127451 0.477012
vt 0.176471 0.459770
vt 0.166667 0.477012
vt 0.210784 0.477012
vt 0.205882 0.494253
vt 0.176471 0.482759
vt 0.210784 0.477012
vt 0.205882 0.494253
vt 0.176471 0.482759
vt 0.210784 0.477012
vt 0.205882 0.494253
vt 0.176471 0.482759
vt 0.135935 0.482763
vt 0.135935 0.494248
vt 0.127451 0.499991
vt 0.176471 0.477012
vt 0.176471 0.471264
vt 0.205882 0.459770
vt 0.176471 0.471264
vt 0.205882 0.459770
vt 0.176471 0.471264
vt 0.205882 0.459770
vn 0.0000 1.0000 0.0000
vn 0.8660 0.0000 -0.5000
vn 0.8660 0.0000 0.5000
vn -0.8660 0.0000 0.5000
vn 0.0000 0.0000 -1.0000
vn 0.0000 0.0000 1.0000
vn -0.8660 0.0000 -0.5000
vn -0.2113 0.9063 -0.3660
vn -0.2113 0.9063 0.3660
vn 0.4226 0.9063 -0.0000
v 1.125000 2.000000 0.000000
v 1.062500 2.000000 -0.108253
v 0.937500 2.000000 -0.108253
v 0.875000 2.000000 0.000000
v 0.937500 2.000000 0.108253
v 1.062500 2.000000 0.108253
v 1.062500 2.187500 -0.108253
v 1.125000 2.187500 0.000000
v 0.937500 2.187500 -0.108253
v 0.875000 2.187500 0.000000
v 0.937500 2.187500 0.108253
v 1.062500 2.187500 0.108253
v 0.943356 2.120164 0.108253
v 1.056644 2.067336 0.108253
v 0.830067 2.172991 0.483253
v 1.169933 2.014509 0.483253
v 1.122072 2.120164 -0.005071
v 1.000000 2.093750 0.545753
v 1.065428 2.067336 -0.103182
v 1.503476 2.172991 -0.094460
v 1.333543 2.014509 -0.388792
v 1.472636 2.093750 -0.272877
v 0.934572 2.120164 -0.103182
v 0.877928 2.067336 -0.005071
v 0.666457 2.172991 -0.388792
v 0.496524 2.014509 -0.094460
v 0.527364 2.093750 -0.272877
vt 0.118967 0.494248
vt 0.118967 0.482763
vt 0.127451 0.477020
vt 0.156863 0.459770
vt 0.147059 0.477012
vt 0.147059 0.459770
vt 0.137255 0.477012
vt 0.137255 0.459770
vt 0.127451 0.459770
vt 0.117647 0.477012
vt 0.117647 0.459770
vt 0.166667 0.459770
vt 0.156863 0.477012
vt 0.127451 0.477012
vt 0.176471 0.459770
vt 0.166667 0.477012
vt 0.210784 0.477012
vt 0.205882 0.494253
vt 0.176471 0.482759
vt 0.210784 0.477012
vt 0.205882 0.494253
vt 0.176471 0.482759
vt 0.210784 0.477012
vt 0.205882 0.494253
vt 0.176471 0.482759
vt 0.135935 0.482763
vt 0.135935 0.494248
vt 0.127451 0.499991
vt 0.176471 0.477012
vt 0.176471 0.471264
vt 0.205882 0.459770
vt 0.176471 0.471264
vt 0.205882 0.459770
vt 0.176471 0.471264
vt 0.205882 0.459770
vn 0.0000 1.0000 0.0000
vn 0.8660 0.0000 -0.5000
vn 0.8660 0.0000 0.5000
vn -0.8660 0.0000 0.5000
vn 0.0000 0.0000 -1.0000
vn 0.0000 0.0000 1.0000
vn -0.8660 0.0000 -0.5000
vn -0.2113 0.9063 -0.3660
vn -0.2113 0.9063 0.3660
vn 0.4226 0.9063 -0.0000
v 2.500000 0.250000 2.500000
v 2.500000 0.250000 2.375000
v 2.500000 2.750000 2.500000
v 2.500000 2.750000 2.375000
v 2.375000 0.250000 2.500000
v 2.375000 0.250000 2.375000
v 2.375000 2.750000 2.500000
v 2.375000 2.750000 2.375000
v 2.500000 0.250000 -2.375000
v 2.500000 0.250000 -2.500000
v 2.500000 2.750000 -2.375000
v 2.500000 2.750000 -2.500000
v 2.375000 0.250000 -2.375000
v 2.375000 0.250000 -2.500000
v 2.375000 2.750000 -2.375000
v 2.375000 2.750000 -2.500000
v -2.375000 0.250000 2.500000
v -2.375000 0.250000 2.375000
v -2.375000 2.750000 2.500000
v -2.375000 2.750000 2.375000
v -2.500000 0.250000 2.500000
v -2.500000 0.250000 2.375000
v -2.500000 2.750000 2.500000
v -2.500000 2.750000 2.375000
v -2.375000 0.250000 -2.375000
v -2.375000 0.250000 -2.500000
v -2.375000 2.750000 -2.375000
v -2.375000 2.750000 -2.500000
v -2.500000 0.250000 -2.375000
v -2.500000 0.250000 -2.500000
v -2.500000 2.750000 -2.375000
v -2.500000 2.750000 -2.500000
v -2.500000 2.750000 2.500000
v -2.250000 2.750000 2.500000
v -2.500000 2.750000 2.250000
v -2.250000 2.750000 2.250000
v -2.500000 3.000000 2.500000
v -2.250000 3.000000 2.500000
v -2.500000 3.000000 2.250000
v -2.250000 3.000000 2.250000
v 2.250000 2.750000 2.500000
v 2.500000 2.750000 2.500000
v 2.250000 2.750000 2.250000
v 2.500000 2.750000 2.250000
v 2.250000 3.000000 2.500000
v 2.500000 3.000000 2.500000
v 2.250000 3.000000 2.250000
v 2.500000 3.000000 2.250000
v -2.500000 2.750000 -2.250000
v -2.250000 2.750000 -2.250000
v -2.500000 2.750000 -2.500000
v -2.250000 2.750000 -2.500000
v -2.500000 3.000000 -2.250000
v -2.250000 3.000000 -2.250000
v -2.500000 3.000000 -2.500000
v -2.250000 3.000000 -2.500000
v 2.250000 2.750000 -2.250000
v 2.500000 2.750000 -2.250000
v 2.250000 2.750000 -2.500000
v 2.500000 2.750000 -2.500000
v 2.250000 3.000000 -2.250000
v 2.500000 3.000000 -2.250000
v 2.250000 3.000000 -2.500000
v 2.500000 3.000000 -2.500000
v 2.250000 2.875000 2.375000
v -2.250000 2.875000 2.375000
v 2.250000 2.875000 2.500000
v -2.250000 2.875000 2.500000
v -2.250000 3.000000 2.375000
v 2.250000 3.000000 2.375000
v 2.250000 3.000000 2.500000
v -2.250000 3.000000 2.500000
v 2.250000 2.875000 -2.375000
v -2.250000 2.875000 -2.375000
v -2.250000 2.875000 -2.500000
v 2.250000 2.875000 -2.500000
v 2.250000 3.000000 -2.375000
v -2.250000 3.000000 -2.375000
v -2.250000 3.000000 -2.500000
v 2.250000 3.000000 -2.500000
v 2.375000 2.875000 2.250000
v 2.375000 2.875000 -2.250000
v 2.500000 2.875000 -2.250000
v 2.500000 2.875000 2.250000
v 2.375000 3.000000 2.250000
v 2.375000 3.000000 -2.250000
v 2.500000 3.000000 -2.250000
v 2.500000 3.000000 2.250000
v -2.375000 2.875000 -2.250000
v -2.375000 2.875000 2.250000
v -2.500000 2.875000 2.250000
v -2.500000 2.875000 -2.250000
v -2.375000 3.000000 -2.250000
v -2.375000 3.000000 2.250000
v -2.500000 3.000000 2.250000
v -2.500000 3.000000 -2.250000
vt 0.686275 0.643678
vt 0.490196 0.632184
vt 0.686275 0.632184
vt 0.686275 0.620690
vt 0.490196 0.655172
vt 0.490196 0.643678
vt 0.490196 0.609195
vt 0.686275 0.609195
vt 0.686275 0.632184
vt 0.490196 0.620690
vt 0.686275 0.620690
vt 0.686275 0.609195
vt 0.490196 0.643678
vt 0.490196 0.632184
vt 0.686275 0.655172
vt 0.686275 0.643678
vt 0.686275 0.655172
vt 0.490196 0.643678
vt 0.686275 0.643678
vt 0.686275 0.632184
vt 0.686275 0.609195
vt 0.490196 0.620690
vt 0.490196 0.609195
vt 0.686275 0.620690
vt 0.686275 0.620690
vt 0.490196 0.609195
vt 0.686275 0.609195
vt 0.490196 0.655172
vt 0.686275 0.643678
vt 0.686275 0.655172
vt 0.490196 0.632184
vt 0.490196 0.620690
vt 0.686275 0.632184
vt 0.862745 -0.000000
vt 0.882353 0.022989
vt 0.862745 0.022989
vt 0.882353 0.045977
vt 0.862745 0.068966
vt 0.862745 0.045977
vt 0.921569 0.022989
vt 0.901961 0.045977
vt 0.901961 0.022989
vt 0.941176 0.022989
vt 0.921569 0.045977
vt 0.862745 -0.000000
vt 0.882353 0.022989
vt 0.862745 0.022989
vt 0.882353 0.045977
vt 0.862745 0.068966
vt 0.862745 0.045977
vt 0.921569 0.022989
vt 0.901961 0.045977
vt 0.901961 0.022989
vt 0.941176 0.022989
vt 0.921569 0.045977
vt 0.862745 -0.000000
vt 0.882353 0.022989
vt 0.862745 0.022989
vt 0.882353 0.045977
vt 0.862745 0.068966
vt 0.862745 0.045977
vt 0.921569 0.022989
vt 0.901961 0.045977
vt 0.901961 0.022989
vt 0.941176 0.022989
vt 0.921569 0.045977
vt 0.862745 -0.000000
vt 0.882353 0.022989
vt 0.862745 0.022989
vt 0.882353 0.045977
vt 0.862745 0.068966
vt 0.862745 0.045977
vt 0.921569 0.022989
vt 0.901961 0.045977
vt 0.901961 0.022989
vt 0.941176 0.022989
vt 0.921569 0.045977
vt 0.490196 0.563218
vt 0.843137 0.574713
vt 0.490196 0.574713
vt 0.843137 0.586207
vt 0.490196 0.597701
vt 0.843137 0.609195
vt 0.490196 0.609195
vt 0.490196 0.586207
vt 0.843137 0.597701
vt 0.490196 0.563218
vt 0.843137 0.574713
vt 0.490196 0.574713
vt 0.843137 0.586207
vt 0.490196 0.597701
vt 0.843137 0.609195
vt 0.490196 0.609195
vt 0.490196 0.586207
vt 0.843137 0.597701
vt 0.490196 0.563218
vt 0.843137 0.574713
vt 0.490196 0.574713
vt 0.843137 0.586207
vt 0.490196 0.597701
vt 0.843137 0.609195
vt 0.490196 0.609195
vt 0.490196 0.586207
vt 0.843137 0.597701
vt 0.490196 0.563218
vt 0.843137 0.574713
vt 0.490196 0.574713
vt 0.843137 0.586207
vt 0.490196 0.597701
vt 0.843137 0.609195
vt 0.490196 0.609195
vt 0.490196 0.586207
vt 0.843137 0.597701
vt 0.490196 0.620690
vt 0.686275 0.655172
vt 0.490196 0.609195
vt 0.490196 0.655172
vt 0.490196 0.655172
vt 0.490196 0.632184
vt 0.490196 0.643678
vt 0.882353 -0.000000
vt 0.882353 0.068966
vt 0.941176 0.045977
vt 0.882353 -0.000000
vt 0.882353 0.068966
vt 0.941176 0.045977
vt 0.882353 -0.000000
vt 0.882353 0.068966
vt 0.941176 0.045977
vt 0.882353 -0.000000
vt 0.882353 0.068966
vt 0.941176 0.045977
vt 0.843137 0.563218
vt 0.843137 0.563218
vt 0.843137 0.563218
vt 0.843137 0.563218
vn 1.0000 0.0000 0.0000
vn 0.0000 0.0000 1.0000
vn 0.0000 0.0000 -1.0000
vn -1.0000 0.0000 0.0000
vn 0.0000 -1.0000 0.0000
vn 0.0000 1.0000 0.0000
v 16.375000 0.000000 6.250000
v 16.375000 0.000000 3.750000
v 16.500000 0.000000 3.750000
v 16.500000 0.000000 6.250000
v 16.500000 0.000000 6.500000
v 16.500000 0.000000 6.250000
v 16.250000 0.000000 6.500000
v 16.250000 0.000000 6.250000
v 16.500000 0.250000 6.500000
v 16.500000 0.250000 6.250000
v 16.250000 0.250000 6.500000
v 16.250000 0.250000 6.250000
v 16.500000 0.000000 3.750000
v 16.500000 0.000000 3.500000
v 16.250000 0.000000 3.750000
v 16.250000 0.000000 3.500000
v 16.500000 0.250000 3.750000
v 16.500000 0.250000 3.500000
v 16.250000 0.250000 3.750000
v 16.250000 0.250000 3.500000
v 13.750000 0.000000 6.500000
v 13.750000 0.000000 6.250000
v 13.500000 0.000000 6.500000
v 13.500000 0.000000 6.250000
v 13.750000 0.250000 6.500000
v 13.750000 0.250000 6.250000
v 13.500000 0.250000 6.500000
v 13.500000 0.250000 6.250000
v 13.750000 0.000000 3.750000
v 13.750000 0.000000 3.500000
v 13.500000 0.000000 3.750000
v 13.500000 0.000000 3.500000
v 13.750000 0.250000 3.750000
v 13.750000 0.250000 3.500000
v 13.500000 0.250000 3.750000
v 13.500000 0.250000 3.500000
v 16.375000 0.125000 6.250000
v 16.375000 0.125000 3.750000
v 16.500000 0.125000 3.750000
v 16.500000 0.125000 6.250000
v 13.625000 0.000000 3.750000
v 13.625000 0.000000 6.250000
v 13.500000 0.000000 6.250000
v 13.500000 0.000000 3.750000
v 13.625000 0.125000 3.750000
v 13.625000 0.125000 6.250000
v 13.500000 0.125000 6.250000
v 13.500000 0.125000 3.750000
v 16.250000 0.000000 3.625000
v 13.750000 0.000000 3.625000
v 13.750000 0.000000 3.500000
v 16.250000 0.000000 3.500000
v 16.250000 0.125000 3.625000
v 13.750000 0.125000 3.625000
v 13.750000 0.125000 3.500000
v 16.250000 0.125000 3.500000
v 13.750000 0.000000 6.375000
v 16.250000 0.000000 6.375000
v 16.250000 0.000000 6.500000
v 13.750000 0.000000 6.500000
v 13.750000 0.125000 6.375000
v 16.250000 0.125000 6.375000
v 16.250000 0.125000 6.500000
v 13.750000 0.125000 6.500000
v 16.500000 0.250000 3.500000
v 16.375000 0.250000 3.500000
v 16.500000 8.750000 3.500000
v 16.375000 8.750000 3.500000
v 16.500000 0.250000 3.625000
v 16.375000 0.250000 3.625000
v 16.500000 8.750000 3.625000
v 16.375000 8.750000 3.625000
v 16.500000 8.750000 6.500000
v 16.500000 8.750000 6.250000
v 16.250000 8.750000 6.500000
v 16.250000 8.750000 6.250000
v 16.500000 9.000000 6.500000
v 16.500000 9.000000 6.250000
v 16.250000 9.000000 6.500000
v 16.250000 9.000000 6.250000
v 16.500000 8.750000 3.750000
v 16.500000 8.750000 3.500000
v 16.250000 8.750000 3.750000
v 16.250000 8.750000 3.500000
v 16.500000 9.000000 3.750000
v 16.500000 9.000000 3.500000
v 16.250000 9.000000 3.750000
v 16.250000 9.000000 3.500000
v 13.750000 8.750000 6.500000
v 13.750000 8.750000 6.250000
v 13.500000 8.750000 6.500000
v 13.500000 8.750000 6.250000
v 13.750000 9.000000 6.500000
v 13.750000 9.000000 6.250000
v 13.500000 9.000000 6.500000
v 13.500000 9.000000 6.250000
v 13.750000 8.750000 3.750000
v 13.750000 8.750000 3.500000
v 13.500000 8.750000 3.750000
v 13.500000 8.750000 3.500000
v 13.750000 9.000000 3.750000
v 13.750000 9.000000 3.500000
v 13.500000 9.000000 3.750000
v 13.500000 9.000000 3.500000
v 13.625000 0.250000 3.500000
v 13.500000 0.250000 3.500000
v 13.625000 8.750000 3.500000
v 13.500000 8.750000 3.500000
v 13.625000 0.250000 3.625000
v 13.500000 0.250000 3.625000
v 13.625000 8.750000 3.625000
v 13.500000 8.750000 3.625000
v 16.500000 0.250000 6.375000
v 16.375000 0.250000 6.375000
v 16.500000 8.750000 6.375000
v 16.375000 8.750000 6.375000
v 16.500000 0.250000 6.500000
v 16.375000 0.250000 6.500000
v 16.500000 8.750000 6.500000
v 16.375000 8.750000 6.500000
v 13.625000 0.250000 6.375000
v 13.500000 0.250000 6.375000
v 13.625000 8.750000 6.375000
v 13.500000 8.750000 6.375000
v 13.625000 0.250000 6.500000
v 13.500000 0.250000 6.500000
v 13.625000 8.750000 6.500000
v 13.500000 8.750000 6.500000
v 16.375000 8.875000 6.250000
v 16.375000 8.875000 3.750000
v 16.500000 8.875000 3.750000
v 16.500000 8.875000 6.250000
v 16.375000 9.000000 6.250000
v 16.375000 9.000000 3.750000
v 16.500000 9.000000 3.750000
v 16.500000 9.000000 6.250000
v 13.625000 8.875000 3.750000
v 13.625000 8.875000 6.250000
v 13.500000 8.875000 6.250000
v 13.500000 8.875000 3.750000
v 13.625000 9.000000 3.750000
v 13.625000 9.000000 6.250000
v 13.500000 9.000000 6.250000
v 13.500000 9.000000 3.750000
v 16.250000 8.875000 3.625000
v 13.750000 8.875000 3.625000
v 13.750000 8.875000 3.500000
v 16.250000 8.875000 3.500000
v 16.250000 9.000000 3.625000
v 13.750000 9.000000 3.625000
v 13.750000 9.000000 3.500000
v 16.250000 9.000000 3.500000
v 13.750000 8.875000 6.375000
v 16.250000 8.875000 6.375000
v 16.250000 8.875000 6.500000
v 13.750000 8.875000 6.500000
v 13.750000 9.000000 6.375000
v 16.250000 9.000000 6.375000
v 16.250000 9.000000 6.500000
v 13.750000 9.000000 6.500000
v 14.875000 0.125000 6.500000
v 15.125000 0.125000 6.500000
v 14.875000 0.125000 3.500000
v 15.125000 0.125000 3.500000
v 14.875000 0.250000 3.500000
v 14.875000 0.250000 6.500000
v 15.125000 0.250000 6.500000
v 15.125000 0.250000 3.500000
v 15.875000 0.125000 6.500000
v 16.125000 0.125000 6.500000
v 15.875000 0.125000 3.500000
v 16.125000 0.125000 3.500000
v 15.875000 0.250000 3.500000
v 15.875000 0.250000 6.500000
v 16.125000 0.250000 6.500000
v 16.125000 0.250000 3.500000
v 13.875000 0.125000 6.500000
v 14.125000 0.125000 6.500000
v 13.875000 0.125000 3.500000
v 14.125000 0.125000 3.500000
v 13.875000 0.250000 3.500000
v 13.875000 0.250000 6.500000
v 14.125000 0.250000 6.500000
v 14.125000 0.250000 3.500000
v 14.750000 0.250000 5.250000
v 16.250000 0.250000 5.250000
v 14.750000 0.250000 3.750000
v 16.250000 0.250000 3.750000
v 14.750000 1.000000 3.750000
v 14.750000 1.000000 5.250000
v 16.250000 1.000000 5.250000
v 16.250000 1.000000 3.750000
v 15.500000 1.000000 3.500000
v 15.117317 1.000000 3.576120
v 14.792893 1.000000 3.792893
v 14.576120 1.000000 4.117317
v 14.500000 1.000000 4.500000
v 14.576120 1.000000 4.882684
v 14.792893 1.000000 5.207107
v 15.117317 1.000000 5.423880
v 15.500000 1.000000 5.500000
v 15.882683 1.000000 5.423880
v 16.207108 1.000000 5.207107
v 16.423880 1.000000 4.882684
v 16.500000 1.000000 4.500000
v 16.423880 1.000000 4.117316
v 16.207108 1.000000 3.792893
v 15.882683 1.000000 3.576120
v 15.117317 2.000000 3.576120
v 15.500000 2.000000 3.500000
v 14.792893 2.000000 3.792893
v 14.576120 2.000000 4.117317
v 14.500000 2.000000 4.500000
v 14.576120 2.000000 4.882684
v 14.792893 2.000000 5.207107
v 15.117317 2.000000 5.423880
v 15.500000 2.000000 5.500000
v 15.882683 2.000000 5.423880
v 16.207108 2.000000 5.207107
v 16.423880 2.000000 4.882684
v 16.500000 2.000000 4.500000
v 16.423880 2.000000 4.117316
v 16.207108 2.000000 3.792893
v 15.882683 2.000000 3.576120
v 15.882683 1.750000 3.576120
v 16.207108 1.750000 3.792893
v 16.423880 1.750000 4.117316
v 16.500000 1.750000 4.500000
v 16.423880 1.750000 4.882684
v 16.207108 1.750000 5.207107
v 14.792893 1.750000 3.792893
v 15.500000 1.750000 3.500000
v 15.117317 1.750000 3.576120
v 15.882683 1.250000 3.576120
v 16.207108 1.250000 3.792893
v 16.423880 1.250000 4.117316
v 16.500000 1.250000 4.500000
v 16.423880 1.250000 4.882684
v 16.207108 1.250000 5.207107
v 14.792893 1.250000 3.792893
v 15.117317 1.250000 3.576120
v 15.500000 1.250000 3.500000
v 16.250000 3.500000 4.125000
v 15.875000 3.500000 3.750000
v 15.125000 3.500000 3.750000
v 14.750000 3.500000 4.125000
v 15.875000 3.500000 5.250000
v 16.250000 3.500000 4.875000
v 14.750000 3.500000 4.875000
v 15.125000 3.500000 5.250000
v 15.125000 2.000000 5.250000
v 14.750000 2.000000 4.875000
v 16.250000 2.000000 4.875000
v 15.875000 2.000000 5.250000
v 14.750000 2.000000 4.125000
v 15.125000 2.000000 3.750000
v 15.875000 2.000000 3.750000
v 16.250000 2.000000 4.125000
v 15.125000 2.500000 3.750000
v 14.750000 2.500000 4.125000
v 14.750000 2.500000 4.875000
v 15.125000 2.500000 5.250000
v 15.875000 2.500000 5.250000
v 16.250000 2.500000 4.875000
v 16.250000 2.500000 4.125000
v 15.875000 2.500000 3.750000
v 15.125000 4.000000 3.750000
v 14.750000 4.000000 4.125000
v 14.750000 4.000000 4.875000
v 15.125000 4.000000 5.250000
v 15.875000 4.000000 5.250000
v 16.250000 4.000000 4.875000
v 16.250000 4.000000 4.125000
v 15.875000 4.000000 3.750000
v 16.250000 5.000000 4.125000
v 15.875000 5.000000 3.750000
v 15.125000 5.000000 3.750000
v 14.750000 5.000000 4.125000
v 15.875000 5.000000 5.250000
v 16.250000 5.000000 4.875000
v 14.750000 5.000000 4.875000
v 15.125000 5.000000 5.250000
v 15.125000 5.500000 3.750000
v 14.750000 5.500000 4.125000
v 14.750000 5.500000 4.875000
v 15.125000 5.500000 5.250000
v 15.875000 5.500000 5.250000
v 16.250000 5.500000 4.875000
v 16.250000 5.500000 4.125000
v 15.875000 5.500000 3.750000
v 16.250000 6.500000 4.125000
v 15.875000 6.500000 3.750000
v 15.125000 6.500000 3.750000
v 14.750000 6.500000 4.125000
v 15.875000 6.500000 5.250000
v 16.250000 6.500000 4.875000
v 14.750000 6.500000 4.875000
v 15.125000 6.500000 5.250000
v 15.125000 7.000000 3.750000
v 14.750000 7.000000 4.125000
v 14.750000 7.000000 4.875000
v 15.125000 7.000000 5.250000
v 15.875000 7.000000 5.250000
v 16.250000 7.000000 4.875000
v 16.250000 7.000000 4.125000
v 15.875000 7.000000 3.750000
v 15.500000 7.000000 3.500000
v 15.117317 7.000000 3.576120
v 14.792893 7.000000 3.792893
v 14.576120 7.000000 4.117317
v 14.500000 7.000000 4.500000
v 14.576120 7.000000 4.882684
v 14.792893 7.000000 5.207107
v 15.117317 7.000000 5.423880
v 15.500000 7.000000 5.500000
v 15.882683 7.000000 5.423880
v 16.207108 7.000000 5.207107
v 16.423880 7.000000 4.882684
v 16.500000 7.000000 4.500000
v 16.423880 7.000000 4.117316
v 16.207108 7.000000 3.792893
v 15.882683 7.000000 3.576120
v 15.117317 7.500000 3.576120
v 15.500000 7.500000 3.500000
v 14.792893 7.500000 3.792893
v 14.576120 7.500000 4.117317
v 14.500000 7.500000 4.500000
v 14.576120 7.500000 4.882684
v 14.792893 7.500000 5.207107
v 15.117317 7.500000 5.423880
v 15.500000 7.500000 5.500000
v 15.882683 7.500000 5.423880
v 16.207108 7.500000 5.207107
v 16.423880 7.500000 4.882684
v 16.500000 7.500000 4.500000
v 16.423880 7.500000 4.117316
v 16.207108 7.500000 3.792893
v 15.882683 7.500000 3.576120
v 15.308659 8.000000 4.038060
v 15.500000 8.000000 4.000000
v 15.146446 8.000000 4.146447
v 15.038060 8.000000 4.308658
v 15.000000 8.000000 4.500000
v 15.038060 8.000000 4.691342
v 15.146446 8.000000 4.853553
v 15.308659 8.000000 4.961940
v 15.500000 8.000000 5.000000
v 15.691341 8.000000 4.961940
v 15.853554 8.000000 4.853553
v 15.961940 8.000000 4.691342
v 16.000000 8.000000 4.500000
v 15.961940 8.000000 4.308658
v 15.853554 8.000000 4.146446
v 15.691341 8.000000 4.038060
v 13.750000 0.250000 6.250000
v 14.250000 0.250000 6.250000
v 13.750000 0.250000 3.750000
v 14.250000 0.250000 3.750000
v 13.750000 1.000000 3.750000
v 13.750000 1.000000 6.250000
v 14.250000 1.000000 6.250000
v 14.250000 1.000000 3.750000
v 13.500000 1.000000 6.375000
v 14.500000 1.000000 6.375000
v 13.500000 1.000000 3.875000
v 14.500000 1.000000 3.875000
v 13.500000 2.500000 3.875000
v 14.500000 2.500000 3.875000
v 13.500000 4.000000 5.375000
v 13.750000 7.250000 3.937500
v 14.250000 7.250000 3.937500
v 14.500000 4.000000 5.375000
v 14.500000 1.500000 3.875000
v 14.250000 7.250000 6.062500
v 13.500000 5.000000 5.375000
v 13.500000 1.500000 3.875000
v 14.500000 1.000000 3.625000
v 13.500000 1.000000 3.625000
v 13.500000 1.500000 3.625000
v 14.500000 1.500000 3.625000
v 13.750000 7.250000 6.062500
v 14.500000 5.000000 5.375000
v 14.000000 1.500000 3.625000
v 13.911612 1.500000 3.661612
v 13.875000 1.500000 3.750000
v 13.911612 1.500000 3.838388
v 14.000000 1.500000 3.875000
v 14.088388 1.500000 3.838388
v 14.125000 1.500000 3.750000
v 14.088388 1.500000 3.661612
v 14.000000 2.500000 3.625000
v 13.911612 2.500000 3.661612
v 13.875000 2.500000 3.750000
v 13.911612 2.500000 3.838388
v 14.000000 2.500000 3.875000
v 14.088388 2.500000 3.838388
v 14.125000 2.500000 3.750000
v 14.088388 2.500000 3.661612
v 14.000000 4.000000 5.125000
v 13.911612 4.000000 5.161612
v 13.875000 4.000000 5.250000
v 13.911612 4.000000 5.338388
v 14.000000 4.000000 5.375000
v 14.088388 4.000000 5.338388
v 14.125000 4.000000 5.250000
v 14.088388 4.000000 5.161612
v 14.000000 5.000000 5.125000
v 13.911612 5.000000 5.161612
v 13.875000 5.000000 5.250000
v 13.911612 5.000000 5.338388
v 14.000000 5.000000 5.375000
v 14.088388 5.000000 5.338388
v 14.125000 5.000000 5.250000
v 14.088388 5.000000 5.161612
v 15.500000 1.125000 3.625000
v 15.165152 1.125000 3.691605
v 14.881281 1.125000 3.881281
v 14.691606 1.125000 4.165152
v 14.625000 1.125000 4.500000
v 14.691606 1.125000 4.834848
v 14.881281 1.125000 5.118718
v 15.165152 1.125000 5.308394
v 15.500000 1.125000 5.375000
v 15.834847 1.125000 5.308394
v 16.118717 1.125000 5.118719
v 16.308395 1.125000 4.834848
v 16.375000 1.125000 4.500000
v 16.308395 1.125000 4.165152
v 16.118717 1.125000 3.881281
v 15.834847 1.125000 3.691605
v 15.500000 1.250000 3.625000
v 15.165152 1.250000 3.691605
v 14.881281 1.250000 3.881281
v 16.118717 1.250000 5.118719
v 16.308395 1.250000 4.834848
v 16.375000 1.250000 4.500000
v 16.308395 1.250000 4.165152
v 16.118717 1.250000 3.881281
v 15.834847 1.250000 3.691605
v 15.500000 1.875000 3.625000
v 15.165152 1.875000 3.691605
v 14.881281 1.875000 3.881281
v 14.691606 1.875000 4.165152
v 14.625000 1.875000 4.500000
v 14.691606 1.875000 4.834848
v 14.881281 1.875000 5.118718
v 15.165152 1.875000 5.308394
v 15.500000 1.875000 5.375000
v 15.834847 1.875000 5.308394
v 16.118717 1.875000 5.118719
v 16.308395 1.875000 4.834848
v 16.375000 1.875000 4.500000
v 16.308395 1.875000 4.165152
v 16.118717 1.875000 3.881281
v 15.834847 1.875000 3.691605
v 15.500000 1.750000 3.625000
v 15.165152 1.750000 3.691605
v 14.881281 1.750000 3.881281
v 16.118717 1.750000 5.118719
v 16.308395 1.750000 4.834848
v 16.375000 1.750000 4.500000
v 16.308395 1.750000 4.165152
v 16.118717 1.750000 3.881281
v 15.834847 1.750000 3.691605
v 15.500000 2.500000 3.500000
v 15.117317 2.500000 3.576120
v 14.792893 2.500000 3.792893
v 14.576120 2.500000 4.117317
v 14.500000 2.500000 4.500000
v 14.576120 2.500000 4.882684
v 14.792893 2.500000 5.207107
v 15.117317 2.500000 5.423880
v 15.500000 2.500000 5.500000
v 15.882683 2.500000 5.423880
v 16.207108 2.500000 5.207107
v 16.423880 2.500000 4.882684
v 16.500000 2.500000 4.500000
v 16.423880 2.500000 4.117316
v 16.207108 2.500000 3.792893
v 15.882683 2.500000 3.576120
v 15.117317 3.500000 3.576120
v 15.500000 3.500000 3.500000
v 14.792893 3.500000 3.792893
v 14.576120 3.500000 4.117317
v 14.500000 3.500000 4.500000
v 14.576120 3.500000 4.882684
v 14.792893 3.500000 5.207107
v 15.117317 3.500000 5.423880
v 15.500000 3.500000 5.500000
v 15.882683 3.500000 5.423880
v 16.207108 3.500000 5.207107
v 16.423880 3.500000 4.882684
v 16.500000 3.500000 4.500000
v 16.423880 3.500000 4.117316
v 16.207108 3.500000 3.792893
v 15.882683 3.500000 3.576120
v 15.882683 3.250000 3.576120
v 16.207108 3.250000 3.792893
v 16.423880 3.250000 4.117316
v 16.500000 3.250000 4.500000
v 16.423880 3.250000 4.882684
v 16.207108 3.250000 5.207107
v 14.792893 3.250000 3.792893
v 15.500000 3.250000 3.500000
v 15.117317 3.250000 3.576120
v 15.882683 2.750000 3.576120
v 16.207108 2.750000 3.792893
v 16.423880 2.750000 4.117316
v 16.500000 2.750000 4.500000
v 16.423880 2.750000 4.882684
v 16.207108 2.750000 5.207107
v 14.792893 2.750000 3.792893
v 15.117317 2.750000 3.576120
v 15.500000 2.750000 3.500000
v 15.500000 2.625000 3.625000
v 15.165152 2.625000 3.691605
v 14.881281 2.625000 3.881281
v 14.691606 2.625000 4.165152
v 14.625000 2.625000 4.500000
v 14.691606 2.625000 4.834848
v 14.881281 2.625000 5.118718
v 15.165152 2.625000 5.308394
v 15.500000 2.625000 5.375000
v 15.834847 2.625000 5.308394
v 16.118717 2.625000 5.118719
v 16.308395 2.625000 4.834848
v 16.375000 2.625000 4.500000
v 16.308395 2.625000 4.165152
v 16.118717 2.625000 3.881281
v 15.834847 2.625000 3.691605
v 15.500000 2.750000 3.625000
v 15.165152 2.750000 3.691605
v 14.881281 2.750000 3.881281
v 16.118717 2.750000 5.118719
v 16.308395 2.750000 4.834848
v 16.375000 2.750000 4.500000
v 16.308395 2.750000 4.165152
v 16.118717 2.750000 3.881281
v 15.834847 2.750000 3.691605
v 15.500000 3.375000 3.625000
v 15.165152 3.375000 3.691605
v 14.881281 3.375000 3.881281
v 14.691606 3.375000 4.165152
v 14.625000 3.375000 4.500000
v 14.691606 3.375000 4.834848
v 14.881281 3.375000 5.118718
v 15.165152 3.375000 5.308394
v 15.500000 3.375000 5.375000
v 15.834847 3.375000 5.308394
v 16.118717 3.375000 5.118719
v 16.308395 3.375000 4.834848
v 16.375000 3.375000 4.500000
v 16.308395 3.375000 4.165152
v 16.118717 3.375000 3.881281
v 15.834847 3.375000 3.691605
v 15.500000 3.250000 3.625000
v 15.165152 3.250000 3.691605
v 14.881281 3.250000 3.881281
v 16.118717 3.250000 5.118719
v 16.308395 3.250000 4.834848
v 16.375000 3.250000 4.500000
v 16.308395 3.250000 4.165152
v 16.118717 3.250000 3.881281
v 15.834847 3.250000 3.691605
v 15.500000 4.000000 3.500000
v 15.117317 4.000000 3.576120
v 14.792893 4.000000 3.792893
v 14.576120 4.000000 4.117317
v 14.500000 4.000000 4.500000
v 14.576120 4.000000 4.882684
v 14.792893 4.000000 5.207107
v 15.117317 4.000000 5.423880
v 15.500000 4.000000 5.500000
v 15.882683 4.000000 5.423880
v 16.207108 4.000000 5.207107
v 16.423880 4.000000 4.882684
v 16.500000 4.000000 4.500000
v 16.423880 4.000000 4.117316
v 16.207108 4.000000 3.792893
v 15.882683 4.000000 3.576120
v 15.117317 5.000000 3.576120
v 15.500000 5.000000 3.500000
v 14.792893 5.000000 3.792893
v 14.576120 5.000000 4.117317
v 14.500000 5.000000 4.500000
v 14.576120 5.000000 4.882684
v 14.792893 5.000000 5.207107
v 15.117317 5.000000 5.423880
v 15.500000 5.000000 5.500000
v 15.882683 5.000000 5.423880
v 16.207108 5.000000 5.207107
v 16.423880 5.000000 4.882684
v 16.500000 5.000000 4.500000
v 16.423880 5.000000 4.117316
v 16.207108 5.000000 3.792893
v 15.882683 5.000000 3.576120
v 15.882683 4.750000 3.576120
v 16.207108 4.750000 3.792893
v 16.423880 4.750000 4.117316
v 16.500000 4.750000 4.500000
v 16.423880 4.750000 4.882684
v 16.207108 4.750000 5.207107
v 14.792893 4.750000 3.792893
v 15.500000 4.750000 3.500000
v 15.117317 4.750000 3.576120
v 15.882683 4.250000 3.576120
v 16.207108 4.250000 3.792893
v 16.423880 4.250000 4.117316
v 16.500000 4.250000 4.500000
v 16.423880 4.250000 4.882684
v 16.207108 4.250000 5.207107
v 14.792893 4.250000 3.792893
v 15.117317 4.250000 3.576120
v 15.500000 4.250000 3.500000
v 15.500000 4.125000 3.625000
v 15.165152 4.125000 3.691605
v 14.881281 4.125000 3.881281
v 14.691606 4.125000 4.165152
v 14.625000 4.125000 4.500000
v 14.691606 4.125000 4.834848
v 14.881281 4.125000 5.118718
v 15.165152 4.125000 5.308394
v 15.500000 4.125000 5.375000
v 15.834847 4.125000 5.308394
v 16.118717 4.125000 5.118719
v 16.308395 4.125000 4.834848
v 16.375000 4.125000 4.500000
v 16.308395 4.125000 4.165152
v 16.118717 4.125000 3.881281
v 15.834847 4.125000 3.691605
v 15.500000 4.250000 3.625000
v 15.165152 4.250000 3.691605
v 14.881281 4.250000 3.881281
v 16.118717 4.250000 5.118719
v 16.308395 4.250000 4.834848
v 16.375000 4.250000 4.500000
v 16.308395 4.250000 4.165152
v 16.118717 4.250000 3.881281
v 15.834847 4.250000 3.691605
v 15.500000 4.875000 3.625000
v 15.165152 4.875000 3.691605
v 14.881281 4.875000 3.881281
v 14.691606 4.875000 4.165152
v 14.625000 4.875000 4.500000
v 14.691606 4.875000 4.834848
v 14.881281 4.875000 5.118718
v 15.165152 4.875000 5.308394
v 15.500000 4.875000 5.375000
v 15.834847 4.875000 5.308394
v 16.118717 4.875000 5.118719
v 16.308395 4.875000 4.834848
v 16.375000 4.875000 4.500000
v 16.308395 4.875000 4.165152
v 16.118717 4.875000 3.881281
v 15.834847 4.875000 3.691605
v 15.500000 4.750000 3.625000
v 15.165152 4.750000 3.691605
v 14.881281 4.750000 3.881281
v 16.118717 4.750000 5.118719
v 16.308395 4.750000 4.834848
v 16.375000 4.750000 4.500000
v 16.308395 4.750000 4.165152
v 16.118717 4.750000 3.881281
v 15.834847 4.750000 3.691605
v 15.500000 5.500000 3.500000
v 15.117317 5.500000 3.576120
v 14.792893 5.500000 3.792893
v 14.576120 5.500000 4.117317
v 14.500000 5.500000 4.500000
v 14.576120 5.500000 4.882684
v 14.792893 5.500000 5.207107
v 15.117317 5.500000 5.423880
v 15.500000 5.500000 5.500000
v 15.882683 5.500000 5.423880
v 16.207108 5.500000 5.207107
v 16.423880 5.500000 4.882684
v 16.500000 5.500000 4.500000
v 16.423880 5.500000 4.117316
v 16.207108 5.500000 3.792893
v 15.882683 5.500000 3.576120
v 15.117317 6.500000 3.576120
v 15.500000 6.500000 3.500000
v 14.792893 6.500000 3.792893
v 14.576120 6.500000 4.117317
v 14.500000 6.500000 4.500000
v 14.576120 6.500000 4.882684
v 14.792893 6.500000 5.207107
v 15.117317 6.500000 5.423880
v 15.500000 6.500000 5.500000
v 15.882683 6.500000 5.423880
v 16.207108 6.500000 5.207107
v 16.423880 6.500000 4.882684
v 16.500000 6.500000 4.500000
v 16.423880 6.500000 4.117316
v 16.207108 6.500000 3.792893
v 15.882683 6.500000 3.576120
v 15.882683 6.250000 3.576120
v 16.207108 6.250000 3.792893
v 16.423880 6.250000 4.117316
v 16.500000 6.250000 4.500000
v 16.423880 6.250000 4.882684
v 16.207108 6.250000 5.207107
v 14.792893 6.250000 3.792893
v 15.500000 6.250000 3.500000
v 15.117317 6.250000 3.576120
v 15.882683 5.750000 3.576120
v 16.207108 5.750000 3.792893
v 16.423880 5.750000 4.117316
v 16.500000 5.750000 4.500000
v 16.423880 5.750000 4.882684
v 16.207108 5.750000 5.207107
v 14.792893 5.750000 3.792893
v 15.117317 5.750000 3.576120
v 15.500000 5.750000 3.500000
v 15.500000 5.625000 3.625000
v 15.165152 5.625000 3.691605
v 14.881281 5.625000 3.881281
v 14.691606 5.625000 4.165152
v 14.625000 5.625000 4.500000
v 14.691606 5.625000 4.834848
v 14.881281 5.625000 5.118718
v 15.165152 5.625000 5.308394
v 15.500000 5.625000 5.375000
v 15.834847 5.625000 5.308394
v 16.118717 5.625000 5.118719
v 16.308395 5.625000 4.834848
v 16.375000 5.625000 4.500000
v 16.308395 5.625000 4.165152
v 16.118717 5.625000 3.881281
v 15.834847 5.625000 3.691605
v 15.500000 5.750000 3.625000
v 15.165152 5.750000 3.691605
v 14.881281 5.750000 3.881281
v 16.118717 5.750000 5.118719
v 16.308395 5.750000 4.834848
v 16.375000 5.750000 4.500000
v 16.308395 5.750000 4.165152
v 16.118717 5.750000 3.881281
v 15.834847 5.750000 3.691605
v 15.500000 6.375000 3.625000
v 15.165152 6.375000 3.691605
v 14.881281 6.375000 3.881281
v 14.691606 6.375000 4.165152
v 14.625000 6.375000 4.500000
v 14.691606 6.375000 4.834848
v 14.881281 6.375000 5.118718
v 15.165152 6.375000 5.308394
v 15.500000 6.375000 5.375000
v 15.834847 6.375000 5.308394
v 16.118717 6.375000 5.118719
v 16.308395 6.375000 4.834848
v 16.375000 6.375000 4.500000
v 16.308395 6.375000 4.165152
v 16.118717 6.375000 3.881281
v 15.834847 6.375000 3.691605
v 15.500000 6.250000 3.625000
v 15.165152 6.250000 3.691605
v 14.881281 6.250000 3.881281
v 16.118717 6.250000 5.118719
v 16.308395 6.250000 4.834848
v 16.375000 6.250000 4.500000
v 16.308395 6.250000 4.165152
v 16.118717 6.250000 3.881281
v 15.834847 6.250000 3.691605
v 14.250000 1.500000 3.625000
v 14.161612 1.500000 3.661612
v 14.125000 1.500000 3.750000
v 14.161612 1.500000 3.838388
v 14.250000 1.500000 3.875000
v 14.338388 1.500000 3.838388
v 14.375000 1.500000 3.750000
v 14.338388 1.500000 3.661612
v 14.250000 2.500000 3.625000
v 14.161612 2.500000 3.661612
v 14.125000 2.500000 3.750000
v 14.161612 2.500000 3.838388
v 14.250000 2.500000 3.875000
v 14.338388 2.500000 3.838388
v 14.375000 2.500000 3.750000
v 14.338388 2.500000 3.661612
v 14.250000 4.000000 5.125000
v 14.161612 4.000000 5.161612
v 14.125000 4.000000 5.250000
v 14.161612 4.000000 5.338388
v 14.250000 4.000000 5.375000
v 14.338388 4.000000 5.338388
v 14.375000 4.000000 5.250000
v 14.338388 4.000000 5.161612
v 14.250000 5.000000 5.125000
v 14.161612 5.000000 5.161612
v 14.125000 5.000000 5.250000
v 14.161612 5.000000 5.338388
v 14.250000 5.000000 5.375000
v 14.338388 5.000000 5.338388
v 14.375000 5.000000 5.250000
v 14.338388 5.000000 5.161612
v 13.750000 1.500000 3.625000
v 13.661612 1.500000 3.661612
v 13.625000 1.500000 3.750000
v 13.661612 1.500000 3.838388
v 13.750000 1.500000 3.875000
v 13.838388 1.500000 3.838388
v 13.875000 1.500000 3.750000
v 13.838388 1.500000 3.661612
v 13.750000 2.500000 3.625000
v 13.661612 2.500000 3.661612
v 13.625000 2.500000 3.750000
v 13.661612 2.500000 3.838388
v 13.750000 2.500000 3.875000
v 13.838388 2.500000 3.838388
v 13.875000 2.500000 3.750000
v 13.838388 2.500000 3.661612
v 13.750000 4.000000 5.125000
v 13.661612 4.000000 5.161612
v 13.625000 4.000000 5.250000
v 13.661612 4.000000 5.338388
v 13.750000 4.000000 5.375000
v 13.838388 4.000000 5.338388
v 13.875000 4.000000 5.250000
v 13.838388 4.000000 5.161612
v 13.750000 5.000000 5.125000
v 13.661612 5.000000 5.161612
v 13.625000 5.000000 5.250000
v 13.661612 5.000000 5.338388
v 13.750000 5.000000 5.375000
v 13.838388 5.000000 5.338388
v 13.875000 5.000000 5.250000
v 13.838388 5.000000 5.161612
v 14.750000 0.250000 6.250000
v 16.250000 0.250000 6.250000
v 14.750000 1.000000 6.250000
v 16.250000 1.000000 6.250000
v 14.750000 0.250000 5.750000
v 16.250000 0.250000 5.750000
v 14.750000 1.000000 5.750000
v 16.250000 1.000000 5.750000
v 15.125000 1.125000 6.375000
v 15.125000 1.875000 6.375000
v 14.625000 1.000000 5.500000
v 14.625000 2.000000 5.500000
v 15.875000 1.125000 6.375000
v 15.875000 1.875000 6.375000
v 16.375000 1.000000 5.500000
v 16.375000 2.000000 5.500000
v 14.625000 1.000000 6.375000
v 14.625000 2.000000 6.375000
v 16.375000 2.000000 6.375000
v 16.375000 1.000000 6.375000
v 15.187500 1.187500 6.500000
v 15.187500 1.812500 6.500000
v 15.812500 1.812500 6.500000
v 15.812500 1.187500 6.500000
v 15.125000 1.125000 6.500000
v 15.125000 1.875000 6.500000
v 15.875000 1.875000 6.500000
v 15.875000 1.125000 6.500000
v 15.187500 1.187500 6.375000
v 15.187500 1.812500 6.375000
v 15.812500 1.812500 6.375000
v 15.812500 1.187500 6.375000
v 15.500000 1.562500 6.375000
v 15.445873 1.531250 6.375000
v 15.445873 1.468750 6.375000
v 15.500000 1.437500 6.375000
v 15.554127 1.468750 6.375000
v 15.554127 1.531250 6.375000
v 15.445873 1.531250 6.500000
v 15.500000 1.562500 6.500000
v 15.445873 1.468750 6.500000
v 15.500000 1.437500 6.500000
v 15.554127 1.468750 6.500000
v 15.554127 1.531250 6.500000
v 15.310556 1.640625 6.437500
v 15.472937 1.734375 6.437500
v 15.310556 1.359375 6.437500
v 15.472937 1.265625 6.437500
v 15.716507 1.406250 6.437500
v 15.716507 1.593750 6.437500
v 15.445873 1.531250 6.437500
v 15.500000 1.562500 6.437500
v 15.445873 1.468750 6.437500
v 15.500000 1.437500 6.437500
v 15.554127 1.468750 6.437500
v 15.554127 1.531250 6.437500
v 15.437500 1.187500 6.500000
v 15.437500 1.812500 6.500000
v 15.375000 1.187500 6.500000
v 15.375000 1.812500 6.500000
v 15.312500 1.187500 6.500000
v 15.312500 1.812500 6.500000
v 15.250000 1.187500 6.500000
v 15.250000 1.812500 6.500000
v 15.750000 1.187500 6.500000
v 15.750000 1.812500 6.500000
v 15.687500 1.187500 6.500000
v 15.687500 1.812500 6.500000
v 15.625000 1.187500 6.500000
v 15.625000 1.812500 6.500000
v 15.562500 1.187500 6.500000
v 15.562500 1.812500 6.500000
v 15.125000 2.625000 6.375000
v 15.125000 3.375000 6.375000
v 14.625000 2.500000 5.500000
v 14.625000 3.500000 5.500000
v 15.875000 2.625000 6.375000
v 15.875000 3.375000 6.375000
v 16.375000 2.500000 5.500000
v 16.375000 3.500000 5.500000
v 14.625000 2.500000 6.375000
v 14.625000 3.500000 6.375000
v 16.375000 3.500000 6.375000
v 16.375000 2.500000 6.375000
v 15.187500 2.687500 6.500000
v 15.187500 3.312500 6.500000
v 15.812500 3.312500 6.500000
v 15.812500 2.687500 6.500000
v 15.125000 2.625000 6.500000
v 15.125000 3.375000 6.500000
v 15.875000 3.375000 6.500000
v 15.875000 2.625000 6.500000
v 15.187500 2.687500 6.375000
v 15.187500 3.312500 6.375000
v 15.812500 3.312500 6.375000
v 15.812500 2.687500 6.375000
v 15.500000 3.062500 6.375000
v 15.445873 3.031250 6.375000
v 15.445873 2.968750 6.375000
v 15.500000 2.937500 6.375000
v 15.554127 2.968750 6.375000
v 15.554127 3.031250 6.375000
v 15.445873 3.031250 6.500000
v 15.500000 3.062500 6.500000
v 15.445873 2.968750 6.500000
v 15.500000 2.937500 6.500000
v 15.554127 2.968750 6.500000
v 15.554127 3.031250 6.500000
v 15.310556 3.140625 6.437500
v 15.472937 3.234375 6.437500
v 15.310556 2.859375 6.437500
v 15.472937 2.765625 6.437500
v 15.716507 2.906250 6.437500
v 15.716507 3.093750 6.437500
v 15.445873 3.031250 6.437500
v 15.500000 3.062500 6.437500
v 15.445873 2.968750 6.437500
v 15.500000 2.937500 6.437500
v 15.554127 2.968750 6.437500
v 15.554127 3.031250 6.437500
v 15.437500 2.687500 6.500000
v 15.437500 3.312500 6.500000
v 15.375000 2.687500 6.500000
v 15.375000 3.312500 6.500000
v 15.312500 2.687500 6.500000
v 15.312500 3.312500 6.500000
v 15.250000 2.687500 6.500000
v 15.250000 3.312500 6.500000
v 15.750000 2.687500 6.500000
v 15.750000 3.312500 6.500000
v 15.687500 2.687500 6.500000
v 15.687500 3.312500 6.500000
v 15.625000 2.687500 6.500000
v 15.625000 3.312500 6.500000
v 15.562500 2.687500 6.500000
v 15.562500 3.312500 6.500000
v 14.750000 2.000000 6.312500
v 16.250000 2.000000 6.312500
v 14.750000 2.000000 5.812500
v 16.250000 2.000000 5.812500
v 14.750000 2.500000 6.312500
v 16.250000 2.500000 6.312500
v 14.750000 2.500000 5.812500
v 16.250000 2.500000 5.812500
v 15.875000 2.375000 5.812500
v 15.786612 2.338388 5.812500
v 15.750000 2.250000 5.812500
v 15.786612 2.161612 5.812500
v 15.875000 2.125000 5.812500
v 15.963388 2.161612 5.812500
v 16.000000 2.250000 5.812500
v 15.963388 2.338388 5.812500
v 15.875000 2.375000 5.062500
v 15.786612 2.338388 5.062500
v 15.750000 2.250000 5.062500
v 15.786612 2.161612 5.062500
v 15.875000 2.125000 5.062500
v 15.963388 2.161612 5.062500
v 16.000000 2.250000 5.062500
v 15.963388 2.338388 5.062500
v 15.125000 2.375000 5.812500
v 15.036612 2.338388 5.812500
v 15.000000 2.250000 5.812500
v 15.036612 2.161612 5.812500
v 15.125000 2.125000 5.812500
v 15.213388 2.161612 5.812500
v 15.250000 2.250000 5.812500
v 15.213388 2.338388 5.812500
v 15.125000 2.375000 5.062500
v 15.036612 2.338388 5.062500
v 15.000000 2.250000 5.062500
v 15.036612 2.161612 5.062500
v 15.125000 2.125000 5.062500
v 15.213388 2.161612 5.062500
v 15.250000 2.250000 5.062500
v 15.213388 2.338388 5.062500
v 14.750000 3.500000 6.312500
v 16.250000 3.500000 6.312500
v 14.750000 3.500000 5.812500
v 16.250000 3.500000 5.812500
v 14.500000 5.000000 3.625000
v 13.500000 5.000000 3.625000
v 14.750000 4.000000 5.812500
v 16.250000 4.000000 5.812500
v 15.875000 3.875000 5.812500
v 15.786612 3.838388 5.812500
v 15.750000 3.750000 5.812500
v 15.786612 3.661612 5.812500
v 15.875000 3.625000 5.812500
v 15.963388 3.661612 5.812500
v 16.000000 3.750000 5.812500
v 15.963388 3.838388 5.812500
v 15.875000 3.875000 5.062500
v 15.786612 3.838388 5.062500
v 15.750000 3.750000 5.062500
v 15.786612 3.661612 5.062500
v 15.875000 3.625000 5.062500
v 15.963388 3.661612 5.062500
v 16.000000 3.750000 5.062500
v 15.963388 3.838388 5.062500
v 15.125000 3.875000 5.812500
v 15.036612 3.838388 5.812500
v 15.000000 3.750000 5.812500
v 15.036612 3.661612 5.812500
v 15.125000 3.625000 5.812500
v 15.213388 3.661612 5.812500
v 15.250000 3.750000 5.812500
v 15.213388 3.838388 5.812500
v 15.125000 3.875000 5.062500
v 15.036612 3.838388 5.062500
v 15.000000 3.750000 5.062500
v 15.036612 3.661612 5.062500
v 15.125000 3.625000 5.062500
v 15.213388 3.661612 5.062500
v 15.250000 3.750000 5.062500
v 15.213388 3.838388 5.062500
v 14.750000 3.750000 6.312500
v 14.750000 4.000000 6.062500
v 16.250000 4.000000 6.062500
v 16.250000 3.750000 6.312500
v 13.625000 6.000000 6.250000
v 14.375000 6.000000 6.250000
v 14.375000 6.000000 3.750000
v 13.625000 6.000000 3.750000
v 14.250000 4.000000 4.625000
v 14.161612 4.000000 4.661612
v 14.125000 4.000000 4.750000
v 14.161612 4.000000 4.838388
v 14.250000 4.000000 4.875000
v 14.338388 4.000000 4.838388
v 14.375000 4.000000 4.750000
v 14.338388 4.000000 4.661612
v 14.250000 5.000000 4.625000
v 14.161612 5.000000 4.661612
v 14.125000 5.000000 4.750000
v 14.161612 5.000000 4.838388
v 14.250000 5.000000 4.875000
v 14.338388 5.000000 4.838388
v 14.375000 5.000000 4.750000
v 14.338388 5.000000 4.661612
v 14.250000 4.000000 3.625000
v 14.161612 4.000000 3.661612
v 14.125000 4.000000 3.750000
v 14.161612 4.000000 3.838388
v 14.250000 4.000000 3.875000
v 14.338388 4.000000 3.838388
v 14.375000 4.000000 3.750000
v 14.338388 4.000000 3.661612
v 14.250000 5.000000 3.625000
v 14.161612 5.000000 3.661612
v 14.125000 5.000000 3.750000
v 14.161612 5.000000 3.838388
v 14.250000 5.000000 3.875000
v 14.338388 5.000000 3.838388
v 14.375000 5.000000 3.750000
v 14.338388 5.000000 3.661612
v 14.161612 3.849112 3.724112
v 14.250000 3.823223 3.698223
v 14.161612 3.963388 4.625000
v 14.125000 3.875000 4.625000
v 14.161612 3.786612 4.625000
v 14.250000 3.750000 4.625000
v 14.338388 3.786612 4.625000
v 14.375000 3.875000 4.625000
v 14.338388 3.963388 4.625000
v 14.338388 3.974112 4.650888
v 14.375000 3.911612 4.713388
v 14.338388 3.849112 4.775888
v 14.250000 3.823223 4.801777
v 14.161612 3.849112 4.775888
v 14.125000 3.911612 4.713388
v 14.161612 3.974112 4.650888
v 14.125000 3.911612 3.786612
v 14.161612 3.974112 3.849112
v 14.338388 3.974112 3.849112
v 14.375000 3.911612 3.786612
v 14.338388 3.849112 3.724112
v 14.161612 3.786612 3.875000
v 14.250000 3.750000 3.875000
v 14.125000 3.875000 3.875000
v 14.161612 3.963388 3.875000
v 14.338388 3.963388 3.875000
v 14.375000 3.875000 3.875000
v 14.338388 3.786612 3.875000
v 14.000000 4.000000 4.625000
v 13.911612 4.000000 4.661612
v 13.875000 4.000000 4.750000
v 13.911612 4.000000 4.838388
v 14.000000 4.000000 4.875000
v 14.088388 4.000000 4.838388
v 14.125000 4.000000 4.750000
v 14.088388 4.000000 4.661612
v 14.000000 5.000000 4.625000
v 13.911612 5.000000 4.661612
v 13.875000 5.000000 4.750000
v 13.911612 5.000000 4.838388
v 14.000000 5.000000 4.875000
v 14.088388 5.000000 4.838388
v 14.125000 5.000000 4.750000
v 14.088388 5.000000 4.661612
v 14.000000 4.000000 3.625000
v 13.911612 4.000000 3.661612
v 13.875000 4.000000 3.750000
v 13.911612 4.000000 3.838388
v 14.000000 4.000000 3.875000
v 14.088388 4.000000 3.838388
v 14.125000 4.000000 3.750000
v 14.088388 4.000000 3.661612
v 14.000000 5.000000 3.625000
v 13.911612 5.000000 3.661612
v 13.875000 5.000000 3.750000
v 13.911612 5.000000 3.838388
v 14.000000 5.000000 3.875000
v 14.088388 5.000000 3.838388
v 14.125000 5.000000 3.750000
v 14.088388 5.000000 3.661612
v 13.911612 3.849112 3.724112
v 14.000000 3.823223 3.698223
v 13.911612 3.963388 4.625000
v 13.875000 3.875000 4.625000
v 13.911612 3.786612 4.625000
v 14.000000 3.750000 4.625000
v 14.088388 3.786612 4.625000
v 14.125000 3.875000 4.625000
v 14.088388 3.963388 4.625000
v 14.088388 3.974112 4.650888
v 14.125000 3.911612 4.713388
v 14.088388 3.849112 4.775888
v 14.000000 3.823223 4.801777
v 13.911612 3.849112 4.775888
v 13.875000 3.911612 4.713388
v 13.911612 3.974112 4.650888
v 13.875000 3.911612 3.786612
v 13.911612 3.974112 3.849112
v 14.088388 3.974112 3.849112
v 14.125000 3.911612 3.786612
v 14.088388 3.849112 3.724112
v 13.911612 3.786612 3.875000
v 14.000000 3.750000 3.875000
v 13.875000 3.875000 3.875000
v 13.911612 3.963388 3.875000
v 14.088388 3.963388 3.875000
v 14.125000 3.875000 3.875000
v 14.088388 3.786612 3.875000
v 13.750000 4.000000 4.625000
v 13.661612 4.000000 4.661612
v 13.625000 4.000000 4.750000
v 13.661612 4.000000 4.838388
v 13.750000 4.000000 4.875000
v 13.838388 4.000000 4.838388
v 13.875000 4.000000 4.750000
v 13.838388 4.000000 4.661612
v 13.750000 5.000000 4.625000
v 13.661612 5.000000 4.661612
v 13.625000 5.000000 4.750000
v 13.661612 5.000000 4.838388
v 13.750000 5.000000 4.875000
v 13.838388 5.000000 4.838388
v 13.875000 5.000000 4.750000
v 13.838388 5.000000 4.661612
v 13.750000 4.000000 3.625000
v 13.661612 4.000000 3.661612
v 13.625000 4.000000 3.750000
v 13.661612 4.000000 3.838388
v 13.750000 4.000000 3.875000
v 13.838388 4.000000 3.838388
v 13.875000 4.000000 3.750000
v 13.838388 4.000000 3.661612
v 13.750000 5.000000 3.625000
v 13.661612 5.000000 3.661612
v 13.625000 5.000000 3.750000
v 13.661612 5.000000 3.838388
v 13.750000 5.000000 3.875000
v 13.838388 5.000000 3.838388
v 13.875000 5.000000 3.750000
v 13.838388 5.000000 3.661612
v 13.661612 3.849112 3.724112
v 13.750000 3.823223 3.698223
v 13.661612 3.963388 4.625000
v 13.625000 3.875000 4.625000
v 13.661612 3.786612 4.625000
v 13.750000 3.750000 4.625000
v 13.838388 3.786612 4.625000
v 13.875000 3.875000 4.625000
v 13.838388 3.963388 4.625000
v 13.838388 3.974112 4.650888
v 13.875000 3.911612 4.713388
v 13.838388 3.849112 4.775888
v 13.750000 3.823223 4.801777
v 13.661612 3.849112 4.775888
v 13.625000 3.911612 4.713388
v 13.661612 3.974112 4.650888
v 13.625000 3.911612 3.786612
v 13.661612 3.974112 3.849112
v 13.838388 3.974112 3.849112
v 13.875000 3.911612 3.786612
v 13.838388 3.849112 3.724112
v 13.661612 3.786612 3.875000
v 13.750000 3.750000 3.875000
v 13.625000 3.875000 3.875000
v 13.661612 3.963388 3.875000
v 13.838388 3.963388 3.875000
v 13.875000 3.875000 3.875000
v 13.838388 3.786612 3.875000
v 14.000000 5.000000 3.875000
v 13.734835 5.000000 3.984835
v 13.625000 5.000000 4.250000
v 13.734835 5.000000 4.515165
v 14.000000 5.000000 4.625000
v 14.265165 5.000000 4.515165
v 14.375000 5.000000 4.250000
v 14.265165 5.000000 3.984835
v 14.000000 4.000000 3.875000
v 13.734835 4.000000 3.984835
v 13.625000 4.000000 4.250000
v 13.734835 4.000000 4.515165
v 14.000000 4.000000 4.625000
v 14.265165 4.000000 4.515165
v 14.375000 4.000000 4.250000
v 14.265165 4.000000 3.984835
v 13.500000 6.000000 6.375000
v 14.500000 6.000000 6.375000
v 14.500000 6.000000 3.625000
v 13.500000 6.000000 3.625000
v 13.625000 6.250000 6.250000
v 14.375000 6.250000 6.250000
v 14.375000 6.250000 3.750000
v 13.625000 6.250000 3.750000
v 13.968750 6.250000 6.125000
v 14.031250 6.250000 6.125000
v 13.968750 6.250000 3.875000
v 14.031250 6.250000 3.875000
v 13.968750 6.500000 3.875000
v 13.968750 6.500000 6.125000
v 14.031250 6.500000 6.125000
v 14.031250 6.500000 3.875000
v 14.093750 6.250000 6.125000
v 14.156250 6.250000 6.125000
v 14.093750 6.250000 3.875000
v 14.156250 6.250000 3.875000
v 14.093750 6.500000 3.875000
v 14.093750 6.500000 6.125000
v 14.156250 6.500000 6.125000
v 14.156250 6.500000 3.875000
v 14.218750 6.250000 6.125000
v 14.281250 6.250000 6.125000
v 14.218750 6.250000 3.875000
v 14.281250 6.250000 3.875000
v 14.218750 6.500000 3.875000
v 14.218750 6.500000 6.125000
v 14.281250 6.500000 6.125000
v 14.281250 6.500000 3.875000
v 13.718750 6.250000 6.125000
v 13.781250 6.250000 6.125000
v 13.718750 6.250000 3.875000
v 13.781250 6.250000 3.875000
v 13.718750 6.500000 3.875000
v 13.718750 6.500000 6.125000
v 13.781250 6.500000 6.125000
v 13.781250 6.500000 3.875000
v 13.843750 6.250000 6.125000
v 13.906250 6.250000 6.125000
v 13.843750 6.250000 3.875000
v 13.906250 6.250000 3.875000
v 13.843750 6.500000 3.875000
v 13.843750 6.500000 6.125000
v 13.906250 6.500000 6.125000
v 13.906250 6.500000 3.875000
v 13.750000 7.375000 6.062500
v 13.750000 7.375000 3.937500
v 14.250000 7.375000 3.937500
v 14.250000 7.375000 6.062500
v 13.625000 7.375000 6.250000
v 13.625000 7.375000 3.750000
v 14.375000 7.375000 3.750000
v 14.375000 7.375000 6.250000
v 13.625000 7.250000 6.250000
v 13.625000 7.250000 3.750000
v 14.375000 7.250000 3.750000
v 14.375000 7.250000 6.250000
v 13.625000 6.250000 3.750000
v 13.625000 6.250000 3.875000
v 13.750000 6.250000 3.750000
v 13.750000 6.250000 3.875000
v 13.625000 7.250000 3.750000
v 13.625000 7.250000 3.875000
v 13.750000 7.250000 3.750000
v 13.750000 7.250000 3.875000
v 14.250000 6.250000 3.750000
v 14.250000 6.250000 3.875000
v 14.375000 6.250000 3.750000
v 14.375000 6.250000 3.875000
v 14.250000 7.250000 3.750000
v 14.250000 7.250000 3.875000
v 14.375000 7.250000 3.750000
v 14.375000 7.250000 3.875000
v 13.625000 6.250000 6.125000
v 13.625000 6.250000 6.250000
v 13.750000 6.250000 6.125000
v 13.750000 6.250000 6.250000
v 13.625000 7.250000 6.125000
v 13.625000 7.250000 6.250000
v 13.750000 7.250000 6.125000
v 13.750000 7.250000 6.250000
v 14.250000 6.250000 6.125000
v 14.250000 6.250000 6.250000
v 14.375000 6.250000 6.125000
v 14.375000 6.250000 6.250000
v 14.250000 7.250000 6.125000
v 14.250000 7.250000 6.250000
v 14.375000 7.250000 6.125000
v 14.375000 7.250000 6.250000
v 13.625000 6.250000 4.812500
v 14.375000 6.250000 4.812500
v 13.750000 6.750000 4.875000
v 14.250000 6.750000 4.875000
v 13.625000 6.250000 5.187500
v 14.375000 6.250000 5.187500
v 13.750000 6.750000 5.125000
v 14.250000 6.750000 5.125000
v 13.625000 6.750000 4.812500
v 14.375000 6.750000 4.812500
v 13.625000 6.750000 5.187500
v 14.375000 6.750000 5.187500
v 13.750000 7.375000 4.875000
v 14.250000 7.375000 4.875000
v 13.750000 7.375000 5.125000
v 14.250000 7.375000 5.125000
v 15.875000 5.375000 5.562500
v 15.786612 5.338388 5.562500
v 15.750000 5.250000 5.562500
v 15.786612 5.161612 5.562500
v 15.875000 5.125000 5.562500
v 15.963388 5.161612 5.562500
v 16.000000 5.250000 5.562500
v 15.963388 5.338388 5.562500
v 15.875000 5.375000 5.062500
v 15.786612 5.338388 5.062500
v 15.750000 5.250000 5.062500
v 15.786612 5.161612 5.062500
v 15.875000 5.125000 5.062500
v 15.963388 5.161612 5.062500
v 16.000000 5.250000 5.062500
v 15.963388 5.338388 5.062500
v 15.125000 5.375000 5.562500
v 15.036612 5.338388 5.562500
v 15.000000 5.250000 5.562500
v 15.036612 5.161612 5.562500
v 15.125000 5.125000 5.562500
v 15.213388 5.161612 5.562500
v 15.250000 5.250000 5.562500
v 15.213388 5.338388 5.562500
v 15.125000 5.375000 5.062500
v 15.036612 5.338388 5.062500
v 15.000000 5.250000 5.062500
v 15.036612 5.161612 5.062500
v 15.125000 5.125000 5.062500
v 15.213388 5.161612 5.062500
v 15.250000 5.250000 5.062500
v 15.213388 5.338388 5.062500
v 14.750000 4.875000 5.562500
v 16.250000 4.875000 5.562500
v 14.750000 5.625000 5.562500
v 16.250000 5.625000 5.562500
v 14.750000 5.625000 6.312500
v 14.750000 4.875000 6.312500
v 16.250000 4.875000 6.312500
v 16.250000 5.625000 6.312500
v 15.687500 3.875000 5.937500
v 15.599112 3.875000 5.974112
v 15.562500 3.875000 6.062500
v 15.599112 3.875000 6.150888
v 15.687500 3.875000 6.187500
v 15.775888 3.875000 6.150888
v 15.812500 3.875000 6.062500
v 15.775888 3.875000 5.974112
v 15.687500 4.875000 5.937500
v 15.599112 4.875000 5.974112
v 15.562500 4.875000 6.062500
v 15.599112 4.875000 6.150888
v 15.687500 4.875000 6.187500
v 15.775888 4.875000 6.150888
v 15.812500 4.875000 6.062500
v 15.775888 4.875000 5.974112
v 16.062500 3.875000 5.937500
v 15.974112 3.875000 5.974112
v 15.937500 3.875000 6.062500
v 15.974112 3.875000 6.150888
v 16.062500 3.875000 6.187500
v 16.150888 3.875000 6.150888
v 16.187500 3.875000 6.062500
v 16.150888 3.875000 5.974112
v 16.062500 4.875000 5.937500
v 15.974112 4.875000 5.974112
v 15.937500 4.875000 6.062500
v 15.974112 4.875000 6.150888
v 16.062500 4.875000 6.187500
v 16.150888 4.875000 6.150888
v 16.187500 4.875000 6.062500
v 16.150888 4.875000 5.974112
v 14.937500 3.875000 5.937500
v 14.849112 3.875000 5.974112
v 14.812500 3.875000 6.062500
v 14.849112 3.875000 6.150888
v 14.937500 3.875000 6.187500
v 15.025888 3.875000 6.150888
v 15.062500 3.875000 6.062500
v 15.025888 3.875000 5.974112
v 14.937500 4.875000 5.937500
v 14.849112 4.875000 5.974112
v 14.812500 4.875000 6.062500
v 14.849112 4.875000 6.150888
v 14.937500 4.875000 6.187500
v 15.025888 4.875000 6.150888
v 15.062500 4.875000 6.062500
v 15.025888 4.875000 5.974112
v 15.312500 3.875000 5.937500
v 15.224112 3.875000 5.974112
v 15.187500 3.875000 6.062500
v 15.224112 3.875000 6.150888
v 15.312500 3.875000 6.187500
v 15.400888 3.875000 6.150888
v 15.437500 3.875000 6.062500
v 15.400888 3.875000 5.974112
v 15.312500 4.875000 5.937500
v 15.224112 4.875000 5.974112
v 15.187500 4.875000 6.062500
v 15.224112 4.875000 6.150888
v 15.312500 4.875000 6.187500
v 15.400888 4.875000 6.150888
v 15.437500 4.875000 6.062500
v 15.400888 4.875000 5.974112
v 16.000000 5.625000 5.500000
v 15.750000 5.625000 5.566987
v 15.566987 5.625000 5.750000
v 15.500000 5.625000 6.000000
v 15.566987 5.625000 6.250000
v 15.750000 5.625000 6.433013
v 16.000000 5.625000 6.500000
v 16.250000 5.625000 6.433013
v 16.433012 5.625000 6.250000
v 16.500000 5.625000 6.000000
v 16.433014 5.625000 5.750000
v 16.250000 5.625000 5.566988
v 15.750001 8.125000 5.566987
v 16.000000 8.125000 5.500000
v 15.566988 8.125000 5.750000
v 15.500001 8.125000 6.000000
v 15.566988 8.125000 6.250000
v 15.750001 8.125000 6.433013
v 16.000000 8.125000 6.500000
v 16.250000 8.125000 6.433013
v 16.433014 8.125000 6.250000
v 16.500000 8.125000 6.000000
v 16.433014 8.125000 5.750000
v 16.250000 8.125000 5.566988
v 15.000000 5.625000 5.500000
v 14.750000 5.625000 5.566987
v 14.566987 5.625000 5.750000
v 14.500000 5.625000 6.000000
v 14.566987 5.625000 6.250000
v 14.750000 5.625000 6.433013
v 15.000000 5.625000 6.500000
v 15.250000 5.625000 6.433013
v 15.433012 5.625000 6.250000
v 15.500000 5.625000 6.000000
v 15.433013 5.625000 5.750000
v 15.250000 5.625000 5.566988
v 14.750001 8.125000 5.566987
v 15.000001 8.125000 5.500000
v 14.566988 8.125000 5.750000
v 14.500001 8.125000 6.000000
v 14.566988 8.125000 6.250000
v 14.750001 8.125000 6.433013
v 15.000001 8.125000 6.500000
v 15.250001 8.125000 6.433013
v 15.433014 8.125000 6.250000
v 15.500001 8.125000 6.000000
v 15.433014 8.125000 5.750000
v 15.250001 8.125000 5.566988
v 13.625000 7.375000 3.750000
v 13.625000 7.375000 3.875000
v 13.750000 7.375000 3.750000
v 13.750000 7.375000 3.875000
v 13.625000 7.625000 3.750000
v 13.625000 7.625000 3.875000
v 13.750000 7.625000 3.750000
v 13.750000 7.625000 3.875000
v 14.250000 7.375000 3.750000
v 14.250000 7.375000 3.875000
v 14.375000 7.375000 3.750000
v 14.375000 7.375000 3.875000
v 14.250000 7.625000 3.750000
v 14.250000 7.625000 3.875000
v 14.375000 7.625000 3.750000
v 14.375000 7.625000 3.875000
v 13.625000 7.375000 6.125000
v 13.625000 7.375000 6.250000
v 13.750000 7.375000 6.125000
v 13.750000 7.375000 6.250000
v 13.625000 7.625000 6.125000
v 13.625000 7.625000 6.250000
v 13.750000 7.625000 6.125000
v 13.750000 7.625000 6.250000
v 14.250000 7.375000 6.125000
v 14.250000 7.375000 6.250000
v 14.375000 7.375000 6.125000
v 14.375000 7.375000 6.250000
v 14.250000 7.625000 6.125000
v 14.250000 7.625000 6.250000
v 14.375000 7.625000 6.125000
v 14.375000 7.625000 6.250000
v 13.500000 7.625000 6.375000
v 14.500000 7.625000 6.375000
v 13.500000 7.625000 3.625000
v 14.500000 7.625000 3.625000
v 13.625000 8.625000 3.750000
v 13.625000 8.625000 6.250000
v 14.375000 8.625000 6.250000
v 14.375000 8.625000 3.750000
v 14.000000 8.500000 3.625000
v 13.812500 8.449759 3.625000
v 13.675241 8.312500 3.625000
v 13.625000 8.125000 3.625000
v 13.675241 7.937500 3.625000
v 13.812500 7.800241 3.625000
v 14.000000 7.750000 3.625000
v 14.187500 7.800241 3.625000
v 14.324759 7.937500 3.625000
v 14.375000 8.125000 3.625000
v 14.324759 8.312500 3.625000
v 14.187500 8.449759 3.625000
v 13.844852 8.393723 3.500000
v 14.000000 8.435295 3.500000
v 13.731277 8.280148 3.500000
v 13.689705 8.125000 3.500000
v 13.731277 7.969852 3.500000
v 13.844852 7.856277 3.500000
v 14.000000 7.814705 3.500000
v 14.155148 7.856277 3.500000
v 14.268723 7.969852 3.500000
v 14.310295 8.125000 3.500000
v 14.268723 8.280148 3.500000
v 14.155148 8.393723 3.500000
v 13.812500 8.449759 3.500000
v 14.000000 8.500000 3.500000
v 13.675241 8.312500 3.500000
v 13.625000 8.125000 3.500000
v 13.675241 7.937500 3.500000
v 13.812500 7.800241 3.500000
v 14.000000 7.750000 3.500000
v 14.187500 7.800241 3.500000
v 14.324759 7.937500 3.500000
v 14.375000 8.125000 3.500000
v 14.324759 8.312500 3.500000
v 14.187500 8.449759 3.500000
v 13.844852 8.393723 3.625000
v 14.000000 8.435295 3.625000
v 13.731277 8.280148 3.625000
v 13.689705 8.125000 3.625000
v 13.731277 7.969852 3.625000
v 13.844852 7.856277 3.625000
v 14.000000 7.814705 3.625000
v 14.155148 7.856277 3.625000
v 14.268723 7.969852 3.625000
v 14.310295 8.125000 3.625000
v 14.268723 8.280148 3.625000
v 14.155148 8.393723 3.625000
v 14.000000 8.500000 6.500000
v 13.812500 8.449759 6.500000
v 13.675241 8.312500 6.500000
v 13.625000 8.125000 6.500000
v 13.675241 7.937500 6.500000
v 13.812500 7.800241 6.500000
v 14.000000 7.750000 6.500000
v 14.187500 7.800241 6.500000
v 14.324759 7.937500 6.500000
v 14.375000 8.125000 6.500000
v 14.324759 8.312500 6.500000
v 14.187500 8.449759 6.500000
v 13.844852 8.393723 6.375000
v 14.000000 8.435295 6.375000
v 13.731277 8.280148 6.375000
v 13.689705 8.125000 6.375000
v 13.731277 7.969852 6.375000
v 13.844852 7.856277 6.375000
v 14.000000 7.814705 6.375000
v 14.155148 7.856277 6.375000
v 14.268723 7.969852 6.375000
v 14.310295 8.125000 6.375000
v 14.268723 8.280148 6.375000
v 14.155148 8.393723 6.375000
v 13.812500 8.449759 6.375000
v 14.000000 8.500000 6.375000
v 13.675241 8.312500 6.375000
v 13.625000 8.125000 6.375000
v 13.675241 7.937500 6.375000
v 13.812500 7.800241 6.375000
v 14.000000 7.750000 6.375000
v 14.187500 7.800241 6.375000
v 14.324759 7.937500 6.375000
v 14.375000 8.125000 6.375000
v 14.324759 8.312500 6.375000
v 14.187500 8.449759 6.375000
v 13.844852 8.393723 6.500000
v 14.000000 8.435295 6.500000
v 13.731277 8.280148 6.500000
v 13.689705 8.125000 6.500000
v 13.731277 7.969852 6.500000
v 13.844852 7.856277 6.500000
v 14.000000 7.814705 6.500000
v 14.155148 7.856277 6.500000
v 14.268723 7.969852 6.500000
v 14.310295 8.125000 6.500000
v 14.268723 8.280148 6.500000
v 14.155148 8.393723 6.500000
v 14.000000 8.375000 3.625000
v 13.875000 8.341507 3.625000
v 13.783493 8.250000 3.625000
v 13.750000 8.125000 3.625000
v 13.783493 8.000000 3.625000
v 13.875000 7.908494 3.625000
v 14.000000 7.875000 3.625000
v 14.125000 7.908494 3.625000
v 14.216507 8.000000 3.625000
v 14.250000 8.125000 3.625000
v 14.216507 8.250000 3.625000
v 14.125000 8.341506 3.625000
v 13.906250 8.287380 3.500000
v 14.000000 8.312500 3.500000
v 13.837620 8.218750 3.500000
v 13.812500 8.125000 3.500000
v 13.837620 8.031250 3.500000
v 13.906250 7.962620 3.500000
v 14.000000 7.937500 3.500000
v 14.093750 7.962620 3.500000
v 14.162380 8.031250 3.500000
v 14.187500 8.125000 3.500000
v 14.162380 8.218750 3.500000
v 14.093750 8.287379 3.500000
v 14.000000 8.375000 6.375000
v 14.125000 8.341507 6.375000
v 14.216507 8.250000 6.375000
v 14.250000 8.125000 6.375000
v 14.216507 8.000000 6.375000
v 14.125000 7.908494 6.375000
v 14.000000 7.875000 6.375000
v 13.875000 7.908494 6.375000
v 13.783494 8.000000 6.375000
v 13.750000 8.125000 6.375000
v 13.783494 8.250000 6.375000
v 13.875000 8.341506 6.375000
v 14.093750 8.287380 6.500000
v 14.000000 8.312500 6.500000
v 14.162380 8.218750 6.500000
v 14.187500 8.125000 6.500000
v 14.162380 8.031250 6.500000
v 14.093750 7.962620 6.500000
v 14.000000 7.937500 6.500000
v 13.906250 7.962620 6.500000
v 13.837621 8.031250 6.500000
v 13.812500 8.125000 6.500000
v 13.837620 8.218750 6.500000
v 13.906250 8.287379 6.500000
v 14.875001 8.125000 6.250000
v 15.125001 8.125000 6.250000
v 14.875001 8.125000 5.750000
v 15.125001 8.125000 5.750000
v 14.875001 8.625000 6.250000
v 15.125001 8.625000 6.250000
v 14.875001 8.625000 5.750000
v 15.125001 8.625000 5.750000
v 15.875001 8.125000 6.250000
v 16.125000 8.125000 6.250000
v 15.875001 8.125000 5.750000
v 16.125000 8.125000 5.750000
v 15.875001 8.625000 6.250000
v 16.125000 8.625000 6.250000
v 15.875001 8.625000 5.750000
v 16.125000 8.625000 5.750000
v 14.875001 8.375000 6.000000
v 14.875001 8.463388 6.036612
v 14.875001 8.500000 6.125000
v 14.875001 8.463388 6.213388
v 14.875001 8.375000 6.250000
v 14.875001 8.286612 6.213388
v 14.875001 8.250000 6.125000
v 14.875001 8.286612 6.036612
v 14.500001 8.375000 6.000000
v 14.500001 8.463388 6.036612
v 14.500001 8.500000 6.125000
v 14.500001 8.463388 6.213388
v 14.500001 8.375000 6.250000
v 14.500001 8.286612 6.213388
v 14.500001 8.250000 6.125000
v 14.500001 8.286612 6.036612
v 15.875001 8.375000 6.000000
v 15.875001 8.463388 6.036612
v 15.875001 8.500000 6.125000
v 15.875001 8.463388 6.213388
v 15.875001 8.375000 6.250000
v 15.875001 8.286612 6.213388
v 15.875001 8.250000 6.125000
v 15.875001 8.286612 6.036612
v 15.125001 8.375000 6.000000
v 15.125001 8.463388 6.036612
v 15.125001 8.500000 6.125000
v 15.125001 8.463388 6.213388
v 15.125001 8.375000 6.250000
v 15.125001 8.286612 6.213388
v 15.125001 8.250000 6.125000
v 15.125001 8.286612 6.036612
v 15.875001 8.375000 5.750000
v 15.875001 8.463388 5.786612
v 15.875001 8.500000 5.875000
v 15.875001 8.463388 5.963388
v 15.875001 8.375000 6.000000
v 15.875001 8.286612 5.963388
v 15.875001 8.250000 5.875000
v 15.875001 8.286612 5.786612
v 15.625001 8.375000 5.750000
v 15.625001 8.463388 5.786612
v 15.625001 8.500000 5.875000
v 15.625001 8.463388 5.963388
v 15.625001 8.375000 6.000000
v 15.625001 8.286612 5.963388
v 15.625001 8.250000 5.875000
v 15.625001 8.286612 5.786612
v 15.599113 8.463388 5.775888
v 15.536613 8.500000 5.838388
v 15.474113 8.463388 5.900888
v 15.448224 8.375000 5.926777
v 15.474113 8.286612 5.900888
v 15.536613 8.250000 5.838388
v 15.599113 8.286612 5.775888
v 15.588389 8.463388 5.750000
v 15.500001 8.500000 5.750000
v 15.411613 8.463388 5.750000
v 15.375001 8.375000 5.750000
v 15.411613 8.286612 5.750000
v 15.500001 8.250000 5.750000
v 15.588389 8.286612 5.750000
v 15.625001 8.375000 4.750000
v 15.588389 8.463388 4.750000
v 15.500001 8.500000 4.750000
v 15.411613 8.463388 4.750000
v 15.375001 8.375000 4.750000
v 15.411613 8.286612 4.750000
v 15.500001 8.250000 4.750000
v 15.588389 8.286612 4.750000
v 15.250000 8.000000 4.750000
v 15.750000 8.000000 4.750000
v 15.250000 8.000000 4.250000
v 15.750000 8.000000 4.250000
v 15.250000 8.750000 4.250000
v 15.250000 8.750000 4.750000
v 15.750000 8.750000 4.750000
v 15.750000 8.750000 4.250000
v 14.875001 8.375000 5.750000
v 14.875001 8.463388 5.786612
v 14.875001 8.500000 5.875000
v 14.875001 8.463388 5.963388
v 14.875001 8.375000 6.000000
v 14.875001 8.286612 5.963388
v 14.875001 8.250000 5.875000
v 14.875001 8.286612 5.786612
v 14.849113 8.463388 5.775888
v 14.786613 8.500000 5.838388
v 14.724113 8.463388 5.900888
v 14.698224 8.375000 5.926777
v 14.724113 8.286612 5.900888
v 14.786613 8.250000 5.838388
v 14.849113 8.286612 5.775888
v 14.838389 8.463388 5.750000
v 14.750001 8.500000 5.750000
v 14.661613 8.463388 5.750000
v 14.625001 8.375000 5.750000
v 14.661613 8.286612 5.750000
v 14.750001 8.250000 5.750000
v 14.838389 8.286612 5.750000
v 14.875001 8.375000 5.000000
v 14.838389 8.463388 5.000000
v 14.750001 8.500000 5.000000
v 14.661613 8.463388 5.000000
v 14.625001 8.375000 5.000000
v 14.661613 8.286612 5.000000
v 14.750001 8.250000 5.000000
v 14.838389 8.286612 5.000000
v 15.250000 8.375000 4.375000
v 15.250000 8.463388 4.411612
v 15.250000 8.500000 4.500000
v 15.250000 8.463388 4.588388
v 15.250000 8.375000 4.625000
v 15.250000 8.286612 4.588388
v 15.250000 8.250000 4.500000
v 15.250000 8.286612 4.411612
v 14.500000 8.375000 4.375000
v 14.500000 8.463388 4.411612
v 14.500000 8.500000 4.500000
v 14.500000 8.463388 4.588388
v 14.500000 8.375000 4.625000
v 14.500000 8.286612 4.588388
v 14.500000 8.250000 4.500000
v 14.500000 8.286612 4.411612
v 14.801777 8.375000 4.823223
v 14.775889 8.463388 4.849112
v 14.713389 8.500000 4.911612
v 14.650889 8.463388 4.974112
v 14.650889 8.286612 4.974112
v 14.713389 8.250000 4.911612
v 14.775889 8.286612 4.849112
v 14.625001 8.375000 4.750000
v 14.625001 8.463388 4.786612
v 14.625001 8.500000 4.875000
v 14.625001 8.463388 4.963388
v 14.625001 8.286612 4.963388
v 14.625001 8.250000 4.875000
v 14.625001 8.286612 4.786612
v 14.500001 8.375000 5.000000
v 14.500001 8.375000 4.750000
v 14.500001 8.463388 4.786612
v 14.500001 8.500000 4.875000
v 14.500001 8.463388 4.963388
v 14.500001 8.286612 4.963388
v 14.500001 8.250000 4.875000
v 14.500001 8.286612 4.786612
v 15.625001 8.375000 4.250000
v 15.588389 8.463388 4.250000
v 15.500001 8.500000 4.250000
v 15.411613 8.463388 4.250000
v 15.375001 8.375000 4.250000
v 15.411613 8.286612 4.250000
v 15.500001 8.250000 4.250000
v 15.588389 8.286612 4.250000
v 15.625001 8.375000 4.000000
v 15.588389 8.463388 4.000000
v 15.500001 8.500000 4.000000
v 15.411613 8.463388 4.000000
v 15.375001 8.375000 4.000000
v 15.411613 8.286612 4.000000
v 15.500001 8.250000 4.000000
v 15.588389 8.286612 4.000000
v 15.551778 8.375000 3.823223
v 15.525889 8.463388 3.849112
v 15.463389 8.500000 3.911612
v 15.400889 8.463388 3.974112
v 15.400889 8.286612 3.974112
v 15.463389 8.250000 3.911612
v 15.525889 8.286612 3.849112
v 15.375001 8.375000 3.750000
v 15.375001 8.463388 3.786612
v 15.375001 8.500000 3.875000
v 15.375001 8.463388 3.963388
v 15.375001 8.286612 3.963388
v 15.375001 8.250000 3.875000
v 15.375001 8.286612 3.786612
v 14.500001 8.375000 4.000000
v 14.500001 8.375000 3.750000
v 14.500001 8.463388 3.786612
v 14.500001 8.500000 3.875000
v 14.500001 8.463388 3.963388
v 14.500001 8.286612 3.963388
v 14.500001 8.250000 3.875000
v 14.500001 8.286612 3.786612
v 13.500000 8.625000 3.625000
v 13.500000 8.625000 6.375000
v 14.500000 8.625000 6.375000
v 14.500000 8.625000 3.625000
v 13.625000 8.750000 3.750000
v 13.625000 8.750000 6.250000
v 14.375000 8.750000 6.250000
v 14.375000 8.750000 3.750000
v 11.375000 0.000000 6.250000
v 11.375000 0.000000 3.750000
v 11.500000 0.000000 3.750000
v 11.500000 0.000000 6.250000
v 11.500000 0.000000 6.500000
v 11.500000 0.000000 6.250000
v 11.250000 0.000000 6.500000
v 11.250000 0.000000 6.250000
v 11.500000 0.250000 6.500000
v 11.500000 0.250000 6.250000
v 11.250000 0.250000 6.500000
v 11.250000 0.250000 6.250000
v 11.500000 0.000000 3.750000
v 11.500000 0.000000 3.500000
v 11.250000 0.000000 3.750000
v 11.250000 0.000000 3.500000
v 11.500000 0.250000 3.750000
v 11.500000 0.250000 3.500000
v 11.250000 0.250000 3.750000
v 11.250000 0.250000 3.500000
v 8.750000 0.000000 6.500000
v 8.750000 0.000000 6.250000
v 8.500000 0.000000 6.500000
v 8.500000 0.000000 6.250000
v 8.750000 0.250000 6.500000
v 8.750000 0.250000 6.250000
v 8.500000 0.250000 6.500000
v 8.500000 0.250000 6.250000
v 8.750000 0.000000 3.750000
v 8.750000 0.000000 3.500000
v 8.500000 0.000000 3.750000
v 8.500000 0.000000 3.500000
v 8.750000 0.250000 3.750000
v 8.750000 0.250000 3.500000
v 8.500000 0.250000 3.750000
v 8.500000 0.250000 3.500000
v 11.375000 0.125000 6.250000
v 11.375000 0.125000 3.750000
v 11.500000 0.125000 3.750000
v 11.500000 0.125000 6.250000
v 8.625000 0.000000 3.750000
v 8.625000 0.000000 6.250000
v 8.500000 0.000000 6.250000
v 8.500000 0.000000 3.750000
v 8.625000 0.125000 3.750000
v 8.625000 0.125000 6.250000
v 8.500000 0.125000 6.250000
v 8.500000 0.125000 3.750000
v 11.250000 0.000000 3.625000
v 8.750000 0.000000 3.625000
v 8.750000 0.000000 3.500000
v 11.250000 0.000000 3.500000
v 11.250000 0.125000 3.625000
v 8.750000 0.125000 3.625000
v 8.750000 0.125000 3.500000
v 11.250000 0.125000 3.500000
v 8.750000 0.000000 6.375000
v 11.250000 0.000000 6.375000
v 11.250000 0.000000 6.500000
v 8.750000 0.000000 6.500000
v 8.750000 0.125000 6.375000
v 11.250000 0.125000 6.375000
v 11.250000 0.125000 6.500000
v 8.750000 0.125000 6.500000
v 11.500000 0.250000 3.500000
v 11.375000 0.250000 3.500000
v 11.500000 8.750000 3.500000
v 11.375000 8.750000 3.500000
v 11.500000 0.250000 3.625000
v 11.375000 0.250000 3.625000
v 11.500000 8.750000 3.625000
v 11.375000 8.750000 3.625000
v 11.500000 8.750000 6.500000
v 11.500000 8.750000 6.250000
v 11.250000 8.750000 6.500000
v 11.250000 8.750000 6.250000
v 11.500000 9.000000 6.500000
v 11.500000 9.000000 6.250000
v 11.250000 9.000000 6.500000
v 11.250000 9.000000 6.250000
v 11.500000 8.750000 3.750000
v 11.500000 8.750000 3.500000
v 11.250000 8.750000 3.750000
v 11.250000 8.750000 3.500000
v 11.500000 9.000000 3.750000
v 11.500000 9.000000 3.500000
v 11.250000 9.000000 3.750000
v 11.250000 9.000000 3.500000
v 8.750000 8.750000 6.500000
v 8.750000 8.750000 6.250000
v 8.500000 8.750000 6.500000
v 8.500000 8.750000 6.250000
v 8.750000 9.000000 6.500000
v 8.750000 9.000000 6.250000
v 8.500000 9.000000 6.500000
v 8.500000 9.000000 6.250000
v 8.750000 8.750000 3.750000
v 8.750000 8.750000 3.500000
v 8.500000 8.750000 3.750000
v 8.500000 8.750000 3.500000
v 8.750000 9.000000 3.750000
v 8.750000 9.000000 3.500000
v 8.500000 9.000000 3.750000
v 8.500000 9.000000 3.500000
v 8.625000 0.250000 3.500000
v 8.500000 0.250000 3.500000
v 8.625000 8.750000 3.500000
v 8.500000 8.750000 3.500000
v 8.625000 0.250000 3.625000
v 8.500000 0.250000 3.625000
v 8.625000 8.750000 3.625000
v 8.500000 8.750000 3.625000
v 11.500000 0.250000 6.375000
v 11.375000 0.250000 6.375000
v 11.500000 8.750000 6.375000
v 11.375000 8.750000 6.375000
v 11.500000 0.250000 6.500000
v 11.375000 0.250000 6.500000
v 11.500000 8.750000 6.500000
v 11.375000 8.750000 6.500000
v 8.625000 0.250000 6.375000
v 8.500000 0.250000 6.375000
v 8.625000 8.750000 6.375000
v 8.500000 8.750000 6.375000
v 8.625000 0.250000 6.500000
v 8.500000 0.250000 6.500000
v 8.625000 8.750000 6.500000
v 8.500000 8.750000 6.500000
v 11.375000 8.875000 6.250000
v 11.375000 8.875000 3.750000
v 11.500000 8.875000 3.750000
v 11.500000 8.875000 6.250000
v 11.375000 9.000000 6.250000
v 11.375000 9.000000 3.750000
v 11.500000 9.000000 3.750000
v 11.500000 9.000000 6.250000
v 8.625000 8.875000 3.750000
v 8.625000 8.875000 6.250000
v 8.500000 8.875000 6.250000
v 8.500000 8.875000 3.750000
v 8.625000 9.000000 3.750000
v 8.625000 9.000000 6.250000
v 8.500000 9.000000 6.250000
v 8.500000 9.000000 3.750000
v 11.250000 8.875000 3.625000
v 8.750000 8.875000 3.625000
v 8.750000 8.875000 3.500000
v 11.250000 8.875000 3.500000
v 11.250000 9.000000 3.625000
v 8.750000 9.000000 3.625000
v 8.750000 9.000000 3.500000
v 11.250000 9.000000 3.500000
v 8.750000 8.875000 6.375000
v 11.250000 8.875000 6.375000
v 11.250000 8.875000 6.500000
v 8.750000 8.875000 6.500000
v 8.750000 9.000000 6.375000
v 11.250000 9.000000 6.375000
v 11.250000 9.000000 6.500000
v 8.750000 9.000000 6.500000
v 9.875000 0.125000 6.500000
v 10.125000 0.125000 6.500000
v 9.875000 0.125000 3.500000
v 10.125000 0.125000 3.500000
v 9.875000 0.250000 3.500000
v 9.875000 0.250000 6.500000
v 10.125000 0.250000 6.500000
v 10.125000 0.250000 3.500000
v 10.875000 0.125000 6.500000
v 11.125000 0.125000 6.500000
v 10.875000 0.125000 3.500000
v 11.125000 0.125000 3.500000
v 10.875000 0.250000 3.500000
v 10.875000 0.250000 6.500000
v 11.125000 0.250000 6.500000
v 11.125000 0.250000 3.500000
v 8.875000 0.125000 6.500000
v 9.125000 0.125000 6.500000
v 8.875000 0.125000 3.500000
v 9.125000 0.125000 3.500000
v 8.875000 0.250000 3.500000
v 8.875000 0.250000 6.500000
v 9.125000 0.250000 6.500000
v 9.125000 0.250000 3.500000
v 8.750000 0.250000 6.250000
v 11.250000 0.250000 6.250000
v 8.750000 0.250000 3.750000
v 11.250000 0.250000 3.750000
v 8.750000 1.000000 3.750000
v 8.750000 1.000000 6.250000
v 11.250000 1.000000 6.250000
v 11.250000 1.000000 3.750000
v 11.000000 2.000000 3.500000
v 10.750000 2.000000 3.566987
v 10.566987 2.000000 3.750000
v 10.500000 2.000000 4.000000
v 10.566987 2.000000 4.250000
v 10.750000 2.000000 4.433013
v 11.000000 2.000000 4.500000
v 11.250000 2.000000 4.433013
v 11.433012 2.000000 4.250000
v 11.500000 2.000000 4.000000
v 11.433013 2.000000 3.750000
v 11.250000 2.000000 3.566988
v 10.750000 4.000000 3.566987
v 11.000000 4.000000 3.500000
v 10.566987 4.000000 3.750000
v 10.500000 4.000000 4.000000
v 10.566987 4.000000 4.250000
v 10.750000 4.000000 4.433013
v 11.000000 4.000000 4.500000
v 11.250000 4.000000 4.433013
v 11.433012 4.000000 4.250000
v 11.500000 4.000000 4.000000
v 11.433013 4.000000 3.750000
v 11.250000 4.000000 3.566988
v 11.000000 2.500000 3.500000
v 10.750000 2.500000 3.566987
v 11.250000 2.500000 3.566988
v 10.750000 3.500000 3.566987
v 11.000000 3.500000 3.500000
v 11.250000 3.500000 3.566988
v 11.000000 2.125000 3.625000
v 10.812500 2.125000 3.675241
v 10.675241 2.125000 3.812500
v 10.625000 2.125000 4.000000
v 10.675241 2.125000 4.187500
v 10.812500 2.125000 4.324759
v 11.000000 2.125000 4.375000
v 11.187500 2.125000 4.324759
v 11.324759 2.125000 4.187500
v 11.375000 2.125000 4.000000
v 11.324759 2.125000 3.812500
v 11.187500 2.125000 3.675241
v 11.000000 2.500000 3.625000
v 10.812500 2.500000 3.675241
v 11.187500 2.500000 3.675241
v 11.000000 3.875000 3.625000
v 10.812500 3.875000 3.675241
v 10.675241 3.875000 3.812500
v 10.625000 3.875000 4.000000
v 10.675241 3.875000 4.187500
v 10.812500 3.875000 4.324759
v 11.000000 3.875000 4.375000
v 11.187500 3.875000 4.324759
v 11.324759 3.875000 4.187500
v 11.375000 3.875000 4.000000
v 11.324759 3.875000 3.812500
v 11.187500 3.875000 3.675241
v 11.000000 3.500000 3.625000
v 10.812500 3.500000 3.675241
v 11.187500 3.500000 3.675241
v 11.000000 3.750000 3.625000
v 10.812500 3.750000 3.675241
v 10.675241 3.750000 3.812500
v 10.625000 3.750000 4.000000
v 10.675241 3.750000 4.187500
v 10.812500 3.750000 4.324759
v 11.000000 3.750000 4.375000
v 11.187500 3.750000 4.324759
v 11.324759 3.750000 4.187500
v 11.375000 3.750000 4.000000
v 11.324759 3.750000 3.812500
v 11.187500 3.750000 3.675241
v 10.812500 3.500000 3.675241
v 11.000000 3.500000 3.625000
v 10.675241 3.500000 3.812500
v 10.625000 3.500000 4.000000
v 10.675241 3.500000 4.187500
v 10.812500 3.500000 4.324759
v 11.000000 3.500000 4.375000
v 11.187500 3.500000 4.324759
v 11.324759 3.500000 4.187500
v 11.375000 3.500000 4.000000
v 11.324759 3.500000 3.812500
v 11.187500 3.500000 3.675241
v 11.000000 3.750000 3.875000
v 10.937500 3.750000 3.891747
v 10.891747 3.750000 3.937500
v 10.875000 3.750000 4.000000
v 10.891747 3.750000 4.062500
v 10.937500 3.750000 4.108253
v 11.000000 3.750000 4.125000
v 11.062500 3.750000 4.108253
v 11.108253 3.750000 4.062500
v 11.125000 3.750000 4.000000
v 11.108253 3.750000 3.937500
v 11.062500 3.750000 3.891747
v 11.000000 4.875000 3.875000
v 10.937500 4.875000 3.891747
v 10.891747 4.875000 3.937500
v 10.875000 4.875000 4.000000
v 10.891747 4.875000 4.062500
v 10.937500 4.875000 4.108253
v 11.000000 4.875000 4.125000
v 11.062500 4.875000 4.108253
v 11.108253 4.875000 4.062500
v 11.125000 4.875000 4.000000
v 11.108253 4.875000 3.937500
v 11.062500 4.875000 3.891747
v 11.000000 4.000000 3.625000
v 10.812500 4.000000 3.675241
v 10.675241 4.000000 3.812500
v 10.625000 4.000000 4.000000
v 10.675241 4.000000 4.187500
v 10.812500 4.000000 4.324759
v 11.000000 4.000000 4.375000
v 11.187500 4.000000 4.324759
v 11.324759 4.000000 4.187500
v 11.375000 4.000000 4.000000
v 11.324759 4.000000 3.812500
v 11.187500 4.000000 3.675241
v 11.000000 4.250000 3.625000
v 10.812500 4.250000 3.675241
v 10.675241 4.250000 3.812500
v 10.625000 4.250000 4.000000
v 10.675241 4.250000 4.187500
v 10.812500 4.250000 4.324759
v 11.000000 4.250000 4.375000
v 11.187500 4.250000 4.324759
v 11.324759 4.250000 4.187500
v 11.375000 4.250000 4.000000
v 11.324759 4.250000 3.812500
v 11.187500 4.250000 3.675241
v 11.000000 4.375000 3.750000
v 10.875000 4.375000 3.783494
v 10.783494 4.375000 3.875000
v 10.750000 4.375000 4.000000
v 10.783494 4.375000 4.125000
v 10.875000 4.375000 4.216506
v 11.000000 4.375000 4.250000
v 11.125000 4.375000 4.216506
v 11.216506 4.375000 4.125000
v 11.250000 4.375000 4.000000
v 11.216506 4.375000 3.875000
v 11.125000 4.375000 3.783494
v 11.187500 4.750000 3.675241
v 11.324759 4.750000 3.812500
v 11.375000 4.750000 4.000000
v 11.324759 4.750000 4.187500
v 11.187500 4.750000 4.324759
v 11.000000 4.750000 4.375000
v 10.812500 4.750000 4.324759
v 10.675241 4.750000 4.187500
v 10.625000 4.750000 4.000000
v 10.675241 4.750000 3.812500
v 10.812500 4.750000 3.675241
v 11.000000 4.750000 3.625000
v 11.000000 5.000000 3.500000
v 10.750000 5.000000 3.566987
v 10.566987 5.000000 3.750000
v 10.500000 5.000000 4.000000
v 10.566987 5.000000 4.250000
v 10.750000 5.000000 4.433013
v 11.000000 5.000000 4.500000
v 11.250000 5.000000 4.433013
v 11.433012 5.000000 4.250000
v 11.500000 5.000000 4.000000
v 11.433013 5.000000 3.750000
v 11.250000 5.000000 3.566988
v 10.750000 7.000000 3.566987
v 11.000000 7.000000 3.500000
v 10.566987 7.000000 3.750000
v 10.500000 7.000000 4.000000
v 10.566987 7.000000 4.250000
v 10.750000 7.000000 4.433013
v 11.000000 7.000000 4.500000
v 11.250000 7.000000 4.433013
v 11.433012 7.000000 4.250000
v 11.500000 7.000000 4.000000
v 11.433013 7.000000 3.750000
v 11.250000 7.000000 3.566988
v 11.000000 5.500000 3.500000
v 10.750000 5.500000 3.566987
v 11.250000 5.500000 3.566988
v 10.750000 6.500000 3.566987
v 11.000000 6.500000 3.500000
v 11.250000 6.500000 3.566988
v 11.000000 5.125000 3.625000
v 10.812500 5.125000 3.675241
v 10.675241 5.125000 3.812500
v 10.625000 5.125000 4.000000
v 10.675241 5.125000 4.187500
v 10.812500 5.125000 4.324759
v 11.000000 5.125000 4.375000
v 11.187500 5.125000 4.324759
v 11.324759 5.125000 4.187500
v 11.375000 5.125000 4.000000
v 11.324759 5.125000 3.812500
v 11.187500 5.125000 3.675241
v 11.000000 5.500000 3.625000
v 10.812500 5.500000 3.675241
v 11.187500 5.500000 3.675241
v 11.000000 6.875000 3.625000
v 10.812500 6.875000 3.675241
v 10.675241 6.875000 3.812500
v 10.625000 6.875000 4.000000
v 10.675241 6.875000 4.187500
v 10.812500 6.875000 4.324759
v 11.000000 6.875000 4.375000
v 11.187500 6.875000 4.324759
v 11.324759 6.875000 4.187500
v 11.375000 6.875000 4.000000
v 11.324759 6.875000 3.812500
v 11.187500 6.875000 3.675241
v 11.000000 6.500000 3.625000
v 10.812500 6.500000 3.675241
v 11.187500 6.500000 3.675241
v 11.000000 6.750000 3.625000
v 10.812500 6.750000 3.675241
v 10.675241 6.750000 3.812500
v 10.625000 6.750000 4.000000
v 10.675241 6.750000 4.187500
v 10.812500 6.750000 4.324759
v 11.000000 6.750000 4.375000
v 11.187500 6.750000 4.324759
v 11.324759 6.750000 4.187500
v 11.375000 6.750000 4.000000
v 11.324759 6.750000 3.812500
v 11.187500 6.750000 3.675241
v 10.812500 6.500000 3.675241
v 11.000000 6.500000 3.625000
v 10.675241 6.500000 3.812500
v 10.625000 6.500000 4.000000
v 10.675241 6.500000 4.187500
v 10.812500 6.500000 4.324759
v 11.000000 6.500000 4.375000
v 11.187500 6.500000 4.324759
v 11.324759 6.500000 4.187500
v 11.375000 6.500000 4.000000
v 11.324759 6.500000 3.812500
v 11.187500 6.500000 3.675241
v 11.000000 6.750000 3.875000
v 10.937500 6.750000 3.891747
v 10.891747 6.750000 3.937500
v 10.875000 6.750000 4.000000
v 10.891747 6.750000 4.062500
v 10.937500 6.750000 4.108253
v 11.000000 6.750000 4.125000
v 11.062500 6.750000 4.108253
v 11.108253 6.750000 4.062500
v 11.125000 6.750000 4.000000
v 11.108253 6.750000 3.937500
v 11.062500 6.750000 3.891747
v 11.000000 7.875000 3.875000
v 10.937500 7.875000 3.891747
v 10.891747 7.875000 3.937500
v 10.875000 7.875000 4.000000
v 10.891747 7.875000 4.062500
v 10.937500 7.875000 4.108253
v 11.000000 7.875000 4.125000
v 11.062500 7.875000 4.108253
v 11.108253 7.875000 4.062500
v 11.125000 7.875000 4.000000
v 11.108253 7.875000 3.937500
v 11.062500 7.875000 3.891747
v 11.000000 7.750000 3.625000
v 10.812500 7.750000 3.675241
v 10.675241 7.750000 3.812500
v 10.625000 7.750000 4.000000
v 10.675241 7.750000 4.187500
v 10.812500 7.750000 4.324759
v 11.000000 7.750000 4.375000
v 11.187500 7.750000 4.324759
v 11.324759 7.750000 4.187500
v 11.375000 7.750000 4.000000
v 11.324759 7.750000 3.812500
v 11.187500 7.750000 3.675241
v 11.125000 7.375000 3.783494
v 11.216506 7.375000 3.875000
v 11.250000 7.375000 4.000000
v 11.216506 7.375000 4.125000
v 11.125000 7.375000 4.216506
v 11.000000 7.375000 4.250000
v 10.875000 7.375000 4.216506
v 10.783494 7.375000 4.125000
v 10.750000 7.375000 4.000000
v 10.783494 7.375000 3.875000
v 10.875000 7.375000 3.783494
v 11.000000 7.375000 3.750000
v 11.187500 7.250000 3.675241
v 11.324759 7.250000 3.812500
v 11.375000 7.250000 4.000000
v 11.324759 7.250000 4.187500
v 11.187500 7.250000 4.324759
v 11.000000 7.250000 4.375000
v 10.812500 7.250000 4.324759
v 10.675241 7.250000 4.187500
v 10.625000 7.250000 4.000000
v 10.675241 7.250000 3.812500
v 10.812500 7.250000 3.675241
v 11.000000 7.250000 3.625000
v 11.187500 7.000000 3.675241
v 11.324759 7.000000 3.812500
v 11.375000 7.000000 4.000000
v 11.324759 7.000000 4.187500
v 11.187500 7.000000 4.324759
v 11.000000 7.000000 4.375000
v 10.812500 7.000000 4.324759
v 10.675241 7.000000 4.187500
v 10.625000 7.000000 4.000000
v 10.675241 7.000000 3.812500
v 10.812500 7.000000 3.675241
v 11.000000 7.000000 3.625000
v 10.000000 2.000000 3.500000
v 9.750000 2.000000 3.566987
v 9.566987 2.000000 3.750000
v 9.500000 2.000000 4.000000
v 9.566987 2.000000 4.250000
v 9.750000 2.000000 4.433013
v 10.000000 2.000000 4.500000
v 10.250000 2.000000 4.433013
v 10.433012 2.000000 4.250000
v 10.500000 2.000000 4.000000
v 10.433013 2.000000 3.750000
v 10.250000 2.000000 3.566988
v 9.750000 4.000000 3.566987
v 10.000000 4.000000 3.500000
v 9.566987 4.000000 3.750000
v 9.500000 4.000000 4.000000
v 9.566987 4.000000 4.250000
v 9.750000 4.000000 4.433013
v 10.000000 4.000000 4.500000
v 10.250000 4.000000 4.433013
v 10.433012 4.000000 4.250000
v 10.500000 4.000000 4.000000
v 10.433013 4.000000 3.750000
v 10.250000 4.000000 3.566988
v 10.000000 2.500000 3.500000
v 9.750000 2.500000 3.566987
v 10.250000 2.500000 3.566988
v 9.750000 3.500000 3.566987
v 10.000000 3.500000 3.500000
v 10.250000 3.500000 3.566988
v 10.000000 2.125000 3.625000
v 9.812500 2.125000 3.675241
v 9.675241 2.125000 3.812500
v 9.625000 2.125000 4.000000
v 9.675241 2.125000 4.187500
v 9.812500 2.125000 4.324759
v 10.000000 2.125000 4.375000
v 10.187500 2.125000 4.324759
v 10.324759 2.125000 4.187500
v 10.375000 2.125000 4.000000
v 10.324759 2.125000 3.812500
v 10.187500 2.125000 3.675241
v 10.000000 2.500000 3.625000
v 9.812500 2.500000 3.675241
v 10.187500 2.500000 3.675241
v 10.000000 3.875000 3.625000
v 9.812500 3.875000 3.675241
v 9.675241 3.875000 3.812500
v 9.625000 3.875000 4.000000
v 9.675241 3.875000 4.187500
v 9.812500 3.875000 4.324759
v 10.000000 3.875000 4.375000
v 10.187500 3.875000 4.324759
v 10.324759 3.875000 4.187500
v 10.375000 3.875000 4.000000
v 10.324759 3.875000 3.812500
v 10.187500 3.875000 3.675241
v 10.000000 3.500000 3.625000
v 9.812500 3.500000 3.675241
v 10.187500 3.500000 3.675241
v 10.000000 3.750000 3.625000
v 9.812500 3.750000 3.675241
v 9.675241 3.750000 3.812500
v 9.625000 3.750000 4.000000
v 9.675241 3.750000 4.187500
v 9.812500 3.750000 4.324759
v 10.000000 3.750000 4.375000
v 10.187500 3.750000 4.324759
v 10.324759 3.750000 4.187500
v 10.375000 3.750000 4.000000
v 10.324759 3.750000 3.812500
v 10.187500 3.750000 3.675241
v 9.812500 3.500000 3.675241
v 10.000000 3.500000 3.625000
v 9.675241 3.500000 3.812500
v 9.625000 3.500000 4.000000
v 9.675241 3.500000 4.187500
v 9.812500 3.500000 4.324759
v 10.000000 3.500000 4.375000
v 10.187500 3.500000 4.324759
v 10.324759 3.500000 4.187500
v 10.375000 3.500000 4.000000
v 10.324759 3.500000 3.812500
v 10.187500 3.500000 3.675241
v 10.000000 3.750000 3.875000
v 9.937500 3.750000 3.891747
v 9.891747 3.750000 3.937500
v 9.875000 3.750000 4.000000
v 9.891747 3.750000 4.062500
v 9.937500 3.750000 4.108253
v 10.000000 3.750000 4.125000
v 10.062500 3.750000 4.108253
v 10.108253 3.750000 4.062500
v 10.125000 3.750000 4.000000
v 10.108253 3.750000 3.937500
v 10.062500 3.750000 3.891747
v 10.000000 4.875000 3.875000
v 9.937500 4.875000 3.891747
v 9.891747 4.875000 3.937500
v 9.875000 4.875000 4.000000
v 9.891747 4.875000 4.062500
v 9.937500 4.875000 4.108253
v 10.000000 4.875000 4.125000
v 10.062500 4.875000 4.108253
v 10.108253 4.875000 4.062500
v 10.125000 4.875000 4.000000
v 10.108253 4.875000 3.937500
v 10.062500 4.875000 3.891747
v 10.000000 5.000000 3.625000
v 9.812500 5.000000 3.675241
v 9.675241 5.000000 3.812500
v 9.625000 5.000000 4.000000
v 9.675241 5.000000 4.187500
v 9.812500 5.000000 4.324759
v 10.000000 5.000000 4.375000
v 10.187500 5.000000 4.324759
v 10.324759 5.000000 4.187500
v 10.375000 5.000000 4.000000
v 10.324759 5.000000 3.812500
v 10.187500 5.000000 3.675241
v 10.000000 4.625000 3.750000
v 9.875000 4.625000 3.783494
v 9.783494 4.625000 3.875000
v 9.750000 4.625000 4.000000
v 9.783494 4.625000 4.125000
v 9.875000 4.625000 4.216506
v 10.000000 4.625000 4.250000
v 10.125000 4.625000 4.216506
v 10.216506 4.625000 4.125000
v 10.250000 4.625000 4.000000
v 10.216506 4.625000 3.875000
v 10.125000 4.625000 3.783494
v 10.000000 4.750000 3.625000
v 9.812500 4.750000 3.675241
v 9.675241 4.750000 3.812500
v 9.625000 4.750000 4.000000
v 9.675241 4.750000 4.187500
v 9.812500 4.750000 4.324759
v 10.000000 4.750000 4.375000
v 10.187500 4.750000 4.324759
v 10.324759 4.750000 4.187500
v 10.375000 4.750000 4.000000
v 10.324759 4.750000 3.812500
v 10.187500 4.750000 3.675241
v 10.125000 4.375000 3.783494
v 10.216506 4.375000 3.875000
v 10.250000 4.375000 4.000000
v 10.216506 4.375000 4.125000
v 10.125000 4.375000 4.216506
v 10.000000 4.375000 4.250000
v 9.875000 4.375000 4.216506
v 9.783494 4.375000 4.125000
v 9.750000 4.375000 4.000000
v 9.783494 4.375000 3.875000
v 9.875000 4.375000 3.783494
v 10.000000 4.375000 3.750000
v 10.000000 5.000000 3.500000
v 9.750000 5.000000 3.566987
v 9.566987 5.000000 3.750000
v 9.500000 5.000000 4.000000
v 9.566987 5.000000 4.250000
v 9.750000 5.000000 4.433013
v 10.000000 5.000000 4.500000
v 10.250000 5.000000 4.433013
v 10.433012 5.000000 4.250000
v 10.500000 5.000000 4.000000
v 10.433013 5.000000 3.750000
v 10.250000 5.000000 3.566988
v 9.750000 7.000000 3.566987
v 10.000000 7.000000 3.500000
v 9.566987 7.000000 3.750000
v 9.500000 7.000000 4.000000
v 9.566987 7.000000 4.250000
v 9.750000 7.000000 4.433013
v 10.000000 7.000000 4.500000
v 10.250000 7.000000 4.433013
v 10.433012 7.000000 4.250000
v 10.500000 7.000000 4.000000
v 10.433013 7.000000 3.750000
v 10.250000 7.000000 3.566988
v 10.000000 5.500000 3.500000
v 9.750000 5.500000 3.566987
v 10.250000 5.500000 3.566988
v 9.750000 6.500000 3.566987
v 10.000000 6.500000 3.500000
v 10.250000 6.500000 3.566988
v 10.000000 5.125000 3.625000
v 9.812500 5.125000 3.675241
v 9.675241 5.125000 3.812500
v 9.625000 5.125000 4.000000
v 9.675241 5.125000 4.187500
v 9.812500 5.125000 4.324759
v 10.000000 5.125000 4.375000
v 10.187500 5.125000 4.324759
v 10.324759 5.125000 4.187500
v 10.375000 5.125000 4.000000
v 10.324759 5.125000 3.812500
v 10.187500 5.125000 3.675241
v 10.000000 5.500000 3.625000
v 9.812500 5.500000 3.675241
v 10.187500 5.500000 3.675241
v 10.000000 6.875000 3.625000
v 9.812500 6.875000 3.675241
v 9.675241 6.875000 3.812500
v 9.625000 6.875000 4.000000
v 9.675241 6.875000 4.187500
v 9.812500 6.875000 4.324759
v 10.000000 6.875000 4.375000
v 10.187500 6.875000 4.324759
v 10.324759 6.875000 4.187500
v 10.375000 6.875000 4.000000
v 10.324759 6.875000 3.812500
v 10.187500 6.875000 3.675241
v 10.000000 6.500000 3.625000
v 9.812500 6.500000 3.675241
v 10.187500 6.500000 3.675241
v 10.000000 6.750000 3.625000
v 9.812500 6.750000 3.675241
v 9.675241 6.750000 3.812500
v 9.625000 6.750000 4.000000
v 9.675241 6.750000 4.187500
v 9.812500 6.750000 4.324759
v 10.000000 6.750000 4.375000
v 10.187500 6.750000 4.324759
v 10.324759 6.750000 4.187500
v 10.375000 6.750000 4.000000
v 10.324759 6.750000 3.812500
v 10.187500 6.750000 3.675241
v 9.812500 6.500000 3.675241
v 10.000000 6.500000 3.625000
v 9.675241 6.500000 3.812500
v 9.625000 6.500000 4.000000
v 9.675241 6.500000 4.187500
v 9.812500 6.500000 4.324759
v 10.000000 6.500000 4.375000
v 10.187500 6.500000 4.324759
v 10.324759 6.500000 4.187500
v 10.375000 6.500000 4.000000
v 10.324759 6.500000 3.812500
v 10.187500 6.500000 3.675241
v 10.000000 6.750000 3.875000
v 9.937500 6.750000 3.891747
v 9.891747 6.750000 3.937500
v 9.875000 6.750000 4.000000
v 9.891747 6.750000 4.062500
v 9.937500 6.750000 4.108253
v 10.000000 6.750000 4.125000
v 10.062500 6.750000 4.108253
v 10.108253 6.750000 4.062500
v 10.125000 6.750000 4.000000
v 10.108253 6.750000 3.937500
v 10.062500 6.750000 3.891747
v 10.000000 7.875000 3.875000
v 9.937500 7.875000 3.891747
v 9.891747 7.875000 3.937500
v 9.875000 7.875000 4.000000
v 9.891747 7.875000 4.062500
v 9.937500 7.875000 4.108253
v 10.000000 7.875000 4.125000
v 10.062500 7.875000 4.108253
v 10.108253 7.875000 4.062500
v 10.125000 7.875000 4.000000
v 10.108253 7.875000 3.937500
v 10.062500 7.875000 3.891747
v 10.187500 4.250000 3.675241
v 10.324759 4.250000 3.812500
v 10.375000 4.250000 4.000000
v 10.324759 4.250000 4.187500
v 10.187500 4.250000 4.324759
v 10.000000 4.250000 4.375000
v 9.812500 4.250000 4.324759
v 9.675241 4.250000 4.187500
v 9.625000 4.250000 4.000000
v 9.675241 4.250000 3.812500
v 9.812500 4.250000 3.675241
v 10.000000 4.250000 3.625000
v 10.187500 4.000000 3.675241
v 10.324759 4.000000 3.812500
v 10.375000 4.000000 4.000000
v 10.324759 4.000000 4.187500
v 10.187500 4.000000 4.324759
v 10.000000 4.000000 4.375000
v 9.812500 4.000000 4.324759
v 9.675241 4.000000 4.187500
v 9.625000 4.000000 4.000000
v 9.675241 4.000000 3.812500
v 9.812500 4.000000 3.675241
v 10.000000 4.000000 3.625000
v 11.125000 4.625000 3.783494
v 11.216506 4.625000 3.875000
v 11.250000 4.625000 4.000000
v 11.216506 4.625000 4.125000
v 11.125000 4.625000 4.216506
v 11.000000 4.625000 4.250000
v 10.875000 4.625000 4.216506
v 10.783494 4.625000 4.125000
v 10.750000 4.625000 4.000000
v 10.783494 4.625000 3.875000
v 10.875000 4.625000 3.783494
v 11.000000 4.625000 3.750000
v 11.187500 5.000000 3.675241
v 11.324759 5.000000 3.812500
v 11.375000 5.000000 4.000000
v 11.324759 5.000000 4.187500
v 11.187500 5.000000 4.324759
v 11.000000 5.000000 4.375000
v 10.812500 5.000000 4.324759
v 10.675241 5.000000 4.187500
v 10.625000 5.000000 4.000000
v 10.675241 5.000000 3.812500
v 10.812500 5.000000 3.675241
v 11.000000 5.000000 3.625000
v 10.000000 8.000000 3.625000
v 9.812500 8.000000 3.675241
v 9.675241 8.000000 3.812500
v 9.625000 8.000000 4.000000
v 9.675241 8.000000 4.187500
v 9.812500 8.000000 4.324759
v 10.000000 8.000000 4.375000
v 10.187500 8.000000 4.324759
v 10.324759 8.000000 4.187500
v 10.375000 8.000000 4.000000
v 10.324759 8.000000 3.812500
v 10.187500 8.000000 3.675241
v 10.000000 7.625000 3.750000
v 9.875000 7.625000 3.783494
v 9.783494 7.625000 3.875000
v 9.750000 7.625000 4.000000
v 9.783494 7.625000 4.125000
v 9.875000 7.625000 4.216506
v 10.000000 7.625000 4.250000
v 10.125000 7.625000 4.216506
v 10.216506 7.625000 4.125000
v 10.250000 7.625000 4.000000
v 10.216506 7.625000 3.875000
v 10.125000 7.625000 3.783494
v 10.000000 7.750000 3.625000
v 9.812500 7.750000 3.675241
v 9.675241 7.750000 3.812500
v 9.625000 7.750000 4.000000
v 9.675241 7.750000 4.187500
v 9.812500 7.750000 4.324759
v 10.000000 7.750000 4.375000
v 10.187500 7.750000 4.324759
v 10.324759 7.750000 4.187500
v 10.375000 7.750000 4.000000
v 10.324759 7.750000 3.812500
v 10.187500 7.750000 3.675241
v 10.125000 7.375000 3.783494
v 10.216506 7.375000 3.875000
v 10.250000 7.375000 4.000000
v 10.216506 7.375000 4.125000
v 10.125000 7.375000 4.216506
v 10.000000 7.375000 4.250000
v 9.875000 7.375000 4.216506
v 9.783494 7.375000 4.125000
v 9.750000 7.375000 4.000000
v 9.783494 7.375000 3.875000
v 9.875000 7.375000 3.783494
v 10.000000 7.375000 3.750000
v 10.187500 7.250000 3.675241
v 10.324759 7.250000 3.812500
v 10.375000 7.250000 4.000000
v 10.324759 7.250000 4.187500
v 10.187500 7.250000 4.324759
v 10.000000 7.250000 4.375000
v 9.812500 7.250000 4.324759
v 9.675241 7.250000 4.187500
v 9.625000 7.250000 4.000000
v 9.675241 7.250000 3.812500
v 9.812500 7.250000 3.675241
v 10.000000 7.250000 3.625000
v 10.187500 7.000000 3.675241
v 10.324759 7.000000 3.812500
v 10.375000 7.000000 4.000000
v 10.324759 7.000000 4.187500
v 10.187500 7.000000 4.324759
v 10.000000 7.000000 4.375000
v 9.812500 7.000000 4.324759
v 9.675241 7.000000 4.187500
v 9.625000 7.000000 4.000000
v 9.675241 7.000000 3.812500
v 9.812500 7.000000 3.675241
v 10.000000 7.000000 3.625000
v 11.125000 7.625000 3.783494
v 11.216506 7.625000 3.875000
v 11.250000 7.625000 4.000000
v 11.216506 7.625000 4.125000
v 11.125000 7.625000 4.216506
v 11.000000 7.625000 4.250000
v 10.875000 7.625000 4.216506
v 10.783494 7.625000 4.125000
v 10.750000 7.625000 4.000000
v 10.783494 7.625000 3.875000
v 10.875000 7.625000 3.783494
v 11.000000 7.625000 3.750000
v 11.187500 8.000000 3.675241
v 11.324759 8.000000 3.812500
v 11.375000 8.000000 4.000000
v 11.324759 8.000000 4.187500
v 11.187500 8.000000 4.324759
v 11.000000 8.000000 4.375000
v 10.812500 8.000000 4.324759
v 10.675241 8.000000 4.187500
v 10.625000 8.000000 4.000000
v 10.675241 8.000000 3.812500
v 10.812500 8.000000 3.675241
v 11.000000 8.000000 3.625000
v 9.500000 8.000000 4.375000
v 11.500000 8.000000 4.375000
v 9.500000 8.000000 3.625000
v 11.500000 8.000000 3.625000
v 9.500000 8.750000 3.625000
v 9.500000 8.750000 4.375000
v 11.500000 8.750000 4.375000
v 11.500000 8.750000 3.625000
v 8.625000 1.000000 6.375000
v 11.375000 1.000000 6.375000
v 8.625000 1.000000 3.625000
v 11.375000 1.000000 3.625000
v 8.625000 2.000000 3.625000
v 8.625000 2.000000 6.375000
v 11.375000 2.000000 6.375000
v 11.375000 2.000000 3.625000
v 10.000000 2.000000 4.500000
v 9.617316 2.000000 4.576120
v 9.292893 2.000000 4.792893
v 9.076120 2.000000 5.117317
v 9.000000 2.000000 5.500000
v 9.076120 2.000000 5.882684
v 9.292893 2.000000 6.207107
v 9.617316 2.000000 6.423880
v 10.000000 2.000000 6.500000
v 10.382683 2.000000 6.423880
v 10.707107 2.000000 6.207107
v 10.923880 2.000000 5.882684
v 11.000000 2.000000 5.500000
v 10.923880 2.000000 5.117316
v 10.707107 2.000000 4.792893
v 10.382683 2.000000 4.576120
v 9.617316 6.000000 4.576120
v 10.000000 6.000000 4.500000
v 9.292893 6.000000 4.792893
v 9.076120 6.000000 5.117317
v 9.000000 6.000000 5.500000
v 9.076120 6.000000 5.882684
v 9.292893 6.000000 6.207107
v 9.617316 6.000000 6.423880
v 10.000000 6.000000 6.500000
v 10.382683 6.000000 6.423880
v 10.707107 6.000000 6.207107
v 10.923880 6.000000 5.882684
v 11.000000 6.000000 5.500000
v 10.923880 6.000000 5.117316
v 10.707107 6.000000 4.792893
v 10.382683 6.000000 4.576120
v 8.500000 2.000000 6.250000
v 9.000000 2.000000 6.250000
v 8.500000 2.000000 3.750000
v 9.000000 2.000000 4.500000
v 9.500000 2.000000 3.750000
v 9.500000 2.000000 4.500000
v 8.500000 3.500000 3.750000
v 8.500000 3.500000 6.250000
v 9.000000 3.500000 6.250000
v 9.000000 3.500000 4.500000
v 9.500000 3.500000 4.500000
v 9.500000 3.500000 3.750000
vn 0.0000 -1.0000 0.0000
vn 0.0000 1.0000 0.0000
vn 0.0000 0.0000 1.0000
vn -1.0000 0.0000 0.0000
vn 0.0000 0.0000 -1.0000
vn 1.0000 0.0000 0.0000
vn 0.7071 0.0000 -0.7071
vn 0.7071 0.0000 0.7071
vn -0.7071 0.0000 0.7071
vn -0.7071 0.0000 -0.7071
vn 0.0000 0.7071 -0.7071
vn 0.0000 0.7071 0.7071
vn -0.8660 0.0000 -0.5000
vn 0.8660 0.0000 -0.5000
vn 0.9239 0.0000 0.3827
vn -0.3827 0.0000 0.9239
vn -0.3827 0.0000 -0.9239
vn 0.3827 0.0000 0.9239
vn 0.9239 0.0000 -0.3827
vn 0.3827 0.0000 -0.9239
vn -0.9239 0.0000 -0.3827
vn 0.6588 0.0000 0.7523
vn -0.9239 0.0000 0.3827
vn -0.7523 0.0000 -0.6588
vn 0.2706 0.7071 0.6533
vn 0.5000 0.7071 0.5000
vn -0.5000 0.7071 -0.5000
vn -0.6533 0.7071 -0.2706
vn 0.6533 0.7071 0.2706
vn -0.7071 0.7071 -0.0000
vn 0.7071 0.7071 0.0000
vn -0.6533 0.7071 0.2706
vn 0.6533 0.7071 -0.2706
vn -0.5000 0.7071 0.5000
vn 0.5000 0.7071 -0.5000
vn -0.2706 0.7071 0.6533
vn 0.2706 0.7071 -0.6533
vn -0.2706 0.7071 -0.6533
vn 0.0000 -0.4203 0.9074
vn -0.9919 0.0899 -0.0899
vn -0.0000 0.3532 -0.9356
vn 0.6441 0.3032 -0.7023
vn 0.7294 -0.2820 0.6233
vn -0.7294 -0.2820 0.6233
vn -0.6441 0.3032 -0.7023
vn 0.9919 0.0899 -0.0899
vn 0.0000 0.4203 -0.9074
vn 0.7294 0.2820 -0.6233
vn 0.9919 -0.0899 0.0899
vn 0.6441 -0.3032 0.7023
vn -0.6441 -0.3032 0.7023
vn -0.7294 0.2820 -0.6233
vn -0.0000 -0.3532 0.9356
vn -0.9919 -0.0899 0.0899
vn -0.6588 0.0000 -0.7523
vn 0.7523 0.0000 0.6588
vn 0.0000 -0.4202 0.9074
vn 0.0000 0.4202 -0.9074
vn 0.8660 -0.5000 0.0000
vn -0.8660 -0.5000 0.0000
vn -0.8660 0.5000 0.0000
vn 0.8660 0.5000 0.0000
vn 0.7071 -0.7071 0.0000
vn -0.7071 -0.7071 0.0000
vn -0.6794 -0.1448 0.7194
vn -0.9987 -0.0196 0.0473
vn -0.7263 0.1363 -0.6737
vn 0.7263 0.1363 -0.6737
vn 0.9987 -0.0196 0.0473
vn 0.6794 -0.1448 0.7194
vn -0.0000 -0.1866 0.9824
vn -0.7263 0.1363 0.6737
vn -0.9987 -0.0196 -0.0473
vn -0.6794 -0.1448 -0.7194
vn 0.0000 -0.1866 -0.9824
vn 0.6794 -0.1448 -0.7194
vn 0.9987 -0.0196 -0.0473
vn 0.7263 0.1363 0.6737
vn 0.9955 -0.0671 0.0671
vn 0.6794 -0.7194 0.1448
vn 0.9987 -0.0473 0.0196
vn 0.0000 -0.7071 0.7071
vn -0.6794 -0.7194 0.1448
vn -0.0000 -0.9824 0.1866
vn 0.6630 -0.5294 0.5293
vn -0.6630 -0.5294 0.5293
vn 0.7574 0.4617 -0.4617
vn -0.7574 0.4617 -0.4617
vn -0.9955 -0.0671 0.0671
vn 0.7263 0.6737 -0.1363
vn -0.7263 0.6737 -0.1363
vn -0.9987 -0.0473 0.0196
vn -0.9955 -0.0671 -0.0671
vn 0.6630 -0.5293 -0.5294
vn -0.7574 0.4617 0.4617
vn 0.0000 -0.7071 -0.7071
vn -0.6630 -0.5294 -0.5293
vn 0.7574 0.4617 0.4617
vn 0.9955 -0.0671 -0.0671
vn 0.9987 -0.0473 -0.0196
vn 0.6794 -0.7194 -0.1448
vn -0.9987 -0.0473 -0.0196
vn -0.7263 0.6737 0.1363
vn -0.6794 -0.7194 -0.1448
vn -0.0000 -0.9824 -0.1866
vn 0.7263 0.6737 0.1363
vn 0.6630 -0.5294 0.5294
vn 0.6630 -0.5294 -0.5293
vn -0.6630 -0.5293 -0.5294
vn -0.5000 0.0000 -0.8660
vn 0.8660 0.0000 0.5000
vn -0.5000 0.0000 0.8660
vn 0.5000 0.0000 0.8660
vn -0.8660 0.0000 0.5000
vn 0.5000 0.0000 -0.8660
vn -0.5000 -0.8660 0.0000
vn 0.5000 0.8660 0.0000
vn -0.5000 0.8660 0.0000
vn 0.5000 -0.8660 0.0000
vn -0.0000 -0.8944 -0.4472
vn -0.4472 -0.7746 -0.4472
vn -0.8944 0.0000 -0.4472
vn -0.7746 0.4472 -0.4472
vn 0.8944 0.0000 -0.4472
vn 0.7746 0.4472 -0.4472
vn 0.4472 -0.7746 -0.4472
vn -0.7746 -0.4472 -0.4472
vn 0.4472 0.7746 -0.4472
vn 0.0000 0.8944 -0.4472
vn -0.4472 0.7746 -0.4472
vn 0.7746 -0.4472 -0.4472
vn 0.0000 -0.8944 0.4472
vn 0.4472 -0.7746 0.4472
vn 0.8944 0.0000 0.4472
vn 0.7746 0.4472 0.4472
vn -0.8944 -0.0000 0.4472
vn -0.7746 0.4472 0.4472
vn -0.4472 -0.7746 0.4472
vn 0.7746 -0.4472 0.4472
vn -0.4472 0.7746 0.4472
vn -0.0000 0.8944 0.4472
vn 0.4472 0.7746 0.4472
vn -0.7746 -0.4472 0.4472
vn -0.0196 -0.9987 0.0473
vn -0.1866 0.0000 0.9824
vn -0.0196 0.9987 0.0473
vn 0.1363 -0.7263 -0.6737
vn -0.1448 -0.6794 0.7194
vn -0.1448 0.6794 0.7194
vn 0.1363 0.7263 -0.6737
vn -0.0671 -0.9955 0.0671
vn -0.5293 0.6630 0.5294
vn -0.0671 0.9955 0.0671
vn 0.4617 -0.7574 -0.4617
vn -0.5294 -0.6630 0.5294
vn 0.4617 0.7574 -0.4617
vn -0.0473 0.9987 0.0196
vn -0.0473 -0.9987 0.0196
vn 0.6737 -0.7263 -0.1363
vn -0.9824 -0.0000 0.1866
vn -0.7194 -0.6794 0.1448
vn -0.7194 0.6794 0.1448
vn 0.6737 0.7263 -0.1363
vn -0.0393 -0.9947 0.0948
vn -0.0393 0.9947 0.0948
vn 0.2611 -0.7311 -0.6303
vn -0.2962 -0.6333 0.7150
vn -0.2962 0.6333 0.7150
vn 0.9809 -0.0000 -0.1944
vn 0.2611 0.7311 -0.6303
vn 0.9824 0.0000 -0.1866
vn 0.7194 -0.6794 -0.1448
vn 0.7194 0.6794 -0.1448
vn -0.6737 -0.7263 0.1363
vn -0.6737 0.7263 0.1363
vn 0.0473 -0.9987 -0.0196
vn 0.0473 0.9987 -0.0196
vn -0.4617 0.7574 0.4617
vn 0.5294 0.6630 -0.5294
vn 0.0671 -0.9955 -0.0671
vn 0.0671 0.9955 -0.0671
vn 0.5294 -0.6630 -0.5294
vn 0.1866 -0.0000 -0.9824
vn 0.1448 -0.6794 -0.7194
vn -0.1363 0.7263 0.6737
vn 0.1448 0.6794 -0.7194
vn -0.1363 -0.7263 0.6737
vn 0.0196 -0.9987 -0.0473
vn 0.0196 0.9987 -0.0473
vn -0.4617 -0.7574 0.4617
vn -0.5751 0.0000 -0.8181
vn 0.5751 0.0000 -0.8181
vn -0.5751 0.0000 0.8181
vn 0.5751 0.0000 0.8181
vn 0.3536 0.7071 -0.6124
vn -0.3536 0.7071 -0.6124
vn -0.6124 0.7071 -0.3536
vn -0.6124 0.7071 0.3536
vn -0.3536 0.7071 0.6124
vn 0.3536 0.7071 0.6124
vn 0.6124 0.7071 0.3536
vn 0.6124 0.7071 -0.3536
vn 0.3536 -0.7071 -0.6124
vn -0.3536 -0.7071 -0.6124
vn -0.6124 -0.7071 -0.3536
vn -0.6124 -0.7071 0.3536
vn -0.3536 -0.7071 0.6124
vn 0.3536 -0.7071 0.6124
vn 0.6124 -0.7071 0.3536
vn 0.6124 -0.7071 -0.3536
vn 0.6124 -0.7071 0.3535
v 2.250000 0.000000 2.375000
v -2.250000 0.000000 2.375000
v 2.250000 0.000000 2.500000
v -2.250000 0.000000 2.500000
v -2.500000 0.000000 2.500000
v -2.250000 0.000000 2.500000
v -2.500000 0.000000 2.250000
v -2.250000 0.000000 2.250000
v -2.500000 0.250000 2.500000
v -2.250000 0.250000 2.500000
v -2.500000 0.250000 2.250000
v -2.250000 0.250000 2.250000
v 2.250000 0.000000 2.500000
v 2.500000 0.000000 2.500000
v 2.250000 0.000000 2.250000
v 2.500000 0.000000 2.250000
v 2.250000 0.250000 2.500000
v 2.500000 0.250000 2.500000
v 2.250000 0.250000 2.250000
v 2.500000 0.250000 2.250000
v -2.500000 0.000000 -2.250000
v -2.250000 0.000000 -2.250000
v -2.500000 0.000000 -2.500000
v -2.250000 0.000000 -2.500000
v -2.500000 0.250000 -2.250000
v -2.250000 0.250000 -2.250000
v -2.500000 0.250000 -2.500000
v -2.250000 0.250000 -2.500000
v 2.250000 0.000000 -2.250000
v 2.500000 0.000000 -2.250000
v 2.250000 0.000000 -2.500000
v 2.500000 0.000000 -2.500000
v 2.250000 0.250000 -2.250000
v 2.500000 0.250000 -2.250000
v 2.250000 0.250000 -2.500000
v 2.500000 0.250000 -2.500000
v -2.250000 0.125000 2.375000
v 2.250000 0.125000 2.375000
v 2.250000 0.125000 2.500000
v -2.250000 0.125000 2.500000
v 2.250000 0.000000 -2.375000
v -2.250000 0.000000 -2.375000
v -2.250000 0.000000 -2.500000
v 2.250000 0.000000 -2.500000
v 2.250000 0.125000 -2.375000
v -2.250000 0.125000 -2.375000
v -2.250000 0.125000 -2.500000
v 2.250000 0.125000 -2.500000
v 2.375000 0.000000 2.250000
v 2.375000 0.000000 -2.250000
v 2.500000 0.000000 -2.250000
v 2.500000 0.000000 2.250000
v 2.375000 0.125000 2.250000
v 2.375000 0.125000 -2.250000
v 2.500000 0.125000 -2.250000
v 2.500000 0.125000 2.250000
v -2.375000 0.000000 -2.250000
v -2.375000 0.000000 2.250000
v -2.500000 0.000000 2.250000
v -2.500000 0.000000 -2.250000
v -2.375000 0.125000 -2.250000
v -2.375000 0.125000 2.250000
v -2.500000 0.125000 2.250000
v -2.500000 0.125000 -2.250000
v -1.875000 0.250000 -2.500000
v -1.875000 0.250000 2.500000
v -2.125000 0.250000 2.500000
v -2.125000 0.250000 -2.500000
v -1.875000 0.125000 -2.500000
v -2.125000 0.125000 -2.500000
v -1.875000 0.125000 2.500000
v -2.125000 0.125000 2.500000
v 0.125000 0.250000 -2.500000
v 0.125000 0.250000 2.500000
v -0.125000 0.250000 2.500000
v -0.125000 0.250000 -2.500000
v 0.125000 0.125000 -2.500000
v -0.125000 0.125000 -2.500000
v 0.125000 0.125000 2.500000
v -0.125000 0.125000 2.500000
v -1.125000 0.125000 2.500000
v -0.875000 0.125000 2.500000
v -1.125000 0.125000 -2.500000
v -0.875000 0.125000 -2.500000
v -1.125000 0.250000 -2.500000
v -1.125000 0.250000 2.500000
v -0.875000 0.250000 2.500000
v -0.875000 0.250000 -2.500000
v 1.125000 0.250000 -2.500000
v 1.125000 0.250000 2.500000
v 0.875000 0.250000 2.500000
v 0.875000 0.250000 -2.500000
v 1.125000 0.125000 -2.500000
v 0.875000 0.125000 -2.500000
v 1.125000 0.125000 2.500000
v 0.875000 0.125000 2.500000
v 1.875000 0.125000 2.500000
v 2.125000 0.125000 2.500000
v 1.875000 0.125000 -2.500000
v 2.125000 0.125000 -2.500000
v 1.875000 0.250000 -2.500000
v 1.875000 0.250000 2.500000
v 2.125000 0.250000 2.500000
v 2.125000 0.250000 -2.500000
v 2.500000 0.312500 -0.187500
v 2.500000 0.312500 0.187500
v 2.500000 0.687500 -0.187500
v 2.500000 0.687500 0.187500
v 2.375000 0.625000 -0.125000
v 2.375000 0.375000 -0.125000
v 2.375000 0.375000 0.125000
v 2.375000 0.625000 0.125000
v 2.375000 0.687500 -0.187500
v 2.375000 0.312500 -0.187500
v 2.375000 0.312500 0.187500
v 2.375000 0.687500 0.187500
v 2.250000 0.625000 -0.125000
v 2.250000 0.375000 -0.125000
v 2.250000 0.375000 0.125000
v 2.250000 0.625000 0.125000
v 2.433012 0.750000 2.250000
v 2.250000 0.750000 2.433013
v 2.000000 0.750000 2.500000
v 1.750000 0.750000 2.433012
v 1.566987 0.750000 2.250000
v 1.500000 0.750000 2.000000
v 1.566987 0.750000 1.750000
v 1.750000 0.750000 1.566987
v 2.000000 0.750000 1.500000
v 2.250000 0.750000 1.566987
v 2.500000 0.750000 2.000000
v 2.433013 0.750000 1.750000
v -2.250000 0.250000 1.750000
v -2.250000 0.250000 2.250000
v 2.250000 0.250000 1.750000
v 2.250000 0.250000 2.250000
v 2.250000 0.750000 1.750000
v -2.250000 0.750000 1.750000
v -2.250000 0.750000 2.250000
v 2.250000 0.750000 2.250000
v -2.250000 0.250000 -2.250000
v -2.250000 0.250000 -1.750000
v 2.250000 0.250000 -2.250000
v 2.250000 0.250000 -1.750000
v 2.250000 0.750000 -2.250000
v -2.250000 0.750000 -2.250000
v -2.250000 0.750000 -1.750000
v 2.250000 0.750000 -1.750000
v -2.250000 0.250000 -1.250000
v -2.250000 0.250000 1.250000
v 2.250000 0.250000 -1.250000
v 2.250000 0.250000 1.250000
v 2.250000 0.750000 -1.250000
v -2.250000 0.750000 -1.250000
v -2.250000 0.750000 1.250000
v 2.250000 0.750000 1.250000
v -2.000000 0.750000 -1.000000
v -2.000000 0.750000 1.000000
v 2.000000 0.750000 -1.000000
v 2.000000 0.750000 1.000000
v 2.000000 1.750000 -1.000000
v -2.000000 1.750000 -1.000000
v -2.000000 1.750000 1.000000
v 2.000000 1.750000 1.000000
v 0.250000 1.750000 -0.750000
v 0.250000 1.750000 0.750000
v 1.750000 1.750000 -0.750000
v 1.750000 1.750000 0.750000
v 1.750000 2.000000 -0.750000
v 0.250000 2.000000 -0.750000
v 0.250000 2.000000 0.750000
v 1.750000 2.000000 0.750000
v 1.750000 2.000000 0.000000
v 1.692910 2.000000 -0.287013
v 1.530330 2.000000 -0.530330
v 1.287013 2.000000 -0.692910
v 1.000000 2.000000 -0.750000
v 0.712987 2.000000 -0.692910
v 0.469670 2.000000 -0.530330
v 0.307090 2.000000 -0.287013
v 0.250000 2.000000 0.000000
v 0.307090 2.000000 0.287013
v 0.469670 2.000000 0.530330
v 0.712987 2.000000 0.692910
v 1.000000 2.000000 0.750000
v 1.287013 2.000000 0.692910
v 1.530330 2.000000 0.530330
v 1.692910 2.000000 0.287012
v 1.622551 2.250000 0.000000
v 1.575162 2.250000 -0.238240
v 1.440210 2.250000 -0.440210
v 1.238240 2.250000 -0.575162
v 1.000000 2.250000 -0.622551
v 0.761760 2.250000 -0.575162
v 0.559790 2.250000 -0.440210
v 0.424838 2.250000 -0.238240
v 0.377449 2.250000 0.000000
v 0.424838 2.250000 0.238240
v 0.559790 2.250000 0.440210
v 0.761760 2.250000 0.575162
v 1.000000 2.250000 0.622551
v 1.238240 2.250000 0.575162
v 1.440210 2.250000 0.440210
v 1.575162 2.250000 0.238240
v 1.692910 2.250000 -0.287013
v 1.750000 2.250000 0.000000
v 1.530330 2.250000 -0.530330
v 1.287013 2.250000 -0.692910
v 1.000000 2.250000 -0.750000
v 0.712987 2.250000 -0.692910
v 0.469670 2.250000 -0.530330
v 0.307090 2.250000 -0.287013
v 0.250000 2.250000 0.000000
v 0.307090 2.250000 0.287013
v 0.469670 2.250000 0.530330
v 0.712987 2.250000 0.692910
v 1.000000 2.250000 0.750000
v 1.287013 2.250000 0.692910
v 1.530330 2.250000 0.530330
v 1.692910 2.250000 0.287012
v 1.575162 2.000000 -0.238240
v 1.622551 2.000000 0.000000
v 1.440210 2.000000 -0.440210
v 1.238240 2.000000 -0.575162
v 1.000000 2.000000 -0.622551
v 0.761760 2.000000 -0.575162
v 0.559790 2.000000 -0.440210
v 0.424838 2.000000 -0.238240
v 0.377449 2.000000 0.000000
v 0.424838 2.000000 0.238240
v 0.559790 2.000000 0.440210
v 0.761760 2.000000 0.575162
v 1.000000 2.000000 0.622551
v 1.238240 2.000000 0.575162
v 1.440210 2.000000 0.440210
v 1.575162 2.000000 0.238240
v 1.062500 2.218750 -0.625000
v 1.062500 2.218750 0.625000
v 1.125000 2.218750 -0.625000
v 1.125000 2.218750 0.625000
v 0.687600 2.218750 -0.625000
v 0.687600 2.218750 0.625000
v 0.750100 2.218750 -0.625000
v 0.750100 2.218750 0.625000
v 0.875000 2.218750 -0.625000
v 0.875000 2.218750 0.625000
v 0.937500 2.218750 -0.625000
v 0.937500 2.218750 0.625000
v 1.312500 2.218750 0.625000
v 1.312500 2.218750 -0.625000
v 1.250000 2.218750 0.625000
v 1.250000 2.218750 -0.625000
v 0.500000 2.218750 -0.500000
v 0.500000 2.218750 0.500000
v 0.562500 2.218750 -0.500000
v 0.562500 2.218750 0.500000
v 1.437500 2.218750 -0.500000
v 1.437500 2.218750 0.500000
v 1.500000 2.218750 -0.500000
v 1.500000 2.218750 0.500000
v -1.750000 1.750000 -0.750000
v -1.750000 1.750000 0.750000
v -0.250000 1.750000 -0.750000
v -0.250000 1.750000 0.750000
v -0.250000 2.000000 -0.750000
v -1.750000 2.000000 -0.750000
v -1.750000 2.000000 0.750000
v -0.250000 2.000000 0.750000
v -1.440210 2.250000 0.440210
v -1.575162 2.250000 0.238240
v -1.622551 2.250000 -0.000000
v -1.575162 2.250000 -0.238240
v -1.440210 2.250000 -0.440210
v -1.238240 2.250000 -0.575162
v -1.000000 2.250000 -0.622551
v -0.761760 2.250000 -0.575162
v -0.559790 2.250000 -0.440210
v -0.424838 2.250000 -0.238240
v -0.377449 2.250000 -0.000000
v -0.307090 2.000000 0.287012
v -0.469670 2.000000 0.530330
v -0.712987 2.000000 0.692910
v -1.000000 2.000000 0.750000
v -1.287013 2.000000 0.692910
v -1.530330 2.000000 0.530330
v -1.692910 2.000000 0.287013
v -1.750000 2.000000 -0.000000
v -1.692910 2.000000 -0.287013
v -1.530330 2.000000 -0.530330
v -1.287013 2.000000 -0.692910
v -1.000000 2.000000 -0.750000
v -0.712987 2.000000 -0.692910
v -0.469670 2.000000 -0.530330
v -0.307090 2.000000 -0.287013
v -0.250000 2.000000 -0.000000
v -0.937500 2.218750 -0.625000
v -0.937500 2.218750 0.625000
v -0.875000 2.218750 -0.625000
v -0.875000 2.218750 0.625000
v -0.750000 2.218750 -0.625000
v -0.750000 2.218750 0.625000
v -0.687500 2.218750 -0.625000
v -0.687500 2.218750 0.625000
v -1.125000 2.218750 -0.625000
v -1.125000 2.218750 0.625000
v -1.062500 2.218750 -0.625000
v -1.062500 2.218750 0.625000
v -1.249900 2.218750 0.625000
v -1.249900 2.218750 -0.625000
v -1.312400 2.218750 0.625000
v -1.312400 2.218750 -0.625000
v -1.500000 2.218750 -0.500000
v -1.500000 2.218750 0.500000
v -1.437500 2.218750 -0.500000
v -1.437500 2.218750 0.500000
v -0.562500 2.218750 -0.500000
v -0.562500 2.218750 0.500000
v -0.500000 2.218750 -0.500000
v -0.500000 2.218750 0.500000
v 1.750000 2.000000 0.500000
v 1.750000 1.963388 0.411612
v 1.750000 1.875000 0.375000
v 1.750000 1.786612 0.411612
v 1.750000 1.750000 0.500000
v 1.750000 1.786612 0.588389
v 1.750000 1.875000 0.625000
v 1.750000 1.963388 0.588389
v 2.000000 2.000000 0.500000
v 2.000000 1.963388 0.411612
v 2.000000 1.875000 0.375000
v 2.000000 1.786612 0.411612
v 2.000000 1.750000 0.500000
v 2.000000 1.786612 0.588389
v 2.000000 1.875000 0.625000
v 2.000000 1.963388 0.588389
v 2.176777 1.926777 0.500000
v 2.150888 1.900888 0.411612
v 2.088388 1.838388 0.375000
v 2.025888 1.775888 0.411612
v 2.025888 1.775888 0.588389
v 2.088388 1.838388 0.625000
v 2.150888 1.900888 0.588389
v 2.250000 1.750000 0.500000
v 2.213388 1.750000 0.411612
v 2.125000 1.750000 0.375000
v 2.036612 1.750000 0.411612
v 2.036612 1.750000 0.588389
v 2.125000 1.750000 0.625000
v 2.213388 1.750000 0.588389
v 2.000000 0.750000 0.500000
v 2.250000 0.750000 0.500000
v 2.213388 0.750000 0.411612
v 2.125000 0.750000 0.375000
v 2.036612 0.750000 0.411612
v 2.036612 0.750000 0.588389
v 2.125000 0.750000 0.625000
v 2.213388 0.750000 0.588389
v 0.250000 2.000000 0.500000
v 0.250000 1.963388 0.411612
v 0.250000 1.875000 0.375000
v 0.250000 1.786612 0.411612
v 0.250000 1.750000 0.500000
v 0.250000 1.786612 0.588388
v 0.250000 1.875000 0.625000
v 0.250000 1.963388 0.588388
v -0.250000 2.000000 0.500000
v -0.250000 1.963388 0.411612
v -0.250000 1.875000 0.375000
v -0.250000 1.786612 0.411612
v -0.250000 1.750000 0.500000
v -0.250000 1.786612 0.588388
v -0.250000 1.875000 0.625000
v -0.250000 1.963388 0.588388
v 1.750000 2.500000 1.750000
v 1.750000 2.500000 2.250000
v 2.250000 2.500000 1.750000
v 2.250000 2.500000 2.250000
v 2.250000 2.750000 1.750000
v 1.750000 2.750000 1.750000
v 1.750000 2.750000 2.250000
v 2.250000 2.750000 2.250000
v 2.125000 2.750000 1.750000
v 2.036612 2.713388 1.750000
v 2.000000 2.625000 1.750000
v 2.036612 2.536612 1.750000
v 2.125000 2.500000 1.750000
v 2.213388 2.536612 1.750000
v 2.250000 2.625000 1.750000
v 2.213388 2.713388 1.750000
v 2.125000 2.750000 -1.750000
v 2.036612 2.713388 -1.750000
v 2.000000 2.625000 -1.750000
v 2.036612 2.536612 -1.750000
v 2.125000 2.500000 -1.750000
v 2.213388 2.536612 -1.750000
v 2.250000 2.625000 -1.750000
v 2.213388 2.713388 -1.750000
v 1.250000 2.625000 1.750000
v 1.213388 2.713388 1.750000
v 1.125000 2.750000 1.750000
v 1.036611 2.713388 1.750000
v 1.000000 2.625000 1.750000
v 1.036611 2.536612 1.750000
v 1.125000 2.500000 1.750000
v 1.213388 2.536612 1.750000
v 1.250000 2.625000 1.000000
v 1.213388 2.713388 1.000000
v 1.125000 2.750000 1.000000
v 1.036612 2.713388 1.000000
v 1.000000 2.625000 1.000000
v 1.036612 2.536612 1.000000
v 1.125000 2.500000 1.000000
v 1.213388 2.536612 1.000000
v 1.176776 2.625000 0.823223
v 1.150888 2.713388 0.849112
v 1.088388 2.750000 0.911612
v 1.025888 2.713388 0.974112
v 1.025888 2.536612 0.974112
v 1.088388 2.500000 0.911612
v 1.150888 2.536612 0.849112
v -0.750000 2.625000 -1.250000
v -0.926777 2.625000 -1.073223
v -0.775888 2.713388 -1.224112
v -0.838388 2.750000 -1.161612
v -0.900888 2.713388 -1.099112
v -0.900888 2.536612 -1.099112
v -0.838388 2.500000 -1.161612
v -0.775888 2.536612 -1.224112
v -1.000000 2.625000 -1.250000
v -0.786611 2.713388 -1.250000
v -0.875000 2.750000 -1.250000
v -0.963388 2.713388 -1.250000
v -0.963388 2.536612 -1.250000
v -0.875000 2.500000 -1.250000
v -0.786611 2.536612 -1.250000
v -0.750000 2.625000 -1.750000
v -1.000000 2.625000 -1.750000
v -0.786611 2.713388 -1.750000
v -0.875000 2.750000 -1.750000
v -0.963388 2.713388 -1.750000
v -0.963388 2.536612 -1.750000
v -0.875000 2.500000 -1.750000
v -0.786611 2.536612 -1.750000
v 1.000000 2.625000 1.750000
v 0.963388 2.713388 1.750000
v 0.875000 2.750000 1.750000
v 0.786611 2.713388 1.750000
v 0.750000 2.625000 1.750000
v 0.786611 2.536612 1.750000
v 0.875000 2.500000 1.750000
v 0.963388 2.536612 1.750000
v 1.000000 2.625000 1.250000
v 0.963388 2.713388 1.250000
v 0.875000 2.750000 1.250000
v 0.786611 2.713388 1.250000
v 0.750000 2.625000 1.250000
v 0.786611 2.536612 1.250000
v 0.875000 2.500000 1.250000
v 0.963388 2.536612 1.250000
v 0.926776 2.625000 1.073223
v 0.900888 2.713388 1.099112
v 0.838388 2.750000 1.161612
v 0.775888 2.713388 1.224112
v 0.775888 2.536612 1.224112
v 0.838388 2.500000 1.161612
v 0.900888 2.536612 1.099112
v -1.000000 2.625000 -1.000000
v -1.176777 2.625000 -0.823223
v -1.025888 2.713388 -0.974112
v -1.088388 2.750000 -0.911612
v -1.150888 2.713388 -0.849112
v -1.150888 2.536612 -0.849112
v -1.088388 2.500000 -0.911612
v -1.025888 2.536612 -0.974112
v -1.250000 2.625000 -1.000000
v -1.036612 2.713388 -1.000000
v -1.125000 2.750000 -1.000000
v -1.213388 2.713388 -1.000000
v -1.213388 2.536612 -1.000000
v -1.125000 2.500000 -1.000000
v -1.036612 2.536612 -1.000000
v -1.000000 2.625000 -1.750000
v -1.250000 2.625000 -1.750000
v -1.036611 2.713388 -1.750000
v -1.125000 2.750000 -1.750000
v -1.213388 2.713388 -1.750000
v -1.213388 2.536612 -1.750000
v -1.125000 2.500000 -1.750000
v -1.036611 2.536612 -1.750000
v -0.125000 2.750000 1.750000
v -0.213388 2.713388 1.750000
v -0.250000 2.625000 1.750000
v -0.213388 2.536612 1.750000
v -0.125000 2.500000 1.750000
v -0.036612 2.536612 1.750000
v -0.000000 2.625000 1.750000
v -0.036612 2.713388 1.750000
v -0.125000 2.750000 1.375000
v -0.213388 2.713388 1.375000
v -0.250000 2.625000 1.375000
v -0.213388 2.536612 1.375000
v -0.125000 2.500000 1.375000
v -0.036612 2.536612 1.375000
v -0.000000 2.625000 1.375000
v -0.036612 2.713388 1.375000
v -0.125000 2.676776 1.198223
v -0.213389 2.650888 1.224112
v -0.250000 2.588388 1.286612
v -0.213388 2.525888 1.349112
v -0.036612 2.525888 1.349112
v -0.000000 2.588388 1.286612
v -0.036612 2.650888 1.224112
v -0.125000 2.500000 1.125000
v -0.213388 2.500000 1.161612
v -0.250000 2.500000 1.250000
v -0.213388 2.500000 1.338388
v -0.036612 2.500000 1.338388
v -0.000000 2.500000 1.250000
v -0.036612 2.500000 1.161612
v -0.125000 1.000000 1.375000
v -0.125000 1.000000 1.125000
v -0.213388 1.000000 1.161612
v -0.250000 1.000000 1.250000
v -0.213388 1.000000 1.338388
v -0.036612 1.000000 1.338388
v -0.000000 1.000000 1.250000
v -0.036612 1.000000 1.161612
v -0.125000 0.823223 1.301777
v -0.213388 0.974112 1.150888
v -0.250000 0.911612 1.213388
v -0.213388 0.849112 1.275888
v -0.036612 0.849112 1.275888
v -0.000000 0.911612 1.213388
v -0.036612 0.974112 1.150888
v -0.125000 0.750000 1.125000
v -0.213388 0.963388 1.125000
v -0.250000 0.875000 1.125000
v -0.213388 0.786612 1.125000
v -0.036612 0.786612 1.125000
v -0.000000 0.875000 1.125000
v -0.036612 0.963388 1.125000
v -0.125000 1.000000 1.000000
v -0.125000 0.750000 1.000000
v -0.213388 0.963388 1.000000
v -0.250000 0.875000 1.000000
v -0.213388 0.786612 1.000000
v -0.036612 0.786612 1.000000
v -0.000000 0.875000 1.000000
v -0.036612 0.963388 1.000000
v 0.125000 2.750000 1.750000
v 0.036612 2.713388 1.750000
v -0.000000 2.625000 1.750000
v 0.036612 2.536612 1.750000
v 0.125000 2.500000 1.750000
v 0.213388 2.536612 1.750000
v 0.250000 2.625000 1.750000
v 0.213388 2.713388 1.750000
v 0.125000 2.750000 1.375000
v 0.036612 2.713388 1.375000
v -0.000000 2.625000 1.375000
v 0.036612 2.536612 1.375000
v 0.125000 2.500000 1.375000
v 0.213388 2.536612 1.375000
v 0.250000 2.625000 1.375000
v 0.213388 2.713388 1.375000
v 0.125000 2.676776 1.198223
v 0.036612 2.650888 1.224112
v -0.000000 2.588388 1.286612
v 0.036612 2.525888 1.349112
v 0.213388 2.525888 1.349112
v 0.250000 2.588388 1.286612
v 0.213388 2.650888 1.224112
v 0.125000 2.500000 1.125000
v 0.036612 2.500000 1.161612
v -0.000000 2.500000 1.250000
v 0.036612 2.500000 1.338388
v 0.213388 2.500000 1.338388
v 0.250000 2.500000 1.250000
v 0.213388 2.500000 1.161612
v 0.125000 1.000000 1.375000
v 0.125000 1.000000 1.125000
v 0.036612 1.000000 1.161612
v -0.000000 1.000000 1.250000
v 0.036612 1.000000 1.338388
v 0.213388 1.000000 1.338388
v 0.250000 1.000000 1.250000
v 0.213388 1.000000 1.161612
v 0.125000 0.823223 1.301777
v 0.036612 0.974112 1.150888
v -0.000000 0.911612 1.213388
v 0.036612 0.849112 1.275888
v 0.213388 0.849112 1.275888
v 0.250000 0.911612 1.213388
v 0.213388 0.974112 1.150888
v 0.125000 0.750000 1.125000
v 0.036612 0.963388 1.125000
v -0.000000 0.875000 1.125000
v 0.036612 0.786612 1.125000
v 0.213388 0.786612 1.125000
v 0.250000 0.875000 1.125000
v 0.213388 0.963388 1.125000
v 0.125000 1.000000 1.000000
v 0.125000 0.750000 1.000000
v 0.036612 0.963388 1.000000
v -0.000000 0.875000 1.000000
v 0.036612 0.786612 1.000000
v 0.213388 0.786612 1.000000
v 0.250000 0.875000 1.000000
v 0.213388 0.963388 1.000000
v 2.088388 0.411612 1.750000
v 2.000000 0.375000 1.750000
v 1.911612 0.411612 1.750000
v 1.875000 0.500000 1.750000
v 1.911612 0.588388 1.750000
v 2.000000 0.625000 1.750000
v 2.088388 0.588388 1.750000
v 2.125000 0.500000 1.750000
v 2.088388 0.411612 1.250000
v 2.000000 0.375000 1.250000
v 1.911612 0.411612 1.250000
v 1.875000 0.500000 1.250000
v 1.911612 0.588388 1.250000
v 2.000000 0.625000 1.250000
v 2.088388 0.588388 1.250000
v 2.125000 0.500000 1.250000
v 1.812500 2.750000 1.812500
v 1.812500 2.750000 2.187500
v 2.187500 2.750000 1.812500
v 2.187500 2.750000 2.187500
v 2.187500 3.000000 1.812500
v 1.812500 3.000000 1.812500
v 1.812500 3.000000 2.187500
v 2.187500 3.000000 2.187500
v 2.500000 2.500000 2.000000
v 2.433013 2.500000 1.750000
v 2.250000 2.500000 1.566987
v 2.000000 2.500000 1.500000
v 1.750000 2.500000 1.566987
v 1.566987 2.500000 1.750000
v 1.500000 2.500000 2.000000
v 1.566987 2.500000 2.250000
v 1.750000 2.500000 2.433012
v 2.000000 2.500000 2.500000
v 2.250000 2.500000 2.433013
v 2.433012 2.500000 2.250000
v 1.750000 2.000000 0.250000
v 1.750000 1.963388 0.161612
v 1.750000 1.875000 0.125000
v 1.750000 1.786612 0.161612
v 1.750000 1.750000 0.250000
v 1.750000 1.786612 0.338389
v 1.750000 1.875000 0.375000
v 1.750000 1.963388 0.338389
v 2.000000 2.000000 0.250000
v 2.000000 1.963388 0.161612
v 2.000000 1.875000 0.125000
v 2.000000 1.786612 0.161612
v 2.000000 1.750000 0.250000
v 2.000000 1.786612 0.338389
v 2.000000 1.875000 0.375000
v 2.000000 1.963388 0.338389
v 2.176777 1.926777 0.250000
v 2.150888 1.900888 0.161612
v 2.088388 1.838388 0.125000
v 2.025888 1.775888 0.161612
v 2.025888 1.775888 0.338389
v 2.088388 1.838388 0.375000
v 2.150888 1.900888 0.338389
v 2.250000 1.750000 0.250000
v 2.213388 1.750000 0.161612
v 2.125000 1.750000 0.125000
v 2.036612 1.750000 0.161612
v 2.036612 1.750000 0.338389
v 2.125000 1.750000 0.375000
v 2.213388 1.750000 0.338389
v 2.000000 0.750000 0.250000
v 2.250000 0.750000 0.250000
v 2.213388 0.750000 0.161612
v 2.125000 0.750000 0.125000
v 2.036612 0.750000 0.161612
v 2.036612 0.750000 0.338389
v 2.125000 0.750000 0.375000
v 2.213388 0.750000 0.338389
v 1.750000 2.000000 0.000000
v 1.750000 1.963388 -0.088388
v 1.750000 1.875000 -0.125000
v 1.750000 1.786612 -0.088388
v 1.750000 1.750000 0.000000
v 1.750000 1.786612 0.088389
v 1.750000 1.875000 0.125000
v 1.750000 1.963388 0.088389
v 2.000000 2.000000 0.000000
v 2.000000 1.963388 -0.088388
v 2.000000 1.875000 -0.125000
v 2.000000 1.786612 -0.088388
v 2.000000 1.750000 0.000000
v 2.000000 1.786612 0.088389
v 2.000000 1.875000 0.125000
v 2.000000 1.963388 0.088389
v 2.176777 1.926777 0.000000
v 2.150888 1.900888 -0.088388
v 2.088388 1.838388 -0.125000
v 2.025888 1.775888 -0.088388
v 2.025888 1.775888 0.088389
v 2.088388 1.838388 0.125000
v 2.150888 1.900888 0.088389
v 2.250000 1.750000 0.000000
v 2.213388 1.750000 -0.088388
v 2.125000 1.750000 -0.125000
v 2.036612 1.750000 -0.088388
v 2.036612 1.750000 0.088389
v 2.125000 1.750000 0.125000
v 2.213388 1.750000 0.088389
v 2.000000 0.750000 0.000000
v 2.250000 0.750000 0.000000
v 2.213388 0.750000 -0.088388
v 2.125000 0.750000 -0.125000
v 2.036612 0.750000 -0.088388
v 2.036612 0.750000 0.088389
v 2.125000 0.750000 0.125000
v 2.213388 0.750000 0.088389
v 1.750000 2.000000 -0.250000
v 1.750000 1.963388 -0.338388
v 1.750000 1.875000 -0.375000
v 1.750000 1.786612 -0.338388
v 1.750000 1.750000 -0.250000
v 1.750000 1.786612 -0.161611
v 1.750000 1.875000 -0.125000
v 1.750000 1.963388 -0.161611
v 2.000000 2.000000 -0.250000
v 2.000000 1.963388 -0.338388
v 2.000000 1.875000 -0.375000
v 2.000000 1.786612 -0.338388
v 2.000000 1.750000 -0.250000
v 2.000000 1.786612 -0.161611
v 2.000000 1.875000 -0.125000
v 2.000000 1.963388 -0.161611
v 2.176777 1.926777 -0.250000
v 2.150888 1.900888 -0.338388
v 2.088388 1.838388 -0.375000
v 2.025888 1.775888 -0.338388
v 2.025888 1.775888 -0.161611
v 2.088388 1.838388 -0.125000
v 2.150888 1.900888 -0.161611
v 2.250000 1.750000 -0.250000
v 2.213388 1.750000 -0.338388
v 2.125000 1.750000 -0.375000
v 2.036612 1.750000 -0.338388
v 2.036612 1.750000 -0.161611
v 2.125000 1.750000 -0.125000
v 2.213388 1.750000 -0.161611
v 2.000000 0.750000 -0.250000
v 2.250000 0.750000 -0.250000
v 2.213388 0.750000 -0.338388
v 2.125000 0.750000 -0.375000
v 2.036612 0.750000 -0.338388
v 2.036612 0.750000 -0.161611
v 2.125000 0.750000 -0.125000
v 2.213388 0.750000 -0.161611
v 1.750000 2.000000 -0.500000
v 1.750000 1.963388 -0.588388
v 1.750000 1.875000 -0.625000
v 1.750000 1.786612 -0.588388
v 1.750000 1.750000 -0.500000
v 1.750000 1.786612 -0.411611
v 1.750000 1.875000 -0.375000
v 1.750000 1.963388 -0.411611
v 2.000000 2.000000 -0.500000
v 2.000000 1.963388 -0.588388
v 2.000000 1.875000 -0.625000
v 2.000000 1.786612 -0.588388
v 2.000000 1.750000 -0.500000
v 2.000000 1.786612 -0.411611
v 2.000000 1.875000 -0.375000
v 2.000000 1.963388 -0.411611
v 2.176777 1.926777 -0.500000
v 2.150888 1.900888 -0.588388
v 2.088388 1.838388 -0.625000
v 2.025888 1.775888 -0.588388
v 2.025888 1.775888 -0.411611
v 2.088388 1.838388 -0.375000
v 2.150888 1.900888 -0.411611
v 2.250000 1.750000 -0.500000
v 2.213388 1.750000 -0.588388
v 2.125000 1.750000 -0.625000
v 2.036612 1.750000 -0.588388
v 2.036612 1.750000 -0.411611
v 2.125000 1.750000 -0.375000
v 2.213388 1.750000 -0.411611
v 2.000000 0.750000 -0.500000
v 2.250000 0.750000 -0.500000
v 2.213388 0.750000 -0.588388
v 2.125000 0.750000 -0.625000
v 2.036612 0.750000 -0.588388
v 2.036612 0.750000 -0.411611
v 2.125000 0.750000 -0.375000
v 2.213388 0.750000 -0.411611
v -1.750000 2.000000 -0.500000
v -1.750000 1.963388 -0.411612
v -1.750000 1.875000 -0.375000
v -1.750000 1.786612 -0.411612
v -1.750000 1.750000 -0.500000
v -1.750000 1.786612 -0.588388
v -1.750000 1.875000 -0.625000
v -1.750000 1.963388 -0.588388
v -2.000000 2.000000 -0.500000
v -2.000000 1.963388 -0.411611
v -2.000000 1.875000 -0.375000
v -2.000000 1.786612 -0.411611
v -2.000000 1.750000 -0.500000
v -2.000000 1.786612 -0.588388
v -2.000000 1.875000 -0.625000
v -2.000000 1.963388 -0.588388
v -2.176777 1.926777 -0.500000
v -2.150888 1.900888 -0.411611
v -2.088388 1.838388 -0.375000
v -2.025888 1.775888 -0.411611
v -2.025888 1.775888 -0.588388
v -2.088388 1.838388 -0.625000
v -2.150888 1.900888 -0.588388
v -2.250000 1.750000 -0.500000
v -2.213388 1.750000 -0.411611
v -2.125000 1.750000 -0.375000
v -2.036612 1.750000 -0.411611
v -2.036612 1.750000 -0.588388
v -2.125000 1.750000 -0.625000
v -2.213388 1.750000 -0.588388
v -2.000000 0.750000 -0.500000
v -2.250000 0.750000 -0.500000
v -2.213388 0.750000 -0.411611
v -2.125000 0.750000 -0.375000
v -2.036612 0.750000 -0.411611
v -2.036612 0.750000 -0.588388
v -2.125000 0.750000 -0.625000
v -2.213388 0.750000 -0.588388
v -1.750000 2.000000 -0.250000
v -1.750000 1.963388 -0.161611
v -1.750000 1.875000 -0.125000
v -1.750000 1.786612 -0.161611
v -1.750000 1.750000 -0.250000
v -1.750000 1.786612 -0.338388
v -1.750000 1.875000 -0.375000
v -1.750000 1.963388 -0.338388
v -2.000000 2.000000 -0.250000
v -2.000000 1.963388 -0.161611
v -2.000000 1.875000 -0.125000
v -2.000000 1.786612 -0.161611
v -2.000000 1.750000 -0.250000
v -2.000000 1.786612 -0.338388
v -2.000000 1.875000 -0.375000
v -2.000000 1.963388 -0.338388
v -2.176777 1.926777 -0.250000
v -2.150888 1.900888 -0.161611
v -2.088388 1.838388 -0.125000
v -2.025888 1.775888 -0.161611
v -2.025888 1.775888 -0.338388
v -2.088388 1.838388 -0.375000
v -2.150888 1.900888 -0.338388
v -2.250000 1.750000 -0.250000
v -2.213388 1.750000 -0.161611
v -2.125000 1.750000 -0.125000
v -2.036612 1.750000 -0.161611
v -2.036612 1.750000 -0.338388
v -2.125000 1.750000 -0.375000
v -2.213388 1.750000 -0.338388
v -2.000000 0.750000 -0.250000
v -2.250000 0.750000 -0.250000
v -2.213388 0.750000 -0.161611
v -2.125000 0.750000 -0.125000
v -2.036612 0.750000 -0.161611
v -2.036612 0.750000 -0.338388
v -2.125000 0.750000 -0.375000
v -2.213388 0.750000 -0.338388
v -1.750000 2.000000 0.000000
v -1.750000 1.963388 0.088389
v -1.750000 1.875000 0.125000
v -1.750000 1.786612 0.088389
v -1.750000 1.750000 0.000000
v -1.750000 1.786612 -0.088388
v -1.750000 1.875000 -0.125000
v -1.750000 1.963388 -0.088388
v -2.000000 2.000000 0.000000
v -2.000000 1.963388 0.088389
v -2.000000 1.875000 0.125000
v -2.000000 1.786612 0.088389
v -2.000000 1.750000 0.000000
v -2.000000 1.786612 -0.088388
v -2.000000 1.875000 -0.125000
v -2.000000 1.963388 -0.088388
v -2.176777 1.926777 0.000000
v -2.150888 1.900888 0.088389
v -2.088388 1.838388 0.125000
v -2.025888 1.775888 0.088389
v -2.025888 1.775888 -0.088388
v -2.088388 1.838388 -0.125000
v -2.150888 1.900888 -0.088388
v -2.250000 1.750000 0.000000
v -2.213388 1.750000 0.088389
v -2.125000 1.750000 0.125000
v -2.036612 1.750000 0.088389
v -2.036612 1.750000 -0.088388
v -2.125000 1.750000 -0.125000
v -2.213388 1.750000 -0.088388
v -2.000000 0.750000 0.000000
v -2.250000 0.750000 0.000000
v -2.213388 0.750000 0.088389
v -2.125000 0.750000 0.125000
v -2.036612 0.750000 0.088389
v -2.036612 0.750000 -0.088388
v -2.125000 0.750000 -0.125000
v -2.213388 0.750000 -0.088388
v -1.750000 2.000000 0.250000
v -1.750000 1.963388 0.338388
v -1.750000 1.875000 0.375000
v -1.750000 1.786612 0.338388
v -1.750000 1.750000 0.250000
v -1.750000 1.786612 0.161612
v -1.750000 1.875000 0.125000
v -1.750000 1.963388 0.161612
v -2.000000 2.000000 0.250000
v -2.000000 1.963388 0.338389
v -2.000000 1.875000 0.375000
v -2.000000 1.786612 0.338389
v -2.000000 1.750000 0.250000
v -2.000000 1.786612 0.161612
v -2.000000 1.875000 0.125000
v -2.000000 1.963388 0.161612
v -2.176777 1.926777 0.250000
v -2.150888 1.900888 0.338389
v -2.088388 1.838388 0.375000
v -2.025888 1.775888 0.338389
v -2.025888 1.775888 0.161612
v -2.088388 1.838388 0.125000
v -2.150888 1.900888 0.161612
v -2.250000 1.750000 0.250000
v -2.213388 1.750000 0.338389
v -2.125000 1.750000 0.375000
v -2.036612 1.750000 0.338389
v -2.036612 1.750000 0.161612
v -2.125000 1.750000 0.125000
v -2.213388 1.750000 0.161612
v -2.000000 0.750000 0.250000
v -2.250000 0.750000 0.250000
v -2.213388 0.750000 0.338389
v -2.125000 0.750000 0.375000
v -2.036612 0.750000 0.338389
v -2.036612 0.750000 0.161612
v -2.125000 0.750000 0.125000
v -2.213388 0.750000 0.161612
v -1.750000 2.000000 0.500000
v -1.750000 1.963388 0.588389
v -1.750000 1.875000 0.625000
v -1.750000 1.786612 0.588389
v -1.750000 1.750000 0.500000
v -1.750000 1.786612 0.411612
v -1.750000 1.875000 0.375000
v -1.750000 1.963388 0.411612
v -2.000000 2.000000 0.500000
v -2.000000 1.963388 0.588389
v -2.000000 1.875000 0.625000
v -2.000000 1.786612 0.588389
v -2.000000 1.750000 0.500000
v -2.000000 1.786612 0.411612
v -2.000000 1.875000 0.375000
v -2.000000 1.963388 0.411612
v -2.176777 1.926777 0.500000
v -2.150888 1.900888 0.588389
v -2.088388 1.838388 0.625000
v -2.025888 1.775888 0.588389
v -2.025888 1.775888 0.411612
v -2.088388 1.838388 0.375000
v -2.150888 1.900888 0.411612
v -2.250000 1.750000 0.500000
v -2.213388 1.750000 0.588389
v -2.125000 1.750000 0.625000
v -2.036612 1.750000 0.588389
v -2.036612 1.750000 0.411612
v -2.125000 1.750000 0.375000
v -2.213388 1.750000 0.411612
v -2.000000 0.750000 0.500000
v -2.250000 0.750000 0.500000
v -2.213388 0.750000 0.588389
v -2.125000 0.750000 0.625000
v -2.036612 0.750000 0.588389
v -2.036612 0.750000 0.411612
v -2.125000 0.750000 0.375000
v -2.213388 0.750000 0.411612
v 0.250000 2.000000 0.250000
v 0.250000 1.963388 0.161612
v 0.250000 1.875000 0.125000
v 0.250000 1.786612 0.161612
v 0.250000 1.750000 0.250000
v 0.250000 1.786612 0.338388
v 0.250000 1.875000 0.375000
v 0.250000 1.963388 0.338388
v -0.250000 2.000000 0.250000
v -0.250000 1.963388 0.161612
v -0.250000 1.875000 0.125000
v -0.250000 1.786612 0.161612
v -0.250000 1.750000 0.250000
v -0.250000 1.786612 0.338388
v -0.250000 1.875000 0.375000
v -0.250000 1.963388 0.338388
v 0.250000 2.000000 0.000000
v 0.250000 1.963388 -0.088388
v 0.250000 1.875000 -0.125000
v 0.250000 1.786612 -0.088388
v 0.250000 1.750000 0.000000
v 0.250000 1.786612 0.088388
v 0.250000 1.875000 0.125000
v 0.250000 1.963388 0.088388
v -0.250000 2.000000 -0.000000
v -0.250000 1.963388 -0.088388
v -0.250000 1.875000 -0.125000
v -0.250000 1.786612 -0.088388
v -0.250000 1.750000 -0.000000
v -0.250000 1.786612 0.088388
v -0.250000 1.875000 0.125000
v -0.250000 1.963388 0.088388
v 0.250000 2.000000 -0.250000
v 0.250000 1.963388 -0.338388
v 0.250000 1.875000 -0.375000
v 0.250000 1.786612 -0.338388
v 0.250000 1.750000 -0.250000
v 0.250000 1.786612 -0.161612
v 0.250000 1.875000 -0.125000
v 0.250000 1.963388 -0.161612
v -0.250000 2.000000 -0.250000
v -0.250000 1.963388 -0.338388
v -0.250000 1.875000 -0.375000
v -0.250000 1.786612 -0.338388
v -0.250000 1.750000 -0.250000
v -0.250000 1.786612 -0.161612
v -0.250000 1.875000 -0.125000
v -0.250000 1.963388 -0.161612
v 0.250000 2.000000 -0.500000
v 0.250000 1.963388 -0.588388
v 0.250000 1.875000 -0.625000
v 0.250000 1.786612 -0.588388
v 0.250000 1.750000 -0.500000
v 0.250000 1.786612 -0.411612
v 0.250000 1.875000 -0.375000
v 0.250000 1.963388 -0.411612
v -0.250000 2.000000 -0.500000
v -0.250000 1.963388 -0.588388
v -0.250000 1.875000 -0.625000
v -0.250000 1.786612 -0.588388
v -0.250000 1.750000 -0.500000
v -0.250000 1.786612 -0.411612
v -0.250000 1.875000 -0.375000
v -0.250000 1.963388 -0.411612
v -1.238240 2.250000 0.575162
v -1.000000 2.250000 0.622551
v -0.761760 2.250000 0.575162
v -0.559790 2.250000 0.440210
v -0.424838 2.250000 0.238240
v -0.307090 2.250000 -0.287013
v -0.250000 2.250000 -0.000000
v -0.469670 2.250000 -0.530330
v -0.712987 2.250000 -0.692910
v -1.000000 2.250000 -0.750000
v -1.287013 2.250000 -0.692910
v -1.530330 2.250000 -0.530330
v -1.692910 2.250000 -0.287013
v -1.750000 2.250000 -0.000000
v -1.692910 2.250000 0.287013
v -1.530330 2.250000 0.530330
v -1.287013 2.250000 0.692910
v -1.000000 2.250000 0.750000
v -0.712987 2.250000 0.692910
v -0.469670 2.250000 0.530330
v -0.307090 2.250000 0.287012
v -0.424838 2.000000 -0.238240
v -0.377449 2.000000 -0.000000
v -0.559790 2.000000 -0.440210
v -0.761760 2.000000 -0.575162
v -1.000000 2.000000 -0.622551
v -1.238240 2.000000 -0.575162
v -1.440210 2.000000 -0.440210
v -1.575162 2.000000 -0.238240
v -1.622551 2.000000 -0.000000
v -1.575162 2.000000 0.238240
v -1.440210 2.000000 0.440210
v -1.238240 2.000000 0.575162
v -1.000000 2.000000 0.622551
v -0.761760 2.000000 0.575162
v -0.559790 2.000000 0.440210
v -0.424838 2.000000 0.238240
v 1.433012 0.750000 2.250000
v 1.250000 0.750000 2.433013
v 1.000000 0.750000 2.500000
v 0.750000 0.750000 2.433012
v 0.566987 0.750000 2.250000
v 0.500000 0.750000 2.000000
v 0.566987 0.750000 1.750000
v 0.750000 0.750000 1.566987
v 1.000000 0.750000 1.500000
v 1.250000 0.750000 1.566987
v 1.500000 0.750000 2.000000
v 1.433013 0.750000 1.750000
v 1.500000 2.500000 2.000000
v 1.433013 2.500000 1.750000
v 1.250000 2.500000 1.566987
v 1.000000 2.500000 1.500000
v 0.750000 2.500000 1.566987
v 0.566987 2.500000 1.750000
v 0.500000 2.500000 2.000000
v 0.566987 2.500000 2.250000
v 0.750000 2.500000 2.433012
v 1.000000 2.500000 2.500000
v 1.250000 2.500000 2.433013
v 1.433012 2.500000 2.250000
v 0.433012 0.750000 2.250000
v 0.250000 0.750000 2.433013
v -0.000000 0.750000 2.500000
v -0.250000 0.750000 2.433012
v -0.433013 0.750000 2.250000
v -0.500000 0.750000 2.000000
v -0.433013 0.750000 1.750000
v -0.250000 0.750000 1.566987
v -0.000000 0.750000 1.500000
v 0.250000 0.750000 1.566987
v 0.500000 0.750000 2.000000
v 0.433013 0.750000 1.750000
v 0.500000 2.500000 2.000000
v 0.433013 2.500000 1.750000
v 0.250000 2.500000 1.566987
v -0.000000 2.500000 1.500000
v -0.250000 2.500000 1.566987
v -0.433013 2.500000 1.750000
v -0.500000 2.500000 2.000000
v -0.433013 2.500000 2.250000
v -0.250000 2.500000 2.433012
v -0.000000 2.500000 2.500000
v 0.250000 2.500000 2.433013
v 0.433012 2.500000 2.250000
v -0.566988 0.750000 2.250000
v -0.750000 0.750000 2.433013
v -1.000000 0.750000 2.500000
v -1.250000 0.750000 2.433012
v -1.433013 0.750000 2.250000
v -1.500000 0.750000 2.000000
v -1.433013 0.750000 1.750000
v -1.250000 0.750000 1.566987
v -1.000000 0.750000 1.500000
v -0.750000 0.750000 1.566987
v -0.500000 0.750000 2.000000
v -0.566987 0.750000 1.750000
v -0.500000 2.500000 2.000000
v -0.566987 2.500000 1.750000
v -0.750000 2.500000 1.566987
v -1.000000 2.500000 1.500000
v -1.250000 2.500000 1.566987
v -1.433013 2.500000 1.750000
v -1.500000 2.500000 2.000000
v -1.433013 2.500000 2.250000
v -1.250000 2.500000 2.433012
v -1.000000 2.500000 2.500000
v -0.750000 2.500000 2.433013
v -0.566988 2.500000 2.250000
v -1.566988 0.750000 2.250000
v -1.750000 0.750000 2.433013
v -2.000000 0.750000 2.500000
v -2.250000 0.750000 2.433012
v -2.433013 0.750000 2.250000
v -2.500000 0.750000 2.000000
v -2.433013 0.750000 1.750000
v -2.250000 0.750000 1.566987
v -2.000000 0.750000 1.500000
v -1.750000 0.750000 1.566987
v -1.500000 0.750000 2.000000
v -1.566987 0.750000 1.750000
v -1.500000 2.500000 2.000000
v -1.566987 2.500000 1.750000
v -1.750000 2.500000 1.566987
v -2.000000 2.500000 1.500000
v -2.250000 2.500000 1.566987
v -2.433013 2.500000 1.750000
v -2.500000 2.500000 2.000000
v -2.433013 2.500000 2.250000
v -2.250000 2.500000 2.433012
v -2.000000 2.500000 2.500000
v -1.750000 2.500000 2.433013
v -1.566988 2.500000 2.250000
v -2.433012 0.750000 -2.250000
v -2.250000 0.750000 -2.433013
v -2.000000 0.750000 -2.500000
v -1.750000 0.750000 -2.433012
v -1.566987 0.750000 -2.250000
v -1.500000 0.750000 -2.000000
v -1.566987 0.750000 -1.750000
v -1.750000 0.750000 -1.566987
v -2.000000 0.750000 -1.500000
v -2.250000 0.750000 -1.566987
v -2.500000 0.750000 -2.000000
v -2.433013 0.750000 -1.750000
v -2.500000 2.500000 -2.000000
v -2.433013 2.500000 -1.750000
v -2.250000 2.500000 -1.566987
v -2.000000 2.500000 -1.500000
v -1.750000 2.500000 -1.566987
v -1.566987 2.500000 -1.750000
v -1.500000 2.500000 -2.000000
v -1.566987 2.500000 -2.250000
v -1.750000 2.500000 -2.433012
v -2.000000 2.500000 -2.500000
v -2.250000 2.500000 -2.433013
v -2.433012 2.500000 -2.250000
v -1.433013 0.750000 -2.250000
v -1.250000 0.750000 -2.433013
v -1.000000 0.750000 -2.500000
v -0.750000 0.750000 -2.433012
v -0.566987 0.750000 -2.250000
v -0.500000 0.750000 -2.000000
v -0.566987 0.750000 -1.750000
v -0.750000 0.750000 -1.566987
v -1.000000 0.750000 -1.500000
v -1.250000 0.750000 -1.566987
v -1.500000 0.750000 -2.000000
v -1.433013 0.750000 -1.750000
v -1.500000 2.500000 -2.000000
v -1.433013 2.500000 -1.750000
v -1.250000 2.500000 -1.566987
v -1.000000 2.500000 -1.500000
v -0.750000 2.500000 -1.566987
v -0.566987 2.500000 -1.750000
v -0.500000 2.500000 -2.000000
v -0.566987 2.500000 -2.250000
v -0.750000 2.500000 -2.433012
v -1.000000 2.500000 -2.500000
v -1.250000 2.500000 -2.433013
v -1.433013 2.500000 -2.250000
v -0.433013 0.750000 -2.250000
v -0.250000 0.750000 -2.433013
v 0.000000 0.750000 -2.500000
v 0.250000 0.750000 -2.433012
v 0.433013 0.750000 -2.250000
v 0.500000 0.750000 -2.000000
v 0.433013 0.750000 -1.750000
v 0.250000 0.750000 -1.566987
v -0.000000 0.750000 -1.500000
v -0.250000 0.750000 -1.566987
v -0.500000 0.750000 -2.000000
v -0.433013 0.750000 -1.750000
v -0.500000 2.500000 -2.000000
v -0.433013 2.500000 -1.750000
v -0.250000 2.500000 -1.566987
v -0.000000 2.500000 -1.500000
v 0.250000 2.500000 -1.566987
v 0.433013 2.500000 -1.750000
v 0.500000 2.500000 -2.000000
v 0.433013 2.500000 -2.250000
v 0.250000 2.500000 -2.433012
v 0.000000 2.500000 -2.500000
v -0.250000 2.500000 -2.433013
v -0.433013 2.500000 -2.250000
v 0.566987 0.750000 -2.250000
v 0.750000 0.750000 -2.433013
v 1.000000 0.750000 -2.500000
v 1.250000 0.750000 -2.433012
v 1.433013 0.750000 -2.250000
v 1.500000 0.750000 -2.000000
v 1.433013 0.750000 -1.750000
v 1.250000 0.750000 -1.566987
v 1.000000 0.750000 -1.500000
v 0.750000 0.750000 -1.566987
v 0.500000 0.750000 -2.000000
v 0.566987 0.750000 -1.750000
v 0.500000 2.500000 -2.000000
v 0.566987 2.500000 -1.750000
v 0.750000 2.500000 -1.566987
v 1.000000 2.500000 -1.500000
v 1.250000 2.500000 -1.566987
v 1.433013 2.500000 -1.750000
v 1.500000 2.500000 -2.000000
v 1.433013 2.500000 -2.250000
v 1.250000 2.500000 -2.433012
v 1.000000 2.500000 -2.500000
v 0.750000 2.500000 -2.433013
v 0.566987 2.500000 -2.250000
v 1.566987 0.750000 -2.250001
v 1.750000 0.750000 -2.433013
v 2.000000 0.750000 -2.500000
v 2.250000 0.750000 -2.433012
v 2.433012 0.750000 -2.250000
v 2.500000 0.750000 -2.000000
v 2.433012 0.750000 -1.750000
v 2.250000 0.750000 -1.566987
v 2.000000 0.750000 -1.500000
v 1.750000 0.750000 -1.566987
v 1.500000 0.750000 -2.000000
v 1.566987 0.750000 -1.750000
v 1.500000 2.500000 -2.000000
v 1.566987 2.500000 -1.750000
v 1.750000 2.500000 -1.566987
v 2.000000 2.500000 -1.500000
v 2.250000 2.500000 -1.566987
v 2.433012 2.500000 -1.750000
v 2.500000 2.500000 -2.000000
v 2.433012 2.500000 -2.250000
v 2.250000 2.500000 -2.433012
v 2.000000 2.500000 -2.500000
v 1.750000 2.500000 -2.433013
v 1.566987 2.500000 -2.250001
v 0.750000 2.500000 1.750000
v 0.750000 2.500000 2.250000
v 1.250000 2.500000 1.750000
v 1.250000 2.500000 2.250000
v 1.250000 2.750000 1.750000
v 0.750000 2.750000 1.750000
v 0.750000 2.750000 2.250000
v 1.250000 2.750000 2.250000
v 0.812500 2.750000 1.812500
v 0.812500 2.750000 2.187500
v 1.187500 2.750000 1.812500
v 1.187500 2.750000 2.187500
v 1.187500 3.000000 1.812500
v 0.812500 3.000000 1.812500
v 0.812500 3.000000 2.187500
v 1.187500 3.000000 2.187500
v -0.250000 2.500000 1.750000
v -0.250000 2.500000 2.250000
v 0.250000 2.500000 1.750000
v 0.250000 2.500000 2.250000
v 0.250000 2.750000 1.750000
v -0.250000 2.750000 1.750000
v -0.250000 2.750000 2.250000
v 0.250000 2.750000 2.250000
v -0.187500 2.750000 1.812500
v -0.187500 2.750000 2.187500
v 0.187500 2.750000 1.812500
v 0.187500 2.750000 2.187500
v 0.187500 3.000000 1.812500
v -0.187500 3.000000 1.812500
v -0.187500 3.000000 2.187500
v 0.187500 3.000000 2.187500
v -1.250000 2.500000 1.750000
v -1.250000 2.500000 2.250000
v -0.750000 2.500000 1.750000
v -0.750000 2.500000 2.250000
v -0.750000 2.750000 1.750000
v -1.250000 2.750000 1.750000
v -1.250000 2.750000 2.250000
v -0.750000 2.750000 2.250000
v -1.187500 2.750000 1.812500
v -1.187500 2.750000 2.187500
v -0.812500 2.750000 1.812500
v -0.812500 2.750000 2.187500
v -0.812500 3.000000 1.812500
v -1.187500 3.000000 1.812500
v -1.187500 3.000000 2.187500
v -0.812500 3.000000 2.187500
v -2.250000 2.500000 1.750000
v -2.250000 2.500000 2.250000
v -1.750000 2.500000 1.750000
v -1.750000 2.500000 2.250000
v -1.750000 2.750000 1.750000
v -2.250000 2.750000 1.750000
v -2.250000 2.750000 2.250000
v -1.750000 2.750000 2.250000
v -2.187500 2.750000 1.812500
v -2.187500 2.750000 2.187500
v -1.812500 2.750000 1.812500
v -1.812500 2.750000 2.187500
v -1.812500 3.000000 1.812500
v -2.187500 3.000000 1.812500
v -2.187500 3.000000 2.187500
v -1.812500 3.000000 2.187500
v 1.750000 2.500000 -2.250000
v 1.750000 2.500000 -1.750000
v 2.250000 2.500000 -2.250000
v 2.250000 2.500000 -1.750000
v 2.250000 2.750000 -2.250000
v 1.750000 2.750000 -2.250000
v 1.750000 2.750000 -1.750000
v 2.250000 2.750000 -1.750000
v 1.812500 2.750000 -2.187500
v 1.812500 2.750000 -1.812500
v 2.187500 2.750000 -2.187500
v 2.187500 2.750000 -1.812500
v 2.187500 3.000000 -2.187500
v 1.812500 3.000000 -2.187500
v 1.812500 3.000000 -1.812500
v 2.187500 3.000000 -1.812500
v 0.750000 2.500000 -2.250000
v 0.750000 2.500000 -1.750000
v 1.250000 2.500000 -2.250000
v 1.250000 2.500000 -1.750000
v 1.250000 2.750000 -2.250000
v 0.750000 2.750000 -2.250000
v 0.750000 2.750000 -1.750000
v 1.250000 2.750000 -1.750000
v 0.812500 2.750000 -2.187500
v 0.812500 2.750000 -1.812500
v 1.187500 2.750000 -2.187500
v 1.187500 2.750000 -1.812500
v 1.187500 3.000000 -2.187500
v 0.812500 3.000000 -2.187500
v 0.812500 3.000000 -1.812500
v 1.187500 3.000000 -1.812500
v -0.250000 2.500000 -2.250000
v -0.250000 2.500000 -1.750000
v 0.250000 2.500000 -2.250000
v 0.250000 2.500000 -1.750000
v 0.250000 2.750000 -2.250000
v -0.250000 2.750000 -2.250000
v -0.250000 2.750000 -1.750000
v 0.250000 2.750000 -1.750000
v -0.187500 2.750000 -2.187500
v -0.187500 2.750000 -1.812500
v 0.187500 2.750000 -2.187500
v 0.187500 2.750000 -1.812500
v 0.187500 3.000000 -2.187500
v -0.187500 3.000000 -2.187500
v -0.187500 3.000000 -1.812500
v 0.187500 3.000000 -1.812500
v -1.250000 2.500000 -2.250000
v -1.250000 2.500000 -1.750000
v -0.750000 2.500000 -2.250000
v -0.750000 2.500000 -1.750000
v -0.750000 2.750000 -2.250000
v -1.250000 2.750000 -2.250000
v -1.250000 2.750000 -1.750000
v -0.750000 2.750000 -1.750000
v -1.187500 2.750000 -2.187500
v -1.187500 2.750000 -1.812500
v -0.812500 2.750000 -2.187500
v -0.812500 2.750000 -1.812500
v -0.812500 3.000000 -2.187500
v -1.187500 3.000000 -2.187500
v -1.187500 3.000000 -1.812500
v -0.812500 3.000000 -1.812500
v -2.250000 2.500000 -2.250000
v -2.250000 2.500000 -1.750000
v -1.750000 2.500000 -2.250000
v -1.750000 2.500000 -1.750000
v -1.750000 2.750000 -2.250000
v -2.250000 2.750000 -2.250000
v -2.250000 2.750000 -1.750000
v -1.750000 2.750000 -1.750000
v -2.187500 2.750000 -2.187500
v -2.187500 2.750000 -1.812500
v -1.812500 2.750000 -2.187500
v -1.812500 2.750000 -1.812500
v -1.812500 3.000000 -2.187500
v -2.187500 3.000000 -2.187500
v -2.187500 3.000000 -1.812500
v -1.812500 3.000000 -1.812500
v -2.125000 2.750000 1.750000
v -2.213388 2.713388 1.750000
v -2.250000 2.625000 1.750000
v -2.213388 2.536612 1.750000
v -2.125000 2.500000 1.750000
v -2.036612 2.536612 1.750000
v -2.000000 2.625000 1.750000
v -2.036612 2.713388 1.750000
v -2.125000 2.750000 -1.750000
v -2.213388 2.713388 -1.750000
v -2.250000 2.625000 -1.750000
v -2.213388 2.536612 -1.750000
v -2.125000 2.500000 -1.750000
v -2.036612 2.536612 -1.750000
v -2.000000 2.625000 -1.750000
v -2.036612 2.713388 -1.750000
v -1.125000 2.750000 1.750000
v -1.213388 2.713388 1.750000
v -1.250000 2.625000 1.750000
v -1.213388 2.536612 1.750000
v -1.125000 2.500000 1.750000
v -1.036612 2.536612 1.750000
v -1.000000 2.625000 1.750000
v -1.036612 2.713388 1.750000
v -1.125000 2.750000 1.375000
v -1.213388 2.713388 1.375000
v -1.250000 2.625000 1.375000
v -1.213388 2.536612 1.375000
v -1.125000 2.500000 1.375000
v -1.036612 2.536612 1.375000
v -1.000000 2.625000 1.375000
v -1.036612 2.713388 1.375000
v -1.125000 2.676776 1.198223
v -1.213388 2.650888 1.224112
v -1.250000 2.588388 1.286612
v -1.213388 2.525888 1.349112
v -1.036612 2.525888 1.349112
v -1.000000 2.588388 1.286612
v -1.036612 2.650888 1.224112
v -1.125000 2.500000 1.125000
v -1.213388 2.500000 1.161612
v -1.250000 2.500000 1.250000
v -1.213388 2.500000 1.338388
v -1.036612 2.500000 1.338388
v -1.000000 2.500000 1.250000
v -1.036612 2.500000 1.161612
v -1.125000 1.000000 1.375000
v -1.125000 1.000000 1.125000
v -1.213388 1.000000 1.161612
v -1.250000 1.000000 1.250000
v -1.213388 1.000000 1.338388
v -1.036612 1.000000 1.338388
v -1.000000 1.000000 1.250000
v -1.036612 1.000000 1.161612
v -1.125000 0.823223 1.301777
v -1.213388 0.974112 1.150888
v -1.250000 0.911612 1.213388
v -1.213388 0.849112 1.275888
v -1.036612 0.849112 1.275888
v -1.000000 0.911612 1.213388
v -1.036612 0.974112 1.150888
v -1.125000 0.750000 1.125000
v -1.213388 0.963388 1.125000
v -1.250000 0.875000 1.125000
v -1.213388 0.786612 1.125000
v -1.036612 0.786612 1.125000
v -1.000000 0.875000 1.125000
v -1.036612 0.963388 1.125000
v -1.125000 1.000000 1.000000
v -1.125000 0.750000 1.000000
v -1.213388 0.963388 1.000000
v -1.250000 0.875000 1.000000
v -1.213388 0.786612 1.000000
v -1.036612 0.786612 1.000000
v -1.000000 0.875000 1.000000
v -1.036612 0.963388 1.000000
v -0.875000 2.750000 1.750000
v -0.963388 2.713388 1.750000
v -1.000000 2.625000 1.750000
v -0.963388 2.536612 1.750000
v -0.875000 2.500000 1.750000
v -0.786612 2.536612 1.750000
v -0.750000 2.625000 1.750000
v -0.786612 2.713388 1.750000
v -0.875000 2.750000 1.375000
v -0.963388 2.713388 1.375000
v -1.000000 2.625000 1.375000
v -0.963388 2.536612 1.375000
v -0.875000 2.500000 1.375000
v -0.786612 2.536612 1.375000
v -0.750000 2.625000 1.375000
v -0.786612 2.713388 1.375000
v -0.875000 2.676776 1.198223
v -0.963389 2.650888 1.224112
v -1.000000 2.588388 1.286612
v -0.963388 2.525888 1.349112
v -0.786612 2.525888 1.349112
v -0.750000 2.588388 1.286612
v -0.786612 2.650888 1.224112
v -0.875000 2.500000 1.125000
v -0.963389 2.500000 1.161612
v -1.000000 2.500000 1.250000
v -0.963388 2.500000 1.338388
v -0.786612 2.500000 1.338388
v -0.750000 2.500000 1.250000
v -0.786612 2.500000 1.161612
v -0.875000 1.000000 1.375000
v -0.875000 1.000000 1.125000
v -0.963389 1.000000 1.161612
v -1.000000 1.000000 1.250000
v -0.963388 1.000000 1.338388
v -0.786612 1.000000 1.338388
v -0.750000 1.000000 1.250000
v -0.786612 1.000000 1.161612
v -0.875000 0.823223 1.301777
v -0.963389 0.974112 1.150888
v -1.000000 0.911612 1.213388
v -0.963388 0.849112 1.275888
v -0.786612 0.849112 1.275888
v -0.750000 0.911612 1.213388
v -0.786612 0.974112 1.150888
v -0.875000 0.750000 1.125000
v -0.963389 0.963388 1.125000
v -1.000000 0.875000 1.125000
v -0.963388 0.786612 1.125000
v -0.786612 0.786612 1.125000
v -0.750000 0.875000 1.125000
v -0.786612 0.963388 1.125000
v -0.875000 1.000000 1.000000
v -0.875000 0.750000 1.000000
v -0.963389 0.963388 1.000000
v -1.000000 0.875000 1.000000
v -0.963388 0.786612 1.000000
v -0.786612 0.786612 1.000000
v -0.750000 0.875000 1.000000
v -0.786612 0.963388 1.000000
v -1.875000 2.750000 1.750000
v -1.963388 2.713388 1.750000
v -2.000000 2.625000 1.750000
v -1.963388 2.536612 1.750000
v -1.875000 2.500000 1.750000
v -1.786612 2.536612 1.750000
v -1.750000 2.625000 1.750000
v -1.786612 2.713388 1.750000
v -1.875000 2.750000 1.375000
v -1.963388 2.713388 1.375000
v -2.000000 2.625000 1.375000
v -1.963388 2.536612 1.375000
v -1.875000 2.500000 1.375000
v -1.786612 2.536612 1.375000
v -1.750000 2.625000 1.375000
v -1.786612 2.713388 1.375000
v -1.875000 2.676776 1.198223
v -1.963388 2.650888 1.224111
v -2.000000 2.588388 1.286611
v -1.963388 2.525888 1.349111
v -1.786612 2.525888 1.349111
v -1.750000 2.588388 1.286611
v -1.786612 2.650888 1.224111
v -1.875000 2.500000 1.125000
v -1.963388 2.500000 1.161611
v -2.000000 2.500000 1.250000
v -1.963388 2.500000 1.338388
v -1.786612 2.500000 1.338388
v -1.750000 2.500000 1.250000
v -1.786612 2.500000 1.161611
v -1.875000 1.000000 1.375000
v -1.875000 1.000000 1.125000
v -1.963388 1.000000 1.161611
v -2.000000 1.000000 1.250000
v -1.963388 1.000000 1.338388
v -1.786612 1.000000 1.338388
v -1.750000 1.000000 1.250000
v -1.786612 1.000000 1.161611
v -1.875000 0.823223 1.301777
v -1.963388 0.974112 1.150888
v -2.000000 0.911612 1.213388
v -1.963388 0.849112 1.275888
v -1.786612 0.849112 1.275888
v -1.750000 0.911612 1.213388
v -1.786612 0.974112 1.150888
v -1.875000 0.750000 1.125000
v -1.963388 0.963388 1.125000
v -2.000000 0.875000 1.125000
v -1.963388 0.786612 1.125000
v -1.786612 0.786612 1.125000
v -1.750000 0.875000 1.125000
v -1.786612 0.963388 1.125000
v -1.875000 1.000000 1.000000
v -1.875000 0.750000 1.000000
v -1.963388 0.963388 1.000000
v -2.000000 0.875000 1.000000
v -1.963388 0.786612 1.000000
v -1.786612 0.786612 1.000000
v -1.750000 0.875000 1.000000
v -1.786612 0.963388 1.000000
v 1.875000 2.750000 1.750000
v 1.786612 2.713388 1.750000
v 1.750000 2.625000 1.750000
v 1.786612 2.536612 1.750000
v 1.875000 2.500000 1.750000
v 1.963388 2.536612 1.750000
v 2.000000 2.625000 1.750000
v 1.963388 2.713388 1.750000
v 1.875000 2.750000 1.375000
v 1.786612 2.713388 1.375000
v 1.750000 2.625000 1.375000
v 1.786612 2.536612 1.375000
v 1.875000 2.500000 1.375000
v 1.963388 2.536612 1.375000
v 2.000000 2.625000 1.375000
v 1.963388 2.713388 1.375000
v 1.875000 2.676776 1.198223
v 1.786612 2.650888 1.224112
v 1.750000 2.588388 1.286612
v 1.786612 2.525888 1.349112
v 1.963388 2.525888 1.349112
v 2.000000 2.588388 1.286612
v 1.963388 2.650888 1.224112
v 1.875000 2.500000 1.125000
v 1.786612 2.500000 1.161612
v 1.750000 2.500000 1.250000
v 1.786612 2.500000 1.338389
v 1.963388 2.500000 1.338389
v 2.000000 2.500000 1.250000
v 1.963388 2.500000 1.161612
v 1.875000 1.000000 1.375000
v 1.875000 1.000000 1.125000
v 1.786612 1.000000 1.161612
v 1.750000 1.000000 1.250000
v 1.786612 1.000000 1.338389
v 1.963388 1.000000 1.338389
v 2.000000 1.000000 1.250000
v 1.963388 1.000000 1.161612
v 1.875000 0.823223 1.301777
v 1.786612 0.974112 1.150889
v 1.750000 0.911612 1.213389
v 1.786612 0.849112 1.275889
v 1.963388 0.849112 1.275889
v 2.000000 0.911612 1.213389
v 1.963388 0.974112 1.150889
v 1.875000 0.750000 1.125000
v 1.786612 0.963388 1.125000
v 1.750000 0.875000 1.125000
v 1.786612 0.786612 1.125000
v 1.963388 0.786612 1.125000
v 2.000000 0.875000 1.125000
v 1.963388 0.963388 1.125000
v 1.875000 1.000000 1.000000
v 1.875000 0.750000 1.000000
v 1.786612 0.963388 1.000000
v 1.750000 0.875000 1.000000
v 1.786612 0.786612 1.000000
v 1.963388 0.786612 1.000000
v 2.000000 0.875000 1.000000
v 1.963388 0.963388 1.000000
v 0.125000 2.750000 -1.750000
v 0.213388 2.713388 -1.750000
v 0.250000 2.625000 -1.750000
v 0.213388 2.536612 -1.750000
v 0.125000 2.500000 -1.750000
v 0.036611 2.536612 -1.750000
v -0.000000 2.625000 -1.750000
v 0.036611 2.713388 -1.750000
v 0.125000 2.750000 -1.375000
v 0.213388 2.713388 -1.375000
v 0.250000 2.625000 -1.375000
v 0.213388 2.536612 -1.375000
v 0.125000 2.500000 -1.375000
v 0.036611 2.536612 -1.375000
v -0.000000 2.625000 -1.375000
v 0.036611 2.713388 -1.375000
v 0.125000 2.676776 -1.198223
v 0.213388 2.650888 -1.224112
v 0.250000 2.588388 -1.286612
v 0.213388 2.525888 -1.349112
v 0.036611 2.525888 -1.349112
v -0.000000 2.588388 -1.286612
v 0.036612 2.650888 -1.224112
v 0.125000 2.500000 -1.125000
v 0.213388 2.500000 -1.161612
v 0.250000 2.500000 -1.250000
v 0.213388 2.500000 -1.338388
v 0.036611 2.500000 -1.338388
v -0.000000 2.500000 -1.250000
v 0.036612 2.500000 -1.161612
v 0.125000 1.000000 -1.375000
v 0.125000 1.000000 -1.125000
v 0.213388 1.000000 -1.161612
v 0.250000 1.000000 -1.250000
v 0.213388 1.000000 -1.338388
v 0.036611 1.000000 -1.338388
v -0.000000 1.000000 -1.250000
v 0.036612 1.000000 -1.161612
v 0.125000 0.823223 -1.301777
v 0.213388 0.974112 -1.150888
v 0.250000 0.911612 -1.213388
v 0.213388 0.849112 -1.275888
v 0.036612 0.849112 -1.275888
v -0.000000 0.911612 -1.213388
v 0.036612 0.974112 -1.150888
v 0.125000 0.750000 -1.125000
v 0.213388 0.963388 -1.125000
v 0.250000 0.875000 -1.125000
v 0.213388 0.786612 -1.125000
v 0.036612 0.786612 -1.125000
v -0.000000 0.875000 -1.125000
v 0.036612 0.963388 -1.125000
v 0.125000 1.000000 -1.000000
v 0.125000 0.750000 -1.000000
v 0.213388 0.963388 -1.000000
v 0.250000 0.875000 -1.000000
v 0.213388 0.786612 -1.000000
v 0.036612 0.786612 -1.000000
v -0.000000 0.875000 -1.000000
v 0.036612 0.963388 -1.000000
v -0.125000 2.750000 -1.750000
v -0.036612 2.713388 -1.750000
v -0.000000 2.625000 -1.750000
v -0.036612 2.536612 -1.750000
v -0.125000 2.500000 -1.750000
v -0.213389 2.536612 -1.750000
v -0.250000 2.625000 -1.750000
v -0.213389 2.713388 -1.750000
v -0.125000 2.750000 -1.375000
v -0.036612 2.713388 -1.375000
v -0.000000 2.625000 -1.375000
v -0.036612 2.536612 -1.375000
v -0.125000 2.500000 -1.375000
v -0.213389 2.536612 -1.375000
v -0.250000 2.625000 -1.375000
v -0.213389 2.713388 -1.375000
v -0.125000 2.676776 -1.198223
v -0.036612 2.650888 -1.224112
v -0.000000 2.588388 -1.286612
v -0.036612 2.525888 -1.349112
v -0.213389 2.525888 -1.349112
v -0.250000 2.588388 -1.286612
v -0.213389 2.650888 -1.224112
v -0.125000 2.500000 -1.125000
v -0.036612 2.500000 -1.161612
v -0.000000 2.500000 -1.250000
v -0.036612 2.500000 -1.338388
v -0.213389 2.500000 -1.338388
v -0.250000 2.500000 -1.250000
v -0.213388 2.500000 -1.161612
v -0.125000 1.000000 -1.375000
v -0.125000 1.000000 -1.125000
v -0.036612 1.000000 -1.161612
v -0.000000 1.000000 -1.250000
v -0.036612 1.000000 -1.338388
v -0.213389 1.000000 -1.338388
v -0.250000 1.000000 -1.250000
v -0.213388 1.000000 -1.161612
v -0.125000 0.823223 -1.301777
v -0.036612 0.974112 -1.150888
v -0.000000 0.911612 -1.213388
v -0.036612 0.849112 -1.275888
v -0.213389 0.849112 -1.275888
v -0.250000 0.911612 -1.213388
v -0.213388 0.974112 -1.150888
v -0.125000 0.750000 -1.125000
v -0.036612 0.963388 -1.125000
v -0.000000 0.875000 -1.125000
v -0.036612 0.786612 -1.125000
v -0.213389 0.786612 -1.125000
v -0.250000 0.875000 -1.125000
v -0.213388 0.963388 -1.125000
v -0.125000 1.000000 -1.000000
v -0.125000 0.750000 -1.000000
v -0.036612 0.963388 -1.000000
v -0.000000 0.875000 -1.000000
v -0.036612 0.786612 -1.000000
v -0.213388 0.786612 -1.000000
v -0.250000 0.875000 -1.000000
v -0.213388 0.963388 -1.000000
v 1.125000 2.750000 -1.750000
v 1.213388 2.713388 -1.750000
v 1.250000 2.625000 -1.750000
v 1.213388 2.536612 -1.750000
v 1.125000 2.500000 -1.750000
v 1.036612 2.536612 -1.750000
v 1.000000 2.625000 -1.750000
v 1.036612 2.713388 -1.750000
v 1.125000 2.750000 -1.375000
v 1.213388 2.713388 -1.375000
v 1.250000 2.625000 -1.375000
v 1.213388 2.536612 -1.375000
v 1.125000 2.500000 -1.375000
v 1.036612 2.536612 -1.375000
v 1.000000 2.625000 -1.375000
v 1.036612 2.713388 -1.375000
v 1.125000 2.676776 -1.198223
v 1.213388 2.650888 -1.224112
v 1.250000 2.588388 -1.286612
v 1.213388 2.525888 -1.349112
v 1.036612 2.525888 -1.349112
v 1.000000 2.588388 -1.286612
v 1.036612 2.650888 -1.224112
v 1.125000 2.500000 -1.125000
v 1.213388 2.500000 -1.161612
v 1.250000 2.500000 -1.250000
v 1.213388 2.500000 -1.338388
v 1.036612 2.500000 -1.338388
v 1.000000 2.500000 -1.250000
v 1.036612 2.500000 -1.161612
v 1.125000 1.000000 -1.375000
v 1.125000 1.000000 -1.125000
v 1.213388 1.000000 -1.161612
v 1.250000 1.000000 -1.250000
v 1.213388 1.000000 -1.338388
v 1.036612 1.000000 -1.338388
v 1.000000 1.000000 -1.250000
v 1.036612 1.000000 -1.161612
v 1.125000 0.823223 -1.301777
v 1.213388 0.974112 -1.150888
v 1.250000 0.911612 -1.213388
v 1.213388 0.849112 -1.275888
v 1.036612 0.849112 -1.275888
v 1.000000 0.911612 -1.213388
v 1.036612 0.974112 -1.150888
v 1.125000 0.750000 -1.125000
v 1.213388 0.963388 -1.125000
v 1.250000 0.875000 -1.125000
v 1.213388 0.786612 -1.125000
v 1.036612 0.786612 -1.125000
v 1.000000 0.875000 -1.125000
v 1.036612 0.963388 -1.125000
v 1.125000 1.000000 -1.000000
v 1.125000 0.750000 -1.000000
v 1.213388 0.963388 -1.000000
v 1.250000 0.875000 -1.000000
v 1.213388 0.786612 -1.000000
v 1.036612 0.786612 -1.000000
v 1.000000 0.875000 -1.000000
v 1.036612 0.963388 -1.000000
v 0.875000 2.750000 -1.750000
v 0.963388 2.713388 -1.750000
v 1.000000 2.625000 -1.750000
v 0.963388 2.536612 -1.750000
v 0.875000 2.500000 -1.750000
v 0.786611 2.536612 -1.750000
v 0.750000 2.625000 -1.750000
v 0.786611 2.713388 -1.750000
v 0.875000 2.750000 -1.375000
v 0.963388 2.713388 -1.375000
v 1.000000 2.625000 -1.375000
v 0.963388 2.536612 -1.375000
v 0.875000 2.500000 -1.375000
v 0.786611 2.536612 -1.375000
v 0.750000 2.625000 -1.375000
v 0.786611 2.713388 -1.375000
v 0.875000 2.676776 -1.198223
v 0.963388 2.650888 -1.224112
v 1.000000 2.588388 -1.286612
v 0.963388 2.525888 -1.349112
v 0.786611 2.525888 -1.349112
v 0.750000 2.588388 -1.286612
v 0.786611 2.650888 -1.224112
v 0.875000 2.500000 -1.125000
v 0.963388 2.500000 -1.161612
v 1.000000 2.500000 -1.250000
v 0.963388 2.500000 -1.338388
v 0.786611 2.500000 -1.338388
v 0.750000 2.500000 -1.250000
v 0.786612 2.500000 -1.161612
v 0.875000 1.000000 -1.375000
v 0.875000 1.000000 -1.125000
v 0.963388 1.000000 -1.161612
v 1.000000 1.000000 -1.250000
v 0.963388 1.000000 -1.338388
v 0.786611 1.000000 -1.338388
v 0.750000 1.000000 -1.250000
v 0.786612 1.000000 -1.161612
v 0.875000 0.823223 -1.301777
v 0.963388 0.974112 -1.150888
v 1.000000 0.911612 -1.213388
v 0.963388 0.849112 -1.275888
v 0.786611 0.849112 -1.275888
v 0.750000 0.911612 -1.213388
v 0.786612 0.974112 -1.150888
v 0.875000 0.750000 -1.125000
v 0.963388 0.963388 -1.125000
v 1.000000 0.875000 -1.125000
v 0.963388 0.786612 -1.125000
v 0.786611 0.786612 -1.125000
v 0.750000 0.875000 -1.125000
v 0.786612 0.963388 -1.125000
v 0.875000 1.000000 -1.000000
v 0.875000 0.750000 -1.000000
v 0.963389 0.963388 -1.000000
v 1.000000 0.875000 -1.000000
v 0.963388 0.786612 -1.000000
v 0.786612 0.786612 -1.000000
v 0.750000 0.875000 -1.000000
v 0.786612 0.963388 -1.000000
v 1.875000 2.750000 -1.750000
v 1.963388 2.713388 -1.750000
v 2.000000 2.625000 -1.750000
v 1.963388 2.536612 -1.750000
v 1.875000 2.500000 -1.750000
v 1.786612 2.536612 -1.750000
v 1.750000 2.625000 -1.750000
v 1.786612 2.713388 -1.750000
v 1.875000 2.750000 -1.375000
v 1.963388 2.713388 -1.375000
v 2.000000 2.625000 -1.375000
v 1.963388 2.536612 -1.375000
v 1.875000 2.500000 -1.375000
v 1.786612 2.536612 -1.375000
v 1.750000 2.625000 -1.375000
v 1.786612 2.713388 -1.375000
v 1.875000 2.676776 -1.198223
v 1.963388 2.650888 -1.224111
v 2.000000 2.588388 -1.286611
v 1.963388 2.525888 -1.349111
v 1.786612 2.525888 -1.349111
v 1.750000 2.588388 -1.286611
v 1.786612 2.650888 -1.224111
v 1.875000 2.500000 -1.125000
v 1.963388 2.500000 -1.161611
v 2.000000 2.500000 -1.250000
v 1.963388 2.500000 -1.338388
v 1.786612 2.500000 -1.338388
v 1.750000 2.500000 -1.250000
v 1.786612 2.500000 -1.161611
v 1.875000 1.000000 -1.375000
v 1.875000 1.000000 -1.125000
v 1.963388 1.000000 -1.161611
v 2.000000 1.000000 -1.250000
v 1.963388 1.000000 -1.338388
v 1.786612 1.000000 -1.338388
v 1.750000 1.000000 -1.250000
v 1.786612 1.000000 -1.161611
v 1.875000 0.823223 -1.301777
v 1.963388 0.974112 -1.150888
v 2.000000 0.911612 -1.213388
v 1.963388 0.849112 -1.275888
v 1.786612 0.849112 -1.275888
v 1.750000 0.911612 -1.213388
v 1.786612 0.974112 -1.150888
v 1.875000 0.750000 -1.125000
v 1.963388 0.963388 -1.125000
v 2.000000 0.875000 -1.125000
v 1.963388 0.786612 -1.125000
v 1.786612 0.786612 -1.125000
v 1.750000 0.875000 -1.125000
v 1.786612 0.963388 -1.125000
v 1.875000 1.000000 -1.000000
v 1.875000 0.750000 -1.000000
v 1.963388 0.963388 -1.000000
v 2.000000 0.875000 -1.000000
v 1.963388 0.786612 -1.000000
v 1.786612 0.786612 -1.000000
v 1.750000 0.875000 -1.000000
v 1.786612 0.963388 -1.000000
v -1.875000 2.750000 -1.750000
v -1.786612 2.713388 -1.750000
v -1.750000 2.625000 -1.750000
v -1.786612 2.536612 -1.750000
v -1.875000 2.500000 -1.750000
v -1.963388 2.536612 -1.750000
v -2.000000 2.625000 -1.750000
v -1.963388 2.713388 -1.750000
v -1.875000 2.750000 -1.375000
v -1.786612 2.713388 -1.375000
v -1.750000 2.625000 -1.375000
v -1.786612 2.536612 -1.375000
v -1.875000 2.500000 -1.375000
v -1.963388 2.536612 -1.375000
v -2.000000 2.625000 -1.375000
v -1.963388 2.713388 -1.375000
v -1.875000 2.676776 -1.198223
v -1.786612 2.650888 -1.224112
v -1.750000 2.588388 -1.286612
v -1.786612 2.525888 -1.349112
v -1.963388 2.525888 -1.349112
v -2.000000 2.588388 -1.286612
v -1.963388 2.650888 -1.224112
v -1.875000 2.500000 -1.125000
v -1.786612 2.500000 -1.161612
v -1.750000 2.500000 -1.250000
v -1.786612 2.500000 -1.338389
v -1.963388 2.500000 -1.338389
v -2.000000 2.500000 -1.250000
v -1.963388 2.500000 -1.161612
v -1.875000 1.000000 -1.375000
v -1.875000 1.000000 -1.125000
v -1.786612 1.000000 -1.161612
v -1.750000 1.000000 -1.250000
v -1.786612 1.000000 -1.338389
v -1.963388 1.000000 -1.338389
v -2.000000 1.000000 -1.250000
v -1.963388 1.000000 -1.161612
v -1.875000 0.823223 -1.301777
v -1.786612 0.974112 -1.150889
v -1.750000 0.911612 -1.213389
v -1.786612 0.849112 -1.275889
v -1.963388 0.849112 -1.275889
v -2.000000 0.911612 -1.213389
v -1.963388 0.974112 -1.150889
v -1.875000 0.750000 -1.125000
v -1.786612 0.963388 -1.125000
v -1.750000 0.875000 -1.125000
v -1.786612 0.786612 -1.125000
v -1.963388 0.786612 -1.125000
v -2.000000 0.875000 -1.125000
v -1.963388 0.963388 -1.125000
v -1.875000 1.000000 -1.000000
v -1.875000 0.750000 -1.000000
v -1.786612 0.963388 -1.000000
v -1.750000 0.875000 -1.000000
v -1.786612 0.786612 -1.000000
v -1.963388 0.786612 -1.000000
v -2.000000 0.875000 -1.000000
v -1.963388 0.963388 -1.000000
v 2.500000 0.312500 0.812500
v 2.500000 0.312500 1.187500
v 2.500000 0.687500 0.812500
v 2.500000 0.687500 1.187500
v 2.375000 0.625000 0.875000
v 2.375000 0.375000 0.875000
v 2.375000 0.375000 1.125000
v 2.375000 0.625000 1.125000
v 2.375000 0.687500 0.812500
v 2.375000 0.312500 0.812500
v 2.375000 0.312500 1.187500
v 2.375000 0.687500 1.187500
v 2.250000 0.625000 0.875000
v 2.250000 0.375000 0.875000
v 2.250000 0.375000 1.125000
v 2.250000 0.625000 1.125000
v 2.500000 0.312500 1.812500
v 2.500000 0.312500 2.187500
v 2.500000 0.687500 1.812500
v 2.500000 0.687500 2.187500
v 2.375000 0.625000 1.875000
v 2.375000 0.375000 1.875000
v 2.375000 0.375000 2.125000
v 2.375000 0.625000 2.125000
v 2.375000 0.687500 1.812500
v 2.375000 0.312500 1.812500
v 2.375000 0.312500 2.187500
v 2.375000 0.687500 2.187500
v 2.250000 0.625000 1.875000
v 2.250000 0.375000 1.875000
v 2.250000 0.375000 2.125000
v 2.250000 0.625000 2.125000
v 2.500000 0.312500 -2.187500
v 2.500000 0.312500 -1.812500
v 2.500000 0.687500 -2.187500
v 2.500000 0.687500 -1.812500
v 2.375000 0.625000 -2.125000
v 2.375000 0.375000 -2.125000
v 2.375000 0.375000 -1.875000
v 2.375000 0.625000 -1.875000
v 2.375000 0.687500 -2.187500
v 2.375000 0.312500 -2.187500
v 2.375000 0.312500 -1.812500
v 2.375000 0.687500 -1.812500
v 2.250000 0.625000 -2.125000
v 2.250000 0.375000 -2.125000
v 2.250000 0.375000 -1.875000
v 2.250000 0.625000 -1.875000
v 2.500000 0.312500 -1.187500
v 2.500000 0.312500 -0.812500
v 2.500000 0.687500 -1.187500
v 2.500000 0.687500 -0.812500
v 2.375000 0.625000 -1.125000
v 2.375000 0.375000 -1.125000
v 2.375000 0.375000 -0.875000
v 2.375000 0.625000 -0.875000
v 2.375000 0.687500 -1.187500
v 2.375000 0.312500 -1.187500
v 2.375000 0.312500 -0.812500
v 2.375000 0.687500 -0.812500
v 2.250000 0.625000 -1.125000
v 2.250000 0.375000 -1.125000
v 2.250000 0.375000 -0.875000
v 2.250000 0.625000 -0.875000
v -2.500000 0.312500 0.187500
v -2.500000 0.312500 -0.187500
v -2.500000 0.687500 0.187500
v -2.500000 0.687500 -0.187500
v -2.375000 0.625000 0.125000
v -2.375000 0.375000 0.125000
v -2.375000 0.375000 -0.125000
v -2.375000 0.625000 -0.125000
v -2.375000 0.687500 0.187500
v -2.375000 0.312500 0.187500
v -2.375000 0.312500 -0.187500
v -2.375000 0.687500 -0.187500
v -2.250000 0.625000 0.125000
v -2.250000 0.375000 0.125000
v -2.250000 0.375000 -0.125000
v -2.250000 0.625000 -0.125000
v -2.500000 0.312500 -0.812500
v -2.500000 0.312500 -1.187500
v -2.500000 0.687500 -0.812500
v -2.500000 0.687500 -1.187500
v -2.375000 0.625000 -0.875000
v -2.375000 0.375000 -0.875000
v -2.375000 0.375000 -1.125000
v -2.375000 0.625000 -1.125000
v -2.375000 0.687500 -0.812500
v -2.375000 0.312500 -0.812500
v -2.375000 0.312500 -1.187500
v -2.375000 0.687500 -1.187500
v -2.250000 0.625000 -0.875000
v -2.250000 0.375000 -0.875000
v -2.250000 0.375000 -1.125000
v -2.250000 0.625000 -1.125000
v -2.500000 0.312500 -1.812500
v -2.500000 0.312500 -2.187500
v -2.500000 0.687500 -1.812500
v -2.500000 0.687500 -2.187500
v -2.375000 0.625000 -1.875000
v -2.375000 0.375000 -1.875000
v -2.375000 0.375000 -2.125000
v -2.375000 0.625000 -2.125000
v -2.375000 0.687500 -1.812500
v -2.375000 0.312500 -1.812500
v -2.375000 0.312500 -2.187500
v -2.375000 0.687500 -2.187500
v -2.250000 0.625000 -1.875000
v -2.250000 0.375000 -1.875000
v -2.250000 0.375000 -2.125000
v -2.250000 0.625000 -2.125000
v -2.500000 0.312500 2.187500
v -2.500000 0.312500 1.812500
v -2.500000 0.687500 2.187500
v -2.500000 0.687500 1.812500
v -2.375000 0.625000 2.125000
v -2.375000 0.375000 2.125000
v -2.375000 0.375000 1.875000
v -2.375000 0.625000 1.875000
v -2.375000 0.687500 2.187500
v -2.375000 0.312500 2.187500
v -2.375000 0.312500 1.812500
v -2.375000 0.687500 1.812500
v -2.250000 0.625000 2.125000
v -2.250000 0.375000 2.125000
v -2.250000 0.375000 1.875000
v -2.250000 0.625000 1.875000
v -2.500000 0.312500 1.187500
v -2.500000 0.312500 0.812500
v -2.500000 0.687500 1.187500
v -2.500000 0.687500 0.812500
v -2.375000 0.625000 1.125000
v -2.375000 0.375000 1.125000
v -2.375000 0.375000 0.875000
v -2.375000 0.625000 0.875000
v -2.375000 0.687500 1.187500
v -2.375000 0.312500 1.187500
v -2.375000 0.312500 0.812500
v -2.375000 0.687500 0.812500
v -2.250000 0.625000 1.125000
v -2.250000 0.375000 1.125000
v -2.250000 0.375000 0.875000
v -2.250000 0.625000 0.875000
v -0.187500 0.312500 -2.500000
v 0.187500 0.312500 -2.500000
v -0.187500 0.687500 -2.500000
v 0.187500 0.687500 -2.500000
v -0.125000 0.625000 -2.375000
v -0.125000 0.375000 -2.375000
v 0.125000 0.375000 -2.375000
v 0.125000 0.625000 -2.375000
v -0.187500 0.687500 -2.375000
v -0.187500 0.312500 -2.375000
v 0.187500 0.312500 -2.375000
v 0.187500 0.687500 -2.375000
v -0.125000 0.625000 -2.250000
v -0.125000 0.375000 -2.250000
v 0.125000 0.375000 -2.250000
v 0.125000 0.625000 -2.250000
v 0.812500 0.312500 -2.500000
v 1.187500 0.312500 -2.500000
v 0.812500 0.687500 -2.500000
v 1.187500 0.687500 -2.500000
v 0.875000 0.625000 -2.375000
v 0.875000 0.375000 -2.375000
v 1.125000 0.375000 -2.375000
v 1.125000 0.625000 -2.375000
v 0.812500 0.687500 -2.375000
v 0.812500 0.312500 -2.375000
v 1.187500 0.312500 -2.375000
v 1.187500 0.687500 -2.375000
v 0.875000 0.625000 -2.250000
v 0.875000 0.375000 -2.250000
v 1.125000 0.375000 -2.250000
v 1.125000 0.625000 -2.250000
v 1.812500 0.312500 -2.500000
v 2.187500 0.312500 -2.500000
v 1.812500 0.687500 -2.500000
v 2.187500 0.687500 -2.500000
v 1.875000 0.625000 -2.375000
v 1.875000 0.375000 -2.375000
v 2.125000 0.375000 -2.375000
v 2.125000 0.625000 -2.375000
v 1.812500 0.687500 -2.375000
v 1.812500 0.312500 -2.375000
v 2.187500 0.312500 -2.375000
v 2.187500 0.687500 -2.375000
v 1.875000 0.625000 -2.250000
v 1.875000 0.375000 -2.250000
v 2.125000 0.375000 -2.250000
v 2.125000 0.625000 -2.250000
v -2.187500 0.312500 -2.500000
v -1.812500 0.312500 -2.500000
v -2.187500 0.687500 -2.500000
v -1.812500 0.687500 -2.500000
v -2.125000 0.625000 -2.375000
v -2.125000 0.375000 -2.375000
v -1.875000 0.375000 -2.375000
v -1.875000 0.625000 -2.375000
v -2.187500 0.687500 -2.375000
v -2.187500 0.312500 -2.375000
v -1.812500 0.312500 -2.375000
v -1.812500 0.687500 -2.375000
v -2.125000 0.625000 -2.250000
v -2.125000 0.375000 -2.250000
v -1.875000 0.375000 -2.250000
v -1.875000 0.625000 -2.250000
v -1.187500 0.312500 -2.500000
v -0.812500 0.312500 -2.500000
v -1.187500 0.687500 -2.500000
v -0.812500 0.687500 -2.500000
v -1.125000 0.625000 -2.375000
v -1.125000 0.375000 -2.375000
v -0.875000 0.375000 -2.375000
v -0.875000 0.625000 -2.375000
v -1.187500 0.687500 -2.375000
v -1.187500 0.312500 -2.375000
v -0.812500 0.312500 -2.375000
v -0.812500 0.687500 -2.375000
v -1.125000 0.625000 -2.250000
v -1.125000 0.375000 -2.250000
v -0.875000 0.375000 -2.250000
v -0.875000 0.625000 -2.250000
v 0.187500 0.312500 2.500000
v -0.187500 0.312500 2.500000
v 0.187500 0.687500 2.500000
v -0.187500 0.687500 2.500000
v 0.125000 0.625000 2.375000
v 0.125000 0.375000 2.375000
v -0.125000 0.375000 2.375000
v -0.125000 0.625000 2.375000
v 0.187500 0.687500 2.375000
v 0.187500 0.312500 2.375000
v -0.187500 0.312500 2.375000
v -0.187500 0.687500 2.375000
v 0.125000 0.625000 2.250000
v 0.125000 0.375000 2.250000
v -0.125000 0.375000 2.250000
v -0.125000 0.625000 2.250000
v -0.812500 0.312500 2.500000
v -1.187500 0.312500 2.500000
v -0.812500 0.687500 2.500000
v -1.187500 0.687500 2.500000
v -0.875000 0.625000 2.375000
v -0.875000 0.375000 2.375000
v -1.125000 0.375000 2.375000
v -1.125000 0.625000 2.375000
v -0.812500 0.687500 2.375000
v -0.812500 0.312500 2.375000
v -1.187500 0.312500 2.375000
v -1.187500 0.687500 2.375000
v -0.875000 0.625000 2.250000
v -0.875000 0.375000 2.250000
v -1.125000 0.375000 2.250000
v -1.125000 0.625000 2.250000
v -1.812500 0.312500 2.500000
v -2.187500 0.312500 2.500000
v -1.812500 0.687500 2.500000
v -2.187500 0.687500 2.500000
v -1.875000 0.625000 2.375000
v -1.875000 0.375000 2.375000
v -2.125000 0.375000 2.375000
v -2.125000 0.625000 2.375000
v -1.812500 0.687500 2.375000
v -1.812500 0.312500 2.375000
v -2.187500 0.312500 2.375000
v -2.187500 0.687500 2.375000
v -1.875000 0.625000 2.250000
v -1.875000 0.375000 2.250000
v -2.125000 0.375000 2.250000
v -2.125000 0.625000 2.250000
v 2.187500 0.312500 2.500000
v 1.812500 0.312500 2.500000
v 2.187500 0.687500 2.500000
v 1.812500 0.687500 2.500000
v 2.125000 0.625000 2.375000
v 2.125000 0.375000 2.375000
v 1.875000 0.375000 2.375000
v 1.875000 0.625000 2.375000
v 2.187500 0.687500 2.375000
v 2.187500 0.312500 2.375000
v 1.812500 0.312500 2.375000
v 1.812500 0.687500 2.375000
v 2.125000 0.625000 2.250000
v 2.125000 0.375000 2.250000
v 1.875000 0.375000 2.250000
v 1.875000 0.625000 2.250000
v 1.187500 0.312500 2.500000
v 0.812500 0.312500 2.500000
v 1.187500 0.687500 2.500000
v 0.812500 0.687500 2.500000
v 1.125000 0.625000 2.375000
v 1.125000 0.375000 2.375000
v 0.875000 0.375000 2.375000
v 0.875000 0.625000 2.375000
v 1.187500 0.687500 2.375000
v 1.187500 0.312500 2.375000
v 0.812500 0.312500 2.375000
v 0.812500 0.687500 2.375000
v 1.125000 0.625000 2.250000
v 1.125000 0.375000 2.250000
v 0.875000 0.375000 2.250000
v 0.875000 0.625000 2.250000
v 1.088388 0.411612 1.750000
v 1.000000 0.375000 1.750000
v 0.911612 0.411612 1.750000
v 0.875000 0.500000 1.750000
v 0.911612 0.588388 1.750000
v 1.000000 0.625000 1.750000
v 1.088388 0.588388 1.750000
v 1.125000 0.500000 1.750000
v 1.088388 0.411612 1.250000
v 1.000000 0.375000 1.250000
v 0.911612 0.411612 1.250000
v 0.875000 0.500000 1.250000
v 0.911612 0.588388 1.250000
v 1.000000 0.625000 1.250000
v 1.088388 0.588388 1.250000
v 1.125000 0.500000 1.250000
v 0.088388 0.411612 1.750000
v -0.000000 0.375000 1.750000
v -0.088388 0.411612 1.750000
v -0.125000 0.500000 1.750000
v -0.088388 0.588388 1.750000
v -0.000000 0.625000 1.750000
v 0.088388 0.588388 1.750000
v 0.125000 0.500000 1.750000
v 0.088388 0.411612 1.250000
v -0.000000 0.375000 1.250000
v -0.088388 0.411612 1.250000
v -0.125000 0.500000 1.250000
v -0.088388 0.588388 1.250000
v -0.000000 0.625000 1.250000
v 0.088388 0.588388 1.250000
v 0.125000 0.500000 1.250000
v -0.911612 0.411612 1.750000
v -1.000000 0.375000 1.750000
v -1.088388 0.411612 1.750000
v -1.125000 0.500000 1.750000
v -1.088388 0.588388 1.750000
v -1.000000 0.625000 1.750000
v -0.911612 0.588388 1.750000
v -0.875000 0.500000 1.750000
v -0.911612 0.411612 1.250000
v -1.000000 0.375000 1.250000
v -1.088388 0.411612 1.250000
v -1.125000 0.500000 1.250000
v -1.088388 0.588388 1.250000
v -1.000000 0.625000 1.250000
v -0.911612 0.588388 1.250000
v -0.875000 0.500000 1.250000
v -1.911612 0.411612 1.750000
v -2.000000 0.375000 1.750000
v -2.088388 0.411612 1.750000
v -2.125000 0.500000 1.750000
v -2.088388 0.588388 1.750000
v -2.000000 0.625000 1.750000
v -1.911612 0.588388 1.750000
v -1.875000 0.500000 1.750000
v -1.911612 0.411612 1.250000
v -2.000000 0.375000 1.250000
v -2.088388 0.411612 1.250000
v -2.125000 0.500000 1.250000
v -2.088388 0.588388 1.250000
v -2.000000 0.625000 1.250000
v -1.911612 0.588388 1.250000
v -1.875000 0.500000 1.250000
v 2.088388 0.411612 -1.250000
v 2.000000 0.375000 -1.250000
v 1.911612 0.411612 -1.250000
v 1.875000 0.500000 -1.250000
v 1.911612 0.588388 -1.250000
v 2.000000 0.625000 -1.250000
v 2.088388 0.588388 -1.250000
v 2.125000 0.500000 -1.250000
v 2.088388 0.411612 -1.750000
v 2.000000 0.375000 -1.750000
v 1.911612 0.411612 -1.750000
v 1.875000 0.500000 -1.750000
v 1.911612 0.588388 -1.750000
v 2.000000 0.625000 -1.750000
v 2.088388 0.588388 -1.750000
v 2.125000 0.500000 -1.750000
v 1.088388 0.411612 -1.250000
v 1.000000 0.375000 -1.250000
v 0.911612 0.411612 -1.250000
v 0.875000 0.500000 -1.250000
v 0.911612 0.588388 -1.250000
v 1.000000 0.625000 -1.250000
v 1.088388 0.588388 -1.250000
v 1.125000 0.500000 -1.250000
v 1.088389 0.411612 -1.750000
v 1.000000 0.375000 -1.750000
v 0.911612 0.411612 -1.750000
v 0.875000 0.500000 -1.750000
v 0.911612 0.588388 -1.750000
v 1.000000 0.625000 -1.750000
v 1.088389 0.588388 -1.750000
v 1.125000 0.500000 -1.750000
v 0.088388 0.411612 -1.250000
v 0.000000 0.375000 -1.250000
v -0.088388 0.411612 -1.250000
v -0.125000 0.500000 -1.250000
v -0.088388 0.588388 -1.250000
v 0.000000 0.625000 -1.250000
v 0.088388 0.588388 -1.250000
v 0.125000 0.500000 -1.250000
v 0.088389 0.411612 -1.750000
v 0.000000 0.375000 -1.750000
v -0.088388 0.411612 -1.750000
v -0.125000 0.500000 -1.750000
v -0.088388 0.588388 -1.750000
v 0.000000 0.625000 -1.750000
v 0.088389 0.588388 -1.750000
v 0.125000 0.500000 -1.750000
v -0.911611 0.411612 -1.250000
v -1.000000 0.375000 -1.250000
v -1.088388 0.411612 -1.250000
v -1.125000 0.500000 -1.250000
v -1.088388 0.588388 -1.250000
v -1.000000 0.625000 -1.250000
v -0.911611 0.588388 -1.250000
v -0.875000 0.500000 -1.250000
v -0.911611 0.411612 -1.750000
v -1.000000 0.375000 -1.750000
v -1.088388 0.411612 -1.750000
v -1.125000 0.500000 -1.750000
v -1.088388 0.588388 -1.750000
v -1.000000 0.625000 -1.750000
v -0.911611 0.588388 -1.750000
v -0.875000 0.500000 -1.750000
v -1.911612 0.411612 -1.250000
v -2.000000 0.375000 -1.250000
v -2.088388 0.411612 -1.250000
v -2.125000 0.500000 -1.250000
v -2.088388 0.588388 -1.250000
v -2.000000 0.625000 -1.250000
v -1.911612 0.588388 -1.250000
v -1.875000 0.500000 -1.250000
v -1.911611 0.411612 -1.750000
v -2.000000 0.375000 -1.750000
v -2.088388 0.411612 -1.750000
v -2.125000 0.500000 -1.750000
v -2.088388 0.588388 -1.750000
v -2.000000 0.625000 -1.750000
v -1.911611 0.588388 -1.750000
v -1.875000 0.500000 -1.750000
vt 0.490196 0.574713
vt 0.843137 0.586207
vt 0.490196 0.586207
vt 0.862745 -0.000000
vt 0.882353 0.022989
vt 0.862745 0.022989
vt 0.882353 0.045977
vt 0.862745 0.068966
vt 0.862745 0.045977
vt 0.921569 0.022989
vt 0.901961 0.045977
vt 0.901961 0.022989
vt 0.941176 0.022989
vt 0.921569 0.045977
vt 0.862745 -0.000000
vt 0.882353 0.022989
vt 0.862745 0.022989
vt 0.882353 0.045977
vt 0.862745 0.068966
vt 0.862745 0.045977
vt 0.921569 0.022989
vt 0.901961 0.045977
vt 0.901961 0.022989
vt 0.941176 0.022989
vt 0.921569 0.045977
vt 0.862745 -0.000000
vt 0.882353 0.022989
vt 0.862745 0.022989
vt 0.882353 0.045977
vt 0.862745 0.068966
vt 0.862745 0.045977
vt 0.921569 0.022989
vt 0.901961 0.045977
vt 0.901961 0.022989
vt 0.941176 0.022989
vt 0.921569 0.045977
vt 0.862745 -0.000000
vt 0.882353 0.022989
vt 0.862745 0.022989
vt 0.882353 0.045977
vt 0.862745 0.068966
vt 0.862745 0.045977
vt 0.921569 0.022989
vt 0.901961 0.045977
vt 0.901961 0.022989
vt 0.941176 0.022989
vt 0.921569 0.045977
vt 0.843137 0.597701
vt 0.490196 0.563218
vt 0.843137 0.574713
vt 0.490196 0.597701
vt 0.843137 0.609195
vt 0.490196 0.609195
vt 0.490196 0.574713
vt 0.843137 0.586207
vt 0.490196 0.586207
vt 0.843137 0.597701
vt 0.490196 0.563218
vt 0.843137 0.574713
vt 0.490196 0.597701
vt 0.843137 0.609195
vt 0.490196 0.609195
vt 0.490196 0.574713
vt 0.843137 0.586207
vt 0.490196 0.586207
vt 0.843137 0.597701
vt 0.490196 0.563218
vt 0.843137 0.574713
vt 0.490196 0.597701
vt 0.843137 0.609195
vt 0.490196 0.609195
vt 0.490196 0.574713
vt 0.843137 0.586207
vt 0.490196 0.586207
vt 0.843137 0.597701
vt 0.490196 0.563218
vt 0.843137 0.574713
vt 0.490196 0.597701
vt 0.843137 0.609195
vt 0.490196 0.609195
vt 0.960784 0.011494
vt 0.970588 0.471264
vt 0.960784 0.471264
vt 0.970588 0.482759
vt 0.990196 0.471264
vt 0.990196 0.482759
vt 0.990196 0.000000
vt 0.970588 0.011494
vt 0.970588 0.000000
vt 1.000000 0.471264
vt 0.990196 0.011494
vt 1.000000 0.011494
vt 0.941176 0.011494
vt 0.941176 0.471264
vt 0.960784 0.011494
vt 0.970588 0.471264
vt 0.960784 0.471264
vt 0.970588 0.482759
vt 0.990196 0.471264
vt 0.990196 0.482759
vt 0.990196 0.000000
vt 0.970588 0.011494
vt 0.970588 0.000000
vt 1.000000 0.471264
vt 0.990196 0.011494
vt 1.000000 0.011494
vt 0.941176 0.011494
vt 0.941176 0.471264
vt 0.941176 0.011494
vt 0.960784 0.471264
vt 0.941176 0.471264
vt 0.970588 0.471264
vt 0.990196 0.011494
vt 0.990196 0.471264
vt 1.000000 0.471264
vt 1.000000 0.011494
vt 0.990196 0.000000
vt 0.970588 0.011494
vt 0.970588 0.000000
vt 0.970588 0.482759
vt 0.990196 0.482759
vt 0.960784 0.011494
vt 0.960784 0.011494
vt 0.970588 0.471264
vt 0.960784 0.471264
vt 0.970588 0.482759
vt 0.990196 0.471264
vt 0.990196 0.482759
vt 0.990196 0.000000
vt 0.970588 0.011494
vt 0.970588 0.000000
vt 1.000000 0.471264
vt 0.990196 0.011494
vt 1.000000 0.011494
vt 0.941176 0.011494
vt 0.941176 0.471264
vt 0.941176 0.011494
vt 0.960784 0.471264
vt 0.941176 0.471264
vt 0.970588 0.471264
vt 0.990196 0.011494
vt 0.990196 0.471264
vt 1.000000 0.471264
vt 1.000000 0.011494
vt 0.990196 0.000000
vt 0.970588 0.011494
vt 0.970588 0.000000
vt 0.970588 0.482759
vt 0.990196 0.482759
vt 0.960784 0.011494
vt 0.681373 0.063218
vt 0.651961 0.028736
vt 0.681373 0.028736
vt 0.676471 0.080460
vt 0.656863 0.091954
vt 0.656863 0.080460
vt 0.651961 0.063218
vt 0.642157 0.028736
vt 0.691176 0.063218
vt 0.651961 0.074713
vt 0.681373 0.017241
vt 0.696078 0.057471
vt 0.691176 0.028736
vt 0.696078 0.034483
vt 0.676471 0.011494
vt 0.651961 0.017241
vt 0.656863 0.011494
vt 0.637255 0.034483
vt 0.642157 0.063218
vt 0.637255 0.057471
vt 0.681373 0.074713
vt 0.676471 0.000000
vt 0.627451 0.034483
vt 0.705882 0.057471
vt 0.083719 0.931057
vt 0.117647 0.908092
vt 0.151575 0.976988
vt 0.005288 0.976988
vt 0.005288 0.931057
vt 0.073143 0.931057
vt 0.117647 0.459770
vt 0.078431 0.045977
vt 0.117647 0.045977
vt 0.078431 0.459770
vt 0.039216 0.045977
vt 0.156863 0.459770
vt 0.078431 0.505747
vt 0.117647 -0.000000
vt 0.000000 0.045977
vt 0.039216 0.459770
vt 0.000000 0.459770
vt 0.117647 0.459770
vt 0.078431 0.045977
vt 0.117647 0.045977
vt 0.078431 0.459770
vt 0.039216 0.045977
vt 0.156863 0.459770
vt 0.078431 0.505747
vt 0.117647 -0.000000
vt 0.000000 0.045977
vt 0.039216 0.459770
vt 0.000000 0.459770
vt 0.588235 0.459770
vt 0.392157 0.045977
vt 0.588235 0.045977
vt 0.392157 0.459770
vt 0.352941 0.045977
vt 0.627451 0.459770
vt 0.392157 0.505747
vt 0.588235 0.000000
vt 0.176471 0.436782
vt 0.352941 0.459770
vt 0.156863 0.459770
vt 0.627451 0.091954
vt 0.705882 0.459770
vt 0.627451 0.459770
vt 0.176471 0.068966
vt 0.156863 0.045977
vt 0.333333 0.068966
vt 0.333333 0.436782
vt 0.862745 0.091954
vt 0.862745 0.459770
vt 0.941176 0.459770
vt 0.941176 0.091954
vt 0.862745 0.000000
vt 0.705882 0.091954
vt 0.705882 0.000000
vt 0.705882 0.551724
vt 0.862745 0.551724
vt 0.196078 0.229885
vt 0.313726 0.091954
vt 0.313726 0.229885
vt 0.196078 0.252874
vt 0.313726 0.252874
vt 0.176471 0.091954
vt 0.176471 0.229885
vt 0.333333 0.229885
vt 0.333333 0.091954
vt 0.313726 0.068966
vt 0.196078 0.091954
vt 0.196078 0.068966
vt 0.176471 0.540230
vt 0.156863 0.528736
vt 0.176471 0.528736
vt 0.196078 0.540230
vt 0.196078 0.528736
vt 0.215686 0.528736
vt 0.215686 0.540230
vt 0.235294 0.540230
vt 0.235294 0.528736
vt 0.254902 0.528736
vt 0.254902 0.540230
vt 0.274510 0.528736
vt 0.274510 0.540230
vt 0.294118 0.540230
vt 0.294118 0.528736
vt 0.313726 0.540230
vt 0.313726 0.528736
vt 0.019608 0.540230
vt 0.000000 0.528736
vt 0.019608 0.528736
vt 0.039216 0.540230
vt 0.039216 0.528736
vt 0.058824 0.540230
vt 0.058824 0.528736
vt 0.078431 0.540230
vt 0.078431 0.528736
vt 0.098039 0.528736
vt 0.098039 0.540230
vt 0.117647 0.528736
vt 0.117647 0.540230
vt 0.137255 0.540230
vt 0.137255 0.528736
vt 0.156863 0.540230
vt 0.210784 0.465517
vt 0.308824 0.459770
vt 0.308824 0.465517
vt 0.210784 0.465517
vt 0.308824 0.459770
vt 0.308824 0.465517
vt 0.210784 0.465517
vt 0.308824 0.459770
vt 0.308824 0.465517
vt 0.210784 0.465517
vt 0.308824 0.459770
vt 0.308824 0.465517
vt 0.220588 0.465517
vt 0.299020 0.459770
vt 0.299020 0.465517
vt 0.220588 0.465517
vt 0.299020 0.459770
vt 0.299020 0.465517
vt 0.196078 0.229885
vt 0.313726 0.091954
vt 0.313726 0.229885
vt 0.196078 0.252874
vt 0.313726 0.252874
vt 0.176471 0.091954
vt 0.176471 0.229885
vt 0.333333 0.229885
vt 0.333333 0.091954
vt 0.313726 0.068966
vt 0.196078 0.091954
vt 0.196078 0.068966
vt 0.210784 0.465517
vt 0.308824 0.459770
vt 0.308824 0.465517
vt 0.210784 0.465517
vt 0.308824 0.459770
vt 0.308824 0.465517
vt 0.210784 0.465517
vt 0.308824 0.459770
vt 0.308824 0.465517
vt 0.210784 0.465517
vt 0.308824 0.459770
vt 0.308824 0.465517
vt 0.220588 0.465517
vt 0.299020 0.459770
vt 0.299020 0.465517
vt 0.220588 0.465517
vt 0.299020 0.459770
vt 0.299020 0.465517
vt 0.333333 0.528736
vt 0.372549 0.482759
vt 0.372549 0.528736
vt 0.313726 0.482759
vt 0.313726 0.528736
vt 0.392157 0.528736
vt 0.392157 0.482759
vt 0.372549 0.459770
vt 0.333333 0.482759
vt 0.333333 0.459770
vt 0.333333 0.551724
vt 0.372549 0.551724
vt 0.274510 0.402299
vt 0.303922 0.367816
vt 0.303922 0.402299
vt 0.254902 0.367816
vt 0.254902 0.402299
vt 0.323529 0.402299
vt 0.323529 0.367816
vt 0.303922 0.344828
vt 0.274510 0.367816
vt 0.274510 0.344828
vt 0.274510 0.425287
vt 0.303922 0.425287
vt 0.176471 0.540230
vt 0.156863 0.528736
vt 0.176471 0.528736
vt 0.196078 0.540230
vt 0.196078 0.528736
vt 0.215686 0.528736
vt 0.215686 0.540230
vt 0.235294 0.540230
vt 0.235294 0.528736
vt 0.254902 0.528736
vt 0.254902 0.540230
vt 0.274510 0.540230
vt 0.274510 0.528736
vt 0.294118 0.540230
vt 0.294118 0.528736
vt 0.313726 0.540230
vt 0.313726 0.528736
vt 0.019608 0.540230
vt 0.000000 0.528736
vt 0.019608 0.528736
vt 0.039216 0.540230
vt 0.039216 0.528736
vt 0.058824 0.540230
vt 0.058824 0.528736
vt 0.078431 0.540230
vt 0.078431 0.528736
vt 0.098039 0.528736
vt 0.098039 0.540230
vt 0.117647 0.528736
vt 0.117647 0.540230
vt 0.137255 0.540230
vt 0.137255 0.528736
vt 0.156863 0.540230
vt 0.319013 0.931057
vt 0.352941 0.908092
vt 0.386869 0.976988
vt 0.240582 0.931057
vt 0.274510 0.908092
vt 0.308438 0.931057
vt 0.083719 0.931057
vt 0.117647 0.908092
vt 0.151575 0.976988
vt 0.005288 0.931057
vt 0.073143 0.931057
vt 0.039216 0.999954
vt 0.352941 0.908092
vt 0.386869 0.931057
vt 0.386869 0.976988
vt 0.240582 0.931057
vt 0.274510 0.908092
vt 0.308438 0.931057
vt 0.117647 0.908092
vt 0.151575 0.931057
vt 0.151575 0.976988
vt 0.005288 0.931057
vt 0.039216 0.908092
vt 0.073143 0.931057
vt 0.151575 0.976988
vt 0.117647 0.999954
vt 0.083719 0.931057
vt 0.073143 0.976988
vt 0.005288 0.976988
vt 0.039216 0.908092
vt 0.386869 0.976988
vt 0.352941 0.999954
vt 0.319013 0.931057
vt 0.308438 0.976988
vt 0.240582 0.976988
vt 0.274510 0.908092
vt 0.151575 0.976988
vt 0.117647 0.999954
vt 0.083719 0.931057
vt 0.073143 0.976988
vt 0.039216 0.999954
vt 0.005288 0.976988
vt 0.386869 0.976988
vt 0.352941 0.999954
vt 0.319013 0.931057
vt 0.308438 0.931057
vt 0.308438 0.976988
vt 0.240582 0.976988
vt 0.151575 0.976988
vt 0.117647 0.999954
vt 0.083719 0.931057
vt 0.073143 0.976988
vt 0.005288 0.976988
vt 0.039216 0.908092
vt 0.372549 0.528736
vt 0.333333 0.482759
vt 0.372549 0.482759
vt 0.313726 0.482759
vt 0.333333 0.528736
vt 0.313726 0.528736
vt 0.392157 0.528736
vt 0.392157 0.482759
vt 0.372549 0.459770
vt 0.333333 0.459770
vt 0.333333 0.551724
vt 0.372549 0.551724
vt 0.274510 0.402299
vt 0.303922 0.367816
vt 0.303922 0.402299
vt 0.254902 0.367816
vt 0.254902 0.402299
vt 0.323529 0.402299
vt 0.323529 0.367816
vt 0.303922 0.344828
vt 0.274510 0.367816
vt 0.274510 0.344828
vt 0.274510 0.425287
vt 0.303922 0.425287
vt 0.333333 0.528736
vt 0.372549 0.482759
vt 0.372549 0.528736
vt 0.313726 0.482759
vt 0.313726 0.528736
vt 0.392157 0.528736
vt 0.392157 0.482759
vt 0.372549 0.459770
vt 0.333333 0.482759
vt 0.333333 0.459770
vt 0.333333 0.551724
vt 0.372549 0.551724
vt 0.274510 0.402299
vt 0.303922 0.367816
vt 0.303922 0.402299
vt 0.254902 0.367816
vt 0.254902 0.402299
vt 0.323529 0.402299
vt 0.323529 0.367816
vt 0.303922 0.344828
vt 0.274510 0.367816
vt 0.274510 0.344828
vt 0.274510 0.425287
vt 0.303922 0.425287
vt 0.333333 0.528736
vt 0.372549 0.482759
vt 0.372549 0.528736
vt 0.313726 0.482759
vt 0.313726 0.528736
vt 0.392157 0.528736
vt 0.392157 0.482759
vt 0.372549 0.459770
vt 0.333333 0.482759
vt 0.333333 0.459770
vt 0.333333 0.551724
vt 0.372549 0.551724
vt 0.303922 0.402299
vt 0.274510 0.367816
vt 0.303922 0.367816
vt 0.254902 0.367816
vt 0.274510 0.402299
vt 0.254902 0.402299
vt 0.323529 0.402299
vt 0.323529 0.367816
vt 0.303922 0.344828
vt 0.274510 0.344828
vt 0.274510 0.425287
vt 0.303922 0.425287
vt 0.333333 0.528736
vt 0.372549 0.482759
vt 0.372549 0.528736
vt 0.313726 0.482759
vt 0.313726 0.528736
vt 0.392157 0.528736
vt 0.392157 0.482759
vt 0.372549 0.459770
vt 0.333333 0.482759
vt 0.333333 0.459770
vt 0.333333 0.551724
vt 0.372549 0.551724
vt 0.274510 0.402299
vt 0.303922 0.367816
vt 0.303922 0.402299
vt 0.254902 0.367816
vt 0.254902 0.402299
vt 0.323529 0.402299
vt 0.323529 0.367816
vt 0.303922 0.344828
vt 0.274510 0.367816
vt 0.274510 0.344828
vt 0.274510 0.425287
vt 0.303922 0.425287
vt 0.333333 0.528736
vt 0.372549 0.482759
vt 0.372549 0.528736
vt 0.313726 0.482759
vt 0.313726 0.528736
vt 0.392157 0.528736
vt 0.392157 0.482759
vt 0.372549 0.459770
vt 0.333333 0.482759
vt 0.333333 0.459770
vt 0.333333 0.551724
vt 0.372549 0.551724
vt 0.274510 0.402299
vt 0.303922 0.367816
vt 0.303922 0.402299
vt 0.254902 0.367816
vt 0.254902 0.402299
vt 0.323529 0.402299
vt 0.323529 0.367816
vt 0.303922 0.344828
vt 0.274510 0.367816
vt 0.274510 0.344828
vt 0.274510 0.425287
vt 0.303922 0.425287
vt 0.333333 0.528736
vt 0.372549 0.482759
vt 0.372549 0.528736
vt 0.313726 0.482759
vt 0.313726 0.528736
vt 0.392157 0.528736
vt 0.392157 0.482759
vt 0.372549 0.459770
vt 0.333333 0.482759
vt 0.333333 0.459770
vt 0.333333 0.551724
vt 0.372549 0.551724
vt 0.303922 0.402299
vt 0.274510 0.367816
vt 0.303922 0.367816
vt 0.254902 0.367816
vt 0.274510 0.402299
vt 0.254902 0.402299
vt 0.323529 0.402299
vt 0.323529 0.367816
vt 0.303922 0.344828
vt 0.274510 0.344828
vt 0.274510 0.425287
vt 0.303922 0.425287
vt 0.333333 0.528736
vt 0.372549 0.482759
vt 0.372549 0.528736
vt 0.313726 0.482759
vt 0.313726 0.528736
vt 0.392157 0.528736
vt 0.392157 0.482759
vt 0.372549 0.459770
vt 0.333333 0.482759
vt 0.333333 0.459770
vt 0.333333 0.551724
vt 0.372549 0.551724
vt 0.274510 0.402299
vt 0.303922 0.367816
vt 0.303922 0.402299
vt 0.254902 0.367816
vt 0.254902 0.402299
vt 0.323529 0.402299
vt 0.323529 0.367816
vt 0.303922 0.344828
vt 0.274510 0.367816
vt 0.274510 0.344828
vt 0.274510 0.425287
vt 0.303922 0.425287
vt 0.372549 0.528736
vt 0.333333 0.482759
vt 0.372549 0.482759
vt 0.313726 0.482759
vt 0.333333 0.528736
vt 0.313726 0.528736
vt 0.392157 0.528736
vt 0.392157 0.482759
vt 0.372549 0.459770
vt 0.333333 0.459770
vt 0.333333 0.551724
vt 0.372549 0.551724
vt 0.274510 0.402299
vt 0.303922 0.367816
vt 0.303922 0.402299
vt 0.254902 0.367816
vt 0.254902 0.402299
vt 0.323529 0.402299
vt 0.323529 0.367816
vt 0.303922 0.344828
vt 0.274510 0.367816
vt 0.274510 0.344828
vt 0.274510 0.425287
vt 0.303922 0.425287
vt 0.333333 0.528736
vt 0.372549 0.482759
vt 0.372549 0.528736
vt 0.313726 0.482759
vt 0.313726 0.528736
vt 0.392157 0.528736
vt 0.392157 0.482759
vt 0.372549 0.459770
vt 0.333333 0.482759
vt 0.333333 0.459770
vt 0.333333 0.551724
vt 0.372549 0.551724
vt 0.274510 0.402299
vt 0.303922 0.367816
vt 0.303922 0.402299
vt 0.254902 0.367816
vt 0.254902 0.402299
vt 0.323529 0.402299
vt 0.323529 0.367816
vt 0.303922 0.344828
vt 0.274510 0.367816
vt 0.274510 0.344828
vt 0.274510 0.425287
vt 0.303922 0.425287
vt 0.681373 0.522988
vt 0.651961 0.488506
vt 0.681373 0.488506
vt 0.676471 0.540230
vt 0.656863 0.551724
vt 0.656863 0.540230
vt 0.651961 0.522988
vt 0.642157 0.488506
vt 0.691176 0.522988
vt 0.651961 0.534483
vt 0.681373 0.477012
vt 0.696078 0.517241
vt 0.691176 0.488506
vt 0.696078 0.494253
vt 0.676471 0.471264
vt 0.651961 0.477012
vt 0.656863 0.471264
vt 0.637255 0.494253
vt 0.642157 0.522988
vt 0.637255 0.517241
vt 0.681373 0.534483
vt 0.676471 0.459770
vt 0.627451 0.494253
vt 0.705882 0.517241
vt 0.681373 0.063218
vt 0.651961 0.028736
vt 0.681373 0.028736
vt 0.676471 0.080460
vt 0.656863 0.091954
vt 0.656863 0.080460
vt 0.651961 0.063218
vt 0.642157 0.028736
vt 0.691176 0.063218
vt 0.651961 0.074713
vt 0.681373 0.017241
vt 0.696078 0.057471
vt 0.691176 0.028736
vt 0.696078 0.034483
vt 0.676471 0.011494
vt 0.651961 0.017241
vt 0.656863 0.011494
vt 0.637255 0.034483
vt 0.642157 0.063218
vt 0.637255 0.057471
vt 0.681373 0.074713
vt 0.676471 0.000000
vt 0.627451 0.034483
vt 0.705882 0.057471
vt 0.681373 0.063218
vt 0.651961 0.028736
vt 0.681373 0.028736
vt 0.676471 0.080460
vt 0.656863 0.091954
vt 0.656863 0.080460
vt 0.651961 0.063218
vt 0.642157 0.028736
vt 0.691176 0.063218
vt 0.651961 0.074713
vt 0.681373 0.017241
vt 0.696078 0.057471
vt 0.691176 0.028736
vt 0.696078 0.034483
vt 0.676471 0.011494
vt 0.651961 0.017241
vt 0.656863 0.011494
vt 0.637255 0.034483
vt 0.642157 0.063218
vt 0.637255 0.057471
vt 0.681373 0.074713
vt 0.676471 0.000000
vt 0.627451 0.034483
vt 0.705882 0.057471
vt 0.681373 0.522988
vt 0.651961 0.488506
vt 0.681373 0.488506
vt 0.676471 0.540230
vt 0.656863 0.551724
vt 0.656863 0.540230
vt 0.651961 0.522988
vt 0.642157 0.488506
vt 0.691176 0.522988
vt 0.651961 0.534483
vt 0.681373 0.477012
vt 0.696078 0.517241
vt 0.691176 0.488506
vt 0.696078 0.494253
vt 0.676471 0.471264
vt 0.651961 0.477012
vt 0.656863 0.471264
vt 0.637255 0.494253
vt 0.642157 0.522988
vt 0.637255 0.517241
vt 0.681373 0.534483
vt 0.676471 0.459770
vt 0.627451 0.494253
vt 0.705882 0.517241
vt 0.681373 0.063218
vt 0.651961 0.028736
vt 0.681373 0.028736
vt 0.676471 0.080460
vt 0.656863 0.091954
vt 0.656863 0.080460
vt 0.651961 0.063218
vt 0.642157 0.028736
vt 0.691176 0.063218
vt 0.681373 0.074713
vt 0.651961 0.074713
vt 0.681373 0.017241
vt 0.696078 0.057471
vt 0.691176 0.028736
vt 0.696078 0.034483
vt 0.676471 0.011494
vt 0.651961 0.017241
vt 0.656863 0.011494
vt 0.637255 0.034483
vt 0.642157 0.063218
vt 0.637255 0.057471
vt 0.676471 0.000000
vt 0.627451 0.034483
vt 0.705882 0.057471
vt 0.681373 0.522988
vt 0.651961 0.488506
vt 0.681373 0.488506
vt 0.676471 0.540230
vt 0.656863 0.551724
vt 0.656863 0.540230
vt 0.651961 0.522988
vt 0.642157 0.488506
vt 0.691176 0.522988
vt 0.651961 0.534483
vt 0.681373 0.477012
vt 0.696078 0.517241
vt 0.691176 0.488506
vt 0.696078 0.494253
vt 0.676471 0.471264
vt 0.651961 0.477012
vt 0.656863 0.471264
vt 0.637255 0.494253
vt 0.642157 0.522988
vt 0.637255 0.517241
vt 0.681373 0.534483
vt 0.676471 0.459770
vt 0.627451 0.494253
vt 0.705882 0.517241
vt 0.681373 0.063218
vt 0.651961 0.028736
vt 0.681373 0.028736
vt 0.676471 0.080460
vt 0.656863 0.091954
vt 0.656863 0.080460
vt 0.651961 0.063218
vt 0.642157 0.028736
vt 0.691176 0.063218
vt 0.651961 0.074713
vt 0.681373 0.017241
vt 0.696078 0.057471
vt 0.691176 0.028736
vt 0.696078 0.034483
vt 0.676471 0.011494
vt 0.651961 0.017241
vt 0.656863 0.011494
vt 0.637255 0.034483
vt 0.642157 0.063218
vt 0.637255 0.057471
vt 0.681373 0.074713
vt 0.676471 0.000000
vt 0.627451 0.034483
vt 0.705882 0.057471
vt 0.681373 0.063218
vt 0.651961 0.028736
vt 0.681373 0.028736
vt 0.676471 0.080460
vt 0.656863 0.091954
vt 0.656863 0.080460
vt 0.651961 0.063218
vt 0.642157 0.028736
vt 0.691176 0.063218
vt 0.651961 0.074713
vt 0.681373 0.017241
vt 0.696078 0.057471
vt 0.691176 0.028736
vt 0.696078 0.034483
vt 0.676471 0.011494
vt 0.651961 0.017241
vt 0.656863 0.011494
vt 0.637255 0.034483
vt 0.642157 0.063218
vt 0.637255 0.057471
vt 0.681373 0.074713
vt 0.676471 0.000000
vt 0.627451 0.034483
vt 0.705882 0.057471
vt 0.681373 0.522988
vt 0.651961 0.488506
vt 0.681373 0.488506
vt 0.676471 0.540230
vt 0.656863 0.551724
vt 0.656863 0.540230
vt 0.651961 0.522988
vt 0.642157 0.488506
vt 0.691176 0.522988
vt 0.651961 0.534483
vt 0.681373 0.477012
vt 0.696078 0.517241
vt 0.691176 0.488506
vt 0.696078 0.494253
vt 0.676471 0.471264
vt 0.651961 0.477012
vt 0.656863 0.471264
vt 0.637255 0.494253
vt 0.642157 0.522988
vt 0.637255 0.517241
vt 0.681373 0.534483
vt 0.676471 0.459770
vt 0.627451 0.494253
vt 0.705882 0.517241
vt 0.681373 0.063218
vt 0.651961 0.028736
vt 0.681373 0.028736
vt 0.676471 0.080460
vt 0.656863 0.091954
vt 0.656863 0.080460
vt 0.651961 0.063218
vt 0.642157 0.028736
vt 0.691176 0.063218
vt 0.651961 0.074713
vt 0.681373 0.017241
vt 0.696078 0.057471
vt 0.691176 0.028736
vt 0.696078 0.034483
vt 0.676471 0.011494
vt 0.651961 0.017241
vt 0.656863 0.011494
vt 0.637255 0.034483
vt 0.642157 0.063218
vt 0.637255 0.057471
vt 0.681373 0.074713
vt 0.676471 0.000000
vt 0.627451 0.034483
vt 0.705882 0.057471
vt 0.681373 0.063218
vt 0.651961 0.028736
vt 0.681373 0.028736
vt 0.676471 0.080460
vt 0.656863 0.091954
vt 0.656863 0.080460
vt 0.651961 0.063218
vt 0.642157 0.028736
vt 0.691176 0.063218
vt 0.651961 0.074713
vt 0.681373 0.017241
vt 0.696078 0.057471
vt 0.691176 0.028736
vt 0.696078 0.034483
vt 0.676471 0.011494
vt 0.651961 0.017241
vt 0.656863 0.011494
vt 0.637255 0.034483
vt 0.642157 0.063218
vt 0.637255 0.057471
vt 0.681373 0.074713
vt 0.676471 0.000000
vt 0.627451 0.034483
vt 0.705882 0.057471
vt 0.681373 0.063218
vt 0.651961 0.028736
vt 0.681373 0.028736
vt 0.676471 0.080460
vt 0.656863 0.091954
vt 0.656863 0.080460
vt 0.651961 0.063218
vt 0.642157 0.028736
vt 0.691176 0.063218
vt 0.651961 0.074713
vt 0.681373 0.017241
vt 0.696078 0.057471
vt 0.691176 0.028736
vt 0.696078 0.034483
vt 0.676471 0.011494
vt 0.651961 0.017241
vt 0.656863 0.011494
vt 0.637255 0.034483
vt 0.642157 0.063218
vt 0.637255 0.057471
vt 0.681373 0.074713
vt 0.676471 0.000000
vt 0.627451 0.034483
vt 0.705882 0.057471
vt 0.681373 0.063218
vt 0.651961 0.028736
vt 0.681373 0.028736
vt 0.676471 0.080460
vt 0.656863 0.091954
vt 0.656863 0.080460
vt 0.651961 0.063218
vt 0.642157 0.028736
vt 0.691176 0.063218
vt 0.651961 0.074713
vt 0.681373 0.017241
vt 0.696078 0.057471
vt 0.691176 0.028736
vt 0.696078 0.034483
vt 0.676471 0.011494
vt 0.651961 0.017241
vt 0.656863 0.011494
vt 0.637255 0.034483
vt 0.642157 0.063218
vt 0.637255 0.057471
vt 0.681373 0.074713
vt 0.676471 0.000000
vt 0.627451 0.034483
vt 0.705882 0.057471
vt 0.681373 0.063218
vt 0.651961 0.028736
vt 0.681373 0.028736
vt 0.676471 0.080460
vt 0.656863 0.091954
vt 0.656863 0.080460
vt 0.651961 0.063218
vt 0.642157 0.028736
vt 0.691176 0.063218
vt 0.651961 0.074713
vt 0.681373 0.017241
vt 0.696078 0.057471
vt 0.691176 0.028736
vt 0.696078 0.034483
vt 0.676471 0.011494
vt 0.651961 0.017241
vt 0.656863 0.011494
vt 0.637255 0.034483
vt 0.642157 0.063218
vt 0.637255 0.057471
vt 0.681373 0.074713
vt 0.676471 0.000000
vt 0.627451 0.034483
vt 0.705882 0.057471
vt 0.681373 0.063218
vt 0.651961 0.028736
vt 0.681373 0.028736
vt 0.676471 0.080460
vt 0.656863 0.091954
vt 0.656863 0.080460
vt 0.651961 0.063218
vt 0.642157 0.028736
vt 0.691176 0.063218
vt 0.651961 0.074713
vt 0.681373 0.017241
vt 0.696078 0.057471
vt 0.691176 0.028736
vt 0.696078 0.034483
vt 0.676471 0.011494
vt 0.651961 0.017241
vt 0.656863 0.011494
vt 0.637255 0.034483
vt 0.642157 0.063218
vt 0.637255 0.057471
vt 0.681373 0.074713
vt 0.676471 0.000000
vt 0.627451 0.034483
vt 0.705882 0.057471
vt 0.681373 0.063218
vt 0.651961 0.028736
vt 0.681373 0.028736
vt 0.676471 0.080460
vt 0.656863 0.091954
vt 0.656863 0.080460
vt 0.651961 0.063218
vt 0.642157 0.028736
vt 0.691176 0.063218
vt 0.651961 0.074713
vt 0.681373 0.017241
vt 0.696078 0.057471
vt 0.691176 0.028736
vt 0.696078 0.034483
vt 0.676471 0.011494
vt 0.651961 0.017241
vt 0.656863 0.011494
vt 0.637255 0.034483
vt 0.642157 0.063218
vt 0.637255 0.057471
vt 0.681373 0.074713
vt 0.676471 0.000000
vt 0.627451 0.034483
vt 0.705882 0.057471
vt 0.681373 0.063218
vt 0.651961 0.028736
vt 0.681373 0.028736
vt 0.656863 0.080460
vt 0.676471 0.091954
vt 0.656863 0.091954
vt 0.651961 0.063218
vt 0.642157 0.028736
vt 0.691176 0.063218
vt 0.681373 0.074713
vt 0.651961 0.074713
vt 0.681373 0.017241
vt 0.696078 0.057471
vt 0.691176 0.028736
vt 0.696078 0.034483
vt 0.676471 0.011494
vt 0.651961 0.017241
vt 0.656863 0.011494
vt 0.637255 0.034483
vt 0.642157 0.063218
vt 0.637255 0.057471
vt 0.676471 0.080460
vt 0.676471 0.000000
vt 0.627451 0.034483
vt 0.705882 0.057471
vt 0.681373 0.063218
vt 0.651961 0.028736
vt 0.681373 0.028736
vt 0.676471 0.080460
vt 0.656863 0.091954
vt 0.656863 0.080460
vt 0.651961 0.063218
vt 0.642157 0.028736
vt 0.691176 0.063218
vt 0.651961 0.074713
vt 0.681373 0.017241
vt 0.696078 0.057471
vt 0.691176 0.028736
vt 0.696078 0.034483
vt 0.676471 0.011494
vt 0.651961 0.017241
vt 0.656863 0.011494
vt 0.637255 0.034483
vt 0.642157 0.063218
vt 0.637255 0.057471
vt 0.681373 0.074713
vt 0.676471 0.000000
vt 0.627451 0.034483
vt 0.705882 0.057471
vt 0.681373 0.063218
vt 0.651961 0.028736
vt 0.681373 0.028736
vt 0.676471 0.080460
vt 0.656863 0.091954
vt 0.656863 0.080460
vt 0.651961 0.063218
vt 0.642157 0.028736
vt 0.691176 0.063218
vt 0.651961 0.074713
vt 0.681373 0.017241
vt 0.696078 0.057471
vt 0.691176 0.028736
vt 0.696078 0.034483
vt 0.676471 0.011494
vt 0.651961 0.017241
vt 0.656863 0.011494
vt 0.637255 0.034483
vt 0.642157 0.063218
vt 0.637255 0.057471
vt 0.681373 0.074713
vt 0.676471 0.000000
vt 0.627451 0.034483
vt 0.705882 0.057471
vt 0.882353 -0.000000
vt 0.882353 0.068966
vt 0.941176 0.045977
vt 0.882353 -0.000000
vt 0.882353 0.068966
vt 0.941176 0.045977
vt 0.882353 -0.000000
vt 0.882353 0.068966
vt 0.941176 0.045977
vt 0.882353 -0.000000
vt 0.882353 0.068966
vt 0.941176 0.045977
vt 0.843137 0.563218
vt 0.843137 0.563218
vt 0.843137 0.563218
vt 0.843137 0.563218
vt 0.676471 0.091954
vt 0.656863 0.000000
vt 0.627451 0.057471
vt 0.705882 0.034483
vt 0.137235 0.993800
vt 0.117647 0.999954
vt 0.098059 0.993800
vt 0.083719 0.976988
vt 0.078471 0.954023
vt 0.098059 0.914245
vt 0.137235 0.914245
vt 0.151575 0.931057
vt 0.156823 0.954023
vt 0.039216 0.999954
vt 0.019627 0.993800
vt 0.000039 0.954023
vt 0.019627 0.914245
vt 0.039216 0.908092
vt 0.058804 0.914245
vt 0.078392 0.954023
vt 0.073143 0.976988
vt 0.058804 0.993800
vt 0.156863 0.045977
vt 0.117647 0.505747
vt 0.078431 -0.000000
vt 0.156863 0.045977
vt 0.117647 0.505747
vt 0.078431 -0.000000
vt 0.627451 0.045977
vt 0.588235 0.505747
vt 0.392157 0.000000
vt 0.000000 0.540230
vt 0.210784 0.459770
vt 0.210784 0.459770
vt 0.210784 0.459770
vt 0.210784 0.459770
vt 0.220588 0.459770
vt 0.220588 0.459770
vt 0.210784 0.459770
vt 0.210784 0.459770
vt 0.210784 0.459770
vt 0.210784 0.459770
vt 0.220588 0.459770
vt 0.220588 0.459770
vt 0.000000 0.540230
vt 0.372529 0.993800
vt 0.352941 0.999954
vt 0.333353 0.993800
vt 0.319013 0.976988
vt 0.313765 0.954023
vt 0.333353 0.914245
vt 0.372529 0.914245
vt 0.386869 0.931057
vt 0.392118 0.954023
vt 0.274510 0.999954
vt 0.254922 0.993800
vt 0.240582 0.976988
vt 0.235333 0.954023
vt 0.254922 0.914245
vt 0.294098 0.914245
vt 0.313686 0.954023
vt 0.308438 0.976988
vt 0.294098 0.993800
vt 0.137235 0.993800
vt 0.117647 0.999954
vt 0.098059 0.993800
vt 0.083719 0.976988
vt 0.078471 0.954023
vt 0.098059 0.914245
vt 0.137235 0.914245
vt 0.151575 0.931057
vt 0.156823 0.954023
vt 0.019627 0.993800
vt 0.005288 0.976988
vt 0.000039 0.954023
vt 0.019627 0.914245
vt 0.039216 0.908092
vt 0.058804 0.914245
vt 0.078392 0.954023
vt 0.073143 0.976988
vt 0.058804 0.993800
vt 0.372529 0.993800
vt 0.352941 0.999954
vt 0.333353 0.993800
vt 0.319013 0.976988
vt 0.313765 0.954023
vt 0.319013 0.931057
vt 0.333353 0.914245
vt 0.372529 0.914245
vt 0.392118 0.954023
vt 0.274510 0.999954
vt 0.254922 0.993800
vt 0.240582 0.976988
vt 0.235333 0.954023
vt 0.254922 0.914245
vt 0.294098 0.914245
vt 0.313686 0.954023
vt 0.308438 0.976988
vt 0.294098 0.993800
vt 0.137235 0.993800
vt 0.117647 0.999954
vt 0.098059 0.993800
vt 0.083719 0.976988
vt 0.078471 0.954023
vt 0.083719 0.931057
vt 0.098059 0.914245
vt 0.137235 0.914245
vt 0.156823 0.954023
vt 0.039216 0.999954
vt 0.019627 0.993800
vt 0.005288 0.976988
vt 0.000039 0.954023
vt 0.019627 0.914245
vt 0.058804 0.914245
vt 0.078392 0.954023
vt 0.073143 0.976988
vt 0.058804 0.993800
vt 0.098059 0.914245
vt 0.117647 0.908092
vt 0.137235 0.914245
vt 0.151575 0.931057
vt 0.156823 0.954023
vt 0.137235 0.993800
vt 0.098059 0.993800
vt 0.083719 0.976988
vt 0.078471 0.954023
vt 0.058804 0.914245
vt 0.073143 0.931057
vt 0.078392 0.954023
vt 0.058804 0.993800
vt 0.039216 0.999954
vt 0.019627 0.993800
vt 0.000039 0.954023
vt 0.005288 0.931057
vt 0.019627 0.914245
vt 0.333353 0.914245
vt 0.352941 0.908092
vt 0.372529 0.914245
vt 0.386869 0.931057
vt 0.392118 0.954023
vt 0.372529 0.993800
vt 0.333353 0.993800
vt 0.319013 0.976988
vt 0.313765 0.954023
vt 0.294098 0.914245
vt 0.308438 0.931057
vt 0.313686 0.954023
vt 0.294098 0.993800
vt 0.274510 0.999954
vt 0.254922 0.993800
vt 0.235333 0.954023
vt 0.240582 0.931057
vt 0.254922 0.914245
vt 0.098059 0.914245
vt 0.117647 0.908092
vt 0.137235 0.914245
vt 0.151575 0.931057
vt 0.156823 0.954023
vt 0.137235 0.993800
vt 0.098059 0.993800
vt 0.083719 0.976988
vt 0.078471 0.954023
vt 0.039216 0.908092
vt 0.058804 0.914245
vt 0.073143 0.931057
vt 0.078392 0.954023
vt 0.058804 0.993800
vt 0.019627 0.993800
vt 0.000039 0.954023
vt 0.005288 0.931057
vt 0.019627 0.914245
vt 0.333353 0.914245
vt 0.352941 0.908092
vt 0.372529 0.914245
vt 0.386869 0.931057
vt 0.392118 0.954023
vt 0.372529 0.993800
vt 0.333353 0.993800
vt 0.319013 0.976988
vt 0.313765 0.954023
vt 0.274510 0.908092
vt 0.294098 0.914245
vt 0.313686 0.954023
vt 0.294098 0.993800
vt 0.274510 0.999954
vt 0.254922 0.993800
vt 0.235333 0.954023
vt 0.240582 0.931057
vt 0.254922 0.914245
vt 0.098059 0.914245
vt 0.117647 0.908092
vt 0.137235 0.914245
vt 0.151575 0.931057
vt 0.156823 0.954023
vt 0.137235 0.993800
vt 0.098059 0.993800
vt 0.083719 0.976988
vt 0.078471 0.954023
vt 0.058804 0.914245
vt 0.073143 0.931057
vt 0.078392 0.954023
vt 0.058804 0.993800
vt 0.039216 0.999954
vt 0.019627 0.993800
vt 0.000039 0.954023
vt 0.005288 0.931057
vt 0.019627 0.914245
vt 0.676471 0.551724
vt 0.656863 0.459770
vt 0.627451 0.517241
vt 0.705882 0.494253
vt 0.676471 0.091954
vt 0.656863 0.000000
vt 0.627451 0.057471
vt 0.705882 0.034483
vt 0.676471 0.091954
vt 0.656863 0.000000
vt 0.627451 0.057471
vt 0.705882 0.034483
vt 0.676471 0.551724
vt 0.656863 0.459770
vt 0.627451 0.517241
vt 0.705882 0.494253
vt 0.676471 0.091954
vt 0.656863 0.000000
vt 0.627451 0.057471
vt 0.705882 0.034483
vt 0.676471 0.551724
vt 0.656863 0.459770
vt 0.627451 0.517241
vt 0.705882 0.494253
vt 0.676471 0.091954
vt 0.656863 0.000000
vt 0.627451 0.057471
vt 0.705882 0.034483
vt 0.676471 0.091954
vt 0.656863 0.000000
vt 0.627451 0.057471
vt 0.705882 0.034483
vt 0.676471 0.551724
vt 0.656863 0.459770
vt 0.627451 0.517241
vt 0.705882 0.494253
vt 0.676471 0.091954
vt 0.656863 0.000000
vt 0.627451 0.057471
vt 0.705882 0.034483
vt 0.676471 0.091954
vt 0.656863 0.000000
vt 0.627451 0.057471
vt 0.705882 0.034483
vt 0.676471 0.091954
vt 0.656863 0.000000
vt 0.627451 0.057471
vt 0.705882 0.034483
vt 0.676471 0.091954
vt 0.656863 0.000000
vt 0.627451 0.057471
vt 0.705882 0.034483
vt 0.676471 0.091954
vt 0.656863 0.000000
vt 0.627451 0.057471
vt 0.705882 0.034483
vt 0.676471 0.091954
vt 0.656863 0.000000
vt 0.627451 0.057471
vt 0.705882 0.034483
vt 0.676471 0.091954
vt 0.656863 0.000000
vt 0.627451 0.057471
vt 0.705882 0.034483
vt 0.656863 0.000000
vt 0.627451 0.057471
vt 0.705882 0.034483
vt 0.676471 0.091954
vt 0.656863 0.000000
vt 0.627451 0.057471
vt 0.705882 0.034483
vt 0.676471 0.091954
vt 0.656863 0.000000
vt 0.627451 0.057471
vt 0.705882 0.034483
vt 0.156863 0.908046
vt 0.176471 0.747126
vt 0.176471 0.908046
vt 0.019608 0.908046
vt 0.039216 0.747126
vt 0.039216 0.908046
vt 0.078431 0.908046
vt 0.098039 0.747126
vt 0.098039 0.908046
vt 0.196078 0.747126
vt 0.196078 0.908046
vt 0.137255 0.908046
vt 0.156863 0.747126
vt 0.000000 0.908046
vt 0.019608 0.747126
vt 0.058824 0.908046
vt 0.078431 0.747126
vt 0.117647 0.908046
vt 0.137255 0.747126
vt 0.215686 0.908046
vt 0.235294 0.747126
vt 0.235294 0.908046
vt 0.058824 0.747126
vt 0.117647 0.747126
vt 0.215686 0.747126
vt 0.058824 0.505747
vt 0.039216 0.505747
vt 0.235294 0.505747
vt 0.215686 0.505747
vt 0.078431 0.505747
vt 0.254902 0.505747
vt 0.098039 0.505747
vt 0.274510 0.505747
vt 0.117647 0.505747
vt 0.294118 0.505747
vt 0.137255 0.505747
vt 0.313726 0.505747
vt 0.176471 0.505747
vt 0.156863 0.505747
vt 0.019608 0.505747
vt -0.000000 0.505747
vt 0.196078 0.505747
vt 0.156863 0.563218
vt 0.137255 0.563218
vt 0.000000 0.563218
vt 0.176471 0.563218
vt 0.019608 0.563218
vt 0.196078 0.563218
vt 0.039216 0.563218
vt 0.215686 0.563218
vt 0.058824 0.563218
vt 0.254902 0.563218
vt 0.235294 0.563218
vt 0.078431 0.563218
vt 0.274510 0.563218
vt 0.098039 0.563218
vt 0.117647 0.563218
vt 0.294118 0.563218
vt 0.313726 0.505747
vt 0.294118 0.505747
vt 0.137255 0.505747
vt 0.117647 0.505747
vt 0.274510 0.505747
vt 0.098039 0.505747
vt 0.254902 0.505747
vt 0.078431 0.505747
vt 0.235294 0.505747
vt 0.058824 0.505747
vt 0.215686 0.505747
vt 0.039216 0.505747
vt 0.245098 0.379310
vt 0.254902 0.402299
vt 0.245098 0.402299
vt 0.225490 0.379310
vt 0.235294 0.402299
vt 0.225490 0.402299
vt 0.196078 0.379310
vt 0.205882 0.402299
vt 0.196078 0.402299
vt 0.176471 0.379310
vt 0.186275 0.402299
vt 0.176471 0.402299
vt 0.235294 0.379310
vt 0.215686 0.379310
vt 0.215686 0.402299
vt 0.205882 0.379310
vt 0.186275 0.379310
vt 0.196078 0.373563
vt 0.205882 0.362069
vt 0.235294 0.373563
vt 0.245098 0.362069
vt 0.245098 0.367816
vt 0.225490 0.362069
vt 0.215686 0.362069
vt 0.186275 0.362069
vt 0.196078 0.362069
vt 0.235294 0.362069
vt 0.225490 0.344828
vt 0.235294 0.350575
vt 0.205882 0.344828
vt 0.245098 0.356322
vt 0.215686 0.344828
vt 0.186275 0.356322
vt 0.196078 0.350575
vt 0.176471 0.362069
vt 0.186275 0.367816
vt 0.254902 0.362069
vt 0.196078 0.344828
vt 0.205882 0.252874
vt 0.235294 0.344828
vt 0.245098 0.252874
vt 0.245098 0.344828
vt 0.225490 0.252874
vt 0.254902 0.252874
vt 0.254902 0.344828
vt 0.215686 0.252874
vt 0.176471 0.344828
vt 0.186275 0.252874
vt 0.186275 0.344828
vt 0.196078 0.252874
vt 0.235294 0.252874
vt 0.333333 0.298851
vt 0.323529 0.344828
vt 0.323529 0.298851
vt 0.264706 0.298851
vt 0.254902 0.344828
vt 0.254902 0.298851
vt 0.274510 0.298851
vt 0.264706 0.344828
vt 0.284314 0.298851
vt 0.274510 0.344828
vt 0.294118 0.298851
vt 0.284314 0.344828
vt 0.303922 0.298851
vt 0.294118 0.344828
vt 0.313726 0.298851
vt 0.303922 0.344828
vt 0.313726 0.344828
vt 0.274510 0.597701
vt -0.000000 0.609195
vt -0.000000 0.597701
vt 0.274510 0.574713
vt -0.000000 0.586207
vt -0.000000 0.574713
vt 0.274510 0.643678
vt -0.000000 0.655172
vt -0.000000 0.643678
vt 0.274510 0.620690
vt -0.000000 0.632184
vt -0.000000 0.620690
vt 0.274510 0.586207
vt 0.274510 0.563218
vt -0.000000 0.563218
vt 0.274510 0.632184
vt 0.274510 0.609195
vt 0.058824 0.735632
vt -0.000000 0.747126
vt -0.000000 0.735632
vt 0.058824 0.712644
vt -0.000000 0.724138
vt -0.000000 0.712644
vt 0.058824 0.678161
vt -0.000000 0.689655
vt -0.000000 0.678161
vt 0.058824 0.655172
vt -0.000000 0.666667
vt -0.000000 0.655172
vt 0.058824 0.724138
vt 0.058824 0.701149
vt -0.000000 0.701149
vt 0.058824 0.689655
vt 0.058824 0.666667
vt 0.073529 0.678161
vt 0.073529 0.689655
vt 0.063725 0.724138
vt 0.073529 0.735632
vt 0.068627 0.735632
vt 0.073529 0.712644
vt 0.073529 0.701149
vt 0.063725 0.678161
vt 0.073529 0.666667
vt 0.073529 0.724138
vt 0.073529 0.655172
vt 0.068627 0.666667
vt 0.073529 0.747126
vt 0.299020 0.666667
vt 0.313726 0.655172
vt 0.313726 0.666667
vt 0.299020 0.678161
vt 0.308824 0.678161
vt 0.299020 0.712644
vt 0.308824 0.724138
vt 0.299020 0.724138
vt 0.299020 0.735632
vt 0.313726 0.747126
vt 0.299020 0.747126
vt 0.303922 0.689655
vt 0.299020 0.689655
vt 0.313726 0.735632
vt 0.299020 0.701149
vt 0.303922 0.712644
vt 0.352941 0.678161
vt 0.313726 0.678161
vt 0.313726 0.712644
vt 0.352941 0.724138
vt 0.313726 0.724138
vt 0.313726 0.701149
vt 0.352941 0.712644
vt 0.352941 0.747126
vt 0.313726 0.689655
vt 0.352941 0.701149
vt 0.352941 0.689655
vt 0.352941 0.735632
vt 0.352941 0.666667
vt 0.392157 0.735632
vt 0.352941 0.747126
vt 0.352941 0.735632
vt 0.392157 0.712644
vt 0.352941 0.724138
vt 0.352941 0.712644
vt 0.392157 0.678161
vt 0.352941 0.689655
vt 0.352941 0.678161
vt 0.392157 0.655172
vt 0.352941 0.666667
vt 0.352941 0.655172
vt 0.392157 0.724138
vt 0.392157 0.701149
vt 0.352941 0.701149
vt 0.392157 0.689655
vt 0.392157 0.666667
vt 0.406863 0.678161
vt 0.406863 0.689655
vt 0.397059 0.724138
vt 0.406863 0.735632
vt 0.401961 0.735632
vt 0.406863 0.712644
vt 0.406863 0.701149
vt 0.397059 0.678161
vt 0.406863 0.666667
vt 0.406863 0.724138
vt 0.632353 0.678161
vt 0.632353 0.689655
vt 0.632353 0.712644
vt 0.632353 0.724138
vt 0.632353 0.735632
vt 0.632353 0.747126
vt 0.406863 0.747126
vt 0.406863 0.655172
vt 0.401961 0.666667
vt 0.632353 0.655172
vt 0.632353 0.666667
vt 0.299020 0.655172
vt 0.647059 0.655172
vt 0.647059 0.666667
vt 0.642157 0.678161
vt 0.642157 0.724138
vt 0.647059 0.747126
vt 0.637255 0.689655
vt 0.647059 0.735632
vt 0.632353 0.701149
vt 0.637255 0.712644
vt 0.705882 0.678161
vt 0.647059 0.678161
vt 0.647059 0.712644
vt 0.705882 0.724138
vt 0.647059 0.724138
vt 0.647059 0.701149
vt 0.705882 0.712644
vt 0.705882 0.747126
vt 0.647059 0.689655
vt 0.705882 0.701149
vt 0.705882 0.689655
vt 0.705882 0.735632
vt 0.705882 0.666667
vt 0.735294 0.735632
vt 0.705882 0.747126
vt 0.705882 0.735632
vt 0.735294 0.712644
vt 0.705882 0.724138
vt 0.705882 0.712644
vt 0.735294 0.678161
vt 0.705882 0.689655
vt 0.705882 0.678161
vt 0.735294 0.655172
vt 0.705882 0.666667
vt 0.705882 0.655172
vt 0.735294 0.724138
vt 0.735294 0.701149
vt 0.705882 0.701149
vt 0.735294 0.689655
vt 0.735294 0.666667
vt 0.750000 0.678161
vt 0.750000 0.689655
vt 0.740196 0.724138
vt 0.750000 0.735632
vt 0.745098 0.735632
vt 0.750000 0.712644
vt 0.750000 0.701149
vt 0.740196 0.678161
vt 0.750000 0.666667
vt 0.750000 0.724138
vt 0.764706 0.712644
vt 0.759804 0.724138
vt 0.764706 0.689655
vt 0.754902 0.735632
vt 0.764706 0.701149
vt 0.759804 0.678161
vt 0.750000 0.655172
vt 0.745098 0.666667
vt 0.754902 0.666667
vt 0.750000 0.747126
vt 0.764706 0.678161
vt 0.882353 0.689655
vt 0.764706 0.724138
vt 0.882353 0.735632
vt 0.764706 0.735632
vt 0.882353 0.712644
vt 0.882353 0.747126
vt 0.764706 0.747126
vt 0.882353 0.701149
vt 0.764706 0.655172
vt 0.882353 0.666667
vt 0.764706 0.666667
vt 0.882353 0.678161
vt 0.882353 0.724138
vt 0.897059 0.735632
vt 0.897059 0.747126
vt 0.897059 0.678161
vt 0.887255 0.678161
vt 0.887255 0.724138
vt 0.897059 0.712644
vt 0.897059 0.724138
vt 0.882353 0.655172
vt 0.897059 0.666667
vt 0.897059 0.689655
vt 0.892157 0.689655
vt 0.897059 0.655172
vt 0.911765 0.666667
vt 0.906863 0.678161
vt 0.906863 0.724138
vt 0.911765 0.747126
vt 0.901961 0.689655
vt 0.911765 0.735632
vt 0.897059 0.701149
vt 0.892157 0.712644
vt 0.901961 0.712644
vt 0.921569 0.678161
vt 0.911765 0.678161
vt 0.911765 0.712644
vt 0.921569 0.724138
vt 0.911765 0.724138
vt 0.911765 0.701149
vt 0.921569 0.712644
vt 0.921569 0.747126
vt 0.911765 0.689655
vt 0.921569 0.701149
vt 0.921569 0.689655
vt 0.921569 0.735632
vt 0.911765 0.655172
vt 0.921569 0.666667
vt 0.303922 0.643678
vt 0.274510 0.655172
vt 0.274510 0.643678
vt 0.303922 0.620690
vt 0.274510 0.632184
vt 0.274510 0.620690
vt 0.303922 0.586207
vt 0.274510 0.597701
vt 0.274510 0.586207
vt 0.303922 0.563218
vt 0.274510 0.574713
vt 0.274510 0.563218
vt 0.303922 0.632184
vt 0.303922 0.609195
vt 0.274510 0.609195
vt 0.303922 0.597701
vt 0.303922 0.574713
vt 0.318627 0.586207
vt 0.318627 0.597701
vt 0.308824 0.632184
vt 0.318627 0.643678
vt 0.313726 0.643678
vt 0.318627 0.620690
vt 0.318627 0.609195
vt 0.308824 0.586207
vt 0.318627 0.574713
vt 0.318627 0.632184
vt 0.333333 0.620690
vt 0.328431 0.632184
vt 0.333333 0.597701
vt 0.323529 0.643678
vt 0.333333 0.609195
vt 0.328431 0.586207
vt 0.318627 0.563218
vt 0.313726 0.574713
vt 0.323529 0.574713
vt 0.318627 0.655172
vt 0.333333 0.586207
vt 0.450980 0.597701
vt 0.333333 0.632184
vt 0.450980 0.643678
vt 0.333333 0.643678
vt 0.450980 0.620690
vt 0.450980 0.655172
vt 0.333333 0.655172
vt 0.450980 0.609195
vt 0.333333 0.563218
vt 0.450980 0.574713
vt 0.333333 0.574713
vt 0.450980 0.586207
vt 0.450980 0.632184
vt 0.465686 0.643678
vt 0.465686 0.655172
vt 0.465686 0.586207
vt 0.455882 0.586207
vt 0.455882 0.632184
vt 0.465686 0.620690
vt 0.465686 0.632184
vt 0.450980 0.563218
vt 0.465686 0.574713
vt 0.465686 0.597701
vt 0.460784 0.597701
vt 0.480392 0.563218
vt 0.480392 0.574713
vt 0.475490 0.586207
vt 0.475490 0.632184
vt 0.480392 0.655172
vt 0.470588 0.597701
vt 0.480392 0.643678
vt 0.465686 0.609195
vt 0.460784 0.620690
vt 0.470588 0.620690
vt 0.490196 0.586207
vt 0.480392 0.586207
vt 0.480392 0.620690
vt 0.490196 0.632184
vt 0.480392 0.632184
vt 0.480392 0.609195
vt 0.490196 0.620690
vt 0.490196 0.655172
vt 0.480392 0.597701
vt 0.490196 0.609195
vt 0.490196 0.597701
vt 0.490196 0.643678
vt 0.490196 0.574713
vt 0.294118 0.298851
vt 0.284314 0.252874
vt 0.294118 0.252874
vt 0.274510 0.298851
vt 0.264706 0.252874
vt 0.274510 0.252874
vt 0.333333 0.298851
vt 0.323529 0.252874
vt 0.333333 0.252874
vt 0.313726 0.298851
vt 0.303922 0.252874
vt 0.313726 0.252874
vt 0.303922 0.298851
vt 0.284314 0.298851
vt 0.264706 0.298851
vt 0.254902 0.252874
vt 0.323529 0.298851
vt 0.245098 0.379310
vt 0.254902 0.402299
vt 0.245098 0.402299
vt 0.225490 0.379310
vt 0.235294 0.402299
vt 0.225490 0.402299
vt 0.196078 0.379310
vt 0.205882 0.402299
vt 0.196078 0.402299
vt 0.176471 0.379310
vt 0.186275 0.402299
vt 0.176471 0.402299
vt 0.235294 0.379310
vt 0.215686 0.379310
vt 0.215686 0.402299
vt 0.205882 0.379310
vt 0.186275 0.379310
vt 0.196078 0.362069
vt 0.205882 0.362069
vt 0.235294 0.373563
vt 0.245098 0.362069
vt 0.245098 0.367816
vt 0.215686 0.362069
vt 0.225490 0.362069
vt 0.196078 0.373563
vt 0.186275 0.362069
vt 0.235294 0.362069
vt 0.225490 0.344828
vt 0.235294 0.350575
vt 0.205882 0.344828
vt 0.245098 0.356322
vt 0.215686 0.344828
vt 0.186275 0.356322
vt 0.196078 0.350575
vt 0.176471 0.362069
vt 0.186275 0.367816
vt 0.254902 0.362069
vt 0.196078 0.344828
vt 0.205882 0.252874
vt 0.235294 0.344828
vt 0.245098 0.252874
vt 0.245098 0.344828
vt 0.225490 0.252874
vt 0.254902 0.252874
vt 0.254902 0.344828
vt 0.215686 0.252874
vt 0.176471 0.344828
vt 0.186275 0.252874
vt 0.186275 0.344828
vt 0.196078 0.252874
vt 0.235294 0.252874
vt 0.245098 0.379310
vt 0.254902 0.402299
vt 0.245098 0.402299
vt 0.225490 0.379310
vt 0.235294 0.402299
vt 0.225490 0.402299
vt 0.196078 0.379310
vt 0.205882 0.402299
vt 0.196078 0.402299
vt 0.176471 0.402299
vt 0.186275 0.379310
vt 0.186275 0.402299
vt 0.235294 0.379310
vt 0.215686 0.379310
vt 0.215686 0.402299
vt 0.205882 0.379310
vt 0.196078 0.362069
vt 0.205882 0.362069
vt 0.235294 0.373563
vt 0.245098 0.362069
vt 0.245098 0.367816
vt 0.225490 0.362069
vt 0.215686 0.362069
vt 0.196078 0.373563
vt 0.186275 0.362069
vt 0.235294 0.362069
vt 0.225490 0.344828
vt 0.235294 0.350575
vt 0.205882 0.344828
vt 0.245098 0.356322
vt 0.215686 0.344828
vt 0.196078 0.350575
vt 0.176471 0.362069
vt 0.186275 0.367816
vt 0.186275 0.356322
vt 0.254902 0.362069
vt 0.196078 0.344828
vt 0.205882 0.252874
vt 0.235294 0.344828
vt 0.245098 0.252874
vt 0.245098 0.344828
vt 0.225490 0.252874
vt 0.254902 0.252874
vt 0.254902 0.344828
vt 0.215686 0.252874
vt 0.176471 0.344828
vt 0.186275 0.252874
vt 0.186275 0.344828
vt 0.196078 0.252874
vt 0.235294 0.252874
vt 0.245098 0.379310
vt 0.254902 0.402299
vt 0.245098 0.402299
vt 0.225490 0.379310
vt 0.235294 0.402299
vt 0.225490 0.402299
vt 0.196078 0.379310
vt 0.205882 0.402299
vt 0.196078 0.402299
vt 0.176471 0.379310
vt 0.186275 0.402299
vt 0.176471 0.402299
vt 0.235294 0.379310
vt 0.215686 0.379310
vt 0.215686 0.402299
vt 0.205882 0.379310
vt 0.186275 0.379310
vt 0.196078 0.362069
vt 0.205882 0.362069
vt 0.235294 0.373563
vt 0.245098 0.362069
vt 0.245098 0.367816
vt 0.215686 0.362069
vt 0.225490 0.362069
vt 0.196078 0.373563
vt 0.186275 0.362069
vt 0.235294 0.362069
vt 0.225490 0.344828
vt 0.235294 0.350575
vt 0.205882 0.344828
vt 0.245098 0.356322
vt 0.215686 0.344828
vt 0.196078 0.350575
vt 0.176471 0.362069
vt 0.186275 0.367816
vt 0.186275 0.356322
vt 0.254902 0.362069
vt 0.196078 0.344828
vt 0.205882 0.252874
vt 0.235294 0.344828
vt 0.245098 0.252874
vt 0.245098 0.344828
vt 0.225490 0.252874
vt 0.254902 0.252874
vt 0.254902 0.344828
vt 0.215686 0.252874
vt 0.176471 0.344828
vt 0.186275 0.252874
vt 0.186275 0.344828
vt 0.196078 0.252874
vt 0.235294 0.252874
vt 0.245098 0.379310
vt 0.254902 0.402299
vt 0.245098 0.402299
vt 0.225490 0.379310
vt 0.235294 0.402299
vt 0.225490 0.402299
vt 0.196078 0.379310
vt 0.205882 0.402299
vt 0.196078 0.402299
vt 0.176471 0.379310
vt 0.186275 0.402299
vt 0.176471 0.402299
vt 0.235294 0.379310
vt 0.215686 0.379310
vt 0.215686 0.402299
vt 0.205882 0.379310
vt 0.186275 0.379310
vt 0.196078 0.362069
vt 0.205882 0.362069
vt 0.235294 0.373563
vt 0.245098 0.362069
vt 0.245098 0.367816
vt 0.215686 0.362069
vt 0.225490 0.362069
vt 0.196078 0.373563
vt 0.186275 0.362069
vt 0.235294 0.362069
vt 0.235294 0.350575
vt 0.205882 0.344828
vt 0.245098 0.356322
vt 0.215686 0.344828
vt 0.225490 0.344828
vt 0.186275 0.356322
vt 0.196078 0.350575
vt 0.176471 0.362069
vt 0.186275 0.367816
vt 0.254902 0.362069
vt 0.196078 0.344828
vt 0.205882 0.252874
vt 0.235294 0.344828
vt 0.245098 0.252874
vt 0.245098 0.344828
vt 0.225490 0.252874
vt 0.254902 0.252874
vt 0.254902 0.344828
vt 0.215686 0.252874
vt 0.176471 0.344828
vt 0.186275 0.252874
vt 0.186275 0.344828
vt 0.196078 0.252874
vt 0.235294 0.252874
vt 0.245098 0.379310
vt 0.254902 0.402299
vt 0.245098 0.402299
vt 0.225490 0.379310
vt 0.235294 0.402299
vt 0.225490 0.402299
vt 0.196078 0.379310
vt 0.205882 0.402299
vt 0.196078 0.402299
vt 0.176471 0.402299
vt 0.186275 0.379310
vt 0.186275 0.402299
vt 0.235294 0.379310
vt 0.215686 0.379310
vt 0.215686 0.402299
vt 0.205882 0.379310
vt 0.196078 0.362069
vt 0.205882 0.362069
vt 0.235294 0.373563
vt 0.245098 0.362069
vt 0.245098 0.367816
vt 0.215686 0.362069
vt 0.225490 0.362069
vt 0.196078 0.373563
vt 0.186275 0.362069
vt 0.235294 0.362069
vt 0.225490 0.344828
vt 0.235294 0.350575
vt 0.196078 0.350575
vt 0.205882 0.344828
vt 0.245098 0.356322
vt 0.215686 0.344828
vt 0.186275 0.356322
vt 0.176471 0.362069
vt 0.186275 0.367816
vt 0.254902 0.362069
vt 0.196078 0.344828
vt 0.205882 0.252874
vt 0.235294 0.344828
vt 0.245098 0.252874
vt 0.245098 0.344828
vt 0.225490 0.252874
vt 0.254902 0.252874
vt 0.254902 0.344828
vt 0.215686 0.252874
vt 0.176471 0.344828
vt 0.186275 0.252874
vt 0.186275 0.344828
vt 0.196078 0.252874
vt 0.235294 0.252874
vt 0.245098 0.379310
vt 0.254902 0.402299
vt 0.245098 0.402299
vt 0.225490 0.379310
vt 0.235294 0.402299
vt 0.225490 0.402299
vt 0.196078 0.379310
vt 0.205882 0.402299
vt 0.196078 0.402299
vt 0.176471 0.379310
vt 0.186275 0.402299
vt 0.176471 0.402299
vt 0.235294 0.379310
vt 0.215686 0.379310
vt 0.215686 0.402299
vt 0.205882 0.379310
vt 0.186275 0.379310
vt 0.196078 0.362069
vt 0.205882 0.362069
vt 0.235294 0.373563
vt 0.245098 0.362069
vt 0.245098 0.367816
vt 0.225490 0.362069
vt 0.215686 0.362069
vt 0.196078 0.373563
vt 0.186275 0.362069
vt 0.235294 0.362069
vt 0.225490 0.344828
vt 0.235294 0.350575
vt 0.205882 0.344828
vt 0.245098 0.356322
vt 0.215686 0.344828
vt 0.196078 0.350575
vt 0.176471 0.362069
vt 0.186275 0.367816
vt 0.186275 0.356322
vt 0.254902 0.362069
vt 0.196078 0.344828
vt 0.205882 0.252874
vt 0.235294 0.344828
vt 0.245098 0.252874
vt 0.245098 0.344828
vt 0.225490 0.252874
vt 0.254902 0.252874
vt 0.254902 0.344828
vt 0.215686 0.252874
vt 0.176471 0.344828
vt 0.186275 0.252874
vt 0.186275 0.344828
vt 0.196078 0.252874
vt 0.235294 0.252874
vt 0.245098 0.379310
vt 0.254902 0.402299
vt 0.245098 0.402299
vt 0.225490 0.379310
vt 0.235294 0.402299
vt 0.225490 0.402299
vt 0.196078 0.379310
vt 0.205882 0.402299
vt 0.196078 0.402299
vt 0.176471 0.379310
vt 0.186275 0.402299
vt 0.176471 0.402299
vt 0.235294 0.379310
vt 0.215686 0.402299
vt 0.205882 0.379310
vt 0.186275 0.379310
vt 0.196078 0.362069
vt 0.205882 0.362069
vt 0.235294 0.373563
vt 0.245098 0.362069
vt 0.245098 0.367816
vt 0.215686 0.362069
vt 0.225490 0.362069
vt 0.215686 0.379310
vt 0.196078 0.373563
vt 0.186275 0.362069
vt 0.235294 0.362069
vt 0.225490 0.344828
vt 0.235294 0.350575
vt 0.205882 0.344828
vt 0.245098 0.356322
vt 0.215686 0.344828
vt 0.186275 0.356322
vt 0.196078 0.350575
vt 0.176471 0.362069
vt 0.186275 0.367816
vt 0.254902 0.362069
vt 0.196078 0.344828
vt 0.205882 0.252874
vt 0.235294 0.344828
vt 0.245098 0.252874
vt 0.245098 0.344828
vt 0.225490 0.252874
vt 0.254902 0.252874
vt 0.254902 0.344828
vt 0.215686 0.252874
vt 0.176471 0.344828
vt 0.186275 0.252874
vt 0.186275 0.344828
vt 0.196078 0.252874
vt 0.235294 0.252874
vt 0.245098 0.379310
vt 0.254902 0.402299
vt 0.245098 0.402299
vt 0.225490 0.379310
vt 0.235294 0.402299
vt 0.225490 0.402299
vt 0.196078 0.379310
vt 0.205882 0.402299
vt 0.196078 0.402299
vt 0.176471 0.379310
vt 0.186275 0.402299
vt 0.176471 0.402299
vt 0.235294 0.379310
vt 0.215686 0.379310
vt 0.215686 0.402299
vt 0.205882 0.379310
vt 0.186275 0.379310
vt 0.196078 0.362069
vt 0.205882 0.362069
vt 0.235294 0.373563
vt 0.245098 0.362069
vt 0.245098 0.367816
vt 0.215686 0.362069
vt 0.225490 0.362069
vt 0.196078 0.373563
vt 0.186275 0.362069
vt 0.235294 0.362069
vt 0.225490 0.344828
vt 0.235294 0.350575
vt 0.205882 0.344828
vt 0.245098 0.356322
vt 0.215686 0.344828
vt 0.196078 0.350575
vt 0.176471 0.362069
vt 0.186275 0.367816
vt 0.186275 0.356322
vt 0.254902 0.362069
vt 0.196078 0.344828
vt 0.205882 0.252874
vt 0.235294 0.344828
vt 0.245098 0.252874
vt 0.245098 0.344828
vt 0.225490 0.252874
vt 0.254902 0.252874
vt 0.254902 0.344828
vt 0.215686 0.252874
vt 0.176471 0.344828
vt 0.186275 0.252874
vt 0.186275 0.344828
vt 0.196078 0.252874
vt 0.235294 0.252874
vt 0.245098 0.379310
vt 0.254902 0.402299
vt 0.245098 0.402299
vt 0.225490 0.379310
vt 0.235294 0.402299
vt 0.225490 0.402299
vt 0.196078 0.379310
vt 0.205882 0.402299
vt 0.196078 0.402299
vt 0.176471 0.402299
vt 0.186275 0.379310
vt 0.186275 0.402299
vt 0.235294 0.379310
vt 0.215686 0.379310
vt 0.215686 0.402299
vt 0.205882 0.379310
vt 0.196078 0.362069
vt 0.205882 0.362069
vt 0.235294 0.373563
vt 0.245098 0.362069
vt 0.245098 0.367816
vt 0.215686 0.362069
vt 0.225490 0.362069
vt 0.196078 0.373563
vt 0.186275 0.362069
vt 0.235294 0.362069
vt 0.225490 0.344828
vt 0.235294 0.350575
vt 0.205882 0.344828
vt 0.245098 0.356322
vt 0.215686 0.344828
vt 0.186275 0.356322
vt 0.196078 0.350575
vt 0.176471 0.362069
vt 0.186275 0.367816
vt 0.254902 0.362069
vt 0.196078 0.344828
vt 0.205882 0.252874
vt 0.235294 0.344828
vt 0.245098 0.252874
vt 0.245098 0.344828
vt 0.225490 0.252874
vt 0.254902 0.252874
vt 0.254902 0.344828
vt 0.215686 0.252874
vt 0.176471 0.344828
vt 0.186275 0.252874
vt 0.186275 0.344828
vt 0.196078 0.252874
vt 0.235294 0.252874
vt 0.333333 0.298851
vt 0.323529 0.344828
vt 0.323529 0.298851
vt 0.254902 0.298851
vt 0.264706 0.344828
vt 0.254902 0.344828
vt 0.274510 0.298851
vt 0.264706 0.298851
vt 0.284314 0.298851
vt 0.274510 0.344828
vt 0.294118 0.298851
vt 0.284314 0.344828
vt 0.303922 0.298851
vt 0.294118 0.344828
vt 0.313726 0.298851
vt 0.303922 0.344828
vt 0.313726 0.344828
vt 0.333333 0.298851
vt 0.323529 0.344828
vt 0.323529 0.298851
vt 0.264706 0.298851
vt 0.254902 0.344828
vt 0.254902 0.298851
vt 0.274510 0.298851
vt 0.264706 0.344828
vt 0.284314 0.298851
vt 0.274510 0.344828
vt 0.294118 0.298851
vt 0.284314 0.344828
vt 0.303922 0.298851
vt 0.294118 0.344828
vt 0.313726 0.298851
vt 0.303922 0.344828
vt 0.313726 0.344828
vt 0.323529 0.298851
vt 0.333333 0.344828
vt 0.323529 0.344828
vt 0.264706 0.298851
vt 0.254902 0.344828
vt 0.254902 0.298851
vt 0.274510 0.298851
vt 0.264706 0.344828
vt 0.284314 0.298851
vt 0.274510 0.344828
vt 0.294118 0.298851
vt 0.284314 0.344828
vt 0.303922 0.298851
vt 0.294118 0.344828
vt 0.313726 0.344828
vt 0.303922 0.344828
vt 0.313726 0.298851
vt 0.333333 0.298851
vt 0.323529 0.344828
vt 0.323529 0.298851
vt 0.264706 0.298851
vt 0.254902 0.344828
vt 0.254902 0.298851
vt 0.274510 0.298851
vt 0.264706 0.344828
vt 0.284314 0.298851
vt 0.274510 0.344828
vt 0.294118 0.298851
vt 0.284314 0.344828
vt 0.303922 0.298851
vt 0.294118 0.344828
vt 0.313726 0.298851
vt 0.303922 0.344828
vt 0.313726 0.344828
vt 0.176471 0.505747
vt 0.156863 0.505747
vt 0.019608 0.505747
vt -0.000000 0.505747
vt 0.196078 0.505747
vt 0.156863 0.563218
vt 0.137255 0.563218
vt 0.000000 0.563218
vt 0.176471 0.563218
vt 0.019608 0.563218
vt 0.196078 0.563218
vt 0.039216 0.563218
vt 0.215686 0.563218
vt 0.058824 0.563218
vt 0.235294 0.563218
vt 0.078431 0.563218
vt 0.274510 0.563218
vt 0.254902 0.563218
vt 0.098039 0.563218
vt 0.117647 0.563218
vt 0.294118 0.563218
vt 0.392157 0.908046
vt 0.411765 0.747126
vt 0.411765 0.908046
vt 0.254902 0.908046
vt 0.274510 0.747126
vt 0.274510 0.908046
vt 0.313725 0.908046
vt 0.333333 0.747126
vt 0.333333 0.908046
vt 0.431373 0.747126
vt 0.431373 0.908046
vt 0.372549 0.908046
vt 0.392157 0.747126
vt 0.235294 0.908046
vt 0.254902 0.747126
vt 0.294118 0.908046
vt 0.313725 0.747126
vt 0.352941 0.908046
vt 0.372549 0.747126
vt 0.450980 0.908046
vt 0.470588 0.747126
vt 0.470588 0.908046
vt 0.294118 0.747126
vt 0.352941 0.747126
vt 0.450980 0.747126
vt 0.156863 0.908046
vt 0.176471 0.747126
vt 0.176471 0.908046
vt 0.019608 0.908046
vt 0.039216 0.747126
vt 0.039216 0.908046
vt 0.078431 0.908046
vt 0.098039 0.747126
vt 0.098039 0.908046
vt 0.196078 0.747126
vt 0.196078 0.908046
vt 0.137255 0.908046
vt 0.156863 0.747126
vt 0.000000 0.908046
vt 0.019608 0.747126
vt 0.058824 0.908046
vt 0.078431 0.747126
vt 0.117647 0.908046
vt 0.137255 0.747126
vt 0.215686 0.908046
vt 0.235294 0.747126
vt 0.235294 0.908046
vt 0.058824 0.747126
vt 0.117647 0.747126
vt 0.215686 0.747126
vt 0.392157 0.908046
vt 0.411765 0.747126
vt 0.411765 0.908046
vt 0.254902 0.908046
vt 0.274510 0.747126
vt 0.274510 0.908046
vt 0.313725 0.908046
vt 0.333333 0.747126
vt 0.333333 0.908046
vt 0.431373 0.747126
vt 0.431373 0.908046
vt 0.372549 0.908046
vt 0.392157 0.747126
vt 0.235294 0.908046
vt 0.254902 0.747126
vt 0.294118 0.908046
vt 0.313725 0.747126
vt 0.352941 0.908046
vt 0.372549 0.747126
vt 0.450980 0.908046
vt 0.470588 0.747126
vt 0.470588 0.908046
vt 0.294118 0.747126
vt 0.352941 0.747126
vt 0.450980 0.747126
vt 0.156863 0.908046
vt 0.176471 0.747126
vt 0.176471 0.908046
vt 0.019608 0.908046
vt 0.039216 0.747126
vt 0.039216 0.908046
vt 0.078431 0.908046
vt 0.098039 0.747126
vt 0.098039 0.908046
vt 0.196078 0.747126
vt 0.196078 0.908046
vt 0.137255 0.908046
vt 0.156863 0.747126
vt 0.000000 0.908046
vt 0.019608 0.747126
vt 0.058824 0.908046
vt 0.078431 0.747126
vt 0.117647 0.908046
vt 0.137255 0.747126
vt 0.215686 0.908046
vt 0.235294 0.747126
vt 0.235294 0.908046
vt 0.058824 0.747126
vt 0.117647 0.747126
vt 0.215686 0.747126
vt 0.156863 0.908046
vt 0.176471 0.747126
vt 0.176471 0.908046
vt 0.019608 0.908046
vt 0.039216 0.747126
vt 0.039216 0.908046
vt 0.078431 0.908046
vt 0.098039 0.747126
vt 0.098039 0.908046
vt 0.196078 0.747126
vt 0.196078 0.908046
vt 0.137255 0.908046
vt 0.156863 0.747126
vt 0.000000 0.908046
vt 0.019608 0.747126
vt 0.058824 0.908046
vt 0.078431 0.747126
vt 0.117647 0.908046
vt 0.137255 0.747126
vt 0.215686 0.908046
vt 0.235294 0.747126
vt 0.235294 0.908046
vt 0.058824 0.747126
vt 0.117647 0.747126
vt 0.215686 0.747126
vt 0.392157 0.908046
vt 0.411765 0.747126
vt 0.411765 0.908046
vt 0.254902 0.908046
vt 0.274510 0.747126
vt 0.274510 0.908046
vt 0.313725 0.908046
vt 0.333333 0.747126
vt 0.333333 0.908046
vt 0.431373 0.747126
vt 0.431373 0.908046
vt 0.372549 0.908046
vt 0.392157 0.747126
vt 0.235294 0.908046
vt 0.254902 0.747126
vt 0.294118 0.908046
vt 0.313725 0.747126
vt 0.352941 0.908046
vt 0.372549 0.747126
vt 0.450980 0.908046
vt 0.470588 0.747126
vt 0.470588 0.908046
vt 0.294118 0.747126
vt 0.352941 0.747126
vt 0.450980 0.747126
vt 0.156863 0.908046
vt 0.176471 0.747126
vt 0.176471 0.908046
vt 0.019608 0.908046
vt 0.039216 0.747126
vt 0.039216 0.908046
vt 0.078431 0.908046
vt 0.098039 0.747126
vt 0.098039 0.908046
vt 0.196078 0.747126
vt 0.196078 0.908046
vt 0.137255 0.908046
vt 0.156863 0.747126
vt 0.000000 0.908046
vt 0.019608 0.747126
vt 0.058824 0.908046
vt 0.078431 0.747126
vt 0.117647 0.908046
vt 0.137255 0.747126
vt 0.215686 0.908046
vt 0.235294 0.747126
vt 0.235294 0.908046
vt 0.058824 0.747126
vt 0.117647 0.747126
vt 0.215686 0.747126
vt 0.392157 0.908046
vt 0.411765 0.747126
vt 0.411765 0.908046
vt 0.254902 0.908046
vt 0.274510 0.747126
vt 0.274510 0.908046
vt 0.313725 0.908046
vt 0.333333 0.747126
vt 0.333333 0.908046
vt 0.431373 0.747126
vt 0.431373 0.908046
vt 0.372549 0.908046
vt 0.392157 0.747126
vt 0.235294 0.908046
vt 0.254902 0.747126
vt 0.294118 0.908046
vt 0.313725 0.747126
vt 0.352941 0.908046
vt 0.372549 0.747126
vt 0.450980 0.908046
vt 0.470588 0.747126
vt 0.470588 0.908046
vt 0.294118 0.747126
vt 0.352941 0.747126
vt 0.450980 0.747126
vt 0.156863 0.908046
vt 0.176471 0.747126
vt 0.176471 0.908046
vt 0.019608 0.908046
vt 0.039216 0.747126
vt 0.039216 0.908046
vt 0.078431 0.908046
vt 0.098039 0.747126
vt 0.098039 0.908046
vt 0.196078 0.747126
vt 0.196078 0.908046
vt 0.137255 0.908046
vt 0.156863 0.747126
vt 0.000000 0.908046
vt 0.019608 0.747126
vt 0.058824 0.908046
vt 0.078431 0.747126
vt 0.117647 0.908046
vt 0.137255 0.747126
vt 0.215686 0.908046
vt 0.235294 0.747126
vt 0.235294 0.908046
vt 0.058824 0.747126
vt 0.117647 0.747126
vt 0.215686 0.747126
vt 0.274510 0.597701
vt -0.000000 0.609195
vt -0.000000 0.597701
vt 0.274510 0.574713
vt -0.000000 0.586207
vt -0.000000 0.574713
vt 0.274510 0.643678
vt -0.000000 0.655172
vt -0.000000 0.643678
vt 0.274510 0.620690
vt -0.000000 0.632184
vt -0.000000 0.620690
vt 0.274510 0.586207
vt 0.274510 0.563218
vt -0.000000 0.563218
vt 0.274510 0.632184
vt 0.274510 0.609195
vt 0.735294 0.735632
vt 0.705882 0.747126
vt 0.705882 0.735632
vt 0.735294 0.712644
vt 0.705882 0.724138
vt 0.705882 0.712644
vt 0.735294 0.678161
vt 0.705882 0.689655
vt 0.705882 0.678161
vt 0.735294 0.655172
vt 0.705882 0.666667
vt 0.705882 0.655172
vt 0.735294 0.724138
vt 0.735294 0.701149
vt 0.705882 0.701149
vt 0.735294 0.689655
vt 0.735294 0.666667
vt 0.740196 0.678161
vt 0.750000 0.689655
vt 0.740196 0.724138
vt 0.750000 0.735632
vt 0.745098 0.735632
vt 0.750000 0.712644
vt 0.750000 0.701149
vt 0.750000 0.666667
vt 0.750000 0.678161
vt 0.750000 0.724138
vt 0.759804 0.724138
vt 0.764706 0.689655
vt 0.754902 0.735632
vt 0.764706 0.712644
vt 0.764706 0.701149
vt 0.759804 0.678161
vt 0.750000 0.655172
vt 0.745098 0.666667
vt 0.754902 0.666667
vt 0.750000 0.747126
vt 0.764706 0.678161
vt 0.882353 0.689655
vt 0.764706 0.724138
vt 0.882353 0.735632
vt 0.764706 0.735632
vt 0.882353 0.712644
vt 0.882353 0.747126
vt 0.764706 0.747126
vt 0.882353 0.701149
vt 0.764706 0.655172
vt 0.882353 0.666667
vt 0.764706 0.666667
vt 0.882353 0.678161
vt 0.882353 0.724138
vt 0.897059 0.735632
vt 0.897059 0.747126
vt 0.897059 0.678161
vt 0.887255 0.678161
vt 0.887255 0.724138
vt 0.897059 0.712644
vt 0.897059 0.724138
vt 0.882353 0.655172
vt 0.897059 0.666667
vt 0.897059 0.689655
vt 0.892157 0.689655
vt 0.911765 0.655172
vt 0.911765 0.666667
vt 0.906863 0.678161
vt 0.906863 0.724138
vt 0.911765 0.747126
vt 0.901961 0.689655
vt 0.911765 0.735632
vt 0.897059 0.701149
vt 0.892157 0.712644
vt 0.901961 0.712644
vt 0.921569 0.678161
vt 0.911765 0.678161
vt 0.911765 0.712644
vt 0.921569 0.724138
vt 0.911765 0.724138
vt 0.911765 0.701149
vt 0.921569 0.712644
vt 0.921569 0.747126
vt 0.911765 0.689655
vt 0.921569 0.701149
vt 0.921569 0.689655
vt 0.921569 0.735632
vt 0.921569 0.666667
vt 0.303922 0.643678
vt 0.274510 0.655172
vt 0.274510 0.643678
vt 0.303922 0.620690
vt 0.274510 0.632184
vt 0.274510 0.620690
vt 0.303922 0.586207
vt 0.274510 0.597701
vt 0.274510 0.586207
vt 0.303922 0.563218
vt 0.274510 0.574713
vt 0.274510 0.563218
vt 0.303922 0.632184
vt 0.303922 0.609195
vt 0.274510 0.609195
vt 0.303922 0.597701
vt 0.303922 0.574713
vt 0.308824 0.586207
vt 0.318627 0.597701
vt 0.308824 0.632184
vt 0.318627 0.643678
vt 0.313726 0.643678
vt 0.318627 0.620690
vt 0.318627 0.609195
vt 0.318627 0.574713
vt 0.318627 0.586207
vt 0.318627 0.632184
vt 0.333333 0.620690
vt 0.328431 0.632184
vt 0.333333 0.597701
vt 0.323529 0.643678
vt 0.333333 0.609195
vt 0.328431 0.586207
vt 0.318627 0.563218
vt 0.313726 0.574713
vt 0.323529 0.574713
vt 0.318627 0.655172
vt 0.333333 0.586207
vt 0.450980 0.597701
vt 0.333333 0.632184
vt 0.450980 0.643678
vt 0.333333 0.643678
vt 0.450980 0.620690
vt 0.450980 0.655172
vt 0.333333 0.655172
vt 0.450980 0.609195
vt 0.333333 0.563218
vt 0.450980 0.574713
vt 0.333333 0.574713
vt 0.450980 0.586207
vt 0.450980 0.632184
vt 0.465686 0.643678
vt 0.465686 0.655172
vt 0.465686 0.586207
vt 0.455882 0.586207
vt 0.455882 0.632184
vt 0.465686 0.620690
vt 0.465686 0.632184
vt 0.450980 0.563218
vt 0.465686 0.574713
vt 0.465686 0.597701
vt 0.460784 0.597701
vt 0.480392 0.563218
vt 0.480392 0.574713
vt 0.475490 0.586207
vt 0.475490 0.632184
vt 0.480392 0.655172
vt 0.470588 0.597701
vt 0.480392 0.643678
vt 0.465686 0.609195
vt 0.460784 0.620690
vt 0.470588 0.620690
vt 0.490196 0.586207
vt 0.480392 0.586207
vt 0.480392 0.620690
vt 0.490196 0.632184
vt 0.480392 0.632184
vt 0.480392 0.609195
vt 0.490196 0.620690
vt 0.490196 0.655172
vt 0.480392 0.597701
vt 0.490196 0.609195
vt 0.490196 0.597701
vt 0.490196 0.643678
vt 0.490196 0.574713
vt 0.303922 0.643678
vt 0.274510 0.655172
vt 0.274510 0.643678
vt 0.303922 0.620690
vt 0.274510 0.632184
vt 0.274510 0.620690
vt 0.303922 0.586207
vt 0.274510 0.597701
vt 0.274510 0.586207
vt 0.303922 0.563218
vt 0.274510 0.574713
vt 0.274510 0.563218
vt 0.303922 0.632184
vt 0.303922 0.609195
vt 0.274510 0.609195
vt 0.303922 0.597701
vt 0.303922 0.574713
vt 0.318627 0.586207
vt 0.318627 0.597701
vt 0.308824 0.632184
vt 0.318627 0.643678
vt 0.313726 0.643678
vt 0.318627 0.620690
vt 0.318627 0.609195
vt 0.308824 0.586207
vt 0.318627 0.574713
vt 0.318627 0.632184
vt 0.333333 0.620690
vt 0.328431 0.632184
vt 0.333333 0.597701
vt 0.323529 0.643678
vt 0.333333 0.609195
vt 0.328431 0.586207
vt 0.318627 0.563218
vt 0.313726 0.574713
vt 0.323529 0.574713
vt 0.318627 0.655172
vt 0.333333 0.586207
vt 0.450980 0.597701
vt 0.333333 0.632184
vt 0.450980 0.643678
vt 0.333333 0.643678
vt 0.450980 0.620690
vt 0.450980 0.655172
vt 0.333333 0.655172
vt 0.450980 0.609195
vt 0.333333 0.563218
vt 0.450980 0.574713
vt 0.333333 0.574713
vt 0.450980 0.586207
vt 0.450980 0.632184
vt 0.465686 0.643678
vt 0.465686 0.655172
vt 0.465686 0.586207
vt 0.455882 0.586207
vt 0.455882 0.632184
vt 0.465686 0.620690
vt 0.465686 0.632184
vt 0.450980 0.563218
vt 0.465686 0.574713
vt 0.465686 0.597701
vt 0.460784 0.597701
vt 0.480392 0.563218
vt 0.480392 0.574713
vt 0.475490 0.586207
vt 0.475490 0.632184
vt 0.480392 0.655172
vt 0.470588 0.597701
vt 0.480392 0.643678
vt 0.465686 0.609195
vt 0.460784 0.620690
vt 0.470588 0.620690
vt 0.490196 0.586207
vt 0.480392 0.586207
vt 0.480392 0.620690
vt 0.490196 0.632184
vt 0.480392 0.632184
vt 0.480392 0.609195
vt 0.490196 0.620690
vt 0.490196 0.655172
vt 0.480392 0.597701
vt 0.490196 0.609195
vt 0.490196 0.597701
vt 0.490196 0.643678
vt 0.490196 0.574713
vt 0.735294 0.735632
vt 0.705882 0.747126
vt 0.705882 0.735632
vt 0.735294 0.712644
vt 0.705882 0.724138
vt 0.705882 0.712644
vt 0.735294 0.678161
vt 0.705882 0.689655
vt 0.705882 0.678161
vt 0.735294 0.655172
vt 0.705882 0.666667
vt 0.705882 0.655172
vt 0.735294 0.724138
vt 0.735294 0.701149
vt 0.705882 0.701149
vt 0.735294 0.689655
vt 0.735294 0.666667
vt 0.740196 0.678161
vt 0.750000 0.689655
vt 0.740196 0.724138
vt 0.750000 0.735632
vt 0.745098 0.735632
vt 0.750000 0.701149
vt 0.750000 0.712644
vt 0.750000 0.666667
vt 0.750000 0.678161
vt 0.750000 0.724138
vt 0.764706 0.712644
vt 0.759804 0.724138
vt 0.764706 0.689655
vt 0.754902 0.735632
vt 0.764706 0.701149
vt 0.759804 0.678161
vt 0.750000 0.655172
vt 0.745098 0.666667
vt 0.754902 0.666667
vt 0.750000 0.747126
vt 0.764706 0.678161
vt 0.882353 0.689655
vt 0.764706 0.724138
vt 0.882353 0.735632
vt 0.764706 0.735632
vt 0.882353 0.712644
vt 0.882353 0.747126
vt 0.764706 0.747126
vt 0.882353 0.701149
vt 0.764706 0.655172
vt 0.882353 0.666667
vt 0.764706 0.666667
vt 0.882353 0.678161
vt 0.882353 0.724138
vt 0.897059 0.735632
vt 0.897059 0.747126
vt 0.897059 0.678161
vt 0.887255 0.678161
vt 0.887255 0.724138
vt 0.897059 0.712644
vt 0.897059 0.724138
vt 0.882353 0.655172
vt 0.897059 0.666667
vt 0.897059 0.689655
vt 0.892157 0.689655
vt 0.911765 0.655172
vt 0.911765 0.666667
vt 0.906863 0.678161
vt 0.906863 0.724138
vt 0.911765 0.747126
vt 0.901961 0.689655
vt 0.911765 0.735632
vt 0.897059 0.701149
vt 0.892157 0.712644
vt 0.901961 0.712644
vt 0.921569 0.678161
vt 0.911765 0.678161
vt 0.911765 0.712644
vt 0.921569 0.724138
vt 0.911765 0.724138
vt 0.911765 0.701149
vt 0.921569 0.712644
vt 0.921569 0.747126
vt 0.911765 0.689655
vt 0.921569 0.701149
vt 0.921569 0.689655
vt 0.921569 0.735632
vt 0.921569 0.666667
vt 0.735294 0.735632
vt 0.705882 0.747126
vt 0.705882 0.735632
vt 0.735294 0.712644
vt 0.705882 0.724138
vt 0.705882 0.712644
vt 0.735294 0.678161
vt 0.705882 0.689655
vt 0.705882 0.678161
vt 0.735294 0.655172
vt 0.705882 0.666667
vt 0.705882 0.655172
vt 0.735294 0.724138
vt 0.735294 0.701149
vt 0.705882 0.701149
vt 0.735294 0.689655
vt 0.735294 0.666667
vt 0.750000 0.678161
vt 0.750000 0.689655
vt 0.745098 0.735632
vt 0.750000 0.724138
vt 0.750000 0.735632
vt 0.750000 0.712644
vt 0.750000 0.701149
vt 0.745098 0.666667
vt 0.740196 0.678161
vt 0.740196 0.724138
vt 0.764706 0.712644
vt 0.759804 0.724138
vt 0.764706 0.689655
vt 0.754902 0.735632
vt 0.764706 0.701149
vt 0.750000 0.666667
vt 0.759804 0.678161
vt 0.750000 0.655172
vt 0.754902 0.666667
vt 0.750000 0.747126
vt 0.764706 0.678161
vt 0.882353 0.689655
vt 0.764706 0.724138
vt 0.882353 0.735632
vt 0.764706 0.735632
vt 0.882353 0.712644
vt 0.882353 0.747126
vt 0.764706 0.747126
vt 0.882353 0.701149
vt 0.764706 0.655172
vt 0.882353 0.666667
vt 0.764706 0.666667
vt 0.882353 0.678161
vt 0.882353 0.724138
vt 0.897059 0.735632
vt 0.897059 0.747126
vt 0.897059 0.678161
vt 0.887255 0.678161
vt 0.887255 0.724138
vt 0.897059 0.712644
vt 0.897059 0.724138
vt 0.882353 0.655172
vt 0.897059 0.666667
vt 0.897059 0.689655
vt 0.892157 0.689655
vt 0.911765 0.655172
vt 0.911765 0.666667
vt 0.906863 0.678161
vt 0.906863 0.724138
vt 0.911765 0.747126
vt 0.901961 0.689655
vt 0.911765 0.735632
vt 0.897059 0.701149
vt 0.892157 0.712644
vt 0.901961 0.712644
vt 0.921569 0.678161
vt 0.911765 0.678161
vt 0.911765 0.724138
vt 0.921569 0.712644
vt 0.921569 0.724138
vt 0.911765 0.701149
vt 0.911765 0.712644
vt 0.921569 0.747126
vt 0.911765 0.689655
vt 0.921569 0.701149
vt 0.921569 0.689655
vt 0.921569 0.735632
vt 0.921569 0.666667
vt 0.303922 0.643678
vt 0.274510 0.655172
vt 0.274510 0.643678
vt 0.303922 0.620690
vt 0.274510 0.632184
vt 0.274510 0.620690
vt 0.303922 0.586207
vt 0.274510 0.597701
vt 0.274510 0.586207
vt 0.303922 0.563218
vt 0.274510 0.574713
vt 0.274510 0.563218
vt 0.303922 0.632184
vt 0.303922 0.609195
vt 0.274510 0.609195
vt 0.303922 0.597701
vt 0.303922 0.574713
vt 0.318627 0.586207
vt 0.318627 0.597701
vt 0.308824 0.632184
vt 0.318627 0.643678
vt 0.313726 0.643678
vt 0.318627 0.620690
vt 0.318627 0.609195
vt 0.308824 0.586207
vt 0.318627 0.574713
vt 0.318627 0.632184
vt 0.333333 0.620690
vt 0.328431 0.632184
vt 0.333333 0.597701
vt 0.323529 0.643678
vt 0.333333 0.609195
vt 0.328431 0.586207
vt 0.318627 0.563218
vt 0.313726 0.574713
vt 0.323529 0.574713
vt 0.318627 0.655172
vt 0.333333 0.586207
vt 0.450980 0.597701
vt 0.333333 0.632184
vt 0.450980 0.643678
vt 0.333333 0.643678
vt 0.450980 0.620690
vt 0.450980 0.655172
vt 0.333333 0.655172
vt 0.450980 0.609195
vt 0.333333 0.563218
vt 0.450980 0.574713
vt 0.333333 0.574713
vt 0.450980 0.586207
vt 0.450980 0.632184
vt 0.465686 0.655172
vt 0.465686 0.586207
vt 0.455882 0.586207
vt 0.455882 0.632184
vt 0.465686 0.620690
vt 0.465686 0.632184
vt 0.450980 0.563218
vt 0.465686 0.574713
vt 0.465686 0.597701
vt 0.460784 0.597701
vt 0.465686 0.643678
vt 0.480392 0.563218
vt 0.480392 0.574713
vt 0.475490 0.586207
vt 0.475490 0.632184
vt 0.480392 0.655172
vt 0.470588 0.597701
vt 0.480392 0.643678
vt 0.465686 0.609195
vt 0.460784 0.620690
vt 0.470588 0.620690
vt 0.490196 0.586207
vt 0.480392 0.586207
vt 0.480392 0.620690
vt 0.490196 0.632184
vt 0.480392 0.632184
vt 0.480392 0.609195
vt 0.490196 0.620690
vt 0.490196 0.655172
vt 0.480392 0.597701
vt 0.490196 0.609195
vt 0.490196 0.597701
vt 0.490196 0.643678
vt 0.490196 0.574713
vt 0.735294 0.735632
vt 0.705882 0.747126
vt 0.705882 0.735632
vt 0.735294 0.712644
vt 0.705882 0.724138
vt 0.705882 0.712644
vt 0.735294 0.678161
vt 0.705882 0.689655
vt 0.705882 0.678161
vt 0.735294 0.655172
vt 0.705882 0.666667
vt 0.705882 0.655172
vt 0.735294 0.724138
vt 0.735294 0.701149
vt 0.705882 0.701149
vt 0.735294 0.689655
vt 0.735294 0.666667
vt 0.750000 0.678161
vt 0.750000 0.689655
vt 0.740196 0.724138
vt 0.750000 0.735632
vt 0.745098 0.735632
vt 0.750000 0.712644
vt 0.750000 0.701149
vt 0.740196 0.678161
vt 0.750000 0.666667
vt 0.750000 0.724138
vt 0.759804 0.724138
vt 0.764706 0.689655
vt 0.754902 0.735632
vt 0.764706 0.712644
vt 0.764706 0.701149
vt 0.759804 0.678161
vt 0.750000 0.655172
vt 0.745098 0.666667
vt 0.754902 0.666667
vt 0.750000 0.747126
vt 0.764706 0.678161
vt 0.882353 0.689655
vt 0.764706 0.724138
vt 0.882353 0.735632
vt 0.764706 0.735632
vt 0.882353 0.712644
vt 0.882353 0.747126
vt 0.764706 0.747126
vt 0.882353 0.701149
vt 0.764706 0.655172
vt 0.882353 0.666667
vt 0.764706 0.666667
vt 0.882353 0.678161
vt 0.882353 0.724138
vt 0.897059 0.735632
vt 0.897059 0.747126
vt 0.897059 0.678161
vt 0.887255 0.678161
vt 0.887255 0.724138
vt 0.897059 0.712644
vt 0.897059 0.724138
vt 0.882353 0.655172
vt 0.897059 0.666667
vt 0.897059 0.689655
vt 0.892157 0.689655
vt 0.911765 0.655172
vt 0.911765 0.666667
vt 0.906863 0.678161
vt 0.906863 0.724138
vt 0.911765 0.747126
vt 0.901961 0.689655
vt 0.911765 0.735632
vt 0.897059 0.701149
vt 0.892157 0.712644
vt 0.901961 0.712644
vt 0.921569 0.678161
vt 0.911765 0.678161
vt 0.911765 0.712644
vt 0.921569 0.724138
vt 0.911765 0.724138
vt 0.911765 0.701149
vt 0.921569 0.712644
vt 0.921569 0.747126
vt 0.911765 0.689655
vt 0.921569 0.701149
vt 0.921569 0.689655
vt 0.921569 0.735632
vt 0.921569 0.666667
vt 0.274510 0.643678
vt 0.303922 0.655172
vt 0.274510 0.655172
vt 0.303922 0.620690
vt 0.274510 0.632184
vt 0.274510 0.620690
vt 0.303922 0.586207
vt 0.274510 0.597701
vt 0.274510 0.586207
vt 0.303922 0.563218
vt 0.274510 0.574713
vt 0.274510 0.563218
vt 0.303922 0.632184
vt 0.303922 0.609195
vt 0.274510 0.609195
vt 0.303922 0.597701
vt 0.303922 0.574713
vt 0.308824 0.586207
vt 0.318627 0.597701
vt 0.308824 0.632184
vt 0.318627 0.643678
vt 0.313726 0.643678
vt 0.318627 0.620690
vt 0.318627 0.609195
vt 0.318627 0.574713
vt 0.318627 0.586207
vt 0.318627 0.632184
vt 0.333333 0.620690
vt 0.328431 0.632184
vt 0.333333 0.597701
vt 0.323529 0.643678
vt 0.333333 0.609195
vt 0.328431 0.586207
vt 0.318627 0.563218
vt 0.313726 0.574713
vt 0.323529 0.574713
vt 0.318627 0.655172
vt 0.333333 0.586207
vt 0.450980 0.597701
vt 0.333333 0.632184
vt 0.450980 0.643678
vt 0.333333 0.643678
vt 0.450980 0.620690
vt 0.450980 0.655172
vt 0.333333 0.655172
vt 0.450980 0.609195
vt 0.333333 0.563218
vt 0.450980 0.574713
vt 0.333333 0.574713
vt 0.450980 0.586207
vt 0.450980 0.632184
vt 0.465686 0.643678
vt 0.465686 0.655172
vt 0.465686 0.586207
vt 0.455882 0.586207
vt 0.455882 0.632184
vt 0.465686 0.620690
vt 0.465686 0.632184
vt 0.450980 0.563218
vt 0.465686 0.574713
vt 0.465686 0.597701
vt 0.460784 0.597701
vt 0.480392 0.563218
vt 0.480392 0.574713
vt 0.475490 0.586207
vt 0.475490 0.632184
vt 0.480392 0.643678
vt 0.480392 0.655172
vt 0.470588 0.597701
vt 0.465686 0.609195
vt 0.460784 0.620690
vt 0.470588 0.620690
vt 0.490196 0.586207
vt 0.480392 0.586207
vt 0.480392 0.632184
vt 0.490196 0.620690
vt 0.490196 0.632184
vt 0.480392 0.620690
vt 0.490196 0.609195
vt 0.490196 0.655172
vt 0.480392 0.609195
vt 0.490196 0.597701
vt 0.480392 0.597701
vt 0.490196 0.643678
vt 0.490196 0.574713
vt 0.303922 0.643678
vt 0.274510 0.655172
vt 0.274510 0.643678
vt 0.303922 0.620690
vt 0.274510 0.632184
vt 0.274510 0.620690
vt 0.303922 0.586207
vt 0.274510 0.597701
vt 0.274510 0.586207
vt 0.303922 0.563218
vt 0.274510 0.574713
vt 0.274510 0.563218
vt 0.303922 0.632184
vt 0.303922 0.609195
vt 0.274510 0.609195
vt 0.303922 0.597701
vt 0.303922 0.574713
vt 0.318627 0.586207
vt 0.318627 0.597701
vt 0.308824 0.632184
vt 0.318627 0.643678
vt 0.313726 0.643678
vt 0.318627 0.620690
vt 0.318627 0.609195
vt 0.308824 0.586207
vt 0.318627 0.574713
vt 0.318627 0.632184
vt 0.333333 0.620690
vt 0.328431 0.632184
vt 0.333333 0.597701
vt 0.323529 0.643678
vt 0.333333 0.609195
vt 0.328431 0.586207
vt 0.318627 0.563218
vt 0.313726 0.574713
vt 0.323529 0.574713
vt 0.318627 0.655172
vt 0.333333 0.586207
vt 0.450980 0.597701
vt 0.333333 0.632184
vt 0.450980 0.643678
vt 0.333333 0.643678
vt 0.450980 0.620690
vt 0.450980 0.655172
vt 0.333333 0.655172
vt 0.450980 0.609195
vt 0.333333 0.563218
vt 0.450980 0.574713
vt 0.333333 0.574713
vt 0.450980 0.586207
vt 0.450980 0.632184
vt 0.465686 0.643678
vt 0.465686 0.655172
vt 0.465686 0.586207
vt 0.455882 0.586207
vt 0.455882 0.632184
vt 0.465686 0.620690
vt 0.465686 0.632184
vt 0.450980 0.563218
vt 0.465686 0.574713
vt 0.465686 0.597701
vt 0.460784 0.597701
vt 0.480392 0.563218
vt 0.480392 0.574713
vt 0.475490 0.586207
vt 0.475490 0.632184
vt 0.480392 0.655172
vt 0.470588 0.597701
vt 0.480392 0.643678
vt 0.465686 0.609195
vt 0.460784 0.620690
vt 0.470588 0.620690
vt 0.490196 0.586207
vt 0.480392 0.586207
vt 0.480392 0.620690
vt 0.490196 0.632184
vt 0.480392 0.632184
vt 0.480392 0.609195
vt 0.490196 0.620690
vt 0.490196 0.655172
vt 0.480392 0.597701
vt 0.490196 0.609195
vt 0.490196 0.597701
vt 0.490196 0.643678
vt 0.490196 0.574713
vt 0.735294 0.735632
vt 0.705882 0.747126
vt 0.705882 0.735632
vt 0.735294 0.712644
vt 0.705882 0.724138
vt 0.705882 0.712644
vt 0.735294 0.678161
vt 0.705882 0.689655
vt 0.705882 0.678161
vt 0.735294 0.655172
vt 0.705882 0.666667
vt 0.705882 0.655172
vt 0.735294 0.724138
vt 0.735294 0.701149
vt 0.705882 0.701149
vt 0.735294 0.689655
vt 0.735294 0.666667
vt 0.740196 0.678161
vt 0.750000 0.689655
vt 0.740196 0.724138
vt 0.750000 0.735632
vt 0.745098 0.735632
vt 0.750000 0.701149
vt 0.750000 0.712644
vt 0.750000 0.666667
vt 0.750000 0.678161
vt 0.750000 0.724138
vt 0.764706 0.712644
vt 0.759804 0.724138
vt 0.764706 0.689655
vt 0.754902 0.735632
vt 0.764706 0.701149
vt 0.759804 0.678161
vt 0.750000 0.655172
vt 0.745098 0.666667
vt 0.754902 0.666667
vt 0.750000 0.747126
vt 0.764706 0.678161
vt 0.882353 0.689655
vt 0.764706 0.724138
vt 0.882353 0.735632
vt 0.764706 0.735632
vt 0.882353 0.712644
vt 0.882353 0.747126
vt 0.764706 0.747126
vt 0.882353 0.701149
vt 0.764706 0.655172
vt 0.882353 0.666667
vt 0.764706 0.666667
vt 0.882353 0.678161
vt 0.882353 0.724138
vt 0.897059 0.735632
vt 0.897059 0.747126
vt 0.897059 0.678161
vt 0.887255 0.678161
vt 0.887255 0.724138
vt 0.897059 0.712644
vt 0.897059 0.724138
vt 0.882353 0.655172
vt 0.897059 0.666667
vt 0.897059 0.689655
vt 0.892157 0.689655
vt 0.911765 0.655172
vt 0.911765 0.666667
vt 0.906863 0.678161
vt 0.906863 0.724138
vt 0.911765 0.747126
vt 0.901961 0.689655
vt 0.911765 0.735632
vt 0.897059 0.701149
vt 0.892157 0.712644
vt 0.901961 0.712644
vt 0.921569 0.678161
vt 0.911765 0.678161
vt 0.911765 0.712644
vt 0.921569 0.724138
vt 0.911765 0.724138
vt 0.911765 0.701149
vt 0.921569 0.712644
vt 0.921569 0.747126
vt 0.911765 0.689655
vt 0.921569 0.701149
vt 0.921569 0.689655
vt 0.921569 0.735632
vt 0.921569 0.666667
vt 0.294118 0.298851
vt 0.284314 0.252874
vt 0.294118 0.252874
vt 0.274510 0.298851
vt 0.264706 0.252874
vt 0.274510 0.252874
vt 0.333333 0.298851
vt 0.323529 0.252874
vt 0.333333 0.252874
vt 0.313726 0.298851
vt 0.303922 0.252874
vt 0.313726 0.252874
vt 0.303922 0.298851
vt 0.284314 0.298851
vt 0.264706 0.298851
vt 0.254902 0.252874
vt 0.323529 0.298851
vt 0.294118 0.298851
vt 0.284314 0.252874
vt 0.294118 0.252874
vt 0.274510 0.298851
vt 0.264706 0.252874
vt 0.274510 0.252874
vt 0.333333 0.298851
vt 0.323529 0.252874
vt 0.333333 0.252874
vt 0.313726 0.298851
vt 0.303922 0.252874
vt 0.313726 0.252874
vt 0.303922 0.298851
vt 0.284314 0.298851
vt 0.264706 0.298851
vt 0.254902 0.252874
vt 0.323529 0.298851
vt 0.294118 0.298851
vt 0.284314 0.252874
vt 0.294118 0.252874
vt 0.274510 0.298851
vt 0.264706 0.252874
vt 0.274510 0.252874
vt 0.333333 0.298851
vt 0.323529 0.252874
vt 0.333333 0.252874
vt 0.313726 0.298851
vt 0.303922 0.252874
vt 0.313726 0.252874
vt 0.303922 0.298851
vt 0.284314 0.298851
vt 0.264706 0.298851
vt 0.254902 0.252874
vt 0.323529 0.298851
vt 0.294118 0.298851
vt 0.284314 0.252874
vt 0.294118 0.252874
vt 0.274510 0.298851
vt 0.264706 0.252874
vt 0.274510 0.252874
vt 0.333333 0.298851
vt 0.323529 0.252874
vt 0.333333 0.252874
vt 0.313726 0.298851
vt 0.303922 0.252874
vt 0.313726 0.252874
vt 0.303922 0.298851
vt 0.284314 0.298851
vt 0.264706 0.298851
vt 0.254902 0.252874
vt 0.323529 0.298851
vt 0.294118 0.298851
vt 0.284314 0.252874
vt 0.294118 0.252874
vt 0.274510 0.298851
vt 0.264706 0.252874
vt 0.274510 0.252874
vt 0.333333 0.298851
vt 0.323529 0.252874
vt 0.333333 0.252874
vt 0.313726 0.298851
vt 0.303922 0.252874
vt 0.313726 0.252874
vt 0.303922 0.298851
vt 0.284314 0.298851
vt 0.264706 0.298851
vt 0.254902 0.252874
vt 0.323529 0.298851
vt 0.294118 0.298851
vt 0.284314 0.252874
vt 0.294118 0.252874
vt 0.274510 0.298851
vt 0.264706 0.252874
vt 0.274510 0.252874
vt 0.333333 0.298851
vt 0.323529 0.252874
vt 0.333333 0.252874
vt 0.313726 0.298851
vt 0.303922 0.252874
vt 0.313726 0.252874
vt 0.303922 0.298851
vt 0.284314 0.298851
vt 0.264706 0.298851
vt 0.254902 0.252874
vt 0.323529 0.298851
vt 0.294118 0.298851
vt 0.284314 0.252874
vt 0.294118 0.252874
vt 0.274510 0.298851
vt 0.264706 0.252874
vt 0.274510 0.252874
vt 0.333333 0.298851
vt 0.323529 0.252874
vt 0.333333 0.252874
vt 0.313726 0.298851
vt 0.303922 0.252874
vt 0.313726 0.252874
vt 0.303922 0.298851
vt 0.284314 0.298851
vt 0.264706 0.298851
vt 0.254902 0.252874
vt 0.323529 0.298851
vt 0.294118 0.298851
vt 0.284314 0.252874
vt 0.294118 0.252874
vt 0.274510 0.298851
vt 0.264706 0.252874
vt 0.274510 0.252874
vt 0.333333 0.298851
vt 0.323529 0.252874
vt 0.333333 0.252874
vt 0.313726 0.298851
vt 0.303922 0.252874
vt 0.313726 0.252874
vt 0.303922 0.298851
vt 0.284314 0.298851
vt 0.264706 0.298851
vt 0.254902 0.252874
vt 0.323529 0.298851
vt 0.294118 0.298851
vt 0.284314 0.252874
vt 0.294118 0.252874
vt 0.274510 0.298851
vt 0.264706 0.252874
vt 0.274510 0.252874
vt 0.333333 0.298851
vt 0.323529 0.252874
vt 0.333333 0.252874
vt 0.313726 0.298851
vt 0.303922 0.252874
vt 0.313726 0.252874
vt 0.303922 0.298851
vt 0.284314 0.298851
vt 0.264706 0.298851
vt 0.254902 0.252874
vt 0.323529 0.298851
vt -0.000000 0.747126
vt 0.313726 0.563218
vt 0.254902 0.379310
vt 0.176471 0.252874
vt 0.333333 0.344828
vt 0.274510 0.655172
vt 0.058824 0.747126
vt 0.352941 0.655172
vt 0.392157 0.747126
vt 0.705882 0.655172
vt 0.735294 0.747126
vt 0.921569 0.655172
vt 0.303922 0.655172
vt 0.465686 0.563218
vt 0.490196 0.563218
vt 0.254902 0.298851
vt 0.254902 0.379310
vt 0.176471 0.252874
vt 0.254902 0.379310
vt 0.176471 0.379310
vt 0.176471 0.252874
vt 0.254902 0.379310
vt 0.176471 0.252874
vt 0.254902 0.379310
vt 0.176471 0.252874
vt 0.254902 0.379310
vt 0.176471 0.379310
vt 0.176471 0.252874
vt 0.254902 0.379310
vt 0.176471 0.252874
vt 0.254902 0.379310
vt 0.176471 0.252874
vt 0.254902 0.379310
vt 0.176471 0.252874
vt 0.254902 0.379310
vt 0.176471 0.379310
vt 0.176471 0.252874
vt 0.333333 0.344828
vt 0.333333 0.344828
vt 0.333333 0.298851
vt 0.333333 0.344828
vt 0.313726 0.563218
vt 0.235294 0.747126
vt -0.000000 0.747126
vt 0.235294 0.747126
vt -0.000000 0.747126
vt -0.000000 0.747126
vt 0.235294 0.747126
vt -0.000000 0.747126
vt 0.235294 0.747126
vt -0.000000 0.747126
vt 0.274510 0.655172
vt 0.735294 0.747126
vt 0.897059 0.655172
vt 0.921569 0.655172
vt 0.303922 0.655172
vt 0.465686 0.563218
vt 0.490196 0.563218
vt 0.303922 0.655172
vt 0.465686 0.563218
vt 0.490196 0.563218
vt 0.735294 0.747126
vt 0.897059 0.655172
vt 0.921569 0.655172
vt 0.735294 0.747126
vt 0.897059 0.655172
vt 0.921569 0.655172
vt 0.303922 0.655172
vt 0.465686 0.563218
vt 0.490196 0.563218
vt 0.735294 0.747126
vt 0.897059 0.655172
vt 0.921569 0.655172
vt 0.303922 0.643678
vt 0.465686 0.563218
vt 0.490196 0.563218
vt 0.303922 0.655172
vt 0.465686 0.563218
vt 0.490196 0.563218
vt 0.735294 0.747126
vt 0.897059 0.655172
vt 0.921569 0.655172
vt 0.254902 0.298851
vt 0.254902 0.298851
vt 0.254902 0.298851
vt 0.254902 0.298851
vt 0.254902 0.298851
vt 0.254902 0.298851
vt 0.254902 0.298851
vt 0.254902 0.298851
vt 0.254902 0.298851
vn 0.0000 -1.0000 0.0000
vn 0.0000 1.0000 0.0000
vn -1.0000 0.0000 0.0000
vn 0.0000 0.0000 -1.0000
vn 1.0000 0.0000 0.0000
vn 0.0000 0.0000 1.0000
vn 0.8660 0.0000 0.5000
vn -0.5000 0.0000 -0.8660
vn -0.8660 0.0000 -0.5000
vn -0.8660 0.0000 0.5000
vn -0.5000 0.0000 0.8660
vn 0.8660 0.0000 -0.5000
vn 0.5000 0.0000 0.8660
vn 0.5000 0.0000 -0.8660
vn -0.3827 0.0000 0.9239
vn -0.7071 0.0000 0.7071
vn 0.3827 0.0000 -0.9239
vn -0.3827 0.0000 -0.9239
vn 0.3827 0.0000 0.9239
vn -0.7071 0.0000 -0.7071
vn 0.7071 0.0000 0.7071
vn -0.9239 0.0000 -0.3827
vn 0.9239 0.0000 0.3827
vn 0.9239 0.0000 -0.3827
vn -0.9239 0.0000 0.3827
vn 0.7071 0.0000 -0.7071
vn -0.1363 -0.6737 -0.7263
vn 0.0000 -0.7071 -0.7071
vn 0.1448 0.7194 -0.6794
vn 0.0000 0.7071 -0.7071
vn 0.0196 0.0473 0.9987
vn 0.0000 0.7071 0.7071
vn -0.7071 -0.7071 0.0000
vn 0.0000 -0.7071 0.7071
vn 0.0196 0.0473 -0.9987
vn 0.1866 0.9824 -0.0000
vn 0.1448 0.7194 0.6794
vn -0.1363 -0.6737 0.7263
vn 0.5294 0.5294 0.6630
vn -0.4617 -0.4617 -0.7574
vn 0.5294 0.5294 -0.6630
vn 0.7071 0.7071 -0.0000
vn -0.4617 -0.4617 0.7574
vn 0.0671 0.0671 0.9955
vn 0.0671 0.0671 -0.9955
vn 0.7194 0.1448 -0.6794
vn 0.0473 0.0196 -0.9987
vn 0.7194 0.1448 0.6794
vn -0.6737 -0.1363 -0.7263
vn 0.9824 0.1866 0.0000
vn -0.6737 -0.1363 0.7263
vn 0.0473 0.0196 0.9987
vn 0.7071 -0.7071 0.0000
vn -0.7071 0.7071 -0.0000
vn -0.6737 0.7263 0.1363
vn 0.7194 0.6794 -0.1448
vn 0.0473 -0.9987 -0.0196
vn -0.9307 -0.0000 0.3658
vn 0.0473 0.9987 -0.0196
vn 0.9824 0.0000 -0.1866
vn 0.7194 -0.6794 -0.1448
vn -0.6737 -0.7263 0.1363
vn 0.0440 -0.9989 -0.0165
vn 0.6174 -0.6805 -0.3946
vn -0.5824 0.7230 0.3716
vn 0.6174 0.6805 -0.3946
vn 0.8368 -0.0000 -0.5475
vn -0.5825 -0.7230 0.3716
vn 0.0440 0.9989 -0.0165
vn -0.6174 -0.6805 0.3946
vn -0.9824 0.0000 0.1866
vn -0.7194 -0.6794 0.1448
vn -0.0440 -0.9989 0.0165
vn -0.0473 -0.9987 0.0196
vn 0.5825 0.7230 -0.3716
vn -0.0473 0.9987 0.0196
vn -0.0440 0.9989 0.0165
vn -0.6174 0.6805 0.3946
vn -0.8368 0.0000 0.5475
vn 0.6737 -0.7263 -0.1363
vn 0.5824 -0.7230 -0.3716
vn -0.7194 0.6794 0.1448
vn 0.9307 0.0000 -0.3658
vn 0.6737 0.7263 -0.1363
vn -0.5825 0.7230 0.3716
vn 0.5824 0.7230 -0.3716
vn -0.7263 -0.6737 0.1363
vn -0.6794 0.7194 -0.1448
vn 0.9987 0.0473 -0.0196
vn -0.9987 0.0473 -0.0196
vn -0.0000 0.9824 -0.1866
vn 0.6794 0.7194 -0.1448
vn 0.7263 -0.6737 0.1363
vn 0.9955 0.0671 -0.0671
vn 0.6630 0.5294 -0.5294
vn -0.7574 -0.4617 0.4617
vn -0.6630 0.5294 -0.5294
vn 0.7574 -0.4617 0.4617
vn -0.9955 0.0671 -0.0671
vn -0.6794 0.1448 -0.7194
vn -0.9987 0.0196 -0.0473
vn 0.6794 0.1448 -0.7194
vn -0.7263 -0.1363 0.6737
vn 0.0000 0.1866 -0.9824
vn 0.9987 0.0196 -0.0473
vn 0.7263 -0.1363 0.6737
vn 0.7263 0.1363 -0.6737
vn -0.6794 -0.1448 0.7194
vn -0.7263 0.1363 -0.6737
vn -0.0000 -0.1866 0.9824
vn 0.6794 -0.1448 0.7194
vn 0.9987 -0.0196 0.0473
vn -0.9987 -0.0196 0.0473
vn -0.6630 -0.5294 0.5294
vn 0.9955 -0.0671 0.0671
vn -0.7574 0.4617 -0.4617
vn -0.9955 -0.0671 0.0671
vn 0.6630 -0.5294 0.5294
vn 0.7574 0.4617 -0.4617
vn 0.6794 -0.7194 0.1448
vn 0.9987 -0.0473 0.0196
vn -0.9987 -0.0473 0.0196
vn -0.0000 -0.9824 0.1866
vn 0.7263 0.6737 -0.1363
vn -0.6794 -0.7194 0.1448
vn -0.7263 0.6737 -0.1363
vn 0.1363 -0.6737 0.7263
vn -0.1448 0.7194 0.6794
vn -0.0196 0.0473 -0.9987
vn 0.1363 -0.6737 -0.7263
vn -0.0196 0.0473 0.9987
vn -0.1866 0.9824 -0.0000
vn -0.1448 0.7194 -0.6794
vn -0.0671 0.0671 -0.9955
vn -0.5294 0.5294 -0.6630
vn 0.4617 -0.4617 0.7574
vn -0.5294 0.5294 0.6630
vn 0.4617 -0.4617 -0.7574
vn -0.0671 0.0671 0.9955
vn -0.7194 0.1448 0.6794
vn -0.0473 0.0196 0.9987
vn -0.0473 0.0196 -0.9987
vn -0.7194 0.1448 -0.6794
vn 0.6737 -0.1363 0.7263
vn -0.9824 0.1866 0.0000
vn 0.6737 -0.1363 -0.7263
vn 0.7263 -0.6737 -0.1363
vn 0.6794 0.7194 0.1448
vn -0.9987 0.0473 0.0196
vn 0.9987 0.0473 0.0196
vn 0.0000 0.9824 0.1866
vn -0.6794 0.7194 0.1448
vn -0.7263 -0.6737 -0.1363
vn -0.9955 0.0671 0.0671
vn -0.6630 0.5294 0.5294
vn 0.9955 0.0671 0.0671
vn 0.7574 -0.4617 -0.4617
vn 0.6630 0.5294 0.5294
vn 0.6794 0.1448 0.7194
vn 0.9987 0.0196 0.0473
vn -0.6794 0.1448 0.7194
vn 0.7263 -0.1363 -0.6737
vn -0.0000 0.1866 0.9824
vn -0.7574 -0.4617 -0.4617
vn -0.9987 0.0196 0.0473
vn -0.7263 -0.1363 -0.6737
vn -0.7263 0.1363 0.6737
vn 0.6794 -0.1448 -0.7194
vn 0.7263 0.1363 0.6737
vn 0.0000 -0.1866 -0.9824
vn -0.6794 -0.1448 -0.7194
vn -0.9987 -0.0196 -0.0473
vn 0.9987 -0.0196 -0.0473
vn 0.6630 -0.5294 -0.5294
vn -0.9955 -0.0671 -0.0671
vn 0.7574 0.4617 0.4617
vn 0.9955 -0.0671 -0.0671
vn -0.6630 -0.5294 -0.5294
vn -0.7574 0.4617 0.4617
vn 0.0000 -0.9824 -0.1866
vn -0.6794 -0.7194 -0.1448
vn -0.9987 -0.0473 -0.0196
vn 0.9987 -0.0473 -0.0196
vn -0.7263 0.6737 0.1363
vn 0.6794 -0.7194 -0.1448
vn 0.7263 0.6737 0.1363
o Fan2
s off
f 11/1/1 12/2/1 8/3/1
f 2/4/2 8/5/2 1/6/2
f 1/6/3 12/7/3 6/8/3
f 5/9/4 10/10/4 4/11/4
f 3/12/5 7/13/5 2/4/5
f 6/8/6 11/14/6 5/9/6
f 4/15/7 9/16/7 3/12/7
f 22/17/8 21/18/8 19/19/8
f 27/20/9 26/21/9 24/22/9
f 18/23/10 16/24/10 14/25/10
f 8/3/1 7/26/1 11/1/1
f 7/26/1 9/27/1 11/1/1
f 9/27/1 10/28/1 11/1/1
f 2/4/2 7/13/2 8/5/2
f 1/6/3 8/5/3 12/7/3
f 5/9/4 11/14/4 10/10/4
f 3/12/5 9/16/5 7/13/5
f 6/8/6 12/7/6 11/14/6
f 4/15/7 10/29/7 9/16/7
f 19/19/8 17/30/8 22/17/8
f 17/30/8 20/31/8 22/17/8
f 24/22/9 23/32/9 27/20/9
f 23/32/9 25/33/9 27/20/9
f 14/25/10 13/34/10 18/23/10
f 13/34/10 15/35/10 18/23/10
