# Split from chemical_factory.obj
mtllib unused.mtl
usemtl hbm
v -0.875000 2.000000 -0.000000
v -0.937500 2.000000 -0.108253
v -1.062500 2.000000 -0.108253
v -1.125000 2.000000 -0.000000
v -1.062500 2.000000 0.108253
v -0.937500 2.000000 0.108253
v -0.937500 2.187500 -0.108253
v -0.875000 2.187500 -0.000000
v -1.062500 2.187500 -0.108253
v -1.125000 2.187500 -0.000000
v -1.062500 2.187500 0.108253
v -0.937500 2.187500 0.108253
v -1.056644 2.120164 0.108253
v -0.943356 2.067336 0.108253
v -1.169933 2.172991 0.483253
v -0.830067 2.014509 0.483253
v -0.877928 2.120164 -0.005071
v -1.000000 2.093750 0.545753
v -0.934572 2.067336 -0.103182
v -0.496524 2.172991 -0.094461
v -0.666457 2.014509 -0.388793
v -0.527364 2.093750 -0.272877
v -1.065428 2.120164 -0.103182
v -1.122072 2.067336 -0.005071
v -1.333543 2.172991 -0.388793
v -1.503476 2.014509 -0.094461
v -1.472636 2.093750 -0.272877
vt 0.118967 0.494248
vt 0.118967 0.482763
vt 0.127451 0.477020
vt 0.156863 0.459770
vt 0.147059 0.477012
vt 0.147059 0.459770
vt 0.137255 0.477012
vt 0.137255 0.459770
vt 0.127451 0.459770
vt 0.117647 0.477012
vt 0.117647 0.459770
vt 0.166667 0.459770
vt 0.156863 0.477012
vt 0.127451 0.477012
vt 0.176471 0.459770
vt 0.166667 0.477012
vt 0.210784 0.477012
vt 0.205882 0.494253
vt 0.176471 0.482759
vt 0.210784 0.477012
vt 0.205882 0.494253
vt 0.176471 0.482759
vt 0.210784 0.477012
vt 0.205882 0.494253
vt 0.176471 0.482759
vt 0.135935 0.482763
vt 0.135935 0.494248
vt 0.127451 0.499991
vt 0.176471 0.477012
vt 0.176471 0.471264
vt 0.205882 0.459770
vt 0.176471 0.471264
vt 0.205882 0.459770
vt 0.176471 0.471264
vt 0.205882 0.459770
vn 0.0000 1.0000 0.0000
vn 0.8660 0.0000 -0.5000
vn 0.8660 0.0000 0.5000
vn -0.8660 0.0000 0.5000
vn 0.0000 0.0000 -1.0000
vn 0.0000 0.0000 1.0000
vn -0.8660 0.0000 -0.5000
vn -0.2113 0.9063 -0.3660
vn -0.2113 0.9063 0.3660
vn 0.4226 0.9063 -0.0000
v 1.125000 2.000000 0.000000
v 1.062500 2.000000 -0.108253
v 0.937500 2.000000 -0.108253
v 0.875000 2.000000 0.000000
v 0.937500 2.000000 0.108253
v 1.062500 2.000000 0.108253
v 1.062500 2.187500 -0.108253
v 1.125000 2.187500 0.000000
v 0.937500 2.187500 -0.108253
v 0.875000 2.187500 0.000000
v 0.937500 2.187500 0.108253
v 1.062500 2.187500 0.108253
v 0.943356 2.120164 0.108253
v 1.056644 2.067336 0.108253
v 0.830067 2.172991 0.483253
v 1.169933 2.014509 0.483253
v 1.122072 2.120164 -0.005071
v 1.000000 2.093750 0.545753
v 1.065428 2.067336 -0.103182
v 1.503476 2.172991 -0.094460
v 1.333543 2.014509 -0.388792
v 1.472636 2.093750 -0.272877
v 0.934572 2.120164 -0.103182
v 0.877928 2.067336 -0.005071
v 0.666457 2.172991 -0.388792
v 0.496524 2.014509 -0.094460
v 0.527364 2.093750 -0.272877
vt 0.118967 0.494248
vt 0.118967 0.482763
vt 0.127451 0.477020
vt 0.156863 0.459770
vt 0.147059 0.477012
vt 0.147059 0.459770
vt 0.137255 0.477012
vt 0.137255 0.459770
vt 0.127451 0.459770
vt 0.117647 0.477012
vt 0.117647 0.459770
vt 0.166667 0.459770
vt 0.156863 0.477012
vt 0.127451 0.477012
vt 0.176471 0.459770
vt 0.166667 0.477012
vt 0.210784 0.477012
vt 0.205882 0.494253
vt 0.176471 0.482759
vt 0.210784 0.477012
vt 0.205882 0.494253
vt 0.176471 0.482759
vt 0.210784 0.477012
vt 0.205882 0.494253
vt 0.176471 0.482759
vt 0.135935 0.482763
vt 0.135935 0.494248
vt 0.127451 0.499991
vt 0.176471 0.477012
vt 0.176471 0.471264
vt 0.205882 0.459770
vt 0.176471 0.471264
vt 0.205882 0.459770
vt 0.176471 0.471264
vt 0.205882 0.459770
vn 0.0000 1.0000 0.0000
vn 0.8660 0.0000 -0.5000
vn 0.8660 0.0000 0.5000
vn -0.8660 0.0000 0.5000
vn 0.0000 0.0000 -1.0000
vn 0.0000 0.0000 1.0000
vn -0.8660 0.0000 -0.5000
vn -0.2113 0.9063 -0.3660
vn -0.2113 0.9063 0.3660
vn 0.4226 0.9063 -0.0000
v 2.500000 0.250000 2.500000
v 2.500000 0.250000 2.375000
v 2.500000 2.750000 2.500000
v 2.500000 2.750000 2.375000
v 2.375000 0.250000 2.500000
v 2.375000 0.250000 2.375000
v 2.375000 2.750000 2.500000
v 2.375000 2.750000 2.375000
v 2.500000 0.250000 -2.375000
v 2.500000 0.250000 -2.500000
v 2.500000 2.750000 -2.375000
v 2.500000 2.750000 -2.500000
v 2.375000 0.250000 -2.375000
v 2.375000 0.250000 -2.500000
v 2.375000 2.750000 -2.375000
v 2.375000 2.750000 -2.500000
v -2.375000 0.250000 2.500000
v -2.375000 0.250000 2.375000
v -2.375000 2.750000 2.500000
v -2.375000 2.750000 2.375000
v -2.500000 0.250000 2.500000
v -2.500000 0.250000 2.375000
v -2.500000 2.750000 2.500000
v -2.500000 2.750000 2.375000
v -2.375000 0.250000 -2.375000
v -2.375000 0.250000 -2.500000
v -2.375000 2.750000 -2.375000
v -2.375000 2.750000 -2.500000
v -2.500000 0.250000 -2.375000
v -2.500000 0.250000 -2.500000
v -2.500000 2.750000 -2.375000
v -2.500000 2.750000 -2.500000
v -2.500000 2.750000 2.500000
v -2.250000 2.750000 2.500000
v -2.500000 2.750000 2.250000
v -2.250000 2.750000 2.250000
v -2.500000 3.000000 2.500000
v -2.250000 3.000000 2.500000
v -2.500000 3.000000 2.250000
v -2.250000 3.000000 2.250000
v 2.250000 2.750000 2.500000
v 2.500000 2.750000 2.500000
v 2.250000 2.750000 2.250000
v 2.500000 2.750000 2.250000
v 2.250000 3.000000 2.500000
v 2.500000 3.000000 2.500000
v 2.250000 3.000000 2.250000
v 2.500000 3.000000 2.250000
v -2.500000 2.750000 -2.250000
v -2.250000 2.750000 -2.250000
v -2.500000 2.750000 -2.500000
v -2.250000 2.750000 -2.500000
v -2.500000 3.000000 -2.250000
v -2.250000 3.000000 -2.250000
v -2.500000 3.000000 -2.500000
v -2.250000 3.000000 -2.500000
v 2.250000 2.750000 -2.250000
v 2.500000 2.750000 -2.250000
v 2.250000 2.750000 -2.500000
v 2.500000 2.750000 -2.500000
v 2.250000 3.000000 -2.250000
v 2.500000 3.000000 -2.250000
v 2.250000 3.000000 -2.500000
v 2.500000 3.000000 -2.500000
v 2.250000 2.875000 2.375000
v -2.250000 2.875000 2.375000
v 2.250000 2.875000 2.500000
v -2.250000 2.875000 2.500000
v -2.250000 3.000000 2.375000
v 2.250000 3.000000 2.375000
v 2.250000 3.000000 2.500000
v -2.250000 3.000000 2.500000
v 2.250000 2.875000 -2.375000
v -2.250000 2.875000 -2.375000
v -2.250000 2.875000 -2.500000
v 2.250000 2.875000 -2.500000
v 2.250000 3.000000 -2.375000
v -2.250000 3.000000 -2.375000
v -2.250000 3.000000 -2.500000
v 2.250000 3.000000 -2.500000
v 2.375000 2.875000 2.250000
v 2.375000 2.875000 -2.250000
v 2.500000 2.875000 -2.250000
v 2.500000 2.875000 2.250000
v 2.375000 3.000000 2.250000
v 2.375000 3.000000 -2.250000
v 2.500000 3.000000 -2.250000
v 2.500000 3.000000 2.250000
v -2.375000 2.875000 -2.250000
v -2.375000 2.875000 2.250000
v -2.500000 2.875000 2.250000
v -2.500000 2.875000 -2.250000
v -2.375000 3.000000 -2.250000
v -2.375000 3.000000 2.250000
v -2.500000 3.000000 2.250000
v -2.500000 3.000000 -2.250000
vt 0.686275 0.643678
vt 0.490196 0.632184
vt 0.686275 0.632184
vt 0.686275 0.620690
vt 0.490196 0.655172
vt 0.490196 0.643678
vt 0.490196 0.609195
vt 0.686275 0.609195
vt 0.686275 0.632184
vt 0.490196 0.620690
vt 0.686275 0.620690
vt 0.686275 0.609195
vt 0.490196 0.643678
vt 0.490196 0.632184
vt 0.686275 0.655172
vt 0.686275 0.643678
vt 0.686275 0.655172
vt 0.490196 0.643678
vt 0.686275 0.643678
vt 0.686275 0.632184
vt 0.686275 0.609195
vt 0.490196 0.620690
vt 0.490196 0.609195
vt 0.686275 0.620690
vt 0.686275 0.620690
vt 0.490196 0.609195
vt 0.686275 0.609195
vt 0.490196 0.655172
vt 0.686275 0.643678
vt 0.686275 0.655172
vt 0.490196 0.632184
vt 0.490196 0.620690
vt 0.686275 0.632184
vt 0.862745 -0.000000
vt 0.882353 0.022989
vt 0.862745 0.022989
vt 0.882353 0.045977
vt 0.862745 0.068966
vt 0.862745 0.045977
vt 0.921569 0.022989
vt 0.901961 0.045977
vt 0.901961 0.022989
vt 0.941176 0.022989
vt 0.921569 0.045977
vt 0.862745 -0.000000
vt 0.882353 0.022989
vt 0.862745 0.022989
vt 0.882353 0.045977
vt 0.862745 0.068966
vt 0.862745 0.045977
vt 0.921569 0.022989
vt 0.901961 0.045977
vt 0.901961 0.022989
vt 0.941176 0.022989
vt 0.921569 0.045977
vt 0.862745 -0.000000
vt 0.882353 0.022989
vt 0.862745 0.022989
vt 0.882353 0.045977
vt 0.862745 0.068966
vt 0.862745 0.045977
vt 0.921569 0.022989
vt 0.901961 0.045977
vt 0.901961 0.022989
vt 0.941176 0.022989
vt 0.921569 0.045977
vt 0.862745 -0.000000
vt 0.882353 0.022989
vt 0.862745 0.022989
vt 0.882353 0.045977
vt 0.862745 0.068966
vt 0.862745 0.045977
vt 0.921569 0.022989
vt 0.901961 0.045977
vt 0.901961 0.022989
vt 0.941176 0.022989
vt 0.921569 0.045977
vt 0.490196 0.563218
vt 0.843137 0.574713
vt 0.490196 0.574713
vt 0.843137 0.586207
vt 0.490196 0.597701
vt 0.843137 0.609195
vt 0.490196 0.609195
vt 0.490196 0.586207
vt 0.843137 0.597701
vt 0.490196 0.563218
vt 0.843137 0.574713
vt 0.490196 0.574713
vt 0.843137 0.586207
vt 0.490196 0.597701
vt 0.843137 0.609195
vt 0.490196 0.609195
vt 0.490196 0.586207
vt 0.843137 0.597701
vt 0.490196 0.563218
vt 0.843137 0.574713
vt 0.490196 0.574713
vt 0.843137 0.586207
vt 0.490196 0.597701
vt 0.843137 0.609195
vt 0.490196 0.609195
vt 0.490196 0.586207
vt 0.843137 0.597701
vt 0.490196 0.563218
vt 0.843137 0.574713
vt 0.490196 0.574713
vt 0.843137 0.586207
vt 0.490196 0.597701
vt 0.843137 0.609195
vt 0.490196 0.609195
vt 0.490196 0.586207
vt 0.843137 0.597701
vt 0.490196 0.620690
vt 0.686275 0.655172
vt 0.490196 0.609195
vt 0.490196 0.655172
vt 0.490196 0.655172
vt 0.490196 0.632184
vt 0.490196 0.643678
vt 0.882353 -0.000000
vt 0.882353 0.068966
vt 0.941176 0.045977
vt 0.882353 -0.000000
vt 0.882353 0.068966
vt 0.941176 0.045977
vt 0.882353 -0.000000
vt 0.882353 0.068966
vt 0.941176 0.045977
vt 0.882353 -0.000000
vt 0.882353 0.068966
vt 0.941176 0.045977
vt 0.843137 0.563218
vt 0.843137 0.563218
vt 0.843137 0.563218
vt 0.843137 0.563218
vn 1.0000 0.0000 0.0000
vn 0.0000 0.0000 1.0000
vn 0.0000 0.0000 -1.0000
vn -1.0000 0.0000 0.0000
vn 0.0000 -1.0000 0.0000
vn 0.0000 1.0000 0.0000
v 16.375000 0.000000 6.250000
v 16.375000 0.000000 3.750000
v 16.500000 0.000000 3.750000
v 16.500000 0.000000 6.250000
v 16.500000 0.000000 6.500000
v 16.500000 0.000000 6.250000
v 16.250000 0.000000 6.500000
v 16.250000 0.000000 6.250000
v 16.500000 0.250000 6.500000
v 16.500000 0.250000 6.250000
v 16.250000 0.250000 6.500000
v 16.250000 0.250000 6.250000
v 16.500000 0.000000 3.750000
v 16.500000 0.000000 3.500000
v 16.250000 0.000000 3.750000
v 16.250000 0.000000 3.500000
v 16.500000 0.250000 3.750000
v 16.500000 0.250000 3.500000
v 16.250000 0.250000 3.750000
v 16.250000 0.250000 3.500000
v 13.750000 0.000000 6.500000
v 13.750000 0.000000 6.250000
v 13.500000 0.000000 6.500000
v 13.500000 0.000000 6.250000
v 13.750000 0.250000 6.500000
v 13.750000 0.250000 6.250000
v 13.500000 0.250000 6.500000
v 13.500000 0.250000 6.250000
v 13.750000 0.000000 3.750000
v 13.750000 0.000000 3.500000
v 13.500000 0.000000 3.750000
v 13.500000 0.000000 3.500000
v 13.750000 0.250000 3.750000
v 13.750000 0.250000 3.500000
v 13.500000 0.250000 3.750000
v 13.500000 0.250000 3.500000
v 16.375000 0.125000 6.250000
v 16.375000 0.125000 3.750000
v 16.500000 0.125000 3.750000
v 16.500000 0.125000 6.250000
v 13.625000 0.000000 3.750000
v 13.625000 0.000000 6.250000
v 13.500000 0.000000 6.250000
v 13.500000 0.000000 3.750000
v 13.625000 0.125000 3.750000
v 13.625000 0.125000 6.250000
v 13.500000 0.125000 6.250000
v 13.500000 0.125000 3.750000
v 16.250000 0.000000 3.625000
v 13.750000 0.000000 3.625000
v 13.750000 0.000000 3.500000
v 16.250000 0.000000 3.500000
v 16.250000 0.125000 3.625000
v 13.750000 0.125000 3.625000
v 13.750000 0.125000 3.500000
v 16.250000 0.125000 3.500000
v 13.750000 0.000000 6.375000
v 16.250000 0.000000 6.375000
v 16.250000 0.000000 6.500000
v 13.750000 0.000000 6.500000
v 13.750000 0.125000 6.375000
v 16.250000 0.125000 6.375000
v 16.250000 0.125000 6.500000
v 13.750000 0.125000 6.500000
v 16.500000 0.250000 3.500000
v 16.375000 0.250000 3.500000
v 16.500000 8.750000 3.500000
v 16.375000 8.750000 3.500000
v 16.500000 0.250000 3.625000
v 16.375000 0.250000 3.625000
v 16.500000 8.750000 3.625000
v 16.375000 8.750000 3.625000
v 16.500000 8.750000 6.500000
v 16.500000 8.750000 6.250000
v 16.250000 8.750000 6.500000
v 16.250000 8.750000 6.250000
v 16.500000 9.000000 6.500000
v 16.500000 9.000000 6.250000
v 16.250000 9.000000 6.500000
v 16.250000 9.000000 6.250000
v 16.500000 8.750000 3.750000
v 16.500000 8.750000 3.500000
v 16.250000 8.750000 3.750000
v 16.250000 8.750000 3.500000
v 16.500000 9.000000 3.750000
v 16.500000 9.000000 3.500000
v 16.250000 9.000000 3.750000
v 16.250000 9.000000 3.500000
v 13.750000 8.750000 6.500000
v 13.750000 8.750000 6.250000
v 13.500000 8.750000 6.500000
v 13.500000 8.750000 6.250000
v 13.750000 9.000000 6.500000
v 13.750000 9.000000 6.250000
v 13.500000 9.000000 6.500000
v 13.500000 9.000000 6.250000
v 13.750000 8.750000 3.750000
v 13.750000 8.750000 3.500000
v 13.500000 8.750000 3.750000
v 13.500000 8.750000 3.500000
v 13.750000 9.000000 3.750000
v 13.750000 9.000000 3.500000
v 13.500000 9.000000 3.750000
v 13.500000 9.000000 3.500000
v 13.625000 0.250000 3.500000
v 13.500000 0.250000 3.500000
v 13.625000 8.750000 3.500000
v 13.500000 8.750000 3.500000
v 13.625000 0.250000 3.625000
v 13.500000 0.250000 3.625000
v 13.625000 8.750000 3.625000
v 13.500000 8.750000 3.625000
v 16.500000 0.250000 6.375000
v 16.375000 0.250000 6.375000
v 16.500000 8.750000 6.375000
v 16.375000 8.750000 6.375000
v 16.500000 0.250000 6.500000
v 16.375000 0.250000 6.500000
v 16.500000 8.750000 6.500000
v 16.375000 8.750000 6.500000
v 13.625000 0.250000 6.375000
v 13.500000 0.250000 6.375000
v 13.625000 8.750000 6.375000
v 13.500000 8.750000 6.375000
v 13.625000 0.250000 6.500000
v 13.500000 0.250000 6.500000
v 13.625000 8.750000 6.500000
v 13.500000 8.750000 6.500000
v 16.375000 8.875000 6.250000
v 16.375000 8.875000 3.750000
v 16.500000 8.875000 3.750000
v 16.500000 8.875000 6.250000
v 16.375000 9.000000 6.250000
v 16.375000 9.000000 3.750000
v 16.500000 9.000000 3.750000
v 16.500000 9.000000 6.250000
v 13.625000 8.875000 3.750000
v 13.625000 8.875000 6.250000
v 13.500000 8.875000 6.250000
v 13.500000 8.875000 3.750000
v 13.625000 9.000000 3.750000
v 13.625000 9.000000 6.250000
v 13.500000 9.000000 6.250000
v 13.500000 9.000000 3.750000
v 16.250000 8.875000 3.625000
v 13.750000 8.875000 3.625000
v 13.750000 8.875000 3.500000
v 16.250000 8.875000 3.500000
v 16.250000 9.000000 3.625000
v 13.750000 9.000000 3.625000
v 13.750000 9.000000 3.500000
v 16.250000 9.000000 3.500000
v 13.750000 8.875000 6.375000
v 16.250000 8.875000 6.375000
v 16.250000 8.875000 6.500000
v 13.750000 8.875000 6.500000
v 13.750000 9.000000 6.375000
v 16.250000 9.000000 6.375000
v 16.250000 9.000000 6.500000
v 13.750000 9.000000 6.500000
v 14.875000 0.125000 6.500000
v 15.125000 0.125000 6.500000
v 14.875000 0.125000 3.500000
v 15.125000 0.125000 3.500000
v 14.875000 0.250000 3.500000
v 14.875000 0.250000 6.500000
v 15.125000 0.250000 6.500000
v 15.125000 0.250000 3.500000
v 15.875000 0.125000 6.500000
v 16.125000 0.125000 6.500000
v 15.875000 0.125000 3.500000
v 16.125000 0.125000 3.500000
v 15.875000 0.250000 3.500000
v 15.875000 0.250000 6.500000
v 16.125000 0.250000 6.500000
v 16.125000 0.250000 3.500000
v 13.875000 0.125000 6.500000
v 14.125000 0.125000 6.500000
v 13.875000 0.125000 3.500000
v 14.125000 0.125000 3.500000
v 13.875000 0.250000 3.500000
v 13.875000 0.250000 6.500000
v 14.125000 0.250000 6.500000
v 14.125000 0.250000 3.500000
v 14.750000 0.250000 5.250000
v 16.250000 0.250000 5.250000
v 14.750000 0.250000 3.750000
v 16.250000 0.250000 3.750000
v 14.750000 1.000000 3.750000
v 14.750000 1.000000 5.250000
v 16.250000 1.000000 5.250000
v 16.250000 1.000000 3.750000
v 15.500000 1.000000 3.500000
v 15.117317 1.000000 3.576120
v 14.792893 1.000000 3.792893
v 14.576120 1.000000 4.117317
v 14.500000 1.000000 4.500000
v 14.576120 1.000000 4.882684
v 14.792893 1.000000 5.207107
v 15.117317 1.000000 5.423880
v 15.500000 1.000000 5.500000
v 15.882683 1.000000 5.423880
v 16.207108 1.000000 5.207107
v 16.423880 1.000000 4.882684
v 16.500000 1.000000 4.500000
v 16.423880 1.000000 4.117316
v 16.207108 1.000000 3.792893
v 15.882683 1.000000 3.576120
v 15.117317 2.000000 3.576120
v 15.500000 2.000000 3.500000
v 14.792893 2.000000 3.792893
v 14.576120 2.000000 4.117317
v 14.500000 2.000000 4.500000
v 14.576120 2.000000 4.882684
v 14.792893 2.000000 5.207107
v 15.117317 2.000000 5.423880
v 15.500000 2.000000 5.500000
v 15.882683 2.000000 5.423880
v 16.207108 2.000000 5.207107
v 16.423880 2.000000 4.882684
v 16.500000 2.000000 4.500000
v 16.423880 2.000000 4.117316
v 16.207108 2.000000 3.792893
v 15.882683 2.000000 3.576120
v 15.882683 1.750000 3.576120
v 16.207108 1.750000 3.792893
v 16.423880 1.750000 4.117316
v 16.500000 1.750000 4.500000
v 16.423880 1.750000 4.882684
v 16.207108 1.750000 5.207107
v 14.792893 1.750000 3.792893
v 15.500000 1.750000 3.500000
v 15.117317 1.750000 3.576120
v 15.882683 1.250000 3.576120
v 16.207108 1.250000 3.792893
v 16.423880 1.250000 4.117316
v 16.500000 1.250000 4.500000
v 16.423880 1.250000 4.882684
v 16.207108 1.250000 5.207107
v 14.792893 1.250000 3.792893
v 15.117317 1.250000 3.576120
v 15.500000 1.250000 3.500000
v 16.250000 3.500000 4.125000
v 15.875000 3.500000 3.750000
v 15.125000 3.500000 3.750000
v 14.750000 3.500000 4.125000
v 15.875000 3.500000 5.250000
v 16.250000 3.500000 4.875000
v 14.750000 3.500000 4.875000
v 15.125000 3.500000 5.250000
v 15.125000 2.000000 5.250000
v 14.750000 2.000000 4.875000
v 16.250000 2.000000 4.875000
v 15.875000 2.000000 5.250000
v 14.750000 2.000000 4.125000
v 15.125000 2.000000 3.750000
v 15.875000 2.000000 3.750000
v 16.250000 2.000000 4.125000
v 15.125000 2.500000 3.750000
v 14.750000 2.500000 4.125000
v 14.750000 2.500000 4.875000
v 15.125000 2.500000 5.250000
v 15.875000 2.500000 5.250000
v 16.250000 2.500000 4.875000
v 16.250000 2.500000 4.125000
v 15.875000 2.500000 3.750000
v 15.125000 4.000000 3.750000
v 14.750000 4.000000 4.125000
v 14.750000 4.000000 4.875000
v 15.125000 4.000000 5.250000
v 15.875000 4.000000 5.250000
v 16.250000 4.000000 4.875000
v 16.250000 4.000000 4.125000
v 15.875000 4.000000 3.750000
v 16.250000 5.000000 4.125000
v 15.875000 5.000000 3.750000
v 15.125000 5.000000 3.750000
v 14.750000 5.000000 4.125000
v 15.875000 5.000000 5.250000
v 16.250000 5.000000 4.875000
v 14.750000 5.000000 4.875000
v 15.125000 5.000000 5.250000
v 15.125000 5.500000 3.750000
v 14.750000 5.500000 4.125000
v 14.750000 5.500000 4.875000
v 15.125000 5.500000 5.250000
v 15.875000 5.500000 5.250000
v 16.250000 5.500000 4.875000
v 16.250000 5.500000 4.125000
v 15.875000 5.500000 3.750000
v 16.250000 6.500000 4.125000
v 15.875000 6.500000 3.750000
v 15.125000 6.500000 3.750000
v 14.750000 6.500000 4.125000
v 15.875000 6.500000 5.250000
v 16.250000 6.500000 4.875000
v 14.750000 6.500000 4.875000
v 15.125000 6.500000 5.250000
v 15.125000 7.000000 3.750000
v 14.750000 7.000000 4.125000
v 14.750000 7.000000 4.875000
v 15.125000 7.000000 5.250000
v 15.875000 7.000000 5.250000
v 16.250000 7.000000 4.875000
v 16.250000 7.000000 4.125000
v 15.875000 7.000000 3.750000
v 15.500000 7.000000 3.500000
v 15.117317 7.000000 3.576120
v 14.792893 7.000000 3.792893
v 14.576120 7.000000 4.117317
v 14.500000 7.000000 4.500000
v 14.576120 7.000000 4.882684
v 14.792893 7.000000 5.207107
v 15.117317 7.000000 5.423880
v 15.500000 7.000000 5.500000
v 15.882683 7.000000 5.423880
v 16.207108 7.000000 5.207107
v 16.423880 7.000000 4.882684
v 16.500000 7.000000 4.500000
v 16.423880 7.000000 4.117316
v 16.207108 7.000000 3.792893
v 15.882683 7.000000 3.576120
v 15.117317 7.500000 3.576120
v 15.500000 7.500000 3.500000
v 14.792893 7.500000 3.792893
v 14.576120 7.500000 4.117317
v 14.500000 7.500000 4.500000
v 14.576120 7.500000 4.882684
v 14.792893 7.500000 5.207107
v 15.117317 7.500000 5.423880
v 15.500000 7.500000 5.500000
v 15.882683 7.500000 5.423880
v 16.207108 7.500000 5.207107
v 16.423880 7.500000 4.882684
v 16.500000 7.500000 4.500000
v 16.423880 7.500000 4.117316
v 16.207108 7.500000 3.792893
v 15.882683 7.500000 3.576120
v 15.308659 8.000000 4.038060
v 15.500000 8.000000 4.000000
v 15.146446 8.000000 4.146447
v 15.038060 8.000000 4.308658
v 15.000000 8.000000 4.500000
v 15.038060 8.000000 4.691342
v 15.146446 8.000000 4.853553
v 15.308659 8.000000 4.961940
v 15.500000 8.000000 5.000000
v 15.691341 8.000000 4.961940
v 15.853554 8.000000 4.853553
v 15.961940 8.000000 4.691342
v 16.000000 8.000000 4.500000
v 15.961940 8.000000 4.308658
v 15.853554 8.000000 4.146446
v 15.691341 8.000000 4.038060
v 13.750000 0.250000 6.250000
v 14.250000 0.250000 6.250000
v 13.750000 0.250000 3.750000
v 14.250000 0.250000 3.750000
v 13.750000 1.000000 3.750000
v 13.750000 1.000000 6.250000
v 14.250000 1.000000 6.250000
v 14.250000 1.000000 3.750000
v 13.500000 1.000000 6.375000
v 14.500000 1.000000 6.375000
v 13.500000 1.000000 3.875000
v 14.500000 1.000000 3.875000
v 13.500000 2.500000 3.875000
v 14.500000 2.500000 3.875000
v 13.500000 4.000000 5.375000
v 13.750000 7.250000 3.937500
v 14.250000 7.250000 3.937500
v 14.500000 4.000000 5.375000
v 14.500000 1.500000 3.875000
v 14.250000 7.250000 6.062500
v 13.500000 5.000000 5.375000
v 13.500000 1.500000 3.875000
v 14.500000 1.000000 3.625000
v 13.500000 1.000000 3.625000
v 13.500000 1.500000 3.625000
v 14.500000 1.500000 3.625000
v 13.750000 7.250000 6.062500
v 14.500000 5.000000 5.375000
v 14.000000 1.500000 3.625000
v 13.911612 1.500000 3.661612
v 13.875000 1.500000 3.750000
v 13.911612 1.500000 3.838388
v 14.000000 1.500000 3.875000
v 14.088388 1.500000 3.838388
v 14.125000 1.500000 3.750000
v 14.088388 1.500000 3.661612
v 14.000000 2.500000 3.625000
v 13.911612 2.500000 3.661612
v 13.875000 2.500000 3.750000
v 13.911612 2.500000 3.838388
v 14.000000 2.500000 3.875000
v 14.088388 2.500000 3.838388
v 14.125000 2.500000 3.750000
v 14.088388 2.500000 3.661612
v 14.000000 4.000000 5.125000
v 13.911612 4.000000 5.161612
v 13.875000 4.000000 5.250000
v 13.911612 4.000000 5.338388
v 14.000000 4.000000 5.375000
v 14.088388 4.000000 5.338388
v 14.125000 4.000000 5.250000
v 14.088388 4.000000 5.161612
v 14.000000 5.000000 5.125000
v 13.911612 5.000000 5.161612
v 13.875000 5.000000 5.250000
v 13.911612 5.000000 5.338388
v 14.000000 5.000000 5.375000
v 14.088388 5.000000 5.338388
v 14.125000 5.000000 5.250000
v 14.088388 5.000000 5.161612
v 15.500000 1.125000 3.625000
v 15.165152 1.125000 3.691605
v 14.881281 1.125000 3.881281
v 14.691606 1.125000 4.165152
v 14.625000 1.125000 4.500000
v 14.691606 1.125000 4.834848
v 14.881281 1.125000 5.118718
v 15.165152 1.125000 5.308394
v 15.500000 1.125000 5.375000
v 15.834847 1.125000 5.308394
v 16.118717 1.125000 5.118719
v 16.308395 1.125000 4.834848
v 16.375000 1.125000 4.500000
v 16.308395 1.125000 4.165152
v 16.118717 1.125000 3.881281
v 15.834847 1.125000 3.691605
v 15.500000 1.250000 3.625000
v 15.165152 1.250000 3.691605
v 14.881281 1.250000 3.881281
v 16.118717 1.250000 5.118719
v 16.308395 1.250000 4.834848
v 16.375000 1.250000 4.500000
v 16.308395 1.250000 4.165152
v 16.118717 1.250000 3.881281
v 15.834847 1.250000 3.691605
v 15.500000 1.875000 3.625000
v 15.165152 1.875000 3.691605
v 14.881281 1.875000 3.881281
v 14.691606 1.875000 4.165152
v 14.625000 1.875000 4.500000
v 14.691606 1.875000 4.834848
v 14.881281 1.875000 5.118718
v 15.165152 1.875000 5.308394
v 15.500000 1.875000 5.375000
v 15.834847 1.875000 5.308394
v 16.118717 1.875000 5.118719
v 16.308395 1.875000 4.834848
v 16.375000 1.875000 4.500000
v 16.308395 1.875000 4.165152
v 16.118717 1.875000 3.881281
v 15.834847 1.875000 3.691605
v 15.500000 1.750000 3.625000
v 15.165152 1.750000 3.691605
v 14.881281 1.750000 3.881281
v 16.118717 1.750000 5.118719
v 16.308395 1.750000 4.834848
v 16.375000 1.750000 4.500000
v 16.308395 1.750000 4.165152
v 16.118717 1.750000 3.881281
v 15.834847 1.750000 3.691605
v 15.500000 2.500000 3.500000
v 15.117317 2.500000 3.576120
v 14.792893 2.500000 3.792893
v 14.576120 2.500000 4.117317
v 14.500000 2.500000 4.500000
v 14.576120 2.500000 4.882684
v 14.792893 2.500000 5.207107
v 15.117317 2.500000 5.423880
v 15.500000 2.500000 5.500000
v 15.882683 2.500000 5.423880
v 16.207108 2.500000 5.207107
v 16.423880 2.500000 4.882684
v 16.500000 2.500000 4.500000
v 16.423880 2.500000 4.117316
v 16.207108 2.500000 3.792893
v 15.882683 2.500000 3.576120
v 15.117317 3.500000 3.576120
v 15.500000 3.500000 3.500000
v 14.792893 3.500000 3.792893
v 14.576120 3.500000 4.117317
v 14.500000 3.500000 4.500000
v 14.576120 3.500000 4.882684
v 14.792893 3.500000 5.207107
v 15.117317 3.500000 5.423880
v 15.500000 3.500000 5.500000
v 15.882683 3.500000 5.423880
v 16.207108 3.500000 5.207107
v 16.423880 3.500000 4.882684
v 16.500000 3.500000 4.500000
v 16.423880 3.500000 4.117316
v 16.207108 3.500000 3.792893
v 15.882683 3.500000 3.576120
v 15.882683 3.250000 3.576120
v 16.207108 3.250000 3.792893
v 16.423880 3.250000 4.117316
v 16.500000 3.250000 4.500000
v 16.423880 3.250000 4.882684
v 16.207108 3.250000 5.207107
v 14.792893 3.250000 3.792893
v 15.500000 3.250000 3.500000
v 15.117317 3.250000 3.576120
v 15.882683 2.750000 3.576120
v 16.207108 2.750000 3.792893
v 16.423880 2.750000 4.117316
v 16.500000 2.750000 4.500000
v 16.423880 2.750000 4.882684
v 16.207108 2.750000 5.207107
v 14.792893 2.750000 3.792893
v 15.117317 2.750000 3.576120
v 15.500000 2.750000 3.500000
v 15.500000 2.625000 3.625000
v 15.165152 2.625000 3.691605
v 14.881281 2.625000 3.881281
v 14.691606 2.625000 4.165152
v 14.625000 2.625000 4.500000
v 14.691606 2.625000 4.834848
v 14.881281 2.625000 5.118718
v 15.165152 2.625000 5.308394
v 15.500000 2.625000 5.375000
v 15.834847 2.625000 5.308394
v 16.118717 2.625000 5.118719
v 16.308395 2.625000 4.834848
v 16.375000 2.625000 4.500000
v 16.308395 2.625000 4.165152
v 16.118717 2.625000 3.881281
v 15.834847 2.625000 3.691605
v 15.500000 2.750000 3.625000
v 15.165152 2.750000 3.691605
v 14.881281 2.750000 3.881281
v 16.118717 2.750000 5.118719
v 16.308395 2.750000 4.834848
v 16.375000 2.750000 4.500000
v 16.308395 2.750000 4.165152
v 16.118717 2.750000 3.881281
v 15.834847 2.750000 3.691605
v 15.500000 3.375000 3.625000
v 15.165152 3.375000 3.691605
v 14.881281 3.375000 3.881281
v 14.691606 3.375000 4.165152
v 14.625000 3.375000 4.500000
v 14.691606 3.375000 4.834848
v 14.881281 3.375000 5.118718
v 15.165152 3.375000 5.308394
v 15.500000 3.375000 5.375000
v 15.834847 3.375000 5.308394
v 16.118717 3.375000 5.118719
v 16.308395 3.375000 4.834848
v 16.375000 3.375000 4.500000
v 16.308395 3.375000 4.165152
v 16.118717 3.375000 3.881281
v 15.834847 3.375000 3.691605
v 15.500000 3.250000 3.625000
v 15.165152 3.250000 3.691605
v 14.881281 3.250000 3.881281
v 16.118717 3.250000 5.118719
v 16.308395 3.250000 4.834848
v 16.375000 3.250000 4.500000
v 16.308395 3.250000 4.165152
v 16.118717 3.250000 3.881281
v 15.834847 3.250000 3.691605
v 15.500000 4.000000 3.500000
v 15.117317 4.000000 3.576120
v 14.792893 4.000000 3.792893
v 14.576120 4.000000 4.117317
v 14.500000 4.000000 4.500000
v 14.576120 4.000000 4.882684
v 14.792893 4.000000 5.207107
v 15.117317 4.000000 5.423880
v 15.500000 4.000000 5.500000
v 15.882683 4.000000 5.423880
v 16.207108 4.000000 5.207107
v 16.423880 4.000000 4.882684
v 16.500000 4.000000 4.500000
v 16.423880 4.000000 4.117316
v 16.207108 4.000000 3.792893
v 15.882683 4.000000 3.576120
v 15.117317 5.000000 3.576120
v 15.500000 5.000000 3.500000
v 14.792893 5.000000 3.792893
v 14.576120 5.000000 4.117317
v 14.500000 5.000000 4.500000
v 14.576120 5.000000 4.882684
v 14.792893 5.000000 5.207107
v 15.117317 5.000000 5.423880
v 15.500000 5.000000 5.500000
v 15.882683 5.000000 5.423880
v 16.207108 5.000000 5.207107
v 16.423880 5.000000 4.882684
v 16.500000 5.000000 4.500000
v 16.423880 5.000000 4.117316
v 16.207108 5.000000 3.792893
v 15.882683 5.000000 3.576120
v 15.882683 4.750000 3.576120
v 16.207108 4.750000 3.792893
v 16.423880 4.750000 4.117316
v 16.500000 4.750000 4.500000
v 16.423880 4.750000 4.882684
v 16.207108 4.750000 5.207107
v 14.792893 4.750000 3.792893
v 15.500000 4.750000 3.500000
v 15.117317 4.750000 3.576120
v 15.882683 4.250000 3.576120
v 16.207108 4.250000 3.792893
v 16.423880 4.250000 4.117316
v 16.500000 4.250000 4.500000
v 16.423880 4.250000 4.882684
v 16.207108 4.250000 5.207107
v 14.792893 4.250000 3.792893
v 15.117317 4.250000 3.576120
v 15.500000 4.250000 3.500000
v 15.500000 4.125000 3.625000
v 15.165152 4.125000 3.691605
v 14.881281 4.125000 3.881281
v 14.691606 4.125000 4.165152
v 14.625000 4.125000 4.500000
v 14.691606 4.125000 4.834848
v 14.881281 4.125000 5.118718
v 15.165152 4.125000 5.308394
v 15.500000 4.125000 5.375000
v 15.834847 4.125000 5.308394
v 16.118717 4.125000 5.118719
v 16.308395 4.125000 4.834848
v 16.375000 4.125000 4.500000
v 16.308395 4.125000 4.165152
v 16.118717 4.125000 3.881281
v 15.834847 4.125000 3.691605
v 15.500000 4.250000 3.625000
v 15.165152 4.250000 3.691605
v 14.881281 4.250000 3.881281
v 16.118717 4.250000 5.118719
v 16.308395 4.250000 4.834848
v 16.375000 4.250000 4.500000
v 16.308395 4.250000 4.165152
v 16.118717 4.250000 3.881281
v 15.834847 4.250000 3.691605
v 15.500000 4.875000 3.625000
v 15.165152 4.875000 3.691605
v 14.881281 4.875000 3.881281
v 14.691606 4.875000 4.165152
v 14.625000 4.875000 4.500000
v 14.691606 4.875000 4.834848
v 14.881281 4.875000 5.118718
v 15.165152 4.875000 5.308394
v 15.500000 4.875000 5.375000
v 15.834847 4.875000 5.308394
v 16.118717 4.875000 5.118719
v 16.308395 4.875000 4.834848
v 16.375000 4.875000 4.500000
v 16.308395 4.875000 4.165152
v 16.118717 4.875000 3.881281
v 15.834847 4.875000 3.691605
v 15.500000 4.750000 3.625000
v 15.165152 4.750000 3.691605
v 14.881281 4.750000 3.881281
v 16.118717 4.750000 5.118719
v 16.308395 4.750000 4.834848
v 16.375000 4.750000 4.500000
v 16.308395 4.750000 4.165152
v 16.118717 4.750000 3.881281
v 15.834847 4.750000 3.691605
v 15.500000 5.500000 3.500000
v 15.117317 5.500000 3.576120
v 14.792893 5.500000 3.792893
v 14.576120 5.500000 4.117317
v 14.500000 5.500000 4.500000
v 14.576120 5.500000 4.882684
v 14.792893 5.500000 5.207107
v 15.117317 5.500000 5.423880
v 15.500000 5.500000 5.500000
v 15.882683 5.500000 5.423880
v 16.207108 5.500000 5.207107
v 16.423880 5.500000 4.882684
v 16.500000 5.500000 4.500000
v 16.423880 5.500000 4.117316
v 16.207108 5.500000 3.792893
v 15.882683 5.500000 3.576120
v 15.117317 6.500000 3.576120
v 15.500000 6.500000 3.500000
v 14.792893 6.500000 3.792893
v 14.576120 6.500000 4.117317
v 14.500000 6.500000 4.500000
v 14.576120 6.500000 4.882684
v 14.792893 6.500000 5.207107
v 15.117317 6.500000 5.423880
v 15.500000 6.500000 5.500000
v 15.882683 6.500000 5.423880
v 16.207108 6.500000 5.207107
v 16.423880 6.500000 4.882684
v 16.500000 6.500000 4.500000
v 16.423880 6.500000 4.117316
v 16.207108 6.500000 3.792893
v 15.882683 6.500000 3.576120
v 15.882683 6.250000 3.576120
v 16.207108 6.250000 3.792893
v 16.423880 6.250000 4.117316
v 16.500000 6.250000 4.500000
v 16.423880 6.250000 4.882684
v 16.207108 6.250000 5.207107
v 14.792893 6.250000 3.792893
v 15.500000 6.250000 3.500000
v 15.117317 6.250000 3.576120
v 15.882683 5.750000 3.576120
v 16.207108 5.750000 3.792893
v 16.423880 5.750000 4.117316
v 16.500000 5.750000 4.500000
v 16.423880 5.750000 4.882684
v 16.207108 5.750000 5.207107
v 14.792893 5.750000 3.792893
v 15.117317 5.750000 3.576120
v 15.500000 5.750000 3.500000
v 15.500000 5.625000 3.625000
v 15.165152 5.625000 3.691605
v 14.881281 5.625000 3.881281
v 14.691606 5.625000 4.165152
v 14.625000 5.625000 4.500000
v 14.691606 5.625000 4.834848
v 14.881281 5.625000 5.118718
v 15.165152 5.625000 5.308394
v 15.500000 5.625000 5.375000
v 15.834847 5.625000 5.308394
v 16.118717 5.625000 5.118719
v 16.308395 5.625000 4.834848
v 16.375000 5.625000 4.500000
v 16.308395 5.625000 4.165152
v 16.118717 5.625000 3.881281
v 15.834847 5.625000 3.691605
v 15.500000 5.750000 3.625000
v 15.165152 5.750000 3.691605
v 14.881281 5.750000 3.881281
v 16.118717 5.750000 5.118719
v 16.308395 5.750000 4.834848
v 16.375000 5.750000 4.500000
v 16.308395 5.750000 4.165152
v 16.118717 5.750000 3.881281
v 15.834847 5.750000 3.691605
v 15.500000 6.375000 3.625000
v 15.165152 6.375000 3.691605
v 14.881281 6.375000 3.881281
v 14.691606 6.375000 4.165152
v 14.625000 6.375000 4.500000
v 14.691606 6.375000 4.834848
v 14.881281 6.375000 5.118718
v 15.165152 6.375000 5.308394
v 15.500000 6.375000 5.375000
v 15.834847 6.375000 5.308394
v 16.118717 6.375000 5.118719
v 16.308395 6.375000 4.834848
v 16.375000 6.375000 4.500000
v 16.308395 6.375000 4.165152
v 16.118717 6.375000 3.881281
v 15.834847 6.375000 3.691605
v 15.500000 6.250000 3.625000
v 15.165152 6.250000 3.691605
v 14.881281 6.250000 3.881281
v 16.118717 6.250000 5.118719
v 16.308395 6.250000 4.834848
v 16.375000 6.250000 4.500000
v 16.308395 6.250000 4.165152
v 16.118717 6.250000 3.881281
v 15.834847 6.250000 3.691605
v 14.250000 1.500000 3.625000
v 14.161612 1.500000 3.661612
v 14.125000 1.500000 3.750000
v 14.161612 1.500000 3.838388
v 14.250000 1.500000 3.875000
v 14.338388 1.500000 3.838388
v 14.375000 1.500000 3.750000
v 14.338388 1.500000 3.661612
v 14.250000 2.500000 3.625000
v 14.161612 2.500000 3.661612
v 14.125000 2.500000 3.750000
v 14.161612 2.500000 3.838388
v 14.250000 2.500000 3.875000
v 14.338388 2.500000 3.838388
v 14.375000 2.500000 3.750000
v 14.338388 2.500000 3.661612
v 14.250000 4.000000 5.125000
v 14.161612 4.000000 5.161612
v 14.125000 4.000000 5.250000
v 14.161612 4.000000 5.338388
v 14.250000 4.000000 5.375000
v 14.338388 4.000000 5.338388
v 14.375000 4.000000 5.250000
v 14.338388 4.000000 5.161612
v 14.250000 5.000000 5.125000
v 14.161612 5.000000 5.161612
v 14.125000 5.000000 5.250000
v 14.161612 5.000000 5.338388
v 14.250000 5.000000 5.375000
v 14.338388 5.000000 5.338388
v 14.375000 5.000000 5.250000
v 14.338388 5.000000 5.161612
v 13.750000 1.500000 3.625000
v 13.661612 1.500000 3.661612
v 13.625000 1.500000 3.750000
v 13.661612 1.500000 3.838388
v 13.750000 1.500000 3.875000
v 13.838388 1.500000 3.838388
v 13.875000 1.500000 3.750000
v 13.838388 1.500000 3.661612
v 13.750000 2.500000 3.625000
v 13.661612 2.500000 3.661612
v 13.625000 2.500000 3.750000
v 13.661612 2.500000 3.838388
v 13.750000 2.500000 3.875000
v 13.838388 2.500000 3.838388
v 13.875000 2.500000 3.750000
v 13.838388 2.500000 3.661612
v 13.750000 4.000000 5.125000
v 13.661612 4.000000 5.161612
v 13.625000 4.000000 5.250000
v 13.661612 4.000000 5.338388
v 13.750000 4.000000 5.375000
v 13.838388 4.000000 5.338388
v 13.875000 4.000000 5.250000
v 13.838388 4.000000 5.161612
v 13.750000 5.000000 5.125000
v 13.661612 5.000000 5.161612
v 13.625000 5.000000 5.250000
v 13.661612 5.000000 5.338388
v 13.750000 5.000000 5.375000
v 13.838388 5.000000 5.338388
v 13.875000 5.000000 5.250000
v 13.838388 5.000000 5.161612
v 14.750000 0.250000 6.250000
v 16.250000 0.250000 6.250000
v 14.750000 1.000000 6.250000
v 16.250000 1.000000 6.250000
v 14.750000 0.250000 5.750000
v 16.250000 0.250000 5.750000
v 14.750000 1.000000 5.750000
v 16.250000 1.000000 5.750000
v 15.125000 1.125000 6.375000
v 15.125000 1.875000 6.375000
v 14.625000 1.000000 5.500000
v 14.625000 2.000000 5.500000
v 15.875000 1.125000 6.375000
v 15.875000 1.875000 6.375000
v 16.375000 1.000000 5.500000
v 16.375000 2.000000 5.500000
v 14.625000 1.000000 6.375000
v 14.625000 2.000000 6.375000
v 16.375000 2.000000 6.375000
v 16.375000 1.000000 6.375000
v 15.187500 1.187500 6.500000
v 15.187500 1.812500 6.500000
v 15.812500 1.812500 6.500000
v 15.812500 1.187500 6.500000
v 15.125000 1.125000 6.500000
v 15.125000 1.875000 6.500000
v 15.875000 1.875000 6.500000
v 15.875000 1.125000 6.500000
v 15.187500 1.187500 6.375000
v 15.187500 1.812500 6.375000
v 15.812500 1.812500 6.375000
v 15.812500 1.187500 6.375000
v 15.500000 1.562500 6.375000
v 15.445873 1.531250 6.375000
v 15.445873 1.468750 6.375000
v 15.500000 1.437500 6.375000
v 15.554127 1.468750 6.375000
v 15.554127 1.531250 6.375000
v 15.445873 1.531250 6.500000
v 15.500000 1.562500 6.500000
v 15.445873 1.468750 6.500000
v 15.500000 1.437500 6.500000
v 15.554127 1.468750 6.500000
v 15.554127 1.531250 6.500000
v 15.310556 1.640625 6.437500
v 15.472937 1.734375 6.437500
v 15.310556 1.359375 6.437500
v 15.472937 1.265625 6.437500
v 15.716507 1.406250 6.437500
v 15.716507 1.593750 6.437500
v 15.445873 1.531250 6.437500
v 15.500000 1.562500 6.437500
v 15.445873 1.468750 6.437500
v 15.500000 1.437500 6.437500
v 15.554127 1.468750 6.437500
v 15.554127 1.531250 6.437500
v 15.437500 1.187500 6.500000
v 15.437500 1.812500 6.500000
v 15.375000 1.187500 6.500000
v 15.375000 1.812500 6.500000
v 15.312500 1.187500 6.500000
v 15.312500 1.812500 6.500000
v 15.250000 1.187500 6.500000
v 15.250000 1.812500 6.500000
v 15.750000 1.187500 6.500000
v 15.750000 1.812500 6.500000
v 15.687500 1.187500 6.500000
v 15.687500 1.812500 6.500000
v 15.625000 1.187500 6.500000
v 15.625000 1.812500 6.500000
v 15.562500 1.187500 6.500000
v 15.562500 1.812500 6.500000
v 15.125000 2.625000 6.375000
v 15.125000 3.375000 6.375000
v 14.625000 2.500000 5.500000
v 14.625000 3.500000 5.500000
v 15.875000 2.625000 6.375000
v 15.875000 3.375000 6.375000
v 16.375000 2.500000 5.500000
v 16.375000 3.500000 5.500000
v 14.625000 2.500000 6.375000
v 14.625000 3.500000 6.375000
v 16.375000 3.500000 6.375000
v 16.375000 2.500000 6.375000
v 15.187500 2.687500 6.500000
v 15.187500 3.312500 6.500000
v 15.812500 3.312500 6.500000
v 15.812500 2.687500 6.500000
v 15.125000 2.625000 6.500000
v 15.125000 3.375000 6.500000
v 15.875000 3.375000 6.500000
v 15.875000 2.625000 6.500000
v 15.187500 2.687500 6.375000
v 15.187500 3.312500 6.375000
v 15.812500 3.312500 6.375000
v 15.812500 2.687500 6.375000
v 15.500000 3.062500 6.375000
v 15.445873 3.031250 6.375000
v 15.445873 2.968750 6.375000
v 15.500000 2.937500 6.375000
v 15.554127 2.968750 6.375000
v 15.554127 3.031250 6.375000
v 15.445873 3.031250 6.500000
v 15.500000 3.062500 6.500000
v 15.445873 2.968750 6.500000
v 15.500000 2.937500 6.500000
v 15.554127 2.968750 6.500000
v 15.554127 3.031250 6.500000
v 15.310556 3.140625 6.437500
v 15.472937 3.234375 6.437500
v 15.310556 2.859375 6.437500
v 15.472937 2.765625 6.437500
v 15.716507 2.906250 6.437500
v 15.716507 3.093750 6.437500
v 15.445873 3.031250 6.437500
v 15.500000 3.062500 6.437500
v 15.445873 2.968750 6.437500
v 15.500000 2.937500 6.437500
v 15.554127 2.968750 6.437500
v 15.554127 3.031250 6.437500
v 15.437500 2.687500 6.500000
v 15.437500 3.312500 6.500000
v 15.375000 2.687500 6.500000
v 15.375000 3.312500 6.500000
v 15.312500 2.687500 6.500000
v 15.312500 3.312500 6.500000
v 15.250000 2.687500 6.500000
v 15.250000 3.312500 6.500000
v 15.750000 2.687500 6.500000
v 15.750000 3.312500 6.500000
v 15.687500 2.687500 6.500000
v 15.687500 3.312500 6.500000
v 15.625000 2.687500 6.500000
v 15.625000 3.312500 6.500000
v 15.562500 2.687500 6.500000
v 15.562500 3.312500 6.500000
v 14.750000 2.000000 6.312500
v 16.250000 2.000000 6.312500
v 14.750000 2.000000 5.812500
v 16.250000 2.000000 5.812500
v 14.750000 2.500000 6.312500
v 16.250000 2.500000 6.312500
v 14.750000 2.500000 5.812500
v 16.250000 2.500000 5.812500
v 15.875000 2.375000 5.812500
v 15.786612 2.338388 5.812500
v 15.750000 2.250000 5.812500
v 15.786612 2.161612 5.812500
v 15.875000 2.125000 5.812500
v 15.963388 2.161612 5.812500
v 16.000000 2.250000 5.812500
v 15.963388 2.338388 5.812500
v 15.875000 2.375000 5.062500
v 15.786612 2.338388 5.062500
v 15.750000 2.250000 5.062500
v 15.786612 2.161612 5.062500
v 15.875000 2.125000 5.062500
v 15.963388 2.161612 5.062500
v 16.000000 2.250000 5.062500
v 15.963388 2.338388 5.062500
v 15.125000 2.375000 5.812500
v 15.036612 2.338388 5.812500
v 15.000000 2.250000 5.812500
v 15.036612 2.161612 5.812500
v 15.125000 2.125000 5.812500
v 15.213388 2.161612 5.812500
v 15.250000 2.250000 5.812500
v 15.213388 2.338388 5.812500
v 15.125000 2.375000 5.062500
v 15.036612 2.338388 5.062500
v 15.000000 2.250000 5.062500
v 15.036612 2.161612 5.062500
v 15.125000 2.125000 5.062500
v 15.213388 2.161612 5.062500
v 15.250000 2.250000 5.062500
v 15.213388 2.338388 5.062500
v 14.750000 3.500000 6.312500
v 16.250000 3.500000 6.312500
v 14.750000 3.500000 5.812500
v 16.250000 3.500000 5.812500
v 14.500000 5.000000 3.625000
v 13.500000 5.000000 3.625000
v 14.750000 4.000000 5.812500
v 16.250000 4.000000 5.812500
v 15.875000 3.875000 5.812500
v 15.786612 3.838388 5.812500
v 15.750000 3.750000 5.812500
v 15.786612 3.661612 5.812500
v 15.875000 3.625000 5.812500
v 15.963388 3.661612 5.812500
v 16.000000 3.750000 5.812500
v 15.963388 3.838388 5.812500
v 15.875000 3.875000 5.062500
v 15.786612 3.838388 5.062500
v 15.750000 3.750000 5.062500
v 15.786612 3.661612 5.062500
v 15.875000 3.625000 5.062500
v 15.963388 3.661612 5.062500
v 16.000000 3.750000 5.062500
v 15.963388 3.838388 5.062500
v 15.125000 3.875000 5.812500
v 15.036612 3.838388 5.812500
v 15.000000 3.750000 5.812500
v 15.036612 3.661612 5.812500
v 15.125000 3.625000 5.812500
v 15.213388 3.661612 5.812500
v 15.250000 3.750000 5.812500
v 15.213388 3.838388 5.812500
v 15.125000 3.875000 5.062500
v 15.036612 3.838388 5.062500
v 15.000000 3.750000 5.062500
v 15.036612 3.661612 5.062500
v 15.125000 3.625000 5.062500
v 15.213388 3.661612 5.062500
v 15.250000 3.750000 5.062500
v 15.213388 3.838388 5.062500
v 14.750000 3.750000 6.312500
v 14.750000 4.000000 6.062500
v 16.250000 4.000000 6.062500
v 16.250000 3.750000 6.312500
v 13.625000 6.000000 6.250000
v 14.375000 6.000000 6.250000
v 14.375000 6.000000 3.750000
v 13.625000 6.000000 3.750000
v 14.250000 4.000000 4.625000
v 14.161612 4.000000 4.661612
v 14.125000 4.000000 4.750000
v 14.161612 4.000000 4.838388
v 14.250000 4.000000 4.875000
v 14.338388 4.000000 4.838388
v 14.375000 4.000000 4.750000
v 14.338388 4.000000 4.661612
v 14.250000 5.000000 4.625000
v 14.161612 5.000000 4.661612
v 14.125000 5.000000 4.750000
v 14.161612 5.000000 4.838388
v 14.250000 5.000000 4.875000
v 14.338388 5.000000 4.838388
v 14.375000 5.000000 4.750000
v 14.338388 5.000000 4.661612
v 14.250000 4.000000 3.625000
v 14.161612 4.000000 3.661612
v 14.125000 4.000000 3.750000
v 14.161612 4.000000 3.838388
v 14.250000 4.000000 3.875000
v 14.338388 4.000000 3.838388
v 14.375000 4.000000 3.750000
v 14.338388 4.000000 3.661612
v 14.250000 5.000000 3.625000
v 14.161612 5.000000 3.661612
v 14.125000 5.000000 3.750000
v 14.161612 5.000000 3.838388
v 14.250000 5.000000 3.875000
v 14.338388 5.000000 3.838388
v 14.375000 5.000000 3.750000
v 14.338388 5.000000 3.661612
v 14.161612 3.849112 3.724112
v 14.250000 3.823223 3.698223
v 14.161612 3.963388 4.625000
v 14.125000 3.875000 4.625000
v 14.161612 3.786612 4.625000
v 14.250000 3.750000 4.625000
v 14.338388 3.786612 4.625000
v 14.375000 3.875000 4.625000
v 14.338388 3.963388 4.625000
v 14.338388 3.974112 4.650888
v 14.375000 3.911612 4.713388
v 14.338388 3.849112 4.775888
v 14.250000 3.823223 4.801777
v 14.161612 3.849112 4.775888
v 14.125000 3.911612 4.713388
v 14.161612 3.974112 4.650888
v 14.125000 3.911612 3.786612
v 14.161612 3.974112 3.849112
v 14.338388 3.974112 3.849112
v 14.375000 3.911612 3.786612
v 14.338388 3.849112 3.724112
v 14.161612 3.786612 3.875000
v 14.250000 3.750000 3.875000
v 14.125000 3.875000 3.875000
v 14.161612 3.963388 3.875000
v 14.338388 3.963388 3.875000
v 14.375000 3.875000 3.875000
v 14.338388 3.786612 3.875000
v 14.000000 4.000000 4.625000
v 13.911612 4.000000 4.661612
v 13.875000 4.000000 4.750000
v 13.911612 4.000000 4.838388
v 14.000000 4.000000 4.875000
v 14.088388 4.000000 4.838388
v 14.125000 4.000000 4.750000
v 14.088388 4.000000 4.661612
v 14.000000 5.000000 4.625000
v 13.911612 5.000000 4.661612
v 13.875000 5.000000 4.750000
v 13.911612 5.000000 4.838388
v 14.000000 5.000000 4.875000
v 14.088388 5.000000 4.838388
v 14.125000 5.000000 4.750000
v 14.088388 5.000000 4.661612
v 14.000000 4.000000 3.625000
v 13.911612 4.000000 3.661612
v 13.875000 4.000000 3.750000
v 13.911612 4.000000 3.838388
v 14.000000 4.000000 3.875000
v 14.088388 4.000000 3.838388
v 14.125000 4.000000 3.750000
v 14.088388 4.000000 3.661612
v 14.000000 5.000000 3.625000
v 13.911612 5.000000 3.661612
v 13.875000 5.000000 3.750000
v 13.911612 5.000000 3.838388
v 14.000000 5.000000 3.875000
v 14.088388 5.000000 3.838388
v 14.125000 5.000000 3.750000
v 14.088388 5.000000 3.661612
v 13.911612 3.849112 3.724112
v 14.000000 3.823223 3.698223
v 13.911612 3.963388 4.625000
v 13.875000 3.875000 4.625000
v 13.911612 3.786612 4.625000
v 14.000000 3.750000 4.625000
v 14.088388 3.786612 4.625000
v 14.125000 3.875000 4.625000
v 14.088388 3.963388 4.625000
v 14.088388 3.974112 4.650888
v 14.125000 3.911612 4.713388
v 14.088388 3.849112 4.775888
v 14.000000 3.823223 4.801777
v 13.911612 3.849112 4.775888
v 13.875000 3.911612 4.713388
v 13.911612 3.974112 4.650888
v 13.875000 3.911612 3.786612
v 13.911612 3.974112 3.849112
v 14.088388 3.974112 3.849112
v 14.125000 3.911612 3.786612
v 14.088388 3.849112 3.724112
v 13.911612 3.786612 3.875000
v 14.000000 3.750000 3.875000
v 13.875000 3.875000 3.875000
v 13.911612 3.963388 3.875000
v 14.088388 3.963388 3.875000
v 14.125000 3.875000 3.875000
v 14.088388 3.786612 3.875000
v 13.750000 4.000000 4.625000
v 13.661612 4.000000 4.661612
v 13.625000 4.000000 4.750000
v 13.661612 4.000000 4.838388
v 13.750000 4.000000 4.875000
v 13.838388 4.000000 4.838388
v 13.875000 4.000000 4.750000
v 13.838388 4.000000 4.661612
v 13.750000 5.000000 4.625000
v 13.661612 5.000000 4.661612
v 13.625000 5.000000 4.750000
v 13.661612 5.000000 4.838388
v 13.750000 5.000000 4.875000
v 13.838388 5.000000 4.838388
v 13.875000 5.000000 4.750000
v 13.838388 5.000000 4.661612
v 13.750000 4.000000 3.625000
v 13.661612 4.000000 3.661612
v 13.625000 4.000000 3.750000
v 13.661612 4.000000 3.838388
v 13.750000 4.000000 3.875000
v 13.838388 4.000000 3.838388
v 13.875000 4.000000 3.750000
v 13.838388 4.000000 3.661612
v 13.750000 5.000000 3.625000
v 13.661612 5.000000 3.661612
v 13.625000 5.000000 3.750000
v 13.661612 5.000000 3.838388
v 13.750000 5.000000 3.875000
v 13.838388 5.000000 3.838388
v 13.875000 5.000000 3.750000
v 13.838388 5.000000 3.661612
v 13.661612 3.849112 3.724112
v 13.750000 3.823223 3.698223
v 13.661612 3.963388 4.625000
v 13.625000 3.875000 4.625000
v 13.661612 3.786612 4.625000
v 13.750000 3.750000 4.625000
v 13.838388 3.786612 4.625000
v 13.875000 3.875000 4.625000
v 13.838388 3.963388 4.625000
v 13.838388 3.974112 4.650888
v 13.875000 3.911612 4.713388
v 13.838388 3.849112 4.775888
v 13.750000 3.823223 4.801777
v 13.661612 3.849112 4.775888
v 13.625000 3.911612 4.713388
v 13.661612 3.974112 4.650888
v 13.625000 3.911612 3.786612
v 13.661612 3.974112 3.849112
v 13.838388 3.974112 3.849112
v 13.875000 3.911612 3.786612
v 13.838388 3.849112 3.724112
v 13.661612 3.786612 3.875000
v 13.750000 3.750000 3.875000
v 13.625000 3.875000 3.875000
v 13.661612 3.963388 3.875000
v 13.838388 3.963388 3.875000
v 13.875000 3.875000 3.875000
v 13.838388 3.786612 3.875000
v 14.000000 5.000000 3.875000
v 13.734835 5.000000 3.984835
v 13.625000 5.000000 4.250000
v 13.734835 5.000000 4.515165
v 14.000000 5.000000 4.625000
v 14.265165 5.000000 4.515165
v 14.375000 5.000000 4.250000
v 14.265165 5.000000 3.984835
v 14.000000 4.000000 3.875000
v 13.734835 4.000000 3.984835
v 13.625000 4.000000 4.250000
v 13.734835 4.000000 4.515165
v 14.000000 4.000000 4.625000
v 14.265165 4.000000 4.515165
v 14.375000 4.000000 4.250000
v 14.265165 4.000000 3.984835
v 13.500000 6.000000 6.375000
v 14.500000 6.000000 6.375000
v 14.500000 6.000000 3.625000
v 13.500000 6.000000 3.625000
v 13.625000 6.250000 6.250000
v 14.375000 6.250000 6.250000
v 14.375000 6.250000 3.750000
v 13.625000 6.250000 3.750000
v 13.968750 6.250000 6.125000
v 14.031250 6.250000 6.125000
v 13.968750 6.250000 3.875000
v 14.031250 6.250000 3.875000
v 13.968750 6.500000 3.875000
v 13.968750 6.500000 6.125000
v 14.031250 6.500000 6.125000
v 14.031250 6.500000 3.875000
v 14.093750 6.250000 6.125000
v 14.156250 6.250000 6.125000
v 14.093750 6.250000 3.875000
v 14.156250 6.250000 3.875000
v 14.093750 6.500000 3.875000
v 14.093750 6.500000 6.125000
v 14.156250 6.500000 6.125000
v 14.156250 6.500000 3.875000
v 14.218750 6.250000 6.125000
v 14.281250 6.250000 6.125000
v 14.218750 6.250000 3.875000
v 14.281250 6.250000 3.875000
v 14.218750 6.500000 3.875000
v 14.218750 6.500000 6.125000
v 14.281250 6.500000 6.125000
v 14.281250 6.500000 3.875000
v 13.718750 6.250000 6.125000
v 13.781250 6.250000 6.125000
v 13.718750 6.250000 3.875000
v 13.781250 6.250000 3.875000
v 13.718750 6.500000 3.875000
v 13.718750 6.500000 6.125000
v 13.781250 6.500000 6.125000
v 13.781250 6.500000 3.875000
v 13.843750 6.250000 6.125000
v 13.906250 6.250000 6.125000
v 13.843750 6.250000 3.875000
v 13.906250 6.250000 3.875000
v 13.843750 6.500000 3.875000
v 13.843750 6.500000 6.125000
v 13.906250 6.500000 6.125000
v 13.906250 6.500000 3.875000
v 13.750000 7.375000 6.062500
v 13.750000 7.375000 3.937500
v 14.250000 7.375000 3.937500
v 14.250000 7.375000 6.062500
v 13.625000 7.375000 6.250000
v 13.625000 7.375000 3.750000
v 14.375000 7.375000 3.750000
v 14.375000 7.375000 6.250000
v 13.625000 7.250000 6.250000
v 13.625000 7.250000 3.750000
v 14.375000 7.250000 3.750000
v 14.375000 7.250000 6.250000
v 13.625000 6.250000 3.750000
v 13.625000 6.250000 3.875000
v 13.750000 6.250000 3.750000
v 13.750000 6.250000 3.875000
v 13.625000 7.250000 3.750000
v 13.625000 7.250000 3.875000
v 13.750000 7.250000 3.750000
v 13.750000 7.250000 3.875000
v 14.250000 6.250000 3.750000
v 14.250000 6.250000 3.875000
v 14.375000 6.250000 3.750000
v 14.375000 6.250000 3.875000
v 14.250000 7.250000 3.750000
v 14.250000 7.250000 3.875000
v 14.375000 7.250000 3.750000
v 14.375000 7.250000 3.875000
v 13.625000 6.250000 6.125000
v 13.625000 6.250000 6.250000
v 13.750000 6.250000 6.125000
v 13.750000 6.250000 6.250000
v 13.625000 7.250000 6.125000
v 13.625000 7.250000 6.250000
v 13.750000 7.250000 6.125000
v 13.750000 7.250000 6.250000
v 14.250000 6.250000 6.125000
v 14.250000 6.250000 6.250000
v 14.375000 6.250000 6.125000
v 14.375000 6.250000 6.250000
v 14.250000 7.250000 6.125000
v 14.250000 7.250000 6.250000
v 14.375000 7.250000 6.125000
v 14.375000 7.250000 6.250000
v 13.625000 6.250000 4.812500
v 14.375000 6.250000 4.812500
v 13.750000 6.750000 4.875000
v 14.250000 6.750000 4.875000
v 13.625000 6.250000 5.187500
v 14.375000 6.250000 5.187500
v 13.750000 6.750000 5.125000
v 14.250000 6.750000 5.125000
v 13.625000 6.750000 4.812500
v 14.375000 6.750000 4.812500
v 13.625000 6.750000 5.187500
v 14.375000 6.750000 5.187500
v 13.750000 7.375000 4.875000
v 14.250000 7.375000 4.875000
v 13.750000 7.375000 5.125000
v 14.250000 7.375000 5.125000
v 15.875000 5.375000 5.562500
v 15.786612 5.338388 5.562500
v 15.750000 5.250000 5.562500
v 15.786612 5.161612 5.562500
v 15.875000 5.125000 5.562500
v 15.963388 5.161612 5.562500
v 16.000000 5.250000 5.562500
v 15.963388 5.338388 5.562500
v 15.875000 5.375000 5.062500
v 15.786612 5.338388 5.062500
v 15.750000 5.250000 5.062500
v 15.786612 5.161612 5.062500
v 15.875000 5.125000 5.062500
v 15.963388 5.161612 5.062500
v 16.000000 5.250000 5.062500
v 15.963388 5.338388 5.062500
v 15.125000 5.375000 5.562500
v 15.036612 5.338388 5.562500
v 15.000000 5.250000 5.562500
v 15.036612 5.161612 5.562500
v 15.125000 5.125000 5.562500
v 15.213388 5.161612 5.562500
v 15.250000 5.250000 5.562500
v 15.213388 5.338388 5.562500
v 15.125000 5.375000 5.062500
v 15.036612 5.338388 5.062500
v 15.000000 5.250000 5.062500
v 15.036612 5.161612 5.062500
v 15.125000 5.125000 5.062500
v 15.213388 5.161612 5.062500
v 15.250000 5.250000 5.062500
v 15.213388 5.338388 5.062500
v 14.750000 4.875000 5.562500
v 16.250000 4.875000 5.562500
v 14.750000 5.625000 5.562500
v 16.250000 5.625000 5.562500
v 14.750000 5.625000 6.312500
v 14.750000 4.875000 6.312500
v 16.250000 4.875000 6.312500
v 16.250000 5.625000 6.312500
v 15.687500 3.875000 5.937500
v 15.599112 3.875000 5.974112
v 15.562500 3.875000 6.062500
v 15.599112 3.875000 6.150888
v 15.687500 3.875000 6.187500
v 15.775888 3.875000 6.150888
v 15.812500 3.875000 6.062500
v 15.775888 3.875000 5.974112
v 15.687500 4.875000 5.937500
v 15.599112 4.875000 5.974112
v 15.562500 4.875000 6.062500
v 15.599112 4.875000 6.150888
v 15.687500 4.875000 6.187500
v 15.775888 4.875000 6.150888
v 15.812500 4.875000 6.062500
v 15.775888 4.875000 5.974112
v 16.062500 3.875000 5.937500
v 15.974112 3.875000 5.974112
v 15.937500 3.875000 6.062500
v 15.974112 3.875000 6.150888
v 16.062500 3.875000 6.187500
v 16.150888 3.875000 6.150888
v 16.187500 3.875000 6.062500
v 16.150888 3.875000 5.974112
v 16.062500 4.875000 5.937500
v 15.974112 4.875000 5.974112
v 15.937500 4.875000 6.062500
v 15.974112 4.875000 6.150888
v 16.062500 4.875000 6.187500
v 16.150888 4.875000 6.150888
v 16.187500 4.875000 6.062500
v 16.150888 4.875000 5.974112
v 14.937500 3.875000 5.937500
v 14.849112 3.875000 5.974112
v 14.812500 3.875000 6.062500
v 14.849112 3.875000 6.150888
v 14.937500 3.875000 6.187500
v 15.025888 3.875000 6.150888
v 15.062500 3.875000 6.062500
v 15.025888 3.875000 5.974112
v 14.937500 4.875000 5.937500
v 14.849112 4.875000 5.974112
v 14.812500 4.875000 6.062500
v 14.849112 4.875000 6.150888
v 14.937500 4.875000 6.187500
v 15.025888 4.875000 6.150888
v 15.062500 4.875000 6.062500
v 15.025888 4.875000 5.974112
v 15.312500 3.875000 5.937500
v 15.224112 3.875000 5.974112
v 15.187500 3.875000 6.062500
v 15.224112 3.875000 6.150888
v 15.312500 3.875000 6.187500
v 15.400888 3.875000 6.150888
v 15.437500 3.875000 6.062500
v 15.400888 3.875000 5.974112
v 15.312500 4.875000 5.937500
v 15.224112 4.875000 5.974112
v 15.187500 4.875000 6.062500
v 15.224112 4.875000 6.150888
v 15.312500 4.875000 6.187500
v 15.400888 4.875000 6.150888
v 15.437500 4.875000 6.062500
v 15.400888 4.875000 5.974112
v 16.000000 5.625000 5.500000
v 15.750000 5.625000 5.566987
v 15.566987 5.625000 5.750000
v 15.500000 5.625000 6.000000
v 15.566987 5.625000 6.250000
v 15.750000 5.625000 6.433013
v 16.000000 5.625000 6.500000
v 16.250000 5.625000 6.433013
v 16.433012 5.625000 6.250000
v 16.500000 5.625000 6.000000
v 16.433014 5.625000 5.750000
v 16.250000 5.625000 5.566988
v 15.750001 8.125000 5.566987
v 16.000000 8.125000 5.500000
v 15.566988 8.125000 5.750000
v 15.500001 8.125000 6.000000
v 15.566988 8.125000 6.250000
v 15.750001 8.125000 6.433013
v 16.000000 8.125000 6.500000
v 16.250000 8.125000 6.433013
v 16.433014 8.125000 6.250000
v 16.500000 8.125000 6.000000
v 16.433014 8.125000 5.750000
v 16.250000 8.125000 5.566988
v 15.000000 5.625000 5.500000
v 14.750000 5.625000 5.566987
v 14.566987 5.625000 5.750000
v 14.500000 5.625000 6.000000
v 14.566987 5.625000 6.250000
v 14.750000 5.625000 6.433013
v 15.000000 5.625000 6.500000
v 15.250000 5.625000 6.433013
v 15.433012 5.625000 6.250000
v 15.500000 5.625000 6.000000
v 15.433013 5.625000 5.750000
v 15.250000 5.625000 5.566988
v 14.750001 8.125000 5.566987
v 15.000001 8.125000 5.500000
v 14.566988 8.125000 5.750000
v 14.500001 8.125000 6.000000
v 14.566988 8.125000 6.250000
v 14.750001 8.125000 6.433013
v 15.000001 8.125000 6.500000
v 15.250001 8.125000 6.433013
v 15.433014 8.125000 6.250000
v 15.500001 8.125000 6.000000
v 15.433014 8.125000 5.750000
v 15.250001 8.125000 5.566988
v 13.625000 7.375000 3.750000
v 13.625000 7.375000 3.875000
v 13.750000 7.375000 3.750000
v 13.750000 7.375000 3.875000
v 13.625000 7.625000 3.750000
v 13.625000 7.625000 3.875000
v 13.750000 7.625000 3.750000
v 13.750000 7.625000 3.875000
v 14.250000 7.375000 3.750000
v 14.250000 7.375000 3.875000
v 14.375000 7.375000 3.750000
v 14.375000 7.375000 3.875000
v 14.250000 7.625000 3.750000
v 14.250000 7.625000 3.875000
v 14.375000 7.625000 3.750000
v 14.375000 7.625000 3.875000
v 13.625000 7.375000 6.125000
v 13.625000 7.375000 6.250000
v 13.750000 7.375000 6.125000
v 13.750000 7.375000 6.250000
v 13.625000 7.625000 6.125000
v 13.625000 7.625000 6.250000
v 13.750000 7.625000 6.125000
v 13.750000 7.625000 6.250000
v 14.250000 7.375000 6.125000
v 14.250000 7.375000 6.250000
v 14.375000 7.375000 6.125000
v 14.375000 7.375000 6.250000
v 14.250000 7.625000 6.125000
v 14.250000 7.625000 6.250000
v 14.375000 7.625000 6.125000
v 14.375000 7.625000 6.250000
v 13.500000 7.625000 6.375000
v 14.500000 7.625000 6.375000
v 13.500000 7.625000 3.625000
v 14.500000 7.625000 3.625000
v 13.625000 8.625000 3.750000
v 13.625000 8.625000 6.250000
v 14.375000 8.625000 6.250000
v 14.375000 8.625000 3.750000
v 14.000000 8.500000 3.625000
v 13.812500 8.449759 3.625000
v 13.675241 8.312500 3.625000
v 13.625000 8.125000 3.625000
v 13.675241 7.937500 3.625000
v 13.812500 7.800241 3.625000
v 14.000000 7.750000 3.625000
v 14.187500 7.800241 3.625000
v 14.324759 7.937500 3.625000
v 14.375000 8.125000 3.625000
v 14.324759 8.312500 3.625000
v 14.187500 8.449759 3.625000
v 13.844852 8.393723 3.500000
v 14.000000 8.435295 3.500000
v 13.731277 8.280148 3.500000
v 13.689705 8.125000 3.500000
v 13.731277 7.969852 3.500000
v 13.844852 7.856277 3.500000
v 14.000000 7.814705 3.500000
v 14.155148 7.856277 3.500000
v 14.268723 7.969852 3.500000
v 14.310295 8.125000 3.500000
v 14.268723 8.280148 3.500000
v 14.155148 8.393723 3.500000
v 13.812500 8.449759 3.500000
v 14.000000 8.500000 3.500000
v 13.675241 8.312500 3.500000
v 13.625000 8.125000 3.500000
v 13.675241 7.937500 3.500000
v 13.812500 7.800241 3.500000
v 14.000000 7.750000 3.500000
v 14.187500 7.800241 3.500000
v 14.324759 7.937500 3.500000
v 14.375000 8.125000 3.500000
v 14.324759 8.312500 3.500000
v 14.187500 8.449759 3.500000
v 13.844852 8.393723 3.625000
v 14.000000 8.435295 3.625000
v 13.731277 8.280148 3.625000
v 13.689705 8.125000 3.625000
v 13.731277 7.969852 3.625000
v 13.844852 7.856277 3.625000
v 14.000000 7.814705 3.625000
v 14.155148 7.856277 3.625000
v 14.268723 7.969852 3.625000
v 14.310295 8.125000 3.625000
v 14.268723 8.280148 3.625000
v 14.155148 8.393723 3.625000
v 14.000000 8.500000 6.500000
v 13.812500 8.449759 6.500000
v 13.675241 8.312500 6.500000
v 13.625000 8.125000 6.500000
v 13.675241 7.937500 6.500000
v 13.812500 7.800241 6.500000
v 14.000000 7.750000 6.500000
v 14.187500 7.800241 6.500000
v 14.324759 7.937500 6.500000
v 14.375000 8.125000 6.500000
v 14.324759 8.312500 6.500000
v 14.187500 8.449759 6.500000
v 13.844852 8.393723 6.375000
v 14.000000 8.435295 6.375000
v 13.731277 8.280148 6.375000
v 13.689705 8.125000 6.375000
v 13.731277 7.969852 6.375000
v 13.844852 7.856277 6.375000
v 14.000000 7.814705 6.375000
v 14.155148 7.856277 6.375000
v 14.268723 7.969852 6.375000
v 14.310295 8.125000 6.375000
v 14.268723 8.280148 6.375000
v 14.155148 8.393723 6.375000
v 13.812500 8.449759 6.375000
v 14.000000 8.500000 6.375000
v 13.675241 8.312500 6.375000
v 13.625000 8.125000 6.375000
v 13.675241 7.937500 6.375000
v 13.812500 7.800241 6.375000
v 14.000000 7.750000 6.375000
v 14.187500 7.800241 6.375000
v 14.324759 7.937500 6.375000
v 14.375000 8.125000 6.375000
v 14.324759 8.312500 6.375000
v 14.187500 8.449759 6.375000
v 13.844852 8.393723 6.500000
v 14.000000 8.435295 6.500000
v 13.731277 8.280148 6.500000
v 13.689705 8.125000 6.500000
v 13.731277 7.969852 6.500000
v 13.844852 7.856277 6.500000
v 14.000000 7.814705 6.500000
v 14.155148 7.856277 6.500000
v 14.268723 7.969852 6.500000
v 14.310295 8.125000 6.500000
v 14.268723 8.280148 6.500000
v 14.155148 8.393723 6.500000
v 14.000000 8.375000 3.625000
v 13.875000 8.341507 3.625000
v 13.783493 8.250000 3.625000
v 13.750000 8.125000 3.625000
v 13.783493 8.000000 3.625000
v 13.875000 7.908494 3.625000
v 14.000000 7.875000 3.625000
v 14.125000 7.908494 3.625000
v 14.216507 8.000000 3.625000
v 14.250000 8.125000 3.625000
v 14.216507 8.250000 3.625000
v 14.125000 8.341506 3.625000
v 13.906250 8.287380 3.500000
v 14.000000 8.312500 3.500000
v 13.837620 8.218750 3.500000
v 13.812500 8.125000 3.500000
v 13.837620 8.031250 3.500000
v 13.906250 7.962620 3.500000
v 14.000000 7.937500 3.500000
v 14.093750 7.962620 3.500000
v 14.162380 8.031250 3.500000
v 14.187500 8.125000 3.500000
v 14.162380 8.218750 3.500000
v 14.093750 8.287379 3.500000
v 14.000000 8.375000 6.375000
v 14.125000 8.341507 6.375000
v 14.216507 8.250000 6.375000
v 14.250000 8.125000 6.375000
v 14.216507 8.000000 6.375000
v 14.125000 7.908494 6.375000
v 14.000000 7.875000 6.375000
v 13.875000 7.908494 6.375000
v 13.783494 8.000000 6.375000
v 13.750000 8.125000 6.375000
v 13.783494 8.250000 6.375000
v 13.875000 8.341506 6.375000
v 14.093750 8.287380 6.500000
v 14.000000 8.312500 6.500000
v 14.162380 8.218750 6.500000
v 14.187500 8.125000 6.500000
v 14.162380 8.031250 6.500000
v 14.093750 7.962620 6.500000
v 14.000000 7.937500 6.500000
v 13.906250 7.962620 6.500000
v 13.837621 8.031250 6.500000
v 13.812500 8.125000 6.500000
v 13.837620 8.218750 6.500000
v 13.906250 8.287379 6.500000
v 14.875001 8.125000 6.250000
v 15.125001 8.125000 6.250000
v 14.875001 8.125000 5.750000
v 15.125001 8.125000 5.750000
v 14.875001 8.625000 6.250000
v 15.125001 8.625000 6.250000
v 14.875001 8.625000 5.750000
v 15.125001 8.625000 5.750000
v 15.875001 8.125000 6.250000
v 16.125000 8.125000 6.250000
v 15.875001 8.125000 5.750000
v 16.125000 8.125000 5.750000
v 15.875001 8.625000 6.250000
v 16.125000 8.625000 6.250000
v 15.875001 8.625000 5.750000
v 16.125000 8.625000 5.750000
v 14.875001 8.375000 6.000000
v 14.875001 8.463388 6.036612
v 14.875001 8.500000 6.125000
v 14.875001 8.463388 6.213388
v 14.875001 8.375000 6.250000
v 14.875001 8.286612 6.213388
v 14.875001 8.250000 6.125000
v 14.875001 8.286612 6.036612
v 14.500001 8.375000 6.000000
v 14.500001 8.463388 6.036612
v 14.500001 8.500000 6.125000
v 14.500001 8.463388 6.213388
v 14.500001 8.375000 6.250000
v 14.500001 8.286612 6.213388
v 14.500001 8.250000 6.125000
v 14.500001 8.286612 6.036612
v 15.875001 8.375000 6.000000
v 15.875001 8.463388 6.036612
v 15.875001 8.500000 6.125000
v 15.875001 8.463388 6.213388
v 15.875001 8.375000 6.250000
v 15.875001 8.286612 6.213388
v 15.875001 8.250000 6.125000
v 15.875001 8.286612 6.036612
v 15.125001 8.375000 6.000000
v 15.125001 8.463388 6.036612
v 15.125001 8.500000 6.125000
v 15.125001 8.463388 6.213388
v 15.125001 8.375000 6.250000
v 15.125001 8.286612 6.213388
v 15.125001 8.250000 6.125000
v 15.125001 8.286612 6.036612
v 15.875001 8.375000 5.750000
v 15.875001 8.463388 5.786612
v 15.875001 8.500000 5.875000
v 15.875001 8.463388 5.963388
v 15.875001 8.375000 6.000000
v 15.875001 8.286612 5.963388
v 15.875001 8.250000 5.875000
v 15.875001 8.286612 5.786612
v 15.625001 8.375000 5.750000
v 15.625001 8.463388 5.786612
v 15.625001 8.500000 5.875000
v 15.625001 8.463388 5.963388
v 15.625001 8.375000 6.000000
v 15.625001 8.286612 5.963388
v 15.625001 8.250000 5.875000
v 15.625001 8.286612 5.786612
v 15.599113 8.463388 5.775888
v 15.536613 8.500000 5.838388
v 15.474113 8.463388 5.900888
v 15.448224 8.375000 5.926777
v 15.474113 8.286612 5.900888
v 15.536613 8.250000 5.838388
v 15.599113 8.286612 5.775888
v 15.588389 8.463388 5.750000
v 15.500001 8.500000 5.750000
v 15.411613 8.463388 5.750000
v 15.375001 8.375000 5.750000
v 15.411613 8.286612 5.750000
v 15.500001 8.250000 5.750000
v 15.588389 8.286612 5.750000
v 15.625001 8.375000 4.750000
v 15.588389 8.463388 4.750000
v 15.500001 8.500000 4.750000
v 15.411613 8.463388 4.750000
v 15.375001 8.375000 4.750000
v 15.411613 8.286612 4.750000
v 15.500001 8.250000 4.750000
v 15.588389 8.286612 4.750000
v 15.250000 8.000000 4.750000
v 15.750000 8.000000 4.750000
v 15.250000 8.000000 4.250000
v 15.750000 8.000000 4.250000
v 15.250000 8.750000 4.250000
v 15.250000 8.750000 4.750000
v 15.750000 8.750000 4.750000
v 15.750000 8.750000 4.250000
v 14.875001 8.375000 5.750000
v 14.875001 8.463388 5.786612
v 14.875001 8.500000 5.875000
v 14.875001 8.463388 5.963388
v 14.875001 8.375000 6.000000
v 14.875001 8.286612 5.963388
v 14.875001 8.250000 5.875000
v 14.875001 8.286612 5.786612
v 14.849113 8.463388 5.775888
v 14.786613 8.500000 5.838388
v 14.724113 8.463388 5.900888
v 14.698224 8.375000 5.926777
v 14.724113 8.286612 5.900888
v 14.786613 8.250000 5.838388
v 14.849113 8.286612 5.775888
v 14.838389 8.463388 5.750000
v 14.750001 8.500000 5.750000
v 14.661613 8.463388 5.750000
v 14.625001 8.375000 5.750000
v 14.661613 8.286612 5.750000
v 14.750001 8.250000 5.750000
v 14.838389 8.286612 5.750000
v 14.875001 8.375000 5.000000
v 14.838389 8.463388 5.000000
v 14.750001 8.500000 5.000000
v 14.661613 8.463388 5.000000
v 14.625001 8.375000 5.000000
v 14.661613 8.286612 5.000000
v 14.750001 8.250000 5.000000
v 14.838389 8.286612 5.000000
v 15.250000 8.375000 4.375000
v 15.250000 8.463388 4.411612
v 15.250000 8.500000 4.500000
v 15.250000 8.463388 4.588388
v 15.250000 8.375000 4.625000
v 15.250000 8.286612 4.588388
v 15.250000 8.250000 4.500000
v 15.250000 8.286612 4.411612
v 14.500000 8.375000 4.375000
v 14.500000 8.463388 4.411612
v 14.500000 8.500000 4.500000
v 14.500000 8.463388 4.588388
v 14.500000 8.375000 4.625000
v 14.500000 8.286612 4.588388
v 14.500000 8.250000 4.500000
v 14.500000 8.286612 4.411612
v 14.801777 8.375000 4.823223
v 14.775889 8.463388 4.849112
v 14.713389 8.500000 4.911612
v 14.650889 8.463388 4.974112
v 14.650889 8.286612 4.974112
v 14.713389 8.250000 4.911612
v 14.775889 8.286612 4.849112
v 14.625001 8.375000 4.750000
v 14.625001 8.463388 4.786612
v 14.625001 8.500000 4.875000
v 14.625001 8.463388 4.963388
v 14.625001 8.286612 4.963388
v 14.625001 8.250000 4.875000
v 14.625001 8.286612 4.786612
v 14.500001 8.375000 5.000000
v 14.500001 8.375000 4.750000
v 14.500001 8.463388 4.786612
v 14.500001 8.500000 4.875000
v 14.500001 8.463388 4.963388
v 14.500001 8.286612 4.963388
v 14.500001 8.250000 4.875000
v 14.500001 8.286612 4.786612
v 15.625001 8.375000 4.250000
v 15.588389 8.463388 4.250000
v 15.500001 8.500000 4.250000
v 15.411613 8.463388 4.250000
v 15.375001 8.375000 4.250000
v 15.411613 8.286612 4.250000
v 15.500001 8.250000 4.250000
v 15.588389 8.286612 4.250000
v 15.625001 8.375000 4.000000
v 15.588389 8.463388 4.000000
v 15.500001 8.500000 4.000000
v 15.411613 8.463388 4.000000
v 15.375001 8.375000 4.000000
v 15.411613 8.286612 4.000000
v 15.500001 8.250000 4.000000
v 15.588389 8.286612 4.000000
v 15.551778 8.375000 3.823223
v 15.525889 8.463388 3.849112
v 15.463389 8.500000 3.911612
v 15.400889 8.463388 3.974112
v 15.400889 8.286612 3.974112
v 15.463389 8.250000 3.911612
v 15.525889 8.286612 3.849112
v 15.375001 8.375000 3.750000
v 15.375001 8.463388 3.786612
v 15.375001 8.500000 3.875000
v 15.375001 8.463388 3.963388
v 15.375001 8.286612 3.963388
v 15.375001 8.250000 3.875000
v 15.375001 8.286612 3.786612
v 14.500001 8.375000 4.000000
v 14.500001 8.375000 3.750000
v 14.500001 8.463388 3.786612
v 14.500001 8.500000 3.875000
v 14.500001 8.463388 3.963388
v 14.500001 8.286612 3.963388
v 14.500001 8.250000 3.875000
v 14.500001 8.286612 3.786612
v 13.500000 8.625000 3.625000
v 13.500000 8.625000 6.375000
v 14.500000 8.625000 6.375000
v 14.500000 8.625000 3.625000
v 13.625000 8.750000 3.750000
v 13.625000 8.750000 6.250000
v 14.375000 8.750000 6.250000
v 14.375000 8.750000 3.750000
v 11.375000 0.000000 6.250000
v 11.375000 0.000000 3.750000
v 11.500000 0.000000 3.750000
v 11.500000 0.000000 6.250000
v 11.500000 0.000000 6.500000
v 11.500000 0.000000 6.250000
v 11.250000 0.000000 6.500000
v 11.250000 0.000000 6.250000
v 11.500000 0.250000 6.500000
v 11.500000 0.250000 6.250000
v 11.250000 0.250000 6.500000
v 11.250000 0.250000 6.250000
v 11.500000 0.000000 3.750000
v 11.500000 0.000000 3.500000
v 11.250000 0.000000 3.750000
v 11.250000 0.000000 3.500000
v 11.500000 0.250000 3.750000
v 11.500000 0.250000 3.500000
v 11.250000 0.250000 3.750000
v 11.250000 0.250000 3.500000
v 8.750000 0.000000 6.500000
v 8.750000 0.000000 6.250000
v 8.500000 0.000000 6.500000
v 8.500000 0.000000 6.250000
v 8.750000 0.250000 6.500000
v 8.750000 0.250000 6.250000
v 8.500000 0.250000 6.500000
v 8.500000 0.250000 6.250000
v 8.750000 0.000000 3.750000
v 8.750000 0.000000 3.500000
v 8.500000 0.000000 3.750000
v 8.500000 0.000000 3.500000
v 8.750000 0.250000 3.750000
v 8.750000 0.250000 3.500000
v 8.500000 0.250000 3.750000
v 8.500000 0.250000 3.500000
v 11.375000 0.125000 6.250000
v 11.375000 0.125000 3.750000
v 11.500000 0.125000 3.750000
v 11.500000 0.125000 6.250000
v 8.625000 0.000000 3.750000
v 8.625000 0.000000 6.250000
v 8.500000 0.000000 6.250000
v 8.500000 0.000000 3.750000
v 8.625000 0.125000 3.750000
v 8.625000 0.125000 6.250000
v 8.500000 0.125000 6.250000
v 8.500000 0.125000 3.750000
v 11.250000 0.000000 3.625000
v 8.750000 0.000000 3.625000
v 8.750000 0.000000 3.500000
v 11.250000 0.000000 3.500000
v 11.250000 0.125000 3.625000
v 8.750000 0.125000 3.625000
v 8.750000 0.125000 3.500000
v 11.250000 0.125000 3.500000
v 8.750000 0.000000 6.375000
v 11.250000 0.000000 6.375000
v 11.250000 0.000000 6.500000
v 8.750000 0.000000 6.500000
v 8.750000 0.125000 6.375000
v 11.250000 0.125000 6.375000
v 11.250000 0.125000 6.500000
v 8.750000 0.125000 6.500000
v 11.500000 0.250000 3.500000
v 11.375000 0.250000 3.500000
v 11.500000 8.750000 3.500000
v 11.375000 8.750000 3.500000
v 11.500000 0.250000 3.625000
v 11.375000 0.250000 3.625000
v 11.500000 8.750000 3.625000
v 11.375000 8.750000 3.625000
v 11.500000 8.750000 6.500000
v 11.500000 8.750000 6.250000
v 11.250000 8.750000 6.500000
v 11.250000 8.750000 6.250000
v 11.500000 9.000000 6.500000
v 11.500000 9.000000 6.250000
v 11.250000 9.000000 6.500000
v 11.250000 9.000000 6.250000
v 11.500000 8.750000 3.750000
v 11.500000 8.750000 3.500000
v 11.250000 8.750000 3.750000
v 11.250000 8.750000 3.500000
v 11.500000 9.000000 3.750000
v 11.500000 9.000000 3.500000
v 11.250000 9.000000 3.750000
v 11.250000 9.000000 3.500000
v 8.750000 8.750000 6.500000
v 8.750000 8.750000 6.250000
v 8.500000 8.750000 6.500000
v 8.500000 8.750000 6.250000
v 8.750000 9.000000 6.500000
v 8.750000 9.000000 6.250000
v 8.500000 9.000000 6.500000
v 8.500000 9.000000 6.250000
v 8.750000 8.750000 3.750000
v 8.750000 8.750000 3.500000
v 8.500000 8.750000 3.750000
v 8.500000 8.750000 3.500000
v 8.750000 9.000000 3.750000
v 8.750000 9.000000 3.500000
v 8.500000 9.000000 3.750000
v 8.500000 9.000000 3.500000
v 8.625000 0.250000 3.500000
v 8.500000 0.250000 3.500000
v 8.625000 8.750000 3.500000
v 8.500000 8.750000 3.500000
v 8.625000 0.250000 3.625000
v 8.500000 0.250000 3.625000
v 8.625000 8.750000 3.625000
v 8.500000 8.750000 3.625000
v 11.500000 0.250000 6.375000
v 11.375000 0.250000 6.375000
v 11.500000 8.750000 6.375000
v 11.375000 8.750000 6.375000
v 11.500000 0.250000 6.500000
v 11.375000 0.250000 6.500000
v 11.500000 8.750000 6.500000
v 11.375000 8.750000 6.500000
v 8.625000 0.250000 6.375000
v 8.500000 0.250000 6.375000
v 8.625000 8.750000 6.375000
v 8.500000 8.750000 6.375000
v 8.625000 0.250000 6.500000
v 8.500000 0.250000 6.500000
v 8.625000 8.750000 6.500000
v 8.500000 8.750000 6.500000
v 11.375000 8.875000 6.250000
v 11.375000 8.875000 3.750000
v 11.500000 8.875000 3.750000
v 11.500000 8.875000 6.250000
v 11.375000 9.000000 6.250000
v 11.375000 9.000000 3.750000
v 11.500000 9.000000 3.750000
v 11.500000 9.000000 6.250000
v 8.625000 8.875000 3.750000
v 8.625000 8.875000 6.250000
v 8.500000 8.875000 6.250000
v 8.500000 8.875000 3.750000
v 8.625000 9.000000 3.750000
v 8.625000 9.000000 6.250000
v 8.500000 9.000000 6.250000
v 8.500000 9.000000 3.750000
v 11.250000 8.875000 3.625000
v 8.750000 8.875000 3.625000
v 8.750000 8.875000 3.500000
v 11.250000 8.875000 3.500000
v 11.250000 9.000000 3.625000
v 8.750000 9.000000 3.625000
v 8.750000 9.000000 3.500000
v 11.250000 9.000000 3.500000
v 8.750000 8.875000 6.375000
v 11.250000 8.875000 6.375000
v 11.250000 8.875000 6.500000
v 8.750000 8.875000 6.500000
v 8.750000 9.000000 6.375000
v 11.250000 9.000000 6.375000
v 11.250000 9.000000 6.500000
v 8.750000 9.000000 6.500000
v 9.875000 0.125000 6.500000
v 10.125000 0.125000 6.500000
v 9.875000 0.125000 3.500000
v 10.125000 0.125000 3.500000
v 9.875000 0.250000 3.500000
v 9.875000 0.250000 6.500000
v 10.125000 0.250000 6.500000
v 10.125000 0.250000 3.500000
v 10.875000 0.125000 6.500000
v 11.125000 0.125000 6.500000
v 10.875000 0.125000 3.500000
v 11.125000 0.125000 3.500000
v 10.875000 0.250000 3.500000
v 10.875000 0.250000 6.500000
v 11.125000 0.250000 6.500000
v 11.125000 0.250000 3.500000
v 8.875000 0.125000 6.500000
v 9.125000 0.125000 6.500000
v 8.875000 0.125000 3.500000
v 9.125000 0.125000 3.500000
v 8.875000 0.250000 3.500000
v 8.875000 0.250000 6.500000
v 9.125000 0.250000 6.500000
v 9.125000 0.250000 3.500000
v 8.750000 0.250000 6.250000
v 11.250000 0.250000 6.250000
v 8.750000 0.250000 3.750000
v 11.250000 0.250000 3.750000
v 8.750000 1.000000 3.750000
v 8.750000 1.000000 6.250000
v 11.250000 1.000000 6.250000
v 11.250000 1.000000 3.750000
v 11.000000 2.000000 3.500000
v 10.750000 2.000000 3.566987
v 10.566987 2.000000 3.750000
v 10.500000 2.000000 4.000000
v 10.566987 2.000000 4.250000
v 10.750000 2.000000 4.433013
v 11.000000 2.000000 4.500000
v 11.250000 2.000000 4.433013
v 11.433012 2.000000 4.250000
v 11.500000 2.000000 4.000000
v 11.433013 2.000000 3.750000
v 11.250000 2.000000 3.566988
v 10.750000 4.000000 3.566987
v 11.000000 4.000000 3.500000
v 10.566987 4.000000 3.750000
v 10.500000 4.000000 4.000000
v 10.566987 4.000000 4.250000
v 10.750000 4.000000 4.433013
v 11.000000 4.000000 4.500000
v 11.250000 4.000000 4.433013
v 11.433012 4.000000 4.250000
v 11.500000 4.000000 4.000000
v 11.433013 4.000000 3.750000
v 11.250000 4.000000 3.566988
v 11.000000 2.500000 3.500000
v 10.750000 2.500000 3.566987
v 11.250000 2.500000 3.566988
v 10.750000 3.500000 3.566987
v 11.000000 3.500000 3.500000
v 11.250000 3.500000 3.566988
v 11.000000 2.125000 3.625000
v 10.812500 2.125000 3.675241
v 10.675241 2.125000 3.812500
v 10.625000 2.125000 4.000000
v 10.675241 2.125000 4.187500
v 10.812500 2.125000 4.324759
v 11.000000 2.125000 4.375000
v 11.187500 2.125000 4.324759
v 11.324759 2.125000 4.187500
v 11.375000 2.125000 4.000000
v 11.324759 2.125000 3.812500
v 11.187500 2.125000 3.675241
v 11.000000 2.500000 3.625000
v 10.812500 2.500000 3.675241
v 11.187500 2.500000 3.675241
v 11.000000 3.875000 3.625000
v 10.812500 3.875000 3.675241
v 10.675241 3.875000 3.812500
v 10.625000 3.875000 4.000000
v 10.675241 3.875000 4.187500
v 10.812500 3.875000 4.324759
v 11.000000 3.875000 4.375000
v 11.187500 3.875000 4.324759
v 11.324759 3.875000 4.187500
v 11.375000 3.875000 4.000000
v 11.324759 3.875000 3.812500
v 11.187500 3.875000 3.675241
v 11.000000 3.500000 3.625000
v 10.812500 3.500000 3.675241
v 11.187500 3.500000 3.675241
v 11.000000 3.750000 3.625000
v 10.812500 3.750000 3.675241
v 10.675241 3.750000 3.812500
v 10.625000 3.750000 4.000000
v 10.675241 3.750000 4.187500
v 10.812500 3.750000 4.324759
v 11.000000 3.750000 4.375000
v 11.187500 3.750000 4.324759
v 11.324759 3.750000 4.187500
v 11.375000 3.750000 4.000000
v 11.324759 3.750000 3.812500
v 11.187500 3.750000 3.675241
v 10.812500 3.500000 3.675241
v 11.000000 3.500000 3.625000
v 10.675241 3.500000 3.812500
v 10.625000 3.500000 4.000000
v 10.675241 3.500000 4.187500
v 10.812500 3.500000 4.324759
v 11.000000 3.500000 4.375000
v 11.187500 3.500000 4.324759
v 11.324759 3.500000 4.187500
v 11.375000 3.500000 4.000000
v 11.324759 3.500000 3.812500
v 11.187500 3.500000 3.675241
v 11.000000 3.750000 3.875000
v 10.937500 3.750000 3.891747
v 10.891747 3.750000 3.937500
v 10.875000 3.750000 4.000000
v 10.891747 3.750000 4.062500
v 10.937500 3.750000 4.108253
v 11.000000 3.750000 4.125000
v 11.062500 3.750000 4.108253
v 11.108253 3.750000 4.062500
v 11.125000 3.750000 4.000000
v 11.108253 3.750000 3.937500
v 11.062500 3.750000 3.891747
v 11.000000 4.875000 3.875000
v 10.937500 4.875000 3.891747
v 10.891747 4.875000 3.937500
v 10.875000 4.875000 4.000000
v 10.891747 4.875000 4.062500
v 10.937500 4.875000 4.108253
v 11.000000 4.875000 4.125000
v 11.062500 4.875000 4.108253
v 11.108253 4.875000 4.062500
v 11.125000 4.875000 4.000000
v 11.108253 4.875000 3.937500
v 11.062500 4.875000 3.891747
v 11.000000 4.000000 3.625000
v 10.812500 4.000000 3.675241
v 10.675241 4.000000 3.812500
v 10.625000 4.000000 4.000000
v 10.675241 4.000000 4.187500
v 10.812500 4.000000 4.324759
v 11.000000 4.000000 4.375000
v 11.187500 4.000000 4.324759
v 11.324759 4.000000 4.187500
v 11.375000 4.000000 4.000000
v 11.324759 4.000000 3.812500
v 11.187500 4.000000 3.675241
v 11.000000 4.250000 3.625000
v 10.812500 4.250000 3.675241
v 10.675241 4.250000 3.812500
v 10.625000 4.250000 4.000000
v 10.675241 4.250000 4.187500
v 10.812500 4.250000 4.324759
v 11.000000 4.250000 4.375000
v 11.187500 4.250000 4.324759
v 11.324759 4.250000 4.187500
v 11.375000 4.250000 4.000000
v 11.324759 4.250000 3.812500
v 11.187500 4.250000 3.675241
v 11.000000 4.375000 3.750000
v 10.875000 4.375000 3.783494
v 10.783494 4.375000 3.875000
v 10.750000 4.375000 4.000000
v 10.783494 4.375000 4.125000
v 10.875000 4.375000 4.216506
v 11.000000 4.375000 4.250000
v 11.125000 4.375000 4.216506
v 11.216506 4.375000 4.125000
v 11.250000 4.375000 4.000000
v 11.216506 4.375000 3.875000
v 11.125000 4.375000 3.783494
v 11.187500 4.750000 3.675241
v 11.324759 4.750000 3.812500
v 11.375000 4.750000 4.000000
v 11.324759 4.750000 4.187500
v 11.187500 4.750000 4.324759
v 11.000000 4.750000 4.375000
v 10.812500 4.750000 4.324759
v 10.675241 4.750000 4.187500
v 10.625000 4.750000 4.000000
v 10.675241 4.750000 3.812500
v 10.812500 4.750000 3.675241
v 11.000000 4.750000 3.625000
v 11.000000 5.000000 3.500000
v 10.750000 5.000000 3.566987
v 10.566987 5.000000 3.750000
v 10.500000 5.000000 4.000000
v 10.566987 5.000000 4.250000
v 10.750000 5.000000 4.433013
v 11.000000 5.000000 4.500000
v 11.250000 5.000000 4.433013
v 11.433012 5.000000 4.250000
v 11.500000 5.000000 4.000000
v 11.433013 5.000000 3.750000
v 11.250000 5.000000 3.566988
v 10.750000 7.000000 3.566987
v 11.000000 7.000000 3.500000
v 10.566987 7.000000 3.750000
v 10.500000 7.000000 4.000000
v 10.566987 7.000000 4.250000
v 10.750000 7.000000 4.433013
v 11.000000 7.000000 4.500000
v 11.250000 7.000000 4.433013
v 11.433012 7.000000 4.250000
v 11.500000 7.000000 4.000000
v 11.433013 7.000000 3.750000
v 11.250000 7.000000 3.566988
v 11.000000 5.500000 3.500000
v 10.750000 5.500000 3.566987
v 11.250000 5.500000 3.566988
v 10.750000 6.500000 3.566987
v 11.000000 6.500000 3.500000
v 11.250000 6.500000 3.566988
v 11.000000 5.125000 3.625000
v 10.812500 5.125000 3.675241
v 10.675241 5.125000 3.812500
v 10.625000 5.125000 4.000000
v 10.675241 5.125000 4.187500
v 10.812500 5.125000 4.324759
v 11.000000 5.125000 4.375000
v 11.187500 5.125000 4.324759
v 11.324759 5.125000 4.187500
v 11.375000 5.125000 4.000000
v 11.324759 5.125000 3.812500
v 11.187500 5.125000 3.675241
v 11.000000 5.500000 3.625000
v 10.812500 5.500000 3.675241
v 11.187500 5.500000 3.675241
v 11.000000 6.875000 3.625000
v 10.812500 6.875000 3.675241
v 10.675241 6.875000 3.812500
v 10.625000 6.875000 4.000000
v 10.675241 6.875000 4.187500
v 10.812500 6.875000 4.324759
v 11.000000 6.875000 4.375000
v 11.187500 6.875000 4.324759
v 11.324759 6.875000 4.187500
v 11.375000 6.875000 4.000000
v 11.324759 6.875000 3.812500
v 11.187500 6.875000 3.675241
v 11.000000 6.500000 3.625000
v 10.812500 6.500000 3.675241
v 11.187500 6.500000 3.675241
v 11.000000 6.750000 3.625000
v 10.812500 6.750000 3.675241
v 10.675241 6.750000 3.812500
v 10.625000 6.750000 4.000000
v 10.675241 6.750000 4.187500
v 10.812500 6.750000 4.324759
v 11.000000 6.750000 4.375000
v 11.187500 6.750000 4.324759
v 11.324759 6.750000 4.187500
v 11.375000 6.750000 4.000000
v 11.324759 6.750000 3.812500
v 11.187500 6.750000 3.675241
v 10.812500 6.500000 3.675241
v 11.000000 6.500000 3.625000
v 10.675241 6.500000 3.812500
v 10.625000 6.500000 4.000000
v 10.675241 6.500000 4.187500
v 10.812500 6.500000 4.324759
v 11.000000 6.500000 4.375000
v 11.187500 6.500000 4.324759
v 11.324759 6.500000 4.187500
v 11.375000 6.500000 4.000000
v 11.324759 6.500000 3.812500
v 11.187500 6.500000 3.675241
v 11.000000 6.750000 3.875000
v 10.937500 6.750000 3.891747
v 10.891747 6.750000 3.937500
v 10.875000 6.750000 4.000000
v 10.891747 6.750000 4.062500
v 10.937500 6.750000 4.108253
v 11.000000 6.750000 4.125000
v 11.062500 6.750000 4.108253
v 11.108253 6.750000 4.062500
v 11.125000 6.750000 4.000000
v 11.108253 6.750000 3.937500
v 11.062500 6.750000 3.891747
v 11.000000 7.875000 3.875000
v 10.937500 7.875000 3.891747
v 10.891747 7.875000 3.937500
v 10.875000 7.875000 4.000000
v 10.891747 7.875000 4.062500
v 10.937500 7.875000 4.108253
v 11.000000 7.875000 4.125000
v 11.062500 7.875000 4.108253
v 11.108253 7.875000 4.062500
v 11.125000 7.875000 4.000000
v 11.108253 7.875000 3.937500
v 11.062500 7.875000 3.891747
v 11.000000 7.750000 3.625000
v 10.812500 7.750000 3.675241
v 10.675241 7.750000 3.812500
v 10.625000 7.750000 4.000000
v 10.675241 7.750000 4.187500
v 10.812500 7.750000 4.324759
v 11.000000 7.750000 4.375000
v 11.187500 7.750000 4.324759
v 11.324759 7.750000 4.187500
v 11.375000 7.750000 4.000000
v 11.324759 7.750000 3.812500
v 11.187500 7.750000 3.675241
v 11.125000 7.375000 3.783494
v 11.216506 7.375000 3.875000
v 11.250000 7.375000 4.000000
v 11.216506 7.375000 4.125000
v 11.125000 7.375000 4.216506
v 11.000000 7.375000 4.250000
v 10.875000 7.375000 4.216506
v 10.783494 7.375000 4.125000
v 10.750000 7.375000 4.000000
v 10.783494 7.375000 3.875000
v 10.875000 7.375000 3.783494
v 11.000000 7.375000 3.750000
v 11.187500 7.250000 3.675241
v 11.324759 7.250000 3.812500
v 11.375000 7.250000 4.000000
v 11.324759 7.250000 4.187500
v 11.187500 7.250000 4.324759
v 11.000000 7.250000 4.375000
v 10.812500 7.250000 4.324759
v 10.675241 7.250000 4.187500
v 10.625000 7.250000 4.000000
v 10.675241 7.250000 3.812500
v 10.812500 7.250000 3.675241
v 11.000000 7.250000 3.625000
v 11.187500 7.000000 3.675241
v 11.324759 7.000000 3.812500
v 11.375000 7.000000 4.000000
v 11.324759 7.000000 4.187500
v 11.187500 7.000000 4.324759
v 11.000000 7.000000 4.375000
v 10.812500 7.000000 4.324759
v 10.675241 7.000000 4.187500
v 10.625000 7.000000 4.000000
v 10.675241 7.000000 3.812500
v 10.812500 7.000000 3.675241
v 11.000000 7.000000 3.625000
v 10.000000 2.000000 3.500000
v 9.750000 2.000000 3.566987
v 9.566987 2.000000 3.750000
v 9.500000 2.000000 4.000000
v 9.566987 2.000000 4.250000
v 9.750000 2.000000 4.433013
v 10.000000 2.000000 4.500000
v 10.250000 2.000000 4.433013
v 10.433012 2.000000 4.250000
v 10.500000 2.000000 4.000000
v 10.433013 2.000000 3.750000
v 10.250000 2.000000 3.566988
v 9.750000 4.000000 3.566987
v 10.000000 4.000000 3.500000
v 9.566987 4.000000 3.750000
v 9.500000 4.000000 4.000000
v 9.566987 4.000000 4.250000
v 9.750000 4.000000 4.433013
v 10.000000 4.000000 4.500000
v 10.250000 4.000000 4.433013
v 10.433012 4.000000 4.250000
v 10.500000 4.000000 4.000000
v 10.433013 4.000000 3.750000
v 10.250000 4.000000 3.566988
v 10.000000 2.500000 3.500000
v 9.750000 2.500000 3.566987
v 10.250000 2.500000 3.566988
v 9.750000 3.500000 3.566987
v 10.000000 3.500000 3.500000
v 10.250000 3.500000 3.566988
v 10.000000 2.125000 3.625000
v 9.812500 2.125000 3.675241
v 9.675241 2.125000 3.812500
v 9.625000 2.125000 4.000000
v 9.675241 2.125000 4.187500
v 9.812500 2.125000 4.324759
v 10.000000 2.125000 4.375000
v 10.187500 2.125000 4.324759
v 10.324759 2.125000 4.187500
v 10.375000 2.125000 4.000000
v 10.324759 2.125000 3.812500
v 10.187500 2.125000 3.675241
v 10.000000 2.500000 3.625000
v 9.812500 2.500000 3.675241
v 10.187500 2.500000 3.675241
v 10.000000 3.875000 3.625000
v 9.812500 3.875000 3.675241
v 9.675241 3.875000 3.812500
v 9.625000 3.875000 4.000000
v 9.675241 3.875000 4.187500
v 9.812500 3.875000 4.324759
v 10.000000 3.875000 4.375000
v 10.187500 3.875000 4.324759
v 10.324759 3.875000 4.187500
v 10.375000 3.875000 4.000000
v 10.324759 3.875000 3.812500
v 10.187500 3.875000 3.675241
v 10.000000 3.500000 3.625000
v 9.812500 3.500000 3.675241
v 10.187500 3.500000 3.675241
v 10.000000 3.750000 3.625000
v 9.812500 3.750000 3.675241
v 9.675241 3.750000 3.812500
v 9.625000 3.750000 4.000000
v 9.675241 3.750000 4.187500
v 9.812500 3.750000 4.324759
v 10.000000 3.750000 4.375000
v 10.187500 3.750000 4.324759
v 10.324759 3.750000 4.187500
v 10.375000 3.750000 4.000000
v 10.324759 3.750000 3.812500
v 10.187500 3.750000 3.675241
v 9.812500 3.500000 3.675241
v 10.000000 3.500000 3.625000
v 9.675241 3.500000 3.812500
v 9.625000 3.500000 4.000000
v 9.675241 3.500000 4.187500
v 9.812500 3.500000 4.324759
v 10.000000 3.500000 4.375000
v 10.187500 3.500000 4.324759
v 10.324759 3.500000 4.187500
v 10.375000 3.500000 4.000000
v 10.324759 3.500000 3.812500
v 10.187500 3.500000 3.675241
v 10.000000 3.750000 3.875000
v 9.937500 3.750000 3.891747
v 9.891747 3.750000 3.937500
v 9.875000 3.750000 4.000000
v 9.891747 3.750000 4.062500
v 9.937500 3.750000 4.108253
v 10.000000 3.750000 4.125000
v 10.062500 3.750000 4.108253
v 10.108253 3.750000 4.062500
v 10.125000 3.750000 4.000000
v 10.108253 3.750000 3.937500
v 10.062500 3.750000 3.891747
v 10.000000 4.875000 3.875000
v 9.937500 4.875000 3.891747
v 9.891747 4.875000 3.937500
v 9.875000 4.875000 4.000000
v 9.891747 4.875000 4.062500
v 9.937500 4.875000 4.108253
v 10.000000 4.875000 4.125000
v 10.062500 4.875000 4.108253
v 10.108253 4.875000 4.062500
v 10.125000 4.875000 4.000000
v 10.108253 4.875000 3.937500
v 10.062500 4.875000 3.891747
v 10.000000 5.000000 3.625000
v 9.812500 5.000000 3.675241
v 9.675241 5.000000 3.812500
v 9.625000 5.000000 4.000000
v 9.675241 5.000000 4.187500
v 9.812500 5.000000 4.324759
v 10.000000 5.000000 4.375000
v 10.187500 5.000000 4.324759
v 10.324759 5.000000 4.187500
v 10.375000 5.000000 4.000000
v 10.324759 5.000000 3.812500
v 10.187500 5.000000 3.675241
v 10.000000 4.625000 3.750000
v 9.875000 4.625000 3.783494
v 9.783494 4.625000 3.875000
v 9.750000 4.625000 4.000000
v 9.783494 4.625000 4.125000
v 9.875000 4.625000 4.216506
v 10.000000 4.625000 4.250000
v 10.125000 4.625000 4.216506
v 10.216506 4.625000 4.125000
v 10.250000 4.625000 4.000000
v 10.216506 4.625000 3.875000
v 10.125000 4.625000 3.783494
v 10.000000 4.750000 3.625000
v 9.812500 4.750000 3.675241
v 9.675241 4.750000 3.812500
v 9.625000 4.750000 4.000000
v 9.675241 4.750000 4.187500
v 9.812500 4.750000 4.324759
v 10.000000 4.750000 4.375000
v 10.187500 4.750000 4.324759
v 10.324759 4.750000 4.187500
v 10.375000 4.750000 4.000000
v 10.324759 4.750000 3.812500
v 10.187500 4.750000 3.675241
v 10.125000 4.375000 3.783494
v 10.216506 4.375000 3.875000
v 10.250000 4.375000 4.000000
v 10.216506 4.375000 4.125000
v 10.125000 4.375000 4.216506
v 10.000000 4.375000 4.250000
v 9.875000 4.375000 4.216506
v 9.783494 4.375000 4.125000
v 9.750000 4.375000 4.000000
v 9.783494 4.375000 3.875000
v 9.875000 4.375000 3.783494
v 10.000000 4.375000 3.750000
v 10.000000 5.000000 3.500000
v 9.750000 5.000000 3.566987
v 9.566987 5.000000 3.750000
v 9.500000 5.000000 4.000000
v 9.566987 5.000000 4.250000
v 9.750000 5.000000 4.433013
v 10.000000 5.000000 4.500000
v 10.250000 5.000000 4.433013
v 10.433012 5.000000 4.250000
v 10.500000 5.000000 4.000000
v 10.433013 5.000000 3.750000
v 10.250000 5.000000 3.566988
v 9.750000 7.000000 3.566987
v 10.000000 7.000000 3.500000
v 9.566987 7.000000 3.750000
v 9.500000 7.000000 4.000000
v 9.566987 7.000000 4.250000
v 9.750000 7.000000 4.433013
v 10.000000 7.000000 4.500000
v 10.250000 7.000000 4.433013
v 10.433012 7.000000 4.250000
v 10.500000 7.000000 4.000000
v 10.433013 7.000000 3.750000
v 10.250000 7.000000 3.566988
v 10.000000 5.500000 3.500000
v 9.750000 5.500000 3.566987
v 10.250000 5.500000 3.566988
v 9.750000 6.500000 3.566987
v 10.000000 6.500000 3.500000
v 10.250000 6.500000 3.566988
v 10.000000 5.125000 3.625000
v 9.812500 5.125000 3.675241
v 9.675241 5.125000 3.812500
v 9.625000 5.125000 4.000000
v 9.675241 5.125000 4.187500
v 9.812500 5.125000 4.324759
v 10.000000 5.125000 4.375000
v 10.187500 5.125000 4.324759
v 10.324759 5.125000 4.187500
v 10.375000 5.125000 4.000000
v 10.324759 5.125000 3.812500
v 10.187500 5.125000 3.675241
v 10.000000 5.500000 3.625000
v 9.812500 5.500000 3.675241
v 10.187500 5.500000 3.675241
v 10.000000 6.875000 3.625000
v 9.812500 6.875000 3.675241
v 9.675241 6.875000 3.812500
v 9.625000 6.875000 4.000000
v 9.675241 6.875000 4.187500
v 9.812500 6.875000 4.324759
v 10.000000 6.875000 4.375000
v 10.187500 6.875000 4.324759
v 10.324759 6.875000 4.187500
v 10.375000 6.875000 4.000000
v 10.324759 6.875000 3.812500
v 10.187500 6.875000 3.675241
v 10.000000 6.500000 3.625000
v 9.812500 6.500000 3.675241
v 10.187500 6.500000 3.675241
v 10.000000 6.750000 3.625000
v 9.812500 6.750000 3.675241
v 9.675241 6.750000 3.812500
v 9.625000 6.750000 4.000000
v 9.675241 6.750000 4.187500
v 9.812500 6.750000 4.324759
v 10.000000 6.750000 4.375000
v 10.187500 6.750000 4.324759
v 10.324759 6.750000 4.187500
v 10.375000 6.750000 4.000000
v 10.324759 6.750000 3.812500
v 10.187500 6.750000 3.675241
v 9.812500 6.500000 3.675241
v 10.000000 6.500000 3.625000
v 9.675241 6.500000 3.812500
v 9.625000 6.500000 4.000000
v 9.675241 6.500000 4.187500
v 9.812500 6.500000 4.324759
v 10.000000 6.500000 4.375000
v 10.187500 6.500000 4.324759
v 10.324759 6.500000 4.187500
v 10.375000 6.500000 4.000000
v 10.324759 6.500000 3.812500
v 10.187500 6.500000 3.675241
v 10.000000 6.750000 3.875000
v 9.937500 6.750000 3.891747
v 9.891747 6.750000 3.937500
v 9.875000 6.750000 4.000000
v 9.891747 6.750000 4.062500
v 9.937500 6.750000 4.108253
v 10.000000 6.750000 4.125000
v 10.062500 6.750000 4.108253
v 10.108253 6.750000 4.062500
v 10.125000 6.750000 4.000000
v 10.108253 6.750000 3.937500
v 10.062500 6.750000 3.891747
v 10.000000 7.875000 3.875000
v 9.937500 7.875000 3.891747
v 9.891747 7.875000 3.937500
v 9.875000 7.875000 4.000000
v 9.891747 7.875000 4.062500
v 9.937500 7.875000 4.108253
v 10.000000 7.875000 4.125000
v 10.062500 7.875000 4.108253
v 10.108253 7.875000 4.062500
v 10.125000 7.875000 4.000000
v 10.108253 7.875000 3.937500
v 10.062500 7.875000 3.891747
v 10.187500 4.250000 3.675241
v 10.324759 4.250000 3.812500
v 10.375000 4.250000 4.000000
v 10.324759 4.250000 4.187500
v 10.187500 4.250000 4.324759
v 10.000000 4.250000 4.375000
v 9.812500 4.250000 4.324759
v 9.675241 4.250000 4.187500
v 9.625000 4.250000 4.000000
v 9.675241 4.250000 3.812500
v 9.812500 4.250000 3.675241
v 10.000000 4.250000 3.625000
v 10.187500 4.000000 3.675241
v 10.324759 4.000000 3.812500
v 10.375000 4.000000 4.000000
v 10.324759 4.000000 4.187500
v 10.187500 4.000000 4.324759
v 10.000000 4.000000 4.375000
v 9.812500 4.000000 4.324759
v 9.675241 4.000000 4.187500
v 9.625000 4.000000 4.000000
v 9.675241 4.000000 3.812500
v 9.812500 4.000000 3.675241
v 10.000000 4.000000 3.625000
v 11.125000 4.625000 3.783494
v 11.216506 4.625000 3.875000
v 11.250000 4.625000 4.000000
v 11.216506 4.625000 4.125000
v 11.125000 4.625000 4.216506
v 11.000000 4.625000 4.250000
v 10.875000 4.625000 4.216506
v 10.783494 4.625000 4.125000
v 10.750000 4.625000 4.000000
v 10.783494 4.625000 3.875000
v 10.875000 4.625000 3.783494
v 11.000000 4.625000 3.750000
v 11.187500 5.000000 3.675241
v 11.324759 5.000000 3.812500
v 11.375000 5.000000 4.000000
v 11.324759 5.000000 4.187500
v 11.187500 5.000000 4.324759
v 11.000000 5.000000 4.375000
v 10.812500 5.000000 4.324759
v 10.675241 5.000000 4.187500
v 10.625000 5.000000 4.000000
v 10.675241 5.000000 3.812500
v 10.812500 5.000000 3.675241
v 11.000000 5.000000 3.625000
v 10.000000 8.000000 3.625000
v 9.812500 8.000000 3.675241
v 9.675241 8.000000 3.812500
v 9.625000 8.000000 4.000000
v 9.675241 8.000000 4.187500
v 9.812500 8.000000 4.324759
v 10.000000 8.000000 4.375000
v 10.187500 8.000000 4.324759
v 10.324759 8.000000 4.187500
v 10.375000 8.000000 4.000000
v 10.324759 8.000000 3.812500
v 10.187500 8.000000 3.675241
v 10.000000 7.625000 3.750000
v 9.875000 7.625000 3.783494
v 9.783494 7.625000 3.875000
v 9.750000 7.625000 4.000000
v 9.783494 7.625000 4.125000
v 9.875000 7.625000 4.216506
v 10.000000 7.625000 4.250000
v 10.125000 7.625000 4.216506
v 10.216506 7.625000 4.125000
v 10.250000 7.625000 4.000000
v 10.216506 7.625000 3.875000
v 10.125000 7.625000 3.783494
v 10.000000 7.750000 3.625000
v 9.812500 7.750000 3.675241
v 9.675241 7.750000 3.812500
v 9.625000 7.750000 4.000000
v 9.675241 7.750000 4.187500
v 9.812500 7.750000 4.324759
v 10.000000 7.750000 4.375000
v 10.187500 7.750000 4.324759
v 10.324759 7.750000 4.187500
v 10.375000 7.750000 4.000000
v 10.324759 7.750000 3.812500
v 10.187500 7.750000 3.675241
v 10.125000 7.375000 3.783494
v 10.216506 7.375000 3.875000
v 10.250000 7.375000 4.000000
v 10.216506 7.375000 4.125000
v 10.125000 7.375000 4.216506
v 10.000000 7.375000 4.250000
v 9.875000 7.375000 4.216506
v 9.783494 7.375000 4.125000
v 9.750000 7.375000 4.000000
v 9.783494 7.375000 3.875000
v 9.875000 7.375000 3.783494
v 10.000000 7.375000 3.750000
v 10.187500 7.250000 3.675241
v 10.324759 7.250000 3.812500
v 10.375000 7.250000 4.000000
v 10.324759 7.250000 4.187500
v 10.187500 7.250000 4.324759
v 10.000000 7.250000 4.375000
v 9.812500 7.250000 4.324759
v 9.675241 7.250000 4.187500
v 9.625000 7.250000 4.000000
v 9.675241 7.250000 3.812500
v 9.812500 7.250000 3.675241
v 10.000000 7.250000 3.625000
v 10.187500 7.000000 3.675241
v 10.324759 7.000000 3.812500
v 10.375000 7.000000 4.000000
v 10.324759 7.000000 4.187500
v 10.187500 7.000000 4.324759
v 10.000000 7.000000 4.375000
v 9.812500 7.000000 4.324759
v 9.675241 7.000000 4.187500
v 9.625000 7.000000 4.000000
v 9.675241 7.000000 3.812500
v 9.812500 7.000000 3.675241
v 10.000000 7.000000 3.625000
v 11.125000 7.625000 3.783494
v 11.216506 7.625000 3.875000
v 11.250000 7.625000 4.000000
v 11.216506 7.625000 4.125000
v 11.125000 7.625000 4.216506
v 11.000000 7.625000 4.250000
v 10.875000 7.625000 4.216506
v 10.783494 7.625000 4.125000
v 10.750000 7.625000 4.000000
v 10.783494 7.625000 3.875000
v 10.875000 7.625000 3.783494
v 11.000000 7.625000 3.750000
v 11.187500 8.000000 3.675241
v 11.324759 8.000000 3.812500
v 11.375000 8.000000 4.000000
v 11.324759 8.000000 4.187500
v 11.187500 8.000000 4.324759
v 11.000000 8.000000 4.375000
v 10.812500 8.000000 4.324759
v 10.675241 8.000000 4.187500
v 10.625000 8.000000 4.000000
v 10.675241 8.000000 3.812500
v 10.812500 8.000000 3.675241
v 11.000000 8.000000 3.625000
v 9.500000 8.000000 4.375000
v 11.500000 8.000000 4.375000
v 9.500000 8.000000 3.625000
v 11.500000 8.000000 3.625000
v 9.500000 8.750000 3.625000
v 9.500000 8.750000 4.375000
v 11.500000 8.750000 4.375000
v 11.500000 8.750000 3.625000
v 8.625000 1.000000 6.375000
v 11.375000 1.000000 6.375000
v 8.625000 1.000000 3.625000
v 11.375000 1.000000 3.625000
v 8.625000 2.000000 3.625000
v 8.625000 2.000000 6.375000
v 11.375000 2.000000 6.375000
v 11.375000 2.000000 3.625000
v 10.000000 2.000000 4.500000
v 9.617316 2.000000 4.576120
v 9.292893 2.000000 4.792893
v 9.076120 2.000000 5.117317
v 9.000000 2.000000 5.500000
v 9.076120 2.000000 5.882684
v 9.292893 2.000000 6.207107
v 9.617316 2.000000 6.423880
v 10.000000 2.000000 6.500000
v 10.382683 2.000000 6.423880
v 10.707107 2.000000 6.207107
v 10.923880 2.000000 5.882684
v 11.000000 2.000000 5.500000
v 10.923880 2.000000 5.117316
v 10.707107 2.000000 4.792893
v 10.382683 2.000000 4.576120
v 9.617316 6.000000 4.576120
v 10.000000 6.000000 4.500000
v 9.292893 6.000000 4.792893
v 9.076120 6.000000 5.117317
v 9.000000 6.000000 5.500000
v 9.076120 6.000000 5.882684
v 9.292893 6.000000 6.207107
v 9.617316 6.000000 6.423880
v 10.000000 6.000000 6.500000
v 10.382683 6.000000 6.423880
v 10.707107 6.000000 6.207107
v 10.923880 6.000000 5.882684
v 11.000000 6.000000 5.500000
v 10.923880 6.000000 5.117316
v 10.707107 6.000000 4.792893
v 10.382683 6.000000 4.576120
v 8.500000 2.000000 6.250000
v 9.000000 2.000000 6.250000
v 8.500000 2.000000 3.750000
v 9.000000 2.000000 4.500000
v 9.500000 2.000000 3.750000
v 9.500000 2.000000 4.500000
v 8.500000 3.500000 3.750000
v 8.500000 3.500000 6.250000
v 9.000000 3.500000 6.250000
v 9.000000 3.500000 4.500000
v 9.500000 3.500000 4.500000
v 9.500000 3.500000 3.750000
vn 0.0000 -1.0000 0.0000
vn 0.0000 1.0000 0.0000
vn 0.0000 0.0000 1.0000
vn -1.0000 0.0000 0.0000
vn 0.0000 0.0000 -1.0000
vn 1.0000 0.0000 0.0000
vn 0.7071 0.0000 -0.7071
vn 0.7071 0.0000 0.7071
vn -0.7071 0.0000 0.7071
vn -0.7071 0.0000 -0.7071
vn 0.0000 0.7071 -0.7071
vn 0.0000 0.7071 0.7071
vn -0.8660 0.0000 -0.5000
vn 0.8660 0.0000 -0.5000
vn 0.9239 0.0000 0.3827
vn -0.3827 0.0000 0.9239
vn -0.3827 0.0000 -0.9239
vn 0.3827 0.0000 0.9239
vn 0.9239 0.0000 -0.3827
vn 0.3827 0.0000 -0.9239
vn -0.9239 0.0000 -0.3827
vn 0.6588 0.0000 0.7523
vn -0.9239 0.0000 0.3827
vn -0.7523 0.0000 -0.6588
vn 0.2706 0.7071 0.6533
vn 0.5000 0.7071 0.5000
vn -0.5000 0.7071 -0.5000
vn -0.6533 0.7071 -0.2706
vn 0.6533 0.7071 0.2706
vn -0.7071 0.7071 -0.0000
vn 0.7071 0.7071 0.0000
vn -0.6533 0.7071 0.2706
vn 0.6533 0.7071 -0.2706
vn -0.5000 0.7071 0.5000
vn 0.5000 0.7071 -0.5000
vn -0.2706 0.7071 0.6533
vn 0.2706 0.7071 -0.6533
vn -0.2706 0.7071 -0.6533
vn 0.0000 -0.4203 0.9074
vn -0.9919 0.0899 -0.0899
vn -0.0000 0.3532 -0.9356
vn 0.6441 0.3032 -0.7023
vn 0.7294 -0.2820 0.6233
vn -0.7294 -0.2820 0.6233
vn -0.6441 0.3032 -0.7023
vn 0.9919 0.0899 -0.0899
vn 0.0000 0.4203 -0.9074
vn 0.7294 0.2820 -0.6233
vn 0.9919 -0.0899 0.0899
vn 0.6441 -0.3032 0.7023
vn -0.6441 -0.3032 0.7023
vn -0.7294 0.2820 -0.6233
vn -0.0000 -0.3532 0.9356
vn -0.9919 -0.0899 0.0899
vn -0.6588 0.0000 -0.7523
vn 0.7523 0.0000 0.6588
vn 0.0000 -0.4202 0.9074
vn 0.0000 0.4202 -0.9074
vn 0.8660 -0.5000 0.0000
vn -0.8660 -0.5000 0.0000
vn -0.8660 0.5000 0.0000
vn 0.8660 0.5000 0.0000
vn 0.7071 -0.7071 0.0000
vn -0.7071 -0.7071 0.0000
vn -0.6794 -0.1448 0.7194
vn -0.9987 -0.0196 0.0473
vn -0.7263 0.1363 -0.6737
vn 0.7263 0.1363 -0.6737
vn 0.9987 -0.0196 0.0473
vn 0.6794 -0.1448 0.7194
vn -0.0000 -0.1866 0.9824
vn -0.7263 0.1363 0.6737
vn -0.9987 -0.0196 -0.0473
vn -0.6794 -0.1448 -0.7194
vn 0.0000 -0.1866 -0.9824
vn 0.6794 -0.1448 -0.7194
vn 0.9987 -0.0196 -0.0473
vn 0.7263 0.1363 0.6737
vn 0.9955 -0.0671 0.0671
vn 0.6794 -0.7194 0.1448
vn 0.9987 -0.0473 0.0196
vn 0.0000 -0.7071 0.7071
vn -0.6794 -0.7194 0.1448
vn -0.0000 -0.9824 0.1866
vn 0.6630 -0.5294 0.5293
vn -0.6630 -0.5294 0.5293
vn 0.7574 0.4617 -0.4617
vn -0.7574 0.4617 -0.4617
vn -0.9955 -0.0671 0.0671
vn 0.7263 0.6737 -0.1363
vn -0.7263 0.6737 -0.1363
vn -0.9987 -0.0473 0.0196
vn -0.9955 -0.0671 -0.0671
vn 0.6630 -0.5293 -0.5294
vn -0.7574 0.4617 0.4617
vn 0.0000 -0.7071 -0.7071
vn -0.6630 -0.5294 -0.5293
vn 0.7574 0.4617 0.4617
vn 0.9955 -0.0671 -0.0671
vn 0.9987 -0.0473 -0.0196
vn 0.6794 -0.7194 -0.1448
vn -0.9987 -0.0473 -0.0196
vn -0.7263 0.6737 0.1363
vn -0.6794 -0.7194 -0.1448
vn -0.0000 -0.9824 -0.1866
vn 0.7263 0.6737 0.1363
vn 0.6630 -0.5294 0.5294
vn 0.6630 -0.5294 -0.5293
vn -0.6630 -0.5293 -0.5294
vn -0.5000 0.0000 -0.8660
vn 0.8660 0.0000 0.5000
vn -0.5000 0.0000 0.8660
vn 0.5000 0.0000 0.8660
vn -0.8660 0.0000 0.5000
vn 0.5000 0.0000 -0.8660
vn -0.5000 -0.8660 0.0000
vn 0.5000 0.8660 0.0000
vn -0.5000 0.8660 0.0000
vn 0.5000 -0.8660 0.0000
vn -0.0000 -0.8944 -0.4472
vn -0.4472 -0.7746 -0.4472
vn -0.8944 0.0000 -0.4472
vn -0.7746 0.4472 -0.4472
vn 0.8944 0.0000 -0.4472
vn 0.7746 0.4472 -0.4472
vn 0.4472 -0.7746 -0.4472
vn -0.7746 -0.4472 -0.4472
vn 0.4472 0.7746 -0.4472
vn 0.0000 0.8944 -0.4472
vn -0.4472 0.7746 -0.4472
vn 0.7746 -0.4472 -0.4472
vn 0.0000 -0.8944 0.4472
vn 0.4472 -0.7746 0.4472
vn 0.8944 0.0000 0.4472
vn 0.7746 0.4472 0.4472
vn -0.8944 -0.0000 0.4472
vn -0.7746 0.4472 0.4472
vn -0.4472 -0.7746 0.4472
vn 0.7746 -0.4472 0.4472
vn -0.4472 0.7746 0.4472
vn -0.0000 0.8944 0.4472
vn 0.4472 0.7746 0.4472
vn -0.7746 -0.4472 0.4472
vn -0.0196 -0.9987 0.0473
vn -0.1866 0.0000 0.9824
vn -0.0196 0.9987 0.0473
vn 0.1363 -0.7263 -0.6737
vn -0.1448 -0.6794 0.7194
vn -0.1448 0.6794 0.7194
vn 0.1363 0.7263 -0.6737
vn -0.0671 -0.9955 0.0671
vn -0.5293 0.6630 0.5294
vn -0.0671 0.9955 0.0671
vn 0.4617 -0.7574 -0.4617
vn -0.5294 -0.6630 0.5294
vn 0.4617 0.7574 -0.4617
vn -0.0473 0.9987 0.0196
vn -0.0473 -0.9987 0.0196
vn 0.6737 -0.7263 -0.1363
vn -0.9824 -0.0000 0.1866
vn -0.7194 -0.6794 0.1448
vn -0.7194 0.6794 0.1448
vn 0.6737 0.7263 -0.1363
vn -0.0393 -0.9947 0.0948
vn -0.0393 0.9947 0.0948
vn 0.2611 -0.7311 -0.6303
vn -0.2962 -0.6333 0.7150
vn -0.2962 0.6333 0.7150
vn 0.9809 -0.0000 -0.1944
vn 0.2611 0.7311 -0.6303
vn 0.9824 0.0000 -0.1866
vn 0.7194 -0.6794 -0.1448
vn 0.7194 0.6794 -0.1448
vn -0.6737 -0.7263 0.1363
vn -0.6737 0.7263 0.1363
vn 0.0473 -0.9987 -0.0196
vn 0.0473 0.9987 -0.0196
vn -0.4617 0.7574 0.4617
vn 0.5294 0.6630 -0.5294
vn 0.0671 -0.9955 -0.0671
vn 0.0671 0.9955 -0.0671
vn 0.5294 -0.6630 -0.5294
vn 0.1866 -0.0000 -0.9824
vn 0.1448 -0.6794 -0.7194
vn -0.1363 0.7263 0.6737
vn 0.1448 0.6794 -0.7194
vn -0.1363 -0.7263 0.6737
vn 0.0196 -0.9987 -0.0473
vn 0.0196 0.9987 -0.0473
vn -0.4617 -0.7574 0.4617
vn -0.5751 0.0000 -0.8181
vn 0.5751 0.0000 -0.8181
vn -0.5751 0.0000 0.8181
vn 0.5751 0.0000 0.8181
vn 0.3536 0.7071 -0.6124
vn -0.3536 0.7071 -0.6124
vn -0.6124 0.7071 -0.3536
vn -0.6124 0.7071 0.3536
vn -0.3536 0.7071 0.6124
vn 0.3536 0.7071 0.6124
vn 0.6124 0.7071 0.3536
vn 0.6124 0.7071 -0.3536
vn 0.3536 -0.7071 -0.6124
vn -0.3536 -0.7071 -0.6124
vn -0.6124 -0.7071 -0.3536
vn -0.6124 -0.7071 0.3536
vn -0.3536 -0.7071 0.6124
vn 0.3536 -0.7071 0.6124
vn 0.6124 -0.7071 0.3536
vn 0.6124 -0.7071 -0.3536
vn 0.6124 -0.7071 0.3535
v 2.250000 0.000000 2.375000
v -2.250000 0.000000 2.375000
v 2.250000 0.000000 2.500000
v -2.250000 0.000000 2.500000
v -2.500000 0.000000 2.500000
v -2.250000 0.000000 2.500000
v -2.500000 0.000000 2.250000
v -2.250000 0.000000 2.250000
v -2.500000 0.250000 2.500000
v -2.250000 0.250000 2.500000
v -2.500000 0.250000 2.250000
v -2.250000 0.250000 2.250000
v 2.250000 0.000000 2.500000
v 2.500000 0.000000 2.500000
v 2.250000 0.000000 2.250000
v 2.500000 0.000000 2.250000
v 2.250000 0.250000 2.500000
v 2.500000 0.250000 2.500000
v 2.250000 0.250000 2.250000
v 2.500000 0.250000 2.250000
v -2.500000 0.000000 -2.250000
v -2.250000 0.000000 -2.250000
v -2.500000 0.000000 -2.500000
v -2.250000 0.000000 -2.500000
v -2.500000 0.250000 -2.250000
v -2.250000 0.250000 -2.250000
v -2.500000 0.250000 -2.500000
v -2.250000 0.250000 -2.500000
v 2.250000 0.000000 -2.250000
v 2.500000 0.000000 -2.250000
v 2.250000 0.000000 -2.500000
v 2.500000 0.000000 -2.500000
v 2.250000 0.250000 -2.250000
v 2.500000 0.250000 -2.250000
v 2.250000 0.250000 -2.500000
v 2.500000 0.250000 -2.500000
v -2.250000 0.125000 2.375000
v 2.250000 0.125000 2.375000
v 2.250000 0.125000 2.500000
v -2.250000 0.125000 2.500000
v 2.250000 0.000000 -2.375000
v -2.250000 0.000000 -2.375000
v -2.250000 0.000000 -2.500000
v 2.250000 0.000000 -2.500000
v 2.250000 0.125000 -2.375000
v -2.250000 0.125000 -2.375000
v -2.250000 0.125000 -2.500000
v 2.250000 0.125000 -2.500000
v 2.375000 0.000000 2.250000
v 2.375000 0.000000 -2.250000
v 2.500000 0.000000 -2.250000
v 2.500000 0.000000 2.250000
v 2.375000 0.125000 2.250000
v 2.375000 0.125000 -2.250000
v 2.500000 0.125000 -2.250000
v 2.500000 0.125000 2.250000
v -2.375000 0.000000 -2.250000
v -2.375000 0.000000 2.250000
v -2.500000 0.000000 2.250000
v -2.500000 0.000000 -2.250000
v -2.375000 0.125000 -2.250000
v -2.375000 0.125000 2.250000
v -2.500000 0.125000 2.250000
v -2.500000 0.125000 -2.250000
v -1.875000 0.250000 -2.500000
v -1.875000 0.250000 2.500000
v -2.125000 0.250000 2.500000
v -2.125000 0.250000 -2.500000
v -1.875000 0.125000 -2.500000
v -2.125000 0.125000 -2.500000
v -1.875000 0.125000 2.500000
v -2.125000 0.125000 2.500000
v 0.125000 0.250000 -2.500000
v 0.125000 0.250000 2.500000
v -0.125000 0.250000 2.500000
v -0.125000 0.250000 -2.500000
v 0.125000 0.125000 -2.500000
v -0.125000 0.125000 -2.500000
v 0.125000 0.125000 2.500000
v -0.125000 0.125000 2.500000
v -1.125000 0.125000 2.500000
v -0.875000 0.125000 2.500000
v -1.125000 0.125000 -2.500000
v -0.875000 0.125000 -2.500000
v -1.125000 0.250000 -2.500000
v -1.125000 0.250000 2.500000
v -0.875000 0.250000 2.500000
v -0.875000 0.250000 -2.500000
v 1.125000 0.250000 -2.500000
v 1.125000 0.250000 2.500000
v 0.875000 0.250000 2.500000
v 0.875000 0.250000 -2.500000
v 1.125000 0.125000 -2.500000
v 0.875000 0.125000 -2.500000
v 1.125000 0.125000 2.500000
v 0.875000 0.125000 2.500000
v 1.875000 0.125000 2.500000
v 2.125000 0.125000 2.500000
v 1.875000 0.125000 -2.500000
v 2.125000 0.125000 -2.500000
v 1.875000 0.250000 -2.500000
v 1.875000 0.250000 2.500000
v 2.125000 0.250000 2.500000
v 2.125000 0.250000 -2.500000
v 2.500000 0.312500 -0.187500
v 2.500000 0.312500 0.187500
v 2.500000 0.687500 -0.187500
v 2.500000 0.687500 0.187500
v 2.375000 0.625000 -0.125000
v 2.375000 0.375000 -0.125000
v 2.375000 0.375000 0.125000
v 2.375000 0.625000 0.125000
v 2.375000 0.687500 -0.187500
v 2.375000 0.312500 -0.187500
v 2.375000 0.312500 0.187500
v 2.375000 0.687500 0.187500
v 2.250000 0.625000 -0.125000
v 2.250000 0.375000 -0.125000
v 2.250000 0.375000 0.125000
v 2.250000 0.625000 0.125000
v 2.433012 0.750000 2.250000
v 2.250000 0.750000 2.433013
v 2.000000 0.750000 2.500000
v 1.750000 0.750000 2.433012
v 1.566987 0.750000 2.250000
v 1.500000 0.750000 2.000000
v 1.566987 0.750000 1.750000
v 1.750000 0.750000 1.566987
v 2.000000 0.750000 1.500000
v 2.250000 0.750000 1.566987
v 2.500000 0.750000 2.000000
v 2.433013 0.750000 1.750000
v -2.250000 0.250000 1.750000
v -2.250000 0.250000 2.250000
v 2.250000 0.250000 1.750000
v 2.250000 0.250000 2.250000
v 2.250000 0.750000 1.750000
v -2.250000 0.750000 1.750000
v -2.250000 0.750000 2.250000
v 2.250000 0.750000 2.250000
v -2.250000 0.250000 -2.250000
v -2.250000 0.250000 -1.750000
v 2.250000 0.250000 -2.250000
v 2.250000 0.250000 -1.750000
v 2.250000 0.750000 -2.250000
v -2.250000 0.750000 -2.250000
v -2.250000 0.750000 -1.750000
v 2.250000 0.750000 -1.750000
v -2.250000 0.250000 -1.250000
v -2.250000 0.250000 1.250000
v 2.250000 0.250000 -1.250000
v 2.250000 0.250000 1.250000
v 2.250000 0.750000 -1.250000
v -2.250000 0.750000 -1.250000
v -2.250000 0.750000 1.250000
v 2.250000 0.750000 1.250000
v -2.000000 0.750000 -1.000000
v -2.000000 0.750000 1.000000
v 2.000000 0.750000 -1.000000
v 2.000000 0.750000 1.000000
v 2.000000 1.750000 -1.000000
v -2.000000 1.750000 -1.000000
v -2.000000 1.750000 1.000000
v 2.000000 1.750000 1.000000
v 0.250000 1.750000 -0.750000
v 0.250000 1.750000 0.750000
v 1.750000 1.750000 -0.750000
v 1.750000 1.750000 0.750000
v 1.750000 2.000000 -0.750000
v 0.250000 2.000000 -0.750000
v 0.250000 2.000000 0.750000
v 1.750000 2.000000 0.750000
v 1.750000 2.000000 0.000000
v 1.692910 2.000000 -0.287013
v 1.530330 2.000000 -0.530330
v 1.287013 2.000000 -0.692910
v 1.000000 2.000000 -0.750000
v 0.712987 2.000000 -0.692910
v 0.469670 2.000000 -0.530330
v 0.307090 2.000000 -0.287013
v 0.250000 2.000000 0.000000
v 0.307090 2.000000 0.287013
v 0.469670 2.000000 0.530330
v 0.712987 2.000000 0.692910
v 1.000000 2.000000 0.750000
v 1.287013 2.000000 0.692910
v 1.530330 2.000000 0.530330
v 1.692910 2.000000 0.287012
v 1.622551 2.250000 0.000000
v 1.575162 2.250000 -0.238240
v 1.440210 2.250000 -0.440210
v 1.238240 2.250000 -0.575162
v 1.000000 2.250000 -0.622551
v 0.761760 2.250000 -0.575162
v 0.559790 2.250000 -0.440210
v 0.424838 2.250000 -0.238240
v 0.377449 2.250000 0.000000
v 0.424838 2.250000 0.238240
v 0.559790 2.250000 0.440210
v 0.761760 2.250000 0.575162
v 1.000000 2.250000 0.622551
v 1.238240 2.250000 0.575162
v 1.440210 2.250000 0.440210
v 1.575162 2.250000 0.238240
v 1.692910 2.250000 -0.287013
v 1.750000 2.250000 0.000000
v 1.530330 2.250000 -0.530330
v 1.287013 2.250000 -0.692910
v 1.000000 2.250000 -0.750000
v 0.712987 2.250000 -0.692910
v 0.469670 2.250000 -0.530330
v 0.307090 2.250000 -0.287013
v 0.250000 2.250000 0.000000
v 0.307090 2.250000 0.287013
v 0.469670 2.250000 0.530330
v 0.712987 2.250000 0.692910
v 1.000000 2.250000 0.750000
v 1.287013 2.250000 0.692910
v 1.530330 2.250000 0.530330
v 1.692910 2.250000 0.287012
v 1.575162 2.000000 -0.238240
v 1.622551 2.000000 0.000000
v 1.440210 2.000000 -0.440210
v 1.238240 2.000000 -0.575162
v 1.000000 2.000000 -0.622551
v 0.761760 2.000000 -0.575162
v 0.559790 2.000000 -0.440210
v 0.424838 2.000000 -0.238240
v 0.377449 2.000000 0.000000
v 0.424838 2.000000 0.238240
v 0.559790 2.000000 0.440210
v 0.761760 2.000000 0.575162
v 1.000000 2.000000 0.622551
v 1.238240 2.000000 0.575162
v 1.440210 2.000000 0.440210
v 1.575162 2.000000 0.238240
v 1.062500 2.218750 -0.625000
v 1.062500 2.218750 0.625000
v 1.125000 2.218750 -0.625000
v 1.125000 2.218750 0.625000
v 0.687600 2.218750 -0.625000
v 0.687600 2.218750 0.625000
v 0.750100 2.218750 -0.625000
v 0.750100 2.218750 0.625000
v 0.875000 2.218750 -0.625000
v 0.875000 2.218750 0.625000
v 0.937500 2.218750 -0.625000
v 0.937500 2.218750 0.625000
v 1.312500 2.218750 0.625000
v 1.312500 2.218750 -0.625000
v 1.250000 2.218750 0.625000
v 1.250000 2.218750 -0.625000
v 0.500000 2.218750 -0.500000
v 0.500000 2.218750 0.500000
v 0.562500 2.218750 -0.500000
v 0.562500 2.218750 0.500000
v 1.437500 2.218750 -0.500000
v 1.437500 2.218750 0.500000
v 1.500000 2.218750 -0.500000
v 1.500000 2.218750 0.500000
v -1.750000 1.750000 -0.750000
v -1.750000 1.750000 0.750000
v -0.250000 1.750000 -0.750000
v -0.250000 1.750000 0.750000
v -0.250000 2.000000 -0.750000
v -1.750000 2.000000 -0.750000
v -1.750000 2.000000 0.750000
v -0.250000 2.000000 0.750000
v -1.440210 2.250000 0.440210
v -1.575162 2.250000 0.238240
v -1.622551 2.250000 -0.000000
v -1.575162 2.250000 -0.238240
v -1.440210 2.250000 -0.440210
v -1.238240 2.250000 -0.575162
v -1.000000 2.250000 -0.622551
v -0.761760 2.250000 -0.575162
v -0.559790 2.250000 -0.440210
v -0.424838 2.250000 -0.238240
v -0.377449 2.250000 -0.000000
v -0.307090 2.000000 0.287012
v -0.469670 2.000000 0.530330
v -0.712987 2.000000 0.692910
v -1.000000 2.000000 0.750000
v -1.287013 2.000000 0.692910
v -1.530330 2.000000 0.530330
v -1.692910 2.000000 0.287013
v -1.750000 2.000000 -0.000000
v -1.692910 2.000000 -0.287013
v -1.530330 2.000000 -0.530330
v -1.287013 2.000000 -0.692910
v -1.000000 2.000000 -0.750000
v -0.712987 2.000000 -0.692910
v -0.469670 2.000000 -0.530330
v -0.307090 2.000000 -0.287013
v -0.250000 2.000000 -0.000000
v -0.937500 2.218750 -0.625000
v -0.937500 2.218750 0.625000
v -0.875000 2.218750 -0.625000
v -0.875000 2.218750 0.625000
v -0.750000 2.218750 -0.625000
v -0.750000 2.218750 0.625000
v -0.687500 2.218750 -0.625000
v -0.687500 2.218750 0.625000
v -1.125000 2.218750 -0.625000
v -1.125000 2.218750 0.625000
v -1.062500 2.218750 -0.625000
v -1.062500 2.218750 0.625000
v -1.249900 2.218750 0.625000
v -1.249900 2.218750 -0.625000
v -1.312400 2.218750 0.625000
v -1.312400 2.218750 -0.625000
v -1.500000 2.218750 -0.500000
v -1.500000 2.218750 0.500000
v -1.437500 2.218750 -0.500000
v -1.437500 2.218750 0.500000
v -0.562500 2.218750 -0.500000
v -0.562500 2.218750 0.500000
v -0.500000 2.218750 -0.500000
v -0.500000 2.218750 0.500000
v 1.750000 2.000000 0.500000
v 1.750000 1.963388 0.411612
v 1.750000 1.875000 0.375000
v 1.750000 1.786612 0.411612
v 1.750000 1.750000 0.500000
v 1.750000 1.786612 0.588389
v 1.750000 1.875000 0.625000
v 1.750000 1.963388 0.588389
v 2.000000 2.000000 0.500000
v 2.000000 1.963388 0.411612
v 2.000000 1.875000 0.375000
v 2.000000 1.786612 0.411612
v 2.000000 1.750000 0.500000
v 2.000000 1.786612 0.588389
v 2.000000 1.875000 0.625000
v 2.000000 1.963388 0.588389
v 2.176777 1.926777 0.500000
v 2.150888 1.900888 0.411612
v 2.088388 1.838388 0.375000
v 2.025888 1.775888 0.411612
v 2.025888 1.775888 0.588389
v 2.088388 1.838388 0.625000
v 2.150888 1.900888 0.588389
v 2.250000 1.750000 0.500000
v 2.213388 1.750000 0.411612
v 2.125000 1.750000 0.375000
v 2.036612 1.750000 0.411612
v 2.036612 1.750000 0.588389
v 2.125000 1.750000 0.625000
v 2.213388 1.750000 0.588389
v 2.000000 0.750000 0.500000
v 2.250000 0.750000 0.500000
v 2.213388 0.750000 0.411612
v 2.125000 0.750000 0.375000
v 2.036612 0.750000 0.411612
v 2.036612 0.750000 0.588389
v 2.125000 0.750000 0.625000
v 2.213388 0.750000 0.588389
v 0.250000 2.000000 0.500000
v 0.250000 1.963388 0.411612
v 0.250000 1.875000 0.375000
v 0.250000 1.786612 0.411612
v 0.250000 1.750000 0.500000
v 0.250000 1.786612 0.588388
v 0.250000 1.875000 0.625000
v 0.250000 1.963388 0.588388
v -0.250000 2.000000 0.500000
v -0.250000 1.963388 0.411612
v -0.250000 1.875000 0.375000
v -0.250000 1.786612 0.411612
v -0.250000 1.750000 0.500000
v -0.250000 1.786612 0.588388
v -0.250000 1.875000 0.625000
v -0.250000 1.963388 0.588388
v 1.750000 2.500000 1.750000
v 1.750000 2.500000 2.250000
v 2.250000 2.500000 1.750000
v 2.250000 2.500000 2.250000
v 2.250000 2.750000 1.750000
v 1.750000 2.750000 1.750000
v 1.750000 2.750000 2.250000
v 2.250000 2.750000 2.250000
v 2.125000 2.750000 1.750000
v 2.036612 2.713388 1.750000
v 2.000000 2.625000 1.750000
v 2.036612 2.536612 1.750000
v 2.125000 2.500000 1.750000
v 2.213388 2.536612 1.750000
v 2.250000 2.625000 1.750000
v 2.213388 2.713388 1.750000
v 2.125000 2.750000 -1.750000
v 2.036612 2.713388 -1.750000
v 2.000000 2.625000 -1.750000
v 2.036612 2.536612 -1.750000
v 2.125000 2.500000 -1.750000
v 2.213388 2.536612 -1.750000
v 2.250000 2.625000 -1.750000
v 2.213388 2.713388 -1.750000
v 1.250000 2.625000 1.750000
v 1.213388 2.713388 1.750000
v 1.125000 2.750000 1.750000
v 1.036611 2.713388 1.750000
v 1.000000 2.625000 1.750000
v 1.036611 2.536612 1.750000
v 1.125000 2.500000 1.750000
v 1.213388 2.536612 1.750000
v 1.250000 2.625000 1.000000
v 1.213388 2.713388 1.000000
v 1.125000 2.750000 1.000000
v 1.036612 2.713388 1.000000
v 1.000000 2.625000 1.000000
v 1.036612 2.536612 1.000000
v 1.125000 2.500000 1.000000
v 1.213388 2.536612 1.000000
v 1.176776 2.625000 0.823223
v 1.150888 2.713388 0.849112
v 1.088388 2.750000 0.911612
v 1.025888 2.713388 0.974112
v 1.025888 2.536612 0.974112
v 1.088388 2.500000 0.911612
v 1.150888 2.536612 0.849112
v -0.750000 2.625000 -1.250000
v -0.926777 2.625000 -1.073223
v -0.775888 2.713388 -1.224112
v -0.838388 2.750000 -1.161612
v -0.900888 2.713388 -1.099112
v -0.900888 2.536612 -1.099112
v -0.838388 2.500000 -1.161612
v -0.775888 2.536612 -1.224112
v -1.000000 2.625000 -1.250000
v -0.786611 2.713388 -1.250000
v -0.875000 2.750000 -1.250000
v -0.963388 2.713388 -1.250000
v -0.963388 2.536612 -1.250000
v -0.875000 2.500000 -1.250000
v -0.786611 2.536612 -1.250000
v -0.750000 2.625000 -1.750000
v -1.000000 2.625000 -1.750000
v -0.786611 2.713388 -1.750000
v -0.875000 2.750000 -1.750000
v -0.963388 2.713388 -1.750000
v -0.963388 2.536612 -1.750000
v -0.875000 2.500000 -1.750000
v -0.786611 2.536612 -1.750000
v 1.000000 2.625000 1.750000
v 0.963388 2.713388 1.750000
v 0.875000 2.750000 1.750000
v 0.786611 2.713388 1.750000
v 0.750000 2.625000 1.750000
v 0.786611 2.536612 1.750000
v 0.875000 2.500000 1.750000
v 0.963388 2.536612 1.750000
v 1.000000 2.625000 1.250000
v 0.963388 2.713388 1.250000
v 0.875000 2.750000 1.250000
v 0.786611 2.713388 1.250000
v 0.750000 2.625000 1.250000
v 0.786611 2.536612 1.250000
v 0.875000 2.500000 1.250000
v 0.963388 2.536612 1.250000
v 0.926776 2.625000 1.073223
v 0.900888 2.713388 1.099112
v 0.838388 2.750000 1.161612
v 0.775888 2.713388 1.224112
v 0.775888 2.536612 1.224112
v 0.838388 2.500000 1.161612
v 0.900888 2.536612 1.099112
v -1.000000 2.625000 -1.000000
v -1.176777 2.625000 -0.823223
v -1.025888 2.713388 -0.974112
v -1.088388 2.750000 -0.911612
v -1.150888 2.713388 -0.849112
v -1.150888 2.536612 -0.849112
v -1.088388 2.500000 -0.911612
v -1.025888 2.536612 -0.974112
v -1.250000 2.625000 -1.000000
v -1.036612 2.713388 -1.000000
v -1.125000 2.750000 -1.000000
v -1.213388 2.713388 -1.000000
v -1.213388 2.536612 -1.000000
v -1.125000 2.500000 -1.000000
v -1.036612 2.536612 -1.000000
v -1.000000 2.625000 -1.750000
v -1.250000 2.625000 -1.750000
v -1.036611 2.713388 -1.750000
v -1.125000 2.750000 -1.750000
v -1.213388 2.713388 -1.750000
v -1.213388 2.536612 -1.750000
v -1.125000 2.500000 -1.750000
v -1.036611 2.536612 -1.750000
v -0.125000 2.750000 1.750000
v -0.213388 2.713388 1.750000
v -0.250000 2.625000 1.750000
v -0.213388 2.536612 1.750000
v -0.125000 2.500000 1.750000
v -0.036612 2.536612 1.750000
v -0.000000 2.625000 1.750000
v -0.036612 2.713388 1.750000
v -0.125000 2.750000 1.375000
v -0.213388 2.713388 1.375000
v -0.250000 2.625000 1.375000
v -0.213388 2.536612 1.375000
v -0.125000 2.500000 1.375000
v -0.036612 2.536612 1.375000
v -0.000000 2.625000 1.375000
v -0.036612 2.713388 1.375000
v -0.125000 2.676776 1.198223
v -0.213389 2.650888 1.224112
v -0.250000 2.588388 1.286612
v -0.213388 2.525888 1.349112
v -0.036612 2.525888 1.349112
v -0.000000 2.588388 1.286612
v -0.036612 2.650888 1.224112
v -0.125000 2.500000 1.125000
v -0.213388 2.500000 1.161612
v -0.250000 2.500000 1.250000
v -0.213388 2.500000 1.338388
v -0.036612 2.500000 1.338388
v -0.000000 2.500000 1.250000
v -0.036612 2.500000 1.161612
v -0.125000 1.000000 1.375000
v -0.125000 1.000000 1.125000
v -0.213388 1.000000 1.161612
v -0.250000 1.000000 1.250000
v -0.213388 1.000000 1.338388
v -0.036612 1.000000 1.338388
v -0.000000 1.000000 1.250000
v -0.036612 1.000000 1.161612
v -0.125000 0.823223 1.301777
v -0.213388 0.974112 1.150888
v -0.250000 0.911612 1.213388
v -0.213388 0.849112 1.275888
v -0.036612 0.849112 1.275888
v -0.000000 0.911612 1.213388
v -0.036612 0.974112 1.150888
v -0.125000 0.750000 1.125000
v -0.213388 0.963388 1.125000
v -0.250000 0.875000 1.125000
v -0.213388 0.786612 1.125000
v -0.036612 0.786612 1.125000
v -0.000000 0.875000 1.125000
v -0.036612 0.963388 1.125000
v -0.125000 1.000000 1.000000
v -0.125000 0.750000 1.000000
v -0.213388 0.963388 1.000000
v -0.250000 0.875000 1.000000
v -0.213388 0.786612 1.000000
v -0.036612 0.786612 1.000000
v -0.000000 0.875000 1.000000
v -0.036612 0.963388 1.000000
v 0.125000 2.750000 1.750000
v 0.036612 2.713388 1.750000
v -0.000000 2.625000 1.750000
v 0.036612 2.536612 1.750000
v 0.125000 2.500000 1.750000
v 0.213388 2.536612 1.750000
v 0.250000 2.625000 1.750000
v 0.213388 2.713388 1.750000
v 0.125000 2.750000 1.375000
v 0.036612 2.713388 1.375000
v -0.000000 2.625000 1.375000
v 0.036612 2.536612 1.375000
v 0.125000 2.500000 1.375000
v 0.213388 2.536612 1.375000
v 0.250000 2.625000 1.375000
v 0.213388 2.713388 1.375000
v 0.125000 2.676776 1.198223
v 0.036612 2.650888 1.224112
v -0.000000 2.588388 1.286612
v 0.036612 2.525888 1.349112
v 0.213388 2.525888 1.349112
v 0.250000 2.588388 1.286612
v 0.213388 2.650888 1.224112
v 0.125000 2.500000 1.125000
v 0.036612 2.500000 1.161612
v -0.000000 2.500000 1.250000
v 0.036612 2.500000 1.338388
v 0.213388 2.500000 1.338388
v 0.250000 2.500000 1.250000
v 0.213388 2.500000 1.161612
v 0.125000 1.000000 1.375000
v 0.125000 1.000000 1.125000
v 0.036612 1.000000 1.161612
v -0.000000 1.000000 1.250000
v 0.036612 1.000000 1.338388
v 0.213388 1.000000 1.338388
v 0.250000 1.000000 1.250000
v 0.213388 1.000000 1.161612
v 0.125000 0.823223 1.301777
v 0.036612 0.974112 1.150888
v -0.000000 0.911612 1.213388
v 0.036612 0.849112 1.275888
v 0.213388 0.849112 1.275888
v 0.250000 0.911612 1.213388
v 0.213388 0.974112 1.150888
v 0.125000 0.750000 1.125000
v 0.036612 0.963388 1.125000
v -0.000000 0.875000 1.125000
v 0.036612 0.786612 1.125000
v 0.213388 0.786612 1.125000
v 0.250000 0.875000 1.125000
v 0.213388 0.963388 1.125000
v 0.125000 1.000000 1.000000
v 0.125000 0.750000 1.000000
v 0.036612 0.963388 1.000000
v -0.000000 0.875000 1.000000
v 0.036612 0.786612 1.000000
v 0.213388 0.786612 1.000000
v 0.250000 0.875000 1.000000
v 0.213388 0.963388 1.000000
v 2.088388 0.411612 1.750000
v 2.000000 0.375000 1.750000
v 1.911612 0.411612 1.750000
v 1.875000 0.500000 1.750000
v 1.911612 0.588388 1.750000
v 2.000000 0.625000 1.750000
v 2.088388 0.588388 1.750000
v 2.125000 0.500000 1.750000
v 2.088388 0.411612 1.250000
v 2.000000 0.375000 1.250000
v 1.911612 0.411612 1.250000
v 1.875000 0.500000 1.250000
v 1.911612 0.588388 1.250000
v 2.000000 0.625000 1.250000
v 2.088388 0.588388 1.250000
v 2.125000 0.500000 1.250000
v 1.812500 2.750000 1.812500
v 1.812500 2.750000 2.187500
v 2.187500 2.750000 1.812500
v 2.187500 2.750000 2.187500
v 2.187500 3.000000 1.812500
v 1.812500 3.000000 1.812500
v 1.812500 3.000000 2.187500
v 2.187500 3.000000 2.187500
v 2.500000 2.500000 2.000000
v 2.433013 2.500000 1.750000
v 2.250000 2.500000 1.566987
v 2.000000 2.500000 1.500000
v 1.750000 2.500000 1.566987
v 1.566987 2.500000 1.750000
v 1.500000 2.500000 2.000000
v 1.566987 2.500000 2.250000
v 1.750000 2.500000 2.433012
v 2.000000 2.500000 2.500000
v 2.250000 2.500000 2.433013
v 2.433012 2.500000 2.250000
v 1.750000 2.000000 0.250000
v 1.750000 1.963388 0.161612
v 1.750000 1.875000 0.125000
v 1.750000 1.786612 0.161612
v 1.750000 1.750000 0.250000
v 1.750000 1.786612 0.338389
v 1.750000 1.875000 0.375000
v 1.750000 1.963388 0.338389
v 2.000000 2.000000 0.250000
v 2.000000 1.963388 0.161612
v 2.000000 1.875000 0.125000
v 2.000000 1.786612 0.161612
v 2.000000 1.750000 0.250000
v 2.000000 1.786612 0.338389
v 2.000000 1.875000 0.375000
v 2.000000 1.963388 0.338389
v 2.176777 1.926777 0.250000
v 2.150888 1.900888 0.161612
v 2.088388 1.838388 0.125000
v 2.025888 1.775888 0.161612
v 2.025888 1.775888 0.338389
v 2.088388 1.838388 0.375000
v 2.150888 1.900888 0.338389
v 2.250000 1.750000 0.250000
v 2.213388 1.750000 0.161612
v 2.125000 1.750000 0.125000
v 2.036612 1.750000 0.161612
v 2.036612 1.750000 0.338389
v 2.125000 1.750000 0.375000
v 2.213388 1.750000 0.338389
v 2.000000 0.750000 0.250000
v 2.250000 0.750000 0.250000
v 2.213388 0.750000 0.161612
v 2.125000 0.750000 0.125000
v 2.036612 0.750000 0.161612
v 2.036612 0.750000 0.338389
v 2.125000 0.750000 0.375000
v 2.213388 0.750000 0.338389
v 1.750000 2.000000 0.000000
v 1.750000 1.963388 -0.088388
v 1.750000 1.875000 -0.125000
v 1.750000 1.786612 -0.088388
v 1.750000 1.750000 0.000000
v 1.750000 1.786612 0.088389
v 1.750000 1.875000 0.125000
v 1.750000 1.963388 0.088389
v 2.000000 2.000000 0.000000
v 2.000000 1.963388 -0.088388
v 2.000000 1.875000 -0.125000
v 2.000000 1.786612 -0.088388
v 2.000000 1.750000 0.000000
v 2.000000 1.786612 0.088389
v 2.000000 1.875000 0.125000
v 2.000000 1.963388 0.088389
v 2.176777 1.926777 0.000000
v 2.150888 1.900888 -0.088388
v 2.088388 1.838388 -0.125000
v 2.025888 1.775888 -0.088388
v 2.025888 1.775888 0.088389
v 2.088388 1.838388 0.125000
v 2.150888 1.900888 0.088389
v 2.250000 1.750000 0.000000
v 2.213388 1.750000 -0.088388
v 2.125000 1.750000 -0.125000
v 2.036612 1.750000 -0.088388
v 2.036612 1.750000 0.088389
v 2.125000 1.750000 0.125000
v 2.213388 1.750000 0.088389
v 2.000000 0.750000 0.000000
v 2.250000 0.750000 0.000000
v 2.213388 0.750000 -0.088388
v 2.125000 0.750000 -0.125000
v 2.036612 0.750000 -0.088388
v 2.036612 0.750000 0.088389
v 2.125000 0.750000 0.125000
v 2.213388 0.750000 0.088389
v 1.750000 2.000000 -0.250000
v 1.750000 1.963388 -0.338388
v 1.750000 1.875000 -0.375000
v 1.750000 1.786612 -0.338388
v 1.750000 1.750000 -0.250000
v 1.750000 1.786612 -0.161611
v 1.750000 1.875000 -0.125000
v 1.750000 1.963388 -0.161611
v 2.000000 2.000000 -0.250000
v 2.000000 1.963388 -0.338388
v 2.000000 1.875000 -0.375000
v 2.000000 1.786612 -0.338388
v 2.000000 1.750000 -0.250000
v 2.000000 1.786612 -0.161611
v 2.000000 1.875000 -0.125000
v 2.000000 1.963388 -0.161611
v 2.176777 1.926777 -0.250000
v 2.150888 1.900888 -0.338388
v 2.088388 1.838388 -0.375000
v 2.025888 1.775888 -0.338388
v 2.025888 1.775888 -0.161611
v 2.088388 1.838388 -0.125000
v 2.150888 1.900888 -0.161611
v 2.250000 1.750000 -0.250000
v 2.213388 1.750000 -0.338388
v 2.125000 1.750000 -0.375000
v 2.036612 1.750000 -0.338388
v 2.036612 1.750000 -0.161611
v 2.125000 1.750000 -0.125000
v 2.213388 1.750000 -0.161611
v 2.000000 0.750000 -0.250000
v 2.250000 0.750000 -0.250000
v 2.213388 0.750000 -0.338388
v 2.125000 0.750000 -0.375000
v 2.036612 0.750000 -0.338388
v 2.036612 0.750000 -0.161611
v 2.125000 0.750000 -0.125000
v 2.213388 0.750000 -0.161611
v 1.750000 2.000000 -0.500000
v 1.750000 1.963388 -0.588388
v 1.750000 1.875000 -0.625000
v 1.750000 1.786612 -0.588388
v 1.750000 1.750000 -0.500000
v 1.750000 1.786612 -0.411611
v 1.750000 1.875000 -0.375000
v 1.750000 1.963388 -0.411611
v 2.000000 2.000000 -0.500000
v 2.000000 1.963388 -0.588388
v 2.000000 1.875000 -0.625000
v 2.000000 1.786612 -0.588388
v 2.000000 1.750000 -0.500000
v 2.000000 1.786612 -0.411611
v 2.000000 1.875000 -0.375000
v 2.000000 1.963388 -0.411611
v 2.176777 1.926777 -0.500000
v 2.150888 1.900888 -0.588388
v 2.088388 1.838388 -0.625000
v 2.025888 1.775888 -0.588388
v 2.025888 1.775888 -0.411611
v 2.088388 1.838388 -0.375000
v 2.150888 1.900888 -0.411611
v 2.250000 1.750000 -0.500000
v 2.213388 1.750000 -0.588388
v 2.125000 1.750000 -0.625000
v 2.036612 1.750000 -0.588388
v 2.036612 1.750000 -0.411611
v 2.125000 1.750000 -0.375000
v 2.213388 1.750000 -0.411611
v 2.000000 0.750000 -0.500000
v 2.250000 0.750000 -0.500000
v 2.213388 0.750000 -0.588388
v 2.125000 0.750000 -0.625000
v 2.036612 0.750000 -0.588388
v 2.036612 0.750000 -0.411611
v 2.125000 0.750000 -0.375000
v 2.213388 0.750000 -0.411611
v -1.750000 2.000000 -0.500000
v -1.750000 1.963388 -0.411612
v -1.750000 1.875000 -0.375000
v -1.750000 1.786612 -0.411612
v -1.750000 1.750000 -0.500000
v -1.750000 1.786612 -0.588388
v -1.750000 1.875000 -0.625000
v -1.750000 1.963388 -0.588388
v -2.000000 2.000000 -0.500000
v -2.000000 1.963388 -0.411611
v -2.000000 1.875000 -0.375000
v -2.000000 1.786612 -0.411611
v -2.000000 1.750000 -0.500000
v -2.000000 1.786612 -0.588388
v -2.000000 1.875000 -0.625000
v -2.000000 1.963388 -0.588388
v -2.176777 1.926777 -0.500000
v -2.150888 1.900888 -0.411611
v -2.088388 1.838388 -0.375000
v -2.025888 1.775888 -0.411611
v -2.025888 1.775888 -0.588388
v -2.088388 1.838388 -0.625000
v -2.150888 1.900888 -0.588388
v -2.250000 1.750000 -0.500000
v -2.213388 1.750000 -0.411611
v -2.125000 1.750000 -0.375000
v -2.036612 1.750000 -0.411611
v -2.036612 1.750000 -0.588388
v -2.125000 1.750000 -0.625000
v -2.213388 1.750000 -0.588388
v -2.000000 0.750000 -0.500000
v -2.250000 0.750000 -0.500000
v -2.213388 0.750000 -0.411611
v -2.125000 0.750000 -0.375000
v -2.036612 0.750000 -0.411611
v -2.036612 0.750000 -0.588388
v -2.125000 0.750000 -0.625000
v -2.213388 0.750000 -0.588388
v -1.750000 2.000000 -0.250000
v -1.750000 1.963388 -0.161611
v -1.750000 1.875000 -0.125000
v -1.750000 1.786612 -0.161611
v -1.750000 1.750000 -0.250000
v -1.750000 1.786612 -0.338388
v -1.750000 1.875000 -0.375000
v -1.750000 1.963388 -0.338388
v -2.000000 2.000000 -0.250000
v -2.000000 1.963388 -0.161611
v -2.000000 1.875000 -0.125000
v -2.000000 1.786612 -0.161611
v -2.000000 1.750000 -0.250000
v -2.000000 1.786612 -0.338388
v -2.000000 1.875000 -0.375000
v -2.000000 1.963388 -0.338388
v -2.176777 1.926777 -0.250000
v -2.150888 1.900888 -0.161611
v -2.088388 1.838388 -0.125000
v -2.025888 1.775888 -0.161611
v -2.025888 1.775888 -0.338388
v -2.088388 1.838388 -0.375000
v -2.150888 1.900888 -0.338388
v -2.250000 1.750000 -0.250000
v -2.213388 1.750000 -0.161611
v -2.125000 1.750000 -0.125000
v -2.036612 1.750000 -0.161611
v -2.036612 1.750000 -0.338388
v -2.125000 1.750000 -0.375000
v -2.213388 1.750000 -0.338388
v -2.000000 0.750000 -0.250000
v -2.250000 0.750000 -0.250000
v -2.213388 0.750000 -0.161611
v -2.125000 0.750000 -0.125000
v -2.036612 0.750000 -0.161611
v -2.036612 0.750000 -0.338388
v -2.125000 0.750000 -0.375000
v -2.213388 0.750000 -0.338388
v -1.750000 2.000000 0.000000
v -1.750000 1.963388 0.088389
v -1.750000 1.875000 0.125000
v -1.750000 1.786612 0.088389
v -1.750000 1.750000 0.000000
v -1.750000 1.786612 -0.088388
v -1.750000 1.875000 -0.125000
v -1.750000 1.963388 -0.088388
v -2.000000 2.000000 0.000000
v -2.000000 1.963388 0.088389
v -2.000000 1.875000 0.125000
v -2.000000 1.786612 0.088389
v -2.000000 1.750000 0.000000
v -2.000000 1.786612 -0.088388
v -2.000000 1.875000 -0.125000
v -2.000000 1.963388 -0.088388
v -2.176777 1.926777 0.000000
v -2.150888 1.900888 0.088389
v -2.088388 1.838388 0.125000
v -2.025888 1.775888 0.088389
v -2.025888 1.775888 -0.088388
v -2.088388 1.838388 -0.125000
v -2.150888 1.900888 -0.088388
v -2.250000 1.750000 0.000000
v -2.213388 1.750000 0.088389
v -2.125000 1.750000 0.125000
v -2.036612 1.750000 0.088389
v -2.036612 1.750000 -0.088388
v -2.125000 1.750000 -0.125000
v -2.213388 1.750000 -0.088388
v -2.000000 0.750000 0.000000
v -2.250000 0.750000 0.000000
v -2.213388 0.750000 0.088389
v -2.125000 0.750000 0.125000
v -2.036612 0.750000 0.088389
v -2.036612 0.750000 -0.088388
v -2.125000 0.750000 -0.125000
v -2.213388 0.750000 -0.088388
v -1.750000 2.000000 0.250000
v -1.750000 1.963388 0.338388
v -1.750000 1.875000 0.375000
v -1.750000 1.786612 0.338388
v -1.750000 1.750000 0.250000
v -1.750000 1.786612 0.161612
v -1.750000 1.875000 0.125000
v -1.750000 1.963388 0.161612
v -2.000000 2.000000 0.250000
v -2.000000 1.963388 0.338389
v -2.000000 1.875000 0.375000
v -2.000000 1.786612 0.338389
v -2.000000 1.750000 0.250000
v -2.000000 1.786612 0.161612
v -2.000000 1.875000 0.125000
v -2.000000 1.963388 0.161612
v -2.176777 1.926777 0.250000
v -2.150888 1.900888 0.338389
v -2.088388 1.838388 0.375000
v -2.025888 1.775888 0.338389
v -2.025888 1.775888 0.161612
v -2.088388 1.838388 0.125000
v -2.150888 1.900888 0.161612
v -2.250000 1.750000 0.250000
v -2.213388 1.750000 0.338389
v -2.125000 1.750000 0.375000
v -2.036612 1.750000 0.338389
v -2.036612 1.750000 0.161612
v -2.125000 1.750000 0.125000
v -2.213388 1.750000 0.161612
v -2.000000 0.750000 0.250000
v -2.250000 0.750000 0.250000
v -2.213388 0.750000 0.338389
v -2.125000 0.750000 0.375000
v -2.036612 0.750000 0.338389
v -2.036612 0.750000 0.161612
v -2.125000 0.750000 0.125000
v -2.213388 0.750000 0.161612
v -1.750000 2.000000 0.500000
v -1.750000 1.963388 0.588389
v -1.750000 1.875000 0.625000
v -1.750000 1.786612 0.588389
v -1.750000 1.750000 0.500000
v -1.750000 1.786612 0.411612
v -1.750000 1.875000 0.375000
v -1.750000 1.963388 0.411612
v -2.000000 2.000000 0.500000
v -2.000000 1.963388 0.588389
v -2.000000 1.875000 0.625000
v -2.000000 1.786612 0.588389
v -2.000000 1.750000 0.500000
v -2.000000 1.786612 0.411612
v -2.000000 1.875000 0.375000
v -2.000000 1.963388 0.411612
v -2.176777 1.926777 0.500000
v -2.150888 1.900888 0.588389
v -2.088388 1.838388 0.625000
v -2.025888 1.775888 0.588389
v -2.025888 1.775888 0.411612
v -2.088388 1.838388 0.375000
v -2.150888 1.900888 0.411612
v -2.250000 1.750000 0.500000
v -2.213388 1.750000 0.588389
v -2.125000 1.750000 0.625000
v -2.036612 1.750000 0.588389
v -2.036612 1.750000 0.411612
v -2.125000 1.750000 0.375000
v -2.213388 1.750000 0.411612
v -2.000000 0.750000 0.500000
v -2.250000 0.750000 0.500000
v -2.213388 0.750000 0.588389
v -2.125000 0.750000 0.625000
v -2.036612 0.750000 0.588389
v -2.036612 0.750000 0.411612
v -2.125000 0.750000 0.375000
v -2.213388 0.750000 0.411612
v 0.250000 2.000000 0.250000
v 0.250000 1.963388 0.161612
v 0.250000 1.875000 0.125000
v 0.250000 1.786612 0.161612
v 0.250000 1.750000 0.250000
v 0.250000 1.786612 0.338388
v 0.250000 1.875000 0.375000
v 0.250000 1.963388 0.338388
v -0.250000 2.000000 0.250000
v -0.250000 1.963388 0.161612
v -0.250000 1.875000 0.125000
v -0.250000 1.786612 0.161612
v -0.250000 1.750000 0.250000
v -0.250000 1.786612 0.338388
v -0.250000 1.875000 0.375000
v -0.250000 1.963388 0.338388
v 0.250000 2.000000 0.000000
v 0.250000 1.963388 -0.088388
v 0.250000 1.875000 -0.125000
v 0.250000 1.786612 -0.088388
v 0.250000 1.750000 0.000000
v 0.250000 1.786612 0.088388
v 0.250000 1.875000 0.125000
v 0.250000 1.963388 0.088388
v -0.250000 2.000000 -0.000000
v -0.250000 1.963388 -0.088388
v -0.250000 1.875000 -0.125000
v -0.250000 1.786612 -0.088388
v -0.250000 1.750000 -0.000000
v -0.250000 1.786612 0.088388
v -0.250000 1.875000 0.125000
v -0.250000 1.963388 0.088388
v 0.250000 2.000000 -0.250000
v 0.250000 1.963388 -0.338388
v 0.250000 1.875000 -0.375000
v 0.250000 1.786612 -0.338388
v 0.250000 1.750000 -0.250000
v 0.250000 1.786612 -0.161612
v 0.250000 1.875000 -0.125000
v 0.250000 1.963388 -0.161612
v -0.250000 2.000000 -0.250000
v -0.250000 1.963388 -0.338388
v -0.250000 1.875000 -0.375000
v -0.250000 1.786612 -0.338388
v -0.250000 1.750000 -0.250000
v -0.250000 1.786612 -0.161612
v -0.250000 1.875000 -0.125000
v -0.250000 1.963388 -0.161612
v 0.250000 2.000000 -0.500000
v 0.250000 1.963388 -0.588388
v 0.250000 1.875000 -0.625000
v 0.250000 1.786612 -0.588388
v 0.250000 1.750000 -0.500000
v 0.250000 1.786612 -0.411612
v 0.250000 1.875000 -0.375000
v 0.250000 1.963388 -0.411612
v -0.250000 2.000000 -0.500000
v -0.250000 1.963388 -0.588388
v -0.250000 1.875000 -0.625000
v -0.250000 1.786612 -0.588388
v -0.250000 1.750000 -0.500000
v -0.250000 1.786612 -0.411612
v -0.250000 1.875000 -0.375000
v -0.250000 1.963388 -0.411612
v -1.238240 2.250000 0.575162
v -1.000000 2.250000 0.622551
v -0.761760 2.250000 0.575162
v -0.559790 2.250000 0.440210
v -0.424838 2.250000 0.238240
v -0.307090 2.250000 -0.287013
v -0.250000 2.250000 -0.000000
v -0.469670 2.250000 -0.530330
v -0.712987 2.250000 -0.692910
v -1.000000 2.250000 -0.750000
v -1.287013 2.250000 -0.692910
v -1.530330 2.250000 -0.530330
v -1.692910 2.250000 -0.287013
v -1.750000 2.250000 -0.000000
v -1.692910 2.250000 0.287013
v -1.530330 2.250000 0.530330
v -1.287013 2.250000 0.692910
v -1.000000 2.250000 0.750000
v -0.712987 2.250000 0.692910
v -0.469670 2.250000 0.530330
v -0.307090 2.250000 0.287012
v -0.424838 2.000000 -0.238240
v -0.377449 2.000000 -0.000000
v -0.559790 2.000000 -0.440210
v -0.761760 2.000000 -0.575162
v -1.000000 2.000000 -0.622551
v -1.238240 2.000000 -0.575162
v -1.440210 2.000000 -0.440210
v -1.575162 2.000000 -0.238240
v -1.622551 2.000000 -0.000000
v -1.575162 2.000000 0.238240
v -1.440210 2.000000 0.440210
v -1.238240 2.000000 0.575162
v -1.000000 2.000000 0.622551
v -0.761760 2.000000 0.575162
v -0.559790 2.000000 0.440210
v -0.424838 2.000000 0.238240
v 1.433012 0.750000 2.250000
v 1.250000 0.750000 2.433013
v 1.000000 0.750000 2.500000
v 0.750000 0.750000 2.433012
v 0.566987 0.750000 2.250000
v 0.500000 0.750000 2.000000
v 0.566987 0.750000 1.750000
v 0.750000 0.750000 1.566987
v 1.000000 0.750000 1.500000
v 1.250000 0.750000 1.566987
v 1.500000 0.750000 2.000000
v 1.433013 0.750000 1.750000
v 1.500000 2.500000 2.000000
v 1.433013 2.500000 1.750000
v 1.250000 2.500000 1.566987
v 1.000000 2.500000 1.500000
v 0.750000 2.500000 1.566987
v 0.566987 2.500000 1.750000
v 0.500000 2.500000 2.000000
v 0.566987 2.500000 2.250000
v 0.750000 2.500000 2.433012
v 1.000000 2.500000 2.500000
v 1.250000 2.500000 2.433013
v 1.433012 2.500000 2.250000
v 0.433012 0.750000 2.250000
v 0.250000 0.750000 2.433013
v -0.000000 0.750000 2.500000
v -0.250000 0.750000 2.433012
v -0.433013 0.750000 2.250000
v -0.500000 0.750000 2.000000
v -0.433013 0.750000 1.750000
v -0.250000 0.750000 1.566987
v -0.000000 0.750000 1.500000
v 0.250000 0.750000 1.566987
v 0.500000 0.750000 2.000000
v 0.433013 0.750000 1.750000
v 0.500000 2.500000 2.000000
v 0.433013 2.500000 1.750000
v 0.250000 2.500000 1.566987
v -0.000000 2.500000 1.500000
v -0.250000 2.500000 1.566987
v -0.433013 2.500000 1.750000
v -0.500000 2.500000 2.000000
v -0.433013 2.500000 2.250000
v -0.250000 2.500000 2.433012
v -0.000000 2.500000 2.500000
v 0.250000 2.500000 2.433013
v 0.433012 2.500000 2.250000
v -0.566988 0.750000 2.250000
v -0.750000 0.750000 2.433013
v -1.000000 0.750000 2.500000
v -1.250000 0.750000 2.433012
v -1.433013 0.750000 2.250000
v -1.500000 0.750000 2.000000
v -1.433013 0.750000 1.750000
v -1.250000 0.750000 1.566987
v -1.000000 0.750000 1.500000
v -0.750000 0.750000 1.566987
v -0.500000 0.750000 2.000000
v -0.566987 0.750000 1.750000
v -0.500000 2.500000 2.000000
v -0.566987 2.500000 1.750000
v -0.750000 2.500000 1.566987
v -1.000000 2.500000 1.500000
v -1.250000 2.500000 1.566987
v -1.433013 2.500000 1.750000
v -1.500000 2.500000 2.000000
v -1.433013 2.500000 2.250000
v -1.250000 2.500000 2.433012
v -1.000000 2.500000 2.500000
v -0.750000 2.500000 2.433013
v -0.566988 2.500000 2.250000
v -1.566988 0.750000 2.250000
v -1.750000 0.750000 2.433013
v -2.000000 0.750000 2.500000
v -2.250000 0.750000 2.433012
v -2.433013 0.750000 2.250000
v -2.500000 0.750000 2.000000
v -2.433013 0.750000 1.750000
v -2.250000 0.750000 1.566987
v -2.000000 0.750000 1.500000
v -1.750000 0.750000 1.566987
v -1.500000 0.750000 2.000000
v -1.566987 0.750000 1.750000
v -1.500000 2.500000 2.000000
v -1.566987 2.500000 1.750000
v -1.750000 2.500000 1.566987
v -2.000000 2.500000 1.500000
v -2.250000 2.500000 1.566987
v -2.433013 2.500000 1.750000
v -2.500000 2.500000 2.000000
v -2.433013 2.500000 2.250000
v -2.250000 2.500000 2.433012
v -2.000000 2.500000 2.500000
v -1.750000 2.500000 2.433013
v -1.566988 2.500000 2.250000
v -2.433012 0.750000 -2.250000
v -2.250000 0.750000 -2.433013
v -2.000000 0.750000 -2.500000
v -1.750000 0.750000 -2.433012
v -1.566987 0.750000 -2.250000
v -1.500000 0.750000 -2.000000
v -1.566987 0.750000 -1.750000
v -1.750000 0.750000 -1.566987
v -2.000000 0.750000 -1.500000
v -2.250000 0.750000 -1.566987
v -2.500000 0.750000 -2.000000
v -2.433013 0.750000 -1.750000
v -2.500000 2.500000 -2.000000
v -2.433013 2.500000 -1.750000
v -2.250000 2.500000 -1.566987
v -2.000000 2.500000 -1.500000
v -1.750000 2.500000 -1.566987
v -1.566987 2.500000 -1.750000
v -1.500000 2.500000 -2.000000
v -1.566987 2.500000 -2.250000
v -1.750000 2.500000 -2.433012
v -2.000000 2.500000 -2.500000
v -2.250000 2.500000 -2.433013
v -2.433012 2.500000 -2.250000
v -1.433013 0.750000 -2.250000
v -1.250000 0.750000 -2.433013
v -1.000000 0.750000 -2.500000
v -0.750000 0.750000 -2.433012
v -0.566987 0.750000 -2.250000
v -0.500000 0.750000 -2.000000
v -0.566987 0.750000 -1.750000
v -0.750000 0.750000 -1.566987
v -1.000000 0.750000 -1.500000
v -1.250000 0.750000 -1.566987
v -1.500000 0.750000 -2.000000
v -1.433013 0.750000 -1.750000
v -1.500000 2.500000 -2.000000
v -1.433013 2.500000 -1.750000
v -1.250000 2.500000 -1.566987
v -1.000000 2.500000 -1.500000
v -0.750000 2.500000 -1.566987
v -0.566987 2.500000 -1.750000
v -0.500000 2.500000 -2.000000
v -0.566987 2.500000 -2.250000
v -0.750000 2.500000 -2.433012
v -1.000000 2.500000 -2.500000
v -1.250000 2.500000 -2.433013
v -1.433013 2.500000 -2.250000
v -0.433013 0.750000 -2.250000
v -0.250000 0.750000 -2.433013
v 0.000000 0.750000 -2.500000
v 0.250000 0.750000 -2.433012
v 0.433013 0.750000 -2.250000
v 0.500000 0.750000 -2.000000
v 0.433013 0.750000 -1.750000
v 0.250000 0.750000 -1.566987
v -0.000000 0.750000 -1.500000
v -0.250000 0.750000 -1.566987
v -0.500000 0.750000 -2.000000
v -0.433013 0.750000 -1.750000
v -0.500000 2.500000 -2.000000
v -0.433013 2.500000 -1.750000
v -0.250000 2.500000 -1.566987
v -0.000000 2.500000 -1.500000
v 0.250000 2.500000 -1.566987
v 0.433013 2.500000 -1.750000
v 0.500000 2.500000 -2.000000
v 0.433013 2.500000 -2.250000
v 0.250000 2.500000 -2.433012
v 0.000000 2.500000 -2.500000
v -0.250000 2.500000 -2.433013
v -0.433013 2.500000 -2.250000
v 0.566987 0.750000 -2.250000
v 0.750000 0.750000 -2.433013
v 1.000000 0.750000 -2.500000
v 1.250000 0.750000 -2.433012
v 1.433013 0.750000 -2.250000
v 1.500000 0.750000 -2.000000
v 1.433013 0.750000 -1.750000
v 1.250000 0.750000 -1.566987
v 1.000000 0.750000 -1.500000
v 0.750000 0.750000 -1.566987
v 0.500000 0.750000 -2.000000
v 0.566987 0.750000 -1.750000
v 0.500000 2.500000 -2.000000
v 0.566987 2.500000 -1.750000
v 0.750000 2.500000 -1.566987
v 1.000000 2.500000 -1.500000
v 1.250000 2.500000 -1.566987
v 1.433013 2.500000 -1.750000
v 1.500000 2.500000 -2.000000
v 1.433013 2.500000 -2.250000
v 1.250000 2.500000 -2.433012
v 1.000000 2.500000 -2.500000
v 0.750000 2.500000 -2.433013
v 0.566987 2.500000 -2.250000
v 1.566987 0.750000 -2.250001
v 1.750000 0.750000 -2.433013
v 2.000000 0.750000 -2.500000
v 2.250000 0.750000 -2.433012
v 2.433012 0.750000 -2.250000
v 2.500000 0.750000 -2.000000
v 2.433012 0.750000 -1.750000
v 2.250000 0.750000 -1.566987
v 2.000000 0.750000 -1.500000
v 1.750000 0.750000 -1.566987
v 1.500000 0.750000 -2.000000
v 1.566987 0.750000 -1.750000
v 1.500000 2.500000 -2.000000
v 1.566987 2.500000 -1.750000
v 1.750000 2.500000 -1.566987
v 2.000000 2.500000 -1.500000
v 2.250000 2.500000 -1.566987
v 2.433012 2.500000 -1.750000
v 2.500000 2.500000 -2.000000
v 2.433012 2.500000 -2.250000
v 2.250000 2.500000 -2.433012
v 2.000000 2.500000 -2.500000
v 1.750000 2.500000 -2.433013
v 1.566987 2.500000 -2.250001
v 0.750000 2.500000 1.750000
v 0.750000 2.500000 2.250000
v 1.250000 2.500000 1.750000
v 1.250000 2.500000 2.250000
v 1.250000 2.750000 1.750000
v 0.750000 2.750000 1.750000
v 0.750000 2.750000 2.250000
v 1.250000 2.750000 2.250000
v 0.812500 2.750000 1.812500
v 0.812500 2.750000 2.187500
v 1.187500 2.750000 1.812500
v 1.187500 2.750000 2.187500
v 1.187500 3.000000 1.812500
v 0.812500 3.000000 1.812500
v 0.812500 3.000000 2.187500
v 1.187500 3.000000 2.187500
v -0.250000 2.500000 1.750000
v -0.250000 2.500000 2.250000
v 0.250000 2.500000 1.750000
v 0.250000 2.500000 2.250000
v 0.250000 2.750000 1.750000
v -0.250000 2.750000 1.750000
v -0.250000 2.750000 2.250000
v 0.250000 2.750000 2.250000
v -0.187500 2.750000 1.812500
v -0.187500 2.750000 2.187500
v 0.187500 2.750000 1.812500
v 0.187500 2.750000 2.187500
v 0.187500 3.000000 1.812500
v -0.187500 3.000000 1.812500
v -0.187500 3.000000 2.187500
v 0.187500 3.000000 2.187500
v -1.250000 2.500000 1.750000
v -1.250000 2.500000 2.250000
v -0.750000 2.500000 1.750000
v -0.750000 2.500000 2.250000
v -0.750000 2.750000 1.750000
v -1.250000 2.750000 1.750000
v -1.250000 2.750000 2.250000
v -0.750000 2.750000 2.250000
v -1.187500 2.750000 1.812500
v -1.187500 2.750000 2.187500
v -0.812500 2.750000 1.812500
v -0.812500 2.750000 2.187500
v -0.812500 3.000000 1.812500
v -1.187500 3.000000 1.812500
v -1.187500 3.000000 2.187500
v -0.812500 3.000000 2.187500
v -2.250000 2.500000 1.750000
v -2.250000 2.500000 2.250000
v -1.750000 2.500000 1.750000
v -1.750000 2.500000 2.250000
v -1.750000 2.750000 1.750000
v -2.250000 2.750000 1.750000
v -2.250000 2.750000 2.250000
v -1.750000 2.750000 2.250000
v -2.187500 2.750000 1.812500
v -2.187500 2.750000 2.187500
v -1.812500 2.750000 1.812500
v -1.812500 2.750000 2.187500
v -1.812500 3.000000 1.812500
v -2.187500 3.000000 1.812500
v -2.187500 3.000000 2.187500
v -1.812500 3.000000 2.187500
v 1.750000 2.500000 -2.250000
v 1.750000 2.500000 -1.750000
v 2.250000 2.500000 -2.250000
v 2.250000 2.500000 -1.750000
v 2.250000 2.750000 -2.250000
v 1.750000 2.750000 -2.250000
v 1.750000 2.750000 -1.750000
v 2.250000 2.750000 -1.750000
v 1.812500 2.750000 -2.187500
v 1.812500 2.750000 -1.812500
v 2.187500 2.750000 -2.187500
v 2.187500 2.750000 -1.812500
v 2.187500 3.000000 -2.187500
v 1.812500 3.000000 -2.187500
v 1.812500 3.000000 -1.812500
v 2.187500 3.000000 -1.812500
v 0.750000 2.500000 -2.250000
v 0.750000 2.500000 -1.750000
v 1.250000 2.500000 -2.250000
v 1.250000 2.500000 -1.750000
v 1.250000 2.750000 -2.250000
v 0.750000 2.750000 -2.250000
v 0.750000 2.750000 -1.750000
v 1.250000 2.750000 -1.750000
v 0.812500 2.750000 -2.187500
v 0.812500 2.750000 -1.812500
v 1.187500 2.750000 -2.187500
v 1.187500 2.750000 -1.812500
v 1.187500 3.000000 -2.187500
v 0.812500 3.000000 -2.187500
v 0.812500 3.000000 -1.812500
v 1.187500 3.000000 -1.812500
v -0.250000 2.500000 -2.250000
v -0.250000 2.500000 -1.750000
v 0.250000 2.500000 -2.250000
v 0.250000 2.500000 -1.750000
v 0.250000 2.750000 -2.250000
v -0.250000 2.750000 -2.250000
v -0.250000 2.750000 -1.750000
v 0.250000 2.750000 -1.750000
v -0.187500 2.750000 -2.187500
v -0.187500 2.750000 -1.812500
v 0.187500 2.750000 -2.187500
v 0.187500 2.750000 -1.812500
v 0.187500 3.000000 -2.187500
v -0.187500 3.000000 -2.187500
v -0.187500 3.000000 -1.812500
v 0.187500 3.000000 -1.812500
v -1.250000 2.500000 -2.250000
v -1.250000 2.500000 -1.750000
v -0.750000 2.500000 -2.250000
v -0.750000 2.500000 -1.750000
v -0.750000 2.750000 -2.250000
v -1.250000 2.750000 -2.250000
v -1.250000 2.750000 -1.750000
v -0.750000 2.750000 -1.750000
v -1.187500 2.750000 -2.187500
v -1.187500 2.750000 -1.812500
v -0.812500 2.750000 -2.187500
v -0.812500 2.750000 -1.812500
v -0.812500 3.000000 -2.187500
v -1.187500 3.000000 -2.187500
v -1.187500 3.000000 -1.812500
v -0.812500 3.000000 -1.812500
v -2.250000 2.500000 -2.250000
v -2.250000 2.500000 -1.750000
v -1.750000 2.500000 -2.250000
v -1.750000 2.500000 -1.750000
v -1.750000 2.750000 -2.250000
v -2.250000 2.750000 -2.250000
v -2.250000 2.750000 -1.750000
v -1.750000 2.750000 -1.750000
v -2.187500 2.750000 -2.187500
v -2.187500 2.750000 -1.812500
v -1.812500 2.750000 -2.187500
v -1.812500 2.750000 -1.812500
v -1.812500 3.000000 -2.187500
v -2.187500 3.000000 -2.187500
v -2.187500 3.000000 -1.812500
v -1.812500 3.000000 -1.812500
v -2.125000 2.750000 1.750000
v -2.213388 2.713388 1.750000
v -2.250000 2.625000 1.750000
v -2.213388 2.536612 1.750000
v -2.125000 2.500000 1.750000
v -2.036612 2.536612 1.750000
v -2.000000 2.625000 1.750000
v -2.036612 2.713388 1.750000
v -2.125000 2.750000 -1.750000
v -2.213388 2.713388 -1.750000
v -2.250000 2.625000 -1.750000
v -2.213388 2.536612 -1.750000
v -2.125000 2.500000 -1.750000
v -2.036612 2.536612 -1.750000
v -2.000000 2.625000 -1.750000
v -2.036612 2.713388 -1.750000
v -1.125000 2.750000 1.750000
v -1.213388 2.713388 1.750000
v -1.250000 2.625000 1.750000
v -1.213388 2.536612 1.750000
v -1.125000 2.500000 1.750000
v -1.036612 2.536612 1.750000
v -1.000000 2.625000 1.750000
v -1.036612 2.713388 1.750000
v -1.125000 2.750000 1.375000
v -1.213388 2.713388 1.375000
v -1.250000 2.625000 1.375000
v -1.213388 2.536612 1.375000
v -1.125000 2.500000 1.375000
v -1.036612 2.536612 1.375000
v -1.000000 2.625000 1.375000
v -1.036612 2.713388 1.375000
v -1.125000 2.676776 1.198223
v -1.213388 2.650888 1.224112
v -1.250000 2.588388 1.286612
v -1.213388 2.525888 1.349112
v -1.036612 2.525888 1.349112
v -1.000000 2.588388 1.286612
v -1.036612 2.650888 1.224112
v -1.125000 2.500000 1.125000
v -1.213388 2.500000 1.161612
v -1.250000 2.500000 1.250000
v -1.213388 2.500000 1.338388
v -1.036612 2.500000 1.338388
v -1.000000 2.500000 1.250000
v -1.036612 2.500000 1.161612
v -1.125000 1.000000 1.375000
v -1.125000 1.000000 1.125000
v -1.213388 1.000000 1.161612
v -1.250000 1.000000 1.250000
v -1.213388 1.000000 1.338388
v -1.036612 1.000000 1.338388
v -1.000000 1.000000 1.250000
v -1.036612 1.000000 1.161612
v -1.125000 0.823223 1.301777
v -1.213388 0.974112 1.150888
v -1.250000 0.911612 1.213388
v -1.213388 0.849112 1.275888
v -1.036612 0.849112 1.275888
v -1.000000 0.911612 1.213388
v -1.036612 0.974112 1.150888
v -1.125000 0.750000 1.125000
v -1.213388 0.963388 1.125000
v -1.250000 0.875000 1.125000
v -1.213388 0.786612 1.125000
v -1.036612 0.786612 1.125000
v -1.000000 0.875000 1.125000
v -1.036612 0.963388 1.125000
v -1.125000 1.000000 1.000000
v -1.125000 0.750000 1.000000
v -1.213388 0.963388 1.000000
v -1.250000 0.875000 1.000000
v -1.213388 0.786612 1.000000
v -1.036612 0.786612 1.000000
v -1.000000 0.875000 1.000000
v -1.036612 0.963388 1.000000
v -0.875000 2.750000 1.750000
v -0.963388 2.713388 1.750000
v -1.000000 2.625000 1.750000
v -0.963388 2.536612 1.750000
v -0.875000 2.500000 1.750000
v -0.786612 2.536612 1.750000
v -0.750000 2.625000 1.750000
v -0.786612 2.713388 1.750000
v -0.875000 2.750000 1.375000
v -0.963388 2.713388 1.375000
v -1.000000 2.625000 1.375000
v -0.963388 2.536612 1.375000
v -0.875000 2.500000 1.375000
v -0.786612 2.536612 1.375000
v -0.750000 2.625000 1.375000
v -0.786612 2.713388 1.375000
v -0.875000 2.676776 1.198223
v -0.963389 2.650888 1.224112
v -1.000000 2.588388 1.286612
v -0.963388 2.525888 1.349112
v -0.786612 2.525888 1.349112
v -0.750000 2.588388 1.286612
v -0.786612 2.650888 1.224112
v -0.875000 2.500000 1.125000
v -0.963389 2.500000 1.161612
v -1.000000 2.500000 1.250000
v -0.963388 2.500000 1.338388
v -0.786612 2.500000 1.338388
v -0.750000 2.500000 1.250000
v -0.786612 2.500000 1.161612
v -0.875000 1.000000 1.375000
v -0.875000 1.000000 1.125000
v -0.963389 1.000000 1.161612
v -1.000000 1.000000 1.250000
v -0.963388 1.000000 1.338388
v -0.786612 1.000000 1.338388
v -0.750000 1.000000 1.250000
v -0.786612 1.000000 1.161612
v -0.875000 0.823223 1.301777
v -0.963389 0.974112 1.150888
v -1.000000 0.911612 1.213388
v -0.963388 0.849112 1.275888
v -0.786612 0.849112 1.275888
v -0.750000 0.911612 1.213388
v -0.786612 0.974112 1.150888
v -0.875000 0.750000 1.125000
v -0.963389 0.963388 1.125000
v -1.000000 0.875000 1.125000
v -0.963388 0.786612 1.125000
v -0.786612 0.786612 1.125000
v -0.750000 0.875000 1.125000
v -0.786612 0.963388 1.125000
v -0.875000 1.000000 1.000000
v -0.875000 0.750000 1.000000
v -0.963389 0.963388 1.000000
v -1.000000 0.875000 1.000000
v -0.963388 0.786612 1.000000
v -0.786612 0.786612 1.000000
v -0.750000 0.875000 1.000000
v -0.786612 0.963388 1.000000
v -1.875000 2.750000 1.750000
v -1.963388 2.713388 1.750000
v -2.000000 2.625000 1.750000
v -1.963388 2.536612 1.750000
v -1.875000 2.500000 1.750000
v -1.786612 2.536612 1.750000
v -1.750000 2.625000 1.750000
v -1.786612 2.713388 1.750000
v -1.875000 2.750000 1.375000
v -1.963388 2.713388 1.375000
v -2.000000 2.625000 1.375000
v -1.963388 2.536612 1.375000
v -1.875000 2.500000 1.375000
v -1.786612 2.536612 1.375000
v -1.750000 2.625000 1.375000
v -1.786612 2.713388 1.375000
v -1.875000 2.676776 1.198223
v -1.963388 2.650888 1.224111
v -2.000000 2.588388 1.286611
v -1.963388 2.525888 1.349111
v -1.786612 2.525888 1.349111
v -1.750000 2.588388 1.286611
v -1.786612 2.650888 1.224111
v -1.875000 2.500000 1.125000
v -1.963388 2.500000 1.161611
v -2.000000 2.500000 1.250000
v -1.963388 2.500000 1.338388
v -1.786612 2.500000 1.338388
v -1.750000 2.500000 1.250000
v -1.786612 2.500000 1.161611
v -1.875000 1.000000 1.375000
v -1.875000 1.000000 1.125000
v -1.963388 1.000000 1.161611
v -2.000000 1.000000 1.250000
v -1.963388 1.000000 1.338388
v -1.786612 1.000000 1.338388
v -1.750000 1.000000 1.250000
v -1.786612 1.000000 1.161611
v -1.875000 0.823223 1.301777
v -1.963388 0.974112 1.150888
v -2.000000 0.911612 1.213388
v -1.963388 0.849112 1.275888
v -1.786612 0.849112 1.275888
v -1.750000 0.911612 1.213388
v -1.786612 0.974112 1.150888
v -1.875000 0.750000 1.125000
v -1.963388 0.963388 1.125000
v -2.000000 0.875000 1.125000
v -1.963388 0.786612 1.125000
v -1.786612 0.786612 1.125000
v -1.750000 0.875000 1.125000
v -1.786612 0.963388 1.125000
v -1.875000 1.000000 1.000000
v -1.875000 0.750000 1.000000
v -1.963388 0.963388 1.000000
v -2.000000 0.875000 1.000000
v -1.963388 0.786612 1.000000
v -1.786612 0.786612 1.000000
v -1.750000 0.875000 1.000000
v -1.786612 0.963388 1.000000
v 1.875000 2.750000 1.750000
v 1.786612 2.713388 1.750000
v 1.750000 2.625000 1.750000
v 1.786612 2.536612 1.750000
v 1.875000 2.500000 1.750000
v 1.963388 2.536612 1.750000
v 2.000000 2.625000 1.750000
v 1.963388 2.713388 1.750000
v 1.875000 2.750000 1.375000
v 1.786612 2.713388 1.375000
v 1.750000 2.625000 1.375000
v 1.786612 2.536612 1.375000
v 1.875000 2.500000 1.375000
v 1.963388 2.536612 1.375000
v 2.000000 2.625000 1.375000
v 1.963388 2.713388 1.375000
v 1.875000 2.676776 1.198223
v 1.786612 2.650888 1.224112
v 1.750000 2.588388 1.286612
v 1.786612 2.525888 1.349112
v 1.963388 2.525888 1.349112
v 2.000000 2.588388 1.286612
v 1.963388 2.650888 1.224112
v 1.875000 2.500000 1.125000
v 1.786612 2.500000 1.161612
v 1.750000 2.500000 1.250000
v 1.786612 2.500000 1.338389
v 1.963388 2.500000 1.338389
v 2.000000 2.500000 1.250000
v 1.963388 2.500000 1.161612
v 1.875000 1.000000 1.375000
v 1.875000 1.000000 1.125000
v 1.786612 1.000000 1.161612
v 1.750000 1.000000 1.250000
v 1.786612 1.000000 1.338389
v 1.963388 1.000000 1.338389
v 2.000000 1.000000 1.250000
v 1.963388 1.000000 1.161612
v 1.875000 0.823223 1.301777
v 1.786612 0.974112 1.150889
v 1.750000 0.911612 1.213389
v 1.786612 0.849112 1.275889
v 1.963388 0.849112 1.275889
v 2.000000 0.911612 1.213389
v 1.963388 0.974112 1.150889
v 1.875000 0.750000 1.125000
v 1.786612 0.963388 1.125000
v 1.750000 0.875000 1.125000
v 1.786612 0.786612 1.125000
v 1.963388 0.786612 1.125000
v 2.000000 0.875000 1.125000
v 1.963388 0.963388 1.125000
v 1.875000 1.000000 1.000000
v 1.875000 0.750000 1.000000
v 1.786612 0.963388 1.000000
v 1.750000 0.875000 1.000000
v 1.786612 0.786612 1.000000
v 1.963388 0.786612 1.000000
v 2.000000 0.875000 1.000000
v 1.963388 0.963388 1.000000
v 0.125000 2.750000 -1.750000
v 0.213388 2.713388 -1.750000
v 0.250000 2.625000 -1.750000
v 0.213388 2.536612 -1.750000
v 0.125000 2.500000 -1.750000
v 0.036611 2.536612 -1.750000
v -0.000000 2.625000 -1.750000
v 0.036611 2.713388 -1.750000
v 0.125000 2.750000 -1.375000
v 0.213388 2.713388 -1.375000
v 0.250000 2.625000 -1.375000
v 0.213388 2.536612 -1.375000
v 0.125000 2.500000 -1.375000
v 0.036611 2.536612 -1.375000
v -0.000000 2.625000 -1.375000
v 0.036611 2.713388 -1.375000
v 0.125000 2.676776 -1.198223
v 0.213388 2.650888 -1.224112
v 0.250000 2.588388 -1.286612
v 0.213388 2.525888 -1.349112
v 0.036611 2.525888 -1.349112
v -0.000000 2.588388 -1.286612
v 0.036612 2.650888 -1.224112
v 0.125000 2.500000 -1.125000
v 0.213388 2.500000 -1.161612
v 0.250000 2.500000 -1.250000
v 0.213388 2.500000 -1.338388
v 0.036611 2.500000 -1.338388
v -0.000000 2.500000 -1.250000
v 0.036612 2.500000 -1.161612
v 0.125000 1.000000 -1.375000
v 0.125000 1.000000 -1.125000
v 0.213388 1.000000 -1.161612
v 0.250000 1.000000 -1.250000
v 0.213388 1.000000 -1.338388
v 0.036611 1.000000 -1.338388
v -0.000000 1.000000 -1.250000
v 0.036612 1.000000 -1.161612
v 0.125000 0.823223 -1.301777
v 0.213388 0.974112 -1.150888
v 0.250000 0.911612 -1.213388
v 0.213388 0.849112 -1.275888
v 0.036612 0.849112 -1.275888
v -0.000000 0.911612 -1.213388
v 0.036612 0.974112 -1.150888
v 0.125000 0.750000 -1.125000
v 0.213388 0.963388 -1.125000
v 0.250000 0.875000 -1.125000
v 0.213388 0.786612 -1.125000
v 0.036612 0.786612 -1.125000
v -0.000000 0.875000 -1.125000
v 0.036612 0.963388 -1.125000
v 0.125000 1.000000 -1.000000
v 0.125000 0.750000 -1.000000
v 0.213388 0.963388 -1.000000
v 0.250000 0.875000 -1.000000
v 0.213388 0.786612 -1.000000
v 0.036612 0.786612 -1.000000
v -0.000000 0.875000 -1.000000
v 0.036612 0.963388 -1.000000
v -0.125000 2.750000 -1.750000
v -0.036612 2.713388 -1.750000
v -0.000000 2.625000 -1.750000
v -0.036612 2.536612 -1.750000
v -0.125000 2.500000 -1.750000
v -0.213389 2.536612 -1.750000
v -0.250000 2.625000 -1.750000
v -0.213389 2.713388 -1.750000
v -0.125000 2.750000 -1.375000
v -0.036612 2.713388 -1.375000
v -0.000000 2.625000 -1.375000
v -0.036612 2.536612 -1.375000
v -0.125000 2.500000 -1.375000
v -0.213389 2.536612 -1.375000
v -0.250000 2.625000 -1.375000
v -0.213389 2.713388 -1.375000
v -0.125000 2.676776 -1.198223
v -0.036612 2.650888 -1.224112
v -0.000000 2.588388 -1.286612
v -0.036612 2.525888 -1.349112
v -0.213389 2.525888 -1.349112
v -0.250000 2.588388 -1.286612
v -0.213389 2.650888 -1.224112
v -0.125000 2.500000 -1.125000
v -0.036612 2.500000 -1.161612
v -0.000000 2.500000 -1.250000
v -0.036612 2.500000 -1.338388
v -0.213389 2.500000 -1.338388
v -0.250000 2.500000 -1.250000
v -0.213388 2.500000 -1.161612
v -0.125000 1.000000 -1.375000
v -0.125000 1.000000 -1.125000
v -0.036612 1.000000 -1.161612
v -0.000000 1.000000 -1.250000
v -0.036612 1.000000 -1.338388
v -0.213389 1.000000 -1.338388
v -0.250000 1.000000 -1.250000
v -0.213388 1.000000 -1.161612
v -0.125000 0.823223 -1.301777
v -0.036612 0.974112 -1.150888
v -0.000000 0.911612 -1.213388
v -0.036612 0.849112 -1.275888
v -0.213389 0.849112 -1.275888
v -0.250000 0.911612 -1.213388
v -0.213388 0.974112 -1.150888
v -0.125000 0.750000 -1.125000
v -0.036612 0.963388 -1.125000
v -0.000000 0.875000 -1.125000
v -0.036612 0.786612 -1.125000
v -0.213389 0.786612 -1.125000
v -0.250000 0.875000 -1.125000
v -0.213388 0.963388 -1.125000
v -0.125000 1.000000 -1.000000
v -0.125000 0.750000 -1.000000
v -0.036612 0.963388 -1.000000
v -0.000000 0.875000 -1.000000
v -0.036612 0.786612 -1.000000
v -0.213388 0.786612 -1.000000
v -0.250000 0.875000 -1.000000
v -0.213388 0.963388 -1.000000
v 1.125000 2.750000 -1.750000
v 1.213388 2.713388 -1.750000
v 1.250000 2.625000 -1.750000
v 1.213388 2.536612 -1.750000
v 1.125000 2.500000 -1.750000
v 1.036612 2.536612 -1.750000
v 1.000000 2.625000 -1.750000
v 1.036612 2.713388 -1.750000
v 1.125000 2.750000 -1.375000
v 1.213388 2.713388 -1.375000
v 1.250000 2.625000 -1.375000
v 1.213388 2.536612 -1.375000
v 1.125000 2.500000 -1.375000
v 1.036612 2.536612 -1.375000
v 1.000000 2.625000 -1.375000
v 1.036612 2.713388 -1.375000
v 1.125000 2.676776 -1.198223
v 1.213388 2.650888 -1.224112
v 1.250000 2.588388 -1.286612
v 1.213388 2.525888 -1.349112
v 1.036612 2.525888 -1.349112
v 1.000000 2.588388 -1.286612
v 1.036612 2.650888 -1.224112
v 1.125000 2.500000 -1.125000
v 1.213388 2.500000 -1.161612
v 1.250000 2.500000 -1.250000
v 1.213388 2.500000 -1.338388
v 1.036612 2.500000 -1.338388
v 1.000000 2.500000 -1.250000
v 1.036612 2.500000 -1.161612
v 1.125000 1.000000 -1.375000
v 1.125000 1.000000 -1.125000
v 1.213388 1.000000 -1.161612
v 1.250000 1.000000 -1.250000
v 1.213388 1.000000 -1.338388
v 1.036612 1.000000 -1.338388
v 1.000000 1.000000 -1.250000
v 1.036612 1.000000 -1.161612
v 1.125000 0.823223 -1.301777
v 1.213388 0.974112 -1.150888
v 1.250000 0.911612 -1.213388
v 1.213388 0.849112 -1.275888
v 1.036612 0.849112 -1.275888
v 1.000000 0.911612 -1.213388
v 1.036612 0.974112 -1.150888
v 1.125000 0.750000 -1.125000
v 1.213388 0.963388 -1.125000
v 1.250000 0.875000 -1.125000
v 1.213388 0.786612 -1.125000
v 1.036612 0.786612 -1.125000
v 1.000000 0.875000 -1.125000
v 1.036612 0.963388 -1.125000
v 1.125000 1.000000 -1.000000
v 1.125000 0.750000 -1.000000
v 1.213388 0.963388 -1.000000
v 1.250000 0.875000 -1.000000
v 1.213388 0.786612 -1.000000
v 1.036612 0.786612 -1.000000
v 1.000000 0.875000 -1.000000
v 1.036612 0.963388 -1.000000
v 0.875000 2.750000 -1.750000
v 0.963388 2.713388 -1.750000
v 1.000000 2.625000 -1.750000
v 0.963388 2.536612 -1.750000
v 0.875000 2.500000 -1.750000
v 0.786611 2.536612 -1.750000
v 0.750000 2.625000 -1.750000
v 0.786611 2.713388 -1.750000
v 0.875000 2.750000 -1.375000
v 0.963388 2.713388 -1.375000
v 1.000000 2.625000 -1.375000
v 0.963388 2.536612 -1.375000
v 0.875000 2.500000 -1.375000
v 0.786611 2.536612 -1.375000
v 0.750000 2.625000 -1.375000
v 0.786611 2.713388 -1.375000
v 0.875000 2.676776 -1.198223
v 0.963388 2.650888 -1.224112
v 1.000000 2.588388 -1.286612
v 0.963388 2.525888 -1.349112
v 0.786611 2.525888 -1.349112
v 0.750000 2.588388 -1.286612
v 0.786611 2.650888 -1.224112
v 0.875000 2.500000 -1.125000
v 0.963388 2.500000 -1.161612
v 1.000000 2.500000 -1.250000
v 0.963388 2.500000 -1.338388
v 0.786611 2.500000 -1.338388
v 0.750000 2.500000 -1.250000
v 0.786612 2.500000 -1.161612
v 0.875000 1.000000 -1.375000
v 0.875000 1.000000 -1.125000
v 0.963388 1.000000 -1.161612
v 1.000000 1.000000 -1.250000
v 0.963388 1.000000 -1.338388
v 0.786611 1.000000 -1.338388
v 0.750000 1.000000 -1.250000
v 0.786612 1.000000 -1.161612
v 0.875000 0.823223 -1.301777
v 0.963388 0.974112 -1.150888
v 1.000000 0.911612 -1.213388
v 0.963388 0.849112 -1.275888
v 0.786611 0.849112 -1.275888
v 0.750000 0.911612 -1.213388
v 0.786612 0.974112 -1.150888
v 0.875000 0.750000 -1.125000
v 0.963388 0.963388 -1.125000
v 1.000000 0.875000 -1.125000
v 0.963388 0.786612 -1.125000
v 0.786611 0.786612 -1.125000
v 0.750000 0.875000 -1.125000
v 0.786612 0.963388 -1.125000
v 0.875000 1.000000 -1.000000
v 0.875000 0.750000 -1.000000
v 0.963389 0.963388 -1.000000
v 1.000000 0.875000 -1.000000
v 0.963388 0.786612 -1.000000
v 0.786612 0.786612 -1.000000
v 0.750000 0.875000 -1.000000
v 0.786612 0.963388 -1.000000
v 1.875000 2.750000 -1.750000
v 1.963388 2.713388 -1.750000
v 2.000000 2.625000 -1.750000
v 1.963388 2.536612 -1.750000
v 1.875000 2.500000 -1.750000
v 1.786612 2.536612 -1.750000
v 1.750000 2.625000 -1.750000
v 1.786612 2.713388 -1.750000
v 1.875000 2.750000 -1.375000
v 1.963388 2.713388 -1.375000
v 2.000000 2.625000 -1.375000
v 1.963388 2.536612 -1.375000
v 1.875000 2.500000 -1.375000
v 1.786612 2.536612 -1.375000
v 1.750000 2.625000 -1.375000
v 1.786612 2.713388 -1.375000
v 1.875000 2.676776 -1.198223
v 1.963388 2.650888 -1.224111
v 2.000000 2.588388 -1.286611
v 1.963388 2.525888 -1.349111
v 1.786612 2.525888 -1.349111
v 1.750000 2.588388 -1.286611
v 1.786612 2.650888 -1.224111
v 1.875000 2.500000 -1.125000
v 1.963388 2.500000 -1.161611
v 2.000000 2.500000 -1.250000
v 1.963388 2.500000 -1.338388
v 1.786612 2.500000 -1.338388
v 1.750000 2.500000 -1.250000
v 1.786612 2.500000 -1.161611
v 1.875000 1.000000 -1.375000
v 1.875000 1.000000 -1.125000
v 1.963388 1.000000 -1.161611
v 2.000000 1.000000 -1.250000
v 1.963388 1.000000 -1.338388
v 1.786612 1.000000 -1.338388
v 1.750000 1.000000 -1.250000
v 1.786612 1.000000 -1.161611
v 1.875000 0.823223 -1.301777
v 1.963388 0.974112 -1.150888
v 2.000000 0.911612 -1.213388
v 1.963388 0.849112 -1.275888
v 1.786612 0.849112 -1.275888
v 1.750000 0.911612 -1.213388
v 1.786612 0.974112 -1.150888
v 1.875000 0.750000 -1.125000
v 1.963388 0.963388 -1.125000
v 2.000000 0.875000 -1.125000
v 1.963388 0.786612 -1.125000
v 1.786612 0.786612 -1.125000
v 1.750000 0.875000 -1.125000
v 1.786612 0.963388 -1.125000
v 1.875000 1.000000 -1.000000
v 1.875000 0.750000 -1.000000
v 1.963388 0.963388 -1.000000
v 2.000000 0.875000 -1.000000
v 1.963388 0.786612 -1.000000
v 1.786612 0.786612 -1.000000
v 1.750000 0.875000 -1.000000
v 1.786612 0.963388 -1.000000
v -1.875000 2.750000 -1.750000
v -1.786612 2.713388 -1.750000
v -1.750000 2.625000 -1.750000
v -1.786612 2.536612 -1.750000
v -1.875000 2.500000 -1.750000
v -1.963388 2.536612 -1.750000
v -2.000000 2.625000 -1.750000
v -1.963388 2.713388 -1.750000
v -1.875000 2.750000 -1.375000
v -1.786612 2.713388 -1.375000
v -1.750000 2.625000 -1.375000
v -1.786612 2.536612 -1.375000
v -1.875000 2.500000 -1.375000
v -1.963388 2.536612 -1.375000
v -2.000000 2.625000 -1.375000
v -1.963388 2.713388 -1.375000
v -1.875000 2.676776 -1.198223
v -1.786612 2.650888 -1.224112
v -1.750000 2.588388 -1.286612
v -1.786612 2.525888 -1.349112
v -1.963388 2.525888 -1.349112
v -2.000000 2.588388 -1.286612
v -1.963388 2.650888 -1.224112
v -1.875000 2.500000 -1.125000
v -1.786612 2.500000 -1.161612
v -1.750000 2.500000 -1.250000
v -1.786612 2.500000 -1.338389
v -1.963388 2.500000 -1.338389
v -2.000000 2.500000 -1.250000
v -1.963388 2.500000 -1.161612
v -1.875000 1.000000 -1.375000
v -1.875000 1.000000 -1.125000
v -1.786612 1.000000 -1.161612
v -1.750000 1.000000 -1.250000
v -1.786612 1.000000 -1.338389
v -1.963388 1.000000 -1.338389
v -2.000000 1.000000 -1.250000
v -1.963388 1.000000 -1.161612
v -1.875000 0.823223 -1.301777
v -1.786612 0.974112 -1.150889
v -1.750000 0.911612 -1.213389
v -1.786612 0.849112 -1.275889
v -1.963388 0.849112 -1.275889
v -2.000000 0.911612 -1.213389
v -1.963388 0.974112 -1.150889
v -1.875000 0.750000 -1.125000
v -1.786612 0.963388 -1.125000
v -1.750000 0.875000 -1.125000
v -1.786612 0.786612 -1.125000
v -1.963388 0.786612 -1.125000
v -2.000000 0.875000 -1.125000
v -1.963388 0.963388 -1.125000
v -1.875000 1.000000 -1.000000
v -1.875000 0.750000 -1.000000
v -1.786612 0.963388 -1.000000
v -1.750000 0.875000 -1.000000
v -1.786612 0.786612 -1.000000
v -1.963388 0.786612 -1.000000
v -2.000000 0.875000 -1.000000
v -1.963388 0.963388 -1.000000
v 2.500000 0.312500 0.812500
v 2.500000 0.312500 1.187500
v 2.500000 0.687500 0.812500
v 2.500000 0.687500 1.187500
v 2.375000 0.625000 0.875000
v 2.375000 0.375000 0.875000
v 2.375000 0.375000 1.125000
v 2.375000 0.625000 1.125000
v 2.375000 0.687500 0.812500
v 2.375000 0.312500 0.812500
v 2.375000 0.312500 1.187500
v 2.375000 0.687500 1.187500
v 2.250000 0.625000 0.875000
v 2.250000 0.375000 0.875000
v 2.250000 0.375000 1.125000
v 2.250000 0.625000 1.125000
v 2.500000 0.312500 1.812500
v 2.500000 0.312500 2.187500
v 2.500000 0.687500 1.812500
v 2.500000 0.687500 2.187500
v 2.375000 0.625000 1.875000
v 2.375000 0.375000 1.875000
v 2.375000 0.375000 2.125000
v 2.375000 0.625000 2.125000
v 2.375000 0.687500 1.812500
v 2.375000 0.312500 1.812500
v 2.375000 0.312500 2.187500
v 2.375000 0.687500 2.187500
v 2.250000 0.625000 1.875000
v 2.250000 0.375000 1.875000
v 2.250000 0.375000 2.125000
v 2.250000 0.625000 2.125000
v 2.500000 0.312500 -2.187500
v 2.500000 0.312500 -1.812500
v 2.500000 0.687500 -2.187500
v 2.500000 0.687500 -1.812500
v 2.375000 0.625000 -2.125000
v 2.375000 0.375000 -2.125000
v 2.375000 0.375000 -1.875000
v 2.375000 0.625000 -1.875000
v 2.375000 0.687500 -2.187500
v 2.375000 0.312500 -2.187500
v 2.375000 0.312500 -1.812500
v 2.375000 0.687500 -1.812500
v 2.250000 0.625000 -2.125000
v 2.250000 0.375000 -2.125000
v 2.250000 0.375000 -1.875000
v 2.250000 0.625000 -1.875000
v 2.500000 0.312500 -1.187500
v 2.500000 0.312500 -0.812500
v 2.500000 0.687500 -1.187500
v 2.500000 0.687500 -0.812500
v 2.375000 0.625000 -1.125000
v 2.375000 0.375000 -1.125000
v 2.375000 0.375000 -0.875000
v 2.375000 0.625000 -0.875000
v 2.375000 0.687500 -1.187500
v 2.375000 0.312500 -1.187500
v 2.375000 0.312500 -0.812500
v 2.375000 0.687500 -0.812500
v 2.250000 0.625000 -1.125000
v 2.250000 0.375000 -1.125000
v 2.250000 0.375000 -0.875000
v 2.250000 0.625000 -0.875000
v -2.500000 0.312500 0.187500
v -2.500000 0.312500 -0.187500
v -2.500000 0.687500 0.187500
v -2.500000 0.687500 -0.187500
v -2.375000 0.625000 0.125000
v -2.375000 0.375000 0.125000
v -2.375000 0.375000 -0.125000
v -2.375000 0.625000 -0.125000
v -2.375000 0.687500 0.187500
v -2.375000 0.312500 0.187500
v -2.375000 0.312500 -0.187500
v -2.375000 0.687500 -0.187500
v -2.250000 0.625000 0.125000
v -2.250000 0.375000 0.125000
v -2.250000 0.375000 -0.125000
v -2.250000 0.625000 -0.125000
v -2.500000 0.312500 -0.812500
v -2.500000 0.312500 -1.187500
v -2.500000 0.687500 -0.812500
v -2.500000 0.687500 -1.187500
v -2.375000 0.625000 -0.875000
v -2.375000 0.375000 -0.875000
v -2.375000 0.375000 -1.125000
v -2.375000 0.625000 -1.125000
v -2.375000 0.687500 -0.812500
v -2.375000 0.312500 -0.812500
v -2.375000 0.312500 -1.187500
v -2.375000 0.687500 -1.187500
v -2.250000 0.625000 -0.875000
v -2.250000 0.375000 -0.875000
v -2.250000 0.375000 -1.125000
v -2.250000 0.625000 -1.125000
v -2.500000 0.312500 -1.812500
v -2.500000 0.312500 -2.187500
v -2.500000 0.687500 -1.812500
v -2.500000 0.687500 -2.187500
v -2.375000 0.625000 -1.875000
v -2.375000 0.375000 -1.875000
v -2.375000 0.375000 -2.125000
v -2.375000 0.625000 -2.125000
v -2.375000 0.687500 -1.812500
v -2.375000 0.312500 -1.812500
v -2.375000 0.312500 -2.187500
v -2.375000 0.687500 -2.187500
v -2.250000 0.625000 -1.875000
v -2.250000 0.375000 -1.875000
v -2.250000 0.375000 -2.125000
v -2.250000 0.625000 -2.125000
v -2.500000 0.312500 2.187500
v -2.500000 0.312500 1.812500
v -2.500000 0.687500 2.187500
v -2.500000 0.687500 1.812500
v -2.375000 0.625000 2.125000
v -2.375000 0.375000 2.125000
v -2.375000 0.375000 1.875000
v -2.375000 0.625000 1.875000
v -2.375000 0.687500 2.187500
v -2.375000 0.312500 2.187500
v -2.375000 0.312500 1.812500
v -2.375000 0.687500 1.812500
v -2.250000 0.625000 2.125000
v -2.250000 0.375000 2.125000
v -2.250000 0.375000 1.875000
v -2.250000 0.625000 1.875000
v -2.500000 0.312500 1.187500
v -2.500000 0.312500 0.812500
v -2.500000 0.687500 1.187500
v -2.500000 0.687500 0.812500
v -2.375000 0.625000 1.125000
v -2.375000 0.375000 1.125000
v -2.375000 0.375000 0.875000
v -2.375000 0.625000 0.875000
v -2.375000 0.687500 1.187500
v -2.375000 0.312500 1.187500
v -2.375000 0.312500 0.812500
v -2.375000 0.687500 0.812500
v -2.250000 0.625000 1.125000
v -2.250000 0.375000 1.125000
v -2.250000 0.375000 0.875000
v -2.250000 0.625000 0.875000
v -0.187500 0.312500 -2.500000
v 0.187500 0.312500 -2.500000
v -0.187500 0.687500 -2.500000
v 0.187500 0.687500 -2.500000
v -0.125000 0.625000 -2.375000
v -0.125000 0.375000 -2.375000
v 0.125000 0.375000 -2.375000
v 0.125000 0.625000 -2.375000
v -0.187500 0.687500 -2.375000
v -0.187500 0.312500 -2.375000
v 0.187500 0.312500 -2.375000
v 0.187500 0.687500 -2.375000
v -0.125000 0.625000 -2.250000
v -0.125000 0.375000 -2.250000
v 0.125000 0.375000 -2.250000
v 0.125000 0.625000 -2.250000
v 0.812500 0.312500 -2.500000
v 1.187500 0.312500 -2.500000
v 0.812500 0.687500 -2.500000
v 1.187500 0.687500 -2.500000
v 0.875000 0.625000 -2.375000
v 0.875000 0.375000 -2.375000
v 1.125000 0.375000 -2.375000
v 1.125000 0.625000 -2.375000
v 0.812500 0.687500 -2.375000
v 0.812500 0.312500 -2.375000
v 1.187500 0.312500 -2.375000
v 1.187500 0.687500 -2.375000
v 0.875000 0.625000 -2.250000
v 0.875000 0.375000 -2.250000
v 1.125000 0.375000 -2.250000
v 1.125000 0.625000 -2.250000
v 1.812500 0.312500 -2.500000
v 2.187500 0.312500 -2.500000
v 1.812500 0.687500 -2.500000
v 2.187500 0.687500 -2.500000
v 1.875000 0.625000 -2.375000
v 1.875000 0.375000 -2.375000
v 2.125000 0.375000 -2.375000
v 2.125000 0.625000 -2.375000
v 1.812500 0.687500 -2.375000
v 1.812500 0.312500 -2.375000
v 2.187500 0.312500 -2.375000
v 2.187500 0.687500 -2.375000
v 1.875000 0.625000 -2.250000
v 1.875000 0.375000 -2.250000
v 2.125000 0.375000 -2.250000
v 2.125000 0.625000 -2.250000
v -2.187500 0.312500 -2.500000
v -1.812500 0.312500 -2.500000
v -2.187500 0.687500 -2.500000
v -1.812500 0.687500 -2.500000
v -2.125000 0.625000 -2.375000
v -2.125000 0.375000 -2.375000
v -1.875000 0.375000 -2.375000
v -1.875000 0.625000 -2.375000
v -2.187500 0.687500 -2.375000
v -2.187500 0.312500 -2.375000
v -1.812500 0.312500 -2.375000
v -1.812500 0.687500 -2.375000
v -2.125000 0.625000 -2.250000
v -2.125000 0.375000 -2.250000
v -1.875000 0.375000 -2.250000
v -1.875000 0.625000 -2.250000
v -1.187500 0.312500 -2.500000
v -0.812500 0.312500 -2.500000
v -1.187500 0.687500 -2.500000
v -0.812500 0.687500 -2.500000
v -1.125000 0.625000 -2.375000
v -1.125000 0.375000 -2.375000
v -0.875000 0.375000 -2.375000
v -0.875000 0.625000 -2.375000
v -1.187500 0.687500 -2.375000
v -1.187500 0.312500 -2.375000
v -0.812500 0.312500 -2.375000
v -0.812500 0.687500 -2.375000
v -1.125000 0.625000 -2.250000
v -1.125000 0.375000 -2.250000
v -0.875000 0.375000 -2.250000
v -0.875000 0.625000 -2.250000
v 0.187500 0.312500 2.500000
v -0.187500 0.312500 2.500000
v 0.187500 0.687500 2.500000
v -0.187500 0.687500 2.500000
v 0.125000 0.625000 2.375000
v 0.125000 0.375000 2.375000
v -0.125000 0.375000 2.375000
v -0.125000 0.625000 2.375000
v 0.187500 0.687500 2.375000
v 0.187500 0.312500 2.375000
v -0.187500 0.312500 2.375000
v -0.187500 0.687500 2.375000
v 0.125000 0.625000 2.250000
v 0.125000 0.375000 2.250000
v -0.125000 0.375000 2.250000
v -0.125000 0.625000 2.250000
v -0.812500 0.312500 2.500000
v -1.187500 0.312500 2.500000
v -0.812500 0.687500 2.500000
v -1.187500 0.687500 2.500000
v -0.875000 0.625000 2.375000
v -0.875000 0.375000 2.375000
v -1.125000 0.375000 2.375000
v -1.125000 0.625000 2.375000
v -0.812500 0.687500 2.375000
v -0.812500 0.312500 2.375000
v -1.187500 0.312500 2.375000
v -1.187500 0.687500 2.375000
v -0.875000 0.625000 2.250000
v -0.875000 0.375000 2.250000
v -1.125000 0.375000 2.250000
v -1.125000 0.625000 2.250000
v -1.812500 0.312500 2.500000
v -2.187500 0.312500 2.500000
v -1.812500 0.687500 2.500000
v -2.187500 0.687500 2.500000
v -1.875000 0.625000 2.375000
v -1.875000 0.375000 2.375000
v -2.125000 0.375000 2.375000
v -2.125000 0.625000 2.375000
v -1.812500 0.687500 2.375000
v -1.812500 0.312500 2.375000
v -2.187500 0.312500 2.375000
v -2.187500 0.687500 2.375000
v -1.875000 0.625000 2.250000
v -1.875000 0.375000 2.250000
v -2.125000 0.375000 2.250000
v -2.125000 0.625000 2.250000
v 2.187500 0.312500 2.500000
v 1.812500 0.312500 2.500000
v 2.187500 0.687500 2.500000
v 1.812500 0.687500 2.500000
v 2.125000 0.625000 2.375000
v 2.125000 0.375000 2.375000
v 1.875000 0.375000 2.375000
v 1.875000 0.625000 2.375000
v 2.187500 0.687500 2.375000
v 2.187500 0.312500 2.375000
v 1.812500 0.312500 2.375000
v 1.812500 0.687500 2.375000
v 2.125000 0.625000 2.250000
v 2.125000 0.375000 2.250000
v 1.875000 0.375000 2.250000
v 1.875000 0.625000 2.250000
v 1.187500 0.312500 2.500000
v 0.812500 0.312500 2.500000
v 1.187500 0.687500 2.500000
v 0.812500 0.687500 2.500000
v 1.125000 0.625000 2.375000
v 1.125000 0.375000 2.375000
v 0.875000 0.375000 2.375000
v 0.875000 0.625000 2.375000
v 1.187500 0.687500 2.375000
v 1.187500 0.312500 2.375000
v 0.812500 0.312500 2.375000
v 0.812500 0.687500 2.375000
v 1.125000 0.625000 2.250000
v 1.125000 0.375000 2.250000
v 0.875000 0.375000 2.250000
v 0.875000 0.625000 2.250000
v 1.088388 0.411612 1.750000
v 1.000000 0.375000 1.750000
v 0.911612 0.411612 1.750000
v 0.875000 0.500000 1.750000
v 0.911612 0.588388 1.750000
v 1.000000 0.625000 1.750000
v 1.088388 0.588388 1.750000
v 1.125000 0.500000 1.750000
v 1.088388 0.411612 1.250000
v 1.000000 0.375000 1.250000
v 0.911612 0.411612 1.250000
v 0.875000 0.500000 1.250000
v 0.911612 0.588388 1.250000
v 1.000000 0.625000 1.250000
v 1.088388 0.588388 1.250000
v 1.125000 0.500000 1.250000
v 0.088388 0.411612 1.750000
v -0.000000 0.375000 1.750000
v -0.088388 0.411612 1.750000
v -0.125000 0.500000 1.750000
v -0.088388 0.588388 1.750000
v -0.000000 0.625000 1.750000
v 0.088388 0.588388 1.750000
v 0.125000 0.500000 1.750000
v 0.088388 0.411612 1.250000
v -0.000000 0.375000 1.250000
v -0.088388 0.411612 1.250000
v -0.125000 0.500000 1.250000
v -0.088388 0.588388 1.250000
v -0.000000 0.625000 1.250000
v 0.088388 0.588388 1.250000
v 0.125000 0.500000 1.250000
v -0.911612 0.411612 1.750000
v -1.000000 0.375000 1.750000
v -1.088388 0.411612 1.750000
v -1.125000 0.500000 1.750000
v -1.088388 0.588388 1.750000
v -1.000000 0.625000 1.750000
v -0.911612 0.588388 1.750000
v -0.875000 0.500000 1.750000
v -0.911612 0.411612 1.250000
v -1.000000 0.375000 1.250000
v -1.088388 0.411612 1.250000
v -1.125000 0.500000 1.250000
v -1.088388 0.588388 1.250000
v -1.000000 0.625000 1.250000
v -0.911612 0.588388 1.250000
v -0.875000 0.500000 1.250000
v -1.911612 0.411612 1.750000
v -2.000000 0.375000 1.750000
v -2.088388 0.411612 1.750000
v -2.125000 0.500000 1.750000
v -2.088388 0.588388 1.750000
v -2.000000 0.625000 1.750000
v -1.911612 0.588388 1.750000
v -1.875000 0.500000 1.750000
v -1.911612 0.411612 1.250000
v -2.000000 0.375000 1.250000
v -2.088388 0.411612 1.250000
v -2.125000 0.500000 1.250000
v -2.088388 0.588388 1.250000
v -2.000000 0.625000 1.250000
v -1.911612 0.588388 1.250000
v -1.875000 0.500000 1.250000
v 2.088388 0.411612 -1.250000
v 2.000000 0.375000 -1.250000
v 1.911612 0.411612 -1.250000
v 1.875000 0.500000 -1.250000
v 1.911612 0.588388 -1.250000
v 2.000000 0.625000 -1.250000
v 2.088388 0.588388 -1.250000
v 2.125000 0.500000 -1.250000
v 2.088388 0.411612 -1.750000
v 2.000000 0.375000 -1.750000
v 1.911612 0.411612 -1.750000
v 1.875000 0.500000 -1.750000
v 1.911612 0.588388 -1.750000
v 2.000000 0.625000 -1.750000
v 2.088388 0.588388 -1.750000
v 2.125000 0.500000 -1.750000
v 1.088388 0.411612 -1.250000
v 1.000000 0.375000 -1.250000
v 0.911612 0.411612 -1.250000
v 0.875000 0.500000 -1.250000
v 0.911612 0.588388 -1.250000
v 1.000000 0.625000 -1.250000
v 1.088388 0.588388 -1.250000
v 1.125000 0.500000 -1.250000
v 1.088389 0.411612 -1.750000
v 1.000000 0.375000 -1.750000
v 0.911612 0.411612 -1.750000
v 0.875000 0.500000 -1.750000
v 0.911612 0.588388 -1.750000
v 1.000000 0.625000 -1.750000
v 1.088389 0.588388 -1.750000
v 1.125000 0.500000 -1.750000
v 0.088388 0.411612 -1.250000
v 0.000000 0.375000 -1.250000
v -0.088388 0.411612 -1.250000
v -0.125000 0.500000 -1.250000
v -0.088388 0.588388 -1.250000
v 0.000000 0.625000 -1.250000
v 0.088388 0.588388 -1.250000
v 0.125000 0.500000 -1.250000
v 0.088389 0.411612 -1.750000
v 0.000000 0.375000 -1.750000
v -0.088388 0.411612 -1.750000
v -0.125000 0.500000 -1.750000
v -0.088388 0.588388 -1.750000
v 0.000000 0.625000 -1.750000
v 0.088389 0.588388 -1.750000
v 0.125000 0.500000 -1.750000
v -0.911611 0.411612 -1.250000
v -1.000000 0.375000 -1.250000
v -1.088388 0.411612 -1.250000
v -1.125000 0.500000 -1.250000
v -1.088388 0.588388 -1.250000
v -1.000000 0.625000 -1.250000
v -0.911611 0.588388 -1.250000
v -0.875000 0.500000 -1.250000
v -0.911611 0.411612 -1.750000
v -1.000000 0.375000 -1.750000
v -1.088388 0.411612 -1.750000
v -1.125000 0.500000 -1.750000
v -1.088388 0.588388 -1.750000
v -1.000000 0.625000 -1.750000
v -0.911611 0.588388 -1.750000
v -0.875000 0.500000 -1.750000
v -1.911612 0.411612 -1.250000
v -2.000000 0.375000 -1.250000
v -2.088388 0.411612 -1.250000
v -2.125000 0.500000 -1.250000
v -2.088388 0.588388 -1.250000
v -2.000000 0.625000 -1.250000
v -1.911612 0.588388 -1.250000
v -1.875000 0.500000 -1.250000
v -1.911611 0.411612 -1.750000
v -2.000000 0.375000 -1.750000
v -2.088388 0.411612 -1.750000
v -2.125000 0.500000 -1.750000
v -2.088388 0.588388 -1.750000
v -2.000000 0.625000 -1.750000
v -1.911611 0.588388 -1.750000
v -1.875000 0.500000 -1.750000
vt 0.490196 0.574713
vt 0.843137 0.586207
vt 0.490196 0.586207
vt 0.862745 -0.000000
vt 0.882353 0.022989
vt 0.862745 0.022989
vt 0.882353 0.045977
vt 0.862745 0.068966
vt 0.862745 0.045977
vt 0.921569 0.022989
vt 0.901961 0.045977
vt 0.901961 0.022989
vt 0.941176 0.022989
vt 0.921569 0.045977
vt 0.862745 -0.000000
vt 0.882353 0.022989
vt 0.862745 0.022989
vt 0.882353 0.045977
vt 0.862745 0.068966
vt 0.862745 0.045977
vt 0.921569 0.022989
vt 0.901961 0.045977
vt 0.901961 0.022989
vt 0.941176 0.022989
vt 0.921569 0.045977
vt 0.862745 -0.000000
vt 0.882353 0.022989
vt 0.862745 0.022989
vt 0.882353 0.045977
vt 0.862745 0.068966
vt 0.862745 0.045977
vt 0.921569 0.022989
vt 0.901961 0.045977
vt 0.901961 0.022989
vt 0.941176 0.022989
vt 0.921569 0.045977
vt 0.862745 -0.000000
vt 0.882353 0.022989
vt 0.862745 0.022989
vt 0.882353 0.045977
vt 0.862745 0.068966
vt 0.862745 0.045977
vt 0.921569 0.022989
vt 0.901961 0.045977
vt 0.901961 0.022989
vt 0.941176 0.022989
vt 0.921569 0.045977
vt 0.843137 0.597701
vt 0.490196 0.563218
vt 0.843137 0.574713
vt 0.490196 0.597701
vt 0.843137 0.609195
vt 0.490196 0.609195
vt 0.490196 0.574713
vt 0.843137 0.586207
vt 0.490196 0.586207
vt 0.843137 0.597701
vt 0.490196 0.563218
vt 0.843137 0.574713
vt 0.490196 0.597701
vt 0.843137 0.609195
vt 0.490196 0.609195
vt 0.490196 0.574713
vt 0.843137 0.586207
vt 0.490196 0.586207
vt 0.843137 0.597701
vt 0.490196 0.563218
vt 0.843137 0.574713
vt 0.490196 0.597701
vt 0.843137 0.609195
vt 0.490196 0.609195
vt 0.490196 0.574713
vt 0.843137 0.586207
vt 0.490196 0.586207
vt 0.843137 0.597701
vt 0.490196 0.563218
vt 0.843137 0.574713
vt 0.490196 0.597701
vt 0.843137 0.609195
vt 0.490196 0.609195
vt 0.960784 0.011494
vt 0.970588 0.471264
vt 0.960784 0.471264
vt 0.970588 0.482759
vt 0.990196 0.471264
vt 0.990196 0.482759
vt 0.990196 0.000000
vt 0.970588 0.011494
vt 0.970588 0.000000
vt 1.000000 0.471264
vt 0.990196 0.011494
vt 1.000000 0.011494
vt 0.941176 0.011494
vt 0.941176 0.471264
vt 0.960784 0.011494
vt 0.970588 0.471264
vt 0.960784 0.471264
vt 0.970588 0.482759
vt 0.990196 0.471264
vt 0.990196 0.482759
vt 0.990196 0.000000
vt 0.970588 0.011494
vt 0.970588 0.000000
vt 1.000000 0.471264
vt 0.990196 0.011494
vt 1.000000 0.011494
vt 0.941176 0.011494
vt 0.941176 0.471264
vt 0.941176 0.011494
vt 0.960784 0.471264
vt 0.941176 0.471264
vt 0.970588 0.471264
vt 0.990196 0.011494
vt 0.990196 0.471264
vt 1.000000 0.471264
vt 1.000000 0.011494
vt 0.990196 0.000000
vt 0.970588 0.011494
vt 0.970588 0.000000
vt 0.970588 0.482759
vt 0.990196 0.482759
vt 0.960784 0.011494
vt 0.960784 0.011494
vt 0.970588 0.471264
vt 0.960784 0.471264
vt 0.970588 0.482759
vt 0.990196 0.471264
vt 0.990196 0.482759
vt 0.990196 0.000000
vt 0.970588 0.011494
vt 0.970588 0.000000
vt 1.000000 0.471264
vt 0.990196 0.011494
vt 1.000000 0.011494
vt 0.941176 0.011494
vt 0.941176 0.471264
vt 0.941176 0.011494
vt 0.960784 0.471264
vt 0.941176 0.471264
vt 0.970588 0.471264
vt 0.990196 0.011494
vt 0.990196 0.471264
vt 1.000000 0.471264
vt 1.000000 0.011494
vt 0.990196 0.000000
vt 0.970588 0.011494
vt 0.970588 0.000000
vt 0.970588 0.482759
vt 0.990196 0.482759
vt 0.960784 0.011494
vt 0.681373 0.063218
vt 0.651961 0.028736
vt 0.681373 0.028736
vt 0.676471 0.080460
vt 0.656863 0.091954
vt 0.656863 0.080460
vt 0.651961 0.063218
vt 0.642157 0.028736
vt 0.691176 0.063218
vt 0.651961 0.074713
vt 0.681373 0.017241
vt 0.696078 0.057471
vt 0.691176 0.028736
vt 0.696078 0.034483
vt 0.676471 0.011494
vt 0.651961 0.017241
vt 0.656863 0.011494
vt 0.637255 0.034483
vt 0.642157 0.063218
vt 0.637255 0.057471
vt 0.681373 0.074713
vt 0.676471 0.000000
vt 0.627451 0.034483
vt 0.705882 0.057471
vt 0.083719 0.931057
vt 0.117647 0.908092
vt 0.151575 0.976988
vt 0.005288 0.976988
vt 0.005288 0.931057
vt 0.073143 0.931057
vt 0.117647 0.459770
vt 0.078431 0.045977
vt 0.117647 0.045977
vt 0.078431 0.459770
vt 0.039216 0.045977
vt 0.156863 0.459770
vt 0.078431 0.505747
vt 0.117647 -0.000000
vt 0.000000 0.045977
vt 0.039216 0.459770
vt 0.000000 0.459770
vt 0.117647 0.459770
vt 0.078431 0.045977
vt 0.117647 0.045977
vt 0.078431 0.459770
vt 0.039216 0.045977
vt 0.156863 0.459770
vt 0.078431 0.505747
vt 0.117647 -0.000000
vt 0.000000 0.045977
vt 0.039216 0.459770
vt 0.000000 0.459770
vt 0.588235 0.459770
vt 0.392157 0.045977
vt 0.588235 0.045977
vt 0.392157 0.459770
vt 0.352941 0.045977
vt 0.627451 0.459770
vt 0.392157 0.505747
vt 0.588235 0.000000
vt 0.176471 0.436782
vt 0.352941 0.459770
vt 0.156863 0.459770
vt 0.627451 0.091954
vt 0.705882 0.459770
vt 0.627451 0.459770
vt 0.176471 0.068966
vt 0.156863 0.045977
vt 0.333333 0.068966
vt 0.333333 0.436782
vt 0.862745 0.091954
vt 0.862745 0.459770
vt 0.941176 0.459770
vt 0.941176 0.091954
vt 0.862745 0.000000
vt 0.705882 0.091954
vt 0.705882 0.000000
vt 0.705882 0.551724
vt 0.862745 0.551724
vt 0.196078 0.229885
vt 0.313726 0.091954
vt 0.313726 0.229885
vt 0.196078 0.252874
vt 0.313726 0.252874
vt 0.176471 0.091954
vt 0.176471 0.229885
vt 0.333333 0.229885
vt 0.333333 0.091954
vt 0.313726 0.068966
vt 0.196078 0.091954
vt 0.196078 0.068966
vt 0.176471 0.540230
vt 0.156863 0.528736
vt 0.176471 0.528736
vt 0.196078 0.540230
vt 0.196078 0.528736
vt 0.215686 0.528736
vt 0.215686 0.540230
vt 0.235294 0.540230
vt 0.235294 0.528736
vt 0.254902 0.528736
vt 0.254902 0.540230
vt 0.274510 0.528736
vt 0.274510 0.540230
vt 0.294118 0.540230
vt 0.294118 0.528736
vt 0.313726 0.540230
vt 0.313726 0.528736
vt 0.019608 0.540230
vt 0.000000 0.528736
vt 0.019608 0.528736
vt 0.039216 0.540230
vt 0.039216 0.528736
vt 0.058824 0.540230
vt 0.058824 0.528736
vt 0.078431 0.540230
vt 0.078431 0.528736
vt 0.098039 0.528736
vt 0.098039 0.540230
vt 0.117647 0.528736
vt 0.117647 0.540230
vt 0.137255 0.540230
vt 0.137255 0.528736
vt 0.156863 0.540230
vt 0.210784 0.465517
vt 0.308824 0.459770
vt 0.308824 0.465517
vt 0.210784 0.465517
vt 0.308824 0.459770
vt 0.308824 0.465517
vt 0.210784 0.465517
vt 0.308824 0.459770
vt 0.308824 0.465517
vt 0.210784 0.465517
vt 0.308824 0.459770
vt 0.308824 0.465517
vt 0.220588 0.465517
vt 0.299020 0.459770
vt 0.299020 0.465517
vt 0.220588 0.465517
vt 0.299020 0.459770
vt 0.299020 0.465517
vt 0.196078 0.229885
vt 0.313726 0.091954
vt 0.313726 0.229885
vt 0.196078 0.252874
vt 0.313726 0.252874
vt 0.176471 0.091954
vt 0.176471 0.229885
vt 0.333333 0.229885
vt 0.333333 0.091954
vt 0.313726 0.068966
vt 0.196078 0.091954
vt 0.196078 0.068966
vt 0.210784 0.465517
vt 0.308824 0.459770
vt 0.308824 0.465517
vt 0.210784 0.465517
vt 0.308824 0.459770
vt 0.308824 0.465517
vt 0.210784 0.465517
vt 0.308824 0.459770
vt 0.308824 0.465517
vt 0.210784 0.465517
vt 0.308824 0.459770
vt 0.308824 0.465517
vt 0.220588 0.465517
vt 0.299020 0.459770
vt 0.299020 0.465517
vt 0.220588 0.465517
vt 0.299020 0.459770
vt 0.299020 0.465517
vt 0.333333 0.528736
vt 0.372549 0.482759
vt 0.372549 0.528736
vt 0.313726 0.482759
vt 0.313726 0.528736
vt 0.392157 0.528736
vt 0.392157 0.482759
vt 0.372549 0.459770
vt 0.333333 0.482759
vt 0.333333 0.459770
vt 0.333333 0.551724
vt 0.372549 0.551724
vt 0.274510 0.402299
vt 0.303922 0.367816
vt 0.303922 0.402299
vt 0.254902 0.367816
vt 0.254902 0.402299
vt 0.323529 0.402299
vt 0.323529 0.367816
vt 0.303922 0.344828
vt 0.274510 0.367816
vt 0.274510 0.344828
vt 0.274510 0.425287
vt 0.303922 0.425287
vt 0.176471 0.540230
vt 0.156863 0.528736
vt 0.176471 0.528736
vt 0.196078 0.540230
vt 0.196078 0.528736
vt 0.215686 0.528736
vt 0.215686 0.540230
vt 0.235294 0.540230
vt 0.235294 0.528736
vt 0.254902 0.528736
vt 0.254902 0.540230
vt 0.274510 0.540230
vt 0.274510 0.528736
vt 0.294118 0.540230
vt 0.294118 0.528736
vt 0.313726 0.540230
vt 0.313726 0.528736
vt 0.019608 0.540230
vt 0.000000 0.528736
vt 0.019608 0.528736
vt 0.039216 0.540230
vt 0.039216 0.528736
vt 0.058824 0.540230
vt 0.058824 0.528736
vt 0.078431 0.540230
vt 0.078431 0.528736
vt 0.098039 0.528736
vt 0.098039 0.540230
vt 0.117647 0.528736
vt 0.117647 0.540230
vt 0.137255 0.540230
vt 0.137255 0.528736
vt 0.156863 0.540230
vt 0.319013 0.931057
vt 0.352941 0.908092
vt 0.386869 0.976988
vt 0.240582 0.931057
vt 0.274510 0.908092
vt 0.308438 0.931057
vt 0.083719 0.931057
vt 0.117647 0.908092
vt 0.151575 0.976988
vt 0.005288 0.931057
vt 0.073143 0.931057
vt 0.039216 0.999954
vt 0.352941 0.908092
vt 0.386869 0.931057
vt 0.386869 0.976988
vt 0.240582 0.931057
vt 0.274510 0.908092
vt 0.308438 0.931057
vt 0.117647 0.908092
vt 0.151575 0.931057
vt 0.151575 0.976988
vt 0.005288 0.931057
vt 0.039216 0.908092
vt 0.073143 0.931057
vt 0.151575 0.976988
vt 0.117647 0.999954
vt 0.083719 0.931057
vt 0.073143 0.976988
vt 0.005288 0.976988
vt 0.039216 0.908092
vt 0.386869 0.976988
vt 0.352941 0.999954
vt 0.319013 0.931057
vt 0.308438 0.976988
vt 0.240582 0.976988
vt 0.274510 0.908092
vt 0.151575 0.976988
vt 0.117647 0.999954
vt 0.083719 0.931057
vt 0.073143 0.976988
vt 0.039216 0.999954
vt 0.005288 0.976988
vt 0.386869 0.976988
vt 0.352941 0.999954
vt 0.319013 0.931057
vt 0.308438 0.931057
vt 0.308438 0.976988
vt 0.240582 0.976988
vt 0.151575 0.976988
vt 0.117647 0.999954
vt 0.083719 0.931057
vt 0.073143 0.976988
vt 0.005288 0.976988
vt 0.039216 0.908092
vt 0.372549 0.528736
vt 0.333333 0.482759
vt 0.372549 0.482759
vt 0.313726 0.482759
vt 0.333333 0.528736
vt 0.313726 0.528736
vt 0.392157 0.528736
vt 0.392157 0.482759
vt 0.372549 0.459770
vt 0.333333 0.459770
vt 0.333333 0.551724
vt 0.372549 0.551724
vt 0.274510 0.402299
vt 0.303922 0.367816
vt 0.303922 0.402299
vt 0.254902 0.367816
vt 0.254902 0.402299
vt 0.323529 0.402299
vt 0.323529 0.367816
vt 0.303922 0.344828
vt 0.274510 0.367816
vt 0.274510 0.344828
vt 0.274510 0.425287
vt 0.303922 0.425287
vt 0.333333 0.528736
vt 0.372549 0.482759
vt 0.372549 0.528736
vt 0.313726 0.482759
vt 0.313726 0.528736
vt 0.392157 0.528736
vt 0.392157 0.482759
vt 0.372549 0.459770
vt 0.333333 0.482759
vt 0.333333 0.459770
vt 0.333333 0.551724
vt 0.372549 0.551724
vt 0.274510 0.402299
vt 0.303922 0.367816
vt 0.303922 0.402299
vt 0.254902 0.367816
vt 0.254902 0.402299
vt 0.323529 0.402299
vt 0.323529 0.367816
vt 0.303922 0.344828
vt 0.274510 0.367816
vt 0.274510 0.344828
vt 0.274510 0.425287
vt 0.303922 0.425287
vt 0.333333 0.528736
vt 0.372549 0.482759
vt 0.372549 0.528736
vt 0.313726 0.482759
vt 0.313726 0.528736
vt 0.392157 0.528736
vt 0.392157 0.482759
vt 0.372549 0.459770
vt 0.333333 0.482759
vt 0.333333 0.459770
vt 0.333333 0.551724
vt 0.372549 0.551724
vt 0.303922 0.402299
vt 0.274510 0.367816
vt 0.303922 0.367816
vt 0.254902 0.367816
vt 0.274510 0.402299
vt 0.254902 0.402299
vt 0.323529 0.402299
vt 0.323529 0.367816
vt 0.303922 0.344828
vt 0.274510 0.344828
vt 0.274510 0.425287
vt 0.303922 0.425287
vt 0.333333 0.528736
vt 0.372549 0.482759
vt 0.372549 0.528736
vt 0.313726 0.482759
vt 0.313726 0.528736
vt 0.392157 0.528736
vt 0.392157 0.482759
vt 0.372549 0.459770
vt 0.333333 0.482759
vt 0.333333 0.459770
vt 0.333333 0.551724
vt 0.372549 0.551724
vt 0.274510 0.402299
vt 0.303922 0.367816
vt 0.303922 0.402299
vt 0.254902 0.367816
vt 0.254902 0.402299
vt 0.323529 0.402299
vt 0.323529 0.367816
vt 0.303922 0.344828
vt 0.274510 0.367816
vt 0.274510 0.344828
vt 0.274510 0.425287
vt 0.303922 0.425287
vt 0.333333 0.528736
vt 0.372549 0.482759
vt 0.372549 0.528736
vt 0.313726 0.482759
vt 0.313726 0.528736
vt 0.392157 0.528736
vt 0.392157 0.482759
vt 0.372549 0.459770
vt 0.333333 0.482759
vt 0.333333 0.459770
vt 0.333333 0.551724
vt 0.372549 0.551724
vt 0.274510 0.402299
vt 0.303922 0.367816
vt 0.303922 0.402299
vt 0.254902 0.367816
vt 0.254902 0.402299
vt 0.323529 0.402299
vt 0.323529 0.367816
vt 0.303922 0.344828
vt 0.274510 0.367816
vt 0.274510 0.344828
vt 0.274510 0.425287
vt 0.303922 0.425287
vt 0.333333 0.528736
vt 0.372549 0.482759
vt 0.372549 0.528736
vt 0.313726 0.482759
vt 0.313726 0.528736
vt 0.392157 0.528736
vt 0.392157 0.482759
vt 0.372549 0.459770
vt 0.333333 0.482759
vt 0.333333 0.459770
vt 0.333333 0.551724
vt 0.372549 0.551724
vt 0.303922 0.402299
vt 0.274510 0.367816
vt 0.303922 0.367816
vt 0.254902 0.367816
vt 0.274510 0.402299
vt 0.254902 0.402299
vt 0.323529 0.402299
vt 0.323529 0.367816
vt 0.303922 0.344828
vt 0.274510 0.344828
vt 0.274510 0.425287
vt 0.303922 0.425287
vt 0.333333 0.528736
vt 0.372549 0.482759
vt 0.372549 0.528736
vt 0.313726 0.482759
vt 0.313726 0.528736
vt 0.392157 0.528736
vt 0.392157 0.482759
vt 0.372549 0.459770
vt 0.333333 0.482759
vt 0.333333 0.459770
vt 0.333333 0.551724
vt 0.372549 0.551724
vt 0.274510 0.402299
vt 0.303922 0.367816
vt 0.303922 0.402299
vt 0.254902 0.367816
vt 0.254902 0.402299
vt 0.323529 0.402299
vt 0.323529 0.367816
vt 0.303922 0.344828
vt 0.274510 0.367816
vt 0.274510 0.344828
vt 0.274510 0.425287
vt 0.303922 0.425287
vt 0.372549 0.528736
vt 0.333333 0.482759
vt 0.372549 0.482759
vt 0.313726 0.482759
vt 0.333333 0.528736
vt 0.313726 0.528736
vt 0.392157 0.528736
vt 0.392157 0.482759
vt 0.372549 0.459770
vt 0.333333 0.459770
vt 0.333333 0.551724
vt 0.372549 0.551724
vt 0.274510 0.402299
vt 0.303922 0.367816
vt 0.303922 0.402299
vt 0.254902 0.367816
vt 0.254902 0.402299
vt 0.323529 0.402299
vt 0.323529 0.367816
vt 0.303922 0.344828
vt 0.274510 0.367816
vt 0.274510 0.344828
vt 0.274510 0.425287
vt 0.303922 0.425287
vt 0.333333 0.528736
vt 0.372549 0.482759
vt 0.372549 0.528736
vt 0.313726 0.482759
vt 0.313726 0.528736
vt 0.392157 0.528736
vt 0.392157 0.482759
vt 0.372549 0.459770
vt 0.333333 0.482759
vt 0.333333 0.459770
vt 0.333333 0.551724
vt 0.372549 0.551724
vt 0.274510 0.402299
vt 0.303922 0.367816
vt 0.303922 0.402299
vt 0.254902 0.367816
vt 0.254902 0.402299
vt 0.323529 0.402299
vt 0.323529 0.367816
vt 0.303922 0.344828
vt 0.274510 0.367816
vt 0.274510 0.344828
vt 0.274510 0.425287
vt 0.303922 0.425287
vt 0.681373 0.522988
vt 0.651961 0.488506
vt 0.681373 0.488506
vt 0.676471 0.540230
vt 0.656863 0.551724
vt 0.656863 0.540230
vt 0.651961 0.522988
vt 0.642157 0.488506
vt 0.691176 0.522988
vt 0.651961 0.534483
vt 0.681373 0.477012
vt 0.696078 0.517241
vt 0.691176 0.488506
vt 0.696078 0.494253
vt 0.676471 0.471264
vt 0.651961 0.477012
vt 0.656863 0.471264
vt 0.637255 0.494253
vt 0.642157 0.522988
vt 0.637255 0.517241
vt 0.681373 0.534483
vt 0.676471 0.459770
vt 0.627451 0.494253
vt 0.705882 0.517241
vt 0.681373 0.063218
vt 0.651961 0.028736
vt 0.681373 0.028736
vt 0.676471 0.080460
vt 0.656863 0.091954
vt 0.656863 0.080460
vt 0.651961 0.063218
vt 0.642157 0.028736
vt 0.691176 0.063218
vt 0.651961 0.074713
vt 0.681373 0.017241
vt 0.696078 0.057471
vt 0.691176 0.028736
vt 0.696078 0.034483
vt 0.676471 0.011494
vt 0.651961 0.017241
vt 0.656863 0.011494
vt 0.637255 0.034483
vt 0.642157 0.063218
vt 0.637255 0.057471
vt 0.681373 0.074713
vt 0.676471 0.000000
vt 0.627451 0.034483
vt 0.705882 0.057471
vt 0.681373 0.063218
vt 0.651961 0.028736
vt 0.681373 0.028736
vt 0.676471 0.080460
vt 0.656863 0.091954
vt 0.656863 0.080460
vt 0.651961 0.063218
vt 0.642157 0.028736
vt 0.691176 0.063218
vt 0.651961 0.074713
vt 0.681373 0.017241
vt 0.696078 0.057471
vt 0.691176 0.028736
vt 0.696078 0.034483
vt 0.676471 0.011494
vt 0.651961 0.017241
vt 0.656863 0.011494
vt 0.637255 0.034483
vt 0.642157 0.063218
vt 0.637255 0.057471
vt 0.681373 0.074713
vt 0.676471 0.000000
vt 0.627451 0.034483
vt 0.705882 0.057471
vt 0.681373 0.522988
vt 0.651961 0.488506
vt 0.681373 0.488506
vt 0.676471 0.540230
vt 0.656863 0.551724
vt 0.656863 0.540230
vt 0.651961 0.522988
vt 0.642157 0.488506
vt 0.691176 0.522988
vt 0.651961 0.534483
vt 0.681373 0.477012
vt 0.696078 0.517241
vt 0.691176 0.488506
vt 0.696078 0.494253
vt 0.676471 0.471264
vt 0.651961 0.477012
vt 0.656863 0.471264
vt 0.637255 0.494253
vt 0.642157 0.522988
vt 0.637255 0.517241
vt 0.681373 0.534483
vt 0.676471 0.459770
vt 0.627451 0.494253
vt 0.705882 0.517241
vt 0.681373 0.063218
vt 0.651961 0.028736
vt 0.681373 0.028736
vt 0.676471 0.080460
vt 0.656863 0.091954
vt 0.656863 0.080460
vt 0.651961 0.063218
vt 0.642157 0.028736
vt 0.691176 0.063218
vt 0.681373 0.074713
vt 0.651961 0.074713
vt 0.681373 0.017241
vt 0.696078 0.057471
vt 0.691176 0.028736
vt 0.696078 0.034483
vt 0.676471 0.011494
vt 0.651961 0.017241
vt 0.656863 0.011494
vt 0.637255 0.034483
vt 0.642157 0.063218
vt 0.637255 0.057471
vt 0.676471 0.000000
vt 0.627451 0.034483
vt 0.705882 0.057471
vt 0.681373 0.522988
vt 0.651961 0.488506
vt 0.681373 0.488506
vt 0.676471 0.540230
vt 0.656863 0.551724
vt 0.656863 0.540230
vt 0.651961 0.522988
vt 0.642157 0.488506
vt 0.691176 0.522988
vt 0.651961 0.534483
vt 0.681373 0.477012
vt 0.696078 0.517241
vt 0.691176 0.488506
vt 0.696078 0.494253
vt 0.676471 0.471264
vt 0.651961 0.477012
vt 0.656863 0.471264
vt 0.637255 0.494253
vt 0.642157 0.522988
vt 0.637255 0.517241
vt 0.681373 0.534483
vt 0.676471 0.459770
vt 0.627451 0.494253
vt 0.705882 0.517241
vt 0.681373 0.063218
vt 0.651961 0.028736
vt 0.681373 0.028736
vt 0.676471 0.080460
vt 0.656863 0.091954
vt 0.656863 0.080460
vt 0.651961 0.063218
vt 0.642157 0.028736
vt 0.691176 0.063218
vt 0.651961 0.074713
vt 0.681373 0.017241
vt 0.696078 0.057471
vt 0.691176 0.028736
vt 0.696078 0.034483
vt 0.676471 0.011494
vt 0.651961 0.017241
vt 0.656863 0.011494
vt 0.637255 0.034483
vt 0.642157 0.063218
vt 0.637255 0.057471
vt 0.681373 0.074713
vt 0.676471 0.000000
vt 0.627451 0.034483
vt 0.705882 0.057471
vt 0.681373 0.063218
vt 0.651961 0.028736
vt 0.681373 0.028736
vt 0.676471 0.080460
vt 0.656863 0.091954
vt 0.656863 0.080460
vt 0.651961 0.063218
vt 0.642157 0.028736
vt 0.691176 0.063218
vt 0.651961 0.074713
vt 0.681373 0.017241
vt 0.696078 0.057471
vt 0.691176 0.028736
vt 0.696078 0.034483
vt 0.676471 0.011494
vt 0.651961 0.017241
vt 0.656863 0.011494
vt 0.637255 0.034483
vt 0.642157 0.063218
vt 0.637255 0.057471
vt 0.681373 0.074713
vt 0.676471 0.000000
vt 0.627451 0.034483
vt 0.705882 0.057471
vt 0.681373 0.522988
vt 0.651961 0.488506
vt 0.681373 0.488506
vt 0.676471 0.540230
vt 0.656863 0.551724
vt 0.656863 0.540230
vt 0.651961 0.522988
vt 0.642157 0.488506
vt 0.691176 0.522988
vt 0.651961 0.534483
vt 0.681373 0.477012
vt 0.696078 0.517241
vt 0.691176 0.488506
vt 0.696078 0.494253
vt 0.676471 0.471264
vt 0.651961 0.477012
vt 0.656863 0.471264
vt 0.637255 0.494253
vt 0.642157 0.522988
vt 0.637255 0.517241
vt 0.681373 0.534483
vt 0.676471 0.459770
vt 0.627451 0.494253
vt 0.705882 0.517241
vt 0.681373 0.063218
vt 0.651961 0.028736
vt 0.681373 0.028736
vt 0.676471 0.080460
vt 0.656863 0.091954
vt 0.656863 0.080460
vt 0.651961 0.063218
vt 0.642157 0.028736
vt 0.691176 0.063218
vt 0.651961 0.074713
vt 0.681373 0.017241
vt 0.696078 0.057471
vt 0.691176 0.028736
vt 0.696078 0.034483
vt 0.676471 0.011494
vt 0.651961 0.017241
vt 0.656863 0.011494
vt 0.637255 0.034483
vt 0.642157 0.063218
vt 0.637255 0.057471
vt 0.681373 0.074713
vt 0.676471 0.000000
vt 0.627451 0.034483
vt 0.705882 0.057471
vt 0.681373 0.063218
vt 0.651961 0.028736
vt 0.681373 0.028736
vt 0.676471 0.080460
vt 0.656863 0.091954
vt 0.656863 0.080460
vt 0.651961 0.063218
vt 0.642157 0.028736
vt 0.691176 0.063218
vt 0.651961 0.074713
vt 0.681373 0.017241
vt 0.696078 0.057471
vt 0.691176 0.028736
vt 0.696078 0.034483
vt 0.676471 0.011494
vt 0.651961 0.017241
vt 0.656863 0.011494
vt 0.637255 0.034483
vt 0.642157 0.063218
vt 0.637255 0.057471
vt 0.681373 0.074713
vt 0.676471 0.000000
vt 0.627451 0.034483
vt 0.705882 0.057471
vt 0.681373 0.063218
vt 0.651961 0.028736
vt 0.681373 0.028736
vt 0.676471 0.080460
vt 0.656863 0.091954
vt 0.656863 0.080460
vt 0.651961 0.063218
vt 0.642157 0.028736
vt 0.691176 0.063218
vt 0.651961 0.074713
vt 0.681373 0.017241
vt 0.696078 0.057471
vt 0.691176 0.028736
vt 0.696078 0.034483
vt 0.676471 0.011494
vt 0.651961 0.017241
vt 0.656863 0.011494
vt 0.637255 0.034483
vt 0.642157 0.063218
vt 0.637255 0.057471
vt 0.681373 0.074713
vt 0.676471 0.000000
vt 0.627451 0.034483
vt 0.705882 0.057471
vt 0.681373 0.063218
vt 0.651961 0.028736
vt 0.681373 0.028736
vt 0.676471 0.080460
vt 0.656863 0.091954
vt 0.656863 0.080460
vt 0.651961 0.063218
vt 0.642157 0.028736
vt 0.691176 0.063218
vt 0.651961 0.074713
vt 0.681373 0.017241
vt 0.696078 0.057471
vt 0.691176 0.028736
vt 0.696078 0.034483
vt 0.676471 0.011494
vt 0.651961 0.017241
vt 0.656863 0.011494
vt 0.637255 0.034483
vt 0.642157 0.063218
vt 0.637255 0.057471
vt 0.681373 0.074713
vt 0.676471 0.000000
vt 0.627451 0.034483
vt 0.705882 0.057471
vt 0.681373 0.063218
vt 0.651961 0.028736
vt 0.681373 0.028736
vt 0.676471 0.080460
vt 0.656863 0.091954
vt 0.656863 0.080460
vt 0.651961 0.063218
vt 0.642157 0.028736
vt 0.691176 0.063218
vt 0.651961 0.074713
vt 0.681373 0.017241
vt 0.696078 0.057471
vt 0.691176 0.028736
vt 0.696078 0.034483
vt 0.676471 0.011494
vt 0.651961 0.017241
vt 0.656863 0.011494
vt 0.637255 0.034483
vt 0.642157 0.063218
vt 0.637255 0.057471
vt 0.681373 0.074713
vt 0.676471 0.000000
vt 0.627451 0.034483
vt 0.705882 0.057471
vt 0.681373 0.063218
vt 0.651961 0.028736
vt 0.681373 0.028736
vt 0.676471 0.080460
vt 0.656863 0.091954
vt 0.656863 0.080460
vt 0.651961 0.063218
vt 0.642157 0.028736
vt 0.691176 0.063218
vt 0.651961 0.074713
vt 0.681373 0.017241
vt 0.696078 0.057471
vt 0.691176 0.028736
vt 0.696078 0.034483
vt 0.676471 0.011494
vt 0.651961 0.017241
vt 0.656863 0.011494
vt 0.637255 0.034483
vt 0.642157 0.063218
vt 0.637255 0.057471
vt 0.681373 0.074713
vt 0.676471 0.000000
vt 0.627451 0.034483
vt 0.705882 0.057471
vt 0.681373 0.063218
vt 0.651961 0.028736
vt 0.681373 0.028736
vt 0.676471 0.080460
vt 0.656863 0.091954
vt 0.656863 0.080460
vt 0.651961 0.063218
vt 0.642157 0.028736
vt 0.691176 0.063218
vt 0.651961 0.074713
vt 0.681373 0.017241
vt 0.696078 0.057471
vt 0.691176 0.028736
vt 0.696078 0.034483
vt 0.676471 0.011494
vt 0.651961 0.017241
vt 0.656863 0.011494
vt 0.637255 0.034483
vt 0.642157 0.063218
vt 0.637255 0.057471
vt 0.681373 0.074713
vt 0.676471 0.000000
vt 0.627451 0.034483
vt 0.705882 0.057471
vt 0.681373 0.063218
vt 0.651961 0.028736
vt 0.681373 0.028736
vt 0.656863 0.080460
vt 0.676471 0.091954
vt 0.656863 0.091954
vt 0.651961 0.063218
vt 0.642157 0.028736
vt 0.691176 0.063218
vt 0.681373 0.074713
vt 0.651961 0.074713
vt 0.681373 0.017241
vt 0.696078 0.057471
vt 0.691176 0.028736
vt 0.696078 0.034483
vt 0.676471 0.011494
vt 0.651961 0.017241
vt 0.656863 0.011494
vt 0.637255 0.034483
vt 0.642157 0.063218
vt 0.637255 0.057471
vt 0.676471 0.080460
vt 0.676471 0.000000
vt 0.627451 0.034483
vt 0.705882 0.057471
vt 0.681373 0.063218
vt 0.651961 0.028736
vt 0.681373 0.028736
vt 0.676471 0.080460
vt 0.656863 0.091954
vt 0.656863 0.080460
vt 0.651961 0.063218
vt 0.642157 0.028736
vt 0.691176 0.063218
vt 0.651961 0.074713
vt 0.681373 0.017241
vt 0.696078 0.057471
vt 0.691176 0.028736
vt 0.696078 0.034483
vt 0.676471 0.011494
vt 0.651961 0.017241
vt 0.656863 0.011494
vt 0.637255 0.034483
vt 0.642157 0.063218
vt 0.637255 0.057471
vt 0.681373 0.074713
vt 0.676471 0.000000
vt 0.627451 0.034483
vt 0.705882 0.057471
vt 0.681373 0.063218
vt 0.651961 0.028736
vt 0.681373 0.028736
vt 0.676471 0.080460
vt 0.656863 0.091954
vt 0.656863 0.080460
vt 0.651961 0.063218
vt 0.642157 0.028736
vt 0.691176 0.063218
vt 0.651961 0.074713
vt 0.681373 0.017241
vt 0.696078 0.057471
vt 0.691176 0.028736
vt 0.696078 0.034483
vt 0.676471 0.011494
vt 0.651961 0.017241
vt 0.656863 0.011494
vt 0.637255 0.034483
vt 0.642157 0.063218
vt 0.637255 0.057471
vt 0.681373 0.074713
vt 0.676471 0.000000
vt 0.627451 0.034483
vt 0.705882 0.057471
vt 0.882353 -0.000000
vt 0.882353 0.068966
vt 0.941176 0.045977
vt 0.882353 -0.000000
vt 0.882353 0.068966
vt 0.941176 0.045977
vt 0.882353 -0.000000
vt 0.882353 0.068966
vt 0.941176 0.045977
vt 0.882353 -0.000000
vt 0.882353 0.068966
vt 0.941176 0.045977
vt 0.843137 0.563218
vt 0.843137 0.563218
vt 0.843137 0.563218
vt 0.843137 0.563218
vt 0.676471 0.091954
vt 0.656863 0.000000
vt 0.627451 0.057471
vt 0.705882 0.034483
vt 0.137235 0.993800
vt 0.117647 0.999954
vt 0.098059 0.993800
vt 0.083719 0.976988
vt 0.078471 0.954023
vt 0.098059 0.914245
vt 0.137235 0.914245
vt 0.151575 0.931057
vt 0.156823 0.954023
vt 0.039216 0.999954
vt 0.019627 0.993800
vt 0.000039 0.954023
vt 0.019627 0.914245
vt 0.039216 0.908092
vt 0.058804 0.914245
vt 0.078392 0.954023
vt 0.073143 0.976988
vt 0.058804 0.993800
vt 0.156863 0.045977
vt 0.117647 0.505747
vt 0.078431 -0.000000
vt 0.156863 0.045977
vt 0.117647 0.505747
vt 0.078431 -0.000000
vt 0.627451 0.045977
vt 0.588235 0.505747
vt 0.392157 0.000000
vt 0.000000 0.540230
vt 0.210784 0.459770
vt 0.210784 0.459770
vt 0.210784 0.459770
vt 0.210784 0.459770
vt 0.220588 0.459770
vt 0.220588 0.459770
vt 0.210784 0.459770
vt 0.210784 0.459770
vt 0.210784 0.459770
vt 0.210784 0.459770
vt 0.220588 0.459770
vt 0.220588 0.459770
vt 0.000000 0.540230
vt 0.372529 0.993800
vt 0.352941 0.999954
vt 0.333353 0.993800
vt 0.319013 0.976988
vt 0.313765 0.954023
vt 0.333353 0.914245
vt 0.372529 0.914245
vt 0.386869 0.931057
vt 0.392118 0.954023
vt 0.274510 0.999954
vt 0.254922 0.993800
vt 0.240582 0.976988
vt 0.235333 0.954023
vt 0.254922 0.914245
vt 0.294098 0.914245
vt 0.313686 0.954023
vt 0.308438 0.976988
vt 0.294098 0.993800
vt 0.137235 0.993800
vt 0.117647 0.999954
vt 0.098059 0.993800
vt 0.083719 0.976988
vt 0.078471 0.954023
vt 0.098059 0.914245
vt 0.137235 0.914245
vt 0.151575 0.931057
vt 0.156823 0.954023
vt 0.019627 0.993800
vt 0.005288 0.976988
vt 0.000039 0.954023
vt 0.019627 0.914245
vt 0.039216 0.908092
vt 0.058804 0.914245
vt 0.078392 0.954023
vt 0.073143 0.976988
vt 0.058804 0.993800
vt 0.372529 0.993800
vt 0.352941 0.999954
vt 0.333353 0.993800
vt 0.319013 0.976988
vt 0.313765 0.954023
vt 0.319013 0.931057
vt 0.333353 0.914245
vt 0.372529 0.914245
vt 0.392118 0.954023
vt 0.274510 0.999954
vt 0.254922 0.993800
vt 0.240582 0.976988
vt 0.235333 0.954023
vt 0.254922 0.914245
vt 0.294098 0.914245
vt 0.313686 0.954023
vt 0.308438 0.976988
vt 0.294098 0.993800
vt 0.137235 0.993800
vt 0.117647 0.999954
vt 0.098059 0.993800
vt 0.083719 0.976988
vt 0.078471 0.954023
vt 0.083719 0.931057
vt 0.098059 0.914245
vt 0.137235 0.914245
vt 0.156823 0.954023
vt 0.039216 0.999954
vt 0.019627 0.993800
vt 0.005288 0.976988
vt 0.000039 0.954023
vt 0.019627 0.914245
vt 0.058804 0.914245
vt 0.078392 0.954023
vt 0.073143 0.976988
vt 0.058804 0.993800
vt 0.098059 0.914245
vt 0.117647 0.908092
vt 0.137235 0.914245
vt 0.151575 0.931057
vt 0.156823 0.954023
vt 0.137235 0.993800
vt 0.098059 0.993800
vt 0.083719 0.976988
vt 0.078471 0.954023
vt 0.058804 0.914245
vt 0.073143 0.931057
vt 0.078392 0.954023
vt 0.058804 0.993800
vt 0.039216 0.999954
vt 0.019627 0.993800
vt 0.000039 0.954023
vt 0.005288 0.931057
vt 0.019627 0.914245
vt 0.333353 0.914245
vt 0.352941 0.908092
vt 0.372529 0.914245
vt 0.386869 0.931057
vt 0.392118 0.954023
vt 0.372529 0.993800
vt 0.333353 0.993800
vt 0.319013 0.976988
vt 0.313765 0.954023
vt 0.294098 0.914245
vt 0.308438 0.931057
vt 0.313686 0.954023
vt 0.294098 0.993800
vt 0.274510 0.999954
vt 0.254922 0.993800
vt 0.235333 0.954023
vt 0.240582 0.931057
vt 0.254922 0.914245
vt 0.098059 0.914245
vt 0.117647 0.908092
vt 0.137235 0.914245
vt 0.151575 0.931057
vt 0.156823 0.954023
vt 0.137235 0.993800
vt 0.098059 0.993800
vt 0.083719 0.976988
vt 0.078471 0.954023
vt 0.039216 0.908092
vt 0.058804 0.914245
vt 0.073143 0.931057
vt 0.078392 0.954023
vt 0.058804 0.993800
vt 0.019627 0.993800
vt 0.000039 0.954023
vt 0.005288 0.931057
vt 0.019627 0.914245
vt 0.333353 0.914245
vt 0.352941 0.908092
vt 0.372529 0.914245
vt 0.386869 0.931057
vt 0.392118 0.954023
vt 0.372529 0.993800
vt 0.333353 0.993800
vt 0.319013 0.976988
vt 0.313765 0.954023
vt 0.274510 0.908092
vt 0.294098 0.914245
vt 0.313686 0.954023
vt 0.294098 0.993800
vt 0.274510 0.999954
vt 0.254922 0.993800
vt 0.235333 0.954023
vt 0.240582 0.931057
vt 0.254922 0.914245
vt 0.098059 0.914245
vt 0.117647 0.908092
vt 0.137235 0.914245
vt 0.151575 0.931057
vt 0.156823 0.954023
vt 0.137235 0.993800
vt 0.098059 0.993800
vt 0.083719 0.976988
vt 0.078471 0.954023
vt 0.058804 0.914245
vt 0.073143 0.931057
vt 0.078392 0.954023
vt 0.058804 0.993800
vt 0.039216 0.999954
vt 0.019627 0.993800
vt 0.000039 0.954023
vt 0.005288 0.931057
vt 0.019627 0.914245
vt 0.676471 0.551724
vt 0.656863 0.459770
vt 0.627451 0.517241
vt 0.705882 0.494253
vt 0.676471 0.091954
vt 0.656863 0.000000
vt 0.627451 0.057471
vt 0.705882 0.034483
vt 0.676471 0.091954
vt 0.656863 0.000000
vt 0.627451 0.057471
vt 0.705882 0.034483
vt 0.676471 0.551724
vt 0.656863 0.459770
vt 0.627451 0.517241
vt 0.705882 0.494253
vt 0.676471 0.091954
vt 0.656863 0.000000
vt 0.627451 0.057471
vt 0.705882 0.034483
vt 0.676471 0.551724
vt 0.656863 0.459770
vt 0.627451 0.517241
vt 0.705882 0.494253
vt 0.676471 0.091954
vt 0.656863 0.000000
vt 0.627451 0.057471
vt 0.705882 0.034483
vt 0.676471 0.091954
vt 0.656863 0.000000
vt 0.627451 0.057471
vt 0.705882 0.034483
vt 0.676471 0.551724
vt 0.656863 0.459770
vt 0.627451 0.517241
vt 0.705882 0.494253
vt 0.676471 0.091954
vt 0.656863 0.000000
vt 0.627451 0.057471
vt 0.705882 0.034483
vt 0.676471 0.091954
vt 0.656863 0.000000
vt 0.627451 0.057471
vt 0.705882 0.034483
vt 0.676471 0.091954
vt 0.656863 0.000000
vt 0.627451 0.057471
vt 0.705882 0.034483
vt 0.676471 0.091954
vt 0.656863 0.000000
vt 0.627451 0.057471
vt 0.705882 0.034483
vt 0.676471 0.091954
vt 0.656863 0.000000
vt 0.627451 0.057471
vt 0.705882 0.034483
vt 0.676471 0.091954
vt 0.656863 0.000000
vt 0.627451 0.057471
vt 0.705882 0.034483
vt 0.676471 0.091954
vt 0.656863 0.000000
vt 0.627451 0.057471
vt 0.705882 0.034483
vt 0.656863 0.000000
vt 0.627451 0.057471
vt 0.705882 0.034483
vt 0.676471 0.091954
vt 0.656863 0.000000
vt 0.627451 0.057471
vt 0.705882 0.034483
vt 0.676471 0.091954
vt 0.656863 0.000000
vt 0.627451 0.057471
vt 0.705882 0.034483
vt 0.156863 0.908046
vt 0.176471 0.747126
vt 0.176471 0.908046
vt 0.019608 0.908046
vt 0.039216 0.747126
vt 0.039216 0.908046
vt 0.078431 0.908046
vt 0.098039 0.747126
vt 0.098039 0.908046
vt 0.196078 0.747126
vt 0.196078 0.908046
vt 0.137255 0.908046
vt 0.156863 0.747126
vt 0.000000 0.908046
vt 0.019608 0.747126
vt 0.058824 0.908046
vt 0.078431 0.747126
vt 0.117647 0.908046
vt 0.137255 0.747126
vt 0.215686 0.908046
vt 0.235294 0.747126
vt 0.235294 0.908046
vt 0.058824 0.747126
vt 0.117647 0.747126
vt 0.215686 0.747126
vt 0.058824 0.505747
vt 0.039216 0.505747
vt 0.235294 0.505747
vt 0.215686 0.505747
vt 0.078431 0.505747
vt 0.254902 0.505747
vt 0.098039 0.505747
vt 0.274510 0.505747
vt 0.117647 0.505747
vt 0.294118 0.505747
vt 0.137255 0.505747
vt 0.313726 0.505747
vt 0.176471 0.505747
vt 0.156863 0.505747
vt 0.019608 0.505747
vt -0.000000 0.505747
vt 0.196078 0.505747
vt 0.156863 0.563218
vt 0.137255 0.563218
vt 0.000000 0.563218
vt 0.176471 0.563218
vt 0.019608 0.563218
vt 0.196078 0.563218
vt 0.039216 0.563218
vt 0.215686 0.563218
vt 0.058824 0.563218
vt 0.254902 0.563218
vt 0.235294 0.563218
vt 0.078431 0.563218
vt 0.274510 0.563218
vt 0.098039 0.563218
vt 0.117647 0.563218
vt 0.294118 0.563218
vt 0.313726 0.505747
vt 0.294118 0.505747
vt 0.137255 0.505747
vt 0.117647 0.505747
vt 0.274510 0.505747
vt 0.098039 0.505747
vt 0.254902 0.505747
vt 0.078431 0.505747
vt 0.235294 0.505747
vt 0.058824 0.505747
vt 0.215686 0.505747
vt 0.039216 0.505747
vt 0.245098 0.379310
vt 0.254902 0.402299
vt 0.245098 0.402299
vt 0.225490 0.379310
vt 0.235294 0.402299
vt 0.225490 0.402299
vt 0.196078 0.379310
vt 0.205882 0.402299
vt 0.196078 0.402299
vt 0.176471 0.379310
vt 0.186275 0.402299
vt 0.176471 0.402299
vt 0.235294 0.379310
vt 0.215686 0.379310
vt 0.215686 0.402299
vt 0.205882 0.379310
vt 0.186275 0.379310
vt 0.196078 0.373563
vt 0.205882 0.362069
vt 0.235294 0.373563
vt 0.245098 0.362069
vt 0.245098 0.367816
vt 0.225490 0.362069
vt 0.215686 0.362069
vt 0.186275 0.362069
vt 0.196078 0.362069
vt 0.235294 0.362069
vt 0.225490 0.344828
vt 0.235294 0.350575
vt 0.205882 0.344828
vt 0.245098 0.356322
vt 0.215686 0.344828
vt 0.186275 0.356322
vt 0.196078 0.350575
vt 0.176471 0.362069
vt 0.186275 0.367816
vt 0.254902 0.362069
vt 0.196078 0.344828
vt 0.205882 0.252874
vt 0.235294 0.344828
vt 0.245098 0.252874
vt 0.245098 0.344828
vt 0.225490 0.252874
vt 0.254902 0.252874
vt 0.254902 0.344828
vt 0.215686 0.252874
vt 0.176471 0.344828
vt 0.186275 0.252874
vt 0.186275 0.344828
vt 0.196078 0.252874
vt 0.235294 0.252874
vt 0.333333 0.298851
vt 0.323529 0.344828
vt 0.323529 0.298851
vt 0.264706 0.298851
vt 0.254902 0.344828
vt 0.254902 0.298851
vt 0.274510 0.298851
vt 0.264706 0.344828
vt 0.284314 0.298851
vt 0.274510 0.344828
vt 0.294118 0.298851
vt 0.284314 0.344828
vt 0.303922 0.298851
vt 0.294118 0.344828
vt 0.313726 0.298851
vt 0.303922 0.344828
vt 0.313726 0.344828
vt 0.274510 0.597701
vt -0.000000 0.609195
vt -0.000000 0.597701
vt 0.274510 0.574713
vt -0.000000 0.586207
vt -0.000000 0.574713
vt 0.274510 0.643678
vt -0.000000 0.655172
vt -0.000000 0.643678
vt 0.274510 0.620690
vt -0.000000 0.632184
vt -0.000000 0.620690
vt 0.274510 0.586207
vt 0.274510 0.563218
vt -0.000000 0.563218
vt 0.274510 0.632184
vt 0.274510 0.609195
vt 0.058824 0.735632
vt -0.000000 0.747126
vt -0.000000 0.735632
vt 0.058824 0.712644
vt -0.000000 0.724138
vt -0.000000 0.712644
vt 0.058824 0.678161
vt -0.000000 0.689655
vt -0.000000 0.678161
vt 0.058824 0.655172
vt -0.000000 0.666667
vt -0.000000 0.655172
vt 0.058824 0.724138
vt 0.058824 0.701149
vt -0.000000 0.701149
vt 0.058824 0.689655
vt 0.058824 0.666667
vt 0.073529 0.678161
vt 0.073529 0.689655
vt 0.063725 0.724138
vt 0.073529 0.735632
vt 0.068627 0.735632
vt 0.073529 0.712644
vt 0.073529 0.701149
vt 0.063725 0.678161
vt 0.073529 0.666667
vt 0.073529 0.724138
vt 0.073529 0.655172
vt 0.068627 0.666667
vt 0.073529 0.747126
vt 0.299020 0.666667
vt 0.313726 0.655172
vt 0.313726 0.666667
vt 0.299020 0.678161
vt 0.308824 0.678161
vt 0.299020 0.712644
vt 0.308824 0.724138
vt 0.299020 0.724138
vt 0.299020 0.735632
vt 0.313726 0.747126
vt 0.299020 0.747126
vt 0.303922 0.689655
vt 0.299020 0.689655
vt 0.313726 0.735632
vt 0.299020 0.701149
vt 0.303922 0.712644
vt 0.352941 0.678161
vt 0.313726 0.678161
vt 0.313726 0.712644
vt 0.352941 0.724138
vt 0.313726 0.724138
vt 0.313726 0.701149
vt 0.352941 0.712644
vt 0.352941 0.747126
vt 0.313726 0.689655
vt 0.352941 0.701149
vt 0.352941 0.689655
vt 0.352941 0.735632
vt 0.352941 0.666667
vt 0.392157 0.735632
vt 0.352941 0.747126
vt 0.352941 0.735632
vt 0.392157 0.712644
vt 0.352941 0.724138
vt 0.352941 0.712644
vt 0.392157 0.678161
vt 0.352941 0.689655
vt 0.352941 0.678161
vt 0.392157 0.655172
vt 0.352941 0.666667
vt 0.352941 0.655172
vt 0.392157 0.724138
vt 0.392157 0.701149
vt 0.352941 0.701149
vt 0.392157 0.689655
vt 0.392157 0.666667
vt 0.406863 0.678161
vt 0.406863 0.689655
vt 0.397059 0.724138
vt 0.406863 0.735632
vt 0.401961 0.735632
vt 0.406863 0.712644
vt 0.406863 0.701149
vt 0.397059 0.678161
vt 0.406863 0.666667
vt 0.406863 0.724138
vt 0.632353 0.678161
vt 0.632353 0.689655
vt 0.632353 0.712644
vt 0.632353 0.724138
vt 0.632353 0.735632
vt 0.632353 0.747126
vt 0.406863 0.747126
vt 0.406863 0.655172
vt 0.401961 0.666667
vt 0.632353 0.655172
vt 0.632353 0.666667
vt 0.299020 0.655172
vt 0.647059 0.655172
vt 0.647059 0.666667
vt 0.642157 0.678161
vt 0.642157 0.724138
vt 0.647059 0.747126
vt 0.637255 0.689655
vt 0.647059 0.735632
vt 0.632353 0.701149
vt 0.637255 0.712644
vt 0.705882 0.678161
vt 0.647059 0.678161
vt 0.647059 0.712644
vt 0.705882 0.724138
vt 0.647059 0.724138
vt 0.647059 0.701149
vt 0.705882 0.712644
vt 0.705882 0.747126
vt 0.647059 0.689655
vt 0.705882 0.701149
vt 0.705882 0.689655
vt 0.705882 0.735632
vt 0.705882 0.666667
vt 0.735294 0.735632
vt 0.705882 0.747126
vt 0.705882 0.735632
vt 0.735294 0.712644
vt 0.705882 0.724138
vt 0.705882 0.712644
vt 0.735294 0.678161
vt 0.705882 0.689655
vt 0.705882 0.678161
vt 0.735294 0.655172
vt 0.705882 0.666667
vt 0.705882 0.655172
vt 0.735294 0.724138
vt 0.735294 0.701149
vt 0.705882 0.701149
vt 0.735294 0.689655
vt 0.735294 0.666667
vt 0.750000 0.678161
vt 0.750000 0.689655
vt 0.740196 0.724138
vt 0.750000 0.735632
vt 0.745098 0.735632
vt 0.750000 0.712644
vt 0.750000 0.701149
vt 0.740196 0.678161
vt 0.750000 0.666667
vt 0.750000 0.724138
vt 0.764706 0.712644
vt 0.759804 0.724138
vt 0.764706 0.689655
vt 0.754902 0.735632
vt 0.764706 0.701149
vt 0.759804 0.678161
vt 0.750000 0.655172
vt 0.745098 0.666667
vt 0.754902 0.666667
vt 0.750000 0.747126
vt 0.764706 0.678161
vt 0.882353 0.689655
vt 0.764706 0.724138
vt 0.882353 0.735632
vt 0.764706 0.735632
vt 0.882353 0.712644
vt 0.882353 0.747126
vt 0.764706 0.747126
vt 0.882353 0.701149
vt 0.764706 0.655172
vt 0.882353 0.666667
vt 0.764706 0.666667
vt 0.882353 0.678161
vt 0.882353 0.724138
vt 0.897059 0.735632
vt 0.897059 0.747126
vt 0.897059 0.678161
vt 0.887255 0.678161
vt 0.887255 0.724138
vt 0.897059 0.712644
vt 0.897059 0.724138
vt 0.882353 0.655172
vt 0.897059 0.666667
vt 0.897059 0.689655
vt 0.892157 0.689655
vt 0.897059 0.655172
vt 0.911765 0.666667
vt 0.906863 0.678161
vt 0.906863 0.724138
vt 0.911765 0.747126
vt 0.901961 0.689655
vt 0.911765 0.735632
vt 0.897059 0.701149
vt 0.892157 0.712644
vt 0.901961 0.712644
vt 0.921569 0.678161
vt 0.911765 0.678161
vt 0.911765 0.712644
vt 0.921569 0.724138
vt 0.911765 0.724138
vt 0.911765 0.701149
vt 0.921569 0.712644
vt 0.921569 0.747126
vt 0.911765 0.689655
vt 0.921569 0.701149
vt 0.921569 0.689655
vt 0.921569 0.735632
vt 0.911765 0.655172
vt 0.921569 0.666667
vt 0.303922 0.643678
vt 0.274510 0.655172
vt 0.274510 0.643678
vt 0.303922 0.620690
vt 0.274510 0.632184
vt 0.274510 0.620690
vt 0.303922 0.586207
vt 0.274510 0.597701
vt 0.274510 0.586207
vt 0.303922 0.563218
vt 0.274510 0.574713
vt 0.274510 0.563218
vt 0.303922 0.632184
vt 0.303922 0.609195
vt 0.274510 0.609195
vt 0.303922 0.597701
vt 0.303922 0.574713
vt 0.318627 0.586207
vt 0.318627 0.597701
vt 0.308824 0.632184
vt 0.318627 0.643678
vt 0.313726 0.643678
vt 0.318627 0.620690
vt 0.318627 0.609195
vt 0.308824 0.586207
vt 0.318627 0.574713
vt 0.318627 0.632184
vt 0.333333 0.620690
vt 0.328431 0.632184
vt 0.333333 0.597701
vt 0.323529 0.643678
vt 0.333333 0.609195
vt 0.328431 0.586207
vt 0.318627 0.563218
vt 0.313726 0.574713
vt 0.323529 0.574713
vt 0.318627 0.655172
vt 0.333333 0.586207
vt 0.450980 0.597701
vt 0.333333 0.632184
vt 0.450980 0.643678
vt 0.333333 0.643678
vt 0.450980 0.620690
vt 0.450980 0.655172
vt 0.333333 0.655172
vt 0.450980 0.609195
vt 0.333333 0.563218
vt 0.450980 0.574713
vt 0.333333 0.574713
vt 0.450980 0.586207
vt 0.450980 0.632184
vt 0.465686 0.643678
vt 0.465686 0.655172
vt 0.465686 0.586207
vt 0.455882 0.586207
vt 0.455882 0.632184
vt 0.465686 0.620690
vt 0.465686 0.632184
vt 0.450980 0.563218
vt 0.465686 0.574713
vt 0.465686 0.597701
vt 0.460784 0.597701
vt 0.480392 0.563218
vt 0.480392 0.574713
vt 0.475490 0.586207
vt 0.475490 0.632184
vt 0.480392 0.655172
vt 0.470588 0.597701
vt 0.480392 0.643678
vt 0.465686 0.609195
vt 0.460784 0.620690
vt 0.470588 0.620690
vt 0.490196 0.586207
vt 0.480392 0.586207
vt 0.480392 0.620690
vt 0.490196 0.632184
vt 0.480392 0.632184
vt 0.480392 0.609195
vt 0.490196 0.620690
vt 0.490196 0.655172
vt 0.480392 0.597701
vt 0.490196 0.609195
vt 0.490196 0.597701
vt 0.490196 0.643678
vt 0.490196 0.574713
vt 0.294118 0.298851
vt 0.284314 0.252874
vt 0.294118 0.252874
vt 0.274510 0.298851
vt 0.264706 0.252874
vt 0.274510 0.252874
vt 0.333333 0.298851
vt 0.323529 0.252874
vt 0.333333 0.252874
vt 0.313726 0.298851
vt 0.303922 0.252874
vt 0.313726 0.252874
vt 0.303922 0.298851
vt 0.284314 0.298851
vt 0.264706 0.298851
vt 0.254902 0.252874
vt 0.323529 0.298851
vt 0.245098 0.379310
vt 0.254902 0.402299
vt 0.245098 0.402299
vt 0.225490 0.379310
vt 0.235294 0.402299
vt 0.225490 0.402299
vt 0.196078 0.379310
vt 0.205882 0.402299
vt 0.196078 0.402299
vt 0.176471 0.379310
vt 0.186275 0.402299
vt 0.176471 0.402299
vt 0.235294 0.379310
vt 0.215686 0.379310
vt 0.215686 0.402299
vt 0.205882 0.379310
vt 0.186275 0.379310
vt 0.196078 0.362069
vt 0.205882 0.362069
vt 0.235294 0.373563
vt 0.245098 0.362069
vt 0.245098 0.367816
vt 0.215686 0.362069
vt 0.225490 0.362069
vt 0.196078 0.373563
vt 0.186275 0.362069
vt 0.235294 0.362069
vt 0.225490 0.344828
vt 0.235294 0.350575
vt 0.205882 0.344828
vt 0.245098 0.356322
vt 0.215686 0.344828
vt 0.186275 0.356322
vt 0.196078 0.350575
vt 0.176471 0.362069
vt 0.186275 0.367816
vt 0.254902 0.362069
vt 0.196078 0.344828
vt 0.205882 0.252874
vt 0.235294 0.344828
vt 0.245098 0.252874
vt 0.245098 0.344828
vt 0.225490 0.252874
vt 0.254902 0.252874
vt 0.254902 0.344828
vt 0.215686 0.252874
vt 0.176471 0.344828
vt 0.186275 0.252874
vt 0.186275 0.344828
vt 0.196078 0.252874
vt 0.235294 0.252874
vt 0.245098 0.379310
vt 0.254902 0.402299
vt 0.245098 0.402299
vt 0.225490 0.379310
vt 0.235294 0.402299
vt 0.225490 0.402299
vt 0.196078 0.379310
vt 0.205882 0.402299
vt 0.196078 0.402299
vt 0.176471 0.402299
vt 0.186275 0.379310
vt 0.186275 0.402299
vt 0.235294 0.379310
vt 0.215686 0.379310
vt 0.215686 0.402299
vt 0.205882 0.379310
vt 0.196078 0.362069
vt 0.205882 0.362069
vt 0.235294 0.373563
vt 0.245098 0.362069
vt 0.245098 0.367816
vt 0.225490 0.362069
vt 0.215686 0.362069
vt 0.196078 0.373563
vt 0.186275 0.362069
vt 0.235294 0.362069
vt 0.225490 0.344828
vt 0.235294 0.350575
vt 0.205882 0.344828
vt 0.245098 0.356322
vt 0.215686 0.344828
vt 0.196078 0.350575
vt 0.176471 0.362069
vt 0.186275 0.367816
vt 0.186275 0.356322
vt 0.254902 0.362069
vt 0.196078 0.344828
vt 0.205882 0.252874
vt 0.235294 0.344828
vt 0.245098 0.252874
vt 0.245098 0.344828
vt 0.225490 0.252874
vt 0.254902 0.252874
vt 0.254902 0.344828
vt 0.215686 0.252874
vt 0.176471 0.344828
vt 0.186275 0.252874
vt 0.186275 0.344828
vt 0.196078 0.252874
vt 0.235294 0.252874
vt 0.245098 0.379310
vt 0.254902 0.402299
vt 0.245098 0.402299
vt 0.225490 0.379310
vt 0.235294 0.402299
vt 0.225490 0.402299
vt 0.196078 0.379310
vt 0.205882 0.402299
vt 0.196078 0.402299
vt 0.176471 0.379310
vt 0.186275 0.402299
vt 0.176471 0.402299
vt 0.235294 0.379310
vt 0.215686 0.379310
vt 0.215686 0.402299
vt 0.205882 0.379310
vt 0.186275 0.379310
vt 0.196078 0.362069
vt 0.205882 0.362069
vt 0.235294 0.373563
vt 0.245098 0.362069
vt 0.245098 0.367816
vt 0.215686 0.362069
vt 0.225490 0.362069
vt 0.196078 0.373563
vt 0.186275 0.362069
vt 0.235294 0.362069
vt 0.225490 0.344828
vt 0.235294 0.350575
vt 0.205882 0.344828
vt 0.245098 0.356322
vt 0.215686 0.344828
vt 0.196078 0.350575
vt 0.176471 0.362069
vt 0.186275 0.367816
vt 0.186275 0.356322
vt 0.254902 0.362069
vt 0.196078 0.344828
vt 0.205882 0.252874
vt 0.235294 0.344828
vt 0.245098 0.252874
vt 0.245098 0.344828
vt 0.225490 0.252874
vt 0.254902 0.252874
vt 0.254902 0.344828
vt 0.215686 0.252874
vt 0.176471 0.344828
vt 0.186275 0.252874
vt 0.186275 0.344828
vt 0.196078 0.252874
vt 0.235294 0.252874
vt 0.245098 0.379310
vt 0.254902 0.402299
vt 0.245098 0.402299
vt 0.225490 0.379310
vt 0.235294 0.402299
vt 0.225490 0.402299
vt 0.196078 0.379310
vt 0.205882 0.402299
vt 0.196078 0.402299
vt 0.176471 0.379310
vt 0.186275 0.402299
vt 0.176471 0.402299
vt 0.235294 0.379310
vt 0.215686 0.379310
vt 0.215686 0.402299
vt 0.205882 0.379310
vt 0.186275 0.379310
vt 0.196078 0.362069
vt 0.205882 0.362069
vt 0.235294 0.373563
vt 0.245098 0.362069
vt 0.245098 0.367816
vt 0.215686 0.362069
vt 0.225490 0.362069
vt 0.196078 0.373563
vt 0.186275 0.362069
vt 0.235294 0.362069
vt 0.235294 0.350575
vt 0.205882 0.344828
vt 0.245098 0.356322
vt 0.215686 0.344828
vt 0.225490 0.344828
vt 0.186275 0.356322
vt 0.196078 0.350575
vt 0.176471 0.362069
vt 0.186275 0.367816
vt 0.254902 0.362069
vt 0.196078 0.344828
vt 0.205882 0.252874
vt 0.235294 0.344828
vt 0.245098 0.252874
vt 0.245098 0.344828
vt 0.225490 0.252874
vt 0.254902 0.252874
vt 0.254902 0.344828
vt 0.215686 0.252874
vt 0.176471 0.344828
vt 0.186275 0.252874
vt 0.186275 0.344828
vt 0.196078 0.252874
vt 0.235294 0.252874
vt 0.245098 0.379310
vt 0.254902 0.402299
vt 0.245098 0.402299
vt 0.225490 0.379310
vt 0.235294 0.402299
vt 0.225490 0.402299
vt 0.196078 0.379310
vt 0.205882 0.402299
vt 0.196078 0.402299
vt 0.176471 0.402299
vt 0.186275 0.379310
vt 0.186275 0.402299
vt 0.235294 0.379310
vt 0.215686 0.379310
vt 0.215686 0.402299
vt 0.205882 0.379310
vt 0.196078 0.362069
vt 0.205882 0.362069
vt 0.235294 0.373563
vt 0.245098 0.362069
vt 0.245098 0.367816
vt 0.215686 0.362069
vt 0.225490 0.362069
vt 0.196078 0.373563
vt 0.186275 0.362069
vt 0.235294 0.362069
vt 0.225490 0.344828
vt 0.235294 0.350575
vt 0.196078 0.350575
vt 0.205882 0.344828
vt 0.245098 0.356322
vt 0.215686 0.344828
vt 0.186275 0.356322
vt 0.176471 0.362069
vt 0.186275 0.367816
vt 0.254902 0.362069
vt 0.196078 0.344828
vt 0.205882 0.252874
vt 0.235294 0.344828
vt 0.245098 0.252874
vt 0.245098 0.344828
vt 0.225490 0.252874
vt 0.254902 0.252874
vt 0.254902 0.344828
vt 0.215686 0.252874
vt 0.176471 0.344828
vt 0.186275 0.252874
vt 0.186275 0.344828
vt 0.196078 0.252874
vt 0.235294 0.252874
vt 0.245098 0.379310
vt 0.254902 0.402299
vt 0.245098 0.402299
vt 0.225490 0.379310
vt 0.235294 0.402299
vt 0.225490 0.402299
vt 0.196078 0.379310
vt 0.205882 0.402299
vt 0.196078 0.402299
vt 0.176471 0.379310
vt 0.186275 0.402299
vt 0.176471 0.402299
vt 0.235294 0.379310
vt 0.215686 0.379310
vt 0.215686 0.402299
vt 0.205882 0.379310
vt 0.186275 0.379310
vt 0.196078 0.362069
vt 0.205882 0.362069
vt 0.235294 0.373563
vt 0.245098 0.362069
vt 0.245098 0.367816
vt 0.225490 0.362069
vt 0.215686 0.362069
vt 0.196078 0.373563
vt 0.186275 0.362069
vt 0.235294 0.362069
vt 0.225490 0.344828
vt 0.235294 0.350575
vt 0.205882 0.344828
vt 0.245098 0.356322
vt 0.215686 0.344828
vt 0.196078 0.350575
vt 0.176471 0.362069
vt 0.186275 0.367816
vt 0.186275 0.356322
vt 0.254902 0.362069
vt 0.196078 0.344828
vt 0.205882 0.252874
vt 0.235294 0.344828
vt 0.245098 0.252874
vt 0.245098 0.344828
vt 0.225490 0.252874
vt 0.254902 0.252874
vt 0.254902 0.344828
vt 0.215686 0.252874
vt 0.176471 0.344828
vt 0.186275 0.252874
vt 0.186275 0.344828
vt 0.196078 0.252874
vt 0.235294 0.252874
vt 0.245098 0.379310
vt 0.254902 0.402299
vt 0.245098 0.402299
vt 0.225490 0.379310
vt 0.235294 0.402299
vt 0.225490 0.402299
vt 0.196078 0.379310
vt 0.205882 0.402299
vt 0.196078 0.402299
vt 0.176471 0.379310
vt 0.186275 0.402299
vt 0.176471 0.402299
vt 0.235294 0.379310
vt 0.215686 0.402299
vt 0.205882 0.379310
vt 0.186275 0.379310
vt 0.196078 0.362069
vt 0.205882 0.362069
vt 0.235294 0.373563
vt 0.245098 0.362069
vt 0.245098 0.367816
vt 0.215686 0.362069
vt 0.225490 0.362069
vt 0.215686 0.379310
vt 0.196078 0.373563
vt 0.186275 0.362069
vt 0.235294 0.362069
vt 0.225490 0.344828
vt 0.235294 0.350575
vt 0.205882 0.344828
vt 0.245098 0.356322
vt 0.215686 0.344828
vt 0.186275 0.356322
vt 0.196078 0.350575
vt 0.176471 0.362069
vt 0.186275 0.367816
vt 0.254902 0.362069
vt 0.196078 0.344828
vt 0.205882 0.252874
vt 0.235294 0.344828
vt 0.245098 0.252874
vt 0.245098 0.344828
vt 0.225490 0.252874
vt 0.254902 0.252874
vt 0.254902 0.344828
vt 0.215686 0.252874
vt 0.176471 0.344828
vt 0.186275 0.252874
vt 0.186275 0.344828
vt 0.196078 0.252874
vt 0.235294 0.252874
vt 0.245098 0.379310
vt 0.254902 0.402299
vt 0.245098 0.402299
vt 0.225490 0.379310
vt 0.235294 0.402299
vt 0.225490 0.402299
vt 0.196078 0.379310
vt 0.205882 0.402299
vt 0.196078 0.402299
vt 0.176471 0.379310
vt 0.186275 0.402299
vt 0.176471 0.402299
vt 0.235294 0.379310
vt 0.215686 0.379310
vt 0.215686 0.402299
vt 0.205882 0.379310
vt 0.186275 0.379310
vt 0.196078 0.362069
vt 0.205882 0.362069
vt 0.235294 0.373563
vt 0.245098 0.362069
vt 0.245098 0.367816
vt 0.215686 0.362069
vt 0.225490 0.362069
vt 0.196078 0.373563
vt 0.186275 0.362069
vt 0.235294 0.362069
vt 0.225490 0.344828
vt 0.235294 0.350575
vt 0.205882 0.344828
vt 0.245098 0.356322
vt 0.215686 0.344828
vt 0.196078 0.350575
vt 0.176471 0.362069
vt 0.186275 0.367816
vt 0.186275 0.356322
vt 0.254902 0.362069
vt 0.196078 0.344828
vt 0.205882 0.252874
vt 0.235294 0.344828
vt 0.245098 0.252874
vt 0.245098 0.344828
vt 0.225490 0.252874
vt 0.254902 0.252874
vt 0.254902 0.344828
vt 0.215686 0.252874
vt 0.176471 0.344828
vt 0.186275 0.252874
vt 0.186275 0.344828
vt 0.196078 0.252874
vt 0.235294 0.252874
vt 0.245098 0.379310
vt 0.254902 0.402299
vt 0.245098 0.402299
vt 0.225490 0.379310
vt 0.235294 0.402299
vt 0.225490 0.402299
vt 0.196078 0.379310
vt 0.205882 0.402299
vt 0.196078 0.402299
vt 0.176471 0.402299
vt 0.186275 0.379310
vt 0.186275 0.402299
vt 0.235294 0.379310
vt 0.215686 0.379310
vt 0.215686 0.402299
vt 0.205882 0.379310
vt 0.196078 0.362069
vt 0.205882 0.362069
vt 0.235294 0.373563
vt 0.245098 0.362069
vt 0.245098 0.367816
vt 0.215686 0.362069
vt 0.225490 0.362069
vt 0.196078 0.373563
vt 0.186275 0.362069
vt 0.235294 0.362069
vt 0.225490 0.344828
vt 0.235294 0.350575
vt 0.205882 0.344828
vt 0.245098 0.356322
vt 0.215686 0.344828
vt 0.186275 0.356322
vt 0.196078 0.350575
vt 0.176471 0.362069
vt 0.186275 0.367816
vt 0.254902 0.362069
vt 0.196078 0.344828
vt 0.205882 0.252874
vt 0.235294 0.344828
vt 0.245098 0.252874
vt 0.245098 0.344828
vt 0.225490 0.252874
vt 0.254902 0.252874
vt 0.254902 0.344828
vt 0.215686 0.252874
vt 0.176471 0.344828
vt 0.186275 0.252874
vt 0.186275 0.344828
vt 0.196078 0.252874
vt 0.235294 0.252874
vt 0.333333 0.298851
vt 0.323529 0.344828
vt 0.323529 0.298851
vt 0.254902 0.298851
vt 0.264706 0.344828
vt 0.254902 0.344828
vt 0.274510 0.298851
vt 0.264706 0.298851
vt 0.284314 0.298851
vt 0.274510 0.344828
vt 0.294118 0.298851
vt 0.284314 0.344828
vt 0.303922 0.298851
vt 0.294118 0.344828
vt 0.313726 0.298851
vt 0.303922 0.344828
vt 0.313726 0.344828
vt 0.333333 0.298851
vt 0.323529 0.344828
vt 0.323529 0.298851
vt 0.264706 0.298851
vt 0.254902 0.344828
vt 0.254902 0.298851
vt 0.274510 0.298851
vt 0.264706 0.344828
vt 0.284314 0.298851
vt 0.274510 0.344828
vt 0.294118 0.298851
vt 0.284314 0.344828
vt 0.303922 0.298851
vt 0.294118 0.344828
vt 0.313726 0.298851
vt 0.303922 0.344828
vt 0.313726 0.344828
vt 0.323529 0.298851
vt 0.333333 0.344828
vt 0.323529 0.344828
vt 0.264706 0.298851
vt 0.254902 0.344828
vt 0.254902 0.298851
vt 0.274510 0.298851
vt 0.264706 0.344828
vt 0.284314 0.298851
vt 0.274510 0.344828
vt 0.294118 0.298851
vt 0.284314 0.344828
vt 0.303922 0.298851
vt 0.294118 0.344828
vt 0.313726 0.344828
vt 0.303922 0.344828
vt 0.313726 0.298851
vt 0.333333 0.298851
vt 0.323529 0.344828
vt 0.323529 0.298851
vt 0.264706 0.298851
vt 0.254902 0.344828
vt 0.254902 0.298851
vt 0.274510 0.298851
vt 0.264706 0.344828
vt 0.284314 0.298851
vt 0.274510 0.344828
vt 0.294118 0.298851
vt 0.284314 0.344828
vt 0.303922 0.298851
vt 0.294118 0.344828
vt 0.313726 0.298851
vt 0.303922 0.344828
vt 0.313726 0.344828
vt 0.176471 0.505747
vt 0.156863 0.505747
vt 0.019608 0.505747
vt -0.000000 0.505747
vt 0.196078 0.505747
vt 0.156863 0.563218
vt 0.137255 0.563218
vt 0.000000 0.563218
vt 0.176471 0.563218
vt 0.019608 0.563218
vt 0.196078 0.563218
vt 0.039216 0.563218
vt 0.215686 0.563218
vt 0.058824 0.563218
vt 0.235294 0.563218
vt 0.078431 0.563218
vt 0.274510 0.563218
vt 0.254902 0.563218
vt 0.098039 0.563218
vt 0.117647 0.563218
vt 0.294118 0.563218
vt 0.392157 0.908046
vt 0.411765 0.747126
vt 0.411765 0.908046
vt 0.254902 0.908046
vt 0.274510 0.747126
vt 0.274510 0.908046
vt 0.313725 0.908046
vt 0.333333 0.747126
vt 0.333333 0.908046
vt 0.431373 0.747126
vt 0.431373 0.908046
vt 0.372549 0.908046
vt 0.392157 0.747126
vt 0.235294 0.908046
vt 0.254902 0.747126
vt 0.294118 0.908046
vt 0.313725 0.747126
vt 0.352941 0.908046
vt 0.372549 0.747126
vt 0.450980 0.908046
vt 0.470588 0.747126
vt 0.470588 0.908046
vt 0.294118 0.747126
vt 0.352941 0.747126
vt 0.450980 0.747126
vt 0.156863 0.908046
vt 0.176471 0.747126
vt 0.176471 0.908046
vt 0.019608 0.908046
vt 0.039216 0.747126
vt 0.039216 0.908046
vt 0.078431 0.908046
vt 0.098039 0.747126
vt 0.098039 0.908046
vt 0.196078 0.747126
vt 0.196078 0.908046
vt 0.137255 0.908046
vt 0.156863 0.747126
vt 0.000000 0.908046
vt 0.019608 0.747126
vt 0.058824 0.908046
vt 0.078431 0.747126
vt 0.117647 0.908046
vt 0.137255 0.747126
vt 0.215686 0.908046
vt 0.235294 0.747126
vt 0.235294 0.908046
vt 0.058824 0.747126
vt 0.117647 0.747126
vt 0.215686 0.747126
vt 0.392157 0.908046
vt 0.411765 0.747126
vt 0.411765 0.908046
vt 0.254902 0.908046
vt 0.274510 0.747126
vt 0.274510 0.908046
vt 0.313725 0.908046
vt 0.333333 0.747126
vt 0.333333 0.908046
vt 0.431373 0.747126
vt 0.431373 0.908046
vt 0.372549 0.908046
vt 0.392157 0.747126
vt 0.235294 0.908046
vt 0.254902 0.747126
vt 0.294118 0.908046
vt 0.313725 0.747126
vt 0.352941 0.908046
vt 0.372549 0.747126
vt 0.450980 0.908046
vt 0.470588 0.747126
vt 0.470588 0.908046
vt 0.294118 0.747126
vt 0.352941 0.747126
vt 0.450980 0.747126
vt 0.156863 0.908046
vt 0.176471 0.747126
vt 0.176471 0.908046
vt 0.019608 0.908046
vt 0.039216 0.747126
vt 0.039216 0.908046
vt 0.078431 0.908046
vt 0.098039 0.747126
vt 0.098039 0.908046
vt 0.196078 0.747126
vt 0.196078 0.908046
vt 0.137255 0.908046
vt 0.156863 0.747126
vt 0.000000 0.908046
vt 0.019608 0.747126
vt 0.058824 0.908046
vt 0.078431 0.747126
vt 0.117647 0.908046
vt 0.137255 0.747126
vt 0.215686 0.908046
vt 0.235294 0.747126
vt 0.235294 0.908046
vt 0.058824 0.747126
vt 0.117647 0.747126
vt 0.215686 0.747126
vt 0.156863 0.908046
vt 0.176471 0.747126
vt 0.176471 0.908046
vt 0.019608 0.908046
vt 0.039216 0.747126
vt 0.039216 0.908046
vt 0.078431 0.908046
vt 0.098039 0.747126
vt 0.098039 0.908046
vt 0.196078 0.747126
vt 0.196078 0.908046
vt 0.137255 0.908046
vt 0.156863 0.747126
vt 0.000000 0.908046
vt 0.019608 0.747126
vt 0.058824 0.908046
vt 0.078431 0.747126
vt 0.117647 0.908046
vt 0.137255 0.747126
vt 0.215686 0.908046
vt 0.235294 0.747126
vt 0.235294 0.908046
vt 0.058824 0.747126
vt 0.117647 0.747126
vt 0.215686 0.747126
vt 0.392157 0.908046
vt 0.411765 0.747126
vt 0.411765 0.908046
vt 0.254902 0.908046
vt 0.274510 0.747126
vt 0.274510 0.908046
vt 0.313725 0.908046
vt 0.333333 0.747126
vt 0.333333 0.908046
vt 0.431373 0.747126
vt 0.431373 0.908046
vt 0.372549 0.908046
vt 0.392157 0.747126
vt 0.235294 0.908046
vt 0.254902 0.747126
vt 0.294118 0.908046
vt 0.313725 0.747126
vt 0.352941 0.908046
vt 0.372549 0.747126
vt 0.450980 0.908046
vt 0.470588 0.747126
vt 0.470588 0.908046
vt 0.294118 0.747126
vt 0.352941 0.747126
vt 0.450980 0.747126
vt 0.156863 0.908046
vt 0.176471 0.747126
vt 0.176471 0.908046
vt 0.019608 0.908046
vt 0.039216 0.747126
vt 0.039216 0.908046
vt 0.078431 0.908046
vt 0.098039 0.747126
vt 0.098039 0.908046
vt 0.196078 0.747126
vt 0.196078 0.908046
vt 0.137255 0.908046
vt 0.156863 0.747126
vt 0.000000 0.908046
vt 0.019608 0.747126
vt 0.058824 0.908046
vt 0.078431 0.747126
vt 0.117647 0.908046
vt 0.137255 0.747126
vt 0.215686 0.908046
vt 0.235294 0.747126
vt 0.235294 0.908046
vt 0.058824 0.747126
vt 0.117647 0.747126
vt 0.215686 0.747126
vt 0.392157 0.908046
vt 0.411765 0.747126
vt 0.411765 0.908046
vt 0.254902 0.908046
vt 0.274510 0.747126
vt 0.274510 0.908046
vt 0.313725 0.908046
vt 0.333333 0.747126
vt 0.333333 0.908046
vt 0.431373 0.747126
vt 0.431373 0.908046
vt 0.372549 0.908046
vt 0.392157 0.747126
vt 0.235294 0.908046
vt 0.254902 0.747126
vt 0.294118 0.908046
vt 0.313725 0.747126
vt 0.352941 0.908046
vt 0.372549 0.747126
vt 0.450980 0.908046
vt 0.470588 0.747126
vt 0.470588 0.908046
vt 0.294118 0.747126
vt 0.352941 0.747126
vt 0.450980 0.747126
vt 0.156863 0.908046
vt 0.176471 0.747126
vt 0.176471 0.908046
vt 0.019608 0.908046
vt 0.039216 0.747126
vt 0.039216 0.908046
vt 0.078431 0.908046
vt 0.098039 0.747126
vt 0.098039 0.908046
vt 0.196078 0.747126
vt 0.196078 0.908046
vt 0.137255 0.908046
vt 0.156863 0.747126
vt 0.000000 0.908046
vt 0.019608 0.747126
vt 0.058824 0.908046
vt 0.078431 0.747126
vt 0.117647 0.908046
vt 0.137255 0.747126
vt 0.215686 0.908046
vt 0.235294 0.747126
vt 0.235294 0.908046
vt 0.058824 0.747126
vt 0.117647 0.747126
vt 0.215686 0.747126
vt 0.274510 0.597701
vt -0.000000 0.609195
vt -0.000000 0.597701
vt 0.274510 0.574713
vt -0.000000 0.586207
vt -0.000000 0.574713
vt 0.274510 0.643678
vt -0.000000 0.655172
vt -0.000000 0.643678
vt 0.274510 0.620690
vt -0.000000 0.632184
vt -0.000000 0.620690
vt 0.274510 0.586207
vt 0.274510 0.563218
vt -0.000000 0.563218
vt 0.274510 0.632184
vt 0.274510 0.609195
vt 0.735294 0.735632
vt 0.705882 0.747126
vt 0.705882 0.735632
vt 0.735294 0.712644
vt 0.705882 0.724138
vt 0.705882 0.712644
vt 0.735294 0.678161
vt 0.705882 0.689655
vt 0.705882 0.678161
vt 0.735294 0.655172
vt 0.705882 0.666667
vt 0.705882 0.655172
vt 0.735294 0.724138
vt 0.735294 0.701149
vt 0.705882 0.701149
vt 0.735294 0.689655
vt 0.735294 0.666667
vt 0.740196 0.678161
vt 0.750000 0.689655
vt 0.740196 0.724138
vt 0.750000 0.735632
vt 0.745098 0.735632
vt 0.750000 0.712644
vt 0.750000 0.701149
vt 0.750000 0.666667
vt 0.750000 0.678161
vt 0.750000 0.724138
vt 0.759804 0.724138
vt 0.764706 0.689655
vt 0.754902 0.735632
vt 0.764706 0.712644
vt 0.764706 0.701149
vt 0.759804 0.678161
vt 0.750000 0.655172
vt 0.745098 0.666667
vt 0.754902 0.666667
vt 0.750000 0.747126
vt 0.764706 0.678161
vt 0.882353 0.689655
vt 0.764706 0.724138
vt 0.882353 0.735632
vt 0.764706 0.735632
vt 0.882353 0.712644
vt 0.882353 0.747126
vt 0.764706 0.747126
vt 0.882353 0.701149
vt 0.764706 0.655172
vt 0.882353 0.666667
vt 0.764706 0.666667
vt 0.882353 0.678161
vt 0.882353 0.724138
vt 0.897059 0.735632
vt 0.897059 0.747126
vt 0.897059 0.678161
vt 0.887255 0.678161
vt 0.887255 0.724138
vt 0.897059 0.712644
vt 0.897059 0.724138
vt 0.882353 0.655172
vt 0.897059 0.666667
vt 0.897059 0.689655
vt 0.892157 0.689655
vt 0.911765 0.655172
vt 0.911765 0.666667
vt 0.906863 0.678161
vt 0.906863 0.724138
vt 0.911765 0.747126
vt 0.901961 0.689655
vt 0.911765 0.735632
vt 0.897059 0.701149
vt 0.892157 0.712644
vt 0.901961 0.712644
vt 0.921569 0.678161
vt 0.911765 0.678161
vt 0.911765 0.712644
vt 0.921569 0.724138
vt 0.911765 0.724138
vt 0.911765 0.701149
vt 0.921569 0.712644
vt 0.921569 0.747126
vt 0.911765 0.689655
vt 0.921569 0.701149
vt 0.921569 0.689655
vt 0.921569 0.735632
vt 0.921569 0.666667
vt 0.303922 0.643678
vt 0.274510 0.655172
vt 0.274510 0.643678
vt 0.303922 0.620690
vt 0.274510 0.632184
vt 0.274510 0.620690
vt 0.303922 0.586207
vt 0.274510 0.597701
vt 0.274510 0.586207
vt 0.303922 0.563218
vt 0.274510 0.574713
vt 0.274510 0.563218
vt 0.303922 0.632184
vt 0.303922 0.609195
vt 0.274510 0.609195
vt 0.303922 0.597701
vt 0.303922 0.574713
vt 0.308824 0.586207
vt 0.318627 0.597701
vt 0.308824 0.632184
vt 0.318627 0.643678
vt 0.313726 0.643678
vt 0.318627 0.620690
vt 0.318627 0.609195
vt 0.318627 0.574713
vt 0.318627 0.586207
vt 0.318627 0.632184
vt 0.333333 0.620690
vt 0.328431 0.632184
vt 0.333333 0.597701
vt 0.323529 0.643678
vt 0.333333 0.609195
vt 0.328431 0.586207
vt 0.318627 0.563218
vt 0.313726 0.574713
vt 0.323529 0.574713
vt 0.318627 0.655172
vt 0.333333 0.586207
vt 0.450980 0.597701
vt 0.333333 0.632184
vt 0.450980 0.643678
vt 0.333333 0.643678
vt 0.450980 0.620690
vt 0.450980 0.655172
vt 0.333333 0.655172
vt 0.450980 0.609195
vt 0.333333 0.563218
vt 0.450980 0.574713
vt 0.333333 0.574713
vt 0.450980 0.586207
vt 0.450980 0.632184
vt 0.465686 0.643678
vt 0.465686 0.655172
vt 0.465686 0.586207
vt 0.455882 0.586207
vt 0.455882 0.632184
vt 0.465686 0.620690
vt 0.465686 0.632184
vt 0.450980 0.563218
vt 0.465686 0.574713
vt 0.465686 0.597701
vt 0.460784 0.597701
vt 0.480392 0.563218
vt 0.480392 0.574713
vt 0.475490 0.586207
vt 0.475490 0.632184
vt 0.480392 0.655172
vt 0.470588 0.597701
vt 0.480392 0.643678
vt 0.465686 0.609195
vt 0.460784 0.620690
vt 0.470588 0.620690
vt 0.490196 0.586207
vt 0.480392 0.586207
vt 0.480392 0.620690
vt 0.490196 0.632184
vt 0.480392 0.632184
vt 0.480392 0.609195
vt 0.490196 0.620690
vt 0.490196 0.655172
vt 0.480392 0.597701
vt 0.490196 0.609195
vt 0.490196 0.597701
vt 0.490196 0.643678
vt 0.490196 0.574713
vt 0.303922 0.643678
vt 0.274510 0.655172
vt 0.274510 0.643678
vt 0.303922 0.620690
vt 0.274510 0.632184
vt 0.274510 0.620690
vt 0.303922 0.586207
vt 0.274510 0.597701
vt 0.274510 0.586207
vt 0.303922 0.563218
vt 0.274510 0.574713
vt 0.274510 0.563218
vt 0.303922 0.632184
vt 0.303922 0.609195
vt 0.274510 0.609195
vt 0.303922 0.597701
vt 0.303922 0.574713
vt 0.318627 0.586207
vt 0.318627 0.597701
vt 0.308824 0.632184
vt 0.318627 0.643678
vt 0.313726 0.643678
vt 0.318627 0.620690
vt 0.318627 0.609195
vt 0.308824 0.586207
vt 0.318627 0.574713
vt 0.318627 0.632184
vt 0.333333 0.620690
vt 0.328431 0.632184
vt 0.333333 0.597701
vt 0.323529 0.643678
vt 0.333333 0.609195
vt 0.328431 0.586207
vt 0.318627 0.563218
vt 0.313726 0.574713
vt 0.323529 0.574713
vt 0.318627 0.655172
vt 0.333333 0.586207
vt 0.450980 0.597701
vt 0.333333 0.632184
vt 0.450980 0.643678
vt 0.333333 0.643678
vt 0.450980 0.620690
vt 0.450980 0.655172
vt 0.333333 0.655172
vt 0.450980 0.609195
vt 0.333333 0.563218
vt 0.450980 0.574713
vt 0.333333 0.574713
vt 0.450980 0.586207
vt 0.450980 0.632184
vt 0.465686 0.643678
vt 0.465686 0.655172
vt 0.465686 0.586207
vt 0.455882 0.586207
vt 0.455882 0.632184
vt 0.465686 0.620690
vt 0.465686 0.632184
vt 0.450980 0.563218
vt 0.465686 0.574713
vt 0.465686 0.597701
vt 0.460784 0.597701
vt 0.480392 0.563218
vt 0.480392 0.574713
vt 0.475490 0.586207
vt 0.475490 0.632184
vt 0.480392 0.655172
vt 0.470588 0.597701
vt 0.480392 0.643678
vt 0.465686 0.609195
vt 0.460784 0.620690
vt 0.470588 0.620690
vt 0.490196 0.586207
vt 0.480392 0.586207
vt 0.480392 0.620690
vt 0.490196 0.632184
vt 0.480392 0.632184
vt 0.480392 0.609195
vt 0.490196 0.620690
vt 0.490196 0.655172
vt 0.480392 0.597701
vt 0.490196 0.609195
vt 0.490196 0.597701
vt 0.490196 0.643678
vt 0.490196 0.574713
vt 0.735294 0.735632
vt 0.705882 0.747126
vt 0.705882 0.735632
vt 0.735294 0.712644
vt 0.705882 0.724138
vt 0.705882 0.712644
vt 0.735294 0.678161
vt 0.705882 0.689655
vt 0.705882 0.678161
vt 0.735294 0.655172
vt 0.705882 0.666667
vt 0.705882 0.655172
vt 0.735294 0.724138
vt 0.735294 0.701149
vt 0.705882 0.701149
vt 0.735294 0.689655
vt 0.735294 0.666667
vt 0.740196 0.678161
vt 0.750000 0.689655
vt 0.740196 0.724138
vt 0.750000 0.735632
vt 0.745098 0.735632
vt 0.750000 0.701149
vt 0.750000 0.712644
vt 0.750000 0.666667
vt 0.750000 0.678161
vt 0.750000 0.724138
vt 0.764706 0.712644
vt 0.759804 0.724138
vt 0.764706 0.689655
vt 0.754902 0.735632
vt 0.764706 0.701149
vt 0.759804 0.678161
vt 0.750000 0.655172
vt 0.745098 0.666667
vt 0.754902 0.666667
vt 0.750000 0.747126
vt 0.764706 0.678161
vt 0.882353 0.689655
vt 0.764706 0.724138
vt 0.882353 0.735632
vt 0.764706 0.735632
vt 0.882353 0.712644
vt 0.882353 0.747126
vt 0.764706 0.747126
vt 0.882353 0.701149
vt 0.764706 0.655172
vt 0.882353 0.666667
vt 0.764706 0.666667
vt 0.882353 0.678161
vt 0.882353 0.724138
vt 0.897059 0.735632
vt 0.897059 0.747126
vt 0.897059 0.678161
vt 0.887255 0.678161
vt 0.887255 0.724138
vt 0.897059 0.712644
vt 0.897059 0.724138
vt 0.882353 0.655172
vt 0.897059 0.666667
vt 0.897059 0.689655
vt 0.892157 0.689655
vt 0.911765 0.655172
vt 0.911765 0.666667
vt 0.906863 0.678161
vt 0.906863 0.724138
vt 0.911765 0.747126
vt 0.901961 0.689655
vt 0.911765 0.735632
vt 0.897059 0.701149
vt 0.892157 0.712644
vt 0.901961 0.712644
vt 0.921569 0.678161
vt 0.911765 0.678161
vt 0.911765 0.712644
vt 0.921569 0.724138
vt 0.911765 0.724138
vt 0.911765 0.701149
vt 0.921569 0.712644
vt 0.921569 0.747126
vt 0.911765 0.689655
vt 0.921569 0.701149
vt 0.921569 0.689655
vt 0.921569 0.735632
vt 0.921569 0.666667
vt 0.735294 0.735632
vt 0.705882 0.747126
vt 0.705882 0.735632
vt 0.735294 0.712644
vt 0.705882 0.724138
vt 0.705882 0.712644
vt 0.735294 0.678161
vt 0.705882 0.689655
vt 0.705882 0.678161
vt 0.735294 0.655172
vt 0.705882 0.666667
vt 0.705882 0.655172
vt 0.735294 0.724138
vt 0.735294 0.701149
vt 0.705882 0.701149
vt 0.735294 0.689655
vt 0.735294 0.666667
vt 0.750000 0.678161
vt 0.750000 0.689655
vt 0.745098 0.735632
vt 0.750000 0.724138
vt 0.750000 0.735632
vt 0.750000 0.712644
vt 0.750000 0.701149
vt 0.745098 0.666667
vt 0.740196 0.678161
vt 0.740196 0.724138
vt 0.764706 0.712644
vt 0.759804 0.724138
vt 0.764706 0.689655
vt 0.754902 0.735632
vt 0.764706 0.701149
vt 0.750000 0.666667
vt 0.759804 0.678161
vt 0.750000 0.655172
vt 0.754902 0.666667
vt 0.750000 0.747126
vt 0.764706 0.678161
vt 0.882353 0.689655
vt 0.764706 0.724138
vt 0.882353 0.735632
vt 0.764706 0.735632
vt 0.882353 0.712644
vt 0.882353 0.747126
vt 0.764706 0.747126
vt 0.882353 0.701149
vt 0.764706 0.655172
vt 0.882353 0.666667
vt 0.764706 0.666667
vt 0.882353 0.678161
vt 0.882353 0.724138
vt 0.897059 0.735632
vt 0.897059 0.747126
vt 0.897059 0.678161
vt 0.887255 0.678161
vt 0.887255 0.724138
vt 0.897059 0.712644
vt 0.897059 0.724138
vt 0.882353 0.655172
vt 0.897059 0.666667
vt 0.897059 0.689655
vt 0.892157 0.689655
vt 0.911765 0.655172
vt 0.911765 0.666667
vt 0.906863 0.678161
vt 0.906863 0.724138
vt 0.911765 0.747126
vt 0.901961 0.689655
vt 0.911765 0.735632
vt 0.897059 0.701149
vt 0.892157 0.712644
vt 0.901961 0.712644
vt 0.921569 0.678161
vt 0.911765 0.678161
vt 0.911765 0.724138
vt 0.921569 0.712644
vt 0.921569 0.724138
vt 0.911765 0.701149
vt 0.911765 0.712644
vt 0.921569 0.747126
vt 0.911765 0.689655
vt 0.921569 0.701149
vt 0.921569 0.689655
vt 0.921569 0.735632
vt 0.921569 0.666667
vt 0.303922 0.643678
vt 0.274510 0.655172
vt 0.274510 0.643678
vt 0.303922 0.620690
vt 0.274510 0.632184
vt 0.274510 0.620690
vt 0.303922 0.586207
vt 0.274510 0.597701
vt 0.274510 0.586207
vt 0.303922 0.563218
vt 0.274510 0.574713
vt 0.274510 0.563218
vt 0.303922 0.632184
vt 0.303922 0.609195
vt 0.274510 0.609195
vt 0.303922 0.597701
vt 0.303922 0.574713
vt 0.318627 0.586207
vt 0.318627 0.597701
vt 0.308824 0.632184
vt 0.318627 0.643678
vt 0.313726 0.643678
vt 0.318627 0.620690
vt 0.318627 0.609195
vt 0.308824 0.586207
vt 0.318627 0.574713
vt 0.318627 0.632184
vt 0.333333 0.620690
vt 0.328431 0.632184
vt 0.333333 0.597701
vt 0.323529 0.643678
vt 0.333333 0.609195
vt 0.328431 0.586207
vt 0.318627 0.563218
vt 0.313726 0.574713
vt 0.323529 0.574713
vt 0.318627 0.655172
vt 0.333333 0.586207
vt 0.450980 0.597701
vt 0.333333 0.632184
vt 0.450980 0.643678
vt 0.333333 0.643678
vt 0.450980 0.620690
vt 0.450980 0.655172
vt 0.333333 0.655172
vt 0.450980 0.609195
vt 0.333333 0.563218
vt 0.450980 0.574713
vt 0.333333 0.574713
vt 0.450980 0.586207
vt 0.450980 0.632184
vt 0.465686 0.655172
vt 0.465686 0.586207
vt 0.455882 0.586207
vt 0.455882 0.632184
vt 0.465686 0.620690
vt 0.465686 0.632184
vt 0.450980 0.563218
vt 0.465686 0.574713
vt 0.465686 0.597701
vt 0.460784 0.597701
vt 0.465686 0.643678
vt 0.480392 0.563218
vt 0.480392 0.574713
vt 0.475490 0.586207
vt 0.475490 0.632184
vt 0.480392 0.655172
vt 0.470588 0.597701
vt 0.480392 0.643678
vt 0.465686 0.609195
vt 0.460784 0.620690
vt 0.470588 0.620690
vt 0.490196 0.586207
vt 0.480392 0.586207
vt 0.480392 0.620690
vt 0.490196 0.632184
vt 0.480392 0.632184
vt 0.480392 0.609195
vt 0.490196 0.620690
vt 0.490196 0.655172
vt 0.480392 0.597701
vt 0.490196 0.609195
vt 0.490196 0.597701
vt 0.490196 0.643678
vt 0.490196 0.574713
vt 0.735294 0.735632
vt 0.705882 0.747126
vt 0.705882 0.735632
vt 0.735294 0.712644
vt 0.705882 0.724138
vt 0.705882 0.712644
vt 0.735294 0.678161
vt 0.705882 0.689655
vt 0.705882 0.678161
vt 0.735294 0.655172
vt 0.705882 0.666667
vt 0.705882 0.655172
vt 0.735294 0.724138
vt 0.735294 0.701149
vt 0.705882 0.701149
vt 0.735294 0.689655
vt 0.735294 0.666667
vt 0.750000 0.678161
vt 0.750000 0.689655
vt 0.740196 0.724138
vt 0.750000 0.735632
vt 0.745098 0.735632
vt 0.750000 0.712644
vt 0.750000 0.701149
vt 0.740196 0.678161
vt 0.750000 0.666667
vt 0.750000 0.724138
vt 0.759804 0.724138
vt 0.764706 0.689655
vt 0.754902 0.735632
vt 0.764706 0.712644
vt 0.764706 0.701149
vt 0.759804 0.678161
vt 0.750000 0.655172
vt 0.745098 0.666667
vt 0.754902 0.666667
vt 0.750000 0.747126
vt 0.764706 0.678161
vt 0.882353 0.689655
vt 0.764706 0.724138
vt 0.882353 0.735632
vt 0.764706 0.735632
vt 0.882353 0.712644
vt 0.882353 0.747126
vt 0.764706 0.747126
vt 0.882353 0.701149
vt 0.764706 0.655172
vt 0.882353 0.666667
vt 0.764706 0.666667
vt 0.882353 0.678161
vt 0.882353 0.724138
vt 0.897059 0.735632
vt 0.897059 0.747126
vt 0.897059 0.678161
vt 0.887255 0.678161
vt 0.887255 0.724138
vt 0.897059 0.712644
vt 0.897059 0.724138
vt 0.882353 0.655172
vt 0.897059 0.666667
vt 0.897059 0.689655
vt 0.892157 0.689655
vt 0.911765 0.655172
vt 0.911765 0.666667
vt 0.906863 0.678161
vt 0.906863 0.724138
vt 0.911765 0.747126
vt 0.901961 0.689655
vt 0.911765 0.735632
vt 0.897059 0.701149
vt 0.892157 0.712644
vt 0.901961 0.712644
vt 0.921569 0.678161
vt 0.911765 0.678161
vt 0.911765 0.712644
vt 0.921569 0.724138
vt 0.911765 0.724138
vt 0.911765 0.701149
vt 0.921569 0.712644
vt 0.921569 0.747126
vt 0.911765 0.689655
vt 0.921569 0.701149
vt 0.921569 0.689655
vt 0.921569 0.735632
vt 0.921569 0.666667
vt 0.274510 0.643678
vt 0.303922 0.655172
vt 0.274510 0.655172
vt 0.303922 0.620690
vt 0.274510 0.632184
vt 0.274510 0.620690
vt 0.303922 0.586207
vt 0.274510 0.597701
vt 0.274510 0.586207
vt 0.303922 0.563218
vt 0.274510 0.574713
vt 0.274510 0.563218
vt 0.303922 0.632184
vt 0.303922 0.609195
vt 0.274510 0.609195
vt 0.303922 0.597701
vt 0.303922 0.574713
vt 0.308824 0.586207
vt 0.318627 0.597701
vt 0.308824 0.632184
vt 0.318627 0.643678
vt 0.313726 0.643678
vt 0.318627 0.620690
vt 0.318627 0.609195
vt 0.318627 0.574713
vt 0.318627 0.586207
vt 0.318627 0.632184
vt 0.333333 0.620690
vt 0.328431 0.632184
vt 0.333333 0.597701
vt 0.323529 0.643678
vt 0.333333 0.609195
vt 0.328431 0.586207
vt 0.318627 0.563218
vt 0.313726 0.574713
vt 0.323529 0.574713
vt 0.318627 0.655172
vt 0.333333 0.586207
vt 0.450980 0.597701
vt 0.333333 0.632184
vt 0.450980 0.643678
vt 0.333333 0.643678
vt 0.450980 0.620690
vt 0.450980 0.655172
vt 0.333333 0.655172
vt 0.450980 0.609195
vt 0.333333 0.563218
vt 0.450980 0.574713
vt 0.333333 0.574713
vt 0.450980 0.586207
vt 0.450980 0.632184
vt 0.465686 0.643678
vt 0.465686 0.655172
vt 0.465686 0.586207
vt 0.455882 0.586207
vt 0.455882 0.632184
vt 0.465686 0.620690
vt 0.465686 0.632184
vt 0.450980 0.563218
vt 0.465686 0.574713
vt 0.465686 0.597701
vt 0.460784 0.597701
vt 0.480392 0.563218
vt 0.480392 0.574713
vt 0.475490 0.586207
vt 0.475490 0.632184
vt 0.480392 0.643678
vt 0.480392 0.655172
vt 0.470588 0.597701
vt 0.465686 0.609195
vt 0.460784 0.620690
vt 0.470588 0.620690
vt 0.490196 0.586207
vt 0.480392 0.586207
vt 0.480392 0.632184
vt 0.490196 0.620690
vt 0.490196 0.632184
vt 0.480392 0.620690
vt 0.490196 0.609195
vt 0.490196 0.655172
vt 0.480392 0.609195
vt 0.490196 0.597701
vt 0.480392 0.597701
vt 0.490196 0.643678
vt 0.490196 0.574713
vt 0.303922 0.643678
vt 0.274510 0.655172
vt 0.274510 0.643678
vt 0.303922 0.620690
vt 0.274510 0.632184
vt 0.274510 0.620690
vt 0.303922 0.586207
vt 0.274510 0.597701
vt 0.274510 0.586207
vt 0.303922 0.563218
vt 0.274510 0.574713
vt 0.274510 0.563218
vt 0.303922 0.632184
vt 0.303922 0.609195
vt 0.274510 0.609195
vt 0.303922 0.597701
vt 0.303922 0.574713
vt 0.318627 0.586207
vt 0.318627 0.597701
vt 0.308824 0.632184
vt 0.318627 0.643678
vt 0.313726 0.643678
vt 0.318627 0.620690
vt 0.318627 0.609195
vt 0.308824 0.586207
vt 0.318627 0.574713
vt 0.318627 0.632184
vt 0.333333 0.620690
vt 0.328431 0.632184
vt 0.333333 0.597701
vt 0.323529 0.643678
vt 0.333333 0.609195
vt 0.328431 0.586207
vt 0.318627 0.563218
vt 0.313726 0.574713
vt 0.323529 0.574713
vt 0.318627 0.655172
vt 0.333333 0.586207
vt 0.450980 0.597701
vt 0.333333 0.632184
vt 0.450980 0.643678
vt 0.333333 0.643678
vt 0.450980 0.620690
vt 0.450980 0.655172
vt 0.333333 0.655172
vt 0.450980 0.609195
vt 0.333333 0.563218
vt 0.450980 0.574713
vt 0.333333 0.574713
vt 0.450980 0.586207
vt 0.450980 0.632184
vt 0.465686 0.643678
vt 0.465686 0.655172
vt 0.465686 0.586207
vt 0.455882 0.586207
vt 0.455882 0.632184
vt 0.465686 0.620690
vt 0.465686 0.632184
vt 0.450980 0.563218
vt 0.465686 0.574713
vt 0.465686 0.597701
vt 0.460784 0.597701
vt 0.480392 0.563218
vt 0.480392 0.574713
vt 0.475490 0.586207
vt 0.475490 0.632184
vt 0.480392 0.655172
vt 0.470588 0.597701
vt 0.480392 0.643678
vt 0.465686 0.609195
vt 0.460784 0.620690
vt 0.470588 0.620690
vt 0.490196 0.586207
vt 0.480392 0.586207
vt 0.480392 0.620690
vt 0.490196 0.632184
vt 0.480392 0.632184
vt 0.480392 0.609195
vt 0.490196 0.620690
vt 0.490196 0.655172
vt 0.480392 0.597701
vt 0.490196 0.609195
vt 0.490196 0.597701
vt 0.490196 0.643678
vt 0.490196 0.574713
vt 0.735294 0.735632
vt 0.705882 0.747126
vt 0.705882 0.735632
vt 0.735294 0.712644
vt 0.705882 0.724138
vt 0.705882 0.712644
vt 0.735294 0.678161
vt 0.705882 0.689655
vt 0.705882 0.678161
vt 0.735294 0.655172
vt 0.705882 0.666667
vt 0.705882 0.655172
vt 0.735294 0.724138
vt 0.735294 0.701149
vt 0.705882 0.701149
vt 0.735294 0.689655
vt 0.735294 0.666667
vt 0.740196 0.678161
vt 0.750000 0.689655
vt 0.740196 0.724138
vt 0.750000 0.735632
vt 0.745098 0.735632
vt 0.750000 0.701149
vt 0.750000 0.712644
vt 0.750000 0.666667
vt 0.750000 0.678161
vt 0.750000 0.724138
vt 0.764706 0.712644
vt 0.759804 0.724138
vt 0.764706 0.689655
vt 0.754902 0.735632
vt 0.764706 0.701149
vt 0.759804 0.678161
vt 0.750000 0.655172
vt 0.745098 0.666667
vt 0.754902 0.666667
vt 0.750000 0.747126
vt 0.764706 0.678161
vt 0.882353 0.689655
vt 0.764706 0.724138
vt 0.882353 0.735632
vt 0.764706 0.735632
vt 0.882353 0.712644
vt 0.882353 0.747126
vt 0.764706 0.747126
vt 0.882353 0.701149
vt 0.764706 0.655172
vt 0.882353 0.666667
vt 0.764706 0.666667
vt 0.882353 0.678161
vt 0.882353 0.724138
vt 0.897059 0.735632
vt 0.897059 0.747126
vt 0.897059 0.678161
vt 0.887255 0.678161
vt 0.887255 0.724138
vt 0.897059 0.712644
vt 0.897059 0.724138
vt 0.882353 0.655172
vt 0.897059 0.666667
vt 0.897059 0.689655
vt 0.892157 0.689655
vt 0.911765 0.655172
vt 0.911765 0.666667
vt 0.906863 0.678161
vt 0.906863 0.724138
vt 0.911765 0.747126
vt 0.901961 0.689655
vt 0.911765 0.735632
vt 0.897059 0.701149
vt 0.892157 0.712644
vt 0.901961 0.712644
vt 0.921569 0.678161
vt 0.911765 0.678161
vt 0.911765 0.712644
vt 0.921569 0.724138
vt 0.911765 0.724138
vt 0.911765 0.701149
vt 0.921569 0.712644
vt 0.921569 0.747126
vt 0.911765 0.689655
vt 0.921569 0.701149
vt 0.921569 0.689655
vt 0.921569 0.735632
vt 0.921569 0.666667
vt 0.294118 0.298851
vt 0.284314 0.252874
vt 0.294118 0.252874
vt 0.274510 0.298851
vt 0.264706 0.252874
vt 0.274510 0.252874
vt 0.333333 0.298851
vt 0.323529 0.252874
vt 0.333333 0.252874
vt 0.313726 0.298851
vt 0.303922 0.252874
vt 0.313726 0.252874
vt 0.303922 0.298851
vt 0.284314 0.298851
vt 0.264706 0.298851
vt 0.254902 0.252874
vt 0.323529 0.298851
vt 0.294118 0.298851
vt 0.284314 0.252874
vt 0.294118 0.252874
vt 0.274510 0.298851
vt 0.264706 0.252874
vt 0.274510 0.252874
vt 0.333333 0.298851
vt 0.323529 0.252874
vt 0.333333 0.252874
vt 0.313726 0.298851
vt 0.303922 0.252874
vt 0.313726 0.252874
vt 0.303922 0.298851
vt 0.284314 0.298851
vt 0.264706 0.298851
vt 0.254902 0.252874
vt 0.323529 0.298851
vt 0.294118 0.298851
vt 0.284314 0.252874
vt 0.294118 0.252874
vt 0.274510 0.298851
vt 0.264706 0.252874
vt 0.274510 0.252874
vt 0.333333 0.298851
vt 0.323529 0.252874
vt 0.333333 0.252874
vt 0.313726 0.298851
vt 0.303922 0.252874
vt 0.313726 0.252874
vt 0.303922 0.298851
vt 0.284314 0.298851
vt 0.264706 0.298851
vt 0.254902 0.252874
vt 0.323529 0.298851
vt 0.294118 0.298851
vt 0.284314 0.252874
vt 0.294118 0.252874
vt 0.274510 0.298851
vt 0.264706 0.252874
vt 0.274510 0.252874
vt 0.333333 0.298851
vt 0.323529 0.252874
vt 0.333333 0.252874
vt 0.313726 0.298851
vt 0.303922 0.252874
vt 0.313726 0.252874
vt 0.303922 0.298851
vt 0.284314 0.298851
vt 0.264706 0.298851
vt 0.254902 0.252874
vt 0.323529 0.298851
vt 0.294118 0.298851
vt 0.284314 0.252874
vt 0.294118 0.252874
vt 0.274510 0.298851
vt 0.264706 0.252874
vt 0.274510 0.252874
vt 0.333333 0.298851
vt 0.323529 0.252874
vt 0.333333 0.252874
vt 0.313726 0.298851
vt 0.303922 0.252874
vt 0.313726 0.252874
vt 0.303922 0.298851
vt 0.284314 0.298851
vt 0.264706 0.298851
vt 0.254902 0.252874
vt 0.323529 0.298851
vt 0.294118 0.298851
vt 0.284314 0.252874
vt 0.294118 0.252874
vt 0.274510 0.298851
vt 0.264706 0.252874
vt 0.274510 0.252874
vt 0.333333 0.298851
vt 0.323529 0.252874
vt 0.333333 0.252874
vt 0.313726 0.298851
vt 0.303922 0.252874
vt 0.313726 0.252874
vt 0.303922 0.298851
vt 0.284314 0.298851
vt 0.264706 0.298851
vt 0.254902 0.252874
vt 0.323529 0.298851
vt 0.294118 0.298851
vt 0.284314 0.252874
vt 0.294118 0.252874
vt 0.274510 0.298851
vt 0.264706 0.252874
vt 0.274510 0.252874
vt 0.333333 0.298851
vt 0.323529 0.252874
vt 0.333333 0.252874
vt 0.313726 0.298851
vt 0.303922 0.252874
vt 0.313726 0.252874
vt 0.303922 0.298851
vt 0.284314 0.298851
vt 0.264706 0.298851
vt 0.254902 0.252874
vt 0.323529 0.298851
vt 0.294118 0.298851
vt 0.284314 0.252874
vt 0.294118 0.252874
vt 0.274510 0.298851
vt 0.264706 0.252874
vt 0.274510 0.252874
vt 0.333333 0.298851
vt 0.323529 0.252874
vt 0.333333 0.252874
vt 0.313726 0.298851
vt 0.303922 0.252874
vt 0.313726 0.252874
vt 0.303922 0.298851
vt 0.284314 0.298851
vt 0.264706 0.298851
vt 0.254902 0.252874
vt 0.323529 0.298851
vt 0.294118 0.298851
vt 0.284314 0.252874
vt 0.294118 0.252874
vt 0.274510 0.298851
vt 0.264706 0.252874
vt 0.274510 0.252874
vt 0.333333 0.298851
vt 0.323529 0.252874
vt 0.333333 0.252874
vt 0.313726 0.298851
vt 0.303922 0.252874
vt 0.313726 0.252874
vt 0.303922 0.298851
vt 0.284314 0.298851
vt 0.264706 0.298851
vt 0.254902 0.252874
vt 0.323529 0.298851
vt -0.000000 0.747126
vt 0.313726 0.563218
vt 0.254902 0.379310
vt 0.176471 0.252874
vt 0.333333 0.344828
vt 0.274510 0.655172
vt 0.058824 0.747126
vt 0.352941 0.655172
vt 0.392157 0.747126
vt 0.705882 0.655172
vt 0.735294 0.747126
vt 0.921569 0.655172
vt 0.303922 0.655172
vt 0.465686 0.563218
vt 0.490196 0.563218
vt 0.254902 0.298851
vt 0.254902 0.379310
vt 0.176471 0.252874
vt 0.254902 0.379310
vt 0.176471 0.379310
vt 0.176471 0.252874
vt 0.254902 0.379310
vt 0.176471 0.252874
vt 0.254902 0.379310
vt 0.176471 0.252874
vt 0.254902 0.379310
vt 0.176471 0.379310
vt 0.176471 0.252874
vt 0.254902 0.379310
vt 0.176471 0.252874
vt 0.254902 0.379310
vt 0.176471 0.252874
vt 0.254902 0.379310
vt 0.176471 0.252874
vt 0.254902 0.379310
vt 0.176471 0.379310
vt 0.176471 0.252874
vt 0.333333 0.344828
vt 0.333333 0.344828
vt 0.333333 0.298851
vt 0.333333 0.344828
vt 0.313726 0.563218
vt 0.235294 0.747126
vt -0.000000 0.747126
vt 0.235294 0.747126
vt -0.000000 0.747126
vt -0.000000 0.747126
vt 0.235294 0.747126
vt -0.000000 0.747126
vt 0.235294 0.747126
vt -0.000000 0.747126
vt 0.274510 0.655172
vt 0.735294 0.747126
vt 0.897059 0.655172
vt 0.921569 0.655172
vt 0.303922 0.655172
vt 0.465686 0.563218
vt 0.490196 0.563218
vt 0.303922 0.655172
vt 0.465686 0.563218
vt 0.490196 0.563218
vt 0.735294 0.747126
vt 0.897059 0.655172
vt 0.921569 0.655172
vt 0.735294 0.747126
vt 0.897059 0.655172
vt 0.921569 0.655172
vt 0.303922 0.655172
vt 0.465686 0.563218
vt 0.490196 0.563218
vt 0.735294 0.747126
vt 0.897059 0.655172
vt 0.921569 0.655172
vt 0.303922 0.643678
vt 0.465686 0.563218
vt 0.490196 0.563218
vt 0.303922 0.655172
vt 0.465686 0.563218
vt 0.490196 0.563218
vt 0.735294 0.747126
vt 0.897059 0.655172
vt 0.921569 0.655172
vt 0.254902 0.298851
vt 0.254902 0.298851
vt 0.254902 0.298851
vt 0.254902 0.298851
vt 0.254902 0.298851
vt 0.254902 0.298851
vt 0.254902 0.298851
vt 0.254902 0.298851
vt 0.254902 0.298851
vt 0.000000 0.000000
vn 0.0000 -1.0000 0.0000
vn 0.0000 1.0000 0.0000
vn -1.0000 0.0000 0.0000
vn 0.0000 0.0000 -1.0000
vn 1.0000 0.0000 0.0000
vn 0.0000 0.0000 1.0000
vn 0.8660 0.0000 0.5000
vn -0.5000 0.0000 -0.8660
vn -0.8660 0.0000 -0.5000
vn -0.8660 0.0000 0.5000
vn -0.5000 0.0000 0.8660
vn 0.8660 0.0000 -0.5000
vn 0.5000 0.0000 0.8660
vn 0.5000 0.0000 -0.8660
vn -0.3827 0.0000 0.9239
vn -0.7071 0.0000 0.7071
vn 0.3827 0.0000 -0.9239
vn -0.3827 0.0000 -0.9239
vn 0.3827 0.0000 0.9239
vn -0.7071 0.0000 -0.7071
vn 0.7071 0.0000 0.7071
vn -0.9239 0.0000 -0.3827
vn 0.9239 0.0000 0.3827
vn 0.9239 0.0000 -0.3827
vn -0.9239 0.0000 0.3827
vn 0.7071 0.0000 -0.7071
vn -0.1363 -0.6737 -0.7263
vn 0.0000 -0.7071 -0.7071
vn 0.1448 0.7194 -0.6794
vn 0.0000 0.7071 -0.7071
vn 0.0196 0.0473 0.9987
vn 0.0000 0.7071 0.7071
vn -0.7071 -0.7071 0.0000
vn 0.0000 -0.7071 0.7071
vn 0.0196 0.0473 -0.9987
vn 0.1866 0.9824 -0.0000
vn 0.1448 0.7194 0.6794
vn -0.1363 -0.6737 0.7263
vn 0.5294 0.5294 0.6630
vn -0.4617 -0.4617 -0.7574
vn 0.5294 0.5294 -0.6630
vn 0.7071 0.7071 -0.0000
vn -0.4617 -0.4617 0.7574
vn 0.0671 0.0671 0.9955
vn 0.0671 0.0671 -0.9955
vn 0.7194 0.1448 -0.6794
vn 0.0473 0.0196 -0.9987
vn 0.7194 0.1448 0.6794
vn -0.6737 -0.1363 -0.7263
vn 0.9824 0.1866 0.0000
vn -0.6737 -0.1363 0.7263
vn 0.0473 0.0196 0.9987
vn 0.7071 -0.7071 0.0000
vn -0.7071 0.7071 -0.0000
vn -0.6737 0.7263 0.1363
vn 0.7194 0.6794 -0.1448
vn 0.0473 -0.9987 -0.0196
vn -0.9307 -0.0000 0.3658
vn 0.0473 0.9987 -0.0196
vn 0.9824 0.0000 -0.1866
vn 0.7194 -0.6794 -0.1448
vn -0.6737 -0.7263 0.1363
vn 0.0440 -0.9989 -0.0165
vn 0.6174 -0.6805 -0.3946
vn -0.5824 0.7230 0.3716
vn 0.6174 0.6805 -0.3946
vn 0.8368 -0.0000 -0.5475
vn -0.5825 -0.7230 0.3716
vn 0.0440 0.9989 -0.0165
vn -0.6174 -0.6805 0.3946
vn -0.9824 0.0000 0.1866
vn -0.7194 -0.6794 0.1448
vn -0.0440 -0.9989 0.0165
vn -0.0473 -0.9987 0.0196
vn 0.5825 0.7230 -0.3716
vn -0.0473 0.9987 0.0196
vn -0.0440 0.9989 0.0165
vn -0.6174 0.6805 0.3946
vn -0.8368 0.0000 0.5475
vn 0.6737 -0.7263 -0.1363
vn 0.5824 -0.7230 -0.3716
vn -0.7194 0.6794 0.1448
vn 0.9307 0.0000 -0.3658
vn 0.6737 0.7263 -0.1363
vn -0.5825 0.7230 0.3716
vn 0.5824 0.7230 -0.3716
vn -0.7263 -0.6737 0.1363
vn -0.6794 0.7194 -0.1448
vn 0.9987 0.0473 -0.0196
vn -0.9987 0.0473 -0.0196
vn -0.0000 0.9824 -0.1866
vn 0.6794 0.7194 -0.1448
vn 0.7263 -0.6737 0.1363
vn 0.9955 0.0671 -0.0671
vn 0.6630 0.5294 -0.5294
vn -0.7574 -0.4617 0.4617
vn -0.6630 0.5294 -0.5294
vn 0.7574 -0.4617 0.4617
vn -0.9955 0.0671 -0.0671
vn -0.6794 0.1448 -0.7194
vn -0.9987 0.0196 -0.0473
vn 0.6794 0.1448 -0.7194
vn -0.7263 -0.1363 0.6737
vn 0.0000 0.1866 -0.9824
vn 0.9987 0.0196 -0.0473
vn 0.7263 -0.1363 0.6737
vn 0.7263 0.1363 -0.6737
vn -0.6794 -0.1448 0.7194
vn -0.7263 0.1363 -0.6737
vn -0.0000 -0.1866 0.9824
vn 0.6794 -0.1448 0.7194
vn 0.9987 -0.0196 0.0473
vn -0.9987 -0.0196 0.0473
vn -0.6630 -0.5294 0.5294
vn 0.9955 -0.0671 0.0671
vn -0.7574 0.4617 -0.4617
vn -0.9955 -0.0671 0.0671
vn 0.6630 -0.5294 0.5294
vn 0.7574 0.4617 -0.4617
vn 0.6794 -0.7194 0.1448
vn 0.9987 -0.0473 0.0196
vn -0.9987 -0.0473 0.0196
vn -0.0000 -0.9824 0.1866
vn 0.7263 0.6737 -0.1363
vn -0.6794 -0.7194 0.1448
vn -0.7263 0.6737 -0.1363
vn 0.1363 -0.6737 0.7263
vn -0.1448 0.7194 0.6794
vn -0.0196 0.0473 -0.9987
vn 0.1363 -0.6737 -0.7263
vn -0.0196 0.0473 0.9987
vn -0.1866 0.9824 -0.0000
vn -0.1448 0.7194 -0.6794
vn -0.0671 0.0671 -0.9955
vn -0.5294 0.5294 -0.6630
vn 0.4617 -0.4617 0.7574
vn -0.5294 0.5294 0.6630
vn 0.4617 -0.4617 -0.7574
vn -0.0671 0.0671 0.9955
vn -0.7194 0.1448 0.6794
vn -0.0473 0.0196 0.9987
vn -0.0473 0.0196 -0.9987
vn -0.7194 0.1448 -0.6794
vn 0.6737 -0.1363 0.7263
vn -0.9824 0.1866 0.0000
vn 0.6737 -0.1363 -0.7263
vn 0.7263 -0.6737 -0.1363
vn 0.6794 0.7194 0.1448
vn -0.9987 0.0473 0.0196
vn 0.9987 0.0473 0.0196
vn 0.0000 0.9824 0.1866
vn -0.6794 0.7194 0.1448
vn -0.7263 -0.6737 -0.1363
vn -0.9955 0.0671 0.0671
vn -0.6630 0.5294 0.5294
vn 0.9955 0.0671 0.0671
vn 0.7574 -0.4617 -0.4617
vn 0.6630 0.5294 0.5294
vn 0.6794 0.1448 0.7194
vn 0.9987 0.0196 0.0473
vn -0.6794 0.1448 0.7194
vn 0.7263 -0.1363 -0.6737
vn -0.0000 0.1866 0.9824
vn -0.7574 -0.4617 -0.4617
vn -0.9987 0.0196 0.0473
vn -0.7263 -0.1363 -0.6737
vn -0.7263 0.1363 0.6737
vn 0.6794 -0.1448 -0.7194
vn 0.7263 0.1363 0.6737
vn 0.0000 -0.1866 -0.9824
vn -0.6794 -0.1448 -0.7194
vn -0.9987 -0.0196 -0.0473
vn 0.9987 -0.0196 -0.0473
vn 0.6630 -0.5294 -0.5294
vn -0.9955 -0.0671 -0.0671
vn 0.7574 0.4617 0.4617
vn 0.9955 -0.0671 -0.0671
vn -0.6630 -0.5294 -0.5294
vn -0.7574 0.4617 0.4617
vn 0.0000 -0.9824 -0.1866
vn -0.6794 -0.7194 -0.1448
vn -0.9987 -0.0473 -0.0196
vn 0.9987 -0.0473 -0.0196
vn -0.7263 0.6737 0.1363
vn 0.6794 -0.7194 -0.1448
vn 0.7263 0.6737 0.1363
o Plane.001
s off
f 151/3955/27 153/3955/27 154/3955/27
f 155/3955/27 158/3955/27 156/3955/27
f 162/3955/28 159/3955/28 160/3955/28
f 155/3955/29 161/3955/29 157/3955/29
f 157/3955/30 162/3955/30 158/3955/30
f 158/3955/31 160/3955/31 156/3955/31
f 156/3955/32 159/3955/32 155/3955/32
f 163/3955/27 166/3955/27 164/3955/27
f 170/3955/28 167/3955/28 168/3955/28
f 163/3955/29 169/3955/29 165/3955/29
f 165/3955/30 170/3955/30 166/3955/30
f 166/3955/31 168/3955/31 164/3955/31
f 164/3955/32 167/3955/32 163/3955/32
f 171/3955/27 174/3955/27 172/3955/27
f 178/3955/28 175/3955/28 176/3955/28
f 171/3955/29 177/3955/29 173/3955/29
f 173/3955/30 178/3955/30 174/3955/30
f 174/3955/31 176/3955/31 172/3955/31
f 172/3955/32 175/3955/32 171/3955/32
f 179/3955/27 182/3955/27 180/3955/27
f 186/3955/28 183/3955/28 184/3955/28
f 179/3955/29 185/3955/29 181/3955/29
f 181/3955/30 186/3955/30 182/3955/30
f 182/3955/31 184/3955/31 180/3955/31
f 180/3955/32 183/3955/32 179/3955/32
f 189/3955/32 154/3955/32 153/3955/32
f 187/3955/30 152/3955/30 151/3955/30
f 190/3955/28 188/3955/28 187/3955/28
f 191/3955/27 193/3955/27 194/3955/27
f 197/3955/30 194/3955/30 193/3955/30
f 195/3955/32 192/3955/32 191/3955/32
f 198/3955/28 196/3955/28 195/3955/28
f 199/3955/27 201/3955/27 202/3955/27
f 205/3955/31 202/3955/31 201/3955/31
f 203/3955/29 200/3955/29 199/3955/29
f 206/3955/28 204/3955/28 203/3955/28
f 207/3955/27 209/3955/27 210/3955/27
f 213/3955/29 210/3955/29 209/3955/29
f 211/3955/31 208/3955/31 207/3955/31
f 214/3955/28 212/3955/28 211/3955/28
f 216/3955/31 217/3955/31 215/3955/31
f 217/3955/32 219/3955/32 215/3955/32
f 216/3955/30 222/3955/30 218/3955/30
f 219/3955/29 222/3955/29 220/3955/29
f 223/3955/27 226/3955/27 224/3955/27
f 230/3955/28 227/3955/28 228/3955/28
f 223/3955/29 229/3955/29 225/3955/29
f 225/3955/30 230/3955/30 226/3955/30
f 226/3955/31 228/3955/31 224/3955/31
f 224/3955/32 227/3955/32 223/3955/32
f 231/3955/27 234/3955/27 232/3955/27
f 238/3955/28 235/3955/28 236/3955/28
f 231/3955/29 237/3955/29 233/3955/29
f 233/3955/30 238/3955/30 234/3955/30
f 234/3955/31 236/3955/31 232/3955/31
f 232/3955/32 235/3955/32 231/3955/32
f 239/3955/27 242/3955/27 240/3955/27
f 246/3955/28 243/3955/28 244/3955/28
f 239/3955/29 245/3955/29 241/3955/29
f 241/3955/30 246/3955/30 242/3955/30
f 242/3955/31 244/3955/31 240/3955/31
f 240/3955/32 243/3955/32 239/3955/32
f 247/3955/27 250/3955/27 248/3955/27
f 254/3955/28 251/3955/28 252/3955/28
f 247/3955/29 253/3955/29 249/3955/29
f 249/3955/30 254/3955/30 250/3955/30
f 250/3955/31 252/3955/31 248/3955/31
f 248/3955/32 251/3955/32 247/3955/32
f 256/3955/31 257/3955/31 255/3955/31
f 257/3955/32 259/3955/32 255/3955/32
f 256/3955/30 262/3955/30 258/3955/30
f 259/3955/29 262/3955/29 260/3955/29
f 264/3955/31 265/3955/31 263/3955/31
f 265/3955/32 267/3955/32 263/3955/32
f 264/3955/30 270/3955/30 266/3955/30
f 267/3955/29 270/3955/29 268/3955/29
f 272/3955/31 273/3955/31 271/3955/31
f 273/3955/32 275/3955/32 271/3955/32
f 272/3955/30 278/3955/30 274/3955/30
f 275/3955/29 278/3955/29 276/3955/29
f 279/3955/27 281/3955/27 282/3955/27
f 285/3955/32 282/3955/32 281/3955/32
f 283/3955/30 280/3955/30 279/3955/30
f 286/3955/28 284/3955/28 283/3955/28
f 287/3955/27 289/3955/27 290/3955/27
f 293/3955/30 290/3955/30 289/3955/30
f 291/3955/32 288/3955/32 287/3955/32
f 294/3955/28 292/3955/28 291/3955/28
f 295/3955/27 297/3955/27 298/3955/27
f 301/3955/31 298/3955/31 297/3955/31
f 299/3955/29 296/3955/29 295/3955/29
f 302/3955/28 300/3955/28 299/3955/28
f 303/3955/27 305/3955/27 306/3955/27
f 309/3955/29 306/3955/29 305/3955/29
f 307/3955/31 304/3955/31 303/3955/31
f 310/3955/28 308/3955/28 307/3955/28
f 313/3955/27 312/3955/27 311/3955/27
f 317/3955/28 315/3955/28 316/3955/28
f 311/3955/30 315/3955/30 313/3955/30
f 313/3955/31 318/3955/31 314/3955/31
f 312/3955/29 316/3955/29 311/3955/29
f 314/3955/32 317/3955/32 312/3955/32
f 321/3955/27 320/3955/27 319/3955/27
f 325/3955/28 323/3955/28 324/3955/28
f 319/3955/30 323/3955/30 321/3955/30
f 321/3955/31 326/3955/31 322/3955/31
f 320/3955/29 324/3955/29 319/3955/29
f 322/3955/32 325/3955/32 320/3955/32
f 329/3955/27 328/3955/27 327/3955/27
f 333/3955/28 331/3955/28 332/3955/28
f 327/3955/30 331/3955/30 329/3955/30
f 329/3955/31 334/3955/31 330/3955/31
f 328/3955/29 332/3955/29 327/3955/29
f 330/3955/32 333/3955/32 328/3955/32
f 337/3955/27 336/3955/27 335/3955/27
f 341/3955/28 339/3955/28 340/3955/28
f 338/3955/32 341/3955/32 336/3955/32
f 335/3955/30 339/3955/30 337/3955/30
f 337/3955/31 342/3955/31 338/3955/31
f 336/3955/29 340/3955/29 335/3955/29
f 353/3955/27 349/3955/27 345/3955/27
f 367/3955/28 371/3955/28 360/3955/28
f 404/3955/29 412/3955/29 401/3955/29
f 393/3955/32 422/3955/32 398/3955/32
f 406/3955/31 416/3955/31 407/3955/31
f 397/3955/29 420/3955/29 400/3955/29
f 395/3955/31 424/3955/31 394/3955/31
f 408/3955/32 414/3955/32 403/3955/32
f 416/3955/33 408/3955/33 407/3955/33
f 404/3955/34 414/3955/34 413/3955/34
f 412/3955/35 402/3955/35 401/3955/35
f 406/3955/36 410/3955/36 409/3955/36
f 402/3955/30 410/3955/30 405/3955/30
f 424/3955/33 393/3955/33 394/3955/33
f 397/3955/34 422/3955/34 421/3955/34
f 420/3955/35 399/3955/35 400/3955/35
f 395/3955/36 418/3955/36 417/3955/36
f 399/3955/30 418/3955/30 396/3955/30
f 425/3955/32 438/3955/32 430/3955/32
f 429/3955/29 436/3955/29 432/3955/29
f 427/3955/31 440/3955/31 426/3955/31
f 440/3955/33 425/3955/33 426/3955/33
f 429/3955/34 438/3955/34 437/3955/34
f 436/3955/35 431/3955/35 432/3955/35
f 427/3955/36 434/3955/36 433/3955/36
f 431/3955/30 434/3955/30 428/3955/30
f 441/3955/32 454/3955/32 446/3955/32
f 445/3955/29 452/3955/29 448/3955/29
f 443/3955/31 456/3955/31 442/3955/31
f 456/3955/33 441/3955/33 442/3955/33
f 445/3955/34 454/3955/34 453/3955/34
f 452/3955/35 447/3955/35 448/3955/35
f 443/3955/36 450/3955/36 449/3955/36
f 447/3955/30 450/3955/30 444/3955/30
f 467/3955/27 463/3955/27 459/3955/27
f 497/3955/28 501/3955/28 490/3955/28
f 507/3955/27 506/3955/27 505/3955/27
f 508/3955/32 511/3955/32 506/3955/32
f 505/3955/30 509/3955/30 507/3955/30
f 507/3955/31 512/3955/31 508/3955/31
f 506/3955/29 510/3955/29 505/3955/29
f 515/3955/27 514/3955/27 513/3955/27
f 1402/3955/30 525/3955/30 1399/3955/30
f 525/3955/27 1159/3955/27 532/3955/27
f 519/3955/31 532/3955/31 522/3955/31
f 517/3955/37 522/3955/37 518/3955/37
f 1400/3955/29 513/3955/29 514/3955/29
f 523/3955/28 529/3955/28 526/3955/28
f 529/3955/31 527/3955/31 528/3955/31
f 526/3955/30 528/3955/30 515/3955/30
f 516/3955/32 530/3955/32 523/3955/32
f 515/3955/27 527/3955/27 516/3955/27
f 517/3955/31 523/3955/31 526/3955/31
f 513/3955/30 517/3955/30 526/3955/30
f 523/3955/32 518/3955/32 514/3955/32
f 565/3955/28 569/3955/28 573/3955/28
f 592/3955/27 604/3955/27 600/3955/27
f 389/3955/28 585/3955/28 584/3955/28
f 387/3955/28 585/3955/28 388/3955/28
f 387/3955/28 587/3955/28 586/3955/28
f 385/3955/28 587/3955/28 386/3955/28
f 384/3955/28 588/3955/28 385/3955/28
f 392/3955/28 589/3955/28 384/3955/28
f 391/3955/28 581/3955/28 392/3955/28
f 390/3955/28 582/3955/28 391/3955/28
f 607/3955/27 381/3955/27 383/3955/27
f 606/3955/27 383/3955/27 382/3955/27
f 614/3955/27 382/3955/27 375/3955/27
f 613/3955/27 375/3955/27 376/3955/27
f 612/3955/27 376/3955/27 377/3955/27
f 378/3955/27 612/3955/27 377/3955/27
f 610/3955/27 378/3955/27 379/3955/27
f 380/3955/27 610/3955/27 379/3955/27
f 390/3955/33 608/3955/33 583/3955/33
f 609/3955/33 389/3955/33 584/3955/33
f 625/3955/27 621/3955/27 617/3955/27
f 639/3955/28 643/3955/28 632/3955/28
f 665/3955/28 669/3955/28 673/3955/28
f 692/3955/27 704/3955/27 700/3955/27
f 661/3955/28 685/3955/28 684/3955/28
f 659/3955/28 685/3955/28 660/3955/28
f 659/3955/28 687/3955/28 686/3955/28
f 657/3955/28 687/3955/28 658/3955/28
f 656/3955/28 688/3955/28 657/3955/28
f 664/3955/28 689/3955/28 656/3955/28
f 663/3955/28 681/3955/28 664/3955/28
f 662/3955/28 682/3955/28 663/3955/28
f 707/3955/27 653/3955/27 655/3955/27
f 706/3955/27 655/3955/27 654/3955/27
f 714/3955/27 654/3955/27 647/3955/27
f 713/3955/27 647/3955/27 648/3955/27
f 712/3955/27 648/3955/27 649/3955/27
f 650/3955/27 712/3955/27 649/3955/27
f 710/3955/27 650/3955/27 651/3955/27
f 652/3955/27 710/3955/27 651/3955/27
f 662/3955/33 708/3955/33 683/3955/33
f 709/3955/33 661/3955/33 684/3955/33
f 725/3955/27 721/3955/27 717/3955/27
f 739/3955/28 743/3955/28 732/3955/28
f 765/3955/28 769/3955/28 773/3955/28
f 792/3955/27 804/3955/27 800/3955/27
f 761/3955/28 785/3955/28 784/3955/28
f 759/3955/28 785/3955/28 760/3955/28
f 759/3955/28 787/3955/28 786/3955/28
f 757/3955/28 787/3955/28 758/3955/28
f 756/3955/28 788/3955/28 757/3955/28
f 764/3955/28 789/3955/28 756/3955/28
f 763/3955/28 781/3955/28 764/3955/28
f 762/3955/28 782/3955/28 763/3955/28
f 807/3955/27 753/3955/27 755/3955/27
f 806/3955/27 755/3955/27 754/3955/27
f 814/3955/27 754/3955/27 747/3955/27
f 813/3955/27 747/3955/27 748/3955/27
f 812/3955/27 748/3955/27 749/3955/27
f 750/3955/27 812/3955/27 749/3955/27
f 810/3955/27 750/3955/27 751/3955/27
f 752/3955/27 810/3955/27 751/3955/27
f 762/3955/33 808/3955/33 783/3955/33
f 809/3955/33 761/3955/33 784/3955/33
f 825/3955/27 821/3955/27 817/3955/27
f 839/3955/28 843/3955/28 832/3955/28
f 865/3955/28 869/3955/28 873/3955/28
f 892/3955/27 904/3955/27 900/3955/27
f 861/3955/28 885/3955/28 884/3955/28
f 859/3955/28 885/3955/28 860/3955/28
f 859/3955/28 887/3955/28 886/3955/28
f 857/3955/28 887/3955/28 858/3955/28
f 856/3955/28 888/3955/28 857/3955/28
f 864/3955/28 889/3955/28 856/3955/28
f 863/3955/28 881/3955/28 864/3955/28
f 862/3955/28 882/3955/28 863/3955/28
f 907/3955/27 853/3955/27 855/3955/27
f 906/3955/27 855/3955/27 854/3955/27
f 914/3955/27 854/3955/27 847/3955/27
f 913/3955/27 847/3955/27 848/3955/27
f 912/3955/27 848/3955/27 849/3955/27
f 850/3955/27 912/3955/27 849/3955/27
f 910/3955/27 850/3955/27 851/3955/27
f 852/3955/27 910/3955/27 851/3955/27
f 862/3955/33 908/3955/33 883/3955/33
f 909/3955/33 861/3955/33 884/3955/33
f 980/3955/29 981/3955/29 979/3955/29
f 985/3955/31 984/3955/31 983/3955/31
f 980/3955/32 986/3955/32 982/3955/32
f 979/3955/27 984/3955/27 980/3955/27
f 981/3955/30 983/3955/30 979/3955/30
f 982/3955/28 985/3955/28 981/3955/28
f 996/3955/30 989/3955/30 995/3955/30
f 990/3955/31 993/3955/31 989/3955/31
f 994/3955/32 998/3955/32 993/3955/32
f 991/3955/27 1003/3955/27 987/3955/27
f 993/3955/27 995/3955/27 989/3955/27
f 990/3955/28 997/3955/28 994/3955/28
f 988/3955/29 995/3955/29 987/3955/29
f 991/3955/29 997/3955/29 992/3955/29
f 987/3955/29 998/3955/29 991/3955/29
f 992/3955/29 996/3955/29 988/3955/29
f 1002/3955/28 1007/3955/28 999/3955/28
f 987/3955/30 1004/3955/30 988/3955/30
f 988/3955/28 1005/3955/28 992/3955/28
f 992/3955/32 1006/3955/32 991/3955/32
f 1000/3955/29 1003/3955/29 999/3955/29
f 1002/3955/29 1005/3955/29 1001/3955/29
f 999/3955/29 1006/3955/29 1002/3955/29
f 1001/3955/29 1004/3955/29 1000/3955/29
f 1009/3955/29 1007/3955/29 1010/3955/29
f 999/3955/32 1008/3955/32 1000/3955/32
f 1000/3955/27 1009/3955/27 1001/3955/27
f 1001/3955/30 1010/3955/30 1002/3955/30
f 1028/3955/29 1033/3955/29 1027/3955/29
f 1021/3955/29 1022/3955/29 1018/3955/29
f 1026/3955/29 1031/3955/29 1025/3955/29
f 1024/3955/29 1029/3955/29 1030/3955/29
f 1038/3955/29 1035/3955/29 1036/3955/29
f 1042/3955/29 1039/3955/29 1040/3955/29
f 1046/3955/29 1043/3955/29 1044/3955/29
f 1050/3955/29 1047/3955/29 1048/3955/29
f 1060/3955/30 1053/3955/30 1059/3955/30
f 1054/3955/31 1057/3955/31 1053/3955/31
f 1058/3955/32 1062/3955/32 1057/3955/32
f 1055/3955/27 1067/3955/27 1051/3955/27
f 1057/3955/27 1059/3955/27 1053/3955/27
f 1054/3955/28 1061/3955/28 1058/3955/28
f 1052/3955/29 1059/3955/29 1051/3955/29
f 1055/3955/29 1061/3955/29 1056/3955/29
f 1051/3955/29 1062/3955/29 1055/3955/29
f 1056/3955/29 1060/3955/29 1052/3955/29
f 1066/3955/28 1071/3955/28 1063/3955/28
f 1051/3955/30 1068/3955/30 1052/3955/30
f 1052/3955/28 1069/3955/28 1056/3955/28
f 1056/3955/32 1070/3955/32 1055/3955/32
f 1064/3955/29 1067/3955/29 1063/3955/29
f 1066/3955/29 1069/3955/29 1065/3955/29
f 1063/3955/29 1070/3955/29 1066/3955/29
f 1065/3955/29 1068/3955/29 1064/3955/29
f 1073/3955/29 1071/3955/29 1074/3955/29
f 1063/3955/32 1072/3955/32 1064/3955/32
f 1064/3955/27 1073/3955/27 1065/3955/27
f 1065/3955/30 1074/3955/30 1066/3955/30
f 1092/3955/29 1097/3955/29 1091/3955/29
f 1085/3955/29 1086/3955/29 1082/3955/29
f 1090/3955/29 1095/3955/29 1089/3955/29
f 1088/3955/29 1093/3955/29 1094/3955/29
f 1102/3955/29 1099/3955/29 1100/3955/29
f 1106/3955/29 1103/3955/29 1104/3955/29
f 1110/3955/29 1107/3955/29 1108/3955/29
f 1114/3955/29 1111/3955/29 1112/3955/29
f 1122/3955/32 1116/3955/32 1118/3955/32
f 1119/3955/30 1117/3955/30 1115/3955/30
f 1121/3955/31 1118/3955/31 1117/3955/31
f 1120/3955/29 1115/3955/29 1116/3955/29
f 1160/3955/31 1401/3955/31 1159/3955/31
f 1198/3955/32 1158/3955/32 1197/3955/32
f 1161/3955/31 1158/3955/31 1157/3955/31
f 1196/3955/30 1161/3955/30 1157/3955/30
f 1198/3955/29 1155/3955/29 1156/3955/29
f 1198/3955/38 1196/3955/38 1195/3955/38
f 1196/3955/28 1162/3955/28 1161/3955/28
f 522/3955/32 1400/3955/32 514/3955/32
f 1199/3955/30 1406/3955/30 1202/3955/30
f 1449/3955/30 524/3955/30 1450/3955/30
f 532/3955/32 1401/3955/32 1400/3955/32
f 1397/3955/27 1395/3955/27 1393/3955/27
f 1199/3955/28 1400/3955/28 1200/3955/28
f 1200/3955/28 1401/3955/28 1201/3955/28
f 1201/3955/28 1402/3955/28 1202/3955/28
f 1202/3955/28 1399/3955/28 1199/3955/28
f 1404/3955/28 1406/3955/28 1403/3955/28
f 1201/3955/32 1404/3955/32 1200/3955/32
f 1202/3955/31 1405/3955/31 1201/3955/31
f 1200/3955/29 1403/3955/29 1199/3955/29
f 1421/3955/28 1419/3955/28 1420/3955/28
f 1413/3955/28 1411/3955/28 1412/3955/28
f 1410/3955/32 1413/3955/32 1408/3955/32
f 1407/3955/30 1411/3955/30 1409/3955/30
f 1409/3955/31 1414/3955/31 1410/3955/31
f 1408/3955/29 1412/3955/29 1407/3955/29
f 1418/3955/32 1421/3955/32 1416/3955/32
f 1415/3955/30 1419/3955/30 1417/3955/30
f 1417/3955/31 1422/3955/31 1418/3955/31
f 1416/3955/29 1420/3955/29 1415/3955/29
f 1429/3955/28 1427/3955/28 1428/3955/28
f 1426/3955/32 1429/3955/32 1424/3955/32
f 1423/3955/30 1427/3955/30 1425/3955/30
f 1425/3955/31 1430/3955/31 1426/3955/31
f 1424/3955/29 1428/3955/29 1423/3955/29
f 1445/3955/28 1443/3955/28 1444/3955/28
f 1437/3955/28 1435/3955/28 1436/3955/28
f 1434/3955/32 1437/3955/32 1432/3955/32
f 1431/3955/30 1435/3955/30 1433/3955/30
f 1433/3955/31 1438/3955/31 1434/3955/31
f 1432/3955/29 1436/3955/29 1431/3955/29
f 1442/3955/32 1445/3955/32 1440/3955/32
f 1439/3955/30 1443/3955/30 1441/3955/30
f 1441/3955/31 1446/3955/31 1442/3955/31
f 1440/3955/29 1444/3955/29 1439/3955/29
f 1399/3955/30 519/3955/30 513/3955/30
f 1457/3955/32 1454/3955/32 1458/3955/32
f 1458/3955/29 1451/3955/29 1455/3955/29
f 1455/3955/30 1452/3955/30 1456/3955/30
f 1456/3955/31 1453/3955/31 1457/3955/31
f 1448/3955/28 1451/3955/28 1447/3955/28
f 1450/3955/28 1453/3955/28 1449/3955/28
f 1447/3955/28 1454/3955/28 1450/3955/28
f 1449/3955/28 1452/3955/28 1448/3955/28
f 531/3955/27 1456/3955/27 520/3955/27
f 521/3955/27 1458/3955/27 524/3955/27
f 524/3955/27 1455/3955/27 531/3955/27
f 520/3955/27 1457/3955/27 521/3955/27
f 524/3955/31 1447/3955/31 1450/3955/31
f 1447/3955/32 520/3955/32 1448/3955/32
f 520/3955/29 1449/3955/29 1448/3955/29
f 1467/3955/31 1473/3955/31 1469/3955/31
f 1469/3955/32 1474/3955/32 1470/3955/32
f 1459/3955/31 1465/3955/31 1461/3955/31
f 1461/3955/32 1466/3955/32 1462/3955/32
f 1462/3955/29 1464/3955/29 1460/3955/29
f 1460/3955/30 1463/3955/30 1459/3955/30
f 1470/3955/29 1472/3955/29 1468/3955/29
f 1468/3955/30 1471/3955/30 1467/3955/30
f 1483/3955/31 1489/3955/31 1485/3955/31
f 1485/3955/32 1490/3955/32 1486/3955/32
f 1475/3955/31 1481/3955/31 1477/3955/31
f 1477/3955/32 1482/3955/32 1478/3955/32
f 1478/3955/29 1480/3955/29 1476/3955/29
f 1476/3955/30 1479/3955/30 1475/3955/30
f 1486/3955/29 1488/3955/29 1484/3955/29
f 1484/3955/30 1487/3955/30 1483/3955/30
f 1499/3955/31 1492/3955/31 1491/3955/31
f 1496/3955/29 1501/3955/29 1495/3955/29
f 1495/3955/30 1499/3955/30 1491/3955/30
f 1494/3955/32 1506/3955/32 1498/3955/32
f 1502/3955/32 1492/3955/32 1500/3955/32
f 1494/3955/28 1499/3955/28 1493/3955/28
f 1497/3955/28 1502/3955/28 1498/3955/28
f 1493/3955/28 1501/3955/28 1497/3955/28
f 1498/3955/28 1500/3955/28 1494/3955/28
f 1505/3955/28 1504/3955/28 1503/3955/28
f 1498/3955/29 1505/3955/29 1497/3955/29
f 1497/3955/30 1503/3955/30 1493/3955/30
f 1493/3955/31 1504/3955/31 1494/3955/31
f 1541/3955/31 1540/3955/31 1539/3955/31
f 1545/3955/29 1543/3955/29 1544/3955/29
f 1541/3955/28 1546/3955/28 1542/3955/28
f 1540/3955/27 1544/3955/27 1539/3955/27
f 1542/3955/32 1545/3955/32 1540/3955/32
f 1539/3955/30 1543/3955/30 1541/3955/30
f 1619/3955/27 1617/3955/27 1613/3955/27
f 1627/3955/28 1631/3955/28 1624/3955/28
f 1643/3955/27 1641/3955/27 1637/3955/27
f 1653/3955/28 1655/3955/28 1648/3955/28
f 1667/3955/31 1673/3955/31 1669/3955/31
f 1669/3955/32 1674/3955/32 1670/3955/32
f 1659/3955/31 1665/3955/31 1661/3955/31
f 1661/3955/32 1666/3955/32 1662/3955/32
f 1662/3955/29 1664/3955/29 1660/3955/29
f 1660/3955/30 1663/3955/30 1659/3955/30
f 1670/3955/29 1672/3955/29 1668/3955/29
f 1668/3955/30 1671/3955/30 1667/3955/30
f 1683/3955/31 1689/3955/31 1685/3955/31
f 1685/3955/32 1690/3955/32 1686/3955/32
f 1675/3955/31 1681/3955/31 1677/3955/31
f 1677/3955/32 1682/3955/32 1678/3955/32
f 1678/3955/29 1680/3955/29 1676/3955/29
f 1676/3955/30 1679/3955/30 1675/3955/30
f 1686/3955/29 1688/3955/29 1684/3955/29
f 1684/3955/30 1687/3955/30 1683/3955/30
f 1693/3955/27 1692/3955/27 1691/3955/27
f 1697/3955/29 2048/3955/29 1696/3955/29
f 1693/3955/31 2046/3955/31 1694/3955/31
f 1692/3955/29 2044/3955/29 1691/3955/29
f 1694/3955/32 2045/3955/32 1692/3955/32
f 1691/3955/30 2043/3955/30 1693/3955/30
f 1711/3955/31 1724/3955/31 1712/3955/31
f 1713/3955/31 1723/3955/31 1711/3955/31
f 1713/3955/31 1726/3955/31 1725/3955/31
f 1715/3955/31 1726/3955/31 1714/3955/31
f 1716/3955/31 1727/3955/31 1715/3955/31
f 1716/3955/31 1729/3955/31 1728/3955/31
f 1718/3955/31 1729/3955/31 1717/3955/31
f 1719/3955/31 1730/3955/31 1718/3955/31
f 1719/3955/31 1732/3955/31 1731/3955/31
f 1721/3955/31 1732/3955/31 1720/3955/31
f 1721/3955/31 1734/3955/31 1733/3955/31
f 1712/3955/31 1734/3955/31 1722/3955/31
f 1749/3955/29 1783/3955/29 1748/3955/29
f 1747/3955/29 1783/3955/29 1784/3955/29
f 1758/3955/29 1784/3955/29 1794/3955/29
f 1758/3955/29 1793/3955/29 1757/3955/29
f 1756/3955/29 1793/3955/29 1792/3955/29
f 1756/3955/29 1791/3955/29 1755/3955/29
f 1755/3955/29 1790/3955/29 1754/3955/29
f 1753/3955/29 1790/3955/29 1789/3955/29
f 1753/3955/29 1788/3955/29 1752/3955/29
f 1752/3955/29 1787/3955/29 1751/3955/29
f 1750/3955/29 1787/3955/29 1786/3955/29
f 1750/3955/29 1785/3955/29 1749/3955/29
f 1839/3955/29 1837/3955/29 1833/3955/29
f 1808/3955/31 1817/3955/31 1813/3955/31
f 1850/3955/32 1844/3955/32 1846/3955/32
f 1847/3955/30 1845/3955/30 1843/3955/30
f 1849/3955/31 1846/3955/31 1845/3955/31
f 1848/3955/29 1843/3955/29 1844/3955/29
f 1847/3955/28 1850/3955/28 1849/3955/28
f 1858/3955/32 1852/3955/32 1854/3955/32
f 1855/3955/30 1853/3955/30 1851/3955/30
f 1857/3955/31 1854/3955/31 1853/3955/31
f 1856/3955/29 1851/3955/29 1852/3955/29
f 1855/3955/28 1858/3955/28 1857/3955/28
f 1935/3955/28 1933/3955/28 1934/3955/28
f 1931/3955/31 1936/3955/31 1932/3955/31
f 1930/3955/29 1934/3955/29 1929/3955/29
f 1932/3955/32 1935/3955/32 1930/3955/32
f 1929/3955/30 1933/3955/30 1931/3955/30
f 1695/3955/28 2044/3955/28 1696/3955/28
f 1696/3955/28 2045/3955/28 1697/3955/28
f 1697/3955/28 2046/3955/28 1698/3955/28
f 1698/3955/28 2043/3955/28 1695/3955/28
f 2049/3955/28 2047/3955/28 2048/3955/28
f 1698/3955/32 2049/3955/32 1697/3955/32
f 1696/3955/30 2047/3955/30 1695/3955/30
f 1695/3955/31 2050/3955/31 1698/3955/31
f 2051/3955/27 2053/3955/27 2054/3955/27
f 2055/3955/27 2058/3955/27 2056/3955/27
f 2062/3955/28 2059/3955/28 2060/3955/28
f 2055/3955/29 2061/3955/29 2057/3955/29
f 2057/3955/30 2062/3955/30 2058/3955/30
f 2058/3955/31 2060/3955/31 2056/3955/31
f 2056/3955/32 2059/3955/32 2055/3955/32
f 2063/3955/27 2066/3955/27 2064/3955/27
f 2070/3955/28 2067/3955/28 2068/3955/28
f 2063/3955/29 2069/3955/29 2065/3955/29
f 2065/3955/30 2070/3955/30 2066/3955/30
f 2066/3955/31 2068/3955/31 2064/3955/31
f 2064/3955/32 2067/3955/32 2063/3955/32
f 2071/3955/27 2074/3955/27 2072/3955/27
f 2078/3955/28 2075/3955/28 2076/3955/28
f 2071/3955/29 2077/3955/29 2073/3955/29
f 2073/3955/30 2078/3955/30 2074/3955/30
f 2074/3955/31 2076/3955/31 2072/3955/31
f 2072/3955/32 2075/3955/32 2071/3955/32
f 2079/3955/27 2082/3955/27 2080/3955/27
f 2086/3955/28 2083/3955/28 2084/3955/28
f 2079/3955/29 2085/3955/29 2081/3955/29
f 2081/3955/30 2086/3955/30 2082/3955/30
f 2082/3955/31 2084/3955/31 2080/3955/31
f 2080/3955/32 2083/3955/32 2079/3955/32
f 2089/3955/32 2054/3955/32 2053/3955/32
f 2087/3955/30 2052/3955/30 2051/3955/30
f 2090/3955/28 2088/3955/28 2087/3955/28
f 2091/3955/27 2093/3955/27 2094/3955/27
f 2097/3955/30 2094/3955/30 2093/3955/30
f 2095/3955/32 2092/3955/32 2091/3955/32
f 2098/3955/28 2096/3955/28 2095/3955/28
f 2099/3955/27 2101/3955/27 2102/3955/27
f 2105/3955/31 2102/3955/31 2101/3955/31
f 2103/3955/29 2100/3955/29 2099/3955/29
f 2106/3955/28 2104/3955/28 2103/3955/28
f 2107/3955/27 2109/3955/27 2110/3955/27
f 2113/3955/29 2110/3955/29 2109/3955/29
f 2111/3955/31 2108/3955/31 2107/3955/31
f 2114/3955/28 2112/3955/28 2111/3955/28
f 2116/3955/31 2117/3955/31 2115/3955/31
f 2117/3955/32 2119/3955/32 2115/3955/32
f 2116/3955/30 2122/3955/30 2118/3955/30
f 2119/3955/29 2122/3955/29 2120/3955/29
f 2123/3955/27 2126/3955/27 2124/3955/27
f 2130/3955/28 2127/3955/28 2128/3955/28
f 2123/3955/29 2129/3955/29 2125/3955/29
f 2125/3955/30 2130/3955/30 2126/3955/30
f 2126/3955/31 2128/3955/31 2124/3955/31
f 2124/3955/32 2127/3955/32 2123/3955/32
f 2131/3955/27 2134/3955/27 2132/3955/27
f 2138/3955/28 2135/3955/28 2136/3955/28
f 2131/3955/29 2137/3955/29 2133/3955/29
f 2133/3955/30 2138/3955/30 2134/3955/30
f 2134/3955/31 2136/3955/31 2132/3955/31
f 2132/3955/32 2135/3955/32 2131/3955/32
f 2139/3955/27 2142/3955/27 2140/3955/27
f 2146/3955/28 2143/3955/28 2144/3955/28
f 2139/3955/29 2145/3955/29 2141/3955/29
f 2141/3955/30 2146/3955/30 2142/3955/30
f 2142/3955/31 2144/3955/31 2140/3955/31
f 2140/3955/32 2143/3955/32 2139/3955/32
f 2147/3955/27 2150/3955/27 2148/3955/27
f 2154/3955/28 2151/3955/28 2152/3955/28
f 2147/3955/29 2153/3955/29 2149/3955/29
f 2149/3955/30 2154/3955/30 2150/3955/30
f 2150/3955/31 2152/3955/31 2148/3955/31
f 2148/3955/32 2151/3955/32 2147/3955/32
f 2156/3955/31 2157/3955/31 2155/3955/31
f 2157/3955/32 2159/3955/32 2155/3955/32
f 2156/3955/30 2162/3955/30 2158/3955/30
f 2159/3955/29 2162/3955/29 2160/3955/29
f 2164/3955/31 2165/3955/31 2163/3955/31
f 2165/3955/32 2167/3955/32 2163/3955/32
f 2164/3955/30 2170/3955/30 2166/3955/30
f 2167/3955/29 2170/3955/29 2168/3955/29
f 2172/3955/31 2173/3955/31 2171/3955/31
f 2173/3955/32 2175/3955/32 2171/3955/32
f 2172/3955/30 2178/3955/30 2174/3955/30
f 2175/3955/29 2178/3955/29 2176/3955/29
f 2179/3955/27 2181/3955/27 2182/3955/27
f 2185/3955/32 2182/3955/32 2181/3955/32
f 2183/3955/30 2180/3955/30 2179/3955/30
f 2186/3955/28 2184/3955/28 2183/3955/28
f 2187/3955/27 2189/3955/27 2190/3955/27
f 2193/3955/30 2190/3955/30 2189/3955/30
f 2191/3955/32 2188/3955/32 2187/3955/32
f 2194/3955/28 2192/3955/28 2191/3955/28
f 2195/3955/27 2197/3955/27 2198/3955/27
f 2201/3955/31 2198/3955/31 2197/3955/31
f 2199/3955/29 2196/3955/29 2195/3955/29
f 2202/3955/28 2200/3955/28 2199/3955/28
f 2203/3955/27 2205/3955/27 2206/3955/27
f 2209/3955/29 2206/3955/29 2205/3955/29
f 2207/3955/31 2204/3955/31 2203/3955/31
f 2210/3955/28 2208/3955/28 2207/3955/28
f 2213/3955/27 2212/3955/27 2211/3955/27
f 2217/3955/28 2215/3955/28 2216/3955/28
f 2211/3955/30 2215/3955/30 2213/3955/30
f 2213/3955/31 2218/3955/31 2214/3955/31
f 2212/3955/29 2216/3955/29 2211/3955/29
f 2214/3955/32 2217/3955/32 2212/3955/32
f 2221/3955/27 2220/3955/27 2219/3955/27
f 2225/3955/28 2223/3955/28 2224/3955/28
f 2219/3955/30 2223/3955/30 2221/3955/30
f 2221/3955/31 2226/3955/31 2222/3955/31
f 2220/3955/29 2224/3955/29 2219/3955/29
f 2222/3955/32 2225/3955/32 2220/3955/32
f 2229/3955/27 2228/3955/27 2227/3955/27
f 2233/3955/28 2231/3955/28 2232/3955/28
f 2227/3955/30 2231/3955/30 2229/3955/30
f 2229/3955/31 2234/3955/31 2230/3955/31
f 2228/3955/29 2232/3955/29 2227/3955/29
f 2230/3955/32 2233/3955/32 2228/3955/32
f 2237/3955/27 2236/3955/27 2235/3955/27
f 2313/3955/28 2303/3955/28 2307/3955/28
f 2238/3955/32 2241/3955/32 2236/3955/32
f 2235/3955/30 2239/3955/30 2237/3955/30
f 2237/3955/31 2242/3955/31 2238/3955/31
f 2236/3955/29 2240/3955/29 2235/3955/29
f 2251/3955/27 2249/3955/27 2245/3955/27
f 2259/3955/28 2263/3955/28 2256/3955/28
f 2267/3955/28 2287/3955/28 2269/3955/28
f 2268/3955/28 2285/3955/28 2267/3955/28
f 2302/3955/27 2271/3955/27 2272/3955/27
f 2300/3955/27 2270/3955/27 2271/3955/27
f 2269/3955/39 2302/3955/39 2272/3955/39
f 2301/3955/40 2268/3955/40 2270/3955/40
f 2283/3955/28 2273/3955/28 2277/3955/28
f 2292/3955/27 2290/3955/27 2298/3955/27
f 2319/3955/27 2317/3955/27 2325/3955/27
f 2469/3955/28 2459/3955/28 2463/3955/28
f 2407/3955/27 2405/3955/27 2401/3955/27
f 2415/3955/28 2419/3955/28 2412/3955/28
f 2423/3955/28 2443/3955/28 2425/3955/28
f 2424/3955/28 2441/3955/28 2423/3955/28
f 2458/3955/27 2427/3955/27 2428/3955/27
f 2456/3955/27 2426/3955/27 2427/3955/27
f 2425/3955/39 2458/3955/39 2428/3955/39
f 2457/3955/40 2424/3955/40 2426/3955/40
f 2439/3955/28 2429/3955/28 2433/3955/28
f 2448/3955/27 2446/3955/27 2454/3955/27
f 2475/3955/27 2473/3955/27 2481/3955/27
f 2625/3955/28 2615/3955/28 2619/3955/28
f 2563/3955/27 2561/3955/27 2557/3955/27
f 2571/3955/28 2575/3955/28 2568/3955/28
f 2579/3955/28 2599/3955/28 2581/3955/28
f 2580/3955/28 2597/3955/28 2579/3955/28
f 2614/3955/27 2583/3955/27 2584/3955/27
f 2612/3955/27 2582/3955/27 2583/3955/27
f 2581/3955/39 2614/3955/39 2584/3955/39
f 2613/3955/40 2580/3955/40 2582/3955/40
f 2595/3955/28 2585/3955/28 2589/3955/28
f 2604/3955/27 2602/3955/27 2610/3955/27
f 2631/3955/27 2629/3955/27 2637/3955/27
f 2781/3955/28 2771/3955/28 2775/3955/28
f 2719/3955/27 2717/3955/27 2713/3955/27
f 2727/3955/28 2731/3955/28 2724/3955/28
f 2735/3955/28 2755/3955/28 2737/3955/28
f 2736/3955/28 2753/3955/28 2735/3955/28
f 2770/3955/27 2739/3955/27 2740/3955/27
f 2768/3955/27 2738/3955/27 2739/3955/27
f 2737/3955/39 2770/3955/39 2740/3955/39
f 2769/3955/40 2736/3955/40 2738/3955/40
f 2751/3955/28 2741/3955/28 2745/3955/28
f 2760/3955/27 2758/3955/27 2766/3955/27
f 2787/3955/27 2785/3955/27 2793/3955/27
f 2965/3955/27 2964/3955/27 2963/3955/27
f 2969/3955/28 2967/3955/28 2968/3955/28
f 2963/3955/30 2967/3955/30 2965/3955/30
f 2965/3955/31 2970/3955/31 2966/3955/31
f 2964/3955/29 2968/3955/29 2963/3955/29
f 2966/3955/32 2969/3955/32 2964/3955/32
f 2973/3955/27 2972/3955/27 2971/3955/27
f 2977/3955/28 2975/3955/28 2976/3955/28
f 2974/3955/32 2977/3955/32 2972/3955/32
f 2971/3955/30 2975/3955/30 2973/3955/30
f 2973/3955/31 2978/3955/31 2974/3955/31
f 2972/3955/29 2976/3955/29 2971/3955/29
f 2989/3955/27 2985/3955/27 2981/3955/27
f 3003/3955/28 3007/3955/28 2996/3955/28
f 3013/3955/27 3014/3955/27 3011/3955/27
f 3017/3955/28 3020/3955/28 3022/3955/28
f 3015/3955/32 3021/3955/32 3016/3955/32
f 3012/3955/29 3018/3955/29 3011/3955/29
f 3014/3955/32 3019/3955/32 3012/3955/32
f 3011/3955/30 3017/3955/30 3013/3955/30
f 3016/3955/29 3020/3955/29 3014/3955/29
f 3013/3955/31 3022/3955/31 3015/3955/31
f 151/3955/27 152/3955/27 153/3955/27
f 155/3955/27 157/3955/27 158/3955/27
f 162/3955/28 161/3955/28 159/3955/28
f 155/3955/29 159/3955/29 161/3955/29
f 157/3955/30 161/3955/30 162/3955/30
f 158/3955/31 162/3955/31 160/3955/31
f 156/3955/32 160/3955/32 159/3955/32
f 163/3955/27 165/3955/27 166/3955/27
f 170/3955/28 169/3955/28 167/3955/28
f 163/3955/29 167/3955/29 169/3955/29
f 165/3955/30 169/3955/30 170/3955/30
f 166/3955/31 170/3955/31 168/3955/31
f 164/3955/32 168/3955/32 167/3955/32
f 171/3955/27 173/3955/27 174/3955/27
f 178/3955/28 177/3955/28 175/3955/28
f 171/3955/29 175/3955/29 177/3955/29
f 173/3955/30 177/3955/30 178/3955/30
f 174/3955/31 178/3955/31 176/3955/31
f 172/3955/32 176/3955/32 175/3955/32
f 179/3955/27 181/3955/27 182/3955/27
f 186/3955/28 185/3955/28 183/3955/28
f 179/3955/29 183/3955/29 185/3955/29
f 181/3955/30 185/3955/30 186/3955/30
f 182/3955/31 186/3955/31 184/3955/31
f 180/3955/32 184/3955/32 183/3955/32
f 189/3955/32 190/3955/32 154/3955/32
f 187/3955/30 188/3955/30 152/3955/30
f 190/3955/28 189/3955/28 188/3955/28
f 191/3955/27 192/3955/27 193/3955/27
f 197/3955/30 198/3955/30 194/3955/30
f 195/3955/32 196/3955/32 192/3955/32
f 198/3955/28 197/3955/28 196/3955/28
f 199/3955/27 200/3955/27 201/3955/27
f 205/3955/31 206/3955/31 202/3955/31
f 203/3955/29 204/3955/29 200/3955/29
f 206/3955/28 205/3955/28 204/3955/28
f 207/3955/27 208/3955/27 209/3955/27
f 213/3955/29 214/3955/29 210/3955/29
f 211/3955/31 212/3955/31 208/3955/31
f 214/3955/28 213/3955/28 212/3955/28
f 216/3955/31 218/3955/31 217/3955/31
f 217/3955/32 221/3955/32 219/3955/32
f 216/3955/30 220/3955/30 222/3955/30
f 219/3955/29 221/3955/29 222/3955/29
f 223/3955/27 225/3955/27 226/3955/27
f 230/3955/28 229/3955/28 227/3955/28
f 223/3955/29 227/3955/29 229/3955/29
f 225/3955/30 229/3955/30 230/3955/30
f 226/3955/31 230/3955/31 228/3955/31
f 224/3955/32 228/3955/32 227/3955/32
f 231/3955/27 233/3955/27 234/3955/27
f 238/3955/28 237/3955/28 235/3955/28
f 231/3955/29 235/3955/29 237/3955/29
f 233/3955/30 237/3955/30 238/3955/30
f 234/3955/31 238/3955/31 236/3955/31
f 232/3955/32 236/3955/32 235/3955/32
f 239/3955/27 241/3955/27 242/3955/27
f 246/3955/28 245/3955/28 243/3955/28
f 239/3955/29 243/3955/29 245/3955/29
f 241/3955/30 245/3955/30 246/3955/30
f 242/3955/31 246/3955/31 244/3955/31
f 240/3955/32 244/3955/32 243/3955/32
f 247/3955/27 249/3955/27 250/3955/27
f 254/3955/28 253/3955/28 251/3955/28
f 247/3955/29 251/3955/29 253/3955/29
f 249/3955/30 253/3955/30 254/3955/30
f 250/3955/31 254/3955/31 252/3955/31
f 248/3955/32 252/3955/32 251/3955/32
f 256/3955/31 258/3955/31 257/3955/31
f 257/3955/32 261/3955/32 259/3955/32
f 256/3955/30 260/3955/30 262/3955/30
f 259/3955/29 261/3955/29 262/3955/29
f 264/3955/31 266/3955/31 265/3955/31
f 265/3955/32 269/3955/32 267/3955/32
f 264/3955/30 268/3955/30 270/3955/30
f 267/3955/29 269/3955/29 270/3955/29
f 272/3955/31 274/3955/31 273/3955/31
f 273/3955/32 277/3955/32 275/3955/32
f 272/3955/30 276/3955/30 278/3955/30
f 275/3955/29 277/3955/29 278/3955/29
f 279/3955/27 280/3955/27 281/3955/27
f 285/3955/32 286/3955/32 282/3955/32
f 283/3955/30 284/3955/30 280/3955/30
f 286/3955/28 285/3955/28 284/3955/28
f 287/3955/27 288/3955/27 289/3955/27
f 293/3955/30 294/3955/30 290/3955/30
f 291/3955/32 292/3955/32 288/3955/32
f 294/3955/28 293/3955/28 292/3955/28
f 295/3955/27 296/3955/27 297/3955/27
f 301/3955/31 302/3955/31 298/3955/31
f 299/3955/29 300/3955/29 296/3955/29
f 302/3955/28 301/3955/28 300/3955/28
f 303/3955/27 304/3955/27 305/3955/27
f 309/3955/29 310/3955/29 306/3955/29
f 307/3955/31 308/3955/31 304/3955/31
f 310/3955/28 309/3955/28 308/3955/28
f 313/3955/27 314/3955/27 312/3955/27
f 317/3955/28 318/3955/28 315/3955/28
f 311/3955/30 316/3955/30 315/3955/30
f 313/3955/31 315/3955/31 318/3955/31
f 312/3955/29 317/3955/29 316/3955/29
f 314/3955/32 318/3955/32 317/3955/32
f 321/3955/27 322/3955/27 320/3955/27
f 325/3955/28 326/3955/28 323/3955/28
f 319/3955/30 324/3955/30 323/3955/30
f 321/3955/31 323/3955/31 326/3955/31
f 320/3955/29 325/3955/29 324/3955/29
f 322/3955/32 326/3955/32 325/3955/32
f 329/3955/27 330/3955/27 328/3955/27
f 333/3955/28 334/3955/28 331/3955/28
f 327/3955/30 332/3955/30 331/3955/30
f 329/3955/31 331/3955/31 334/3955/31
f 328/3955/29 333/3955/29 332/3955/29
f 330/3955/32 334/3955/32 333/3955/32
f 337/3955/27 338/3955/27 336/3955/27
f 341/3955/28 342/3955/28 339/3955/28
f 338/3955/32 342/3955/32 341/3955/32
f 335/3955/30 340/3955/30 339/3955/30
f 337/3955/31 339/3955/31 342/3955/31
f 336/3955/29 341/3955/29 340/3955/29
f 345/3955/27 344/3955/27 343/3955/27
f 343/3955/27 358/3955/27 345/3955/27
f 358/3955/27 357/3955/27 345/3955/27
f 357/3955/27 356/3955/27 355/3955/27
f 355/3955/27 354/3955/27 353/3955/27
f 353/3955/27 352/3955/27 349/3955/27
f 352/3955/27 351/3955/27 349/3955/27
f 351/3955/27 350/3955/27 349/3955/27
f 349/3955/27 348/3955/27 347/3955/27
f 347/3955/27 346/3955/27 349/3955/27
f 346/3955/27 345/3955/27 349/3955/27
f 357/3955/27 355/3955/27 345/3955/27
f 355/3955/27 353/3955/27 345/3955/27
f 360/3955/28 359/3955/28 363/3955/28
f 359/3955/28 361/3955/28 363/3955/28
f 361/3955/28 362/3955/28 363/3955/28
f 363/3955/28 364/3955/28 365/3955/28
f 365/3955/28 366/3955/28 367/3955/28
f 367/3955/28 368/3955/28 371/3955/28
f 368/3955/28 369/3955/28 371/3955/28
f 369/3955/28 370/3955/28 371/3955/28
f 371/3955/28 372/3955/28 373/3955/28
f 373/3955/28 374/3955/28 371/3955/28
f 374/3955/28 360/3955/28 371/3955/28
f 363/3955/28 365/3955/28 360/3955/28
f 365/3955/28 367/3955/28 360/3955/28
f 404/3955/29 413/3955/29 412/3955/29
f 393/3955/32 423/3955/32 422/3955/32
f 406/3955/31 409/3955/31 416/3955/31
f 397/3955/29 421/3955/29 420/3955/29
f 395/3955/31 417/3955/31 424/3955/31
f 408/3955/32 415/3955/32 414/3955/32
f 416/3955/33 415/3955/33 408/3955/33
f 404/3955/34 403/3955/34 414/3955/34
f 412/3955/35 411/3955/35 402/3955/35
f 406/3955/36 405/3955/36 410/3955/36
f 402/3955/30 411/3955/30 410/3955/30
f 424/3955/33 423/3955/33 393/3955/33
f 397/3955/34 398/3955/34 422/3955/34
f 420/3955/35 419/3955/35 399/3955/35
f 395/3955/36 396/3955/36 418/3955/36
f 399/3955/30 419/3955/30 418/3955/30
f 425/3955/32 439/3955/32 438/3955/32
f 429/3955/29 437/3955/29 436/3955/29
f 427/3955/31 433/3955/31 440/3955/31
f 440/3955/33 439/3955/33 425/3955/33
f 429/3955/34 430/3955/34 438/3955/34
f 436/3955/35 435/3955/35 431/3955/35
f 427/3955/36 428/3955/36 434/3955/36
f 431/3955/30 435/3955/30 434/3955/30
f 441/3955/32 455/3955/32 454/3955/32
f 445/3955/29 453/3955/29 452/3955/29
f 443/3955/31 449/3955/31 456/3955/31
f 456/3955/33 455/3955/33 441/3955/33
f 445/3955/34 446/3955/34 454/3955/34
f 452/3955/35 451/3955/35 447/3955/35
f 443/3955/36 444/3955/36 450/3955/36
f 447/3955/30 451/3955/30 450/3955/30
f 459/3955/27 458/3955/27 457/3955/27
f 457/3955/27 472/3955/27 459/3955/27
f 472/3955/27 471/3955/27 459/3955/27
f 471/3955/27 470/3955/27 469/3955/27
f 469/3955/27 468/3955/27 467/3955/27
f 467/3955/27 466/3955/27 463/3955/27
f 466/3955/27 465/3955/27 463/3955/27
f 465/3955/27 464/3955/27 463/3955/27
f 463/3955/27 462/3955/27 461/3955/27
f 461/3955/27 460/3955/27 463/3955/27
f 460/3955/27 459/3955/27 463/3955/27
f 471/3955/27 469/3955/27 459/3955/27
f 469/3955/27 467/3955/27 459/3955/27
f 490/3955/28 489/3955/28 493/3955/28
f 489/3955/28 491/3955/28 493/3955/28
f 491/3955/28 492/3955/28 493/3955/28
f 493/3955/28 494/3955/28 495/3955/28
f 495/3955/28 496/3955/28 493/3955/28
f 496/3955/28 497/3955/28 493/3955/28
f 497/3955/28 498/3955/28 501/3955/28
f 498/3955/28 499/3955/28 501/3955/28
f 499/3955/28 500/3955/28 501/3955/28
f 501/3955/28 502/3955/28 503/3955/28
f 503/3955/28 504/3955/28 501/3955/28
f 504/3955/28 490/3955/28 501/3955/28
f 490/3955/28 493/3955/28 497/3955/28
f 507/3955/27 508/3955/27 506/3955/27
f 508/3955/32 512/3955/32 511/3955/32
f 505/3955/30 510/3955/30 509/3955/30
f 507/3955/31 509/3955/31 512/3955/31
f 506/3955/29 511/3955/29 510/3955/29
f 515/3955/27 516/3955/27 514/3955/27
f 1402/3955/30 1160/3955/30 525/3955/30
f 525/3955/27 1160/3955/27 1159/3955/27
f 519/3955/31 525/3955/31 532/3955/31
f 517/3955/37 519/3955/37 522/3955/37
f 1400/3955/29 1399/3955/29 513/3955/29
f 523/3955/28 530/3955/28 529/3955/28
f 529/3955/31 530/3955/31 527/3955/31
f 526/3955/30 529/3955/30 528/3955/30
f 516/3955/32 527/3955/32 530/3955/32
f 515/3955/27 528/3955/27 527/3955/27
f 517/3955/31 518/3955/31 523/3955/31
f 526/3955/30 515/3955/30 513/3955/30
f 513/3955/30 519/3955/30 517/3955/30
f 522/3955/32 514/3955/32 518/3955/32
f 514/3955/32 516/3955/32 523/3955/32
f 565/3955/28 566/3955/28 567/3955/28
f 567/3955/28 568/3955/28 565/3955/28
f 568/3955/28 569/3955/28 565/3955/28
f 569/3955/28 570/3955/28 573/3955/28
f 570/3955/28 571/3955/28 573/3955/28
f 571/3955/28 572/3955/28 573/3955/28
f 573/3955/28 574/3955/28 575/3955/28
f 575/3955/28 576/3955/28 577/3955/28
f 577/3955/28 578/3955/28 579/3955/28
f 579/3955/28 580/3955/28 565/3955/28
f 573/3955/28 575/3955/28 565/3955/28
f 575/3955/28 577/3955/28 565/3955/28
f 577/3955/28 579/3955/28 565/3955/28
f 592/3955/27 591/3955/27 604/3955/27
f 591/3955/27 590/3955/27 604/3955/27
f 590/3955/27 605/3955/27 604/3955/27
f 604/3955/27 603/3955/27 602/3955/27
f 602/3955/27 601/3955/27 600/3955/27
f 600/3955/27 599/3955/27 598/3955/27
f 598/3955/27 597/3955/27 600/3955/27
f 597/3955/27 596/3955/27 600/3955/27
f 596/3955/27 595/3955/27 594/3955/27
f 594/3955/27 593/3955/27 592/3955/27
f 604/3955/27 602/3955/27 600/3955/27
f 596/3955/27 594/3955/27 600/3955/27
f 594/3955/27 592/3955/27 600/3955/27
f 389/3955/28 388/3955/28 585/3955/28
f 387/3955/28 586/3955/28 585/3955/28
f 387/3955/28 386/3955/28 587/3955/28
f 385/3955/28 588/3955/28 587/3955/28
f 384/3955/28 589/3955/28 588/3955/28
f 392/3955/28 581/3955/28 589/3955/28
f 391/3955/28 582/3955/28 581/3955/28
f 390/3955/28 583/3955/28 582/3955/28
f 607/3955/27 608/3955/27 381/3955/27
f 606/3955/27 607/3955/27 383/3955/27
f 614/3955/27 606/3955/27 382/3955/27
f 613/3955/27 614/3955/27 375/3955/27
f 612/3955/27 613/3955/27 376/3955/27
f 378/3955/27 611/3955/27 612/3955/27
f 610/3955/27 611/3955/27 378/3955/27
f 380/3955/27 609/3955/27 610/3955/27
f 390/3955/33 381/3955/33 608/3955/33
f 609/3955/33 380/3955/33 389/3955/33
f 617/3955/27 616/3955/27 615/3955/27
f 615/3955/27 630/3955/27 617/3955/27
f 630/3955/27 629/3955/27 617/3955/27
f 629/3955/27 628/3955/27 627/3955/27
f 627/3955/27 626/3955/27 625/3955/27
f 625/3955/27 624/3955/27 621/3955/27
f 624/3955/27 623/3955/27 621/3955/27
f 623/3955/27 622/3955/27 621/3955/27
f 621/3955/27 620/3955/27 619/3955/27
f 619/3955/27 618/3955/27 621/3955/27
f 618/3955/27 617/3955/27 621/3955/27
f 629/3955/27 627/3955/27 617/3955/27
f 627/3955/27 625/3955/27 617/3955/27
f 632/3955/28 631/3955/28 635/3955/28
f 631/3955/28 633/3955/28 635/3955/28
f 633/3955/28 634/3955/28 635/3955/28
f 635/3955/28 636/3955/28 637/3955/28
f 637/3955/28 638/3955/28 639/3955/28
f 639/3955/28 640/3955/28 643/3955/28
f 640/3955/28 641/3955/28 643/3955/28
f 641/3955/28 642/3955/28 643/3955/28
f 643/3955/28 644/3955/28 645/3955/28
f 645/3955/28 646/3955/28 643/3955/28
f 646/3955/28 632/3955/28 643/3955/28
f 635/3955/28 637/3955/28 632/3955/28
f 637/3955/28 639/3955/28 632/3955/28
f 665/3955/28 666/3955/28 667/3955/28
f 667/3955/28 668/3955/28 665/3955/28
f 668/3955/28 669/3955/28 665/3955/28
f 669/3955/28 670/3955/28 673/3955/28
f 670/3955/28 671/3955/28 673/3955/28
f 671/3955/28 672/3955/28 673/3955/28
f 673/3955/28 674/3955/28 675/3955/28
f 675/3955/28 676/3955/28 677/3955/28
f 677/3955/28 678/3955/28 679/3955/28
f 679/3955/28 680/3955/28 665/3955/28
f 673/3955/28 675/3955/28 665/3955/28
f 675/3955/28 677/3955/28 665/3955/28
f 677/3955/28 679/3955/28 665/3955/28
f 692/3955/27 691/3955/27 704/3955/27
f 691/3955/27 690/3955/27 704/3955/27
f 690/3955/27 705/3955/27 704/3955/27
f 704/3955/27 703/3955/27 702/3955/27
f 702/3955/27 701/3955/27 700/3955/27
f 700/3955/27 699/3955/27 698/3955/27
f 698/3955/27 697/3955/27 700/3955/27
f 697/3955/27 696/3955/27 700/3955/27
f 696/3955/27 695/3955/27 694/3955/27
f 694/3955/27 693/3955/27 692/3955/27
f 704/3955/27 702/3955/27 700/3955/27
f 696/3955/27 694/3955/27 700/3955/27
f 694/3955/27 692/3955/27 700/3955/27
f 661/3955/28 660/3955/28 685/3955/28
f 659/3955/28 686/3955/28 685/3955/28
f 659/3955/28 658/3955/28 687/3955/28
f 657/3955/28 688/3955/28 687/3955/28
f 656/3955/28 689/3955/28 688/3955/28
f 664/3955/28 681/3955/28 689/3955/28
f 663/3955/28 682/3955/28 681/3955/28
f 662/3955/28 683/3955/28 682/3955/28
f 707/3955/27 708/3955/27 653/3955/27
f 706/3955/27 707/3955/27 655/3955/27
f 714/3955/27 706/3955/27 654/3955/27
f 713/3955/27 714/3955/27 647/3955/27
f 712/3955/27 713/3955/27 648/3955/27
f 650/3955/27 711/3955/27 712/3955/27
f 710/3955/27 711/3955/27 650/3955/27
f 652/3955/27 709/3955/27 710/3955/27
f 662/3955/33 653/3955/33 708/3955/33
f 709/3955/33 652/3955/33 661/3955/33
f 717/3955/27 716/3955/27 715/3955/27
f 715/3955/27 730/3955/27 717/3955/27
f 730/3955/27 729/3955/27 717/3955/27
f 729/3955/27 728/3955/27 727/3955/27
f 727/3955/27 726/3955/27 725/3955/27
f 725/3955/27 724/3955/27 721/3955/27
f 724/3955/27 723/3955/27 721/3955/27
f 723/3955/27 722/3955/27 721/3955/27
f 721/3955/27 720/3955/27 719/3955/27
f 719/3955/27 718/3955/27 721/3955/27
f 718/3955/27 717/3955/27 721/3955/27
f 729/3955/27 727/3955/27 717/3955/27
f 727/3955/27 725/3955/27 717/3955/27
f 732/3955/28 731/3955/28 735/3955/28
f 731/3955/28 733/3955/28 735/3955/28
f 733/3955/28 734/3955/28 735/3955/28
f 735/3955/28 736/3955/28 737/3955/28
f 737/3955/28 738/3955/28 739/3955/28
f 739/3955/28 740/3955/28 743/3955/28
f 740/3955/28 741/3955/28 743/3955/28
f 741/3955/28 742/3955/28 743/3955/28
f 743/3955/28 744/3955/28 745/3955/28
f 745/3955/28 746/3955/28 743/3955/28
f 746/3955/28 732/3955/28 743/3955/28
f 735/3955/28 737/3955/28 732/3955/28
f 737/3955/28 739/3955/28 732/3955/28
f 765/3955/28 766/3955/28 767/3955/28
f 767/3955/28 768/3955/28 765/3955/28
f 768/3955/28 769/3955/28 765/3955/28
f 769/3955/28 770/3955/28 773/3955/28
f 770/3955/28 771/3955/28 773/3955/28
f 771/3955/28 772/3955/28 773/3955/28
f 773/3955/28 774/3955/28 775/3955/28
f 775/3955/28 776/3955/28 777/3955/28
f 777/3955/28 778/3955/28 779/3955/28
f 779/3955/28 780/3955/28 765/3955/28
f 773/3955/28 775/3955/28 765/3955/28
f 775/3955/28 777/3955/28 765/3955/28
f 777/3955/28 779/3955/28 765/3955/28
f 792/3955/27 791/3955/27 804/3955/27
f 791/3955/27 790/3955/27 804/3955/27
f 790/3955/27 805/3955/27 804/3955/27
f 804/3955/27 803/3955/27 802/3955/27
f 802/3955/27 801/3955/27 800/3955/27
f 800/3955/27 799/3955/27 798/3955/27
f 798/3955/27 797/3955/27 800/3955/27
f 797/3955/27 796/3955/27 800/3955/27
f 796/3955/27 795/3955/27 794/3955/27
f 794/3955/27 793/3955/27 792/3955/27
f 804/3955/27 802/3955/27 800/3955/27
f 796/3955/27 794/3955/27 800/3955/27
f 794/3955/27 792/3955/27 800/3955/27
f 761/3955/28 760/3955/28 785/3955/28
f 759/3955/28 786/3955/28 785/3955/28
f 759/3955/28 758/3955/28 787/3955/28
f 757/3955/28 788/3955/28 787/3955/28
f 756/3955/28 789/3955/28 788/3955/28
f 764/3955/28 781/3955/28 789/3955/28
f 763/3955/28 782/3955/28 781/3955/28
f 762/3955/28 783/3955/28 782/3955/28
f 807/3955/27 808/3955/27 753/3955/27
f 806/3955/27 807/3955/27 755/3955/27
f 814/3955/27 806/3955/27 754/3955/27
f 813/3955/27 814/3955/27 747/3955/27
f 812/3955/27 813/3955/27 748/3955/27
f 750/3955/27 811/3955/27 812/3955/27
f 810/3955/27 811/3955/27 750/3955/27
f 752/3955/27 809/3955/27 810/3955/27
f 762/3955/33 753/3955/33 808/3955/33
f 809/3955/33 752/3955/33 761/3955/33
f 817/3955/27 816/3955/27 815/3955/27
f 815/3955/27 830/3955/27 817/3955/27
f 830/3955/27 829/3955/27 817/3955/27
f 829/3955/27 828/3955/27 827/3955/27
f 827/3955/27 826/3955/27 825/3955/27
f 825/3955/27 824/3955/27 821/3955/27
f 824/3955/27 823/3955/27 821/3955/27
f 823/3955/27 822/3955/27 821/3955/27
f 821/3955/27 820/3955/27 819/3955/27
f 819/3955/27 818/3955/27 821/3955/27
f 818/3955/27 817/3955/27 821/3955/27
f 829/3955/27 827/3955/27 817/3955/27
f 827/3955/27 825/3955/27 817/3955/27
f 832/3955/28 831/3955/28 835/3955/28
f 831/3955/28 833/3955/28 835/3955/28
f 833/3955/28 834/3955/28 835/3955/28
f 835/3955/28 836/3955/28 837/3955/28
f 837/3955/28 838/3955/28 839/3955/28
f 839/3955/28 840/3955/28 843/3955/28
f 840/3955/28 841/3955/28 843/3955/28
f 841/3955/28 842/3955/28 843/3955/28
f 843/3955/28 844/3955/28 845/3955/28
f 845/3955/28 846/3955/28 843/3955/28
f 846/3955/28 832/3955/28 843/3955/28
f 835/3955/28 837/3955/28 832/3955/28
f 837/3955/28 839/3955/28 832/3955/28
f 865/3955/28 866/3955/28 867/3955/28
f 867/3955/28 868/3955/28 865/3955/28
f 868/3955/28 869/3955/28 865/3955/28
f 869/3955/28 870/3955/28 873/3955/28
f 870/3955/28 871/3955/28 873/3955/28
f 871/3955/28 872/3955/28 873/3955/28
f 873/3955/28 874/3955/28 875/3955/28
f 875/3955/28 876/3955/28 877/3955/28
f 877/3955/28 878/3955/28 879/3955/28
f 879/3955/28 880/3955/28 865/3955/28
f 873/3955/28 875/3955/28 865/3955/28
f 875/3955/28 877/3955/28 865/3955/28
f 877/3955/28 879/3955/28 865/3955/28
f 892/3955/27 891/3955/27 904/3955/27
f 891/3955/27 890/3955/27 904/3955/27
f 890/3955/27 905/3955/27 904/3955/27
f 904/3955/27 903/3955/27 902/3955/27
f 902/3955/27 901/3955/27 900/3955/27
f 900/3955/27 899/3955/27 898/3955/27
f 898/3955/27 897/3955/27 900/3955/27
f 897/3955/27 896/3955/27 900/3955/27
f 896/3955/27 895/3955/27 894/3955/27
f 894/3955/27 893/3955/27 892/3955/27
f 904/3955/27 902/3955/27 900/3955/27
f 896/3955/27 894/3955/27 900/3955/27
f 894/3955/27 892/3955/27 900/3955/27
f 861/3955/28 860/3955/28 885/3955/28
f 859/3955/28 886/3955/28 885/3955/28
f 859/3955/28 858/3955/28 887/3955/28
f 857/3955/28 888/3955/28 887/3955/28
f 856/3955/28 889/3955/28 888/3955/28
f 864/3955/28 881/3955/28 889/3955/28
f 863/3955/28 882/3955/28 881/3955/28
f 862/3955/28 883/3955/28 882/3955/28
f 907/3955/27 908/3955/27 853/3955/27
f 906/3955/27 907/3955/27 855/3955/27
f 914/3955/27 906/3955/27 854/3955/27
f 913/3955/27 914/3955/27 847/3955/27
f 912/3955/27 913/3955/27 848/3955/27
f 850/3955/27 911/3955/27 912/3955/27
f 910/3955/27 911/3955/27 850/3955/27
f 852/3955/27 909/3955/27 910/3955/27
f 862/3955/33 853/3955/33 908/3955/33
f 909/3955/33 852/3955/33 861/3955/33
f 980/3955/29 982/3955/29 981/3955/29
f 985/3955/31 986/3955/31 984/3955/31
f 980/3955/32 984/3955/32 986/3955/32
f 979/3955/27 983/3955/27 984/3955/27
f 981/3955/30 985/3955/30 983/3955/30
f 982/3955/28 986/3955/28 985/3955/28
f 996/3955/30 990/3955/30 989/3955/30
f 990/3955/31 994/3955/31 993/3955/31
f 994/3955/32 997/3955/32 998/3955/32
f 991/3955/27 1006/3955/27 1003/3955/27
f 993/3955/27 998/3955/27 995/3955/27
f 990/3955/28 996/3955/28 997/3955/28
f 988/3955/29 996/3955/29 995/3955/29
f 991/3955/29 998/3955/29 997/3955/29
f 987/3955/29 995/3955/29 998/3955/29
f 992/3955/29 997/3955/29 996/3955/29
f 1002/3955/28 1010/3955/28 1007/3955/28
f 987/3955/30 1003/3955/30 1004/3955/30
f 988/3955/28 1004/3955/28 1005/3955/28
f 992/3955/32 1005/3955/32 1006/3955/32
f 1000/3955/29 1004/3955/29 1003/3955/29
f 1002/3955/29 1006/3955/29 1005/3955/29
f 999/3955/29 1003/3955/29 1006/3955/29
f 1001/3955/29 1005/3955/29 1004/3955/29
f 1009/3955/29 1008/3955/29 1007/3955/29
f 999/3955/32 1007/3955/32 1008/3955/32
f 1000/3955/27 1008/3955/27 1009/3955/27
f 1001/3955/30 1009/3955/30 1010/3955/30
f 1028/3955/29 1034/3955/29 1033/3955/29
f 1018/3955/29 1017/3955/29 1019/3955/29
f 1019/3955/29 1020/3955/29 1018/3955/29
f 1020/3955/29 1021/3955/29 1018/3955/29
f 1026/3955/29 1032/3955/29 1031/3955/29
f 1024/3955/29 1023/3955/29 1029/3955/29
f 1038/3955/29 1037/3955/29 1035/3955/29
f 1042/3955/29 1041/3955/29 1039/3955/29
f 1046/3955/29 1045/3955/29 1043/3955/29
f 1050/3955/29 1049/3955/29 1047/3955/29
f 1060/3955/30 1054/3955/30 1053/3955/30
f 1054/3955/31 1058/3955/31 1057/3955/31
f 1058/3955/32 1061/3955/32 1062/3955/32
f 1055/3955/27 1070/3955/27 1067/3955/27
f 1057/3955/27 1062/3955/27 1059/3955/27
f 1054/3955/28 1060/3955/28 1061/3955/28
f 1052/3955/29 1060/3955/29 1059/3955/29
f 1055/3955/29 1062/3955/29 1061/3955/29
f 1051/3955/29 1059/3955/29 1062/3955/29
f 1056/3955/29 1061/3955/29 1060/3955/29
f 1066/3955/28 1074/3955/28 1071/3955/28
f 1051/3955/30 1067/3955/30 1068/3955/30
f 1052/3955/28 1068/3955/28 1069/3955/28
f 1056/3955/32 1069/3955/32 1070/3955/32
f 1064/3955/29 1068/3955/29 1067/3955/29
f 1066/3955/29 1070/3955/29 1069/3955/29
f 1063/3955/29 1067/3955/29 1070/3955/29
f 1065/3955/29 1069/3955/29 1068/3955/29
f 1073/3955/29 1072/3955/29 1071/3955/29
f 1063/3955/32 1071/3955/32 1072/3955/32
f 1064/3955/27 1072/3955/27 1073/3955/27
f 1065/3955/30 1073/3955/30 1074/3955/30
f 1092/3955/29 1098/3955/29 1097/3955/29
f 1082/3955/29 1081/3955/29 1083/3955/29
f 1083/3955/29 1084/3955/29 1082/3955/29
f 1084/3955/29 1085/3955/29 1082/3955/29
f 1090/3955/29 1096/3955/29 1095/3955/29
f 1088/3955/29 1087/3955/29 1093/3955/29
f 1102/3955/29 1101/3955/29 1099/3955/29
f 1106/3955/29 1105/3955/29 1103/3955/29
f 1110/3955/29 1109/3955/29 1107/3955/29
f 1114/3955/29 1113/3955/29 1111/3955/29
f 1122/3955/32 1120/3955/32 1116/3955/32
f 1119/3955/30 1121/3955/30 1117/3955/30
f 1121/3955/31 1122/3955/31 1118/3955/31
f 1120/3955/29 1119/3955/29 1115/3955/29
f 1160/3955/31 1402/3955/31 1401/3955/31
f 1156/3955/32 1158/3955/32 1198/3955/32
f 1158/3955/32 1162/3955/32 1197/3955/32
f 1161/3955/31 1162/3955/31 1158/3955/31
f 1157/3955/30 1155/3955/30 1195/3955/30
f 1195/3955/30 1196/3955/30 1157/3955/30
f 1198/3955/29 1195/3955/29 1155/3955/29
f 1198/3955/38 1197/3955/38 1196/3955/38
f 1196/3955/28 1197/3955/28 1162/3955/28
f 522/3955/32 532/3955/32 1400/3955/32
f 1199/3955/30 1403/3955/30 1406/3955/30
f 1449/3955/30 521/3955/30 524/3955/30
f 532/3955/32 1159/3955/32 1401/3955/32
f 1393/3955/27 1392/3955/27 1391/3955/27
f 1391/3955/27 1398/3955/27 1397/3955/27
f 1397/3955/27 1396/3955/27 1395/3955/27
f 1395/3955/27 1394/3955/27 1393/3955/27
f 1393/3955/27 1391/3955/27 1397/3955/27
f 1199/3955/28 1399/3955/28 1400/3955/28
f 1200/3955/28 1400/3955/28 1401/3955/28
f 1201/3955/28 1401/3955/28 1402/3955/28
f 1202/3955/28 1402/3955/28 1399/3955/28
f 1404/3955/28 1405/3955/28 1406/3955/28
f 1201/3955/32 1405/3955/32 1404/3955/32
f 1202/3955/31 1406/3955/31 1405/3955/31
f 1200/3955/29 1404/3955/29 1403/3955/29
f 1421/3955/28 1422/3955/28 1419/3955/28
f 1413/3955/28 1414/3955/28 1411/3955/28
f 1410/3955/32 1414/3955/32 1413/3955/32
f 1407/3955/30 1412/3955/30 1411/3955/30
f 1409/3955/31 1411/3955/31 1414/3955/31
f 1408/3955/29 1413/3955/29 1412/3955/29
f 1418/3955/32 1422/3955/32 1421/3955/32
f 1415/3955/30 1420/3955/30 1419/3955/30
f 1417/3955/31 1419/3955/31 1422/3955/31
f 1416/3955/29 1421/3955/29 1420/3955/29
f 1429/3955/28 1430/3955/28 1427/3955/28
f 1426/3955/32 1430/3955/32 1429/3955/32
f 1423/3955/30 1428/3955/30 1427/3955/30
f 1425/3955/31 1427/3955/31 1430/3955/31
f 1424/3955/29 1429/3955/29 1428/3955/29
f 1445/3955/28 1446/3955/28 1443/3955/28
f 1437/3955/28 1438/3955/28 1435/3955/28
f 1434/3955/32 1438/3955/32 1437/3955/32
f 1431/3955/30 1436/3955/30 1435/3955/30
f 1433/3955/31 1435/3955/31 1438/3955/31
f 1432/3955/29 1437/3955/29 1436/3955/29
f 1442/3955/32 1446/3955/32 1445/3955/32
f 1439/3955/30 1444/3955/30 1443/3955/30
f 1441/3955/31 1443/3955/31 1446/3955/31
f 1440/3955/29 1445/3955/29 1444/3955/29
f 1399/3955/30 525/3955/30 519/3955/30
f 1457/3955/32 1453/3955/32 1454/3955/32
f 1458/3955/29 1454/3955/29 1451/3955/29
f 1455/3955/30 1451/3955/30 1452/3955/30
f 1456/3955/31 1452/3955/31 1453/3955/31
f 1448/3955/28 1452/3955/28 1451/3955/28
f 1450/3955/28 1454/3955/28 1453/3955/28
f 1447/3955/28 1451/3955/28 1454/3955/28
f 1449/3955/28 1453/3955/28 1452/3955/28
f 531/3955/27 1455/3955/27 1456/3955/27
f 521/3955/27 1457/3955/27 1458/3955/27
f 524/3955/27 1458/3955/27 1455/3955/27
f 520/3955/27 1456/3955/27 1457/3955/27
f 524/3955/31 531/3955/31 1447/3955/31
f 1447/3955/32 531/3955/32 520/3955/32
f 520/3955/29 521/3955/29 1449/3955/29
f 1467/3955/31 1471/3955/31 1473/3955/31
f 1469/3955/32 1473/3955/32 1474/3955/32
f 1459/3955/31 1463/3955/31 1465/3955/31
f 1461/3955/32 1465/3955/32 1466/3955/32
f 1462/3955/29 1466/3955/29 1464/3955/29
f 1460/3955/30 1464/3955/30 1463/3955/30
f 1470/3955/29 1474/3955/29 1472/3955/29
f 1468/3955/30 1472/3955/30 1471/3955/30
f 1483/3955/31 1487/3955/31 1489/3955/31
f 1485/3955/32 1489/3955/32 1490/3955/32
f 1475/3955/31 1479/3955/31 1481/3955/31
f 1477/3955/32 1481/3955/32 1482/3955/32
f 1478/3955/29 1482/3955/29 1480/3955/29
f 1476/3955/30 1480/3955/30 1479/3955/30
f 1486/3955/29 1490/3955/29 1488/3955/29
f 1484/3955/30 1488/3955/30 1487/3955/30
f 1499/3955/31 1500/3955/31 1492/3955/31
f 1496/3955/29 1502/3955/29 1501/3955/29
f 1495/3955/30 1501/3955/30 1499/3955/30
f 1494/3955/32 1504/3955/32 1506/3955/32
f 1502/3955/32 1496/3955/32 1492/3955/32
f 1494/3955/28 1500/3955/28 1499/3955/28
f 1497/3955/28 1501/3955/28 1502/3955/28
f 1493/3955/28 1499/3955/28 1501/3955/28
f 1498/3955/28 1502/3955/28 1500/3955/28
f 1505/3955/28 1506/3955/28 1504/3955/28
f 1498/3955/29 1506/3955/29 1505/3955/29
f 1497/3955/30 1505/3955/30 1503/3955/30
f 1493/3955/31 1503/3955/31 1504/3955/31
f 1541/3955/31 1542/3955/31 1540/3955/31
f 1545/3955/29 1546/3955/29 1543/3955/29
f 1541/3955/28 1543/3955/28 1546/3955/28
f 1540/3955/27 1545/3955/27 1544/3955/27
f 1542/3955/32 1546/3955/32 1545/3955/32
f 1539/3955/30 1544/3955/30 1543/3955/30
f 1613/3955/27 1612/3955/27 1611/3955/27
f 1611/3955/27 1622/3955/27 1613/3955/27
f 1622/3955/27 1621/3955/27 1613/3955/27
f 1621/3955/27 1620/3955/27 1619/3955/27
f 1619/3955/27 1618/3955/27 1617/3955/27
f 1617/3955/27 1616/3955/27 1615/3955/27
f 1615/3955/27 1614/3955/27 1617/3955/27
f 1614/3955/27 1613/3955/27 1617/3955/27
f 1621/3955/27 1619/3955/27 1613/3955/27
f 1624/3955/28 1623/3955/28 1625/3955/28
f 1625/3955/28 1626/3955/28 1624/3955/28
f 1626/3955/28 1627/3955/28 1624/3955/28
f 1627/3955/28 1628/3955/28 1629/3955/28
f 1629/3955/28 1630/3955/28 1627/3955/28
f 1630/3955/28 1631/3955/28 1627/3955/28
f 1631/3955/28 1632/3955/28 1624/3955/28
f 1632/3955/28 1633/3955/28 1624/3955/28
f 1633/3955/28 1634/3955/28 1624/3955/28
f 1637/3955/27 1636/3955/27 1635/3955/27
f 1635/3955/27 1646/3955/27 1637/3955/27
f 1646/3955/27 1645/3955/27 1637/3955/27
f 1645/3955/27 1644/3955/27 1643/3955/27
f 1643/3955/27 1642/3955/27 1641/3955/27
f 1641/3955/27 1640/3955/27 1639/3955/27
f 1639/3955/27 1638/3955/27 1641/3955/27
f 1638/3955/27 1637/3955/27 1641/3955/27
f 1645/3955/27 1643/3955/27 1637/3955/27
f 1648/3955/28 1647/3955/28 1649/3955/28
f 1649/3955/28 1650/3955/28 1648/3955/28
f 1650/3955/28 1651/3955/28 1648/3955/28
f 1651/3955/28 1652/3955/28 1653/3955/28
f 1653/3955/28 1654/3955/28 1655/3955/28
f 1655/3955/28 1656/3955/28 1657/3955/28
f 1657/3955/28 1658/3955/28 1655/3955/28
f 1658/3955/28 1648/3955/28 1655/3955/28
f 1651/3955/28 1653/3955/28 1648/3955/28
f 1667/3955/31 1671/3955/31 1673/3955/31
f 1669/3955/32 1673/3955/32 1674/3955/32
f 1659/3955/31 1663/3955/31 1665/3955/31
f 1661/3955/32 1665/3955/32 1666/3955/32
f 1662/3955/29 1666/3955/29 1664/3955/29
f 1660/3955/30 1664/3955/30 1663/3955/30
f 1670/3955/29 1674/3955/29 1672/3955/29
f 1668/3955/30 1672/3955/30 1671/3955/30
f 1683/3955/31 1687/3955/31 1689/3955/31
f 1685/3955/32 1689/3955/32 1690/3955/32
f 1675/3955/31 1679/3955/31 1681/3955/31
f 1677/3955/32 1681/3955/32 1682/3955/32
f 1678/3955/29 1682/3955/29 1680/3955/29
f 1676/3955/30 1680/3955/30 1679/3955/30
f 1686/3955/29 1690/3955/29 1688/3955/29
f 1684/3955/30 1688/3955/30 1687/3955/30
f 1693/3955/27 1694/3955/27 1692/3955/27
f 1697/3955/29 2049/3955/29 2048/3955/29
f 1693/3955/31 2043/3955/31 2046/3955/31
f 1692/3955/29 2045/3955/29 2044/3955/29
f 1694/3955/32 2046/3955/32 2045/3955/32
f 1691/3955/30 2044/3955/30 2043/3955/30
f 1711/3955/31 1723/3955/31 1724/3955/31
f 1713/3955/31 1725/3955/31 1723/3955/31
f 1713/3955/31 1714/3955/31 1726/3955/31
f 1715/3955/31 1727/3955/31 1726/3955/31
f 1716/3955/31 1728/3955/31 1727/3955/31
f 1716/3955/31 1717/3955/31 1729/3955/31
f 1718/3955/31 1730/3955/31 1729/3955/31
f 1719/3955/31 1731/3955/31 1730/3955/31
f 1719/3955/31 1720/3955/31 1732/3955/31
f 1721/3955/31 1733/3955/31 1732/3955/31
f 1721/3955/31 1722/3955/31 1734/3955/31
f 1712/3955/31 1724/3955/31 1734/3955/31
f 1749/3955/29 1785/3955/29 1783/3955/29
f 1747/3955/29 1748/3955/29 1783/3955/29
f 1758/3955/29 1747/3955/29 1784/3955/29
f 1758/3955/29 1794/3955/29 1793/3955/29
f 1756/3955/29 1757/3955/29 1793/3955/29
f 1756/3955/29 1792/3955/29 1791/3955/29
f 1755/3955/29 1791/3955/29 1790/3955/29
f 1753/3955/29 1754/3955/29 1790/3955/29
f 1753/3955/29 1789/3955/29 1788/3955/29
f 1752/3955/29 1788/3955/29 1787/3955/29
f 1750/3955/29 1751/3955/29 1787/3955/29
f 1750/3955/29 1786/3955/29 1785/3955/29
f 1833/3955/29 1831/3955/29 1832/3955/29
f 1832/3955/29 1842/3955/29 1833/3955/29
f 1842/3955/29 1841/3955/29 1833/3955/29
f 1841/3955/29 1840/3955/29 1839/3955/29
f 1839/3955/29 1838/3955/29 1837/3955/29
f 1837/3955/29 1836/3955/29 1835/3955/29
f 1835/3955/29 1834/3955/29 1837/3955/29
f 1834/3955/29 1833/3955/29 1837/3955/29
f 1841/3955/29 1839/3955/29 1833/3955/29
f 1809/3955/31 1807/3955/31 1808/3955/31
f 1808/3955/31 1818/3955/31 1817/3955/31
f 1817/3955/31 1816/3955/31 1813/3955/31
f 1816/3955/31 1815/3955/31 1813/3955/31
f 1815/3955/31 1814/3955/31 1813/3955/31
f 1813/3955/31 1812/3955/31 1811/3955/31
f 1811/3955/31 1810/3955/31 1813/3955/31
f 1810/3955/31 1809/3955/31 1813/3955/31
f 1809/3955/31 1808/3955/31 1813/3955/31
f 1850/3955/32 1848/3955/32 1844/3955/32
f 1847/3955/30 1849/3955/30 1845/3955/30
f 1849/3955/31 1850/3955/31 1846/3955/31
f 1848/3955/29 1847/3955/29 1843/3955/29
f 1847/3955/28 1848/3955/28 1850/3955/28
f 1858/3955/32 1856/3955/32 1852/3955/32
f 1855/3955/30 1857/3955/30 1853/3955/30
f 1857/3955/31 1858/3955/31 1854/3955/31
f 1856/3955/29 1855/3955/29 1851/3955/29
f 1855/3955/28 1856/3955/28 1858/3955/28
f 1935/3955/28 1936/3955/28 1933/3955/28
f 1931/3955/31 1933/3955/31 1936/3955/31
f 1930/3955/29 1935/3955/29 1934/3955/29
f 1932/3955/32 1936/3955/32 1935/3955/32
f 1929/3955/30 1934/3955/30 1933/3955/30
f 1695/3955/28 2043/3955/28 2044/3955/28
f 1696/3955/28 2044/3955/28 2045/3955/28
f 1697/3955/28 2045/3955/28 2046/3955/28
f 1698/3955/28 2046/3955/28 2043/3955/28
f 2049/3955/28 2050/3955/28 2047/3955/28
f 1698/3955/32 2050/3955/32 2049/3955/32
f 1696/3955/30 2048/3955/30 2047/3955/30
f 1695/3955/31 2047/3955/31 2050/3955/31
f 2051/3955/27 2052/3955/27 2053/3955/27
f 2055/3955/27 2057/3955/27 2058/3955/27
f 2062/3955/28 2061/3955/28 2059/3955/28
f 2055/3955/29 2059/3955/29 2061/3955/29
f 2057/3955/30 2061/3955/30 2062/3955/30
f 2058/3955/31 2062/3955/31 2060/3955/31
f 2056/3955/32 2060/3955/32 2059/3955/32
f 2063/3955/27 2065/3955/27 2066/3955/27
f 2070/3955/28 2069/3955/28 2067/3955/28
f 2063/3955/29 2067/3955/29 2069/3955/29
f 2065/3955/30 2069/3955/30 2070/3955/30
f 2066/3955/31 2070/3955/31 2068/3955/31
f 2064/3955/32 2068/3955/32 2067/3955/32
f 2071/3955/27 2073/3955/27 2074/3955/27
f 2078/3955/28 2077/3955/28 2075/3955/28
f 2071/3955/29 2075/3955/29 2077/3955/29
f 2073/3955/30 2077/3955/30 2078/3955/30
f 2074/3955/31 2078/3955/31 2076/3955/31
f 2072/3955/32 2076/3955/32 2075/3955/32
f 2079/3955/27 2081/3955/27 2082/3955/27
f 2086/3955/28 2085/3955/28 2083/3955/28
f 2079/3955/29 2083/3955/29 2085/3955/29
f 2081/3955/30 2085/3955/30 2086/3955/30
f 2082/3955/31 2086/3955/31 2084/3955/31
f 2080/3955/32 2084/3955/32 2083/3955/32
f 2089/3955/32 2090/3955/32 2054/3955/32
f 2087/3955/30 2088/3955/30 2052/3955/30
f 2090/3955/28 2089/3955/28 2088/3955/28
f 2091/3955/27 2092/3955/27 2093/3955/27
f 2097/3955/30 2098/3955/30 2094/3955/30
f 2095/3955/32 2096/3955/32 2092/3955/32
f 2098/3955/28 2097/3955/28 2096/3955/28
f 2099/3955/27 2100/3955/27 2101/3955/27
f 2105/3955/31 2106/3955/31 2102/3955/31
f 2103/3955/29 2104/3955/29 2100/3955/29
f 2106/3955/28 2105/3955/28 2104/3955/28
f 2107/3955/27 2108/3955/27 2109/3955/27
f 2113/3955/29 2114/3955/29 2110/3955/29
f 2111/3955/31 2112/3955/31 2108/3955/31
f 2114/3955/28 2113/3955/28 2112/3955/28
f 2116/3955/31 2118/3955/31 2117/3955/31
f 2117/3955/32 2121/3955/32 2119/3955/32
f 2116/3955/30 2120/3955/30 2122/3955/30
f 2119/3955/29 2121/3955/29 2122/3955/29
f 2123/3955/27 2125/3955/27 2126/3955/27
f 2130/3955/28 2129/3955/28 2127/3955/28
f 2123/3955/29 2127/3955/29 2129/3955/29
f 2125/3955/30 2129/3955/30 2130/3955/30
f 2126/3955/31 2130/3955/31 2128/3955/31
f 2124/3955/32 2128/3955/32 2127/3955/32
f 2131/3955/27 2133/3955/27 2134/3955/27
f 2138/3955/28 2137/3955/28 2135/3955/28
f 2131/3955/29 2135/3955/29 2137/3955/29
f 2133/3955/30 2137/3955/30 2138/3955/30
f 2134/3955/31 2138/3955/31 2136/3955/31
f 2132/3955/32 2136/3955/32 2135/3955/32
f 2139/3955/27 2141/3955/27 2142/3955/27
f 2146/3955/28 2145/3955/28 2143/3955/28
f 2139/3955/29 2143/3955/29 2145/3955/29
f 2141/3955/30 2145/3955/30 2146/3955/30
f 2142/3955/31 2146/3955/31 2144/3955/31
f 2140/3955/32 2144/3955/32 2143/3955/32
f 2147/3955/27 2149/3955/27 2150/3955/27
f 2154/3955/28 2153/3955/28 2151/3955/28
f 2147/3955/29 2151/3955/29 2153/3955/29
f 2149/3955/30 2153/3955/30 2154/3955/30
f 2150/3955/31 2154/3955/31 2152/3955/31
f 2148/3955/32 2152/3955/32 2151/3955/32
f 2156/3955/31 2158/3955/31 2157/3955/31
f 2157/3955/32 2161/3955/32 2159/3955/32
f 2156/3955/30 2160/3955/30 2162/3955/30
f 2159/3955/29 2161/3955/29 2162/3955/29
f 2164/3955/31 2166/3955/31 2165/3955/31
f 2165/3955/32 2169/3955/32 2167/3955/32
f 2164/3955/30 2168/3955/30 2170/3955/30
f 2167/3955/29 2169/3955/29 2170/3955/29
f 2172/3955/31 2174/3955/31 2173/3955/31
f 2173/3955/32 2177/3955/32 2175/3955/32
f 2172/3955/30 2176/3955/30 2178/3955/30
f 2175/3955/29 2177/3955/29 2178/3955/29
f 2179/3955/27 2180/3955/27 2181/3955/27
f 2185/3955/32 2186/3955/32 2182/3955/32
f 2183/3955/30 2184/3955/30 2180/3955/30
f 2186/3955/28 2185/3955/28 2184/3955/28
f 2187/3955/27 2188/3955/27 2189/3955/27
f 2193/3955/30 2194/3955/30 2190/3955/30
f 2191/3955/32 2192/3955/32 2188/3955/32
f 2194/3955/28 2193/3955/28 2192/3955/28
f 2195/3955/27 2196/3955/27 2197/3955/27
f 2201/3955/31 2202/3955/31 2198/3955/31
f 2199/3955/29 2200/3955/29 2196/3955/29
f 2202/3955/28 2201/3955/28 2200/3955/28
f 2203/3955/27 2204/3955/27 2205/3955/27
f 2209/3955/29 2210/3955/29 2206/3955/29
f 2207/3955/31 2208/3955/31 2204/3955/31
f 2210/3955/28 2209/3955/28 2208/3955/28
f 2213/3955/27 2214/3955/27 2212/3955/27
f 2217/3955/28 2218/3955/28 2215/3955/28
f 2211/3955/30 2216/3955/30 2215/3955/30
f 2213/3955/31 2215/3955/31 2218/3955/31
f 2212/3955/29 2217/3955/29 2216/3955/29
f 2214/3955/32 2218/3955/32 2217/3955/32
f 2221/3955/27 2222/3955/27 2220/3955/27
f 2225/3955/28 2226/3955/28 2223/3955/28
f 2219/3955/30 2224/3955/30 2223/3955/30
f 2221/3955/31 2223/3955/31 2226/3955/31
f 2220/3955/29 2225/3955/29 2224/3955/29
f 2222/3955/32 2226/3955/32 2225/3955/32
f 2229/3955/27 2230/3955/27 2228/3955/27
f 2233/3955/28 2234/3955/28 2231/3955/28
f 2227/3955/30 2232/3955/30 2231/3955/30
f 2229/3955/31 2231/3955/31 2234/3955/31
f 2228/3955/29 2233/3955/29 2232/3955/29
f 2230/3955/32 2234/3955/32 2233/3955/32
f 2237/3955/27 2238/3955/27 2236/3955/27
f 2303/3955/28 2304/3955/28 2305/3955/28
f 2305/3955/28 2306/3955/28 2307/3955/28
f 2307/3955/28 2308/3955/28 2309/3955/28
f 2309/3955/28 2310/3955/28 2307/3955/28
f 2310/3955/28 2311/3955/28 2307/3955/28
f 2311/3955/28 2312/3955/28 2313/3955/28
f 2313/3955/28 2314/3955/28 2303/3955/28
f 2303/3955/28 2305/3955/28 2307/3955/28
f 2311/3955/28 2313/3955/28 2307/3955/28
f 2238/3955/32 2242/3955/32 2241/3955/32
f 2235/3955/30 2240/3955/30 2239/3955/30
f 2237/3955/31 2239/3955/31 2242/3955/31
f 2236/3955/29 2241/3955/29 2240/3955/29
f 2245/3955/27 2244/3955/27 2243/3955/27
f 2243/3955/27 2254/3955/27 2245/3955/27
f 2254/3955/27 2253/3955/27 2245/3955/27
f 2253/3955/27 2252/3955/27 2251/3955/27
f 2251/3955/27 2250/3955/27 2249/3955/27
f 2249/3955/27 2248/3955/27 2247/3955/27
f 2247/3955/27 2246/3955/27 2249/3955/27
f 2246/3955/27 2245/3955/27 2249/3955/27
f 2253/3955/27 2251/3955/27 2245/3955/27
f 2256/3955/28 2255/3955/28 2257/3955/28
f 2257/3955/28 2258/3955/28 2256/3955/28
f 2258/3955/28 2259/3955/28 2256/3955/28
f 2259/3955/28 2260/3955/28 2261/3955/28
f 2261/3955/28 2262/3955/28 2263/3955/28
f 2263/3955/28 2264/3955/28 2265/3955/28
f 2265/3955/28 2266/3955/28 2263/3955/28
f 2266/3955/28 2256/3955/28 2263/3955/28
f 2259/3955/28 2261/3955/28 2263/3955/28
f 2267/3955/28 2285/3955/28 2287/3955/28
f 2268/3955/28 2286/3955/28 2285/3955/28
f 2302/3955/27 2300/3955/27 2271/3955/27
f 2300/3955/27 2301/3955/27 2270/3955/27
f 2269/3955/39 2287/3955/39 2302/3955/39
f 2301/3955/40 2286/3955/40 2268/3955/40
f 2273/3955/28 2274/3955/28 2275/3955/28
f 2275/3955/28 2276/3955/28 2277/3955/28
f 2277/3955/28 2278/3955/28 2279/3955/28
f 2279/3955/28 2280/3955/28 2277/3955/28
f 2280/3955/28 2281/3955/28 2277/3955/28
f 2281/3955/28 2282/3955/28 2283/3955/28
f 2283/3955/28 2284/3955/28 2273/3955/28
f 2273/3955/28 2275/3955/28 2277/3955/28
f 2281/3955/28 2283/3955/28 2277/3955/28
f 2290/3955/27 2289/3955/27 2298/3955/27
f 2289/3955/27 2288/3955/27 2298/3955/27
f 2288/3955/27 2299/3955/27 2298/3955/27
f 2298/3955/27 2297/3955/27 2296/3955/27
f 2296/3955/27 2295/3955/27 2294/3955/27
f 2294/3955/27 2293/3955/27 2292/3955/27
f 2292/3955/27 2291/3955/27 2290/3955/27
f 2298/3955/27 2296/3955/27 2294/3955/27
f 2294/3955/27 2292/3955/27 2298/3955/27
f 2317/3955/27 2315/3955/27 2325/3955/27
f 2315/3955/27 2316/3955/27 2325/3955/27
f 2316/3955/27 2326/3955/27 2325/3955/27
f 2325/3955/27 2324/3955/27 2323/3955/27
f 2323/3955/27 2322/3955/27 2321/3955/27
f 2321/3955/27 2320/3955/27 2319/3955/27
f 2319/3955/27 2318/3955/27 2317/3955/27
f 2325/3955/27 2323/3955/27 2321/3955/27
f 2321/3955/27 2319/3955/27 2325/3955/27
f 2459/3955/28 2460/3955/28 2461/3955/28
f 2461/3955/28 2462/3955/28 2463/3955/28
f 2463/3955/28 2464/3955/28 2465/3955/28
f 2465/3955/28 2466/3955/28 2463/3955/28
f 2466/3955/28 2467/3955/28 2463/3955/28
f 2467/3955/28 2468/3955/28 2469/3955/28
f 2469/3955/28 2470/3955/28 2459/3955/28
f 2459/3955/28 2461/3955/28 2463/3955/28
f 2467/3955/28 2469/3955/28 2463/3955/28
f 2401/3955/27 2400/3955/27 2399/3955/27
f 2399/3955/27 2410/3955/27 2401/3955/27
f 2410/3955/27 2409/3955/27 2401/3955/27
f 2409/3955/27 2408/3955/27 2407/3955/27
f 2407/3955/27 2406/3955/27 2405/3955/27
f 2405/3955/27 2404/3955/27 2403/3955/27
f 2403/3955/27 2402/3955/27 2405/3955/27
f 2402/3955/27 2401/3955/27 2405/3955/27
f 2409/3955/27 2407/3955/27 2401/3955/27
f 2412/3955/28 2411/3955/28 2413/3955/28
f 2413/3955/28 2414/3955/28 2412/3955/28
f 2414/3955/28 2415/3955/28 2412/3955/28
f 2415/3955/28 2416/3955/28 2417/3955/28
f 2417/3955/28 2418/3955/28 2419/3955/28
f 2419/3955/28 2420/3955/28 2421/3955/28
f 2421/3955/28 2422/3955/28 2419/3955/28
f 2422/3955/28 2412/3955/28 2419/3955/28
f 2415/3955/28 2417/3955/28 2419/3955/28
f 2423/3955/28 2441/3955/28 2443/3955/28
f 2424/3955/28 2442/3955/28 2441/3955/28
f 2458/3955/27 2456/3955/27 2427/3955/27
f 2456/3955/27 2457/3955/27 2426/3955/27
f 2425/3955/39 2443/3955/39 2458/3955/39
f 2457/3955/40 2442/3955/40 2424/3955/40
f 2429/3955/28 2430/3955/28 2431/3955/28
f 2431/3955/28 2432/3955/28 2433/3955/28
f 2433/3955/28 2434/3955/28 2435/3955/28
f 2435/3955/28 2436/3955/28 2433/3955/28
f 2436/3955/28 2437/3955/28 2433/3955/28
f 2437/3955/28 2438/3955/28 2439/3955/28
f 2439/3955/28 2440/3955/28 2429/3955/28
f 2429/3955/28 2431/3955/28 2433/3955/28
f 2437/3955/28 2439/3955/28 2433/3955/28
f 2446/3955/27 2445/3955/27 2454/3955/27
f 2445/3955/27 2444/3955/27 2454/3955/27
f 2444/3955/27 2455/3955/27 2454/3955/27
f 2454/3955/27 2453/3955/27 2452/3955/27
f 2452/3955/27 2451/3955/27 2450/3955/27
f 2450/3955/27 2449/3955/27 2448/3955/27
f 2448/3955/27 2447/3955/27 2446/3955/27
f 2454/3955/27 2452/3955/27 2450/3955/27
f 2450/3955/27 2448/3955/27 2454/3955/27
f 2473/3955/27 2471/3955/27 2481/3955/27
f 2471/3955/27 2472/3955/27 2481/3955/27
f 2472/3955/27 2482/3955/27 2481/3955/27
f 2481/3955/27 2480/3955/27 2479/3955/27
f 2479/3955/27 2478/3955/27 2477/3955/27
f 2477/3955/27 2476/3955/27 2475/3955/27
f 2475/3955/27 2474/3955/27 2473/3955/27
f 2481/3955/27 2479/3955/27 2477/3955/27
f 2477/3955/27 2475/3955/27 2481/3955/27
f 2615/3955/28 2616/3955/28 2617/3955/28
f 2617/3955/28 2618/3955/28 2619/3955/28
f 2619/3955/28 2620/3955/28 2621/3955/28
f 2621/3955/28 2622/3955/28 2619/3955/28
f 2622/3955/28 2623/3955/28 2619/3955/28
f 2623/3955/28 2624/3955/28 2625/3955/28
f 2625/3955/28 2626/3955/28 2615/3955/28
f 2615/3955/28 2617/3955/28 2619/3955/28
f 2623/3955/28 2625/3955/28 2619/3955/28
f 2557/3955/27 2556/3955/27 2555/3955/27
f 2555/3955/27 2566/3955/27 2557/3955/27
f 2566/3955/27 2565/3955/27 2557/3955/27
f 2565/3955/27 2564/3955/27 2563/3955/27
f 2563/3955/27 2562/3955/27 2561/3955/27
f 2561/3955/27 2560/3955/27 2559/3955/27
f 2559/3955/27 2558/3955/27 2561/3955/27
f 2558/3955/27 2557/3955/27 2561/3955/27
f 2565/3955/27 2563/3955/27 2557/3955/27
f 2568/3955/28 2567/3955/28 2569/3955/28
f 2569/3955/28 2570/3955/28 2568/3955/28
f 2570/3955/28 2571/3955/28 2568/3955/28
f 2571/3955/28 2572/3955/28 2573/3955/28
f 2573/3955/28 2574/3955/28 2575/3955/28
f 2575/3955/28 2576/3955/28 2577/3955/28
f 2577/3955/28 2578/3955/28 2575/3955/28
f 2578/3955/28 2568/3955/28 2575/3955/28
f 2571/3955/28 2573/3955/28 2575/3955/28
f 2579/3955/28 2597/3955/28 2599/3955/28
f 2580/3955/28 2598/3955/28 2597/3955/28
f 2614/3955/27 2612/3955/27 2583/3955/27
f 2612/3955/27 2613/3955/27 2582/3955/27
f 2581/3955/39 2599/3955/39 2614/3955/39
f 2613/3955/40 2598/3955/40 2580/3955/40
f 2585/3955/28 2586/3955/28 2587/3955/28
f 2587/3955/28 2588/3955/28 2589/3955/28
f 2589/3955/28 2590/3955/28 2591/3955/28
f 2591/3955/28 2592/3955/28 2589/3955/28
f 2592/3955/28 2593/3955/28 2589/3955/28
f 2593/3955/28 2594/3955/28 2595/3955/28
f 2595/3955/28 2596/3955/28 2585/3955/28
f 2585/3955/28 2587/3955/28 2589/3955/28
f 2593/3955/28 2595/3955/28 2589/3955/28
f 2602/3955/27 2601/3955/27 2610/3955/27
f 2601/3955/27 2600/3955/27 2610/3955/27
f 2600/3955/27 2611/3955/27 2610/3955/27
f 2610/3955/27 2609/3955/27 2608/3955/27
f 2608/3955/27 2607/3955/27 2606/3955/27
f 2606/3955/27 2605/3955/27 2604/3955/27
f 2604/3955/27 2603/3955/27 2602/3955/27
f 2610/3955/27 2608/3955/27 2606/3955/27
f 2606/3955/27 2604/3955/27 2610/3955/27
f 2629/3955/27 2627/3955/27 2637/3955/27
f 2627/3955/27 2628/3955/27 2637/3955/27
f 2628/3955/27 2638/3955/27 2637/3955/27
f 2637/3955/27 2636/3955/27 2635/3955/27
f 2635/3955/27 2634/3955/27 2633/3955/27
f 2633/3955/27 2632/3955/27 2631/3955/27
f 2631/3955/27 2630/3955/27 2629/3955/27
f 2637/3955/27 2635/3955/27 2633/3955/27
f 2633/3955/27 2631/3955/27 2637/3955/27
f 2771/3955/28 2772/3955/28 2773/3955/28
f 2773/3955/28 2774/3955/28 2775/3955/28
f 2775/3955/28 2776/3955/28 2777/3955/28
f 2777/3955/28 2778/3955/28 2775/3955/28
f 2778/3955/28 2779/3955/28 2775/3955/28
f 2779/3955/28 2780/3955/28 2781/3955/28
f 2781/3955/28 2782/3955/28 2771/3955/28
f 2771/3955/28 2773/3955/28 2775/3955/28
f 2779/3955/28 2781/3955/28 2775/3955/28
f 2713/3955/27 2712/3955/27 2711/3955/27
f 2711/3955/27 2722/3955/27 2713/3955/27
f 2722/3955/27 2721/3955/27 2713/3955/27
f 2721/3955/27 2720/3955/27 2719/3955/27
f 2719/3955/27 2718/3955/27 2717/3955/27
f 2717/3955/27 2716/3955/27 2715/3955/27
f 2715/3955/27 2714/3955/27 2717/3955/27
f 2714/3955/27 2713/3955/27 2717/3955/27
f 2721/3955/27 2719/3955/27 2713/3955/27
f 2724/3955/28 2723/3955/28 2725/3955/28
f 2725/3955/28 2726/3955/28 2724/3955/28
f 2726/3955/28 2727/3955/28 2724/3955/28
f 2727/3955/28 2728/3955/28 2729/3955/28
f 2729/3955/28 2730/3955/28 2731/3955/28
f 2731/3955/28 2732/3955/28 2733/3955/28
f 2733/3955/28 2734/3955/28 2731/3955/28
f 2734/3955/28 2724/3955/28 2731/3955/28
f 2727/3955/28 2729/3955/28 2731/3955/28
f 2735/3955/28 2753/3955/28 2755/3955/28
f 2736/3955/28 2754/3955/28 2753/3955/28
f 2770/3955/27 2768/3955/27 2739/3955/27
f 2768/3955/27 2769/3955/27 2738/3955/27
f 2737/3955/39 2755/3955/39 2770/3955/39
f 2769/3955/40 2754/3955/40 2736/3955/40
f 2741/3955/28 2742/3955/28 2743/3955/28
f 2743/3955/28 2744/3955/28 2745/3955/28
f 2745/3955/28 2746/3955/28 2747/3955/28
f 2747/3955/28 2748/3955/28 2745/3955/28
f 2748/3955/28 2749/3955/28 2745/3955/28
f 2749/3955/28 2750/3955/28 2751/3955/28
f 2751/3955/28 2752/3955/28 2741/3955/28
f 2741/3955/28 2743/3955/28 2745/3955/28
f 2749/3955/28 2751/3955/28 2745/3955/28
f 2758/3955/27 2757/3955/27 2766/3955/27
f 2757/3955/27 2756/3955/27 2766/3955/27
f 2756/3955/27 2767/3955/27 2766/3955/27
f 2766/3955/27 2765/3955/27 2764/3955/27
f 2764/3955/27 2763/3955/27 2762/3955/27
f 2762/3955/27 2761/3955/27 2760/3955/27
f 2760/3955/27 2759/3955/27 2758/3955/27
f 2766/3955/27 2764/3955/27 2762/3955/27
f 2762/3955/27 2760/3955/27 2766/3955/27
f 2785/3955/27 2783/3955/27 2793/3955/27
f 2783/3955/27 2784/3955/27 2793/3955/27
f 2784/3955/27 2794/3955/27 2793/3955/27
f 2793/3955/27 2792/3955/27 2791/3955/27
f 2791/3955/27 2790/3955/27 2789/3955/27
f 2789/3955/27 2788/3955/27 2787/3955/27
f 2787/3955/27 2786/3955/27 2785/3955/27
f 2793/3955/27 2791/3955/27 2789/3955/27
f 2789/3955/27 2787/3955/27 2793/3955/27
f 2965/3955/27 2966/3955/27 2964/3955/27
f 2969/3955/28 2970/3955/28 2967/3955/28
f 2963/3955/30 2968/3955/30 2967/3955/30
f 2965/3955/31 2967/3955/31 2970/3955/31
f 2964/3955/29 2969/3955/29 2968/3955/29
f 2966/3955/32 2970/3955/32 2969/3955/32
f 2973/3955/27 2974/3955/27 2972/3955/27
f 2977/3955/28 2978/3955/28 2975/3955/28
f 2974/3955/32 2978/3955/32 2977/3955/32
f 2971/3955/30 2976/3955/30 2975/3955/30
f 2973/3955/31 2975/3955/31 2978/3955/31
f 2972/3955/29 2977/3955/29 2976/3955/29
f 2981/3955/27 2980/3955/27 2979/3955/27
f 2979/3955/27 2994/3955/27 2981/3955/27
f 2994/3955/27 2993/3955/27 2981/3955/27
f 2993/3955/27 2992/3955/27 2991/3955/27
f 2991/3955/27 2990/3955/27 2989/3955/27
f 2989/3955/27 2988/3955/27 2985/3955/27
f 2988/3955/27 2987/3955/27 2985/3955/27
f 2987/3955/27 2986/3955/27 2985/3955/27
f 2985/3955/27 2984/3955/27 2983/3955/27
f 2983/3955/27 2982/3955/27 2981/3955/27
f 2993/3955/27 2991/3955/27 2981/3955/27
f 2991/3955/27 2989/3955/27 2981/3955/27
f 2985/3955/27 2983/3955/27 2981/3955/27
f 2996/3955/28 2995/3955/28 2997/3955/28
f 2997/3955/28 2998/3955/28 2999/3955/28
f 2999/3955/28 3000/3955/28 3001/3955/28
f 3001/3955/28 3002/3955/28 3003/3955/28
f 3003/3955/28 3004/3955/28 3007/3955/28
f 3004/3955/28 3005/3955/28 3007/3955/28
f 3005/3955/28 3006/3955/28 3007/3955/28
f 3007/3955/28 3008/3955/28 3009/3955/28
f 3009/3955/28 3010/3955/28 3007/3955/28
f 3010/3955/28 2996/3955/28 3007/3955/28
f 2996/3955/28 2997/3955/28 2999/3955/28
f 2999/3955/28 3001/3955/28 2996/3955/28
f 3001/3955/28 3003/3955/28 2996/3955/28
f 3013/3955/27 3015/3955/27 3014/3955/27
f 3015/3955/27 3016/3955/27 3014/3955/27
f 3014/3955/27 3012/3955/27 3011/3955/27
f 3017/3955/28 3018/3955/28 3020/3955/28
f 3018/3955/28 3019/3955/28 3020/3955/28
f 3020/3955/28 3021/3955/28 3022/3955/28
f 3015/3955/32 3022/3955/32 3021/3955/32
f 3012/3955/29 3019/3955/29 3018/3955/29
f 3014/3955/32 3020/3955/32 3019/3955/32
f 3011/3955/30 3018/3955/30 3017/3955/30
f 3016/3955/29 3021/3955/29 3020/3955/29
f 3013/3955/31 3017/3955/31 3022/3955/31
s 1
f 370/3955/41 378/3955/32 371/3955/32
f 350/3955/42 365/3955/35 349/3955/35
f 360/3955/31 383/3955/43 359/3955/43
f 351/3955/29 366/3955/42 350/3955/42
f 355/3955/32 388/3955/41 354/3955/41
f 344/3955/43 392/3955/31 343/3955/31
f 352/3955/44 367/3955/29 351/3955/29
f 357/3955/33 386/3955/45 356/3955/45
f 356/3955/45 387/3955/32 355/3955/32
f 358/3955/46 385/3955/33 357/3955/33
f 343/3955/31 384/3955/46 358/3955/46
f 347/3955/30 362/3955/47 346/3955/47
f 354/3955/41 389/3955/48 353/3955/34
f 348/3955/49 363/3955/30 347/3955/30
f 345/3955/36 391/3955/43 344/3955/43
f 349/3955/35 364/3955/49 348/3955/49
f 372/3955/45 376/3955/33 373/3955/33
f 374/3955/46 382/3955/31 360/3955/31
f 369/3955/34 379/3955/41 370/3955/41
f 359/3955/43 381/3955/50 361/3955/36
f 371/3955/32 377/3955/45 372/3955/45
f 373/3955/33 375/3955/46 374/3955/46
f 482/3955/51 499/3955/52 498/3955/51
f 471/3955/33 486/3955/45 470/3955/45
f 464/3955/42 479/3955/35 463/3955/35
f 472/3955/46 487/3955/33 471/3955/33
f 465/3955/29 480/3955/42 464/3955/42
f 458/3955/43 474/3955/31 457/3955/31
f 457/3955/31 488/3955/46 472/3955/46
f 466/3955/44 481/3955/29 465/3955/29
f 459/3955/36 473/3955/43 458/3955/43
f 467/3955/34 482/3955/44 466/3955/44
f 460/3955/47 475/3955/36 459/3955/36
f 468/3955/41 483/3955/34 467/3955/34
f 461/3955/30 476/3955/47 460/3955/47
f 469/3955/32 484/3955/41 468/3955/41
f 462/3955/49 477/3955/30 461/3955/30
f 470/3955/45 485/3955/32 469/3955/32
f 463/3955/35 478/3955/49 462/3955/49
f 475/3955/53 492/3955/54 491/3955/53
f 484/3955/55 499/3955/52 483/3955/52
f 477/3955/56 492/3955/54 476/3955/54
f 485/3955/57 500/3955/55 484/3955/55
f 478/3955/58 493/3955/56 477/3955/56
f 486/3955/59 501/3955/57 485/3955/57
f 479/3955/60 494/3955/58 478/3955/58
f 486/3955/59 503/3955/61 502/3955/59
f 480/3955/62 495/3955/60 479/3955/60
f 488/3955/63 503/3955/61 487/3955/61
f 480/3955/62 497/3955/38 496/3955/62
f 473/3955/64 490/3955/37 474/3955/37
f 488/3955/63 490/3955/37 504/3955/63
f 481/3955/38 498/3955/51 497/3955/38
f 475/3955/53 489/3955/64 473/3955/64
f 538/3955/34 545/3955/65 537/3955/29
f 536/3955/35 543/3955/66 535/3955/30
f 534/3955/36 541/3955/67 533/3955/31
f 533/3955/31 548/3955/68 540/3955/33
f 539/3955/32 546/3955/69 538/3955/34
f 537/3955/29 544/3955/70 536/3955/35
f 535/3955/30 542/3955/71 534/3955/36
f 540/3955/33 547/3955/72 539/3955/32
f 548/3955/68 549/3955/73 556/3955/74
f 546/3955/69 555/3955/75 554/3955/76
f 545/3955/65 552/3955/77 544/3955/70
f 543/3955/66 550/3955/78 542/3955/71
f 547/3955/72 556/3955/74 555/3955/75
f 545/3955/65 554/3955/76 553/3955/79
f 544/3955/70 551/3955/80 543/3955/66
f 542/3955/71 549/3955/73 541/3955/67
f 552/3955/77 559/3955/30 551/3955/80
f 550/3955/78 557/3955/31 549/3955/73
f 549/3955/73 564/3955/33 556/3955/74
f 555/3955/75 562/3955/34 554/3955/76
f 553/3955/79 560/3955/35 552/3955/77
f 551/3955/80 558/3955/36 550/3955/78
f 556/3955/74 563/3955/32 555/3955/75
f 554/3955/76 561/3955/29 553/3955/79
f 586/3955/30 578/3955/49 577/3955/30
f 582/3955/44 567/3955/34 566/3955/44
f 584/3955/81 576/3955/47 575/3955/36
f 589/3955/42 565/3955/29 580/3955/42
f 587/3955/49 579/3955/35 578/3955/49
f 581/3955/29 566/3955/44 565/3955/29
f 585/3955/47 577/3955/30 576/3955/47
f 588/3955/35 580/3955/42 579/3955/35
f 603/3955/49 611/3955/30 602/3955/30
f 592/3955/34 607/3955/44 591/3955/44
f 601/3955/47 609/3955/81 600/3955/36
f 590/3955/29 614/3955/42 605/3955/42
f 604/3955/35 612/3955/49 603/3955/49
f 591/3955/44 606/3955/29 590/3955/29
f 602/3955/30 610/3955/47 601/3955/47
f 605/3955/42 613/3955/35 604/3955/35
f 362/3955/47 381/3955/50 390/3955/50
f 608/3955/82 593/3955/41 568/3955/41
f 593/3955/41 569/3955/32 568/3955/41
f 594/3955/32 570/3955/45 569/3955/32
f 595/3955/45 571/3955/33 570/3955/45
f 596/3955/33 572/3955/46 571/3955/33
f 597/3955/46 573/3955/31 572/3955/46
f 598/3955/31 574/3955/43 573/3955/31
f 599/3955/43 609/3955/81 584/3955/81
f 352/3955/44 380/3955/48 368/3955/44
f 642/3955/41 650/3955/32 643/3955/32
f 622/3955/42 637/3955/35 621/3955/35
f 632/3955/31 655/3955/43 631/3955/43
f 623/3955/29 638/3955/42 622/3955/42
f 627/3955/32 660/3955/41 626/3955/41
f 616/3955/43 664/3955/31 615/3955/31
f 624/3955/44 639/3955/29 623/3955/29
f 629/3955/33 658/3955/45 628/3955/45
f 628/3955/45 659/3955/32 627/3955/32
f 630/3955/46 657/3955/33 629/3955/33
f 615/3955/31 656/3955/46 630/3955/46
f 619/3955/30 634/3955/47 618/3955/47
f 626/3955/41 661/3955/48 625/3955/34
f 620/3955/49 635/3955/30 619/3955/30
f 617/3955/36 663/3955/43 616/3955/43
f 621/3955/35 636/3955/49 620/3955/49
f 644/3955/45 648/3955/33 645/3955/33
f 646/3955/46 654/3955/31 632/3955/31
f 641/3955/34 651/3955/41 642/3955/41
f 631/3955/43 653/3955/50 633/3955/36
f 643/3955/32 649/3955/45 644/3955/45
f 645/3955/33 647/3955/46 646/3955/46
f 686/3955/30 678/3955/49 677/3955/30
f 682/3955/44 667/3955/34 666/3955/44
f 684/3955/81 676/3955/47 675/3955/36
f 689/3955/42 665/3955/29 680/3955/42
f 687/3955/49 679/3955/35 678/3955/49
f 681/3955/29 666/3955/44 665/3955/29
f 685/3955/47 677/3955/30 676/3955/47
f 688/3955/35 680/3955/42 679/3955/35
f 703/3955/49 711/3955/30 702/3955/30
f 692/3955/34 707/3955/44 691/3955/44
f 701/3955/47 709/3955/81 700/3955/36
f 690/3955/29 714/3955/42 705/3955/42
f 704/3955/35 712/3955/49 703/3955/49
f 691/3955/44 706/3955/29 690/3955/29
f 702/3955/30 710/3955/47 701/3955/47
f 705/3955/42 713/3955/35 704/3955/35
f 634/3955/47 653/3955/50 662/3955/50
f 708/3955/82 693/3955/41 668/3955/41
f 693/3955/41 669/3955/32 668/3955/41
f 694/3955/32 670/3955/45 669/3955/32
f 695/3955/45 671/3955/33 670/3955/45
f 696/3955/33 672/3955/46 671/3955/33
f 697/3955/46 673/3955/31 672/3955/46
f 698/3955/31 674/3955/43 673/3955/31
f 699/3955/43 709/3955/81 684/3955/81
f 624/3955/44 652/3955/48 640/3955/44
f 742/3955/41 750/3955/32 743/3955/32
f 722/3955/42 737/3955/35 721/3955/35
f 732/3955/31 755/3955/43 731/3955/43
f 723/3955/29 738/3955/42 722/3955/42
f 727/3955/32 760/3955/41 726/3955/41
f 716/3955/43 764/3955/31 715/3955/31
f 724/3955/44 739/3955/29 723/3955/29
f 729/3955/33 758/3955/45 728/3955/45
f 728/3955/45 759/3955/32 727/3955/32
f 730/3955/46 757/3955/33 729/3955/33
f 715/3955/31 756/3955/46 730/3955/46
f 719/3955/30 734/3955/47 718/3955/47
f 726/3955/41 761/3955/48 725/3955/34
f 720/3955/49 735/3955/30 719/3955/30
f 717/3955/36 763/3955/43 716/3955/43
f 721/3955/35 736/3955/49 720/3955/49
f 744/3955/45 748/3955/33 745/3955/33
f 746/3955/46 754/3955/31 732/3955/31
f 741/3955/34 751/3955/41 742/3955/41
f 731/3955/43 753/3955/50 733/3955/36
f 743/3955/32 749/3955/45 744/3955/45
f 745/3955/33 747/3955/46 746/3955/46
f 786/3955/30 778/3955/49 777/3955/30
f 782/3955/44 767/3955/34 766/3955/44
f 784/3955/81 776/3955/47 775/3955/36
f 789/3955/42 765/3955/29 780/3955/42
f 787/3955/49 779/3955/35 778/3955/49
f 781/3955/29 766/3955/44 765/3955/29
f 785/3955/47 777/3955/30 776/3955/47
f 788/3955/35 780/3955/42 779/3955/35
f 803/3955/49 811/3955/30 802/3955/30
f 792/3955/34 807/3955/44 791/3955/44
f 801/3955/47 809/3955/81 800/3955/36
f 790/3955/29 814/3955/42 805/3955/42
f 804/3955/35 812/3955/49 803/3955/49
f 791/3955/44 806/3955/29 790/3955/29
f 802/3955/30 810/3955/47 801/3955/47
f 805/3955/42 813/3955/35 804/3955/35
f 734/3955/47 753/3955/50 762/3955/50
f 808/3955/82 793/3955/41 768/3955/41
f 793/3955/41 769/3955/32 768/3955/41
f 794/3955/32 770/3955/45 769/3955/32
f 795/3955/45 771/3955/33 770/3955/45
f 796/3955/33 772/3955/46 771/3955/33
f 797/3955/46 773/3955/31 772/3955/46
f 798/3955/31 774/3955/43 773/3955/31
f 799/3955/43 809/3955/81 784/3955/81
f 724/3955/44 752/3955/48 740/3955/44
f 842/3955/41 850/3955/32 843/3955/32
f 822/3955/42 837/3955/35 821/3955/35
f 832/3955/31 855/3955/43 831/3955/43
f 823/3955/29 838/3955/42 822/3955/42
f 827/3955/32 860/3955/41 826/3955/41
f 816/3955/43 864/3955/31 815/3955/31
f 824/3955/44 839/3955/29 823/3955/29
f 829/3955/33 858/3955/45 828/3955/45
f 828/3955/45 859/3955/32 827/3955/32
f 830/3955/46 857/3955/33 829/3955/33
f 815/3955/31 856/3955/46 830/3955/46
f 819/3955/30 834/3955/47 818/3955/47
f 826/3955/41 861/3955/48 825/3955/34
f 820/3955/49 835/3955/30 819/3955/30
f 817/3955/36 863/3955/43 816/3955/43
f 821/3955/35 836/3955/49 820/3955/49
f 844/3955/45 848/3955/33 845/3955/33
f 846/3955/46 854/3955/31 832/3955/31
f 841/3955/34 851/3955/41 842/3955/41
f 831/3955/43 853/3955/50 833/3955/36
f 843/3955/32 849/3955/45 844/3955/45
f 845/3955/33 847/3955/46 846/3955/46
f 886/3955/30 878/3955/49 877/3955/30
f 882/3955/44 867/3955/34 866/3955/44
f 884/3955/81 876/3955/47 875/3955/36
f 889/3955/42 865/3955/29 880/3955/42
f 887/3955/49 879/3955/35 878/3955/49
f 881/3955/29 866/3955/44 865/3955/29
f 885/3955/47 877/3955/30 876/3955/47
f 888/3955/35 880/3955/42 879/3955/35
f 903/3955/49 911/3955/30 902/3955/30
f 892/3955/34 907/3955/44 891/3955/44
f 901/3955/47 909/3955/81 900/3955/36
f 890/3955/29 914/3955/42 905/3955/42
f 904/3955/35 912/3955/49 903/3955/49
f 891/3955/44 906/3955/29 890/3955/29
f 902/3955/30 910/3955/47 901/3955/47
f 905/3955/42 913/3955/35 904/3955/35
f 834/3955/47 853/3955/50 862/3955/50
f 908/3955/82 893/3955/41 868/3955/41
f 893/3955/41 869/3955/32 868/3955/41
f 894/3955/32 870/3955/45 869/3955/32
f 895/3955/45 871/3955/33 870/3955/45
f 896/3955/33 872/3955/46 871/3955/33
f 897/3955/46 873/3955/31 872/3955/46
f 898/3955/31 874/3955/43 873/3955/31
f 909/3955/81 884/3955/81 899/3955/43
f 824/3955/44 852/3955/48 840/3955/44
f 920/3955/34 927/3955/83 919/3955/29
f 918/3955/35 925/3955/66 917/3955/30
f 916/3955/36 923/3955/67 915/3955/31
f 915/3955/31 930/3955/68 922/3955/33
f 921/3955/32 928/3955/69 920/3955/34
f 919/3955/29 926/3955/70 918/3955/35
f 917/3955/30 924/3955/71 916/3955/36
f 922/3955/33 929/3955/72 921/3955/32
f 930/3955/68 931/3955/84 938/3955/74
f 928/3955/69 937/3955/75 936/3955/76
f 927/3955/83 934/3955/77 926/3955/70
f 925/3955/66 932/3955/78 924/3955/71
f 929/3955/72 938/3955/74 937/3955/75
f 927/3955/83 936/3955/76 935/3955/79
f 926/3955/70 933/3955/80 925/3955/66
f 924/3955/71 931/3955/84 923/3955/67
f 934/3955/77 941/3955/30 933/3955/80
f 932/3955/78 939/3955/31 931/3955/84
f 931/3955/84 946/3955/33 938/3955/74
f 937/3955/75 944/3955/34 936/3955/76
f 935/3955/79 942/3955/35 934/3955/77
f 933/3955/80 940/3955/36 932/3955/78
f 938/3955/74 945/3955/32 937/3955/75
f 936/3955/76 943/3955/29 935/3955/79
f 952/3955/34 959/3955/83 951/3955/29
f 950/3955/35 957/3955/66 949/3955/30
f 948/3955/36 955/3955/67 947/3955/31
f 947/3955/31 962/3955/68 954/3955/33
f 953/3955/32 960/3955/69 952/3955/34
f 951/3955/29 958/3955/70 950/3955/35
f 949/3955/30 956/3955/71 948/3955/36
f 954/3955/33 961/3955/72 953/3955/32
f 962/3955/68 963/3955/84 970/3955/74
f 960/3955/69 969/3955/75 968/3955/76
f 959/3955/83 966/3955/77 958/3955/70
f 957/3955/66 964/3955/78 956/3955/71
f 961/3955/72 970/3955/74 969/3955/75
f 959/3955/83 968/3955/76 967/3955/79
f 958/3955/70 965/3955/80 957/3955/66
f 956/3955/71 963/3955/84 955/3955/67
f 966/3955/77 973/3955/30 965/3955/80
f 964/3955/78 971/3955/31 963/3955/84
f 963/3955/84 978/3955/33 970/3955/74
f 969/3955/75 976/3955/34 968/3955/76
f 967/3955/79 974/3955/35 966/3955/77
f 965/3955/80 972/3955/36 964/3955/78
f 970/3955/74 977/3955/32 969/3955/75
f 968/3955/76 975/3955/29 967/3955/79
f 1015/3955/85 1020/3955/27 1014/3955/27
f 1013/3955/86 1017/3955/87 1012/3955/87
f 1016/3955/88 1021/3955/85 1015/3955/85
f 1014/3955/27 1019/3955/86 1013/3955/86
f 1012/3955/87 1018/3955/28 1011/3955/28
f 1011/3955/28 1022/3955/88 1016/3955/88
f 1079/3955/85 1084/3955/27 1078/3955/27
f 1077/3955/86 1081/3955/87 1076/3955/87
f 1080/3955/88 1085/3955/85 1079/3955/85
f 1078/3955/27 1083/3955/86 1077/3955/86
f 1076/3955/87 1082/3955/28 1075/3955/28
f 1075/3955/28 1086/3955/88 1080/3955/88
f 1137/3955/32 1130/3955/57 1129/3955/32
f 1135/3955/27 1128/3955/89 1127/3955/27
f 1133/3955/30 1126/3955/90 1125/3955/30
f 1131/3955/28 1124/3955/56 1123/3955/28
f 1138/3955/57 1123/3955/28 1130/3955/57
f 1136/3955/89 1129/3955/32 1128/3955/89
f 1134/3955/90 1127/3955/27 1126/3955/90
f 1132/3955/56 1125/3955/30 1124/3955/56
f 1153/3955/32 1146/3955/57 1145/3955/32
f 1151/3955/27 1144/3955/89 1143/3955/27
f 1149/3955/30 1142/3955/90 1141/3955/30
f 1147/3955/28 1140/3955/56 1139/3955/28
f 1154/3955/57 1139/3955/28 1146/3955/57
f 1152/3955/89 1145/3955/32 1144/3955/89
f 1150/3955/90 1143/3955/27 1142/3955/90
f 1148/3955/56 1141/3955/30 1140/3955/56
f 1177/3955/32 1170/3955/57 1169/3955/32
f 1175/3955/27 1168/3955/89 1167/3955/27
f 1173/3955/30 1166/3955/90 1165/3955/30
f 1171/3955/28 1164/3955/56 1163/3955/28
f 1178/3955/57 1163/3955/28 1170/3955/57
f 1176/3955/89 1169/3955/32 1168/3955/89
f 1174/3955/90 1167/3955/27 1166/3955/90
f 1172/3955/56 1165/3955/30 1164/3955/56
f 1193/3955/32 1186/3955/57 1185/3955/32
f 1191/3955/27 1184/3955/89 1183/3955/27
f 1189/3955/30 1182/3955/90 1181/3955/30
f 1187/3955/28 1180/3955/56 1179/3955/28
f 1194/3955/57 1179/3955/28 1186/3955/57
f 1192/3955/89 1185/3955/32 1184/3955/89
f 1190/3955/90 1183/3955/27 1182/3955/90
f 1188/3955/56 1181/3955/30 1180/3955/56
f 1206/3955/91 1213/3955/30 1205/3955/92
f 1204/3955/93 1211/3955/31 1203/3955/37
f 1203/3955/37 1218/3955/33 1210/3955/94
f 1209/3955/95 1216/3955/34 1208/3955/96
f 1207/3955/97 1214/3955/35 1206/3955/91
f 1205/3955/92 1212/3955/36 1204/3955/93
f 1210/3955/94 1217/3955/32 1209/3955/95
f 1208/3955/96 1215/3955/29 1207/3955/97
f 1222/3955/98 1229/3955/30 1221/3955/99
f 1220/3955/100 1227/3955/31 1219/3955/101
f 1219/3955/101 1234/3955/33 1226/3955/102
f 1225/3955/103 1232/3955/34 1224/3955/104
f 1223/3955/38 1230/3955/35 1222/3955/98
f 1221/3955/99 1228/3955/36 1220/3955/100
f 1226/3955/102 1233/3955/32 1225/3955/103
f 1224/3955/104 1231/3955/29 1223/3955/38
f 1245/3955/105 1241/3955/106 1242/3955/107
f 1247/3955/108 1239/3955/109 1240/3955/110
f 1209/3955/95 1246/3955/111 1245/3955/105
f 1205/3955/92 1248/3955/112 1206/3955/91
f 1208/3955/96 1247/3955/108 1246/3955/111
f 1209/3955/95 1244/3955/113 1210/3955/94
f 1205/3955/92 1250/3955/114 1249/3955/115
f 1206/3955/91 1247/3955/108 1207/3955/97
f 1249/3955/115 1239/3955/109 1248/3955/112
f 1246/3955/111 1240/3955/110 1241/3955/106
f 1245/3955/105 1243/3955/116 1244/3955/113
f 1249/3955/115 1237/3955/117 1238/3955/118
f 1220/3955/100 1251/3955/119 1221/3955/99
f 1225/3955/103 1255/3955/120 1226/3955/102
f 1221/3955/99 1252/3955/121 1222/3955/98
f 1220/3955/100 1236/3955/122 1235/3955/123
f 1226/3955/102 1236/3955/122 1219/3955/101
f 1225/3955/103 1253/3955/124 1254/3955/125
f 1255/3955/120 1261/3955/126 1262/3955/127
f 1252/3955/121 1258/3955/128 1259/3955/129
f 1236/3955/122 1256/3955/130 1235/3955/123
f 1236/3955/122 1262/3955/127 1257/3955/131
f 1254/3955/125 1260/3955/132 1261/3955/126
f 1235/3955/123 1258/3955/128 1251/3955/119
f 1222/3955/98 1252/3955/121 1223/3955/38
f 1252/3955/121 1259/3955/129 1223/3955/38
f 1203/3955/37 1250/3955/114 1204/3955/93
f 1250/3955/114 1203/3955/37 1237/3955/117
f 1210/3955/94 1244/3955/113 1203/3955/37
f 1244/3955/113 1243/3955/116 1203/3955/37
f 1223/3955/38 1253/3955/124 1224/3955/104
f 1253/3955/124 1223/3955/38 1260/3955/132
f 1242/3955/107 1260/3955/132 1243/3955/116
f 1243/3955/116 1223/3955/38 1203/3955/37
f 1259/3955/129 1203/3955/37 1223/3955/38
f 1237/3955/117 1258/3955/128 1238/3955/118
f 1238/3955/118 1256/3955/130 1239/3955/109
f 1239/3955/109 1257/3955/131 1240/3955/110
f 1240/3955/110 1262/3955/127 1241/3955/106
f 1241/3955/106 1261/3955/126 1242/3955/107
f 1266/3955/91 1273/3955/30 1265/3955/92
f 1264/3955/93 1271/3955/31 1263/3955/37
f 1263/3955/37 1278/3955/33 1270/3955/94
f 1269/3955/95 1276/3955/34 1268/3955/96
f 1267/3955/97 1274/3955/35 1266/3955/91
f 1265/3955/92 1272/3955/36 1264/3955/93
f 1270/3955/94 1277/3955/32 1269/3955/95
f 1268/3955/96 1275/3955/29 1267/3955/97
f 1282/3955/98 1289/3955/30 1281/3955/99
f 1280/3955/100 1287/3955/31 1279/3955/101
f 1279/3955/101 1294/3955/33 1286/3955/102
f 1285/3955/103 1292/3955/34 1284/3955/104
f 1283/3955/38 1290/3955/35 1282/3955/98
f 1281/3955/99 1288/3955/36 1280/3955/100
f 1286/3955/102 1293/3955/32 1285/3955/103
f 1284/3955/104 1291/3955/29 1283/3955/38
f 1305/3955/105 1301/3955/106 1302/3955/107
f 1307/3955/108 1299/3955/109 1300/3955/110
f 1268/3955/96 1305/3955/105 1269/3955/95
f 1265/3955/92 1308/3955/112 1266/3955/91
f 1267/3955/97 1306/3955/133 1268/3955/96
f 1269/3955/95 1304/3955/113 1270/3955/94
f 1265/3955/92 1310/3955/114 1309/3955/115
f 1266/3955/91 1307/3955/108 1267/3955/97
f 1309/3955/115 1299/3955/109 1308/3955/112
f 1306/3955/133 1300/3955/110 1301/3955/106
f 1305/3955/105 1303/3955/116 1304/3955/113
f 1309/3955/115 1297/3955/117 1298/3955/118
f 1280/3955/100 1311/3955/119 1281/3955/99
f 1285/3955/103 1315/3955/134 1286/3955/102
f 1281/3955/99 1312/3955/121 1282/3955/98
f 1280/3955/100 1296/3955/122 1295/3955/123
f 1286/3955/102 1296/3955/122 1279/3955/101
f 1285/3955/103 1313/3955/124 1314/3955/125
f 1315/3955/134 1321/3955/126 1322/3955/127
f 1312/3955/121 1318/3955/128 1319/3955/129
f 1296/3955/122 1316/3955/130 1295/3955/123
f 1296/3955/122 1322/3955/127 1317/3955/131
f 1314/3955/125 1320/3955/132 1321/3955/126
f 1295/3955/123 1318/3955/128 1311/3955/119
f 1282/3955/98 1312/3955/121 1283/3955/38
f 1312/3955/121 1319/3955/129 1283/3955/38
f 1263/3955/37 1310/3955/114 1264/3955/93
f 1310/3955/114 1263/3955/37 1297/3955/117
f 1270/3955/94 1304/3955/113 1263/3955/37
f 1304/3955/113 1303/3955/116 1263/3955/37
f 1283/3955/38 1313/3955/124 1284/3955/104
f 1313/3955/124 1283/3955/38 1320/3955/132
f 1302/3955/107 1320/3955/132 1303/3955/116
f 1303/3955/116 1283/3955/38 1263/3955/37
f 1319/3955/129 1263/3955/37 1283/3955/38
f 1297/3955/117 1318/3955/128 1298/3955/118
f 1298/3955/118 1316/3955/130 1299/3955/109
f 1299/3955/109 1317/3955/131 1300/3955/110
f 1300/3955/110 1322/3955/127 1301/3955/106
f 1301/3955/106 1321/3955/126 1302/3955/107
f 1326/3955/91 1333/3955/30 1325/3955/92
f 1324/3955/93 1331/3955/31 1323/3955/37
f 1323/3955/37 1338/3955/33 1330/3955/94
f 1329/3955/95 1336/3955/34 1328/3955/96
f 1327/3955/97 1334/3955/35 1326/3955/91
f 1325/3955/92 1332/3955/36 1324/3955/93
f 1330/3955/94 1337/3955/32 1329/3955/95
f 1328/3955/96 1335/3955/29 1327/3955/97
f 1342/3955/98 1349/3955/30 1341/3955/99
f 1340/3955/100 1347/3955/31 1339/3955/101
f 1339/3955/101 1354/3955/33 1346/3955/102
f 1345/3955/103 1352/3955/34 1344/3955/104
f 1343/3955/38 1350/3955/35 1342/3955/98
f 1341/3955/99 1348/3955/36 1340/3955/100
f 1346/3955/102 1353/3955/32 1345/3955/103
f 1344/3955/104 1351/3955/29 1343/3955/38
f 1365/3955/105 1361/3955/106 1362/3955/107
f 1367/3955/108 1359/3955/109 1360/3955/110
f 1328/3955/96 1365/3955/105 1329/3955/95
f 1325/3955/92 1368/3955/112 1326/3955/91
f 1328/3955/96 1367/3955/108 1366/3955/133
f 1329/3955/95 1364/3955/113 1330/3955/94
f 1325/3955/92 1370/3955/114 1369/3955/115
f 1326/3955/91 1367/3955/108 1327/3955/97
f 1369/3955/115 1359/3955/109 1368/3955/112
f 1366/3955/133 1360/3955/110 1361/3955/106
f 1365/3955/105 1363/3955/116 1364/3955/113
f 1369/3955/115 1357/3955/117 1358/3955/118
f 1340/3955/100 1371/3955/119 1341/3955/99
f 1346/3955/102 1374/3955/125 1375/3955/134
f 1341/3955/99 1372/3955/121 1342/3955/98
f 1340/3955/100 1356/3955/122 1355/3955/135
f 1346/3955/102 1356/3955/122 1339/3955/101
f 1345/3955/103 1373/3955/124 1374/3955/125
f 1375/3955/134 1381/3955/126 1382/3955/127
f 1372/3955/121 1378/3955/128 1379/3955/129
f 1356/3955/122 1376/3955/130 1355/3955/135
f 1356/3955/122 1382/3955/127 1377/3955/131
f 1373/3955/124 1381/3955/126 1374/3955/125
f 1355/3955/135 1378/3955/128 1371/3955/119
f 1342/3955/98 1372/3955/121 1343/3955/38
f 1372/3955/121 1379/3955/129 1343/3955/38
f 1323/3955/37 1370/3955/114 1324/3955/93
f 1370/3955/114 1323/3955/37 1357/3955/117
f 1330/3955/94 1364/3955/113 1323/3955/37
f 1364/3955/113 1363/3955/116 1323/3955/37
f 1343/3955/38 1373/3955/124 1344/3955/104
f 1373/3955/124 1343/3955/38 1380/3955/132
f 1362/3955/107 1380/3955/132 1363/3955/116
f 1363/3955/116 1343/3955/38 1323/3955/37
f 1379/3955/129 1323/3955/37 1343/3955/38
f 1357/3955/117 1378/3955/128 1358/3955/118
f 1358/3955/118 1376/3955/130 1359/3955/109
f 1359/3955/109 1377/3955/131 1360/3955/110
f 1360/3955/110 1382/3955/127 1361/3955/106
f 1361/3955/106 1381/3955/126 1362/3955/107
f 1398/3955/33 1383/3955/31 1390/3955/33
f 1396/3955/34 1389/3955/32 1388/3955/34
f 1394/3955/35 1387/3955/29 1386/3955/35
f 1392/3955/36 1385/3955/30 1384/3955/36
f 1397/3955/32 1390/3955/33 1389/3955/32
f 1395/3955/29 1388/3955/34 1387/3955/29
f 1393/3955/30 1386/3955/35 1385/3955/30
f 1391/3955/31 1384/3955/36 1383/3955/31
f 1521/3955/32 1514/3955/57 1513/3955/32
f 1519/3955/27 1512/3955/89 1511/3955/27
f 1517/3955/30 1510/3955/90 1509/3955/30
f 1515/3955/28 1508/3955/56 1507/3955/28
f 1522/3955/57 1507/3955/28 1514/3955/57
f 1520/3955/89 1513/3955/32 1512/3955/89
f 1518/3955/90 1511/3955/27 1510/3955/90
f 1516/3955/56 1509/3955/30 1508/3955/56
f 1537/3955/32 1530/3955/57 1529/3955/32
f 1535/3955/27 1528/3955/89 1527/3955/27
f 1533/3955/30 1526/3955/90 1525/3955/30
f 1531/3955/28 1524/3955/56 1523/3955/28
f 1538/3955/57 1523/3955/28 1530/3955/57
f 1536/3955/89 1529/3955/32 1528/3955/89
f 1534/3955/90 1527/3955/27 1526/3955/90
f 1532/3955/56 1525/3955/30 1524/3955/56
f 1554/3955/33 1561/3955/32 1553/3955/32
f 1552/3955/34 1559/3955/29 1551/3955/29
f 1550/3955/35 1557/3955/30 1549/3955/30
f 1548/3955/36 1555/3955/31 1547/3955/31
f 1547/3955/31 1562/3955/33 1554/3955/33
f 1553/3955/32 1560/3955/34 1552/3955/34
f 1551/3955/29 1558/3955/35 1550/3955/35
f 1549/3955/30 1556/3955/36 1548/3955/36
f 1570/3955/33 1577/3955/32 1569/3955/32
f 1568/3955/34 1575/3955/29 1567/3955/29
f 1566/3955/35 1573/3955/30 1565/3955/30
f 1564/3955/36 1571/3955/31 1563/3955/31
f 1563/3955/31 1578/3955/33 1570/3955/33
f 1569/3955/32 1576/3955/34 1568/3955/34
f 1567/3955/29 1574/3955/35 1566/3955/35
f 1565/3955/30 1572/3955/36 1564/3955/36
f 1586/3955/33 1593/3955/32 1585/3955/32
f 1584/3955/34 1591/3955/29 1583/3955/29
f 1582/3955/35 1589/3955/30 1581/3955/30
f 1580/3955/36 1587/3955/31 1579/3955/31
f 1579/3955/31 1594/3955/33 1586/3955/33
f 1585/3955/32 1592/3955/34 1584/3955/34
f 1583/3955/29 1590/3955/35 1582/3955/35
f 1581/3955/30 1588/3955/36 1580/3955/36
f 1602/3955/33 1609/3955/32 1601/3955/32
f 1600/3955/34 1607/3955/29 1599/3955/29
f 1598/3955/35 1605/3955/30 1597/3955/30
f 1596/3955/36 1603/3955/31 1595/3955/31
f 1595/3955/31 1610/3955/33 1602/3955/33
f 1601/3955/32 1608/3955/34 1600/3955/34
f 1599/3955/29 1606/3955/35 1598/3955/35
f 1597/3955/30 1604/3955/36 1596/3955/36
f 1612/3955/136 1625/3955/39 1623/3955/136
f 1620/3955/32 1631/3955/137 1619/3955/137
f 1617/3955/29 1628/3955/138 1616/3955/138
f 1614/3955/30 1625/3955/39 1613/3955/39
f 1621/3955/40 1632/3955/32 1620/3955/32
f 1618/3955/139 1629/3955/29 1617/3955/29
f 1615/3955/140 1626/3955/30 1614/3955/30
f 1622/3955/141 1633/3955/40 1621/3955/40
f 1612/3955/136 1624/3955/31 1611/3955/31
f 1619/3955/137 1630/3955/139 1618/3955/139
f 1616/3955/138 1627/3955/140 1615/3955/140
f 1611/3955/31 1634/3955/141 1622/3955/141
f 1636/3955/136 1649/3955/39 1647/3955/136
f 1644/3955/32 1655/3955/137 1643/3955/137
f 1641/3955/29 1652/3955/138 1640/3955/138
f 1638/3955/30 1649/3955/39 1637/3955/39
f 1645/3955/40 1656/3955/32 1644/3955/32
f 1642/3955/139 1653/3955/29 1641/3955/29
f 1639/3955/140 1650/3955/30 1638/3955/30
f 1646/3955/141 1657/3955/40 1645/3955/40
f 1636/3955/136 1648/3955/31 1635/3955/31
f 1643/3955/137 1654/3955/139 1642/3955/139
f 1640/3955/138 1651/3955/140 1639/3955/140
f 1635/3955/31 1658/3955/141 1646/3955/141
f 1770/3955/142 1784/3955/27 1760/3955/27
f 1722/3955/142 1736/3955/27 1712/3955/27
f 1702/3955/30 1727/3955/86 1703/3955/86
f 1709/3955/88 1734/3955/143 1710/3955/143
f 1699/3955/28 1723/3955/144 1700/3955/144
f 1706/3955/145 1731/3955/85 1707/3955/85
f 1703/3955/86 1728/3955/142 1704/3955/142
f 1710/3955/143 1724/3955/28 1699/3955/28
f 1700/3955/144 1725/3955/87 1701/3955/87
f 1707/3955/85 1732/3955/32 1708/3955/32
f 1704/3955/142 1729/3955/27 1705/3955/27
f 1701/3955/87 1726/3955/30 1702/3955/30
f 1708/3955/32 1733/3955/88 1709/3955/88
f 1705/3955/27 1730/3955/145 1706/3955/145
f 1750/3955/30 1775/3955/86 1751/3955/86
f 1711/3955/145 1737/3955/85 1713/3955/85
f 1719/3955/87 1744/3955/30 1720/3955/30
f 1716/3955/143 1741/3955/28 1717/3955/28
f 1713/3955/85 1738/3955/32 1714/3955/32
f 1720/3955/30 1745/3955/86 1721/3955/86
f 1717/3955/28 1742/3955/144 1718/3955/144
f 1714/3955/32 1739/3955/88 1715/3955/88
f 1721/3955/86 1746/3955/142 1722/3955/142
f 1712/3955/27 1735/3955/145 1711/3955/145
f 1718/3955/144 1743/3955/87 1719/3955/87
f 1715/3955/88 1740/3955/143 1716/3955/143
f 1757/3955/88 1782/3955/143 1758/3955/143
f 1747/3955/28 1771/3955/144 1748/3955/144
f 1754/3955/145 1779/3955/85 1755/3955/85
f 1751/3955/86 1776/3955/142 1752/3955/142
f 1758/3955/143 1772/3955/28 1747/3955/28
f 1748/3955/144 1773/3955/87 1749/3955/87
f 1755/3955/85 1780/3955/32 1756/3955/32
f 1752/3955/142 1777/3955/27 1753/3955/27
f 1749/3955/87 1774/3955/30 1750/3955/30
f 1756/3955/32 1781/3955/88 1757/3955/88
f 1753/3955/27 1778/3955/145 1754/3955/145
f 1759/3955/145 1785/3955/85 1761/3955/85
f 1767/3955/87 1792/3955/30 1768/3955/30
f 1764/3955/143 1789/3955/28 1765/3955/28
f 1761/3955/85 1786/3955/32 1762/3955/32
f 1768/3955/30 1793/3955/86 1769/3955/86
f 1765/3955/28 1790/3955/144 1766/3955/144
f 1762/3955/32 1787/3955/88 1763/3955/88
f 1769/3955/86 1794/3955/142 1770/3955/142
f 1760/3955/27 1783/3955/145 1759/3955/145
f 1766/3955/144 1791/3955/87 1767/3955/87
f 1763/3955/88 1788/3955/143 1764/3955/143
f 1801/3955/146 1812/3955/147 1813/3955/146
f 1798/3955/148 1809/3955/149 1810/3955/148
f 1804/3955/150 1817/3955/151 1805/3955/151
f 1802/3955/152 1813/3955/146 1814/3955/152
f 1798/3955/148 1811/3955/153 1799/3955/153
f 1806/3955/154 1817/3955/151 1818/3955/154
f 1795/3955/155 1807/3955/156 1796/3955/156
f 1802/3955/152 1815/3955/157 1803/3955/157
f 1799/3955/153 1812/3955/147 1800/3955/147
f 1806/3955/154 1808/3955/155 1795/3955/155
f 1796/3955/156 1809/3955/149 1797/3955/149
f 1804/3955/150 1815/3955/157 1816/3955/150
f 1825/3955/158 1836/3955/159 1837/3955/158
f 1822/3955/160 1833/3955/161 1834/3955/160
f 1828/3955/162 1841/3955/163 1829/3955/163
f 1825/3955/158 1838/3955/164 1826/3955/164
f 1823/3955/165 1834/3955/160 1835/3955/165
f 1830/3955/166 1841/3955/163 1842/3955/166
f 1819/3955/167 1831/3955/168 1820/3955/168
f 1827/3955/169 1838/3955/164 1839/3955/169
f 1824/3955/159 1835/3955/165 1836/3955/159
f 1830/3955/166 1832/3955/167 1819/3955/167
f 1820/3955/168 1833/3955/161 1821/3955/161
f 1828/3955/162 1839/3955/169 1840/3955/162
f 1873/3955/27 1866/3955/122 1865/3955/27
f 1871/3955/29 1864/3955/108 1863/3955/29
f 1869/3955/28 1862/3955/38 1861/3955/28
f 1867/3955/31 1860/3955/37 1859/3955/31
f 1874/3955/122 1859/3955/31 1866/3955/122
f 1872/3955/108 1865/3955/27 1864/3955/108
f 1870/3955/38 1863/3955/29 1862/3955/38
f 1868/3955/37 1861/3955/28 1860/3955/37
f 1889/3955/27 1882/3955/122 1881/3955/27
f 1887/3955/29 1880/3955/108 1879/3955/29
f 1885/3955/28 1878/3955/38 1877/3955/28
f 1883/3955/31 1876/3955/37 1875/3955/31
f 1890/3955/122 1875/3955/31 1882/3955/122
f 1888/3955/108 1881/3955/27 1880/3955/108
f 1886/3955/38 1879/3955/29 1878/3955/38
f 1884/3955/37 1877/3955/28 1876/3955/37
f 1905/3955/170 1898/3955/122 1897/3955/27
f 1903/3955/171 1896/3955/108 1895/3955/29
f 1901/3955/172 1894/3955/38 1893/3955/28
f 1899/3955/33 1892/3955/37 1891/3955/31
f 1906/3955/173 1891/3955/31 1898/3955/122
f 1904/3955/174 1897/3955/27 1896/3955/108
f 1902/3955/175 1895/3955/29 1894/3955/38
f 1900/3955/176 1893/3955/28 1892/3955/37
f 1904/3955/174 1912/3955/177 1905/3955/170
f 1903/3955/171 1909/3955/178 1910/3955/35
f 1900/3955/176 1908/3955/179 1901/3955/172
f 1905/3955/170 1913/3955/180 1906/3955/173
f 1903/3955/171 1911/3955/181 1904/3955/174
f 1901/3955/172 1909/3955/178 1902/3955/175
f 1907/3955/182 1915/3955/183 1908/3955/179
f 1913/3955/180 1919/3955/184 1920/3955/185
f 1911/3955/181 1917/3955/186 1918/3955/187
f 1908/3955/179 1916/3955/188 1909/3955/178
f 1911/3955/181 1919/3955/184 1912/3955/177
f 1909/3955/178 1917/3955/186 1910/3955/35
f 1899/3955/33 1907/3955/182 1900/3955/176
f 1907/3955/182 1899/3955/33 1914/3955/189
f 1906/3955/173 1913/3955/180 1899/3955/33
f 1913/3955/180 1920/3955/185 1899/3955/33
f 1920/3955/185 1921/3955/32 1899/3955/33
f 1919/3955/184 1928/3955/89 1920/3955/185
f 1899/3955/33 1922/3955/57 1914/3955/189
f 1917/3955/186 1926/3955/90 1918/3955/187
f 1915/3955/183 1924/3955/56 1916/3955/188
f 1918/3955/187 1927/3955/27 1919/3955/184
f 1916/3955/188 1925/3955/30 1917/3955/186
f 1914/3955/189 1923/3955/28 1915/3955/183
f 1943/3955/190 1949/3955/181 1950/3955/177
f 1941/3955/42 1947/3955/178 1948/3955/35
f 1939/3955/191 1945/3955/182 1946/3955/179
f 1943/3955/190 1951/3955/180 1944/3955/192
f 1941/3955/42 1949/3955/181 1942/3955/193
f 1939/3955/191 1947/3955/178 1940/3955/194
f 1945/3955/182 1953/3955/183 1946/3955/179
f 1950/3955/177 1958/3955/185 1951/3955/180
f 1949/3955/181 1955/3955/186 1956/3955/187
f 1946/3955/179 1954/3955/188 1947/3955/178
f 1949/3955/181 1957/3955/184 1950/3955/177
f 1947/3955/178 1955/3955/186 1948/3955/35
f 1937/3955/195 1945/3955/182 1938/3955/196
f 1945/3955/182 1937/3955/195 1952/3955/189
f 1944/3955/192 1951/3955/180 1937/3955/195
f 1951/3955/180 1958/3955/185 1937/3955/195
f 1958/3955/185 1959/3955/197 1937/3955/195
f 1957/3955/184 1966/3955/198 1958/3955/185
f 1937/3955/195 1960/3955/199 1952/3955/189
f 1955/3955/186 1964/3955/200 1956/3955/187
f 1953/3955/183 1962/3955/201 1954/3955/188
f 1956/3955/187 1965/3955/202 1957/3955/184
f 1954/3955/188 1963/3955/35 1955/3955/186
f 1952/3955/189 1961/3955/203 1953/3955/183
f 1982/3955/122 1967/3955/31 1974/3955/122
f 1980/3955/108 1973/3955/27 1972/3955/108
f 1978/3955/38 1971/3955/29 1970/3955/38
f 1976/3955/37 1969/3955/28 1968/3955/37
f 1981/3955/27 1974/3955/122 1973/3955/27
f 1979/3955/29 1972/3955/108 1971/3955/29
f 1977/3955/28 1970/3955/38 1969/3955/28
f 1975/3955/31 1968/3955/37 1967/3955/31
f 1961/3955/203 1986/3955/204 1962/3955/201
f 1959/3955/197 1984/3955/205 1960/3955/199
f 1964/3955/200 1988/3955/206 1965/3955/202
f 1960/3955/199 1985/3955/207 1961/3955/203
f 1959/3955/197 1989/3955/208 1983/3955/33
f 1966/3955/198 1988/3955/206 1989/3955/208
f 1989/3955/208 1990/3955/209 1983/3955/33
f 1988/3955/206 1996/3955/210 1989/3955/208
f 1985/3955/207 1993/3955/211 1986/3955/204
f 1983/3955/33 1991/3955/212 1984/3955/205
f 1988/3955/206 1994/3955/213 1995/3955/214
f 1985/3955/207 1991/3955/212 1992/3955/215
f 1962/3955/201 1986/3955/204 1963/3955/35
f 1986/3955/204 1993/3955/211 1963/3955/35
f 1963/3955/35 1987/3955/216 1964/3955/200
f 1987/3955/216 1963/3955/35 1994/3955/213
f 1963/3955/35 2002/3955/108 1994/3955/213
f 1996/3955/210 1998/3955/31 1990/3955/209
f 1993/3955/211 1997/3955/29 1963/3955/35
f 1995/3955/214 2004/3955/122 1996/3955/210
f 1992/3955/215 2001/3955/38 1993/3955/211
f 1990/3955/209 1999/3955/37 1991/3955/212
f 1994/3955/213 2003/3955/27 1995/3955/214
f 1991/3955/212 2000/3955/28 1992/3955/215
f 2012/3955/89 2013/3955/197 2005/3955/32
f 2011/3955/27 2020/3955/198 2012/3955/89
f 2005/3955/32 2014/3955/199 2006/3955/57
f 2009/3955/30 2018/3955/200 2010/3955/90
f 2007/3955/28 2016/3955/201 2008/3955/56
f 2010/3955/90 2019/3955/202 2011/3955/27
f 2008/3955/56 2017/3955/35 2009/3955/30
f 2006/3955/57 2015/3955/203 2007/3955/28
f 2015/3955/203 2024/3955/204 2016/3955/201
f 2013/3955/197 2022/3955/205 2014/3955/199
f 2019/3955/202 2025/3955/216 2026/3955/206
f 2014/3955/199 2023/3955/207 2015/3955/203
f 2013/3955/197 2027/3955/208 2021/3955/33
f 2020/3955/198 2026/3955/206 2027/3955/208
f 2021/3955/33 2034/3955/210 2028/3955/209
f 2026/3955/206 2034/3955/210 2027/3955/208
f 2024/3955/204 2030/3955/215 2031/3955/211
f 2021/3955/33 2029/3955/212 2022/3955/205
f 2025/3955/216 2033/3955/214 2026/3955/206
f 2023/3955/207 2029/3955/212 2030/3955/215
f 2016/3955/201 2024/3955/204 2017/3955/35
f 2024/3955/204 2031/3955/211 2017/3955/35
f 2017/3955/35 2025/3955/216 2018/3955/200
f 2025/3955/216 2017/3955/35 2032/3955/213
f 2017/3955/35 2040/3955/108 2032/3955/213
f 2034/3955/210 2036/3955/31 2028/3955/209
f 2031/3955/211 2035/3955/29 2017/3955/35
f 2033/3955/214 2042/3955/122 2034/3955/210
f 2030/3955/215 2039/3955/38 2031/3955/211
f 2028/3955/209 2037/3955/37 2029/3955/212
f 2032/3955/213 2041/3955/27 2033/3955/214
f 2029/3955/212 2038/3955/28 2030/3955/215
f 2249/3955/29 2260/3955/138 2248/3955/138
f 2246/3955/30 2257/3955/39 2245/3955/39
f 2253/3955/40 2264/3955/32 2252/3955/32
f 2250/3955/139 2261/3955/29 2249/3955/29
f 2247/3955/140 2258/3955/30 2246/3955/30
f 2256/3955/31 2270/3955/217 2255/3955/136
f 2266/3955/141 2271/3955/31 2256/3955/31
f 2251/3955/137 2262/3955/139 2250/3955/139
f 2248/3955/138 2259/3955/140 2247/3955/140
f 2244/3955/136 2267/3955/31 2243/3955/31
f 2243/3955/31 2269/3955/218 2254/3955/141
f 2252/3955/32 2263/3955/137 2251/3955/137
f 2270/3955/217 2268/3955/217 2257/3955/39
f 2272/3955/218 2265/3955/40 2253/3955/40
f 2287/3955/219 2273/3955/29 2284/3955/138
f 2285/3955/29 2274/3955/139 2273/3955/29
f 2288/3955/29 2302/3955/219 2299/3955/138
f 2289/3955/139 2300/3955/29 2288/3955/29
f 2297/3955/30 2283/3955/140 2282/3955/30
f 2296/3955/39 2282/3955/30 2281/3955/39
f 2295/3955/136 2281/3955/39 2280/3955/136
f 2294/3955/31 2280/3955/136 2279/3955/31
f 2293/3955/141 2279/3955/31 2278/3955/141
f 2292/3955/40 2278/3955/141 2277/3955/40
f 2291/3955/32 2277/3955/40 2276/3955/32
f 2290/3955/137 2276/3955/32 2275/3955/137
f 2275/3955/137 2301/3955/220 2290/3955/137
f 2298/3955/140 2302/3955/219 2287/3955/219
f 2308/3955/138 2321/3955/29 2309/3955/29
f 2305/3955/39 2318/3955/30 2306/3955/30
f 2312/3955/32 2325/3955/40 2313/3955/40
f 2309/3955/29 2322/3955/139 2310/3955/139
f 2306/3955/30 2319/3955/140 2307/3955/140
f 2313/3955/40 2326/3955/141 2314/3955/141
f 2303/3955/31 2315/3955/136 2304/3955/136
f 2310/3955/139 2323/3955/137 2311/3955/137
f 2307/3955/140 2320/3955/138 2308/3955/138
f 2314/3955/141 2316/3955/31 2303/3955/31
f 2304/3955/136 2317/3955/39 2305/3955/39
f 2311/3955/137 2324/3955/32 2312/3955/32
f 2336/3955/32 2347/3955/137 2335/3955/137
f 2333/3955/29 2344/3955/138 2332/3955/138
f 2330/3955/30 2341/3955/39 2329/3955/39
f 2337/3955/40 2348/3955/32 2336/3955/32
f 2334/3955/139 2345/3955/29 2333/3955/29
f 2331/3955/140 2342/3955/30 2330/3955/30
f 2338/3955/141 2349/3955/40 2337/3955/40
f 2328/3955/136 2339/3955/31 2327/3955/31
f 2335/3955/137 2346/3955/139 2334/3955/139
f 2332/3955/138 2343/3955/140 2331/3955/140
f 2327/3955/31 2350/3955/141 2338/3955/141
f 2329/3955/39 2340/3955/136 2328/3955/136
f 2358/3955/139 2369/3955/29 2357/3955/29
f 2355/3955/140 2366/3955/30 2354/3955/30
f 2362/3955/141 2373/3955/40 2361/3955/40
f 2352/3955/136 2363/3955/31 2351/3955/31
f 2359/3955/137 2370/3955/139 2358/3955/139
f 2356/3955/138 2367/3955/140 2355/3955/140
f 2351/3955/31 2374/3955/141 2362/3955/141
f 2353/3955/39 2364/3955/136 2352/3955/136
f 2360/3955/32 2371/3955/137 2359/3955/137
f 2357/3955/29 2368/3955/138 2356/3955/138
f 2354/3955/30 2365/3955/39 2353/3955/39
f 2361/3955/40 2372/3955/32 2360/3955/32
f 2374/3955/221 2375/3955/37 2386/3955/221
f 2364/3955/222 2375/3955/37 2363/3955/37
f 2365/3955/223 2376/3955/222 2364/3955/222
f 2365/3955/223 2378/3955/56 2377/3955/223
f 2367/3955/224 2378/3955/56 2366/3955/56
f 2368/3955/225 2379/3955/224 2367/3955/224
f 2369/3955/38 2380/3955/225 2368/3955/225
f 2370/3955/226 2381/3955/38 2369/3955/38
f 2371/3955/227 2382/3955/226 2370/3955/226
f 2371/3955/227 2384/3955/57 2383/3955/227
f 2373/3955/228 2384/3955/57 2372/3955/57
f 2373/3955/228 2386/3955/221 2385/3955/228
f 2388/3955/40 2857/3955/32 2389/3955/32
f 2395/3955/30 2864/3955/39 2396/3955/39
f 2392/3955/29 2861/3955/138 2393/3955/138
f 2389/3955/32 2858/3955/137 2390/3955/137
f 2396/3955/39 2865/3955/136 2397/3955/136
f 2398/3955/31 2855/3955/141 2387/3955/141
f 2393/3955/138 2862/3955/140 2394/3955/140
f 2390/3955/137 2859/3955/139 2391/3955/139
f 2397/3955/136 2866/3955/31 2398/3955/31
f 2387/3955/141 2856/3955/40 2388/3955/40
f 2394/3955/140 2863/3955/30 2395/3955/30
f 2391/3955/139 2860/3955/29 2392/3955/29
f 2405/3955/29 2416/3955/138 2404/3955/138
f 2402/3955/30 2413/3955/39 2401/3955/39
f 2409/3955/40 2420/3955/32 2408/3955/32
f 2406/3955/139 2417/3955/29 2405/3955/29
f 2403/3955/140 2414/3955/30 2402/3955/30
f 2412/3955/31 2426/3955/217 2411/3955/136
f 2422/3955/141 2427/3955/31 2412/3955/31
f 2407/3955/137 2418/3955/139 2406/3955/139
f 2404/3955/138 2415/3955/140 2403/3955/140
f 2400/3955/136 2423/3955/31 2399/3955/31
f 2399/3955/31 2425/3955/218 2410/3955/141
f 2408/3955/32 2419/3955/137 2407/3955/137
f 2413/3955/39 2426/3955/217 2424/3955/217
f 2428/3955/218 2421/3955/40 2409/3955/40
f 2443/3955/219 2429/3955/29 2440/3955/138
f 2441/3955/29 2430/3955/139 2429/3955/29
f 2444/3955/29 2458/3955/219 2455/3955/138
f 2445/3955/139 2456/3955/29 2444/3955/29
f 2453/3955/30 2439/3955/140 2438/3955/30
f 2452/3955/39 2438/3955/30 2437/3955/39
f 2451/3955/136 2437/3955/39 2436/3955/136
f 2450/3955/31 2436/3955/136 2435/3955/31
f 2449/3955/141 2435/3955/31 2434/3955/141
f 2448/3955/40 2434/3955/141 2433/3955/40
f 2447/3955/32 2433/3955/40 2432/3955/32
f 2446/3955/137 2432/3955/32 2431/3955/137
f 2431/3955/137 2457/3955/220 2446/3955/137
f 2454/3955/140 2458/3955/219 2443/3955/219
f 2464/3955/138 2477/3955/29 2465/3955/29
f 2461/3955/39 2474/3955/30 2462/3955/30
f 2468/3955/32 2481/3955/40 2469/3955/40
f 2465/3955/29 2478/3955/139 2466/3955/139
f 2462/3955/30 2475/3955/140 2463/3955/140
f 2469/3955/40 2482/3955/141 2470/3955/141
f 2459/3955/31 2471/3955/136 2460/3955/136
f 2466/3955/139 2479/3955/137 2467/3955/137
f 2463/3955/140 2476/3955/138 2464/3955/138
f 2470/3955/141 2472/3955/31 2459/3955/31
f 2460/3955/136 2473/3955/39 2461/3955/39
f 2467/3955/137 2480/3955/32 2468/3955/32
f 2492/3955/32 2503/3955/137 2491/3955/137
f 2489/3955/29 2500/3955/138 2488/3955/138
f 2486/3955/30 2497/3955/39 2485/3955/39
f 2493/3955/40 2504/3955/32 2492/3955/32
f 2490/3955/139 2501/3955/29 2489/3955/29
f 2487/3955/140 2498/3955/30 2486/3955/30
f 2494/3955/141 2505/3955/40 2493/3955/40
f 2484/3955/136 2495/3955/31 2483/3955/31
f 2491/3955/137 2502/3955/139 2490/3955/139
f 2488/3955/138 2499/3955/140 2487/3955/140
f 2483/3955/31 2506/3955/141 2494/3955/141
f 2485/3955/39 2496/3955/136 2484/3955/136
f 2532/3955/228 2519/3955/221 2520/3955/228
f 2532/3955/228 2521/3955/57 2533/3955/57
f 2534/3955/227 2521/3955/57 2522/3955/227
f 2534/3955/227 2523/3955/226 2535/3955/226
f 2535/3955/226 2524/3955/38 2536/3955/38
f 2536/3955/38 2525/3955/225 2537/3955/225
f 2537/3955/225 2526/3955/224 2538/3955/224
f 2538/3955/224 2527/3955/56 2539/3955/56
f 2540/3955/223 2527/3955/56 2528/3955/223
f 2541/3955/222 2528/3955/223 2529/3955/222
f 2541/3955/222 2530/3955/37 2542/3955/37
f 2531/3955/221 2530/3955/37 2519/3955/221
f 2544/3955/40 2533/3955/32 2545/3955/32
f 2551/3955/30 2540/3955/39 2552/3955/39
f 2548/3955/29 2537/3955/138 2549/3955/138
f 2545/3955/32 2534/3955/137 2546/3955/137
f 2552/3955/39 2541/3955/136 2553/3955/136
f 2554/3955/31 2531/3955/141 2543/3955/141
f 2549/3955/138 2538/3955/140 2550/3955/140
f 2546/3955/137 2535/3955/139 2547/3955/139
f 2553/3955/136 2542/3955/31 2554/3955/31
f 2543/3955/141 2532/3955/40 2544/3955/40
f 2550/3955/140 2539/3955/30 2551/3955/30
f 2547/3955/139 2536/3955/29 2548/3955/29
f 2705/3955/138 2679/3955/140 2706/3955/140
f 2710/3955/31 2686/3955/141 2699/3955/141
f 2708/3955/39 2676/3955/136 2709/3955/136
f 2701/3955/32 2683/3955/137 2702/3955/137
f 2704/3955/29 2680/3955/138 2705/3955/138
f 2707/3955/30 2677/3955/39 2708/3955/39
f 2700/3955/40 2684/3955/32 2701/3955/32
f 2703/3955/139 2681/3955/29 2704/3955/29
f 2706/3955/140 2678/3955/30 2707/3955/30
f 2699/3955/141 2685/3955/40 2700/3955/40
f 2709/3955/136 2675/3955/31 2710/3955/31
f 2702/3955/137 2682/3955/139 2703/3955/139
f 2561/3955/29 2572/3955/138 2560/3955/138
f 2558/3955/30 2569/3955/39 2557/3955/39
f 2565/3955/40 2576/3955/32 2564/3955/32
f 2562/3955/139 2573/3955/29 2561/3955/29
f 2559/3955/140 2570/3955/30 2558/3955/30
f 2568/3955/31 2582/3955/217 2567/3955/136
f 2578/3955/141 2583/3955/31 2568/3955/31
f 2563/3955/137 2574/3955/139 2562/3955/139
f 2560/3955/138 2571/3955/140 2559/3955/140
f 2556/3955/136 2579/3955/31 2555/3955/31
f 2555/3955/31 2581/3955/218 2566/3955/141
f 2564/3955/32 2575/3955/137 2563/3955/137
f 2569/3955/39 2582/3955/217 2580/3955/217
f 2584/3955/218 2577/3955/40 2565/3955/40
f 2599/3955/219 2585/3955/29 2596/3955/138
f 2597/3955/29 2586/3955/139 2585/3955/29
f 2600/3955/29 2614/3955/219 2611/3955/138
f 2601/3955/139 2612/3955/29 2600/3955/29
f 2609/3955/30 2595/3955/140 2594/3955/30
f 2608/3955/39 2594/3955/30 2593/3955/39
f 2607/3955/136 2593/3955/39 2592/3955/136
f 2606/3955/31 2592/3955/136 2591/3955/31
f 2605/3955/141 2591/3955/31 2590/3955/141
f 2604/3955/40 2590/3955/141 2589/3955/40
f 2603/3955/32 2589/3955/40 2588/3955/32
f 2602/3955/137 2588/3955/32 2587/3955/137
f 2587/3955/137 2613/3955/220 2602/3955/137
f 2610/3955/140 2614/3955/219 2599/3955/219
f 2620/3955/138 2633/3955/29 2621/3955/29
f 2617/3955/39 2630/3955/30 2618/3955/30
f 2624/3955/32 2637/3955/40 2625/3955/40
f 2621/3955/29 2634/3955/139 2622/3955/139
f 2618/3955/30 2631/3955/140 2619/3955/140
f 2625/3955/40 2638/3955/141 2626/3955/141
f 2615/3955/31 2627/3955/136 2616/3955/136
f 2622/3955/139 2635/3955/137 2623/3955/137
f 2619/3955/140 2632/3955/138 2620/3955/138
f 2626/3955/141 2628/3955/31 2615/3955/31
f 2616/3955/136 2629/3955/39 2617/3955/39
f 2623/3955/137 2636/3955/32 2624/3955/32
f 2648/3955/32 2659/3955/137 2647/3955/137
f 2645/3955/29 2656/3955/138 2644/3955/138
f 2642/3955/30 2653/3955/39 2641/3955/39
f 2649/3955/40 2660/3955/32 2648/3955/32
f 2646/3955/139 2657/3955/29 2645/3955/29
f 2643/3955/140 2654/3955/30 2642/3955/30
f 2650/3955/141 2661/3955/40 2649/3955/40
f 2640/3955/136 2651/3955/31 2639/3955/31
f 2647/3955/137 2658/3955/139 2646/3955/139
f 2644/3955/138 2655/3955/140 2643/3955/140
f 2639/3955/31 2662/3955/141 2650/3955/141
f 2641/3955/39 2652/3955/136 2640/3955/136
f 2698/3955/229 2675/3955/122 2687/3955/122
f 2675/3955/122 2688/3955/230 2687/3955/122
f 2676/3955/230 2689/3955/231 2688/3955/230
f 2689/3955/231 2678/3955/90 2690/3955/90
f 2678/3955/90 2691/3955/232 2690/3955/90
f 2691/3955/232 2680/3955/233 2692/3955/233
f 2680/3955/233 2693/3955/108 2692/3955/233
f 2681/3955/108 2694/3955/234 2693/3955/108
f 2694/3955/234 2683/3955/235 2695/3955/235
f 2695/3955/235 2684/3955/89 2696/3955/89
f 2684/3955/89 2697/3955/236 2696/3955/89
f 2685/3955/236 2698/3955/229 2697/3955/236
f 2694/3955/139 2669/3955/29 2693/3955/29
f 2691/3955/140 2666/3955/30 2690/3955/30
f 2698/3955/141 2673/3955/40 2697/3955/40
f 2688/3955/136 2663/3955/31 2687/3955/31
f 2695/3955/137 2670/3955/139 2694/3955/139
f 2692/3955/138 2667/3955/140 2691/3955/140
f 2687/3955/31 2674/3955/141 2698/3955/141
f 2689/3955/39 2664/3955/136 2688/3955/136
f 2696/3955/32 2671/3955/137 2695/3955/137
f 2693/3955/29 2668/3955/138 2692/3955/138
f 2690/3955/30 2665/3955/39 2689/3955/39
f 2697/3955/40 2672/3955/32 2696/3955/32
f 2819/3955/221 2700/3955/228 2820/3955/228
f 2820/3955/228 2701/3955/57 2821/3955/57
f 2822/3955/227 2701/3955/57 2702/3955/227
f 2823/3955/226 2702/3955/227 2703/3955/226
f 2823/3955/226 2704/3955/38 2824/3955/38
f 2824/3955/38 2705/3955/225 2825/3955/225
f 2825/3955/225 2706/3955/224 2826/3955/224
f 2826/3955/224 2707/3955/56 2827/3955/56
f 2828/3955/223 2707/3955/56 2708/3955/223
f 2828/3955/223 2709/3955/222 2829/3955/222
f 2829/3955/222 2710/3955/37 2830/3955/37
f 2819/3955/221 2710/3955/37 2699/3955/221
f 2717/3955/29 2728/3955/138 2716/3955/138
f 2714/3955/30 2725/3955/39 2713/3955/39
f 2721/3955/40 2732/3955/32 2720/3955/32
f 2718/3955/139 2729/3955/29 2717/3955/29
f 2715/3955/140 2726/3955/30 2714/3955/30
f 2724/3955/31 2738/3955/217 2723/3955/136
f 2734/3955/141 2739/3955/31 2724/3955/31
f 2719/3955/137 2730/3955/139 2718/3955/139
f 2716/3955/138 2727/3955/140 2715/3955/140
f 2712/3955/136 2735/3955/31 2711/3955/31
f 2711/3955/31 2737/3955/218 2722/3955/141
f 2720/3955/32 2731/3955/137 2719/3955/137
f 2725/3955/39 2738/3955/217 2736/3955/217
f 2740/3955/218 2733/3955/40 2721/3955/40
f 2755/3955/219 2741/3955/29 2752/3955/138
f 2753/3955/29 2742/3955/139 2741/3955/29
f 2756/3955/29 2770/3955/219 2767/3955/138
f 2757/3955/139 2768/3955/29 2756/3955/29
f 2765/3955/30 2751/3955/140 2750/3955/30
f 2764/3955/39 2750/3955/30 2749/3955/39
f 2763/3955/136 2749/3955/39 2748/3955/136
f 2762/3955/31 2748/3955/136 2747/3955/31
f 2761/3955/141 2747/3955/31 2746/3955/141
f 2760/3955/40 2746/3955/141 2745/3955/40
f 2759/3955/32 2745/3955/40 2744/3955/32
f 2758/3955/137 2744/3955/32 2743/3955/137
f 2743/3955/137 2769/3955/220 2758/3955/137
f 2766/3955/140 2770/3955/219 2755/3955/219
f 2776/3955/138 2789/3955/29 2777/3955/29
f 2773/3955/39 2786/3955/30 2774/3955/30
f 2780/3955/32 2793/3955/40 2781/3955/40
f 2777/3955/29 2790/3955/139 2778/3955/139
f 2774/3955/30 2787/3955/140 2775/3955/140
f 2781/3955/40 2794/3955/141 2782/3955/141
f 2771/3955/31 2783/3955/136 2772/3955/136
f 2778/3955/139 2791/3955/137 2779/3955/137
f 2775/3955/140 2788/3955/138 2776/3955/138
f 2782/3955/141 2784/3955/31 2771/3955/31
f 2772/3955/136 2785/3955/39 2773/3955/39
f 2779/3955/137 2792/3955/32 2780/3955/32
f 2804/3955/32 2815/3955/137 2803/3955/137
f 2801/3955/29 2812/3955/138 2800/3955/138
f 2798/3955/30 2809/3955/39 2797/3955/39
f 2805/3955/40 2816/3955/32 2804/3955/32
f 2802/3955/139 2813/3955/29 2801/3955/29
f 2799/3955/140 2810/3955/30 2798/3955/30
f 2806/3955/141 2817/3955/40 2805/3955/40
f 2796/3955/136 2807/3955/31 2795/3955/31
f 2803/3955/137 2814/3955/139 2802/3955/139
f 2800/3955/138 2811/3955/140 2799/3955/140
f 2795/3955/31 2818/3955/141 2806/3955/141
f 2797/3955/39 2808/3955/136 2796/3955/136
f 2832/3955/40 2821/3955/32 2833/3955/32
f 2839/3955/30 2828/3955/39 2840/3955/39
f 2836/3955/29 2825/3955/138 2837/3955/138
f 2833/3955/32 2822/3955/137 2834/3955/137
f 2840/3955/39 2829/3955/136 2841/3955/136
f 2842/3955/31 2819/3955/141 2831/3955/141
f 2837/3955/138 2826/3955/140 2838/3955/140
f 2834/3955/137 2823/3955/139 2835/3955/139
f 2841/3955/136 2830/3955/31 2842/3955/31
f 2831/3955/141 2820/3955/40 2832/3955/40
f 2838/3955/140 2827/3955/30 2839/3955/30
f 2835/3955/139 2824/3955/29 2836/3955/29
f 2388/3955/236 2843/3955/229 2387/3955/229
f 2845/3955/89 2388/3955/236 2389/3955/89
f 2390/3955/235 2845/3955/89 2389/3955/89
f 2847/3955/234 2390/3955/235 2391/3955/234
f 2848/3955/108 2391/3955/234 2392/3955/108
f 2849/3955/233 2392/3955/108 2393/3955/233
f 2850/3955/232 2393/3955/233 2394/3955/232
f 2851/3955/90 2394/3955/232 2395/3955/90
f 2396/3955/231 2851/3955/90 2395/3955/90
f 2397/3955/230 2852/3955/231 2396/3955/231
f 2854/3955/122 2397/3955/230 2398/3955/122
f 2387/3955/229 2854/3955/122 2398/3955/122
f 2383/3955/137 2847/3955/139 2382/3955/139
f 2376/3955/136 2854/3955/31 2375/3955/31
f 2386/3955/141 2844/3955/40 2385/3955/40
f 2379/3955/140 2851/3955/30 2378/3955/30
f 2382/3955/139 2848/3955/29 2381/3955/29
f 2385/3955/40 2845/3955/32 2384/3955/32
f 2378/3955/30 2852/3955/39 2377/3955/39
f 2381/3955/29 2849/3955/138 2380/3955/138
f 2384/3955/32 2846/3955/137 2383/3955/137
f 2377/3955/39 2853/3955/136 2376/3955/136
f 2375/3955/31 2843/3955/141 2386/3955/141
f 2380/3955/138 2850/3955/140 2379/3955/140
f 2517/3955/40 2953/3955/32 2516/3955/32
f 2510/3955/30 2960/3955/39 2509/3955/39
f 2513/3955/29 2957/3955/138 2512/3955/138
f 2516/3955/32 2954/3955/137 2515/3955/137
f 2509/3955/39 2961/3955/136 2508/3955/136
f 2507/3955/31 2951/3955/141 2518/3955/141
f 2512/3955/138 2958/3955/140 2511/3955/140
f 2515/3955/137 2955/3955/139 2514/3955/139
f 2508/3955/136 2962/3955/31 2507/3955/31
f 2518/3955/141 2952/3955/40 2517/3955/40
f 2511/3955/140 2959/3955/30 2510/3955/30
f 2514/3955/139 2956/3955/29 2513/3955/29
f 2909/3955/138 2883/3955/140 2910/3955/140
f 2914/3955/31 2890/3955/141 2903/3955/141
f 2912/3955/39 2880/3955/136 2913/3955/136
f 2905/3955/32 2887/3955/137 2906/3955/137
f 2908/3955/29 2884/3955/138 2909/3955/138
f 2911/3955/30 2881/3955/39 2912/3955/39
f 2904/3955/40 2888/3955/32 2905/3955/32
f 2907/3955/139 2885/3955/29 2908/3955/29
f 2910/3955/140 2882/3955/30 2911/3955/30
f 2903/3955/141 2889/3955/40 2904/3955/40
f 2913/3955/136 2879/3955/31 2914/3955/31
f 2906/3955/137 2886/3955/139 2907/3955/139
f 2902/3955/229 2879/3955/122 2891/3955/122
f 2879/3955/122 2892/3955/230 2891/3955/122
f 2880/3955/230 2893/3955/231 2892/3955/230
f 2893/3955/231 2882/3955/90 2894/3955/90
f 2882/3955/90 2895/3955/232 2894/3955/90
f 2895/3955/232 2884/3955/233 2896/3955/233
f 2884/3955/233 2897/3955/108 2896/3955/233
f 2885/3955/108 2898/3955/234 2897/3955/108
f 2898/3955/234 2887/3955/235 2899/3955/235
f 2899/3955/235 2888/3955/89 2900/3955/89
f 2888/3955/89 2901/3955/236 2900/3955/89
f 2889/3955/236 2902/3955/229 2901/3955/236
f 2898/3955/139 2873/3955/29 2897/3955/29
f 2895/3955/140 2870/3955/30 2894/3955/30
f 2902/3955/141 2877/3955/40 2901/3955/40
f 2892/3955/136 2867/3955/31 2891/3955/31
f 2899/3955/137 2874/3955/139 2898/3955/139
f 2896/3955/138 2871/3955/140 2895/3955/140
f 2891/3955/31 2878/3955/141 2902/3955/141
f 2893/3955/39 2868/3955/136 2892/3955/136
f 2900/3955/32 2875/3955/137 2899/3955/137
f 2897/3955/29 2872/3955/138 2896/3955/138
f 2894/3955/30 2869/3955/39 2893/3955/39
f 2901/3955/40 2876/3955/32 2900/3955/32
f 2915/3955/221 2904/3955/228 2916/3955/228
f 2916/3955/228 2905/3955/57 2917/3955/57
f 2918/3955/227 2905/3955/57 2906/3955/227
f 2919/3955/226 2906/3955/227 2907/3955/226
f 2919/3955/226 2908/3955/38 2920/3955/38
f 2920/3955/38 2909/3955/225 2921/3955/225
f 2921/3955/225 2910/3955/224 2922/3955/224
f 2922/3955/224 2911/3955/56 2923/3955/56
f 2924/3955/223 2911/3955/56 2912/3955/223
f 2924/3955/223 2913/3955/222 2925/3955/222
f 2925/3955/222 2914/3955/37 2926/3955/37
f 2915/3955/221 2914/3955/37 2903/3955/221
f 2928/3955/40 2917/3955/32 2929/3955/32
f 2935/3955/30 2924/3955/39 2936/3955/39
f 2932/3955/29 2921/3955/138 2933/3955/138
f 2929/3955/32 2918/3955/137 2930/3955/137
f 2936/3955/39 2925/3955/136 2937/3955/136
f 2938/3955/31 2915/3955/141 2927/3955/141
f 2933/3955/138 2922/3955/140 2934/3955/140
f 2930/3955/137 2919/3955/139 2931/3955/139
f 2937/3955/136 2926/3955/31 2938/3955/31
f 2927/3955/141 2916/3955/40 2928/3955/40
f 2934/3955/140 2923/3955/30 2935/3955/30
f 2931/3955/139 2920/3955/29 2932/3955/29
f 2517/3955/236 2939/3955/229 2518/3955/229
f 2941/3955/89 2517/3955/236 2516/3955/89
f 2515/3955/235 2941/3955/89 2516/3955/89
f 2943/3955/234 2515/3955/235 2514/3955/234
f 2944/3955/108 2514/3955/234 2513/3955/108
f 2945/3955/233 2513/3955/108 2512/3955/233
f 2946/3955/232 2512/3955/233 2511/3955/232
f 2947/3955/90 2511/3955/232 2510/3955/90
f 2509/3955/231 2947/3955/90 2510/3955/90
f 2508/3955/230 2948/3955/231 2509/3955/231
f 2950/3955/122 2508/3955/230 2507/3955/122
f 2518/3955/229 2950/3955/122 2507/3955/122
f 2522/3955/137 2943/3955/139 2523/3955/139
f 2529/3955/136 2950/3955/31 2530/3955/31
f 2519/3955/141 2940/3955/40 2520/3955/40
f 2526/3955/140 2947/3955/30 2527/3955/30
f 2523/3955/139 2944/3955/29 2524/3955/29
f 2520/3955/40 2941/3955/32 2521/3955/32
f 2527/3955/30 2948/3955/39 2528/3955/39
f 2524/3955/29 2945/3955/138 2525/3955/138
f 2521/3955/32 2942/3955/137 2522/3955/137
f 2528/3955/39 2949/3955/136 2529/3955/136
f 2530/3955/31 2939/3955/141 2519/3955/141
f 2525/3955/138 2946/3955/140 2526/3955/140
f 2989/3955/34 3004/3955/44 2988/3955/44
f 2982/3955/47 2997/3955/36 2981/3955/36
f 2990/3955/41 3005/3955/34 2989/3955/34
f 2983/3955/30 2998/3955/47 2982/3955/47
f 2991/3955/32 3006/3955/41 2990/3955/41
f 2984/3955/49 2999/3955/30 2983/3955/30
f 2992/3955/45 3007/3955/32 2991/3955/32
f 2985/3955/35 3000/3955/49 2984/3955/49
f 2993/3955/33 3008/3955/45 2992/3955/45
f 2986/3955/42 3001/3955/35 2985/3955/35
f 2994/3955/46 3009/3955/33 2993/3955/33
f 2987/3955/29 3002/3955/42 2986/3955/42
f 2980/3955/43 2996/3955/31 2979/3955/31
f 2979/3955/31 3010/3955/46 2994/3955/46
f 2988/3955/44 3003/3955/29 2987/3955/29
f 2981/3955/36 2995/3955/43 2980/3955/43
f 370/3955/41 379/3955/41 378/3955/32
f 350/3955/42 366/3955/42 365/3955/35
f 360/3955/31 382/3955/31 383/3955/43
f 351/3955/29 367/3955/29 366/3955/42
f 355/3955/32 387/3955/32 388/3955/41
f 344/3955/43 391/3955/43 392/3955/31
f 352/3955/44 368/3955/44 367/3955/29
f 357/3955/33 385/3955/33 386/3955/45
f 356/3955/45 386/3955/45 387/3955/32
f 358/3955/46 384/3955/46 385/3955/33
f 343/3955/31 392/3955/31 384/3955/46
f 347/3955/30 363/3955/30 362/3955/47
f 354/3955/41 388/3955/41 389/3955/48
f 348/3955/49 364/3955/49 363/3955/30
f 345/3955/36 390/3955/50 391/3955/43
f 349/3955/35 365/3955/35 364/3955/49
f 372/3955/45 377/3955/45 376/3955/33
f 374/3955/46 375/3955/46 382/3955/31
f 369/3955/34 380/3955/48 379/3955/41
f 359/3955/43 383/3955/43 381/3955/50
f 371/3955/32 378/3955/32 377/3955/45
f 373/3955/33 376/3955/33 375/3955/46
f 482/3955/51 483/3955/52 499/3955/52
f 471/3955/33 487/3955/33 486/3955/45
f 464/3955/42 480/3955/42 479/3955/35
f 472/3955/46 488/3955/46 487/3955/33
f 465/3955/29 481/3955/29 480/3955/42
f 458/3955/43 473/3955/43 474/3955/31
f 457/3955/31 474/3955/31 488/3955/46
f 466/3955/44 482/3955/44 481/3955/29
f 459/3955/36 475/3955/36 473/3955/43
f 467/3955/34 483/3955/34 482/3955/44
f 460/3955/47 476/3955/47 475/3955/36
f 468/3955/41 484/3955/41 483/3955/34
f 461/3955/30 477/3955/30 476/3955/47
f 469/3955/32 485/3955/32 484/3955/41
f 462/3955/49 478/3955/49 477/3955/30
f 470/3955/45 486/3955/45 485/3955/32
f 463/3955/35 479/3955/35 478/3955/49
f 475/3955/53 476/3955/54 492/3955/54
f 484/3955/55 500/3955/55 499/3955/52
f 477/3955/56 493/3955/56 492/3955/54
f 485/3955/57 501/3955/57 500/3955/55
f 478/3955/58 494/3955/58 493/3955/56
f 486/3955/59 502/3955/59 501/3955/57
f 479/3955/60 495/3955/60 494/3955/58
f 486/3955/59 487/3955/61 503/3955/61
f 480/3955/62 496/3955/62 495/3955/60
f 488/3955/63 504/3955/63 503/3955/61
f 480/3955/62 481/3955/38 497/3955/38
f 473/3955/64 489/3955/64 490/3955/37
f 488/3955/63 474/3955/37 490/3955/37
f 481/3955/38 482/3955/51 498/3955/51
f 475/3955/53 491/3955/53 489/3955/64
f 538/3955/34 546/3955/69 545/3955/65
f 536/3955/35 544/3955/70 543/3955/66
f 534/3955/36 542/3955/71 541/3955/67
f 533/3955/31 541/3955/67 548/3955/68
f 539/3955/32 547/3955/72 546/3955/69
f 537/3955/29 545/3955/65 544/3955/70
f 535/3955/30 543/3955/66 542/3955/71
f 540/3955/33 548/3955/68 547/3955/72
f 548/3955/68 541/3955/67 549/3955/73
f 546/3955/69 547/3955/72 555/3955/75
f 545/3955/65 553/3955/79 552/3955/77
f 543/3955/66 551/3955/80 550/3955/78
f 547/3955/72 548/3955/68 556/3955/74
f 545/3955/65 546/3955/69 554/3955/76
f 544/3955/70 552/3955/77 551/3955/80
f 542/3955/71 550/3955/78 549/3955/73
f 552/3955/77 560/3955/35 559/3955/30
f 550/3955/78 558/3955/36 557/3955/31
f 549/3955/73 557/3955/31 564/3955/33
f 555/3955/75 563/3955/32 562/3955/34
f 553/3955/79 561/3955/29 560/3955/35
f 551/3955/80 559/3955/30 558/3955/36
f 556/3955/74 564/3955/33 563/3955/32
f 554/3955/76 562/3955/34 561/3955/29
f 586/3955/30 587/3955/49 578/3955/49
f 582/3955/44 583/3955/82 567/3955/34
f 584/3955/81 585/3955/47 576/3955/47
f 589/3955/42 581/3955/29 565/3955/29
f 587/3955/49 588/3955/35 579/3955/35
f 581/3955/29 582/3955/44 566/3955/44
f 585/3955/47 586/3955/30 577/3955/30
f 588/3955/35 589/3955/42 580/3955/42
f 603/3955/49 612/3955/49 611/3955/30
f 592/3955/34 608/3955/82 607/3955/44
f 601/3955/47 610/3955/47 609/3955/81
f 590/3955/29 606/3955/29 614/3955/42
f 604/3955/35 613/3955/35 612/3955/49
f 591/3955/44 607/3955/44 606/3955/29
f 602/3955/30 611/3955/30 610/3955/47
f 605/3955/42 614/3955/42 613/3955/35
f 345/3955/36 346/3955/47 390/3955/50
f 346/3955/47 362/3955/47 390/3955/50
f 362/3955/47 361/3955/36 381/3955/50
f 568/3955/41 567/3955/34 583/3955/82
f 608/3955/82 592/3955/34 593/3955/41
f 568/3955/41 583/3955/82 608/3955/82
f 593/3955/41 594/3955/32 569/3955/32
f 594/3955/32 595/3955/45 570/3955/45
f 595/3955/45 596/3955/33 571/3955/33
f 596/3955/33 597/3955/46 572/3955/46
f 597/3955/46 598/3955/31 573/3955/31
f 598/3955/31 599/3955/43 574/3955/43
f 575/3955/36 574/3955/43 584/3955/81
f 574/3955/43 599/3955/43 584/3955/81
f 599/3955/43 600/3955/36 609/3955/81
f 352/3955/44 353/3955/34 389/3955/48
f 389/3955/48 380/3955/48 352/3955/44
f 380/3955/48 369/3955/34 368/3955/44
f 642/3955/41 651/3955/41 650/3955/32
f 622/3955/42 638/3955/42 637/3955/35
f 632/3955/31 654/3955/31 655/3955/43
f 623/3955/29 639/3955/29 638/3955/42
f 627/3955/32 659/3955/32 660/3955/41
f 616/3955/43 663/3955/43 664/3955/31
f 624/3955/44 640/3955/44 639/3955/29
f 629/3955/33 657/3955/33 658/3955/45
f 628/3955/45 658/3955/45 659/3955/32
f 630/3955/46 656/3955/46 657/3955/33
f 615/3955/31 664/3955/31 656/3955/46
f 619/3955/30 635/3955/30 634/3955/47
f 626/3955/41 660/3955/41 661/3955/48
f 620/3955/49 636/3955/49 635/3955/30
f 617/3955/36 662/3955/50 663/3955/43
f 621/3955/35 637/3955/35 636/3955/49
f 644/3955/45 649/3955/45 648/3955/33
f 646/3955/46 647/3955/46 654/3955/31
f 641/3955/34 652/3955/48 651/3955/41
f 631/3955/43 655/3955/43 653/3955/50
f 643/3955/32 650/3955/32 649/3955/45
f 645/3955/33 648/3955/33 647/3955/46
f 686/3955/30 687/3955/49 678/3955/49
f 682/3955/44 683/3955/82 667/3955/34
f 684/3955/81 685/3955/47 676/3955/47
f 689/3955/42 681/3955/29 665/3955/29
f 687/3955/49 688/3955/35 679/3955/35
f 681/3955/29 682/3955/44 666/3955/44
f 685/3955/47 686/3955/30 677/3955/30
f 688/3955/35 689/3955/42 680/3955/42
f 703/3955/49 712/3955/49 711/3955/30
f 692/3955/34 708/3955/82 707/3955/44
f 701/3955/47 710/3955/47 709/3955/81
f 690/3955/29 706/3955/29 714/3955/42
f 704/3955/35 713/3955/35 712/3955/49
f 691/3955/44 707/3955/44 706/3955/29
f 702/3955/30 711/3955/30 710/3955/47
f 705/3955/42 714/3955/42 713/3955/35
f 617/3955/36 618/3955/47 662/3955/50
f 618/3955/47 634/3955/47 662/3955/50
f 634/3955/47 633/3955/36 653/3955/50
f 668/3955/41 667/3955/34 683/3955/82
f 708/3955/82 692/3955/34 693/3955/41
f 668/3955/41 683/3955/82 708/3955/82
f 693/3955/41 694/3955/32 669/3955/32
f 694/3955/32 695/3955/45 670/3955/45
f 695/3955/45 696/3955/33 671/3955/33
f 696/3955/33 697/3955/46 672/3955/46
f 697/3955/46 698/3955/31 673/3955/31
f 698/3955/31 699/3955/43 674/3955/43
f 675/3955/36 674/3955/43 684/3955/81
f 674/3955/43 699/3955/43 684/3955/81
f 699/3955/43 700/3955/36 709/3955/81
f 624/3955/44 625/3955/34 661/3955/48
f 661/3955/48 652/3955/48 624/3955/44
f 652/3955/48 641/3955/34 640/3955/44
f 742/3955/41 751/3955/41 750/3955/32
f 722/3955/42 738/3955/42 737/3955/35
f 732/3955/31 754/3955/31 755/3955/43
f 723/3955/29 739/3955/29 738/3955/42
f 727/3955/32 759/3955/32 760/3955/41
f 716/3955/43 763/3955/43 764/3955/31
f 724/3955/44 740/3955/44 739/3955/29
f 729/3955/33 757/3955/33 758/3955/45
f 728/3955/45 758/3955/45 759/3955/32
f 730/3955/46 756/3955/46 757/3955/33
f 715/3955/31 764/3955/31 756/3955/46
f 719/3955/30 735/3955/30 734/3955/47
f 726/3955/41 760/3955/41 761/3955/48
f 720/3955/49 736/3955/49 735/3955/30
f 717/3955/36 762/3955/50 763/3955/43
f 721/3955/35 737/3955/35 736/3955/49
f 744/3955/45 749/3955/45 748/3955/33
f 746/3955/46 747/3955/46 754/3955/31
f 741/3955/34 752/3955/48 751/3955/41
f 731/3955/43 755/3955/43 753/3955/50
f 743/3955/32 750/3955/32 749/3955/45
f 745/3955/33 748/3955/33 747/3955/46
f 786/3955/30 787/3955/49 778/3955/49
f 782/3955/44 783/3955/82 767/3955/34
f 784/3955/81 785/3955/47 776/3955/47
f 789/3955/42 781/3955/29 765/3955/29
f 787/3955/49 788/3955/35 779/3955/35
f 781/3955/29 782/3955/44 766/3955/44
f 785/3955/47 786/3955/30 777/3955/30
f 788/3955/35 789/3955/42 780/3955/42
f 803/3955/49 812/3955/49 811/3955/30
f 792/3955/34 808/3955/82 807/3955/44
f 801/3955/47 810/3955/47 809/3955/81
f 790/3955/29 806/3955/29 814/3955/42
f 804/3955/35 813/3955/35 812/3955/49
f 791/3955/44 807/3955/44 806/3955/29
f 802/3955/30 811/3955/30 810/3955/47
f 805/3955/42 814/3955/42 813/3955/35
f 717/3955/36 718/3955/47 762/3955/50
f 718/3955/47 734/3955/47 762/3955/50
f 734/3955/47 733/3955/36 753/3955/50
f 768/3955/41 767/3955/34 783/3955/82
f 808/3955/82 792/3955/34 793/3955/41
f 768/3955/41 783/3955/82 808/3955/82
f 793/3955/41 794/3955/32 769/3955/32
f 794/3955/32 795/3955/45 770/3955/45
f 795/3955/45 796/3955/33 771/3955/33
f 796/3955/33 797/3955/46 772/3955/46
f 797/3955/46 798/3955/31 773/3955/31
f 798/3955/31 799/3955/43 774/3955/43
f 775/3955/36 774/3955/43 784/3955/81
f 774/3955/43 799/3955/43 784/3955/81
f 799/3955/43 800/3955/36 809/3955/81
f 724/3955/44 725/3955/34 761/3955/48
f 761/3955/48 752/3955/48 724/3955/44
f 752/3955/48 741/3955/34 740/3955/44
f 842/3955/41 851/3955/41 850/3955/32
f 822/3955/42 838/3955/42 837/3955/35
f 832/3955/31 854/3955/31 855/3955/43
f 823/3955/29 839/3955/29 838/3955/42
f 827/3955/32 859/3955/32 860/3955/41
f 816/3955/43 863/3955/43 864/3955/31
f 824/3955/44 840/3955/44 839/3955/29
f 829/3955/33 857/3955/33 858/3955/45
f 828/3955/45 858/3955/45 859/3955/32
f 830/3955/46 856/3955/46 857/3955/33
f 815/3955/31 864/3955/31 856/3955/46
f 819/3955/30 835/3955/30 834/3955/47
f 826/3955/41 860/3955/41 861/3955/48
f 820/3955/49 836/3955/49 835/3955/30
f 817/3955/36 862/3955/50 863/3955/43
f 821/3955/35 837/3955/35 836/3955/49
f 844/3955/45 849/3955/45 848/3955/33
f 846/3955/46 847/3955/46 854/3955/31
f 841/3955/34 852/3955/48 851/3955/41
f 831/3955/43 855/3955/43 853/3955/50
f 843/3955/32 850/3955/32 849/3955/45
f 845/3955/33 848/3955/33 847/3955/46
f 886/3955/30 887/3955/49 878/3955/49
f 882/3955/44 883/3955/82 867/3955/34
f 884/3955/81 885/3955/47 876/3955/47
f 889/3955/42 881/3955/29 865/3955/29
f 887/3955/49 888/3955/35 879/3955/35
f 881/3955/29 882/3955/44 866/3955/44
f 885/3955/47 886/3955/30 877/3955/30
f 888/3955/35 889/3955/42 880/3955/42
f 903/3955/49 912/3955/49 911/3955/30
f 892/3955/34 908/3955/82 907/3955/44
f 901/3955/47 910/3955/47 909/3955/81
f 890/3955/29 906/3955/29 914/3955/42
f 904/3955/35 913/3955/35 912/3955/49
f 891/3955/44 907/3955/44 906/3955/29
f 902/3955/30 911/3955/30 910/3955/47
f 905/3955/42 914/3955/42 913/3955/35
f 817/3955/36 818/3955/47 862/3955/50
f 818/3955/47 834/3955/47 862/3955/50
f 834/3955/47 833/3955/36 853/3955/50
f 868/3955/41 867/3955/34 883/3955/82
f 908/3955/82 892/3955/34 893/3955/41
f 868/3955/41 883/3955/82 908/3955/82
f 893/3955/41 894/3955/32 869/3955/32
f 894/3955/32 895/3955/45 870/3955/45
f 895/3955/45 896/3955/33 871/3955/33
f 896/3955/33 897/3955/46 872/3955/46
f 897/3955/46 898/3955/31 873/3955/31
f 898/3955/31 899/3955/43 874/3955/43
f 875/3955/36 874/3955/43 884/3955/81
f 874/3955/43 899/3955/43 884/3955/81
f 899/3955/43 900/3955/36 909/3955/81
f 824/3955/44 825/3955/34 861/3955/48
f 861/3955/48 852/3955/48 824/3955/44
f 852/3955/48 841/3955/34 840/3955/44
f 920/3955/34 928/3955/69 927/3955/83
f 918/3955/35 926/3955/70 925/3955/66
f 916/3955/36 924/3955/71 923/3955/67
f 915/3955/31 923/3955/67 930/3955/68
f 921/3955/32 929/3955/72 928/3955/69
f 919/3955/29 927/3955/83 926/3955/70
f 917/3955/30 925/3955/66 924/3955/71
f 922/3955/33 930/3955/68 929/3955/72
f 930/3955/68 923/3955/67 931/3955/84
f 928/3955/69 929/3955/72 937/3955/75
f 927/3955/83 935/3955/79 934/3955/77
f 925/3955/66 933/3955/80 932/3955/78
f 929/3955/72 930/3955/68 938/3955/74
f 927/3955/83 928/3955/69 936/3955/76
f 926/3955/70 934/3955/77 933/3955/80
f 924/3955/71 932/3955/78 931/3955/84
f 934/3955/77 942/3955/35 941/3955/30
f 932/3955/78 940/3955/36 939/3955/31
f 931/3955/84 939/3955/31 946/3955/33
f 937/3955/75 945/3955/32 944/3955/34
f 935/3955/79 943/3955/29 942/3955/35
f 933/3955/80 941/3955/30 940/3955/36
f 938/3955/74 946/3955/33 945/3955/32
f 936/3955/76 944/3955/34 943/3955/29
f 952/3955/34 960/3955/69 959/3955/83
f 950/3955/35 958/3955/70 957/3955/66
f 948/3955/36 956/3955/71 955/3955/67
f 947/3955/31 955/3955/67 962/3955/68
f 953/3955/32 961/3955/72 960/3955/69
f 951/3955/29 959/3955/83 958/3955/70
f 949/3955/30 957/3955/66 956/3955/71
f 954/3955/33 962/3955/68 961/3955/72
f 962/3955/68 955/3955/67 963/3955/84
f 960/3955/69 961/3955/72 969/3955/75
f 959/3955/83 967/3955/79 966/3955/77
f 957/3955/66 965/3955/80 964/3955/78
f 961/3955/72 962/3955/68 970/3955/74
f 959/3955/83 960/3955/69 968/3955/76
f 958/3955/70 966/3955/77 965/3955/80
f 956/3955/71 964/3955/78 963/3955/84
f 966/3955/77 974/3955/35 973/3955/30
f 964/3955/78 972/3955/36 971/3955/31
f 963/3955/84 971/3955/31 978/3955/33
f 969/3955/75 977/3955/32 976/3955/34
f 967/3955/79 975/3955/29 974/3955/35
f 965/3955/80 973/3955/30 972/3955/36
f 970/3955/74 978/3955/33 977/3955/32
f 968/3955/76 976/3955/34 975/3955/29
f 1015/3955/85 1021/3955/85 1020/3955/27
f 1013/3955/86 1019/3955/86 1017/3955/87
f 1016/3955/88 1022/3955/88 1021/3955/85
f 1014/3955/27 1020/3955/27 1019/3955/86
f 1012/3955/87 1017/3955/87 1018/3955/28
f 1011/3955/28 1018/3955/28 1022/3955/88
f 1079/3955/85 1085/3955/85 1084/3955/27
f 1077/3955/86 1083/3955/86 1081/3955/87
f 1080/3955/88 1086/3955/88 1085/3955/85
f 1078/3955/27 1084/3955/27 1083/3955/86
f 1076/3955/87 1081/3955/87 1082/3955/28
f 1075/3955/28 1082/3955/28 1086/3955/88
f 1137/3955/32 1138/3955/57 1130/3955/57
f 1135/3955/27 1136/3955/89 1128/3955/89
f 1133/3955/30 1134/3955/90 1126/3955/90
f 1131/3955/28 1132/3955/56 1124/3955/56
f 1138/3955/57 1131/3955/28 1123/3955/28
f 1136/3955/89 1137/3955/32 1129/3955/32
f 1134/3955/90 1135/3955/27 1127/3955/27
f 1132/3955/56 1133/3955/30 1125/3955/30
f 1153/3955/32 1154/3955/57 1146/3955/57
f 1151/3955/27 1152/3955/89 1144/3955/89
f 1149/3955/30 1150/3955/90 1142/3955/90
f 1147/3955/28 1148/3955/56 1140/3955/56
f 1154/3955/57 1147/3955/28 1139/3955/28
f 1152/3955/89 1153/3955/32 1145/3955/32
f 1150/3955/90 1151/3955/27 1143/3955/27
f 1148/3955/56 1149/3955/30 1141/3955/30
f 1177/3955/32 1178/3955/57 1170/3955/57
f 1175/3955/27 1176/3955/89 1168/3955/89
f 1173/3955/30 1174/3955/90 1166/3955/90
f 1171/3955/28 1172/3955/56 1164/3955/56
f 1178/3955/57 1171/3955/28 1163/3955/28
f 1176/3955/89 1177/3955/32 1169/3955/32
f 1174/3955/90 1175/3955/27 1167/3955/27
f 1172/3955/56 1173/3955/30 1165/3955/30
f 1193/3955/32 1194/3955/57 1186/3955/57
f 1191/3955/27 1192/3955/89 1184/3955/89
f 1189/3955/30 1190/3955/90 1182/3955/90
f 1187/3955/28 1188/3955/56 1180/3955/56
f 1194/3955/57 1187/3955/28 1179/3955/28
f 1192/3955/89 1193/3955/32 1185/3955/32
f 1190/3955/90 1191/3955/27 1183/3955/27
f 1188/3955/56 1189/3955/30 1181/3955/30
f 1206/3955/91 1214/3955/35 1213/3955/30
f 1204/3955/93 1212/3955/36 1211/3955/31
f 1203/3955/37 1211/3955/31 1218/3955/33
f 1209/3955/95 1217/3955/32 1216/3955/34
f 1207/3955/97 1215/3955/29 1214/3955/35
f 1205/3955/92 1213/3955/30 1212/3955/36
f 1210/3955/94 1218/3955/33 1217/3955/32
f 1208/3955/96 1216/3955/34 1215/3955/29
f 1222/3955/98 1230/3955/35 1229/3955/30
f 1220/3955/100 1228/3955/36 1227/3955/31
f 1219/3955/101 1227/3955/31 1234/3955/33
f 1225/3955/103 1233/3955/32 1232/3955/34
f 1223/3955/38 1231/3955/29 1230/3955/35
f 1221/3955/99 1229/3955/30 1228/3955/36
f 1226/3955/102 1234/3955/33 1233/3955/32
f 1224/3955/104 1232/3955/34 1231/3955/29
f 1245/3955/105 1246/3955/111 1241/3955/106
f 1247/3955/108 1248/3955/112 1239/3955/109
f 1209/3955/95 1208/3955/96 1246/3955/111
f 1205/3955/92 1249/3955/115 1248/3955/112
f 1208/3955/96 1207/3955/97 1247/3955/108
f 1209/3955/95 1245/3955/105 1244/3955/113
f 1205/3955/92 1204/3955/93 1250/3955/114
f 1206/3955/91 1248/3955/112 1247/3955/108
f 1249/3955/115 1238/3955/118 1239/3955/109
f 1246/3955/111 1247/3955/108 1240/3955/110
f 1245/3955/105 1242/3955/107 1243/3955/116
f 1249/3955/115 1250/3955/114 1237/3955/117
f 1220/3955/100 1235/3955/123 1251/3955/119
f 1225/3955/103 1254/3955/125 1255/3955/120
f 1221/3955/99 1251/3955/119 1252/3955/121
f 1220/3955/100 1219/3955/101 1236/3955/122
f 1226/3955/102 1255/3955/120 1236/3955/122
f 1225/3955/103 1224/3955/104 1253/3955/124
f 1255/3955/120 1254/3955/125 1261/3955/126
f 1252/3955/121 1251/3955/119 1258/3955/128
f 1236/3955/122 1257/3955/131 1256/3955/130
f 1236/3955/122 1255/3955/120 1262/3955/127
f 1254/3955/125 1253/3955/124 1260/3955/132
f 1235/3955/123 1256/3955/130 1258/3955/128
f 1242/3955/107 1261/3955/126 1260/3955/132
f 1243/3955/116 1260/3955/132 1223/3955/38
f 1259/3955/129 1237/3955/117 1203/3955/37
f 1237/3955/117 1259/3955/129 1258/3955/128
f 1238/3955/118 1258/3955/128 1256/3955/130
f 1239/3955/109 1256/3955/130 1257/3955/131
f 1240/3955/110 1257/3955/131 1262/3955/127
f 1241/3955/106 1262/3955/127 1261/3955/126
f 1266/3955/91 1274/3955/35 1273/3955/30
f 1264/3955/93 1272/3955/36 1271/3955/31
f 1263/3955/37 1271/3955/31 1278/3955/33
f 1269/3955/95 1277/3955/32 1276/3955/34
f 1267/3955/97 1275/3955/29 1274/3955/35
f 1265/3955/92 1273/3955/30 1272/3955/36
f 1270/3955/94 1278/3955/33 1277/3955/32
f 1268/3955/96 1276/3955/34 1275/3955/29
f 1282/3955/98 1290/3955/35 1289/3955/30
f 1280/3955/100 1288/3955/36 1287/3955/31
f 1279/3955/101 1287/3955/31 1294/3955/33
f 1285/3955/103 1293/3955/32 1292/3955/34
f 1283/3955/38 1291/3955/29 1290/3955/35
f 1281/3955/99 1289/3955/30 1288/3955/36
f 1286/3955/102 1294/3955/33 1293/3955/32
f 1284/3955/104 1292/3955/34 1291/3955/29
f 1305/3955/105 1306/3955/133 1301/3955/106
f 1307/3955/108 1308/3955/112 1299/3955/109
f 1268/3955/96 1306/3955/133 1305/3955/105
f 1265/3955/92 1309/3955/115 1308/3955/112
f 1267/3955/97 1307/3955/108 1306/3955/133
f 1269/3955/95 1305/3955/105 1304/3955/113
f 1265/3955/92 1264/3955/93 1310/3955/114
f 1266/3955/91 1308/3955/112 1307/3955/108
f 1309/3955/115 1298/3955/118 1299/3955/109
f 1306/3955/133 1307/3955/108 1300/3955/110
f 1305/3955/105 1302/3955/107 1303/3955/116
f 1309/3955/115 1310/3955/114 1297/3955/117
f 1280/3955/100 1295/3955/123 1311/3955/119
f 1285/3955/103 1314/3955/125 1315/3955/134
f 1281/3955/99 1311/3955/119 1312/3955/121
f 1280/3955/100 1279/3955/101 1296/3955/122
f 1286/3955/102 1315/3955/134 1296/3955/122
f 1285/3955/103 1284/3955/104 1313/3955/124
f 1315/3955/134 1314/3955/125 1321/3955/126
f 1312/3955/121 1311/3955/119 1318/3955/128
f 1296/3955/122 1317/3955/131 1316/3955/130
f 1296/3955/122 1315/3955/134 1322/3955/127
f 1314/3955/125 1313/3955/124 1320/3955/132
f 1295/3955/123 1316/3955/130 1318/3955/128
f 1302/3955/107 1321/3955/126 1320/3955/132
f 1303/3955/116 1320/3955/132 1283/3955/38
f 1319/3955/129 1297/3955/117 1263/3955/37
f 1297/3955/117 1319/3955/129 1318/3955/128
f 1298/3955/118 1318/3955/128 1316/3955/130
f 1299/3955/109 1316/3955/130 1317/3955/131
f 1300/3955/110 1317/3955/131 1322/3955/127
f 1301/3955/106 1322/3955/127 1321/3955/126
f 1326/3955/91 1334/3955/35 1333/3955/30
f 1324/3955/93 1332/3955/36 1331/3955/31
f 1323/3955/37 1331/3955/31 1338/3955/33
f 1329/3955/95 1337/3955/32 1336/3955/34
f 1327/3955/97 1335/3955/29 1334/3955/35
f 1325/3955/92 1333/3955/30 1332/3955/36
f 1330/3955/94 1338/3955/33 1337/3955/32
f 1328/3955/96 1336/3955/34 1335/3955/29
f 1342/3955/98 1350/3955/35 1349/3955/30
f 1340/3955/100 1348/3955/36 1347/3955/31
f 1339/3955/101 1347/3955/31 1354/3955/33
f 1345/3955/103 1353/3955/32 1352/3955/34
f 1343/3955/38 1351/3955/29 1350/3955/35
f 1341/3955/99 1349/3955/30 1348/3955/36
f 1346/3955/102 1354/3955/33 1353/3955/32
f 1344/3955/104 1352/3955/34 1351/3955/29
f 1365/3955/105 1366/3955/133 1361/3955/106
f 1367/3955/108 1368/3955/112 1359/3955/109
f 1328/3955/96 1366/3955/133 1365/3955/105
f 1325/3955/92 1369/3955/115 1368/3955/112
f 1328/3955/96 1327/3955/97 1367/3955/108
f 1329/3955/95 1365/3955/105 1364/3955/113
f 1325/3955/92 1324/3955/93 1370/3955/114
f 1326/3955/91 1368/3955/112 1367/3955/108
f 1369/3955/115 1358/3955/118 1359/3955/109
f 1366/3955/133 1367/3955/108 1360/3955/110
f 1365/3955/105 1362/3955/107 1363/3955/116
f 1369/3955/115 1370/3955/114 1357/3955/117
f 1340/3955/100 1355/3955/135 1371/3955/119
f 1346/3955/102 1345/3955/103 1374/3955/125
f 1341/3955/99 1371/3955/119 1372/3955/121
f 1340/3955/100 1339/3955/101 1356/3955/122
f 1346/3955/102 1375/3955/134 1356/3955/122
f 1345/3955/103 1344/3955/104 1373/3955/124
f 1375/3955/134 1374/3955/125 1381/3955/126
f 1372/3955/121 1371/3955/119 1378/3955/128
f 1356/3955/122 1377/3955/131 1376/3955/130
f 1356/3955/122 1375/3955/134 1382/3955/127
f 1373/3955/124 1380/3955/132 1381/3955/126
f 1355/3955/135 1376/3955/130 1378/3955/128
f 1362/3955/107 1381/3955/126 1380/3955/132
f 1363/3955/116 1380/3955/132 1343/3955/38
f 1379/3955/129 1357/3955/117 1323/3955/37
f 1357/3955/117 1379/3955/129 1378/3955/128
f 1358/3955/118 1378/3955/128 1376/3955/130
f 1359/3955/109 1376/3955/130 1377/3955/131
f 1360/3955/110 1377/3955/131 1382/3955/127
f 1361/3955/106 1382/3955/127 1381/3955/126
f 1398/3955/33 1391/3955/31 1383/3955/31
f 1396/3955/34 1397/3955/32 1389/3955/32
f 1394/3955/35 1395/3955/29 1387/3955/29
f 1392/3955/36 1393/3955/30 1385/3955/30
f 1397/3955/32 1398/3955/33 1390/3955/33
f 1395/3955/29 1396/3955/34 1388/3955/34
f 1393/3955/30 1394/3955/35 1386/3955/35
f 1391/3955/31 1392/3955/36 1384/3955/36
f 1521/3955/32 1522/3955/57 1514/3955/57
f 1519/3955/27 1520/3955/89 1512/3955/89
f 1517/3955/30 1518/3955/90 1510/3955/90
f 1515/3955/28 1516/3955/56 1508/3955/56
f 1522/3955/57 1515/3955/28 1507/3955/28
f 1520/3955/89 1521/3955/32 1513/3955/32
f 1518/3955/90 1519/3955/27 1511/3955/27
f 1516/3955/56 1517/3955/30 1509/3955/30
f 1537/3955/32 1538/3955/57 1530/3955/57
f 1535/3955/27 1536/3955/89 1528/3955/89
f 1533/3955/30 1534/3955/90 1526/3955/90
f 1531/3955/28 1532/3955/56 1524/3955/56
f 1538/3955/57 1531/3955/28 1523/3955/28
f 1536/3955/89 1537/3955/32 1529/3955/32
f 1534/3955/90 1535/3955/27 1527/3955/27
f 1532/3955/56 1533/3955/30 1525/3955/30
f 1554/3955/33 1562/3955/33 1561/3955/32
f 1552/3955/34 1560/3955/34 1559/3955/29
f 1550/3955/35 1558/3955/35 1557/3955/30
f 1548/3955/36 1556/3955/36 1555/3955/31
f 1547/3955/31 1555/3955/31 1562/3955/33
f 1553/3955/32 1561/3955/32 1560/3955/34
f 1551/3955/29 1559/3955/29 1558/3955/35
f 1549/3955/30 1557/3955/30 1556/3955/36
f 1570/3955/33 1578/3955/33 1577/3955/32
f 1568/3955/34 1576/3955/34 1575/3955/29
f 1566/3955/35 1574/3955/35 1573/3955/30
f 1564/3955/36 1572/3955/36 1571/3955/31
f 1563/3955/31 1571/3955/31 1578/3955/33
f 1569/3955/32 1577/3955/32 1576/3955/34
f 1567/3955/29 1575/3955/29 1574/3955/35
f 1565/3955/30 1573/3955/30 1572/3955/36
f 1586/3955/33 1594/3955/33 1593/3955/32
f 1584/3955/34 1592/3955/34 1591/3955/29
f 1582/3955/35 1590/3955/35 1589/3955/30
f 1580/3955/36 1588/3955/36 1587/3955/31
f 1579/3955/31 1587/3955/31 1594/3955/33
f 1585/3955/32 1593/3955/32 1592/3955/34
f 1583/3955/29 1591/3955/29 1590/3955/35
f 1581/3955/30 1589/3955/30 1588/3955/36
f 1602/3955/33 1610/3955/33 1609/3955/32
f 1600/3955/34 1608/3955/34 1607/3955/29
f 1598/3955/35 1606/3955/35 1605/3955/30
f 1596/3955/36 1604/3955/36 1603/3955/31
f 1595/3955/31 1603/3955/31 1610/3955/33
f 1601/3955/32 1609/3955/32 1608/3955/34
f 1599/3955/29 1607/3955/29 1606/3955/35
f 1597/3955/30 1605/3955/30 1604/3955/36
f 1612/3955/136 1613/3955/39 1625/3955/39
f 1620/3955/32 1632/3955/32 1631/3955/137
f 1617/3955/29 1629/3955/29 1628/3955/138
f 1614/3955/30 1626/3955/30 1625/3955/39
f 1621/3955/40 1633/3955/40 1632/3955/32
f 1618/3955/139 1630/3955/139 1629/3955/29
f 1615/3955/140 1627/3955/140 1626/3955/30
f 1622/3955/141 1634/3955/141 1633/3955/40
f 1612/3955/136 1623/3955/136 1624/3955/31
f 1619/3955/137 1631/3955/137 1630/3955/139
f 1616/3955/138 1628/3955/138 1627/3955/140
f 1611/3955/31 1624/3955/31 1634/3955/141
f 1636/3955/136 1637/3955/39 1649/3955/39
f 1644/3955/32 1656/3955/32 1655/3955/137
f 1641/3955/29 1653/3955/29 1652/3955/138
f 1638/3955/30 1650/3955/30 1649/3955/39
f 1645/3955/40 1657/3955/40 1656/3955/32
f 1642/3955/139 1654/3955/139 1653/3955/29
f 1639/3955/140 1651/3955/140 1650/3955/30
f 1646/3955/141 1658/3955/141 1657/3955/40
f 1636/3955/136 1647/3955/136 1648/3955/31
f 1643/3955/137 1655/3955/137 1654/3955/139
f 1640/3955/138 1652/3955/138 1651/3955/140
f 1635/3955/31 1648/3955/31 1658/3955/141
f 1770/3955/142 1794/3955/142 1784/3955/27
f 1722/3955/142 1746/3955/142 1736/3955/27
f 1702/3955/30 1726/3955/30 1727/3955/86
f 1709/3955/88 1733/3955/88 1734/3955/143
f 1699/3955/28 1724/3955/28 1723/3955/144
f 1706/3955/145 1730/3955/145 1731/3955/85
f 1703/3955/86 1727/3955/86 1728/3955/142
f 1710/3955/143 1734/3955/143 1724/3955/28
f 1700/3955/144 1723/3955/144 1725/3955/87
f 1707/3955/85 1731/3955/85 1732/3955/32
f 1704/3955/142 1728/3955/142 1729/3955/27
f 1701/3955/87 1725/3955/87 1726/3955/30
f 1708/3955/32 1732/3955/32 1733/3955/88
f 1705/3955/27 1729/3955/27 1730/3955/145
f 1750/3955/30 1774/3955/30 1775/3955/86
f 1711/3955/145 1735/3955/145 1737/3955/85
f 1719/3955/87 1743/3955/87 1744/3955/30
f 1716/3955/143 1740/3955/143 1741/3955/28
f 1713/3955/85 1737/3955/85 1738/3955/32
f 1720/3955/30 1744/3955/30 1745/3955/86
f 1717/3955/28 1741/3955/28 1742/3955/144
f 1714/3955/32 1738/3955/32 1739/3955/88
f 1721/3955/86 1745/3955/86 1746/3955/142
f 1712/3955/27 1736/3955/27 1735/3955/145
f 1718/3955/144 1742/3955/144 1743/3955/87
f 1715/3955/88 1739/3955/88 1740/3955/143
f 1757/3955/88 1781/3955/88 1782/3955/143
f 1747/3955/28 1772/3955/28 1771/3955/144
f 1754/3955/145 1778/3955/145 1779/3955/85
f 1751/3955/86 1775/3955/86 1776/3955/142
f 1758/3955/143 1782/3955/143 1772/3955/28
f 1748/3955/144 1771/3955/144 1773/3955/87
f 1755/3955/85 1779/3955/85 1780/3955/32
f 1752/3955/142 1776/3955/142 1777/3955/27
f 1749/3955/87 1773/3955/87 1774/3955/30
f 1756/3955/32 1780/3955/32 1781/3955/88
f 1753/3955/27 1777/3955/27 1778/3955/145
f 1759/3955/145 1783/3955/145 1785/3955/85
f 1767/3955/87 1791/3955/87 1792/3955/30
f 1764/3955/143 1788/3955/143 1789/3955/28
f 1761/3955/85 1785/3955/85 1786/3955/32
f 1768/3955/30 1792/3955/30 1793/3955/86
f 1765/3955/28 1789/3955/28 1790/3955/144
f 1762/3955/32 1786/3955/32 1787/3955/88
f 1769/3955/86 1793/3955/86 1794/3955/142
f 1760/3955/27 1784/3955/27 1783/3955/145
f 1766/3955/144 1790/3955/144 1791/3955/87
f 1763/3955/88 1787/3955/88 1788/3955/143
f 1801/3955/146 1800/3955/147 1812/3955/147
f 1798/3955/148 1797/3955/149 1809/3955/149
f 1804/3955/150 1816/3955/150 1817/3955/151
f 1802/3955/152 1801/3955/146 1813/3955/146
f 1798/3955/148 1810/3955/148 1811/3955/153
f 1806/3955/154 1805/3955/151 1817/3955/151
f 1795/3955/155 1808/3955/155 1807/3955/156
f 1802/3955/152 1814/3955/152 1815/3955/157
f 1799/3955/153 1811/3955/153 1812/3955/147
f 1806/3955/154 1818/3955/154 1808/3955/155
f 1796/3955/156 1807/3955/156 1809/3955/149
f 1804/3955/150 1803/3955/157 1815/3955/157
f 1825/3955/158 1824/3955/159 1836/3955/159
f 1822/3955/160 1821/3955/161 1833/3955/161
f 1828/3955/162 1840/3955/162 1841/3955/163
f 1825/3955/158 1837/3955/158 1838/3955/164
f 1823/3955/165 1822/3955/160 1834/3955/160
f 1830/3955/166 1829/3955/163 1841/3955/163
f 1819/3955/167 1832/3955/167 1831/3955/168
f 1827/3955/169 1826/3955/164 1838/3955/164
f 1824/3955/159 1823/3955/165 1835/3955/165
f 1830/3955/166 1842/3955/166 1832/3955/167
f 1820/3955/168 1831/3955/168 1833/3955/161
f 1828/3955/162 1827/3955/169 1839/3955/169
f 1873/3955/27 1874/3955/122 1866/3955/122
f 1871/3955/29 1872/3955/108 1864/3955/108
f 1869/3955/28 1870/3955/38 1862/3955/38
f 1867/3955/31 1868/3955/37 1860/3955/37
f 1874/3955/122 1867/3955/31 1859/3955/31
f 1872/3955/108 1873/3955/27 1865/3955/27
f 1870/3955/38 1871/3955/29 1863/3955/29
f 1868/3955/37 1869/3955/28 1861/3955/28
f 1889/3955/27 1890/3955/122 1882/3955/122
f 1887/3955/29 1888/3955/108 1880/3955/108
f 1885/3955/28 1886/3955/38 1878/3955/38
f 1883/3955/31 1884/3955/37 1876/3955/37
f 1890/3955/122 1883/3955/31 1875/3955/31
f 1888/3955/108 1889/3955/27 1881/3955/27
f 1886/3955/38 1887/3955/29 1879/3955/29
f 1884/3955/37 1885/3955/28 1877/3955/28
f 1905/3955/170 1906/3955/173 1898/3955/122
f 1903/3955/171 1904/3955/174 1896/3955/108
f 1901/3955/172 1902/3955/175 1894/3955/38
f 1899/3955/33 1900/3955/176 1892/3955/37
f 1906/3955/173 1899/3955/33 1891/3955/31
f 1904/3955/174 1905/3955/170 1897/3955/27
f 1902/3955/175 1903/3955/171 1895/3955/29
f 1900/3955/176 1901/3955/172 1893/3955/28
f 1904/3955/174 1911/3955/181 1912/3955/177
f 1903/3955/171 1902/3955/175 1909/3955/178
f 1900/3955/176 1907/3955/182 1908/3955/179
f 1905/3955/170 1912/3955/177 1913/3955/180
f 1903/3955/171 1910/3955/35 1911/3955/181
f 1901/3955/172 1908/3955/179 1909/3955/178
f 1907/3955/182 1914/3955/189 1915/3955/183
f 1913/3955/180 1912/3955/177 1919/3955/184
f 1911/3955/181 1910/3955/35 1917/3955/186
f 1908/3955/179 1915/3955/183 1916/3955/188
f 1911/3955/181 1918/3955/187 1919/3955/184
f 1909/3955/178 1916/3955/188 1917/3955/186
f 1920/3955/185 1928/3955/89 1921/3955/32
f 1919/3955/184 1927/3955/27 1928/3955/89
f 1899/3955/33 1921/3955/32 1922/3955/57
f 1917/3955/186 1925/3955/30 1926/3955/90
f 1915/3955/183 1923/3955/28 1924/3955/56
f 1918/3955/187 1926/3955/90 1927/3955/27
f 1916/3955/188 1924/3955/56 1925/3955/30
f 1914/3955/189 1922/3955/57 1923/3955/28
f 1943/3955/190 1942/3955/193 1949/3955/181
f 1941/3955/42 1940/3955/194 1947/3955/178
f 1939/3955/191 1938/3955/196 1945/3955/182
f 1943/3955/190 1950/3955/177 1951/3955/180
f 1941/3955/42 1948/3955/35 1949/3955/181
f 1939/3955/191 1946/3955/179 1947/3955/178
f 1945/3955/182 1952/3955/189 1953/3955/183
f 1950/3955/177 1957/3955/184 1958/3955/185
f 1949/3955/181 1948/3955/35 1955/3955/186
f 1946/3955/179 1953/3955/183 1954/3955/188
f 1949/3955/181 1956/3955/187 1957/3955/184
f 1947/3955/178 1954/3955/188 1955/3955/186
f 1958/3955/185 1966/3955/198 1959/3955/197
f 1957/3955/184 1965/3955/202 1966/3955/198
f 1937/3955/195 1959/3955/197 1960/3955/199
f 1955/3955/186 1963/3955/35 1964/3955/200
f 1953/3955/183 1961/3955/203 1962/3955/201
f 1956/3955/187 1964/3955/200 1965/3955/202
f 1954/3955/188 1962/3955/201 1963/3955/35
f 1952/3955/189 1960/3955/199 1961/3955/203
f 1982/3955/122 1975/3955/31 1967/3955/31
f 1980/3955/108 1981/3955/27 1973/3955/27
f 1978/3955/38 1979/3955/29 1971/3955/29
f 1976/3955/37 1977/3955/28 1969/3955/28
f 1981/3955/27 1982/3955/122 1974/3955/122
f 1979/3955/29 1980/3955/108 1972/3955/108
f 1977/3955/28 1978/3955/38 1970/3955/38
f 1975/3955/31 1976/3955/37 1968/3955/37
f 1961/3955/203 1985/3955/207 1986/3955/204
f 1959/3955/197 1983/3955/33 1984/3955/205
f 1964/3955/200 1987/3955/216 1988/3955/206
f 1960/3955/199 1984/3955/205 1985/3955/207
f 1959/3955/197 1966/3955/198 1989/3955/208
f 1966/3955/198 1965/3955/202 1988/3955/206
f 1989/3955/208 1996/3955/210 1990/3955/209
f 1988/3955/206 1995/3955/214 1996/3955/210
f 1985/3955/207 1992/3955/215 1993/3955/211
f 1983/3955/33 1990/3955/209 1991/3955/212
f 1988/3955/206 1987/3955/216 1994/3955/213
f 1985/3955/207 1984/3955/205 1991/3955/212
f 1963/3955/35 1997/3955/29 2002/3955/108
f 1996/3955/210 2004/3955/122 1998/3955/31
f 1993/3955/211 2001/3955/38 1997/3955/29
f 1995/3955/214 2003/3955/27 2004/3955/122
f 1992/3955/215 2000/3955/28 2001/3955/38
f 1990/3955/209 1998/3955/31 1999/3955/37
f 1994/3955/213 2002/3955/108 2003/3955/27
f 1991/3955/212 1999/3955/37 2000/3955/28
f 2012/3955/89 2020/3955/198 2013/3955/197
f 2011/3955/27 2019/3955/202 2020/3955/198
f 2005/3955/32 2013/3955/197 2014/3955/199
f 2009/3955/30 2017/3955/35 2018/3955/200
f 2007/3955/28 2015/3955/203 2016/3955/201
f 2010/3955/90 2018/3955/200 2019/3955/202
f 2008/3955/56 2016/3955/201 2017/3955/35
f 2006/3955/57 2014/3955/199 2015/3955/203
f 2015/3955/203 2023/3955/207 2024/3955/204
f 2013/3955/197 2021/3955/33 2022/3955/205
f 2019/3955/202 2018/3955/200 2025/3955/216
f 2014/3955/199 2022/3955/205 2023/3955/207
f 2013/3955/197 2020/3955/198 2027/3955/208
f 2020/3955/198 2019/3955/202 2026/3955/206
f 2021/3955/33 2027/3955/208 2034/3955/210
f 2026/3955/206 2033/3955/214 2034/3955/210
f 2024/3955/204 2023/3955/207 2030/3955/215
f 2021/3955/33 2028/3955/209 2029/3955/212
f 2025/3955/216 2032/3955/213 2033/3955/214
f 2023/3955/207 2022/3955/205 2029/3955/212
f 2017/3955/35 2035/3955/29 2040/3955/108
f 2034/3955/210 2042/3955/122 2036/3955/31
f 2031/3955/211 2039/3955/38 2035/3955/29
f 2033/3955/214 2041/3955/27 2042/3955/122
f 2030/3955/215 2038/3955/28 2039/3955/38
f 2028/3955/209 2036/3955/31 2037/3955/37
f 2032/3955/213 2040/3955/108 2041/3955/27
f 2029/3955/212 2037/3955/37 2038/3955/28
f 2249/3955/29 2261/3955/29 2260/3955/138
f 2246/3955/30 2258/3955/30 2257/3955/39
f 2253/3955/40 2265/3955/40 2264/3955/32
f 2250/3955/139 2262/3955/139 2261/3955/29
f 2247/3955/140 2259/3955/140 2258/3955/30
f 2256/3955/31 2271/3955/31 2270/3955/217
f 2266/3955/141 2272/3955/218 2271/3955/31
f 2251/3955/137 2263/3955/137 2262/3955/139
f 2248/3955/138 2260/3955/138 2259/3955/140
f 2244/3955/136 2268/3955/217 2267/3955/31
f 2243/3955/31 2267/3955/31 2269/3955/218
f 2252/3955/32 2264/3955/32 2263/3955/137
f 2244/3955/136 2245/3955/39 2268/3955/217
f 2245/3955/39 2257/3955/39 2268/3955/217
f 2257/3955/39 2255/3955/136 2270/3955/217
f 2253/3955/40 2254/3955/141 2269/3955/218
f 2272/3955/218 2266/3955/141 2265/3955/40
f 2253/3955/40 2269/3955/218 2272/3955/218
f 2287/3955/219 2285/3955/29 2273/3955/29
f 2285/3955/29 2286/3955/220 2274/3955/139
f 2288/3955/29 2300/3955/29 2302/3955/219
f 2289/3955/139 2301/3955/220 2300/3955/29
f 2297/3955/30 2298/3955/140 2283/3955/140
f 2296/3955/39 2297/3955/30 2282/3955/30
f 2295/3955/136 2296/3955/39 2281/3955/39
f 2294/3955/31 2295/3955/136 2280/3955/136
f 2293/3955/141 2294/3955/31 2279/3955/31
f 2292/3955/40 2293/3955/141 2278/3955/141
f 2291/3955/32 2292/3955/40 2277/3955/40
f 2290/3955/137 2291/3955/32 2276/3955/32
f 2275/3955/137 2274/3955/139 2286/3955/220
f 2286/3955/220 2301/3955/220 2275/3955/137
f 2301/3955/220 2289/3955/139 2290/3955/137
f 2284/3955/138 2283/3955/140 2287/3955/219
f 2283/3955/140 2298/3955/140 2287/3955/219
f 2298/3955/140 2299/3955/138 2302/3955/219
f 2308/3955/138 2320/3955/138 2321/3955/29
f 2305/3955/39 2317/3955/39 2318/3955/30
f 2312/3955/32 2324/3955/32 2325/3955/40
f 2309/3955/29 2321/3955/29 2322/3955/139
f 2306/3955/30 2318/3955/30 2319/3955/140
f 2313/3955/40 2325/3955/40 2326/3955/141
f 2303/3955/31 2316/3955/31 2315/3955/136
f 2310/3955/139 2322/3955/139 2323/3955/137
f 2307/3955/140 2319/3955/140 2320/3955/138
f 2314/3955/141 2326/3955/141 2316/3955/31
f 2304/3955/136 2315/3955/136 2317/3955/39
f 2311/3955/137 2323/3955/137 2324/3955/32
f 2336/3955/32 2348/3955/32 2347/3955/137
f 2333/3955/29 2345/3955/29 2344/3955/138
f 2330/3955/30 2342/3955/30 2341/3955/39
f 2337/3955/40 2349/3955/40 2348/3955/32
f 2334/3955/139 2346/3955/139 2345/3955/29
f 2331/3955/140 2343/3955/140 2342/3955/30
f 2338/3955/141 2350/3955/141 2349/3955/40
f 2328/3955/136 2340/3955/136 2339/3955/31
f 2335/3955/137 2347/3955/137 2346/3955/139
f 2332/3955/138 2344/3955/138 2343/3955/140
f 2327/3955/31 2339/3955/31 2350/3955/141
f 2329/3955/39 2341/3955/39 2340/3955/136
f 2358/3955/139 2370/3955/139 2369/3955/29
f 2355/3955/140 2367/3955/140 2366/3955/30
f 2362/3955/141 2374/3955/141 2373/3955/40
f 2352/3955/136 2364/3955/136 2363/3955/31
f 2359/3955/137 2371/3955/137 2370/3955/139
f 2356/3955/138 2368/3955/138 2367/3955/140
f 2351/3955/31 2363/3955/31 2374/3955/141
f 2353/3955/39 2365/3955/39 2364/3955/136
f 2360/3955/32 2372/3955/32 2371/3955/137
f 2357/3955/29 2369/3955/29 2368/3955/138
f 2354/3955/30 2366/3955/30 2365/3955/39
f 2361/3955/40 2373/3955/40 2372/3955/32
f 2374/3955/221 2363/3955/37 2375/3955/37
f 2364/3955/222 2376/3955/222 2375/3955/37
f 2365/3955/223 2377/3955/223 2376/3955/222
f 2365/3955/223 2366/3955/56 2378/3955/56
f 2367/3955/224 2379/3955/224 2378/3955/56
f 2368/3955/225 2380/3955/225 2379/3955/224
f 2369/3955/38 2381/3955/38 2380/3955/225
f 2370/3955/226 2382/3955/226 2381/3955/38
f 2371/3955/227 2383/3955/227 2382/3955/226
f 2371/3955/227 2372/3955/57 2384/3955/57
f 2373/3955/228 2385/3955/228 2384/3955/57
f 2373/3955/228 2374/3955/221 2386/3955/221
f 2388/3955/40 2856/3955/40 2857/3955/32
f 2395/3955/30 2863/3955/30 2864/3955/39
f 2392/3955/29 2860/3955/29 2861/3955/138
f 2389/3955/32 2857/3955/32 2858/3955/137
f 2396/3955/39 2864/3955/39 2865/3955/136
f 2398/3955/31 2866/3955/31 2855/3955/141
f 2393/3955/138 2861/3955/138 2862/3955/140
f 2390/3955/137 2858/3955/137 2859/3955/139
f 2397/3955/136 2865/3955/136 2866/3955/31
f 2387/3955/141 2855/3955/141 2856/3955/40
f 2394/3955/140 2862/3955/140 2863/3955/30
f 2391/3955/139 2859/3955/139 2860/3955/29
f 2405/3955/29 2417/3955/29 2416/3955/138
f 2402/3955/30 2414/3955/30 2413/3955/39
f 2409/3955/40 2421/3955/40 2420/3955/32
f 2406/3955/139 2418/3955/139 2417/3955/29
f 2403/3955/140 2415/3955/140 2414/3955/30
f 2412/3955/31 2427/3955/31 2426/3955/217
f 2422/3955/141 2428/3955/218 2427/3955/31
f 2407/3955/137 2419/3955/137 2418/3955/139
f 2404/3955/138 2416/3955/138 2415/3955/140
f 2400/3955/136 2424/3955/217 2423/3955/31
f 2399/3955/31 2423/3955/31 2425/3955/218
f 2408/3955/32 2420/3955/32 2419/3955/137
f 2400/3955/136 2401/3955/39 2424/3955/217
f 2401/3955/39 2413/3955/39 2424/3955/217
f 2413/3955/39 2411/3955/136 2426/3955/217
f 2409/3955/40 2410/3955/141 2425/3955/218
f 2428/3955/218 2422/3955/141 2421/3955/40
f 2409/3955/40 2425/3955/218 2428/3955/218
f 2443/3955/219 2441/3955/29 2429/3955/29
f 2441/3955/29 2442/3955/220 2430/3955/139
f 2444/3955/29 2456/3955/29 2458/3955/219
f 2445/3955/139 2457/3955/220 2456/3955/29
f 2453/3955/30 2454/3955/140 2439/3955/140
f 2452/3955/39 2453/3955/30 2438/3955/30
f 2451/3955/136 2452/3955/39 2437/3955/39
f 2450/3955/31 2451/3955/136 2436/3955/136
f 2449/3955/141 2450/3955/31 2435/3955/31
f 2448/3955/40 2449/3955/141 2434/3955/141
f 2447/3955/32 2448/3955/40 2433/3955/40
f 2446/3955/137 2447/3955/32 2432/3955/32
f 2431/3955/137 2430/3955/139 2442/3955/220
f 2442/3955/220 2457/3955/220 2431/3955/137
f 2457/3955/220 2445/3955/139 2446/3955/137
f 2440/3955/138 2439/3955/140 2443/3955/219
f 2439/3955/140 2454/3955/140 2443/3955/219
f 2454/3955/140 2455/3955/138 2458/3955/219
f 2464/3955/138 2476/3955/138 2477/3955/29
f 2461/3955/39 2473/3955/39 2474/3955/30
f 2468/3955/32 2480/3955/32 2481/3955/40
f 2465/3955/29 2477/3955/29 2478/3955/139
f 2462/3955/30 2474/3955/30 2475/3955/140
f 2469/3955/40 2481/3955/40 2482/3955/141
f 2459/3955/31 2472/3955/31 2471/3955/136
f 2466/3955/139 2478/3955/139 2479/3955/137
f 2463/3955/140 2475/3955/140 2476/3955/138
f 2470/3955/141 2482/3955/141 2472/3955/31
f 2460/3955/136 2471/3955/136 2473/3955/39
f 2467/3955/137 2479/3955/137 2480/3955/32
f 2492/3955/32 2504/3955/32 2503/3955/137
f 2489/3955/29 2501/3955/29 2500/3955/138
f 2486/3955/30 2498/3955/30 2497/3955/39
f 2493/3955/40 2505/3955/40 2504/3955/32
f 2490/3955/139 2502/3955/139 2501/3955/29
f 2487/3955/140 2499/3955/140 2498/3955/30
f 2494/3955/141 2506/3955/141 2505/3955/40
f 2484/3955/136 2496/3955/136 2495/3955/31
f 2491/3955/137 2503/3955/137 2502/3955/139
f 2488/3955/138 2500/3955/138 2499/3955/140
f 2483/3955/31 2495/3955/31 2506/3955/141
f 2485/3955/39 2497/3955/39 2496/3955/136
f 2532/3955/228 2531/3955/221 2519/3955/221
f 2532/3955/228 2520/3955/228 2521/3955/57
f 2534/3955/227 2533/3955/57 2521/3955/57
f 2534/3955/227 2522/3955/227 2523/3955/226
f 2535/3955/226 2523/3955/226 2524/3955/38
f 2536/3955/38 2524/3955/38 2525/3955/225
f 2537/3955/225 2525/3955/225 2526/3955/224
f 2538/3955/224 2526/3955/224 2527/3955/56
f 2540/3955/223 2539/3955/56 2527/3955/56
f 2541/3955/222 2540/3955/223 2528/3955/223
f 2541/3955/222 2529/3955/222 2530/3955/37
f 2531/3955/221 2542/3955/37 2530/3955/37
f 2544/3955/40 2532/3955/40 2533/3955/32
f 2551/3955/30 2539/3955/30 2540/3955/39
f 2548/3955/29 2536/3955/29 2537/3955/138
f 2545/3955/32 2533/3955/32 2534/3955/137
f 2552/3955/39 2540/3955/39 2541/3955/136
f 2554/3955/31 2542/3955/31 2531/3955/141
f 2549/3955/138 2537/3955/138 2538/3955/140
f 2546/3955/137 2534/3955/137 2535/3955/139
f 2553/3955/136 2541/3955/136 2542/3955/31
f 2543/3955/141 2531/3955/141 2532/3955/40
f 2550/3955/140 2538/3955/140 2539/3955/30
f 2547/3955/139 2535/3955/139 2536/3955/29
f 2705/3955/138 2680/3955/138 2679/3955/140
f 2710/3955/31 2675/3955/31 2686/3955/141
f 2708/3955/39 2677/3955/39 2676/3955/136
f 2701/3955/32 2684/3955/32 2683/3955/137
f 2704/3955/29 2681/3955/29 2680/3955/138
f 2707/3955/30 2678/3955/30 2677/3955/39
f 2700/3955/40 2685/3955/40 2684/3955/32
f 2703/3955/139 2682/3955/139 2681/3955/29
f 2706/3955/140 2679/3955/140 2678/3955/30
f 2699/3955/141 2686/3955/141 2685/3955/40
f 2709/3955/136 2676/3955/136 2675/3955/31
f 2702/3955/137 2683/3955/137 2682/3955/139
f 2561/3955/29 2573/3955/29 2572/3955/138
f 2558/3955/30 2570/3955/30 2569/3955/39
f 2565/3955/40 2577/3955/40 2576/3955/32
f 2562/3955/139 2574/3955/139 2573/3955/29
f 2559/3955/140 2571/3955/140 2570/3955/30
f 2568/3955/31 2583/3955/31 2582/3955/217
f 2578/3955/141 2584/3955/218 2583/3955/31
f 2563/3955/137 2575/3955/137 2574/3955/139
f 2560/3955/138 2572/3955/138 2571/3955/140
f 2556/3955/136 2580/3955/217 2579/3955/31
f 2555/3955/31 2579/3955/31 2581/3955/218
f 2564/3955/32 2576/3955/32 2575/3955/137
f 2556/3955/136 2557/3955/39 2580/3955/217
f 2557/3955/39 2569/3955/39 2580/3955/217
f 2569/3955/39 2567/3955/136 2582/3955/217
f 2565/3955/40 2566/3955/141 2581/3955/218
f 2584/3955/218 2578/3955/141 2577/3955/40
f 2565/3955/40 2581/3955/218 2584/3955/218
f 2599/3955/219 2597/3955/29 2585/3955/29
f 2597/3955/29 2598/3955/220 2586/3955/139
f 2600/3955/29 2612/3955/29 2614/3955/219
f 2601/3955/139 2613/3955/220 2612/3955/29
f 2609/3955/30 2610/3955/140 2595/3955/140
f 2608/3955/39 2609/3955/30 2594/3955/30
f 2607/3955/136 2608/3955/39 2593/3955/39
f 2606/3955/31 2607/3955/136 2592/3955/136
f 2605/3955/141 2606/3955/31 2591/3955/31
f 2604/3955/40 2605/3955/141 2590/3955/141
f 2603/3955/32 2604/3955/40 2589/3955/40
f 2602/3955/137 2603/3955/32 2588/3955/32
f 2587/3955/137 2586/3955/139 2598/3955/220
f 2598/3955/220 2613/3955/220 2587/3955/137
f 2613/3955/220 2601/3955/139 2602/3955/137
f 2596/3955/138 2595/3955/140 2599/3955/219
f 2595/3955/140 2610/3955/140 2599/3955/219
f 2610/3955/140 2611/3955/138 2614/3955/219
f 2620/3955/138 2632/3955/138 2633/3955/29
f 2617/3955/39 2629/3955/39 2630/3955/30
f 2624/3955/32 2636/3955/32 2637/3955/40
f 2621/3955/29 2633/3955/29 2634/3955/139
f 2618/3955/30 2630/3955/30 2631/3955/140
f 2625/3955/40 2637/3955/40 2638/3955/141
f 2615/3955/31 2628/3955/31 2627/3955/136
f 2622/3955/139 2634/3955/139 2635/3955/137
f 2619/3955/140 2631/3955/140 2632/3955/138
f 2626/3955/141 2638/3955/141 2628/3955/31
f 2616/3955/136 2627/3955/136 2629/3955/39
f 2623/3955/137 2635/3955/137 2636/3955/32
f 2648/3955/32 2660/3955/32 2659/3955/137
f 2645/3955/29 2657/3955/29 2656/3955/138
f 2642/3955/30 2654/3955/30 2653/3955/39
f 2649/3955/40 2661/3955/40 2660/3955/32
f 2646/3955/139 2658/3955/139 2657/3955/29
f 2643/3955/140 2655/3955/140 2654/3955/30
f 2650/3955/141 2662/3955/141 2661/3955/40
f 2640/3955/136 2652/3955/136 2651/3955/31
f 2647/3955/137 2659/3955/137 2658/3955/139
f 2644/3955/138 2656/3955/138 2655/3955/140
f 2639/3955/31 2651/3955/31 2662/3955/141
f 2641/3955/39 2653/3955/39 2652/3955/136
f 2698/3955/229 2686/3955/229 2675/3955/122
f 2675/3955/122 2676/3955/230 2688/3955/230
f 2676/3955/230 2677/3955/231 2689/3955/231
f 2689/3955/231 2677/3955/231 2678/3955/90
f 2678/3955/90 2679/3955/232 2691/3955/232
f 2691/3955/232 2679/3955/232 2680/3955/233
f 2680/3955/233 2681/3955/108 2693/3955/108
f 2681/3955/108 2682/3955/234 2694/3955/234
f 2694/3955/234 2682/3955/234 2683/3955/235
f 2695/3955/235 2683/3955/235 2684/3955/89
f 2684/3955/89 2685/3955/236 2697/3955/236
f 2685/3955/236 2686/3955/229 2698/3955/229
f 2694/3955/139 2670/3955/139 2669/3955/29
f 2691/3955/140 2667/3955/140 2666/3955/30
f 2698/3955/141 2674/3955/141 2673/3955/40
f 2688/3955/136 2664/3955/136 2663/3955/31
f 2695/3955/137 2671/3955/137 2670/3955/139
f 2692/3955/138 2668/3955/138 2667/3955/140
f 2687/3955/31 2663/3955/31 2674/3955/141
f 2689/3955/39 2665/3955/39 2664/3955/136
f 2696/3955/32 2672/3955/32 2671/3955/137
f 2693/3955/29 2669/3955/29 2668/3955/138
f 2690/3955/30 2666/3955/30 2665/3955/39
f 2697/3955/40 2673/3955/40 2672/3955/32
f 2819/3955/221 2699/3955/221 2700/3955/228
f 2820/3955/228 2700/3955/228 2701/3955/57
f 2822/3955/227 2821/3955/57 2701/3955/57
f 2823/3955/226 2822/3955/227 2702/3955/227
f 2823/3955/226 2703/3955/226 2704/3955/38
f 2824/3955/38 2704/3955/38 2705/3955/225
f 2825/3955/225 2705/3955/225 2706/3955/224
f 2826/3955/224 2706/3955/224 2707/3955/56
f 2828/3955/223 2827/3955/56 2707/3955/56
f 2828/3955/223 2708/3955/223 2709/3955/222
f 2829/3955/222 2709/3955/222 2710/3955/37
f 2819/3955/221 2830/3955/37 2710/3955/37
f 2717/3955/29 2729/3955/29 2728/3955/138
f 2714/3955/30 2726/3955/30 2725/3955/39
f 2721/3955/40 2733/3955/40 2732/3955/32
f 2718/3955/139 2730/3955/139 2729/3955/29
f 2715/3955/140 2727/3955/140 2726/3955/30
f 2724/3955/31 2739/3955/31 2738/3955/217
f 2734/3955/141 2740/3955/218 2739/3955/31
f 2719/3955/137 2731/3955/137 2730/3955/139
f 2716/3955/138 2728/3955/138 2727/3955/140
f 2712/3955/136 2736/3955/217 2735/3955/31
f 2711/3955/31 2735/3955/31 2737/3955/218
f 2720/3955/32 2732/3955/32 2731/3955/137
f 2712/3955/136 2713/3955/39 2736/3955/217
f 2713/3955/39 2725/3955/39 2736/3955/217
f 2725/3955/39 2723/3955/136 2738/3955/217
f 2721/3955/40 2722/3955/141 2737/3955/218
f 2740/3955/218 2734/3955/141 2733/3955/40
f 2721/3955/40 2737/3955/218 2740/3955/218
f 2755/3955/219 2753/3955/29 2741/3955/29
f 2753/3955/29 2754/3955/220 2742/3955/139
f 2756/3955/29 2768/3955/29 2770/3955/219
f 2757/3955/139 2769/3955/220 2768/3955/29
f 2765/3955/30 2766/3955/140 2751/3955/140
f 2764/3955/39 2765/3955/30 2750/3955/30
f 2763/3955/136 2764/3955/39 2749/3955/39
f 2762/3955/31 2763/3955/136 2748/3955/136
f 2761/3955/141 2762/3955/31 2747/3955/31
f 2760/3955/40 2761/3955/141 2746/3955/141
f 2759/3955/32 2760/3955/40 2745/3955/40
f 2758/3955/137 2759/3955/32 2744/3955/32
f 2743/3955/137 2742/3955/139 2754/3955/220
f 2754/3955/220 2769/3955/220 2743/3955/137
f 2769/3955/220 2757/3955/139 2758/3955/137
f 2752/3955/138 2751/3955/140 2755/3955/219
f 2751/3955/140 2766/3955/140 2755/3955/219
f 2766/3955/140 2767/3955/138 2770/3955/219
f 2776/3955/138 2788/3955/138 2789/3955/29
f 2773/3955/39 2785/3955/39 2786/3955/30
f 2780/3955/32 2792/3955/32 2793/3955/40
f 2777/3955/29 2789/3955/29 2790/3955/139
f 2774/3955/30 2786/3955/30 2787/3955/140
f 2781/3955/40 2793/3955/40 2794/3955/141
f 2771/3955/31 2784/3955/31 2783/3955/136
f 2778/3955/139 2790/3955/139 2791/3955/137
f 2775/3955/140 2787/3955/140 2788/3955/138
f 2782/3955/141 2794/3955/141 2784/3955/31
f 2772/3955/136 2783/3955/136 2785/3955/39
f 2779/3955/137 2791/3955/137 2792/3955/32
f 2804/3955/32 2816/3955/32 2815/3955/137
f 2801/3955/29 2813/3955/29 2812/3955/138
f 2798/3955/30 2810/3955/30 2809/3955/39
f 2805/3955/40 2817/3955/40 2816/3955/32
f 2802/3955/139 2814/3955/139 2813/3955/29
f 2799/3955/140 2811/3955/140 2810/3955/30
f 2806/3955/141 2818/3955/141 2817/3955/40
f 2796/3955/136 2808/3955/136 2807/3955/31
f 2803/3955/137 2815/3955/137 2814/3955/139
f 2800/3955/138 2812/3955/138 2811/3955/140
f 2795/3955/31 2807/3955/31 2818/3955/141
f 2797/3955/39 2809/3955/39 2808/3955/136
f 2832/3955/40 2820/3955/40 2821/3955/32
f 2839/3955/30 2827/3955/30 2828/3955/39
f 2836/3955/29 2824/3955/29 2825/3955/138
f 2833/3955/32 2821/3955/32 2822/3955/137
f 2840/3955/39 2828/3955/39 2829/3955/136
f 2842/3955/31 2830/3955/31 2819/3955/141
f 2837/3955/138 2825/3955/138 2826/3955/140
f 2834/3955/137 2822/3955/137 2823/3955/139
f 2841/3955/136 2829/3955/136 2830/3955/31
f 2831/3955/141 2819/3955/141 2820/3955/40
f 2838/3955/140 2826/3955/140 2827/3955/30
f 2835/3955/139 2823/3955/139 2824/3955/29
f 2388/3955/236 2844/3955/236 2843/3955/229
f 2845/3955/89 2844/3955/236 2388/3955/236
f 2390/3955/235 2846/3955/235 2845/3955/89
f 2847/3955/234 2846/3955/235 2390/3955/235
f 2848/3955/108 2847/3955/234 2391/3955/234
f 2849/3955/233 2848/3955/108 2392/3955/108
f 2850/3955/232 2849/3955/233 2393/3955/233
f 2851/3955/90 2850/3955/232 2394/3955/232
f 2396/3955/231 2852/3955/231 2851/3955/90
f 2397/3955/230 2853/3955/230 2852/3955/231
f 2854/3955/122 2853/3955/230 2397/3955/230
f 2387/3955/229 2843/3955/229 2854/3955/122
f 2383/3955/137 2846/3955/137 2847/3955/139
f 2376/3955/136 2853/3955/136 2854/3955/31
f 2386/3955/141 2843/3955/141 2844/3955/40
f 2379/3955/140 2850/3955/140 2851/3955/30
f 2382/3955/139 2847/3955/139 2848/3955/29
f 2385/3955/40 2844/3955/40 2845/3955/32
f 2378/3955/30 2851/3955/30 2852/3955/39
f 2381/3955/29 2848/3955/29 2849/3955/138
f 2384/3955/32 2845/3955/32 2846/3955/137
f 2377/3955/39 2852/3955/39 2853/3955/136
f 2375/3955/31 2854/3955/31 2843/3955/141
f 2380/3955/138 2849/3955/138 2850/3955/140
f 2517/3955/40 2952/3955/40 2953/3955/32
f 2510/3955/30 2959/3955/30 2960/3955/39
f 2513/3955/29 2956/3955/29 2957/3955/138
f 2516/3955/32 2953/3955/32 2954/3955/137
f 2509/3955/39 2960/3955/39 2961/3955/136
f 2507/3955/31 2962/3955/31 2951/3955/141
f 2512/3955/138 2957/3955/138 2958/3955/140
f 2515/3955/137 2954/3955/137 2955/3955/139
f 2508/3955/136 2961/3955/136 2962/3955/31
f 2518/3955/141 2951/3955/141 2952/3955/40
f 2511/3955/140 2958/3955/140 2959/3955/30
f 2514/3955/139 2955/3955/139 2956/3955/29
f 2909/3955/138 2884/3955/138 2883/3955/140
f 2914/3955/31 2879/3955/31 2890/3955/141
f 2912/3955/39 2881/3955/39 2880/3955/136
f 2905/3955/32 2888/3955/32 2887/3955/137
f 2908/3955/29 2885/3955/29 2884/3955/138
f 2911/3955/30 2882/3955/30 2881/3955/39
f 2904/3955/40 2889/3955/40 2888/3955/32
f 2907/3955/139 2886/3955/139 2885/3955/29
f 2910/3955/140 2883/3955/140 2882/3955/30
f 2903/3955/141 2890/3955/141 2889/3955/40
f 2913/3955/136 2880/3955/136 2879/3955/31
f 2906/3955/137 2887/3955/137 2886/3955/139
f 2902/3955/229 2890/3955/229 2879/3955/122
f 2879/3955/122 2880/3955/230 2892/3955/230
f 2880/3955/230 2881/3955/231 2893/3955/231
f 2893/3955/231 2881/3955/231 2882/3955/90
f 2882/3955/90 2883/3955/232 2895/3955/232
f 2895/3955/232 2883/3955/232 2884/3955/233
f 2884/3955/233 2885/3955/108 2897/3955/108
f 2885/3955/108 2886/3955/234 2898/3955/234
f 2898/3955/234 2886/3955/234 2887/3955/235
f 2899/3955/235 2887/3955/235 2888/3955/89
f 2888/3955/89 2889/3955/236 2901/3955/236
f 2889/3955/236 2890/3955/229 2902/3955/229
f 2898/3955/139 2874/3955/139 2873/3955/29
f 2895/3955/140 2871/3955/140 2870/3955/30
f 2902/3955/141 2878/3955/141 2877/3955/40
f 2892/3955/136 2868/3955/136 2867/3955/31
f 2899/3955/137 2875/3955/137 2874/3955/139
f 2896/3955/138 2872/3955/138 2871/3955/140
f 2891/3955/31 2867/3955/31 2878/3955/141
f 2893/3955/39 2869/3955/39 2868/3955/136
f 2900/3955/32 2876/3955/32 2875/3955/137
f 2897/3955/29 2873/3955/29 2872/3955/138
f 2894/3955/30 2870/3955/30 2869/3955/39
f 2901/3955/40 2877/3955/40 2876/3955/32
f 2915/3955/221 2903/3955/221 2904/3955/228
f 2916/3955/228 2904/3955/228 2905/3955/57
f 2918/3955/227 2917/3955/57 2905/3955/57
f 2919/3955/226 2918/3955/227 2906/3955/227
f 2919/3955/226 2907/3955/226 2908/3955/38
f 2920/3955/38 2908/3955/38 2909/3955/225
f 2921/3955/225 2909/3955/225 2910/3955/224
f 2922/3955/224 2910/3955/224 2911/3955/56
f 2924/3955/223 2923/3955/56 2911/3955/56
f 2924/3955/223 2912/3955/223 2913/3955/222
f 2925/3955/222 2913/3955/222 2914/3955/37
f 2915/3955/221 2926/3955/37 2914/3955/37
f 2928/3955/40 2916/3955/40 2917/3955/32
f 2935/3955/30 2923/3955/30 2924/3955/39
f 2932/3955/29 2920/3955/29 2921/3955/138
f 2929/3955/32 2917/3955/32 2918/3955/137
f 2936/3955/39 2924/3955/39 2925/3955/136
f 2938/3955/31 2926/3955/31 2915/3955/141
f 2933/3955/138 2921/3955/138 2922/3955/140
f 2930/3955/137 2918/3955/137 2919/3955/139
f 2937/3955/136 2925/3955/136 2926/3955/31
f 2927/3955/141 2915/3955/141 2916/3955/40
f 2934/3955/140 2922/3955/140 2923/3955/30
f 2931/3955/139 2919/3955/139 2920/3955/29
f 2517/3955/236 2940/3955/236 2939/3955/229
f 2941/3955/89 2940/3955/236 2517/3955/236
f 2515/3955/235 2942/3955/237 2941/3955/89
f 2943/3955/234 2942/3955/237 2515/3955/235
f 2944/3955/108 2943/3955/234 2514/3955/234
f 2945/3955/233 2944/3955/108 2513/3955/108
f 2946/3955/232 2945/3955/233 2512/3955/233
f 2947/3955/90 2946/3955/232 2511/3955/232
f 2509/3955/231 2948/3955/231 2947/3955/90
f 2508/3955/230 2949/3955/230 2948/3955/231
f 2950/3955/122 2949/3955/230 2508/3955/230
f 2518/3955/229 2939/3955/229 2950/3955/122
f 2522/3955/137 2942/3955/137 2943/3955/139
f 2529/3955/136 2949/3955/136 2950/3955/31
f 2519/3955/141 2939/3955/141 2940/3955/40
f 2526/3955/140 2946/3955/140 2947/3955/30
f 2523/3955/139 2943/3955/139 2944/3955/29
f 2520/3955/40 2940/3955/40 2941/3955/32
f 2527/3955/30 2947/3955/30 2948/3955/39
f 2524/3955/29 2944/3955/29 2945/3955/138
f 2521/3955/32 2941/3955/32 2942/3955/137
f 2528/3955/39 2948/3955/39 2949/3955/136
f 2530/3955/31 2950/3955/31 2939/3955/141
f 2525/3955/138 2945/3955/138 2946/3955/140
f 2989/3955/34 3005/3955/34 3004/3955/44
f 2982/3955/47 2998/3955/47 2997/3955/36
f 2990/3955/41 3006/3955/41 3005/3955/34
f 2983/3955/30 2999/3955/30 2998/3955/47
f 2991/3955/32 3007/3955/32 3006/3955/41
f 2984/3955/49 3000/3955/49 2999/3955/30
f 2992/3955/45 3008/3955/45 3007/3955/32
f 2985/3955/35 3001/3955/35 3000/3955/49
f 2993/3955/33 3009/3955/33 3008/3955/45
f 2986/3955/42 3002/3955/42 3001/3955/35
f 2994/3955/46 3010/3955/46 3009/3955/33
f 2987/3955/29 3003/3955/29 3002/3955/42
f 2980/3955/43 2995/3955/43 2996/3955/31
f 2979/3955/31 2996/3955/31 3010/3955/46
f 2988/3955/44 3004/3955/44 3003/3955/29
f 2981/3955/36 2997/3955/36 2995/3955/43
