# Reinhardt's HBM large blast furnace, local -Z is the front.
# HBM-style industrial blast furnace: faceted steel shell, hearth, bustle pipes, hatches, and charging throat.
mtllib blast_furnace_large_off.mtl


o heavy_base_slab
usemtl band
v -0.473333 0.000000 -1.420000
v -1.420000 0.000000 -1.420000
v -1.420000 0.200000 -1.420000
v -0.473333 0.200000 -1.420000
vt 0.000000 0.000000
vt 1.000000 0.000000
vt 1.000000 1.000000
vt 0.000000 1.000000
f 1/1 2/2 3/3 4/4
v -1.420000 0.000000 1.420000
v -0.473333 0.000000 1.420000
v -0.473333 0.200000 1.420000
v -1.420000 0.200000 1.420000
vt 0.000000 0.000000
vt 1.000000 0.000000
vt 1.000000 1.000000
vt 0.000000 1.000000
f 5/5 6/6 7/7 8/8
v 0.473333 0.000000 -1.420000
v -0.473333 0.000000 -1.420000
v -0.473333 0.200000 -1.420000
v 0.473333 0.200000 -1.420000
vt 0.000000 0.000000
vt 1.000000 0.000000
vt 1.000000 1.000000
vt 0.000000 1.000000
f 9/9 10/10 11/11 12/12
v -0.473333 0.000000 1.420000
v 0.473333 0.000000 1.420000
v 0.473333 0.200000 1.420000
v -0.473333 0.200000 1.420000
vt 0.000000 0.000000
vt 1.000000 0.000000
vt 1.000000 1.000000
vt 0.000000 1.000000
f 13/13 14/14 15/15 16/16
v 1.420000 0.000000 -1.420000
v 0.473333 0.000000 -1.420000
v 0.473333 0.200000 -1.420000
v 1.420000 0.200000 -1.420000
vt 0.000000 0.000000
vt 1.000000 0.000000
vt 1.000000 1.000000
vt 0.000000 1.000000
f 17/17 18/18 19/19 20/20
v 0.473333 0.000000 1.420000
v 1.420000 0.000000 1.420000
v 1.420000 0.200000 1.420000
v 0.473333 0.200000 1.420000
vt 0.000000 0.000000
vt 1.000000 0.000000
vt 1.000000 1.000000
vt 0.000000 1.000000
f 21/21 22/22 23/23 24/24
v -1.420000 0.000000 -1.420000
v -1.420000 0.000000 -0.473333
v -1.420000 0.200000 -0.473333
v -1.420000 0.200000 -1.420000
vt 0.000000 0.000000
vt 1.000000 0.000000
vt 1.000000 1.000000
vt 0.000000 1.000000
f 25/25 26/26 27/27 28/28
v 1.420000 0.000000 -0.473333
v 1.420000 0.000000 -1.420000
v 1.420000 0.200000 -1.420000
v 1.420000 0.200000 -0.473333
vt 0.000000 0.000000
vt 1.000000 0.000000
vt 1.000000 1.000000
vt 0.000000 1.000000
f 29/29 30/30 31/31 32/32
v -1.420000 0.000000 -0.473333
v -1.420000 0.000000 0.473333
v -1.420000 0.200000 0.473333
v -1.420000 0.200000 -0.473333
vt 0.000000 0.000000
vt 1.000000 0.000000
vt 1.000000 1.000000
vt 0.000000 1.000000
f 33/33 34/34 35/35 36/36
v 1.420000 0.000000 0.473333
v 1.420000 0.000000 -0.473333
v 1.420000 0.200000 -0.473333
v 1.420000 0.200000 0.473333
vt 0.000000 0.000000
vt 1.000000 0.000000
vt 1.000000 1.000000
vt 0.000000 1.000000
f 37/37 38/38 39/39 40/40
v -1.420000 0.000000 0.473333
v -1.420000 0.000000 1.420000
v -1.420000 0.200000 1.420000
v -1.420000 0.200000 0.473333
vt 0.000000 0.000000
vt 1.000000 0.000000
vt 1.000000 1.000000
vt 0.000000 1.000000
f 41/41 42/42 43/43 44/44
v 1.420000 0.000000 1.420000
v 1.420000 0.000000 0.473333
v 1.420000 0.200000 0.473333
v 1.420000 0.200000 1.420000
vt 0.000000 0.000000
vt 1.000000 0.000000
vt 1.000000 1.000000
vt 0.000000 1.000000
f 45/45 46/46 47/47 48/48
v -1.420000 0.200000 -1.420000
v -1.420000 0.200000 -0.473333
v -0.473333 0.200000 -0.473333
v -0.473333 0.200000 -1.420000
vt 0.000000 0.000000
vt 1.000000 0.000000
vt 1.000000 1.000000
vt 0.000000 1.000000
f 49/49 50/50 51/51 52/52
v -1.420000 0.000000 -0.473333
v -1.420000 0.000000 -1.420000
v -0.473333 0.000000 -1.420000
v -0.473333 0.000000 -0.473333
vt 0.000000 0.000000
vt 1.000000 0.000000
vt 1.000000 1.000000
vt 0.000000 1.000000
f 53/53 54/54 55/55 56/56
v -1.420000 0.200000 -0.473333
v -1.420000 0.200000 0.473333
v -0.473333 0.200000 0.473333
v -0.473333 0.200000 -0.473333
vt 0.000000 0.000000
vt 1.000000 0.000000
vt 1.000000 1.000000
vt 0.000000 1.000000
f 57/57 58/58 59/59 60/60
v -1.420000 0.000000 0.473333
v -1.420000 0.000000 -0.473333
v -0.473333 0.000000 -0.473333
v -0.473333 0.000000 0.473333
vt 0.000000 0.000000
vt 1.000000 0.000000
vt 1.000000 1.000000
vt 0.000000 1.000000
f 61/61 62/62 63/63 64/64
v -1.420000 0.200000 0.473333
v -1.420000 0.200000 1.420000
v -0.473333 0.200000 1.420000
v -0.473333 0.200000 0.473333
vt 0.000000 0.000000
vt 1.000000 0.000000
vt 1.000000 1.000000
vt 0.000000 1.000000
f 65/65 66/66 67/67 68/68
v -1.420000 0.000000 1.420000
v -1.420000 0.000000 0.473333
v -0.473333 0.000000 0.473333
v -0.473333 0.000000 1.420000
vt 0.000000 0.000000
vt 1.000000 0.000000
vt 1.000000 1.000000
vt 0.000000 1.000000
f 69/69 70/70 71/71 72/72
v -0.473333 0.200000 -1.420000
v -0.473333 0.200000 -0.473333
v 0.473333 0.200000 -0.473333
v 0.473333 0.200000 -1.420000
vt 0.000000 0.000000
vt 1.000000 0.000000
vt 1.000000 1.000000
vt 0.000000 1.000000
f 73/73 74/74 75/75 76/76
v -0.473333 0.000000 -0.473333
v -0.473333 0.000000 -1.420000
v 0.473333 0.000000 -1.420000
v 0.473333 0.000000 -0.473333
vt 0.000000 0.000000
vt 1.000000 0.000000
vt 1.000000 1.000000
vt 0.000000 1.000000
f 77/77 78/78 79/79 80/80
v -0.473333 0.200000 -0.473333
v -0.473333 0.200000 0.473333
v 0.473333 0.200000 0.473333
v 0.473333 0.200000 -0.473333
vt 0.000000 0.000000
vt 1.000000 0.000000
vt 1.000000 1.000000
vt 0.000000 1.000000
f 81/81 82/82 83/83 84/84
v -0.473333 0.000000 0.473333
v -0.473333 0.000000 -0.473333
v 0.473333 0.000000 -0.473333
v 0.473333 0.000000 0.473333
vt 0.000000 0.000000
vt 1.000000 0.000000
vt 1.000000 1.000000
vt 0.000000 1.000000
f 85/85 86/86 87/87 88/88
v -0.473333 0.200000 0.473333
v -0.473333 0.200000 1.420000
v 0.473333 0.200000 1.420000
v 0.473333 0.200000 0.473333
vt 0.000000 0.000000
vt 1.000000 0.000000
vt 1.000000 1.000000
vt 0.000000 1.000000
f 89/89 90/90 91/91 92/92
v -0.473333 0.000000 1.420000
v -0.473333 0.000000 0.473333
v 0.473333 0.000000 0.473333
v 0.473333 0.000000 1.420000
vt 0.000000 0.000000
vt 1.000000 0.000000
vt 1.000000 1.000000
vt 0.000000 1.000000
f 93/93 94/94 95/95 96/96
v 0.473333 0.200000 -1.420000
v 0.473333 0.200000 -0.473333
v 1.420000 0.200000 -0.473333
v 1.420000 0.200000 -1.420000
vt 0.000000 0.000000
vt 1.000000 0.000000
vt 1.000000 1.000000
vt 0.000000 1.000000
f 97/97 98/98 99/99 100/100
v 0.473333 0.000000 -0.473333
v 0.473333 0.000000 -1.420000
v 1.420000 0.000000 -1.420000
v 1.420000 0.000000 -0.473333
vt 0.000000 0.000000
vt 1.000000 0.000000
vt 1.000000 1.000000
vt 0.000000 1.000000
f 101/101 102/102 103/103 104/104
v 0.473333 0.200000 -0.473333
v 0.473333 0.200000 0.473333
v 1.420000 0.200000 0.473333
v 1.420000 0.200000 -0.473333
vt 0.000000 0.000000
vt 1.000000 0.000000
vt 1.000000 1.000000
vt 0.000000 1.000000
f 105/105 106/106 107/107 108/108
v 0.473333 0.000000 0.473333
v 0.473333 0.000000 -0.473333
v 1.420000 0.000000 -0.473333
v 1.420000 0.000000 0.473333
vt 0.000000 0.000000
vt 1.000000 0.000000
vt 1.000000 1.000000
vt 0.000000 1.000000
f 109/109 110/110 111/111 112/112
v 0.473333 0.200000 0.473333
v 0.473333 0.200000 1.420000
v 1.420000 0.200000 1.420000
v 1.420000 0.200000 0.473333
vt 0.000000 0.000000
vt 1.000000 0.000000
vt 1.000000 1.000000
vt 0.000000 1.000000
f 113/113 114/114 115/115 116/116
v 0.473333 0.000000 1.420000
v 0.473333 0.000000 0.473333
v 1.420000 0.000000 0.473333
v 1.420000 0.000000 1.420000
vt 0.000000 0.000000
vt 1.000000 0.000000
vt 1.000000 1.000000
vt 0.000000 1.000000
f 117/117 118/118 119/119 120/120

o front_cast_house_block
usemtl refractory
v -0.306667 0.200000 -1.480000
v -0.920000 0.200000 -1.480000
v -0.920000 0.690000 -1.480000
v -0.306667 0.690000 -1.480000
vt 0.000000 0.000000
vt 1.000000 0.000000
vt 1.000000 1.000000
vt 0.000000 1.000000
f 121/121 122/122 123/123 124/124
v -0.920000 0.200000 -1.030000
v -0.306667 0.200000 -1.030000
v -0.306667 0.690000 -1.030000
v -0.920000 0.690000 -1.030000
vt 0.000000 0.000000
vt 1.000000 0.000000
vt 1.000000 1.000000
vt 0.000000 1.000000
f 125/125 126/126 127/127 128/128
v -0.306667 0.690000 -1.480000
v -0.920000 0.690000 -1.480000
v -0.920000 1.180000 -1.480000
v -0.306667 1.180000 -1.480000
vt 0.000000 0.000000
vt 1.000000 0.000000
vt 1.000000 1.000000
vt 0.000000 1.000000
f 129/129 130/130 131/131 132/132
v -0.920000 0.690000 -1.030000
v -0.306667 0.690000 -1.030000
v -0.306667 1.180000 -1.030000
v -0.920000 1.180000 -1.030000
vt 0.000000 0.000000
vt 1.000000 0.000000
vt 1.000000 1.000000
vt 0.000000 1.000000
f 133/133 134/134 135/135 136/136
v 0.306667 0.200000 -1.480000
v -0.306667 0.200000 -1.480000
v -0.306667 0.690000 -1.480000
v 0.306667 0.690000 -1.480000
vt 0.000000 0.000000
vt 1.000000 0.000000
vt 1.000000 1.000000
vt 0.000000 1.000000
f 137/137 138/138 139/139 140/140
v -0.306667 0.200000 -1.030000
v 0.306667 0.200000 -1.030000
v 0.306667 0.690000 -1.030000
v -0.306667 0.690000 -1.030000
vt 0.000000 0.000000
vt 1.000000 0.000000
vt 1.000000 1.000000
vt 0.000000 1.000000
f 141/141 142/142 143/143 144/144
v 0.306667 0.690000 -1.480000
v -0.306667 0.690000 -1.480000
v -0.306667 1.180000 -1.480000
v 0.306667 1.180000 -1.480000
vt 0.000000 0.000000
vt 1.000000 0.000000
vt 1.000000 1.000000
vt 0.000000 1.000000
f 145/145 146/146 147/147 148/148
v -0.306667 0.690000 -1.030000
v 0.306667 0.690000 -1.030000
v 0.306667 1.180000 -1.030000
v -0.306667 1.180000 -1.030000
vt 0.000000 0.000000
vt 1.000000 0.000000
vt 1.000000 1.000000
vt 0.000000 1.000000
f 149/149 150/150 151/151 152/152
v 0.920000 0.200000 -1.480000
v 0.306667 0.200000 -1.480000
v 0.306667 0.690000 -1.480000
v 0.920000 0.690000 -1.480000
vt 0.000000 0.000000
vt 1.000000 0.000000
vt 1.000000 1.000000
vt 0.000000 1.000000
f 153/153 154/154 155/155 156/156
v 0.306667 0.200000 -1.030000
v 0.920000 0.200000 -1.030000
v 0.920000 0.690000 -1.030000
v 0.306667 0.690000 -1.030000
vt 0.000000 0.000000
vt 1.000000 0.000000
vt 1.000000 1.000000
vt 0.000000 1.000000
f 157/157 158/158 159/159 160/160
v 0.920000 0.690000 -1.480000
v 0.306667 0.690000 -1.480000
v 0.306667 1.180000 -1.480000
v 0.920000 1.180000 -1.480000
vt 0.000000 0.000000
vt 1.000000 0.000000
vt 1.000000 1.000000
vt 0.000000 1.000000
f 161/161 162/162 163/163 164/164
v 0.306667 0.690000 -1.030000
v 0.920000 0.690000 -1.030000
v 0.920000 1.180000 -1.030000
v 0.306667 1.180000 -1.030000
vt 0.000000 0.000000
vt 1.000000 0.000000
vt 1.000000 1.000000
vt 0.000000 1.000000
f 165/165 166/166 167/167 168/168
v -0.920000 0.200000 -1.480000
v -0.920000 0.200000 -1.030000
v -0.920000 0.690000 -1.030000
v -0.920000 0.690000 -1.480000
vt 0.000000 0.000000
vt 1.000000 0.000000
vt 1.000000 1.000000
vt 0.000000 1.000000
f 169/169 170/170 171/171 172/172
v 0.920000 0.200000 -1.030000
v 0.920000 0.200000 -1.480000
v 0.920000 0.690000 -1.480000
v 0.920000 0.690000 -1.030000
vt 0.000000 0.000000
vt 1.000000 0.000000
vt 1.000000 1.000000
vt 0.000000 1.000000
f 173/173 174/174 175/175 176/176
v -0.920000 0.690000 -1.480000
v -0.920000 0.690000 -1.030000
v -0.920000 1.180000 -1.030000
v -0.920000 1.180000 -1.480000
vt 0.000000 0.000000
vt 1.000000 0.000000
vt 1.000000 1.000000
vt 0.000000 1.000000
f 177/177 178/178 179/179 180/180
v 0.920000 0.690000 -1.030000
v 0.920000 0.690000 -1.480000
v 0.920000 1.180000 -1.480000
v 0.920000 1.180000 -1.030000
vt 0.000000 0.000000
vt 1.000000 0.000000
vt 1.000000 1.000000
vt 0.000000 1.000000
f 181/181 182/182 183/183 184/184
v -0.920000 1.180000 -1.480000
v -0.920000 1.180000 -1.030000
v -0.306667 1.180000 -1.030000
v -0.306667 1.180000 -1.480000
vt 0.000000 0.000000
vt 1.000000 0.000000
vt 1.000000 1.000000
vt 0.000000 1.000000
f 185/185 186/186 187/187 188/188
v -0.920000 0.200000 -1.030000
v -0.920000 0.200000 -1.480000
v -0.306667 0.200000 -1.480000
v -0.306667 0.200000 -1.030000
vt 0.000000 0.000000
vt 1.000000 0.000000
vt 1.000000 1.000000
vt 0.000000 1.000000
f 189/189 190/190 191/191 192/192
v -0.306667 1.180000 -1.480000
v -0.306667 1.180000 -1.030000
v 0.306667 1.180000 -1.030000
v 0.306667 1.180000 -1.480000
vt 0.000000 0.000000
vt 1.000000 0.000000
vt 1.000000 1.000000
vt 0.000000 1.000000
f 193/193 194/194 195/195 196/196
v -0.306667 0.200000 -1.030000
v -0.306667 0.200000 -1.480000
v 0.306667 0.200000 -1.480000
v 0.306667 0.200000 -1.030000
vt 0.000000 0.000000
vt 1.000000 0.000000
vt 1.000000 1.000000
vt 0.000000 1.000000
f 197/197 198/198 199/199 200/200
v 0.306667 1.180000 -1.480000
v 0.306667 1.180000 -1.030000
v 0.920000 1.180000 -1.030000
v 0.920000 1.180000 -1.480000
vt 0.000000 0.000000
vt 1.000000 0.000000
vt 1.000000 1.000000
vt 0.000000 1.000000
f 201/201 202/202 203/203 204/204
v 0.306667 0.200000 -1.030000
v 0.306667 0.200000 -1.480000
v 0.920000 0.200000 -1.480000
v 0.920000 0.200000 -1.030000
vt 0.000000 0.000000
vt 1.000000 0.000000
vt 1.000000 1.000000
vt 0.000000 1.000000
f 205/205 206/206 207/207 208/208

o tap_hole_off_or_glow
usemtl fire
v 0.560000 0.420000 -1.495000
v -0.560000 0.420000 -1.495000
v -0.560000 0.920000 -1.495000
v 0.560000 0.920000 -1.495000
vt 0.000000 0.000000
vt 1.000000 0.000000
vt 1.000000 1.000000
vt 0.000000 1.000000
f 209/209 210/210 211/211 212/212

o tap_hole_frame_left
usemtl band
v -0.630000 0.320000 -1.500000
v -0.760000 0.320000 -1.500000
v -0.760000 0.680000 -1.500000
v -0.630000 0.680000 -1.500000
vt 0.000000 0.000000
vt 1.000000 0.000000
vt 1.000000 1.000000
vt 0.000000 1.000000
f 213/213 214/214 215/215 216/216
v -0.760000 0.320000 -1.450000
v -0.630000 0.320000 -1.450000
v -0.630000 0.680000 -1.450000
v -0.760000 0.680000 -1.450000
vt 0.000000 0.000000
vt 1.000000 0.000000
vt 1.000000 1.000000
vt 0.000000 1.000000
f 217/217 218/218 219/219 220/220
v -0.630000 0.680000 -1.500000
v -0.760000 0.680000 -1.500000
v -0.760000 1.040000 -1.500000
v -0.630000 1.040000 -1.500000
vt 0.000000 0.000000
vt 1.000000 0.000000
vt 1.000000 1.000000
vt 0.000000 1.000000
f 221/221 222/222 223/223 224/224
v -0.760000 0.680000 -1.450000
v -0.630000 0.680000 -1.450000
v -0.630000 1.040000 -1.450000
v -0.760000 1.040000 -1.450000
vt 0.000000 0.000000
vt 1.000000 0.000000
vt 1.000000 1.000000
vt 0.000000 1.000000
f 225/225 226/226 227/227 228/228
v -0.760000 0.320000 -1.500000
v -0.760000 0.320000 -1.450000
v -0.760000 0.680000 -1.450000
v -0.760000 0.680000 -1.500000
vt 0.000000 0.000000
vt 1.000000 0.000000
vt 1.000000 1.000000
vt 0.000000 1.000000
f 229/229 230/230 231/231 232/232
v -0.630000 0.320000 -1.450000
v -0.630000 0.320000 -1.500000
v -0.630000 0.680000 -1.500000
v -0.630000 0.680000 -1.450000
vt 0.000000 0.000000
vt 1.000000 0.000000
vt 1.000000 1.000000
vt 0.000000 1.000000
f 233/233 234/234 235/235 236/236
v -0.760000 0.680000 -1.500000
v -0.760000 0.680000 -1.450000
v -0.760000 1.040000 -1.450000
v -0.760000 1.040000 -1.500000
vt 0.000000 0.000000
vt 1.000000 0.000000
vt 1.000000 1.000000
vt 0.000000 1.000000
f 237/237 238/238 239/239 240/240
v -0.630000 0.680000 -1.450000
v -0.630000 0.680000 -1.500000
v -0.630000 1.040000 -1.500000
v -0.630000 1.040000 -1.450000
vt 0.000000 0.000000
vt 1.000000 0.000000
vt 1.000000 1.000000
vt 0.000000 1.000000
f 241/241 242/242 243/243 244/244
v -0.760000 1.040000 -1.500000
v -0.760000 1.040000 -1.450000
v -0.630000 1.040000 -1.450000
v -0.630000 1.040000 -1.500000
vt 0.000000 0.000000
vt 1.000000 0.000000
vt 1.000000 1.000000
vt 0.000000 1.000000
f 245/245 246/246 247/247 248/248
v -0.760000 0.320000 -1.450000
v -0.760000 0.320000 -1.500000
v -0.630000 0.320000 -1.500000
v -0.630000 0.320000 -1.450000
vt 0.000000 0.000000
vt 1.000000 0.000000
vt 1.000000 1.000000
vt 0.000000 1.000000
f 249/249 250/250 251/251 252/252

o tap_hole_frame_right
usemtl band
v 0.760000 0.320000 -1.500000
v 0.630000 0.320000 -1.500000
v 0.630000 0.680000 -1.500000
v 0.760000 0.680000 -1.500000
vt 0.000000 0.000000
vt 1.000000 0.000000
vt 1.000000 1.000000
vt 0.000000 1.000000
f 253/253 254/254 255/255 256/256
v 0.630000 0.320000 -1.450000
v 0.760000 0.320000 -1.450000
v 0.760000 0.680000 -1.450000
v 0.630000 0.680000 -1.450000
vt 0.000000 0.000000
vt 1.000000 0.000000
vt 1.000000 1.000000
vt 0.000000 1.000000
f 257/257 258/258 259/259 260/260
v 0.760000 0.680000 -1.500000
v 0.630000 0.680000 -1.500000
v 0.630000 1.040000 -1.500000
v 0.760000 1.040000 -1.500000
vt 0.000000 0.000000
vt 1.000000 0.000000
vt 1.000000 1.000000
vt 0.000000 1.000000
f 261/261 262/262 263/263 264/264
v 0.630000 0.680000 -1.450000
v 0.760000 0.680000 -1.450000
v 0.760000 1.040000 -1.450000
v 0.630000 1.040000 -1.450000
vt 0.000000 0.000000
vt 1.000000 0.000000
vt 1.000000 1.000000
vt 0.000000 1.000000
f 265/265 266/266 267/267 268/268
v 0.630000 0.320000 -1.500000
v 0.630000 0.320000 -1.450000
v 0.630000 0.680000 -1.450000
v 0.630000 0.680000 -1.500000
vt 0.000000 0.000000
vt 1.000000 0.000000
vt 1.000000 1.000000
vt 0.000000 1.000000
f 269/269 270/270 271/271 272/272
v 0.760000 0.320000 -1.450000
v 0.760000 0.320000 -1.500000
v 0.760000 0.680000 -1.500000
v 0.760000 0.680000 -1.450000
vt 0.000000 0.000000
vt 1.000000 0.000000
vt 1.000000 1.000000
vt 0.000000 1.000000
f 273/273 274/274 275/275 276/276
v 0.630000 0.680000 -1.500000
v 0.630000 0.680000 -1.450000
v 0.630000 1.040000 -1.450000
v 0.630000 1.040000 -1.500000
vt 0.000000 0.000000
vt 1.000000 0.000000
vt 1.000000 1.000000
vt 0.000000 1.000000
f 277/277 278/278 279/279 280/280
v 0.760000 0.680000 -1.450000
v 0.760000 0.680000 -1.500000
v 0.760000 1.040000 -1.500000
v 0.760000 1.040000 -1.450000
vt 0.000000 0.000000
vt 1.000000 0.000000
vt 1.000000 1.000000
vt 0.000000 1.000000
f 281/281 282/282 283/283 284/284
v 0.630000 1.040000 -1.500000
v 0.630000 1.040000 -1.450000
v 0.760000 1.040000 -1.450000
v 0.760000 1.040000 -1.500000
vt 0.000000 0.000000
vt 1.000000 0.000000
vt 1.000000 1.000000
vt 0.000000 1.000000
f 285/285 286/286 287/287 288/288
v 0.630000 0.320000 -1.450000
v 0.630000 0.320000 -1.500000
v 0.760000 0.320000 -1.500000
v 0.760000 0.320000 -1.450000
vt 0.000000 0.000000
vt 1.000000 0.000000
vt 1.000000 1.000000
vt 0.000000 1.000000
f 289/289 290/290 291/291 292/292

o tap_hole_frame_top
usemtl band
v -0.253333 0.910000 -1.500000
v -0.760000 0.910000 -1.500000
v -0.760000 1.040000 -1.500000
v -0.253333 1.040000 -1.500000
vt 0.000000 0.000000
vt 1.000000 0.000000
vt 1.000000 1.000000
vt 0.000000 1.000000
f 293/293 294/294 295/295 296/296
v -0.760000 0.910000 -1.450000
v -0.253333 0.910000 -1.450000
v -0.253333 1.040000 -1.450000
v -0.760000 1.040000 -1.450000
vt 0.000000 0.000000
vt 1.000000 0.000000
vt 1.000000 1.000000
vt 0.000000 1.000000
f 297/297 298/298 299/299 300/300
v 0.253333 0.910000 -1.500000
v -0.253333 0.910000 -1.500000
v -0.253333 1.040000 -1.500000
v 0.253333 1.040000 -1.500000
vt 0.000000 0.000000
vt 1.000000 0.000000
vt 1.000000 1.000000
vt 0.000000 1.000000
f 301/301 302/302 303/303 304/304
v -0.253333 0.910000 -1.450000
v 0.253333 0.910000 -1.450000
v 0.253333 1.040000 -1.450000
v -0.253333 1.040000 -1.450000
vt 0.000000 0.000000
vt 1.000000 0.000000
vt 1.000000 1.000000
vt 0.000000 1.000000
f 305/305 306/306 307/307 308/308
v 0.760000 0.910000 -1.500000
v 0.253333 0.910000 -1.500000
v 0.253333 1.040000 -1.500000
v 0.760000 1.040000 -1.500000
vt 0.000000 0.000000
vt 1.000000 0.000000
vt 1.000000 1.000000
vt 0.000000 1.000000
f 309/309 310/310 311/311 312/312
v 0.253333 0.910000 -1.450000
v 0.760000 0.910000 -1.450000
v 0.760000 1.040000 -1.450000
v 0.253333 1.040000 -1.450000
vt 0.000000 0.000000
vt 1.000000 0.000000
vt 1.000000 1.000000
vt 0.000000 1.000000
f 313/313 314/314 315/315 316/316
v -0.760000 0.910000 -1.500000
v -0.760000 0.910000 -1.450000
v -0.760000 1.040000 -1.450000
v -0.760000 1.040000 -1.500000
vt 0.000000 0.000000
vt 1.000000 0.000000
vt 1.000000 1.000000
vt 0.000000 1.000000
f 317/317 318/318 319/319 320/320
v 0.760000 0.910000 -1.450000
v 0.760000 0.910000 -1.500000
v 0.760000 1.040000 -1.500000
v 0.760000 1.040000 -1.450000
vt 0.000000 0.000000
vt 1.000000 0.000000
vt 1.000000 1.000000
vt 0.000000 1.000000
f 321/321 322/322 323/323 324/324
v -0.760000 1.040000 -1.500000
v -0.760000 1.040000 -1.450000
v -0.253333 1.040000 -1.450000
v -0.253333 1.040000 -1.500000
vt 0.000000 0.000000
vt 1.000000 0.000000
vt 1.000000 1.000000
vt 0.000000 1.000000
f 325/325 326/326 327/327 328/328
v -0.760000 0.910000 -1.450000
v -0.760000 0.910000 -1.500000
v -0.253333 0.910000 -1.500000
v -0.253333 0.910000 -1.450000
vt 0.000000 0.000000
vt 1.000000 0.000000
vt 1.000000 1.000000
vt 0.000000 1.000000
f 329/329 330/330 331/331 332/332
v -0.253333 1.040000 -1.500000
v -0.253333 1.040000 -1.450000
v 0.253333 1.040000 -1.450000
v 0.253333 1.040000 -1.500000
vt 0.000000 0.000000
vt 1.000000 0.000000
vt 1.000000 1.000000
vt 0.000000 1.000000
f 333/333 334/334 335/335 336/336
v -0.253333 0.910000 -1.450000
v -0.253333 0.910000 -1.500000
v 0.253333 0.910000 -1.500000
v 0.253333 0.910000 -1.450000
vt 0.000000 0.000000
vt 1.000000 0.000000
vt 1.000000 1.000000
vt 0.000000 1.000000
f 337/337 338/338 339/339 340/340
v 0.253333 1.040000 -1.500000
v 0.253333 1.040000 -1.450000
v 0.760000 1.040000 -1.450000
v 0.760000 1.040000 -1.500000
vt 0.000000 0.000000
vt 1.000000 0.000000
vt 1.000000 1.000000
vt 0.000000 1.000000
f 341/341 342/342 343/343 344/344
v 0.253333 0.910000 -1.450000
v 0.253333 0.910000 -1.500000
v 0.760000 0.910000 -1.500000
v 0.760000 0.910000 -1.450000
vt 0.000000 0.000000
vt 1.000000 0.000000
vt 1.000000 1.000000
vt 0.000000 1.000000
f 345/345 346/346 347/347 348/348

o tap_hole_frame_bottom
usemtl band
v -0.253333 0.320000 -1.500000
v -0.760000 0.320000 -1.500000
v -0.760000 0.450000 -1.500000
v -0.253333 0.450000 -1.500000
vt 0.000000 0.000000
vt 1.000000 0.000000
vt 1.000000 1.000000
vt 0.000000 1.000000
f 349/349 350/350 351/351 352/352
v -0.760000 0.320000 -1.450000
v -0.253333 0.320000 -1.450000
v -0.253333 0.450000 -1.450000
v -0.760000 0.450000 -1.450000
vt 0.000000 0.000000
vt 1.000000 0.000000
vt 1.000000 1.000000
vt 0.000000 1.000000
f 353/353 354/354 355/355 356/356
v 0.253333 0.320000 -1.500000
v -0.253333 0.320000 -1.500000
v -0.253333 0.450000 -1.500000
v 0.253333 0.450000 -1.500000
vt 0.000000 0.000000
vt 1.000000 0.000000
vt 1.000000 1.000000
vt 0.000000 1.000000
f 357/357 358/358 359/359 360/360
v -0.253333 0.320000 -1.450000
v 0.253333 0.320000 -1.450000
v 0.253333 0.450000 -1.450000
v -0.253333 0.450000 -1.450000
vt 0.000000 0.000000
vt 1.000000 0.000000
vt 1.000000 1.000000
vt 0.000000 1.000000
f 361/361 362/362 363/363 364/364
v 0.760000 0.320000 -1.500000
v 0.253333 0.320000 -1.500000
v 0.253333 0.450000 -1.500000
v 0.760000 0.450000 -1.500000
vt 0.000000 0.000000
vt 1.000000 0.000000
vt 1.000000 1.000000
vt 0.000000 1.000000
f 365/365 366/366 367/367 368/368
v 0.253333 0.320000 -1.450000
v 0.760000 0.320000 -1.450000
v 0.760000 0.450000 -1.450000
v 0.253333 0.450000 -1.450000
vt 0.000000 0.000000
vt 1.000000 0.000000
vt 1.000000 1.000000
vt 0.000000 1.000000
f 369/369 370/370 371/371 372/372
v -0.760000 0.320000 -1.500000
v -0.760000 0.320000 -1.450000
v -0.760000 0.450000 -1.450000
v -0.760000 0.450000 -1.500000
vt 0.000000 0.000000
vt 1.000000 0.000000
vt 1.000000 1.000000
vt 0.000000 1.000000
f 373/373 374/374 375/375 376/376
v 0.760000 0.320000 -1.450000
v 0.760000 0.320000 -1.500000
v 0.760000 0.450000 -1.500000
v 0.760000 0.450000 -1.450000
vt 0.000000 0.000000
vt 1.000000 0.000000
vt 1.000000 1.000000
vt 0.000000 1.000000
f 377/377 378/378 379/379 380/380
v -0.760000 0.450000 -1.500000
v -0.760000 0.450000 -1.450000
v -0.253333 0.450000 -1.450000
v -0.253333 0.450000 -1.500000
vt 0.000000 0.000000
vt 1.000000 0.000000
vt 1.000000 1.000000
vt 0.000000 1.000000
f 381/381 382/382 383/383 384/384
v -0.760000 0.320000 -1.450000
v -0.760000 0.320000 -1.500000
v -0.253333 0.320000 -1.500000
v -0.253333 0.320000 -1.450000
vt 0.000000 0.000000
vt 1.000000 0.000000
vt 1.000000 1.000000
vt 0.000000 1.000000
f 385/385 386/386 387/387 388/388
v -0.253333 0.450000 -1.500000
v -0.253333 0.450000 -1.450000
v 0.253333 0.450000 -1.450000
v 0.253333 0.450000 -1.500000
vt 0.000000 0.000000
vt 1.000000 0.000000
vt 1.000000 1.000000
vt 0.000000 1.000000
f 389/389 390/390 391/391 392/392
v -0.253333 0.320000 -1.450000
v -0.253333 0.320000 -1.500000
v 0.253333 0.320000 -1.500000
v 0.253333 0.320000 -1.450000
vt 0.000000 0.000000
vt 1.000000 0.000000
vt 1.000000 1.000000
vt 0.000000 1.000000
f 393/393 394/394 395/395 396/396
v 0.253333 0.450000 -1.500000
v 0.253333 0.450000 -1.450000
v 0.760000 0.450000 -1.450000
v 0.760000 0.450000 -1.500000
vt 0.000000 0.000000
vt 1.000000 0.000000
vt 1.000000 1.000000
vt 0.000000 1.000000
f 397/397 398/398 399/399 400/400
v 0.253333 0.320000 -1.450000
v 0.253333 0.320000 -1.500000
v 0.760000 0.320000 -1.500000
v 0.760000 0.320000 -1.450000
vt 0.000000 0.000000
vt 1.000000 0.000000
vt 1.000000 1.000000
vt 0.000000 1.000000
f 401/401 402/402 403/403 404/404

o main_weathered_shell
usemtl shell
v 0.000000 0.220000 -0.846400
v 0.352069 0.220000 -0.781972
v 0.413298 0.780000 -0.957878
v 0.000000 0.780000 -1.036800
vt 0.000000 0.000000
vt 1.000000 0.000000
vt 1.000000 1.000000
vt 0.000000 1.000000
f 405/405 408/408 407/407 406/406
v 0.352069 0.220000 -0.781972
v 0.650538 0.220000 -0.598495
v 0.763675 0.780000 -0.733128
v 0.413298 0.780000 -0.957878
vt 0.000000 0.000000
vt 1.000000 0.000000
vt 1.000000 1.000000
vt 0.000000 1.000000
f 409/409 412/412 411/411 410/410
v 0.650538 0.220000 -0.598495
v 0.849969 0.220000 -0.323903
v 0.997790 0.780000 -0.396766
v 0.763675 0.780000 -0.733128
vt 0.000000 0.000000
vt 1.000000 0.000000
vt 1.000000 1.000000
vt 0.000000 1.000000
f 413/413 416/416 415/415 414/414
v 0.849969 0.220000 -0.323903
v 0.920000 0.220000 0.000000
v 1.080000 0.780000 0.000000
v 0.997790 0.780000 -0.396766
vt 0.000000 0.000000
vt 1.000000 0.000000
vt 1.000000 1.000000
vt 0.000000 1.000000
f 417/417 420/420 419/419 418/418
v 0.920000 0.220000 0.000000
v 0.849969 0.220000 0.323903
v 0.997790 0.780000 0.396766
v 1.080000 0.780000 0.000000
vt 0.000000 0.000000
vt 1.000000 0.000000
vt 1.000000 1.000000
vt 0.000000 1.000000
f 421/421 424/424 423/423 422/422
v 0.849969 0.220000 0.323903
v 0.650538 0.220000 0.598495
v 0.763675 0.780000 0.733128
v 0.997790 0.780000 0.396766
vt 0.000000 0.000000
vt 1.000000 0.000000
vt 1.000000 1.000000
vt 0.000000 1.000000
f 425/425 428/428 427/427 426/426
v 0.650538 0.220000 0.598495
v 0.352069 0.220000 0.781972
v 0.413298 0.780000 0.957878
v 0.763675 0.780000 0.733128
vt 0.000000 0.000000
vt 1.000000 0.000000
vt 1.000000 1.000000
vt 0.000000 1.000000
f 429/429 432/432 431/431 430/430
v 0.352069 0.220000 0.781972
v 0.000000 0.220000 0.846400
v 0.000000 0.780000 1.036800
v 0.413298 0.780000 0.957878
vt 0.000000 0.000000
vt 1.000000 0.000000
vt 1.000000 1.000000
vt 0.000000 1.000000
f 433/433 436/436 435/435 434/434
v 0.000000 0.220000 0.846400
v -0.352069 0.220000 0.781972
v -0.413298 0.780000 0.957878
v 0.000000 0.780000 1.036800
vt 0.000000 0.000000
vt 1.000000 0.000000
vt 1.000000 1.000000
vt 0.000000 1.000000
f 437/437 440/440 439/439 438/438
v -0.352069 0.220000 0.781972
v -0.650538 0.220000 0.598495
v -0.763675 0.780000 0.733128
v -0.413298 0.780000 0.957878
vt 0.000000 0.000000
vt 1.000000 0.000000
vt 1.000000 1.000000
vt 0.000000 1.000000
f 441/441 444/444 443/443 442/442
v -0.650538 0.220000 0.598495
v -0.849969 0.220000 0.323903
v -0.997790 0.780000 0.396766
v -0.763675 0.780000 0.733128
vt 0.000000 0.000000
vt 1.000000 0.000000
vt 1.000000 1.000000
vt 0.000000 1.000000
f 445/445 448/448 447/447 446/446
v -0.849969 0.220000 0.323903
v -0.920000 0.220000 0.000000
v -1.080000 0.780000 0.000000
v -0.997790 0.780000 0.396766
vt 0.000000 0.000000
vt 1.000000 0.000000
vt 1.000000 1.000000
vt 0.000000 1.000000
f 449/449 452/452 451/451 450/450
v -0.920000 0.220000 0.000000
v -0.849969 0.220000 -0.323903
v -0.997790 0.780000 -0.396766
v -1.080000 0.780000 0.000000
vt 0.000000 0.000000
vt 1.000000 0.000000
vt 1.000000 1.000000
vt 0.000000 1.000000
f 453/453 456/456 455/455 454/454
v -0.849969 0.220000 -0.323903
v -0.650538 0.220000 -0.598495
v -0.763675 0.780000 -0.733128
v -0.997790 0.780000 -0.396766
vt 0.000000 0.000000
vt 1.000000 0.000000
vt 1.000000 1.000000
vt 0.000000 1.000000
f 457/457 460/460 459/459 458/458
v -0.650538 0.220000 -0.598495
v -0.352069 0.220000 -0.781972
v -0.413298 0.780000 -0.957878
v -0.763675 0.780000 -0.733128
vt 0.000000 0.000000
vt 1.000000 0.000000
vt 1.000000 1.000000
vt 0.000000 1.000000
f 461/461 464/464 463/463 462/462
v -0.352069 0.220000 -0.781972
v 0.000000 0.220000 -0.846400
v 0.000000 0.780000 -1.036800
v -0.413298 0.780000 -0.957878
vt 0.000000 0.000000
vt 1.000000 0.000000
vt 1.000000 1.000000
vt 0.000000 1.000000
f 465/465 468/468 467/467 466/466
v 0.000000 0.780000 -1.036800
v 0.413298 0.780000 -0.957878
v 0.474527 1.650000 -1.145611
v 0.000000 1.650000 -1.240000
vt 0.000000 0.000000
vt 1.000000 0.000000
vt 1.000000 1.000000
vt 0.000000 1.000000
f 469/469 472/472 471/471 470/470
v 0.413298 0.780000 -0.957878
v 0.763675 0.780000 -0.733128
v 0.876812 1.650000 -0.876812
v 0.474527 1.650000 -1.145611
vt 0.000000 0.000000
vt 1.000000 0.000000
vt 1.000000 1.000000
vt 0.000000 1.000000
f 473/473 476/476 475/475 474/474
v 0.763675 0.780000 -0.733128
v 0.997790 0.780000 -0.396766
v 1.145611 1.650000 -0.474527
v 0.876812 1.650000 -0.876812
vt 0.000000 0.000000
vt 1.000000 0.000000
vt 1.000000 1.000000
vt 0.000000 1.000000
f 477/477 480/480 479/479 478/478
v 0.997790 0.780000 -0.396766
v 1.080000 0.780000 0.000000
v 1.240000 1.650000 0.000000
v 1.145611 1.650000 -0.474527
vt 0.000000 0.000000
vt 1.000000 0.000000
vt 1.000000 1.000000
vt 0.000000 1.000000
f 481/481 484/484 483/483 482/482
v 1.080000 0.780000 0.000000
v 0.997790 0.780000 0.396766
v 1.145611 1.650000 0.474527
v 1.240000 1.650000 0.000000
vt 0.000000 0.000000
vt 1.000000 0.000000
vt 1.000000 1.000000
vt 0.000000 1.000000
f 485/485 488/488 487/487 486/486
v 0.997790 0.780000 0.396766
v 0.763675 0.780000 0.733128
v 0.876812 1.650000 0.876812
v 1.145611 1.650000 0.474527
vt 0.000000 0.000000
vt 1.000000 0.000000
vt 1.000000 1.000000
vt 0.000000 1.000000
f 489/489 492/492 491/491 490/490
v 0.763675 0.780000 0.733128
v 0.413298 0.780000 0.957878
v 0.474527 1.650000 1.145611
v 0.876812 1.650000 0.876812
vt 0.000000 0.000000
vt 1.000000 0.000000
vt 1.000000 1.000000
vt 0.000000 1.000000
f 493/493 496/496 495/495 494/494
v 0.413298 0.780000 0.957878
v 0.000000 0.780000 1.036800
v 0.000000 1.650000 1.240000
v 0.474527 1.650000 1.145611
vt 0.000000 0.000000
vt 1.000000 0.000000
vt 1.000000 1.000000
vt 0.000000 1.000000
f 497/497 500/500 499/499 498/498
v 0.000000 0.780000 1.036800
v -0.413298 0.780000 0.957878
v -0.474527 1.650000 1.145611
v 0.000000 1.650000 1.240000
vt 0.000000 0.000000
vt 1.000000 0.000000
vt 1.000000 1.000000
vt 0.000000 1.000000
f 501/501 504/504 503/503 502/502
v -0.413298 0.780000 0.957878
v -0.763675 0.780000 0.733128
v -0.876812 1.650000 0.876812
v -0.474527 1.650000 1.145611
vt 0.000000 0.000000
vt 1.000000 0.000000
vt 1.000000 1.000000
vt 0.000000 1.000000
f 505/505 508/508 507/507 506/506
v -0.763675 0.780000 0.733128
v -0.997790 0.780000 0.396766
v -1.145611 1.650000 0.474527
v -0.876812 1.650000 0.876812
vt 0.000000 0.000000
vt 1.000000 0.000000
vt 1.000000 1.000000
vt 0.000000 1.000000
f 509/509 512/512 511/511 510/510
v -0.997790 0.780000 0.396766
v -1.080000 0.780000 0.000000
v -1.240000 1.650000 0.000000
v -1.145611 1.650000 0.474527
vt 0.000000 0.000000
vt 1.000000 0.000000
vt 1.000000 1.000000
vt 0.000000 1.000000
f 513/513 516/516 515/515 514/514
v -1.080000 0.780000 0.000000
v -0.997790 0.780000 -0.396766
v -1.145611 1.650000 -0.474527
v -1.240000 1.650000 0.000000
vt 0.000000 0.000000
vt 1.000000 0.000000
vt 1.000000 1.000000
vt 0.000000 1.000000
f 517/517 520/520 519/519 518/518
v -0.997790 0.780000 -0.396766
v -0.763675 0.780000 -0.733128
v -0.876812 1.650000 -0.876812
v -1.145611 1.650000 -0.474527
vt 0.000000 0.000000
vt 1.000000 0.000000
vt 1.000000 1.000000
vt 0.000000 1.000000
f 521/521 524/524 523/523 522/522
v -0.763675 0.780000 -0.733128
v -0.413298 0.780000 -0.957878
v -0.474527 1.650000 -1.145611
v -0.876812 1.650000 -0.876812
vt 0.000000 0.000000
vt 1.000000 0.000000
vt 1.000000 1.000000
vt 0.000000 1.000000
f 525/525 528/528 527/527 526/526
v -0.413298 0.780000 -0.957878
v 0.000000 0.780000 -1.036800
v 0.000000 1.650000 -1.240000
v -0.474527 1.650000 -1.145611
vt 0.000000 0.000000
vt 1.000000 0.000000
vt 1.000000 1.000000
vt 0.000000 1.000000
f 529/529 532/532 531/531 530/530
v 0.000000 1.650000 -1.240000
v 0.474527 1.650000 -1.145611
v 0.428605 2.450000 -1.014050
v 0.000000 2.450000 -1.097600
vt 0.000000 0.000000
vt 1.000000 0.000000
vt 1.000000 1.000000
vt 0.000000 1.000000
f 533/533 536/536 535/535 534/534
v 0.474527 1.650000 -1.145611
v 0.876812 1.650000 -0.876812
v 0.791960 2.450000 -0.776120
v 0.428605 2.450000 -1.014050
vt 0.000000 0.000000
vt 1.000000 0.000000
vt 1.000000 1.000000
vt 0.000000 1.000000
f 537/537 540/540 539/539 538/538
v 0.876812 1.650000 -0.876812
v 1.145611 1.650000 -0.474527
v 1.034745 2.450000 -0.420033
v 0.791960 2.450000 -0.776120
vt 0.000000 0.000000
vt 1.000000 0.000000
vt 1.000000 1.000000
vt 0.000000 1.000000
f 541/541 544/544 543/543 542/542
v 1.145611 1.650000 -0.474527
v 1.240000 1.650000 0.000000
v 1.120000 2.450000 0.000000
v 1.034745 2.450000 -0.420033
vt 0.000000 0.000000
vt 1.000000 0.000000
vt 1.000000 1.000000
vt 0.000000 1.000000
f 545/545 548/548 547/547 546/546
v 1.240000 1.650000 0.000000
v 1.145611 1.650000 0.474527
v 1.034745 2.450000 0.420033
v 1.120000 2.450000 0.000000
vt 0.000000 0.000000
vt 1.000000 0.000000
vt 1.000000 1.000000
vt 0.000000 1.000000
f 549/549 552/552 551/551 550/550
v 1.145611 1.650000 0.474527
v 0.876812 1.650000 0.876812
v 0.791960 2.450000 0.776120
v 1.034745 2.450000 0.420033
vt 0.000000 0.000000
vt 1.000000 0.000000
vt 1.000000 1.000000
vt 0.000000 1.000000
f 553/553 556/556 555/555 554/554
v 0.876812 1.650000 0.876812
v 0.474527 1.650000 1.145611
v 0.428605 2.450000 1.014050
v 0.791960 2.450000 0.776120
vt 0.000000 0.000000
vt 1.000000 0.000000
vt 1.000000 1.000000
vt 0.000000 1.000000
f 557/557 560/560 559/559 558/558
v 0.474527 1.650000 1.145611
v 0.000000 1.650000 1.240000
v 0.000000 2.450000 1.097600
v 0.428605 2.450000 1.014050
vt 0.000000 0.000000
vt 1.000000 0.000000
vt 1.000000 1.000000
vt 0.000000 1.000000
f 561/561 564/564 563/563 562/562
v 0.000000 1.650000 1.240000
v -0.474527 1.650000 1.145611
v -0.428605 2.450000 1.014050
v 0.000000 2.450000 1.097600
vt 0.000000 0.000000
vt 1.000000 0.000000
vt 1.000000 1.000000
vt 0.000000 1.000000
f 565/565 568/568 567/567 566/566
v -0.474527 1.650000 1.145611
v -0.876812 1.650000 0.876812
v -0.791960 2.450000 0.776120
v -0.428605 2.450000 1.014050
vt 0.000000 0.000000
vt 1.000000 0.000000
vt 1.000000 1.000000
vt 0.000000 1.000000
f 569/569 572/572 571/571 570/570
v -0.876812 1.650000 0.876812
v -1.145611 1.650000 0.474527
v -1.034745 2.450000 0.420033
v -0.791960 2.450000 0.776120
vt 0.000000 0.000000
vt 1.000000 0.000000
vt 1.000000 1.000000
vt 0.000000 1.000000
f 573/573 576/576 575/575 574/574
v -1.145611 1.650000 0.474527
v -1.240000 1.650000 0.000000
v -1.120000 2.450000 0.000000
v -1.034745 2.450000 0.420033
vt 0.000000 0.000000
vt 1.000000 0.000000
vt 1.000000 1.000000
vt 0.000000 1.000000
f 577/577 580/580 579/579 578/578
v -1.240000 1.650000 0.000000
v -1.145611 1.650000 -0.474527
v -1.034745 2.450000 -0.420033
v -1.120000 2.450000 0.000000
vt 0.000000 0.000000
vt 1.000000 0.000000
vt 1.000000 1.000000
vt 0.000000 1.000000
f 581/581 584/584 583/583 582/582
v -1.145611 1.650000 -0.474527
v -0.876812 1.650000 -0.876812
v -0.791960 2.450000 -0.776120
v -1.034745 2.450000 -0.420033
vt 0.000000 0.000000
vt 1.000000 0.000000
vt 1.000000 1.000000
vt 0.000000 1.000000
f 585/585 588/588 587/587 586/586
v -0.876812 1.650000 -0.876812
v -0.474527 1.650000 -1.145611
v -0.428605 2.450000 -1.014050
v -0.791960 2.450000 -0.776120
vt 0.000000 0.000000
vt 1.000000 0.000000
vt 1.000000 1.000000
vt 0.000000 1.000000
f 589/589 592/592 591/591 590/590
v -0.474527 1.650000 -1.145611
v 0.000000 1.650000 -1.240000
v 0.000000 2.450000 -1.097600
v -0.428605 2.450000 -1.014050
vt 0.000000 0.000000
vt 1.000000 0.000000
vt 1.000000 1.000000
vt 0.000000 1.000000
f 593/593 596/596 595/595 594/594
v 0.000000 2.450000 -1.097600
v 0.428605 2.450000 -1.014050
v 0.321454 3.280000 -0.729495
v 0.000000 3.280000 -0.789600
vt 0.000000 0.000000
vt 1.000000 0.000000
vt 1.000000 1.000000
vt 0.000000 1.000000
f 597/597 600/600 599/599 598/598
v 0.428605 2.450000 -1.014050
v 0.791960 2.450000 -0.776120
v 0.593970 3.280000 -0.558332
v 0.321454 3.280000 -0.729495
vt 0.000000 0.000000
vt 1.000000 0.000000
vt 1.000000 1.000000
vt 0.000000 1.000000
f 601/601 604/604 603/603 602/602
v 0.791960 2.450000 -0.776120
v 1.034745 2.450000 -0.420033
v 0.776059 3.280000 -0.302167
v 0.593970 3.280000 -0.558332
vt 0.000000 0.000000
vt 1.000000 0.000000
vt 1.000000 1.000000
vt 0.000000 1.000000
f 605/605 608/608 607/607 606/606
v 1.034745 2.450000 -0.420033
v 1.120000 2.450000 0.000000
v 0.840000 3.280000 0.000000
v 0.776059 3.280000 -0.302167
vt 0.000000 0.000000
vt 1.000000 0.000000
vt 1.000000 1.000000
vt 0.000000 1.000000
f 609/609 612/612 611/611 610/610
v 1.120000 2.450000 0.000000
v 1.034745 2.450000 0.420033
v 0.776059 3.280000 0.302167
v 0.840000 3.280000 0.000000
vt 0.000000 0.000000
vt 1.000000 0.000000
vt 1.000000 1.000000
vt 0.000000 1.000000
f 613/613 616/616 615/615 614/614
v 1.034745 2.450000 0.420033
v 0.791960 2.450000 0.776120
v 0.593970 3.280000 0.558332
v 0.776059 3.280000 0.302167
vt 0.000000 0.000000
vt 1.000000 0.000000
vt 1.000000 1.000000
vt 0.000000 1.000000
f 617/617 620/620 619/619 618/618
v 0.791960 2.450000 0.776120
v 0.428605 2.450000 1.014050
v 0.321454 3.280000 0.729495
v 0.593970 3.280000 0.558332
vt 0.000000 0.000000
vt 1.000000 0.000000
vt 1.000000 1.000000
vt 0.000000 1.000000
f 621/621 624/624 623/623 622/622
v 0.428605 2.450000 1.014050
v 0.000000 2.450000 1.097600
v 0.000000 3.280000 0.789600
v 0.321454 3.280000 0.729495
vt 0.000000 0.000000
vt 1.000000 0.000000
vt 1.000000 1.000000
vt 0.000000 1.000000
f 625/625 628/628 627/627 626/626
v 0.000000 2.450000 1.097600
v -0.428605 2.450000 1.014050
v -0.321454 3.280000 0.729495
v 0.000000 3.280000 0.789600
vt 0.000000 0.000000
vt 1.000000 0.000000
vt 1.000000 1.000000
vt 0.000000 1.000000
f 629/629 632/632 631/631 630/630
v -0.428605 2.450000 1.014050
v -0.791960 2.450000 0.776120
v -0.593970 3.280000 0.558332
v -0.321454 3.280000 0.729495
vt 0.000000 0.000000
vt 1.000000 0.000000
vt 1.000000 1.000000
vt 0.000000 1.000000
f 633/633 636/636 635/635 634/634
v -0.791960 2.450000 0.776120
v -1.034745 2.450000 0.420033
v -0.776059 3.280000 0.302167
v -0.593970 3.280000 0.558332
vt 0.000000 0.000000
vt 1.000000 0.000000
vt 1.000000 1.000000
vt 0.000000 1.000000
f 637/637 640/640 639/639 638/638
v -1.034745 2.450000 0.420033
v -1.120000 2.450000 0.000000
v -0.840000 3.280000 0.000000
v -0.776059 3.280000 0.302167
vt 0.000000 0.000000
vt 1.000000 0.000000
vt 1.000000 1.000000
vt 0.000000 1.000000
f 641/641 644/644 643/643 642/642
v -1.120000 2.450000 0.000000
v -1.034745 2.450000 -0.420033
v -0.776059 3.280000 -0.302167
v -0.840000 3.280000 0.000000
vt 0.000000 0.000000
vt 1.000000 0.000000
vt 1.000000 1.000000
vt 0.000000 1.000000
f 645/645 648/648 647/647 646/646
v -1.034745 2.450000 -0.420033
v -0.791960 2.450000 -0.776120
v -0.593970 3.280000 -0.558332
v -0.776059 3.280000 -0.302167
vt 0.000000 0.000000
vt 1.000000 0.000000
vt 1.000000 1.000000
vt 0.000000 1.000000
f 649/649 652/652 651/651 650/650
v -0.791960 2.450000 -0.776120
v -0.428605 2.450000 -1.014050
v -0.321454 3.280000 -0.729495
v -0.593970 3.280000 -0.558332
vt 0.000000 0.000000
vt 1.000000 0.000000
vt 1.000000 1.000000
vt 0.000000 1.000000
f 653/653 656/656 655/655 654/654
v -0.428605 2.450000 -1.014050
v 0.000000 2.450000 -1.097600
v 0.000000 3.280000 -0.789600
v -0.321454 3.280000 -0.729495
vt 0.000000 0.000000
vt 1.000000 0.000000
vt 1.000000 1.000000
vt 0.000000 1.000000
f 657/657 660/660 659/659 658/658
v 0.000000 3.280000 -0.789600
v 0.321454 3.280000 -0.729495
v 0.244917 3.560000 -0.532155
v 0.000000 3.560000 -0.576000
vt 0.000000 0.000000
vt 1.000000 0.000000
vt 1.000000 1.000000
vt 0.000000 1.000000
f 661/661 664/664 663/663 662/662
v 0.321454 3.280000 -0.729495
v 0.593970 3.280000 -0.558332
v 0.452548 3.560000 -0.407294
v 0.244917 3.560000 -0.532155
vt 0.000000 0.000000
vt 1.000000 0.000000
vt 1.000000 1.000000
vt 0.000000 1.000000
f 665/665 668/668 667/667 666/666
v 0.593970 3.280000 -0.558332
v 0.776059 3.280000 -0.302167
v 0.591283 3.560000 -0.220426
v 0.452548 3.560000 -0.407294
vt 0.000000 0.000000
vt 1.000000 0.000000
vt 1.000000 1.000000
vt 0.000000 1.000000
f 669/669 672/672 671/671 670/670
v 0.776059 3.280000 -0.302167
v 0.840000 3.280000 0.000000
v 0.640000 3.560000 0.000000
v 0.591283 3.560000 -0.220426
vt 0.000000 0.000000
vt 1.000000 0.000000
vt 1.000000 1.000000
vt 0.000000 1.000000
f 673/673 676/676 675/675 674/674
v 0.840000 3.280000 0.000000
v 0.776059 3.280000 0.302167
v 0.591283 3.560000 0.220426
v 0.640000 3.560000 0.000000
vt 0.000000 0.000000
vt 1.000000 0.000000
vt 1.000000 1.000000
vt 0.000000 1.000000
f 677/677 680/680 679/679 678/678
v 0.776059 3.280000 0.302167
v 0.593970 3.280000 0.558332
v 0.452548 3.560000 0.407294
v 0.591283 3.560000 0.220426
vt 0.000000 0.000000
vt 1.000000 0.000000
vt 1.000000 1.000000
vt 0.000000 1.000000
f 681/681 684/684 683/683 682/682
v 0.593970 3.280000 0.558332
v 0.321454 3.280000 0.729495
v 0.244917 3.560000 0.532155
v 0.452548 3.560000 0.407294
vt 0.000000 0.000000
vt 1.000000 0.000000
vt 1.000000 1.000000
vt 0.000000 1.000000
f 685/685 688/688 687/687 686/686
v 0.321454 3.280000 0.729495
v 0.000000 3.280000 0.789600
v 0.000000 3.560000 0.576000
v 0.244917 3.560000 0.532155
vt 0.000000 0.000000
vt 1.000000 0.000000
vt 1.000000 1.000000
vt 0.000000 1.000000
f 689/689 692/692 691/691 690/690
v 0.000000 3.280000 0.789600
v -0.321454 3.280000 0.729495
v -0.244917 3.560000 0.532155
v 0.000000 3.560000 0.576000
vt 0.000000 0.000000
vt 1.000000 0.000000
vt 1.000000 1.000000
vt 0.000000 1.000000
f 693/693 696/696 695/695 694/694
v -0.321454 3.280000 0.729495
v -0.593970 3.280000 0.558332
v -0.452548 3.560000 0.407294
v -0.244917 3.560000 0.532155
vt 0.000000 0.000000
vt 1.000000 0.000000
vt 1.000000 1.000000
vt 0.000000 1.000000
f 697/697 700/700 699/699 698/698
v -0.593970 3.280000 0.558332
v -0.776059 3.280000 0.302167
v -0.591283 3.560000 0.220426
v -0.452548 3.560000 0.407294
vt 0.000000 0.000000
vt 1.000000 0.000000
vt 1.000000 1.000000
vt 0.000000 1.000000
f 701/701 704/704 703/703 702/702
v -0.776059 3.280000 0.302167
v -0.840000 3.280000 0.000000
v -0.640000 3.560000 0.000000
v -0.591283 3.560000 0.220426
vt 0.000000 0.000000
vt 1.000000 0.000000
vt 1.000000 1.000000
vt 0.000000 1.000000
f 705/705 708/708 707/707 706/706
v -0.840000 3.280000 0.000000
v -0.776059 3.280000 -0.302167
v -0.591283 3.560000 -0.220426
v -0.640000 3.560000 0.000000
vt 0.000000 0.000000
vt 1.000000 0.000000
vt 1.000000 1.000000
vt 0.000000 1.000000
f 709/709 712/712 711/711 710/710
v -0.776059 3.280000 -0.302167
v -0.593970 3.280000 -0.558332
v -0.452548 3.560000 -0.407294
v -0.591283 3.560000 -0.220426
vt 0.000000 0.000000
vt 1.000000 0.000000
vt 1.000000 1.000000
vt 0.000000 1.000000
f 713/713 716/716 715/715 714/714
v -0.593970 3.280000 -0.558332
v -0.321454 3.280000 -0.729495
v -0.244917 3.560000 -0.532155
v -0.452548 3.560000 -0.407294
vt 0.000000 0.000000
vt 1.000000 0.000000
vt 1.000000 1.000000
vt 0.000000 1.000000
f 717/717 720/720 719/719 718/718
v -0.321454 3.280000 -0.729495
v 0.000000 3.280000 -0.789600
v 0.000000 3.560000 -0.576000
v -0.244917 3.560000 -0.532155
vt 0.000000 0.000000
vt 1.000000 0.000000
vt 1.000000 1.000000
vt 0.000000 1.000000
f 721/721 724/724 723/723 722/722

o riveted_band_1
usemtl band
v 0.000000 0.700000 -1.120000
v 0.428605 0.700000 -1.034745
v 0.428605 0.820000 -1.034745
v 0.000000 0.820000 -1.120000
vt 0.000000 0.000000
vt 1.000000 0.000000
vt 1.000000 1.000000
vt 0.000000 1.000000
f 725/725 728/728 727/727 726/726
v 0.428605 0.700000 -1.034745
v 0.791960 0.700000 -0.791960
v 0.791960 0.820000 -0.791960
v 0.428605 0.820000 -1.034745
vt 0.000000 0.000000
vt 1.000000 0.000000
vt 1.000000 1.000000
vt 0.000000 1.000000
f 729/729 732/732 731/731 730/730
v 0.791960 0.700000 -0.791960
v 1.034745 0.700000 -0.428605
v 1.034745 0.820000 -0.428605
v 0.791960 0.820000 -0.791960
vt 0.000000 0.000000
vt 1.000000 0.000000
vt 1.000000 1.000000
vt 0.000000 1.000000
f 733/733 736/736 735/735 734/734
v 1.034745 0.700000 -0.428605
v 1.120000 0.700000 0.000000
v 1.120000 0.820000 0.000000
v 1.034745 0.820000 -0.428605
vt 0.000000 0.000000
vt 1.000000 0.000000
vt 1.000000 1.000000
vt 0.000000 1.000000
f 737/737 740/740 739/739 738/738
v 1.120000 0.700000 0.000000
v 1.034745 0.700000 0.428605
v 1.034745 0.820000 0.428605
v 1.120000 0.820000 0.000000
vt 0.000000 0.000000
vt 1.000000 0.000000
vt 1.000000 1.000000
vt 0.000000 1.000000
f 741/741 744/744 743/743 742/742
v 1.034745 0.700000 0.428605
v 0.791960 0.700000 0.791960
v 0.791960 0.820000 0.791960
v 1.034745 0.820000 0.428605
vt 0.000000 0.000000
vt 1.000000 0.000000
vt 1.000000 1.000000
vt 0.000000 1.000000
f 745/745 748/748 747/747 746/746
v 0.791960 0.700000 0.791960
v 0.428605 0.700000 1.034745
v 0.428605 0.820000 1.034745
v 0.791960 0.820000 0.791960
vt 0.000000 0.000000
vt 1.000000 0.000000
vt 1.000000 1.000000
vt 0.000000 1.000000
f 749/749 752/752 751/751 750/750
v 0.428605 0.700000 1.034745
v 0.000000 0.700000 1.120000
v 0.000000 0.820000 1.120000
v 0.428605 0.820000 1.034745
vt 0.000000 0.000000
vt 1.000000 0.000000
vt 1.000000 1.000000
vt 0.000000 1.000000
f 753/753 756/756 755/755 754/754
v 0.000000 0.700000 1.120000
v -0.428605 0.700000 1.034745
v -0.428605 0.820000 1.034745
v 0.000000 0.820000 1.120000
vt 0.000000 0.000000
vt 1.000000 0.000000
vt 1.000000 1.000000
vt 0.000000 1.000000
f 757/757 760/760 759/759 758/758
v -0.428605 0.700000 1.034745
v -0.791960 0.700000 0.791960
v -0.791960 0.820000 0.791960
v -0.428605 0.820000 1.034745
vt 0.000000 0.000000
vt 1.000000 0.000000
vt 1.000000 1.000000
vt 0.000000 1.000000
f 761/761 764/764 763/763 762/762
v -0.791960 0.700000 0.791960
v -1.034745 0.700000 0.428605
v -1.034745 0.820000 0.428605
v -0.791960 0.820000 0.791960
vt 0.000000 0.000000
vt 1.000000 0.000000
vt 1.000000 1.000000
vt 0.000000 1.000000
f 765/765 768/768 767/767 766/766
v -1.034745 0.700000 0.428605
v -1.120000 0.700000 0.000000
v -1.120000 0.820000 0.000000
v -1.034745 0.820000 0.428605
vt 0.000000 0.000000
vt 1.000000 0.000000
vt 1.000000 1.000000
vt 0.000000 1.000000
f 769/769 772/772 771/771 770/770
v -1.120000 0.700000 0.000000
v -1.034745 0.700000 -0.428605
v -1.034745 0.820000 -0.428605
v -1.120000 0.820000 0.000000
vt 0.000000 0.000000
vt 1.000000 0.000000
vt 1.000000 1.000000
vt 0.000000 1.000000
f 773/773 776/776 775/775 774/774
v -1.034745 0.700000 -0.428605
v -0.791960 0.700000 -0.791960
v -0.791960 0.820000 -0.791960
v -1.034745 0.820000 -0.428605
vt 0.000000 0.000000
vt 1.000000 0.000000
vt 1.000000 1.000000
vt 0.000000 1.000000
f 777/777 780/780 779/779 778/778
v -0.791960 0.700000 -0.791960
v -0.428605 0.700000 -1.034745
v -0.428605 0.820000 -1.034745
v -0.791960 0.820000 -0.791960
vt 0.000000 0.000000
vt 1.000000 0.000000
vt 1.000000 1.000000
vt 0.000000 1.000000
f 781/781 784/784 783/783 782/782
v -0.428605 0.700000 -1.034745
v 0.000000 0.700000 -1.120000
v 0.000000 0.820000 -1.120000
v -0.428605 0.820000 -1.034745
vt 0.000000 0.000000
vt 1.000000 0.000000
vt 1.000000 1.000000
vt 0.000000 1.000000
f 785/785 788/788 787/787 786/786

o riveted_band_2
usemtl band
v 0.000000 1.580000 -1.280000
v 0.489835 1.580000 -1.182566
v 0.489835 1.720000 -1.182566
v 0.000000 1.720000 -1.280000
vt 0.000000 0.000000
vt 1.000000 0.000000
vt 1.000000 1.000000
vt 0.000000 1.000000
f 789/789 792/792 791/791 790/790
v 0.489835 1.580000 -1.182566
v 0.905097 1.580000 -0.905097
v 0.905097 1.720000 -0.905097
v 0.489835 1.720000 -1.182566
vt 0.000000 0.000000
vt 1.000000 0.000000
vt 1.000000 1.000000
vt 0.000000 1.000000
f 793/793 796/796 795/795 794/794
v 0.905097 1.580000 -0.905097
v 1.182566 1.580000 -0.489835
v 1.182566 1.720000 -0.489835
v 0.905097 1.720000 -0.905097
vt 0.000000 0.000000
vt 1.000000 0.000000
vt 1.000000 1.000000
vt 0.000000 1.000000
f 797/797 800/800 799/799 798/798
v 1.182566 1.580000 -0.489835
v 1.280000 1.580000 0.000000
v 1.280000 1.720000 0.000000
v 1.182566 1.720000 -0.489835
vt 0.000000 0.000000
vt 1.000000 0.000000
vt 1.000000 1.000000
vt 0.000000 1.000000
f 801/801 804/804 803/803 802/802
v 1.280000 1.580000 0.000000
v 1.182566 1.580000 0.489835
v 1.182566 1.720000 0.489835
v 1.280000 1.720000 0.000000
vt 0.000000 0.000000
vt 1.000000 0.000000
vt 1.000000 1.000000
vt 0.000000 1.000000
f 805/805 808/808 807/807 806/806
v 1.182566 1.580000 0.489835
v 0.905097 1.580000 0.905097
v 0.905097 1.720000 0.905097
v 1.182566 1.720000 0.489835
vt 0.000000 0.000000
vt 1.000000 0.000000
vt 1.000000 1.000000
vt 0.000000 1.000000
f 809/809 812/812 811/811 810/810
v 0.905097 1.580000 0.905097
v 0.489835 1.580000 1.182566
v 0.489835 1.720000 1.182566
v 0.905097 1.720000 0.905097
vt 0.000000 0.000000
vt 1.000000 0.000000
vt 1.000000 1.000000
vt 0.000000 1.000000
f 813/813 816/816 815/815 814/814
v 0.489835 1.580000 1.182566
v 0.000000 1.580000 1.280000
v 0.000000 1.720000 1.280000
v 0.489835 1.720000 1.182566
vt 0.000000 0.000000
vt 1.000000 0.000000
vt 1.000000 1.000000
vt 0.000000 1.000000
f 817/817 820/820 819/819 818/818
v 0.000000 1.580000 1.280000
v -0.489835 1.580000 1.182566
v -0.489835 1.720000 1.182566
v 0.000000 1.720000 1.280000
vt 0.000000 0.000000
vt 1.000000 0.000000
vt 1.000000 1.000000
vt 0.000000 1.000000
f 821/821 824/824 823/823 822/822
v -0.489835 1.580000 1.182566
v -0.905097 1.580000 0.905097
v -0.905097 1.720000 0.905097
v -0.489835 1.720000 1.182566
vt 0.000000 0.000000
vt 1.000000 0.000000
vt 1.000000 1.000000
vt 0.000000 1.000000
f 825/825 828/828 827/827 826/826
v -0.905097 1.580000 0.905097
v -1.182566 1.580000 0.489835
v -1.182566 1.720000 0.489835
v -0.905097 1.720000 0.905097
vt 0.000000 0.000000
vt 1.000000 0.000000
vt 1.000000 1.000000
vt 0.000000 1.000000
f 829/829 832/832 831/831 830/830
v -1.182566 1.580000 0.489835
v -1.280000 1.580000 0.000000
v -1.280000 1.720000 0.000000
v -1.182566 1.720000 0.489835
vt 0.000000 0.000000
vt 1.000000 0.000000
vt 1.000000 1.000000
vt 0.000000 1.000000
f 833/833 836/836 835/835 834/834
v -1.280000 1.580000 0.000000
v -1.182566 1.580000 -0.489835
v -1.182566 1.720000 -0.489835
v -1.280000 1.720000 0.000000
vt 0.000000 0.000000
vt 1.000000 0.000000
vt 1.000000 1.000000
vt 0.000000 1.000000
f 837/837 840/840 839/839 838/838
v -1.182566 1.580000 -0.489835
v -0.905097 1.580000 -0.905097
v -0.905097 1.720000 -0.905097
v -1.182566 1.720000 -0.489835
vt 0.000000 0.000000
vt 1.000000 0.000000
vt 1.000000 1.000000
vt 0.000000 1.000000
f 841/841 844/844 843/843 842/842
v -0.905097 1.580000 -0.905097
v -0.489835 1.580000 -1.182566
v -0.489835 1.720000 -1.182566
v -0.905097 1.720000 -0.905097
vt 0.000000 0.000000
vt 1.000000 0.000000
vt 1.000000 1.000000
vt 0.000000 1.000000
f 845/845 848/848 847/847 846/846
v -0.489835 1.580000 -1.182566
v 0.000000 1.580000 -1.280000
v 0.000000 1.720000 -1.280000
v -0.489835 1.720000 -1.182566
vt 0.000000 0.000000
vt 1.000000 0.000000
vt 1.000000 1.000000
vt 0.000000 1.000000
f 849/849 852/852 851/851 850/850

o riveted_band_3
usemtl band
v 0.000000 2.400000 -1.160000
v 0.443913 2.400000 -1.071700
v 0.443913 2.540000 -1.071700
v 0.000000 2.540000 -1.160000
vt 0.000000 0.000000
vt 1.000000 0.000000
vt 1.000000 1.000000
vt 0.000000 1.000000
f 853/853 856/856 855/855 854/854
v 0.443913 2.400000 -1.071700
v 0.820244 2.400000 -0.820244
v 0.820244 2.540000 -0.820244
v 0.443913 2.540000 -1.071700
vt 0.000000 0.000000
vt 1.000000 0.000000
vt 1.000000 1.000000
vt 0.000000 1.000000
f 857/857 860/860 859/859 858/858
v 0.820244 2.400000 -0.820244
v 1.071700 2.400000 -0.443913
v 1.071700 2.540000 -0.443913
v 0.820244 2.540000 -0.820244
vt 0.000000 0.000000
vt 1.000000 0.000000
vt 1.000000 1.000000
vt 0.000000 1.000000
f 861/861 864/864 863/863 862/862
v 1.071700 2.400000 -0.443913
v 1.160000 2.400000 0.000000
v 1.160000 2.540000 0.000000
v 1.071700 2.540000 -0.443913
vt 0.000000 0.000000
vt 1.000000 0.000000
vt 1.000000 1.000000
vt 0.000000 1.000000
f 865/865 868/868 867/867 866/866
v 1.160000 2.400000 0.000000
v 1.071700 2.400000 0.443913
v 1.071700 2.540000 0.443913
v 1.160000 2.540000 0.000000
vt 0.000000 0.000000
vt 1.000000 0.000000
vt 1.000000 1.000000
vt 0.000000 1.000000
f 869/869 872/872 871/871 870/870
v 1.071700 2.400000 0.443913
v 0.820244 2.400000 0.820244
v 0.820244 2.540000 0.820244
v 1.071700 2.540000 0.443913
vt 0.000000 0.000000
vt 1.000000 0.000000
vt 1.000000 1.000000
vt 0.000000 1.000000
f 873/873 876/876 875/875 874/874
v 0.820244 2.400000 0.820244
v 0.443913 2.400000 1.071700
v 0.443913 2.540000 1.071700
v 0.820244 2.540000 0.820244
vt 0.000000 0.000000
vt 1.000000 0.000000
vt 1.000000 1.000000
vt 0.000000 1.000000
f 877/877 880/880 879/879 878/878
v 0.443913 2.400000 1.071700
v 0.000000 2.400000 1.160000
v 0.000000 2.540000 1.160000
v 0.443913 2.540000 1.071700
vt 0.000000 0.000000
vt 1.000000 0.000000
vt 1.000000 1.000000
vt 0.000000 1.000000
f 881/881 884/884 883/883 882/882
v 0.000000 2.400000 1.160000
v -0.443913 2.400000 1.071700
v -0.443913 2.540000 1.071700
v 0.000000 2.540000 1.160000
vt 0.000000 0.000000
vt 1.000000 0.000000
vt 1.000000 1.000000
vt 0.000000 1.000000
f 885/885 888/888 887/887 886/886
v -0.443913 2.400000 1.071700
v -0.820244 2.400000 0.820244
v -0.820244 2.540000 0.820244
v -0.443913 2.540000 1.071700
vt 0.000000 0.000000
vt 1.000000 0.000000
vt 1.000000 1.000000
vt 0.000000 1.000000
f 889/889 892/892 891/891 890/890
v -0.820244 2.400000 0.820244
v -1.071700 2.400000 0.443913
v -1.071700 2.540000 0.443913
v -0.820244 2.540000 0.820244
vt 0.000000 0.000000
vt 1.000000 0.000000
vt 1.000000 1.000000
vt 0.000000 1.000000
f 893/893 896/896 895/895 894/894
v -1.071700 2.400000 0.443913
v -1.160000 2.400000 0.000000
v -1.160000 2.540000 0.000000
v -1.071700 2.540000 0.443913
vt 0.000000 0.000000
vt 1.000000 0.000000
vt 1.000000 1.000000
vt 0.000000 1.000000
f 897/897 900/900 899/899 898/898
v -1.160000 2.400000 0.000000
v -1.071700 2.400000 -0.443913
v -1.071700 2.540000 -0.443913
v -1.160000 2.540000 0.000000
vt 0.000000 0.000000
vt 1.000000 0.000000
vt 1.000000 1.000000
vt 0.000000 1.000000
f 901/901 904/904 903/903 902/902
v -1.071700 2.400000 -0.443913
v -0.820244 2.400000 -0.820244
v -0.820244 2.540000 -0.820244
v -1.071700 2.540000 -0.443913
vt 0.000000 0.000000
vt 1.000000 0.000000
vt 1.000000 1.000000
vt 0.000000 1.000000
f 905/905 908/908 907/907 906/906
v -0.820244 2.400000 -0.820244
v -0.443913 2.400000 -1.071700
v -0.443913 2.540000 -1.071700
v -0.820244 2.540000 -0.820244
vt 0.000000 0.000000
vt 1.000000 0.000000
vt 1.000000 1.000000
vt 0.000000 1.000000
f 909/909 912/912 911/911 910/910
v -0.443913 2.400000 -1.071700
v 0.000000 2.400000 -1.160000
v 0.000000 2.540000 -1.160000
v -0.443913 2.540000 -1.071700
vt 0.000000 0.000000
vt 1.000000 0.000000
vt 1.000000 1.000000
vt 0.000000 1.000000
f 913/913 916/916 915/915 914/914

o riveted_band_4
usemtl band
v 0.000000 3.180000 -0.900000
v 0.344415 3.180000 -0.831492
v 0.344415 3.340000 -0.831492
v 0.000000 3.340000 -0.900000
vt 0.000000 0.000000
vt 1.000000 0.000000
vt 1.000000 1.000000
vt 0.000000 1.000000
f 917/917 920/920 919/919 918/918
v 0.344415 3.180000 -0.831492
v 0.636396 3.180000 -0.636396
v 0.636396 3.340000 -0.636396
v 0.344415 3.340000 -0.831492
vt 0.000000 0.000000
vt 1.000000 0.000000
vt 1.000000 1.000000
vt 0.000000 1.000000
f 921/921 924/924 923/923 922/922
v 0.636396 3.180000 -0.636396
v 0.831492 3.180000 -0.344415
v 0.831492 3.340000 -0.344415
v 0.636396 3.340000 -0.636396
vt 0.000000 0.000000
vt 1.000000 0.000000
vt 1.000000 1.000000
vt 0.000000 1.000000
f 925/925 928/928 927/927 926/926
v 0.831492 3.180000 -0.344415
v 0.900000 3.180000 0.000000
v 0.900000 3.340000 0.000000
v 0.831492 3.340000 -0.344415
vt 0.000000 0.000000
vt 1.000000 0.000000
vt 1.000000 1.000000
vt 0.000000 1.000000
f 929/929 932/932 931/931 930/930
v 0.900000 3.180000 0.000000
v 0.831492 3.180000 0.344415
v 0.831492 3.340000 0.344415
v 0.900000 3.340000 0.000000
vt 0.000000 0.000000
vt 1.000000 0.000000
vt 1.000000 1.000000
vt 0.000000 1.000000
f 933/933 936/936 935/935 934/934
v 0.831492 3.180000 0.344415
v 0.636396 3.180000 0.636396
v 0.636396 3.340000 0.636396
v 0.831492 3.340000 0.344415
vt 0.000000 0.000000
vt 1.000000 0.000000
vt 1.000000 1.000000
vt 0.000000 1.000000
f 937/937 940/940 939/939 938/938
v 0.636396 3.180000 0.636396
v 0.344415 3.180000 0.831492
v 0.344415 3.340000 0.831492
v 0.636396 3.340000 0.636396
vt 0.000000 0.000000
vt 1.000000 0.000000
vt 1.000000 1.000000
vt 0.000000 1.000000
f 941/941 944/944 943/943 942/942
v 0.344415 3.180000 0.831492
v 0.000000 3.180000 0.900000
v 0.000000 3.340000 0.900000
v 0.344415 3.340000 0.831492
vt 0.000000 0.000000
vt 1.000000 0.000000
vt 1.000000 1.000000
vt 0.000000 1.000000
f 945/945 948/948 947/947 946/946
v 0.000000 3.180000 0.900000
v -0.344415 3.180000 0.831492
v -0.344415 3.340000 0.831492
v 0.000000 3.340000 0.900000
vt 0.000000 0.000000
vt 1.000000 0.000000
vt 1.000000 1.000000
vt 0.000000 1.000000
f 949/949 952/952 951/951 950/950
v -0.344415 3.180000 0.831492
v -0.636396 3.180000 0.636396
v -0.636396 3.340000 0.636396
v -0.344415 3.340000 0.831492
vt 0.000000 0.000000
vt 1.000000 0.000000
vt 1.000000 1.000000
vt 0.000000 1.000000
f 953/953 956/956 955/955 954/954
v -0.636396 3.180000 0.636396
v -0.831492 3.180000 0.344415
v -0.831492 3.340000 0.344415
v -0.636396 3.340000 0.636396
vt 0.000000 0.000000
vt 1.000000 0.000000
vt 1.000000 1.000000
vt 0.000000 1.000000
f 957/957 960/960 959/959 958/958
v -0.831492 3.180000 0.344415
v -0.900000 3.180000 0.000000
v -0.900000 3.340000 0.000000
v -0.831492 3.340000 0.344415
vt 0.000000 0.000000
vt 1.000000 0.000000
vt 1.000000 1.000000
vt 0.000000 1.000000
f 961/961 964/964 963/963 962/962
v -0.900000 3.180000 0.000000
v -0.831492 3.180000 -0.344415
v -0.831492 3.340000 -0.344415
v -0.900000 3.340000 0.000000
vt 0.000000 0.000000
vt 1.000000 0.000000
vt 1.000000 1.000000
vt 0.000000 1.000000
f 965/965 968/968 967/967 966/966
v -0.831492 3.180000 -0.344415
v -0.636396 3.180000 -0.636396
v -0.636396 3.340000 -0.636396
v -0.831492 3.340000 -0.344415
vt 0.000000 0.000000
vt 1.000000 0.000000
vt 1.000000 1.000000
vt 0.000000 1.000000
f 969/969 972/972 971/971 970/970
v -0.636396 3.180000 -0.636396
v -0.344415 3.180000 -0.831492
v -0.344415 3.340000 -0.831492
v -0.636396 3.340000 -0.636396
vt 0.000000 0.000000
vt 1.000000 0.000000
vt 1.000000 1.000000
vt 0.000000 1.000000
f 973/973 976/976 975/975 974/974
v -0.344415 3.180000 -0.831492
v 0.000000 3.180000 -0.900000
v 0.000000 3.340000 -0.900000
v -0.344415 3.340000 -0.831492
vt 0.000000 0.000000
vt 1.000000 0.000000
vt 1.000000 1.000000
vt 0.000000 1.000000
f 977/977 980/980 979/979 978/978

o charging_throat
usemtl band
v 0.000000 3.450000 -0.560000
v 0.214303 3.450000 -0.517373
v 0.183688 3.980000 -0.443462
v 0.000000 3.980000 -0.480000
vt 0.000000 0.000000
vt 1.000000 0.000000
vt 1.000000 1.000000
vt 0.000000 1.000000
f 981/981 984/984 983/983 982/982
v 0.214303 3.450000 -0.517373
v 0.395980 3.450000 -0.395980
v 0.339411 3.980000 -0.339411
v 0.183688 3.980000 -0.443462
vt 0.000000 0.000000
vt 1.000000 0.000000
vt 1.000000 1.000000
vt 0.000000 1.000000
f 985/985 988/988 987/987 986/986
v 0.395980 3.450000 -0.395980
v 0.517373 3.450000 -0.214303
v 0.443462 3.980000 -0.183688
v 0.339411 3.980000 -0.339411
vt 0.000000 0.000000
vt 1.000000 0.000000
vt 1.000000 1.000000
vt 0.000000 1.000000
f 989/989 992/992 991/991 990/990
v 0.517373 3.450000 -0.214303
v 0.560000 3.450000 0.000000
v 0.480000 3.980000 0.000000
v 0.443462 3.980000 -0.183688
vt 0.000000 0.000000
vt 1.000000 0.000000
vt 1.000000 1.000000
vt 0.000000 1.000000
f 993/993 996/996 995/995 994/994
v 0.560000 3.450000 0.000000
v 0.517373 3.450000 0.214303
v 0.443462 3.980000 0.183688
v 0.480000 3.980000 0.000000
vt 0.000000 0.000000
vt 1.000000 0.000000
vt 1.000000 1.000000
vt 0.000000 1.000000
f 997/997 1000/1000 999/999 998/998
v 0.517373 3.450000 0.214303
v 0.395980 3.450000 0.395980
v 0.339411 3.980000 0.339411
v 0.443462 3.980000 0.183688
vt 0.000000 0.000000
vt 1.000000 0.000000
vt 1.000000 1.000000
vt 0.000000 1.000000
f 1001/1001 1004/1004 1003/1003 1002/1002
v 0.395980 3.450000 0.395980
v 0.214303 3.450000 0.517373
v 0.183688 3.980000 0.443462
v 0.339411 3.980000 0.339411
vt 0.000000 0.000000
vt 1.000000 0.000000
vt 1.000000 1.000000
vt 0.000000 1.000000
f 1005/1005 1008/1008 1007/1007 1006/1006
v 0.214303 3.450000 0.517373
v 0.000000 3.450000 0.560000
v 0.000000 3.980000 0.480000
v 0.183688 3.980000 0.443462
vt 0.000000 0.000000
vt 1.000000 0.000000
vt 1.000000 1.000000
vt 0.000000 1.000000
f 1009/1009 1012/1012 1011/1011 1010/1010
v 0.000000 3.450000 0.560000
v -0.214303 3.450000 0.517373
v -0.183688 3.980000 0.443462
v 0.000000 3.980000 0.480000
vt 0.000000 0.000000
vt 1.000000 0.000000
vt 1.000000 1.000000
vt 0.000000 1.000000
f 1013/1013 1016/1016 1015/1015 1014/1014
v -0.214303 3.450000 0.517373
v -0.395980 3.450000 0.395980
v -0.339411 3.980000 0.339411
v -0.183688 3.980000 0.443462
vt 0.000000 0.000000
vt 1.000000 0.000000
vt 1.000000 1.000000
vt 0.000000 1.000000
f 1017/1017 1020/1020 1019/1019 1018/1018
v -0.395980 3.450000 0.395980
v -0.517373 3.450000 0.214303
v -0.443462 3.980000 0.183688
v -0.339411 3.980000 0.339411
vt 0.000000 0.000000
vt 1.000000 0.000000
vt 1.000000 1.000000
vt 0.000000 1.000000
f 1021/1021 1024/1024 1023/1023 1022/1022
v -0.517373 3.450000 0.214303
v -0.560000 3.450000 0.000000
v -0.480000 3.980000 0.000000
v -0.443462 3.980000 0.183688
vt 0.000000 0.000000
vt 1.000000 0.000000
vt 1.000000 1.000000
vt 0.000000 1.000000
f 1025/1025 1028/1028 1027/1027 1026/1026
v -0.560000 3.450000 0.000000
v -0.517373 3.450000 -0.214303
v -0.443462 3.980000 -0.183688
v -0.480000 3.980000 0.000000
vt 0.000000 0.000000
vt 1.000000 0.000000
vt 1.000000 1.000000
vt 0.000000 1.000000
f 1029/1029 1032/1032 1031/1031 1030/1030
v -0.517373 3.450000 -0.214303
v -0.395980 3.450000 -0.395980
v -0.339411 3.980000 -0.339411
v -0.443462 3.980000 -0.183688
vt 0.000000 0.000000
vt 1.000000 0.000000
vt 1.000000 1.000000
vt 0.000000 1.000000
f 1033/1033 1036/1036 1035/1035 1034/1034
v -0.395980 3.450000 -0.395980
v -0.214303 3.450000 -0.517373
v -0.183688 3.980000 -0.443462
v -0.339411 3.980000 -0.339411
vt 0.000000 0.000000
vt 1.000000 0.000000
vt 1.000000 1.000000
vt 0.000000 1.000000
f 1037/1037 1040/1040 1039/1039 1038/1038
v -0.214303 3.450000 -0.517373
v 0.000000 3.450000 -0.560000
v 0.000000 3.980000 -0.480000
v -0.183688 3.980000 -0.443462
vt 0.000000 0.000000
vt 1.000000 0.000000
vt 1.000000 1.000000
vt 0.000000 1.000000
f 1041/1041 1044/1044 1043/1043 1042/1042
v 0.000000 3.980000 0.000000
v 0.000000 3.980000 -0.480000
v 0.183688 3.980000 -0.443462
vt 0.000000 0.000000
vt 1.000000 0.000000
vt 1.000000 1.000000
vt 0.000000 1.000000
f 1045/1045 1047/1047 1046/1046
v 0.000000 3.980000 0.000000
v 0.183688 3.980000 -0.443462
v 0.339411 3.980000 -0.339411
vt 0.000000 0.000000
vt 1.000000 0.000000
vt 1.000000 1.000000
vt 0.000000 1.000000
f 1048/1049 1050/1051 1049/1050
v 0.000000 3.980000 0.000000
v 0.339411 3.980000 -0.339411
v 0.443462 3.980000 -0.183688
vt 0.000000 0.000000
vt 1.000000 0.000000
vt 1.000000 1.000000
vt 0.000000 1.000000
f 1051/1053 1053/1055 1052/1054
v 0.000000 3.980000 0.000000
v 0.443462 3.980000 -0.183688
v 0.480000 3.980000 0.000000
vt 0.000000 0.000000
vt 1.000000 0.000000
vt 1.000000 1.000000
vt 0.000000 1.000000
f 1054/1057 1056/1059 1055/1058
v 0.000000 3.980000 0.000000
v 0.480000 3.980000 0.000000
v 0.443462 3.980000 0.183688
vt 0.000000 0.000000
vt 1.000000 0.000000
vt 1.000000 1.000000
vt 0.000000 1.000000
f 1057/1061 1059/1063 1058/1062
v 0.000000 3.980000 0.000000
v 0.443462 3.980000 0.183688
v 0.339411 3.980000 0.339411
vt 0.000000 0.000000
vt 1.000000 0.000000
vt 1.000000 1.000000
vt 0.000000 1.000000
f 1060/1065 1062/1067 1061/1066
v 0.000000 3.980000 0.000000
v 0.339411 3.980000 0.339411
v 0.183688 3.980000 0.443462
vt 0.000000 0.000000
vt 1.000000 0.000000
vt 1.000000 1.000000
vt 0.000000 1.000000
f 1063/1069 1065/1071 1064/1070
v 0.000000 3.980000 0.000000
v 0.183688 3.980000 0.443462
v 0.000000 3.980000 0.480000
vt 0.000000 0.000000
vt 1.000000 0.000000
vt 1.000000 1.000000
vt 0.000000 1.000000
f 1066/1073 1068/1075 1067/1074
v 0.000000 3.980000 0.000000
v 0.000000 3.980000 0.480000
v -0.183688 3.980000 0.443462
vt 0.000000 0.000000
vt 1.000000 0.000000
vt 1.000000 1.000000
vt 0.000000 1.000000
f 1069/1077 1071/1079 1070/1078
v 0.000000 3.980000 0.000000
v -0.183688 3.980000 0.443462
v -0.339411 3.980000 0.339411
vt 0.000000 0.000000
vt 1.000000 0.000000
vt 1.000000 1.000000
vt 0.000000 1.000000
f 1072/1081 1074/1083 1073/1082
v 0.000000 3.980000 0.000000
v -0.339411 3.980000 0.339411
v -0.443462 3.980000 0.183688
vt 0.000000 0.000000
vt 1.000000 0.000000
vt 1.000000 1.000000
vt 0.000000 1.000000
f 1075/1085 1077/1087 1076/1086
v 0.000000 3.980000 0.000000
v -0.443462 3.980000 0.183688
v -0.480000 3.980000 0.000000
vt 0.000000 0.000000
vt 1.000000 0.000000
vt 1.000000 1.000000
vt 0.000000 1.000000
f 1078/1089 1080/1091 1079/1090
v 0.000000 3.980000 0.000000
v -0.480000 3.980000 0.000000
v -0.443462 3.980000 -0.183688
vt 0.000000 0.000000
vt 1.000000 0.000000
vt 1.000000 1.000000
vt 0.000000 1.000000
f 1081/1093 1083/1095 1082/1094
v 0.000000 3.980000 0.000000
v -0.443462 3.980000 -0.183688
v -0.339411 3.980000 -0.339411
vt 0.000000 0.000000
vt 1.000000 0.000000
vt 1.000000 1.000000
vt 0.000000 1.000000
f 1084/1097 1086/1099 1085/1098
v 0.000000 3.980000 0.000000
v -0.339411 3.980000 -0.339411
v -0.183688 3.980000 -0.443462
vt 0.000000 0.000000
vt 1.000000 0.000000
vt 1.000000 1.000000
vt 0.000000 1.000000
f 1087/1101 1089/1103 1088/1102
v 0.000000 3.980000 0.000000
v -0.183688 3.980000 -0.443462
v 0.000000 3.980000 -0.480000
vt 0.000000 0.000000
vt 1.000000 0.000000
vt 1.000000 1.000000
vt 0.000000 1.000000
f 1090/1105 1092/1107 1091/1106

o top_service_deck
usemtl hatch
v 0.000000 3.460000 -1.100000
v 0.420952 3.460000 -1.016267
v 0.237264 3.460000 -0.572805
v 0.000000 3.460000 -0.620000
vt 0.000000 0.000000
vt 1.000000 0.000000
vt 1.000000 1.000000
vt 0.000000 1.000000
f 1093/1109 1096/1112 1095/1111 1094/1110
v 0.420952 3.460000 -1.016267
v 0.777817 3.460000 -0.777817
v 0.438406 3.460000 -0.438406
v 0.237264 3.460000 -0.572805
vt 0.000000 0.000000
vt 1.000000 0.000000
vt 1.000000 1.000000
vt 0.000000 1.000000
f 1097/1113 1100/1116 1099/1115 1098/1114
v 0.777817 3.460000 -0.777817
v 1.016267 3.460000 -0.420952
v 0.572805 3.460000 -0.237264
v 0.438406 3.460000 -0.438406
vt 0.000000 0.000000
vt 1.000000 0.000000
vt 1.000000 1.000000
vt 0.000000 1.000000
f 1101/1117 1104/1120 1103/1119 1102/1118
v 1.016267 3.460000 -0.420952
v 1.100000 3.460000 0.000000
v 0.620000 3.460000 0.000000
v 0.572805 3.460000 -0.237264
vt 0.000000 0.000000
vt 1.000000 0.000000
vt 1.000000 1.000000
vt 0.000000 1.000000
f 1105/1121 1108/1124 1107/1123 1106/1122
v 1.100000 3.460000 0.000000
v 1.016267 3.460000 0.420952
v 0.572805 3.460000 0.237264
v 0.620000 3.460000 0.000000
vt 0.000000 0.000000
vt 1.000000 0.000000
vt 1.000000 1.000000
vt 0.000000 1.000000
f 1109/1125 1112/1128 1111/1127 1110/1126
v 1.016267 3.460000 0.420952
v 0.777817 3.460000 0.777817
v 0.438406 3.460000 0.438406
v 0.572805 3.460000 0.237264
vt 0.000000 0.000000
vt 1.000000 0.000000
vt 1.000000 1.000000
vt 0.000000 1.000000
f 1113/1129 1116/1132 1115/1131 1114/1130
v 0.777817 3.460000 0.777817
v 0.420952 3.460000 1.016267
v 0.237264 3.460000 0.572805
v 0.438406 3.460000 0.438406
vt 0.000000 0.000000
vt 1.000000 0.000000
vt 1.000000 1.000000
vt 0.000000 1.000000
f 1117/1133 1120/1136 1119/1135 1118/1134
v 0.420952 3.460000 1.016267
v 0.000000 3.460000 1.100000
v 0.000000 3.460000 0.620000
v 0.237264 3.460000 0.572805
vt 0.000000 0.000000
vt 1.000000 0.000000
vt 1.000000 1.000000
vt 0.000000 1.000000
f 1121/1137 1124/1140 1123/1139 1122/1138
v 0.000000 3.460000 1.100000
v -0.420952 3.460000 1.016267
v -0.237264 3.460000 0.572805
v 0.000000 3.460000 0.620000
vt 0.000000 0.000000
vt 1.000000 0.000000
vt 1.000000 1.000000
vt 0.000000 1.000000
f 1125/1141 1128/1144 1127/1143 1126/1142
v -0.420952 3.460000 1.016267
v -0.777817 3.460000 0.777817
v -0.438406 3.460000 0.438406
v -0.237264 3.460000 0.572805
vt 0.000000 0.000000
vt 1.000000 0.000000
vt 1.000000 1.000000
vt 0.000000 1.000000
f 1129/1145 1132/1148 1131/1147 1130/1146
v -0.777817 3.460000 0.777817
v -1.016267 3.460000 0.420952
v -0.572805 3.460000 0.237264
v -0.438406 3.460000 0.438406
vt 0.000000 0.000000
vt 1.000000 0.000000
vt 1.000000 1.000000
vt 0.000000 1.000000
f 1133/1149 1136/1152 1135/1151 1134/1150
v -1.016267 3.460000 0.420952
v -1.100000 3.460000 0.000000
v -0.620000 3.460000 0.000000
v -0.572805 3.460000 0.237264
vt 0.000000 0.000000
vt 1.000000 0.000000
vt 1.000000 1.000000
vt 0.000000 1.000000
f 1137/1153 1140/1156 1139/1155 1138/1154
v -1.100000 3.460000 0.000000
v -1.016267 3.460000 -0.420952
v -0.572805 3.460000 -0.237264
v -0.620000 3.460000 0.000000
vt 0.000000 0.000000
vt 1.000000 0.000000
vt 1.000000 1.000000
vt 0.000000 1.000000
f 1141/1157 1144/1160 1143/1159 1142/1158
v -1.016267 3.460000 -0.420952
v -0.777817 3.460000 -0.777817
v -0.438406 3.460000 -0.438406
v -0.572805 3.460000 -0.237264
vt 0.000000 0.000000
vt 1.000000 0.000000
vt 1.000000 1.000000
vt 0.000000 1.000000
f 1145/1161 1148/1164 1147/1163 1146/1162
v -0.777817 3.460000 -0.777817
v -0.420952 3.460000 -1.016267
v -0.237264 3.460000 -0.572805
v -0.438406 3.460000 -0.438406
vt 0.000000 0.000000
vt 1.000000 0.000000
vt 1.000000 1.000000
vt 0.000000 1.000000
f 1149/1165 1152/1168 1151/1167 1150/1166
v -0.420952 3.460000 -1.016267
v 0.000000 3.460000 -1.100000
v 0.000000 3.460000 -0.620000
v -0.237264 3.460000 -0.572805
vt 0.000000 0.000000
vt 1.000000 0.000000
vt 1.000000 1.000000
vt 0.000000 1.000000
f 1153/1169 1156/1172 1155/1171 1154/1170

o top_throat_dark
usemtl dark
v 0.340000 3.840000 -0.440000
v -0.340000 3.840000 -0.440000
v -0.340000 3.980000 -0.440000
v 0.340000 3.980000 -0.440000
vt 0.000000 0.000000
vt 1.000000 0.000000
vt 1.000000 1.000000
vt 0.000000 1.000000
f 1157/1173 1158/1174 1159/1175 1160/1176

o charge_hatch_panel
usemtl hatch
v 0.360000 2.340000 -1.185000
v -0.360000 2.340000 -1.185000
v -0.360000 2.820000 -1.185000
v 0.360000 2.820000 -1.185000
vt 0.000000 0.000000
vt 1.000000 0.000000
vt 1.000000 1.000000
vt 0.000000 1.000000
f 1161/1177 1162/1178 1163/1179 1164/1180

o charge_hatch_frame_left
usemtl band
v -0.400000 2.240000 -1.210000
v -0.520000 2.240000 -1.210000
v -0.520000 2.920000 -1.210000
v -0.400000 2.920000 -1.210000
vt 0.000000 0.000000
vt 1.000000 0.000000
vt 1.000000 1.000000
vt 0.000000 1.000000
f 1165/1181 1166/1182 1167/1183 1168/1184
v -0.520000 2.240000 -1.100000
v -0.400000 2.240000 -1.100000
v -0.400000 2.920000 -1.100000
v -0.520000 2.920000 -1.100000
vt 0.000000 0.000000
vt 1.000000 0.000000
vt 1.000000 1.000000
vt 0.000000 1.000000
f 1169/1185 1170/1186 1171/1187 1172/1188
v -0.520000 2.240000 -1.210000
v -0.520000 2.240000 -1.100000
v -0.520000 2.920000 -1.100000
v -0.520000 2.920000 -1.210000
vt 0.000000 0.000000
vt 1.000000 0.000000
vt 1.000000 1.000000
vt 0.000000 1.000000
f 1173/1189 1174/1190 1175/1191 1176/1192
v -0.400000 2.240000 -1.100000
v -0.400000 2.240000 -1.210000
v -0.400000 2.920000 -1.210000
v -0.400000 2.920000 -1.100000
vt 0.000000 0.000000
vt 1.000000 0.000000
vt 1.000000 1.000000
vt 0.000000 1.000000
f 1177/1193 1178/1194 1179/1195 1180/1196
v -0.520000 2.920000 -1.210000
v -0.520000 2.920000 -1.100000
v -0.400000 2.920000 -1.100000
v -0.400000 2.920000 -1.210000
vt 0.000000 0.000000
vt 1.000000 0.000000
vt 1.000000 1.000000
vt 0.000000 1.000000
f 1181/1197 1182/1198 1183/1199 1184/1200
v -0.520000 2.240000 -1.100000
v -0.520000 2.240000 -1.210000
v -0.400000 2.240000 -1.210000
v -0.400000 2.240000 -1.100000
vt 0.000000 0.000000
vt 1.000000 0.000000
vt 1.000000 1.000000
vt 0.000000 1.000000
f 1185/1201 1186/1202 1187/1203 1188/1204

o charge_hatch_frame_right
usemtl band
v 0.520000 2.240000 -1.210000
v 0.400000 2.240000 -1.210000
v 0.400000 2.920000 -1.210000
v 0.520000 2.920000 -1.210000
vt 0.000000 0.000000
vt 1.000000 0.000000
vt 1.000000 1.000000
vt 0.000000 1.000000
f 1189/1205 1190/1206 1191/1207 1192/1208
v 0.400000 2.240000 -1.100000
v 0.520000 2.240000 -1.100000
v 0.520000 2.920000 -1.100000
v 0.400000 2.920000 -1.100000
vt 0.000000 0.000000
vt 1.000000 0.000000
vt 1.000000 1.000000
vt 0.000000 1.000000
f 1193/1209 1194/1210 1195/1211 1196/1212
v 0.400000 2.240000 -1.210000
v 0.400000 2.240000 -1.100000
v 0.400000 2.920000 -1.100000
v 0.400000 2.920000 -1.210000
vt 0.000000 0.000000
vt 1.000000 0.000000
vt 1.000000 1.000000
vt 0.000000 1.000000
f 1197/1213 1198/1214 1199/1215 1200/1216
v 0.520000 2.240000 -1.100000
v 0.520000 2.240000 -1.210000
v 0.520000 2.920000 -1.210000
v 0.520000 2.920000 -1.100000
vt 0.000000 0.000000
vt 1.000000 0.000000
vt 1.000000 1.000000
vt 0.000000 1.000000
f 1201/1217 1202/1218 1203/1219 1204/1220
v 0.400000 2.920000 -1.210000
v 0.400000 2.920000 -1.100000
v 0.520000 2.920000 -1.100000
v 0.520000 2.920000 -1.210000
vt 0.000000 0.000000
vt 1.000000 0.000000
vt 1.000000 1.000000
vt 0.000000 1.000000
f 1205/1221 1206/1222 1207/1223 1208/1224
v 0.400000 2.240000 -1.100000
v 0.400000 2.240000 -1.210000
v 0.520000 2.240000 -1.210000
v 0.520000 2.240000 -1.100000
vt 0.000000 0.000000
vt 1.000000 0.000000
vt 1.000000 1.000000
vt 0.000000 1.000000
f 1209/1225 1210/1226 1211/1227 1212/1228

o charge_hatch_frame_top
usemtl band
v 0.000000 2.800000 -1.210000
v -0.520000 2.800000 -1.210000
v -0.520000 2.920000 -1.210000
v 0.000000 2.920000 -1.210000
vt 0.000000 0.000000
vt 1.000000 0.000000
vt 1.000000 1.000000
vt 0.000000 1.000000
f 1213/1229 1214/1230 1215/1231 1216/1232
v -0.520000 2.800000 -1.100000
v 0.000000 2.800000 -1.100000
v 0.000000 2.920000 -1.100000
v -0.520000 2.920000 -1.100000
vt 0.000000 0.000000
vt 1.000000 0.000000
vt 1.000000 1.000000
vt 0.000000 1.000000
f 1217/1233 1218/1234 1219/1235 1220/1236
v 0.520000 2.800000 -1.210000
v 0.000000 2.800000 -1.210000
v 0.000000 2.920000 -1.210000
v 0.520000 2.920000 -1.210000
vt 0.000000 0.000000
vt 1.000000 0.000000
vt 1.000000 1.000000
vt 0.000000 1.000000
f 1221/1237 1222/1238 1223/1239 1224/1240
v 0.000000 2.800000 -1.100000
v 0.520000 2.800000 -1.100000
v 0.520000 2.920000 -1.100000
v 0.000000 2.920000 -1.100000
vt 0.000000 0.000000
vt 1.000000 0.000000
vt 1.000000 1.000000
vt 0.000000 1.000000
f 1225/1241 1226/1242 1227/1243 1228/1244
v -0.520000 2.800000 -1.210000
v -0.520000 2.800000 -1.100000
v -0.520000 2.920000 -1.100000
v -0.520000 2.920000 -1.210000
vt 0.000000 0.000000
vt 1.000000 0.000000
vt 1.000000 1.000000
vt 0.000000 1.000000
f 1229/1245 1230/1246 1231/1247 1232/1248
v 0.520000 2.800000 -1.100000
v 0.520000 2.800000 -1.210000
v 0.520000 2.920000 -1.210000
v 0.520000 2.920000 -1.100000
vt 0.000000 0.000000
vt 1.000000 0.000000
vt 1.000000 1.000000
vt 0.000000 1.000000
f 1233/1249 1234/1250 1235/1251 1236/1252
v -0.520000 2.920000 -1.210000
v -0.520000 2.920000 -1.100000
v 0.000000 2.920000 -1.100000
v 0.000000 2.920000 -1.210000
vt 0.000000 0.000000
vt 1.000000 0.000000
vt 1.000000 1.000000
vt 0.000000 1.000000
f 1237/1253 1238/1254 1239/1255 1240/1256
v -0.520000 2.800000 -1.100000
v -0.520000 2.800000 -1.210000
v 0.000000 2.800000 -1.210000
v 0.000000 2.800000 -1.100000
vt 0.000000 0.000000
vt 1.000000 0.000000
vt 1.000000 1.000000
vt 0.000000 1.000000
f 1241/1257 1242/1258 1243/1259 1244/1260
v 0.000000 2.920000 -1.210000
v 0.000000 2.920000 -1.100000
v 0.520000 2.920000 -1.100000
v 0.520000 2.920000 -1.210000
vt 0.000000 0.000000
vt 1.000000 0.000000
vt 1.000000 1.000000
vt 0.000000 1.000000
f 1245/1261 1246/1262 1247/1263 1248/1264
v 0.000000 2.800000 -1.100000
v 0.000000 2.800000 -1.210000
v 0.520000 2.800000 -1.210000
v 0.520000 2.800000 -1.100000
vt 0.000000 0.000000
vt 1.000000 0.000000
vt 1.000000 1.000000
vt 0.000000 1.000000
f 1249/1265 1250/1266 1251/1267 1252/1268

o charge_hatch_frame_bottom
usemtl band
v 0.000000 2.240000 -1.210000
v -0.520000 2.240000 -1.210000
v -0.520000 2.360000 -1.210000
v 0.000000 2.360000 -1.210000
vt 0.000000 0.000000
vt 1.000000 0.000000
vt 1.000000 1.000000
vt 0.000000 1.000000
f 1253/1269 1254/1270 1255/1271 1256/1272
v -0.520000 2.240000 -1.100000
v 0.000000 2.240000 -1.100000
v 0.000000 2.360000 -1.100000
v -0.520000 2.360000 -1.100000
vt 0.000000 0.000000
vt 1.000000 0.000000
vt 1.000000 1.000000
vt 0.000000 1.000000
f 1257/1273 1258/1274 1259/1275 1260/1276
v 0.520000 2.240000 -1.210000
v 0.000000 2.240000 -1.210000
v 0.000000 2.360000 -1.210000
v 0.520000 2.360000 -1.210000
vt 0.000000 0.000000
vt 1.000000 0.000000
vt 1.000000 1.000000
vt 0.000000 1.000000
f 1261/1277 1262/1278 1263/1279 1264/1280
v 0.000000 2.240000 -1.100000
v 0.520000 2.240000 -1.100000
v 0.520000 2.360000 -1.100000
v 0.000000 2.360000 -1.100000
vt 0.000000 0.000000
vt 1.000000 0.000000
vt 1.000000 1.000000
vt 0.000000 1.000000
f 1265/1281 1266/1282 1267/1283 1268/1284
v -0.520000 2.240000 -1.210000
v -0.520000 2.240000 -1.100000
v -0.520000 2.360000 -1.100000
v -0.520000 2.360000 -1.210000
vt 0.000000 0.000000
vt 1.000000 0.000000
vt 1.000000 1.000000
vt 0.000000 1.000000
f 1269/1285 1270/1286 1271/1287 1272/1288
v 0.520000 2.240000 -1.100000
v 0.520000 2.240000 -1.210000
v 0.520000 2.360000 -1.210000
v 0.520000 2.360000 -1.100000
vt 0.000000 0.000000
vt 1.000000 0.000000
vt 1.000000 1.000000
vt 0.000000 1.000000
f 1273/1289 1274/1290 1275/1291 1276/1292
v -0.520000 2.360000 -1.210000
v -0.520000 2.360000 -1.100000
v 0.000000 2.360000 -1.100000
v 0.000000 2.360000 -1.210000
vt 0.000000 0.000000
vt 1.000000 0.000000
vt 1.000000 1.000000
vt 0.000000 1.000000
f 1277/1293 1278/1294 1279/1295 1280/1296
v -0.520000 2.240000 -1.100000
v -0.520000 2.240000 -1.210000
v 0.000000 2.240000 -1.210000
v 0.000000 2.240000 -1.100000
vt 0.000000 0.000000
vt 1.000000 0.000000
vt 1.000000 1.000000
vt 0.000000 1.000000
f 1281/1297 1282/1298 1283/1299 1284/1300
v 0.000000 2.360000 -1.210000
v 0.000000 2.360000 -1.100000
v 0.520000 2.360000 -1.100000
v 0.520000 2.360000 -1.210000
vt 0.000000 0.000000
vt 1.000000 0.000000
vt 1.000000 1.000000
vt 0.000000 1.000000
f 1285/1301 1286/1302 1287/1303 1288/1304
v 0.000000 2.240000 -1.100000
v 0.000000 2.240000 -1.210000
v 0.520000 2.240000 -1.210000
v 0.520000 2.240000 -1.100000
vt 0.000000 0.000000
vt 1.000000 0.000000
vt 1.000000 1.000000
vt 0.000000 1.000000
f 1289/1305 1290/1306 1291/1307 1292/1308

o left_inspection_hatch
usemtl hatch
v -0.700000 1.140000 -1.130000
v -1.020000 1.140000 -1.130000
v -1.020000 1.520000 -1.130000
v -0.700000 1.520000 -1.130000
vt 0.000000 0.000000
vt 1.000000 0.000000
vt 1.000000 1.000000
vt 0.000000 1.000000
f 1293/1309 1294/1310 1295/1311 1296/1312

o right_inspection_hatch
usemtl hatch
v 1.020000 1.140000 -1.130000
v 0.700000 1.140000 -1.130000
v 0.700000 1.520000 -1.130000
v 1.020000 1.520000 -1.130000
vt 0.000000 0.000000
vt 1.000000 0.000000
vt 1.000000 1.000000
vt 0.000000 1.000000
f 1297/1313 1298/1314 1299/1315 1300/1316

o front_bustle_pipe
usemtl pipe
v -1.180000 1.495000 -1.260000
v -1.180000 1.480676 -1.215916
v 1.180000 1.480676 -1.215916
v 1.180000 1.495000 -1.260000
vt 0.000000 0.000000
vt 1.000000 0.000000
vt 1.000000 1.000000
vt 0.000000 1.000000
f 1301/1317 1302/1318 1303/1319 1304/1320
v -1.180000 1.480676 -1.215916
v -1.180000 1.443176 -1.188671
v 1.180000 1.443176 -1.188671
v 1.180000 1.480676 -1.215916
vt 0.000000 0.000000
vt 1.000000 0.000000
vt 1.000000 1.000000
vt 0.000000 1.000000
f 1305/1321 1306/1322 1307/1323 1308/1324
v -1.180000 1.443176 -1.188671
v -1.180000 1.396824 -1.188671
v 1.180000 1.396824 -1.188671
v 1.180000 1.443176 -1.188671
vt 0.000000 0.000000
vt 1.000000 0.000000
vt 1.000000 1.000000
vt 0.000000 1.000000
f 1309/1325 1310/1326 1311/1327 1312/1328
v -1.180000 1.396824 -1.188671
v -1.180000 1.359324 -1.215916
v 1.180000 1.359324 -1.215916
v 1.180000 1.396824 -1.188671
vt 0.000000 0.000000
vt 1.000000 0.000000
vt 1.000000 1.000000
vt 0.000000 1.000000
f 1313/1329 1314/1330 1315/1331 1316/1332
v -1.180000 1.359324 -1.215916
v -1.180000 1.345000 -1.260000
v 1.180000 1.345000 -1.260000
v 1.180000 1.359324 -1.215916
vt 0.000000 0.000000
vt 1.000000 0.000000
vt 1.000000 1.000000
vt 0.000000 1.000000
f 1317/1333 1318/1334 1319/1335 1320/1336
v -1.180000 1.345000 -1.260000
v -1.180000 1.359324 -1.304084
v 1.180000 1.359324 -1.304084
v 1.180000 1.345000 -1.260000
vt 0.000000 0.000000
vt 1.000000 0.000000
vt 1.000000 1.000000
vt 0.000000 1.000000
f 1321/1337 1322/1338 1323/1339 1324/1340
v -1.180000 1.359324 -1.304084
v -1.180000 1.396824 -1.331329
v 1.180000 1.396824 -1.331329
v 1.180000 1.359324 -1.304084
vt 0.000000 0.000000
vt 1.000000 0.000000
vt 1.000000 1.000000
vt 0.000000 1.000000
f 1325/1341 1326/1342 1327/1343 1328/1344
v -1.180000 1.396824 -1.331329
v -1.180000 1.443176 -1.331329
v 1.180000 1.443176 -1.331329
v 1.180000 1.396824 -1.331329
vt 0.000000 0.000000
vt 1.000000 0.000000
vt 1.000000 1.000000
vt 0.000000 1.000000
f 1329/1345 1330/1346 1331/1347 1332/1348
v -1.180000 1.443176 -1.331329
v -1.180000 1.480676 -1.304084
v 1.180000 1.480676 -1.304084
v 1.180000 1.443176 -1.331329
vt 0.000000 0.000000
vt 1.000000 0.000000
vt 1.000000 1.000000
vt 0.000000 1.000000
f 1333/1349 1334/1350 1335/1351 1336/1352
v -1.180000 1.480676 -1.304084
v -1.180000 1.495000 -1.260000
v 1.180000 1.495000 -1.260000
v 1.180000 1.480676 -1.304084
vt 0.000000 0.000000
vt 1.000000 0.000000
vt 1.000000 1.000000
vt 0.000000 1.000000
f 1337/1353 1338/1354 1339/1355 1340/1356

o left_bustle_return
usemtl pipe
v -1.170000 1.420000 -1.180000
v -1.183369 1.461145 -1.180000
v -1.183369 1.461145 0.600000
v -1.170000 1.420000 0.600000
vt 0.000000 0.000000
vt 1.000000 0.000000
vt 1.000000 1.000000
vt 0.000000 1.000000
f 1341/1357 1342/1358 1343/1359 1344/1360
v -1.183369 1.461145 -1.180000
v -1.218369 1.486574 -1.180000
v -1.218369 1.486574 0.600000
v -1.183369 1.461145 0.600000
vt 0.000000 0.000000
vt 1.000000 0.000000
vt 1.000000 1.000000
vt 0.000000 1.000000
f 1345/1361 1346/1362 1347/1363 1348/1364
v -1.218369 1.486574 -1.180000
v -1.261631 1.486574 -1.180000
v -1.261631 1.486574 0.600000
v -1.218369 1.486574 0.600000
vt 0.000000 0.000000
vt 1.000000 0.000000
vt 1.000000 1.000000
vt 0.000000 1.000000
f 1349/1365 1350/1366 1351/1367 1352/1368
v -1.261631 1.486574 -1.180000
v -1.296631 1.461145 -1.180000
v -1.296631 1.461145 0.600000
v -1.261631 1.486574 0.600000
vt 0.000000 0.000000
vt 1.000000 0.000000
vt 1.000000 1.000000
vt 0.000000 1.000000
f 1353/1369 1354/1370 1355/1371 1356/1372
v -1.296631 1.461145 -1.180000
v -1.310000 1.420000 -1.180000
v -1.310000 1.420000 0.600000
v -1.296631 1.461145 0.600000
vt 0.000000 0.000000
vt 1.000000 0.000000
vt 1.000000 1.000000
vt 0.000000 1.000000
f 1357/1373 1358/1374 1359/1375 1360/1376
v -1.310000 1.420000 -1.180000
v -1.296631 1.378855 -1.180000
v -1.296631 1.378855 0.600000
v -1.310000 1.420000 0.600000
vt 0.000000 0.000000
vt 1.000000 0.000000
vt 1.000000 1.000000
vt 0.000000 1.000000
f 1361/1377 1362/1378 1363/1379 1364/1380
v -1.296631 1.378855 -1.180000
v -1.261631 1.353426 -1.180000
v -1.261631 1.353426 0.600000
v -1.296631 1.378855 0.600000
vt 0.000000 0.000000
vt 1.000000 0.000000
vt 1.000000 1.000000
vt 0.000000 1.000000
f 1365/1381 1366/1382 1367/1383 1368/1384
v -1.261631 1.353426 -1.180000
v -1.218369 1.353426 -1.180000
v -1.218369 1.353426 0.600000
v -1.261631 1.353426 0.600000
vt 0.000000 0.000000
vt 1.000000 0.000000
vt 1.000000 1.000000
vt 0.000000 1.000000
f 1369/1385 1370/1386 1371/1387 1372/1388
v -1.218369 1.353426 -1.180000
v -1.183369 1.378855 -1.180000
v -1.183369 1.378855 0.600000
v -1.218369 1.353426 0.600000
vt 0.000000 0.000000
vt 1.000000 0.000000
vt 1.000000 1.000000
vt 0.000000 1.000000
f 1373/1389 1374/1390 1375/1391 1376/1392
v -1.183369 1.378855 -1.180000
v -1.170000 1.420000 -1.180000
v -1.170000 1.420000 0.600000
v -1.183369 1.378855 0.600000
vt 0.000000 0.000000
vt 1.000000 0.000000
vt 1.000000 1.000000
vt 0.000000 1.000000
f 1377/1393 1378/1394 1379/1395 1380/1396

o right_bustle_return
usemtl pipe
v 1.310000 1.420000 -1.180000
v 1.296631 1.461145 -1.180000
v 1.296631 1.461145 0.600000
v 1.310000 1.420000 0.600000
vt 0.000000 0.000000
vt 1.000000 0.000000
vt 1.000000 1.000000
vt 0.000000 1.000000
f 1381/1397 1382/1398 1383/1399 1384/1400
v 1.296631 1.461145 -1.180000
v 1.261631 1.486574 -1.180000
v 1.261631 1.486574 0.600000
v 1.296631 1.461145 0.600000
vt 0.000000 0.000000
vt 1.000000 0.000000
vt 1.000000 1.000000
vt 0.000000 1.000000
f 1385/1401 1386/1402 1387/1403 1388/1404
v 1.261631 1.486574 -1.180000
v 1.218369 1.486574 -1.180000
v 1.218369 1.486574 0.600000
v 1.261631 1.486574 0.600000
vt 0.000000 0.000000
vt 1.000000 0.000000
vt 1.000000 1.000000
vt 0.000000 1.000000
f 1389/1405 1390/1406 1391/1407 1392/1408
v 1.218369 1.486574 -1.180000
v 1.183369 1.461145 -1.180000
v 1.183369 1.461145 0.600000
v 1.218369 1.486574 0.600000
vt 0.000000 0.000000
vt 1.000000 0.000000
vt 1.000000 1.000000
vt 0.000000 1.000000
f 1393/1409 1394/1410 1395/1411 1396/1412
v 1.183369 1.461145 -1.180000
v 1.170000 1.420000 -1.180000
v 1.170000 1.420000 0.600000
v 1.183369 1.461145 0.600000
vt 0.000000 0.000000
vt 1.000000 0.000000
vt 1.000000 1.000000
vt 0.000000 1.000000
f 1397/1413 1398/1414 1399/1415 1400/1416
v 1.170000 1.420000 -1.180000
v 1.183369 1.378855 -1.180000
v 1.183369 1.378855 0.600000
v 1.170000 1.420000 0.600000
vt 0.000000 0.000000
vt 1.000000 0.000000
vt 1.000000 1.000000
vt 0.000000 1.000000
f 1401/1417 1402/1418 1403/1419 1404/1420
v 1.183369 1.378855 -1.180000
v 1.218369 1.353426 -1.180000
v 1.218369 1.353426 0.600000
v 1.183369 1.378855 0.600000
vt 0.000000 0.000000
vt 1.000000 0.000000
vt 1.000000 1.000000
vt 0.000000 1.000000
f 1405/1421 1406/1422 1407/1423 1408/1424
v 1.218369 1.353426 -1.180000
v 1.261631 1.353426 -1.180000
v 1.261631 1.353426 0.600000
v 1.218369 1.353426 0.600000
vt 0.000000 0.000000
vt 1.000000 0.000000
vt 1.000000 1.000000
vt 0.000000 1.000000
f 1409/1425 1410/1426 1411/1427 1412/1428
v 1.261631 1.353426 -1.180000
v 1.296631 1.378855 -1.180000
v 1.296631 1.378855 0.600000
v 1.261631 1.353426 0.600000
vt 0.000000 0.000000
vt 1.000000 0.000000
vt 1.000000 1.000000
vt 0.000000 1.000000
f 1413/1429 1414/1430 1415/1431 1416/1432
v 1.296631 1.378855 -1.180000
v 1.310000 1.420000 -1.180000
v 1.310000 1.420000 0.600000
v 1.296631 1.378855 0.600000
vt 0.000000 0.000000
vt 1.000000 0.000000
vt 1.000000 1.000000
vt 0.000000 1.000000
f 1417/1433 1418/1434 1419/1435 1420/1436

o tuyere_stub_1
usemtl pipe
v -0.695000 1.280000 -1.300000
v -0.711109 1.318891 -1.300000
v -0.711109 1.318891 -1.040000
v -0.695000 1.280000 -1.040000
vt 0.000000 0.000000
vt 1.000000 0.000000
vt 1.000000 1.000000
vt 0.000000 1.000000
f 1421/1437 1422/1438 1423/1439 1424/1440
v -0.711109 1.318891 -1.300000
v -0.750000 1.335000 -1.300000
v -0.750000 1.335000 -1.040000
v -0.711109 1.318891 -1.040000
vt 0.000000 0.000000
vt 1.000000 0.000000
vt 1.000000 1.000000
vt 0.000000 1.000000
f 1425/1441 1426/1442 1427/1443 1428/1444
v -0.750000 1.335000 -1.300000
v -0.788891 1.318891 -1.300000
v -0.788891 1.318891 -1.040000
v -0.750000 1.335000 -1.040000
vt 0.000000 0.000000
vt 1.000000 0.000000
vt 1.000000 1.000000
vt 0.000000 1.000000
f 1429/1445 1430/1446 1431/1447 1432/1448
v -0.788891 1.318891 -1.300000
v -0.805000 1.280000 -1.300000
v -0.805000 1.280000 -1.040000
v -0.788891 1.318891 -1.040000
vt 0.000000 0.000000
vt 1.000000 0.000000
vt 1.000000 1.000000
vt 0.000000 1.000000
f 1433/1449 1434/1450 1435/1451 1436/1452
v -0.805000 1.280000 -1.300000
v -0.788891 1.241109 -1.300000
v -0.788891 1.241109 -1.040000
v -0.805000 1.280000 -1.040000
vt 0.000000 0.000000
vt 1.000000 0.000000
vt 1.000000 1.000000
vt 0.000000 1.000000
f 1437/1453 1438/1454 1439/1455 1440/1456
v -0.788891 1.241109 -1.300000
v -0.750000 1.225000 -1.300000
v -0.750000 1.225000 -1.040000
v -0.788891 1.241109 -1.040000
vt 0.000000 0.000000
vt 1.000000 0.000000
vt 1.000000 1.000000
vt 0.000000 1.000000
f 1441/1457 1442/1458 1443/1459 1444/1460
v -0.750000 1.225000 -1.300000
v -0.711109 1.241109 -1.300000
v -0.711109 1.241109 -1.040000
v -0.750000 1.225000 -1.040000
vt 0.000000 0.000000
vt 1.000000 0.000000
vt 1.000000 1.000000
vt 0.000000 1.000000
f 1445/1461 1446/1462 1447/1463 1448/1464
v -0.711109 1.241109 -1.300000
v -0.695000 1.280000 -1.300000
v -0.695000 1.280000 -1.040000
v -0.711109 1.241109 -1.040000
vt 0.000000 0.000000
vt 1.000000 0.000000
vt 1.000000 1.000000
vt 0.000000 1.000000
f 1449/1465 1450/1466 1451/1467 1452/1468

o tuyere_stub_2
usemtl pipe
v -0.195000 1.280000 -1.300000
v -0.211109 1.318891 -1.300000
v -0.211109 1.318891 -1.040000
v -0.195000 1.280000 -1.040000
vt 0.000000 0.000000
vt 1.000000 0.000000
vt 1.000000 1.000000
vt 0.000000 1.000000
f 1453/1469 1454/1470 1455/1471 1456/1472
v -0.211109 1.318891 -1.300000
v -0.250000 1.335000 -1.300000
v -0.250000 1.335000 -1.040000
v -0.211109 1.318891 -1.040000
vt 0.000000 0.000000
vt 1.000000 0.000000
vt 1.000000 1.000000
vt 0.000000 1.000000
f 1457/1473 1458/1474 1459/1475 1460/1476
v -0.250000 1.335000 -1.300000
v -0.288891 1.318891 -1.300000
v -0.288891 1.318891 -1.040000
v -0.250000 1.335000 -1.040000
vt 0.000000 0.000000
vt 1.000000 0.000000
vt 1.000000 1.000000
vt 0.000000 1.000000
f 1461/1477 1462/1478 1463/1479 1464/1480
v -0.288891 1.318891 -1.300000
v -0.305000 1.280000 -1.300000
v -0.305000 1.280000 -1.040000
v -0.288891 1.318891 -1.040000
vt 0.000000 0.000000
vt 1.000000 0.000000
vt 1.000000 1.000000
vt 0.000000 1.000000
f 1465/1481 1466/1482 1467/1483 1468/1484
v -0.305000 1.280000 -1.300000
v -0.288891 1.241109 -1.300000
v -0.288891 1.241109 -1.040000
v -0.305000 1.280000 -1.040000
vt 0.000000 0.000000
vt 1.000000 0.000000
vt 1.000000 1.000000
vt 0.000000 1.000000
f 1469/1485 1470/1486 1471/1487 1472/1488
v -0.288891 1.241109 -1.300000
v -0.250000 1.225000 -1.300000
v -0.250000 1.225000 -1.040000
v -0.288891 1.241109 -1.040000
vt 0.000000 0.000000
vt 1.000000 0.000000
vt 1.000000 1.000000
vt 0.000000 1.000000
f 1473/1489 1474/1490 1475/1491 1476/1492
v -0.250000 1.225000 -1.300000
v -0.211109 1.241109 -1.300000
v -0.211109 1.241109 -1.040000
v -0.250000 1.225000 -1.040000
vt 0.000000 0.000000
vt 1.000000 0.000000
vt 1.000000 1.000000
vt 0.000000 1.000000
f 1477/1493 1478/1494 1479/1495 1480/1496
v -0.211109 1.241109 -1.300000
v -0.195000 1.280000 -1.300000
v -0.195000 1.280000 -1.040000
v -0.211109 1.241109 -1.040000
vt 0.000000 0.000000
vt 1.000000 0.000000
vt 1.000000 1.000000
vt 0.000000 1.000000
f 1481/1497 1482/1498 1483/1499 1484/1500

o tuyere_stub_3
usemtl pipe
v 0.305000 1.280000 -1.300000
v 0.288891 1.318891 -1.300000
v 0.288891 1.318891 -1.040000
v 0.305000 1.280000 -1.040000
vt 0.000000 0.000000
vt 1.000000 0.000000
vt 1.000000 1.000000
vt 0.000000 1.000000
f 1485/1501 1486/1502 1487/1503 1488/1504
v 0.288891 1.318891 -1.300000
v 0.250000 1.335000 -1.300000
v 0.250000 1.335000 -1.040000
v 0.288891 1.318891 -1.040000
vt 0.000000 0.000000
vt 1.000000 0.000000
vt 1.000000 1.000000
vt 0.000000 1.000000
f 1489/1505 1490/1506 1491/1507 1492/1508
v 0.250000 1.335000 -1.300000
v 0.211109 1.318891 -1.300000
v 0.211109 1.318891 -1.040000
v 0.250000 1.335000 -1.040000
vt 0.000000 0.000000
vt 1.000000 0.000000
vt 1.000000 1.000000
vt 0.000000 1.000000
f 1493/1509 1494/1510 1495/1511 1496/1512
v 0.211109 1.318891 -1.300000
v 0.195000 1.280000 -1.300000
v 0.195000 1.280000 -1.040000
v 0.211109 1.318891 -1.040000
vt 0.000000 0.000000
vt 1.000000 0.000000
vt 1.000000 1.000000
vt 0.000000 1.000000
f 1497/1513 1498/1514 1499/1515 1500/1516
v 0.195000 1.280000 -1.300000
v 0.211109 1.241109 -1.300000
v 0.211109 1.241109 -1.040000
v 0.195000 1.280000 -1.040000
vt 0.000000 0.000000
vt 1.000000 0.000000
vt 1.000000 1.000000
vt 0.000000 1.000000
f 1501/1517 1502/1518 1503/1519 1504/1520
v 0.211109 1.241109 -1.300000
v 0.250000 1.225000 -1.300000
v 0.250000 1.225000 -1.040000
v 0.211109 1.241109 -1.040000
vt 0.000000 0.000000
vt 1.000000 0.000000
vt 1.000000 1.000000
vt 0.000000 1.000000
f 1505/1521 1506/1522 1507/1523 1508/1524
v 0.250000 1.225000 -1.300000
v 0.288891 1.241109 -1.300000
v 0.288891 1.241109 -1.040000
v 0.250000 1.225000 -1.040000
vt 0.000000 0.000000
vt 1.000000 0.000000
vt 1.000000 1.000000
vt 0.000000 1.000000
f 1509/1525 1510/1526 1511/1527 1512/1528
v 0.288891 1.241109 -1.300000
v 0.305000 1.280000 -1.300000
v 0.305000 1.280000 -1.040000
v 0.288891 1.241109 -1.040000
vt 0.000000 0.000000
vt 1.000000 0.000000
vt 1.000000 1.000000
vt 0.000000 1.000000
f 1513/1529 1514/1530 1515/1531 1516/1532

o tuyere_stub_4
usemtl pipe
v 0.805000 1.280000 -1.300000
v 0.788891 1.318891 -1.300000
v 0.788891 1.318891 -1.040000
v 0.805000 1.280000 -1.040000
vt 0.000000 0.000000
vt 1.000000 0.000000
vt 1.000000 1.000000
vt 0.000000 1.000000
f 1517/1533 1518/1534 1519/1535 1520/1536
v 0.788891 1.318891 -1.300000
v 0.750000 1.335000 -1.300000
v 0.750000 1.335000 -1.040000
v 0.788891 1.318891 -1.040000
vt 0.000000 0.000000
vt 1.000000 0.000000
vt 1.000000 1.000000
vt 0.000000 1.000000
f 1521/1537 1522/1538 1523/1539 1524/1540
v 0.750000 1.335000 -1.300000
v 0.711109 1.318891 -1.300000
v 0.711109 1.318891 -1.040000
v 0.750000 1.335000 -1.040000
vt 0.000000 0.000000
vt 1.000000 0.000000
vt 1.000000 1.000000
vt 0.000000 1.000000
f 1525/1541 1526/1542 1527/1543 1528/1544
v 0.711109 1.318891 -1.300000
v 0.695000 1.280000 -1.300000
v 0.695000 1.280000 -1.040000
v 0.711109 1.318891 -1.040000
vt 0.000000 0.000000
vt 1.000000 0.000000
vt 1.000000 1.000000
vt 0.000000 1.000000
f 1529/1545 1530/1546 1531/1547 1532/1548
v 0.695000 1.280000 -1.300000
v 0.711109 1.241109 -1.300000
v 0.711109 1.241109 -1.040000
v 0.695000 1.280000 -1.040000
vt 0.000000 0.000000
vt 1.000000 0.000000
vt 1.000000 1.000000
vt 0.000000 1.000000
f 1533/1549 1534/1550 1535/1551 1536/1552
v 0.711109 1.241109 -1.300000
v 0.750000 1.225000 -1.300000
v 0.750000 1.225000 -1.040000
v 0.711109 1.241109 -1.040000
vt 0.000000 0.000000
vt 1.000000 0.000000
vt 1.000000 1.000000
vt 0.000000 1.000000
f 1537/1553 1538/1554 1539/1555 1540/1556
v 0.750000 1.225000 -1.300000
v 0.788891 1.241109 -1.300000
v 0.788891 1.241109 -1.040000
v 0.750000 1.225000 -1.040000
vt 0.000000 0.000000
vt 1.000000 0.000000
vt 1.000000 1.000000
vt 0.000000 1.000000
f 1541/1557 1542/1558 1543/1559 1544/1560
v 0.788891 1.241109 -1.300000
v 0.805000 1.280000 -1.300000
v 0.805000 1.280000 -1.040000
v 0.788891 1.241109 -1.040000
vt 0.000000 0.000000
vt 1.000000 0.000000
vt 1.000000 1.000000
vt 0.000000 1.000000
f 1545/1561 1546/1562 1547/1563 1548/1564

o front_left_support_column
usemtl band
v -1.240000 0.000000 -1.400000
v -1.400000 0.000000 -1.400000
v -1.400000 0.684000 -1.400000
v -1.240000 0.684000 -1.400000
vt 0.000000 0.000000
vt 1.000000 0.000000
vt 1.000000 1.000000
vt 0.000000 1.000000
f 1549/1565 1550/1566 1551/1567 1552/1568
v -1.400000 0.000000 -1.240000
v -1.240000 0.000000 -1.240000
v -1.240000 0.684000 -1.240000
v -1.400000 0.684000 -1.240000
vt 0.000000 0.000000
vt 1.000000 0.000000
vt 1.000000 1.000000
vt 0.000000 1.000000
f 1553/1569 1554/1570 1555/1571 1556/1572
v -1.240000 0.684000 -1.400000
v -1.400000 0.684000 -1.400000
v -1.400000 1.368000 -1.400000
v -1.240000 1.368000 -1.400000
vt 0.000000 0.000000
vt 1.000000 0.000000
vt 1.000000 1.000000
vt 0.000000 1.000000
f 1557/1573 1558/1574 1559/1575 1560/1576
v -1.400000 0.684000 -1.240000
v -1.240000 0.684000 -1.240000
v -1.240000 1.368000 -1.240000
v -1.400000 1.368000 -1.240000
vt 0.000000 0.000000
vt 1.000000 0.000000
vt 1.000000 1.000000
vt 0.000000 1.000000
f 1561/1577 1562/1578 1563/1579 1564/1580
v -1.240000 1.368000 -1.400000
v -1.400000 1.368000 -1.400000
v -1.400000 2.052000 -1.400000
v -1.240000 2.052000 -1.400000
vt 0.000000 0.000000
vt 1.000000 0.000000
vt 1.000000 1.000000
vt 0.000000 1.000000
f 1565/1581 1566/1582 1567/1583 1568/1584
v -1.400000 1.368000 -1.240000
v -1.240000 1.368000 -1.240000
v -1.240000 2.052000 -1.240000
v -1.400000 2.052000 -1.240000
vt 0.000000 0.000000
vt 1.000000 0.000000
vt 1.000000 1.000000
vt 0.000000 1.000000
f 1569/1585 1570/1586 1571/1587 1572/1588
v -1.240000 2.052000 -1.400000
v -1.400000 2.052000 -1.400000
v -1.400000 2.736000 -1.400000
v -1.240000 2.736000 -1.400000
vt 0.000000 0.000000
vt 1.000000 0.000000
vt 1.000000 1.000000
vt 0.000000 1.000000
f 1573/1589 1574/1590 1575/1591 1576/1592
v -1.400000 2.052000 -1.240000
v -1.240000 2.052000 -1.240000
v -1.240000 2.736000 -1.240000
v -1.400000 2.736000 -1.240000
vt 0.000000 0.000000
vt 1.000000 0.000000
vt 1.000000 1.000000
vt 0.000000 1.000000
f 1577/1593 1578/1594 1579/1595 1580/1596
v -1.240000 2.736000 -1.400000
v -1.400000 2.736000 -1.400000
v -1.400000 3.420000 -1.400000
v -1.240000 3.420000 -1.400000
vt 0.000000 0.000000
vt 1.000000 0.000000
vt 1.000000 1.000000
vt 0.000000 1.000000
f 1581/1597 1582/1598 1583/1599 1584/1600
v -1.400000 2.736000 -1.240000
v -1.240000 2.736000 -1.240000
v -1.240000 3.420000 -1.240000
v -1.400000 3.420000 -1.240000
vt 0.000000 0.000000
vt 1.000000 0.000000
vt 1.000000 1.000000
vt 0.000000 1.000000
f 1585/1601 1586/1602 1587/1603 1588/1604
v -1.400000 0.000000 -1.400000
v -1.400000 0.000000 -1.240000
v -1.400000 0.684000 -1.240000
v -1.400000 0.684000 -1.400000
vt 0.000000 0.000000
vt 1.000000 0.000000
vt 1.000000 1.000000
vt 0.000000 1.000000
f 1589/1605 1590/1606 1591/1607 1592/1608
v -1.240000 0.000000 -1.240000
v -1.240000 0.000000 -1.400000
v -1.240000 0.684000 -1.400000
v -1.240000 0.684000 -1.240000
vt 0.000000 0.000000
vt 1.000000 0.000000
vt 1.000000 1.000000
vt 0.000000 1.000000
f 1593/1609 1594/1610 1595/1611 1596/1612
v -1.400000 0.684000 -1.400000
v -1.400000 0.684000 -1.240000
v -1.400000 1.368000 -1.240000
v -1.400000 1.368000 -1.400000
vt 0.000000 0.000000
vt 1.000000 0.000000
vt 1.000000 1.000000
vt 0.000000 1.000000
f 1597/1613 1598/1614 1599/1615 1600/1616
v -1.240000 0.684000 -1.240000
v -1.240000 0.684000 -1.400000
v -1.240000 1.368000 -1.400000
v -1.240000 1.368000 -1.240000
vt 0.000000 0.000000
vt 1.000000 0.000000
vt 1.000000 1.000000
vt 0.000000 1.000000
f 1601/1617 1602/1618 1603/1619 1604/1620
v -1.400000 1.368000 -1.400000
v -1.400000 1.368000 -1.240000
v -1.400000 2.052000 -1.240000
v -1.400000 2.052000 -1.400000
vt 0.000000 0.000000
vt 1.000000 0.000000
vt 1.000000 1.000000
vt 0.000000 1.000000
f 1605/1621 1606/1622 1607/1623 1608/1624
v -1.240000 1.368000 -1.240000
v -1.240000 1.368000 -1.400000
v -1.240000 2.052000 -1.400000
v -1.240000 2.052000 -1.240000
vt 0.000000 0.000000
vt 1.000000 0.000000
vt 1.000000 1.000000
vt 0.000000 1.000000
f 1609/1625 1610/1626 1611/1627 1612/1628
v -1.400000 2.052000 -1.400000
v -1.400000 2.052000 -1.240000
v -1.400000 2.736000 -1.240000
v -1.400000 2.736000 -1.400000
vt 0.000000 0.000000
vt 1.000000 0.000000
vt 1.000000 1.000000
vt 0.000000 1.000000
f 1613/1629 1614/1630 1615/1631 1616/1632
v -1.240000 2.052000 -1.240000
v -1.240000 2.052000 -1.400000
v -1.240000 2.736000 -1.400000
v -1.240000 2.736000 -1.240000
vt 0.000000 0.000000
vt 1.000000 0.000000
vt 1.000000 1.000000
vt 0.000000 1.000000
f 1617/1633 1618/1634 1619/1635 1620/1636
v -1.400000 2.736000 -1.400000
v -1.400000 2.736000 -1.240000
v -1.400000 3.420000 -1.240000
v -1.400000 3.420000 -1.400000
vt 0.000000 0.000000
vt 1.000000 0.000000
vt 1.000000 1.000000
vt 0.000000 1.000000
f 1621/1637 1622/1638 1623/1639 1624/1640
v -1.240000 2.736000 -1.240000
v -1.240000 2.736000 -1.400000
v -1.240000 3.420000 -1.400000
v -1.240000 3.420000 -1.240000
vt 0.000000 0.000000
vt 1.000000 0.000000
vt 1.000000 1.000000
vt 0.000000 1.000000
f 1625/1641 1626/1642 1627/1643 1628/1644
v -1.400000 3.420000 -1.400000
v -1.400000 3.420000 -1.240000
v -1.240000 3.420000 -1.240000
v -1.240000 3.420000 -1.400000
vt 0.000000 0.000000
vt 1.000000 0.000000
vt 1.000000 1.000000
vt 0.000000 1.000000
f 1629/1645 1630/1646 1631/1647 1632/1648
v -1.400000 0.000000 -1.240000
v -1.400000 0.000000 -1.400000
v -1.240000 0.000000 -1.400000
v -1.240000 0.000000 -1.240000
vt 0.000000 0.000000
vt 1.000000 0.000000
vt 1.000000 1.000000
vt 0.000000 1.000000
f 1633/1649 1634/1650 1635/1651 1636/1652

o front_right_support_column
usemtl band
v 1.400000 0.000000 -1.400000
v 1.240000 0.000000 -1.400000
v 1.240000 0.684000 -1.400000
v 1.400000 0.684000 -1.400000
vt 0.000000 0.000000
vt 1.000000 0.000000
vt 1.000000 1.000000
vt 0.000000 1.000000
f 1637/1653 1638/1654 1639/1655 1640/1656
v 1.240000 0.000000 -1.240000
v 1.400000 0.000000 -1.240000
v 1.400000 0.684000 -1.240000
v 1.240000 0.684000 -1.240000
vt 0.000000 0.000000
vt 1.000000 0.000000
vt 1.000000 1.000000
vt 0.000000 1.000000
f 1641/1657 1642/1658 1643/1659 1644/1660
v 1.400000 0.684000 -1.400000
v 1.240000 0.684000 -1.400000
v 1.240000 1.368000 -1.400000
v 1.400000 1.368000 -1.400000
vt 0.000000 0.000000
vt 1.000000 0.000000
vt 1.000000 1.000000
vt 0.000000 1.000000
f 1645/1661 1646/1662 1647/1663 1648/1664
v 1.240000 0.684000 -1.240000
v 1.400000 0.684000 -1.240000
v 1.400000 1.368000 -1.240000
v 1.240000 1.368000 -1.240000
vt 0.000000 0.000000
vt 1.000000 0.000000
vt 1.000000 1.000000
vt 0.000000 1.000000
f 1649/1665 1650/1666 1651/1667 1652/1668
v 1.400000 1.368000 -1.400000
v 1.240000 1.368000 -1.400000
v 1.240000 2.052000 -1.400000
v 1.400000 2.052000 -1.400000
vt 0.000000 0.000000
vt 1.000000 0.000000
vt 1.000000 1.000000
vt 0.000000 1.000000
f 1653/1669 1654/1670 1655/1671 1656/1672
v 1.240000 1.368000 -1.240000
v 1.400000 1.368000 -1.240000
v 1.400000 2.052000 -1.240000
v 1.240000 2.052000 -1.240000
vt 0.000000 0.000000
vt 1.000000 0.000000
vt 1.000000 1.000000
vt 0.000000 1.000000
f 1657/1673 1658/1674 1659/1675 1660/1676
v 1.400000 2.052000 -1.400000
v 1.240000 2.052000 -1.400000
v 1.240000 2.736000 -1.400000
v 1.400000 2.736000 -1.400000
vt 0.000000 0.000000
vt 1.000000 0.000000
vt 1.000000 1.000000
vt 0.000000 1.000000
f 1661/1677 1662/1678 1663/1679 1664/1680
v 1.240000 2.052000 -1.240000
v 1.400000 2.052000 -1.240000
v 1.400000 2.736000 -1.240000
v 1.240000 2.736000 -1.240000
vt 0.000000 0.000000
vt 1.000000 0.000000
vt 1.000000 1.000000
vt 0.000000 1.000000
f 1665/1681 1666/1682 1667/1683 1668/1684
v 1.400000 2.736000 -1.400000
v 1.240000 2.736000 -1.400000
v 1.240000 3.420000 -1.400000
v 1.400000 3.420000 -1.400000
vt 0.000000 0.000000
vt 1.000000 0.000000
vt 1.000000 1.000000
vt 0.000000 1.000000
f 1669/1685 1670/1686 1671/1687 1672/1688
v 1.240000 2.736000 -1.240000
v 1.400000 2.736000 -1.240000
v 1.400000 3.420000 -1.240000
v 1.240000 3.420000 -1.240000
vt 0.000000 0.000000
vt 1.000000 0.000000
vt 1.000000 1.000000
vt 0.000000 1.000000
f 1673/1689 1674/1690 1675/1691 1676/1692
v 1.240000 0.000000 -1.400000
v 1.240000 0.000000 -1.240000
v 1.240000 0.684000 -1.240000
v 1.240000 0.684000 -1.400000
vt 0.000000 0.000000
vt 1.000000 0.000000
vt 1.000000 1.000000
vt 0.000000 1.000000
f 1677/1693 1678/1694 1679/1695 1680/1696
v 1.400000 0.000000 -1.240000
v 1.400000 0.000000 -1.400000
v 1.400000 0.684000 -1.400000
v 1.400000 0.684000 -1.240000
vt 0.000000 0.000000
vt 1.000000 0.000000
vt 1.000000 1.000000
vt 0.000000 1.000000
f 1681/1697 1682/1698 1683/1699 1684/1700
v 1.240000 0.684000 -1.400000
v 1.240000 0.684000 -1.240000
v 1.240000 1.368000 -1.240000
v 1.240000 1.368000 -1.400000
vt 0.000000 0.000000
vt 1.000000 0.000000
vt 1.000000 1.000000
vt 0.000000 1.000000
f 1685/1701 1686/1702 1687/1703 1688/1704
v 1.400000 0.684000 -1.240000
v 1.400000 0.684000 -1.400000
v 1.400000 1.368000 -1.400000
v 1.400000 1.368000 -1.240000
vt 0.000000 0.000000
vt 1.000000 0.000000
vt 1.000000 1.000000
vt 0.000000 1.000000
f 1689/1705 1690/1706 1691/1707 1692/1708
v 1.240000 1.368000 -1.400000
v 1.240000 1.368000 -1.240000
v 1.240000 2.052000 -1.240000
v 1.240000 2.052000 -1.400000
vt 0.000000 0.000000
vt 1.000000 0.000000
vt 1.000000 1.000000
vt 0.000000 1.000000
f 1693/1709 1694/1710 1695/1711 1696/1712
v 1.400000 1.368000 -1.240000
v 1.400000 1.368000 -1.400000
v 1.400000 2.052000 -1.400000
v 1.400000 2.052000 -1.240000
vt 0.000000 0.000000
vt 1.000000 0.000000
vt 1.000000 1.000000
vt 0.000000 1.000000
f 1697/1713 1698/1714 1699/1715 1700/1716
v 1.240000 2.052000 -1.400000
v 1.240000 2.052000 -1.240000
v 1.240000 2.736000 -1.240000
v 1.240000 2.736000 -1.400000
vt 0.000000 0.000000
vt 1.000000 0.000000
vt 1.000000 1.000000
vt 0.000000 1.000000
f 1701/1717 1702/1718 1703/1719 1704/1720
v 1.400000 2.052000 -1.240000
v 1.400000 2.052000 -1.400000
v 1.400000 2.736000 -1.400000
v 1.400000 2.736000 -1.240000
vt 0.000000 0.000000
vt 1.000000 0.000000
vt 1.000000 1.000000
vt 0.000000 1.000000
f 1705/1721 1706/1722 1707/1723 1708/1724
v 1.240000 2.736000 -1.400000
v 1.240000 2.736000 -1.240000
v 1.240000 3.420000 -1.240000
v 1.240000 3.420000 -1.400000
vt 0.000000 0.000000
vt 1.000000 0.000000
vt 1.000000 1.000000
vt 0.000000 1.000000
f 1709/1725 1710/1726 1711/1727 1712/1728
v 1.400000 2.736000 -1.240000
v 1.400000 2.736000 -1.400000
v 1.400000 3.420000 -1.400000
v 1.400000 3.420000 -1.240000
vt 0.000000 0.000000
vt 1.000000 0.000000
vt 1.000000 1.000000
vt 0.000000 1.000000
f 1713/1729 1714/1730 1715/1731 1716/1732
v 1.240000 3.420000 -1.400000
v 1.240000 3.420000 -1.240000
v 1.400000 3.420000 -1.240000
v 1.400000 3.420000 -1.400000
vt 0.000000 0.000000
vt 1.000000 0.000000
vt 1.000000 1.000000
vt 0.000000 1.000000
f 1717/1733 1718/1734 1719/1735 1720/1736
v 1.240000 0.000000 -1.240000
v 1.240000 0.000000 -1.400000
v 1.400000 0.000000 -1.400000
v 1.400000 0.000000 -1.240000
vt 0.000000 0.000000
vt 1.000000 0.000000
vt 1.000000 1.000000
vt 0.000000 1.000000
f 1721/1737 1722/1738 1723/1739 1724/1740

o back_left_support_column
usemtl band
v -1.240000 0.000000 1.120000
v -1.400000 0.000000 1.120000
v -1.400000 0.684000 1.120000
v -1.240000 0.684000 1.120000
vt 0.000000 0.000000
vt 1.000000 0.000000
vt 1.000000 1.000000
vt 0.000000 1.000000
f 1725/1741 1726/1742 1727/1743 1728/1744
v -1.400000 0.000000 1.280000
v -1.240000 0.000000 1.280000
v -1.240000 0.684000 1.280000
v -1.400000 0.684000 1.280000
vt 0.000000 0.000000
vt 1.000000 0.000000
vt 1.000000 1.000000
vt 0.000000 1.000000
f 1729/1745 1730/1746 1731/1747 1732/1748
v -1.240000 0.684000 1.120000
v -1.400000 0.684000 1.120000
v -1.400000 1.368000 1.120000
v -1.240000 1.368000 1.120000
vt 0.000000 0.000000
vt 1.000000 0.000000
vt 1.000000 1.000000
vt 0.000000 1.000000
f 1733/1749 1734/1750 1735/1751 1736/1752
v -1.400000 0.684000 1.280000
v -1.240000 0.684000 1.280000
v -1.240000 1.368000 1.280000
v -1.400000 1.368000 1.280000
vt 0.000000 0.000000
vt 1.000000 0.000000
vt 1.000000 1.000000
vt 0.000000 1.000000
f 1737/1753 1738/1754 1739/1755 1740/1756
v -1.240000 1.368000 1.120000
v -1.400000 1.368000 1.120000
v -1.400000 2.052000 1.120000
v -1.240000 2.052000 1.120000
vt 0.000000 0.000000
vt 1.000000 0.000000
vt 1.000000 1.000000
vt 0.000000 1.000000
f 1741/1757 1742/1758 1743/1759 1744/1760
v -1.400000 1.368000 1.280000
v -1.240000 1.368000 1.280000
v -1.240000 2.052000 1.280000
v -1.400000 2.052000 1.280000
vt 0.000000 0.000000
vt 1.000000 0.000000
vt 1.000000 1.000000
vt 0.000000 1.000000
f 1745/1761 1746/1762 1747/1763 1748/1764
v -1.240000 2.052000 1.120000
v -1.400000 2.052000 1.120000
v -1.400000 2.736000 1.120000
v -1.240000 2.736000 1.120000
vt 0.000000 0.000000
vt 1.000000 0.000000
vt 1.000000 1.000000
vt 0.000000 1.000000
f 1749/1765 1750/1766 1751/1767 1752/1768
v -1.400000 2.052000 1.280000
v -1.240000 2.052000 1.280000
v -1.240000 2.736000 1.280000
v -1.400000 2.736000 1.280000
vt 0.000000 0.000000
vt 1.000000 0.000000
vt 1.000000 1.000000
vt 0.000000 1.000000
f 1753/1769 1754/1770 1755/1771 1756/1772
v -1.240000 2.736000 1.120000
v -1.400000 2.736000 1.120000
v -1.400000 3.420000 1.120000
v -1.240000 3.420000 1.120000
vt 0.000000 0.000000
vt 1.000000 0.000000
vt 1.000000 1.000000
vt 0.000000 1.000000
f 1757/1773 1758/1774 1759/1775 1760/1776
v -1.400000 2.736000 1.280000
v -1.240000 2.736000 1.280000
v -1.240000 3.420000 1.280000
v -1.400000 3.420000 1.280000
vt 0.000000 0.000000
vt 1.000000 0.000000
vt 1.000000 1.000000
vt 0.000000 1.000000
f 1761/1777 1762/1778 1763/1779 1764/1780
v -1.400000 0.000000 1.120000
v -1.400000 0.000000 1.280000
v -1.400000 0.684000 1.280000
v -1.400000 0.684000 1.120000
vt 0.000000 0.000000
vt 1.000000 0.000000
vt 1.000000 1.000000
vt 0.000000 1.000000
f 1765/1781 1766/1782 1767/1783 1768/1784
v -1.240000 0.000000 1.280000
v -1.240000 0.000000 1.120000
v -1.240000 0.684000 1.120000
v -1.240000 0.684000 1.280000
vt 0.000000 0.000000
vt 1.000000 0.000000
vt 1.000000 1.000000
vt 0.000000 1.000000
f 1769/1785 1770/1786 1771/1787 1772/1788
v -1.400000 0.684000 1.120000
v -1.400000 0.684000 1.280000
v -1.400000 1.368000 1.280000
v -1.400000 1.368000 1.120000
vt 0.000000 0.000000
vt 1.000000 0.000000
vt 1.000000 1.000000
vt 0.000000 1.000000
f 1773/1789 1774/1790 1775/1791 1776/1792
v -1.240000 0.684000 1.280000
v -1.240000 0.684000 1.120000
v -1.240000 1.368000 1.120000
v -1.240000 1.368000 1.280000
vt 0.000000 0.000000
vt 1.000000 0.000000
vt 1.000000 1.000000
vt 0.000000 1.000000
f 1777/1793 1778/1794 1779/1795 1780/1796
v -1.400000 1.368000 1.120000
v -1.400000 1.368000 1.280000
v -1.400000 2.052000 1.280000
v -1.400000 2.052000 1.120000
vt 0.000000 0.000000
vt 1.000000 0.000000
vt 1.000000 1.000000
vt 0.000000 1.000000
f 1781/1797 1782/1798 1783/1799 1784/1800
v -1.240000 1.368000 1.280000
v -1.240000 1.368000 1.120000
v -1.240000 2.052000 1.120000
v -1.240000 2.052000 1.280000
vt 0.000000 0.000000
vt 1.000000 0.000000
vt 1.000000 1.000000
vt 0.000000 1.000000
f 1785/1801 1786/1802 1787/1803 1788/1804
v -1.400000 2.052000 1.120000
v -1.400000 2.052000 1.280000
v -1.400000 2.736000 1.280000
v -1.400000 2.736000 1.120000
vt 0.000000 0.000000
vt 1.000000 0.000000
vt 1.000000 1.000000
vt 0.000000 1.000000
f 1789/1805 1790/1806 1791/1807 1792/1808
v -1.240000 2.052000 1.280000
v -1.240000 2.052000 1.120000
v -1.240000 2.736000 1.120000
v -1.240000 2.736000 1.280000
vt 0.000000 0.000000
vt 1.000000 0.000000
vt 1.000000 1.000000
vt 0.000000 1.000000
f 1793/1809 1794/1810 1795/1811 1796/1812
v -1.400000 2.736000 1.120000
v -1.400000 2.736000 1.280000
v -1.400000 3.420000 1.280000
v -1.400000 3.420000 1.120000
vt 0.000000 0.000000
vt 1.000000 0.000000
vt 1.000000 1.000000
vt 0.000000 1.000000
f 1797/1813 1798/1814 1799/1815 1800/1816
v -1.240000 2.736000 1.280000
v -1.240000 2.736000 1.120000
v -1.240000 3.420000 1.120000
v -1.240000 3.420000 1.280000
vt 0.000000 0.000000
vt 1.000000 0.000000
vt 1.000000 1.000000
vt 0.000000 1.000000
f 1801/1817 1802/1818 1803/1819 1804/1820
v -1.400000 3.420000 1.120000
v -1.400000 3.420000 1.280000
v -1.240000 3.420000 1.280000
v -1.240000 3.420000 1.120000
vt 0.000000 0.000000
vt 1.000000 0.000000
vt 1.000000 1.000000
vt 0.000000 1.000000
f 1805/1821 1806/1822 1807/1823 1808/1824
v -1.400000 0.000000 1.280000
v -1.400000 0.000000 1.120000
v -1.240000 0.000000 1.120000
v -1.240000 0.000000 1.280000
vt 0.000000 0.000000
vt 1.000000 0.000000
vt 1.000000 1.000000
vt 0.000000 1.000000
f 1809/1825 1810/1826 1811/1827 1812/1828

o back_right_support_column
usemtl band
v 1.400000 0.000000 1.120000
v 1.240000 0.000000 1.120000
v 1.240000 0.684000 1.120000
v 1.400000 0.684000 1.120000
vt 0.000000 0.000000
vt 1.000000 0.000000
vt 1.000000 1.000000
vt 0.000000 1.000000
f 1813/1829 1814/1830 1815/1831 1816/1832
v 1.240000 0.000000 1.280000
v 1.400000 0.000000 1.280000
v 1.400000 0.684000 1.280000
v 1.240000 0.684000 1.280000
vt 0.000000 0.000000
vt 1.000000 0.000000
vt 1.000000 1.000000
vt 0.000000 1.000000
f 1817/1833 1818/1834 1819/1835 1820/1836
v 1.400000 0.684000 1.120000
v 1.240000 0.684000 1.120000
v 1.240000 1.368000 1.120000
v 1.400000 1.368000 1.120000
vt 0.000000 0.000000
vt 1.000000 0.000000
vt 1.000000 1.000000
vt 0.000000 1.000000
f 1821/1837 1822/1838 1823/1839 1824/1840
v 1.240000 0.684000 1.280000
v 1.400000 0.684000 1.280000
v 1.400000 1.368000 1.280000
v 1.240000 1.368000 1.280000
vt 0.000000 0.000000
vt 1.000000 0.000000
vt 1.000000 1.000000
vt 0.000000 1.000000
f 1825/1841 1826/1842 1827/1843 1828/1844
v 1.400000 1.368000 1.120000
v 1.240000 1.368000 1.120000
v 1.240000 2.052000 1.120000
v 1.400000 2.052000 1.120000
vt 0.000000 0.000000
vt 1.000000 0.000000
vt 1.000000 1.000000
vt 0.000000 1.000000
f 1829/1845 1830/1846 1831/1847 1832/1848
v 1.240000 1.368000 1.280000
v 1.400000 1.368000 1.280000
v 1.400000 2.052000 1.280000
v 1.240000 2.052000 1.280000
vt 0.000000 0.000000
vt 1.000000 0.000000
vt 1.000000 1.000000
vt 0.000000 1.000000
f 1833/1849 1834/1850 1835/1851 1836/1852
v 1.400000 2.052000 1.120000
v 1.240000 2.052000 1.120000
v 1.240000 2.736000 1.120000
v 1.400000 2.736000 1.120000
vt 0.000000 0.000000
vt 1.000000 0.000000
vt 1.000000 1.000000
vt 0.000000 1.000000
f 1837/1853 1838/1854 1839/1855 1840/1856
v 1.240000 2.052000 1.280000
v 1.400000 2.052000 1.280000
v 1.400000 2.736000 1.280000
v 1.240000 2.736000 1.280000
vt 0.000000 0.000000
vt 1.000000 0.000000
vt 1.000000 1.000000
vt 0.000000 1.000000
f 1841/1857 1842/1858 1843/1859 1844/1860
v 1.400000 2.736000 1.120000
v 1.240000 2.736000 1.120000
v 1.240000 3.420000 1.120000
v 1.400000 3.420000 1.120000
vt 0.000000 0.000000
vt 1.000000 0.000000
vt 1.000000 1.000000
vt 0.000000 1.000000
f 1845/1861 1846/1862 1847/1863 1848/1864
v 1.240000 2.736000 1.280000
v 1.400000 2.736000 1.280000
v 1.400000 3.420000 1.280000
v 1.240000 3.420000 1.280000
vt 0.000000 0.000000
vt 1.000000 0.000000
vt 1.000000 1.000000
vt 0.000000 1.000000
f 1849/1865 1850/1866 1851/1867 1852/1868
v 1.240000 0.000000 1.120000
v 1.240000 0.000000 1.280000
v 1.240000 0.684000 1.280000
v 1.240000 0.684000 1.120000
vt 0.000000 0.000000
vt 1.000000 0.000000
vt 1.000000 1.000000
vt 0.000000 1.000000
f 1853/1869 1854/1870 1855/1871 1856/1872
v 1.400000 0.000000 1.280000
v 1.400000 0.000000 1.120000
v 1.400000 0.684000 1.120000
v 1.400000 0.684000 1.280000
vt 0.000000 0.000000
vt 1.000000 0.000000
vt 1.000000 1.000000
vt 0.000000 1.000000
f 1857/1873 1858/1874 1859/1875 1860/1876
v 1.240000 0.684000 1.120000
v 1.240000 0.684000 1.280000
v 1.240000 1.368000 1.280000
v 1.240000 1.368000 1.120000
vt 0.000000 0.000000
vt 1.000000 0.000000
vt 1.000000 1.000000
vt 0.000000 1.000000
f 1861/1877 1862/1878 1863/1879 1864/1880
v 1.400000 0.684000 1.280000
v 1.400000 0.684000 1.120000
v 1.400000 1.368000 1.120000
v 1.400000 1.368000 1.280000
vt 0.000000 0.000000
vt 1.000000 0.000000
vt 1.000000 1.000000
vt 0.000000 1.000000
f 1865/1881 1866/1882 1867/1883 1868/1884
v 1.240000 1.368000 1.120000
v 1.240000 1.368000 1.280000
v 1.240000 2.052000 1.280000
v 1.240000 2.052000 1.120000
vt 0.000000 0.000000
vt 1.000000 0.000000
vt 1.000000 1.000000
vt 0.000000 1.000000
f 1869/1885 1870/1886 1871/1887 1872/1888
v 1.400000 1.368000 1.280000
v 1.400000 1.368000 1.120000
v 1.400000 2.052000 1.120000
v 1.400000 2.052000 1.280000
vt 0.000000 0.000000
vt 1.000000 0.000000
vt 1.000000 1.000000
vt 0.000000 1.000000
f 1873/1889 1874/1890 1875/1891 1876/1892
v 1.240000 2.052000 1.120000
v 1.240000 2.052000 1.280000
v 1.240000 2.736000 1.280000
v 1.240000 2.736000 1.120000
vt 0.000000 0.000000
vt 1.000000 0.000000
vt 1.000000 1.000000
vt 0.000000 1.000000
f 1877/1893 1878/1894 1879/1895 1880/1896
v 1.400000 2.052000 1.280000
v 1.400000 2.052000 1.120000
v 1.400000 2.736000 1.120000
v 1.400000 2.736000 1.280000
vt 0.000000 0.000000
vt 1.000000 0.000000
vt 1.000000 1.000000
vt 0.000000 1.000000
f 1881/1897 1882/1898 1883/1899 1884/1900
v 1.240000 2.736000 1.120000
v 1.240000 2.736000 1.280000
v 1.240000 3.420000 1.280000
v 1.240000 3.420000 1.120000
vt 0.000000 0.000000
vt 1.000000 0.000000
vt 1.000000 1.000000
vt 0.000000 1.000000
f 1885/1901 1886/1902 1887/1903 1888/1904
v 1.400000 2.736000 1.280000
v 1.400000 2.736000 1.120000
v 1.400000 3.420000 1.120000
v 1.400000 3.420000 1.280000
vt 0.000000 0.000000
vt 1.000000 0.000000
vt 1.000000 1.000000
vt 0.000000 1.000000
f 1889/1905 1890/1906 1891/1907 1892/1908
v 1.240000 3.420000 1.120000
v 1.240000 3.420000 1.280000
v 1.400000 3.420000 1.280000
v 1.400000 3.420000 1.120000
vt 0.000000 0.000000
vt 1.000000 0.000000
vt 1.000000 1.000000
vt 0.000000 1.000000
f 1893/1909 1894/1910 1895/1911 1896/1912
v 1.240000 0.000000 1.280000
v 1.240000 0.000000 1.120000
v 1.400000 0.000000 1.120000
v 1.400000 0.000000 1.280000
vt 0.000000 0.000000
vt 1.000000 0.000000
vt 1.000000 1.000000
vt 0.000000 1.000000
f 1897/1913 1898/1914 1899/1915 1900/1916

o front_crossbrace_low
usemtl band
v -0.690000 0.240000 -1.400000
v -1.380000 0.240000 -1.400000
v -1.380000 0.340000 -1.400000
v -0.690000 0.340000 -1.400000
vt 0.000000 0.000000
vt 1.000000 0.000000
vt 1.000000 1.000000
vt 0.000000 1.000000
f 1901/1917 1902/1918 1903/1919 1904/1920
v -1.380000 0.240000 -1.300000
v -0.690000 0.240000 -1.300000
v -0.690000 0.340000 -1.300000
v -1.380000 0.340000 -1.300000
vt 0.000000 0.000000
vt 1.000000 0.000000
vt 1.000000 1.000000
vt 0.000000 1.000000
f 1905/1921 1906/1922 1907/1923 1908/1924
v 0.000000 0.240000 -1.400000
v -0.690000 0.240000 -1.400000
v -0.690000 0.340000 -1.400000
v 0.000000 0.340000 -1.400000
vt 0.000000 0.000000
vt 1.000000 0.000000
vt 1.000000 1.000000
vt 0.000000 1.000000
f 1909/1925 1910/1926 1911/1927 1912/1928
v -0.690000 0.240000 -1.300000
v 0.000000 0.240000 -1.300000
v 0.000000 0.340000 -1.300000
v -0.690000 0.340000 -1.300000
vt 0.000000 0.000000
vt 1.000000 0.000000
vt 1.000000 1.000000
vt 0.000000 1.000000
f 1913/1929 1914/1930 1915/1931 1916/1932
v 0.690000 0.240000 -1.400000
v 0.000000 0.240000 -1.400000
v 0.000000 0.340000 -1.400000
v 0.690000 0.340000 -1.400000
vt 0.000000 0.000000
vt 1.000000 0.000000
vt 1.000000 1.000000
vt 0.000000 1.000000
f 1917/1933 1918/1934 1919/1935 1920/1936
v 0.000000 0.240000 -1.300000
v 0.690000 0.240000 -1.300000
v 0.690000 0.340000 -1.300000
v 0.000000 0.340000 -1.300000
vt 0.000000 0.000000
vt 1.000000 0.000000
vt 1.000000 1.000000
vt 0.000000 1.000000
f 1921/1937 1922/1938 1923/1939 1924/1940
v 1.380000 0.240000 -1.400000
v 0.690000 0.240000 -1.400000
v 0.690000 0.340000 -1.400000
v 1.380000 0.340000 -1.400000
vt 0.000000 0.000000
vt 1.000000 0.000000
vt 1.000000 1.000000
vt 0.000000 1.000000
f 1925/1941 1926/1942 1927/1943 1928/1944
v 0.690000 0.240000 -1.300000
v 1.380000 0.240000 -1.300000
v 1.380000 0.340000 -1.300000
v 0.690000 0.340000 -1.300000
vt 0.000000 0.000000
vt 1.000000 0.000000
vt 1.000000 1.000000
vt 0.000000 1.000000
f 1929/1945 1930/1946 1931/1947 1932/1948
v -1.380000 0.240000 -1.400000
v -1.380000 0.240000 -1.300000
v -1.380000 0.340000 -1.300000
v -1.380000 0.340000 -1.400000
vt 0.000000 0.000000
vt 1.000000 0.000000
vt 1.000000 1.000000
vt 0.000000 1.000000
f 1933/1949 1934/1950 1935/1951 1936/1952
v 1.380000 0.240000 -1.300000
v 1.380000 0.240000 -1.400000
v 1.380000 0.340000 -1.400000
v 1.380000 0.340000 -1.300000
vt 0.000000 0.000000
vt 1.000000 0.000000
vt 1.000000 1.000000
vt 0.000000 1.000000
f 1937/1953 1938/1954 1939/1955 1940/1956
v -1.380000 0.340000 -1.400000
v -1.380000 0.340000 -1.300000
v -0.690000 0.340000 -1.300000
v -0.690000 0.340000 -1.400000
vt 0.000000 0.000000
vt 1.000000 0.000000
vt 1.000000 1.000000
vt 0.000000 1.000000
f 1941/1957 1942/1958 1943/1959 1944/1960
v -1.380000 0.240000 -1.300000
v -1.380000 0.240000 -1.400000
v -0.690000 0.240000 -1.400000
v -0.690000 0.240000 -1.300000
vt 0.000000 0.000000
vt 1.000000 0.000000
vt 1.000000 1.000000
vt 0.000000 1.000000
f 1945/1961 1946/1962 1947/1963 1948/1964
v -0.690000 0.340000 -1.400000
v -0.690000 0.340000 -1.300000
v 0.000000 0.340000 -1.300000
v 0.000000 0.340000 -1.400000
vt 0.000000 0.000000
vt 1.000000 0.000000
vt 1.000000 1.000000
vt 0.000000 1.000000
f 1949/1965 1950/1966 1951/1967 1952/1968
v -0.690000 0.240000 -1.300000
v -0.690000 0.240000 -1.400000
v 0.000000 0.240000 -1.400000
v 0.000000 0.240000 -1.300000
vt 0.000000 0.000000
vt 1.000000 0.000000
vt 1.000000 1.000000
vt 0.000000 1.000000
f 1953/1969 1954/1970 1955/1971 1956/1972
v 0.000000 0.340000 -1.400000
v 0.000000 0.340000 -1.300000
v 0.690000 0.340000 -1.300000
v 0.690000 0.340000 -1.400000
vt 0.000000 0.000000
vt 1.000000 0.000000
vt 1.000000 1.000000
vt 0.000000 1.000000
f 1957/1973 1958/1974 1959/1975 1960/1976
v 0.000000 0.240000 -1.300000
v 0.000000 0.240000 -1.400000
v 0.690000 0.240000 -1.400000
v 0.690000 0.240000 -1.300000
vt 0.000000 0.000000
vt 1.000000 0.000000
vt 1.000000 1.000000
vt 0.000000 1.000000
f 1961/1977 1962/1978 1963/1979 1964/1980
v 0.690000 0.340000 -1.400000
v 0.690000 0.340000 -1.300000
v 1.380000 0.340000 -1.300000
v 1.380000 0.340000 -1.400000
vt 0.000000 0.000000
vt 1.000000 0.000000
vt 1.000000 1.000000
vt 0.000000 1.000000
f 1965/1981 1966/1982 1967/1983 1968/1984
v 0.690000 0.240000 -1.300000
v 0.690000 0.240000 -1.400000
v 1.380000 0.240000 -1.400000
v 1.380000 0.240000 -1.300000
vt 0.000000 0.000000
vt 1.000000 0.000000
vt 1.000000 1.000000
vt 0.000000 1.000000
f 1969/1985 1970/1986 1971/1987 1972/1988

o front_crossbrace_high
usemtl band
v -0.690000 2.980000 -1.400000
v -1.380000 2.980000 -1.400000
v -1.380000 3.080000 -1.400000
v -0.690000 3.080000 -1.400000
vt 0.000000 0.000000
vt 1.000000 0.000000
vt 1.000000 1.000000
vt 0.000000 1.000000
f 1973/1989 1974/1990 1975/1991 1976/1992
v -1.380000 2.980000 -1.300000
v -0.690000 2.980000 -1.300000
v -0.690000 3.080000 -1.300000
v -1.380000 3.080000 -1.300000
vt 0.000000 0.000000
vt 1.000000 0.000000
vt 1.000000 1.000000
vt 0.000000 1.000000
f 1977/1993 1978/1994 1979/1995 1980/1996
v 0.000000 2.980000 -1.400000
v -0.690000 2.980000 -1.400000
v -0.690000 3.080000 -1.400000
v 0.000000 3.080000 -1.400000
vt 0.000000 0.000000
vt 1.000000 0.000000
vt 1.000000 1.000000
vt 0.000000 1.000000
f 1981/1997 1982/1998 1983/1999 1984/2000
v -0.690000 2.980000 -1.300000
v 0.000000 2.980000 -1.300000
v 0.000000 3.080000 -1.300000
v -0.690000 3.080000 -1.300000
vt 0.000000 0.000000
vt 1.000000 0.000000
vt 1.000000 1.000000
vt 0.000000 1.000000
f 1985/2001 1986/2002 1987/2003 1988/2004
v 0.690000 2.980000 -1.400000
v 0.000000 2.980000 -1.400000
v 0.000000 3.080000 -1.400000
v 0.690000 3.080000 -1.400000
vt 0.000000 0.000000
vt 1.000000 0.000000
vt 1.000000 1.000000
vt 0.000000 1.000000
f 1989/2005 1990/2006 1991/2007 1992/2008
v 0.000000 2.980000 -1.300000
v 0.690000 2.980000 -1.300000
v 0.690000 3.080000 -1.300000
v 0.000000 3.080000 -1.300000
vt 0.000000 0.000000
vt 1.000000 0.000000
vt 1.000000 1.000000
vt 0.000000 1.000000
f 1993/2009 1994/2010 1995/2011 1996/2012
v 1.380000 2.980000 -1.400000
v 0.690000 2.980000 -1.400000
v 0.690000 3.080000 -1.400000
v 1.380000 3.080000 -1.400000
vt 0.000000 0.000000
vt 1.000000 0.000000
vt 1.000000 1.000000
vt 0.000000 1.000000
f 1997/2013 1998/2014 1999/2015 2000/2016
v 0.690000 2.980000 -1.300000
v 1.380000 2.980000 -1.300000
v 1.380000 3.080000 -1.300000
v 0.690000 3.080000 -1.300000
vt 0.000000 0.000000
vt 1.000000 0.000000
vt 1.000000 1.000000
vt 0.000000 1.000000
f 2001/2017 2002/2018 2003/2019 2004/2020
v -1.380000 2.980000 -1.400000
v -1.380000 2.980000 -1.300000
v -1.380000 3.080000 -1.300000
v -1.380000 3.080000 -1.400000
vt 0.000000 0.000000
vt 1.000000 0.000000
vt 1.000000 1.000000
vt 0.000000 1.000000
f 2005/2021 2006/2022 2007/2023 2008/2024
v 1.380000 2.980000 -1.300000
v 1.380000 2.980000 -1.400000
v 1.380000 3.080000 -1.400000
v 1.380000 3.080000 -1.300000
vt 0.000000 0.000000
vt 1.000000 0.000000
vt 1.000000 1.000000
vt 0.000000 1.000000
f 2009/2025 2010/2026 2011/2027 2012/2028
v -1.380000 3.080000 -1.400000
v -1.380000 3.080000 -1.300000
v -0.690000 3.080000 -1.300000
v -0.690000 3.080000 -1.400000
vt 0.000000 0.000000
vt 1.000000 0.000000
vt 1.000000 1.000000
vt 0.000000 1.000000
f 2013/2029 2014/2030 2015/2031 2016/2032
v -1.380000 2.980000 -1.300000
v -1.380000 2.980000 -1.400000
v -0.690000 2.980000 -1.400000
v -0.690000 2.980000 -1.300000
vt 0.000000 0.000000
vt 1.000000 0.000000
vt 1.000000 1.000000
vt 0.000000 1.000000
f 2017/2033 2018/2034 2019/2035 2020/2036
v -0.690000 3.080000 -1.400000
v -0.690000 3.080000 -1.300000
v 0.000000 3.080000 -1.300000
v 0.000000 3.080000 -1.400000
vt 0.000000 0.000000
vt 1.000000 0.000000
vt 1.000000 1.000000
vt 0.000000 1.000000
f 2021/2037 2022/2038 2023/2039 2024/2040
v -0.690000 2.980000 -1.300000
v -0.690000 2.980000 -1.400000
v 0.000000 2.980000 -1.400000
v 0.000000 2.980000 -1.300000
vt 0.000000 0.000000
vt 1.000000 0.000000
vt 1.000000 1.000000
vt 0.000000 1.000000
f 2025/2041 2026/2042 2027/2043 2028/2044
v 0.000000 3.080000 -1.400000
v 0.000000 3.080000 -1.300000
v 0.690000 3.080000 -1.300000
v 0.690000 3.080000 -1.400000
vt 0.000000 0.000000
vt 1.000000 0.000000
vt 1.000000 1.000000
vt 0.000000 1.000000
f 2029/2045 2030/2046 2031/2047 2032/2048
v 0.000000 2.980000 -1.300000
v 0.000000 2.980000 -1.400000
v 0.690000 2.980000 -1.400000
v 0.690000 2.980000 -1.300000
vt 0.000000 0.000000
vt 1.000000 0.000000
vt 1.000000 1.000000
vt 0.000000 1.000000
f 2033/2049 2034/2050 2035/2051 2036/2052
v 0.690000 3.080000 -1.400000
v 0.690000 3.080000 -1.300000
v 1.380000 3.080000 -1.300000
v 1.380000 3.080000 -1.400000
vt 0.000000 0.000000
vt 1.000000 0.000000
vt 1.000000 1.000000
vt 0.000000 1.000000
f 2037/2053 2038/2054 2039/2055 2040/2056
v 0.690000 2.980000 -1.300000
v 0.690000 2.980000 -1.400000
v 1.380000 2.980000 -1.400000
v 1.380000 2.980000 -1.300000
vt 0.000000 0.000000
vt 1.000000 0.000000
vt 1.000000 1.000000
vt 0.000000 1.000000
f 2041/2057 2042/2058 2043/2059 2044/2060

o small_relief_stack
usemtl pipe
v 0.610000 3.440000 -0.280000
v 0.592812 3.440000 -0.227099
v 0.592812 3.980000 -0.227099
v 0.610000 3.980000 -0.280000
vt 0.000000 0.000000
vt 1.000000 0.000000
vt 1.000000 1.000000
vt 0.000000 1.000000
f 2045/2061 2048/2064 2047/2063 2046/2062
v 0.592812 3.440000 -0.227099
v 0.547812 3.440000 -0.194405
v 0.547812 3.980000 -0.194405
v 0.592812 3.980000 -0.227099
vt 0.000000 0.000000
vt 1.000000 0.000000
vt 1.000000 1.000000
vt 0.000000 1.000000
f 2049/2065 2052/2068 2051/2067 2050/2066
v 0.547812 3.440000 -0.194405
v 0.492188 3.440000 -0.194405
v 0.492188 3.980000 -0.194405
v 0.547812 3.980000 -0.194405
vt 0.000000 0.000000
vt 1.000000 0.000000
vt 1.000000 1.000000
vt 0.000000 1.000000
f 2053/2069 2056/2072 2055/2071 2054/2070
v 0.492188 3.440000 -0.194405
v 0.447188 3.440000 -0.227099
v 0.447188 3.980000 -0.227099
v 0.492188 3.980000 -0.194405
vt 0.000000 0.000000
vt 1.000000 0.000000
vt 1.000000 1.000000
vt 0.000000 1.000000
f 2057/2073 2060/2076 2059/2075 2058/2074
v 0.447188 3.440000 -0.227099
v 0.430000 3.440000 -0.280000
v 0.430000 3.980000 -0.280000
v 0.447188 3.980000 -0.227099
vt 0.000000 0.000000
vt 1.000000 0.000000
vt 1.000000 1.000000
vt 0.000000 1.000000
f 2061/2077 2064/2080 2063/2079 2062/2078
v 0.430000 3.440000 -0.280000
v 0.447188 3.440000 -0.332901
v 0.447188 3.980000 -0.332901
v 0.430000 3.980000 -0.280000
vt 0.000000 0.000000
vt 1.000000 0.000000
vt 1.000000 1.000000
vt 0.000000 1.000000
f 2065/2081 2068/2084 2067/2083 2066/2082
v 0.447188 3.440000 -0.332901
v 0.492188 3.440000 -0.365595
v 0.492188 3.980000 -0.365595
v 0.447188 3.980000 -0.332901
vt 0.000000 0.000000
vt 1.000000 0.000000
vt 1.000000 1.000000
vt 0.000000 1.000000
f 2069/2085 2072/2088 2071/2087 2070/2086
v 0.492188 3.440000 -0.365595
v 0.547812 3.440000 -0.365595
v 0.547812 3.980000 -0.365595
v 0.492188 3.980000 -0.365595
vt 0.000000 0.000000
vt 1.000000 0.000000
vt 1.000000 1.000000
vt 0.000000 1.000000
f 2073/2089 2076/2092 2075/2091 2074/2090
v 0.547812 3.440000 -0.365595
v 0.592812 3.440000 -0.332901
v 0.592812 3.980000 -0.332901
v 0.547812 3.980000 -0.365595
vt 0.000000 0.000000
vt 1.000000 0.000000
vt 1.000000 1.000000
vt 0.000000 1.000000
f 2077/2093 2080/2096 2079/2095 2078/2094
v 0.592812 3.440000 -0.332901
v 0.610000 3.440000 -0.280000
v 0.610000 3.980000 -0.280000
v 0.592812 3.980000 -0.332901
vt 0.000000 0.000000
vt 1.000000 0.000000
vt 1.000000 1.000000
vt 0.000000 1.000000
f 2081/2097 2084/2100 2083/2099 2082/2098
