# split from fensu2.obj
mtllib fensu2.mtl
o Wheel
v 0.500000 5.500000 -4.499998
v 0.500000 6.377907 -4.413532
v 0.500000 7.222075 -4.157456
v 0.500000 8.000065 -3.741611
v 0.500000 8.681980 -3.181979
v 0.500000 9.241613 -2.500065
v 0.500000 9.657457 -1.722075
v 0.500000 9.913532 -0.877905
v 0.500000 10.000000 0.000001
v 0.500000 9.913532 0.877907
v 0.500000 9.657457 1.722075
v 0.500000 9.241613 2.500067
v 0.500000 8.681980 3.181981
v 0.500000 8.000065 3.741614
v 0.500000 7.222075 4.157459
v 0.500000 6.377905 4.413535
v 0.500000 5.499998 4.500000
v 0.500000 4.622091 4.413535
v 0.500000 3.777922 4.157458
v 0.500000 2.999931 3.741612
v 0.500000 2.318017 3.181979
v 0.500000 1.758385 2.500064
v 0.500000 1.342541 1.722074
v 0.500000 1.086465 0.877904
v 0.500000 1.000000 -0.000003
v 0.500000 1.086467 -0.877910
v 0.500000 1.342544 -1.722078
v 0.500000 1.758389 -2.500070
v 0.500000 2.318023 -3.181983
v 0.500000 2.999939 -3.741615
v 0.500000 3.777930 -4.157459
v 0.500000 4.622100 -4.413533
v -0.500000 5.500000 -4.499998
v -0.500000 6.377907 -4.413532
v -0.500000 7.222075 -4.157456
v -0.500000 8.000065 -3.741611
v -0.500000 8.681980 -3.181979
v -0.500000 9.241613 -2.500065
v -0.500000 9.657457 -1.722075
v -0.500000 9.913532 -0.877905
v -0.500000 10.000000 0.000001
v -0.500000 9.913532 0.877907
v -0.500000 9.657457 1.722075
v -0.500000 9.241613 2.500067
v -0.500000 8.681980 3.181981
v -0.500000 8.000065 3.741614
v -0.500000 7.222075 4.157459
v -0.500000 6.377905 4.413535
v -0.500000 5.499998 4.500000
v -0.500000 4.622091 4.413535
v -0.500000 3.777922 4.157458
v -0.500000 2.999931 3.741612
v -0.500000 2.318017 3.181979
v -0.500000 1.758385 2.500064
v -0.500000 1.342541 1.722074
v -0.500000 1.086465 0.877904
v -0.500000 1.000000 -0.000003
v -0.500000 1.086467 -0.877910
v -0.500000 1.342544 -1.722078
v -0.500000 1.758389 -2.500070
v -0.500000 2.318023 -3.181983
v -0.500000 2.999939 -3.741615
v -0.500000 3.777930 -4.157459
v -0.500000 4.622100 -4.413533
v 0.750000 5.500000 -3.749999
v 0.750000 6.231590 -3.677944
v 0.750000 6.935064 -3.464547
v 0.750000 7.583389 -3.118011
v 0.750000 8.151649 -2.651649
v 0.750000 8.618011 -2.083387
v 0.750000 8.964550 -1.435062
v 0.750000 9.177946 -0.731588
v 0.750000 9.250000 0.000000
v 0.750000 9.177946 0.731588
v 0.750000 8.964550 1.435062
v 0.750000 8.618011 2.083388
v 0.750000 8.151649 2.651650
v 0.750000 7.583385 3.118011
v 0.750000 6.935061 3.464549
v 0.750000 6.231590 3.677945
v 0.750000 5.500000 3.750000
v 0.750000 4.768408 3.677945
v 0.750000 4.064937 3.464548
v 0.750000 3.416611 3.118011
v 0.750000 2.848347 2.651649
v 0.750000 2.381987 2.083386
v 0.750000 2.035452 1.435061
v 0.750000 1.822056 0.731586
v 0.750000 1.750000 -0.000003
v 0.750000 1.822056 -0.731592
v 0.750000 2.035452 -1.435066
v 0.750000 2.381993 -2.083391
v 0.750000 2.848354 -2.651653
v 0.750000 3.416615 -3.118013
v 0.750000 4.064943 -3.464550
v 0.750000 4.768415 -3.677945
v 1.250000 5.500000 -3.749999
v 1.250000 6.231590 -3.677944
v 1.250000 6.935064 -3.464547
v 1.250000 7.583389 -3.118011
v 1.250000 8.151649 -2.651649
v 1.250000 8.618011 -2.083387
v 1.250000 8.964550 -1.435062
v 1.250000 9.177946 -0.731588
v 1.250000 9.250000 0.000000
v 1.250000 9.177946 0.731588
v 1.250000 8.964550 1.435062
v 1.250000 8.618011 2.083388
v 1.250000 8.151649 2.651650
v 1.250000 7.583385 3.118011
v 1.250000 6.935061 3.464549
v 1.250000 6.231590 3.677945
v 1.250000 5.500000 3.750000
v 1.250000 4.768408 3.677945
v 1.250000 4.064937 3.464548
v 1.250000 3.416611 3.118011
v 1.250000 2.848347 2.651649
v 1.250000 2.381987 2.083386
v 1.250000 2.035452 1.435061
v 1.250000 1.822056 0.731586
v 1.250000 1.750000 -0.000003
v 1.250000 1.822056 -0.731592
v 1.250000 2.035452 -1.435066
v 1.250000 2.381993 -2.083391
v 1.250000 2.848354 -2.651653
v 1.250000 3.416615 -3.118013
v 1.250000 4.064943 -3.464550
v 1.250000 4.768415 -3.677945
v 1.500000 5.500000 -1.000000
v 1.500000 5.695091 -0.980785
v 1.500000 5.882685 -0.923880
v 1.500000 6.055571 -0.831470
v 1.500000 6.207108 -0.707108
v 1.500000 6.331470 -0.555571
v 1.500000 6.423880 -0.382684
v 1.500000 6.480785 -0.195091
v 1.500000 6.500000 -0.000001
v 1.500000 6.480785 0.195089
v 1.500000 6.423880 0.382683
v 1.500000 6.331470 0.555570
v 1.500000 6.207108 0.707107
v 1.500000 6.055571 0.831469
v 1.500000 5.882683 0.923879
v 1.500000 5.695091 0.980784
v 1.500000 5.500000 0.999999
v 1.500000 5.304909 0.980784
v 1.500000 5.117317 0.923879
v 1.500000 4.944429 0.831469
v 1.500000 4.792892 0.707106
v 1.500000 4.668530 0.555569
v 1.500000 4.576120 0.382682
v 1.500000 4.519215 0.195089
v 1.500000 4.500000 -0.000002
v 1.500000 4.519215 -0.195092
v 1.500000 4.576120 -0.382685
v 1.500000 4.668531 -0.555572
v 1.500000 4.792894 -0.707108
v 1.500000 4.944431 -0.831470
v 1.500000 5.117319 -0.923881
v 1.500000 5.304911 -0.980786
v -0.750000 5.500000 -3.749999
v -0.750000 6.231590 -3.677944
v -0.750000 6.935064 -3.464547
v -0.750000 7.583389 -3.118011
v -0.750000 8.151649 -2.651649
v -0.750000 8.618011 -2.083387
v -0.750000 8.964550 -1.435062
v -0.750000 9.177946 -0.731588
v -0.750000 9.250000 0.000000
v -0.750000 9.177946 0.731588
v -0.750000 8.964550 1.435062
v -0.750000 8.618011 2.083388
v -0.750000 8.151649 2.651650
v -0.750000 7.583385 3.118011
v -0.750000 6.935061 3.464549
v -0.750000 6.231590 3.677945
v -0.750000 5.500000 3.750000
v -0.750000 4.768408 3.677945
v -0.750000 4.064937 3.464548
v -0.750000 3.416611 3.118011
v -0.750000 2.848347 2.651649
v -0.750000 2.381987 2.083386
v -0.750000 2.035452 1.435061
v -0.750000 1.822056 0.731586
v -0.750000 1.750000 -0.000003
v -0.750000 1.822056 -0.731592
v -0.750000 2.035452 -1.435066
v -0.750000 2.381993 -2.083391
v -0.750000 2.848354 -2.651653
v -0.750000 3.416615 -3.118013
v -0.750000 4.064943 -3.464550
v -0.750000 4.768415 -3.677945
v -1.250000 5.500000 -3.749999
v -1.250000 6.231590 -3.677944
v -1.250000 6.935064 -3.464547
v -1.250000 7.583389 -3.118011
v -1.250000 8.151649 -2.651649
v -1.250000 8.618011 -2.083387
v -1.250000 8.964550 -1.435062
v -1.250000 9.177946 -0.731588
v -1.250000 9.250000 0.000000
v -1.250000 9.177946 0.731588
v -1.250000 8.964550 1.435062
v -1.250000 8.618011 2.083388
v -1.250000 8.151649 2.651650
v -1.250000 7.583385 3.118011
v -1.250000 6.935061 3.464549
v -1.250000 6.231590 3.677945
v -1.250000 5.500000 3.750000
v -1.250000 4.768408 3.677945
v -1.250000 4.064937 3.464548
v -1.250000 3.416611 3.118011
v -1.250000 2.848347 2.651649
v -1.250000 2.381987 2.083386
v -1.250000 2.035452 1.435061
v -1.250000 1.822056 0.731586
v -1.250000 1.750000 -0.000003
v -1.250000 1.822056 -0.731592
v -1.250000 2.035452 -1.435066
v -1.250000 2.381993 -2.083391
v -1.250000 2.848354 -2.651653
v -1.250000 3.416615 -3.118013
v -1.250000 4.064943 -3.464550
v -1.250000 4.768415 -3.677945
v -1.500000 5.500000 -1.000000
v -1.500000 5.695091 -0.980785
v -1.500000 5.882685 -0.923880
v -1.500000 6.055571 -0.831470
v -1.500000 6.207108 -0.707108
v -1.500000 6.331470 -0.555571
v -1.500000 6.423880 -0.382684
v -1.500000 6.480785 -0.195091
v -1.500000 6.500000 -0.000001
v -1.500000 6.480785 0.195089
v -1.500000 6.423880 0.382683
v -1.500000 6.331470 0.555570
v -1.500000 6.207108 0.707107
v -1.500000 6.055571 0.831469
v -1.500000 5.882683 0.923879
v -1.500000 5.695091 0.980784
v -1.500000 5.500000 0.999999
v -1.500000 5.304909 0.980784
v -1.500000 5.117317 0.923879
v -1.500000 4.944429 0.831469
v -1.500000 4.792892 0.707106
v -1.500000 4.668530 0.555569
v -1.500000 4.576120 0.382682
v -1.500000 4.519215 0.195089
v -1.500000 4.500000 -0.000002
v -1.500000 4.519215 -0.195092
v -1.500000 4.576120 -0.382685
v -1.500000 4.668531 -0.555572
v -1.500000 4.792894 -0.707108
v -1.500000 4.944431 -0.831470
v -1.500000 5.117319 -0.923881
v -1.500000 5.304911 -0.980786
v 0.250000 5.500000 -4.499998
v 0.250000 6.377907 -4.413532
v 0.250000 7.222075 -4.157456
v 0.250000 8.000065 -3.741611
v 0.250000 8.681980 -3.181979
v 0.250000 9.241613 -2.500065
v 0.250000 9.657457 -1.722075
v 0.250000 9.913532 -0.877905
v 0.250000 10.000000 0.000001
v 0.250000 9.913532 0.877907
v 0.250000 9.657457 1.722075
v 0.250000 9.241613 2.500067
v 0.250000 8.681980 3.181981
v 0.250000 8.000065 3.741614
v 0.250000 7.222075 4.157459
v 0.250000 6.377905 4.413535
v 0.250000 5.499998 4.500000
v 0.250000 4.622091 4.413535
v 0.250000 3.777922 4.157458
v 0.250000 2.999931 3.741612
v 0.250000 2.318017 3.181979
v 0.250000 1.758385 2.500064
v 0.250000 1.342541 1.722074
v 0.250000 1.086465 0.877904
v 0.250000 1.000000 -0.000003
v 0.250000 1.086467 -0.877910
v 0.250000 1.342544 -1.722078
v 0.250000 1.758389 -2.500070
v 0.250000 2.318023 -3.181983
v 0.250000 2.999939 -3.741615
v 0.250000 3.777930 -4.157459
v 0.250000 4.622100 -4.413533
v -0.250000 5.500000 -4.499998
v -0.250000 6.377907 -4.413532
v -0.250000 7.222075 -4.157456
v -0.250000 8.000065 -3.741611
v -0.250000 8.681980 -3.181979
v -0.250000 9.241613 -2.500065
v -0.250000 9.657457 -1.722075
v -0.250000 9.913532 -0.877905
v -0.250000 10.000000 0.000001
v -0.250000 9.913532 0.877907
v -0.250000 9.657457 1.722075
v -0.250000 9.241613 2.500067
v -0.250000 8.681980 3.181981
v -0.250000 8.000065 3.741614
v -0.250000 7.222075 4.157459
v -0.250000 6.377905 4.413535
v -0.250000 5.499998 4.500000
v -0.250000 4.622091 4.413535
v -0.250000 3.777922 4.157458
v -0.250000 2.999931 3.741612
v -0.250000 2.318017 3.181979
v -0.250000 1.758385 2.500064
v -0.250000 1.342541 1.722074
v -0.250000 1.086465 0.877904
v -0.250000 1.000000 -0.000003
v -0.250000 1.086467 -0.877910
v -0.250000 1.342544 -1.722078
v -0.250000 1.758389 -2.500070
v -0.250000 2.318023 -3.181983
v -0.250000 2.999939 -3.741615
v -0.250000 3.777930 -4.157459
v -0.250000 4.622100 -4.413533
v 0.249999 5.500000 -3.999999
v 0.249999 6.280361 -3.923140
v 0.249999 7.030735 -3.695517
v 0.249999 7.722279 -3.325878
v 0.249999 8.328426 -2.828426
v 0.249999 8.825878 -2.222281
v 0.249999 9.195518 -1.530733
v 0.249999 9.423141 -0.780361
v 0.249999 9.500000 0.000000
v 0.249999 9.423141 0.780361
v 0.249999 9.195518 1.530734
v 0.249999 8.825878 2.222281
v 0.249999 8.328426 2.828427
v 0.249999 7.722279 3.325879
v 0.249999 7.030731 3.695519
v 0.249999 6.280361 3.923141
v 0.249999 5.500000 4.000000
v 0.249999 4.719635 3.923141
v 0.249999 3.969265 3.695518
v 0.249999 3.277718 3.325878
v 0.249999 2.671570 2.828426
v 0.249999 2.174118 2.222279
v 0.249999 1.804482 1.530731
v 0.249999 1.576859 0.780358
v 0.249999 1.500000 -0.000003
v 0.249999 1.576859 -0.780365
v 0.249999 1.804485 -1.530737
v 0.249999 2.174122 -2.222284
v 0.249999 2.671577 -2.828430
v 0.249999 3.277721 -3.325880
v 0.249999 3.969273 -3.695519
v 0.249999 4.719643 -3.923141
v -0.250001 5.500000 -3.999999
v -0.250001 6.280361 -3.923140
v -0.250001 7.030735 -3.695517
v -0.250001 7.722279 -3.325878
v -0.250001 8.328426 -2.828426
v -0.250001 8.825878 -2.222281
v -0.250001 9.195518 -1.530733
v -0.250001 9.423141 -0.780361
v -0.250001 9.500000 0.000000
v -0.250001 9.423141 0.780361
v -0.250001 9.195518 1.530734
v -0.250001 8.825878 2.222281
v -0.250001 8.328426 2.828427
v -0.250001 7.722279 3.325879
v -0.250001 7.030731 3.695519
v -0.250001 6.280361 3.923141
v -0.250001 5.500000 4.000000
v -0.250001 4.719635 3.923141
v -0.250001 3.969265 3.695518
v -0.250001 3.277718 3.325878
v -0.250001 2.671570 2.828426
v -0.250001 2.174118 2.222279
v -0.250001 1.804482 1.530731
v -0.250001 1.576859 0.780358
v -0.250001 1.500000 -0.000003
v -0.250001 1.576859 -0.780365
v -0.250001 1.804485 -1.530737
v -0.250001 2.174122 -2.222284
v -0.250001 2.671577 -2.828430
v -0.250001 3.277721 -3.325880
v -0.250001 3.969273 -3.695519
v -0.250001 4.719643 -3.923141
v -0.500000 5.750001 3.625001
v -0.500000 5.250002 3.625001
v -0.500000 5.750001 4.375002
v -0.500000 5.250002 4.375002
v -1.000000 5.750001 3.625001
v -1.000000 5.250001 3.625001
v -1.000000 5.750001 4.125002
v -1.000000 5.250001 4.125002
v -1.000000 5.750001 -4.125000
v -1.000000 5.250001 -4.125000
v -1.000000 5.750001 -3.624999
v -1.000000 5.250001 -3.624999
v -0.500000 5.750000 -4.375000
v -0.500000 5.250001 -4.375000
v -0.500000 5.750000 -3.624999
v -0.500000 5.250001 -3.624999
v -0.500000 1.875001 0.250001
v -0.500000 1.875001 -0.249998
v -0.500000 1.125000 0.250001
v -0.500000 1.125000 -0.249998
v -1.000000 1.875001 0.250001
v -1.000000 1.875001 -0.249999
v -1.000000 1.375000 0.250001
v -1.000000 1.375000 -0.249999
v -1.000000 9.625002 0.250001
v -1.000000 9.625002 -0.249999
v -1.000000 9.125001 0.250001
v -1.000000 9.125001 -0.249999
v -0.500000 9.875002 0.250000
v -0.500000 9.875002 -0.249999
v -0.500000 9.125001 0.250000
v -0.500000 9.125001 -0.249999
v -0.250000 9.937502 0.062502
v -0.250000 9.937502 -0.062498
v -0.250000 9.812502 0.062502
v -0.250000 9.812502 -0.062498
v 0.250000 9.937502 0.062502
v 0.250000 9.937502 -0.062498
v 0.250000 9.812502 0.062502
v 0.250000 9.812502 -0.062498
v -0.250000 1.062499 -0.062500
v -0.250000 1.062499 0.062500
v -0.250000 1.187499 -0.062500
v -0.250000 1.187499 0.062500
v 0.250000 1.062499 -0.062500
v 0.250000 1.062499 0.062500
v 0.250000 1.187499 -0.062500
v 0.250000 1.187499 0.062500
v -0.250000 5.437500 4.437502
v -0.250000 5.562500 4.437502
v -0.250000 5.437500 4.312502
v -0.250000 5.562500 4.312502
v 0.250000 5.437500 4.437502
v 0.250000 5.562500 4.437502
v 0.250000 5.437500 4.312502
v 0.250000 5.562500 4.312502
v -0.250000 5.562502 -4.437500
v -0.250000 5.437502 -4.437500
v -0.250000 5.562502 -4.312500
v -0.250000 5.437502 -4.312500
v 0.250000 5.562502 -4.437500
v 0.250000 5.437502 -4.437500
v 0.250000 5.562502 -4.312500
v 0.250000 5.437502 -4.312500
v -0.250000 8.593593 3.181983
v -0.250000 8.681981 3.093595
v -0.250000 8.505204 3.093595
v -0.250000 8.593593 3.005206
v 0.250000 8.593593 3.181983
v 0.250000 8.681981 3.093595
v 0.250000 8.505204 3.093595
v 0.250000 8.593593 3.005206
v -0.250000 2.406408 -3.181982
v -0.250000 2.318020 -3.093593
v -0.250000 2.494797 -3.093593
v -0.250000 2.406408 -3.005205
v 0.250000 2.406408 -3.181982
v 0.250000 2.318020 -3.093593
v 0.250000 2.494797 -3.093593
v 0.250000 2.406408 -3.005205
v -0.250000 2.318018 3.093593
v -0.250000 2.406407 3.181982
v -0.250000 2.406407 3.005205
v -0.250000 2.494795 3.093593
v 0.250000 2.318018 3.093593
v 0.250000 2.406407 3.181982
v 0.250000 2.406407 3.005205
v 0.250000 2.494795 3.093593
v -0.250000 8.681983 -3.093591
v -0.250000 8.593595 -3.181980
v -0.250000 8.593595 -3.005203
v -0.250000 8.505206 -3.093591
v 0.250000 8.681983 -3.093591
v 0.250000 8.593595 -3.181980
v 0.250000 8.593595 -3.005203
v 0.250000 8.505206 -3.093591
v -0.250000 7.140415 4.123636
v -0.250000 7.255900 4.075800
v -0.250000 7.092579 4.008151
v -0.250000 7.208065 3.960315
v 0.250000 7.140415 4.123636
v 0.250000 7.255900 4.075800
v 0.250000 7.092579 4.008151
v 0.250000 7.208065 3.960315
v -0.250000 3.859586 -4.123634
v -0.250000 3.744101 -4.075799
v -0.250000 3.907422 -4.008149
v -0.250000 3.791937 -3.960313
v 0.250000 3.859586 -4.123634
v 0.250000 3.744101 -4.075799
v 0.250000 3.907422 -4.008149
v 0.250000 3.791937 -3.960313
v -0.250000 1.376366 1.640416
v -0.250000 1.424201 1.755901
v -0.250000 1.491850 1.592580
v -0.250000 1.539686 1.708065
v 0.250000 1.376366 1.640416
v 0.250000 1.424201 1.755901
v 0.250000 1.491850 1.592580
v 0.250000 1.539686 1.708065
v -0.250000 9.623635 -1.640413
v -0.250000 9.575800 -1.755898
v -0.250000 9.508150 -1.592578
v -0.250000 9.460315 -1.708063
v 0.250000 9.623635 -1.640413
v 0.250000 9.575800 -1.755898
v 0.250000 9.508150 -1.592578
v 0.250000 9.460315 -1.708063
v -0.250000 3.744098 4.075799
v -0.250000 3.859583 4.123635
v -0.250000 3.791934 3.960314
v -0.250000 3.907419 4.008150
v 0.250000 3.744098 4.075799
v 0.250000 3.859583 4.123635
v 0.250000 3.791934 3.960314
v 0.250000 3.907419 4.008150
v -0.250000 7.255903 -4.075797
v -0.250000 7.140418 -4.123633
v -0.250000 7.208067 -3.960312
v -0.250000 7.092582 -4.008147
v 0.250000 7.255903 -4.075797
v 0.250000 7.140418 -4.123633
v 0.250000 7.208067 -3.960312
v 0.250000 7.092582 -4.008147
v -0.250000 1.424202 -1.755901
v -0.250000 1.376367 -1.640416
v -0.250000 1.539687 -1.708066
v -0.250000 1.491852 -1.592580
v 0.250000 1.424202 -1.755901
v 0.250000 1.376367 -1.640416
v 0.250000 1.539687 -1.708066
v 0.250000 1.491852 -1.592580
v -0.250000 9.575798 1.755903
v -0.250000 9.623634 1.640418
v -0.250000 9.460314 1.708067
v -0.250000 9.508148 1.592582
v 0.250000 9.575798 1.755903
v 0.250000 9.623634 1.640418
v 0.250000 9.460314 1.708067
v 0.250000 9.508148 1.592582
v -0.500000 3.113516 2.740040
v -0.500000 2.759963 2.386487
v -0.500000 2.583185 3.270370
v -0.500000 2.229632 2.916818
v -1.000000 3.113516 2.740040
v -1.000000 2.759962 2.386486
v -1.000000 2.759962 3.093594
v -1.000000 2.406408 2.740040
v -1.000000 8.593594 -2.740038
v -1.000000 8.240041 -3.093591
v -1.000000 8.240040 -2.386484
v -1.000000 7.886487 -2.740037
v -0.500000 8.770370 -2.916816
v -0.500000 8.416818 -3.270368
v -0.500000 8.240040 -2.386485
v -0.500000 7.886487 -2.740037
v -0.500000 2.759963 -2.386485
v -0.500000 3.113515 -2.740037
v -0.500000 2.229632 -2.916816
v -0.500000 2.583184 -3.270368
v -1.000000 2.759963 -2.386485
v -1.000000 3.113516 -2.740038
v -1.000000 2.406409 -2.740039
v -1.000000 2.759962 -3.093592
v -1.000000 8.240040 3.093594
v -1.000000 8.593594 2.740040
v -1.000000 7.886486 2.740040
v -1.000000 8.240040 2.386486
v -0.500000 8.416818 3.270370
v -0.500000 8.770370 2.916817
v -0.500000 7.886487 2.740039
v -0.500000 8.240040 2.386486
v 0.500000 5.750001 -3.625001
v 0.500000 5.250002 -3.625001
v 0.500000 5.750001 -4.375002
v 0.500000 5.250002 -4.375002
v 1.000000 5.750001 -3.625001
v 1.000000 5.250001 -3.625001
v 1.000000 5.750001 -4.125002
v 1.000000 5.250001 -4.125002
v 1.000000 5.750001 4.125000
v 1.000000 5.250001 4.125000
v 1.000000 5.750001 3.624999
v 1.000000 5.250001 3.624999
v 0.500000 5.750000 4.375000
v 0.500000 5.250001 4.375000
v 0.500000 5.750000 3.624999
v 0.500000 5.250001 3.624999
v 0.500000 1.875001 -0.250001
v 0.500000 1.875001 0.249998
v 0.500000 1.125000 -0.250001
v 0.500000 1.125000 0.249998
v 1.000000 1.875001 -0.250001
v 1.000000 1.875001 0.249999
v 1.000000 1.375000 -0.250001
v 1.000000 1.375000 0.249999
v 1.000000 9.625002 -0.250001
v 1.000000 9.625002 0.249999
v 1.000000 9.125001 -0.250001
v 1.000000 9.125001 0.249999
v 0.500000 9.875002 -0.250000
v 0.500000 9.875002 0.249999
v 0.500000 9.125001 -0.250000
v 0.500000 9.125001 0.249999
v 0.500000 3.113516 -2.740040
v 0.500000 2.759963 -2.386487
v 0.500000 2.583185 -3.270370
v 0.500000 2.229632 -2.916818
v 1.000000 3.113516 -2.740040
v 1.000000 2.759962 -2.386486
v 1.000000 2.759962 -3.093594
v 1.000000 2.406408 -2.740040
v 1.000000 8.593594 2.740038
v 1.000000 8.240041 3.093591
v 1.000000 8.240040 2.386484
v 1.000000 7.886487 2.740037
v 0.500000 8.770370 2.916816
v 0.500000 8.416818 3.270368
v 0.500000 8.240040 2.386485
v 0.500000 7.886487 2.740037
v 0.500000 2.759963 2.386485
v 0.500000 3.113515 2.740037
v 0.500000 2.229632 2.916816
v 0.500000 2.583184 3.270368
v 1.000000 2.759963 2.386485
v 1.000000 3.113516 2.740038
v 1.000000 2.406409 2.740039
v 1.000000 2.759962 3.093592
v 1.000000 8.240040 -3.093594
v 1.000000 8.593594 -2.740040
v 1.000000 7.886486 -2.740040
v 1.000000 8.240040 -2.386486
v 0.499999 8.416818 -3.270370
v 0.500000 8.770370 -2.916817
v 0.500000 7.886487 -2.740039
v 0.500000 8.240040 -2.386486
vt 0.446429 0.611940
vt 0.428571 0.641791
vt 0.428571 0.611940
vt 0.410714 0.641791
vt 0.392857 0.611940
vt 0.410714 0.611940
vt 0.428571 0.671642
vt 0.410714 0.671642
vt 0.410714 0.641791
vt 0.428571 0.611940
vt 0.428571 0.641791
vt 0.428571 0.671642
vt 0.410714 0.671642
vt 0.392857 0.611940
vt 0.410714 0.611940
vt 0.446429 0.611940
vt 0.446429 0.611940
vt 0.428571 0.641791
vt 0.428571 0.611940
vt 0.410714 0.641791
vt 0.392857 0.611940
vt 0.410714 0.611940
vt 0.428571 0.671642
vt 0.410714 0.671642
vt 0.410714 0.641791
vt 0.428571 0.611940
vt 0.428571 0.641791
vt 0.428571 0.671642
vt 0.410714 0.671642
vt 0.392857 0.611940
vt 0.410714 0.611940
vt 0.446429 0.611940
vt 0.375000 0.582090
vt 0.370536 0.611940
vt 0.370536 0.582090
vt 0.361607 0.611940
vt 0.366071 0.582090
vt 0.366071 0.611940
vt 0.357143 0.582090
vt 0.357143 0.611940
vt 0.375000 0.582090
vt 0.370536 0.611940
vt 0.370536 0.582090
vt 0.361607 0.611940
vt 0.366071 0.582090
vt 0.366071 0.611940
vt 0.357143 0.582090
vt 0.357143 0.611940
vt 0.375000 0.582090
vt 0.370536 0.611940
vt 0.370536 0.582090
vt 0.361607 0.611940
vt 0.366071 0.582090
vt 0.366071 0.611940
vt 0.357143 0.582090
vt 0.357143 0.611940
vt 0.375000 0.582090
vt 0.370536 0.611940
vt 0.370536 0.582090
vt 0.361607 0.611940
vt 0.366071 0.582090
vt 0.366071 0.611940
vt 0.357143 0.582090
vt 0.357143 0.611940
vt 0.375000 0.582090
vt 0.370536 0.611940
vt 0.370536 0.582090
vt 0.361607 0.611940
vt 0.366071 0.582090
vt 0.366071 0.611940
vt 0.357143 0.582090
vt 0.357143 0.611940
vt 0.375000 0.582090
vt 0.370536 0.611940
vt 0.370536 0.582090
vt 0.361607 0.611940
vt 0.366071 0.582090
vt 0.366071 0.611940
vt 0.357143 0.582090
vt 0.357143 0.611940
vt 0.375000 0.582090
vt 0.370536 0.611940
vt 0.370536 0.582090
vt 0.361607 0.611940
vt 0.366071 0.582090
vt 0.366071 0.611940
vt 0.357143 0.582090
vt 0.357143 0.611940
vt 0.375000 0.582090
vt 0.370536 0.611940
vt 0.370536 0.582090
vt 0.361607 0.611940
vt 0.366071 0.582090
vt 0.366071 0.611940
vt 0.357143 0.582090
vt 0.357143 0.611940
vt 0.375000 0.582090
vt 0.370536 0.611940
vt 0.370536 0.582090
vt 0.361607 0.611940
vt 0.366071 0.582090
vt 0.366071 0.611940
vt 0.357143 0.582090
vt 0.357143 0.611940
vt 0.375000 0.582090
vt 0.370536 0.611940
vt 0.370536 0.582090
vt 0.361607 0.611940
vt 0.366071 0.582090
vt 0.366071 0.611940
vt 0.357143 0.582090
vt 0.357143 0.611940
vt 0.375000 0.582090
vt 0.370536 0.611940
vt 0.370536 0.582090
vt 0.361607 0.611940
vt 0.366071 0.582090
vt 0.366071 0.611940
vt 0.357143 0.582090
vt 0.357143 0.611940
vt 0.375000 0.582090
vt 0.370536 0.611940
vt 0.370536 0.582090
vt 0.361607 0.611940
vt 0.366071 0.582090
vt 0.366071 0.611940
vt 0.357143 0.582090
vt 0.357143 0.611940
vt 0.375000 0.582090
vt 0.370536 0.611940
vt 0.370536 0.582090
vt 0.361607 0.611940
vt 0.366071 0.582090
vt 0.366071 0.611940
vt 0.357143 0.582090
vt 0.357143 0.611940
vt 0.375000 0.582090
vt 0.370536 0.611940
vt 0.370536 0.582090
vt 0.361607 0.611940
vt 0.366071 0.582090
vt 0.366071 0.611940
vt 0.357143 0.582090
vt 0.357143 0.611940
vt 0.375000 0.582090
vt 0.370536 0.611940
vt 0.370536 0.582090
vt 0.361607 0.611940
vt 0.366071 0.582090
vt 0.366071 0.611940
vt 0.357143 0.582090
vt 0.357143 0.611940
vt 0.375000 0.582090
vt 0.370536 0.611940
vt 0.370536 0.582090
vt 0.361607 0.611940
vt 0.366071 0.582090
vt 0.366071 0.611940
vt 0.357143 0.582090
vt 0.357143 0.611940
vt 0.446429 0.611940
vt 0.428571 0.641791
vt 0.428571 0.611940
vt 0.410714 0.641791
vt 0.392857 0.611940
vt 0.410714 0.611940
vt 0.428571 0.671642
vt 0.410714 0.671642
vt 0.428571 0.641791
vt 0.410714 0.611940
vt 0.428571 0.611940
vt 0.410714 0.671642
vt 0.410714 0.641791
vt 0.392857 0.611940
vt 0.446429 0.611940
vt 0.446429 0.611940
vt 0.428571 0.641791
vt 0.428571 0.611940
vt 0.410714 0.641791
vt 0.392857 0.611940
vt 0.410714 0.611940
vt 0.428571 0.671642
vt 0.410714 0.671642
vt 0.428571 0.641791
vt 0.410714 0.611940
vt 0.428571 0.611940
vt 0.410714 0.641791
vt 0.428571 0.671642
vt 0.410714 0.671642
vt 0.392857 0.611940
vt 0.446429 0.611940
vt 0.446429 0.611940
vt 0.428571 0.641791
vt 0.428571 0.611940
vt 0.410714 0.641791
vt 0.392857 0.611940
vt 0.410714 0.611940
vt 0.428571 0.671642
vt 0.410714 0.671642
vt 0.410714 0.641791
vt 0.428571 0.611940
vt 0.428571 0.641791
vt 0.428571 0.671642
vt 0.410714 0.671642
vt 0.392857 0.611940
vt 0.410714 0.611940
vt 0.446429 0.611940
vt 0.446429 0.611940
vt 0.428571 0.641791
vt 0.428571 0.611940
vt 0.410714 0.641791
vt 0.392857 0.611940
vt 0.410714 0.611940
vt 0.428571 0.671642
vt 0.410714 0.671642
vt 0.410714 0.641791
vt 0.428571 0.611940
vt 0.428571 0.641791
vt 0.428571 0.671642
vt 0.410714 0.671642
vt 0.392857 0.611940
vt 0.410714 0.611940
vt 0.446429 0.611940
vt 0.446429 0.611940
vt 0.428571 0.641791
vt 0.428571 0.611940
vt 0.410714 0.641791
vt 0.392857 0.611940
vt 0.410714 0.611940
vt 0.428571 0.671642
vt 0.410714 0.671642
vt 0.428571 0.641791
vt 0.410714 0.611940
vt 0.428571 0.611940
vt 0.410714 0.641791
vt 0.428571 0.671642
vt 0.410714 0.671642
vt 0.392857 0.611940
vt 0.446429 0.611940
vt 0.446429 0.611940
vt 0.428571 0.641791
vt 0.428571 0.611940
vt 0.410714 0.641791
vt 0.392857 0.611940
vt 0.410714 0.611940
vt 0.428571 0.671642
vt 0.410714 0.671642
vt 0.428571 0.641791
vt 0.410714 0.611940
vt 0.428571 0.611940
vt 0.410714 0.641791
vt 0.428571 0.671642
vt 0.410714 0.671642
vt 0.392857 0.611940
vt 0.446429 0.611940
vt 0.446429 0.656716
vt 0.392857 0.656716
vt 0.392857 0.656716
vt 0.446429 0.656716
vt 0.446429 0.656716
vt 0.392857 0.656716
vt 0.392857 0.656716
vt 0.446429 0.656716
vt 0.375000 0.611940
vt 0.361607 0.582090
vt 0.375000 0.611940
vt 0.361607 0.582090
vt 0.375000 0.611940
vt 0.361607 0.582090
vt 0.375000 0.611940
vt 0.361607 0.582090
vt 0.375000 0.611940
vt 0.361607 0.582090
vt 0.375000 0.611940
vt 0.361607 0.582090
vt 0.375000 0.611940
vt 0.361607 0.582090
vt 0.375000 0.611940
vt 0.361607 0.582090
vt 0.375000 0.611940
vt 0.361607 0.582090
vt 0.375000 0.611940
vt 0.361607 0.582090
vt 0.375000 0.611940
vt 0.361607 0.582090
vt 0.375000 0.611940
vt 0.361607 0.582090
vt 0.375000 0.611940
vt 0.361607 0.582090
vt 0.375000 0.611940
vt 0.361607 0.582090
vt 0.375000 0.611940
vt 0.361607 0.582090
vt 0.375000 0.611940
vt 0.361607 0.582090
vt 0.446429 0.656716
vt 0.392857 0.656716
vt 0.428571 0.671642
vt 0.392857 0.656716
vt 0.446429 0.656716
vt 0.446429 0.656716
vt 0.392857 0.656716
vt 0.392857 0.656716
vt 0.446429 0.656716
vt 0.446429 0.656716
vt 0.392857 0.656716
vt 0.392857 0.656716
vt 0.446429 0.656716
vt 0.446429 0.656716
vt 0.392857 0.656716
vt 0.392857 0.656716
vt 0.446429 0.656716
vt 0.446429 0.656716
vt 0.392857 0.656716
vt 0.392857 0.656716
vt 0.446429 0.656716
vt 0.446429 0.656716
vt 0.392857 0.656716
vt 0.392857 0.656716
vt 0.446429 0.656716
vt 0.687500 0.238806
vt 0.656250 0.253731
vt 0.656250 0.238806
vt 0.281250 0.238806
vt 0.250000 0.253731
vt 0.250000 0.238806
vt 0.125000 0.238806
vt 0.093750 0.253731
vt 0.093750 0.238806
vt 0.718750 0.238806
vt 0.687500 0.253731
vt 0.312500 0.238806
vt 0.281250 0.253731
vt 0.156250 0.238806
vt 0.125000 0.253731
vt 0.750000 0.253731
vt 0.718750 0.253731
vt 0.343750 0.253731
vt 0.312500 0.253731
vt 0.187500 0.253731
vt 0.156250 0.253731
vt 0.750000 0.238806
vt 0.781250 0.253731
vt 0.375000 0.238806
vt 0.343750 0.238806
vt 0.218750 0.238806
vt 0.187500 0.238806
vt 0.812500 0.238806
vt 0.781250 0.238806
vt 0.406250 0.238806
vt 0.375000 0.253731
vt 0.218750 0.253731
vt 0.843750 0.238806
vt 0.812500 0.253731
vt 0.437500 0.238806
vt 0.406250 0.253731
vt 0.875000 0.238806
vt 0.843750 0.253731
vt 0.468750 0.238806
vt 0.437500 0.253731
vt 0.906250 0.238806
vt 0.875000 0.253731
vt 0.500000 0.238806
vt 0.468750 0.253731
vt 0.937500 0.238806
vt 0.906250 0.253731
vt 0.531250 0.238806
vt 0.500000 0.253731
vt 0.968750 0.238806
vt 0.937500 0.253731
vt 0.562500 0.238806
vt 0.531250 0.253731
vt 1.000000 0.238806
vt 0.968750 0.253731
vt 0.593750 0.238806
vt 0.562500 0.253731
vt 0.031250 0.238806
vt 0.000000 0.253731
vt 0.000000 0.238806
vt 0.625000 0.238806
vt 0.593750 0.253731
vt 0.062500 0.238806
vt 0.031250 0.253731
vt 0.625000 0.253731
vt 0.062500 0.253731
vt 0.218750 0.194030
vt 0.183036 0.194030
vt 0.156250 0.194030
vt 0.093750 0.194030
vt 0.120536 0.194030
vt 0.058036 0.194030
vt 0.004464 0.194030
vt 0.031250 0.194030
vt 0.968750 0.194030
vt 0.995536 0.194030
vt 0.941964 0.194030
vt 0.906250 0.194030
vt 0.933036 0.194030
vt 0.870536 0.194030
vt 0.843750 0.194030
vt 0.781250 0.194030
vt 0.808036 0.194030
vt 0.754464 0.194030
vt 0.745536 0.194030
vt 0.718750 0.194030
vt 0.656250 0.194030
vt 0.683036 0.194030
vt 0.629464 0.194030
vt 0.620536 0.194030
vt 0.593750 0.194030
vt 0.531250 0.194030
vt 0.558036 0.194030
vt 0.504464 0.194030
vt 0.495536 0.194030
vt 0.468750 0.194030
vt 0.433036 0.194030
vt 0.406250 0.194030
vt 0.370536 0.194030
vt 0.343750 0.194030
vt 0.308036 0.194030
vt 0.254464 0.194030
vt 0.281250 0.194030
vt 0.245536 0.194030
vt 0.745536 0.164179
vt 0.129464 0.194030
vt 0.156250 0.164179
vt 0.308036 0.164179
vt 0.691964 0.194030
vt 0.718750 0.164179
vt 0.120536 0.164179
vt 0.281250 0.164179
vt 0.683036 0.164179
vt 0.066964 0.194030
vt 0.093750 0.164179
vt 0.629464 0.164179
vt 0.656250 0.164179
vt 0.058036 0.164179
vt 0.620536 0.164179
vt 0.031250 0.164179
vt 0.566964 0.194030
vt 0.593750 0.164179
vt 0.995536 0.164179
vt 0.558036 0.164179
vt 0.968750 0.164179
vt 0.531250 0.164179
vt 0.933036 0.164179
vt 0.495536 0.164179
vt 0.879464 0.194030
vt 0.906250 0.164179
vt 0.441964 0.194030
vt 0.468750 0.164179
vt 0.843750 0.164179
vt 0.870536 0.164179
vt 0.433036 0.164179
vt 0.816964 0.194030
vt 0.245536 0.164179
vt 0.379464 0.194030
vt 0.406250 0.164179
vt 0.808036 0.164179
vt 0.191964 0.194030
vt 0.218750 0.164179
vt 0.370536 0.164179
vt 0.781250 0.164179
vt 0.183036 0.164179
vt 0.316964 0.194030
vt 0.343750 0.164179
vt 0.191964 0.164179
vt 0.218750 0.000000
vt 0.156250 0.000000
vt 0.162946 -0.000000
vt 0.129464 0.164179
vt 0.100446 -0.000000
vt 0.087054 -0.000000
vt 0.093750 0.000000
vt 0.031250 -0.000000
vt 0.037946 -0.000000
vt 0.004464 0.164179
vt 0.968750 0.000000
vt 0.975446 0.000000
vt 0.941964 0.164179
vt 0.906250 -0.000000
vt 0.912946 -0.000000
vt 0.899554 -0.000000
vt 0.850446 0.000000
vt 0.837054 0.000000
vt 0.843750 0.000000
vt 0.781250 0.000000
vt 0.787946 -0.000000
vt 0.774554 -0.000000
vt 0.718750 0.000000
vt 0.725446 -0.000000
vt 0.691964 0.164179
vt 0.656250 -0.000000
vt 0.662946 -0.000000
vt 0.649554 -0.000000
vt 0.600446 0.000000
vt 0.566964 0.164179
vt 0.593750 -0.000000
vt 0.531250 0.000000
vt 0.537946 -0.000000
vt 0.504464 0.164179
vt 0.468750 0.000000
vt 0.475446 -0.000000
vt 0.462054 -0.000000
vt 0.412946 0.000000
vt 0.399554 -0.000000
vt 0.406250 -0.000000
vt 0.343750 0.000000
vt 0.350446 -0.000000
vt 0.316964 0.164179
vt 0.281250 0.000000
vt 0.287946 -0.000000
vt 0.254464 0.164179
vt 0.225446 -0.000000
vt 0.062500 0.238806
vt 0.093750 0.194030
vt 0.093750 0.238806
vt 0.031250 0.238806
vt 0.058036 0.194030
vt -0.000000 0.238806
vt 0.031250 0.194030
vt 0.968750 0.238806
vt 0.995536 0.194030
vt 1.000000 0.238806
vt 0.941964 0.194030
vt 0.937500 0.238806
vt 0.906250 0.238806
vt 0.933036 0.194030
vt 0.875000 0.238806
vt 0.906250 0.194030
vt 0.843750 0.194030
vt 0.843750 0.238806
vt 0.816964 0.194030
vt 0.812500 0.238806
vt 0.781250 0.194030
vt 0.781250 0.238806
vt 0.754464 0.194030
vt 0.750000 0.238806
vt 0.718750 0.238806
vt 0.745536 0.194030
vt 0.691964 0.194030
vt 0.687500 0.238806
vt 0.656250 0.194030
vt 0.656250 0.238806
vt 0.629464 0.194030
vt 0.625000 0.238806
vt 0.593750 0.194030
vt 0.593750 0.238806
vt 0.566964 0.194030
vt 0.562500 0.238806
vt 0.531250 0.194030
vt 0.531250 0.238806
vt 0.504464 0.194030
vt 0.500000 0.238806
vt 0.468750 0.238806
vt 0.495536 0.194030
vt 0.441964 0.194030
vt 0.437500 0.238806
vt 0.406250 0.194030
vt 0.406250 0.238806
vt 0.379464 0.194030
vt 0.375000 0.238806
vt 0.343750 0.238806
vt 0.370536 0.194030
vt 0.312500 0.238806
vt 0.343750 0.194030
vt 0.281250 0.194030
vt 0.281250 0.238806
vt 0.250000 0.238806
vt 0.218750 0.238806
vt 0.245536 0.194030
vt 0.187500 0.238806
vt 0.218750 0.194030
vt 0.156250 0.194030
vt 0.156250 0.238806
vt 0.131315 0.193995
vt 0.125000 0.238806
vt 0.066964 0.164179
vt 0.066964 0.194030
vt 0.093750 0.164179
vt 0.120536 0.194030
vt 0.129464 0.164179
vt 0.156250 0.164179
vt 0.183036 0.194030
vt 0.191964 0.164179
vt 0.191964 0.194030
vt 0.218750 0.164179
vt 0.254464 0.164179
vt 0.254464 0.194030
vt 0.281250 0.164179
vt 0.308036 0.194030
vt 0.316964 0.164179
vt 0.316964 0.194030
vt 0.343750 0.164179
vt 0.379464 0.164179
vt 0.406250 0.164179
vt 0.433036 0.194030
vt 0.441964 0.164179
vt 0.468750 0.194030
vt 0.468750 0.164179
vt 0.504464 0.164179
vt 0.531250 0.164179
vt 0.558036 0.194030
vt 0.566964 0.164179
vt 0.593750 0.164179
vt 0.620536 0.194030
vt 0.656250 0.164179
vt 0.683036 0.194030
vt 0.691964 0.164179
vt 0.718750 0.194030
vt 0.718750 0.164179
vt 0.754464 0.164179
vt 0.781250 0.164179
vt 0.808036 0.194030
vt 0.816964 0.164179
vt 0.870536 0.164179
vt 0.870536 0.194030
vt 0.879464 0.164179
vt 0.879464 0.194030
vt 0.906250 0.164179
vt 0.941964 0.164179
vt 0.968750 0.194030
vt 0.968750 0.164179
vt 0.004464 0.164179
vt 0.004464 0.194030
vt 0.031250 0.164179
vt 0.462054 -0.000000
vt 0.406250 0.000000
vt 0.433036 0.164179
vt 0.350446 -0.000000
vt 0.370536 0.164179
vt 0.337054 0.000000
vt 0.281250 0.000000
vt 0.308036 0.164179
vt 0.274554 -0.000000
vt 0.218750 -0.000000
vt 0.245536 0.164179
vt 0.162946 -0.000000
vt 0.183036 0.164179
vt 0.149554 0.000000
vt 0.093750 0.000000
vt 0.120536 0.164179
vt 0.031250 -0.000000
vt 0.058036 0.164179
vt 0.968750 -0.000000
vt 0.995536 0.164179
vt 0.962054 -0.000000
vt 0.912946 -0.000000
vt 0.933036 0.164179
vt 0.899554 -0.000000
vt 0.843750 0.000000
vt 0.843750 0.164179
vt 0.781250 0.000000
vt 0.808036 0.164179
vt 0.774554 -0.000000
vt 0.718750 0.000000
vt 0.745536 0.164179
vt 0.656250 0.000000
vt 0.683036 0.164179
vt 0.649554 -0.000000
vt 0.629464 0.164179
vt 0.593750 -0.000000
vt 0.620536 0.164179
vt 0.587054 -0.000000
vt 0.537946 0.000000
vt 0.558036 0.164179
vt 0.531250 0.000000
vt 0.468750 -0.000000
vt 0.495536 0.164179
vt 0.156250 0.253731
vt 0.750000 0.253731
vt 0.593750 0.253731
vt 0.218750 0.253731
vt 0.187500 0.253731
vt 0.781250 0.253731
vt 0.625000 0.253731
vt 0.843750 0.253731
vt 0.812500 0.253731
vt 0.687500 0.253731
vt 0.656250 0.253731
vt 0.281250 0.253731
vt 0.250000 0.253731
vt 0.875000 0.253731
vt 0.718750 0.253731
vt 0.312500 0.253731
vt 0.906250 0.253731
vt 0.375000 0.253731
vt 0.343750 0.253731
vt 0.937500 0.253731
vt 0.968750 0.253731
vt 0.406250 0.253731
vt -0.000000 0.253731
vt 0.437500 0.253731
vt 0.031250 0.253731
vt 0.468750 0.253731
vt 0.062500 0.253731
vt 0.500000 0.253731
vt 0.093750 0.253731
vt 0.531250 0.253731
vt 0.125000 0.253731
vt 0.562500 0.253731
vt 0.093750 0.283582
vt 0.066964 0.283582
vt 0.031250 0.283582
vt 0.004464 0.283582
vt 1.000000 0.253731
vt 0.968750 0.283582
vt 0.941964 0.283582
vt 0.933036 0.283582
vt 0.906250 0.283582
vt 0.870536 0.283582
vt 0.843750 0.283582
vt 0.781250 0.283582
vt 0.754464 0.283582
vt 0.718750 0.283582
vt 0.656250 0.283582
vt 0.629464 0.283582
vt 0.620536 0.283582
vt 0.593750 0.283582
vt 0.558036 0.283582
vt 0.531250 0.283582
vt 0.495536 0.283582
vt 0.468750 0.283582
vt 0.406250 0.283582
vt 0.343750 0.283582
vt 0.281250 0.283582
vt 0.254464 0.283582
vt 0.218750 0.283582
vt 0.183036 0.283582
vt 0.129464 0.283582
vt 0.919643 0.373134
vt 0.946429 0.343284
vt 0.946429 0.373134
vt 0.973214 0.373134
vt 1.000000 0.343284
vt 1.000000 0.373134
vt 0.973214 0.343284
vt 0.973214 0.373134
vt 0.892857 0.373134
vt 0.919643 0.343284
vt 0.919643 0.373134
vt 1.000000 0.343284
vt 1.000000 0.373134
vt 0.946429 0.343284
vt 0.946429 0.373134
vt 0.892857 0.373134
vt 0.919643 0.343284
vt 0.919643 0.373134
vt 0.973214 0.343284
vt 0.973214 0.373134
vt 0.946429 0.343284
vt 0.946429 0.373134
vt 1.000000 0.343284
vt 1.000000 0.373134
vt 0.973214 0.343284
vt 0.973214 0.373134
vt 0.892857 0.373134
vt 0.919643 0.343284
vt 0.919643 0.373134
vt 1.000000 0.343284
vt 1.000000 0.373134
vt 0.946429 0.343284
vt 0.946429 0.373134
vt 0.892857 0.373134
vt 0.919643 0.343284
vt 0.919643 0.373134
vt 0.973214 0.343284
vt 0.973214 0.373134
vt 0.946429 0.343284
vt 0.946429 0.373134
vt 0.892857 0.373134
vt 0.919643 0.343284
vt 0.919643 0.373134
vt 1.000000 0.343284
vt 1.000000 0.373134
vt 0.973214 0.373134
vt 0.973214 0.343284
vt 0.946429 0.343284
vt 0.946429 0.373134
vt 0.892857 0.373134
vt 0.919643 0.343284
vt 0.919643 0.373134
vt 1.000000 0.343284
vt 1.000000 0.373134
vt 0.973214 0.343284
vt 0.973214 0.373134
vt 0.946429 0.343284
vt 0.946429 0.373134
vt 0.892857 0.373134
vt 0.919643 0.343284
vt 0.919643 0.373134
vt 1.000000 0.343284
vt 1.000000 0.373134
vt 0.973214 0.343284
vt 0.973214 0.373134
vt 0.946429 0.343284
vt 0.946429 0.373134
vt 0.892857 0.373134
vt 0.919643 0.343284
vt 1.000000 0.343284
vt 1.000000 0.373134
vt 0.973214 0.343284
vt 0.906250 0.283582
vt 0.879464 0.283582
vt 0.933036 0.283582
vt 0.968750 0.283582
vt 0.941964 0.283582
vt 0.995536 0.283582
vt 0.031250 0.283582
vt 0.004464 0.283582
vt 0.058036 0.283582
vt 0.093750 0.283582
vt 0.066964 0.283582
vt 0.129464 0.283582
vt 0.156250 0.283582
vt 0.191964 0.283582
vt 0.245536 0.283582
vt 0.218750 0.283582
vt 0.281250 0.283582
vt 0.254464 0.283582
vt 0.343750 0.283582
vt 0.316964 0.283582
vt 0.370536 0.283582
vt 0.379464 0.283582
vt 0.406250 0.283582
vt 0.441964 0.283582
vt 0.468750 0.283582
vt 0.504464 0.283582
vt 0.531250 0.283582
vt 0.593750 0.283582
vt 0.566964 0.283582
vt 0.656250 0.283582
vt 0.629464 0.283582
vt 0.718750 0.283582
vt 0.691964 0.283582
vt 0.745536 0.283582
vt 0.781250 0.283582
vt 0.754464 0.283582
vt 0.816964 0.283582
vt 0.870536 0.283582
vt 0.843750 0.283582
vt 0.066964 0.164179
vt 0.879464 0.164179
vt 0.441964 0.164179
vt 0.816964 0.164179
vt 0.379464 0.164179
vt 0.754464 0.164179
vt 0.212054 0.000000
vt 0.149554 -0.000000
vt 0.024554 -0.000000
vt 0.962054 -0.000000
vt 0.712054 -0.000000
vt 0.587054 -0.000000
vt 0.524554 -0.000000
vt 0.337054 -0.000000
vt 0.274554 -0.000000
vt 0.412946 -0.000000
vt 0.399554 -0.000000
vt 0.343750 0.000000
vt 0.287946 -0.000000
vt 0.225446 -0.000000
vt 0.212054 0.000000
vt 0.156250 0.000000
vt 0.100446 0.000000
vt 0.087054 -0.000000
vt 0.037946 0.000000
vt 0.024554 -0.000000
vt 0.975446 -0.000000
vt 0.906250 0.000000
vt 0.850446 -0.000000
vt 0.837054 -0.000000
vt 0.787946 0.000000
vt 0.725446 0.000000
vt 0.712054 0.000000
vt 0.662946 -0.000000
vt 0.600446 0.000000
vt 0.524554 0.000000
vt 0.475446 -0.000000
vt 1.000000 0.253731
vt 0.120536 0.283582
vt 0.058036 0.283582
vt 0.995536 0.283582
vt 0.879464 0.283582
vt 0.816964 0.283582
vt 0.808036 0.283582
vt 0.745536 0.283582
vt 0.691964 0.283582
vt 0.683036 0.283582
vt 0.566964 0.283582
vt 0.504464 0.283582
vt 0.441964 0.283582
vt 0.433036 0.283582
vt 0.379464 0.283582
vt 0.370536 0.283582
vt 0.316964 0.283582
vt 0.308036 0.283582
vt 0.245536 0.283582
vt 0.191964 0.283582
vt 0.156250 0.283582
vt 0.892857 0.343284
vt 0.892857 0.343284
vt 0.892857 0.343284
vt 0.892857 0.343284
vt 0.892857 0.343284
vt 0.892857 0.343284
vt 0.892857 0.343284
vt 0.892857 0.343284
vt 0.120536 0.283582
vt 0.183036 0.283582
vt 0.308036 0.283582
vt 0.433036 0.283582
vt 0.495536 0.283582
vt 0.558036 0.283582
vt 0.620536 0.283582
vt 0.683036 0.283582
vt 0.808036 0.283582
vn 0.0000 -1.0000 0.0000
vn 0.0000 1.0000 0.0000
vn -0.4472 0.0000 0.8944
vn -1.0000 0.0000 0.0000
vn -0.4472 0.0000 -0.8944
vn 0.0000 0.0000 -1.0000
vn 0.0000 -0.0000 1.0000
vn -0.4472 -0.8944 0.0000
vn -0.4472 0.8944 0.0000
vn 0.0000 -0.7071 -0.7071
vn 0.0000 0.7071 0.7071
vn 0.0000 -0.7071 0.7071
vn 0.0000 0.7071 -0.7071
vn 0.0000 -0.3827 -0.9239
vn 0.0000 0.3827 0.9239
vn 0.0000 -0.9239 0.3827
vn 0.0000 0.9239 -0.3827
vn 0.0000 0.3827 -0.9239
vn 0.0000 -0.3827 0.9239
vn 0.0000 -0.9239 -0.3827
vn 0.0000 0.9239 0.3827
vn -0.4472 -0.6325 0.6325
vn -0.4472 0.6325 -0.6325
vn -0.4472 -0.6325 -0.6325
vn -0.4472 0.6325 0.6325
vn 0.4472 0.0000 -0.8944
vn 1.0000 0.0000 -0.0000
vn 0.4472 0.0000 0.8944
vn 0.4472 -0.8944 0.0000
vn 0.4472 0.8944 0.0000
vn 0.4472 -0.6325 -0.6325
vn 0.4472 0.6325 0.6325
vn 0.4472 -0.6325 0.6325
vn 0.4472 0.6325 -0.6325
vn 0.0000 -0.5556 0.8315
vn 0.0000 -0.1951 -0.9808
vn 0.0000 0.8315 -0.5556
vn 0.0000 -0.1951 0.9808
vn 0.0000 0.5556 -0.8315
vn 0.0000 -0.5556 -0.8315
vn 0.0000 0.1951 0.9808
vn 0.0000 0.1951 -0.9808
vn 0.0000 -0.8315 -0.5556
vn 0.0000 0.5556 0.8315
vn 0.0000 -0.9808 -0.1951
vn 0.0000 0.8315 0.5556
vn 0.0000 -0.9808 0.1951
vn 0.0000 0.9808 0.1951
vn 0.0000 -0.8315 0.5556
vn 0.0000 0.9808 -0.1951
vn 0.9487 0.1210 -0.2922
vn 0.9487 0.0617 -0.3102
vn 0.9487 0.1757 -0.2629
vn 0.9487 0.2236 -0.2236
vn 0.9487 0.2629 -0.1757
vn 0.9487 0.2922 -0.1210
vn 0.9487 0.3102 -0.0617
vn 0.9487 0.3162 -0.0000
vn 0.9487 0.3102 0.0617
vn 0.9487 0.2922 0.1210
vn 0.9487 0.2629 0.1757
vn 0.9487 0.2236 0.2236
vn 0.9487 0.1757 0.2629
vn 0.9487 0.1210 0.2922
vn 0.9487 0.0617 0.3102
vn 0.9487 -0.0000 0.3162
vn 0.9487 -0.0617 0.3102
vn 0.9487 -0.1210 0.2922
vn 0.9487 -0.1757 0.2629
vn 0.9487 -0.2236 0.2236
vn 0.9487 -0.2629 0.1757
vn 0.9487 -0.2922 0.1210
vn 0.9487 -0.3102 0.0617
vn 0.9487 -0.3162 -0.0000
vn 0.9487 -0.3102 -0.0617
vn 0.9487 -0.2922 -0.1210
vn 0.9487 -0.2629 -0.1757
vn 0.9487 -0.2236 -0.2236
vn 0.9487 -0.1757 -0.2629
vn 0.9487 -0.1210 -0.2922
vn 0.9487 -0.0617 -0.3102
vn 0.9487 0.0000 -0.3162
vn 0.9959 0.0346 -0.0836
vn 0.9959 0.0177 -0.0888
vn 0.9959 0.0503 -0.0753
vn 0.9959 0.0640 -0.0640
vn 0.9959 0.0753 -0.0503
vn 0.9959 0.0836 -0.0346
vn 0.9959 0.0888 -0.0177
vn 0.9959 0.0905 0.0000
vn 0.9959 0.0888 0.0177
vn 0.9959 0.0836 0.0346
vn 0.9959 0.0753 0.0503
vn 0.9959 0.0640 0.0640
vn 0.9959 0.0503 0.0753
vn 0.9959 0.0346 0.0836
vn 0.9959 0.0177 0.0888
vn 0.9959 0.0000 0.0905
vn 0.9959 -0.0177 0.0888
vn 0.9959 -0.0346 0.0836
vn 0.9959 -0.0503 0.0753
vn 0.9959 -0.0640 0.0640
vn 0.9959 -0.0753 0.0503
vn 0.9959 -0.0836 0.0346
vn 0.9959 -0.0888 0.0177
vn 0.9959 -0.0905 0.0000
vn 0.9959 -0.0888 -0.0177
vn 0.9959 -0.0836 -0.0346
vn 0.9959 -0.0753 -0.0503
vn 0.9959 -0.0640 -0.0640
vn 0.9959 -0.0503 -0.0753
vn 0.9959 -0.0346 -0.0836
vn 0.9959 -0.0177 -0.0888
vn 0.9959 -0.0000 -0.0905
vn -0.9487 0.2922 0.1210
vn -0.9487 0.2629 0.1757
vn -0.9487 0.3102 0.0617
vn -0.9487 0.3162 -0.0000
vn -0.9487 0.3102 -0.0617
vn -0.9487 0.2922 -0.1210
vn -0.9487 0.2629 -0.1757
vn -0.9487 0.2236 -0.2236
vn -0.9487 0.1757 -0.2629
vn -0.9487 0.1210 -0.2922
vn -0.9487 0.0617 -0.3102
vn -0.9487 0.0000 -0.3162
vn -0.9487 -0.0617 -0.3102
vn -0.9487 -0.1210 -0.2922
vn -0.9487 -0.1757 -0.2629
vn -0.9487 -0.2236 -0.2236
vn -0.9487 -0.2629 -0.1757
vn -0.9487 -0.2922 -0.1210
vn -0.9487 -0.3102 -0.0617
vn -0.9487 -0.3162 -0.0000
vn -0.9487 -0.3102 0.0617
vn -0.9487 -0.2922 0.1210
vn -0.9487 -0.2629 0.1757
vn -0.9487 -0.2236 0.2236
vn -0.9487 -0.1757 0.2629
vn -0.9487 -0.1210 0.2922
vn -0.9487 -0.0617 0.3102
vn -0.9487 -0.0000 0.3162
vn -0.9487 0.0617 0.3102
vn -0.9487 0.1210 0.2922
vn -0.9487 0.1757 0.2629
vn -0.9487 0.2236 0.2236
vn -0.9959 -0.0836 0.0346
vn -0.9959 -0.0888 0.0177
vn -0.9959 -0.0753 0.0503
vn -0.9959 -0.0640 0.0640
vn -0.9959 -0.0503 0.0753
vn -0.9959 -0.0346 0.0836
vn -0.9959 -0.0177 0.0888
vn -0.9959 -0.0000 0.0905
vn -0.9959 0.0177 0.0888
vn -0.9959 0.0346 0.0836
vn -0.9959 0.0503 0.0753
vn -0.9959 0.0640 0.0640
vn -0.9959 0.0753 0.0503
vn -0.9959 0.0836 0.0346
vn -0.9959 0.0888 0.0177
vn -0.9959 0.0905 0.0000
vn -0.9959 0.0888 -0.0177
vn -0.9959 0.0836 -0.0346
vn -0.9959 0.0753 -0.0503
vn -0.9959 0.0640 -0.0640
vn -0.9959 0.0503 -0.0753
vn -0.9959 0.0346 -0.0836
vn -0.9959 0.0177 -0.0888
vn -0.9959 -0.0000 -0.0905
vn -0.9959 -0.0177 -0.0888
vn -0.9959 -0.0346 -0.0836
vn -0.9959 -0.0503 -0.0753
vn -0.9959 -0.0640 -0.0640
vn -0.9959 -0.0753 -0.0503
vn -0.9959 -0.0836 -0.0346
vn -0.9959 -0.0888 -0.0177
vn -0.9959 -0.0905 0.0000
v -0.937500 2.494797 3.181982
v -0.937500 2.318020 3.005205
v -0.937500 2.671573 3.005205
v -0.937500 2.494797 2.828429
v -0.937500 5.375001 4.125002
v -0.937500 5.625001 4.125002
v -0.937500 5.375001 4.375002
v -0.937500 5.625001 4.375002
v -0.687500 5.375001 4.125002
v -0.687500 5.625001 4.125002
v -0.687500 5.375001 4.375002
v -0.687500 5.625001 4.375002
v -0.687500 5.375001 -4.375000
v -0.687500 5.625001 -4.375000
v -0.687500 5.375001 -4.125000
v -0.687500 5.625001 -4.125000
v -0.937500 5.375001 -4.375000
v -0.937500 5.625001 -4.375000
v -0.937500 5.375001 -4.125000
v -0.937500 5.625001 -4.125000
v -0.937500 1.375000 -0.124999
v -0.937500 1.375000 0.125001
v -0.937500 1.125000 -0.124999
v -0.937500 1.125000 0.125001
v -0.687500 1.375000 -0.124999
v -0.687500 1.375000 0.125001
v -0.687500 1.125000 -0.124999
v -0.687500 1.125000 0.125001
v -0.687500 9.875002 -0.124999
v -0.687500 9.875002 0.125001
v -0.687500 9.625002 -0.124999
v -0.687500 9.625002 0.125001
v -0.937500 9.875002 -0.124999
v -0.937500 9.875002 0.125001
v -0.937500 9.625002 -0.124999
v -0.937500 9.625002 0.125001
v -0.687500 2.494797 2.828429
v -0.687500 2.671573 3.005205
v -0.687500 2.318020 3.005205
v -0.687500 2.494797 3.181982
v -0.687500 8.505206 -3.181980
v -0.687500 8.681982 -3.005203
v -0.687500 8.328429 -3.005203
v -0.687500 8.505205 -2.828426
v -0.937500 8.505206 -3.181980
v -0.937500 8.681982 -3.005203
v -0.937500 8.328429 -3.005203
v -0.937500 8.505205 -2.828426
v -0.937500 2.671574 -3.005204
v -0.937500 2.494797 -2.828427
v -0.937500 2.494797 -3.181981
v -0.937500 2.318020 -3.005204
v -0.687500 2.671574 -3.005204
v -0.687500 2.494797 -2.828427
v -0.687500 2.494797 -3.181981
v -0.687500 2.318020 -3.005204
v -0.687500 8.681982 3.005205
v -0.687500 8.505205 3.181982
v -0.687500 8.505205 2.828429
v -0.687500 8.328428 3.005205
v -0.937500 8.681982 3.005205
v -0.937500 8.505205 3.181982
v -0.937500 8.505205 2.828429
v -0.937500 8.328428 3.005205
v 0.937500 2.494797 -3.181982
v 0.937500 2.318020 -3.005205
v 0.937500 2.671573 -3.005205
v 0.937500 2.494797 -2.828429
v 0.937500 5.375001 -4.125002
v 0.937500 5.625001 -4.125002
v 0.937500 5.375001 -4.375002
v 0.937500 5.625001 -4.375002
v 0.687500 5.375001 -4.125002
v 0.687500 5.625001 -4.125002
v 0.687500 5.375001 -4.375002
v 0.687500 5.625001 -4.375002
v 0.687500 5.375001 4.375000
v 0.687500 5.625001 4.375000
v 0.687500 5.375001 4.125000
v 0.687500 5.625001 4.125000
v 0.937500 5.375001 4.375000
v 0.937500 5.625001 4.375000
v 0.937500 5.375001 4.125000
v 0.937500 5.625001 4.125000
v 0.937500 1.375000 0.124999
v 0.937500 1.375000 -0.125001
v 0.937500 1.125000 0.124999
v 0.937500 1.125000 -0.125001
v 0.687500 1.375000 0.124999
v 0.687500 1.375000 -0.125001
v 0.687500 1.125000 0.124999
v 0.687500 1.125000 -0.125001
v 0.687500 9.875002 0.124999
v 0.687500 9.875002 -0.125001
v 0.687500 9.625002 0.124999
v 0.687500 9.625002 -0.125001
v 0.937500 9.875002 0.124999
v 0.937500 9.875002 -0.125001
v 0.937500 9.625002 0.124999
v 0.937500 9.625002 -0.125001
v 0.687500 2.494797 -2.828429
v 0.687500 2.671573 -3.005205
v 0.687500 2.318020 -3.005205
v 0.687500 2.494797 -3.181982
v 0.687500 8.505206 3.181980
v 0.687500 8.681982 3.005203
v 0.687500 8.328429 3.005203
v 0.687500 8.505205 2.828426
v 0.937500 8.505206 3.181980
v 0.937500 8.681982 3.005203
v 0.937500 8.328429 3.005203
v 0.937500 8.505205 2.828426
v 0.937500 2.671574 3.005204
v 0.937500 2.494797 2.828427
v 0.937500 2.494797 3.181981
v 0.937500 2.318020 3.005204
v 0.687500 2.671574 3.005204
v 0.687500 2.494797 2.828427
v 0.687500 2.494797 3.181981
v 0.687500 2.318020 3.005204
v 0.687500 8.681982 -3.005205
v 0.687500 8.505205 -3.181982
v 0.687500 8.505205 -2.828429
v 0.687500 8.328428 -3.005205
v 0.937500 8.681982 -3.005205
v 0.937500 8.505205 -3.181982
v 0.937500 8.505205 -2.828429
v 0.937500 8.328428 -3.005205
vt 0.473214 0.641791
vt 0.464286 0.626866
vt 0.473214 0.626866
vt 0.446429 0.626866
vt 0.455357 0.641791
vt 0.446429 0.641791
vt 0.455357 0.626866
vt 0.464286 0.611940
vt 0.455357 0.611940
vt 0.464286 0.641791
vt 0.455357 0.656716
vt 0.464286 0.641791
vt 0.455357 0.656716
vt 0.455357 0.641791
vt 0.464286 0.611940
vt 0.455357 0.626866
vt 0.455357 0.611940
vt 0.464286 0.626866
vt 0.446429 0.626866
vt 0.446429 0.641791
vt 0.473214 0.641791
vt 0.473214 0.626866
vt 0.473214 0.641791
vt 0.464286 0.626866
vt 0.473214 0.626866
vt 0.446429 0.626866
vt 0.455357 0.641791
vt 0.446429 0.641791
vt 0.455357 0.626866
vt 0.464286 0.611940
vt 0.455357 0.611940
vt 0.464286 0.656716
vt 0.455357 0.656716
vt 0.464286 0.641791
vt 0.455357 0.656716
vt 0.455357 0.641791
vt 0.464286 0.611940
vt 0.455357 0.626866
vt 0.455357 0.611940
vt 0.464286 0.626866
vt 0.446429 0.626866
vt 0.446429 0.641791
vt 0.473214 0.641791
vt 0.473214 0.626866
vt 0.473214 0.641791
vt 0.464286 0.626866
vt 0.473214 0.626866
vt 0.446429 0.626866
vt 0.455357 0.641791
vt 0.446429 0.641791
vt 0.455357 0.626866
vt 0.464286 0.611940
vt 0.455357 0.611940
vt 0.464286 0.641791
vt 0.455357 0.656716
vt 0.464286 0.641791
vt 0.455357 0.656716
vt 0.455357 0.641791
vt 0.455357 0.611940
vt 0.464286 0.626866
vt 0.455357 0.626866
vt 0.446429 0.626866
vt 0.446429 0.641791
vt 0.473214 0.641791
vt 0.473214 0.626866
vt 0.473214 0.641791
vt 0.464286 0.626866
vt 0.473214 0.626866
vt 0.446429 0.626866
vt 0.455357 0.641791
vt 0.446429 0.641791
vt 0.455357 0.626866
vt 0.464286 0.611940
vt 0.455357 0.611940
vt 0.464286 0.656716
vt 0.455357 0.656716
vt 0.464286 0.641791
vt 0.455357 0.656716
vt 0.455357 0.641791
vt 0.464286 0.611940
vt 0.455357 0.626866
vt 0.455357 0.611940
vt 0.464286 0.626866
vt 0.446429 0.626866
vt 0.446429 0.641791
vt 0.473214 0.641791
vt 0.473214 0.626866
vt 0.473214 0.641791
vt 0.464286 0.626866
vt 0.473214 0.626866
vt 0.446429 0.626866
vt 0.455357 0.641791
vt 0.446429 0.641791
vt 0.455357 0.626866
vt 0.464286 0.611940
vt 0.455357 0.611940
vt 0.464286 0.641791
vt 0.455357 0.656716
vt 0.464286 0.641791
vt 0.455357 0.656716
vt 0.455357 0.641791
vt 0.464286 0.611940
vt 0.455357 0.626866
vt 0.455357 0.611940
vt 0.464286 0.626866
vt 0.446429 0.626866
vt 0.446429 0.641791
vt 0.473214 0.641791
vt 0.473214 0.626866
vt 0.473214 0.641791
vt 0.464286 0.626866
vt 0.473214 0.626866
vt 0.446429 0.626866
vt 0.455357 0.641791
vt 0.446429 0.641791
vt 0.455357 0.626866
vt 0.464286 0.611940
vt 0.455357 0.611940
vt 0.464286 0.656716
vt 0.455357 0.656716
vt 0.464286 0.641791
vt 0.455357 0.656716
vt 0.455357 0.641791
vt 0.464286 0.611940
vt 0.455357 0.626866
vt 0.455357 0.611940
vt 0.464286 0.626866
vt 0.446429 0.626866
vt 0.446429 0.641791
vt 0.473214 0.641791
vt 0.473214 0.626866
vt 0.473214 0.641791
vt 0.464286 0.626866
vt 0.473214 0.626866
vt 0.446429 0.626866
vt 0.455357 0.641791
vt 0.446429 0.641791
vt 0.455357 0.626866
vt 0.464286 0.611940
vt 0.455357 0.611940
vt 0.464286 0.641791
vt 0.455357 0.656716
vt 0.464286 0.641791
vt 0.455357 0.656716
vt 0.455357 0.641791
vt 0.455357 0.611940
vt 0.464286 0.626866
vt 0.455357 0.626866
vt 0.446429 0.626866
vt 0.446429 0.641791
vt 0.473214 0.641791
vt 0.473214 0.626866
vt 0.473214 0.641791
vt 0.464286 0.626866
vt 0.473214 0.626866
vt 0.446429 0.626866
vt 0.455357 0.641791
vt 0.446429 0.641791
vt 0.455357 0.626866
vt 0.464286 0.611940
vt 0.455357 0.611940
vt 0.464286 0.656716
vt 0.455357 0.656716
vt 0.464286 0.641791
vt 0.455357 0.656716
vt 0.455357 0.641791
vt 0.464286 0.611940
vt 0.455357 0.626866
vt 0.455357 0.611940
vt 0.464286 0.626866
vt 0.446429 0.626866
vt 0.446429 0.641791
vt 0.473214 0.641791
vt 0.473214 0.626866
vt 0.464286 0.656716
vt 0.464286 0.656716
vt 0.464286 0.641791
vt 0.464286 0.656716
vt 0.464286 0.656716
vt 0.464286 0.656716
vt 0.464286 0.611940
vt 0.464286 0.641791
vt 0.464286 0.656716
vt 0.464286 0.656716
vt 0.464286 0.656716
vt 0.464286 0.641791
vt 0.464286 0.656716
vt 0.464286 0.656716
vt 0.464286 0.656716
vt 0.464286 0.611940
vt 0.464286 0.641791
vt 0.464286 0.656716
vn 0.0000 -1.0000 0.0000
vn 0.0000 1.0000 0.0000
vn 0.0000 0.0000 1.0000
vn -1.0000 0.0000 0.0000
vn 1.0000 0.0000 0.0000
vn 0.0000 0.0000 -1.0000
vn 0.0000 -0.7071 -0.7071
vn 0.0000 0.7071 0.7071
vn 0.0000 -0.7071 0.7071
vn 0.0000 0.7071 -0.7071
v -0.250000 5.500000 -4.250000
v -0.250000 6.329134 -4.168337
v -0.249999 7.126407 -3.926488
v -0.250000 7.861172 -3.533745
v -0.250000 8.505203 -3.005203
v -0.250000 9.033746 -2.361173
v -0.250000 9.426489 -1.626404
v -0.250000 9.668339 -0.829134
v -0.250000 9.750000 0.000000
v -0.250000 9.668339 0.829134
v -0.250000 9.426489 1.626404
v -0.250000 9.033746 2.361174
v -0.250000 8.505203 3.005203
v -0.250000 7.861172 3.533746
v -0.249999 7.126402 3.926488
v -0.250000 6.329134 4.168338
v -0.250000 5.500000 4.250000
v -0.250000 4.670863 4.168337
v -0.250000 3.873595 3.926487
v -0.250000 3.138825 3.533745
v -0.250000 2.494793 3.005201
v -0.250000 1.966251 2.361171
v -0.250000 1.573512 1.626402
v -0.250000 1.331663 0.829130
v -0.250000 1.250000 -0.000004
v -0.250000 1.331663 -0.829138
v -0.250000 1.573512 -1.626409
v -0.250000 1.966255 -2.361177
v -0.250000 2.494802 -3.005207
v -0.250000 3.138829 -3.533749
v -0.250000 3.873603 -3.926490
v -0.250000 4.670871 -4.168338
v 0.250000 5.500000 -4.250000
v 0.250000 6.329134 -4.168337
v 0.250001 7.126407 -3.926488
v 0.250000 7.861172 -3.533745
v 0.250000 8.505203 -3.005203
v 0.250000 9.033746 -2.361173
v 0.250000 9.426489 -1.626404
v 0.250000 9.668339 -0.829134
v 0.250000 9.750000 0.000000
v 0.250000 9.668339 0.829134
v 0.250000 9.426489 1.626404
v 0.250000 9.033746 2.361174
v 0.250000 8.505203 3.005203
v 0.250000 7.861172 3.533746
v 0.250001 7.126402 3.926488
v 0.250000 6.329134 4.168338
v 0.250000 5.500000 4.250000
v 0.250000 4.670863 4.168337
v 0.250000 3.873595 3.926487
v 0.250000 3.138825 3.533745
v 0.250000 2.494793 3.005201
v 0.250000 1.966251 2.361171
v 0.250000 1.573512 1.626402
v 0.250000 1.331663 0.829130
v 0.250000 1.250000 -0.000004
v 0.250000 1.331663 -0.829138
v 0.250000 1.573512 -1.626409
v 0.250000 1.966255 -2.361177
v 0.250000 2.494802 -3.005207
v 0.250000 3.138829 -3.533749
v 0.250000 3.873603 -3.926490
v 0.250000 4.670871 -4.168338
vt 0.500000 0.249958
vt 0.000000 0.749958
vt 0.000000 0.249958
vt 0.500000 0.249958
vt 0.000000 0.749958
vt 0.000000 0.249958
vt 1.000000 0.249958
vt 0.500000 0.749958
vt 1.000000 0.249958
vt 0.500000 0.749958
vt 0.500000 0.249958
vt 0.000000 0.749958
vt 0.000000 0.249958
vt 0.500000 0.249958
vt 0.000000 0.749958
vt 0.000000 0.249958
vt 1.000000 0.249958
vt 0.500000 0.749958
vt 1.000000 0.249958
vt 0.500000 0.749958
vt 0.500000 0.249958
vt 0.000000 0.749958
vt 0.000000 0.249958
vt 0.000000 0.249958
vt 0.500000 0.749958
vt 0.000000 0.749958
vt 1.000000 0.249958
vt 0.500000 0.749958
vt 1.000000 0.249958
vt 0.500000 0.249958
vt 0.500000 0.249958
vt 0.000000 0.749958
vt 0.000000 0.249958
vt 0.500000 0.249958
vt 0.000000 0.749958
vt 0.000000 0.249958
vt 1.000000 0.249958
vt 0.500000 0.749958
vt 0.500000 0.249958
vt 0.000000 0.749958
vt 0.000000 0.249958
vt 1.000000 0.249958
vt 0.500000 0.749958
vt 0.000000 0.249958
vt 0.500000 0.749958
vt 0.000000 0.749958
vt 1.000000 0.249958
vt 0.500000 0.749958
vt 0.000000 0.249958
vt 0.500000 0.749958
vt 0.000000 0.749958
vt 1.000000 0.249958
vt 0.500000 0.249958
vt 0.500000 0.249958
vt 0.000000 0.749958
vt 0.000000 0.249958
vt 1.000000 0.249958
vt 0.500000 0.249958
vt 0.500000 0.249958
vt 0.000000 0.749958
vt 0.000000 0.249958
vt 1.000000 0.249958
vt 0.500000 0.749958
vt 0.500000 0.249958
vt 0.000000 0.749958
vt 0.000000 0.249958
vt 1.000000 0.249958
vt 0.500000 0.749958
vt 0.500000 0.249958
vt 0.000000 0.749958
vt 0.000000 0.249958
vt 1.000000 0.249958
vt 0.500000 0.749958
vt 0.500000 0.249958
vt 0.000000 0.749958
vt 0.000000 0.249958
vt 1.000000 0.249958
vt 0.500000 0.749958
vt 1.000000 0.749958
vt 0.500000 0.749958
vt 1.000000 0.749958
vt 1.000000 0.749958
vt 1.000000 0.749958
vt 1.000000 0.749958
vt 1.000000 0.749958
vt 1.000000 0.749958
vt 1.000000 0.749958
vt 1.000000 0.749958
vt 1.000000 0.749958
vt 1.000000 0.749958
vt 1.000000 0.749958
vt 1.000000 0.749958
vt 1.000000 0.749958
vt 1.000000 0.749958
vt 1.000000 0.749958
vt 1.000000 0.249958
vn 0.0000 0.9808 -0.1951
vn 0.0000 0.9239 -0.3827
vn 0.0000 -0.8315 0.5556
vn 0.0000 -0.7071 0.7071
vn 0.0000 1.0000 0.0000
vn 0.0000 -0.9239 0.3827
vn 0.0000 0.9808 0.1951
vn 0.0000 -0.9808 0.1951
vn 0.0000 0.9239 0.3827
vn 0.0000 -1.0000 0.0000
vn 0.0000 0.8315 0.5556
vn 0.0000 -0.9808 -0.1951
vn 0.0000 0.7071 0.7071
vn 0.0000 -0.9239 -0.3827
vn 0.0000 0.5556 0.8315
vn 0.0000 -0.8315 -0.5556
vn 0.0000 0.3827 0.9239
vn 0.0000 0.1951 -0.9808
vn 0.0000 0.0000 -1.0000
vn 0.0000 -0.7071 -0.7071
vn 0.0000 0.1951 0.9808
vn 0.0000 0.3827 -0.9239
vn 0.0000 -0.5556 -0.8315
vn 0.0000 -0.0000 1.0000
vn 0.0000 0.5556 -0.8315
vn 0.0000 -0.3827 -0.9239
vn 0.0000 -0.1951 0.9808
vn 0.0000 0.7071 -0.7071
vn 0.0000 -0.1951 -0.9808
vn 0.0000 -0.3827 0.9239
vn 0.0000 0.8315 -0.5556
vn 0.0000 -0.5556 0.8315
v -2.500000 0.000000 4.500000
v 2.500000 0.000000 4.500000
v -2.500000 0.000000 -4.500000
v 2.500000 0.000000 -4.500000
v 1.750000 9.750000 -0.499999
v 1.250000 10.250000 -0.499999
v 1.250000 10.250000 0.500001
v 1.750000 9.750000 0.500001
v -1.250000 10.250000 -0.499999
v -1.750000 9.750000 -0.499999
v -1.750000 9.750000 0.500001
v -1.250000 10.250000 0.500001
v 1.750000 6.500000 -0.499999
v 1.750000 6.500000 0.500001
v -1.750000 6.500000 -0.499999
v -1.750000 6.500000 0.500001
v -2.500000 1.000000 -4.500000
v -2.500000 1.000000 4.500000
v 2.500000 1.000000 4.500000
v 2.500000 1.000000 -4.500000
v -2.000000 2.000000 0.500000
v -1.500000 2.000000 0.500000
v -2.000000 2.000000 -0.500000
v -1.500000 2.000000 -0.500000
v -2.000000 4.500000 -0.500000
v -2.000000 4.500000 0.500000
v -1.500000 4.500000 0.500000
v -1.500000 4.500000 -0.500000
v -2.500000 1.000000 0.500000
v -1.000000 1.000000 0.500000
v -2.500000 1.000000 -0.500000
v -1.000000 1.000000 -0.500000
v -1.250000 5.500000 1.250001
v -1.250000 5.978355 1.154850
v -1.250000 6.383883 0.883884
v -1.250000 6.654850 0.478355
v -1.250000 6.750000 0.000001
v -1.250000 6.654850 -0.478354
v -1.250000 6.383883 -0.883883
v -1.250000 5.978355 -1.154848
v -1.250000 5.500000 -1.249999
v -1.250000 5.021646 -1.154849
v -1.250000 4.616117 -0.883883
v -1.250000 4.345151 -0.478354
v -1.250000 4.250000 0.000001
v -1.250000 4.345151 0.478355
v -1.250000 4.616117 0.883884
v -1.250000 5.021647 1.154850
v -2.250000 5.500000 1.250001
v -2.250000 5.978355 1.154850
v -2.250000 6.383883 0.883884
v -2.250000 6.654850 0.478355
v -2.250000 6.750000 0.000001
v -2.250000 6.654850 -0.478354
v -2.250000 6.383883 -0.883883
v -2.250000 5.978355 -1.154848
v -2.250000 5.500000 -1.249999
v -2.250000 5.021646 -1.154848
v -2.250000 4.616117 -0.883883
v -2.250000 4.345151 -0.478354
v -2.250000 4.250000 0.000001
v -2.250000 4.345151 0.478355
v -2.250000 4.616117 0.883884
v -2.250000 5.021647 1.154850
v -2.250000 5.500001 1.000001
v -2.250000 5.882684 0.923881
v -2.250000 6.207108 0.707108
v -2.250000 6.423881 0.382685
v -2.250000 6.500001 0.000001
v -2.250000 6.423881 -0.382683
v -2.250000 6.207108 -0.707106
v -2.250000 5.882684 -0.923879
v -2.250000 5.500001 -0.999999
v -2.250000 5.117317 -0.923879
v -2.250000 4.792893 -0.707106
v -2.250000 4.576121 -0.382683
v -2.250000 4.500001 0.000001
v -2.250000 4.576121 0.382685
v -2.250000 4.792893 0.707108
v -2.250000 5.117318 0.923881
v -2.250000 5.500000 0.750001
v -2.250000 5.787013 0.692910
v -2.250000 6.030331 0.530331
v -2.250000 6.192910 0.287013
v -2.250000 6.250000 0.000001
v -2.250000 6.192910 -0.287012
v -2.250000 6.030331 -0.530329
v -2.250000 5.787013 -0.692909
v -2.250000 5.500000 -0.749999
v -2.250000 5.212988 -0.692909
v -2.250000 4.969670 -0.530330
v -2.250000 4.807091 -0.287012
v -2.250000 4.750000 0.000001
v -2.250000 4.807091 0.287013
v -2.250000 4.969670 0.530331
v -2.250000 5.212988 0.692910
v -2.000000 5.882684 0.923881
v -2.000000 5.500001 1.000001
v -2.000000 6.207108 0.707108
v -2.000000 6.423881 0.382685
v -2.000000 6.500001 0.000001
v -2.000000 6.423881 -0.382683
v -2.000000 6.207108 -0.707106
v -2.000000 5.882684 -0.923879
v -2.000000 5.500001 -0.999999
v -2.000000 5.117317 -0.923879
v -2.000000 4.792893 -0.707106
v -2.000000 4.576121 -0.382683
v -2.000000 4.500001 0.000001
v -2.000000 4.576121 0.382685
v -2.000000 4.792893 0.707108
v -2.000000 5.117318 0.923881
v -2.000000 5.787013 0.692910
v -2.000000 5.500000 0.750001
v -2.000000 6.030331 0.530331
v -2.000000 6.192910 0.287013
v -2.000000 6.250000 0.000001
v -2.000000 6.192910 -0.287012
v -2.000000 6.030331 -0.530329
v -2.000000 5.787013 -0.692909
v -2.000000 5.500000 -0.749999
v -2.000000 5.212988 -0.692909
v -2.000000 4.969670 -0.530330
v -2.000000 4.807091 -0.287012
v -2.000000 4.750000 0.000001
v -2.000000 4.807091 0.287013
v -2.000000 4.969670 0.530331
v -2.000000 5.212988 0.692910
v -1.250000 1.000000 -4.250000
v -2.250000 1.000000 -4.250000
v -1.250000 1.000000 -2.250000
v -2.250000 1.000000 -2.250000
v -1.250000 2.000000 -2.250000
v -1.250000 2.000000 -4.250000
v -2.250000 2.000000 -4.250000
v -2.250000 2.000000 -2.250000
v -1.500000 2.000000 -4.000000
v -2.000000 2.000000 -4.000000
v -1.500000 2.000000 -3.500000
v -2.000000 2.000000 -3.500000
v -1.500000 2.125000 -3.500000
v -1.500000 2.125000 -4.000000
v -2.000000 2.125000 -4.000000
v -2.000000 2.125000 -3.500000
v -1.625000 2.250000 -3.625000
v -1.625000 2.250000 -3.875000
v -1.875000 2.250000 -3.875000
v -1.875000 2.250000 -3.625000
v -1.875000 3.125000 -3.625000
v -2.000000 3.000000 -3.625000
v -1.875000 3.000000 -3.500000
v -1.875000 2.625000 -3.625000
v -1.875000 2.750000 -3.500000
v -2.000000 2.750000 -3.625000
v -1.875000 3.125000 -3.875000
v -1.875000 3.000000 -4.000000
v -2.000000 3.000000 -3.875000
v -1.875000 2.625000 -3.875000
v -2.000000 2.750000 -3.875000
v -1.875000 2.750000 -4.000000
v -1.625000 3.125000 -3.625000
v -1.625000 3.000000 -3.500000
v -1.500000 3.000000 -3.625000
v -1.625000 2.625000 -3.625000
v -1.500000 2.750000 -3.625000
v -1.625000 2.750000 -3.500000
v -1.625000 3.000000 -4.000000
v -1.625000 3.125000 -3.875000
v -1.500000 3.000000 -3.875000
v -1.625000 2.625000 -3.875000
v -1.625000 2.750000 -4.000000
v -1.500000 2.750000 -3.875000
v -2.000000 1.000000 1.000000
v -1.500000 1.000000 1.000000
v -2.000000 1.500000 0.500000
v -1.500000 1.500000 0.500000
v -2.000000 1.000000 0.500000
v -1.500000 1.000000 0.500000
v -1.500000 1.000000 -1.000000
v -2.000000 1.000000 -1.000000
v -1.500000 1.500000 -0.500000
v -2.000000 1.500000 -0.500000
v -1.500000 1.000000 -0.500000
v -2.000000 1.000000 -0.500000
v -1.625000 1.375000 -2.250000
v -1.875000 1.375000 -2.250000
v -1.625000 1.625000 -2.250000
v -1.875000 1.625000 -2.250000
v -1.625000 2.875000 -0.500000
v -1.875000 2.875000 -0.500000
v -1.625000 3.125000 -0.500000
v -1.875000 3.125000 -0.500000
v -1.625000 2.500000 -0.937500
v -1.625000 2.000000 -1.375000
v -1.625000 1.750000 -1.812500
v -1.875000 1.750000 -1.812500
v -1.875000 2.000000 -1.375000
v -1.875000 2.500000 -0.937500
v -1.875000 2.250000 -0.937500
v -1.875000 1.750000 -1.375000
v -1.875000 1.500000 -1.812500
v -1.625000 1.500000 -1.812500
v -1.625000 1.750000 -1.375000
v -1.625000 2.250000 -0.937500
v -0.500000 1.000000 -2.250000
v 0.500000 1.000000 -2.250000
v -0.500000 1.000000 -4.250000
v 0.500000 1.000000 -4.250000
v -0.500000 1.500000 -3.750000
v -0.500000 1.500000 -2.750000
v 0.500000 1.500000 -2.750000
v 0.500000 1.500000 -3.750000
v -1.750000 6.500000 0.500001
v -1.750000 6.500000 -0.499999
v 1.750000 6.500000 0.500001
v 1.750000 6.500000 -0.499999
v -1.250000 10.250000 0.500001
v -1.750000 9.750000 0.500001
v -1.750000 9.750000 -0.499999
v -1.250000 10.250000 -0.499999
v 1.750000 9.750000 0.500001
v 1.250000 10.250000 0.500001
v 1.250000 10.250000 -0.499999
v 1.750000 9.750000 -0.499999
v 2.000000 2.000000 -0.500000
v 1.500000 2.000000 -0.500000
v 2.000000 2.000000 0.500000
v 1.500000 2.000000 0.500000
v 2.000000 4.500000 0.500000
v 2.000000 4.500000 -0.500000
v 1.500000 4.500000 -0.500000
v 1.500000 4.500000 0.500000
v 2.500000 1.000000 -0.500000
v 1.000000 1.000000 -0.500000
v 2.500000 1.000000 0.500000
v 1.000000 1.000000 0.500000
v 1.250000 5.500000 -1.250001
v 1.250000 5.978355 -1.154850
v 1.250000 6.383883 -0.883885
v 1.250000 6.654850 -0.478356
v 1.250000 6.750000 -0.000001
v 1.250000 6.654850 0.478353
v 1.250000 6.383883 0.883882
v 1.250000 5.978355 1.154848
v 1.250000 5.500000 1.249999
v 1.250000 5.021646 1.154849
v 1.250000 4.616117 0.883882
v 1.250000 4.345151 0.478353
v 1.250000 4.250000 -0.000001
v 1.250000 4.345151 -0.478356
v 1.250000 4.616117 -0.883885
v 1.250000 5.021647 -1.154850
v 2.250000 5.500000 -1.250001
v 2.250000 5.978355 -1.154850
v 2.250000 6.383883 -0.883885
v 2.250000 6.654850 -0.478356
v 2.250000 6.750000 -0.000001
v 2.250000 6.654850 0.478353
v 2.250000 6.383883 0.883882
v 2.250000 5.978355 1.154848
v 2.250000 5.500000 1.249999
v 2.250000 5.021646 1.154848
v 2.250000 4.616117 0.883882
v 2.250000 4.345151 0.478353
v 2.250000 4.250000 -0.000001
v 2.250000 4.345151 -0.478356
v 2.250000 4.616117 -0.883885
v 2.250000 5.021647 -1.154850
v 2.250000 5.500001 -1.000001
v 2.250000 5.882684 -0.923881
v 2.250000 6.207108 -0.707108
v 2.250000 6.423881 -0.382685
v 2.250000 6.500001 -0.000001
v 2.250000 6.423881 0.382683
v 2.250000 6.207108 0.707105
v 2.250000 5.882684 0.923878
v 2.250000 5.500001 0.999999
v 2.250000 5.117317 0.923878
v 2.250000 4.792893 0.707105
v 2.250000 4.576121 0.382683
v 2.250000 4.500001 -0.000001
v 2.250000 4.576121 -0.382685
v 2.250000 4.792893 -0.707108
v 2.250000 5.117318 -0.923881
v 2.250000 5.500000 -0.750001
v 2.250000 5.787013 -0.692910
v 2.250000 6.030331 -0.530331
v 2.250000 6.192910 -0.287013
v 2.250000 6.250000 -0.000001
v 2.250000 6.192910 0.287012
v 2.250000 6.030331 0.530329
v 2.250000 5.787013 0.692909
v 2.250000 5.500000 0.749999
v 2.250000 5.212988 0.692909
v 2.250000 4.969670 0.530329
v 2.250000 4.807091 0.287012
v 2.250000 4.750000 -0.000001
v 2.250000 4.807091 -0.287013
v 2.250000 4.969670 -0.530331
v 2.250000 5.212988 -0.692910
v 2.000000 5.882684 -0.923881
v 2.000000 5.500001 -1.000001
v 2.000000 6.207108 -0.707108
v 2.000000 6.423881 -0.382685
v 2.000000 6.500001 -0.000001
v 2.000000 6.423881 0.382683
v 2.000000 6.207108 0.707105
v 2.000000 5.882684 0.923878
v 2.000000 5.500001 0.999999
v 2.000000 5.117317 0.923878
v 2.000000 4.792893 0.707105
v 2.000000 4.576121 0.382683
v 2.000000 4.500001 -0.000001
v 2.000000 4.576121 -0.382685
v 2.000000 4.792893 -0.707108
v 2.000000 5.117318 -0.923881
v 2.000000 5.787013 -0.692910
v 2.000000 5.500000 -0.750001
v 2.000000 6.030331 -0.530331
v 2.000000 6.192910 -0.287013
v 2.000000 6.250000 -0.000001
v 2.000000 6.192910 0.287012
v 2.000000 6.030331 0.530329
v 2.000000 5.787013 0.692909
v 2.000000 5.500000 0.749999
v 2.000000 5.212988 0.692909
v 2.000000 4.969670 0.530329
v 2.000000 4.807091 0.287012
v 2.000000 4.750000 -0.000001
v 2.000000 4.807091 -0.287013
v 2.000000 4.969670 -0.530331
v 2.000000 5.212988 -0.692910
v 1.250001 1.000000 4.250000
v 2.250001 1.000000 4.250000
v 1.250000 1.000000 2.250000
v 2.250000 1.000000 2.250000
v 1.250000 2.000000 2.250000
v 1.250001 2.000000 4.250000
v 2.250001 2.000000 4.250000
v 2.250000 2.000000 2.250000
v 1.500001 2.000000 4.000000
v 2.000000 2.000000 4.000000
v 1.500001 2.000000 3.500000
v 2.000000 2.000000 3.500000
v 1.500001 2.125000 3.500000
v 1.500001 2.125000 4.000000
v 2.000000 2.125000 4.000000
v 2.000000 2.125000 3.500000
v 1.625001 2.250000 3.625000
v 1.625001 2.250000 3.875000
v 1.875001 2.250000 3.875000
v 1.875001 2.250000 3.625000
v 1.875001 3.125000 3.625000
v 2.000000 3.000000 3.625000
v 1.875001 3.000000 3.500000
v 1.875001 2.625000 3.625000
v 1.875001 2.750000 3.500000
v 2.000000 2.750000 3.625000
v 1.875001 3.125000 3.875000
v 1.875001 3.000000 4.000000
v 2.000000 3.000000 3.875000
v 1.875001 2.625000 3.875000
v 2.000000 2.750000 3.875000
v 1.875001 2.750000 4.000000
v 1.625001 3.125000 3.625000
v 1.625001 3.000000 3.500000
v 1.500001 3.000000 3.625000
v 1.625001 2.625000 3.625000
v 1.500001 2.750000 3.625000
v 1.625001 2.750000 3.500000
v 1.625001 3.000000 4.000000
v 1.625001 3.125000 3.875000
v 1.500001 3.000000 3.875000
v 1.625001 2.625000 3.875000
v 1.625001 2.750000 4.000000
v 1.500001 2.750000 3.875000
v 2.000000 1.000000 -1.000000
v 1.500000 1.000000 -1.000000
v 2.000000 1.500000 -0.500000
v 1.500000 1.500000 -0.500000
v 2.000000 1.000000 -0.500000
v 1.500000 1.000000 -0.500000
v 1.500000 1.000000 1.000000
v 2.000000 1.000000 1.000000
v 1.500000 1.500000 0.500000
v 2.000000 1.500000 0.500000
v 1.500000 1.000000 0.500000
v 2.000000 1.000000 0.500000
v 1.625000 1.375000 2.250000
v 1.875000 1.375000 2.250000
v 1.625000 1.625000 2.250000
v 1.875000 1.625000 2.250000
v 1.625000 2.875000 0.500000
v 1.875000 2.875000 0.500000
v 1.625000 3.125000 0.500000
v 1.875000 3.125000 0.500000
v 1.625000 2.500000 0.937500
v 1.625000 2.000000 1.375000
v 1.625000 1.750000 1.812500
v 1.875000 1.750000 1.812500
v 1.875000 2.000000 1.375000
v 1.875000 2.500000 0.937500
v 1.875000 2.250000 0.937500
v 1.875000 1.750000 1.375000
v 1.875000 1.500000 1.812500
v 1.625000 1.500000 1.812500
v 1.625000 1.750000 1.375000
v 1.625000 2.250000 0.937500
v 0.500000 1.000000 2.250000
v -0.500000 1.000000 2.250000
v 0.500000 1.000000 4.250000
v -0.500000 1.000000 4.250000
v 0.500000 1.500000 3.750000
v 0.500000 1.500000 2.750000
v -0.500000 1.500000 2.750000
v -0.500000 1.500000 3.750000
v 2.250000 1.000000 -4.250000
v 1.250000 1.000000 -4.250000
v 2.250000 1.000000 -2.250000
v 1.250000 1.000000 -2.250000
v 2.250000 2.000000 -2.250000
v 2.250000 2.000000 -4.250000
v 1.250000 2.000000 -4.250000
v 1.250000 2.000000 -2.250000
v 2.000000 2.000000 -4.000000
v 1.500000 2.000000 -4.000000
v 2.000000 2.000000 -3.500000
v 1.500000 2.000000 -3.500000
v 2.000000 2.125000 -3.500000
v 2.000000 2.125000 -4.000000
v 1.500000 2.125000 -4.000000
v 1.500000 2.125000 -3.500000
v 1.875000 2.250000 -3.625000
v 1.875000 2.250000 -3.875000
v 1.625000 2.250000 -3.875000
v 1.625000 2.250000 -3.625000
v 1.625000 3.125000 -3.625000
v 1.500000 3.000000 -3.625000
v 1.625000 3.000000 -3.500000
v 1.625000 2.625000 -3.625000
v 1.625000 2.750000 -3.500000
v 1.500000 2.750000 -3.625000
v 1.625000 3.125000 -3.875000
v 1.625000 3.000000 -4.000000
v 1.500000 3.000000 -3.875000
v 1.625000 2.625000 -3.875000
v 1.500000 2.750000 -3.875000
v 1.625000 2.750000 -4.000000
v 1.875000 3.125000 -3.625000
v 1.875000 3.000000 -3.500000
v 2.000000 3.000000 -3.625000
v 1.875000 2.625000 -3.625000
v 2.000000 2.750000 -3.625000
v 1.875000 2.750000 -3.500000
v 1.875000 3.000000 -4.000000
v 1.875000 3.125000 -3.875000
v 2.000000 3.000000 -3.875000
v 1.875000 2.625000 -3.875000
v 1.875000 2.750000 -4.000000
v 2.000000 2.750000 -3.875000
v 1.875000 1.375000 -2.250000
v 1.625000 1.375000 -2.250000
v 1.875000 1.625000 -2.250000
v 1.625000 1.625000 -2.250000
v 1.875000 2.875000 -0.500000
v 1.625000 2.875000 -0.500000
v 1.875000 3.125000 -0.500000
v 1.625000 3.125000 -0.500000
v 1.875000 2.500000 -0.937500
v 1.875000 2.000000 -1.375000
v 1.875000 1.750000 -1.812500
v 1.625000 1.750000 -1.812500
v 1.625000 2.000000 -1.375000
v 1.625000 2.500000 -0.937500
v 1.625000 2.250000 -0.937500
v 1.625000 1.750000 -1.375000
v 1.625000 1.500000 -1.812500
v 1.875000 1.500000 -1.812500
v 1.875000 1.750000 -1.375000
v 1.875000 2.250000 -0.937500
v -2.249999 1.000000 4.250000
v -1.249999 1.000000 4.250000
v -2.250000 1.000000 2.250000
v -1.250000 1.000000 2.250000
v -2.250000 2.000000 2.250000
v -2.249999 2.000000 4.250000
v -1.249999 2.000000 4.250000
v -1.250000 2.000000 2.250000
v -1.999999 2.000000 4.000000
v -1.500000 2.000000 4.000000
v -1.999999 2.000000 3.500000
v -1.500000 2.000000 3.500000
v -1.999999 2.125000 3.500000
v -1.999999 2.125000 4.000000
v -1.500000 2.125000 4.000000
v -1.500000 2.125000 3.500000
v -1.874999 2.250000 3.625000
v -1.874999 2.250000 3.875000
v -1.624999 2.250000 3.875000
v -1.624999 2.250000 3.625000
v -1.624999 3.125000 3.625000
v -1.500000 3.000000 3.625000
v -1.624999 3.000000 3.500000
v -1.624999 2.625000 3.625000
v -1.624999 2.750000 3.500000
v -1.500000 2.750000 3.625000
v -1.624999 3.125000 3.875000
v -1.624999 3.000000 4.000000
v -1.500000 3.000000 3.875000
v -1.624999 2.625000 3.875000
v -1.500000 2.750000 3.875000
v -1.624999 2.750000 4.000000
v -1.874999 3.125000 3.625000
v -1.874999 3.000000 3.500000
v -1.999999 3.000000 3.625000
v -1.874999 2.625000 3.625000
v -1.999999 2.750000 3.625000
v -1.874999 2.750000 3.500000
v -1.874999 3.000000 4.000000
v -1.874999 3.125000 3.875000
v -1.999999 3.000000 3.875000
v -1.874999 2.625000 3.875000
v -1.874999 2.750000 4.000000
v -1.999999 2.750000 3.875000
v -1.875000 1.375000 2.250000
v -1.625000 1.375000 2.250000
v -1.875000 1.625000 2.250000
v -1.625000 1.625000 2.250000
v -1.875000 2.875000 0.500000
v -1.625000 2.875000 0.500000
v -1.875000 3.125000 0.500000
v -1.625000 3.125000 0.500000
v -1.875000 2.500000 0.937500
v -1.875000 2.000000 1.375000
v -1.875000 1.750000 1.812500
v -1.625000 1.750000 1.812500
v -1.625000 2.000000 1.375000
v -1.625000 2.500000 0.937500
v -1.625000 2.250000 0.937500
v -1.625000 1.750000 1.375000
v -1.625000 1.500000 1.812500
v -1.875000 1.500000 1.812500
v -1.875000 1.750000 1.375000
v -1.875000 2.250000 0.937500
v -2.250000 5.750000 -0.250000
v -2.250000 5.250000 -0.250000
v -2.250000 5.750000 0.250000
v -2.250000 5.250000 0.250000
v -2.375000 5.750000 0.250000
v -2.375000 5.750000 -0.250000
v -2.375000 5.250000 -0.250000
v -2.375000 5.250000 0.250000
v -2.500000 5.625000 0.125000
v -2.500000 5.625000 -0.125000
v -2.500000 5.375000 -0.125000
v -2.500000 5.375000 0.125000
v -3.375000 5.375000 0.125000
v -3.250000 5.250000 0.125000
v -3.250000 5.375000 0.250000
v -2.875000 5.375000 0.125000
v -3.000000 5.375000 0.250000
v -3.000000 5.250000 0.125000
v -3.375000 5.375000 -0.125000
v -3.250000 5.375000 -0.250000
v -3.250000 5.250000 -0.125000
v -2.875000 5.375000 -0.125000
v -3.000000 5.250000 -0.125000
v -3.000000 5.375000 -0.250000
v -3.375000 5.625000 0.125000
v -3.250000 5.625000 0.250000
v -3.250000 5.750000 0.125000
v -2.875000 5.625000 0.125000
v -3.000000 5.750000 0.125000
v -3.000000 5.625000 0.250000
v -3.250000 5.625000 -0.250000
v -3.375000 5.625000 -0.125000
v -3.250000 5.750000 -0.125000
v -2.875000 5.625000 -0.125000
v -3.000000 5.625000 -0.250000
v -3.000000 5.750000 -0.125000
v 2.250000 5.750000 0.250000
v 2.250000 5.250000 0.250000
v 2.250000 5.750000 -0.250000
v 2.250000 5.250000 -0.250000
v 2.375000 5.750000 -0.250000
v 2.375000 5.750000 0.250000
v 2.375000 5.250000 0.250000
v 2.375000 5.250000 -0.250000
v 2.500000 5.625000 -0.125000
v 2.500000 5.625000 0.125000
v 2.500000 5.375000 0.125000
v 2.500000 5.375000 -0.125000
v 3.375000 5.375000 -0.125000
v 3.250000 5.250000 -0.125000
v 3.250000 5.375000 -0.250000
v 2.875000 5.375000 -0.125000
v 3.000000 5.375000 -0.250000
v 3.000000 5.250000 -0.125000
v 3.375000 5.375000 0.125000
v 3.250000 5.375000 0.250000
v 3.250000 5.250000 0.125000
v 2.875000 5.375000 0.125000
v 3.000000 5.250000 0.125000
v 3.000000 5.375000 0.250000
v 3.375000 5.625000 -0.125000
v 3.250000 5.625000 -0.250000
v 3.250000 5.750000 -0.125000
v 2.875000 5.625000 -0.125000
v 3.000000 5.750000 -0.125000
v 3.000000 5.625000 -0.250000
v 3.250000 5.625000 0.250000
v 3.375000 5.625000 0.125000
v 3.250000 5.750000 0.125000
v 2.875000 5.625000 0.125000
v 3.000000 5.625000 0.250000
v 3.000000 5.750000 0.125000
vt 0.035714 0.582090
vt 0.357143 0.283582
vt 0.357143 0.582090
vt 0.642857 0.656716
vt 0.678571 0.507463
vt 0.642857 0.507463
vt 0.642857 0.686567
vt 0.678571 0.656716
vt 0.678571 0.477612
vt 0.642857 0.477612
vt 0.678571 0.283582
vt 0.642857 0.880597
vt 0.678571 0.686567
vt 0.357143 0.940298
vt 0.035714 0.641791
vt 0.357143 0.641791
vt 0.035714 1.000000
vt 0.357143 1.000000
vt 0.000000 0.641791
vt 0.035714 0.940298
vt -0.000000 0.940298
vt 0.392857 0.940298
vt 0.392857 0.641791
vt 0.428571 0.462687
vt 0.464286 0.402985
vt 0.446429 0.462687
vt 0.517857 0.462687
vt 0.553571 0.402985
vt 0.535714 0.462687
vt 0.428571 0.611940
vt 0.517857 0.611940
vt 0.589286 0.462687
vt 0.553571 0.611940
vt 0.553571 0.462687
vt 0.500000 0.462687
vt 0.464286 0.611940
vt 0.464286 0.462687
vt 0.589286 0.402985
vt 0.500000 0.402985
vt 0.428571 0.343284
vt 0.444196 0.358209
vt 0.430804 0.358209
vt 0.464286 0.343284
vt 0.448661 0.358209
vt 0.446429 0.343284
vt 0.482143 0.343284
vt 0.466518 0.358209
vt 0.500000 0.343284
vt 0.484375 0.358209
vt 0.515625 0.358209
vt 0.502232 0.358209
vt 0.535714 0.343284
vt 0.520089 0.358209
vt 0.517857 0.343284
vt 0.553571 0.343284
vt 0.537946 0.358209
vt 0.571429 0.343284
vt 0.555804 0.358209
vt 0.587054 0.358209
vt 0.573661 0.358209
vt 0.607143 0.343284
vt 0.591518 0.358209
vt 0.589286 0.343284
vt 0.625000 0.343284
vt 0.609375 0.358209
vt 0.640625 0.358209
vt 0.627232 0.358209
vt 0.375000 0.343284
vt 0.359375 0.358209
vt 0.357143 0.343284
vt 0.390625 0.358209
vt 0.377232 0.358209
vt 0.410714 0.343284
vt 0.395089 0.358209
vt 0.392857 0.343284
vt 0.412946 0.358209
vt 0.357194 0.447761
vt 0.383929 0.403071
vt 0.410663 0.447761
vt 0.462054 0.373134
vt 0.450893 0.388060
vt 0.448661 0.373134
vt 0.479911 0.373134
vt 0.468750 0.388060
vt 0.466518 0.373134
vt 0.497768 0.373134
vt 0.486607 0.388060
vt 0.484375 0.373134
vt 0.515625 0.373134
vt 0.504464 0.388060
vt 0.502232 0.373134
vt 0.533482 0.373134
vt 0.522321 0.388060
vt 0.520089 0.373134
vt 0.537946 0.373134
vt 0.549107 0.388060
vt 0.540179 0.388060
vt 0.569196 0.373134
vt 0.558036 0.388060
vt 0.555804 0.373134
vt 0.573661 0.373134
vt 0.584821 0.388060
vt 0.575893 0.388060
vt 0.591518 0.373134
vt 0.602679 0.388060
vt 0.593750 0.388060
vt 0.609375 0.373134
vt 0.620536 0.388060
vt 0.611607 0.388060
vt 0.640625 0.373134
vt 0.629464 0.388060
vt 0.627232 0.373134
vt 0.359375 0.373134
vt 0.370536 0.388060
vt 0.361607 0.388060
vt 0.377232 0.373134
vt 0.388393 0.388060
vt 0.379464 0.388060
vt 0.395089 0.373134
vt 0.406250 0.388060
vt 0.397321 0.388060
vt 0.412946 0.373134
vt 0.424107 0.388060
vt 0.415179 0.388060
vt 0.444196 0.373134
vt 0.433036 0.388060
vt 0.430804 0.373134
vt 0.816964 0.440298
vt 0.808036 0.417910
vt 0.816964 0.417910
vt 0.714286 0.343284
vt 0.785714 0.402985
vt 0.714286 0.402985
vt 0.821429 0.402985
vt 0.785714 0.343284
vt 0.821429 0.343284
vt 0.678571 0.343284
vt 0.678571 0.402985
vt 0.785714 0.283582
vt 0.714286 0.283582
vt 0.714286 0.462687
vt 0.785714 0.462687
vt 0.839286 0.410448
vt 0.825893 0.417910
vt 0.821429 0.410448
vt 0.839286 0.402985
vt 0.821429 0.402985
vt 0.803571 0.402985
vt 0.785714 0.410448
vt 0.785714 0.402985
vt 0.857143 0.402985
vt 0.803571 0.410448
vt 0.790179 0.417910
vt 0.852679 0.417910
vt 0.843750 0.417910
vt 0.799107 0.440298
vt 0.799107 0.417910
vt 0.852679 0.440298
vt 0.834821 0.440298
vt 0.834821 0.417910
vt 0.870536 0.425373
vt 0.861607 0.410448
vt 0.870536 0.410448
vt 0.870536 0.425373
vt 0.861607 0.410448
vt 0.870536 0.410448
vt 0.870536 0.425373
vt 0.861607 0.410448
vt 0.870536 0.410448
vt 0.870536 0.447761
vt 0.861607 0.432836
vt 0.870536 0.432836
vt 0.861607 0.432836
vt 0.857143 0.425373
vt 0.861607 0.425373
vt 0.861607 0.402985
vt 0.857143 0.410448
vt 0.857143 0.425373
vt 0.861607 0.425373
vt 0.861607 0.402985
vt 0.861607 0.410448
vt 0.857143 0.410448
vt 0.861607 0.432836
vt 0.857143 0.425373
vt 0.861607 0.425373
vt 0.861607 0.402985
vt 0.857143 0.410448
vt 0.861607 0.425373
vt 0.861607 0.432836
vt 0.857143 0.425373
vt 0.861607 0.402985
vt 0.857143 0.410448
vt 0.870536 0.432836
vt 0.870536 0.402985
vt 0.870536 0.425373
vt 0.870536 0.402985
vt 0.870536 0.432836
vt 0.870536 0.402985
vt 0.870536 0.432836
vt 0.870536 0.402985
vt 0.870536 0.410448
vt 0.392857 0.552239
vt 0.375000 0.522388
vt 0.392857 0.522388
vt 0.375000 0.552239
vt 0.392857 0.582090
vt 0.375000 0.582090
vt 0.375000 0.492537
vt 0.392857 0.492537
vt 0.357143 0.522388
vt 0.375000 0.552239
vt 0.357143 0.552239
vt 0.375000 0.522388
vt 0.357143 0.492537
vt 0.375000 0.492537
vt 0.375000 0.582090
vt 0.357143 0.582090
vt 0.939732 0.313433
vt 0.955357 0.298507
vt 0.955357 0.313433
vt 0.939732 0.328358
vt 0.955357 0.343284
vt 0.939732 0.343284
vt 0.892857 0.328358
vt 0.908482 0.343284
vt 0.892857 0.343284
vt 0.908482 0.328358
vt 0.924107 0.343284
vt 0.924107 0.328358
vt 0.892857 0.313433
vt 0.908482 0.298507
vt 0.908482 0.313433
vt 0.924107 0.298507
vt 0.924107 0.313433
vt 0.939732 0.298507
vt 0.875000 0.373134
vt 0.839286 0.313433
vt 0.875000 0.313433
vt 0.892857 0.283582
vt 0.821429 0.283582
vt 0.821429 0.313433
vt 0.839286 0.373134
vt 0.821429 0.373134
vt 0.892857 0.373134
vt 0.892857 0.313433
vt 0.821429 0.402985
vt 0.892857 0.402985
vt 0.678571 0.686567
vt 0.642857 0.880597
vt 0.642857 0.686567
vt 0.642857 0.477612
vt 0.678571 0.283582
vt 0.678571 0.477612
vt 0.642857 0.507463
vt 0.678571 0.656716
vt 0.642857 0.656716
vt 0.678571 0.507463
vt 0.428571 0.462687
vt 0.464286 0.402985
vt 0.446429 0.462687
vt 0.517857 0.462687
vt 0.553571 0.402985
vt 0.535714 0.462687
vt 0.428571 0.611940
vt 0.517857 0.611940
vt 0.589286 0.462687
vt 0.553571 0.611940
vt 0.553571 0.462687
vt 0.500000 0.462687
vt 0.464286 0.611940
vt 0.464286 0.462687
vt 0.589286 0.402985
vt 0.500000 0.402985
vt 0.428571 0.343284
vt 0.444196 0.358209
vt 0.430804 0.358209
vt 0.464286 0.343284
vt 0.448661 0.358209
vt 0.446429 0.343284
vt 0.482143 0.343284
vt 0.466518 0.358209
vt 0.500000 0.343284
vt 0.484375 0.358209
vt 0.515625 0.358209
vt 0.502232 0.358209
vt 0.535714 0.343284
vt 0.520089 0.358209
vt 0.517857 0.343284
vt 0.553571 0.343284
vt 0.537946 0.358209
vt 0.571429 0.343284
vt 0.555804 0.358209
vt 0.587054 0.358209
vt 0.573661 0.358209
vt 0.607143 0.343284
vt 0.591518 0.358209
vt 0.589286 0.343284
vt 0.625000 0.343284
vt 0.609375 0.358209
vt 0.640625 0.358209
vt 0.627232 0.358209
vt 0.375000 0.343284
vt 0.359375 0.358209
vt 0.357143 0.343284
vt 0.390625 0.358209
vt 0.377232 0.358209
vt 0.410714 0.343284
vt 0.395089 0.358209
vt 0.392857 0.343284
vt 0.412946 0.358209
vt 0.357194 0.447761
vt 0.383929 0.403071
vt 0.410663 0.447761
vt 0.462054 0.373134
vt 0.450893 0.388060
vt 0.448661 0.373134
vt 0.479911 0.373134
vt 0.468750 0.388060
vt 0.466518 0.373134
vt 0.497768 0.373134
vt 0.486607 0.388060
vt 0.484375 0.373134
vt 0.515625 0.373134
vt 0.504464 0.388060
vt 0.502232 0.373134
vt 0.533482 0.373134
vt 0.522321 0.388060
vt 0.520089 0.373134
vt 0.537946 0.373134
vt 0.549107 0.388060
vt 0.540179 0.388060
vt 0.569196 0.373134
vt 0.558036 0.388060
vt 0.555804 0.373134
vt 0.573661 0.373134
vt 0.584821 0.388060
vt 0.575893 0.388060
vt 0.591518 0.373134
vt 0.602679 0.388060
vt 0.593750 0.388060
vt 0.609375 0.373134
vt 0.620536 0.388060
vt 0.611607 0.388060
vt 0.640625 0.373134
vt 0.629464 0.388060
vt 0.627232 0.373134
vt 0.359375 0.373134
vt 0.370536 0.388060
vt 0.361607 0.388060
vt 0.377232 0.373134
vt 0.388393 0.388060
vt 0.379464 0.388060
vt 0.395089 0.373134
vt 0.406250 0.388060
vt 0.397321 0.388060
vt 0.412946 0.373134
vt 0.424107 0.388060
vt 0.415179 0.388060
vt 0.444196 0.373134
vt 0.433036 0.388060
vt 0.430804 0.373134
vt 0.816964 0.440298
vt 0.808036 0.417910
vt 0.816964 0.417910
vt 0.714286 0.402985
vt 0.785714 0.343284
vt 0.785714 0.402985
vt 0.821429 0.402985
vt 0.821429 0.343284
vt 0.678571 0.343284
vt 0.678571 0.402985
vt 0.785714 0.283582
vt 0.714286 0.343284
vt 0.714286 0.283582
vt 0.714286 0.462687
vt 0.785714 0.462687
vt 0.839286 0.410448
vt 0.825893 0.417910
vt 0.821429 0.410448
vt 0.839286 0.402985
vt 0.821429 0.402985
vt 0.803571 0.402985
vt 0.785714 0.410448
vt 0.785714 0.402985
vt 0.857143 0.402985
vt 0.803571 0.410448
vt 0.790179 0.417910
vt 0.852679 0.417910
vt 0.843750 0.417910
vt 0.799107 0.440298
vt 0.799107 0.417910
vt 0.852679 0.440298
vt 0.834821 0.440298
vt 0.834821 0.417910
vt 0.870536 0.425373
vt 0.861607 0.410448
vt 0.870536 0.410448
vt 0.870536 0.425373
vt 0.861607 0.410448
vt 0.870536 0.410448
vt 0.870536 0.425373
vt 0.861607 0.410448
vt 0.870536 0.410448
vt 0.870536 0.447761
vt 0.861607 0.432836
vt 0.870536 0.432836
vt 0.861607 0.432836
vt 0.857143 0.425373
vt 0.861607 0.425373
vt 0.861607 0.402985
vt 0.857143 0.410448
vt 0.857143 0.425373
vt 0.861607 0.425373
vt 0.861607 0.402985
vt 0.861607 0.410448
vt 0.857143 0.410448
vt 0.861607 0.432836
vt 0.857143 0.425373
vt 0.861607 0.425373
vt 0.861607 0.402985
vt 0.857143 0.410448
vt 0.861607 0.425373
vt 0.861607 0.432836
vt 0.857143 0.425373
vt 0.861607 0.402985
vt 0.857143 0.410448
vt 0.870536 0.432836
vt 0.870536 0.402985
vt 0.870536 0.425373
vt 0.870536 0.402985
vt 0.870536 0.432836
vt 0.870536 0.402985
vt 0.870536 0.432836
vt 0.870536 0.402985
vt 0.870536 0.410448
vt 0.392857 0.552239
vt 0.375000 0.522388
vt 0.392857 0.522388
vt 0.375000 0.552239
vt 0.392857 0.582090
vt 0.375000 0.582090
vt 0.375000 0.492537
vt 0.392857 0.492537
vt 0.357143 0.522388
vt 0.375000 0.552239
vt 0.357143 0.552239
vt 0.375000 0.522388
vt 0.357143 0.492537
vt 0.375000 0.492537
vt 0.375000 0.582090
vt 0.357143 0.582090
vt 0.939732 0.313433
vt 0.955357 0.298507
vt 0.955357 0.313433
vt 0.939732 0.328358
vt 0.955357 0.343284
vt 0.939732 0.343284
vt 0.892857 0.328358
vt 0.908482 0.343284
vt 0.892857 0.343284
vt 0.908482 0.328358
vt 0.924107 0.343284
vt 0.924107 0.328358
vt 0.892857 0.313433
vt 0.908482 0.298507
vt 0.908482 0.313433
vt 0.924107 0.298507
vt 0.924107 0.313433
vt 0.939732 0.298507
vt 0.875000 0.313433
vt 0.839286 0.373134
vt 0.839286 0.313433
vt 0.892857 0.283582
vt 0.821429 0.283582
vt 0.821429 0.313433
vt 0.821429 0.373134
vt 0.892857 0.373134
vt 0.892857 0.313433
vt 0.821429 0.402985
vt 0.875000 0.373134
vt 0.892857 0.402985
vt 0.816964 0.440298
vt 0.808036 0.417910
vt 0.816964 0.417910
vt 0.714286 0.343284
vt 0.785714 0.402985
vt 0.714286 0.402985
vt 0.821429 0.402985
vt 0.785714 0.343284
vt 0.821429 0.343284
vt 0.678571 0.343284
vt 0.678571 0.402985
vt 0.785714 0.283582
vt 0.714286 0.283582
vt 0.714286 0.462687
vt 0.785714 0.462687
vt 0.839286 0.410448
vt 0.825893 0.417910
vt 0.821429 0.410448
vt 0.839286 0.402985
vt 0.821429 0.402985
vt 0.803571 0.402985
vt 0.785714 0.410448
vt 0.785714 0.402985
vt 0.857143 0.402985
vt 0.803571 0.410448
vt 0.790179 0.417910
vt 0.852679 0.417910
vt 0.843750 0.417910
vt 0.799107 0.440298
vt 0.799107 0.417910
vt 0.852679 0.440298
vt 0.834821 0.440298
vt 0.834821 0.417910
vt 0.870536 0.425373
vt 0.861607 0.410448
vt 0.870536 0.410448
vt 0.870536 0.425373
vt 0.861607 0.410448
vt 0.870536 0.410448
vt 0.870536 0.425373
vt 0.861607 0.410448
vt 0.870536 0.410448
vt 0.870536 0.447761
vt 0.861607 0.432836
vt 0.870536 0.432836
vt 0.861607 0.432836
vt 0.857143 0.425373
vt 0.861607 0.425373
vt 0.861607 0.402985
vt 0.857143 0.410448
vt 0.857143 0.425373
vt 0.861607 0.425373
vt 0.861607 0.402985
vt 0.861607 0.410448
vt 0.857143 0.410448
vt 0.861607 0.432836
vt 0.857143 0.425373
vt 0.861607 0.425373
vt 0.861607 0.402985
vt 0.857143 0.410448
vt 0.861607 0.425373
vt 0.861607 0.432836
vt 0.857143 0.425373
vt 0.861607 0.402985
vt 0.857143 0.410448
vt 0.870536 0.432836
vt 0.870536 0.402985
vt 0.870536 0.425373
vt 0.870536 0.402985
vt 0.870536 0.432836
vt 0.870536 0.402985
vt 0.870536 0.432836
vt 0.870536 0.402985
vt 0.870536 0.410448
vt 0.939732 0.313433
vt 0.955357 0.298507
vt 0.955357 0.313433
vt 0.939732 0.328358
vt 0.955357 0.343284
vt 0.939732 0.343284
vt 0.892857 0.328358
vt 0.908482 0.343284
vt 0.892857 0.343284
vt 0.908482 0.328358
vt 0.924107 0.343284
vt 0.924107 0.328358
vt 0.892857 0.313433
vt 0.908482 0.298507
vt 0.908482 0.313433
vt 0.924107 0.298507
vt 0.924107 0.313433
vt 0.939732 0.298507
vt 0.816964 0.440298
vt 0.808036 0.417910
vt 0.816964 0.417910
vt 0.714286 0.402985
vt 0.785714 0.343284
vt 0.785714 0.402985
vt 0.821429 0.402985
vt 0.821429 0.343284
vt 0.678571 0.343284
vt 0.678571 0.402985
vt 0.785714 0.283582
vt 0.714286 0.343284
vt 0.714286 0.283582
vt 0.714286 0.462687
vt 0.785714 0.462687
vt 0.839286 0.410448
vt 0.825893 0.417910
vt 0.821429 0.410448
vt 0.839286 0.402985
vt 0.821429 0.402985
vt 0.803571 0.402985
vt 0.785714 0.410448
vt 0.785714 0.402985
vt 0.857143 0.402985
vt 0.803571 0.410448
vt 0.790179 0.417910
vt 0.852679 0.417910
vt 0.843750 0.417910
vt 0.799107 0.440298
vt 0.799107 0.417910
vt 0.852679 0.440298
vt 0.834821 0.440298
vt 0.834821 0.417910
vt 0.870536 0.425373
vt 0.861607 0.410448
vt 0.870536 0.410448
vt 0.870536 0.425373
vt 0.861607 0.410448
vt 0.870536 0.410448
vt 0.870536 0.425373
vt 0.861607 0.410448
vt 0.870536 0.410448
vt 0.870536 0.447761
vt 0.861607 0.432836
vt 0.870536 0.432836
vt 0.861607 0.432836
vt 0.857143 0.425373
vt 0.861607 0.425373
vt 0.861607 0.402985
vt 0.857143 0.410448
vt 0.857143 0.425373
vt 0.861607 0.425373
vt 0.861607 0.402985
vt 0.861607 0.410448
vt 0.857143 0.410448
vt 0.861607 0.432836
vt 0.857143 0.425373
vt 0.861607 0.425373
vt 0.861607 0.402985
vt 0.857143 0.410448
vt 0.861607 0.425373
vt 0.861607 0.432836
vt 0.857143 0.425373
vt 0.861607 0.402985
vt 0.857143 0.410448
vt 0.870536 0.432836
vt 0.870536 0.402985
vt 0.870536 0.425373
vt 0.870536 0.402985
vt 0.870536 0.432836
vt 0.870536 0.402985
vt 0.870536 0.432836
vt 0.870536 0.402985
vt 0.870536 0.410448
vt 0.939732 0.313433
vt 0.955357 0.298507
vt 0.955357 0.313433
vt 0.939732 0.328358
vt 0.955357 0.343284
vt 0.939732 0.343284
vt 0.892857 0.328358
vt 0.908482 0.343284
vt 0.892857 0.343284
vt 0.908482 0.328358
vt 0.924107 0.343284
vt 0.924107 0.328358
vt 0.892857 0.313433
vt 0.908482 0.298507
vt 0.908482 0.313433
vt 0.924107 0.298507
vt 0.924107 0.313433
vt 0.939732 0.298507
vt 0.816964 0.440298
vt 0.808036 0.417910
vt 0.816964 0.417910
vt 0.839286 0.410448
vt 0.825893 0.417910
vt 0.821429 0.410448
vt 0.839286 0.402985
vt 0.821429 0.402985
vt 0.803571 0.402985
vt 0.785714 0.410448
vt 0.785714 0.402985
vt 0.857143 0.402985
vt 0.803571 0.410448
vt 0.790179 0.417910
vt 0.857143 0.410448
vt 0.843750 0.417910
vt 0.799107 0.440298
vt 0.799107 0.417910
vt 0.852679 0.440298
vt 0.852679 0.417910
vt 0.834821 0.440298
vt 0.834821 0.417910
vt 0.870536 0.425373
vt 0.861607 0.410448
vt 0.870536 0.410448
vt 0.870536 0.425373
vt 0.861607 0.410448
vt 0.870536 0.410448
vt 0.870536 0.425373
vt 0.861607 0.410448
vt 0.870536 0.410448
vt 0.870536 0.447761
vt 0.861607 0.432836
vt 0.870536 0.432836
vt 0.861607 0.432836
vt 0.857143 0.425373
vt 0.861607 0.425373
vt 0.861607 0.402985
vt 0.857143 0.410448
vt 0.857143 0.425373
vt 0.861607 0.425373
vt 0.861607 0.402985
vt 0.861607 0.410448
vt 0.857143 0.410448
vt 0.861607 0.432836
vt 0.857143 0.425373
vt 0.861607 0.425373
vt 0.861607 0.402985
vt 0.857143 0.410448
vt 0.861607 0.425373
vt 0.861607 0.432836
vt 0.857143 0.425373
vt 0.861607 0.402985
vt 0.857143 0.410448
vt 0.870536 0.432836
vt 0.870536 0.402985
vt 0.870536 0.425373
vt 0.870536 0.402985
vt 0.870536 0.432836
vt 0.870536 0.402985
vt 0.870536 0.432836
vt 0.870536 0.402985
vt 0.870536 0.410448
vt 0.816964 0.440298
vt 0.808036 0.417910
vt 0.816964 0.417910
vt 0.839286 0.410448
vt 0.825893 0.417910
vt 0.821429 0.410448
vt 0.839286 0.402985
vt 0.821429 0.402985
vt 0.803571 0.402985
vt 0.785714 0.410448
vt 0.785714 0.402985
vt 0.857143 0.402985
vt 0.803571 0.410448
vt 0.790179 0.417910
vt 0.857143 0.410448
vt 0.843750 0.417910
vt 0.799107 0.440298
vt 0.799107 0.417910
vt 0.852679 0.440298
vt 0.852679 0.417910
vt 0.834821 0.440298
vt 0.834821 0.417910
vt 0.870536 0.425373
vt 0.861607 0.410448
vt 0.870536 0.410448
vt 0.870536 0.425373
vt 0.861607 0.410448
vt 0.870536 0.410448
vt 0.870536 0.425373
vt 0.861607 0.410448
vt 0.870536 0.410448
vt 0.870536 0.447761
vt 0.861607 0.432836
vt 0.870536 0.432836
vt 0.861607 0.432836
vt 0.857143 0.425373
vt 0.861607 0.425373
vt 0.861607 0.402985
vt 0.857143 0.410448
vt 0.857143 0.425373
vt 0.861607 0.425373
vt 0.861607 0.402985
vt 0.861607 0.410448
vt 0.857143 0.410448
vt 0.861607 0.432836
vt 0.857143 0.425373
vt 0.861607 0.425373
vt 0.861607 0.402985
vt 0.857143 0.410448
vt 0.861607 0.425373
vt 0.861607 0.432836
vt 0.857143 0.425373
vt 0.861607 0.402985
vt 0.857143 0.410448
vt 0.870536 0.432836
vt 0.870536 0.402985
vt 0.870536 0.425373
vt 0.870536 0.402985
vt 0.870536 0.432836
vt 0.870536 0.402985
vt 0.870536 0.432836
vt 0.870536 0.410448
vt 0.035714 0.283582
vt 0.642857 0.283582
vt 0.678571 0.880597
vt 0.410714 0.402985
vt 0.446429 0.611940
vt 0.535714 0.611940
vt 0.589286 0.611940
vt 0.500000 0.611940
vt 0.462054 0.358209
vt 0.479911 0.358209
vt 0.497768 0.358209
vt 0.533482 0.358209
vt 0.551339 0.358209
vt 0.569196 0.358209
vt 0.604911 0.358209
vt 0.622768 0.358209
vt 0.642857 0.343284
vt 0.372768 0.358209
vt 0.408482 0.358209
vt 0.426339 0.358209
vt 0.408628 0.464863
vt 0.383929 0.492452
vt 0.402833 0.479362
vt 0.394160 0.489050
vt 0.373698 0.489050
vt 0.365025 0.479362
vt 0.359229 0.464863
vt 0.359229 0.430659
vt 0.365025 0.416160
vt 0.373698 0.406473
vt 0.394160 0.406473
vt 0.402833 0.416160
vt 0.408628 0.430659
vt 0.459821 0.388060
vt 0.477679 0.388060
vt 0.495536 0.388060
vt 0.513393 0.388060
vt 0.531250 0.388060
vt 0.551339 0.373134
vt 0.566964 0.388060
vt 0.587054 0.373134
vt 0.604911 0.373134
vt 0.622768 0.373134
vt 0.638393 0.388060
vt 0.372768 0.373134
vt 0.390625 0.373134
vt 0.408482 0.373134
vt 0.426339 0.373134
vt 0.441964 0.388060
vt 0.808036 0.440298
vt 0.857143 0.410448
vt 0.790179 0.440298
vt 0.843750 0.440298
vt 0.825893 0.440298
vt 0.861607 0.447761
vt 0.955357 0.328358
vt 0.892857 0.298507
vt 0.678571 0.880597
vt 0.642857 0.283582
vt 0.410714 0.402985
vt 0.446429 0.611940
vt 0.535714 0.611940
vt 0.589286 0.611940
vt 0.500000 0.611940
vt 0.462054 0.358209
vt 0.479911 0.358209
vt 0.497768 0.358209
vt 0.533482 0.358209
vt 0.551339 0.358209
vt 0.569196 0.358209
vt 0.604911 0.358209
vt 0.622768 0.358209
vt 0.642857 0.343284
vt 0.372768 0.358209
vt 0.408482 0.358209
vt 0.426339 0.358209
vt 0.408628 0.464863
vt 0.383929 0.492452
vt 0.402833 0.479362
vt 0.394160 0.489050
vt 0.373698 0.489050
vt 0.365025 0.479362
vt 0.359229 0.464863
vt 0.359229 0.430659
vt 0.365025 0.416160
vt 0.373698 0.406473
vt 0.394160 0.406473
vt 0.402833 0.416160
vt 0.408628 0.430659
vt 0.459821 0.388060
vt 0.477679 0.388060
vt 0.495536 0.388060
vt 0.513393 0.388060
vt 0.531250 0.388060
vt 0.551339 0.373134
vt 0.566964 0.388060
vt 0.587054 0.373134
vt 0.604911 0.373134
vt 0.622768 0.373134
vt 0.638393 0.388060
vt 0.372768 0.373134
vt 0.390625 0.373134
vt 0.408482 0.373134
vt 0.426339 0.373134
vt 0.441964 0.388060
vt 0.808036 0.440298
vt 0.857143 0.410448
vt 0.790179 0.440298
vt 0.843750 0.440298
vt 0.825893 0.440298
vt 0.861607 0.447761
vt 0.955357 0.328358
vt 0.892857 0.298507
vt 0.808036 0.440298
vt 0.857143 0.410448
vt 0.790179 0.440298
vt 0.843750 0.440298
vt 0.825893 0.440298
vt 0.861607 0.447761
vt 0.955357 0.328358
vt 0.892857 0.298507
vt 0.808036 0.440298
vt 0.857143 0.410448
vt 0.790179 0.440298
vt 0.843750 0.440298
vt 0.825893 0.440298
vt 0.861607 0.447761
vt 0.955357 0.328358
vt 0.892857 0.298507
vt 0.808036 0.440298
vt 0.790179 0.440298
vt 0.843750 0.440298
vt 0.825893 0.440298
vt 0.861607 0.447761
vt 0.808036 0.440298
vt 0.790179 0.440298
vt 0.843750 0.440298
vt 0.825893 0.440298
vt 0.861607 0.447761
vt 0.870536 0.402985
vt 0.625000 0.283582
vt 0.607143 0.283582
vt 0.500000 0.283582
vt 0.482143 0.283582
vt 0.642857 0.283582
vt 0.517857 0.283582
vt 0.375000 0.283582
vt 0.357143 0.283582
vt 0.535714 0.283582
vt 0.392857 0.283582
vt 0.553571 0.283582
vt 0.410714 0.283582
vt 0.571429 0.283582
vt 0.446429 0.283582
vt 0.428571 0.283582
vt 0.589286 0.283582
vt 0.464286 0.283582
vt 0.433036 0.402985
vt 0.441964 0.402985
vt 0.379464 0.402985
vt 0.388393 0.402985
vt 0.361607 0.402985
vt 0.370536 0.402985
vt 0.629464 0.402985
vt 0.638393 0.402985
vt 0.611607 0.402985
vt 0.620536 0.402985
vt 0.593750 0.402985
vt 0.602679 0.402985
vt 0.575893 0.402985
vt 0.584821 0.402985
vt 0.397321 0.402985
vt 0.406250 0.402985
vt 0.450893 0.402985
vt 0.459821 0.402985
vt 0.415179 0.402985
vt 0.424107 0.402985
vt 0.468750 0.402985
vt 0.477679 0.402985
vt 0.486607 0.402985
vt 0.495536 0.402985
vt 0.504464 0.402985
vt 0.513393 0.402985
vt 0.522321 0.402985
vt 0.531250 0.402985
vt 0.540179 0.402985
vt 0.549107 0.402985
vt 0.558036 0.402985
vt 0.566964 0.402985
vt 0.939732 0.283582
vt 0.892857 0.283582
vt 0.908482 0.283582
vt 0.924107 0.283582
vt 0.607143 0.283582
vt 0.500000 0.283582
vt 0.482143 0.283582
vt 0.642857 0.283582
vt 0.625000 0.283582
vt 0.517857 0.283582
vt 0.375000 0.283582
vt 0.357143 0.283582
vt 0.535714 0.283582
vt 0.392857 0.283582
vt 0.410714 0.283582
vt 0.571429 0.283582
vt 0.553571 0.283582
vt 0.446429 0.283582
vt 0.428571 0.283582
vt 0.589286 0.283582
vt 0.464286 0.283582
vt 0.433036 0.402985
vt 0.441964 0.402985
vt 0.388393 0.402985
vt 0.361607 0.402985
vt 0.370536 0.402985
vt 0.638393 0.402985
vt 0.611607 0.402985
vt 0.620536 0.402985
vt 0.593750 0.402985
vt 0.602679 0.402985
vt 0.575893 0.402985
vt 0.584821 0.402985
vt 0.397321 0.402985
vt 0.406250 0.402985
vt 0.450893 0.402985
vt 0.459821 0.402985
vt 0.415179 0.402985
vt 0.424107 0.402985
vt 0.468750 0.402985
vt 0.477679 0.402985
vt 0.486607 0.402985
vt 0.495536 0.402985
vt 0.504464 0.402985
vt 0.513393 0.402985
vt 0.522321 0.402985
vt 0.531250 0.402985
vt 0.540179 0.402985
vt 0.549107 0.402985
vt 0.558036 0.402985
vt 0.566964 0.402985
vt 0.955357 0.283582
vt 0.892857 0.283582
vt 0.908482 0.283582
vt 0.939732 0.283582
vt 0.939732 0.283582
vt 0.892857 0.283582
vt 0.908482 0.283582
vt 0.924107 0.283582
vt 0.955357 0.283582
vt 0.892857 0.283582
vt 0.908482 0.283582
vt 0.924107 0.283582
vt 0.955357 0.283582
vt 0.379464 0.402985
vt 0.629464 0.402985
vt 0.924107 0.283582
vt 0.955357 0.283582
vt 0.939732 0.283582
vn 0.0000 -1.0000 0.0000
vn -0.7071 -0.7071 0.0000
vn 0.7071 -0.7071 0.0000
vn 1.0000 0.0000 0.0000
vn -1.0000 0.0000 0.0000
vn 0.0000 1.0000 0.0000
vn 0.0000 0.0000 -1.0000
vn 0.0000 0.0000 1.0000
vn 0.8944 0.4472 0.0000
vn -0.8944 0.4472 0.0000
vn -0.7071 0.7071 0.0000
vn 0.7071 0.7071 0.0000
vn 0.0000 0.7071 0.7071
vn 0.0000 0.7071 -0.7071
vn -0.5774 0.5773 0.5773
vn -0.5774 -0.5773 0.5773
vn -0.5774 0.5773 -0.5773
vn -0.5774 -0.5773 -0.5773
vn 0.5774 0.5774 0.5774
vn 0.5774 -0.5774 0.5774
vn 0.5774 0.5774 -0.5774
vn 0.5774 -0.5774 -0.5774
vn 0.0000 -0.7071 -0.7071
vn -0.7071 0.0000 -0.7071
vn -0.7071 0.0000 0.7071
vn 0.0000 -0.7071 0.7071
vn 0.7071 0.0000 0.7071
vn 0.7071 0.0000 -0.7071
vn 0.5774 0.5773 -0.5773
vn 0.5774 -0.5773 -0.5773
vn 0.5774 0.5773 0.5773
vn 0.5774 -0.5773 0.5773
vn -0.5774 0.5774 -0.5774
vn -0.5774 -0.5774 -0.5774
vn -0.5774 0.5774 0.5774
vn -0.5774 -0.5774 0.5774
vn 0.5773 0.5774 0.5774
vn 0.0000 -0.9239 -0.3827
vn 0.0000 0.9239 0.3827
vn 0.0000 0.9239 -0.3827
vn 0.0000 -0.9239 0.3827
vn 0.0000 0.3827 -0.9239
vn 0.0000 -0.3827 0.9239
vn 0.0000 0.3827 0.9239
vn -0.0000 -0.3827 -0.9239
vn 0.0000 0.6169 -0.7871
vn 0.0000 0.5735 -0.8192
vn 0.0000 -0.6169 0.7871
vn 0.0000 -0.5735 0.8192
vn 0.0000 -0.9615 0.2747
vn 0.0000 -0.9216 0.3882
vn 0.0000 -0.7741 0.6331
vn 0.0000 0.9615 -0.2747
vn 0.0000 0.9216 -0.3882
vn 0.0000 0.7741 -0.6331
vn 0.0000 0.6169 0.7871
vn 0.0000 0.5735 0.8192
vn -0.0000 -0.6169 -0.7871
vn -0.0000 -0.5735 -0.8192
vn 0.0000 -0.9615 -0.2747
vn 0.0000 -0.9216 -0.3882
vn -0.0000 -0.7741 -0.6331
vn 0.0000 0.9615 0.2747
vn 0.0000 0.9216 0.3882
vn 0.0000 0.7741 0.6331
usemtl fensu2
s off
f 386/1/1 392/2/1 390/3/1
f 391/4/2 385/5/2 389/6/2
f 391/4/3 388/7/3 387/8/3
f 391/4/4 390/3/4 392/2/4
f 394/9/4 395/10/4 393/11/4
f 394/9/5 397/12/5 398/13/5
f 394/9/1 400/14/1 396/15/1
f 399/16/2 393/11/2 395/10/2
f 402/17/6 408/18/6 406/19/6
f 407/20/7 401/21/7 405/22/7
f 407/20/8 404/23/8 403/24/8
f 407/20/4 406/19/4 408/18/4
f 410/25/4 411/26/4 409/27/4
f 410/25/9 413/28/9 414/29/9
f 410/25/6 416/30/6 412/31/6
f 415/32/7 409/27/7 411/26/7
f 420/33/1 423/34/1 419/35/1
f 422/36/2 417/37/2 421/38/2
f 423/34/7 417/37/7 419/35/7
f 420/39/6 422/36/6 424/40/6
f 428/41/2 431/42/2 427/43/2
f 430/44/1 425/45/1 429/46/1
f 431/42/6 425/45/6 427/43/6
f 428/47/7 430/44/7 432/48/7
f 436/49/6 439/50/6 435/51/6
f 438/52/7 433/53/7 437/54/7
f 439/50/1 433/53/1 435/51/1
f 436/55/2 438/52/2 440/56/2
f 444/57/7 447/58/7 443/59/7
f 446/60/6 441/61/6 445/62/6
f 447/58/2 441/61/2 443/59/2
f 444/63/1 446/60/1 448/64/1
f 452/65/10 455/66/10 451/67/10
f 454/68/11 449/69/11 453/70/11
f 455/66/12 449/69/12 451/67/12
f 452/71/13 454/68/13 456/72/13
f 460/73/11 463/74/11 459/75/11
f 462/76/10 457/77/10 461/78/10
f 463/74/13 457/77/13 459/75/13
f 460/79/12 462/76/12 464/80/12
f 468/81/13 471/82/13 467/83/13
f 470/84/12 465/85/12 469/86/12
f 471/82/10 465/85/10 467/83/10
f 468/87/11 470/84/11 472/88/11
f 476/89/12 479/90/12 475/91/12
f 478/92/13 473/93/13 477/94/13
f 479/90/11 473/93/11 475/91/11
f 476/95/10 478/92/10 480/96/10
f 484/97/14 487/98/14 483/99/14
f 486/100/15 481/101/15 485/102/15
f 487/98/16 481/101/16 483/99/16
f 484/103/17 486/100/17 488/104/17
f 492/105/15 495/106/15 491/107/15
f 494/108/14 489/109/14 493/110/14
f 495/106/17 489/109/17 491/107/17
f 492/111/16 494/108/16 496/112/16
f 500/113/17 503/114/17 499/115/17
f 502/116/16 497/117/16 501/118/16
f 503/114/14 497/117/14 499/115/14
f 500/119/15 502/116/15 504/120/15
f 508/121/16 511/122/16 507/123/16
f 510/124/17 505/125/17 509/126/17
f 511/122/15 505/125/15 507/123/15
f 508/127/14 510/124/14 512/128/14
f 516/129/18 519/130/18 515/131/18
f 518/132/19 513/133/19 517/134/19
f 519/130/20 513/133/20 515/131/20
f 516/135/21 518/132/21 520/136/21
f 524/137/19 527/138/19 523/139/19
f 526/140/18 521/141/18 525/142/18
f 527/138/21 521/141/21 523/139/21
f 524/143/20 526/140/20 528/144/20
f 532/145/21 535/146/21 531/147/21
f 534/148/20 529/149/20 533/150/20
f 535/146/18 529/149/18 531/147/18
f 532/151/19 534/148/19 536/152/19
f 540/153/20 543/154/20 539/155/20
f 542/156/21 537/157/21 541/158/21
f 543/154/19 537/157/19 539/155/19
f 540/159/18 542/156/18 544/160/18
f 546/161/10 552/162/10 550/163/10
f 551/164/11 545/165/11 549/166/11
f 551/164/22 548/167/22 547/168/22
f 551/164/4 550/163/4 552/162/4
f 553/169/4 556/170/4 555/171/4
f 553/169/23 558/172/23 554/173/23
f 554/173/10 560/174/10 556/170/10
f 559/175/11 553/169/11 555/171/11
f 562/176/13 568/177/13 566/178/13
f 567/179/12 561/180/12 565/181/12
f 567/179/24 564/182/24 563/183/24
f 567/179/4 566/178/4 568/177/4
f 569/184/4 572/185/4 571/186/4
f 570/187/25 573/188/25 574/189/25
f 570/187/13 576/190/13 572/185/13
f 575/191/12 569/184/12 571/186/12
f 578/192/1 584/193/1 582/194/1
f 583/195/2 577/196/2 581/197/2
f 583/195/26 580/198/26 579/199/26
f 583/195/27 582/194/27 584/193/27
f 586/200/27 587/201/27 585/202/27
f 586/200/28 589/203/28 590/204/28
f 586/200/1 592/205/1 588/206/1
f 591/207/2 585/202/2 587/201/2
f 594/208/7 600/209/7 598/210/7
f 599/211/6 593/212/6 597/213/6
f 599/211/29 596/214/29 595/215/29
f 599/211/27 598/210/27 600/209/27
f 602/216/27 603/217/27 601/218/27
f 602/216/30 605/219/30 606/220/30
f 602/216/7 608/221/7 604/222/7
f 607/223/6 601/218/6 603/217/6
f 610/224/12 616/225/12 614/226/12
f 615/227/13 609/228/13 613/229/13
f 615/227/31 612/230/31 611/231/31
f 615/227/27 614/226/27 616/225/27
f 617/232/27 620/233/27 619/234/27
f 618/235/32 621/236/32 622/237/32
f 618/235/12 624/238/12 620/233/12
f 623/239/13 617/232/13 619/234/13
f 626/240/11 632/241/11 630/242/11
f 631/243/10 625/244/10 629/245/10
f 631/243/33 628/246/33 627/247/33
f 631/243/27 630/242/27 632/241/27
f 633/248/27 636/249/27 635/250/27
f 634/251/34 637/252/34 638/253/34
f 634/251/11 640/254/11 636/249/11
f 639/255/10 633/248/10 635/250/10
f 386/1/1 388/256/1 392/2/1
f 391/4/2 387/257/2 385/5/2
f 391/4/3 392/2/3 388/7/3
f 391/4/4 389/6/4 390/3/4
f 394/9/4 396/15/4 395/10/4
f 394/9/5 393/11/5 397/12/5
f 394/9/1 398/258/1 400/14/1
f 399/16/2 397/259/2 393/11/2
f 402/17/6 404/260/6 408/18/6
f 407/20/7 403/261/7 401/21/7
f 407/20/8 408/18/8 404/23/8
f 407/20/4 405/22/4 406/19/4
f 410/25/4 412/31/4 411/26/4
f 410/25/9 409/27/9 413/28/9
f 410/25/6 414/262/6 416/30/6
f 415/32/7 413/263/7 409/27/7
f 420/33/1 424/264/1 423/34/1
f 422/36/2 418/265/2 417/37/2
f 423/34/7 421/38/7 417/37/7
f 420/39/6 418/265/6 422/36/6
f 428/41/2 432/266/2 431/42/2
f 430/44/1 426/267/1 425/45/1
f 431/42/6 429/46/6 425/45/6
f 428/47/7 426/267/7 430/44/7
f 436/49/6 440/268/6 439/50/6
f 438/52/7 434/269/7 433/53/7
f 439/50/1 437/54/1 433/53/1
f 436/55/2 434/269/2 438/52/2
f 444/57/7 448/270/7 447/58/7
f 446/60/6 442/271/6 441/61/6
f 447/58/2 445/62/2 441/61/2
f 444/63/1 442/271/1 446/60/1
f 452/65/10 456/272/10 455/66/10
f 454/68/11 450/273/11 449/69/11
f 455/66/12 453/70/12 449/69/12
f 452/71/13 450/273/13 454/68/13
f 460/73/11 464/274/11 463/74/11
f 462/76/10 458/275/10 457/77/10
f 463/74/13 461/78/13 457/77/13
f 460/79/12 458/275/12 462/76/12
f 468/81/13 472/276/13 471/82/13
f 470/84/12 466/277/12 465/85/12
f 471/82/10 469/86/10 465/85/10
f 468/87/11 466/277/11 470/84/11
f 476/89/12 480/278/12 479/90/12
f 478/92/13 474/279/13 473/93/13
f 479/90/11 477/94/11 473/93/11
f 476/95/10 474/279/10 478/92/10
f 484/97/14 488/280/14 487/98/14
f 486/100/15 482/281/15 481/101/15
f 487/98/16 485/102/16 481/101/16
f 484/103/17 482/281/17 486/100/17
f 492/105/15 496/282/15 495/106/15
f 494/108/14 490/283/14 489/109/14
f 495/106/17 493/110/17 489/109/17
f 492/111/16 490/283/16 494/108/16
f 500/113/17 504/284/17 503/114/17
f 502/116/16 498/285/16 497/117/16
f 503/114/14 501/118/14 497/117/14
f 500/119/15 498/285/15 502/116/15
f 508/121/16 512/286/16 511/122/16
f 510/124/17 506/287/17 505/125/17
f 511/122/15 509/126/15 505/125/15
f 508/127/14 506/287/14 510/124/14
f 516/129/18 520/288/18 519/130/18
f 518/132/19 514/289/19 513/133/19
f 519/130/20 517/134/20 513/133/20
f 516/135/21 514/289/21 518/132/21
f 524/137/19 528/290/19 527/138/19
f 526/140/18 522/291/18 521/141/18
f 527/138/21 525/142/21 521/141/21
f 524/143/20 522/291/20 526/140/20
f 532/145/21 536/292/21 535/146/21
f 534/148/20 530/293/20 529/149/20
f 535/146/18 533/150/18 529/149/18
f 532/151/19 530/293/19 534/148/19
f 540/153/20 544/294/20 543/154/20
f 542/156/21 538/295/21 537/157/21
f 543/154/19 541/158/19 537/157/19
f 540/159/18 538/295/18 542/156/18
f 546/161/10 548/296/10 552/162/10
f 551/164/11 547/297/11 545/165/11
f 551/164/22 552/162/22 548/167/22
f 551/164/4 549/166/4 550/163/4
f 553/169/4 554/173/4 556/170/4
f 553/169/23 557/298/23 558/172/23
f 554/173/10 558/299/10 560/174/10
f 559/175/11 557/300/11 553/169/11
f 562/176/13 564/301/13 568/177/13
f 567/179/12 563/302/12 561/180/12
f 567/179/24 568/177/24 564/182/24
f 567/179/4 565/181/4 566/178/4
f 569/184/4 570/187/4 572/185/4
f 570/187/25 569/184/25 573/188/25
f 570/187/13 574/303/13 576/190/13
f 575/191/12 573/304/12 569/184/12
f 578/192/1 580/305/1 584/193/1
f 583/195/2 579/306/2 577/196/2
f 583/195/26 584/193/26 580/198/26
f 583/195/27 581/197/27 582/194/27
f 586/200/27 588/206/27 587/201/27
f 586/200/28 585/202/28 589/203/28
f 586/200/1 590/307/1 592/205/1
f 591/207/2 589/308/2 585/202/2
f 594/208/7 596/309/7 600/209/7
f 599/211/6 595/310/6 593/212/6
f 599/211/29 600/209/29 596/214/29
f 599/211/27 597/213/27 598/210/27
f 602/216/27 604/222/27 603/217/27
f 602/216/30 601/218/30 605/219/30
f 602/216/7 606/311/7 608/221/7
f 607/223/6 605/312/6 601/218/6
f 610/224/12 612/313/12 616/225/12
f 615/227/13 611/314/13 609/228/13
f 615/227/31 616/225/31 612/230/31
f 615/227/27 613/229/27 614/226/27
f 617/232/27 618/235/27 620/233/27
f 618/235/32 617/232/32 621/236/32
f 618/235/12 622/315/12 624/238/12
f 623/239/13 621/316/13 617/232/13
f 626/240/11 628/317/11 632/241/11
f 631/243/10 627/318/10 625/244/10
f 631/243/33 632/241/33 628/246/33
f 631/243/27 629/245/27 630/242/27
f 633/248/27 634/251/27 636/249/27
f 634/251/34 633/248/34 637/252/34
f 634/251/11 638/319/11 640/254/11
f 639/255/10 637/320/10 633/248/10
s 1
f 19/321/19 276/322/35 20/323/35
f 32/324/36 257/325/6 1/326/6
f 5/327/13 262/328/37 6/329/37
f 18/330/38 275/331/19 19/321/19
f 31/332/14 288/333/36 32/324/36
f 4/334/39 261/335/13 5/327/13
f 18/330/38 273/336/7 274/337/38
f 31/332/14 286/338/40 287/339/14
f 4/334/39 259/340/18 260/341/39
f 17/342/7 272/343/41 273/336/7
f 29/344/10 286/338/40 30/345/40
f 2/346/42 259/340/18 3/347/18
f 15/348/15 272/343/41 16/349/41
f 28/350/43 285/351/10 29/344/10
f 2/346/42 257/325/6 258/352/42
f 14/353/44 271/354/15 15/348/15
f 27/355/20 284/356/43 28/350/43
f 13/357/11 270/358/44 14/353/44
f 26/359/45 283/360/20 27/355/20
f 12/361/46 269/362/11 13/357/11
f 25/363/1 282/364/45 26/359/45
f 11/365/21 268/366/46 12/361/46
f 24/367/47 281/368/1 25/363/1
f 10/369/48 267/370/21 11/365/21
f 23/371/16 280/372/47 24/367/47
f 9/373/2 266/374/48 10/369/48
f 22/375/49 279/376/16 23/371/16
f 8/377/50 265/378/2 9/379/2
f 21/380/12 278/381/49 22/375/49
f 7/382/17 264/383/50 8/377/50
f 21/380/12 276/322/35 277/384/12
f 6/329/37 263/385/17 7/382/17
f 3/347/51 66/386/52 2/346/52
f 4/334/53 67/387/51 3/347/51
f 5/327/54 68/388/53 4/334/53
f 5/327/54 70/389/55 69/390/54
f 7/382/56 70/389/55 6/329/55
f 8/377/57 71/391/56 7/382/56
f 8/377/57 73/392/58 72/393/57
f 9/373/58 74/394/59 73/395/58
f 10/369/59 75/396/60 74/394/59
f 11/365/60 76/397/61 75/398/60
f 13/357/62 76/397/61 12/361/61
f 14/353/63 77/399/62 13/357/62
f 15/348/64 78/400/63 14/353/63
f 15/348/64 80/401/65 79/402/64
f 16/349/65 81/403/66 80/401/65
f 18/330/67 81/404/66 17/342/66
f 19/321/68 82/405/67 18/330/67
f 19/321/68 84/406/69 83/407/68
f 20/323/69 85/408/70 84/406/69
f 22/375/71 85/409/70 21/380/70
f 23/371/72 86/410/71 22/375/71
f 23/371/72 88/411/73 87/412/72
f 24/367/73 89/413/74 88/411/73
f 26/359/75 89/414/74 25/363/74
f 27/355/76 90/415/75 26/359/75
f 28/350/77 91/416/76 27/355/76
f 29/344/78 92/417/77 28/350/77
f 30/345/79 93/418/78 29/344/78
f 31/332/80 94/419/79 30/345/79
f 32/324/81 95/420/80 31/332/80
f 32/324/81 65/421/82 96/422/81
f 2/346/52 65/423/82 1/326/82
f 82/405/38 113/424/7 81/404/7
f 69/425/13 100/426/39 68/388/39
f 96/422/36 127/427/14 95/420/14
f 83/428/19 114/429/38 82/405/38
f 70/389/37 101/430/13 69/390/13
f 65/421/6 128/431/36 96/422/36
f 84/406/35 115/432/19 83/407/19
f 71/433/17 102/434/37 70/389/37
f 84/406/35 117/435/12 116/436/35
f 72/393/50 103/437/17 71/391/17
f 86/410/49 117/438/12 85/409/12
f 73/392/2 104/439/50 72/393/50
f 87/440/16 118/441/49 86/410/49
f 74/394/48 105/442/2 73/395/2
f 88/411/47 119/443/16 87/412/16
f 75/396/21 106/444/48 74/394/48
f 89/413/1 120/445/47 88/411/47
f 76/397/46 107/446/21 75/398/21
f 90/415/45 121/447/1 89/414/1
f 77/448/11 108/449/46 76/397/46
f 91/450/20 122/451/45 90/415/45
f 77/399/11 110/452/44 109/453/11
f 92/417/43 123/454/20 91/416/20
f 79/455/15 110/452/44 78/400/44
f 66/386/42 97/456/6 65/423/6
f 93/457/10 124/458/43 92/417/43
f 80/401/41 111/459/15 79/402/15
f 67/460/18 98/461/42 66/386/42
f 94/419/40 125/462/10 93/418/10
f 81/403/7 112/463/41 80/401/41
f 68/388/39 99/464/18 67/387/18
f 95/465/14 126/466/40 94/419/40
f 99/467/83 130/468/84 98/461/84
f 99/464/83 132/469/85 131/470/83
f 101/471/86 132/469/85 100/426/85
f 102/434/87 133/472/86 101/430/86
f 102/434/87 135/473/88 134/474/87
f 103/437/88 136/475/89 135/476/88
f 105/477/90 136/475/89 104/439/89
f 105/442/90 138/478/91 137/479/90
f 107/480/92 138/478/91 106/444/91
f 107/446/92 140/481/93 139/482/92
f 108/449/93 141/483/94 140/481/93
f 110/452/95 141/484/94 109/453/94
f 110/452/95 143/485/96 142/486/95
f 111/459/96 144/487/97 143/488/96
f 112/463/97 145/489/98 144/487/97
f 113/424/98 146/490/99 145/491/98
f 115/492/100 146/490/99 114/429/99
f 115/432/100 148/493/101 147/494/100
f 116/436/101 149/495/102 148/493/101
f 118/441/103 149/496/102 117/438/102
f 119/497/104 150/498/103 118/441/103
f 119/443/104 152/499/105 151/500/104
f 121/501/106 152/499/105 120/445/105
f 121/447/106 154/502/107 153/503/106
f 122/451/107 155/504/108 154/502/107
f 124/458/109 155/505/108 123/454/108
f 124/458/109 157/506/110 156/507/109
f 125/462/110 158/508/111 157/509/110
f 127/510/112 158/508/111 126/466/111
f 127/427/112 160/511/113 159/512/112
f 97/513/114 160/511/113 128/431/113
f 97/456/114 130/468/84 129/514/114
f 43/515/115 172/516/116 44/517/116
f 42/518/117 171/519/115 43/515/115
f 41/520/118 170/521/117 42/518/117
f 40/522/119 169/523/118 41/524/118
f 167/525/120 40/522/119 39/526/120
f 38/527/121 167/528/120 39/526/120
f 37/529/122 166/530/121 38/527/121
f 164/531/123 37/529/122 36/532/123
f 163/533/124 36/532/123 35/534/124
f 162/535/125 35/534/124 34/536/125
f 161/537/126 34/536/125 33/538/126
f 64/539/127 161/540/126 33/538/126
f 191/541/128 64/539/127 63/542/128
f 190/543/129 63/542/128 62/544/129
f 189/545/130 62/544/129 61/546/130
f 188/547/131 61/546/130 60/548/131
f 187/549/132 60/548/131 59/550/132
f 186/551/133 59/550/132 58/552/133
f 185/553/134 58/552/133 57/554/134
f 56/555/135 185/556/134 57/554/134
f 183/557/136 56/555/135 55/558/136
f 182/559/137 55/558/136 54/560/137
f 181/561/138 54/560/137 53/562/138
f 52/563/139 181/564/138 53/562/138
f 51/565/140 180/566/139 52/563/139
f 178/567/141 51/565/140 50/568/141
f 49/569/142 178/567/141 50/568/141
f 48/570/143 177/571/142 49/569/142
f 47/572/144 176/573/143 48/570/143
f 174/574/145 47/572/144 46/575/145
f 173/576/146 46/575/145 45/577/146
f 172/516/116 45/577/146 44/517/116
f 203/578/21 172/516/46 171/579/21
f 204/580/46 173/581/11 172/516/46
f 205/582/11 174/574/44 173/576/11
f 206/583/44 175/584/15 174/574/44
f 207/585/15 176/573/41 175/586/15
f 208/587/41 177/571/7 176/573/41
f 209/588/7 178/567/38 177/589/7
f 210/590/38 179/591/19 178/567/38
f 211/592/19 180/566/35 179/593/19
f 212/594/35 181/564/12 180/566/35
f 213/595/12 182/559/49 181/561/12
f 214/596/49 183/597/16 182/559/49
f 215/598/16 184/599/47 183/557/16
f 216/600/47 185/556/1 184/599/47
f 217/601/1 186/551/45 185/553/1
f 218/602/45 187/603/20 186/551/45
f 219/604/20 188/547/43 187/549/20
f 220/605/43 189/606/10 188/547/43
f 189/545/10 222/607/40 190/543/40
f 222/607/40 191/608/14 190/543/40
f 223/609/14 192/610/36 191/541/14
f 224/611/36 161/540/6 192/610/36
f 193/612/6 162/535/42 161/537/6
f 194/613/42 163/614/18 162/535/42
f 195/615/18 164/531/39 163/533/18
f 164/531/39 197/616/13 165/617/13
f 197/618/13 166/530/37 165/619/13
f 198/620/37 167/528/17 166/530/37
f 199/621/17 168/622/50 167/525/17
f 200/623/50 169/523/2 168/622/50
f 201/624/2 170/521/48 169/625/2
f 202/626/48 171/519/21 170/521/48
f 247/627/147 216/600/148 215/598/147
f 246/628/149 215/629/147 214/596/149
f 213/595/150 246/628/149 214/596/149
f 212/594/151 245/630/150 213/631/150
f 243/632/152 212/594/151 211/592/152
f 242/633/153 211/634/152 210/590/153
f 241/635/154 210/590/153 209/588/154
f 240/636/155 209/637/154 208/587/155
f 207/585/156 240/636/155 208/587/155
f 206/583/157 239/638/156 207/639/156
f 237/640/158 206/583/157 205/582/158
f 236/641/159 205/642/158 204/580/159
f 203/578/160 236/641/159 204/580/159
f 234/643/161 203/644/160 202/626/161
f 201/624/162 234/643/161 202/626/161
f 232/645/163 201/646/162 200/623/163
f 231/647/164 200/623/163 199/621/164
f 198/620/165 231/648/164 199/649/164
f 229/650/166 198/620/165 197/618/166
f 228/651/167 197/616/166 196/652/167
f 195/615/168 228/651/167 196/652/167
f 226/653/169 195/654/168 194/613/169
f 225/655/170 194/613/169 193/612/170
f 256/656/171 193/657/170 224/611/171
f 223/609/172 256/656/171 224/611/171
f 254/658/173 223/659/172 222/607/173
f 253/660/174 222/607/173 221/661/174
f 252/662/175 221/663/174 220/605/175
f 251/664/176 220/605/175 219/604/176
f 218/602/177 251/665/176 219/666/176
f 217/601/178 250/667/177 218/602/177
f 248/668/148 217/669/178 216/600/148
f 47/572/15 302/670/44 46/575/44
f 34/536/42 289/671/6 33/538/6
f 61/546/10 316/672/43 60/548/43
f 47/572/15 304/673/41 303/674/15
f 35/534/18 290/675/42 34/536/42
f 62/544/40 317/676/10 61/546/10
f 49/569/7 304/673/41 48/570/41
f 35/534/18 292/677/39 291/678/18
f 62/544/40 319/679/14 318/680/40
f 49/569/7 306/681/38 305/682/7
f 37/529/13 292/677/39 36/532/39
f 64/539/36 319/679/14 63/542/14
f 51/565/19 306/681/38 50/568/38
f 38/527/37 293/683/13 37/529/13
f 33/538/6 320/684/36 64/539/36
f 52/563/35 307/685/19 51/565/19
f 39/526/17 294/686/37 38/527/37
f 52/563/35 309/687/12 308/688/35
f 40/522/50 295/689/17 39/526/17
f 54/560/49 309/687/12 53/562/12
f 41/524/2 296/690/50 40/522/50
f 55/558/16 310/691/49 54/560/49
f 42/518/48 297/692/2 41/520/2
f 56/555/47 311/693/16 55/558/16
f 43/515/21 298/694/48 42/518/48
f 57/554/1 312/695/47 56/555/47
f 44/517/46 299/696/21 43/515/21
f 58/552/45 313/697/1 57/554/1
f 45/577/11 300/698/46 44/517/46
f 59/550/20 314/699/45 58/552/45
f 46/575/44 301/700/11 45/577/11
f 60/548/43 315/701/20 59/550/20
f 261/335/4 326/702/4 262/328/4
f 262/328/4 327/703/4 263/385/4
f 263/385/4 328/704/4 264/383/4
f 264/383/4 329/705/4 265/378/4
f 265/706/4 330/707/4 266/374/4
f 266/374/4 331/708/4 267/370/4
f 331/709/4 268/366/4 267/370/4
f 332/710/4 269/362/4 268/366/4
f 333/711/4 270/358/4 269/362/4
f 334/712/4 271/354/4 270/358/4
f 271/354/4 336/713/4 272/343/4
f 272/343/4 337/714/4 273/336/4
f 273/336/4 338/715/4 274/337/4
f 338/715/4 275/331/4 274/337/4
f 275/331/4 340/716/4 276/322/4
f 276/322/4 341/717/4 277/384/4
f 341/718/4 278/381/4 277/384/4
f 342/719/4 279/376/4 278/381/4
f 343/720/4 280/372/4 279/376/4
f 344/721/4 281/368/4 280/372/4
f 345/722/4 282/364/4 281/368/4
f 346/723/4 283/360/4 282/364/4
f 283/360/4 348/724/4 284/356/4
f 348/724/4 285/351/4 284/356/4
f 285/351/4 350/725/4 286/338/4
f 350/725/4 287/339/4 286/338/4
f 287/339/4 352/726/4 288/333/4
f 288/333/4 321/727/4 257/325/4
f 257/325/4 322/728/4 258/352/4
f 322/728/4 259/340/4 258/352/4
f 323/729/4 260/341/4 259/340/4
f 260/341/4 325/730/4 261/335/4
f 326/731/37 359/732/17 327/733/17
f 340/734/35 373/735/12 341/736/12
f 327/733/17 360/737/50 328/738/50
f 341/739/12 374/740/49 342/741/49
f 328/738/50 361/742/2 329/743/2
f 342/741/49 375/744/16 343/745/16
f 329/746/2 362/747/48 330/748/48
f 343/745/16 376/749/47 344/750/47
f 330/748/48 363/751/21 331/752/21
f 344/750/47 377/753/1 345/754/1
f 331/752/21 364/755/46 332/756/46
f 345/757/1 378/758/45 346/759/45
f 332/756/46 365/760/11 333/761/11
f 346/759/45 379/762/20 347/763/20
f 333/764/11 366/765/44 334/766/44
f 347/763/20 380/767/43 348/768/43
f 334/766/44 367/769/15 335/770/15
f 321/771/6 354/772/42 322/773/42
f 348/768/43 381/774/10 349/775/10
f 336/776/41 367/769/15 368/777/41
f 322/773/42 355/778/18 323/779/18
f 349/780/10 382/781/40 350/782/40
f 336/776/41 369/783/7 337/784/7
f 323/779/18 356/785/39 324/786/39
f 350/782/40 383/787/14 351/788/14
f 337/789/7 370/790/38 338/791/38
f 324/786/39 357/792/13 325/793/13
f 351/788/14 384/794/36 352/795/36
f 338/791/38 371/796/19 339/797/19
f 325/798/13 358/799/37 326/731/37
f 352/795/36 353/800/6 321/801/6
f 339/797/19 372/802/35 340/734/35
f 293/683/27 358/803/27 357/804/27
f 294/686/27 359/805/27 358/803/27
f 295/689/27 360/806/27 359/807/27
f 296/690/27 361/808/27 360/806/27
f 297/692/27 362/809/27 361/810/27
f 298/694/27 363/811/27 362/809/27
f 299/696/27 364/812/27 363/813/27
f 301/700/27 364/812/27 300/698/27
f 302/670/27 365/814/27 301/700/27
f 303/674/27 366/815/27 302/670/27
f 304/673/27 367/816/27 303/674/27
f 304/673/27 369/817/27 368/818/27
f 305/682/27 370/819/27 369/820/27
f 307/685/27 370/819/27 306/681/27
f 307/685/27 372/821/27 371/822/27
f 308/688/27 373/823/27 372/821/27
f 310/691/27 373/824/27 309/687/27
f 311/693/27 374/825/27 310/691/27
f 312/695/27 375/826/27 311/693/27
f 313/697/27 376/827/27 312/695/27
f 314/699/27 377/828/27 313/697/27
f 315/701/27 378/829/27 314/699/27
f 315/701/27 380/830/27 379/831/27
f 317/676/27 380/830/27 316/672/27
f 317/676/27 382/832/27 381/833/27
f 319/679/27 382/832/27 318/680/27
f 319/679/27 384/834/27 383/835/27
f 320/684/27 353/836/27 384/834/27
f 289/671/27 354/837/27 353/838/27
f 291/678/27 354/837/27 290/675/27
f 292/677/27 355/839/27 291/678/27
f 292/677/27 357/840/27 356/841/27
f 19/321/19 275/331/19 276/322/35
f 32/324/36 288/333/36 257/325/6
f 5/327/13 261/335/13 262/328/37
f 18/330/38 274/337/38 275/331/19
f 31/332/14 287/339/14 288/333/36
f 4/334/39 260/341/39 261/335/13
f 18/330/38 17/342/7 273/336/7
f 31/332/14 30/345/40 286/338/40
f 4/334/39 3/347/18 259/340/18
f 17/342/7 16/349/41 272/343/41
f 29/344/10 285/351/10 286/338/40
f 2/346/42 258/352/42 259/340/18
f 15/348/15 271/354/15 272/343/41
f 28/350/43 284/356/43 285/351/10
f 2/346/42 1/326/6 257/325/6
f 14/353/44 270/358/44 271/354/15
f 27/355/20 283/360/20 284/356/43
f 13/357/11 269/362/11 270/358/44
f 26/359/45 282/364/45 283/360/20
f 12/361/46 268/366/46 269/362/11
f 25/363/1 281/368/1 282/364/45
f 11/365/21 267/370/21 268/366/46
f 24/367/47 280/372/47 281/368/1
f 10/369/48 266/374/48 267/370/21
f 23/371/16 279/376/16 280/372/47
f 9/373/2 265/706/2 266/374/48
f 22/375/49 278/381/49 279/376/16
f 8/377/50 264/383/50 265/378/2
f 21/380/12 277/384/12 278/381/49
f 7/382/17 263/385/17 264/383/50
f 21/380/12 20/323/35 276/322/35
f 6/329/37 262/328/37 263/385/17
f 3/347/51 67/460/51 66/386/52
f 4/334/53 68/388/53 67/387/51
f 5/327/54 69/425/54 68/388/53
f 5/327/54 6/329/55 70/389/55
f 7/382/56 71/433/56 70/389/55
f 8/377/57 72/393/57 71/391/56
f 8/377/57 9/379/58 73/392/58
f 9/373/58 10/369/59 74/394/59
f 10/369/59 11/365/60 75/396/60
f 11/365/60 12/361/61 76/397/61
f 13/357/62 77/448/62 76/397/61
f 14/353/63 78/400/63 77/399/62
f 15/348/64 79/455/64 78/400/63
f 15/348/64 16/349/65 80/401/65
f 16/349/65 17/342/66 81/403/66
f 18/330/67 82/405/67 81/404/66
f 19/321/68 83/428/68 82/405/67
f 19/321/68 20/323/69 84/406/69
f 20/323/69 21/380/70 85/408/70
f 22/375/71 86/410/71 85/409/70
f 23/371/72 87/440/72 86/410/71
f 23/371/72 24/367/73 88/411/73
f 24/367/73 25/363/74 89/413/74
f 26/359/75 90/415/75 89/414/74
f 27/355/76 91/450/76 90/415/75
f 28/350/77 92/417/77 91/416/76
f 29/344/78 93/457/78 92/417/77
f 30/345/79 94/419/79 93/418/78
f 31/332/80 95/465/80 94/419/79
f 32/324/81 96/422/81 95/420/80
f 32/324/81 1/326/82 65/421/82
f 2/346/52 66/386/52 65/423/82
f 82/405/38 114/429/38 113/424/7
f 69/425/13 101/471/13 100/426/39
f 96/422/36 128/431/36 127/427/14
f 83/428/19 115/492/19 114/429/38
f 70/389/37 102/434/37 101/430/13
f 65/421/6 97/513/6 128/431/36
f 84/406/35 116/436/35 115/432/19
f 71/433/17 103/842/17 102/434/37
f 84/406/35 85/408/12 117/435/12
f 72/393/50 104/439/50 103/437/17
f 86/410/49 118/441/49 117/438/12
f 73/392/2 105/477/2 104/439/50
f 87/440/16 119/497/16 118/441/49
f 74/394/48 106/444/48 105/442/2
f 88/411/47 120/445/47 119/443/16
f 75/396/21 107/480/21 106/444/48
f 89/413/1 121/501/1 120/445/47
f 76/397/46 108/449/46 107/446/21
f 90/415/45 122/451/45 121/447/1
f 77/448/11 109/843/11 108/449/46
f 91/450/20 123/844/20 122/451/45
f 77/399/11 78/400/44 110/452/44
f 92/417/43 124/458/43 123/454/20
f 79/455/15 111/845/15 110/452/44
f 66/386/42 98/461/42 97/456/6
f 93/457/10 125/846/10 124/458/43
f 80/401/41 112/463/41 111/459/15
f 67/460/18 99/467/18 98/461/42
f 94/419/40 126/466/40 125/462/10
f 81/403/7 113/847/7 112/463/41
f 68/388/39 100/426/39 99/464/18
f 95/465/14 127/510/14 126/466/40
f 99/467/83 131/848/83 130/468/84
f 99/464/83 100/426/85 132/469/85
f 101/471/86 133/849/86 132/469/85
f 102/434/87 134/474/87 133/472/86
f 102/434/87 103/842/88 135/473/88
f 103/437/88 104/439/89 136/475/89
f 105/477/90 137/850/90 136/475/89
f 105/442/90 106/444/91 138/478/91
f 107/480/92 139/851/92 138/478/91
f 107/446/92 108/449/93 140/481/93
f 108/449/93 109/843/94 141/483/94
f 110/452/95 142/486/95 141/484/94
f 110/452/95 111/845/96 143/485/96
f 111/459/96 112/463/97 144/487/97
f 112/463/97 113/847/98 145/489/98
f 113/424/98 114/429/99 146/490/99
f 115/492/100 147/852/100 146/490/99
f 115/432/100 116/436/101 148/493/101
f 116/436/101 117/435/102 149/495/102
f 118/441/103 150/498/103 149/496/102
f 119/497/104 151/853/104 150/498/103
f 119/443/104 120/445/105 152/499/105
f 121/501/106 153/854/106 152/499/105
f 121/447/106 122/451/107 154/502/107
f 122/451/107 123/844/108 155/504/108
f 124/458/109 156/507/109 155/505/108
f 124/458/109 125/846/110 157/506/110
f 125/462/110 126/466/111 158/508/111
f 127/510/112 159/855/112 158/508/111
f 127/427/112 128/431/113 160/511/113
f 97/513/114 129/856/114 160/511/113
f 97/456/114 98/461/84 130/468/84
f 43/515/115 171/579/115 172/516/116
f 42/518/117 170/521/117 171/519/115
f 41/520/118 169/625/118 170/521/117
f 40/522/119 168/622/119 169/523/118
f 167/525/120 168/622/119 40/522/119
f 38/527/121 166/530/121 167/528/120
f 37/529/122 165/619/122 166/530/121
f 164/531/123 165/617/122 37/529/122
f 163/533/124 164/531/123 36/532/123
f 162/535/125 163/614/124 35/534/124
f 161/537/126 162/535/125 34/536/125
f 64/539/127 192/610/127 161/540/126
f 191/541/128 192/610/127 64/539/127
f 190/543/129 191/608/128 63/542/128
f 189/545/130 190/543/129 62/544/129
f 188/547/131 189/606/130 61/546/130
f 187/549/132 188/547/131 60/548/131
f 186/551/133 187/603/132 59/550/132
f 185/553/134 186/551/133 58/552/133
f 56/555/135 184/599/135 185/556/134
f 183/557/136 184/599/135 56/555/135
f 182/559/137 183/597/136 55/558/136
f 181/561/138 182/559/137 54/560/137
f 52/563/139 180/566/139 181/564/138
f 51/565/140 179/593/140 180/566/139
f 178/567/141 179/591/140 51/565/140
f 49/569/142 177/589/142 178/567/141
f 48/570/143 176/573/143 177/571/142
f 47/572/144 175/586/144 176/573/143
f 174/574/145 175/584/144 47/572/144
f 173/576/146 174/574/145 46/575/145
f 172/516/116 173/581/146 45/577/146
f 203/578/21 204/580/46 172/516/46
f 204/580/46 205/642/11 173/581/11
f 205/582/11 206/583/44 174/574/44
f 206/583/44 207/639/15 175/584/15
f 207/585/15 208/587/41 176/573/41
f 208/587/41 209/637/7 177/571/7
f 209/588/7 210/590/38 178/567/38
f 210/590/38 211/634/19 179/591/19
f 211/592/19 212/594/35 180/566/35
f 212/594/35 213/631/12 181/564/12
f 213/595/12 214/596/49 182/559/49
f 214/596/49 215/629/16 183/597/16
f 215/598/16 216/600/47 184/599/47
f 216/600/47 217/669/1 185/556/1
f 217/601/1 218/602/45 186/551/45
f 218/602/45 219/666/20 187/603/20
f 219/604/20 220/605/43 188/547/43
f 220/605/43 221/663/10 189/606/10
f 189/545/10 221/661/10 222/607/40
f 222/607/40 223/659/14 191/608/14
f 223/609/14 224/611/36 192/610/36
f 224/611/36 193/657/6 161/540/6
f 193/612/6 194/613/42 162/535/42
f 194/613/42 195/654/18 163/614/18
f 195/615/18 196/652/39 164/531/39
f 164/531/39 196/652/39 197/616/13
f 197/618/13 198/620/37 166/530/37
f 198/620/37 199/649/17 167/528/17
f 199/621/17 200/623/50 168/622/50
f 200/623/50 201/646/2 169/523/2
f 201/624/2 202/626/48 170/521/48
f 202/626/48 203/644/21 171/519/21
f 247/627/147 248/668/148 216/600/148
f 246/628/149 247/857/147 215/629/147
f 213/595/150 245/858/150 246/628/149
f 212/594/151 244/859/151 245/630/150
f 243/632/152 244/859/151 212/594/151
f 242/633/153 243/860/152 211/634/152
f 241/635/154 242/633/153 210/590/153
f 240/636/155 241/861/154 209/637/154
f 207/585/156 239/862/156 240/636/155
f 206/583/157 238/863/157 239/638/156
f 237/640/158 238/863/157 206/583/157
f 236/641/159 237/864/158 205/642/158
f 203/578/160 235/865/160 236/641/159
f 234/643/161 235/866/160 203/644/160
f 201/624/162 233/867/162 234/643/161
f 232/645/163 233/868/162 201/646/162
f 231/647/164 232/645/163 200/623/163
f 198/620/165 230/869/165 231/648/164
f 229/650/166 230/869/165 198/620/165
f 228/651/167 229/870/166 197/616/166
f 195/615/168 227/871/168 228/651/167
f 226/653/169 227/872/168 195/654/168
f 225/655/170 226/653/169 194/613/169
f 256/656/171 225/873/170 193/657/170
f 223/609/172 255/874/172 256/656/171
f 254/658/173 255/875/172 223/659/172
f 253/660/174 254/658/173 222/607/173
f 252/662/175 253/876/174 221/663/174
f 251/664/176 252/662/175 220/605/175
f 218/602/177 250/667/177 251/665/176
f 217/601/178 249/877/178 250/667/177
f 248/668/148 249/878/178 217/669/178
f 47/572/15 303/674/15 302/670/44
f 34/536/42 290/675/42 289/671/6
f 61/546/10 317/676/10 316/672/43
f 47/572/15 48/570/41 304/673/41
f 35/534/18 291/678/18 290/675/42
f 62/544/40 318/680/40 317/676/10
f 49/569/7 305/682/7 304/673/41
f 35/534/18 36/532/39 292/677/39
f 62/544/40 63/542/14 319/679/14
f 49/569/7 50/568/38 306/681/38
f 37/529/13 293/683/13 292/677/39
f 64/539/36 320/684/36 319/679/14
f 51/565/19 307/685/19 306/681/38
f 38/527/37 294/686/37 293/683/13
f 33/538/6 289/671/6 320/684/36
f 52/563/35 308/688/35 307/685/19
f 39/526/17 295/689/17 294/686/37
f 52/563/35 53/562/12 309/687/12
f 40/522/50 296/690/50 295/689/17
f 54/560/49 310/691/49 309/687/12
f 41/524/2 297/879/2 296/690/50
f 55/558/16 311/693/16 310/691/49
f 42/518/48 298/694/48 297/692/2
f 56/555/47 312/695/47 311/693/16
f 43/515/21 299/696/21 298/694/48
f 57/554/1 313/697/1 312/695/47
f 44/517/46 300/698/46 299/696/21
f 58/552/45 314/699/45 313/697/1
f 45/577/11 301/700/11 300/698/46
f 59/550/20 315/701/20 314/699/45
f 46/575/44 302/670/44 301/700/11
f 60/548/43 316/672/43 315/701/20
f 261/335/4 325/880/4 326/702/4
f 262/328/4 326/702/4 327/703/4
f 263/385/4 327/881/4 328/704/4
f 264/383/4 328/704/4 329/705/4
f 265/706/4 329/882/4 330/707/4
f 266/374/4 330/707/4 331/708/4
f 331/709/4 332/710/4 268/366/4
f 332/710/4 333/883/4 269/362/4
f 333/711/4 334/712/4 270/358/4
f 334/712/4 335/884/4 271/354/4
f 271/354/4 335/885/4 336/713/4
f 272/343/4 336/713/4 337/714/4
f 273/336/4 337/886/4 338/715/4
f 338/715/4 339/887/4 275/331/4
f 275/331/4 339/888/4 340/716/4
f 276/322/4 340/716/4 341/717/4
f 341/718/4 342/719/4 278/381/4
f 342/719/4 343/889/4 279/376/4
f 343/720/4 344/721/4 280/372/4
f 344/721/4 345/890/4 281/368/4
f 345/722/4 346/723/4 282/364/4
f 346/723/4 347/891/4 283/360/4
f 283/360/4 347/892/4 348/724/4
f 348/724/4 349/893/4 285/351/4
f 285/351/4 349/894/4 350/725/4
f 350/725/4 351/895/4 287/339/4
f 287/339/4 351/896/4 352/726/4
f 288/333/4 352/726/4 321/727/4
f 257/325/4 321/897/4 322/728/4
f 322/728/4 323/898/4 259/340/4
f 323/729/4 324/899/4 260/341/4
f 260/341/4 324/899/4 325/730/4
f 326/731/37 358/799/37 359/732/17
f 340/734/35 372/802/35 373/735/12
f 327/733/17 359/732/17 360/737/50
f 341/739/12 373/900/12 374/740/49
f 328/738/50 360/737/50 361/742/2
f 342/741/49 374/740/49 375/744/16
f 329/746/2 361/901/2 362/747/48
f 343/745/16 375/744/16 376/749/47
f 330/748/48 362/747/48 363/751/21
f 344/750/47 376/749/47 377/753/1
f 331/752/21 363/751/21 364/755/46
f 345/757/1 377/902/1 378/758/45
f 332/756/46 364/755/46 365/760/11
f 346/759/45 378/758/45 379/762/20
f 333/764/11 365/903/11 366/765/44
f 347/763/20 379/762/20 380/767/43
f 334/766/44 366/765/44 367/769/15
f 321/771/6 353/904/6 354/772/42
f 348/768/43 380/767/43 381/774/10
f 336/776/41 335/770/15 367/769/15
f 322/773/42 354/772/42 355/778/18
f 349/780/10 381/905/10 382/781/40
f 336/776/41 368/777/41 369/783/7
f 323/779/18 355/778/18 356/785/39
f 350/782/40 382/781/40 383/787/14
f 337/789/7 369/906/7 370/790/38
f 324/786/39 356/785/39 357/792/13
f 351/788/14 383/787/14 384/794/36
f 338/791/38 370/790/38 371/796/19
f 325/798/13 357/907/13 358/799/37
f 352/795/36 384/794/36 353/800/6
f 339/797/19 371/796/19 372/802/35
f 293/683/27 294/686/27 358/803/27
f 294/686/27 295/689/27 359/805/27
f 295/689/27 296/690/27 360/806/27
f 296/690/27 297/879/27 361/808/27
f 297/692/27 298/694/27 362/809/27
f 298/694/27 299/696/27 363/811/27
f 299/696/27 300/698/27 364/812/27
f 301/700/27 365/908/27 364/812/27
f 302/670/27 366/815/27 365/814/27
f 303/674/27 367/909/27 366/815/27
f 304/673/27 368/818/27 367/816/27
f 304/673/27 305/682/27 369/817/27
f 305/682/27 306/681/27 370/819/27
f 307/685/27 371/910/27 370/819/27
f 307/685/27 308/688/27 372/821/27
f 308/688/27 309/687/27 373/823/27
f 310/691/27 374/825/27 373/824/27
f 311/693/27 375/911/27 374/825/27
f 312/695/27 376/827/27 375/826/27
f 313/697/27 377/912/27 376/827/27
f 314/699/27 378/829/27 377/828/27
f 315/701/27 379/913/27 378/829/27
f 315/701/27 316/672/27 380/830/27
f 317/676/27 381/914/27 380/830/27
f 317/676/27 318/680/27 382/832/27
f 319/679/27 383/915/27 382/832/27
f 319/679/27 320/684/27 384/834/27
f 320/684/27 289/671/27 353/836/27
f 289/671/27 290/675/27 354/837/27
f 291/678/27 355/916/27 354/837/27
f 292/677/27 356/841/27 355/839/27
f 292/677/27 293/683/27 357/840/27
