# split from fensu2.obj
mtllib fensu2.mtl
o Base
v 0.500000 5.500000 -4.499998
v 0.500000 6.377907 -4.413532
v 0.500000 7.222075 -4.157456
v 0.500000 8.000065 -3.741611
v 0.500000 8.681980 -3.181979
v 0.500000 9.241613 -2.500065
v 0.500000 9.657457 -1.722075
v 0.500000 9.913532 -0.877905
v 0.500000 10.000000 0.000001
v 0.500000 9.913532 0.877907
v 0.500000 9.657457 1.722075
v 0.500000 9.241613 2.500067
v 0.500000 8.681980 3.181981
v 0.500000 8.000065 3.741614
v 0.500000 7.222075 4.157459
v 0.500000 6.377905 4.413535
v 0.500000 5.499998 4.500000
v 0.500000 4.622091 4.413535
v 0.500000 3.777922 4.157458
v 0.500000 2.999931 3.741612
v 0.500000 2.318017 3.181979
v 0.500000 1.758385 2.500064
v 0.500000 1.342541 1.722074
v 0.500000 1.086465 0.877904
v 0.500000 1.000000 -0.000003
v 0.500000 1.086467 -0.877910
v 0.500000 1.342544 -1.722078
v 0.500000 1.758389 -2.500070
v 0.500000 2.318023 -3.181983
v 0.500000 2.999939 -3.741615
v 0.500000 3.777930 -4.157459
v 0.500000 4.622100 -4.413533
v -0.500000 5.500000 -4.499998
v -0.500000 6.377907 -4.413532
v -0.500000 7.222075 -4.157456
v -0.500000 8.000065 -3.741611
v -0.500000 8.681980 -3.181979
v -0.500000 9.241613 -2.500065
v -0.500000 9.657457 -1.722075
v -0.500000 9.913532 -0.877905
v -0.500000 10.000000 0.000001
v -0.500000 9.913532 0.877907
v -0.500000 9.657457 1.722075
v -0.500000 9.241613 2.500067
v -0.500000 8.681980 3.181981
v -0.500000 8.000065 3.741614
v -0.500000 7.222075 4.157459
v -0.500000 6.377905 4.413535
v -0.500000 5.499998 4.500000
v -0.500000 4.622091 4.413535
v -0.500000 3.777922 4.157458
v -0.500000 2.999931 3.741612
v -0.500000 2.318017 3.181979
v -0.500000 1.758385 2.500064
v -0.500000 1.342541 1.722074
v -0.500000 1.086465 0.877904
v -0.500000 1.000000 -0.000003
v -0.500000 1.086467 -0.877910
v -0.500000 1.342544 -1.722078
v -0.500000 1.758389 -2.500070
v -0.500000 2.318023 -3.181983
v -0.500000 2.999939 -3.741615
v -0.500000 3.777930 -4.157459
v -0.500000 4.622100 -4.413533
v 0.750000 5.500000 -3.749999
v 0.750000 6.231590 -3.677944
v 0.750000 6.935064 -3.464547
v 0.750000 7.583389 -3.118011
v 0.750000 8.151649 -2.651649
v 0.750000 8.618011 -2.083387
v 0.750000 8.964550 -1.435062
v 0.750000 9.177946 -0.731588
v 0.750000 9.250000 0.000000
v 0.750000 9.177946 0.731588
v 0.750000 8.964550 1.435062
v 0.750000 8.618011 2.083388
v 0.750000 8.151649 2.651650
v 0.750000 7.583385 3.118011
v 0.750000 6.935061 3.464549
v 0.750000 6.231590 3.677945
v 0.750000 5.500000 3.750000
v 0.750000 4.768408 3.677945
v 0.750000 4.064937 3.464548
v 0.750000 3.416611 3.118011
v 0.750000 2.848347 2.651649
v 0.750000 2.381987 2.083386
v 0.750000 2.035452 1.435061
v 0.750000 1.822056 0.731586
v 0.750000 1.750000 -0.000003
v 0.750000 1.822056 -0.731592
v 0.750000 2.035452 -1.435066
v 0.750000 2.381993 -2.083391
v 0.750000 2.848354 -2.651653
v 0.750000 3.416615 -3.118013
v 0.750000 4.064943 -3.464550
v 0.750000 4.768415 -3.677945
v 1.250000 5.500000 -3.749999
v 1.250000 6.231590 -3.677944
v 1.250000 6.935064 -3.464547
v 1.250000 7.583389 -3.118011
v 1.250000 8.151649 -2.651649
v 1.250000 8.618011 -2.083387
v 1.250000 8.964550 -1.435062
v 1.250000 9.177946 -0.731588
v 1.250000 9.250000 0.000000
v 1.250000 9.177946 0.731588
v 1.250000 8.964550 1.435062
v 1.250000 8.618011 2.083388
v 1.250000 8.151649 2.651650
v 1.250000 7.583385 3.118011
v 1.250000 6.935061 3.464549
v 1.250000 6.231590 3.677945
v 1.250000 5.500000 3.750000
v 1.250000 4.768408 3.677945
v 1.250000 4.064937 3.464548
v 1.250000 3.416611 3.118011
v 1.250000 2.848347 2.651649
v 1.250000 2.381987 2.083386
v 1.250000 2.035452 1.435061
v 1.250000 1.822056 0.731586
v 1.250000 1.750000 -0.000003
v 1.250000 1.822056 -0.731592
v 1.250000 2.035452 -1.435066
v 1.250000 2.381993 -2.083391
v 1.250000 2.848354 -2.651653
v 1.250000 3.416615 -3.118013
v 1.250000 4.064943 -3.464550
v 1.250000 4.768415 -3.677945
v 1.500000 5.500000 -1.000000
v 1.500000 5.695091 -0.980785
v 1.500000 5.882685 -0.923880
v 1.500000 6.055571 -0.831470
v 1.500000 6.207108 -0.707108
v 1.500000 6.331470 -0.555571
v 1.500000 6.423880 -0.382684
v 1.500000 6.480785 -0.195091
v 1.500000 6.500000 -0.000001
v 1.500000 6.480785 0.195089
v 1.500000 6.423880 0.382683
v 1.500000 6.331470 0.555570
v 1.500000 6.207108 0.707107
v 1.500000 6.055571 0.831469
v 1.500000 5.882683 0.923879
v 1.500000 5.695091 0.980784
v 1.500000 5.500000 0.999999
v 1.500000 5.304909 0.980784
v 1.500000 5.117317 0.923879
v 1.500000 4.944429 0.831469
v 1.500000 4.792892 0.707106
v 1.500000 4.668530 0.555569
v 1.500000 4.576120 0.382682
v 1.500000 4.519215 0.195089
v 1.500000 4.500000 -0.000002
v 1.500000 4.519215 -0.195092
v 1.500000 4.576120 -0.382685
v 1.500000 4.668531 -0.555572
v 1.500000 4.792894 -0.707108
v 1.500000 4.944431 -0.831470
v 1.500000 5.117319 -0.923881
v 1.500000 5.304911 -0.980786
v -0.750000 5.500000 -3.749999
v -0.750000 6.231590 -3.677944
v -0.750000 6.935064 -3.464547
v -0.750000 7.583389 -3.118011
v -0.750000 8.151649 -2.651649
v -0.750000 8.618011 -2.083387
v -0.750000 8.964550 -1.435062
v -0.750000 9.177946 -0.731588
v -0.750000 9.250000 0.000000
v -0.750000 9.177946 0.731588
v -0.750000 8.964550 1.435062
v -0.750000 8.618011 2.083388
v -0.750000 8.151649 2.651650
v -0.750000 7.583385 3.118011
v -0.750000 6.935061 3.464549
v -0.750000 6.231590 3.677945
v -0.750000 5.500000 3.750000
v -0.750000 4.768408 3.677945
v -0.750000 4.064937 3.464548
v -0.750000 3.416611 3.118011
v -0.750000 2.848347 2.651649
v -0.750000 2.381987 2.083386
v -0.750000 2.035452 1.435061
v -0.750000 1.822056 0.731586
v -0.750000 1.750000 -0.000003
v -0.750000 1.822056 -0.731592
v -0.750000 2.035452 -1.435066
v -0.750000 2.381993 -2.083391
v -0.750000 2.848354 -2.651653
v -0.750000 3.416615 -3.118013
v -0.750000 4.064943 -3.464550
v -0.750000 4.768415 -3.677945
v -1.250000 5.500000 -3.749999
v -1.250000 6.231590 -3.677944
v -1.250000 6.935064 -3.464547
v -1.250000 7.583389 -3.118011
v -1.250000 8.151649 -2.651649
v -1.250000 8.618011 -2.083387
v -1.250000 8.964550 -1.435062
v -1.250000 9.177946 -0.731588
v -1.250000 9.250000 0.000000
v -1.250000 9.177946 0.731588
v -1.250000 8.964550 1.435062
v -1.250000 8.618011 2.083388
v -1.250000 8.151649 2.651650
v -1.250000 7.583385 3.118011
v -1.250000 6.935061 3.464549
v -1.250000 6.231590 3.677945
v -1.250000 5.500000 3.750000
v -1.250000 4.768408 3.677945
v -1.250000 4.064937 3.464548
v -1.250000 3.416611 3.118011
v -1.250000 2.848347 2.651649
v -1.250000 2.381987 2.083386
v -1.250000 2.035452 1.435061
v -1.250000 1.822056 0.731586
v -1.250000 1.750000 -0.000003
v -1.250000 1.822056 -0.731592
v -1.250000 2.035452 -1.435066
v -1.250000 2.381993 -2.083391
v -1.250000 2.848354 -2.651653
v -1.250000 3.416615 -3.118013
v -1.250000 4.064943 -3.464550
v -1.250000 4.768415 -3.677945
v -1.500000 5.500000 -1.000000
v -1.500000 5.695091 -0.980785
v -1.500000 5.882685 -0.923880
v -1.500000 6.055571 -0.831470
v -1.500000 6.207108 -0.707108
v -1.500000 6.331470 -0.555571
v -1.500000 6.423880 -0.382684
v -1.500000 6.480785 -0.195091
v -1.500000 6.500000 -0.000001
v -1.500000 6.480785 0.195089
v -1.500000 6.423880 0.382683
v -1.500000 6.331470 0.555570
v -1.500000 6.207108 0.707107
v -1.500000 6.055571 0.831469
v -1.500000 5.882683 0.923879
v -1.500000 5.695091 0.980784
v -1.500000 5.500000 0.999999
v -1.500000 5.304909 0.980784
v -1.500000 5.117317 0.923879
v -1.500000 4.944429 0.831469
v -1.500000 4.792892 0.707106
v -1.500000 4.668530 0.555569
v -1.500000 4.576120 0.382682
v -1.500000 4.519215 0.195089
v -1.500000 4.500000 -0.000002
v -1.500000 4.519215 -0.195092
v -1.500000 4.576120 -0.382685
v -1.500000 4.668531 -0.555572
v -1.500000 4.792894 -0.707108
v -1.500000 4.944431 -0.831470
v -1.500000 5.117319 -0.923881
v -1.500000 5.304911 -0.980786
v 0.250000 5.500000 -4.499998
v 0.250000 6.377907 -4.413532
v 0.250000 7.222075 -4.157456
v 0.250000 8.000065 -3.741611
v 0.250000 8.681980 -3.181979
v 0.250000 9.241613 -2.500065
v 0.250000 9.657457 -1.722075
v 0.250000 9.913532 -0.877905
v 0.250000 10.000000 0.000001
v 0.250000 9.913532 0.877907
v 0.250000 9.657457 1.722075
v 0.250000 9.241613 2.500067
v 0.250000 8.681980 3.181981
v 0.250000 8.000065 3.741614
v 0.250000 7.222075 4.157459
v 0.250000 6.377905 4.413535
v 0.250000 5.499998 4.500000
v 0.250000 4.622091 4.413535
v 0.250000 3.777922 4.157458
v 0.250000 2.999931 3.741612
v 0.250000 2.318017 3.181979
v 0.250000 1.758385 2.500064
v 0.250000 1.342541 1.722074
v 0.250000 1.086465 0.877904
v 0.250000 1.000000 -0.000003
v 0.250000 1.086467 -0.877910
v 0.250000 1.342544 -1.722078
v 0.250000 1.758389 -2.500070
v 0.250000 2.318023 -3.181983
v 0.250000 2.999939 -3.741615
v 0.250000 3.777930 -4.157459
v 0.250000 4.622100 -4.413533
v -0.250000 5.500000 -4.499998
v -0.250000 6.377907 -4.413532
v -0.250000 7.222075 -4.157456
v -0.250000 8.000065 -3.741611
v -0.250000 8.681980 -3.181979
v -0.250000 9.241613 -2.500065
v -0.250000 9.657457 -1.722075
v -0.250000 9.913532 -0.877905
v -0.250000 10.000000 0.000001
v -0.250000 9.913532 0.877907
v -0.250000 9.657457 1.722075
v -0.250000 9.241613 2.500067
v -0.250000 8.681980 3.181981
v -0.250000 8.000065 3.741614
v -0.250000 7.222075 4.157459
v -0.250000 6.377905 4.413535
v -0.250000 5.499998 4.500000
v -0.250000 4.622091 4.413535
v -0.250000 3.777922 4.157458
v -0.250000 2.999931 3.741612
v -0.250000 2.318017 3.181979
v -0.250000 1.758385 2.500064
v -0.250000 1.342541 1.722074
v -0.250000 1.086465 0.877904
v -0.250000 1.000000 -0.000003
v -0.250000 1.086467 -0.877910
v -0.250000 1.342544 -1.722078
v -0.250000 1.758389 -2.500070
v -0.250000 2.318023 -3.181983
v -0.250000 2.999939 -3.741615
v -0.250000 3.777930 -4.157459
v -0.250000 4.622100 -4.413533
v 0.249999 5.500000 -3.999999
v 0.249999 6.280361 -3.923140
v 0.249999 7.030735 -3.695517
v 0.249999 7.722279 -3.325878
v 0.249999 8.328426 -2.828426
v 0.249999 8.825878 -2.222281
v 0.249999 9.195518 -1.530733
v 0.249999 9.423141 -0.780361
v 0.249999 9.500000 0.000000
v 0.249999 9.423141 0.780361
v 0.249999 9.195518 1.530734
v 0.249999 8.825878 2.222281
v 0.249999 8.328426 2.828427
v 0.249999 7.722279 3.325879
v 0.249999 7.030731 3.695519
v 0.249999 6.280361 3.923141
v 0.249999 5.500000 4.000000
v 0.249999 4.719635 3.923141
v 0.249999 3.969265 3.695518
v 0.249999 3.277718 3.325878
v 0.249999 2.671570 2.828426
v 0.249999 2.174118 2.222279
v 0.249999 1.804482 1.530731
v 0.249999 1.576859 0.780358
v 0.249999 1.500000 -0.000003
v 0.249999 1.576859 -0.780365
v 0.249999 1.804485 -1.530737
v 0.249999 2.174122 -2.222284
v 0.249999 2.671577 -2.828430
v 0.249999 3.277721 -3.325880
v 0.249999 3.969273 -3.695519
v 0.249999 4.719643 -3.923141
v -0.250001 5.500000 -3.999999
v -0.250001 6.280361 -3.923140
v -0.250001 7.030735 -3.695517
v -0.250001 7.722279 -3.325878
v -0.250001 8.328426 -2.828426
v -0.250001 8.825878 -2.222281
v -0.250001 9.195518 -1.530733
v -0.250001 9.423141 -0.780361
v -0.250001 9.500000 0.000000
v -0.250001 9.423141 0.780361
v -0.250001 9.195518 1.530734
v -0.250001 8.825878 2.222281
v -0.250001 8.328426 2.828427
v -0.250001 7.722279 3.325879
v -0.250001 7.030731 3.695519
v -0.250001 6.280361 3.923141
v -0.250001 5.500000 4.000000
v -0.250001 4.719635 3.923141
v -0.250001 3.969265 3.695518
v -0.250001 3.277718 3.325878
v -0.250001 2.671570 2.828426
v -0.250001 2.174118 2.222279
v -0.250001 1.804482 1.530731
v -0.250001 1.576859 0.780358
v -0.250001 1.500000 -0.000003
v -0.250001 1.576859 -0.780365
v -0.250001 1.804485 -1.530737
v -0.250001 2.174122 -2.222284
v -0.250001 2.671577 -2.828430
v -0.250001 3.277721 -3.325880
v -0.250001 3.969273 -3.695519
v -0.250001 4.719643 -3.923141
v -0.500000 5.750001 3.625001
v -0.500000 5.250002 3.625001
v -0.500000 5.750001 4.375002
v -0.500000 5.250002 4.375002
v -1.000000 5.750001 3.625001
v -1.000000 5.250001 3.625001
v -1.000000 5.750001 4.125002
v -1.000000 5.250001 4.125002
v -1.000000 5.750001 -4.125000
v -1.000000 5.250001 -4.125000
v -1.000000 5.750001 -3.624999
v -1.000000 5.250001 -3.624999
v -0.500000 5.750000 -4.375000
v -0.500000 5.250001 -4.375000
v -0.500000 5.750000 -3.624999
v -0.500000 5.250001 -3.624999
v -0.500000 1.875001 0.250001
v -0.500000 1.875001 -0.249998
v -0.500000 1.125000 0.250001
v -0.500000 1.125000 -0.249998
v -1.000000 1.875001 0.250001
v -1.000000 1.875001 -0.249999
v -1.000000 1.375000 0.250001
v -1.000000 1.375000 -0.249999
v -1.000000 9.625002 0.250001
v -1.000000 9.625002 -0.249999
v -1.000000 9.125001 0.250001
v -1.000000 9.125001 -0.249999
v -0.500000 9.875002 0.250000
v -0.500000 9.875002 -0.249999
v -0.500000 9.125001 0.250000
v -0.500000 9.125001 -0.249999
v -0.250000 9.937502 0.062502
v -0.250000 9.937502 -0.062498
v -0.250000 9.812502 0.062502
v -0.250000 9.812502 -0.062498
v 0.250000 9.937502 0.062502
v 0.250000 9.937502 -0.062498
v 0.250000 9.812502 0.062502
v 0.250000 9.812502 -0.062498
v -0.250000 1.062499 -0.062500
v -0.250000 1.062499 0.062500
v -0.250000 1.187499 -0.062500
v -0.250000 1.187499 0.062500
v 0.250000 1.062499 -0.062500
v 0.250000 1.062499 0.062500
v 0.250000 1.187499 -0.062500
v 0.250000 1.187499 0.062500
v -0.250000 5.437500 4.437502
v -0.250000 5.562500 4.437502
v -0.250000 5.437500 4.312502
v -0.250000 5.562500 4.312502
v 0.250000 5.437500 4.437502
v 0.250000 5.562500 4.437502
v 0.250000 5.437500 4.312502
v 0.250000 5.562500 4.312502
v -0.250000 5.562502 -4.437500
v -0.250000 5.437502 -4.437500
v -0.250000 5.562502 -4.312500
v -0.250000 5.437502 -4.312500
v 0.250000 5.562502 -4.437500
v 0.250000 5.437502 -4.437500
v 0.250000 5.562502 -4.312500
v 0.250000 5.437502 -4.312500
v -0.250000 8.593593 3.181983
v -0.250000 8.681981 3.093595
v -0.250000 8.505204 3.093595
v -0.250000 8.593593 3.005206
v 0.250000 8.593593 3.181983
v 0.250000 8.681981 3.093595
v 0.250000 8.505204 3.093595
v 0.250000 8.593593 3.005206
v -0.250000 2.406408 -3.181982
v -0.250000 2.318020 -3.093593
v -0.250000 2.494797 -3.093593
v -0.250000 2.406408 -3.005205
v 0.250000 2.406408 -3.181982
v 0.250000 2.318020 -3.093593
v 0.250000 2.494797 -3.093593
v 0.250000 2.406408 -3.005205
v -0.250000 2.318018 3.093593
v -0.250000 2.406407 3.181982
v -0.250000 2.406407 3.005205
v -0.250000 2.494795 3.093593
v 0.250000 2.318018 3.093593
v 0.250000 2.406407 3.181982
v 0.250000 2.406407 3.005205
v 0.250000 2.494795 3.093593
v -0.250000 8.681983 -3.093591
v -0.250000 8.593595 -3.181980
v -0.250000 8.593595 -3.005203
v -0.250000 8.505206 -3.093591
v 0.250000 8.681983 -3.093591
v 0.250000 8.593595 -3.181980
v 0.250000 8.593595 -3.005203
v 0.250000 8.505206 -3.093591
v -0.250000 7.140415 4.123636
v -0.250000 7.255900 4.075800
v -0.250000 7.092579 4.008151
v -0.250000 7.208065 3.960315
v 0.250000 7.140415 4.123636
v 0.250000 7.255900 4.075800
v 0.250000 7.092579 4.008151
v 0.250000 7.208065 3.960315
v -0.250000 3.859586 -4.123634
v -0.250000 3.744101 -4.075799
v -0.250000 3.907422 -4.008149
v -0.250000 3.791937 -3.960313
v 0.250000 3.859586 -4.123634
v 0.250000 3.744101 -4.075799
v 0.250000 3.907422 -4.008149
v 0.250000 3.791937 -3.960313
v -0.250000 1.376366 1.640416
v -0.250000 1.424201 1.755901
v -0.250000 1.491850 1.592580
v -0.250000 1.539686 1.708065
v 0.250000 1.376366 1.640416
v 0.250000 1.424201 1.755901
v 0.250000 1.491850 1.592580
v 0.250000 1.539686 1.708065
v -0.250000 9.623635 -1.640413
v -0.250000 9.575800 -1.755898
v -0.250000 9.508150 -1.592578
v -0.250000 9.460315 -1.708063
v 0.250000 9.623635 -1.640413
v 0.250000 9.575800 -1.755898
v 0.250000 9.508150 -1.592578
v 0.250000 9.460315 -1.708063
v -0.250000 3.744098 4.075799
v -0.250000 3.859583 4.123635
v -0.250000 3.791934 3.960314
v -0.250000 3.907419 4.008150
v 0.250000 3.744098 4.075799
v 0.250000 3.859583 4.123635
v 0.250000 3.791934 3.960314
v 0.250000 3.907419 4.008150
v -0.250000 7.255903 -4.075797
v -0.250000 7.140418 -4.123633
v -0.250000 7.208067 -3.960312
v -0.250000 7.092582 -4.008147
v 0.250000 7.255903 -4.075797
v 0.250000 7.140418 -4.123633
v 0.250000 7.208067 -3.960312
v 0.250000 7.092582 -4.008147
v -0.250000 1.424202 -1.755901
v -0.250000 1.376367 -1.640416
v -0.250000 1.539687 -1.708066
v -0.250000 1.491852 -1.592580
v 0.250000 1.424202 -1.755901
v 0.250000 1.376367 -1.640416
v 0.250000 1.539687 -1.708066
v 0.250000 1.491852 -1.592580
v -0.250000 9.575798 1.755903
v -0.250000 9.623634 1.640418
v -0.250000 9.460314 1.708067
v -0.250000 9.508148 1.592582
v 0.250000 9.575798 1.755903
v 0.250000 9.623634 1.640418
v 0.250000 9.460314 1.708067
v 0.250000 9.508148 1.592582
v -0.500000 3.113516 2.740040
v -0.500000 2.759963 2.386487
v -0.500000 2.583185 3.270370
v -0.500000 2.229632 2.916818
v -1.000000 3.113516 2.740040
v -1.000000 2.759962 2.386486
v -1.000000 2.759962 3.093594
v -1.000000 2.406408 2.740040
v -1.000000 8.593594 -2.740038
v -1.000000 8.240041 -3.093591
v -1.000000 8.240040 -2.386484
v -1.000000 7.886487 -2.740037
v -0.500000 8.770370 -2.916816
v -0.500000 8.416818 -3.270368
v -0.500000 8.240040 -2.386485
v -0.500000 7.886487 -2.740037
v -0.500000 2.759963 -2.386485
v -0.500000 3.113515 -2.740037
v -0.500000 2.229632 -2.916816
v -0.500000 2.583184 -3.270368
v -1.000000 2.759963 -2.386485
v -1.000000 3.113516 -2.740038
v -1.000000 2.406409 -2.740039
v -1.000000 2.759962 -3.093592
v -1.000000 8.240040 3.093594
v -1.000000 8.593594 2.740040
v -1.000000 7.886486 2.740040
v -1.000000 8.240040 2.386486
v -0.500000 8.416818 3.270370
v -0.500000 8.770370 2.916817
v -0.500000 7.886487 2.740039
v -0.500000 8.240040 2.386486
v 0.500000 5.750001 -3.625001
v 0.500000 5.250002 -3.625001
v 0.500000 5.750001 -4.375002
v 0.500000 5.250002 -4.375002
v 1.000000 5.750001 -3.625001
v 1.000000 5.250001 -3.625001
v 1.000000 5.750001 -4.125002
v 1.000000 5.250001 -4.125002
v 1.000000 5.750001 4.125000
v 1.000000 5.250001 4.125000
v 1.000000 5.750001 3.624999
v 1.000000 5.250001 3.624999
v 0.500000 5.750000 4.375000
v 0.500000 5.250001 4.375000
v 0.500000 5.750000 3.624999
v 0.500000 5.250001 3.624999
v 0.500000 1.875001 -0.250001
v 0.500000 1.875001 0.249998
v 0.500000 1.125000 -0.250001
v 0.500000 1.125000 0.249998
v 1.000000 1.875001 -0.250001
v 1.000000 1.875001 0.249999
v 1.000000 1.375000 -0.250001
v 1.000000 1.375000 0.249999
v 1.000000 9.625002 -0.250001
v 1.000000 9.625002 0.249999
v 1.000000 9.125001 -0.250001
v 1.000000 9.125001 0.249999
v 0.500000 9.875002 -0.250000
v 0.500000 9.875002 0.249999
v 0.500000 9.125001 -0.250000
v 0.500000 9.125001 0.249999
v 0.500000 3.113516 -2.740040
v 0.500000 2.759963 -2.386487
v 0.500000 2.583185 -3.270370
v 0.500000 2.229632 -2.916818
v 1.000000 3.113516 -2.740040
v 1.000000 2.759962 -2.386486
v 1.000000 2.759962 -3.093594
v 1.000000 2.406408 -2.740040
v 1.000000 8.593594 2.740038
v 1.000000 8.240041 3.093591
v 1.000000 8.240040 2.386484
v 1.000000 7.886487 2.740037
v 0.500000 8.770370 2.916816
v 0.500000 8.416818 3.270368
v 0.500000 8.240040 2.386485
v 0.500000 7.886487 2.740037
v 0.500000 2.759963 2.386485
v 0.500000 3.113515 2.740037
v 0.500000 2.229632 2.916816
v 0.500000 2.583184 3.270368
v 1.000000 2.759963 2.386485
v 1.000000 3.113516 2.740038
v 1.000000 2.406409 2.740039
v 1.000000 2.759962 3.093592
v 1.000000 8.240040 -3.093594
v 1.000000 8.593594 -2.740040
v 1.000000 7.886486 -2.740040
v 1.000000 8.240040 -2.386486
v 0.499999 8.416818 -3.270370
v 0.500000 8.770370 -2.916817
v 0.500000 7.886487 -2.740039
v 0.500000 8.240040 -2.386486
vt 0.446429 0.611940
vt 0.428571 0.641791
vt 0.428571 0.611940
vt 0.410714 0.641791
vt 0.392857 0.611940
vt 0.410714 0.611940
vt 0.428571 0.671642
vt 0.410714 0.671642
vt 0.410714 0.641791
vt 0.428571 0.611940
vt 0.428571 0.641791
vt 0.428571 0.671642
vt 0.410714 0.671642
vt 0.392857 0.611940
vt 0.410714 0.611940
vt 0.446429 0.611940
vt 0.446429 0.611940
vt 0.428571 0.641791
vt 0.428571 0.611940
vt 0.410714 0.641791
vt 0.392857 0.611940
vt 0.410714 0.611940
vt 0.428571 0.671642
vt 0.410714 0.671642
vt 0.410714 0.641791
vt 0.428571 0.611940
vt 0.428571 0.641791
vt 0.428571 0.671642
vt 0.410714 0.671642
vt 0.392857 0.611940
vt 0.410714 0.611940
vt 0.446429 0.611940
vt 0.375000 0.582090
vt 0.370536 0.611940
vt 0.370536 0.582090
vt 0.361607 0.611940
vt 0.366071 0.582090
vt 0.366071 0.611940
vt 0.357143 0.582090
vt 0.357143 0.611940
vt 0.375000 0.582090
vt 0.370536 0.611940
vt 0.370536 0.582090
vt 0.361607 0.611940
vt 0.366071 0.582090
vt 0.366071 0.611940
vt 0.357143 0.582090
vt 0.357143 0.611940
vt 0.375000 0.582090
vt 0.370536 0.611940
vt 0.370536 0.582090
vt 0.361607 0.611940
vt 0.366071 0.582090
vt 0.366071 0.611940
vt 0.357143 0.582090
vt 0.357143 0.611940
vt 0.375000 0.582090
vt 0.370536 0.611940
vt 0.370536 0.582090
vt 0.361607 0.611940
vt 0.366071 0.582090
vt 0.366071 0.611940
vt 0.357143 0.582090
vt 0.357143 0.611940
vt 0.375000 0.582090
vt 0.370536 0.611940
vt 0.370536 0.582090
vt 0.361607 0.611940
vt 0.366071 0.582090
vt 0.366071 0.611940
vt 0.357143 0.582090
vt 0.357143 0.611940
vt 0.375000 0.582090
vt 0.370536 0.611940
vt 0.370536 0.582090
vt 0.361607 0.611940
vt 0.366071 0.582090
vt 0.366071 0.611940
vt 0.357143 0.582090
vt 0.357143 0.611940
vt 0.375000 0.582090
vt 0.370536 0.611940
vt 0.370536 0.582090
vt 0.361607 0.611940
vt 0.366071 0.582090
vt 0.366071 0.611940
vt 0.357143 0.582090
vt 0.357143 0.611940
vt 0.375000 0.582090
vt 0.370536 0.611940
vt 0.370536 0.582090
vt 0.361607 0.611940
vt 0.366071 0.582090
vt 0.366071 0.611940
vt 0.357143 0.582090
vt 0.357143 0.611940
vt 0.375000 0.582090
vt 0.370536 0.611940
vt 0.370536 0.582090
vt 0.361607 0.611940
vt 0.366071 0.582090
vt 0.366071 0.611940
vt 0.357143 0.582090
vt 0.357143 0.611940
vt 0.375000 0.582090
vt 0.370536 0.611940
vt 0.370536 0.582090
vt 0.361607 0.611940
vt 0.366071 0.582090
vt 0.366071 0.611940
vt 0.357143 0.582090
vt 0.357143 0.611940
vt 0.375000 0.582090
vt 0.370536 0.611940
vt 0.370536 0.582090
vt 0.361607 0.611940
vt 0.366071 0.582090
vt 0.366071 0.611940
vt 0.357143 0.582090
vt 0.357143 0.611940
vt 0.375000 0.582090
vt 0.370536 0.611940
vt 0.370536 0.582090
vt 0.361607 0.611940
vt 0.366071 0.582090
vt 0.366071 0.611940
vt 0.357143 0.582090
vt 0.357143 0.611940
vt 0.375000 0.582090
vt 0.370536 0.611940
vt 0.370536 0.582090
vt 0.361607 0.611940
vt 0.366071 0.582090
vt 0.366071 0.611940
vt 0.357143 0.582090
vt 0.357143 0.611940
vt 0.375000 0.582090
vt 0.370536 0.611940
vt 0.370536 0.582090
vt 0.361607 0.611940
vt 0.366071 0.582090
vt 0.366071 0.611940
vt 0.357143 0.582090
vt 0.357143 0.611940
vt 0.375000 0.582090
vt 0.370536 0.611940
vt 0.370536 0.582090
vt 0.361607 0.611940
vt 0.366071 0.582090
vt 0.366071 0.611940
vt 0.357143 0.582090
vt 0.357143 0.611940
vt 0.375000 0.582090
vt 0.370536 0.611940
vt 0.370536 0.582090
vt 0.361607 0.611940
vt 0.366071 0.582090
vt 0.366071 0.611940
vt 0.357143 0.582090
vt 0.357143 0.611940
vt 0.446429 0.611940
vt 0.428571 0.641791
vt 0.428571 0.611940
vt 0.410714 0.641791
vt 0.392857 0.611940
vt 0.410714 0.611940
vt 0.428571 0.671642
vt 0.410714 0.671642
vt 0.428571 0.641791
vt 0.410714 0.611940
vt 0.428571 0.611940
vt 0.410714 0.671642
vt 0.410714 0.641791
vt 0.392857 0.611940
vt 0.446429 0.611940
vt 0.446429 0.611940
vt 0.428571 0.641791
vt 0.428571 0.611940
vt 0.410714 0.641791
vt 0.392857 0.611940
vt 0.410714 0.611940
vt 0.428571 0.671642
vt 0.410714 0.671642
vt 0.428571 0.641791
vt 0.410714 0.611940
vt 0.428571 0.611940
vt 0.410714 0.641791
vt 0.428571 0.671642
vt 0.410714 0.671642
vt 0.392857 0.611940
vt 0.446429 0.611940
vt 0.446429 0.611940
vt 0.428571 0.641791
vt 0.428571 0.611940
vt 0.410714 0.641791
vt 0.392857 0.611940
vt 0.410714 0.611940
vt 0.428571 0.671642
vt 0.410714 0.671642
vt 0.410714 0.641791
vt 0.428571 0.611940
vt 0.428571 0.641791
vt 0.428571 0.671642
vt 0.410714 0.671642
vt 0.392857 0.611940
vt 0.410714 0.611940
vt 0.446429 0.611940
vt 0.446429 0.611940
vt 0.428571 0.641791
vt 0.428571 0.611940
vt 0.410714 0.641791
vt 0.392857 0.611940
vt 0.410714 0.611940
vt 0.428571 0.671642
vt 0.410714 0.671642
vt 0.410714 0.641791
vt 0.428571 0.611940
vt 0.428571 0.641791
vt 0.428571 0.671642
vt 0.410714 0.671642
vt 0.392857 0.611940
vt 0.410714 0.611940
vt 0.446429 0.611940
vt 0.446429 0.611940
vt 0.428571 0.641791
vt 0.428571 0.611940
vt 0.410714 0.641791
vt 0.392857 0.611940
vt 0.410714 0.611940
vt 0.428571 0.671642
vt 0.410714 0.671642
vt 0.428571 0.641791
vt 0.410714 0.611940
vt 0.428571 0.611940
vt 0.410714 0.641791
vt 0.428571 0.671642
vt 0.410714 0.671642
vt 0.392857 0.611940
vt 0.446429 0.611940
vt 0.446429 0.611940
vt 0.428571 0.641791
vt 0.428571 0.611940
vt 0.410714 0.641791
vt 0.392857 0.611940
vt 0.410714 0.611940
vt 0.428571 0.671642
vt 0.410714 0.671642
vt 0.428571 0.641791
vt 0.410714 0.611940
vt 0.428571 0.611940
vt 0.410714 0.641791
vt 0.428571 0.671642
vt 0.410714 0.671642
vt 0.392857 0.611940
vt 0.446429 0.611940
vt 0.446429 0.656716
vt 0.392857 0.656716
vt 0.392857 0.656716
vt 0.446429 0.656716
vt 0.446429 0.656716
vt 0.392857 0.656716
vt 0.392857 0.656716
vt 0.446429 0.656716
vt 0.375000 0.611940
vt 0.361607 0.582090
vt 0.375000 0.611940
vt 0.361607 0.582090
vt 0.375000 0.611940
vt 0.361607 0.582090
vt 0.375000 0.611940
vt 0.361607 0.582090
vt 0.375000 0.611940
vt 0.361607 0.582090
vt 0.375000 0.611940
vt 0.361607 0.582090
vt 0.375000 0.611940
vt 0.361607 0.582090
vt 0.375000 0.611940
vt 0.361607 0.582090
vt 0.375000 0.611940
vt 0.361607 0.582090
vt 0.375000 0.611940
vt 0.361607 0.582090
vt 0.375000 0.611940
vt 0.361607 0.582090
vt 0.375000 0.611940
vt 0.361607 0.582090
vt 0.375000 0.611940
vt 0.361607 0.582090
vt 0.375000 0.611940
vt 0.361607 0.582090
vt 0.375000 0.611940
vt 0.361607 0.582090
vt 0.375000 0.611940
vt 0.361607 0.582090
vt 0.446429 0.656716
vt 0.392857 0.656716
vt 0.428571 0.671642
vt 0.392857 0.656716
vt 0.446429 0.656716
vt 0.446429 0.656716
vt 0.392857 0.656716
vt 0.392857 0.656716
vt 0.446429 0.656716
vt 0.446429 0.656716
vt 0.392857 0.656716
vt 0.392857 0.656716
vt 0.446429 0.656716
vt 0.446429 0.656716
vt 0.392857 0.656716
vt 0.392857 0.656716
vt 0.446429 0.656716
vt 0.446429 0.656716
vt 0.392857 0.656716
vt 0.392857 0.656716
vt 0.446429 0.656716
vt 0.446429 0.656716
vt 0.392857 0.656716
vt 0.392857 0.656716
vt 0.446429 0.656716
vt 0.687500 0.238806
vt 0.656250 0.253731
vt 0.656250 0.238806
vt 0.281250 0.238806
vt 0.250000 0.253731
vt 0.250000 0.238806
vt 0.125000 0.238806
vt 0.093750 0.253731
vt 0.093750 0.238806
vt 0.718750 0.238806
vt 0.687500 0.253731
vt 0.312500 0.238806
vt 0.281250 0.253731
vt 0.156250 0.238806
vt 0.125000 0.253731
vt 0.750000 0.253731
vt 0.718750 0.253731
vt 0.343750 0.253731
vt 0.312500 0.253731
vt 0.187500 0.253731
vt 0.156250 0.253731
vt 0.750000 0.238806
vt 0.781250 0.253731
vt 0.375000 0.238806
vt 0.343750 0.238806
vt 0.218750 0.238806
vt 0.187500 0.238806
vt 0.812500 0.238806
vt 0.781250 0.238806
vt 0.406250 0.238806
vt 0.375000 0.253731
vt 0.218750 0.253731
vt 0.843750 0.238806
vt 0.812500 0.253731
vt 0.437500 0.238806
vt 0.406250 0.253731
vt 0.875000 0.238806
vt 0.843750 0.253731
vt 0.468750 0.238806
vt 0.437500 0.253731
vt 0.906250 0.238806
vt 0.875000 0.253731
vt 0.500000 0.238806
vt 0.468750 0.253731
vt 0.937500 0.238806
vt 0.906250 0.253731
vt 0.531250 0.238806
vt 0.500000 0.253731
vt 0.968750 0.238806
vt 0.937500 0.253731
vt 0.562500 0.238806
vt 0.531250 0.253731
vt 1.000000 0.238806
vt 0.968750 0.253731
vt 0.593750 0.238806
vt 0.562500 0.253731
vt 0.031250 0.238806
vt 0.000000 0.253731
vt 0.000000 0.238806
vt 0.625000 0.238806
vt 0.593750 0.253731
vt 0.062500 0.238806
vt 0.031250 0.253731
vt 0.625000 0.253731
vt 0.062500 0.253731
vt 0.218750 0.194030
vt 0.183036 0.194030
vt 0.156250 0.194030
vt 0.093750 0.194030
vt 0.120536 0.194030
vt 0.058036 0.194030
vt 0.004464 0.194030
vt 0.031250 0.194030
vt 0.968750 0.194030
vt 0.995536 0.194030
vt 0.941964 0.194030
vt 0.906250 0.194030
vt 0.933036 0.194030
vt 0.870536 0.194030
vt 0.843750 0.194030
vt 0.781250 0.194030
vt 0.808036 0.194030
vt 0.754464 0.194030
vt 0.745536 0.194030
vt 0.718750 0.194030
vt 0.656250 0.194030
vt 0.683036 0.194030
vt 0.629464 0.194030
vt 0.620536 0.194030
vt 0.593750 0.194030
vt 0.531250 0.194030
vt 0.558036 0.194030
vt 0.504464 0.194030
vt 0.495536 0.194030
vt 0.468750 0.194030
vt 0.433036 0.194030
vt 0.406250 0.194030
vt 0.370536 0.194030
vt 0.343750 0.194030
vt 0.308036 0.194030
vt 0.254464 0.194030
vt 0.281250 0.194030
vt 0.245536 0.194030
vt 0.745536 0.164179
vt 0.129464 0.194030
vt 0.156250 0.164179
vt 0.308036 0.164179
vt 0.691964 0.194030
vt 0.718750 0.164179
vt 0.120536 0.164179
vt 0.281250 0.164179
vt 0.683036 0.164179
vt 0.066964 0.194030
vt 0.093750 0.164179
vt 0.629464 0.164179
vt 0.656250 0.164179
vt 0.058036 0.164179
vt 0.620536 0.164179
vt 0.031250 0.164179
vt 0.566964 0.194030
vt 0.593750 0.164179
vt 0.995536 0.164179
vt 0.558036 0.164179
vt 0.968750 0.164179
vt 0.531250 0.164179
vt 0.933036 0.164179
vt 0.495536 0.164179
vt 0.879464 0.194030
vt 0.906250 0.164179
vt 0.441964 0.194030
vt 0.468750 0.164179
vt 0.843750 0.164179
vt 0.870536 0.164179
vt 0.433036 0.164179
vt 0.816964 0.194030
vt 0.245536 0.164179
vt 0.379464 0.194030
vt 0.406250 0.164179
vt 0.808036 0.164179
vt 0.191964 0.194030
vt 0.218750 0.164179
vt 0.370536 0.164179
vt 0.781250 0.164179
vt 0.183036 0.164179
vt 0.316964 0.194030
vt 0.343750 0.164179
vt 0.191964 0.164179
vt 0.218750 0.000000
vt 0.156250 0.000000
vt 0.162946 -0.000000
vt 0.129464 0.164179
vt 0.100446 -0.000000
vt 0.087054 -0.000000
vt 0.093750 0.000000
vt 0.031250 -0.000000
vt 0.037946 -0.000000
vt 0.004464 0.164179
vt 0.968750 0.000000
vt 0.975446 0.000000
vt 0.941964 0.164179
vt 0.906250 -0.000000
vt 0.912946 -0.000000
vt 0.899554 -0.000000
vt 0.850446 0.000000
vt 0.837054 0.000000
vt 0.843750 0.000000
vt 0.781250 0.000000
vt 0.787946 -0.000000
vt 0.774554 -0.000000
vt 0.718750 0.000000
vt 0.725446 -0.000000
vt 0.691964 0.164179
vt 0.656250 -0.000000
vt 0.662946 -0.000000
vt 0.649554 -0.000000
vt 0.600446 0.000000
vt 0.566964 0.164179
vt 0.593750 -0.000000
vt 0.531250 0.000000
vt 0.537946 -0.000000
vt 0.504464 0.164179
vt 0.468750 0.000000
vt 0.475446 -0.000000
vt 0.462054 -0.000000
vt 0.412946 0.000000
vt 0.399554 -0.000000
vt 0.406250 -0.000000
vt 0.343750 0.000000
vt 0.350446 -0.000000
vt 0.316964 0.164179
vt 0.281250 0.000000
vt 0.287946 -0.000000
vt 0.254464 0.164179
vt 0.225446 -0.000000
vt 0.062500 0.238806
vt 0.093750 0.194030
vt 0.093750 0.238806
vt 0.031250 0.238806
vt 0.058036 0.194030
vt -0.000000 0.238806
vt 0.031250 0.194030
vt 0.968750 0.238806
vt 0.995536 0.194030
vt 1.000000 0.238806
vt 0.941964 0.194030
vt 0.937500 0.238806
vt 0.906250 0.238806
vt 0.933036 0.194030
vt 0.875000 0.238806
vt 0.906250 0.194030
vt 0.843750 0.194030
vt 0.843750 0.238806
vt 0.816964 0.194030
vt 0.812500 0.238806
vt 0.781250 0.194030
vt 0.781250 0.238806
vt 0.754464 0.194030
vt 0.750000 0.238806
vt 0.718750 0.238806
vt 0.745536 0.194030
vt 0.691964 0.194030
vt 0.687500 0.238806
vt 0.656250 0.194030
vt 0.656250 0.238806
vt 0.629464 0.194030
vt 0.625000 0.238806
vt 0.593750 0.194030
vt 0.593750 0.238806
vt 0.566964 0.194030
vt 0.562500 0.238806
vt 0.531250 0.194030
vt 0.531250 0.238806
vt 0.504464 0.194030
vt 0.500000 0.238806
vt 0.468750 0.238806
vt 0.495536 0.194030
vt 0.441964 0.194030
vt 0.437500 0.238806
vt 0.406250 0.194030
vt 0.406250 0.238806
vt 0.379464 0.194030
vt 0.375000 0.238806
vt 0.343750 0.238806
vt 0.370536 0.194030
vt 0.312500 0.238806
vt 0.343750 0.194030
vt 0.281250 0.194030
vt 0.281250 0.238806
vt 0.250000 0.238806
vt 0.218750 0.238806
vt 0.245536 0.194030
vt 0.187500 0.238806
vt 0.218750 0.194030
vt 0.156250 0.194030
vt 0.156250 0.238806
vt 0.131315 0.193995
vt 0.125000 0.238806
vt 0.066964 0.164179
vt 0.066964 0.194030
vt 0.093750 0.164179
vt 0.120536 0.194030
vt 0.129464 0.164179
vt 0.156250 0.164179
vt 0.183036 0.194030
vt 0.191964 0.164179
vt 0.191964 0.194030
vt 0.218750 0.164179
vt 0.254464 0.164179
vt 0.254464 0.194030
vt 0.281250 0.164179
vt 0.308036 0.194030
vt 0.316964 0.164179
vt 0.316964 0.194030
vt 0.343750 0.164179
vt 0.379464 0.164179
vt 0.406250 0.164179
vt 0.433036 0.194030
vt 0.441964 0.164179
vt 0.468750 0.194030
vt 0.468750 0.164179
vt 0.504464 0.164179
vt 0.531250 0.164179
vt 0.558036 0.194030
vt 0.566964 0.164179
vt 0.593750 0.164179
vt 0.620536 0.194030
vt 0.656250 0.164179
vt 0.683036 0.194030
vt 0.691964 0.164179
vt 0.718750 0.194030
vt 0.718750 0.164179
vt 0.754464 0.164179
vt 0.781250 0.164179
vt 0.808036 0.194030
vt 0.816964 0.164179
vt 0.870536 0.164179
vt 0.870536 0.194030
vt 0.879464 0.164179
vt 0.879464 0.194030
vt 0.906250 0.164179
vt 0.941964 0.164179
vt 0.968750 0.194030
vt 0.968750 0.164179
vt 0.004464 0.164179
vt 0.004464 0.194030
vt 0.031250 0.164179
vt 0.462054 -0.000000
vt 0.406250 0.000000
vt 0.433036 0.164179
vt 0.350446 -0.000000
vt 0.370536 0.164179
vt 0.337054 0.000000
vt 0.281250 0.000000
vt 0.308036 0.164179
vt 0.274554 -0.000000
vt 0.218750 -0.000000
vt 0.245536 0.164179
vt 0.162946 -0.000000
vt 0.183036 0.164179
vt 0.149554 0.000000
vt 0.093750 0.000000
vt 0.120536 0.164179
vt 0.031250 -0.000000
vt 0.058036 0.164179
vt 0.968750 -0.000000
vt 0.995536 0.164179
vt 0.962054 -0.000000
vt 0.912946 -0.000000
vt 0.933036 0.164179
vt 0.899554 -0.000000
vt 0.843750 0.000000
vt 0.843750 0.164179
vt 0.781250 0.000000
vt 0.808036 0.164179
vt 0.774554 -0.000000
vt 0.718750 0.000000
vt 0.745536 0.164179
vt 0.656250 0.000000
vt 0.683036 0.164179
vt 0.649554 -0.000000
vt 0.629464 0.164179
vt 0.593750 -0.000000
vt 0.620536 0.164179
vt 0.587054 -0.000000
vt 0.537946 0.000000
vt 0.558036 0.164179
vt 0.531250 0.000000
vt 0.468750 -0.000000
vt 0.495536 0.164179
vt 0.156250 0.253731
vt 0.750000 0.253731
vt 0.593750 0.253731
vt 0.218750 0.253731
vt 0.187500 0.253731
vt 0.781250 0.253731
vt 0.625000 0.253731
vt 0.843750 0.253731
vt 0.812500 0.253731
vt 0.687500 0.253731
vt 0.656250 0.253731
vt 0.281250 0.253731
vt 0.250000 0.253731
vt 0.875000 0.253731
vt 0.718750 0.253731
vt 0.312500 0.253731
vt 0.906250 0.253731
vt 0.375000 0.253731
vt 0.343750 0.253731
vt 0.937500 0.253731
vt 0.968750 0.253731
vt 0.406250 0.253731
vt -0.000000 0.253731
vt 0.437500 0.253731
vt 0.031250 0.253731
vt 0.468750 0.253731
vt 0.062500 0.253731
vt 0.500000 0.253731
vt 0.093750 0.253731
vt 0.531250 0.253731
vt 0.125000 0.253731
vt 0.562500 0.253731
vt 0.093750 0.283582
vt 0.066964 0.283582
vt 0.031250 0.283582
vt 0.004464 0.283582
vt 1.000000 0.253731
vt 0.968750 0.283582
vt 0.941964 0.283582
vt 0.933036 0.283582
vt 0.906250 0.283582
vt 0.870536 0.283582
vt 0.843750 0.283582
vt 0.781250 0.283582
vt 0.754464 0.283582
vt 0.718750 0.283582
vt 0.656250 0.283582
vt 0.629464 0.283582
vt 0.620536 0.283582
vt 0.593750 0.283582
vt 0.558036 0.283582
vt 0.531250 0.283582
vt 0.495536 0.283582
vt 0.468750 0.283582
vt 0.406250 0.283582
vt 0.343750 0.283582
vt 0.281250 0.283582
vt 0.254464 0.283582
vt 0.218750 0.283582
vt 0.183036 0.283582
vt 0.129464 0.283582
vt 0.919643 0.373134
vt 0.946429 0.343284
vt 0.946429 0.373134
vt 0.973214 0.373134
vt 1.000000 0.343284
vt 1.000000 0.373134
vt 0.973214 0.343284
vt 0.973214 0.373134
vt 0.892857 0.373134
vt 0.919643 0.343284
vt 0.919643 0.373134
vt 1.000000 0.343284
vt 1.000000 0.373134
vt 0.946429 0.343284
vt 0.946429 0.373134
vt 0.892857 0.373134
vt 0.919643 0.343284
vt 0.919643 0.373134
vt 0.973214 0.343284
vt 0.973214 0.373134
vt 0.946429 0.343284
vt 0.946429 0.373134
vt 1.000000 0.343284
vt 1.000000 0.373134
vt 0.973214 0.343284
vt 0.973214 0.373134
vt 0.892857 0.373134
vt 0.919643 0.343284
vt 0.919643 0.373134
vt 1.000000 0.343284
vt 1.000000 0.373134
vt 0.946429 0.343284
vt 0.946429 0.373134
vt 0.892857 0.373134
vt 0.919643 0.343284
vt 0.919643 0.373134
vt 0.973214 0.343284
vt 0.973214 0.373134
vt 0.946429 0.343284
vt 0.946429 0.373134
vt 0.892857 0.373134
vt 0.919643 0.343284
vt 0.919643 0.373134
vt 1.000000 0.343284
vt 1.000000 0.373134
vt 0.973214 0.373134
vt 0.973214 0.343284
vt 0.946429 0.343284
vt 0.946429 0.373134
vt 0.892857 0.373134
vt 0.919643 0.343284
vt 0.919643 0.373134
vt 1.000000 0.343284
vt 1.000000 0.373134
vt 0.973214 0.343284
vt 0.973214 0.373134
vt 0.946429 0.343284
vt 0.946429 0.373134
vt 0.892857 0.373134
vt 0.919643 0.343284
vt 0.919643 0.373134
vt 1.000000 0.343284
vt 1.000000 0.373134
vt 0.973214 0.343284
vt 0.973214 0.373134
vt 0.946429 0.343284
vt 0.946429 0.373134
vt 0.892857 0.373134
vt 0.919643 0.343284
vt 1.000000 0.343284
vt 1.000000 0.373134
vt 0.973214 0.343284
vt 0.906250 0.283582
vt 0.879464 0.283582
vt 0.933036 0.283582
vt 0.968750 0.283582
vt 0.941964 0.283582
vt 0.995536 0.283582
vt 0.031250 0.283582
vt 0.004464 0.283582
vt 0.058036 0.283582
vt 0.093750 0.283582
vt 0.066964 0.283582
vt 0.129464 0.283582
vt 0.156250 0.283582
vt 0.191964 0.283582
vt 0.245536 0.283582
vt 0.218750 0.283582
vt 0.281250 0.283582
vt 0.254464 0.283582
vt 0.343750 0.283582
vt 0.316964 0.283582
vt 0.370536 0.283582
vt 0.379464 0.283582
vt 0.406250 0.283582
vt 0.441964 0.283582
vt 0.468750 0.283582
vt 0.504464 0.283582
vt 0.531250 0.283582
vt 0.593750 0.283582
vt 0.566964 0.283582
vt 0.656250 0.283582
vt 0.629464 0.283582
vt 0.718750 0.283582
vt 0.691964 0.283582
vt 0.745536 0.283582
vt 0.781250 0.283582
vt 0.754464 0.283582
vt 0.816964 0.283582
vt 0.870536 0.283582
vt 0.843750 0.283582
vt 0.066964 0.164179
vt 0.879464 0.164179
vt 0.441964 0.164179
vt 0.816964 0.164179
vt 0.379464 0.164179
vt 0.754464 0.164179
vt 0.212054 0.000000
vt 0.149554 -0.000000
vt 0.024554 -0.000000
vt 0.962054 -0.000000
vt 0.712054 -0.000000
vt 0.587054 -0.000000
vt 0.524554 -0.000000
vt 0.337054 -0.000000
vt 0.274554 -0.000000
vt 0.412946 -0.000000
vt 0.399554 -0.000000
vt 0.343750 0.000000
vt 0.287946 -0.000000
vt 0.225446 -0.000000
vt 0.212054 0.000000
vt 0.156250 0.000000
vt 0.100446 0.000000
vt 0.087054 -0.000000
vt 0.037946 0.000000
vt 0.024554 -0.000000
vt 0.975446 -0.000000
vt 0.906250 0.000000
vt 0.850446 -0.000000
vt 0.837054 -0.000000
vt 0.787946 0.000000
vt 0.725446 0.000000
vt 0.712054 0.000000
vt 0.662946 -0.000000
vt 0.600446 0.000000
vt 0.524554 0.000000
vt 0.475446 -0.000000
vt 1.000000 0.253731
vt 0.120536 0.283582
vt 0.058036 0.283582
vt 0.995536 0.283582
vt 0.879464 0.283582
vt 0.816964 0.283582
vt 0.808036 0.283582
vt 0.745536 0.283582
vt 0.691964 0.283582
vt 0.683036 0.283582
vt 0.566964 0.283582
vt 0.504464 0.283582
vt 0.441964 0.283582
vt 0.433036 0.283582
vt 0.379464 0.283582
vt 0.370536 0.283582
vt 0.316964 0.283582
vt 0.308036 0.283582
vt 0.245536 0.283582
vt 0.191964 0.283582
vt 0.156250 0.283582
vt 0.892857 0.343284
vt 0.892857 0.343284
vt 0.892857 0.343284
vt 0.892857 0.343284
vt 0.892857 0.343284
vt 0.892857 0.343284
vt 0.892857 0.343284
vt 0.892857 0.343284
vt 0.120536 0.283582
vt 0.183036 0.283582
vt 0.308036 0.283582
vt 0.433036 0.283582
vt 0.495536 0.283582
vt 0.558036 0.283582
vt 0.620536 0.283582
vt 0.683036 0.283582
vt 0.808036 0.283582
vn 0.0000 -1.0000 0.0000
vn 0.0000 1.0000 0.0000
vn -0.4472 0.0000 0.8944
vn -1.0000 0.0000 0.0000
vn -0.4472 0.0000 -0.8944
vn 0.0000 0.0000 -1.0000
vn 0.0000 -0.0000 1.0000
vn -0.4472 -0.8944 0.0000
vn -0.4472 0.8944 0.0000
vn 0.0000 -0.7071 -0.7071
vn 0.0000 0.7071 0.7071
vn 0.0000 -0.7071 0.7071
vn 0.0000 0.7071 -0.7071
vn 0.0000 -0.3827 -0.9239
vn 0.0000 0.3827 0.9239
vn 0.0000 -0.9239 0.3827
vn 0.0000 0.9239 -0.3827
vn 0.0000 0.3827 -0.9239
vn 0.0000 -0.3827 0.9239
vn 0.0000 -0.9239 -0.3827
vn 0.0000 0.9239 0.3827
vn -0.4472 -0.6325 0.6325
vn -0.4472 0.6325 -0.6325
vn -0.4472 -0.6325 -0.6325
vn -0.4472 0.6325 0.6325
vn 0.4472 0.0000 -0.8944
vn 1.0000 0.0000 -0.0000
vn 0.4472 0.0000 0.8944
vn 0.4472 -0.8944 0.0000
vn 0.4472 0.8944 0.0000
vn 0.4472 -0.6325 -0.6325
vn 0.4472 0.6325 0.6325
vn 0.4472 -0.6325 0.6325
vn 0.4472 0.6325 -0.6325
vn 0.0000 -0.5556 0.8315
vn 0.0000 -0.1951 -0.9808
vn 0.0000 0.8315 -0.5556
vn 0.0000 -0.1951 0.9808
vn 0.0000 0.5556 -0.8315
vn 0.0000 -0.5556 -0.8315
vn 0.0000 0.1951 0.9808
vn 0.0000 0.1951 -0.9808
vn 0.0000 -0.8315 -0.5556
vn 0.0000 0.5556 0.8315
vn 0.0000 -0.9808 -0.1951
vn 0.0000 0.8315 0.5556
vn 0.0000 -0.9808 0.1951
vn 0.0000 0.9808 0.1951
vn 0.0000 -0.8315 0.5556
vn 0.0000 0.9808 -0.1951
vn 0.9487 0.1210 -0.2922
vn 0.9487 0.0617 -0.3102
vn 0.9487 0.1757 -0.2629
vn 0.9487 0.2236 -0.2236
vn 0.9487 0.2629 -0.1757
vn 0.9487 0.2922 -0.1210
vn 0.9487 0.3102 -0.0617
vn 0.9487 0.3162 -0.0000
vn 0.9487 0.3102 0.0617
vn 0.9487 0.2922 0.1210
vn 0.9487 0.2629 0.1757
vn 0.9487 0.2236 0.2236
vn 0.9487 0.1757 0.2629
vn 0.9487 0.1210 0.2922
vn 0.9487 0.0617 0.3102
vn 0.9487 -0.0000 0.3162
vn 0.9487 -0.0617 0.3102
vn 0.9487 -0.1210 0.2922
vn 0.9487 -0.1757 0.2629
vn 0.9487 -0.2236 0.2236
vn 0.9487 -0.2629 0.1757
vn 0.9487 -0.2922 0.1210
vn 0.9487 -0.3102 0.0617
vn 0.9487 -0.3162 -0.0000
vn 0.9487 -0.3102 -0.0617
vn 0.9487 -0.2922 -0.1210
vn 0.9487 -0.2629 -0.1757
vn 0.9487 -0.2236 -0.2236
vn 0.9487 -0.1757 -0.2629
vn 0.9487 -0.1210 -0.2922
vn 0.9487 -0.0617 -0.3102
vn 0.9487 0.0000 -0.3162
vn 0.9959 0.0346 -0.0836
vn 0.9959 0.0177 -0.0888
vn 0.9959 0.0503 -0.0753
vn 0.9959 0.0640 -0.0640
vn 0.9959 0.0753 -0.0503
vn 0.9959 0.0836 -0.0346
vn 0.9959 0.0888 -0.0177
vn 0.9959 0.0905 0.0000
vn 0.9959 0.0888 0.0177
vn 0.9959 0.0836 0.0346
vn 0.9959 0.0753 0.0503
vn 0.9959 0.0640 0.0640
vn 0.9959 0.0503 0.0753
vn 0.9959 0.0346 0.0836
vn 0.9959 0.0177 0.0888
vn 0.9959 0.0000 0.0905
vn 0.9959 -0.0177 0.0888
vn 0.9959 -0.0346 0.0836
vn 0.9959 -0.0503 0.0753
vn 0.9959 -0.0640 0.0640
vn 0.9959 -0.0753 0.0503
vn 0.9959 -0.0836 0.0346
vn 0.9959 -0.0888 0.0177
vn 0.9959 -0.0905 0.0000
vn 0.9959 -0.0888 -0.0177
vn 0.9959 -0.0836 -0.0346
vn 0.9959 -0.0753 -0.0503
vn 0.9959 -0.0640 -0.0640
vn 0.9959 -0.0503 -0.0753
vn 0.9959 -0.0346 -0.0836
vn 0.9959 -0.0177 -0.0888
vn 0.9959 -0.0000 -0.0905
vn -0.9487 0.2922 0.1210
vn -0.9487 0.2629 0.1757
vn -0.9487 0.3102 0.0617
vn -0.9487 0.3162 -0.0000
vn -0.9487 0.3102 -0.0617
vn -0.9487 0.2922 -0.1210
vn -0.9487 0.2629 -0.1757
vn -0.9487 0.2236 -0.2236
vn -0.9487 0.1757 -0.2629
vn -0.9487 0.1210 -0.2922
vn -0.9487 0.0617 -0.3102
vn -0.9487 0.0000 -0.3162
vn -0.9487 -0.0617 -0.3102
vn -0.9487 -0.1210 -0.2922
vn -0.9487 -0.1757 -0.2629
vn -0.9487 -0.2236 -0.2236
vn -0.9487 -0.2629 -0.1757
vn -0.9487 -0.2922 -0.1210
vn -0.9487 -0.3102 -0.0617
vn -0.9487 -0.3162 -0.0000
vn -0.9487 -0.3102 0.0617
vn -0.9487 -0.2922 0.1210
vn -0.9487 -0.2629 0.1757
vn -0.9487 -0.2236 0.2236
vn -0.9487 -0.1757 0.2629
vn -0.9487 -0.1210 0.2922
vn -0.9487 -0.0617 0.3102
vn -0.9487 -0.0000 0.3162
vn -0.9487 0.0617 0.3102
vn -0.9487 0.1210 0.2922
vn -0.9487 0.1757 0.2629
vn -0.9487 0.2236 0.2236
vn -0.9959 -0.0836 0.0346
vn -0.9959 -0.0888 0.0177
vn -0.9959 -0.0753 0.0503
vn -0.9959 -0.0640 0.0640
vn -0.9959 -0.0503 0.0753
vn -0.9959 -0.0346 0.0836
vn -0.9959 -0.0177 0.0888
vn -0.9959 -0.0000 0.0905
vn -0.9959 0.0177 0.0888
vn -0.9959 0.0346 0.0836
vn -0.9959 0.0503 0.0753
vn -0.9959 0.0640 0.0640
vn -0.9959 0.0753 0.0503
vn -0.9959 0.0836 0.0346
vn -0.9959 0.0888 0.0177
vn -0.9959 0.0905 0.0000
vn -0.9959 0.0888 -0.0177
vn -0.9959 0.0836 -0.0346
vn -0.9959 0.0753 -0.0503
vn -0.9959 0.0640 -0.0640
vn -0.9959 0.0503 -0.0753
vn -0.9959 0.0346 -0.0836
vn -0.9959 0.0177 -0.0888
vn -0.9959 -0.0000 -0.0905
vn -0.9959 -0.0177 -0.0888
vn -0.9959 -0.0346 -0.0836
vn -0.9959 -0.0503 -0.0753
vn -0.9959 -0.0640 -0.0640
vn -0.9959 -0.0753 -0.0503
vn -0.9959 -0.0836 -0.0346
vn -0.9959 -0.0888 -0.0177
vn -0.9959 -0.0905 0.0000
v -0.937500 2.494797 3.181982
v -0.937500 2.318020 3.005205
v -0.937500 2.671573 3.005205
v -0.937500 2.494797 2.828429
v -0.937500 5.375001 4.125002
v -0.937500 5.625001 4.125002
v -0.937500 5.375001 4.375002
v -0.937500 5.625001 4.375002
v -0.687500 5.375001 4.125002
v -0.687500 5.625001 4.125002
v -0.687500 5.375001 4.375002
v -0.687500 5.625001 4.375002
v -0.687500 5.375001 -4.375000
v -0.687500 5.625001 -4.375000
v -0.687500 5.375001 -4.125000
v -0.687500 5.625001 -4.125000
v -0.937500 5.375001 -4.375000
v -0.937500 5.625001 -4.375000
v -0.937500 5.375001 -4.125000
v -0.937500 5.625001 -4.125000
v -0.937500 1.375000 -0.124999
v -0.937500 1.375000 0.125001
v -0.937500 1.125000 -0.124999
v -0.937500 1.125000 0.125001
v -0.687500 1.375000 -0.124999
v -0.687500 1.375000 0.125001
v -0.687500 1.125000 -0.124999
v -0.687500 1.125000 0.125001
v -0.687500 9.875002 -0.124999
v -0.687500 9.875002 0.125001
v -0.687500 9.625002 -0.124999
v -0.687500 9.625002 0.125001
v -0.937500 9.875002 -0.124999
v -0.937500 9.875002 0.125001
v -0.937500 9.625002 -0.124999
v -0.937500 9.625002 0.125001
v -0.687500 2.494797 2.828429
v -0.687500 2.671573 3.005205
v -0.687500 2.318020 3.005205
v -0.687500 2.494797 3.181982
v -0.687500 8.505206 -3.181980
v -0.687500 8.681982 -3.005203
v -0.687500 8.328429 -3.005203
v -0.687500 8.505205 -2.828426
v -0.937500 8.505206 -3.181980
v -0.937500 8.681982 -3.005203
v -0.937500 8.328429 -3.005203
v -0.937500 8.505205 -2.828426
v -0.937500 2.671574 -3.005204
v -0.937500 2.494797 -2.828427
v -0.937500 2.494797 -3.181981
v -0.937500 2.318020 -3.005204
v -0.687500 2.671574 -3.005204
v -0.687500 2.494797 -2.828427
v -0.687500 2.494797 -3.181981
v -0.687500 2.318020 -3.005204
v -0.687500 8.681982 3.005205
v -0.687500 8.505205 3.181982
v -0.687500 8.505205 2.828429
v -0.687500 8.328428 3.005205
v -0.937500 8.681982 3.005205
v -0.937500 8.505205 3.181982
v -0.937500 8.505205 2.828429
v -0.937500 8.328428 3.005205
v 0.937500 2.494797 -3.181982
v 0.937500 2.318020 -3.005205
v 0.937500 2.671573 -3.005205
v 0.937500 2.494797 -2.828429
v 0.937500 5.375001 -4.125002
v 0.937500 5.625001 -4.125002
v 0.937500 5.375001 -4.375002
v 0.937500 5.625001 -4.375002
v 0.687500 5.375001 -4.125002
v 0.687500 5.625001 -4.125002
v 0.687500 5.375001 -4.375002
v 0.687500 5.625001 -4.375002
v 0.687500 5.375001 4.375000
v 0.687500 5.625001 4.375000
v 0.687500 5.375001 4.125000
v 0.687500 5.625001 4.125000
v 0.937500 5.375001 4.375000
v 0.937500 5.625001 4.375000
v 0.937500 5.375001 4.125000
v 0.937500 5.625001 4.125000
v 0.937500 1.375000 0.124999
v 0.937500 1.375000 -0.125001
v 0.937500 1.125000 0.124999
v 0.937500 1.125000 -0.125001
v 0.687500 1.375000 0.124999
v 0.687500 1.375000 -0.125001
v 0.687500 1.125000 0.124999
v 0.687500 1.125000 -0.125001
v 0.687500 9.875002 0.124999
v 0.687500 9.875002 -0.125001
v 0.687500 9.625002 0.124999
v 0.687500 9.625002 -0.125001
v 0.937500 9.875002 0.124999
v 0.937500 9.875002 -0.125001
v 0.937500 9.625002 0.124999
v 0.937500 9.625002 -0.125001
v 0.687500 2.494797 -2.828429
v 0.687500 2.671573 -3.005205
v 0.687500 2.318020 -3.005205
v 0.687500 2.494797 -3.181982
v 0.687500 8.505206 3.181980
v 0.687500 8.681982 3.005203
v 0.687500 8.328429 3.005203
v 0.687500 8.505205 2.828426
v 0.937500 8.505206 3.181980
v 0.937500 8.681982 3.005203
v 0.937500 8.328429 3.005203
v 0.937500 8.505205 2.828426
v 0.937500 2.671574 3.005204
v 0.937500 2.494797 2.828427
v 0.937500 2.494797 3.181981
v 0.937500 2.318020 3.005204
v 0.687500 2.671574 3.005204
v 0.687500 2.494797 2.828427
v 0.687500 2.494797 3.181981
v 0.687500 2.318020 3.005204
v 0.687500 8.681982 -3.005205
v 0.687500 8.505205 -3.181982
v 0.687500 8.505205 -2.828429
v 0.687500 8.328428 -3.005205
v 0.937500 8.681982 -3.005205
v 0.937500 8.505205 -3.181982
v 0.937500 8.505205 -2.828429
v 0.937500 8.328428 -3.005205
vt 0.473214 0.641791
vt 0.464286 0.626866
vt 0.473214 0.626866
vt 0.446429 0.626866
vt 0.455357 0.641791
vt 0.446429 0.641791
vt 0.455357 0.626866
vt 0.464286 0.611940
vt 0.455357 0.611940
vt 0.464286 0.641791
vt 0.455357 0.656716
vt 0.464286 0.641791
vt 0.455357 0.656716
vt 0.455357 0.641791
vt 0.464286 0.611940
vt 0.455357 0.626866
vt 0.455357 0.611940
vt 0.464286 0.626866
vt 0.446429 0.626866
vt 0.446429 0.641791
vt 0.473214 0.641791
vt 0.473214 0.626866
vt 0.473214 0.641791
vt 0.464286 0.626866
vt 0.473214 0.626866
vt 0.446429 0.626866
vt 0.455357 0.641791
vt 0.446429 0.641791
vt 0.455357 0.626866
vt 0.464286 0.611940
vt 0.455357 0.611940
vt 0.464286 0.656716
vt 0.455357 0.656716
vt 0.464286 0.641791
vt 0.455357 0.656716
vt 0.455357 0.641791
vt 0.464286 0.611940
vt 0.455357 0.626866
vt 0.455357 0.611940
vt 0.464286 0.626866
vt 0.446429 0.626866
vt 0.446429 0.641791
vt 0.473214 0.641791
vt 0.473214 0.626866
vt 0.473214 0.641791
vt 0.464286 0.626866
vt 0.473214 0.626866
vt 0.446429 0.626866
vt 0.455357 0.641791
vt 0.446429 0.641791
vt 0.455357 0.626866
vt 0.464286 0.611940
vt 0.455357 0.611940
vt 0.464286 0.641791
vt 0.455357 0.656716
vt 0.464286 0.641791
vt 0.455357 0.656716
vt 0.455357 0.641791
vt 0.455357 0.611940
vt 0.464286 0.626866
vt 0.455357 0.626866
vt 0.446429 0.626866
vt 0.446429 0.641791
vt 0.473214 0.641791
vt 0.473214 0.626866
vt 0.473214 0.641791
vt 0.464286 0.626866
vt 0.473214 0.626866
vt 0.446429 0.626866
vt 0.455357 0.641791
vt 0.446429 0.641791
vt 0.455357 0.626866
vt 0.464286 0.611940
vt 0.455357 0.611940
vt 0.464286 0.656716
vt 0.455357 0.656716
vt 0.464286 0.641791
vt 0.455357 0.656716
vt 0.455357 0.641791
vt 0.464286 0.611940
vt 0.455357 0.626866
vt 0.455357 0.611940
vt 0.464286 0.626866
vt 0.446429 0.626866
vt 0.446429 0.641791
vt 0.473214 0.641791
vt 0.473214 0.626866
vt 0.473214 0.641791
vt 0.464286 0.626866
vt 0.473214 0.626866
vt 0.446429 0.626866
vt 0.455357 0.641791
vt 0.446429 0.641791
vt 0.455357 0.626866
vt 0.464286 0.611940
vt 0.455357 0.611940
vt 0.464286 0.641791
vt 0.455357 0.656716
vt 0.464286 0.641791
vt 0.455357 0.656716
vt 0.455357 0.641791
vt 0.464286 0.611940
vt 0.455357 0.626866
vt 0.455357 0.611940
vt 0.464286 0.626866
vt 0.446429 0.626866
vt 0.446429 0.641791
vt 0.473214 0.641791
vt 0.473214 0.626866
vt 0.473214 0.641791
vt 0.464286 0.626866
vt 0.473214 0.626866
vt 0.446429 0.626866
vt 0.455357 0.641791
vt 0.446429 0.641791
vt 0.455357 0.626866
vt 0.464286 0.611940
vt 0.455357 0.611940
vt 0.464286 0.656716
vt 0.455357 0.656716
vt 0.464286 0.641791
vt 0.455357 0.656716
vt 0.455357 0.641791
vt 0.464286 0.611940
vt 0.455357 0.626866
vt 0.455357 0.611940
vt 0.464286 0.626866
vt 0.446429 0.626866
vt 0.446429 0.641791
vt 0.473214 0.641791
vt 0.473214 0.626866
vt 0.473214 0.641791
vt 0.464286 0.626866
vt 0.473214 0.626866
vt 0.446429 0.626866
vt 0.455357 0.641791
vt 0.446429 0.641791
vt 0.455357 0.626866
vt 0.464286 0.611940
vt 0.455357 0.611940
vt 0.464286 0.641791
vt 0.455357 0.656716
vt 0.464286 0.641791
vt 0.455357 0.656716
vt 0.455357 0.641791
vt 0.455357 0.611940
vt 0.464286 0.626866
vt 0.455357 0.626866
vt 0.446429 0.626866
vt 0.446429 0.641791
vt 0.473214 0.641791
vt 0.473214 0.626866
vt 0.473214 0.641791
vt 0.464286 0.626866
vt 0.473214 0.626866
vt 0.446429 0.626866
vt 0.455357 0.641791
vt 0.446429 0.641791
vt 0.455357 0.626866
vt 0.464286 0.611940
vt 0.455357 0.611940
vt 0.464286 0.656716
vt 0.455357 0.656716
vt 0.464286 0.641791
vt 0.455357 0.656716
vt 0.455357 0.641791
vt 0.464286 0.611940
vt 0.455357 0.626866
vt 0.455357 0.611940
vt 0.464286 0.626866
vt 0.446429 0.626866
vt 0.446429 0.641791
vt 0.473214 0.641791
vt 0.473214 0.626866
vt 0.464286 0.656716
vt 0.464286 0.656716
vt 0.464286 0.641791
vt 0.464286 0.656716
vt 0.464286 0.656716
vt 0.464286 0.656716
vt 0.464286 0.611940
vt 0.464286 0.641791
vt 0.464286 0.656716
vt 0.464286 0.656716
vt 0.464286 0.656716
vt 0.464286 0.641791
vt 0.464286 0.656716
vt 0.464286 0.656716
vt 0.464286 0.656716
vt 0.464286 0.611940
vt 0.464286 0.641791
vt 0.464286 0.656716
vn 0.0000 -1.0000 0.0000
vn 0.0000 1.0000 0.0000
vn 0.0000 0.0000 1.0000
vn -1.0000 0.0000 0.0000
vn 1.0000 0.0000 0.0000
vn 0.0000 0.0000 -1.0000
vn 0.0000 -0.7071 -0.7071
vn 0.0000 0.7071 0.7071
vn 0.0000 -0.7071 0.7071
vn 0.0000 0.7071 -0.7071
v -0.250000 5.500000 -4.250000
v -0.250000 6.329134 -4.168337
v -0.249999 7.126407 -3.926488
v -0.250000 7.861172 -3.533745
v -0.250000 8.505203 -3.005203
v -0.250000 9.033746 -2.361173
v -0.250000 9.426489 -1.626404
v -0.250000 9.668339 -0.829134
v -0.250000 9.750000 0.000000
v -0.250000 9.668339 0.829134
v -0.250000 9.426489 1.626404
v -0.250000 9.033746 2.361174
v -0.250000 8.505203 3.005203
v -0.250000 7.861172 3.533746
v -0.249999 7.126402 3.926488
v -0.250000 6.329134 4.168338
v -0.250000 5.500000 4.250000
v -0.250000 4.670863 4.168337
v -0.250000 3.873595 3.926487
v -0.250000 3.138825 3.533745
v -0.250000 2.494793 3.005201
v -0.250000 1.966251 2.361171
v -0.250000 1.573512 1.626402
v -0.250000 1.331663 0.829130
v -0.250000 1.250000 -0.000004
v -0.250000 1.331663 -0.829138
v -0.250000 1.573512 -1.626409
v -0.250000 1.966255 -2.361177
v -0.250000 2.494802 -3.005207
v -0.250000 3.138829 -3.533749
v -0.250000 3.873603 -3.926490
v -0.250000 4.670871 -4.168338
v 0.250000 5.500000 -4.250000
v 0.250000 6.329134 -4.168337
v 0.250001 7.126407 -3.926488
v 0.250000 7.861172 -3.533745
v 0.250000 8.505203 -3.005203
v 0.250000 9.033746 -2.361173
v 0.250000 9.426489 -1.626404
v 0.250000 9.668339 -0.829134
v 0.250000 9.750000 0.000000
v 0.250000 9.668339 0.829134
v 0.250000 9.426489 1.626404
v 0.250000 9.033746 2.361174
v 0.250000 8.505203 3.005203
v 0.250000 7.861172 3.533746
v 0.250001 7.126402 3.926488
v 0.250000 6.329134 4.168338
v 0.250000 5.500000 4.250000
v 0.250000 4.670863 4.168337
v 0.250000 3.873595 3.926487
v 0.250000 3.138825 3.533745
v 0.250000 2.494793 3.005201
v 0.250000 1.966251 2.361171
v 0.250000 1.573512 1.626402
v 0.250000 1.331663 0.829130
v 0.250000 1.250000 -0.000004
v 0.250000 1.331663 -0.829138
v 0.250000 1.573512 -1.626409
v 0.250000 1.966255 -2.361177
v 0.250000 2.494802 -3.005207
v 0.250000 3.138829 -3.533749
v 0.250000 3.873603 -3.926490
v 0.250000 4.670871 -4.168338
vt 0.500000 0.249958
vt 0.000000 0.749958
vt 0.000000 0.249958
vt 0.500000 0.249958
vt 0.000000 0.749958
vt 0.000000 0.249958
vt 1.000000 0.249958
vt 0.500000 0.749958
vt 1.000000 0.249958
vt 0.500000 0.749958
vt 0.500000 0.249958
vt 0.000000 0.749958
vt 0.000000 0.249958
vt 0.500000 0.249958
vt 0.000000 0.749958
vt 0.000000 0.249958
vt 1.000000 0.249958
vt 0.500000 0.749958
vt 1.000000 0.249958
vt 0.500000 0.749958
vt 0.500000 0.249958
vt 0.000000 0.749958
vt 0.000000 0.249958
vt 0.000000 0.249958
vt 0.500000 0.749958
vt 0.000000 0.749958
vt 1.000000 0.249958
vt 0.500000 0.749958
vt 1.000000 0.249958
vt 0.500000 0.249958
vt 0.500000 0.249958
vt 0.000000 0.749958
vt 0.000000 0.249958
vt 0.500000 0.249958
vt 0.000000 0.749958
vt 0.000000 0.249958
vt 1.000000 0.249958
vt 0.500000 0.749958
vt 0.500000 0.249958
vt 0.000000 0.749958
vt 0.000000 0.249958
vt 1.000000 0.249958
vt 0.500000 0.749958
vt 0.000000 0.249958
vt 0.500000 0.749958
vt 0.000000 0.749958
vt 1.000000 0.249958
vt 0.500000 0.749958
vt 0.000000 0.249958
vt 0.500000 0.749958
vt 0.000000 0.749958
vt 1.000000 0.249958
vt 0.500000 0.249958
vt 0.500000 0.249958
vt 0.000000 0.749958
vt 0.000000 0.249958
vt 1.000000 0.249958
vt 0.500000 0.249958
vt 0.500000 0.249958
vt 0.000000 0.749958
vt 0.000000 0.249958
vt 1.000000 0.249958
vt 0.500000 0.749958
vt 0.500000 0.249958
vt 0.000000 0.749958
vt 0.000000 0.249958
vt 1.000000 0.249958
vt 0.500000 0.749958
vt 0.500000 0.249958
vt 0.000000 0.749958
vt 0.000000 0.249958
vt 1.000000 0.249958
vt 0.500000 0.749958
vt 0.500000 0.249958
vt 0.000000 0.749958
vt 0.000000 0.249958
vt 1.000000 0.249958
vt 0.500000 0.749958
vt 1.000000 0.749958
vt 0.500000 0.749958
vt 1.000000 0.749958
vt 1.000000 0.749958
vt 1.000000 0.749958
vt 1.000000 0.749958
vt 1.000000 0.749958
vt 1.000000 0.749958
vt 1.000000 0.749958
vt 1.000000 0.749958
vt 1.000000 0.749958
vt 1.000000 0.749958
vt 1.000000 0.749958
vt 1.000000 0.749958
vt 1.000000 0.749958
vt 1.000000 0.749958
vt 1.000000 0.749958
vt 1.000000 0.249958
vn 0.0000 0.9808 -0.1951
vn 0.0000 0.9239 -0.3827
vn 0.0000 -0.8315 0.5556
vn 0.0000 -0.7071 0.7071
vn 0.0000 1.0000 0.0000
vn 0.0000 -0.9239 0.3827
vn 0.0000 0.9808 0.1951
vn 0.0000 -0.9808 0.1951
vn 0.0000 0.9239 0.3827
vn 0.0000 -1.0000 0.0000
vn 0.0000 0.8315 0.5556
vn 0.0000 -0.9808 -0.1951
vn 0.0000 0.7071 0.7071
vn 0.0000 -0.9239 -0.3827
vn 0.0000 0.5556 0.8315
vn 0.0000 -0.8315 -0.5556
vn 0.0000 0.3827 0.9239
vn 0.0000 0.1951 -0.9808
vn 0.0000 0.0000 -1.0000
vn 0.0000 -0.7071 -0.7071
vn 0.0000 0.1951 0.9808
vn 0.0000 0.3827 -0.9239
vn 0.0000 -0.5556 -0.8315
vn 0.0000 -0.0000 1.0000
vn 0.0000 0.5556 -0.8315
vn 0.0000 -0.3827 -0.9239
vn 0.0000 -0.1951 0.9808
vn 0.0000 0.7071 -0.7071
vn 0.0000 -0.1951 -0.9808
vn 0.0000 -0.3827 0.9239
vn 0.0000 0.8315 -0.5556
vn 0.0000 -0.5556 0.8315
v -2.500000 0.000000 4.500000
v 2.500000 0.000000 4.500000
v -2.500000 0.000000 -4.500000
v 2.500000 0.000000 -4.500000
v 1.750000 9.750000 -0.499999
v 1.250000 10.250000 -0.499999
v 1.250000 10.250000 0.500001
v 1.750000 9.750000 0.500001
v -1.250000 10.250000 -0.499999
v -1.750000 9.750000 -0.499999
v -1.750000 9.750000 0.500001
v -1.250000 10.250000 0.500001
v 1.750000 6.500000 -0.499999
v 1.750000 6.500000 0.500001
v -1.750000 6.500000 -0.499999
v -1.750000 6.500000 0.500001
v -2.500000 1.000000 -4.500000
v -2.500000 1.000000 4.500000
v 2.500000 1.000000 4.500000
v 2.500000 1.000000 -4.500000
v -2.000000 2.000000 0.500000
v -1.500000 2.000000 0.500000
v -2.000000 2.000000 -0.500000
v -1.500000 2.000000 -0.500000
v -2.000000 4.500000 -0.500000
v -2.000000 4.500000 0.500000
v -1.500000 4.500000 0.500000
v -1.500000 4.500000 -0.500000
v -2.500000 1.000000 0.500000
v -1.000000 1.000000 0.500000
v -2.500000 1.000000 -0.500000
v -1.000000 1.000000 -0.500000
v -1.250000 5.500000 1.250001
v -1.250000 5.978355 1.154850
v -1.250000 6.383883 0.883884
v -1.250000 6.654850 0.478355
v -1.250000 6.750000 0.000001
v -1.250000 6.654850 -0.478354
v -1.250000 6.383883 -0.883883
v -1.250000 5.978355 -1.154848
v -1.250000 5.500000 -1.249999
v -1.250000 5.021646 -1.154849
v -1.250000 4.616117 -0.883883
v -1.250000 4.345151 -0.478354
v -1.250000 4.250000 0.000001
v -1.250000 4.345151 0.478355
v -1.250000 4.616117 0.883884
v -1.250000 5.021647 1.154850
v -2.250000 5.500000 1.250001
v -2.250000 5.978355 1.154850
v -2.250000 6.383883 0.883884
v -2.250000 6.654850 0.478355
v -2.250000 6.750000 0.000001
v -2.250000 6.654850 -0.478354
v -2.250000 6.383883 -0.883883
v -2.250000 5.978355 -1.154848
v -2.250000 5.500000 -1.249999
v -2.250000 5.021646 -1.154848
v -2.250000 4.616117 -0.883883
v -2.250000 4.345151 -0.478354
v -2.250000 4.250000 0.000001
v -2.250000 4.345151 0.478355
v -2.250000 4.616117 0.883884
v -2.250000 5.021647 1.154850
v -2.250000 5.500001 1.000001
v -2.250000 5.882684 0.923881
v -2.250000 6.207108 0.707108
v -2.250000 6.423881 0.382685
v -2.250000 6.500001 0.000001
v -2.250000 6.423881 -0.382683
v -2.250000 6.207108 -0.707106
v -2.250000 5.882684 -0.923879
v -2.250000 5.500001 -0.999999
v -2.250000 5.117317 -0.923879
v -2.250000 4.792893 -0.707106
v -2.250000 4.576121 -0.382683
v -2.250000 4.500001 0.000001
v -2.250000 4.576121 0.382685
v -2.250000 4.792893 0.707108
v -2.250000 5.117318 0.923881
v -2.250000 5.500000 0.750001
v -2.250000 5.787013 0.692910
v -2.250000 6.030331 0.530331
v -2.250000 6.192910 0.287013
v -2.250000 6.250000 0.000001
v -2.250000 6.192910 -0.287012
v -2.250000 6.030331 -0.530329
v -2.250000 5.787013 -0.692909
v -2.250000 5.500000 -0.749999
v -2.250000 5.212988 -0.692909
v -2.250000 4.969670 -0.530330
v -2.250000 4.807091 -0.287012
v -2.250000 4.750000 0.000001
v -2.250000 4.807091 0.287013
v -2.250000 4.969670 0.530331
v -2.250000 5.212988 0.692910
v -2.000000 5.882684 0.923881
v -2.000000 5.500001 1.000001
v -2.000000 6.207108 0.707108
v -2.000000 6.423881 0.382685
v -2.000000 6.500001 0.000001
v -2.000000 6.423881 -0.382683
v -2.000000 6.207108 -0.707106
v -2.000000 5.882684 -0.923879
v -2.000000 5.500001 -0.999999
v -2.000000 5.117317 -0.923879
v -2.000000 4.792893 -0.707106
v -2.000000 4.576121 -0.382683
v -2.000000 4.500001 0.000001
v -2.000000 4.576121 0.382685
v -2.000000 4.792893 0.707108
v -2.000000 5.117318 0.923881
v -2.000000 5.787013 0.692910
v -2.000000 5.500000 0.750001
v -2.000000 6.030331 0.530331
v -2.000000 6.192910 0.287013
v -2.000000 6.250000 0.000001
v -2.000000 6.192910 -0.287012
v -2.000000 6.030331 -0.530329
v -2.000000 5.787013 -0.692909
v -2.000000 5.500000 -0.749999
v -2.000000 5.212988 -0.692909
v -2.000000 4.969670 -0.530330
v -2.000000 4.807091 -0.287012
v -2.000000 4.750000 0.000001
v -2.000000 4.807091 0.287013
v -2.000000 4.969670 0.530331
v -2.000000 5.212988 0.692910
v -1.250000 1.000000 -4.250000
v -2.250000 1.000000 -4.250000
v -1.250000 1.000000 -2.250000
v -2.250000 1.000000 -2.250000
v -1.250000 2.000000 -2.250000
v -1.250000 2.000000 -4.250000
v -2.250000 2.000000 -4.250000
v -2.250000 2.000000 -2.250000
v -1.500000 2.000000 -4.000000
v -2.000000 2.000000 -4.000000
v -1.500000 2.000000 -3.500000
v -2.000000 2.000000 -3.500000
v -1.500000 2.125000 -3.500000
v -1.500000 2.125000 -4.000000
v -2.000000 2.125000 -4.000000
v -2.000000 2.125000 -3.500000
v -1.625000 2.250000 -3.625000
v -1.625000 2.250000 -3.875000
v -1.875000 2.250000 -3.875000
v -1.875000 2.250000 -3.625000
v -1.875000 3.125000 -3.625000
v -2.000000 3.000000 -3.625000
v -1.875000 3.000000 -3.500000
v -1.875000 2.625000 -3.625000
v -1.875000 2.750000 -3.500000
v -2.000000 2.750000 -3.625000
v -1.875000 3.125000 -3.875000
v -1.875000 3.000000 -4.000000
v -2.000000 3.000000 -3.875000
v -1.875000 2.625000 -3.875000
v -2.000000 2.750000 -3.875000
v -1.875000 2.750000 -4.000000
v -1.625000 3.125000 -3.625000
v -1.625000 3.000000 -3.500000
v -1.500000 3.000000 -3.625000
v -1.625000 2.625000 -3.625000
v -1.500000 2.750000 -3.625000
v -1.625000 2.750000 -3.500000
v -1.625000 3.000000 -4.000000
v -1.625000 3.125000 -3.875000
v -1.500000 3.000000 -3.875000
v -1.625000 2.625000 -3.875000
v -1.625000 2.750000 -4.000000
v -1.500000 2.750000 -3.875000
v -2.000000 1.000000 1.000000
v -1.500000 1.000000 1.000000
v -2.000000 1.500000 0.500000
v -1.500000 1.500000 0.500000
v -2.000000 1.000000 0.500000
v -1.500000 1.000000 0.500000
v -1.500000 1.000000 -1.000000
v -2.000000 1.000000 -1.000000
v -1.500000 1.500000 -0.500000
v -2.000000 1.500000 -0.500000
v -1.500000 1.000000 -0.500000
v -2.000000 1.000000 -0.500000
v -1.625000 1.375000 -2.250000
v -1.875000 1.375000 -2.250000
v -1.625000 1.625000 -2.250000
v -1.875000 1.625000 -2.250000
v -1.625000 2.875000 -0.500000
v -1.875000 2.875000 -0.500000
v -1.625000 3.125000 -0.500000
v -1.875000 3.125000 -0.500000
v -1.625000 2.500000 -0.937500
v -1.625000 2.000000 -1.375000
v -1.625000 1.750000 -1.812500
v -1.875000 1.750000 -1.812500
v -1.875000 2.000000 -1.375000
v -1.875000 2.500000 -0.937500
v -1.875000 2.250000 -0.937500
v -1.875000 1.750000 -1.375000
v -1.875000 1.500000 -1.812500
v -1.625000 1.500000 -1.812500
v -1.625000 1.750000 -1.375000
v -1.625000 2.250000 -0.937500
v -0.500000 1.000000 -2.250000
v 0.500000 1.000000 -2.250000
v -0.500000 1.000000 -4.250000
v 0.500000 1.000000 -4.250000
v -0.500000 1.500000 -3.750000
v -0.500000 1.500000 -2.750000
v 0.500000 1.500000 -2.750000
v 0.500000 1.500000 -3.750000
v -1.750000 6.500000 0.500001
v -1.750000 6.500000 -0.499999
v 1.750000 6.500000 0.500001
v 1.750000 6.500000 -0.499999
v -1.250000 10.250000 0.500001
v -1.750000 9.750000 0.500001
v -1.750000 9.750000 -0.499999
v -1.250000 10.250000 -0.499999
v 1.750000 9.750000 0.500001
v 1.250000 10.250000 0.500001
v 1.250000 10.250000 -0.499999
v 1.750000 9.750000 -0.499999
v 2.000000 2.000000 -0.500000
v 1.500000 2.000000 -0.500000
v 2.000000 2.000000 0.500000
v 1.500000 2.000000 0.500000
v 2.000000 4.500000 0.500000
v 2.000000 4.500000 -0.500000
v 1.500000 4.500000 -0.500000
v 1.500000 4.500000 0.500000
v 2.500000 1.000000 -0.500000
v 1.000000 1.000000 -0.500000
v 2.500000 1.000000 0.500000
v 1.000000 1.000000 0.500000
v 1.250000 5.500000 -1.250001
v 1.250000 5.978355 -1.154850
v 1.250000 6.383883 -0.883885
v 1.250000 6.654850 -0.478356
v 1.250000 6.750000 -0.000001
v 1.250000 6.654850 0.478353
v 1.250000 6.383883 0.883882
v 1.250000 5.978355 1.154848
v 1.250000 5.500000 1.249999
v 1.250000 5.021646 1.154849
v 1.250000 4.616117 0.883882
v 1.250000 4.345151 0.478353
v 1.250000 4.250000 -0.000001
v 1.250000 4.345151 -0.478356
v 1.250000 4.616117 -0.883885
v 1.250000 5.021647 -1.154850
v 2.250000 5.500000 -1.250001
v 2.250000 5.978355 -1.154850
v 2.250000 6.383883 -0.883885
v 2.250000 6.654850 -0.478356
v 2.250000 6.750000 -0.000001
v 2.250000 6.654850 0.478353
v 2.250000 6.383883 0.883882
v 2.250000 5.978355 1.154848
v 2.250000 5.500000 1.249999
v 2.250000 5.021646 1.154848
v 2.250000 4.616117 0.883882
v 2.250000 4.345151 0.478353
v 2.250000 4.250000 -0.000001
v 2.250000 4.345151 -0.478356
v 2.250000 4.616117 -0.883885
v 2.250000 5.021647 -1.154850
v 2.250000 5.500001 -1.000001
v 2.250000 5.882684 -0.923881
v 2.250000 6.207108 -0.707108
v 2.250000 6.423881 -0.382685
v 2.250000 6.500001 -0.000001
v 2.250000 6.423881 0.382683
v 2.250000 6.207108 0.707105
v 2.250000 5.882684 0.923878
v 2.250000 5.500001 0.999999
v 2.250000 5.117317 0.923878
v 2.250000 4.792893 0.707105
v 2.250000 4.576121 0.382683
v 2.250000 4.500001 -0.000001
v 2.250000 4.576121 -0.382685
v 2.250000 4.792893 -0.707108
v 2.250000 5.117318 -0.923881
v 2.250000 5.500000 -0.750001
v 2.250000 5.787013 -0.692910
v 2.250000 6.030331 -0.530331
v 2.250000 6.192910 -0.287013
v 2.250000 6.250000 -0.000001
v 2.250000 6.192910 0.287012
v 2.250000 6.030331 0.530329
v 2.250000 5.787013 0.692909
v 2.250000 5.500000 0.749999
v 2.250000 5.212988 0.692909
v 2.250000 4.969670 0.530329
v 2.250000 4.807091 0.287012
v 2.250000 4.750000 -0.000001
v 2.250000 4.807091 -0.287013
v 2.250000 4.969670 -0.530331
v 2.250000 5.212988 -0.692910
v 2.000000 5.882684 -0.923881
v 2.000000 5.500001 -1.000001
v 2.000000 6.207108 -0.707108
v 2.000000 6.423881 -0.382685
v 2.000000 6.500001 -0.000001
v 2.000000 6.423881 0.382683
v 2.000000 6.207108 0.707105
v 2.000000 5.882684 0.923878
v 2.000000 5.500001 0.999999
v 2.000000 5.117317 0.923878
v 2.000000 4.792893 0.707105
v 2.000000 4.576121 0.382683
v 2.000000 4.500001 -0.000001
v 2.000000 4.576121 -0.382685
v 2.000000 4.792893 -0.707108
v 2.000000 5.117318 -0.923881
v 2.000000 5.787013 -0.692910
v 2.000000 5.500000 -0.750001
v 2.000000 6.030331 -0.530331
v 2.000000 6.192910 -0.287013
v 2.000000 6.250000 -0.000001
v 2.000000 6.192910 0.287012
v 2.000000 6.030331 0.530329
v 2.000000 5.787013 0.692909
v 2.000000 5.500000 0.749999
v 2.000000 5.212988 0.692909
v 2.000000 4.969670 0.530329
v 2.000000 4.807091 0.287012
v 2.000000 4.750000 -0.000001
v 2.000000 4.807091 -0.287013
v 2.000000 4.969670 -0.530331
v 2.000000 5.212988 -0.692910
v 1.250001 1.000000 4.250000
v 2.250001 1.000000 4.250000
v 1.250000 1.000000 2.250000
v 2.250000 1.000000 2.250000
v 1.250000 2.000000 2.250000
v 1.250001 2.000000 4.250000
v 2.250001 2.000000 4.250000
v 2.250000 2.000000 2.250000
v 1.500001 2.000000 4.000000
v 2.000000 2.000000 4.000000
v 1.500001 2.000000 3.500000
v 2.000000 2.000000 3.500000
v 1.500001 2.125000 3.500000
v 1.500001 2.125000 4.000000
v 2.000000 2.125000 4.000000
v 2.000000 2.125000 3.500000
v 1.625001 2.250000 3.625000
v 1.625001 2.250000 3.875000
v 1.875001 2.250000 3.875000
v 1.875001 2.250000 3.625000
v 1.875001 3.125000 3.625000
v 2.000000 3.000000 3.625000
v 1.875001 3.000000 3.500000
v 1.875001 2.625000 3.625000
v 1.875001 2.750000 3.500000
v 2.000000 2.750000 3.625000
v 1.875001 3.125000 3.875000
v 1.875001 3.000000 4.000000
v 2.000000 3.000000 3.875000
v 1.875001 2.625000 3.875000
v 2.000000 2.750000 3.875000
v 1.875001 2.750000 4.000000
v 1.625001 3.125000 3.625000
v 1.625001 3.000000 3.500000
v 1.500001 3.000000 3.625000
v 1.625001 2.625000 3.625000
v 1.500001 2.750000 3.625000
v 1.625001 2.750000 3.500000
v 1.625001 3.000000 4.000000
v 1.625001 3.125000 3.875000
v 1.500001 3.000000 3.875000
v 1.625001 2.625000 3.875000
v 1.625001 2.750000 4.000000
v 1.500001 2.750000 3.875000
v 2.000000 1.000000 -1.000000
v 1.500000 1.000000 -1.000000
v 2.000000 1.500000 -0.500000
v 1.500000 1.500000 -0.500000
v 2.000000 1.000000 -0.500000
v 1.500000 1.000000 -0.500000
v 1.500000 1.000000 1.000000
v 2.000000 1.000000 1.000000
v 1.500000 1.500000 0.500000
v 2.000000 1.500000 0.500000
v 1.500000 1.000000 0.500000
v 2.000000 1.000000 0.500000
v 1.625000 1.375000 2.250000
v 1.875000 1.375000 2.250000
v 1.625000 1.625000 2.250000
v 1.875000 1.625000 2.250000
v 1.625000 2.875000 0.500000
v 1.875000 2.875000 0.500000
v 1.625000 3.125000 0.500000
v 1.875000 3.125000 0.500000
v 1.625000 2.500000 0.937500
v 1.625000 2.000000 1.375000
v 1.625000 1.750000 1.812500
v 1.875000 1.750000 1.812500
v 1.875000 2.000000 1.375000
v 1.875000 2.500000 0.937500
v 1.875000 2.250000 0.937500
v 1.875000 1.750000 1.375000
v 1.875000 1.500000 1.812500
v 1.625000 1.500000 1.812500
v 1.625000 1.750000 1.375000
v 1.625000 2.250000 0.937500
v 0.500000 1.000000 2.250000
v -0.500000 1.000000 2.250000
v 0.500000 1.000000 4.250000
v -0.500000 1.000000 4.250000
v 0.500000 1.500000 3.750000
v 0.500000 1.500000 2.750000
v -0.500000 1.500000 2.750000
v -0.500000 1.500000 3.750000
v 2.250000 1.000000 -4.250000
v 1.250000 1.000000 -4.250000
v 2.250000 1.000000 -2.250000
v 1.250000 1.000000 -2.250000
v 2.250000 2.000000 -2.250000
v 2.250000 2.000000 -4.250000
v 1.250000 2.000000 -4.250000
v 1.250000 2.000000 -2.250000
v 2.000000 2.000000 -4.000000
v 1.500000 2.000000 -4.000000
v 2.000000 2.000000 -3.500000
v 1.500000 2.000000 -3.500000
v 2.000000 2.125000 -3.500000
v 2.000000 2.125000 -4.000000
v 1.500000 2.125000 -4.000000
v 1.500000 2.125000 -3.500000
v 1.875000 2.250000 -3.625000
v 1.875000 2.250000 -3.875000
v 1.625000 2.250000 -3.875000
v 1.625000 2.250000 -3.625000
v 1.625000 3.125000 -3.625000
v 1.500000 3.000000 -3.625000
v 1.625000 3.000000 -3.500000
v 1.625000 2.625000 -3.625000
v 1.625000 2.750000 -3.500000
v 1.500000 2.750000 -3.625000
v 1.625000 3.125000 -3.875000
v 1.625000 3.000000 -4.000000
v 1.500000 3.000000 -3.875000
v 1.625000 2.625000 -3.875000
v 1.500000 2.750000 -3.875000
v 1.625000 2.750000 -4.000000
v 1.875000 3.125000 -3.625000
v 1.875000 3.000000 -3.500000
v 2.000000 3.000000 -3.625000
v 1.875000 2.625000 -3.625000
v 2.000000 2.750000 -3.625000
v 1.875000 2.750000 -3.500000
v 1.875000 3.000000 -4.000000
v 1.875000 3.125000 -3.875000
v 2.000000 3.000000 -3.875000
v 1.875000 2.625000 -3.875000
v 1.875000 2.750000 -4.000000
v 2.000000 2.750000 -3.875000
v 1.875000 1.375000 -2.250000
v 1.625000 1.375000 -2.250000
v 1.875000 1.625000 -2.250000
v 1.625000 1.625000 -2.250000
v 1.875000 2.875000 -0.500000
v 1.625000 2.875000 -0.500000
v 1.875000 3.125000 -0.500000
v 1.625000 3.125000 -0.500000
v 1.875000 2.500000 -0.937500
v 1.875000 2.000000 -1.375000
v 1.875000 1.750000 -1.812500
v 1.625000 1.750000 -1.812500
v 1.625000 2.000000 -1.375000
v 1.625000 2.500000 -0.937500
v 1.625000 2.250000 -0.937500
v 1.625000 1.750000 -1.375000
v 1.625000 1.500000 -1.812500
v 1.875000 1.500000 -1.812500
v 1.875000 1.750000 -1.375000
v 1.875000 2.250000 -0.937500
v -2.249999 1.000000 4.250000
v -1.249999 1.000000 4.250000
v -2.250000 1.000000 2.250000
v -1.250000 1.000000 2.250000
v -2.250000 2.000000 2.250000
v -2.249999 2.000000 4.250000
v -1.249999 2.000000 4.250000
v -1.250000 2.000000 2.250000
v -1.999999 2.000000 4.000000
v -1.500000 2.000000 4.000000
v -1.999999 2.000000 3.500000
v -1.500000 2.000000 3.500000
v -1.999999 2.125000 3.500000
v -1.999999 2.125000 4.000000
v -1.500000 2.125000 4.000000
v -1.500000 2.125000 3.500000
v -1.874999 2.250000 3.625000
v -1.874999 2.250000 3.875000
v -1.624999 2.250000 3.875000
v -1.624999 2.250000 3.625000
v -1.624999 3.125000 3.625000
v -1.500000 3.000000 3.625000
v -1.624999 3.000000 3.500000
v -1.624999 2.625000 3.625000
v -1.624999 2.750000 3.500000
v -1.500000 2.750000 3.625000
v -1.624999 3.125000 3.875000
v -1.624999 3.000000 4.000000
v -1.500000 3.000000 3.875000
v -1.624999 2.625000 3.875000
v -1.500000 2.750000 3.875000
v -1.624999 2.750000 4.000000
v -1.874999 3.125000 3.625000
v -1.874999 3.000000 3.500000
v -1.999999 3.000000 3.625000
v -1.874999 2.625000 3.625000
v -1.999999 2.750000 3.625000
v -1.874999 2.750000 3.500000
v -1.874999 3.000000 4.000000
v -1.874999 3.125000 3.875000
v -1.999999 3.000000 3.875000
v -1.874999 2.625000 3.875000
v -1.874999 2.750000 4.000000
v -1.999999 2.750000 3.875000
v -1.875000 1.375000 2.250000
v -1.625000 1.375000 2.250000
v -1.875000 1.625000 2.250000
v -1.625000 1.625000 2.250000
v -1.875000 2.875000 0.500000
v -1.625000 2.875000 0.500000
v -1.875000 3.125000 0.500000
v -1.625000 3.125000 0.500000
v -1.875000 2.500000 0.937500
v -1.875000 2.000000 1.375000
v -1.875000 1.750000 1.812500
v -1.625000 1.750000 1.812500
v -1.625000 2.000000 1.375000
v -1.625000 2.500000 0.937500
v -1.625000 2.250000 0.937500
v -1.625000 1.750000 1.375000
v -1.625000 1.500000 1.812500
v -1.875000 1.500000 1.812500
v -1.875000 1.750000 1.375000
v -1.875000 2.250000 0.937500
v -2.250000 5.750000 -0.250000
v -2.250000 5.250000 -0.250000
v -2.250000 5.750000 0.250000
v -2.250000 5.250000 0.250000
v -2.375000 5.750000 0.250000
v -2.375000 5.750000 -0.250000
v -2.375000 5.250000 -0.250000
v -2.375000 5.250000 0.250000
v -2.500000 5.625000 0.125000
v -2.500000 5.625000 -0.125000
v -2.500000 5.375000 -0.125000
v -2.500000 5.375000 0.125000
v -3.375000 5.375000 0.125000
v -3.250000 5.250000 0.125000
v -3.250000 5.375000 0.250000
v -2.875000 5.375000 0.125000
v -3.000000 5.375000 0.250000
v -3.000000 5.250000 0.125000
v -3.375000 5.375000 -0.125000
v -3.250000 5.375000 -0.250000
v -3.250000 5.250000 -0.125000
v -2.875000 5.375000 -0.125000
v -3.000000 5.250000 -0.125000
v -3.000000 5.375000 -0.250000
v -3.375000 5.625000 0.125000
v -3.250000 5.625000 0.250000
v -3.250000 5.750000 0.125000
v -2.875000 5.625000 0.125000
v -3.000000 5.750000 0.125000
v -3.000000 5.625000 0.250000
v -3.250000 5.625000 -0.250000
v -3.375000 5.625000 -0.125000
v -3.250000 5.750000 -0.125000
v -2.875000 5.625000 -0.125000
v -3.000000 5.625000 -0.250000
v -3.000000 5.750000 -0.125000
v 2.250000 5.750000 0.250000
v 2.250000 5.250000 0.250000
v 2.250000 5.750000 -0.250000
v 2.250000 5.250000 -0.250000
v 2.375000 5.750000 -0.250000
v 2.375000 5.750000 0.250000
v 2.375000 5.250000 0.250000
v 2.375000 5.250000 -0.250000
v 2.500000 5.625000 -0.125000
v 2.500000 5.625000 0.125000
v 2.500000 5.375000 0.125000
v 2.500000 5.375000 -0.125000
v 3.375000 5.375000 -0.125000
v 3.250000 5.250000 -0.125000
v 3.250000 5.375000 -0.250000
v 2.875000 5.375000 -0.125000
v 3.000000 5.375000 -0.250000
v 3.000000 5.250000 -0.125000
v 3.375000 5.375000 0.125000
v 3.250000 5.375000 0.250000
v 3.250000 5.250000 0.125000
v 2.875000 5.375000 0.125000
v 3.000000 5.250000 0.125000
v 3.000000 5.375000 0.250000
v 3.375000 5.625000 -0.125000
v 3.250000 5.625000 -0.250000
v 3.250000 5.750000 -0.125000
v 2.875000 5.625000 -0.125000
v 3.000000 5.750000 -0.125000
v 3.000000 5.625000 -0.250000
v 3.250000 5.625000 0.250000
v 3.375000 5.625000 0.125000
v 3.250000 5.750000 0.125000
v 2.875000 5.625000 0.125000
v 3.000000 5.625000 0.250000
v 3.000000 5.750000 0.125000
vt 0.035714 0.582090
vt 0.357143 0.283582
vt 0.357143 0.582090
vt 0.642857 0.656716
vt 0.678571 0.507463
vt 0.642857 0.507463
vt 0.642857 0.686567
vt 0.678571 0.656716
vt 0.678571 0.477612
vt 0.642857 0.477612
vt 0.678571 0.283582
vt 0.642857 0.880597
vt 0.678571 0.686567
vt 0.357143 0.940298
vt 0.035714 0.641791
vt 0.357143 0.641791
vt 0.035714 1.000000
vt 0.357143 1.000000
vt 0.000000 0.641791
vt 0.035714 0.940298
vt -0.000000 0.940298
vt 0.392857 0.940298
vt 0.392857 0.641791
vt 0.428571 0.462687
vt 0.464286 0.402985
vt 0.446429 0.462687
vt 0.517857 0.462687
vt 0.553571 0.402985
vt 0.535714 0.462687
vt 0.428571 0.611940
vt 0.517857 0.611940
vt 0.589286 0.462687
vt 0.553571 0.611940
vt 0.553571 0.462687
vt 0.500000 0.462687
vt 0.464286 0.611940
vt 0.464286 0.462687
vt 0.589286 0.402985
vt 0.500000 0.402985
vt 0.428571 0.343284
vt 0.444196 0.358209
vt 0.430804 0.358209
vt 0.464286 0.343284
vt 0.448661 0.358209
vt 0.446429 0.343284
vt 0.482143 0.343284
vt 0.466518 0.358209
vt 0.500000 0.343284
vt 0.484375 0.358209
vt 0.515625 0.358209
vt 0.502232 0.358209
vt 0.535714 0.343284
vt 0.520089 0.358209
vt 0.517857 0.343284
vt 0.553571 0.343284
vt 0.537946 0.358209
vt 0.571429 0.343284
vt 0.555804 0.358209
vt 0.587054 0.358209
vt 0.573661 0.358209
vt 0.607143 0.343284
vt 0.591518 0.358209
vt 0.589286 0.343284
vt 0.625000 0.343284
vt 0.609375 0.358209
vt 0.640625 0.358209
vt 0.627232 0.358209
vt 0.375000 0.343284
vt 0.359375 0.358209
vt 0.357143 0.343284
vt 0.390625 0.358209
vt 0.377232 0.358209
vt 0.410714 0.343284
vt 0.395089 0.358209
vt 0.392857 0.343284
vt 0.412946 0.358209
vt 0.357194 0.447761
vt 0.383929 0.403071
vt 0.410663 0.447761
vt 0.462054 0.373134
vt 0.450893 0.388060
vt 0.448661 0.373134
vt 0.479911 0.373134
vt 0.468750 0.388060
vt 0.466518 0.373134
vt 0.497768 0.373134
vt 0.486607 0.388060
vt 0.484375 0.373134
vt 0.515625 0.373134
vt 0.504464 0.388060
vt 0.502232 0.373134
vt 0.533482 0.373134
vt 0.522321 0.388060
vt 0.520089 0.373134
vt 0.537946 0.373134
vt 0.549107 0.388060
vt 0.540179 0.388060
vt 0.569196 0.373134
vt 0.558036 0.388060
vt 0.555804 0.373134
vt 0.573661 0.373134
vt 0.584821 0.388060
vt 0.575893 0.388060
vt 0.591518 0.373134
vt 0.602679 0.388060
vt 0.593750 0.388060
vt 0.609375 0.373134
vt 0.620536 0.388060
vt 0.611607 0.388060
vt 0.640625 0.373134
vt 0.629464 0.388060
vt 0.627232 0.373134
vt 0.359375 0.373134
vt 0.370536 0.388060
vt 0.361607 0.388060
vt 0.377232 0.373134
vt 0.388393 0.388060
vt 0.379464 0.388060
vt 0.395089 0.373134
vt 0.406250 0.388060
vt 0.397321 0.388060
vt 0.412946 0.373134
vt 0.424107 0.388060
vt 0.415179 0.388060
vt 0.444196 0.373134
vt 0.433036 0.388060
vt 0.430804 0.373134
vt 0.816964 0.440298
vt 0.808036 0.417910
vt 0.816964 0.417910
vt 0.714286 0.343284
vt 0.785714 0.402985
vt 0.714286 0.402985
vt 0.821429 0.402985
vt 0.785714 0.343284
vt 0.821429 0.343284
vt 0.678571 0.343284
vt 0.678571 0.402985
vt 0.785714 0.283582
vt 0.714286 0.283582
vt 0.714286 0.462687
vt 0.785714 0.462687
vt 0.839286 0.410448
vt 0.825893 0.417910
vt 0.821429 0.410448
vt 0.839286 0.402985
vt 0.821429 0.402985
vt 0.803571 0.402985
vt 0.785714 0.410448
vt 0.785714 0.402985
vt 0.857143 0.402985
vt 0.803571 0.410448
vt 0.790179 0.417910
vt 0.852679 0.417910
vt 0.843750 0.417910
vt 0.799107 0.440298
vt 0.799107 0.417910
vt 0.852679 0.440298
vt 0.834821 0.440298
vt 0.834821 0.417910
vt 0.870536 0.425373
vt 0.861607 0.410448
vt 0.870536 0.410448
vt 0.870536 0.425373
vt 0.861607 0.410448
vt 0.870536 0.410448
vt 0.870536 0.425373
vt 0.861607 0.410448
vt 0.870536 0.410448
vt 0.870536 0.447761
vt 0.861607 0.432836
vt 0.870536 0.432836
vt 0.861607 0.432836
vt 0.857143 0.425373
vt 0.861607 0.425373
vt 0.861607 0.402985
vt 0.857143 0.410448
vt 0.857143 0.425373
vt 0.861607 0.425373
vt 0.861607 0.402985
vt 0.861607 0.410448
vt 0.857143 0.410448
vt 0.861607 0.432836
vt 0.857143 0.425373
vt 0.861607 0.425373
vt 0.861607 0.402985
vt 0.857143 0.410448
vt 0.861607 0.425373
vt 0.861607 0.432836
vt 0.857143 0.425373
vt 0.861607 0.402985
vt 0.857143 0.410448
vt 0.870536 0.432836
vt 0.870536 0.402985
vt 0.870536 0.425373
vt 0.870536 0.402985
vt 0.870536 0.432836
vt 0.870536 0.402985
vt 0.870536 0.432836
vt 0.870536 0.402985
vt 0.870536 0.410448
vt 0.392857 0.552239
vt 0.375000 0.522388
vt 0.392857 0.522388
vt 0.375000 0.552239
vt 0.392857 0.582090
vt 0.375000 0.582090
vt 0.375000 0.492537
vt 0.392857 0.492537
vt 0.357143 0.522388
vt 0.375000 0.552239
vt 0.357143 0.552239
vt 0.375000 0.522388
vt 0.357143 0.492537
vt 0.375000 0.492537
vt 0.375000 0.582090
vt 0.357143 0.582090
vt 0.939732 0.313433
vt 0.955357 0.298507
vt 0.955357 0.313433
vt 0.939732 0.328358
vt 0.955357 0.343284
vt 0.939732 0.343284
vt 0.892857 0.328358
vt 0.908482 0.343284
vt 0.892857 0.343284
vt 0.908482 0.328358
vt 0.924107 0.343284
vt 0.924107 0.328358
vt 0.892857 0.313433
vt 0.908482 0.298507
vt 0.908482 0.313433
vt 0.924107 0.298507
vt 0.924107 0.313433
vt 0.939732 0.298507
vt 0.875000 0.373134
vt 0.839286 0.313433
vt 0.875000 0.313433
vt 0.892857 0.283582
vt 0.821429 0.283582
vt 0.821429 0.313433
vt 0.839286 0.373134
vt 0.821429 0.373134
vt 0.892857 0.373134
vt 0.892857 0.313433
vt 0.821429 0.402985
vt 0.892857 0.402985
vt 0.678571 0.686567
vt 0.642857 0.880597
vt 0.642857 0.686567
vt 0.642857 0.477612
vt 0.678571 0.283582
vt 0.678571 0.477612
vt 0.642857 0.507463
vt 0.678571 0.656716
vt 0.642857 0.656716
vt 0.678571 0.507463
vt 0.428571 0.462687
vt 0.464286 0.402985
vt 0.446429 0.462687
vt 0.517857 0.462687
vt 0.553571 0.402985
vt 0.535714 0.462687
vt 0.428571 0.611940
vt 0.517857 0.611940
vt 0.589286 0.462687
vt 0.553571 0.611940
vt 0.553571 0.462687
vt 0.500000 0.462687
vt 0.464286 0.611940
vt 0.464286 0.462687
vt 0.589286 0.402985
vt 0.500000 0.402985
vt 0.428571 0.343284
vt 0.444196 0.358209
vt 0.430804 0.358209
vt 0.464286 0.343284
vt 0.448661 0.358209
vt 0.446429 0.343284
vt 0.482143 0.343284
vt 0.466518 0.358209
vt 0.500000 0.343284
vt 0.484375 0.358209
vt 0.515625 0.358209
vt 0.502232 0.358209
vt 0.535714 0.343284
vt 0.520089 0.358209
vt 0.517857 0.343284
vt 0.553571 0.343284
vt 0.537946 0.358209
vt 0.571429 0.343284
vt 0.555804 0.358209
vt 0.587054 0.358209
vt 0.573661 0.358209
vt 0.607143 0.343284
vt 0.591518 0.358209
vt 0.589286 0.343284
vt 0.625000 0.343284
vt 0.609375 0.358209
vt 0.640625 0.358209
vt 0.627232 0.358209
vt 0.375000 0.343284
vt 0.359375 0.358209
vt 0.357143 0.343284
vt 0.390625 0.358209
vt 0.377232 0.358209
vt 0.410714 0.343284
vt 0.395089 0.358209
vt 0.392857 0.343284
vt 0.412946 0.358209
vt 0.357194 0.447761
vt 0.383929 0.403071
vt 0.410663 0.447761
vt 0.462054 0.373134
vt 0.450893 0.388060
vt 0.448661 0.373134
vt 0.479911 0.373134
vt 0.468750 0.388060
vt 0.466518 0.373134
vt 0.497768 0.373134
vt 0.486607 0.388060
vt 0.484375 0.373134
vt 0.515625 0.373134
vt 0.504464 0.388060
vt 0.502232 0.373134
vt 0.533482 0.373134
vt 0.522321 0.388060
vt 0.520089 0.373134
vt 0.537946 0.373134
vt 0.549107 0.388060
vt 0.540179 0.388060
vt 0.569196 0.373134
vt 0.558036 0.388060
vt 0.555804 0.373134
vt 0.573661 0.373134
vt 0.584821 0.388060
vt 0.575893 0.388060
vt 0.591518 0.373134
vt 0.602679 0.388060
vt 0.593750 0.388060
vt 0.609375 0.373134
vt 0.620536 0.388060
vt 0.611607 0.388060
vt 0.640625 0.373134
vt 0.629464 0.388060
vt 0.627232 0.373134
vt 0.359375 0.373134
vt 0.370536 0.388060
vt 0.361607 0.388060
vt 0.377232 0.373134
vt 0.388393 0.388060
vt 0.379464 0.388060
vt 0.395089 0.373134
vt 0.406250 0.388060
vt 0.397321 0.388060
vt 0.412946 0.373134
vt 0.424107 0.388060
vt 0.415179 0.388060
vt 0.444196 0.373134
vt 0.433036 0.388060
vt 0.430804 0.373134
vt 0.816964 0.440298
vt 0.808036 0.417910
vt 0.816964 0.417910
vt 0.714286 0.402985
vt 0.785714 0.343284
vt 0.785714 0.402985
vt 0.821429 0.402985
vt 0.821429 0.343284
vt 0.678571 0.343284
vt 0.678571 0.402985
vt 0.785714 0.283582
vt 0.714286 0.343284
vt 0.714286 0.283582
vt 0.714286 0.462687
vt 0.785714 0.462687
vt 0.839286 0.410448
vt 0.825893 0.417910
vt 0.821429 0.410448
vt 0.839286 0.402985
vt 0.821429 0.402985
vt 0.803571 0.402985
vt 0.785714 0.410448
vt 0.785714 0.402985
vt 0.857143 0.402985
vt 0.803571 0.410448
vt 0.790179 0.417910
vt 0.852679 0.417910
vt 0.843750 0.417910
vt 0.799107 0.440298
vt 0.799107 0.417910
vt 0.852679 0.440298
vt 0.834821 0.440298
vt 0.834821 0.417910
vt 0.870536 0.425373
vt 0.861607 0.410448
vt 0.870536 0.410448
vt 0.870536 0.425373
vt 0.861607 0.410448
vt 0.870536 0.410448
vt 0.870536 0.425373
vt 0.861607 0.410448
vt 0.870536 0.410448
vt 0.870536 0.447761
vt 0.861607 0.432836
vt 0.870536 0.432836
vt 0.861607 0.432836
vt 0.857143 0.425373
vt 0.861607 0.425373
vt 0.861607 0.402985
vt 0.857143 0.410448
vt 0.857143 0.425373
vt 0.861607 0.425373
vt 0.861607 0.402985
vt 0.861607 0.410448
vt 0.857143 0.410448
vt 0.861607 0.432836
vt 0.857143 0.425373
vt 0.861607 0.425373
vt 0.861607 0.402985
vt 0.857143 0.410448
vt 0.861607 0.425373
vt 0.861607 0.432836
vt 0.857143 0.425373
vt 0.861607 0.402985
vt 0.857143 0.410448
vt 0.870536 0.432836
vt 0.870536 0.402985
vt 0.870536 0.425373
vt 0.870536 0.402985
vt 0.870536 0.432836
vt 0.870536 0.402985
vt 0.870536 0.432836
vt 0.870536 0.402985
vt 0.870536 0.410448
vt 0.392857 0.552239
vt 0.375000 0.522388
vt 0.392857 0.522388
vt 0.375000 0.552239
vt 0.392857 0.582090
vt 0.375000 0.582090
vt 0.375000 0.492537
vt 0.392857 0.492537
vt 0.357143 0.522388
vt 0.375000 0.552239
vt 0.357143 0.552239
vt 0.375000 0.522388
vt 0.357143 0.492537
vt 0.375000 0.492537
vt 0.375000 0.582090
vt 0.357143 0.582090
vt 0.939732 0.313433
vt 0.955357 0.298507
vt 0.955357 0.313433
vt 0.939732 0.328358
vt 0.955357 0.343284
vt 0.939732 0.343284
vt 0.892857 0.328358
vt 0.908482 0.343284
vt 0.892857 0.343284
vt 0.908482 0.328358
vt 0.924107 0.343284
vt 0.924107 0.328358
vt 0.892857 0.313433
vt 0.908482 0.298507
vt 0.908482 0.313433
vt 0.924107 0.298507
vt 0.924107 0.313433
vt 0.939732 0.298507
vt 0.875000 0.313433
vt 0.839286 0.373134
vt 0.839286 0.313433
vt 0.892857 0.283582
vt 0.821429 0.283582
vt 0.821429 0.313433
vt 0.821429 0.373134
vt 0.892857 0.373134
vt 0.892857 0.313433
vt 0.821429 0.402985
vt 0.875000 0.373134
vt 0.892857 0.402985
vt 0.816964 0.440298
vt 0.808036 0.417910
vt 0.816964 0.417910
vt 0.714286 0.343284
vt 0.785714 0.402985
vt 0.714286 0.402985
vt 0.821429 0.402985
vt 0.785714 0.343284
vt 0.821429 0.343284
vt 0.678571 0.343284
vt 0.678571 0.402985
vt 0.785714 0.283582
vt 0.714286 0.283582
vt 0.714286 0.462687
vt 0.785714 0.462687
vt 0.839286 0.410448
vt 0.825893 0.417910
vt 0.821429 0.410448
vt 0.839286 0.402985
vt 0.821429 0.402985
vt 0.803571 0.402985
vt 0.785714 0.410448
vt 0.785714 0.402985
vt 0.857143 0.402985
vt 0.803571 0.410448
vt 0.790179 0.417910
vt 0.852679 0.417910
vt 0.843750 0.417910
vt 0.799107 0.440298
vt 0.799107 0.417910
vt 0.852679 0.440298
vt 0.834821 0.440298
vt 0.834821 0.417910
vt 0.870536 0.425373
vt 0.861607 0.410448
vt 0.870536 0.410448
vt 0.870536 0.425373
vt 0.861607 0.410448
vt 0.870536 0.410448
vt 0.870536 0.425373
vt 0.861607 0.410448
vt 0.870536 0.410448
vt 0.870536 0.447761
vt 0.861607 0.432836
vt 0.870536 0.432836
vt 0.861607 0.432836
vt 0.857143 0.425373
vt 0.861607 0.425373
vt 0.861607 0.402985
vt 0.857143 0.410448
vt 0.857143 0.425373
vt 0.861607 0.425373
vt 0.861607 0.402985
vt 0.861607 0.410448
vt 0.857143 0.410448
vt 0.861607 0.432836
vt 0.857143 0.425373
vt 0.861607 0.425373
vt 0.861607 0.402985
vt 0.857143 0.410448
vt 0.861607 0.425373
vt 0.861607 0.432836
vt 0.857143 0.425373
vt 0.861607 0.402985
vt 0.857143 0.410448
vt 0.870536 0.432836
vt 0.870536 0.402985
vt 0.870536 0.425373
vt 0.870536 0.402985
vt 0.870536 0.432836
vt 0.870536 0.402985
vt 0.870536 0.432836
vt 0.870536 0.402985
vt 0.870536 0.410448
vt 0.939732 0.313433
vt 0.955357 0.298507
vt 0.955357 0.313433
vt 0.939732 0.328358
vt 0.955357 0.343284
vt 0.939732 0.343284
vt 0.892857 0.328358
vt 0.908482 0.343284
vt 0.892857 0.343284
vt 0.908482 0.328358
vt 0.924107 0.343284
vt 0.924107 0.328358
vt 0.892857 0.313433
vt 0.908482 0.298507
vt 0.908482 0.313433
vt 0.924107 0.298507
vt 0.924107 0.313433
vt 0.939732 0.298507
vt 0.816964 0.440298
vt 0.808036 0.417910
vt 0.816964 0.417910
vt 0.714286 0.402985
vt 0.785714 0.343284
vt 0.785714 0.402985
vt 0.821429 0.402985
vt 0.821429 0.343284
vt 0.678571 0.343284
vt 0.678571 0.402985
vt 0.785714 0.283582
vt 0.714286 0.343284
vt 0.714286 0.283582
vt 0.714286 0.462687
vt 0.785714 0.462687
vt 0.839286 0.410448
vt 0.825893 0.417910
vt 0.821429 0.410448
vt 0.839286 0.402985
vt 0.821429 0.402985
vt 0.803571 0.402985
vt 0.785714 0.410448
vt 0.785714 0.402985
vt 0.857143 0.402985
vt 0.803571 0.410448
vt 0.790179 0.417910
vt 0.852679 0.417910
vt 0.843750 0.417910
vt 0.799107 0.440298
vt 0.799107 0.417910
vt 0.852679 0.440298
vt 0.834821 0.440298
vt 0.834821 0.417910
vt 0.870536 0.425373
vt 0.861607 0.410448
vt 0.870536 0.410448
vt 0.870536 0.425373
vt 0.861607 0.410448
vt 0.870536 0.410448
vt 0.870536 0.425373
vt 0.861607 0.410448
vt 0.870536 0.410448
vt 0.870536 0.447761
vt 0.861607 0.432836
vt 0.870536 0.432836
vt 0.861607 0.432836
vt 0.857143 0.425373
vt 0.861607 0.425373
vt 0.861607 0.402985
vt 0.857143 0.410448
vt 0.857143 0.425373
vt 0.861607 0.425373
vt 0.861607 0.402985
vt 0.861607 0.410448
vt 0.857143 0.410448
vt 0.861607 0.432836
vt 0.857143 0.425373
vt 0.861607 0.425373
vt 0.861607 0.402985
vt 0.857143 0.410448
vt 0.861607 0.425373
vt 0.861607 0.432836
vt 0.857143 0.425373
vt 0.861607 0.402985
vt 0.857143 0.410448
vt 0.870536 0.432836
vt 0.870536 0.402985
vt 0.870536 0.425373
vt 0.870536 0.402985
vt 0.870536 0.432836
vt 0.870536 0.402985
vt 0.870536 0.432836
vt 0.870536 0.402985
vt 0.870536 0.410448
vt 0.939732 0.313433
vt 0.955357 0.298507
vt 0.955357 0.313433
vt 0.939732 0.328358
vt 0.955357 0.343284
vt 0.939732 0.343284
vt 0.892857 0.328358
vt 0.908482 0.343284
vt 0.892857 0.343284
vt 0.908482 0.328358
vt 0.924107 0.343284
vt 0.924107 0.328358
vt 0.892857 0.313433
vt 0.908482 0.298507
vt 0.908482 0.313433
vt 0.924107 0.298507
vt 0.924107 0.313433
vt 0.939732 0.298507
vt 0.816964 0.440298
vt 0.808036 0.417910
vt 0.816964 0.417910
vt 0.839286 0.410448
vt 0.825893 0.417910
vt 0.821429 0.410448
vt 0.839286 0.402985
vt 0.821429 0.402985
vt 0.803571 0.402985
vt 0.785714 0.410448
vt 0.785714 0.402985
vt 0.857143 0.402985
vt 0.803571 0.410448
vt 0.790179 0.417910
vt 0.857143 0.410448
vt 0.843750 0.417910
vt 0.799107 0.440298
vt 0.799107 0.417910
vt 0.852679 0.440298
vt 0.852679 0.417910
vt 0.834821 0.440298
vt 0.834821 0.417910
vt 0.870536 0.425373
vt 0.861607 0.410448
vt 0.870536 0.410448
vt 0.870536 0.425373
vt 0.861607 0.410448
vt 0.870536 0.410448
vt 0.870536 0.425373
vt 0.861607 0.410448
vt 0.870536 0.410448
vt 0.870536 0.447761
vt 0.861607 0.432836
vt 0.870536 0.432836
vt 0.861607 0.432836
vt 0.857143 0.425373
vt 0.861607 0.425373
vt 0.861607 0.402985
vt 0.857143 0.410448
vt 0.857143 0.425373
vt 0.861607 0.425373
vt 0.861607 0.402985
vt 0.861607 0.410448
vt 0.857143 0.410448
vt 0.861607 0.432836
vt 0.857143 0.425373
vt 0.861607 0.425373
vt 0.861607 0.402985
vt 0.857143 0.410448
vt 0.861607 0.425373
vt 0.861607 0.432836
vt 0.857143 0.425373
vt 0.861607 0.402985
vt 0.857143 0.410448
vt 0.870536 0.432836
vt 0.870536 0.402985
vt 0.870536 0.425373
vt 0.870536 0.402985
vt 0.870536 0.432836
vt 0.870536 0.402985
vt 0.870536 0.432836
vt 0.870536 0.402985
vt 0.870536 0.410448
vt 0.816964 0.440298
vt 0.808036 0.417910
vt 0.816964 0.417910
vt 0.839286 0.410448
vt 0.825893 0.417910
vt 0.821429 0.410448
vt 0.839286 0.402985
vt 0.821429 0.402985
vt 0.803571 0.402985
vt 0.785714 0.410448
vt 0.785714 0.402985
vt 0.857143 0.402985
vt 0.803571 0.410448
vt 0.790179 0.417910
vt 0.857143 0.410448
vt 0.843750 0.417910
vt 0.799107 0.440298
vt 0.799107 0.417910
vt 0.852679 0.440298
vt 0.852679 0.417910
vt 0.834821 0.440298
vt 0.834821 0.417910
vt 0.870536 0.425373
vt 0.861607 0.410448
vt 0.870536 0.410448
vt 0.870536 0.425373
vt 0.861607 0.410448
vt 0.870536 0.410448
vt 0.870536 0.425373
vt 0.861607 0.410448
vt 0.870536 0.410448
vt 0.870536 0.447761
vt 0.861607 0.432836
vt 0.870536 0.432836
vt 0.861607 0.432836
vt 0.857143 0.425373
vt 0.861607 0.425373
vt 0.861607 0.402985
vt 0.857143 0.410448
vt 0.857143 0.425373
vt 0.861607 0.425373
vt 0.861607 0.402985
vt 0.861607 0.410448
vt 0.857143 0.410448
vt 0.861607 0.432836
vt 0.857143 0.425373
vt 0.861607 0.425373
vt 0.861607 0.402985
vt 0.857143 0.410448
vt 0.861607 0.425373
vt 0.861607 0.432836
vt 0.857143 0.425373
vt 0.861607 0.402985
vt 0.857143 0.410448
vt 0.870536 0.432836
vt 0.870536 0.402985
vt 0.870536 0.425373
vt 0.870536 0.402985
vt 0.870536 0.432836
vt 0.870536 0.402985
vt 0.870536 0.432836
vt 0.870536 0.410448
vt 0.035714 0.283582
vt 0.642857 0.283582
vt 0.678571 0.880597
vt 0.410714 0.402985
vt 0.446429 0.611940
vt 0.535714 0.611940
vt 0.589286 0.611940
vt 0.500000 0.611940
vt 0.462054 0.358209
vt 0.479911 0.358209
vt 0.497768 0.358209
vt 0.533482 0.358209
vt 0.551339 0.358209
vt 0.569196 0.358209
vt 0.604911 0.358209
vt 0.622768 0.358209
vt 0.642857 0.343284
vt 0.372768 0.358209
vt 0.408482 0.358209
vt 0.426339 0.358209
vt 0.408628 0.464863
vt 0.383929 0.492452
vt 0.402833 0.479362
vt 0.394160 0.489050
vt 0.373698 0.489050
vt 0.365025 0.479362
vt 0.359229 0.464863
vt 0.359229 0.430659
vt 0.365025 0.416160
vt 0.373698 0.406473
vt 0.394160 0.406473
vt 0.402833 0.416160
vt 0.408628 0.430659
vt 0.459821 0.388060
vt 0.477679 0.388060
vt 0.495536 0.388060
vt 0.513393 0.388060
vt 0.531250 0.388060
vt 0.551339 0.373134
vt 0.566964 0.388060
vt 0.587054 0.373134
vt 0.604911 0.373134
vt 0.622768 0.373134
vt 0.638393 0.388060
vt 0.372768 0.373134
vt 0.390625 0.373134
vt 0.408482 0.373134
vt 0.426339 0.373134
vt 0.441964 0.388060
vt 0.808036 0.440298
vt 0.857143 0.410448
vt 0.790179 0.440298
vt 0.843750 0.440298
vt 0.825893 0.440298
vt 0.861607 0.447761
vt 0.955357 0.328358
vt 0.892857 0.298507
vt 0.678571 0.880597
vt 0.642857 0.283582
vt 0.410714 0.402985
vt 0.446429 0.611940
vt 0.535714 0.611940
vt 0.589286 0.611940
vt 0.500000 0.611940
vt 0.462054 0.358209
vt 0.479911 0.358209
vt 0.497768 0.358209
vt 0.533482 0.358209
vt 0.551339 0.358209
vt 0.569196 0.358209
vt 0.604911 0.358209
vt 0.622768 0.358209
vt 0.642857 0.343284
vt 0.372768 0.358209
vt 0.408482 0.358209
vt 0.426339 0.358209
vt 0.408628 0.464863
vt 0.383929 0.492452
vt 0.402833 0.479362
vt 0.394160 0.489050
vt 0.373698 0.489050
vt 0.365025 0.479362
vt 0.359229 0.464863
vt 0.359229 0.430659
vt 0.365025 0.416160
vt 0.373698 0.406473
vt 0.394160 0.406473
vt 0.402833 0.416160
vt 0.408628 0.430659
vt 0.459821 0.388060
vt 0.477679 0.388060
vt 0.495536 0.388060
vt 0.513393 0.388060
vt 0.531250 0.388060
vt 0.551339 0.373134
vt 0.566964 0.388060
vt 0.587054 0.373134
vt 0.604911 0.373134
vt 0.622768 0.373134
vt 0.638393 0.388060
vt 0.372768 0.373134
vt 0.390625 0.373134
vt 0.408482 0.373134
vt 0.426339 0.373134
vt 0.441964 0.388060
vt 0.808036 0.440298
vt 0.857143 0.410448
vt 0.790179 0.440298
vt 0.843750 0.440298
vt 0.825893 0.440298
vt 0.861607 0.447761
vt 0.955357 0.328358
vt 0.892857 0.298507
vt 0.808036 0.440298
vt 0.857143 0.410448
vt 0.790179 0.440298
vt 0.843750 0.440298
vt 0.825893 0.440298
vt 0.861607 0.447761
vt 0.955357 0.328358
vt 0.892857 0.298507
vt 0.808036 0.440298
vt 0.857143 0.410448
vt 0.790179 0.440298
vt 0.843750 0.440298
vt 0.825893 0.440298
vt 0.861607 0.447761
vt 0.955357 0.328358
vt 0.892857 0.298507
vt 0.808036 0.440298
vt 0.790179 0.440298
vt 0.843750 0.440298
vt 0.825893 0.440298
vt 0.861607 0.447761
vt 0.808036 0.440298
vt 0.790179 0.440298
vt 0.843750 0.440298
vt 0.825893 0.440298
vt 0.861607 0.447761
vt 0.870536 0.402985
vt 0.625000 0.283582
vt 0.607143 0.283582
vt 0.500000 0.283582
vt 0.482143 0.283582
vt 0.642857 0.283582
vt 0.517857 0.283582
vt 0.375000 0.283582
vt 0.357143 0.283582
vt 0.535714 0.283582
vt 0.392857 0.283582
vt 0.553571 0.283582
vt 0.410714 0.283582
vt 0.571429 0.283582
vt 0.446429 0.283582
vt 0.428571 0.283582
vt 0.589286 0.283582
vt 0.464286 0.283582
vt 0.433036 0.402985
vt 0.441964 0.402985
vt 0.379464 0.402985
vt 0.388393 0.402985
vt 0.361607 0.402985
vt 0.370536 0.402985
vt 0.629464 0.402985
vt 0.638393 0.402985
vt 0.611607 0.402985
vt 0.620536 0.402985
vt 0.593750 0.402985
vt 0.602679 0.402985
vt 0.575893 0.402985
vt 0.584821 0.402985
vt 0.397321 0.402985
vt 0.406250 0.402985
vt 0.450893 0.402985
vt 0.459821 0.402985
vt 0.415179 0.402985
vt 0.424107 0.402985
vt 0.468750 0.402985
vt 0.477679 0.402985
vt 0.486607 0.402985
vt 0.495536 0.402985
vt 0.504464 0.402985
vt 0.513393 0.402985
vt 0.522321 0.402985
vt 0.531250 0.402985
vt 0.540179 0.402985
vt 0.549107 0.402985
vt 0.558036 0.402985
vt 0.566964 0.402985
vt 0.939732 0.283582
vt 0.892857 0.283582
vt 0.908482 0.283582
vt 0.924107 0.283582
vt 0.607143 0.283582
vt 0.500000 0.283582
vt 0.482143 0.283582
vt 0.642857 0.283582
vt 0.625000 0.283582
vt 0.517857 0.283582
vt 0.375000 0.283582
vt 0.357143 0.283582
vt 0.535714 0.283582
vt 0.392857 0.283582
vt 0.410714 0.283582
vt 0.571429 0.283582
vt 0.553571 0.283582
vt 0.446429 0.283582
vt 0.428571 0.283582
vt 0.589286 0.283582
vt 0.464286 0.283582
vt 0.433036 0.402985
vt 0.441964 0.402985
vt 0.388393 0.402985
vt 0.361607 0.402985
vt 0.370536 0.402985
vt 0.638393 0.402985
vt 0.611607 0.402985
vt 0.620536 0.402985
vt 0.593750 0.402985
vt 0.602679 0.402985
vt 0.575893 0.402985
vt 0.584821 0.402985
vt 0.397321 0.402985
vt 0.406250 0.402985
vt 0.450893 0.402985
vt 0.459821 0.402985
vt 0.415179 0.402985
vt 0.424107 0.402985
vt 0.468750 0.402985
vt 0.477679 0.402985
vt 0.486607 0.402985
vt 0.495536 0.402985
vt 0.504464 0.402985
vt 0.513393 0.402985
vt 0.522321 0.402985
vt 0.531250 0.402985
vt 0.540179 0.402985
vt 0.549107 0.402985
vt 0.558036 0.402985
vt 0.566964 0.402985
vt 0.955357 0.283582
vt 0.892857 0.283582
vt 0.908482 0.283582
vt 0.939732 0.283582
vt 0.939732 0.283582
vt 0.892857 0.283582
vt 0.908482 0.283582
vt 0.924107 0.283582
vt 0.955357 0.283582
vt 0.892857 0.283582
vt 0.908482 0.283582
vt 0.924107 0.283582
vt 0.955357 0.283582
vt 0.379464 0.402985
vt 0.629464 0.402985
vt 0.924107 0.283582
vt 0.955357 0.283582
vt 0.939732 0.283582
vn 0.0000 -1.0000 0.0000
vn -0.7071 -0.7071 0.0000
vn 0.7071 -0.7071 0.0000
vn 1.0000 0.0000 0.0000
vn -1.0000 0.0000 0.0000
vn 0.0000 1.0000 0.0000
vn 0.0000 0.0000 -1.0000
vn 0.0000 0.0000 1.0000
vn 0.8944 0.4472 0.0000
vn -0.8944 0.4472 0.0000
vn -0.7071 0.7071 0.0000
vn 0.7071 0.7071 0.0000
vn 0.0000 0.7071 0.7071
vn 0.0000 0.7071 -0.7071
vn -0.5774 0.5773 0.5773
vn -0.5774 -0.5773 0.5773
vn -0.5774 0.5773 -0.5773
vn -0.5774 -0.5773 -0.5773
vn 0.5774 0.5774 0.5774
vn 0.5774 -0.5774 0.5774
vn 0.5774 0.5774 -0.5774
vn 0.5774 -0.5774 -0.5774
vn 0.0000 -0.7071 -0.7071
vn -0.7071 0.0000 -0.7071
vn -0.7071 0.0000 0.7071
vn 0.0000 -0.7071 0.7071
vn 0.7071 0.0000 0.7071
vn 0.7071 0.0000 -0.7071
vn 0.5774 0.5773 -0.5773
vn 0.5774 -0.5773 -0.5773
vn 0.5774 0.5773 0.5773
vn 0.5774 -0.5773 0.5773
vn -0.5774 0.5774 -0.5774
vn -0.5774 -0.5774 -0.5774
vn -0.5774 0.5774 0.5774
vn -0.5774 -0.5774 0.5774
vn 0.5773 0.5774 0.5774
vn 0.0000 -0.9239 -0.3827
vn 0.0000 0.9239 0.3827
vn 0.0000 0.9239 -0.3827
vn 0.0000 -0.9239 0.3827
vn 0.0000 0.3827 -0.9239
vn 0.0000 -0.3827 0.9239
vn 0.0000 0.3827 0.9239
vn -0.0000 -0.3827 -0.9239
vn 0.0000 0.6169 -0.7871
vn 0.0000 0.5735 -0.8192
vn 0.0000 -0.6169 0.7871
vn 0.0000 -0.5735 0.8192
vn 0.0000 -0.9615 0.2747
vn 0.0000 -0.9216 0.3882
vn 0.0000 -0.7741 0.6331
vn 0.0000 0.9615 -0.2747
vn 0.0000 0.9216 -0.3882
vn 0.0000 0.7741 -0.6331
vn 0.0000 0.6169 0.7871
vn 0.0000 0.5735 0.8192
vn -0.0000 -0.6169 -0.7871
vn -0.0000 -0.5735 -0.8192
vn 0.0000 -0.9615 -0.2747
vn 0.0000 -0.9216 -0.3882
vn -0.0000 -0.7741 -0.6331
vn 0.0000 0.9615 0.2747
vn 0.0000 0.9216 0.3882
vn 0.0000 0.7741 0.6331
usemtl fensu2
s off
f 835/1205/221 834/1206/221 833/1207/221
f 838/1208/221 844/1209/221 841/1210/221
f 837/1211/222 839/1212/222 838/1208/222
f 841/1210/223 843/1213/223 842/1214/223
f 848/1215/224 842/1214/224 843/1213/224
f 845/1216/225 840/1217/225 837/1211/225
f 851/1218/226 849/1219/226 850/1220/226
f 836/1221/224 851/1218/224 834/1222/224
f 833/1207/225 849/1219/225 835/1205/225
f 835/1223/227 852/1224/227 836/1225/227
f 834/1226/228 850/1220/228 833/1227/228
f 856/1228/227 863/1229/227 855/1230/227
f 853/1231/228 862/1232/228 854/1233/228
f 855/1230/227 860/1234/227 856/1228/227
f 854/1233/228 858/1235/228 853/1231/228
f 856/1236/224 859/1237/224 854/1238/224
f 853/1239/225 857/1240/225 855/1241/225
f 854/1238/229 864/1242/229 856/1236/229
f 855/1241/230 861/1243/230 853/1239/230
f 881/1244/225 898/1245/225 897/1246/225
f 883/1247/225 898/1248/225 882/1249/225
f 884/1250/225 899/1251/225 883/1247/225
f 885/1252/225 900/1253/225 884/1250/225
f 885/1252/225 902/1254/225 901/1255/225
f 887/1256/225 902/1257/225 886/1258/225
f 888/1259/225 903/1260/225 887/1256/225
f 889/1261/225 904/1262/225 888/1259/225
f 889/1261/225 906/1263/225 905/1264/225
f 891/1265/225 906/1266/225 890/1267/225
f 892/1268/225 907/1269/225 891/1265/225
f 892/1268/225 909/1270/225 908/1271/225
f 894/1272/225 909/1273/225 893/1274/225
f 894/1272/225 911/1275/225 910/1276/225
f 896/1277/225 911/1278/225 895/1279/225
f 881/1244/225 912/1280/225 896/1277/225
f 921/1281/225 925/1282/225 913/1283/225
f 931/1284/225 945/1285/225 929/1286/225
f 932/1287/225 947/1288/225 931/1289/225
f 933/1290/225 948/1291/225 932/1292/225
f 934/1293/225 949/1294/225 933/1295/225
f 935/1296/225 950/1297/225 934/1298/225
f 935/1299/225 952/1300/225 951/1301/225
f 937/1302/225 952/1303/225 936/1304/225
f 937/1305/225 954/1306/225 953/1307/225
f 938/1308/225 955/1309/225 954/1310/225
f 939/1311/225 956/1312/225 955/1313/225
f 941/1314/225 956/1315/225 940/1316/225
f 941/1317/225 958/1318/225 957/1319/225
f 942/1320/225 959/1321/225 958/1322/225
f 943/1323/225 960/1324/225 959/1325/225
f 944/1326/225 946/1327/225 960/1328/225
f 929/1329/225 946/1330/225 930/1331/225
f 990/1332/227 978/1333/227 979/1334/227
f 967/1335/226 965/1336/226 966/1337/226
f 963/1338/228 968/1339/228 964/1340/228
f 962/1341/227 966/1337/227 961/1342/227
f 964/1343/225 967/1335/225 962/1344/225
f 961/1345/224 965/1336/224 963/1346/224
f 976/1347/231 979/1348/231 975/1349/231
f 972/1350/225 975/1349/225 970/1351/225
f 969/1352/224 973/1353/224 971/1354/224
f 971/1355/228 976/1347/228 972/1350/228
f 970/1351/227 974/1356/227 969/1352/227
f 974/1356/232 977/1357/232 973/1353/232
f 976/1347/233 977/1358/233 980/1359/233
f 975/1349/234 978/1333/234 974/1356/234
f 1002/1360/224 977/1357/224 978/1361/224
f 996/1362/228 980/1359/228 977/1358/228
f 984/1363/225 979/1348/225 980/1364/225
f 988/1365/227 1003/1366/227 992/1367/227
f 1001/1368/224 997/1369/224 1004/1370/224
f 994/1371/228 985/1372/228 998/1373/228
f 993/1374/226 987/1375/226 981/1376/226
f 981/1377/235 982/1378/235 983/1379/235
f 984/1380/236 985/1372/236 986/1381/236
f 987/1375/237 988/1382/237 989/1383/237
f 990/1384/238 991/1385/238 992/1386/238
f 993/1387/239 994/1388/239 995/1389/239
f 996/1390/240 997/1369/240 998/1391/240
f 999/1392/241 1000/1393/241 1001/1394/241
f 1002/1395/242 1003/1366/242 1004/1396/242
f 1000/1393/234 988/1365/234 987/1397/234
f 990/1398/243 1003/1366/243 1002/1395/243
f 992/1386/244 989/1383/244 988/1382/244
f 987/1375/231 982/1399/231 981/1376/231
f 984/1400/222 991/1385/222 990/1384/222
f 986/1381/245 983/1379/245 982/1378/245
f 981/1377/233 994/1371/233 993/1401/233
f 996/1402/246 985/1372/246 984/1380/246
f 998/1391/247 995/1389/247 994/1388/247
f 993/1387/232 1001/1368/232 1000/1403/232
f 999/1392/248 1004/1396/248 1003/1366/248
f 1002/1404/223 997/1369/223 996/1390/223
f 982/1399/225 991/1385/225 986/1405/225
f 1006/1406/233 1007/1407/233 1005/1408/233
f 1008/1409/224 1006/1410/224 1010/1411/224
f 1007/1407/225 1009/1412/225 1005/1413/225
f 1012/1414/234 1013/1415/234 1011/1416/234
f 1014/1417/225 1012/1418/225 1016/1419/225
f 1013/1415/224 1015/1420/224 1011/1421/224
f 1030/1422/225 1022/1423/225 1024/1424/225
f 1025/1425/224 1021/1426/224 1036/1427/224
f 1019/1428/224 1034/1429/224 1017/1430/224
f 1027/1431/224 1035/1432/224 1034/1429/224
f 1026/1433/224 1036/1427/224 1035/1432/224
f 1020/1434/225 1033/1435/225 1028/1436/225
f 1028/1436/225 1032/1437/225 1029/1438/225
f 1029/1438/225 1031/1439/225 1030/1422/225
f 1043/1440/226 1041/1441/226 1042/1442/226
f 1037/1443/225 1041/1441/225 1039/1444/225
f 1039/1445/234 1044/1446/234 1040/1447/234
f 1038/1448/233 1042/1442/233 1037/1449/233
f 1040/1450/224 1043/1440/224 1038/1451/224
f 1053/1452/224 1048/1453/224 1056/1454/224
f 1051/1455/225 1045/1456/225 1050/1457/225
f 1050/1457/231 1052/1458/231 1051/1455/231
f 1054/1459/232 1056/1454/232 1055/1460/232
f 1049/1461/226 1055/1460/226 1052/1458/226
f 1060/1462/228 1067/1463/228 1059/1464/228
f 1057/1465/227 1066/1466/227 1058/1467/227
f 1059/1464/228 1064/1468/228 1060/1462/228
f 1058/1467/227 1062/1469/227 1057/1465/227
f 1060/1470/225 1063/1471/225 1058/1472/225
f 1057/1473/224 1061/1474/224 1059/1475/224
f 1058/1472/230 1068/1476/230 1060/1470/230
f 1059/1475/229 1065/1477/229 1057/1473/229
f 1085/1478/224 1102/1479/224 1101/1480/224
f 1087/1481/224 1102/1482/224 1086/1483/224
f 1088/1484/224 1103/1485/224 1087/1481/224
f 1089/1486/224 1104/1487/224 1088/1484/224
f 1089/1486/224 1106/1488/224 1105/1489/224
f 1091/1490/224 1106/1491/224 1090/1492/224
f 1092/1493/224 1107/1494/224 1091/1490/224
f 1093/1495/224 1108/1496/224 1092/1493/224
f 1093/1495/224 1110/1497/224 1109/1498/224
f 1095/1499/224 1110/1500/224 1094/1501/224
f 1096/1502/224 1111/1503/224 1095/1499/224
f 1096/1502/224 1113/1504/224 1112/1505/224
f 1098/1506/224 1113/1507/224 1097/1508/224
f 1098/1506/224 1115/1509/224 1114/1510/224
f 1100/1511/224 1115/1512/224 1099/1513/224
f 1085/1478/224 1116/1514/224 1100/1511/224
f 1125/1515/224 1129/1516/224 1117/1517/224
f 1135/1518/224 1149/1519/224 1133/1520/224
f 1136/1521/224 1151/1522/224 1135/1523/224
f 1137/1524/224 1152/1525/224 1136/1526/224
f 1138/1527/224 1153/1528/224 1137/1529/224
f 1139/1530/224 1154/1531/224 1138/1532/224
f 1139/1533/224 1156/1534/224 1155/1535/224
f 1141/1536/224 1156/1537/224 1140/1538/224
f 1141/1539/224 1158/1540/224 1157/1541/224
f 1142/1542/224 1159/1543/224 1158/1544/224
f 1143/1545/224 1160/1546/224 1159/1547/224
f 1145/1548/224 1160/1549/224 1144/1550/224
f 1145/1551/224 1162/1552/224 1161/1553/224
f 1146/1554/224 1163/1555/224 1162/1556/224
f 1147/1557/224 1164/1558/224 1163/1559/224
f 1148/1560/224 1150/1561/224 1164/1562/224
f 1133/1563/224 1150/1564/224 1134/1565/224
f 1194/1566/228 1182/1567/228 1183/1568/228
f 1170/1569/226 1172/1570/226 1169/1571/226
f 1167/1572/227 1172/1570/227 1168/1573/227
f 1166/1574/228 1170/1569/228 1165/1575/228
f 1168/1576/224 1171/1577/224 1166/1578/224
f 1165/1579/225 1169/1571/225 1167/1580/225
f 1180/1581/232 1183/1582/232 1179/1583/232
f 1176/1584/224 1179/1583/224 1174/1585/224
f 1173/1586/225 1177/1587/225 1175/1588/225
f 1175/1589/227 1180/1581/227 1176/1584/227
f 1174/1585/228 1178/1590/228 1173/1586/228
f 1178/1590/231 1181/1591/231 1177/1587/231
f 1180/1581/234 1181/1592/234 1184/1593/234
f 1179/1583/233 1182/1567/233 1178/1590/233
f 1206/1594/225 1181/1591/225 1182/1595/225
f 1200/1596/227 1184/1593/227 1181/1592/227
f 1188/1597/224 1183/1582/224 1184/1598/224
f 1192/1599/228 1207/1600/228 1196/1601/228
f 1205/1602/225 1201/1603/225 1208/1604/225
f 1198/1605/227 1189/1606/227 1202/1607/227
f 1197/1608/226 1191/1609/226 1185/1610/226
f 1185/1611/249 1186/1612/249 1187/1613/249
f 1188/1614/250 1189/1606/250 1190/1615/250
f 1191/1609/251 1192/1616/251 1193/1617/251
f 1194/1618/252 1195/1619/252 1196/1620/252
f 1197/1621/253 1198/1622/253 1199/1623/253
f 1200/1624/254 1201/1603/254 1202/1625/254
f 1203/1626/255 1204/1627/255 1205/1628/255
f 1206/1629/256 1207/1600/256 1208/1630/256
f 1204/1627/233 1192/1599/233 1191/1631/233
f 1194/1632/246 1207/1600/246 1206/1629/246
f 1196/1620/247 1193/1617/247 1192/1616/247
f 1191/1609/232 1186/1633/232 1185/1610/232
f 1188/1634/223 1195/1619/223 1194/1618/223
f 1190/1615/248 1187/1613/248 1186/1612/248
f 1185/1611/234 1198/1605/234 1197/1635/234
f 1200/1636/243 1189/1606/243 1188/1614/243
f 1202/1625/244 1199/1623/244 1198/1622/244
f 1197/1621/231 1205/1602/231 1204/1637/231
f 1203/1626/245 1208/1630/245 1207/1600/245
f 1206/1638/222 1201/1603/222 1200/1624/222
f 1186/1633/224 1195/1619/224 1190/1639/224
f 1210/1640/234 1211/1641/234 1209/1642/234
f 1212/1643/225 1210/1644/225 1214/1645/225
f 1211/1641/224 1213/1646/224 1209/1647/224
f 1216/1648/233 1217/1649/233 1215/1650/233
f 1218/1651/224 1216/1652/224 1220/1653/224
f 1217/1649/225 1219/1654/225 1215/1655/225
f 1234/1656/224 1226/1657/224 1228/1658/224
f 1229/1659/225 1225/1660/225 1240/1661/225
f 1223/1662/225 1238/1663/225 1221/1664/225
f 1231/1665/225 1239/1666/225 1238/1663/225
f 1230/1667/225 1240/1661/225 1239/1666/225
f 1224/1668/224 1237/1669/224 1232/1670/224
f 1232/1670/224 1236/1671/224 1233/1672/224
f 1233/1672/224 1235/1673/224 1234/1656/224
f 1246/1674/226 1248/1675/226 1245/1676/226
f 1241/1677/224 1245/1676/224 1243/1678/224
f 1243/1679/233 1248/1675/233 1244/1680/233
f 1242/1681/234 1246/1674/234 1241/1682/234
f 1244/1683/225 1247/1684/225 1242/1685/225
f 1278/1686/227 1266/1687/227 1267/1688/227
f 1255/1689/226 1253/1690/226 1254/1691/226
f 1251/1692/228 1256/1693/228 1252/1694/228
f 1250/1695/227 1254/1691/227 1249/1696/227
f 1252/1697/225 1255/1689/225 1250/1698/225
f 1249/1699/224 1253/1690/224 1251/1700/224
f 1264/1701/231 1267/1702/231 1263/1703/231
f 1260/1704/225 1263/1703/225 1258/1705/225
f 1257/1706/224 1261/1707/224 1259/1708/224
f 1259/1709/228 1264/1701/228 1260/1704/228
f 1258/1705/227 1262/1710/227 1257/1706/227
f 1262/1710/232 1265/1711/232 1261/1707/232
f 1264/1701/233 1265/1712/233 1268/1713/233
f 1263/1703/234 1266/1687/234 1262/1710/234
f 1290/1714/224 1265/1711/224 1266/1715/224
f 1284/1716/228 1268/1713/228 1265/1712/228
f 1272/1717/225 1267/1702/225 1268/1718/225
f 1276/1719/227 1291/1720/227 1280/1721/227
f 1289/1722/224 1285/1723/224 1292/1724/224
f 1282/1725/228 1273/1726/228 1286/1727/228
f 1281/1728/226 1275/1729/226 1269/1730/226
f 1269/1731/235 1270/1732/235 1271/1733/235
f 1272/1734/236 1273/1726/236 1274/1735/236
f 1275/1729/237 1276/1736/237 1277/1737/237
f 1278/1738/238 1279/1739/238 1280/1740/238
f 1281/1741/239 1282/1742/239 1283/1743/239
f 1284/1744/240 1285/1723/240 1286/1745/240
f 1287/1746/241 1288/1747/241 1289/1748/241
f 1290/1749/242 1291/1720/242 1292/1750/242
f 1288/1747/234 1276/1719/234 1275/1751/234
f 1278/1752/243 1291/1720/243 1290/1749/243
f 1280/1740/244 1277/1737/244 1276/1736/244
f 1275/1729/231 1270/1753/231 1269/1730/231
f 1272/1754/222 1279/1739/222 1278/1738/222
f 1274/1735/245 1271/1733/245 1270/1732/245
f 1269/1731/233 1282/1725/233 1281/1755/233
f 1284/1756/246 1273/1726/246 1272/1734/246
f 1286/1745/247 1283/1743/247 1282/1742/247
f 1281/1741/232 1289/1722/232 1288/1757/232
f 1287/1746/248 1292/1750/248 1291/1720/248
f 1290/1758/223 1285/1723/223 1284/1744/223
f 1270/1753/225 1279/1739/225 1274/1759/225
f 1306/1760/225 1298/1761/225 1300/1762/225
f 1301/1763/224 1297/1764/224 1312/1765/224
f 1295/1766/224 1310/1767/224 1293/1768/224
f 1303/1769/224 1311/1770/224 1310/1767/224
f 1302/1771/224 1312/1765/224 1311/1770/224
f 1296/1772/225 1309/1773/225 1304/1774/225
f 1304/1774/225 1308/1775/225 1305/1776/225
f 1305/1776/225 1307/1777/225 1306/1760/225
f 1342/1778/228 1330/1779/228 1331/1780/228
f 1318/1781/226 1320/1782/226 1317/1783/226
f 1315/1784/227 1320/1782/227 1316/1785/227
f 1314/1786/228 1318/1781/228 1313/1787/228
f 1316/1788/224 1319/1789/224 1314/1790/224
f 1313/1791/225 1317/1783/225 1315/1792/225
f 1328/1793/232 1331/1794/232 1327/1795/232
f 1324/1796/224 1327/1795/224 1322/1797/224
f 1321/1798/225 1325/1799/225 1323/1800/225
f 1323/1801/227 1328/1793/227 1324/1796/227
f 1322/1797/228 1326/1802/228 1321/1798/228
f 1326/1802/231 1329/1803/231 1325/1799/231
f 1328/1793/234 1329/1804/234 1332/1805/234
f 1327/1795/233 1330/1779/233 1326/1802/233
f 1354/1806/225 1329/1803/225 1330/1807/225
f 1348/1808/227 1332/1805/227 1329/1804/227
f 1336/1809/224 1331/1794/224 1332/1810/224
f 1340/1811/228 1355/1812/228 1344/1813/228
f 1353/1814/225 1349/1815/225 1356/1816/225
f 1346/1817/227 1337/1818/227 1350/1819/227
f 1345/1820/226 1339/1821/226 1333/1822/226
f 1333/1823/249 1334/1824/249 1335/1825/249
f 1336/1826/250 1337/1818/250 1338/1827/250
f 1339/1821/251 1340/1828/251 1341/1829/251
f 1342/1830/252 1343/1831/252 1344/1832/252
f 1345/1833/253 1346/1834/253 1347/1835/253
f 1348/1836/254 1349/1815/254 1350/1837/254
f 1351/1838/255 1352/1839/255 1353/1840/255
f 1354/1841/256 1355/1812/256 1356/1842/256
f 1352/1839/233 1340/1811/233 1339/1843/233
f 1342/1844/246 1355/1812/246 1354/1841/246
f 1344/1832/247 1341/1829/247 1340/1828/247
f 1339/1821/232 1334/1845/232 1333/1822/232
f 1336/1846/223 1343/1831/223 1342/1830/223
f 1338/1827/248 1335/1825/248 1334/1824/248
f 1333/1823/234 1346/1817/234 1345/1847/234
f 1348/1848/243 1337/1818/243 1336/1826/243
f 1350/1837/244 1347/1835/244 1346/1834/244
f 1345/1833/231 1353/1814/231 1352/1849/231
f 1351/1838/245 1356/1842/245 1355/1812/245
f 1354/1850/222 1349/1815/222 1348/1836/222
f 1334/1845/224 1343/1831/224 1338/1851/224
f 1370/1852/224 1362/1853/224 1364/1854/224
f 1365/1855/225 1361/1856/225 1376/1857/225
f 1359/1858/225 1374/1859/225 1357/1860/225
f 1367/1861/225 1375/1862/225 1374/1859/225
f 1366/1863/225 1376/1857/225 1375/1862/225
f 1360/1864/224 1373/1865/224 1368/1866/224
f 1368/1866/224 1372/1867/224 1369/1868/224
f 1369/1868/224 1371/1869/224 1370/1852/224
f 1398/1870/227 1386/1871/227 1387/1872/227
f 1384/1873/222 1387/1874/222 1383/1875/222
f 1380/1876/221 1383/1875/221 1378/1877/221
f 1377/1878/226 1381/1879/226 1379/1880/226
f 1379/1881/228 1384/1873/228 1380/1876/228
f 1378/1877/227 1382/1882/227 1377/1878/227
f 1382/1882/231 1385/1883/231 1381/1879/231
f 1381/1884/245 1388/1885/245 1384/1873/245
f 1383/1875/244 1386/1871/244 1382/1882/244
f 1410/1886/226 1385/1883/226 1386/1887/226
f 1404/1888/228 1388/1885/228 1385/1889/228
f 1392/1890/221 1387/1874/221 1388/1891/221
f 1396/1892/227 1411/1893/227 1400/1894/227
f 1409/1895/226 1405/1896/226 1412/1897/226
f 1402/1898/228 1393/1899/228 1406/1900/228
f 1401/1901/225 1395/1902/225 1389/1903/225
f 1389/1904/256 1390/1905/256 1391/1906/256
f 1392/1907/240 1393/1899/240 1394/1908/240
f 1395/1902/254 1396/1909/254 1397/1910/254
f 1398/1911/242 1399/1912/242 1400/1913/242
f 1401/1914/255 1402/1915/255 1403/1916/255
f 1404/1917/239 1405/1896/239 1406/1918/239
f 1407/1919/253 1408/1920/253 1409/1921/253
f 1410/1922/241 1411/1893/241 1412/1923/241
f 1408/1920/244 1396/1892/244 1395/1924/244
f 1398/1925/248 1411/1893/248 1410/1922/248
f 1400/1913/243 1397/1910/243 1396/1909/243
f 1395/1902/222 1390/1926/222 1389/1903/222
f 1392/1927/223 1399/1912/223 1398/1911/223
f 1394/1908/246 1391/1906/246 1390/1905/246
f 1389/1904/245 1402/1898/245 1401/1928/245
f 1404/1929/247 1393/1899/247 1392/1907/247
f 1406/1918/233 1403/1916/233 1402/1915/233
f 1401/1914/231 1409/1895/231 1408/1930/231
f 1407/1919/234 1412/1923/234 1411/1893/234
f 1410/1931/232 1405/1896/232 1404/1917/232
f 1390/1926/221 1399/1912/221 1394/1932/221
f 1434/1933/228 1422/1934/228 1423/1935/228
f 1420/1936/223 1423/1937/223 1419/1938/223
f 1416/1939/221 1419/1938/221 1414/1940/221
f 1413/1941/226 1417/1942/226 1415/1943/226
f 1415/1944/227 1420/1936/227 1416/1939/227
f 1414/1940/228 1418/1945/228 1413/1941/228
f 1418/1945/232 1421/1946/232 1417/1942/232
f 1417/1947/248 1424/1948/248 1420/1936/248
f 1419/1938/247 1422/1934/247 1418/1945/247
f 1446/1949/226 1421/1946/226 1422/1950/226
f 1440/1951/227 1424/1948/227 1421/1952/227
f 1428/1953/221 1423/1937/221 1424/1954/221
f 1432/1955/228 1447/1956/228 1436/1957/228
f 1445/1958/226 1441/1959/226 1448/1960/226
f 1438/1961/227 1429/1962/227 1442/1963/227
f 1437/1964/224 1431/1965/224 1425/1966/224
f 1425/1967/242 1426/1968/242 1427/1969/242
f 1428/1970/254 1429/1962/254 1430/1971/254
f 1431/1965/240 1432/1972/240 1433/1973/240
f 1434/1974/256 1435/1975/256 1436/1976/256
f 1437/1977/241 1438/1978/241 1439/1979/241
f 1440/1980/253 1441/1959/253 1442/1981/253
f 1443/1982/257 1444/1983/257 1445/1984/257
f 1446/1985/255 1447/1956/255 1448/1986/255
f 1444/1983/247 1432/1955/247 1431/1987/247
f 1434/1988/245 1447/1956/245 1446/1985/245
f 1436/1976/246 1433/1973/246 1432/1972/246
f 1431/1965/223 1426/1989/223 1425/1966/223
f 1428/1990/222 1435/1975/222 1434/1974/222
f 1430/1971/243 1427/1969/243 1426/1968/243
f 1425/1967/248 1438/1961/248 1437/1991/248
f 1440/1992/244 1429/1962/244 1428/1970/244
f 1442/1981/234 1439/1979/234 1438/1978/234
f 1444/1993/232 1439/1979/232 1445/1958/232
f 1443/1982/233 1448/1986/233 1447/1956/233
f 1440/1980/231 1448/1960/231 1441/1959/231
f 1426/1989/221 1435/1975/221 1430/1994/221
f 835/1205/221 836/1995/221 834/1206/221
f 838/1208/221 839/1212/221 844/1209/221
f 837/1211/222 840/1217/222 839/1212/222
f 841/1210/223 844/1209/223 843/1213/223
f 848/1215/224 847/1996/224 842/1214/224
f 845/1216/225 846/1997/225 840/1217/225
f 851/1218/226 852/1224/226 849/1219/226
f 836/1221/224 852/1224/224 851/1218/224
f 833/1207/225 850/1220/225 849/1219/225
f 835/1223/227 849/1219/227 852/1224/227
f 834/1226/228 851/1218/228 850/1220/228
f 856/1228/227 864/1998/227 863/1229/227
f 853/1231/228 861/1243/228 862/1232/228
f 855/1230/227 857/1999/227 860/1234/227
f 854/1233/228 859/2000/228 858/1235/228
f 856/1236/224 860/2001/224 859/1237/224
f 853/1239/225 858/2002/225 857/1240/225
f 854/1238/229 862/1232/229 864/1242/229
f 855/1241/230 863/1229/230 861/1243/230
f 881/1244/225 882/1249/225 898/1245/225
f 883/1247/225 899/2003/225 898/1248/225
f 884/1250/225 900/2004/225 899/1251/225
f 885/1252/225 901/2005/225 900/1253/225
f 885/1252/225 886/1258/225 902/1254/225
f 887/1256/225 903/2006/225 902/1257/225
f 888/1259/225 904/2007/225 903/1260/225
f 889/1261/225 905/2008/225 904/1262/225
f 889/1261/225 890/1267/225 906/1263/225
f 891/1265/225 907/2009/225 906/1266/225
f 892/1268/225 908/2010/225 907/1269/225
f 892/1268/225 893/2011/225 909/1270/225
f 894/1272/225 910/2012/225 909/1273/225
f 894/1272/225 895/1279/225 911/1275/225
f 896/1277/225 912/2013/225 911/1278/225
f 881/1244/225 897/2014/225 912/1280/225
f 913/1283/225 914/2015/225 917/2016/225
f 914/2015/225 915/2017/225 917/2016/225
f 915/2017/225 916/2018/225 917/2016/225
f 917/2016/225 918/2019/225 919/2020/225
f 919/2020/225 920/2021/225 921/1281/225
f 921/1281/225 922/2022/225 923/2023/225
f 923/2023/225 924/2024/225 921/1281/225
f 924/2024/225 925/1282/225 921/1281/225
f 925/1282/225 926/2025/225 927/2026/225
f 927/2026/225 928/2027/225 925/1282/225
f 928/2027/225 913/1283/225 925/1282/225
f 917/2016/225 919/2020/225 913/1283/225
f 919/2020/225 921/1281/225 913/1283/225
f 931/1284/225 947/2028/225 945/1285/225
f 932/1287/225 948/2029/225 947/1288/225
f 933/1290/225 949/2030/225 948/1291/225
f 934/1293/225 950/2031/225 949/1294/225
f 935/1296/225 951/2032/225 950/1297/225
f 935/1299/225 936/2033/225 952/1300/225
f 937/1302/225 953/2034/225 952/1303/225
f 937/1305/225 938/2035/225 954/1306/225
f 938/1308/225 939/2036/225 955/1309/225
f 939/1311/225 940/2037/225 956/1312/225
f 941/1314/225 957/2038/225 956/1315/225
f 941/1317/225 942/2039/225 958/1318/225
f 942/1320/225 943/2040/225 959/1321/225
f 943/1323/225 944/2041/225 960/1324/225
f 944/1326/225 930/2042/225 946/1327/225
f 929/1329/225 945/2043/225 946/1330/225
f 990/1332/227 1002/2044/227 978/1333/227
f 967/1335/226 968/1339/226 965/1336/226
f 963/1338/228 965/1336/228 968/1339/228
f 962/1341/227 967/1335/227 966/1337/227
f 964/1343/225 968/1339/225 967/1335/225
f 961/1345/224 966/1337/224 965/1336/224
f 976/1347/231 980/1364/231 979/1348/231
f 972/1350/225 976/1347/225 975/1349/225
f 969/1352/224 974/1356/224 973/1353/224
f 971/1355/228 973/2045/228 976/1347/228
f 970/1351/227 975/1349/227 974/1356/227
f 974/1356/232 978/1361/232 977/1357/232
f 976/1347/233 973/2045/233 977/1358/233
f 975/1349/234 979/1334/234 978/1333/234
f 1002/1360/224 996/2046/224 977/1357/224
f 996/1362/228 984/2047/228 980/1359/228
f 984/1363/225 990/2048/225 979/1348/225
f 988/1365/227 999/1392/227 1003/1366/227
f 1001/1368/224 995/1389/224 997/1369/224
f 994/1371/228 983/1379/228 985/1372/228
f 993/1374/226 1000/2049/226 987/1375/226
f 1000/1393/234 999/1392/234 988/1365/234
f 990/1398/243 992/1367/243 1003/1366/243
f 992/1386/244 991/1385/244 989/1383/244
f 987/1375/231 989/1383/231 982/1399/231
f 984/1400/222 986/1405/222 991/1385/222
f 986/1381/245 985/1372/245 983/1379/245
f 981/1377/233 983/1379/233 994/1371/233
f 996/1402/246 998/1373/246 985/1372/246
f 998/1391/247 997/1369/247 995/1389/247
f 993/1387/232 995/1389/232 1001/1368/232
f 999/1392/248 1001/1394/248 1004/1396/248
f 1002/1404/223 1004/1370/223 997/1369/223
f 982/1399/225 989/1383/225 991/1385/225
f 1006/1406/233 1008/1409/233 1007/1407/233
f 1012/1414/234 1014/1417/234 1013/1415/234
f 1030/1422/225 1031/1439/225 1022/1423/225
f 1025/1425/224 1023/2050/224 1021/1426/224
f 1019/1428/224 1027/1431/224 1034/1429/224
f 1027/1431/224 1026/1433/224 1035/1432/224
f 1026/1433/224 1025/1425/224 1036/1427/224
f 1020/1434/225 1018/2051/225 1033/1435/225
f 1028/1436/225 1033/1435/225 1032/1437/225
f 1029/1438/225 1032/1437/225 1031/1439/225
f 1043/1440/226 1044/1446/226 1041/1441/226
f 1037/1443/225 1042/1442/225 1041/1441/225
f 1039/1445/234 1041/1441/234 1044/1446/234
f 1038/1448/233 1043/1440/233 1042/1442/233
f 1040/1450/224 1044/1446/224 1043/1440/224
f 1053/1452/224 1047/2052/224 1048/1453/224
f 1051/1455/225 1046/2053/225 1045/1456/225
f 1050/1457/231 1049/1461/231 1052/1458/231
f 1054/1459/232 1053/1452/232 1056/1454/232
f 1049/1461/226 1054/1459/226 1055/1460/226
f 1060/1462/228 1068/2054/228 1067/1463/228
f 1057/1465/227 1065/1477/227 1066/1466/227
f 1059/1464/228 1061/2055/228 1064/1468/228
f 1058/1467/227 1063/2056/227 1062/1469/227
f 1060/1470/225 1064/2057/225 1063/1471/225
f 1057/1473/224 1062/2058/224 1061/1474/224
f 1058/1472/230 1066/1466/230 1068/1476/230
f 1059/1475/229 1067/1463/229 1065/1477/229
f 1085/1478/224 1086/1483/224 1102/1479/224
f 1087/1481/224 1103/2059/224 1102/1482/224
f 1088/1484/224 1104/2060/224 1103/1485/224
f 1089/1486/224 1105/2061/224 1104/1487/224
f 1089/1486/224 1090/1492/224 1106/1488/224
f 1091/1490/224 1107/2062/224 1106/1491/224
f 1092/1493/224 1108/2063/224 1107/1494/224
f 1093/1495/224 1109/2064/224 1108/1496/224
f 1093/1495/224 1094/1501/224 1110/1497/224
f 1095/1499/224 1111/2065/224 1110/1500/224
f 1096/1502/224 1112/2066/224 1111/1503/224
f 1096/1502/224 1097/2067/224 1113/1504/224
f 1098/1506/224 1114/2068/224 1113/1507/224
f 1098/1506/224 1099/1513/224 1115/1509/224
f 1100/1511/224 1116/2069/224 1115/1512/224
f 1085/1478/224 1101/2070/224 1116/1514/224
f 1117/1517/224 1118/2071/224 1121/2072/224
f 1118/2071/224 1119/2073/224 1121/2072/224
f 1119/2073/224 1120/2074/224 1121/2072/224
f 1121/2072/224 1122/2075/224 1123/2076/224
f 1123/2076/224 1124/2077/224 1125/1515/224
f 1125/1515/224 1126/2078/224 1127/2079/224
f 1127/2079/224 1128/2080/224 1125/1515/224
f 1128/2080/224 1129/1516/224 1125/1515/224
f 1129/1516/224 1130/2081/224 1131/2082/224
f 1131/2082/224 1132/2083/224 1129/1516/224
f 1132/2083/224 1117/1517/224 1129/1516/224
f 1121/2072/224 1123/2076/224 1117/1517/224
f 1123/2076/224 1125/1515/224 1117/1517/224
f 1135/1518/224 1151/2084/224 1149/1519/224
f 1136/1521/224 1152/2085/224 1151/1522/224
f 1137/1524/224 1153/2086/224 1152/1525/224
f 1138/1527/224 1154/2087/224 1153/1528/224
f 1139/1530/224 1155/2088/224 1154/1531/224
f 1139/1533/224 1140/2089/224 1156/1534/224
f 1141/1536/224 1157/2090/224 1156/1537/224
f 1141/1539/224 1142/2091/224 1158/1540/224
f 1142/1542/224 1143/2092/224 1159/1543/224
f 1143/1545/224 1144/2093/224 1160/1546/224
f 1145/1548/224 1161/2094/224 1160/1549/224
f 1145/1551/224 1146/2095/224 1162/1552/224
f 1146/1554/224 1147/2096/224 1163/1555/224
f 1147/1557/224 1148/2097/224 1164/1558/224
f 1148/1560/224 1134/2098/224 1150/1561/224
f 1133/1563/224 1149/2099/224 1150/1564/224
f 1194/1566/228 1206/2100/228 1182/1567/228
f 1170/1569/226 1171/1577/226 1172/1570/226
f 1167/1572/227 1169/1571/227 1172/1570/227
f 1166/1574/228 1171/1577/228 1170/1569/228
f 1168/1576/224 1172/1570/224 1171/1577/224
f 1165/1579/225 1170/1569/225 1169/1571/225
f 1180/1581/232 1184/1598/232 1183/1582/232
f 1176/1584/224 1180/1581/224 1179/1583/224
f 1173/1586/225 1178/1590/225 1177/1587/225
f 1175/1589/227 1177/2101/227 1180/1581/227
f 1174/1585/228 1179/1583/228 1178/1590/228
f 1178/1590/231 1182/1595/231 1181/1591/231
f 1180/1581/234 1177/2101/234 1181/1592/234
f 1179/1583/233 1183/1568/233 1182/1567/233
f 1206/1594/225 1200/2102/225 1181/1591/225
f 1200/1596/227 1188/2103/227 1184/1593/227
f 1188/1597/224 1194/2104/224 1183/1582/224
f 1192/1599/228 1203/1626/228 1207/1600/228
f 1205/1602/225 1199/1623/225 1201/1603/225
f 1198/1605/227 1187/1613/227 1189/1606/227
f 1197/1608/226 1204/2105/226 1191/1609/226
f 1204/1627/233 1203/1626/233 1192/1599/233
f 1194/1632/246 1196/1601/246 1207/1600/246
f 1196/1620/247 1195/1619/247 1193/1617/247
f 1191/1609/232 1193/1617/232 1186/1633/232
f 1188/1634/223 1190/1639/223 1195/1619/223
f 1190/1615/248 1189/1606/248 1187/1613/248
f 1185/1611/234 1187/1613/234 1198/1605/234
f 1200/1636/243 1202/1607/243 1189/1606/243
f 1202/1625/244 1201/1603/244 1199/1623/244
f 1197/1621/231 1199/1623/231 1205/1602/231
f 1203/1626/245 1205/1628/245 1208/1630/245
f 1206/1638/222 1208/1604/222 1201/1603/222
f 1186/1633/224 1193/1617/224 1195/1619/224
f 1210/1640/234 1212/1643/234 1211/1641/234
f 1216/1648/233 1218/1651/233 1217/1649/233
f 1234/1656/224 1235/1673/224 1226/1657/224
f 1229/1659/225 1227/2106/225 1225/1660/225
f 1223/1662/225 1231/1665/225 1238/1663/225
f 1231/1665/225 1230/1667/225 1239/1666/225
f 1230/1667/225 1229/1659/225 1240/1661/225
f 1224/1668/224 1222/2107/224 1237/1669/224
f 1232/1670/224 1237/1669/224 1236/1671/224
f 1233/1672/224 1236/1671/224 1235/1673/224
f 1246/1674/226 1247/1684/226 1248/1675/226
f 1241/1677/224 1246/1674/224 1245/1676/224
f 1243/1679/233 1245/1676/233 1248/1675/233
f 1242/1681/234 1247/1684/234 1246/1674/234
f 1244/1683/225 1248/1675/225 1247/1684/225
f 1278/1686/227 1290/2108/227 1266/1687/227
f 1255/1689/226 1256/1693/226 1253/1690/226
f 1251/1692/228 1253/1690/228 1256/1693/228
f 1250/1695/227 1255/1689/227 1254/1691/227
f 1252/1697/225 1256/1693/225 1255/1689/225
f 1249/1699/224 1254/1691/224 1253/1690/224
f 1264/1701/231 1268/1718/231 1267/1702/231
f 1260/1704/225 1264/1701/225 1263/1703/225
f 1257/1706/224 1262/1710/224 1261/1707/224
f 1259/1709/228 1261/2109/228 1264/1701/228
f 1258/1705/227 1263/1703/227 1262/1710/227
f 1262/1710/232 1266/1715/232 1265/1711/232
f 1264/1701/233 1261/2109/233 1265/1712/233
f 1263/1703/234 1267/1688/234 1266/1687/234
f 1290/1714/224 1284/2110/224 1265/1711/224
f 1284/1716/228 1272/2111/228 1268/1713/228
f 1272/1717/225 1278/2112/225 1267/1702/225
f 1276/1719/227 1287/1746/227 1291/1720/227
f 1289/1722/224 1283/1743/224 1285/1723/224
f 1282/1725/228 1271/1733/228 1273/1726/228
f 1281/1728/226 1288/2113/226 1275/1729/226
f 1288/1747/234 1287/1746/234 1276/1719/234
f 1278/1752/243 1280/1721/243 1291/1720/243
f 1280/1740/244 1279/1739/244 1277/1737/244
f 1275/1729/231 1277/1737/231 1270/1753/231
f 1272/1754/222 1274/1759/222 1279/1739/222
f 1274/1735/245 1273/1726/245 1271/1733/245
f 1269/1731/233 1271/1733/233 1282/1725/233
f 1284/1756/246 1286/1727/246 1273/1726/246
f 1286/1745/247 1285/1723/247 1283/1743/247
f 1281/1741/232 1283/1743/232 1289/1722/232
f 1287/1746/248 1289/1748/248 1292/1750/248
f 1290/1758/223 1292/1724/223 1285/1723/223
f 1270/1753/225 1277/1737/225 1279/1739/225
f 1306/1760/225 1307/1777/225 1298/1761/225
f 1301/1763/224 1299/2114/224 1297/1764/224
f 1295/1766/224 1303/1769/224 1310/1767/224
f 1303/1769/224 1302/1771/224 1311/1770/224
f 1302/1771/224 1301/1763/224 1312/1765/224
f 1296/1772/225 1294/2115/225 1309/1773/225
f 1304/1774/225 1309/1773/225 1308/1775/225
f 1305/1776/225 1308/1775/225 1307/1777/225
f 1342/1778/228 1354/2116/228 1330/1779/228
f 1318/1781/226 1319/1789/226 1320/1782/226
f 1315/1784/227 1317/1783/227 1320/1782/227
f 1314/1786/228 1319/1789/228 1318/1781/228
f 1316/1788/224 1320/1782/224 1319/1789/224
f 1313/1791/225 1318/1781/225 1317/1783/225
f 1328/1793/232 1332/1810/232 1331/1794/232
f 1324/1796/224 1328/1793/224 1327/1795/224
f 1321/1798/225 1326/1802/225 1325/1799/225
f 1323/1801/227 1325/2117/227 1328/1793/227
f 1322/1797/228 1327/1795/228 1326/1802/228
f 1326/1802/231 1330/1807/231 1329/1803/231
f 1328/1793/234 1325/2117/234 1329/1804/234
f 1327/1795/233 1331/1780/233 1330/1779/233
f 1354/1806/225 1348/2118/225 1329/1803/225
f 1348/1808/227 1336/2119/227 1332/1805/227
f 1336/1809/224 1342/2120/224 1331/1794/224
f 1340/1811/228 1351/1838/228 1355/1812/228
f 1353/1814/225 1347/1835/225 1349/1815/225
f 1346/1817/227 1335/1825/227 1337/1818/227
f 1345/1820/226 1352/2121/226 1339/1821/226
f 1352/1839/233 1351/1838/233 1340/1811/233
f 1342/1844/246 1344/1813/246 1355/1812/246
f 1344/1832/247 1343/1831/247 1341/1829/247
f 1339/1821/232 1341/1829/232 1334/1845/232
f 1336/1846/223 1338/1851/223 1343/1831/223
f 1338/1827/248 1337/1818/248 1335/1825/248
f 1333/1823/234 1335/1825/234 1346/1817/234
f 1348/1848/243 1350/1819/243 1337/1818/243
f 1350/1837/244 1349/1815/244 1347/1835/244
f 1345/1833/231 1347/1835/231 1353/1814/231
f 1351/1838/245 1353/1840/245 1356/1842/245
f 1354/1850/222 1356/1816/222 1349/1815/222
f 1334/1845/224 1341/1829/224 1343/1831/224
f 1370/1852/224 1371/1869/224 1362/1853/224
f 1365/1855/225 1363/2122/225 1361/1856/225
f 1359/1858/225 1367/1861/225 1374/1859/225
f 1367/1861/225 1366/1863/225 1375/1862/225
f 1366/1863/225 1365/1855/225 1376/1857/225
f 1360/1864/224 1358/2123/224 1373/1865/224
f 1368/1866/224 1373/1865/224 1372/1867/224
f 1369/1868/224 1372/1867/224 1371/1869/224
f 1398/1870/227 1410/2124/227 1386/1871/227
f 1384/1873/222 1388/1891/222 1387/1874/222
f 1380/1876/221 1384/1873/221 1383/1875/221
f 1377/1878/226 1382/1882/226 1381/1879/226
f 1379/1881/228 1381/1884/228 1384/1873/228
f 1378/1877/227 1383/1875/227 1382/1882/227
f 1382/1882/231 1386/1887/231 1385/1883/231
f 1381/1884/245 1385/1889/245 1388/1885/245
f 1383/1875/244 1387/1872/244 1386/1871/244
f 1410/1886/226 1404/2125/226 1385/1883/226
f 1404/1888/228 1392/2126/228 1388/1885/228
f 1392/1890/221 1398/2127/221 1387/1874/221
f 1396/1892/227 1407/1919/227 1411/1893/227
f 1409/1895/226 1403/1916/226 1405/1896/226
f 1402/1898/228 1391/1906/228 1393/1899/228
f 1401/1901/225 1408/2128/225 1395/1902/225
f 1408/1920/244 1407/1919/244 1396/1892/244
f 1398/1925/248 1400/1894/248 1411/1893/248
f 1400/1913/243 1399/1912/243 1397/1910/243
f 1395/1902/222 1397/1910/222 1390/1926/222
f 1392/1927/223 1394/1932/223 1399/1912/223
f 1394/1908/246 1393/1899/246 1391/1906/246
f 1389/1904/245 1391/1906/245 1402/1898/245
f 1404/1929/247 1406/1900/247 1393/1899/247
f 1406/1918/233 1405/1896/233 1403/1916/233
f 1401/1914/231 1403/1916/231 1409/1895/231
f 1407/1919/234 1409/1921/234 1412/1923/234
f 1410/1931/232 1412/1897/232 1405/1896/232
f 1390/1926/221 1397/1910/221 1399/1912/221
f 1434/1933/228 1446/2129/228 1422/1934/228
f 1420/1936/223 1424/1954/223 1423/1937/223
f 1416/1939/221 1420/1936/221 1419/1938/221
f 1413/1941/226 1418/1945/226 1417/1942/226
f 1415/1944/227 1417/1947/227 1420/1936/227
f 1414/1940/228 1419/1938/228 1418/1945/228
f 1418/1945/232 1422/1950/232 1421/1946/232
f 1417/1947/248 1421/1952/248 1424/1948/248
f 1419/1938/247 1423/1935/247 1422/1934/247
f 1446/1949/226 1440/2130/226 1421/1946/226
f 1440/1951/227 1428/2131/227 1424/1948/227
f 1428/1953/221 1434/2132/221 1423/1937/221
f 1432/1955/228 1443/1982/228 1447/1956/228
f 1445/1958/226 1439/1979/226 1441/1959/226
f 1438/1961/227 1427/1969/227 1429/1962/227
f 1437/1964/224 1444/2133/224 1431/1965/224
f 1444/1983/247 1443/1982/247 1432/1955/247
f 1434/1988/245 1436/1957/245 1447/1956/245
f 1436/1976/246 1435/1975/246 1433/1973/246
f 1431/1965/223 1433/1973/223 1426/1989/223
f 1428/1990/222 1430/1994/222 1435/1975/222
f 1430/1971/243 1429/1962/243 1427/1969/243
f 1425/1967/248 1427/1969/248 1438/1961/248
f 1440/1992/244 1442/1963/244 1429/1962/244
f 1442/1981/234 1441/1959/234 1439/1979/234
f 1444/1993/232 1437/1977/232 1439/1979/232
f 1443/1982/233 1445/1984/233 1448/1986/233
f 1440/1980/231 1446/2134/231 1448/1960/231
f 1426/1989/221 1433/1973/221 1435/1975/221
s 1
f 876/2135/258 891/1265/243 875/2136/243
f 869/2137/226 884/1250/259 868/2138/259
f 877/2139/221 892/1268/258 876/2135/258
f 870/2140/260 885/1252/226 869/2137/226
f 878/2141/261 893/1274/221 877/2142/221
f 871/2143/234 886/1258/260 870/2140/260
f 879/2144/246 894/1272/261 878/2141/261
f 872/2145/262 887/1256/234 871/2143/234
f 880/2146/263 895/1279/246 879/2144/246
f 873/2147/227 888/1259/262 872/2145/262
f 866/2148/264 881/1244/228 865/2149/228
f 865/2149/228 896/1277/263 880/2146/263
f 874/2150/265 889/1261/227 873/2147/227
f 867/2151/233 882/1249/264 866/2148/264
f 875/2136/243 890/1267/265 874/2150/265
f 868/2138/259 883/1247/233 867/2151/233
f 913/2152/228 945/2043/264 914/2153/264
f 903/2006/246 934/1298/261 902/1257/261
f 926/2154/261 959/1321/246 927/2155/246
f 902/1254/261 933/1295/221 901/1255/221
f 925/2156/221 958/1318/261 926/2157/261
f 901/2005/221 932/1292/258 900/1253/258
f 924/2158/258 957/2038/221 925/2159/221
f 900/2004/258 931/1289/243 899/1251/243
f 923/2160/243 956/1312/258 924/2161/258
f 899/2003/243 929/1286/265 898/1248/265
f 897/2014/227 944/1326/262 912/1280/262
f 922/2162/265 955/1309/243 923/2163/243
f 898/1245/265 930/1331/227 897/1246/227
f 912/2013/262 943/1323/234 911/1278/234
f 921/2164/227 954/1306/265 922/2165/265
f 911/1275/234 942/1320/260 910/1276/260
f 927/2166/246 960/1324/263 928/2167/263
f 904/2007/263 935/1299/246 903/1260/246
f 914/2168/264 947/2028/233 915/2169/233
f 928/2170/263 946/1327/228 913/2171/228
f 905/2008/228 936/1304/263 904/1262/263
f 915/2172/233 948/2029/259 916/2173/259
f 906/1263/264 937/1305/228 905/1264/228
f 916/2174/259 949/2030/226 917/2175/226
f 907/2009/233 938/1308/264 906/1266/264
f 917/2176/226 950/2031/260 918/2177/260
f 908/2010/259 939/1311/233 907/1269/233
f 918/2178/260 951/2032/234 919/2179/234
f 909/1270/226 940/1316/259 908/1271/259
f 919/2180/234 952/1300/262 920/2181/262
f 910/2012/260 941/1317/226 909/1273/226
f 920/2182/262 953/2034/227 921/2183/227
f 1030/1422/266 1023/2050/267 1025/1425/266
f 1036/2184/268 1022/1423/269 1031/1439/268
f 1017/2185/270 1033/1435/271 1018/2051/270
f 1034/2186/271 1032/1437/272 1033/1435/271
f 1035/2187/272 1031/1439/268 1032/1437/272
f 1019/1428/273 1028/1436/274 1027/1431/274
f 1028/1436/274 1026/1433/275 1027/1431/274
f 1029/1438/275 1025/1425/266 1026/1433/275
f 1079/2188/246 1096/1502/261 1095/1499/246
f 1073/2189/226 1088/1484/260 1072/2190/260
f 1081/2191/221 1096/1502/261 1080/2192/261
f 1074/2193/259 1089/1486/226 1073/2189/226
f 1082/2194/258 1097/1508/221 1081/2195/221
f 1075/2196/233 1090/1492/259 1074/2193/259
f 1083/2197/243 1098/1506/258 1082/2194/258
f 1075/2196/233 1092/1493/264 1091/1490/233
f 1084/2198/265 1099/1513/243 1083/2197/243
f 1077/2199/228 1092/1493/264 1076/2200/264
f 1070/2201/262 1085/1478/227 1069/2202/227
f 1069/2202/227 1100/1511/265 1084/2198/265
f 1078/2203/263 1093/1495/228 1077/2199/228
f 1071/2204/234 1086/1483/262 1070/2201/262
f 1079/2188/246 1094/1501/263 1078/2203/263
f 1071/2204/234 1088/1484/260 1087/1481/234
f 1117/2205/227 1149/2099/262 1118/2206/262
f 1107/2062/243 1138/1532/258 1106/1491/258
f 1131/2207/243 1162/1556/258 1163/1555/243
f 1106/1488/258 1137/1529/221 1105/1489/221
f 1129/2208/221 1162/1552/258 1130/2209/258
f 1104/1487/261 1137/1524/221 1136/1526/261
f 1129/2210/221 1160/1549/261 1161/2094/221
f 1104/2060/261 1135/1523/246 1103/1485/246
f 1127/2211/246 1160/1546/261 1128/2212/261
f 1103/2059/246 1133/1520/263 1102/1482/263
f 1101/2070/228 1148/1560/264 1116/1514/264
f 1126/2213/263 1159/1543/246 1127/2214/246
f 1102/1479/263 1134/1565/228 1101/1480/228
f 1116/2069/264 1147/1557/233 1115/1512/233
f 1125/2215/228 1158/1540/263 1126/2216/263
f 1115/1509/233 1146/1554/259 1114/1510/259
f 1131/2217/243 1164/1558/265 1132/2218/265
f 1108/2063/265 1139/1533/243 1107/1494/243
f 1118/2219/262 1151/2084/234 1119/2220/234
f 1132/2221/265 1150/1561/227 1117/2222/227
f 1109/2064/227 1140/1538/265 1108/1496/265
f 1119/2223/234 1152/2085/260 1120/2224/260
f 1110/1497/262 1141/1539/227 1109/1498/227
f 1120/2225/260 1153/2086/226 1121/2226/226
f 1111/2065/234 1142/1542/262 1110/1500/262
f 1121/2227/226 1154/2087/259 1122/2228/259
f 1112/2066/260 1143/1545/234 1111/1503/234
f 1122/2229/259 1155/2088/233 1123/2230/233
f 1113/1504/226 1144/1550/260 1112/1505/260
f 1123/2231/233 1156/1534/264 1124/2232/264
f 1114/2068/259 1145/1551/226 1113/1507/226
f 1124/2233/264 1157/2090/228 1125/2234/228
f 1234/1656/276 1227/2106/277 1229/1659/276
f 1235/1673/278 1225/2235/279 1226/1657/279
f 1221/2236/280 1237/1669/281 1222/2107/280
f 1238/2237/281 1236/1671/282 1237/1669/281
f 1236/1671/282 1240/2238/278 1235/1673/278
f 1223/1662/283 1232/1670/284 1231/1665/284
f 1232/1670/284 1230/1667/285 1231/1665/284
f 1233/1672/285 1229/1659/276 1230/1667/285
f 1306/1760/266 1299/2114/267 1301/1763/266
f 1312/2239/268 1298/1761/269 1307/1777/268
f 1293/2240/270 1309/1773/271 1294/2115/270
f 1310/2241/271 1308/1775/272 1309/1773/271
f 1311/2242/272 1307/1777/268 1308/1775/272
f 1295/1766/273 1304/1774/274 1303/1769/274
f 1304/1774/274 1302/1771/275 1303/1769/274
f 1305/1776/275 1301/1763/266 1302/1771/275
f 1370/1852/276 1363/2122/277 1365/1855/276
f 1371/1869/278 1361/2243/279 1362/1853/279
f 1357/2244/280 1373/1865/281 1358/2123/280
f 1374/2245/281 1372/1867/282 1373/1865/281
f 1375/2246/282 1371/1869/278 1372/1867/282
f 1359/1858/283 1368/1866/284 1367/1861/284
f 1368/1866/284 1366/1863/285 1367/1861/284
f 1369/1868/285 1365/1855/276 1366/1863/285
f 876/2135/258 892/1268/258 891/1265/243
f 869/2137/226 885/1252/226 884/1250/259
f 877/2139/221 893/2011/221 892/1268/258
f 870/2140/260 886/1258/260 885/1252/226
f 878/2141/261 894/1272/261 893/1274/221
f 871/2143/234 887/1256/234 886/1258/260
f 879/2144/246 895/1279/246 894/1272/261
f 872/2145/262 888/1259/262 887/1256/234
f 880/2146/263 896/1277/263 895/1279/246
f 873/2147/227 889/1261/227 888/1259/262
f 866/2148/264 882/1249/264 881/1244/228
f 865/2149/228 881/1244/228 896/1277/263
f 874/2150/265 890/1267/265 889/1261/227
f 867/2151/233 883/1247/233 882/1249/264
f 875/2136/243 891/1265/243 890/1267/265
f 868/2138/259 884/1250/259 883/1247/233
f 913/2152/228 946/1330/228 945/2043/264
f 903/2006/246 935/1296/246 934/1298/261
f 926/2154/261 958/1322/261 959/1321/246
f 902/1254/261 934/1293/261 933/1295/221
f 925/2156/221 957/1319/221 958/1318/261
f 901/2005/221 933/1290/221 932/1292/258
f 924/2158/258 956/1315/258 957/2038/221
f 900/2004/258 932/1287/258 931/1289/243
f 923/2160/243 955/1313/243 956/1312/258
f 899/2003/243 931/1284/243 929/1286/265
f 897/2014/227 930/2042/227 944/1326/262
f 922/2162/265 954/1310/265 955/1309/243
f 898/1245/265 929/1329/265 930/1331/227
f 912/2013/262 944/2041/262 943/1323/234
f 921/2164/227 953/1307/227 954/1306/265
f 911/1275/234 943/2040/234 942/1320/260
f 927/2166/246 959/1325/246 960/1324/263
f 904/2007/263 936/2033/263 935/1299/246
f 914/2168/264 945/1285/264 947/2028/233
f 928/2170/263 960/1328/263 946/1327/228
f 905/2008/228 937/1302/228 936/1304/263
f 915/2172/233 947/1288/233 948/2029/259
f 906/1263/264 938/2035/264 937/1305/228
f 916/2174/259 948/1291/259 949/2030/226
f 907/2009/233 939/2036/233 938/1308/264
f 917/2176/226 949/1294/226 950/2031/260
f 908/2010/259 940/2037/259 939/1311/233
f 918/2178/260 950/1297/260 951/2032/234
f 909/1270/226 941/1314/226 940/1316/259
f 919/2180/234 951/1301/234 952/1300/262
f 910/2012/260 942/2039/260 941/1317/226
f 920/2182/262 952/1303/262 953/2034/227
f 1030/1422/266 1024/1424/267 1023/2050/267
f 1036/2184/268 1021/2247/269 1022/1423/269
f 1017/2185/270 1034/2186/271 1033/1435/271
f 1034/2186/271 1035/2187/272 1032/1437/272
f 1035/2187/272 1036/2184/268 1031/1439/268
f 1019/1428/273 1020/1434/273 1028/1436/274
f 1028/1436/274 1029/1438/275 1026/1433/275
f 1029/1438/275 1030/1422/266 1025/1425/266
f 1079/2188/246 1080/2192/261 1096/1502/261
f 1073/2189/226 1089/1486/226 1088/1484/260
f 1081/2191/221 1097/2067/221 1096/1502/261
f 1074/2193/259 1090/1492/259 1089/1486/226
f 1082/2194/258 1098/1506/258 1097/1508/221
f 1075/2196/233 1091/1490/233 1090/1492/259
f 1083/2197/243 1099/1513/243 1098/1506/258
f 1075/2196/233 1076/2200/264 1092/1493/264
f 1084/2198/265 1100/1511/265 1099/1513/243
f 1077/2199/228 1093/1495/228 1092/1493/264
f 1070/2201/262 1086/1483/262 1085/1478/227
f 1069/2202/227 1085/1478/227 1100/1511/265
f 1078/2203/263 1094/1501/263 1093/1495/228
f 1071/2204/234 1087/1481/234 1086/1483/262
f 1079/2188/246 1095/1499/246 1094/1501/263
f 1071/2204/234 1072/2190/260 1088/1484/260
f 1117/2205/227 1150/1564/227 1149/2099/262
f 1107/2062/243 1139/1530/243 1138/1532/258
f 1131/2207/243 1130/2248/258 1162/1556/258
f 1106/1488/258 1138/1527/258 1137/1529/221
f 1129/2208/221 1161/1553/221 1162/1552/258
f 1104/1487/261 1105/2061/221 1137/1524/221
f 1129/2210/221 1128/2249/261 1160/1549/261
f 1104/2060/261 1136/1521/261 1135/1523/246
f 1127/2211/246 1159/1547/246 1160/1546/261
f 1103/2059/246 1135/1518/246 1133/1520/263
f 1101/2070/228 1134/2098/228 1148/1560/264
f 1126/2213/263 1158/1544/263 1159/1543/246
f 1102/1479/263 1133/1563/263 1134/1565/228
f 1116/2069/264 1148/2097/264 1147/1557/233
f 1125/2215/228 1157/1541/228 1158/1540/263
f 1115/1509/233 1147/2096/233 1146/1554/259
f 1131/2217/243 1163/1559/243 1164/1558/265
f 1108/2063/265 1140/2089/265 1139/1533/243
f 1118/2219/262 1149/1519/262 1151/2084/234
f 1132/2221/265 1164/1562/265 1150/1561/227
f 1109/2064/227 1141/1536/227 1140/1538/265
f 1119/2223/234 1151/1522/234 1152/2085/260
f 1110/1497/262 1142/2091/262 1141/1539/227
f 1120/2225/260 1152/1525/260 1153/2086/226
f 1111/2065/234 1143/2092/234 1142/1542/262
f 1121/2227/226 1153/1528/226 1154/2087/259
f 1112/2066/260 1144/2093/260 1143/1545/234
f 1122/2229/259 1154/1531/259 1155/2088/233
f 1113/1504/226 1145/1548/226 1144/1550/260
f 1123/2231/233 1155/1535/233 1156/1534/264
f 1114/2068/259 1146/2095/259 1145/1551/226
f 1124/2233/264 1156/1537/264 1157/2090/228
f 1234/1656/276 1228/1658/277 1227/2106/277
f 1235/1673/278 1240/2238/278 1225/2235/279
f 1221/2236/280 1238/2237/281 1237/1669/281
f 1238/2237/281 1239/2250/282 1236/1671/282
f 1236/1671/282 1239/2250/282 1240/2238/278
f 1223/1662/283 1224/1668/283 1232/1670/284
f 1232/1670/284 1233/1672/285 1230/1667/285
f 1233/1672/285 1234/1656/276 1229/1659/276
f 1306/1760/266 1300/1762/267 1299/2114/267
f 1312/2239/268 1297/2251/269 1298/1761/269
f 1293/2240/270 1310/2241/271 1309/1773/271
f 1310/2241/271 1311/2242/272 1308/1775/272
f 1311/2242/272 1312/2239/268 1307/1777/268
f 1295/1766/273 1296/1772/273 1304/1774/274
f 1304/1774/274 1305/1776/275 1302/1771/275
f 1305/1776/275 1306/1760/266 1301/1763/266
f 1370/1852/276 1364/1854/277 1363/2122/277
f 1371/1869/278 1376/2252/278 1361/2243/279
f 1357/2244/280 1374/2245/281 1373/1865/281
f 1374/2245/281 1375/2246/282 1372/1867/282
f 1375/2246/282 1376/2252/278 1371/1869/278
f 1359/1858/283 1360/1864/283 1368/1866/284
f 1368/1866/284 1369/1868/285 1366/1863/285
f 1369/1868/285 1370/1852/276 1365/1855/276
