# split from fensu2.obj
mtllib fensu2.mtl
o Lights
v 0.500000 5.500000 -4.499998
v 0.500000 6.377907 -4.413532
v 0.500000 7.222075 -4.157456
v 0.500000 8.000065 -3.741611
v 0.500000 8.681980 -3.181979
v 0.500000 9.241613 -2.500065
v 0.500000 9.657457 -1.722075
v 0.500000 9.913532 -0.877905
v 0.500000 10.000000 0.000001
v 0.500000 9.913532 0.877907
v 0.500000 9.657457 1.722075
v 0.500000 9.241613 2.500067
v 0.500000 8.681980 3.181981
v 0.500000 8.000065 3.741614
v 0.500000 7.222075 4.157459
v 0.500000 6.377905 4.413535
v 0.500000 5.499998 4.500000
v 0.500000 4.622091 4.413535
v 0.500000 3.777922 4.157458
v 0.500000 2.999931 3.741612
v 0.500000 2.318017 3.181979
v 0.500000 1.758385 2.500064
v 0.500000 1.342541 1.722074
v 0.500000 1.086465 0.877904
v 0.500000 1.000000 -0.000003
v 0.500000 1.086467 -0.877910
v 0.500000 1.342544 -1.722078
v 0.500000 1.758389 -2.500070
v 0.500000 2.318023 -3.181983
v 0.500000 2.999939 -3.741615
v 0.500000 3.777930 -4.157459
v 0.500000 4.622100 -4.413533
v -0.500000 5.500000 -4.499998
v -0.500000 6.377907 -4.413532
v -0.500000 7.222075 -4.157456
v -0.500000 8.000065 -3.741611
v -0.500000 8.681980 -3.181979
v -0.500000 9.241613 -2.500065
v -0.500000 9.657457 -1.722075
v -0.500000 9.913532 -0.877905
v -0.500000 10.000000 0.000001
v -0.500000 9.913532 0.877907
v -0.500000 9.657457 1.722075
v -0.500000 9.241613 2.500067
v -0.500000 8.681980 3.181981
v -0.500000 8.000065 3.741614
v -0.500000 7.222075 4.157459
v -0.500000 6.377905 4.413535
v -0.500000 5.499998 4.500000
v -0.500000 4.622091 4.413535
v -0.500000 3.777922 4.157458
v -0.500000 2.999931 3.741612
v -0.500000 2.318017 3.181979
v -0.500000 1.758385 2.500064
v -0.500000 1.342541 1.722074
v -0.500000 1.086465 0.877904
v -0.500000 1.000000 -0.000003
v -0.500000 1.086467 -0.877910
v -0.500000 1.342544 -1.722078
v -0.500000 1.758389 -2.500070
v -0.500000 2.318023 -3.181983
v -0.500000 2.999939 -3.741615
v -0.500000 3.777930 -4.157459
v -0.500000 4.622100 -4.413533
v 0.750000 5.500000 -3.749999
v 0.750000 6.231590 -3.677944
v 0.750000 6.935064 -3.464547
v 0.750000 7.583389 -3.118011
v 0.750000 8.151649 -2.651649
v 0.750000 8.618011 -2.083387
v 0.750000 8.964550 -1.435062
v 0.750000 9.177946 -0.731588
v 0.750000 9.250000 0.000000
v 0.750000 9.177946 0.731588
v 0.750000 8.964550 1.435062
v 0.750000 8.618011 2.083388
v 0.750000 8.151649 2.651650
v 0.750000 7.583385 3.118011
v 0.750000 6.935061 3.464549
v 0.750000 6.231590 3.677945
v 0.750000 5.500000 3.750000
v 0.750000 4.768408 3.677945
v 0.750000 4.064937 3.464548
v 0.750000 3.416611 3.118011
v 0.750000 2.848347 2.651649
v 0.750000 2.381987 2.083386
v 0.750000 2.035452 1.435061
v 0.750000 1.822056 0.731586
v 0.750000 1.750000 -0.000003
v 0.750000 1.822056 -0.731592
v 0.750000 2.035452 -1.435066
v 0.750000 2.381993 -2.083391
v 0.750000 2.848354 -2.651653
v 0.750000 3.416615 -3.118013
v 0.750000 4.064943 -3.464550
v 0.750000 4.768415 -3.677945
v 1.250000 5.500000 -3.749999
v 1.250000 6.231590 -3.677944
v 1.250000 6.935064 -3.464547
v 1.250000 7.583389 -3.118011
v 1.250000 8.151649 -2.651649
v 1.250000 8.618011 -2.083387
v 1.250000 8.964550 -1.435062
v 1.250000 9.177946 -0.731588
v 1.250000 9.250000 0.000000
v 1.250000 9.177946 0.731588
v 1.250000 8.964550 1.435062
v 1.250000 8.618011 2.083388
v 1.250000 8.151649 2.651650
v 1.250000 7.583385 3.118011
v 1.250000 6.935061 3.464549
v 1.250000 6.231590 3.677945
v 1.250000 5.500000 3.750000
v 1.250000 4.768408 3.677945
v 1.250000 4.064937 3.464548
v 1.250000 3.416611 3.118011
v 1.250000 2.848347 2.651649
v 1.250000 2.381987 2.083386
v 1.250000 2.035452 1.435061
v 1.250000 1.822056 0.731586
v 1.250000 1.750000 -0.000003
v 1.250000 1.822056 -0.731592
v 1.250000 2.035452 -1.435066
v 1.250000 2.381993 -2.083391
v 1.250000 2.848354 -2.651653
v 1.250000 3.416615 -3.118013
v 1.250000 4.064943 -3.464550
v 1.250000 4.768415 -3.677945
v 1.500000 5.500000 -1.000000
v 1.500000 5.695091 -0.980785
v 1.500000 5.882685 -0.923880
v 1.500000 6.055571 -0.831470
v 1.500000 6.207108 -0.707108
v 1.500000 6.331470 -0.555571
v 1.500000 6.423880 -0.382684
v 1.500000 6.480785 -0.195091
v 1.500000 6.500000 -0.000001
v 1.500000 6.480785 0.195089
v 1.500000 6.423880 0.382683
v 1.500000 6.331470 0.555570
v 1.500000 6.207108 0.707107
v 1.500000 6.055571 0.831469
v 1.500000 5.882683 0.923879
v 1.500000 5.695091 0.980784
v 1.500000 5.500000 0.999999
v 1.500000 5.304909 0.980784
v 1.500000 5.117317 0.923879
v 1.500000 4.944429 0.831469
v 1.500000 4.792892 0.707106
v 1.500000 4.668530 0.555569
v 1.500000 4.576120 0.382682
v 1.500000 4.519215 0.195089
v 1.500000 4.500000 -0.000002
v 1.500000 4.519215 -0.195092
v 1.500000 4.576120 -0.382685
v 1.500000 4.668531 -0.555572
v 1.500000 4.792894 -0.707108
v 1.500000 4.944431 -0.831470
v 1.500000 5.117319 -0.923881
v 1.500000 5.304911 -0.980786
v -0.750000 5.500000 -3.749999
v -0.750000 6.231590 -3.677944
v -0.750000 6.935064 -3.464547
v -0.750000 7.583389 -3.118011
v -0.750000 8.151649 -2.651649
v -0.750000 8.618011 -2.083387
v -0.750000 8.964550 -1.435062
v -0.750000 9.177946 -0.731588
v -0.750000 9.250000 0.000000
v -0.750000 9.177946 0.731588
v -0.750000 8.964550 1.435062
v -0.750000 8.618011 2.083388
v -0.750000 8.151649 2.651650
v -0.750000 7.583385 3.118011
v -0.750000 6.935061 3.464549
v -0.750000 6.231590 3.677945
v -0.750000 5.500000 3.750000
v -0.750000 4.768408 3.677945
v -0.750000 4.064937 3.464548
v -0.750000 3.416611 3.118011
v -0.750000 2.848347 2.651649
v -0.750000 2.381987 2.083386
v -0.750000 2.035452 1.435061
v -0.750000 1.822056 0.731586
v -0.750000 1.750000 -0.000003
v -0.750000 1.822056 -0.731592
v -0.750000 2.035452 -1.435066
v -0.750000 2.381993 -2.083391
v -0.750000 2.848354 -2.651653
v -0.750000 3.416615 -3.118013
v -0.750000 4.064943 -3.464550
v -0.750000 4.768415 -3.677945
v -1.250000 5.500000 -3.749999
v -1.250000 6.231590 -3.677944
v -1.250000 6.935064 -3.464547
v -1.250000 7.583389 -3.118011
v -1.250000 8.151649 -2.651649
v -1.250000 8.618011 -2.083387
v -1.250000 8.964550 -1.435062
v -1.250000 9.177946 -0.731588
v -1.250000 9.250000 0.000000
v -1.250000 9.177946 0.731588
v -1.250000 8.964550 1.435062
v -1.250000 8.618011 2.083388
v -1.250000 8.151649 2.651650
v -1.250000 7.583385 3.118011
v -1.250000 6.935061 3.464549
v -1.250000 6.231590 3.677945
v -1.250000 5.500000 3.750000
v -1.250000 4.768408 3.677945
v -1.250000 4.064937 3.464548
v -1.250000 3.416611 3.118011
v -1.250000 2.848347 2.651649
v -1.250000 2.381987 2.083386
v -1.250000 2.035452 1.435061
v -1.250000 1.822056 0.731586
v -1.250000 1.750000 -0.000003
v -1.250000 1.822056 -0.731592
v -1.250000 2.035452 -1.435066
v -1.250000 2.381993 -2.083391
v -1.250000 2.848354 -2.651653
v -1.250000 3.416615 -3.118013
v -1.250000 4.064943 -3.464550
v -1.250000 4.768415 -3.677945
v -1.500000 5.500000 -1.000000
v -1.500000 5.695091 -0.980785
v -1.500000 5.882685 -0.923880
v -1.500000 6.055571 -0.831470
v -1.500000 6.207108 -0.707108
v -1.500000 6.331470 -0.555571
v -1.500000 6.423880 -0.382684
v -1.500000 6.480785 -0.195091
v -1.500000 6.500000 -0.000001
v -1.500000 6.480785 0.195089
v -1.500000 6.423880 0.382683
v -1.500000 6.331470 0.555570
v -1.500000 6.207108 0.707107
v -1.500000 6.055571 0.831469
v -1.500000 5.882683 0.923879
v -1.500000 5.695091 0.980784
v -1.500000 5.500000 0.999999
v -1.500000 5.304909 0.980784
v -1.500000 5.117317 0.923879
v -1.500000 4.944429 0.831469
v -1.500000 4.792892 0.707106
v -1.500000 4.668530 0.555569
v -1.500000 4.576120 0.382682
v -1.500000 4.519215 0.195089
v -1.500000 4.500000 -0.000002
v -1.500000 4.519215 -0.195092
v -1.500000 4.576120 -0.382685
v -1.500000 4.668531 -0.555572
v -1.500000 4.792894 -0.707108
v -1.500000 4.944431 -0.831470
v -1.500000 5.117319 -0.923881
v -1.500000 5.304911 -0.980786
v 0.250000 5.500000 -4.499998
v 0.250000 6.377907 -4.413532
v 0.250000 7.222075 -4.157456
v 0.250000 8.000065 -3.741611
v 0.250000 8.681980 -3.181979
v 0.250000 9.241613 -2.500065
v 0.250000 9.657457 -1.722075
v 0.250000 9.913532 -0.877905
v 0.250000 10.000000 0.000001
v 0.250000 9.913532 0.877907
v 0.250000 9.657457 1.722075
v 0.250000 9.241613 2.500067
v 0.250000 8.681980 3.181981
v 0.250000 8.000065 3.741614
v 0.250000 7.222075 4.157459
v 0.250000 6.377905 4.413535
v 0.250000 5.499998 4.500000
v 0.250000 4.622091 4.413535
v 0.250000 3.777922 4.157458
v 0.250000 2.999931 3.741612
v 0.250000 2.318017 3.181979
v 0.250000 1.758385 2.500064
v 0.250000 1.342541 1.722074
v 0.250000 1.086465 0.877904
v 0.250000 1.000000 -0.000003
v 0.250000 1.086467 -0.877910
v 0.250000 1.342544 -1.722078
v 0.250000 1.758389 -2.500070
v 0.250000 2.318023 -3.181983
v 0.250000 2.999939 -3.741615
v 0.250000 3.777930 -4.157459
v 0.250000 4.622100 -4.413533
v -0.250000 5.500000 -4.499998
v -0.250000 6.377907 -4.413532
v -0.250000 7.222075 -4.157456
v -0.250000 8.000065 -3.741611
v -0.250000 8.681980 -3.181979
v -0.250000 9.241613 -2.500065
v -0.250000 9.657457 -1.722075
v -0.250000 9.913532 -0.877905
v -0.250000 10.000000 0.000001
v -0.250000 9.913532 0.877907
v -0.250000 9.657457 1.722075
v -0.250000 9.241613 2.500067
v -0.250000 8.681980 3.181981
v -0.250000 8.000065 3.741614
v -0.250000 7.222075 4.157459
v -0.250000 6.377905 4.413535
v -0.250000 5.499998 4.500000
v -0.250000 4.622091 4.413535
v -0.250000 3.777922 4.157458
v -0.250000 2.999931 3.741612
v -0.250000 2.318017 3.181979
v -0.250000 1.758385 2.500064
v -0.250000 1.342541 1.722074
v -0.250000 1.086465 0.877904
v -0.250000 1.000000 -0.000003
v -0.250000 1.086467 -0.877910
v -0.250000 1.342544 -1.722078
v -0.250000 1.758389 -2.500070
v -0.250000 2.318023 -3.181983
v -0.250000 2.999939 -3.741615
v -0.250000 3.777930 -4.157459
v -0.250000 4.622100 -4.413533
v 0.249999 5.500000 -3.999999
v 0.249999 6.280361 -3.923140
v 0.249999 7.030735 -3.695517
v 0.249999 7.722279 -3.325878
v 0.249999 8.328426 -2.828426
v 0.249999 8.825878 -2.222281
v 0.249999 9.195518 -1.530733
v 0.249999 9.423141 -0.780361
v 0.249999 9.500000 0.000000
v 0.249999 9.423141 0.780361
v 0.249999 9.195518 1.530734
v 0.249999 8.825878 2.222281
v 0.249999 8.328426 2.828427
v 0.249999 7.722279 3.325879
v 0.249999 7.030731 3.695519
v 0.249999 6.280361 3.923141
v 0.249999 5.500000 4.000000
v 0.249999 4.719635 3.923141
v 0.249999 3.969265 3.695518
v 0.249999 3.277718 3.325878
v 0.249999 2.671570 2.828426
v 0.249999 2.174118 2.222279
v 0.249999 1.804482 1.530731
v 0.249999 1.576859 0.780358
v 0.249999 1.500000 -0.000003
v 0.249999 1.576859 -0.780365
v 0.249999 1.804485 -1.530737
v 0.249999 2.174122 -2.222284
v 0.249999 2.671577 -2.828430
v 0.249999 3.277721 -3.325880
v 0.249999 3.969273 -3.695519
v 0.249999 4.719643 -3.923141
v -0.250001 5.500000 -3.999999
v -0.250001 6.280361 -3.923140
v -0.250001 7.030735 -3.695517
v -0.250001 7.722279 -3.325878
v -0.250001 8.328426 -2.828426
v -0.250001 8.825878 -2.222281
v -0.250001 9.195518 -1.530733
v -0.250001 9.423141 -0.780361
v -0.250001 9.500000 0.000000
v -0.250001 9.423141 0.780361
v -0.250001 9.195518 1.530734
v -0.250001 8.825878 2.222281
v -0.250001 8.328426 2.828427
v -0.250001 7.722279 3.325879
v -0.250001 7.030731 3.695519
v -0.250001 6.280361 3.923141
v -0.250001 5.500000 4.000000
v -0.250001 4.719635 3.923141
v -0.250001 3.969265 3.695518
v -0.250001 3.277718 3.325878
v -0.250001 2.671570 2.828426
v -0.250001 2.174118 2.222279
v -0.250001 1.804482 1.530731
v -0.250001 1.576859 0.780358
v -0.250001 1.500000 -0.000003
v -0.250001 1.576859 -0.780365
v -0.250001 1.804485 -1.530737
v -0.250001 2.174122 -2.222284
v -0.250001 2.671577 -2.828430
v -0.250001 3.277721 -3.325880
v -0.250001 3.969273 -3.695519
v -0.250001 4.719643 -3.923141
v -0.500000 5.750001 3.625001
v -0.500000 5.250002 3.625001
v -0.500000 5.750001 4.375002
v -0.500000 5.250002 4.375002
v -1.000000 5.750001 3.625001
v -1.000000 5.250001 3.625001
v -1.000000 5.750001 4.125002
v -1.000000 5.250001 4.125002
v -1.000000 5.750001 -4.125000
v -1.000000 5.250001 -4.125000
v -1.000000 5.750001 -3.624999
v -1.000000 5.250001 -3.624999
v -0.500000 5.750000 -4.375000
v -0.500000 5.250001 -4.375000
v -0.500000 5.750000 -3.624999
v -0.500000 5.250001 -3.624999
v -0.500000 1.875001 0.250001
v -0.500000 1.875001 -0.249998
v -0.500000 1.125000 0.250001
v -0.500000 1.125000 -0.249998
v -1.000000 1.875001 0.250001
v -1.000000 1.875001 -0.249999
v -1.000000 1.375000 0.250001
v -1.000000 1.375000 -0.249999
v -1.000000 9.625002 0.250001
v -1.000000 9.625002 -0.249999
v -1.000000 9.125001 0.250001
v -1.000000 9.125001 -0.249999
v -0.500000 9.875002 0.250000
v -0.500000 9.875002 -0.249999
v -0.500000 9.125001 0.250000
v -0.500000 9.125001 -0.249999
v -0.250000 9.937502 0.062502
v -0.250000 9.937502 -0.062498
v -0.250000 9.812502 0.062502
v -0.250000 9.812502 -0.062498
v 0.250000 9.937502 0.062502
v 0.250000 9.937502 -0.062498
v 0.250000 9.812502 0.062502
v 0.250000 9.812502 -0.062498
v -0.250000 1.062499 -0.062500
v -0.250000 1.062499 0.062500
v -0.250000 1.187499 -0.062500
v -0.250000 1.187499 0.062500
v 0.250000 1.062499 -0.062500
v 0.250000 1.062499 0.062500
v 0.250000 1.187499 -0.062500
v 0.250000 1.187499 0.062500
v -0.250000 5.437500 4.437502
v -0.250000 5.562500 4.437502
v -0.250000 5.437500 4.312502
v -0.250000 5.562500 4.312502
v 0.250000 5.437500 4.437502
v 0.250000 5.562500 4.437502
v 0.250000 5.437500 4.312502
v 0.250000 5.562500 4.312502
v -0.250000 5.562502 -4.437500
v -0.250000 5.437502 -4.437500
v -0.250000 5.562502 -4.312500
v -0.250000 5.437502 -4.312500
v 0.250000 5.562502 -4.437500
v 0.250000 5.437502 -4.437500
v 0.250000 5.562502 -4.312500
v 0.250000 5.437502 -4.312500
v -0.250000 8.593593 3.181983
v -0.250000 8.681981 3.093595
v -0.250000 8.505204 3.093595
v -0.250000 8.593593 3.005206
v 0.250000 8.593593 3.181983
v 0.250000 8.681981 3.093595
v 0.250000 8.505204 3.093595
v 0.250000 8.593593 3.005206
v -0.250000 2.406408 -3.181982
v -0.250000 2.318020 -3.093593
v -0.250000 2.494797 -3.093593
v -0.250000 2.406408 -3.005205
v 0.250000 2.406408 -3.181982
v 0.250000 2.318020 -3.093593
v 0.250000 2.494797 -3.093593
v 0.250000 2.406408 -3.005205
v -0.250000 2.318018 3.093593
v -0.250000 2.406407 3.181982
v -0.250000 2.406407 3.005205
v -0.250000 2.494795 3.093593
v 0.250000 2.318018 3.093593
v 0.250000 2.406407 3.181982
v 0.250000 2.406407 3.005205
v 0.250000 2.494795 3.093593
v -0.250000 8.681983 -3.093591
v -0.250000 8.593595 -3.181980
v -0.250000 8.593595 -3.005203
v -0.250000 8.505206 -3.093591
v 0.250000 8.681983 -3.093591
v 0.250000 8.593595 -3.181980
v 0.250000 8.593595 -3.005203
v 0.250000 8.505206 -3.093591
v -0.250000 7.140415 4.123636
v -0.250000 7.255900 4.075800
v -0.250000 7.092579 4.008151
v -0.250000 7.208065 3.960315
v 0.250000 7.140415 4.123636
v 0.250000 7.255900 4.075800
v 0.250000 7.092579 4.008151
v 0.250000 7.208065 3.960315
v -0.250000 3.859586 -4.123634
v -0.250000 3.744101 -4.075799
v -0.250000 3.907422 -4.008149
v -0.250000 3.791937 -3.960313
v 0.250000 3.859586 -4.123634
v 0.250000 3.744101 -4.075799
v 0.250000 3.907422 -4.008149
v 0.250000 3.791937 -3.960313
v -0.250000 1.376366 1.640416
v -0.250000 1.424201 1.755901
v -0.250000 1.491850 1.592580
v -0.250000 1.539686 1.708065
v 0.250000 1.376366 1.640416
v 0.250000 1.424201 1.755901
v 0.250000 1.491850 1.592580
v 0.250000 1.539686 1.708065
v -0.250000 9.623635 -1.640413
v -0.250000 9.575800 -1.755898
v -0.250000 9.508150 -1.592578
v -0.250000 9.460315 -1.708063
v 0.250000 9.623635 -1.640413
v 0.250000 9.575800 -1.755898
v 0.250000 9.508150 -1.592578
v 0.250000 9.460315 -1.708063
v -0.250000 3.744098 4.075799
v -0.250000 3.859583 4.123635
v -0.250000 3.791934 3.960314
v -0.250000 3.907419 4.008150
v 0.250000 3.744098 4.075799
v 0.250000 3.859583 4.123635
v 0.250000 3.791934 3.960314
v 0.250000 3.907419 4.008150
v -0.250000 7.255903 -4.075797
v -0.250000 7.140418 -4.123633
v -0.250000 7.208067 -3.960312
v -0.250000 7.092582 -4.008147
v 0.250000 7.255903 -4.075797
v 0.250000 7.140418 -4.123633
v 0.250000 7.208067 -3.960312
v 0.250000 7.092582 -4.008147
v -0.250000 1.424202 -1.755901
v -0.250000 1.376367 -1.640416
v -0.250000 1.539687 -1.708066
v -0.250000 1.491852 -1.592580
v 0.250000 1.424202 -1.755901
v 0.250000 1.376367 -1.640416
v 0.250000 1.539687 -1.708066
v 0.250000 1.491852 -1.592580
v -0.250000 9.575798 1.755903
v -0.250000 9.623634 1.640418
v -0.250000 9.460314 1.708067
v -0.250000 9.508148 1.592582
v 0.250000 9.575798 1.755903
v 0.250000 9.623634 1.640418
v 0.250000 9.460314 1.708067
v 0.250000 9.508148 1.592582
v -0.500000 3.113516 2.740040
v -0.500000 2.759963 2.386487
v -0.500000 2.583185 3.270370
v -0.500000 2.229632 2.916818
v -1.000000 3.113516 2.740040
v -1.000000 2.759962 2.386486
v -1.000000 2.759962 3.093594
v -1.000000 2.406408 2.740040
v -1.000000 8.593594 -2.740038
v -1.000000 8.240041 -3.093591
v -1.000000 8.240040 -2.386484
v -1.000000 7.886487 -2.740037
v -0.500000 8.770370 -2.916816
v -0.500000 8.416818 -3.270368
v -0.500000 8.240040 -2.386485
v -0.500000 7.886487 -2.740037
v -0.500000 2.759963 -2.386485
v -0.500000 3.113515 -2.740037
v -0.500000 2.229632 -2.916816
v -0.500000 2.583184 -3.270368
v -1.000000 2.759963 -2.386485
v -1.000000 3.113516 -2.740038
v -1.000000 2.406409 -2.740039
v -1.000000 2.759962 -3.093592
v -1.000000 8.240040 3.093594
v -1.000000 8.593594 2.740040
v -1.000000 7.886486 2.740040
v -1.000000 8.240040 2.386486
v -0.500000 8.416818 3.270370
v -0.500000 8.770370 2.916817
v -0.500000 7.886487 2.740039
v -0.500000 8.240040 2.386486
v 0.500000 5.750001 -3.625001
v 0.500000 5.250002 -3.625001
v 0.500000 5.750001 -4.375002
v 0.500000 5.250002 -4.375002
v 1.000000 5.750001 -3.625001
v 1.000000 5.250001 -3.625001
v 1.000000 5.750001 -4.125002
v 1.000000 5.250001 -4.125002
v 1.000000 5.750001 4.125000
v 1.000000 5.250001 4.125000
v 1.000000 5.750001 3.624999
v 1.000000 5.250001 3.624999
v 0.500000 5.750000 4.375000
v 0.500000 5.250001 4.375000
v 0.500000 5.750000 3.624999
v 0.500000 5.250001 3.624999
v 0.500000 1.875001 -0.250001
v 0.500000 1.875001 0.249998
v 0.500000 1.125000 -0.250001
v 0.500000 1.125000 0.249998
v 1.000000 1.875001 -0.250001
v 1.000000 1.875001 0.249999
v 1.000000 1.375000 -0.250001
v 1.000000 1.375000 0.249999
v 1.000000 9.625002 -0.250001
v 1.000000 9.625002 0.249999
v 1.000000 9.125001 -0.250001
v 1.000000 9.125001 0.249999
v 0.500000 9.875002 -0.250000
v 0.500000 9.875002 0.249999
v 0.500000 9.125001 -0.250000
v 0.500000 9.125001 0.249999
v 0.500000 3.113516 -2.740040
v 0.500000 2.759963 -2.386487
v 0.500000 2.583185 -3.270370
v 0.500000 2.229632 -2.916818
v 1.000000 3.113516 -2.740040
v 1.000000 2.759962 -2.386486
v 1.000000 2.759962 -3.093594
v 1.000000 2.406408 -2.740040
v 1.000000 8.593594 2.740038
v 1.000000 8.240041 3.093591
v 1.000000 8.240040 2.386484
v 1.000000 7.886487 2.740037
v 0.500000 8.770370 2.916816
v 0.500000 8.416818 3.270368
v 0.500000 8.240040 2.386485
v 0.500000 7.886487 2.740037
v 0.500000 2.759963 2.386485
v 0.500000 3.113515 2.740037
v 0.500000 2.229632 2.916816
v 0.500000 2.583184 3.270368
v 1.000000 2.759963 2.386485
v 1.000000 3.113516 2.740038
v 1.000000 2.406409 2.740039
v 1.000000 2.759962 3.093592
v 1.000000 8.240040 -3.093594
v 1.000000 8.593594 -2.740040
v 1.000000 7.886486 -2.740040
v 1.000000 8.240040 -2.386486
v 0.499999 8.416818 -3.270370
v 0.500000 8.770370 -2.916817
v 0.500000 7.886487 -2.740039
v 0.500000 8.240040 -2.386486
vt 0.446429 0.611940
vt 0.428571 0.641791
vt 0.428571 0.611940
vt 0.410714 0.641791
vt 0.392857 0.611940
vt 0.410714 0.611940
vt 0.428571 0.671642
vt 0.410714 0.671642
vt 0.410714 0.641791
vt 0.428571 0.611940
vt 0.428571 0.641791
vt 0.428571 0.671642
vt 0.410714 0.671642
vt 0.392857 0.611940
vt 0.410714 0.611940
vt 0.446429 0.611940
vt 0.446429 0.611940
vt 0.428571 0.641791
vt 0.428571 0.611940
vt 0.410714 0.641791
vt 0.392857 0.611940
vt 0.410714 0.611940
vt 0.428571 0.671642
vt 0.410714 0.671642
vt 0.410714 0.641791
vt 0.428571 0.611940
vt 0.428571 0.641791
vt 0.428571 0.671642
vt 0.410714 0.671642
vt 0.392857 0.611940
vt 0.410714 0.611940
vt 0.446429 0.611940
vt 0.375000 0.582090
vt 0.370536 0.611940
vt 0.370536 0.582090
vt 0.361607 0.611940
vt 0.366071 0.582090
vt 0.366071 0.611940
vt 0.357143 0.582090
vt 0.357143 0.611940
vt 0.375000 0.582090
vt 0.370536 0.611940
vt 0.370536 0.582090
vt 0.361607 0.611940
vt 0.366071 0.582090
vt 0.366071 0.611940
vt 0.357143 0.582090
vt 0.357143 0.611940
vt 0.375000 0.582090
vt 0.370536 0.611940
vt 0.370536 0.582090
vt 0.361607 0.611940
vt 0.366071 0.582090
vt 0.366071 0.611940
vt 0.357143 0.582090
vt 0.357143 0.611940
vt 0.375000 0.582090
vt 0.370536 0.611940
vt 0.370536 0.582090
vt 0.361607 0.611940
vt 0.366071 0.582090
vt 0.366071 0.611940
vt 0.357143 0.582090
vt 0.357143 0.611940
vt 0.375000 0.582090
vt 0.370536 0.611940
vt 0.370536 0.582090
vt 0.361607 0.611940
vt 0.366071 0.582090
vt 0.366071 0.611940
vt 0.357143 0.582090
vt 0.357143 0.611940
vt 0.375000 0.582090
vt 0.370536 0.611940
vt 0.370536 0.582090
vt 0.361607 0.611940
vt 0.366071 0.582090
vt 0.366071 0.611940
vt 0.357143 0.582090
vt 0.357143 0.611940
vt 0.375000 0.582090
vt 0.370536 0.611940
vt 0.370536 0.582090
vt 0.361607 0.611940
vt 0.366071 0.582090
vt 0.366071 0.611940
vt 0.357143 0.582090
vt 0.357143 0.611940
vt 0.375000 0.582090
vt 0.370536 0.611940
vt 0.370536 0.582090
vt 0.361607 0.611940
vt 0.366071 0.582090
vt 0.366071 0.611940
vt 0.357143 0.582090
vt 0.357143 0.611940
vt 0.375000 0.582090
vt 0.370536 0.611940
vt 0.370536 0.582090
vt 0.361607 0.611940
vt 0.366071 0.582090
vt 0.366071 0.611940
vt 0.357143 0.582090
vt 0.357143 0.611940
vt 0.375000 0.582090
vt 0.370536 0.611940
vt 0.370536 0.582090
vt 0.361607 0.611940
vt 0.366071 0.582090
vt 0.366071 0.611940
vt 0.357143 0.582090
vt 0.357143 0.611940
vt 0.375000 0.582090
vt 0.370536 0.611940
vt 0.370536 0.582090
vt 0.361607 0.611940
vt 0.366071 0.582090
vt 0.366071 0.611940
vt 0.357143 0.582090
vt 0.357143 0.611940
vt 0.375000 0.582090
vt 0.370536 0.611940
vt 0.370536 0.582090
vt 0.361607 0.611940
vt 0.366071 0.582090
vt 0.366071 0.611940
vt 0.357143 0.582090
vt 0.357143 0.611940
vt 0.375000 0.582090
vt 0.370536 0.611940
vt 0.370536 0.582090
vt 0.361607 0.611940
vt 0.366071 0.582090
vt 0.366071 0.611940
vt 0.357143 0.582090
vt 0.357143 0.611940
vt 0.375000 0.582090
vt 0.370536 0.611940
vt 0.370536 0.582090
vt 0.361607 0.611940
vt 0.366071 0.582090
vt 0.366071 0.611940
vt 0.357143 0.582090
vt 0.357143 0.611940
vt 0.375000 0.582090
vt 0.370536 0.611940
vt 0.370536 0.582090
vt 0.361607 0.611940
vt 0.366071 0.582090
vt 0.366071 0.611940
vt 0.357143 0.582090
vt 0.357143 0.611940
vt 0.375000 0.582090
vt 0.370536 0.611940
vt 0.370536 0.582090
vt 0.361607 0.611940
vt 0.366071 0.582090
vt 0.366071 0.611940
vt 0.357143 0.582090
vt 0.357143 0.611940
vt 0.446429 0.611940
vt 0.428571 0.641791
vt 0.428571 0.611940
vt 0.410714 0.641791
vt 0.392857 0.611940
vt 0.410714 0.611940
vt 0.428571 0.671642
vt 0.410714 0.671642
vt 0.428571 0.641791
vt 0.410714 0.611940
vt 0.428571 0.611940
vt 0.410714 0.671642
vt 0.410714 0.641791
vt 0.392857 0.611940
vt 0.446429 0.611940
vt 0.446429 0.611940
vt 0.428571 0.641791
vt 0.428571 0.611940
vt 0.410714 0.641791
vt 0.392857 0.611940
vt 0.410714 0.611940
vt 0.428571 0.671642
vt 0.410714 0.671642
vt 0.428571 0.641791
vt 0.410714 0.611940
vt 0.428571 0.611940
vt 0.410714 0.641791
vt 0.428571 0.671642
vt 0.410714 0.671642
vt 0.392857 0.611940
vt 0.446429 0.611940
vt 0.446429 0.611940
vt 0.428571 0.641791
vt 0.428571 0.611940
vt 0.410714 0.641791
vt 0.392857 0.611940
vt 0.410714 0.611940
vt 0.428571 0.671642
vt 0.410714 0.671642
vt 0.410714 0.641791
vt 0.428571 0.611940
vt 0.428571 0.641791
vt 0.428571 0.671642
vt 0.410714 0.671642
vt 0.392857 0.611940
vt 0.410714 0.611940
vt 0.446429 0.611940
vt 0.446429 0.611940
vt 0.428571 0.641791
vt 0.428571 0.611940
vt 0.410714 0.641791
vt 0.392857 0.611940
vt 0.410714 0.611940
vt 0.428571 0.671642
vt 0.410714 0.671642
vt 0.410714 0.641791
vt 0.428571 0.611940
vt 0.428571 0.641791
vt 0.428571 0.671642
vt 0.410714 0.671642
vt 0.392857 0.611940
vt 0.410714 0.611940
vt 0.446429 0.611940
vt 0.446429 0.611940
vt 0.428571 0.641791
vt 0.428571 0.611940
vt 0.410714 0.641791
vt 0.392857 0.611940
vt 0.410714 0.611940
vt 0.428571 0.671642
vt 0.410714 0.671642
vt 0.428571 0.641791
vt 0.410714 0.611940
vt 0.428571 0.611940
vt 0.410714 0.641791
vt 0.428571 0.671642
vt 0.410714 0.671642
vt 0.392857 0.611940
vt 0.446429 0.611940
vt 0.446429 0.611940
vt 0.428571 0.641791
vt 0.428571 0.611940
vt 0.410714 0.641791
vt 0.392857 0.611940
vt 0.410714 0.611940
vt 0.428571 0.671642
vt 0.410714 0.671642
vt 0.428571 0.641791
vt 0.410714 0.611940
vt 0.428571 0.611940
vt 0.410714 0.641791
vt 0.428571 0.671642
vt 0.410714 0.671642
vt 0.392857 0.611940
vt 0.446429 0.611940
vt 0.446429 0.656716
vt 0.392857 0.656716
vt 0.392857 0.656716
vt 0.446429 0.656716
vt 0.446429 0.656716
vt 0.392857 0.656716
vt 0.392857 0.656716
vt 0.446429 0.656716
vt 0.375000 0.611940
vt 0.361607 0.582090
vt 0.375000 0.611940
vt 0.361607 0.582090
vt 0.375000 0.611940
vt 0.361607 0.582090
vt 0.375000 0.611940
vt 0.361607 0.582090
vt 0.375000 0.611940
vt 0.361607 0.582090
vt 0.375000 0.611940
vt 0.361607 0.582090
vt 0.375000 0.611940
vt 0.361607 0.582090
vt 0.375000 0.611940
vt 0.361607 0.582090
vt 0.375000 0.611940
vt 0.361607 0.582090
vt 0.375000 0.611940
vt 0.361607 0.582090
vt 0.375000 0.611940
vt 0.361607 0.582090
vt 0.375000 0.611940
vt 0.361607 0.582090
vt 0.375000 0.611940
vt 0.361607 0.582090
vt 0.375000 0.611940
vt 0.361607 0.582090
vt 0.375000 0.611940
vt 0.361607 0.582090
vt 0.375000 0.611940
vt 0.361607 0.582090
vt 0.446429 0.656716
vt 0.392857 0.656716
vt 0.428571 0.671642
vt 0.392857 0.656716
vt 0.446429 0.656716
vt 0.446429 0.656716
vt 0.392857 0.656716
vt 0.392857 0.656716
vt 0.446429 0.656716
vt 0.446429 0.656716
vt 0.392857 0.656716
vt 0.392857 0.656716
vt 0.446429 0.656716
vt 0.446429 0.656716
vt 0.392857 0.656716
vt 0.392857 0.656716
vt 0.446429 0.656716
vt 0.446429 0.656716
vt 0.392857 0.656716
vt 0.392857 0.656716
vt 0.446429 0.656716
vt 0.446429 0.656716
vt 0.392857 0.656716
vt 0.392857 0.656716
vt 0.446429 0.656716
vt 0.687500 0.238806
vt 0.656250 0.253731
vt 0.656250 0.238806
vt 0.281250 0.238806
vt 0.250000 0.253731
vt 0.250000 0.238806
vt 0.125000 0.238806
vt 0.093750 0.253731
vt 0.093750 0.238806
vt 0.718750 0.238806
vt 0.687500 0.253731
vt 0.312500 0.238806
vt 0.281250 0.253731
vt 0.156250 0.238806
vt 0.125000 0.253731
vt 0.750000 0.253731
vt 0.718750 0.253731
vt 0.343750 0.253731
vt 0.312500 0.253731
vt 0.187500 0.253731
vt 0.156250 0.253731
vt 0.750000 0.238806
vt 0.781250 0.253731
vt 0.375000 0.238806
vt 0.343750 0.238806
vt 0.218750 0.238806
vt 0.187500 0.238806
vt 0.812500 0.238806
vt 0.781250 0.238806
vt 0.406250 0.238806
vt 0.375000 0.253731
vt 0.218750 0.253731
vt 0.843750 0.238806
vt 0.812500 0.253731
vt 0.437500 0.238806
vt 0.406250 0.253731
vt 0.875000 0.238806
vt 0.843750 0.253731
vt 0.468750 0.238806
vt 0.437500 0.253731
vt 0.906250 0.238806
vt 0.875000 0.253731
vt 0.500000 0.238806
vt 0.468750 0.253731
vt 0.937500 0.238806
vt 0.906250 0.253731
vt 0.531250 0.238806
vt 0.500000 0.253731
vt 0.968750 0.238806
vt 0.937500 0.253731
vt 0.562500 0.238806
vt 0.531250 0.253731
vt 1.000000 0.238806
vt 0.968750 0.253731
vt 0.593750 0.238806
vt 0.562500 0.253731
vt 0.031250 0.238806
vt 0.000000 0.253731
vt 0.000000 0.238806
vt 0.625000 0.238806
vt 0.593750 0.253731
vt 0.062500 0.238806
vt 0.031250 0.253731
vt 0.625000 0.253731
vt 0.062500 0.253731
vt 0.218750 0.194030
vt 0.183036 0.194030
vt 0.156250 0.194030
vt 0.093750 0.194030
vt 0.120536 0.194030
vt 0.058036 0.194030
vt 0.004464 0.194030
vt 0.031250 0.194030
vt 0.968750 0.194030
vt 0.995536 0.194030
vt 0.941964 0.194030
vt 0.906250 0.194030
vt 0.933036 0.194030
vt 0.870536 0.194030
vt 0.843750 0.194030
vt 0.781250 0.194030
vt 0.808036 0.194030
vt 0.754464 0.194030
vt 0.745536 0.194030
vt 0.718750 0.194030
vt 0.656250 0.194030
vt 0.683036 0.194030
vt 0.629464 0.194030
vt 0.620536 0.194030
vt 0.593750 0.194030
vt 0.531250 0.194030
vt 0.558036 0.194030
vt 0.504464 0.194030
vt 0.495536 0.194030
vt 0.468750 0.194030
vt 0.433036 0.194030
vt 0.406250 0.194030
vt 0.370536 0.194030
vt 0.343750 0.194030
vt 0.308036 0.194030
vt 0.254464 0.194030
vt 0.281250 0.194030
vt 0.245536 0.194030
vt 0.745536 0.164179
vt 0.129464 0.194030
vt 0.156250 0.164179
vt 0.308036 0.164179
vt 0.691964 0.194030
vt 0.718750 0.164179
vt 0.120536 0.164179
vt 0.281250 0.164179
vt 0.683036 0.164179
vt 0.066964 0.194030
vt 0.093750 0.164179
vt 0.629464 0.164179
vt 0.656250 0.164179
vt 0.058036 0.164179
vt 0.620536 0.164179
vt 0.031250 0.164179
vt 0.566964 0.194030
vt 0.593750 0.164179
vt 0.995536 0.164179
vt 0.558036 0.164179
vt 0.968750 0.164179
vt 0.531250 0.164179
vt 0.933036 0.164179
vt 0.495536 0.164179
vt 0.879464 0.194030
vt 0.906250 0.164179
vt 0.441964 0.194030
vt 0.468750 0.164179
vt 0.843750 0.164179
vt 0.870536 0.164179
vt 0.433036 0.164179
vt 0.816964 0.194030
vt 0.245536 0.164179
vt 0.379464 0.194030
vt 0.406250 0.164179
vt 0.808036 0.164179
vt 0.191964 0.194030
vt 0.218750 0.164179
vt 0.370536 0.164179
vt 0.781250 0.164179
vt 0.183036 0.164179
vt 0.316964 0.194030
vt 0.343750 0.164179
vt 0.191964 0.164179
vt 0.218750 0.000000
vt 0.156250 0.000000
vt 0.162946 -0.000000
vt 0.129464 0.164179
vt 0.100446 -0.000000
vt 0.087054 -0.000000
vt 0.093750 0.000000
vt 0.031250 -0.000000
vt 0.037946 -0.000000
vt 0.004464 0.164179
vt 0.968750 0.000000
vt 0.975446 0.000000
vt 0.941964 0.164179
vt 0.906250 -0.000000
vt 0.912946 -0.000000
vt 0.899554 -0.000000
vt 0.850446 0.000000
vt 0.837054 0.000000
vt 0.843750 0.000000
vt 0.781250 0.000000
vt 0.787946 -0.000000
vt 0.774554 -0.000000
vt 0.718750 0.000000
vt 0.725446 -0.000000
vt 0.691964 0.164179
vt 0.656250 -0.000000
vt 0.662946 -0.000000
vt 0.649554 -0.000000
vt 0.600446 0.000000
vt 0.566964 0.164179
vt 0.593750 -0.000000
vt 0.531250 0.000000
vt 0.537946 -0.000000
vt 0.504464 0.164179
vt 0.468750 0.000000
vt 0.475446 -0.000000
vt 0.462054 -0.000000
vt 0.412946 0.000000
vt 0.399554 -0.000000
vt 0.406250 -0.000000
vt 0.343750 0.000000
vt 0.350446 -0.000000
vt 0.316964 0.164179
vt 0.281250 0.000000
vt 0.287946 -0.000000
vt 0.254464 0.164179
vt 0.225446 -0.000000
vt 0.062500 0.238806
vt 0.093750 0.194030
vt 0.093750 0.238806
vt 0.031250 0.238806
vt 0.058036 0.194030
vt -0.000000 0.238806
vt 0.031250 0.194030
vt 0.968750 0.238806
vt 0.995536 0.194030
vt 1.000000 0.238806
vt 0.941964 0.194030
vt 0.937500 0.238806
vt 0.906250 0.238806
vt 0.933036 0.194030
vt 0.875000 0.238806
vt 0.906250 0.194030
vt 0.843750 0.194030
vt 0.843750 0.238806
vt 0.816964 0.194030
vt 0.812500 0.238806
vt 0.781250 0.194030
vt 0.781250 0.238806
vt 0.754464 0.194030
vt 0.750000 0.238806
vt 0.718750 0.238806
vt 0.745536 0.194030
vt 0.691964 0.194030
vt 0.687500 0.238806
vt 0.656250 0.194030
vt 0.656250 0.238806
vt 0.629464 0.194030
vt 0.625000 0.238806
vt 0.593750 0.194030
vt 0.593750 0.238806
vt 0.566964 0.194030
vt 0.562500 0.238806
vt 0.531250 0.194030
vt 0.531250 0.238806
vt 0.504464 0.194030
vt 0.500000 0.238806
vt 0.468750 0.238806
vt 0.495536 0.194030
vt 0.441964 0.194030
vt 0.437500 0.238806
vt 0.406250 0.194030
vt 0.406250 0.238806
vt 0.379464 0.194030
vt 0.375000 0.238806
vt 0.343750 0.238806
vt 0.370536 0.194030
vt 0.312500 0.238806
vt 0.343750 0.194030
vt 0.281250 0.194030
vt 0.281250 0.238806
vt 0.250000 0.238806
vt 0.218750 0.238806
vt 0.245536 0.194030
vt 0.187500 0.238806
vt 0.218750 0.194030
vt 0.156250 0.194030
vt 0.156250 0.238806
vt 0.131315 0.193995
vt 0.125000 0.238806
vt 0.066964 0.164179
vt 0.066964 0.194030
vt 0.093750 0.164179
vt 0.120536 0.194030
vt 0.129464 0.164179
vt 0.156250 0.164179
vt 0.183036 0.194030
vt 0.191964 0.164179
vt 0.191964 0.194030
vt 0.218750 0.164179
vt 0.254464 0.164179
vt 0.254464 0.194030
vt 0.281250 0.164179
vt 0.308036 0.194030
vt 0.316964 0.164179
vt 0.316964 0.194030
vt 0.343750 0.164179
vt 0.379464 0.164179
vt 0.406250 0.164179
vt 0.433036 0.194030
vt 0.441964 0.164179
vt 0.468750 0.194030
vt 0.468750 0.164179
vt 0.504464 0.164179
vt 0.531250 0.164179
vt 0.558036 0.194030
vt 0.566964 0.164179
vt 0.593750 0.164179
vt 0.620536 0.194030
vt 0.656250 0.164179
vt 0.683036 0.194030
vt 0.691964 0.164179
vt 0.718750 0.194030
vt 0.718750 0.164179
vt 0.754464 0.164179
vt 0.781250 0.164179
vt 0.808036 0.194030
vt 0.816964 0.164179
vt 0.870536 0.164179
vt 0.870536 0.194030
vt 0.879464 0.164179
vt 0.879464 0.194030
vt 0.906250 0.164179
vt 0.941964 0.164179
vt 0.968750 0.194030
vt 0.968750 0.164179
vt 0.004464 0.164179
vt 0.004464 0.194030
vt 0.031250 0.164179
vt 0.462054 -0.000000
vt 0.406250 0.000000
vt 0.433036 0.164179
vt 0.350446 -0.000000
vt 0.370536 0.164179
vt 0.337054 0.000000
vt 0.281250 0.000000
vt 0.308036 0.164179
vt 0.274554 -0.000000
vt 0.218750 -0.000000
vt 0.245536 0.164179
vt 0.162946 -0.000000
vt 0.183036 0.164179
vt 0.149554 0.000000
vt 0.093750 0.000000
vt 0.120536 0.164179
vt 0.031250 -0.000000
vt 0.058036 0.164179
vt 0.968750 -0.000000
vt 0.995536 0.164179
vt 0.962054 -0.000000
vt 0.912946 -0.000000
vt 0.933036 0.164179
vt 0.899554 -0.000000
vt 0.843750 0.000000
vt 0.843750 0.164179
vt 0.781250 0.000000
vt 0.808036 0.164179
vt 0.774554 -0.000000
vt 0.718750 0.000000
vt 0.745536 0.164179
vt 0.656250 0.000000
vt 0.683036 0.164179
vt 0.649554 -0.000000
vt 0.629464 0.164179
vt 0.593750 -0.000000
vt 0.620536 0.164179
vt 0.587054 -0.000000
vt 0.537946 0.000000
vt 0.558036 0.164179
vt 0.531250 0.000000
vt 0.468750 -0.000000
vt 0.495536 0.164179
vt 0.156250 0.253731
vt 0.750000 0.253731
vt 0.593750 0.253731
vt 0.218750 0.253731
vt 0.187500 0.253731
vt 0.781250 0.253731
vt 0.625000 0.253731
vt 0.843750 0.253731
vt 0.812500 0.253731
vt 0.687500 0.253731
vt 0.656250 0.253731
vt 0.281250 0.253731
vt 0.250000 0.253731
vt 0.875000 0.253731
vt 0.718750 0.253731
vt 0.312500 0.253731
vt 0.906250 0.253731
vt 0.375000 0.253731
vt 0.343750 0.253731
vt 0.937500 0.253731
vt 0.968750 0.253731
vt 0.406250 0.253731
vt -0.000000 0.253731
vt 0.437500 0.253731
vt 0.031250 0.253731
vt 0.468750 0.253731
vt 0.062500 0.253731
vt 0.500000 0.253731
vt 0.093750 0.253731
vt 0.531250 0.253731
vt 0.125000 0.253731
vt 0.562500 0.253731
vt 0.093750 0.283582
vt 0.066964 0.283582
vt 0.031250 0.283582
vt 0.004464 0.283582
vt 1.000000 0.253731
vt 0.968750 0.283582
vt 0.941964 0.283582
vt 0.933036 0.283582
vt 0.906250 0.283582
vt 0.870536 0.283582
vt 0.843750 0.283582
vt 0.781250 0.283582
vt 0.754464 0.283582
vt 0.718750 0.283582
vt 0.656250 0.283582
vt 0.629464 0.283582
vt 0.620536 0.283582
vt 0.593750 0.283582
vt 0.558036 0.283582
vt 0.531250 0.283582
vt 0.495536 0.283582
vt 0.468750 0.283582
vt 0.406250 0.283582
vt 0.343750 0.283582
vt 0.281250 0.283582
vt 0.254464 0.283582
vt 0.218750 0.283582
vt 0.183036 0.283582
vt 0.129464 0.283582
vt 0.919643 0.373134
vt 0.946429 0.343284
vt 0.946429 0.373134
vt 0.973214 0.373134
vt 1.000000 0.343284
vt 1.000000 0.373134
vt 0.973214 0.343284
vt 0.973214 0.373134
vt 0.892857 0.373134
vt 0.919643 0.343284
vt 0.919643 0.373134
vt 1.000000 0.343284
vt 1.000000 0.373134
vt 0.946429 0.343284
vt 0.946429 0.373134
vt 0.892857 0.373134
vt 0.919643 0.343284
vt 0.919643 0.373134
vt 0.973214 0.343284
vt 0.973214 0.373134
vt 0.946429 0.343284
vt 0.946429 0.373134
vt 1.000000 0.343284
vt 1.000000 0.373134
vt 0.973214 0.343284
vt 0.973214 0.373134
vt 0.892857 0.373134
vt 0.919643 0.343284
vt 0.919643 0.373134
vt 1.000000 0.343284
vt 1.000000 0.373134
vt 0.946429 0.343284
vt 0.946429 0.373134
vt 0.892857 0.373134
vt 0.919643 0.343284
vt 0.919643 0.373134
vt 0.973214 0.343284
vt 0.973214 0.373134
vt 0.946429 0.343284
vt 0.946429 0.373134
vt 0.892857 0.373134
vt 0.919643 0.343284
vt 0.919643 0.373134
vt 1.000000 0.343284
vt 1.000000 0.373134
vt 0.973214 0.373134
vt 0.973214 0.343284
vt 0.946429 0.343284
vt 0.946429 0.373134
vt 0.892857 0.373134
vt 0.919643 0.343284
vt 0.919643 0.373134
vt 1.000000 0.343284
vt 1.000000 0.373134
vt 0.973214 0.343284
vt 0.973214 0.373134
vt 0.946429 0.343284
vt 0.946429 0.373134
vt 0.892857 0.373134
vt 0.919643 0.343284
vt 0.919643 0.373134
vt 1.000000 0.343284
vt 1.000000 0.373134
vt 0.973214 0.343284
vt 0.973214 0.373134
vt 0.946429 0.343284
vt 0.946429 0.373134
vt 0.892857 0.373134
vt 0.919643 0.343284
vt 1.000000 0.343284
vt 1.000000 0.373134
vt 0.973214 0.343284
vt 0.906250 0.283582
vt 0.879464 0.283582
vt 0.933036 0.283582
vt 0.968750 0.283582
vt 0.941964 0.283582
vt 0.995536 0.283582
vt 0.031250 0.283582
vt 0.004464 0.283582
vt 0.058036 0.283582
vt 0.093750 0.283582
vt 0.066964 0.283582
vt 0.129464 0.283582
vt 0.156250 0.283582
vt 0.191964 0.283582
vt 0.245536 0.283582
vt 0.218750 0.283582
vt 0.281250 0.283582
vt 0.254464 0.283582
vt 0.343750 0.283582
vt 0.316964 0.283582
vt 0.370536 0.283582
vt 0.379464 0.283582
vt 0.406250 0.283582
vt 0.441964 0.283582
vt 0.468750 0.283582
vt 0.504464 0.283582
vt 0.531250 0.283582
vt 0.593750 0.283582
vt 0.566964 0.283582
vt 0.656250 0.283582
vt 0.629464 0.283582
vt 0.718750 0.283582
vt 0.691964 0.283582
vt 0.745536 0.283582
vt 0.781250 0.283582
vt 0.754464 0.283582
vt 0.816964 0.283582
vt 0.870536 0.283582
vt 0.843750 0.283582
vt 0.066964 0.164179
vt 0.879464 0.164179
vt 0.441964 0.164179
vt 0.816964 0.164179
vt 0.379464 0.164179
vt 0.754464 0.164179
vt 0.212054 0.000000
vt 0.149554 -0.000000
vt 0.024554 -0.000000
vt 0.962054 -0.000000
vt 0.712054 -0.000000
vt 0.587054 -0.000000
vt 0.524554 -0.000000
vt 0.337054 -0.000000
vt 0.274554 -0.000000
vt 0.412946 -0.000000
vt 0.399554 -0.000000
vt 0.343750 0.000000
vt 0.287946 -0.000000
vt 0.225446 -0.000000
vt 0.212054 0.000000
vt 0.156250 0.000000
vt 0.100446 0.000000
vt 0.087054 -0.000000
vt 0.037946 0.000000
vt 0.024554 -0.000000
vt 0.975446 -0.000000
vt 0.906250 0.000000
vt 0.850446 -0.000000
vt 0.837054 -0.000000
vt 0.787946 0.000000
vt 0.725446 0.000000
vt 0.712054 0.000000
vt 0.662946 -0.000000
vt 0.600446 0.000000
vt 0.524554 0.000000
vt 0.475446 -0.000000
vt 1.000000 0.253731
vt 0.120536 0.283582
vt 0.058036 0.283582
vt 0.995536 0.283582
vt 0.879464 0.283582
vt 0.816964 0.283582
vt 0.808036 0.283582
vt 0.745536 0.283582
vt 0.691964 0.283582
vt 0.683036 0.283582
vt 0.566964 0.283582
vt 0.504464 0.283582
vt 0.441964 0.283582
vt 0.433036 0.283582
vt 0.379464 0.283582
vt 0.370536 0.283582
vt 0.316964 0.283582
vt 0.308036 0.283582
vt 0.245536 0.283582
vt 0.191964 0.283582
vt 0.156250 0.283582
vt 0.892857 0.343284
vt 0.892857 0.343284
vt 0.892857 0.343284
vt 0.892857 0.343284
vt 0.892857 0.343284
vt 0.892857 0.343284
vt 0.892857 0.343284
vt 0.892857 0.343284
vt 0.120536 0.283582
vt 0.183036 0.283582
vt 0.308036 0.283582
vt 0.433036 0.283582
vt 0.495536 0.283582
vt 0.558036 0.283582
vt 0.620536 0.283582
vt 0.683036 0.283582
vt 0.808036 0.283582
vn 0.0000 -1.0000 0.0000
vn 0.0000 1.0000 0.0000
vn -0.4472 0.0000 0.8944
vn -1.0000 0.0000 0.0000
vn -0.4472 0.0000 -0.8944
vn 0.0000 0.0000 -1.0000
vn 0.0000 -0.0000 1.0000
vn -0.4472 -0.8944 0.0000
vn -0.4472 0.8944 0.0000
vn 0.0000 -0.7071 -0.7071
vn 0.0000 0.7071 0.7071
vn 0.0000 -0.7071 0.7071
vn 0.0000 0.7071 -0.7071
vn 0.0000 -0.3827 -0.9239
vn 0.0000 0.3827 0.9239
vn 0.0000 -0.9239 0.3827
vn 0.0000 0.9239 -0.3827
vn 0.0000 0.3827 -0.9239
vn 0.0000 -0.3827 0.9239
vn 0.0000 -0.9239 -0.3827
vn 0.0000 0.9239 0.3827
vn -0.4472 -0.6325 0.6325
vn -0.4472 0.6325 -0.6325
vn -0.4472 -0.6325 -0.6325
vn -0.4472 0.6325 0.6325
vn 0.4472 0.0000 -0.8944
vn 1.0000 0.0000 -0.0000
vn 0.4472 0.0000 0.8944
vn 0.4472 -0.8944 0.0000
vn 0.4472 0.8944 0.0000
vn 0.4472 -0.6325 -0.6325
vn 0.4472 0.6325 0.6325
vn 0.4472 -0.6325 0.6325
vn 0.4472 0.6325 -0.6325
vn 0.0000 -0.5556 0.8315
vn 0.0000 -0.1951 -0.9808
vn 0.0000 0.8315 -0.5556
vn 0.0000 -0.1951 0.9808
vn 0.0000 0.5556 -0.8315
vn 0.0000 -0.5556 -0.8315
vn 0.0000 0.1951 0.9808
vn 0.0000 0.1951 -0.9808
vn 0.0000 -0.8315 -0.5556
vn 0.0000 0.5556 0.8315
vn 0.0000 -0.9808 -0.1951
vn 0.0000 0.8315 0.5556
vn 0.0000 -0.9808 0.1951
vn 0.0000 0.9808 0.1951
vn 0.0000 -0.8315 0.5556
vn 0.0000 0.9808 -0.1951
vn 0.9487 0.1210 -0.2922
vn 0.9487 0.0617 -0.3102
vn 0.9487 0.1757 -0.2629
vn 0.9487 0.2236 -0.2236
vn 0.9487 0.2629 -0.1757
vn 0.9487 0.2922 -0.1210
vn 0.9487 0.3102 -0.0617
vn 0.9487 0.3162 -0.0000
vn 0.9487 0.3102 0.0617
vn 0.9487 0.2922 0.1210
vn 0.9487 0.2629 0.1757
vn 0.9487 0.2236 0.2236
vn 0.9487 0.1757 0.2629
vn 0.9487 0.1210 0.2922
vn 0.9487 0.0617 0.3102
vn 0.9487 -0.0000 0.3162
vn 0.9487 -0.0617 0.3102
vn 0.9487 -0.1210 0.2922
vn 0.9487 -0.1757 0.2629
vn 0.9487 -0.2236 0.2236
vn 0.9487 -0.2629 0.1757
vn 0.9487 -0.2922 0.1210
vn 0.9487 -0.3102 0.0617
vn 0.9487 -0.3162 -0.0000
vn 0.9487 -0.3102 -0.0617
vn 0.9487 -0.2922 -0.1210
vn 0.9487 -0.2629 -0.1757
vn 0.9487 -0.2236 -0.2236
vn 0.9487 -0.1757 -0.2629
vn 0.9487 -0.1210 -0.2922
vn 0.9487 -0.0617 -0.3102
vn 0.9487 0.0000 -0.3162
vn 0.9959 0.0346 -0.0836
vn 0.9959 0.0177 -0.0888
vn 0.9959 0.0503 -0.0753
vn 0.9959 0.0640 -0.0640
vn 0.9959 0.0753 -0.0503
vn 0.9959 0.0836 -0.0346
vn 0.9959 0.0888 -0.0177
vn 0.9959 0.0905 0.0000
vn 0.9959 0.0888 0.0177
vn 0.9959 0.0836 0.0346
vn 0.9959 0.0753 0.0503
vn 0.9959 0.0640 0.0640
vn 0.9959 0.0503 0.0753
vn 0.9959 0.0346 0.0836
vn 0.9959 0.0177 0.0888
vn 0.9959 0.0000 0.0905
vn 0.9959 -0.0177 0.0888
vn 0.9959 -0.0346 0.0836
vn 0.9959 -0.0503 0.0753
vn 0.9959 -0.0640 0.0640
vn 0.9959 -0.0753 0.0503
vn 0.9959 -0.0836 0.0346
vn 0.9959 -0.0888 0.0177
vn 0.9959 -0.0905 0.0000
vn 0.9959 -0.0888 -0.0177
vn 0.9959 -0.0836 -0.0346
vn 0.9959 -0.0753 -0.0503
vn 0.9959 -0.0640 -0.0640
vn 0.9959 -0.0503 -0.0753
vn 0.9959 -0.0346 -0.0836
vn 0.9959 -0.0177 -0.0888
vn 0.9959 -0.0000 -0.0905
vn -0.9487 0.2922 0.1210
vn -0.9487 0.2629 0.1757
vn -0.9487 0.3102 0.0617
vn -0.9487 0.3162 -0.0000
vn -0.9487 0.3102 -0.0617
vn -0.9487 0.2922 -0.1210
vn -0.9487 0.2629 -0.1757
vn -0.9487 0.2236 -0.2236
vn -0.9487 0.1757 -0.2629
vn -0.9487 0.1210 -0.2922
vn -0.9487 0.0617 -0.3102
vn -0.9487 0.0000 -0.3162
vn -0.9487 -0.0617 -0.3102
vn -0.9487 -0.1210 -0.2922
vn -0.9487 -0.1757 -0.2629
vn -0.9487 -0.2236 -0.2236
vn -0.9487 -0.2629 -0.1757
vn -0.9487 -0.2922 -0.1210
vn -0.9487 -0.3102 -0.0617
vn -0.9487 -0.3162 -0.0000
vn -0.9487 -0.3102 0.0617
vn -0.9487 -0.2922 0.1210
vn -0.9487 -0.2629 0.1757
vn -0.9487 -0.2236 0.2236
vn -0.9487 -0.1757 0.2629
vn -0.9487 -0.1210 0.2922
vn -0.9487 -0.0617 0.3102
vn -0.9487 -0.0000 0.3162
vn -0.9487 0.0617 0.3102
vn -0.9487 0.1210 0.2922
vn -0.9487 0.1757 0.2629
vn -0.9487 0.2236 0.2236
vn -0.9959 -0.0836 0.0346
vn -0.9959 -0.0888 0.0177
vn -0.9959 -0.0753 0.0503
vn -0.9959 -0.0640 0.0640
vn -0.9959 -0.0503 0.0753
vn -0.9959 -0.0346 0.0836
vn -0.9959 -0.0177 0.0888
vn -0.9959 -0.0000 0.0905
vn -0.9959 0.0177 0.0888
vn -0.9959 0.0346 0.0836
vn -0.9959 0.0503 0.0753
vn -0.9959 0.0640 0.0640
vn -0.9959 0.0753 0.0503
vn -0.9959 0.0836 0.0346
vn -0.9959 0.0888 0.0177
vn -0.9959 0.0905 0.0000
vn -0.9959 0.0888 -0.0177
vn -0.9959 0.0836 -0.0346
vn -0.9959 0.0753 -0.0503
vn -0.9959 0.0640 -0.0640
vn -0.9959 0.0503 -0.0753
vn -0.9959 0.0346 -0.0836
vn -0.9959 0.0177 -0.0888
vn -0.9959 -0.0000 -0.0905
vn -0.9959 -0.0177 -0.0888
vn -0.9959 -0.0346 -0.0836
vn -0.9959 -0.0503 -0.0753
vn -0.9959 -0.0640 -0.0640
vn -0.9959 -0.0753 -0.0503
vn -0.9959 -0.0836 -0.0346
vn -0.9959 -0.0888 -0.0177
vn -0.9959 -0.0905 0.0000
v -0.937500 2.494797 3.181982
v -0.937500 2.318020 3.005205
v -0.937500 2.671573 3.005205
v -0.937500 2.494797 2.828429
v -0.937500 5.375001 4.125002
v -0.937500 5.625001 4.125002
v -0.937500 5.375001 4.375002
v -0.937500 5.625001 4.375002
v -0.687500 5.375001 4.125002
v -0.687500 5.625001 4.125002
v -0.687500 5.375001 4.375002
v -0.687500 5.625001 4.375002
v -0.687500 5.375001 -4.375000
v -0.687500 5.625001 -4.375000
v -0.687500 5.375001 -4.125000
v -0.687500 5.625001 -4.125000
v -0.937500 5.375001 -4.375000
v -0.937500 5.625001 -4.375000
v -0.937500 5.375001 -4.125000
v -0.937500 5.625001 -4.125000
v -0.937500 1.375000 -0.124999
v -0.937500 1.375000 0.125001
v -0.937500 1.125000 -0.124999
v -0.937500 1.125000 0.125001
v -0.687500 1.375000 -0.124999
v -0.687500 1.375000 0.125001
v -0.687500 1.125000 -0.124999
v -0.687500 1.125000 0.125001
v -0.687500 9.875002 -0.124999
v -0.687500 9.875002 0.125001
v -0.687500 9.625002 -0.124999
v -0.687500 9.625002 0.125001
v -0.937500 9.875002 -0.124999
v -0.937500 9.875002 0.125001
v -0.937500 9.625002 -0.124999
v -0.937500 9.625002 0.125001
v -0.687500 2.494797 2.828429
v -0.687500 2.671573 3.005205
v -0.687500 2.318020 3.005205
v -0.687500 2.494797 3.181982
v -0.687500 8.505206 -3.181980
v -0.687500 8.681982 -3.005203
v -0.687500 8.328429 -3.005203
v -0.687500 8.505205 -2.828426
v -0.937500 8.505206 -3.181980
v -0.937500 8.681982 -3.005203
v -0.937500 8.328429 -3.005203
v -0.937500 8.505205 -2.828426
v -0.937500 2.671574 -3.005204
v -0.937500 2.494797 -2.828427
v -0.937500 2.494797 -3.181981
v -0.937500 2.318020 -3.005204
v -0.687500 2.671574 -3.005204
v -0.687500 2.494797 -2.828427
v -0.687500 2.494797 -3.181981
v -0.687500 2.318020 -3.005204
v -0.687500 8.681982 3.005205
v -0.687500 8.505205 3.181982
v -0.687500 8.505205 2.828429
v -0.687500 8.328428 3.005205
v -0.937500 8.681982 3.005205
v -0.937500 8.505205 3.181982
v -0.937500 8.505205 2.828429
v -0.937500 8.328428 3.005205
v 0.937500 2.494797 -3.181982
v 0.937500 2.318020 -3.005205
v 0.937500 2.671573 -3.005205
v 0.937500 2.494797 -2.828429
v 0.937500 5.375001 -4.125002
v 0.937500 5.625001 -4.125002
v 0.937500 5.375001 -4.375002
v 0.937500 5.625001 -4.375002
v 0.687500 5.375001 -4.125002
v 0.687500 5.625001 -4.125002
v 0.687500 5.375001 -4.375002
v 0.687500 5.625001 -4.375002
v 0.687500 5.375001 4.375000
v 0.687500 5.625001 4.375000
v 0.687500 5.375001 4.125000
v 0.687500 5.625001 4.125000
v 0.937500 5.375001 4.375000
v 0.937500 5.625001 4.375000
v 0.937500 5.375001 4.125000
v 0.937500 5.625001 4.125000
v 0.937500 1.375000 0.124999
v 0.937500 1.375000 -0.125001
v 0.937500 1.125000 0.124999
v 0.937500 1.125000 -0.125001
v 0.687500 1.375000 0.124999
v 0.687500 1.375000 -0.125001
v 0.687500 1.125000 0.124999
v 0.687500 1.125000 -0.125001
v 0.687500 9.875002 0.124999
v 0.687500 9.875002 -0.125001
v 0.687500 9.625002 0.124999
v 0.687500 9.625002 -0.125001
v 0.937500 9.875002 0.124999
v 0.937500 9.875002 -0.125001
v 0.937500 9.625002 0.124999
v 0.937500 9.625002 -0.125001
v 0.687500 2.494797 -2.828429
v 0.687500 2.671573 -3.005205
v 0.687500 2.318020 -3.005205
v 0.687500 2.494797 -3.181982
v 0.687500 8.505206 3.181980
v 0.687500 8.681982 3.005203
v 0.687500 8.328429 3.005203
v 0.687500 8.505205 2.828426
v 0.937500 8.505206 3.181980
v 0.937500 8.681982 3.005203
v 0.937500 8.328429 3.005203
v 0.937500 8.505205 2.828426
v 0.937500 2.671574 3.005204
v 0.937500 2.494797 2.828427
v 0.937500 2.494797 3.181981
v 0.937500 2.318020 3.005204
v 0.687500 2.671574 3.005204
v 0.687500 2.494797 2.828427
v 0.687500 2.494797 3.181981
v 0.687500 2.318020 3.005204
v 0.687500 8.681982 -3.005205
v 0.687500 8.505205 -3.181982
v 0.687500 8.505205 -2.828429
v 0.687500 8.328428 -3.005205
v 0.937500 8.681982 -3.005205
v 0.937500 8.505205 -3.181982
v 0.937500 8.505205 -2.828429
v 0.937500 8.328428 -3.005205
vt 0.473214 0.641791
vt 0.464286 0.626866
vt 0.473214 0.626866
vt 0.446429 0.626866
vt 0.455357 0.641791
vt 0.446429 0.641791
vt 0.455357 0.626866
vt 0.464286 0.611940
vt 0.455357 0.611940
vt 0.464286 0.641791
vt 0.455357 0.656716
vt 0.464286 0.641791
vt 0.455357 0.656716
vt 0.455357 0.641791
vt 0.464286 0.611940
vt 0.455357 0.626866
vt 0.455357 0.611940
vt 0.464286 0.626866
vt 0.446429 0.626866
vt 0.446429 0.641791
vt 0.473214 0.641791
vt 0.473214 0.626866
vt 0.473214 0.641791
vt 0.464286 0.626866
vt 0.473214 0.626866
vt 0.446429 0.626866
vt 0.455357 0.641791
vt 0.446429 0.641791
vt 0.455357 0.626866
vt 0.464286 0.611940
vt 0.455357 0.611940
vt 0.464286 0.656716
vt 0.455357 0.656716
vt 0.464286 0.641791
vt 0.455357 0.656716
vt 0.455357 0.641791
vt 0.464286 0.611940
vt 0.455357 0.626866
vt 0.455357 0.611940
vt 0.464286 0.626866
vt 0.446429 0.626866
vt 0.446429 0.641791
vt 0.473214 0.641791
vt 0.473214 0.626866
vt 0.473214 0.641791
vt 0.464286 0.626866
vt 0.473214 0.626866
vt 0.446429 0.626866
vt 0.455357 0.641791
vt 0.446429 0.641791
vt 0.455357 0.626866
vt 0.464286 0.611940
vt 0.455357 0.611940
vt 0.464286 0.641791
vt 0.455357 0.656716
vt 0.464286 0.641791
vt 0.455357 0.656716
vt 0.455357 0.641791
vt 0.455357 0.611940
vt 0.464286 0.626866
vt 0.455357 0.626866
vt 0.446429 0.626866
vt 0.446429 0.641791
vt 0.473214 0.641791
vt 0.473214 0.626866
vt 0.473214 0.641791
vt 0.464286 0.626866
vt 0.473214 0.626866
vt 0.446429 0.626866
vt 0.455357 0.641791
vt 0.446429 0.641791
vt 0.455357 0.626866
vt 0.464286 0.611940
vt 0.455357 0.611940
vt 0.464286 0.656716
vt 0.455357 0.656716
vt 0.464286 0.641791
vt 0.455357 0.656716
vt 0.455357 0.641791
vt 0.464286 0.611940
vt 0.455357 0.626866
vt 0.455357 0.611940
vt 0.464286 0.626866
vt 0.446429 0.626866
vt 0.446429 0.641791
vt 0.473214 0.641791
vt 0.473214 0.626866
vt 0.473214 0.641791
vt 0.464286 0.626866
vt 0.473214 0.626866
vt 0.446429 0.626866
vt 0.455357 0.641791
vt 0.446429 0.641791
vt 0.455357 0.626866
vt 0.464286 0.611940
vt 0.455357 0.611940
vt 0.464286 0.641791
vt 0.455357 0.656716
vt 0.464286 0.641791
vt 0.455357 0.656716
vt 0.455357 0.641791
vt 0.464286 0.611940
vt 0.455357 0.626866
vt 0.455357 0.611940
vt 0.464286 0.626866
vt 0.446429 0.626866
vt 0.446429 0.641791
vt 0.473214 0.641791
vt 0.473214 0.626866
vt 0.473214 0.641791
vt 0.464286 0.626866
vt 0.473214 0.626866
vt 0.446429 0.626866
vt 0.455357 0.641791
vt 0.446429 0.641791
vt 0.455357 0.626866
vt 0.464286 0.611940
vt 0.455357 0.611940
vt 0.464286 0.656716
vt 0.455357 0.656716
vt 0.464286 0.641791
vt 0.455357 0.656716
vt 0.455357 0.641791
vt 0.464286 0.611940
vt 0.455357 0.626866
vt 0.455357 0.611940
vt 0.464286 0.626866
vt 0.446429 0.626866
vt 0.446429 0.641791
vt 0.473214 0.641791
vt 0.473214 0.626866
vt 0.473214 0.641791
vt 0.464286 0.626866
vt 0.473214 0.626866
vt 0.446429 0.626866
vt 0.455357 0.641791
vt 0.446429 0.641791
vt 0.455357 0.626866
vt 0.464286 0.611940
vt 0.455357 0.611940
vt 0.464286 0.641791
vt 0.455357 0.656716
vt 0.464286 0.641791
vt 0.455357 0.656716
vt 0.455357 0.641791
vt 0.455357 0.611940
vt 0.464286 0.626866
vt 0.455357 0.626866
vt 0.446429 0.626866
vt 0.446429 0.641791
vt 0.473214 0.641791
vt 0.473214 0.626866
vt 0.473214 0.641791
vt 0.464286 0.626866
vt 0.473214 0.626866
vt 0.446429 0.626866
vt 0.455357 0.641791
vt 0.446429 0.641791
vt 0.455357 0.626866
vt 0.464286 0.611940
vt 0.455357 0.611940
vt 0.464286 0.656716
vt 0.455357 0.656716
vt 0.464286 0.641791
vt 0.455357 0.656716
vt 0.455357 0.641791
vt 0.464286 0.611940
vt 0.455357 0.626866
vt 0.455357 0.611940
vt 0.464286 0.626866
vt 0.446429 0.626866
vt 0.446429 0.641791
vt 0.473214 0.641791
vt 0.473214 0.626866
vt 0.464286 0.656716
vt 0.464286 0.656716
vt 0.464286 0.641791
vt 0.464286 0.656716
vt 0.464286 0.656716
vt 0.464286 0.656716
vt 0.464286 0.611940
vt 0.464286 0.641791
vt 0.464286 0.656716
vt 0.464286 0.656716
vt 0.464286 0.656716
vt 0.464286 0.641791
vt 0.464286 0.656716
vt 0.464286 0.656716
vt 0.464286 0.656716
vt 0.464286 0.611940
vt 0.464286 0.641791
vt 0.464286 0.656716
vn 0.0000 -1.0000 0.0000
vn 0.0000 1.0000 0.0000
vn 0.0000 0.0000 1.0000
vn -1.0000 0.0000 0.0000
vn 1.0000 0.0000 0.0000
vn 0.0000 0.0000 -1.0000
vn 0.0000 -0.7071 -0.7071
vn 0.0000 0.7071 0.7071
vn 0.0000 -0.7071 0.7071
vn 0.0000 0.7071 -0.7071
v -0.250000 5.500000 -4.250000
v -0.250000 6.329134 -4.168337
v -0.249999 7.126407 -3.926488
v -0.250000 7.861172 -3.533745
v -0.250000 8.505203 -3.005203
v -0.250000 9.033746 -2.361173
v -0.250000 9.426489 -1.626404
v -0.250000 9.668339 -0.829134
v -0.250000 9.750000 0.000000
v -0.250000 9.668339 0.829134
v -0.250000 9.426489 1.626404
v -0.250000 9.033746 2.361174
v -0.250000 8.505203 3.005203
v -0.250000 7.861172 3.533746
v -0.249999 7.126402 3.926488
v -0.250000 6.329134 4.168338
v -0.250000 5.500000 4.250000
v -0.250000 4.670863 4.168337
v -0.250000 3.873595 3.926487
v -0.250000 3.138825 3.533745
v -0.250000 2.494793 3.005201
v -0.250000 1.966251 2.361171
v -0.250000 1.573512 1.626402
v -0.250000 1.331663 0.829130
v -0.250000 1.250000 -0.000004
v -0.250000 1.331663 -0.829138
v -0.250000 1.573512 -1.626409
v -0.250000 1.966255 -2.361177
v -0.250000 2.494802 -3.005207
v -0.250000 3.138829 -3.533749
v -0.250000 3.873603 -3.926490
v -0.250000 4.670871 -4.168338
v 0.250000 5.500000 -4.250000
v 0.250000 6.329134 -4.168337
v 0.250001 7.126407 -3.926488
v 0.250000 7.861172 -3.533745
v 0.250000 8.505203 -3.005203
v 0.250000 9.033746 -2.361173
v 0.250000 9.426489 -1.626404
v 0.250000 9.668339 -0.829134
v 0.250000 9.750000 0.000000
v 0.250000 9.668339 0.829134
v 0.250000 9.426489 1.626404
v 0.250000 9.033746 2.361174
v 0.250000 8.505203 3.005203
v 0.250000 7.861172 3.533746
v 0.250001 7.126402 3.926488
v 0.250000 6.329134 4.168338
v 0.250000 5.500000 4.250000
v 0.250000 4.670863 4.168337
v 0.250000 3.873595 3.926487
v 0.250000 3.138825 3.533745
v 0.250000 2.494793 3.005201
v 0.250000 1.966251 2.361171
v 0.250000 1.573512 1.626402
v 0.250000 1.331663 0.829130
v 0.250000 1.250000 -0.000004
v 0.250000 1.331663 -0.829138
v 0.250000 1.573512 -1.626409
v 0.250000 1.966255 -2.361177
v 0.250000 2.494802 -3.005207
v 0.250000 3.138829 -3.533749
v 0.250000 3.873603 -3.926490
v 0.250000 4.670871 -4.168338
vt 0.500000 0.249958
vt 0.000000 0.749958
vt 0.000000 0.249958
vt 0.500000 0.249958
vt 0.000000 0.749958
vt 0.000000 0.249958
vt 1.000000 0.249958
vt 0.500000 0.749958
vt 1.000000 0.249958
vt 0.500000 0.749958
vt 0.500000 0.249958
vt 0.000000 0.749958
vt 0.000000 0.249958
vt 0.500000 0.249958
vt 0.000000 0.749958
vt 0.000000 0.249958
vt 1.000000 0.249958
vt 0.500000 0.749958
vt 1.000000 0.249958
vt 0.500000 0.749958
vt 0.500000 0.249958
vt 0.000000 0.749958
vt 0.000000 0.249958
vt 0.000000 0.249958
vt 0.500000 0.749958
vt 0.000000 0.749958
vt 1.000000 0.249958
vt 0.500000 0.749958
vt 1.000000 0.249958
vt 0.500000 0.249958
vt 0.500000 0.249958
vt 0.000000 0.749958
vt 0.000000 0.249958
vt 0.500000 0.249958
vt 0.000000 0.749958
vt 0.000000 0.249958
vt 1.000000 0.249958
vt 0.500000 0.749958
vt 0.500000 0.249958
vt 0.000000 0.749958
vt 0.000000 0.249958
vt 1.000000 0.249958
vt 0.500000 0.749958
vt 0.000000 0.249958
vt 0.500000 0.749958
vt 0.000000 0.749958
vt 1.000000 0.249958
vt 0.500000 0.749958
vt 0.000000 0.249958
vt 0.500000 0.749958
vt 0.000000 0.749958
vt 1.000000 0.249958
vt 0.500000 0.249958
vt 0.500000 0.249958
vt 0.000000 0.749958
vt 0.000000 0.249958
vt 1.000000 0.249958
vt 0.500000 0.249958
vt 0.500000 0.249958
vt 0.000000 0.749958
vt 0.000000 0.249958
vt 1.000000 0.249958
vt 0.500000 0.749958
vt 0.500000 0.249958
vt 0.000000 0.749958
vt 0.000000 0.249958
vt 1.000000 0.249958
vt 0.500000 0.749958
vt 0.500000 0.249958
vt 0.000000 0.749958
vt 0.000000 0.249958
vt 1.000000 0.249958
vt 0.500000 0.749958
vt 0.500000 0.249958
vt 0.000000 0.749958
vt 0.000000 0.249958
vt 1.000000 0.249958
vt 0.500000 0.749958
vt 1.000000 0.749958
vt 0.500000 0.749958
vt 1.000000 0.749958
vt 1.000000 0.749958
vt 1.000000 0.749958
vt 1.000000 0.749958
vt 1.000000 0.749958
vt 1.000000 0.749958
vt 1.000000 0.749958
vt 1.000000 0.749958
vt 1.000000 0.749958
vt 1.000000 0.749958
vt 1.000000 0.749958
vt 1.000000 0.749958
vt 1.000000 0.749958
vt 1.000000 0.749958
vt 1.000000 0.749958
vt 1.000000 0.249958
vn 0.0000 0.9808 -0.1951
vn 0.0000 0.9239 -0.3827
vn 0.0000 -0.8315 0.5556
vn 0.0000 -0.7071 0.7071
vn 0.0000 1.0000 0.0000
vn 0.0000 -0.9239 0.3827
vn 0.0000 0.9808 0.1951
vn 0.0000 -0.9808 0.1951
vn 0.0000 0.9239 0.3827
vn 0.0000 -1.0000 0.0000
vn 0.0000 0.8315 0.5556
vn 0.0000 -0.9808 -0.1951
vn 0.0000 0.7071 0.7071
vn 0.0000 -0.9239 -0.3827
vn 0.0000 0.5556 0.8315
vn 0.0000 -0.8315 -0.5556
vn 0.0000 0.3827 0.9239
vn 0.0000 0.1951 -0.9808
vn 0.0000 0.0000 -1.0000
vn 0.0000 -0.7071 -0.7071
vn 0.0000 0.1951 0.9808
vn 0.0000 0.3827 -0.9239
vn 0.0000 -0.5556 -0.8315
vn 0.0000 -0.0000 1.0000
vn 0.0000 0.5556 -0.8315
vn 0.0000 -0.3827 -0.9239
vn 0.0000 -0.1951 0.9808
vn 0.0000 0.7071 -0.7071
vn 0.0000 -0.1951 -0.9808
vn 0.0000 -0.3827 0.9239
vn 0.0000 0.8315 -0.5556
vn 0.0000 -0.5556 0.8315
v -2.500000 0.000000 4.500000
v 2.500000 0.000000 4.500000
v -2.500000 0.000000 -4.500000
v 2.500000 0.000000 -4.500000
v 1.750000 9.750000 -0.499999
v 1.250000 10.250000 -0.499999
v 1.250000 10.250000 0.500001
v 1.750000 9.750000 0.500001
v -1.250000 10.250000 -0.499999
v -1.750000 9.750000 -0.499999
v -1.750000 9.750000 0.500001
v -1.250000 10.250000 0.500001
v 1.750000 6.500000 -0.499999
v 1.750000 6.500000 0.500001
v -1.750000 6.500000 -0.499999
v -1.750000 6.500000 0.500001
v -2.500000 1.000000 -4.500000
v -2.500000 1.000000 4.500000
v 2.500000 1.000000 4.500000
v 2.500000 1.000000 -4.500000
v -2.000000 2.000000 0.500000
v -1.500000 2.000000 0.500000
v -2.000000 2.000000 -0.500000
v -1.500000 2.000000 -0.500000
v -2.000000 4.500000 -0.500000
v -2.000000 4.500000 0.500000
v -1.500000 4.500000 0.500000
v -1.500000 4.500000 -0.500000
v -2.500000 1.000000 0.500000
v -1.000000 1.000000 0.500000
v -2.500000 1.000000 -0.500000
v -1.000000 1.000000 -0.500000
v -1.250000 5.500000 1.250001
v -1.250000 5.978355 1.154850
v -1.250000 6.383883 0.883884
v -1.250000 6.654850 0.478355
v -1.250000 6.750000 0.000001
v -1.250000 6.654850 -0.478354
v -1.250000 6.383883 -0.883883
v -1.250000 5.978355 -1.154848
v -1.250000 5.500000 -1.249999
v -1.250000 5.021646 -1.154849
v -1.250000 4.616117 -0.883883
v -1.250000 4.345151 -0.478354
v -1.250000 4.250000 0.000001
v -1.250000 4.345151 0.478355
v -1.250000 4.616117 0.883884
v -1.250000 5.021647 1.154850
v -2.250000 5.500000 1.250001
v -2.250000 5.978355 1.154850
v -2.250000 6.383883 0.883884
v -2.250000 6.654850 0.478355
v -2.250000 6.750000 0.000001
v -2.250000 6.654850 -0.478354
v -2.250000 6.383883 -0.883883
v -2.250000 5.978355 -1.154848
v -2.250000 5.500000 -1.249999
v -2.250000 5.021646 -1.154848
v -2.250000 4.616117 -0.883883
v -2.250000 4.345151 -0.478354
v -2.250000 4.250000 0.000001
v -2.250000 4.345151 0.478355
v -2.250000 4.616117 0.883884
v -2.250000 5.021647 1.154850
v -2.250000 5.500001 1.000001
v -2.250000 5.882684 0.923881
v -2.250000 6.207108 0.707108
v -2.250000 6.423881 0.382685
v -2.250000 6.500001 0.000001
v -2.250000 6.423881 -0.382683
v -2.250000 6.207108 -0.707106
v -2.250000 5.882684 -0.923879
v -2.250000 5.500001 -0.999999
v -2.250000 5.117317 -0.923879
v -2.250000 4.792893 -0.707106
v -2.250000 4.576121 -0.382683
v -2.250000 4.500001 0.000001
v -2.250000 4.576121 0.382685
v -2.250000 4.792893 0.707108
v -2.250000 5.117318 0.923881
v -2.250000 5.500000 0.750001
v -2.250000 5.787013 0.692910
v -2.250000 6.030331 0.530331
v -2.250000 6.192910 0.287013
v -2.250000 6.250000 0.000001
v -2.250000 6.192910 -0.287012
v -2.250000 6.030331 -0.530329
v -2.250000 5.787013 -0.692909
v -2.250000 5.500000 -0.749999
v -2.250000 5.212988 -0.692909
v -2.250000 4.969670 -0.530330
v -2.250000 4.807091 -0.287012
v -2.250000 4.750000 0.000001
v -2.250000 4.807091 0.287013
v -2.250000 4.969670 0.530331
v -2.250000 5.212988 0.692910
v -2.000000 5.882684 0.923881
v -2.000000 5.500001 1.000001
v -2.000000 6.207108 0.707108
v -2.000000 6.423881 0.382685
v -2.000000 6.500001 0.000001
v -2.000000 6.423881 -0.382683
v -2.000000 6.207108 -0.707106
v -2.000000 5.882684 -0.923879
v -2.000000 5.500001 -0.999999
v -2.000000 5.117317 -0.923879
v -2.000000 4.792893 -0.707106
v -2.000000 4.576121 -0.382683
v -2.000000 4.500001 0.000001
v -2.000000 4.576121 0.382685
v -2.000000 4.792893 0.707108
v -2.000000 5.117318 0.923881
v -2.000000 5.787013 0.692910
v -2.000000 5.500000 0.750001
v -2.000000 6.030331 0.530331
v -2.000000 6.192910 0.287013
v -2.000000 6.250000 0.000001
v -2.000000 6.192910 -0.287012
v -2.000000 6.030331 -0.530329
v -2.000000 5.787013 -0.692909
v -2.000000 5.500000 -0.749999
v -2.000000 5.212988 -0.692909
v -2.000000 4.969670 -0.530330
v -2.000000 4.807091 -0.287012
v -2.000000 4.750000 0.000001
v -2.000000 4.807091 0.287013
v -2.000000 4.969670 0.530331
v -2.000000 5.212988 0.692910
v -1.250000 1.000000 -4.250000
v -2.250000 1.000000 -4.250000
v -1.250000 1.000000 -2.250000
v -2.250000 1.000000 -2.250000
v -1.250000 2.000000 -2.250000
v -1.250000 2.000000 -4.250000
v -2.250000 2.000000 -4.250000
v -2.250000 2.000000 -2.250000
v -1.500000 2.000000 -4.000000
v -2.000000 2.000000 -4.000000
v -1.500000 2.000000 -3.500000
v -2.000000 2.000000 -3.500000
v -1.500000 2.125000 -3.500000
v -1.500000 2.125000 -4.000000
v -2.000000 2.125000 -4.000000
v -2.000000 2.125000 -3.500000
v -1.625000 2.250000 -3.625000
v -1.625000 2.250000 -3.875000
v -1.875000 2.250000 -3.875000
v -1.875000 2.250000 -3.625000
v -1.875000 3.125000 -3.625000
v -2.000000 3.000000 -3.625000
v -1.875000 3.000000 -3.500000
v -1.875000 2.625000 -3.625000
v -1.875000 2.750000 -3.500000
v -2.000000 2.750000 -3.625000
v -1.875000 3.125000 -3.875000
v -1.875000 3.000000 -4.000000
v -2.000000 3.000000 -3.875000
v -1.875000 2.625000 -3.875000
v -2.000000 2.750000 -3.875000
v -1.875000 2.750000 -4.000000
v -1.625000 3.125000 -3.625000
v -1.625000 3.000000 -3.500000
v -1.500000 3.000000 -3.625000
v -1.625000 2.625000 -3.625000
v -1.500000 2.750000 -3.625000
v -1.625000 2.750000 -3.500000
v -1.625000 3.000000 -4.000000
v -1.625000 3.125000 -3.875000
v -1.500000 3.000000 -3.875000
v -1.625000 2.625000 -3.875000
v -1.625000 2.750000 -4.000000
v -1.500000 2.750000 -3.875000
v -2.000000 1.000000 1.000000
v -1.500000 1.000000 1.000000
v -2.000000 1.500000 0.500000
v -1.500000 1.500000 0.500000
v -2.000000 1.000000 0.500000
v -1.500000 1.000000 0.500000
v -1.500000 1.000000 -1.000000
v -2.000000 1.000000 -1.000000
v -1.500000 1.500000 -0.500000
v -2.000000 1.500000 -0.500000
v -1.500000 1.000000 -0.500000
v -2.000000 1.000000 -0.500000
v -1.625000 1.375000 -2.250000
v -1.875000 1.375000 -2.250000
v -1.625000 1.625000 -2.250000
v -1.875000 1.625000 -2.250000
v -1.625000 2.875000 -0.500000
v -1.875000 2.875000 -0.500000
v -1.625000 3.125000 -0.500000
v -1.875000 3.125000 -0.500000
v -1.625000 2.500000 -0.937500
v -1.625000 2.000000 -1.375000
v -1.625000 1.750000 -1.812500
v -1.875000 1.750000 -1.812500
v -1.875000 2.000000 -1.375000
v -1.875000 2.500000 -0.937500
v -1.875000 2.250000 -0.937500
v -1.875000 1.750000 -1.375000
v -1.875000 1.500000 -1.812500
v -1.625000 1.500000 -1.812500
v -1.625000 1.750000 -1.375000
v -1.625000 2.250000 -0.937500
v -0.500000 1.000000 -2.250000
v 0.500000 1.000000 -2.250000
v -0.500000 1.000000 -4.250000
v 0.500000 1.000000 -4.250000
v -0.500000 1.500000 -3.750000
v -0.500000 1.500000 -2.750000
v 0.500000 1.500000 -2.750000
v 0.500000 1.500000 -3.750000
v -1.750000 6.500000 0.500001
v -1.750000 6.500000 -0.499999
v 1.750000 6.500000 0.500001
v 1.750000 6.500000 -0.499999
v -1.250000 10.250000 0.500001
v -1.750000 9.750000 0.500001
v -1.750000 9.750000 -0.499999
v -1.250000 10.250000 -0.499999
v 1.750000 9.750000 0.500001
v 1.250000 10.250000 0.500001
v 1.250000 10.250000 -0.499999
v 1.750000 9.750000 -0.499999
v 2.000000 2.000000 -0.500000
v 1.500000 2.000000 -0.500000
v 2.000000 2.000000 0.500000
v 1.500000 2.000000 0.500000
v 2.000000 4.500000 0.500000
v 2.000000 4.500000 -0.500000
v 1.500000 4.500000 -0.500000
v 1.500000 4.500000 0.500000
v 2.500000 1.000000 -0.500000
v 1.000000 1.000000 -0.500000
v 2.500000 1.000000 0.500000
v 1.000000 1.000000 0.500000
v 1.250000 5.500000 -1.250001
v 1.250000 5.978355 -1.154850
v 1.250000 6.383883 -0.883885
v 1.250000 6.654850 -0.478356
v 1.250000 6.750000 -0.000001
v 1.250000 6.654850 0.478353
v 1.250000 6.383883 0.883882
v 1.250000 5.978355 1.154848
v 1.250000 5.500000 1.249999
v 1.250000 5.021646 1.154849
v 1.250000 4.616117 0.883882
v 1.250000 4.345151 0.478353
v 1.250000 4.250000 -0.000001
v 1.250000 4.345151 -0.478356
v 1.250000 4.616117 -0.883885
v 1.250000 5.021647 -1.154850
v 2.250000 5.500000 -1.250001
v 2.250000 5.978355 -1.154850
v 2.250000 6.383883 -0.883885
v 2.250000 6.654850 -0.478356
v 2.250000 6.750000 -0.000001
v 2.250000 6.654850 0.478353
v 2.250000 6.383883 0.883882
v 2.250000 5.978355 1.154848
v 2.250000 5.500000 1.249999
v 2.250000 5.021646 1.154848
v 2.250000 4.616117 0.883882
v 2.250000 4.345151 0.478353
v 2.250000 4.250000 -0.000001
v 2.250000 4.345151 -0.478356
v 2.250000 4.616117 -0.883885
v 2.250000 5.021647 -1.154850
v 2.250000 5.500001 -1.000001
v 2.250000 5.882684 -0.923881
v 2.250000 6.207108 -0.707108
v 2.250000 6.423881 -0.382685
v 2.250000 6.500001 -0.000001
v 2.250000 6.423881 0.382683
v 2.250000 6.207108 0.707105
v 2.250000 5.882684 0.923878
v 2.250000 5.500001 0.999999
v 2.250000 5.117317 0.923878
v 2.250000 4.792893 0.707105
v 2.250000 4.576121 0.382683
v 2.250000 4.500001 -0.000001
v 2.250000 4.576121 -0.382685
v 2.250000 4.792893 -0.707108
v 2.250000 5.117318 -0.923881
v 2.250000 5.500000 -0.750001
v 2.250000 5.787013 -0.692910
v 2.250000 6.030331 -0.530331
v 2.250000 6.192910 -0.287013
v 2.250000 6.250000 -0.000001
v 2.250000 6.192910 0.287012
v 2.250000 6.030331 0.530329
v 2.250000 5.787013 0.692909
v 2.250000 5.500000 0.749999
v 2.250000 5.212988 0.692909
v 2.250000 4.969670 0.530329
v 2.250000 4.807091 0.287012
v 2.250000 4.750000 -0.000001
v 2.250000 4.807091 -0.287013
v 2.250000 4.969670 -0.530331
v 2.250000 5.212988 -0.692910
v 2.000000 5.882684 -0.923881
v 2.000000 5.500001 -1.000001
v 2.000000 6.207108 -0.707108
v 2.000000 6.423881 -0.382685
v 2.000000 6.500001 -0.000001
v 2.000000 6.423881 0.382683
v 2.000000 6.207108 0.707105
v 2.000000 5.882684 0.923878
v 2.000000 5.500001 0.999999
v 2.000000 5.117317 0.923878
v 2.000000 4.792893 0.707105
v 2.000000 4.576121 0.382683
v 2.000000 4.500001 -0.000001
v 2.000000 4.576121 -0.382685
v 2.000000 4.792893 -0.707108
v 2.000000 5.117318 -0.923881
v 2.000000 5.787013 -0.692910
v 2.000000 5.500000 -0.750001
v 2.000000 6.030331 -0.530331
v 2.000000 6.192910 -0.287013
v 2.000000 6.250000 -0.000001
v 2.000000 6.192910 0.287012
v 2.000000 6.030331 0.530329
v 2.000000 5.787013 0.692909
v 2.000000 5.500000 0.749999
v 2.000000 5.212988 0.692909
v 2.000000 4.969670 0.530329
v 2.000000 4.807091 0.287012
v 2.000000 4.750000 -0.000001
v 2.000000 4.807091 -0.287013
v 2.000000 4.969670 -0.530331
v 2.000000 5.212988 -0.692910
v 1.250001 1.000000 4.250000
v 2.250001 1.000000 4.250000
v 1.250000 1.000000 2.250000
v 2.250000 1.000000 2.250000
v 1.250000 2.000000 2.250000
v 1.250001 2.000000 4.250000
v 2.250001 2.000000 4.250000
v 2.250000 2.000000 2.250000
v 1.500001 2.000000 4.000000
v 2.000000 2.000000 4.000000
v 1.500001 2.000000 3.500000
v 2.000000 2.000000 3.500000
v 1.500001 2.125000 3.500000
v 1.500001 2.125000 4.000000
v 2.000000 2.125000 4.000000
v 2.000000 2.125000 3.500000
v 1.625001 2.250000 3.625000
v 1.625001 2.250000 3.875000
v 1.875001 2.250000 3.875000
v 1.875001 2.250000 3.625000
v 1.875001 3.125000 3.625000
v 2.000000 3.000000 3.625000
v 1.875001 3.000000 3.500000
v 1.875001 2.625000 3.625000
v 1.875001 2.750000 3.500000
v 2.000000 2.750000 3.625000
v 1.875001 3.125000 3.875000
v 1.875001 3.000000 4.000000
v 2.000000 3.000000 3.875000
v 1.875001 2.625000 3.875000
v 2.000000 2.750000 3.875000
v 1.875001 2.750000 4.000000
v 1.625001 3.125000 3.625000
v 1.625001 3.000000 3.500000
v 1.500001 3.000000 3.625000
v 1.625001 2.625000 3.625000
v 1.500001 2.750000 3.625000
v 1.625001 2.750000 3.500000
v 1.625001 3.000000 4.000000
v 1.625001 3.125000 3.875000
v 1.500001 3.000000 3.875000
v 1.625001 2.625000 3.875000
v 1.625001 2.750000 4.000000
v 1.500001 2.750000 3.875000
v 2.000000 1.000000 -1.000000
v 1.500000 1.000000 -1.000000
v 2.000000 1.500000 -0.500000
v 1.500000 1.500000 -0.500000
v 2.000000 1.000000 -0.500000
v 1.500000 1.000000 -0.500000
v 1.500000 1.000000 1.000000
v 2.000000 1.000000 1.000000
v 1.500000 1.500000 0.500000
v 2.000000 1.500000 0.500000
v 1.500000 1.000000 0.500000
v 2.000000 1.000000 0.500000
v 1.625000 1.375000 2.250000
v 1.875000 1.375000 2.250000
v 1.625000 1.625000 2.250000
v 1.875000 1.625000 2.250000
v 1.625000 2.875000 0.500000
v 1.875000 2.875000 0.500000
v 1.625000 3.125000 0.500000
v 1.875000 3.125000 0.500000
v 1.625000 2.500000 0.937500
v 1.625000 2.000000 1.375000
v 1.625000 1.750000 1.812500
v 1.875000 1.750000 1.812500
v 1.875000 2.000000 1.375000
v 1.875000 2.500000 0.937500
v 1.875000 2.250000 0.937500
v 1.875000 1.750000 1.375000
v 1.875000 1.500000 1.812500
v 1.625000 1.500000 1.812500
v 1.625000 1.750000 1.375000
v 1.625000 2.250000 0.937500
v 0.500000 1.000000 2.250000
v -0.500000 1.000000 2.250000
v 0.500000 1.000000 4.250000
v -0.500000 1.000000 4.250000
v 0.500000 1.500000 3.750000
v 0.500000 1.500000 2.750000
v -0.500000 1.500000 2.750000
v -0.500000 1.500000 3.750000
v 2.250000 1.000000 -4.250000
v 1.250000 1.000000 -4.250000
v 2.250000 1.000000 -2.250000
v 1.250000 1.000000 -2.250000
v 2.250000 2.000000 -2.250000
v 2.250000 2.000000 -4.250000
v 1.250000 2.000000 -4.250000
v 1.250000 2.000000 -2.250000
v 2.000000 2.000000 -4.000000
v 1.500000 2.000000 -4.000000
v 2.000000 2.000000 -3.500000
v 1.500000 2.000000 -3.500000
v 2.000000 2.125000 -3.500000
v 2.000000 2.125000 -4.000000
v 1.500000 2.125000 -4.000000
v 1.500000 2.125000 -3.500000
v 1.875000 2.250000 -3.625000
v 1.875000 2.250000 -3.875000
v 1.625000 2.250000 -3.875000
v 1.625000 2.250000 -3.625000
v 1.625000 3.125000 -3.625000
v 1.500000 3.000000 -3.625000
v 1.625000 3.000000 -3.500000
v 1.625000 2.625000 -3.625000
v 1.625000 2.750000 -3.500000
v 1.500000 2.750000 -3.625000
v 1.625000 3.125000 -3.875000
v 1.625000 3.000000 -4.000000
v 1.500000 3.000000 -3.875000
v 1.625000 2.625000 -3.875000
v 1.500000 2.750000 -3.875000
v 1.625000 2.750000 -4.000000
v 1.875000 3.125000 -3.625000
v 1.875000 3.000000 -3.500000
v 2.000000 3.000000 -3.625000
v 1.875000 2.625000 -3.625000
v 2.000000 2.750000 -3.625000
v 1.875000 2.750000 -3.500000
v 1.875000 3.000000 -4.000000
v 1.875000 3.125000 -3.875000
v 2.000000 3.000000 -3.875000
v 1.875000 2.625000 -3.875000
v 1.875000 2.750000 -4.000000
v 2.000000 2.750000 -3.875000
v 1.875000 1.375000 -2.250000
v 1.625000 1.375000 -2.250000
v 1.875000 1.625000 -2.250000
v 1.625000 1.625000 -2.250000
v 1.875000 2.875000 -0.500000
v 1.625000 2.875000 -0.500000
v 1.875000 3.125000 -0.500000
v 1.625000 3.125000 -0.500000
v 1.875000 2.500000 -0.937500
v 1.875000 2.000000 -1.375000
v 1.875000 1.750000 -1.812500
v 1.625000 1.750000 -1.812500
v 1.625000 2.000000 -1.375000
v 1.625000 2.500000 -0.937500
v 1.625000 2.250000 -0.937500
v 1.625000 1.750000 -1.375000
v 1.625000 1.500000 -1.812500
v 1.875000 1.500000 -1.812500
v 1.875000 1.750000 -1.375000
v 1.875000 2.250000 -0.937500
v -2.249999 1.000000 4.250000
v -1.249999 1.000000 4.250000
v -2.250000 1.000000 2.250000
v -1.250000 1.000000 2.250000
v -2.250000 2.000000 2.250000
v -2.249999 2.000000 4.250000
v -1.249999 2.000000 4.250000
v -1.250000 2.000000 2.250000
v -1.999999 2.000000 4.000000
v -1.500000 2.000000 4.000000
v -1.999999 2.000000 3.500000
v -1.500000 2.000000 3.500000
v -1.999999 2.125000 3.500000
v -1.999999 2.125000 4.000000
v -1.500000 2.125000 4.000000
v -1.500000 2.125000 3.500000
v -1.874999 2.250000 3.625000
v -1.874999 2.250000 3.875000
v -1.624999 2.250000 3.875000
v -1.624999 2.250000 3.625000
v -1.624999 3.125000 3.625000
v -1.500000 3.000000 3.625000
v -1.624999 3.000000 3.500000
v -1.624999 2.625000 3.625000
v -1.624999 2.750000 3.500000
v -1.500000 2.750000 3.625000
v -1.624999 3.125000 3.875000
v -1.624999 3.000000 4.000000
v -1.500000 3.000000 3.875000
v -1.624999 2.625000 3.875000
v -1.500000 2.750000 3.875000
v -1.624999 2.750000 4.000000
v -1.874999 3.125000 3.625000
v -1.874999 3.000000 3.500000
v -1.999999 3.000000 3.625000
v -1.874999 2.625000 3.625000
v -1.999999 2.750000 3.625000
v -1.874999 2.750000 3.500000
v -1.874999 3.000000 4.000000
v -1.874999 3.125000 3.875000
v -1.999999 3.000000 3.875000
v -1.874999 2.625000 3.875000
v -1.874999 2.750000 4.000000
v -1.999999 2.750000 3.875000
v -1.875000 1.375000 2.250000
v -1.625000 1.375000 2.250000
v -1.875000 1.625000 2.250000
v -1.625000 1.625000 2.250000
v -1.875000 2.875000 0.500000
v -1.625000 2.875000 0.500000
v -1.875000 3.125000 0.500000
v -1.625000 3.125000 0.500000
v -1.875000 2.500000 0.937500
v -1.875000 2.000000 1.375000
v -1.875000 1.750000 1.812500
v -1.625000 1.750000 1.812500
v -1.625000 2.000000 1.375000
v -1.625000 2.500000 0.937500
v -1.625000 2.250000 0.937500
v -1.625000 1.750000 1.375000
v -1.625000 1.500000 1.812500
v -1.875000 1.500000 1.812500
v -1.875000 1.750000 1.375000
v -1.875000 2.250000 0.937500
v -2.250000 5.750000 -0.250000
v -2.250000 5.250000 -0.250000
v -2.250000 5.750000 0.250000
v -2.250000 5.250000 0.250000
v -2.375000 5.750000 0.250000
v -2.375000 5.750000 -0.250000
v -2.375000 5.250000 -0.250000
v -2.375000 5.250000 0.250000
v -2.500000 5.625000 0.125000
v -2.500000 5.625000 -0.125000
v -2.500000 5.375000 -0.125000
v -2.500000 5.375000 0.125000
v -3.375000 5.375000 0.125000
v -3.250000 5.250000 0.125000
v -3.250000 5.375000 0.250000
v -2.875000 5.375000 0.125000
v -3.000000 5.375000 0.250000
v -3.000000 5.250000 0.125000
v -3.375000 5.375000 -0.125000
v -3.250000 5.375000 -0.250000
v -3.250000 5.250000 -0.125000
v -2.875000 5.375000 -0.125000
v -3.000000 5.250000 -0.125000
v -3.000000 5.375000 -0.250000
v -3.375000 5.625000 0.125000
v -3.250000 5.625000 0.250000
v -3.250000 5.750000 0.125000
v -2.875000 5.625000 0.125000
v -3.000000 5.750000 0.125000
v -3.000000 5.625000 0.250000
v -3.250000 5.625000 -0.250000
v -3.375000 5.625000 -0.125000
v -3.250000 5.750000 -0.125000
v -2.875000 5.625000 -0.125000
v -3.000000 5.625000 -0.250000
v -3.000000 5.750000 -0.125000
v 2.250000 5.750000 0.250000
v 2.250000 5.250000 0.250000
v 2.250000 5.750000 -0.250000
v 2.250000 5.250000 -0.250000
v 2.375000 5.750000 -0.250000
v 2.375000 5.750000 0.250000
v 2.375000 5.250000 0.250000
v 2.375000 5.250000 -0.250000
v 2.500000 5.625000 -0.125000
v 2.500000 5.625000 0.125000
v 2.500000 5.375000 0.125000
v 2.500000 5.375000 -0.125000
v 3.375000 5.375000 -0.125000
v 3.250000 5.250000 -0.125000
v 3.250000 5.375000 -0.250000
v 2.875000 5.375000 -0.125000
v 3.000000 5.375000 -0.250000
v 3.000000 5.250000 -0.125000
v 3.375000 5.375000 0.125000
v 3.250000 5.375000 0.250000
v 3.250000 5.250000 0.125000
v 2.875000 5.375000 0.125000
v 3.000000 5.250000 0.125000
v 3.000000 5.375000 0.250000
v 3.375000 5.625000 -0.125000
v 3.250000 5.625000 -0.250000
v 3.250000 5.750000 -0.125000
v 2.875000 5.625000 -0.125000
v 3.000000 5.750000 -0.125000
v 3.000000 5.625000 -0.250000
v 3.250000 5.625000 0.250000
v 3.375000 5.625000 0.125000
v 3.250000 5.750000 0.125000
v 2.875000 5.625000 0.125000
v 3.000000 5.625000 0.250000
v 3.000000 5.750000 0.125000
vt 0.035714 0.582090
vt 0.357143 0.283582
vt 0.357143 0.582090
vt 0.642857 0.656716
vt 0.678571 0.507463
vt 0.642857 0.507463
vt 0.642857 0.686567
vt 0.678571 0.656716
vt 0.678571 0.477612
vt 0.642857 0.477612
vt 0.678571 0.283582
vt 0.642857 0.880597
vt 0.678571 0.686567
vt 0.357143 0.940298
vt 0.035714 0.641791
vt 0.357143 0.641791
vt 0.035714 1.000000
vt 0.357143 1.000000
vt 0.000000 0.641791
vt 0.035714 0.940298
vt -0.000000 0.940298
vt 0.392857 0.940298
vt 0.392857 0.641791
vt 0.428571 0.462687
vt 0.464286 0.402985
vt 0.446429 0.462687
vt 0.517857 0.462687
vt 0.553571 0.402985
vt 0.535714 0.462687
vt 0.428571 0.611940
vt 0.517857 0.611940
vt 0.589286 0.462687
vt 0.553571 0.611940
vt 0.553571 0.462687
vt 0.500000 0.462687
vt 0.464286 0.611940
vt 0.464286 0.462687
vt 0.589286 0.402985
vt 0.500000 0.402985
vt 0.428571 0.343284
vt 0.444196 0.358209
vt 0.430804 0.358209
vt 0.464286 0.343284
vt 0.448661 0.358209
vt 0.446429 0.343284
vt 0.482143 0.343284
vt 0.466518 0.358209
vt 0.500000 0.343284
vt 0.484375 0.358209
vt 0.515625 0.358209
vt 0.502232 0.358209
vt 0.535714 0.343284
vt 0.520089 0.358209
vt 0.517857 0.343284
vt 0.553571 0.343284
vt 0.537946 0.358209
vt 0.571429 0.343284
vt 0.555804 0.358209
vt 0.587054 0.358209
vt 0.573661 0.358209
vt 0.607143 0.343284
vt 0.591518 0.358209
vt 0.589286 0.343284
vt 0.625000 0.343284
vt 0.609375 0.358209
vt 0.640625 0.358209
vt 0.627232 0.358209
vt 0.375000 0.343284
vt 0.359375 0.358209
vt 0.357143 0.343284
vt 0.390625 0.358209
vt 0.377232 0.358209
vt 0.410714 0.343284
vt 0.395089 0.358209
vt 0.392857 0.343284
vt 0.412946 0.358209
vt 0.357194 0.447761
vt 0.383929 0.403071
vt 0.410663 0.447761
vt 0.462054 0.373134
vt 0.450893 0.388060
vt 0.448661 0.373134
vt 0.479911 0.373134
vt 0.468750 0.388060
vt 0.466518 0.373134
vt 0.497768 0.373134
vt 0.486607 0.388060
vt 0.484375 0.373134
vt 0.515625 0.373134
vt 0.504464 0.388060
vt 0.502232 0.373134
vt 0.533482 0.373134
vt 0.522321 0.388060
vt 0.520089 0.373134
vt 0.537946 0.373134
vt 0.549107 0.388060
vt 0.540179 0.388060
vt 0.569196 0.373134
vt 0.558036 0.388060
vt 0.555804 0.373134
vt 0.573661 0.373134
vt 0.584821 0.388060
vt 0.575893 0.388060
vt 0.591518 0.373134
vt 0.602679 0.388060
vt 0.593750 0.388060
vt 0.609375 0.373134
vt 0.620536 0.388060
vt 0.611607 0.388060
vt 0.640625 0.373134
vt 0.629464 0.388060
vt 0.627232 0.373134
vt 0.359375 0.373134
vt 0.370536 0.388060
vt 0.361607 0.388060
vt 0.377232 0.373134
vt 0.388393 0.388060
vt 0.379464 0.388060
vt 0.395089 0.373134
vt 0.406250 0.388060
vt 0.397321 0.388060
vt 0.412946 0.373134
vt 0.424107 0.388060
vt 0.415179 0.388060
vt 0.444196 0.373134
vt 0.433036 0.388060
vt 0.430804 0.373134
vt 0.816964 0.440298
vt 0.808036 0.417910
vt 0.816964 0.417910
vt 0.714286 0.343284
vt 0.785714 0.402985
vt 0.714286 0.402985
vt 0.821429 0.402985
vt 0.785714 0.343284
vt 0.821429 0.343284
vt 0.678571 0.343284
vt 0.678571 0.402985
vt 0.785714 0.283582
vt 0.714286 0.283582
vt 0.714286 0.462687
vt 0.785714 0.462687
vt 0.839286 0.410448
vt 0.825893 0.417910
vt 0.821429 0.410448
vt 0.839286 0.402985
vt 0.821429 0.402985
vt 0.803571 0.402985
vt 0.785714 0.410448
vt 0.785714 0.402985
vt 0.857143 0.402985
vt 0.803571 0.410448
vt 0.790179 0.417910
vt 0.852679 0.417910
vt 0.843750 0.417910
vt 0.799107 0.440298
vt 0.799107 0.417910
vt 0.852679 0.440298
vt 0.834821 0.440298
vt 0.834821 0.417910
vt 0.870536 0.425373
vt 0.861607 0.410448
vt 0.870536 0.410448
vt 0.870536 0.425373
vt 0.861607 0.410448
vt 0.870536 0.410448
vt 0.870536 0.425373
vt 0.861607 0.410448
vt 0.870536 0.410448
vt 0.870536 0.447761
vt 0.861607 0.432836
vt 0.870536 0.432836
vt 0.861607 0.432836
vt 0.857143 0.425373
vt 0.861607 0.425373
vt 0.861607 0.402985
vt 0.857143 0.410448
vt 0.857143 0.425373
vt 0.861607 0.425373
vt 0.861607 0.402985
vt 0.861607 0.410448
vt 0.857143 0.410448
vt 0.861607 0.432836
vt 0.857143 0.425373
vt 0.861607 0.425373
vt 0.861607 0.402985
vt 0.857143 0.410448
vt 0.861607 0.425373
vt 0.861607 0.432836
vt 0.857143 0.425373
vt 0.861607 0.402985
vt 0.857143 0.410448
vt 0.870536 0.432836
vt 0.870536 0.402985
vt 0.870536 0.425373
vt 0.870536 0.402985
vt 0.870536 0.432836
vt 0.870536 0.402985
vt 0.870536 0.432836
vt 0.870536 0.402985
vt 0.870536 0.410448
vt 0.392857 0.552239
vt 0.375000 0.522388
vt 0.392857 0.522388
vt 0.375000 0.552239
vt 0.392857 0.582090
vt 0.375000 0.582090
vt 0.375000 0.492537
vt 0.392857 0.492537
vt 0.357143 0.522388
vt 0.375000 0.552239
vt 0.357143 0.552239
vt 0.375000 0.522388
vt 0.357143 0.492537
vt 0.375000 0.492537
vt 0.375000 0.582090
vt 0.357143 0.582090
vt 0.939732 0.313433
vt 0.955357 0.298507
vt 0.955357 0.313433
vt 0.939732 0.328358
vt 0.955357 0.343284
vt 0.939732 0.343284
vt 0.892857 0.328358
vt 0.908482 0.343284
vt 0.892857 0.343284
vt 0.908482 0.328358
vt 0.924107 0.343284
vt 0.924107 0.328358
vt 0.892857 0.313433
vt 0.908482 0.298507
vt 0.908482 0.313433
vt 0.924107 0.298507
vt 0.924107 0.313433
vt 0.939732 0.298507
vt 0.875000 0.373134
vt 0.839286 0.313433
vt 0.875000 0.313433
vt 0.892857 0.283582
vt 0.821429 0.283582
vt 0.821429 0.313433
vt 0.839286 0.373134
vt 0.821429 0.373134
vt 0.892857 0.373134
vt 0.892857 0.313433
vt 0.821429 0.402985
vt 0.892857 0.402985
vt 0.678571 0.686567
vt 0.642857 0.880597
vt 0.642857 0.686567
vt 0.642857 0.477612
vt 0.678571 0.283582
vt 0.678571 0.477612
vt 0.642857 0.507463
vt 0.678571 0.656716
vt 0.642857 0.656716
vt 0.678571 0.507463
vt 0.428571 0.462687
vt 0.464286 0.402985
vt 0.446429 0.462687
vt 0.517857 0.462687
vt 0.553571 0.402985
vt 0.535714 0.462687
vt 0.428571 0.611940
vt 0.517857 0.611940
vt 0.589286 0.462687
vt 0.553571 0.611940
vt 0.553571 0.462687
vt 0.500000 0.462687
vt 0.464286 0.611940
vt 0.464286 0.462687
vt 0.589286 0.402985
vt 0.500000 0.402985
vt 0.428571 0.343284
vt 0.444196 0.358209
vt 0.430804 0.358209
vt 0.464286 0.343284
vt 0.448661 0.358209
vt 0.446429 0.343284
vt 0.482143 0.343284
vt 0.466518 0.358209
vt 0.500000 0.343284
vt 0.484375 0.358209
vt 0.515625 0.358209
vt 0.502232 0.358209
vt 0.535714 0.343284
vt 0.520089 0.358209
vt 0.517857 0.343284
vt 0.553571 0.343284
vt 0.537946 0.358209
vt 0.571429 0.343284
vt 0.555804 0.358209
vt 0.587054 0.358209
vt 0.573661 0.358209
vt 0.607143 0.343284
vt 0.591518 0.358209
vt 0.589286 0.343284
vt 0.625000 0.343284
vt 0.609375 0.358209
vt 0.640625 0.358209
vt 0.627232 0.358209
vt 0.375000 0.343284
vt 0.359375 0.358209
vt 0.357143 0.343284
vt 0.390625 0.358209
vt 0.377232 0.358209
vt 0.410714 0.343284
vt 0.395089 0.358209
vt 0.392857 0.343284
vt 0.412946 0.358209
vt 0.357194 0.447761
vt 0.383929 0.403071
vt 0.410663 0.447761
vt 0.462054 0.373134
vt 0.450893 0.388060
vt 0.448661 0.373134
vt 0.479911 0.373134
vt 0.468750 0.388060
vt 0.466518 0.373134
vt 0.497768 0.373134
vt 0.486607 0.388060
vt 0.484375 0.373134
vt 0.515625 0.373134
vt 0.504464 0.388060
vt 0.502232 0.373134
vt 0.533482 0.373134
vt 0.522321 0.388060
vt 0.520089 0.373134
vt 0.537946 0.373134
vt 0.549107 0.388060
vt 0.540179 0.388060
vt 0.569196 0.373134
vt 0.558036 0.388060
vt 0.555804 0.373134
vt 0.573661 0.373134
vt 0.584821 0.388060
vt 0.575893 0.388060
vt 0.591518 0.373134
vt 0.602679 0.388060
vt 0.593750 0.388060
vt 0.609375 0.373134
vt 0.620536 0.388060
vt 0.611607 0.388060
vt 0.640625 0.373134
vt 0.629464 0.388060
vt 0.627232 0.373134
vt 0.359375 0.373134
vt 0.370536 0.388060
vt 0.361607 0.388060
vt 0.377232 0.373134
vt 0.388393 0.388060
vt 0.379464 0.388060
vt 0.395089 0.373134
vt 0.406250 0.388060
vt 0.397321 0.388060
vt 0.412946 0.373134
vt 0.424107 0.388060
vt 0.415179 0.388060
vt 0.444196 0.373134
vt 0.433036 0.388060
vt 0.430804 0.373134
vt 0.816964 0.440298
vt 0.808036 0.417910
vt 0.816964 0.417910
vt 0.714286 0.402985
vt 0.785714 0.343284
vt 0.785714 0.402985
vt 0.821429 0.402985
vt 0.821429 0.343284
vt 0.678571 0.343284
vt 0.678571 0.402985
vt 0.785714 0.283582
vt 0.714286 0.343284
vt 0.714286 0.283582
vt 0.714286 0.462687
vt 0.785714 0.462687
vt 0.839286 0.410448
vt 0.825893 0.417910
vt 0.821429 0.410448
vt 0.839286 0.402985
vt 0.821429 0.402985
vt 0.803571 0.402985
vt 0.785714 0.410448
vt 0.785714 0.402985
vt 0.857143 0.402985
vt 0.803571 0.410448
vt 0.790179 0.417910
vt 0.852679 0.417910
vt 0.843750 0.417910
vt 0.799107 0.440298
vt 0.799107 0.417910
vt 0.852679 0.440298
vt 0.834821 0.440298
vt 0.834821 0.417910
vt 0.870536 0.425373
vt 0.861607 0.410448
vt 0.870536 0.410448
vt 0.870536 0.425373
vt 0.861607 0.410448
vt 0.870536 0.410448
vt 0.870536 0.425373
vt 0.861607 0.410448
vt 0.870536 0.410448
vt 0.870536 0.447761
vt 0.861607 0.432836
vt 0.870536 0.432836
vt 0.861607 0.432836
vt 0.857143 0.425373
vt 0.861607 0.425373
vt 0.861607 0.402985
vt 0.857143 0.410448
vt 0.857143 0.425373
vt 0.861607 0.425373
vt 0.861607 0.402985
vt 0.861607 0.410448
vt 0.857143 0.410448
vt 0.861607 0.432836
vt 0.857143 0.425373
vt 0.861607 0.425373
vt 0.861607 0.402985
vt 0.857143 0.410448
vt 0.861607 0.425373
vt 0.861607 0.432836
vt 0.857143 0.425373
vt 0.861607 0.402985
vt 0.857143 0.410448
vt 0.870536 0.432836
vt 0.870536 0.402985
vt 0.870536 0.425373
vt 0.870536 0.402985
vt 0.870536 0.432836
vt 0.870536 0.402985
vt 0.870536 0.432836
vt 0.870536 0.402985
vt 0.870536 0.410448
vt 0.392857 0.552239
vt 0.375000 0.522388
vt 0.392857 0.522388
vt 0.375000 0.552239
vt 0.392857 0.582090
vt 0.375000 0.582090
vt 0.375000 0.492537
vt 0.392857 0.492537
vt 0.357143 0.522388
vt 0.375000 0.552239
vt 0.357143 0.552239
vt 0.375000 0.522388
vt 0.357143 0.492537
vt 0.375000 0.492537
vt 0.375000 0.582090
vt 0.357143 0.582090
vt 0.939732 0.313433
vt 0.955357 0.298507
vt 0.955357 0.313433
vt 0.939732 0.328358
vt 0.955357 0.343284
vt 0.939732 0.343284
vt 0.892857 0.328358
vt 0.908482 0.343284
vt 0.892857 0.343284
vt 0.908482 0.328358
vt 0.924107 0.343284
vt 0.924107 0.328358
vt 0.892857 0.313433
vt 0.908482 0.298507
vt 0.908482 0.313433
vt 0.924107 0.298507
vt 0.924107 0.313433
vt 0.939732 0.298507
vt 0.875000 0.313433
vt 0.839286 0.373134
vt 0.839286 0.313433
vt 0.892857 0.283582
vt 0.821429 0.283582
vt 0.821429 0.313433
vt 0.821429 0.373134
vt 0.892857 0.373134
vt 0.892857 0.313433
vt 0.821429 0.402985
vt 0.875000 0.373134
vt 0.892857 0.402985
vt 0.816964 0.440298
vt 0.808036 0.417910
vt 0.816964 0.417910
vt 0.714286 0.343284
vt 0.785714 0.402985
vt 0.714286 0.402985
vt 0.821429 0.402985
vt 0.785714 0.343284
vt 0.821429 0.343284
vt 0.678571 0.343284
vt 0.678571 0.402985
vt 0.785714 0.283582
vt 0.714286 0.283582
vt 0.714286 0.462687
vt 0.785714 0.462687
vt 0.839286 0.410448
vt 0.825893 0.417910
vt 0.821429 0.410448
vt 0.839286 0.402985
vt 0.821429 0.402985
vt 0.803571 0.402985
vt 0.785714 0.410448
vt 0.785714 0.402985
vt 0.857143 0.402985
vt 0.803571 0.410448
vt 0.790179 0.417910
vt 0.852679 0.417910
vt 0.843750 0.417910
vt 0.799107 0.440298
vt 0.799107 0.417910
vt 0.852679 0.440298
vt 0.834821 0.440298
vt 0.834821 0.417910
vt 0.870536 0.425373
vt 0.861607 0.410448
vt 0.870536 0.410448
vt 0.870536 0.425373
vt 0.861607 0.410448
vt 0.870536 0.410448
vt 0.870536 0.425373
vt 0.861607 0.410448
vt 0.870536 0.410448
vt 0.870536 0.447761
vt 0.861607 0.432836
vt 0.870536 0.432836
vt 0.861607 0.432836
vt 0.857143 0.425373
vt 0.861607 0.425373
vt 0.861607 0.402985
vt 0.857143 0.410448
vt 0.857143 0.425373
vt 0.861607 0.425373
vt 0.861607 0.402985
vt 0.861607 0.410448
vt 0.857143 0.410448
vt 0.861607 0.432836
vt 0.857143 0.425373
vt 0.861607 0.425373
vt 0.861607 0.402985
vt 0.857143 0.410448
vt 0.861607 0.425373
vt 0.861607 0.432836
vt 0.857143 0.425373
vt 0.861607 0.402985
vt 0.857143 0.410448
vt 0.870536 0.432836
vt 0.870536 0.402985
vt 0.870536 0.425373
vt 0.870536 0.402985
vt 0.870536 0.432836
vt 0.870536 0.402985
vt 0.870536 0.432836
vt 0.870536 0.402985
vt 0.870536 0.410448
vt 0.939732 0.313433
vt 0.955357 0.298507
vt 0.955357 0.313433
vt 0.939732 0.328358
vt 0.955357 0.343284
vt 0.939732 0.343284
vt 0.892857 0.328358
vt 0.908482 0.343284
vt 0.892857 0.343284
vt 0.908482 0.328358
vt 0.924107 0.343284
vt 0.924107 0.328358
vt 0.892857 0.313433
vt 0.908482 0.298507
vt 0.908482 0.313433
vt 0.924107 0.298507
vt 0.924107 0.313433
vt 0.939732 0.298507
vt 0.816964 0.440298
vt 0.808036 0.417910
vt 0.816964 0.417910
vt 0.714286 0.402985
vt 0.785714 0.343284
vt 0.785714 0.402985
vt 0.821429 0.402985
vt 0.821429 0.343284
vt 0.678571 0.343284
vt 0.678571 0.402985
vt 0.785714 0.283582
vt 0.714286 0.343284
vt 0.714286 0.283582
vt 0.714286 0.462687
vt 0.785714 0.462687
vt 0.839286 0.410448
vt 0.825893 0.417910
vt 0.821429 0.410448
vt 0.839286 0.402985
vt 0.821429 0.402985
vt 0.803571 0.402985
vt 0.785714 0.410448
vt 0.785714 0.402985
vt 0.857143 0.402985
vt 0.803571 0.410448
vt 0.790179 0.417910
vt 0.852679 0.417910
vt 0.843750 0.417910
vt 0.799107 0.440298
vt 0.799107 0.417910
vt 0.852679 0.440298
vt 0.834821 0.440298
vt 0.834821 0.417910
vt 0.870536 0.425373
vt 0.861607 0.410448
vt 0.870536 0.410448
vt 0.870536 0.425373
vt 0.861607 0.410448
vt 0.870536 0.410448
vt 0.870536 0.425373
vt 0.861607 0.410448
vt 0.870536 0.410448
vt 0.870536 0.447761
vt 0.861607 0.432836
vt 0.870536 0.432836
vt 0.861607 0.432836
vt 0.857143 0.425373
vt 0.861607 0.425373
vt 0.861607 0.402985
vt 0.857143 0.410448
vt 0.857143 0.425373
vt 0.861607 0.425373
vt 0.861607 0.402985
vt 0.861607 0.410448
vt 0.857143 0.410448
vt 0.861607 0.432836
vt 0.857143 0.425373
vt 0.861607 0.425373
vt 0.861607 0.402985
vt 0.857143 0.410448
vt 0.861607 0.425373
vt 0.861607 0.432836
vt 0.857143 0.425373
vt 0.861607 0.402985
vt 0.857143 0.410448
vt 0.870536 0.432836
vt 0.870536 0.402985
vt 0.870536 0.425373
vt 0.870536 0.402985
vt 0.870536 0.432836
vt 0.870536 0.402985
vt 0.870536 0.432836
vt 0.870536 0.402985
vt 0.870536 0.410448
vt 0.939732 0.313433
vt 0.955357 0.298507
vt 0.955357 0.313433
vt 0.939732 0.328358
vt 0.955357 0.343284
vt 0.939732 0.343284
vt 0.892857 0.328358
vt 0.908482 0.343284
vt 0.892857 0.343284
vt 0.908482 0.328358
vt 0.924107 0.343284
vt 0.924107 0.328358
vt 0.892857 0.313433
vt 0.908482 0.298507
vt 0.908482 0.313433
vt 0.924107 0.298507
vt 0.924107 0.313433
vt 0.939732 0.298507
vt 0.816964 0.440298
vt 0.808036 0.417910
vt 0.816964 0.417910
vt 0.839286 0.410448
vt 0.825893 0.417910
vt 0.821429 0.410448
vt 0.839286 0.402985
vt 0.821429 0.402985
vt 0.803571 0.402985
vt 0.785714 0.410448
vt 0.785714 0.402985
vt 0.857143 0.402985
vt 0.803571 0.410448
vt 0.790179 0.417910
vt 0.857143 0.410448
vt 0.843750 0.417910
vt 0.799107 0.440298
vt 0.799107 0.417910
vt 0.852679 0.440298
vt 0.852679 0.417910
vt 0.834821 0.440298
vt 0.834821 0.417910
vt 0.870536 0.425373
vt 0.861607 0.410448
vt 0.870536 0.410448
vt 0.870536 0.425373
vt 0.861607 0.410448
vt 0.870536 0.410448
vt 0.870536 0.425373
vt 0.861607 0.410448
vt 0.870536 0.410448
vt 0.870536 0.447761
vt 0.861607 0.432836
vt 0.870536 0.432836
vt 0.861607 0.432836
vt 0.857143 0.425373
vt 0.861607 0.425373
vt 0.861607 0.402985
vt 0.857143 0.410448
vt 0.857143 0.425373
vt 0.861607 0.425373
vt 0.861607 0.402985
vt 0.861607 0.410448
vt 0.857143 0.410448
vt 0.861607 0.432836
vt 0.857143 0.425373
vt 0.861607 0.425373
vt 0.861607 0.402985
vt 0.857143 0.410448
vt 0.861607 0.425373
vt 0.861607 0.432836
vt 0.857143 0.425373
vt 0.861607 0.402985
vt 0.857143 0.410448
vt 0.870536 0.432836
vt 0.870536 0.402985
vt 0.870536 0.425373
vt 0.870536 0.402985
vt 0.870536 0.432836
vt 0.870536 0.402985
vt 0.870536 0.432836
vt 0.870536 0.402985
vt 0.870536 0.410448
vt 0.816964 0.440298
vt 0.808036 0.417910
vt 0.816964 0.417910
vt 0.839286 0.410448
vt 0.825893 0.417910
vt 0.821429 0.410448
vt 0.839286 0.402985
vt 0.821429 0.402985
vt 0.803571 0.402985
vt 0.785714 0.410448
vt 0.785714 0.402985
vt 0.857143 0.402985
vt 0.803571 0.410448
vt 0.790179 0.417910
vt 0.857143 0.410448
vt 0.843750 0.417910
vt 0.799107 0.440298
vt 0.799107 0.417910
vt 0.852679 0.440298
vt 0.852679 0.417910
vt 0.834821 0.440298
vt 0.834821 0.417910
vt 0.870536 0.425373
vt 0.861607 0.410448
vt 0.870536 0.410448
vt 0.870536 0.425373
vt 0.861607 0.410448
vt 0.870536 0.410448
vt 0.870536 0.425373
vt 0.861607 0.410448
vt 0.870536 0.410448
vt 0.870536 0.447761
vt 0.861607 0.432836
vt 0.870536 0.432836
vt 0.861607 0.432836
vt 0.857143 0.425373
vt 0.861607 0.425373
vt 0.861607 0.402985
vt 0.857143 0.410448
vt 0.857143 0.425373
vt 0.861607 0.425373
vt 0.861607 0.402985
vt 0.861607 0.410448
vt 0.857143 0.410448
vt 0.861607 0.432836
vt 0.857143 0.425373
vt 0.861607 0.425373
vt 0.861607 0.402985
vt 0.857143 0.410448
vt 0.861607 0.425373
vt 0.861607 0.432836
vt 0.857143 0.425373
vt 0.861607 0.402985
vt 0.857143 0.410448
vt 0.870536 0.432836
vt 0.870536 0.402985
vt 0.870536 0.425373
vt 0.870536 0.402985
vt 0.870536 0.432836
vt 0.870536 0.402985
vt 0.870536 0.432836
vt 0.870536 0.410448
vt 0.035714 0.283582
vt 0.642857 0.283582
vt 0.678571 0.880597
vt 0.410714 0.402985
vt 0.446429 0.611940
vt 0.535714 0.611940
vt 0.589286 0.611940
vt 0.500000 0.611940
vt 0.462054 0.358209
vt 0.479911 0.358209
vt 0.497768 0.358209
vt 0.533482 0.358209
vt 0.551339 0.358209
vt 0.569196 0.358209
vt 0.604911 0.358209
vt 0.622768 0.358209
vt 0.642857 0.343284
vt 0.372768 0.358209
vt 0.408482 0.358209
vt 0.426339 0.358209
vt 0.408628 0.464863
vt 0.383929 0.492452
vt 0.402833 0.479362
vt 0.394160 0.489050
vt 0.373698 0.489050
vt 0.365025 0.479362
vt 0.359229 0.464863
vt 0.359229 0.430659
vt 0.365025 0.416160
vt 0.373698 0.406473
vt 0.394160 0.406473
vt 0.402833 0.416160
vt 0.408628 0.430659
vt 0.459821 0.388060
vt 0.477679 0.388060
vt 0.495536 0.388060
vt 0.513393 0.388060
vt 0.531250 0.388060
vt 0.551339 0.373134
vt 0.566964 0.388060
vt 0.587054 0.373134
vt 0.604911 0.373134
vt 0.622768 0.373134
vt 0.638393 0.388060
vt 0.372768 0.373134
vt 0.390625 0.373134
vt 0.408482 0.373134
vt 0.426339 0.373134
vt 0.441964 0.388060
vt 0.808036 0.440298
vt 0.857143 0.410448
vt 0.790179 0.440298
vt 0.843750 0.440298
vt 0.825893 0.440298
vt 0.861607 0.447761
vt 0.955357 0.328358
vt 0.892857 0.298507
vt 0.678571 0.880597
vt 0.642857 0.283582
vt 0.410714 0.402985
vt 0.446429 0.611940
vt 0.535714 0.611940
vt 0.589286 0.611940
vt 0.500000 0.611940
vt 0.462054 0.358209
vt 0.479911 0.358209
vt 0.497768 0.358209
vt 0.533482 0.358209
vt 0.551339 0.358209
vt 0.569196 0.358209
vt 0.604911 0.358209
vt 0.622768 0.358209
vt 0.642857 0.343284
vt 0.372768 0.358209
vt 0.408482 0.358209
vt 0.426339 0.358209
vt 0.408628 0.464863
vt 0.383929 0.492452
vt 0.402833 0.479362
vt 0.394160 0.489050
vt 0.373698 0.489050
vt 0.365025 0.479362
vt 0.359229 0.464863
vt 0.359229 0.430659
vt 0.365025 0.416160
vt 0.373698 0.406473
vt 0.394160 0.406473
vt 0.402833 0.416160
vt 0.408628 0.430659
vt 0.459821 0.388060
vt 0.477679 0.388060
vt 0.495536 0.388060
vt 0.513393 0.388060
vt 0.531250 0.388060
vt 0.551339 0.373134
vt 0.566964 0.388060
vt 0.587054 0.373134
vt 0.604911 0.373134
vt 0.622768 0.373134
vt 0.638393 0.388060
vt 0.372768 0.373134
vt 0.390625 0.373134
vt 0.408482 0.373134
vt 0.426339 0.373134
vt 0.441964 0.388060
vt 0.808036 0.440298
vt 0.857143 0.410448
vt 0.790179 0.440298
vt 0.843750 0.440298
vt 0.825893 0.440298
vt 0.861607 0.447761
vt 0.955357 0.328358
vt 0.892857 0.298507
vt 0.808036 0.440298
vt 0.857143 0.410448
vt 0.790179 0.440298
vt 0.843750 0.440298
vt 0.825893 0.440298
vt 0.861607 0.447761
vt 0.955357 0.328358
vt 0.892857 0.298507
vt 0.808036 0.440298
vt 0.857143 0.410448
vt 0.790179 0.440298
vt 0.843750 0.440298
vt 0.825893 0.440298
vt 0.861607 0.447761
vt 0.955357 0.328358
vt 0.892857 0.298507
vt 0.808036 0.440298
vt 0.790179 0.440298
vt 0.843750 0.440298
vt 0.825893 0.440298
vt 0.861607 0.447761
vt 0.808036 0.440298
vt 0.790179 0.440298
vt 0.843750 0.440298
vt 0.825893 0.440298
vt 0.861607 0.447761
vt 0.870536 0.402985
vt 0.625000 0.283582
vt 0.607143 0.283582
vt 0.500000 0.283582
vt 0.482143 0.283582
vt 0.642857 0.283582
vt 0.517857 0.283582
vt 0.375000 0.283582
vt 0.357143 0.283582
vt 0.535714 0.283582
vt 0.392857 0.283582
vt 0.553571 0.283582
vt 0.410714 0.283582
vt 0.571429 0.283582
vt 0.446429 0.283582
vt 0.428571 0.283582
vt 0.589286 0.283582
vt 0.464286 0.283582
vt 0.433036 0.402985
vt 0.441964 0.402985
vt 0.379464 0.402985
vt 0.388393 0.402985
vt 0.361607 0.402985
vt 0.370536 0.402985
vt 0.629464 0.402985
vt 0.638393 0.402985
vt 0.611607 0.402985
vt 0.620536 0.402985
vt 0.593750 0.402985
vt 0.602679 0.402985
vt 0.575893 0.402985
vt 0.584821 0.402985
vt 0.397321 0.402985
vt 0.406250 0.402985
vt 0.450893 0.402985
vt 0.459821 0.402985
vt 0.415179 0.402985
vt 0.424107 0.402985
vt 0.468750 0.402985
vt 0.477679 0.402985
vt 0.486607 0.402985
vt 0.495536 0.402985
vt 0.504464 0.402985
vt 0.513393 0.402985
vt 0.522321 0.402985
vt 0.531250 0.402985
vt 0.540179 0.402985
vt 0.549107 0.402985
vt 0.558036 0.402985
vt 0.566964 0.402985
vt 0.939732 0.283582
vt 0.892857 0.283582
vt 0.908482 0.283582
vt 0.924107 0.283582
vt 0.607143 0.283582
vt 0.500000 0.283582
vt 0.482143 0.283582
vt 0.642857 0.283582
vt 0.625000 0.283582
vt 0.517857 0.283582
vt 0.375000 0.283582
vt 0.357143 0.283582
vt 0.535714 0.283582
vt 0.392857 0.283582
vt 0.410714 0.283582
vt 0.571429 0.283582
vt 0.553571 0.283582
vt 0.446429 0.283582
vt 0.428571 0.283582
vt 0.589286 0.283582
vt 0.464286 0.283582
vt 0.433036 0.402985
vt 0.441964 0.402985
vt 0.388393 0.402985
vt 0.361607 0.402985
vt 0.370536 0.402985
vt 0.638393 0.402985
vt 0.611607 0.402985
vt 0.620536 0.402985
vt 0.593750 0.402985
vt 0.602679 0.402985
vt 0.575893 0.402985
vt 0.584821 0.402985
vt 0.397321 0.402985
vt 0.406250 0.402985
vt 0.450893 0.402985
vt 0.459821 0.402985
vt 0.415179 0.402985
vt 0.424107 0.402985
vt 0.468750 0.402985
vt 0.477679 0.402985
vt 0.486607 0.402985
vt 0.495536 0.402985
vt 0.504464 0.402985
vt 0.513393 0.402985
vt 0.522321 0.402985
vt 0.531250 0.402985
vt 0.540179 0.402985
vt 0.549107 0.402985
vt 0.558036 0.402985
vt 0.566964 0.402985
vt 0.955357 0.283582
vt 0.892857 0.283582
vt 0.908482 0.283582
vt 0.939732 0.283582
vt 0.939732 0.283582
vt 0.892857 0.283582
vt 0.908482 0.283582
vt 0.924107 0.283582
vt 0.955357 0.283582
vt 0.892857 0.283582
vt 0.908482 0.283582
vt 0.924107 0.283582
vt 0.955357 0.283582
vt 0.379464 0.402985
vt 0.629464 0.402985
vt 0.924107 0.283582
vt 0.955357 0.283582
vt 0.939732 0.283582
vn 0.0000 -1.0000 0.0000
vn -0.7071 -0.7071 0.0000
vn 0.7071 -0.7071 0.0000
vn 1.0000 0.0000 0.0000
vn -1.0000 0.0000 0.0000
vn 0.0000 1.0000 0.0000
vn 0.0000 0.0000 -1.0000
vn 0.0000 0.0000 1.0000
vn 0.8944 0.4472 0.0000
vn -0.8944 0.4472 0.0000
vn -0.7071 0.7071 0.0000
vn 0.7071 0.7071 0.0000
vn 0.0000 0.7071 0.7071
vn 0.0000 0.7071 -0.7071
vn -0.5774 0.5773 0.5773
vn -0.5774 -0.5773 0.5773
vn -0.5774 0.5773 -0.5773
vn -0.5774 -0.5773 -0.5773
vn 0.5774 0.5774 0.5774
vn 0.5774 -0.5774 0.5774
vn 0.5774 0.5774 -0.5774
vn 0.5774 -0.5774 -0.5774
vn 0.0000 -0.7071 -0.7071
vn -0.7071 0.0000 -0.7071
vn -0.7071 0.0000 0.7071
vn 0.0000 -0.7071 0.7071
vn 0.7071 0.0000 0.7071
vn 0.7071 0.0000 -0.7071
vn 0.5774 0.5773 -0.5773
vn 0.5774 -0.5773 -0.5773
vn 0.5774 0.5773 0.5773
vn 0.5774 -0.5773 0.5773
vn -0.5774 0.5774 -0.5774
vn -0.5774 -0.5774 -0.5774
vn -0.5774 0.5774 0.5774
vn -0.5774 -0.5774 0.5774
vn 0.5773 0.5774 0.5774
vn 0.0000 -0.9239 -0.3827
vn 0.0000 0.9239 0.3827
vn 0.0000 0.9239 -0.3827
vn 0.0000 -0.9239 0.3827
vn 0.0000 0.3827 -0.9239
vn 0.0000 -0.3827 0.9239
vn 0.0000 0.3827 0.9239
vn -0.0000 -0.3827 -0.9239
vn 0.0000 0.6169 -0.7871
vn 0.0000 0.5735 -0.8192
vn 0.0000 -0.6169 0.7871
vn 0.0000 -0.5735 0.8192
vn 0.0000 -0.9615 0.2747
vn 0.0000 -0.9216 0.3882
vn 0.0000 -0.7741 0.6331
vn 0.0000 0.9615 -0.2747
vn 0.0000 0.9216 -0.3882
vn 0.0000 0.7741 -0.6331
vn 0.0000 0.6169 0.7871
vn 0.0000 0.5735 0.8192
vn -0.0000 -0.6169 -0.7871
vn -0.0000 -0.5735 -0.8192
vn 0.0000 -0.9615 -0.2747
vn 0.0000 -0.9216 -0.3882
vn -0.0000 -0.7741 -0.6331
vn 0.0000 0.9615 0.2747
vn 0.0000 0.9216 0.3882
vn 0.0000 0.7741 0.6331
usemtl fensu2
s off
f 649/917/179 647/918/179 645/919/179
f 646/920/180 652/921/180 650/922/180
f 647/918/181 652/921/181 648/923/181
f 645/924/182 648/923/182 646/925/182
f 651/926/183 650/927/183 652/921/183
f 654/928/183 655/929/183 653/930/183
f 660/931/182 657/932/182 659/933/182
f 658/934/184 653/930/184 657/932/184
f 659/935/179 653/930/179 655/936/179
f 656/937/180 658/934/180 660/938/180
f 665/939/184 663/940/184 661/941/184
f 662/942/181 668/943/181 666/944/181
f 663/940/179 668/943/179 664/945/179
f 661/946/182 664/945/182 662/947/182
f 668/943/183 665/948/183 666/949/183
f 670/950/183 671/951/183 669/952/183
f 676/953/182 673/954/182 675/955/182
f 674/956/180 669/952/180 673/954/180
f 675/957/184 669/952/184 671/958/184
f 672/959/181 674/956/181 676/960/181
f 677/961/185 642/962/185 644/963/185
f 643/964/186 680/965/186 678/966/186
f 642/962/187 680/965/187 641/967/187
f 644/968/182 641/967/182 643/969/182
f 679/970/183 678/971/183 680/965/183
f 682/972/183 683/973/183 681/974/183
f 687/975/182 686/976/182 685/977/182
f 686/976/188 681/974/188 685/977/188
f 687/978/185 681/974/185 683/979/185
f 684/980/186 686/976/186 688/981/186
f 693/982/188 691/983/188 689/984/188
f 690/985/187 696/986/187 694/987/187
f 691/983/185 696/986/185 692/988/185
f 689/989/182 692/988/182 690/990/182
f 696/986/183 693/991/183 694/992/183
f 698/993/183 699/994/183 697/995/183
f 704/996/182 701/997/182 703/998/182
f 702/999/186 697/995/186 701/997/186
f 703/1000/188 697/995/188 699/1001/188
f 700/1002/187 702/999/187 704/1003/187
f 713/1004/179 711/1005/179 709/1006/179
f 710/1007/180 716/1008/180 714/1009/180
f 711/1005/184 716/1008/184 712/1010/184
f 709/1011/183 712/1010/183 710/1012/183
f 715/1013/182 714/1014/182 716/1008/182
f 718/1015/182 719/1016/182 717/1017/182
f 724/1018/183 721/1019/183 723/1020/183
f 722/1021/181 717/1017/181 721/1019/181
f 723/1022/179 717/1017/179 719/1023/179
f 720/1024/180 722/1021/180 724/1025/180
f 729/1026/181 727/1027/181 725/1028/181
f 726/1029/184 732/1030/184 730/1031/184
f 727/1027/179 732/1030/179 728/1032/179
f 725/1033/183 728/1032/183 726/1034/183
f 732/1030/182 729/1035/182 730/1036/182
f 734/1037/182 735/1038/182 733/1039/182
f 740/1040/183 737/1041/183 739/1042/183
f 738/1043/180 733/1039/180 737/1041/180
f 739/1044/181 733/1039/181 735/1045/181
f 736/1046/184 738/1043/184 740/1047/184
f 741/1048/187 706/1049/187 708/1050/187
f 707/1051/188 744/1052/188 742/1053/188
f 706/1049/185 744/1052/185 705/1054/185
f 708/1055/183 705/1054/183 707/1056/183
f 743/1057/182 742/1058/182 744/1052/182
f 746/1059/182 747/1060/182 745/1061/182
f 751/1062/183 750/1063/183 749/1064/183
f 750/1063/186 745/1061/186 749/1064/186
f 751/1065/187 745/1061/187 747/1066/187
f 748/1067/188 750/1063/188 752/1068/188
f 757/1069/186 755/1070/186 753/1071/186
f 754/1072/185 760/1073/185 758/1074/185
f 755/1070/187 760/1073/187 756/1075/187
f 753/1076/183 756/1075/183 754/1077/183
f 760/1073/182 757/1078/182 758/1079/182
f 762/1080/182 763/1081/182 761/1082/182
f 768/1083/183 765/1084/183 767/1085/183
f 766/1086/188 761/1082/188 765/1084/188
f 767/1087/186 761/1082/186 763/1088/186
f 764/1089/185 766/1086/185 768/1090/185
f 649/917/179 651/926/179 647/918/179
f 646/920/180 648/923/180 652/921/180
f 647/918/181 651/926/181 652/921/181
f 645/924/182 647/918/182 648/923/182
f 651/926/183 649/1091/183 650/927/183
f 654/928/183 656/1092/183 655/929/183
f 660/931/182 658/934/182 657/932/182
f 658/934/184 654/928/184 653/930/184
f 659/935/179 657/932/179 653/930/179
f 656/937/180 654/928/180 658/934/180
f 665/939/184 667/1093/184 663/940/184
f 662/942/181 664/945/181 668/943/181
f 663/940/179 667/1093/179 668/943/179
f 661/946/182 663/940/182 664/945/182
f 668/943/183 667/1093/183 665/948/183
f 670/950/183 672/1094/183 671/951/183
f 676/953/182 674/956/182 673/954/182
f 674/956/180 670/950/180 669/952/180
f 675/957/184 673/954/184 669/952/184
f 672/959/181 670/950/181 674/956/181
f 677/961/185 679/970/185 642/962/185
f 643/964/186 641/967/186 680/965/186
f 642/962/187 679/970/187 680/965/187
f 644/968/182 642/962/182 641/967/182
f 679/970/183 677/1095/183 678/971/183
f 682/972/183 684/1096/183 683/973/183
f 687/975/182 688/1097/182 686/976/182
f 686/976/188 682/972/188 681/974/188
f 687/978/185 685/977/185 681/974/185
f 684/980/186 682/972/186 686/976/186
f 693/982/188 695/1098/188 691/983/188
f 690/985/187 692/988/187 696/986/187
f 691/983/185 695/1098/185 696/986/185
f 689/989/182 691/983/182 692/988/182
f 696/986/183 695/1098/183 693/991/183
f 698/993/183 700/1099/183 699/994/183
f 704/996/182 702/999/182 701/997/182
f 702/999/186 698/993/186 697/995/186
f 703/1000/188 701/997/188 697/995/188
f 700/1002/187 698/993/187 702/999/187
f 713/1004/179 715/1013/179 711/1005/179
f 710/1007/180 712/1010/180 716/1008/180
f 711/1005/184 715/1013/184 716/1008/184
f 709/1011/183 711/1005/183 712/1010/183
f 715/1013/182 713/1100/182 714/1014/182
f 718/1015/182 720/1101/182 719/1016/182
f 724/1018/183 722/1021/183 721/1019/183
f 722/1021/181 718/1015/181 717/1017/181
f 723/1022/179 721/1019/179 717/1017/179
f 720/1024/180 718/1015/180 722/1021/180
f 729/1026/181 731/1102/181 727/1027/181
f 726/1029/184 728/1032/184 732/1030/184
f 727/1027/179 731/1102/179 732/1030/179
f 725/1033/183 727/1027/183 728/1032/183
f 732/1030/182 731/1102/182 729/1035/182
f 734/1037/182 736/1103/182 735/1038/182
f 740/1040/183 738/1043/183 737/1041/183
f 738/1043/180 734/1037/180 733/1039/180
f 739/1044/181 737/1041/181 733/1039/181
f 736/1046/184 734/1037/184 738/1043/184
f 741/1048/187 743/1057/187 706/1049/187
f 707/1051/188 705/1054/188 744/1052/188
f 706/1049/185 743/1057/185 744/1052/185
f 708/1055/183 706/1049/183 705/1054/183
f 743/1057/182 741/1104/182 742/1058/182
f 746/1059/182 748/1105/182 747/1060/182
f 751/1062/183 752/1106/183 750/1063/183
f 750/1063/186 746/1059/186 745/1061/186
f 751/1065/187 749/1064/187 745/1061/187
f 748/1067/188 746/1059/188 750/1063/188
f 757/1069/186 759/1107/186 755/1070/186
f 754/1072/185 756/1075/185 760/1073/185
f 755/1070/187 759/1107/187 760/1073/187
f 753/1076/183 755/1070/183 756/1075/183
f 760/1073/182 759/1107/182 757/1078/182
f 762/1080/182 764/1108/182 763/1081/182
f 768/1083/183 766/1086/183 765/1084/183
f 766/1086/188 762/1080/188 761/1082/188
f 767/1087/186 765/1084/186 761/1082/186
f 764/1089/185 762/1080/185 766/1086/185
