# Split from HBM 1.12.2 liquefactor.obj
mtllib liquefactor_white.mtl
# Blender v2.79 (sub 0) OBJ File: 'liquefactor.blend'
# www.blender.org
v 1.062500 1.000000 -0.625000
v 1.087620 1.000000 -0.531250
v 1.156250 1.000000 -0.462620
v 1.250000 1.000000 -0.437500
v 1.343750 1.000000 -0.462620
v 1.412380 1.000000 -0.531250
v 1.437500 1.000000 -0.625000
v 1.412380 1.000000 -0.718750
v 1.343750 1.000000 -0.787380
v 1.250000 1.000000 -0.812500
v 1.156250 1.000000 -0.787380
v 1.087620 1.000000 -0.718750
v 1.062500 1.000000 0.625000
v 1.087620 1.000000 0.718750
v 1.156250 1.000000 0.787380
v 1.250000 1.000000 0.812500
v 1.343750 1.000000 0.787380
v 1.412380 1.000000 0.718750
v 1.437500 1.000000 0.625000
v 1.412380 1.000000 0.531250
v 1.343750 1.000000 0.462620
v 1.250000 1.000000 0.437500
v 1.156250 1.000000 0.462620
v 1.087620 1.000000 0.531250
v -0.625000 1.000000 -1.062500
v -0.531250 1.000000 -1.087620
v -0.462620 1.000000 -1.156250
v -0.437500 1.000000 -1.250000
v -0.462620 1.000000 -1.343750
v -0.531250 1.000000 -1.412380
v -0.625000 1.000000 -1.437500
v -0.718750 1.000000 -1.412380
v -0.787380 1.000000 -1.343750
v -0.812500 1.000000 -1.250000
v -0.787380 1.000000 -1.156250
v -0.718750 1.000000 -1.087620
v 0.625000 1.000000 -1.062500
v 0.718750 1.000000 -1.087620
v 0.787380 1.000000 -1.156250
v 0.812500 1.000000 -1.250000
v 0.787380 1.000000 -1.343750
v 0.718750 1.000000 -1.412380
v 0.625000 1.000000 -1.437500
v 0.531250 1.000000 -1.412380
v 0.462620 1.000000 -1.343750
v 0.437500 1.000000 -1.250000
v 0.462620 1.000000 -1.156250
v 0.531250 1.000000 -1.087620
v -1.062500 1.000000 0.625000
v -1.087620 1.000000 0.531250
v -1.156250 1.000000 0.462620
v -1.250000 1.000000 0.437500
v -1.343750 1.000000 0.462620
v -1.412380 1.000000 0.531250
v -1.437500 1.000000 0.625000
v -1.412380 1.000000 0.718750
v -1.343750 1.000000 0.787380
v -1.250000 1.000000 0.812500
v -1.156250 1.000000 0.787380
v -1.087620 1.000000 0.718750
v -1.062500 1.000000 -0.625000
v -1.087620 1.000000 -0.718750
v -1.156250 1.000000 -0.787380
v -1.250000 1.000000 -0.812500
v -1.343750 1.000000 -0.787380
v -1.412380 1.000000 -0.718750
v -1.437500 1.000000 -0.625000
v -1.412380 1.000000 -0.531250
v -1.343750 1.000000 -0.462620
v -1.250000 1.000000 -0.437500
v -1.156250 1.000000 -0.462620
v -1.087620 1.000000 -0.531250
v 0.625000 1.000000 1.062500
v 0.531250 1.000000 1.087620
v 0.462620 1.000000 1.156250
v 0.437500 1.000000 1.250000
v 0.462620 1.000000 1.343750
v 0.531250 1.000000 1.412380
v 0.625000 1.000000 1.437500
v 0.718750 1.000000 1.412380
v 0.787380 1.000000 1.343750
v 0.812500 1.000000 1.250000
v 0.787380 1.000000 1.156250
v 0.718750 1.000000 1.087620
v -0.625000 1.000000 1.062500
v -0.718750 1.000000 1.087620
v -0.787380 1.000000 1.156250
v -0.812500 1.000000 1.250000
v -0.787380 1.000000 1.343750
v -0.718750 1.000000 1.412380
v -0.625000 1.000000 1.437500
v -0.531250 1.000000 1.412380
v -0.462620 1.000000 1.343750
v -0.437500 1.000000 1.250000
v -0.462620 1.000000 1.156250
v -0.531250 1.000000 1.087620
v 1.087620 2.000000 -0.531250
v 1.062500 2.000000 -0.625000
v 1.156250 2.000000 -0.462620
v 1.250000 2.000000 -0.437500
v 1.343750 2.000000 -0.462620
v 1.412380 2.000000 -0.531250
v 1.437500 2.000000 -0.625000
v 1.412380 2.000000 -0.718750
v 1.343750 2.000000 -0.787380
v 1.250000 2.000000 -0.812500
v 1.156250 2.000000 -0.787380
v 1.087620 2.000000 -0.718750
v 1.087620 2.000000 0.718750
v 1.062500 2.000000 0.625000
v 1.156250 2.000000 0.787380
v 1.250000 2.000000 0.812500
v 1.343750 2.000000 0.787380
v 1.412380 2.000000 0.718750
v 1.437500 2.000000 0.625000
v 1.412380 2.000000 0.531250
v 1.343750 2.000000 0.462620
v 1.250000 2.000000 0.437500
v 1.156250 2.000000 0.462620
v 1.087620 2.000000 0.531250
v -0.531250 2.000000 -1.087620
v -0.625000 2.000000 -1.062500
v -0.462620 2.000000 -1.156250
v -0.437500 2.000000 -1.250000
v -0.462620 2.000000 -1.343750
v -0.531250 2.000000 -1.412380
v -0.625000 2.000000 -1.437500
v -0.718750 2.000000 -1.412380
v -0.787380 2.000000 -1.343750
v -0.812500 2.000000 -1.250000
v -0.787380 2.000000 -1.156250
v -0.718750 2.000000 -1.087620
v 0.718750 2.000000 -1.087620
v 0.625000 2.000000 -1.062500
v 0.787380 2.000000 -1.156250
v 0.812500 2.000000 -1.250000
v 0.787380 2.000000 -1.343750
v 0.718750 2.000000 -1.412380
v 0.625000 2.000000 -1.437500
v 0.531250 2.000000 -1.412380
v 0.462620 2.000000 -1.343750
v 0.437500 2.000000 -1.250000
v 0.462620 2.000000 -1.156250
v 0.531250 2.000000 -1.087620
v -1.087620 2.000000 0.531250
v -1.062500 2.000000 0.625000
v -1.156250 2.000000 0.462620
v -1.250000 2.000000 0.437500
v -1.343750 2.000000 0.462620
v -1.412380 2.000000 0.531250
v -1.437500 2.000000 0.625000
v -1.412380 2.000000 0.718750
v -1.343750 2.000000 0.787380
v -1.250000 2.000000 0.812500
v -1.156250 2.000000 0.787380
v -1.087620 2.000000 0.718750
v -1.087620 2.000000 -0.718750
v -1.062500 2.000000 -0.625000
v -1.156250 2.000000 -0.787380
v -1.250000 2.000000 -0.812500
v -1.343750 2.000000 -0.787380
v -1.412380 2.000000 -0.718750
v -1.437500 2.000000 -0.625000
v -1.412380 2.000000 -0.531250
v -1.343750 2.000000 -0.462620
v -1.250000 2.000000 -0.437500
v -1.156250 2.000000 -0.462620
v -1.087620 2.000000 -0.531250
v 0.531250 2.000000 1.087620
v 0.625000 2.000000 1.062500
v 0.462620 2.000000 1.156250
v 0.437500 2.000000 1.250000
v 0.462620 2.000000 1.343750
v 0.531250 2.000000 1.412380
v 0.625000 2.000000 1.437500
v 0.718750 2.000000 1.412380
v 0.787380 2.000000 1.343750
v 0.812500 2.000000 1.250000
v 0.787380 2.000000 1.156250
v 0.718750 2.000000 1.087620
v -0.718750 2.000000 1.087620
v -0.625000 2.000000 1.062500
v -0.787380 2.000000 1.156250
v -0.812500 2.000000 1.250000
v -0.787380 2.000000 1.343750
v -0.718750 2.000000 1.412380
v -0.625000 2.000000 1.437500
v -0.531250 2.000000 1.412380
v -0.462620 2.000000 1.343750
v -0.437500 2.000000 1.250000
v -0.462620 2.000000 1.156250
v -0.531250 2.000000 1.087620
v 1.087620 2.000000 -0.531250
v 1.062500 2.000000 -0.625000
v 1.156250 2.000000 -0.462620
v 1.250000 2.000000 -0.437500
v 1.343750 2.000000 -0.462620
v 1.412380 2.000000 -0.531250
v 1.437500 2.000000 -0.625000
v 1.412380 2.000000 -0.718750
v 1.343750 2.000000 -0.787380
v 1.250000 2.000000 -0.812500
v 1.156250 2.000000 -0.787380
v 1.087621 2.000000 -0.718750
v 1.087620 2.000000 0.718750
v 1.062500 2.000000 0.625000
v 1.156250 2.000000 0.787380
v 1.250000 2.000000 0.812500
v 1.343750 2.000000 0.787380
v 1.412380 2.000000 0.718750
v 1.437500 2.000000 0.625000
v 1.412380 2.000000 0.531250
v 1.343750 2.000000 0.462620
v 1.250000 2.000000 0.437500
v 1.156250 2.000000 0.462620
v 1.087621 2.000000 0.531250
v -0.531250 2.000000 -1.087620
v -0.625000 2.000000 -1.062500
v -0.462620 2.000000 -1.156250
v -0.437500 2.000000 -1.250000
v -0.462620 2.000000 -1.343750
v -0.531250 2.000000 -1.412380
v -0.625000 2.000000 -1.437500
v -0.718750 2.000000 -1.412380
v -0.787380 2.000000 -1.343750
v -0.812500 2.000000 -1.250000
v -0.787380 2.000000 -1.156250
v -0.718750 2.000000 -1.087620
v 0.718750 2.000000 -1.087620
v 0.625000 2.000000 -1.062500
v 0.787380 2.000000 -1.156250
v 0.812500 2.000000 -1.250000
v 0.787380 2.000000 -1.343750
v 0.718750 2.000000 -1.412380
v 0.625000 2.000000 -1.437500
v 0.531250 2.000000 -1.412380
v 0.462620 2.000000 -1.343750
v 0.437500 2.000000 -1.250000
v 0.462620 2.000000 -1.156250
v 0.531250 2.000000 -1.087620
v -1.087620 2.000000 0.531250
v -1.062500 2.000000 0.625000
v -1.156250 2.000000 0.462620
v -1.250000 2.000000 0.437500
v -1.343750 2.000000 0.462620
v -1.412380 2.000000 0.531250
v -1.437500 2.000000 0.625000
v -1.412380 2.000000 0.718750
v -1.343750 2.000000 0.787380
v -1.250000 2.000000 0.812500
v -1.156250 2.000000 0.787380
v -1.087620 2.000000 0.718750
v -1.087620 2.000000 -0.718750
v -1.062500 2.000000 -0.625000
v -1.156250 2.000000 -0.787380
v -1.250000 2.000000 -0.812500
v -1.343750 2.000000 -0.787380
v -1.412380 2.000000 -0.718750
v -1.437500 2.000000 -0.625000
v -1.412380 2.000000 -0.531250
v -1.343750 2.000000 -0.462620
v -1.250000 2.000000 -0.437500
v -1.156250 2.000000 -0.462620
v -1.087620 2.000000 -0.531250
v 0.531250 2.000000 1.087620
v 0.625000 2.000000 1.062500
v 0.462620 2.000000 1.156250
v 0.437500 2.000000 1.250000
v 0.462620 2.000000 1.343750
v 0.531250 2.000000 1.412380
v 0.625000 2.000000 1.437500
v 0.718750 2.000000 1.412380
v 0.787380 2.000000 1.343750
v 0.812500 2.000000 1.250000
v 0.787380 2.000000 1.156250
v 0.718750 2.000000 1.087620
v -0.718750 2.000000 1.087620
v -0.625000 2.000000 1.062500
v -0.787379 2.000000 1.156250
v -0.812500 2.000000 1.250000
v -0.787379 2.000000 1.343750
v -0.718750 2.000000 1.412380
v -0.625000 2.000000 1.437500
v -0.531250 2.000000 1.412380
v -0.462620 2.000000 1.343750
v -0.437500 2.000000 1.250000
v -0.462620 2.000000 1.156250
v -0.531250 2.000000 1.087620
vt 0.820667 0.716925
vt 0.809233 0.783110
vt 0.777995 0.734659
vt 0.820667 0.716925
vt 0.809233 0.783110
vt 0.777995 0.734659
vt 0.820667 0.716925
vt 0.809233 0.783110
vt 0.777995 0.734659
vt 0.820667 0.716925
vt 0.809233 0.783110
vt 0.777995 0.734659
vt 0.820667 0.716925
vt 0.809233 0.783110
vt 0.777995 0.734659
vt 0.784596 0.772871
vt 0.777995 0.734659
vt 0.820667 0.716925
vt 0.820667 0.716925
vt 0.809233 0.783110
vt 0.777995 0.734659
vt 0.796030 0.706686
vt 0.820667 0.716925
vt 0.809233 0.783110
vt 0.820667 0.772871
vt 0.827268 0.755137
vt 0.827268 0.755137
vt 0.827268 0.734659
vt 0.820667 0.716925
vt 0.820667 0.716925
vt 0.777995 0.734659
vt 0.777995 0.755137
vt 0.777995 0.755137
vt 0.784596 0.772871
vt 0.796030 0.783110
vt 0.796030 0.783110
vt 0.809233 0.783110
vt 0.820667 0.772871
vt 0.827268 0.755137
vt 0.827268 0.734659
vt 0.777995 0.755137
vt 0.784596 0.772871
vt 0.796030 0.783110
vt 0.809233 0.783110
vt 0.820667 0.772871
vt 0.827268 0.755137
vt 0.777995 0.734659
vt 0.777995 0.755137
vt 0.784596 0.772871
vt 0.796030 0.783110
vt 0.809233 0.783110
vt 0.820667 0.772871
vt 0.784596 0.716925
vt 0.777995 0.734659
vt 0.777995 0.734659
vt 0.777995 0.755137
vt 0.784596 0.772871
vt 0.796030 0.783110
vt 0.809233 0.783110
vt 0.796030 0.706686
vt 0.784596 0.716925
vt 0.777995 0.734659
vt 0.777995 0.755137
vt 0.784596 0.772871
vt 0.796030 0.783110
vt 0.809233 0.706686
vt 0.796030 0.706686
vt 0.784596 0.716925
vt 0.777995 0.734659
vt 0.777995 0.734659
vt 0.777995 0.755137
vt 0.784596 0.772871
vt 0.820667 0.716925
vt 0.809233 0.706686
vt 0.796030 0.706686
vt 0.784596 0.716925
vt 0.777995 0.734659
vt 0.777995 0.755137
vt 0.827268 0.734659
vt 0.820667 0.716925
vt 0.809233 0.706686
vt 0.796030 0.706686
vt 0.784596 0.716925
vt 0.777995 0.734659
vt 0.777995 0.734659
vt 0.827268 0.755137
vt 0.827268 0.734659
vt 0.820667 0.716925
vt 0.809233 0.706686
vt 0.796030 0.706686
vt 0.784596 0.716925
vt 0.820667 0.772871
vt 0.827268 0.755137
vt 0.827268 0.734659
vt 0.820667 0.716925
vt 0.809233 0.706686
vt 0.796030 0.706686
vt 0.784596 0.716925
vt 0.777995 0.734659
vt 0.777995 0.734659
vt 0.809233 0.783110
vt 0.820667 0.772871
vt 0.827268 0.755137
vt 0.827268 0.734659
vt 0.820667 0.716925
vt 0.809233 0.706686
vt 0.796030 0.706686
vt 0.784596 0.716925
vt 0.796030 0.783110
vt 0.809233 0.783110
vt 0.820667 0.772871
vt 0.827268 0.755137
vt 0.827268 0.734659
vt 0.820667 0.716925
vt 0.809233 0.706686
vt 0.796030 0.706686
vt 0.784596 0.772871
vt 0.796030 0.783110
vt 0.809233 0.783110
vt 0.820667 0.772871
vt 0.827268 0.755137
vt 0.827268 0.734659
vt 0.820667 0.716925
vt 0.809233 0.706686
vt 0.777995 0.755137
vt 0.784596 0.772871
vt 0.796030 0.783110
vt 0.809233 0.783110
vt 0.820667 0.772871
vt 0.827268 0.755137
vt 0.827268 0.734659
vt 0.820667 0.716925
vt 0.777995 0.755137
vt 0.784596 0.772871
vt 0.796030 0.783110
vt 0.809233 0.783110
vt 0.820667 0.772871
vt 0.827268 0.755137
vt 0.827268 0.734659
vt 0.784596 0.716925
vt 0.777995 0.734659
vt 0.777995 0.755137
vt 0.784596 0.772871
vt 0.796030 0.783110
vt 0.809233 0.783110
vt 0.820667 0.772871
vt 0.827268 0.755137
vt 0.796030 0.706686
vt 0.784596 0.716925
vt 0.777995 0.755137
vt 0.784596 0.772871
vt 0.796030 0.783110
vt 0.809233 0.783110
vt 0.820667 0.772871
vt 0.809233 0.706686
vt 0.796030 0.706686
vt 0.784596 0.716925
vt 0.777995 0.734659
vt 0.777995 0.755137
vt 0.784596 0.772871
vt 0.796030 0.783110
vt 0.809233 0.783110
vt 0.820667 0.716925
vt 0.809233 0.706686
vt 0.796030 0.706686
vt 0.784596 0.716925
vt 0.777995 0.755137
vt 0.784596 0.772871
vt 0.796030 0.783110
vt 0.827268 0.734659
vt 0.820667 0.716925
vt 0.809233 0.706686
vt 0.796030 0.706686
vt 0.784596 0.716925
vt 0.777995 0.734659
vt 0.777995 0.755137
vt 0.784596 0.772871
vt 0.827268 0.755137
vt 0.827268 0.734659
vt 0.820667 0.716925
vt 0.809233 0.706686
vt 0.796030 0.706686
vt 0.784596 0.716925
vt 0.777995 0.755137
vt 0.820667 0.772871
vt 0.827268 0.755137
vt 0.827268 0.734659
vt 0.820667 0.716925
vt 0.809233 0.706686
vt 0.796030 0.706686
vt 0.784596 0.716925
vt 0.777995 0.734659
vt 0.809233 0.783110
vt 0.820667 0.772871
vt 0.827268 0.755137
vt 0.827268 0.734659
vt 0.820667 0.716925
vt 0.809233 0.706686
vt 0.796030 0.706686
vt 0.784596 0.716925
vt 0.796030 0.783110
vt 0.809233 0.783110
vt 0.820667 0.772871
vt 0.827268 0.755137
vt 0.827268 0.734659
vt 0.820667 0.716925
vt 0.809233 0.706686
vt 0.796030 0.706686
vt 0.784596 0.772871
vt 0.796030 0.783110
vt 0.809233 0.783110
vt 0.820667 0.772871
vt 0.827268 0.734659
vt 0.809233 0.706686
vt 0.784596 0.772871
vt 0.809233 0.783110
vt 0.784596 0.716925
vt 0.796030 0.706686
vt 0.809233 0.706686
vt 0.827268 0.734659
vt 0.827268 0.755137
vt 0.820667 0.772871
vt 0.796030 0.783110
vt 0.784596 0.772871
vt 0.777995 0.755137
vt 0.784596 0.716925
vt 0.796030 0.706686
vt 0.809233 0.706686
vt 0.827268 0.734659
vt 0.827268 0.755137
vt 0.820667 0.772871
vt 0.796030 0.783110
vt 0.784596 0.772871
vt 0.777995 0.755137
vt 0.784596 0.716925
vt 0.796030 0.706686
vt 0.809233 0.706686
vt 0.827268 0.734659
vt 0.827268 0.755137
vt 0.820667 0.772871
vt 0.796030 0.783110
vt 0.784596 0.772871
vt 0.777995 0.755137
vt 0.784596 0.716925
vt 0.796030 0.706686
vt 0.809233 0.706686
vt 0.827268 0.734659
vt 0.827268 0.755137
vt 0.820667 0.772871
vt 0.796030 0.783110
vt 0.784596 0.772871
vt 0.777995 0.755137
vt 0.784596 0.716925
vt 0.796030 0.706686
vt 0.809233 0.706686
vt 0.827268 0.734659
vt 0.827268 0.755137
vt 0.820667 0.772871
vt 0.796030 0.783110
vt 0.784596 0.772871
vt 0.777995 0.755137
vt 0.784596 0.716925
vt 0.796030 0.706686
vt 0.809233 0.706686
vt 0.827268 0.734659
vt 0.827268 0.755137
vt 0.820667 0.772871
vt 0.809233 0.783110
vt 0.796030 0.783110
vt 0.777995 0.755137
vt 0.784596 0.716925
vt 0.796030 0.706686
vt 0.809233 0.706686
vt 0.827268 0.734659
vt 0.827268 0.755137
vt 0.820667 0.772871
vt 0.796030 0.783110
vt 0.784596 0.772871
vt 0.777995 0.755137
vt 0.777995 0.734659
vt 0.784596 0.716925
vt 0.809233 0.706686
vt 0.827268 0.734659
vt 0.827268 0.755137
vt 0.820667 0.772871
vt 0.796030 0.783110
vt 0.784596 0.772871
vt 0.777995 0.755137
vn 0.0000 1.0000 0.0000
vn -0.5000 0.0000 -0.8660
vn 0.0000 0.0000 -1.0000
vn 0.8660 0.0000 0.5000
vn 0.5000 0.0000 0.8660
vn 0.5000 0.0000 -0.8660
vn 0.0000 0.0000 1.0000
vn -0.8660 0.0000 -0.5000
vn 1.0000 0.0000 0.0000
vn -1.0000 0.0000 0.0000
vn 0.8660 0.0000 -0.5000
vn -0.8660 0.0000 0.5000
vn -0.5000 0.0000 0.8660
v -0.625000 1.000000 1.000000
v -0.750000 1.000000 1.033494
v -0.841506 1.000000 1.125000
v -0.875000 1.000000 1.250000
v -0.841506 1.000000 1.375000
v -0.750000 1.000000 1.466506
v -0.625000 1.000000 1.500000
v -0.500000 1.000000 1.466506
v -0.408494 1.000000 1.375000
v -0.375000 1.000000 1.250000
v -0.408494 1.000000 1.125000
v -0.500000 1.000000 1.033494
v -0.625000 2.000000 1.000000
v -0.750000 2.000000 1.033494
v -0.841506 2.000000 1.125000
v -0.875000 2.000000 1.250000
v -0.841506 2.000000 1.375000
v -0.750000 2.000000 1.466506
v -0.625000 2.000000 1.500000
v -0.500000 2.000000 1.466506
v -0.408494 2.000000 1.375000
v -0.375000 2.000000 1.250000
v -0.408494 2.000000 1.125000
v -0.500000 2.000000 1.033494
v 0.625000 1.000000 1.000000
v 0.500000 1.000000 1.033494
v 0.408494 1.000000 1.125000
v 0.375000 1.000000 1.250000
v 0.408494 1.000000 1.375000
v 0.500000 1.000000 1.466506
v 0.625000 1.000000 1.500000
v 0.750000 1.000000 1.466506
v 0.841506 1.000000 1.375000
v 0.875000 1.000000 1.250000
v 0.841506 1.000000 1.125000
v 0.750000 1.000000 1.033494
v 0.625000 2.000000 1.000000
v 0.500000 2.000000 1.033494
v 0.408494 2.000000 1.125000
v 0.375000 2.000000 1.250000
v 0.408494 2.000000 1.375000
v 0.500000 2.000000 1.466506
v 0.625000 2.000000 1.500000
v 0.750000 2.000000 1.466506
v 0.841506 2.000000 1.375000
v 0.875000 2.000000 1.250000
v 0.841506 2.000000 1.125000
v 0.750000 2.000000 1.033494
v 1.000000 1.000000 0.625000
v 1.033494 1.000000 0.750000
v 1.125000 1.000000 0.841506
v 1.250000 1.000000 0.875000
v 1.375000 1.000000 0.841506
v 1.466506 1.000000 0.750000
v 1.500000 1.000000 0.625000
v 1.466506 1.000000 0.500000
v 1.375000 1.000000 0.408493
v 1.250000 1.000000 0.375000
v 1.125000 1.000000 0.408493
v 1.033494 1.000000 0.500000
v 1.000000 2.000000 0.625000
v 1.033494 2.000000 0.750000
v 1.125000 2.000000 0.841506
v 1.250000 2.000000 0.875000
v 1.375000 2.000000 0.841506
v 1.466506 2.000000 0.750000
v 1.500000 2.000000 0.625000
v 1.466506 2.000000 0.500000
v 1.375000 2.000000 0.408493
v 1.250000 2.000000 0.375000
v 1.125000 2.000000 0.408493
v 1.033494 2.000000 0.500000
v 1.000000 1.000000 -0.625000
v 1.033494 1.000000 -0.500000
v 1.125000 1.000000 -0.408494
v 1.250000 1.000000 -0.375000
v 1.375000 1.000000 -0.408494
v 1.466506 1.000000 -0.500000
v 1.500000 1.000000 -0.625000
v 1.466506 1.000000 -0.750000
v 1.375000 1.000000 -0.841506
v 1.250000 1.000000 -0.875000
v 1.125000 1.000000 -0.841507
v 1.033494 1.000000 -0.750000
v 1.000000 2.000000 -0.625000
v 1.033494 2.000000 -0.500000
v 1.125000 2.000000 -0.408494
v 1.250000 2.000000 -0.375000
v 1.375000 2.000000 -0.408494
v 1.466506 2.000000 -0.500000
v 1.500000 2.000000 -0.625000
v 1.466506 2.000000 -0.750000
v 1.375000 2.000000 -0.841506
v 1.250000 2.000000 -0.875000
v 1.125000 2.000000 -0.841507
v 1.033494 2.000000 -0.750000
v 0.625000 1.000000 -1.000000
v 0.750000 1.000000 -1.033494
v 0.841506 1.000000 -1.125000
v 0.875000 1.000000 -1.250000
v 0.841506 1.000000 -1.375000
v 0.750000 1.000000 -1.466506
v 0.625000 1.000000 -1.500000
v 0.500000 1.000000 -1.466506
v 0.408493 1.000000 -1.375000
v 0.375000 1.000000 -1.250000
v 0.408493 1.000000 -1.125000
v 0.500000 1.000000 -1.033494
v 0.625000 2.000000 -1.000000
v 0.750000 2.000000 -1.033494
v 0.841506 2.000000 -1.125000
v 0.875000 2.000000 -1.250000
v 0.841506 2.000000 -1.375000
v 0.750000 2.000000 -1.466506
v 0.625000 2.000000 -1.500000
v 0.500000 2.000000 -1.466506
v 0.408493 2.000000 -1.375000
v 0.375000 2.000000 -1.250000
v 0.408493 2.000000 -1.125000
v 0.500000 2.000000 -1.033494
v -0.625000 1.000000 -1.000000
v -0.500000 1.000000 -1.033494
v -0.408494 1.000000 -1.125000
v -0.375000 1.000000 -1.250000
v -0.408494 1.000000 -1.375000
v -0.500000 1.000000 -1.466506
v -0.625000 1.000000 -1.500000
v -0.750000 1.000000 -1.466506
v -0.841506 1.000000 -1.375000
v -0.875000 1.000000 -1.250000
v -0.841507 1.000000 -1.125000
v -0.750000 1.000000 -1.033494
v -0.625000 2.000000 -1.000000
v -0.500000 2.000000 -1.033494
v -0.408494 2.000000 -1.125000
v -0.375000 2.000000 -1.250000
v -0.408494 2.000000 -1.375000
v -0.500000 2.000000 -1.466506
v -0.625000 2.000000 -1.500000
v -0.750000 2.000000 -1.466506
v -0.841506 2.000000 -1.375000
v -0.875000 2.000000 -1.250000
v -0.841507 2.000000 -1.125000
v -0.750000 2.000000 -1.033494
v -1.000000 1.000000 -0.625000
v -1.033494 1.000000 -0.750000
v -1.125000 1.000000 -0.841506
v -1.250000 1.000000 -0.875000
v -1.375000 1.000000 -0.841506
v -1.466507 1.000000 -0.750000
v -1.500000 1.000000 -0.625000
v -1.466506 1.000000 -0.500000
v -1.375000 1.000000 -0.408493
v -1.250000 1.000000 -0.375000
v -1.125000 1.000000 -0.408493
v -1.033494 1.000000 -0.500000
v -1.000000 2.000000 -0.625000
v -1.033494 2.000000 -0.750000
v -1.125000 2.000000 -0.841506
v -1.250000 2.000000 -0.875000
v -1.375000 2.000000 -0.841506
v -1.466507 2.000000 -0.750000
v -1.500000 2.000000 -0.625000
v -1.466506 2.000000 -0.500000
v -1.375000 2.000000 -0.408493
v -1.250000 2.000000 -0.375000
v -1.125000 2.000000 -0.408493
v -1.033494 2.000000 -0.500000
v -1.000000 1.000000 0.625000
v -1.033494 1.000000 0.500000
v -1.125000 1.000000 0.408494
v -1.250000 1.000000 0.375000
v -1.375000 1.000000 0.408494
v -1.466506 1.000000 0.500000
v -1.500000 1.000000 0.625000
v -1.466506 1.000000 0.750000
v -1.375000 1.000000 0.841506
v -1.250000 1.000000 0.875000
v -1.125000 1.000000 0.841507
v -1.033494 1.000000 0.750000
v -1.000000 2.000000 0.625000
v -1.033494 2.000000 0.500000
v -1.125000 2.000000 0.408494
v -1.250000 2.000000 0.375000
v -1.375000 2.000000 0.408494
v -1.466506 2.000000 0.500000
v -1.500000 2.000000 0.625000
v -1.466506 2.000000 0.750000
v -1.375000 2.000000 0.841506
v -1.250000 2.000000 0.875000
v -1.125000 2.000000 0.841507
v -1.033494 2.000000 0.750000
vn 0.0000 0.0000 -1.0000
vn 0.5000 0.0000 -0.8660
vn -0.5000 0.0000 -0.8660
vn 0.8660 0.0000 -0.5000
vn 1.0000 0.0000 0.0000
vn 0.8660 0.0000 0.5000
vn 0.5000 0.0000 0.8660
vn 0.0000 0.0000 1.0000
vn -0.5000 0.0000 0.8660
vn -0.8660 0.0000 0.5000
vn -1.0000 0.0000 0.0000
vn -0.8660 0.0000 -0.5000
v 1.000000 0.000000 1.500000
v 1.500000 0.000000 1.500000
v 1.000000 0.000000 1.000000
v 1.500000 0.000000 1.000000
v 1.000000 0.125000 1.000000
v 1.000000 0.125000 1.500000
v 1.500000 0.125000 1.500000
v 1.500000 0.125000 1.000000
v -0.250000 0.000000 0.250000
v 0.250000 0.000000 0.250000
v -0.250000 0.000000 -0.250000
v 0.250000 0.000000 -0.250000
v -0.250000 0.250000 -0.250000
v -0.250000 0.250000 0.250000
v 0.250000 0.250000 0.250000
v 0.250000 0.250000 -0.250000
v -0.250000 3.750000 0.250000
v 0.250000 3.750000 0.250000
v -0.250000 3.750000 -0.250000
v 0.250000 3.750000 -0.250000
v -0.250000 4.000000 -0.250000
v -0.250000 4.000000 0.250000
v 0.250000 4.000000 0.250000
v 0.250000 4.000000 -0.250000
v 0.000000 3.500000 -1.000000
v -0.382683 3.500000 -0.923880
v -0.707107 3.500000 -0.707107
v -0.923880 3.500000 -0.382683
v -1.000000 3.500000 0.000000
v -0.923880 3.500000 0.382684
v -0.707107 3.500000 0.707107
v -0.382683 3.500000 0.923880
v -0.000000 3.500000 1.000000
v 0.382683 3.500000 0.923880
v 0.707107 3.500000 0.707107
v 0.923880 3.500000 0.382684
v 1.000000 3.500000 -0.000000
v 0.923879 3.500000 -0.382684
v 0.707107 3.500000 -0.707107
v 0.382683 3.500000 -0.923880
v -0.000000 3.750000 -0.500000
v -0.191342 3.750000 -0.461940
v -0.353553 3.750000 -0.353553
v -0.461940 3.750000 -0.191342
v -0.500000 3.750000 0.000000
v -0.461940 3.750000 0.191342
v -0.353553 3.750000 0.353553
v -0.191342 3.750000 0.461940
v -0.000000 3.750000 0.500000
v 0.191342 3.750000 0.461940
v 0.353553 3.750000 0.353554
v 0.461940 3.750000 0.191342
v 0.500000 3.750000 -0.000000
v 0.461940 3.750000 -0.191342
v 0.353553 3.750000 -0.353554
v 0.191341 3.750000 -0.461940
v 0.000000 1.500000 -1.000000
v -0.382683 1.500000 -0.923880
v -0.707107 1.500000 -0.707107
v -0.923880 1.500000 -0.382683
v -1.000000 1.500000 0.000000
v -0.923880 1.500000 0.382684
v -0.707107 1.500000 0.707107
v -0.382683 1.500000 0.923880
v -0.000000 1.500000 1.000000
v 0.382683 1.500000 0.923880
v 0.707107 1.500000 0.707107
v 0.923880 1.500000 0.382684
v 1.000000 1.500000 -0.000000
v 0.923879 1.500000 -0.382684
v 0.707107 1.500000 -0.707107
v 0.382683 1.500000 -0.923880
v -0.000000 0.250000 -0.500000
v -0.191342 0.250000 -0.461940
v -0.353553 0.250000 -0.353553
v -0.461940 0.250000 -0.191342
v -0.500000 0.250000 0.000000
v -0.461940 0.250000 0.191342
v -0.353553 0.250000 0.353553
v -0.191342 0.250000 0.461940
v -0.000000 0.250000 0.500000
v 0.191342 0.250000 0.461940
v 0.353553 0.250000 0.353554
v 0.461940 0.250000 0.191342
v 0.500000 0.250000 -0.000000
v 0.461940 0.250000 -0.191342
v 0.353553 0.250000 -0.353554
v 0.191341 0.250000 -0.461940
v 1.125000 0.125000 1.125000
v 1.125000 0.125000 1.375000
v 1.375000 0.125000 1.375000
v 1.375000 0.125000 1.125000
v 1.125000 0.625000 1.125000
v 1.125000 0.625000 1.375000
v 1.375000 0.625000 1.375000
v 1.375000 0.625000 1.125000
v -1.500000 0.625000 1.500000
v 1.500000 0.625000 1.500000
v 1.500000 0.625000 -1.500000
v -1.500000 0.625000 -1.500000
v 1.500000 0.750000 1.500000
v -1.500000 0.750000 1.500000
v -1.500000 0.750000 -1.500000
v 1.500000 0.750000 -1.500000
v -1.500000 0.625000 1.000000
v -1.000000 0.625000 0.500000
v -1.000000 0.625000 -0.500000
v -1.500000 0.625000 -1.000000
v -1.500000 0.750000 1.000000
v -1.000000 0.750000 0.500000
v -1.000000 0.750000 -0.500000
v -1.500000 0.750000 -1.000000
v 1.000000 0.625000 1.500000
v 0.500000 0.625000 1.000000
v -0.500000 0.625000 1.000000
v -1.000000 0.625000 1.500000
v 1.000000 0.750000 1.500000
v 0.500000 0.750000 1.000000
v -0.500000 0.750000 1.000000
v -1.000000 0.750000 1.500000
v 1.500000 0.625000 -1.000000
v 1.000000 0.625000 -0.500000
v 1.000000 0.625000 0.500000
v 1.500000 0.625000 1.000000
v 1.500000 0.750000 -1.000000
v 1.000000 0.750000 -0.500000
v 1.000000 0.750000 0.500000
v 1.500000 0.750000 1.000000
v -1.000000 0.625000 -1.500000
v -0.500000 0.625000 -1.000000
v 0.500000 0.625000 -1.000000
v 1.000000 0.625000 -1.500000
v -1.000000 0.750000 -1.500000
v -0.500000 0.750000 -1.000000
v 0.500000 0.750000 -1.000000
v 1.000000 0.750000 -1.500000
v 1.000000 0.750000 -1.000000
v 1.000000 0.750000 -1.250000
v 1.250000 0.750000 -1.000000
v 1.250000 0.750000 -1.250000
v 1.000000 3.250000 -1.000000
v 1.000000 3.250000 -1.250000
v 1.250000 3.250000 -1.000000
v 1.250000 3.250000 -1.250000
v 1.000000 3.500000 -1.000000
v 1.000000 3.500000 -1.250000
v 1.250000 3.500000 -1.000000
v 1.250000 3.500000 -1.250000
v 1.000000 0.750000 1.250000
v 1.000000 0.750000 1.000000
v 1.250000 0.750000 1.250000
v 1.250000 0.750000 1.000000
v 1.000000 3.250000 1.250000
v 1.000000 3.250000 1.000000
v 1.250000 3.250000 1.250000
v 1.250000 3.250000 1.000000
v 1.000000 3.500000 1.250000
v 1.000000 3.500000 1.000000
v 1.250000 3.500000 1.250000
v 1.250000 3.500000 1.000000
v -1.250000 0.750000 -1.000000
v -1.250000 0.750000 -1.250000
v -1.000000 0.750000 -1.000000
v -1.000000 0.750000 -1.250000
v -1.250000 3.250000 -1.000000
v -1.250000 3.250000 -1.250000
v -1.000000 3.250000 -1.000000
v -1.000000 3.250000 -1.250000
v -1.250000 3.500000 -1.000000
v -1.250000 3.500000 -1.250000
v -1.000000 3.500000 -1.000000
v -1.000000 3.500000 -1.250000
v -1.250000 0.750000 1.250000
v -1.250000 0.750000 1.000000
v -1.000000 0.750000 1.250000
v -1.000000 0.750000 1.000000
v -1.250000 3.250000 1.250000
v -1.250000 3.250000 1.000000
v -1.000000 3.250000 1.250000
v -1.000000 3.250000 1.000000
v -1.250000 3.500000 1.250000
v -1.250000 3.500000 1.000000
v -1.000000 3.500000 1.250000
v -1.000000 3.500000 1.000000
v 1.500000 1.750000 0.250000
v 1.500000 1.750000 -0.250000
v 1.500000 1.250000 0.250000
v 1.500000 1.250000 -0.250000
v 1.375000 1.250000 0.250000
v 1.375000 1.750000 0.250000
v 1.375000 1.750000 -0.250000
v 1.375000 1.250000 -0.250000
v 1.250000 1.375000 0.125000
v 1.250000 1.625000 0.125000
v 1.250000 1.625000 -0.125000
v 1.250000 1.375000 -0.125000
v 0.875000 1.375000 0.125000
v 0.875000 1.625000 0.125000
v 0.875000 1.625000 -0.125000
v 0.875000 1.375000 -0.125000
v 1.000000 1.000000 -0.625000
v 1.033494 1.000000 -0.500000
v 1.125000 1.000000 -0.408494
v 1.250000 1.000000 -0.375000
v 1.375000 1.000000 -0.408494
v 1.466506 1.000000 -0.500000
v 1.500000 1.000000 -0.625000
v 1.466506 1.000000 -0.750000
v 1.375000 1.000000 -0.841506
v 1.250000 1.000000 -0.875000
v 1.125000 1.000000 -0.841507
v 1.033494 1.000000 -0.750000
v 1.033494 0.750000 -0.500000
v 1.000000 0.750000 -0.625000
v 1.125000 0.750000 -0.408494
v 1.250000 0.750000 -0.375000
v 1.375000 0.750000 -0.408494
v 1.466506 0.750000 -0.500000
v 1.500000 0.750000 -0.625000
v 1.466506 0.750000 -0.750000
v 1.375000 0.750000 -0.841506
v 1.250000 0.750000 -0.875000
v 1.125000 0.750000 -0.841507
v 1.033494 0.750000 -0.750000
v 1.141747 0.500000 -0.562500
v 1.125000 0.500000 -0.625000
v 1.187500 0.500000 -0.516747
v 1.250000 0.500000 -0.500000
v 1.312500 0.500000 -0.516747
v 1.358253 0.500000 -0.562500
v 1.375000 0.500000 -0.625000
v 1.358253 0.500000 -0.687500
v 1.312500 0.500000 -0.733253
v 1.250000 0.500000 -0.750000
v 1.187500 0.500000 -0.733253
v 1.141747 0.500000 -0.687500
v 1.000000 2.000000 -0.625000
v 1.033494 2.000000 -0.500000
v 1.125000 2.000000 -0.408494
v 1.250000 2.000000 -0.375000
v 1.375000 2.000000 -0.408494
v 1.466506 2.000000 -0.500000
v 1.500000 2.000000 -0.625000
v 1.466506 2.000000 -0.750000
v 1.375000 2.000000 -0.841506
v 1.250000 2.000000 -0.875000
v 1.125000 2.000000 -0.841507
v 1.033494 2.000000 -0.750000
v 1.033494 2.125000 -0.500000
v 1.000000 2.125000 -0.625000
v 1.125000 2.125000 -0.408494
v 1.250000 2.125000 -0.375000
v 1.375000 2.125000 -0.408494
v 1.466506 2.125000 -0.500000
v 1.500000 2.125000 -0.625000
v 1.466506 2.125000 -0.750000
v 1.375000 2.125000 -0.841506
v 1.250000 2.125000 -0.875000
v 1.125000 2.125000 -0.841507
v 1.033494 2.125000 -0.750000
v 1.141747 2.250000 -0.562500
v 1.125000 2.250000 -0.625000
v 1.187500 2.250000 -0.516747
v 1.250000 2.250000 -0.500000
v 1.312500 2.250000 -0.516747
v 1.358253 2.250000 -0.562500
v 1.375000 2.250000 -0.625000
v 1.358253 2.250000 -0.687500
v 1.312500 2.250000 -0.733253
v 1.250000 2.250000 -0.750000
v 1.187500 2.250000 -0.733253
v 1.141747 2.250000 -0.687500
v 1.312500 2.250000 -0.562500
v 1.312500 2.250000 -0.687500
v 1.187500 2.375000 -0.562500
v 1.187500 2.375000 -0.687500
v 0.687500 2.375000 -0.562500
v 0.687500 2.375000 -0.687500
v 0.687500 2.250000 -0.562500
v 0.687500 2.250000 -0.687500
v 1.312500 0.500000 0.687500
v 1.312500 0.500000 0.562500
v 1.187500 0.500000 0.687500
v 1.187500 0.500000 0.562500
v 1.187500 0.375000 0.687500
v 1.312500 0.375000 0.687500
v 1.312500 0.375000 0.562500
v 1.187500 0.375000 0.562500
v 1.312500 0.500000 -0.562500
v 1.312500 0.500000 -0.687500
v 1.187500 0.500000 -0.562500
v 1.187500 0.500000 -0.687500
v 1.187500 0.375000 -0.562500
v 1.312500 0.375000 -0.562500
v 1.312500 0.375000 -0.687500
v 1.187500 0.375000 -0.687500
v 1.312500 0.250000 0.437500
v 1.187500 0.250000 0.437500
v 1.187500 0.250000 -0.437500
v 1.312500 0.250000 -0.437500
v 1.312500 0.125000 0.437500
v 1.187500 0.125000 0.437500
v 1.187500 0.125000 -0.437500
v 1.312500 0.125000 -0.437500
v 1.187500 1.625000 0.062500
v 1.187500 1.625000 -0.062500
v 1.062500 1.625000 0.062500
v 1.062500 1.625000 -0.062500
v 1.187500 2.875000 0.062500
v 1.187500 2.875000 -0.062500
v 1.062500 2.875000 0.062500
v 1.062500 2.875000 -0.062500
v 0.937500 3.125000 0.062500
v 0.937500 3.125000 -0.062500
v 0.937500 3.000000 0.062500
v 0.937500 3.000000 -0.062500
v 1.187500 0.250000 0.062500
v 1.187500 0.250000 -0.062500
v 1.187500 0.125000 0.062500
v 1.187500 0.125000 -0.062500
v 0.250000 0.125000 0.062500
v 0.250000 0.250000 0.062500
v 0.250000 0.250000 -0.062500
v 0.250000 0.125000 -0.062500
v 1.000000 0.000000 -1.000000
v 1.500000 0.000000 -1.000000
v 1.000000 0.000000 -1.500000
v 1.500000 0.000000 -1.500000
v 1.000000 0.125000 -1.500000
v 1.000000 0.125000 -1.000000
v 1.500000 0.125000 -1.000000
v 1.500000 0.125000 -1.500000
v 1.125000 0.125000 -1.375000
v 1.125000 0.125000 -1.125000
v 1.375000 0.125000 -1.125000
v 1.375000 0.125000 -1.375000
v 1.125000 0.625000 -1.375000
v 1.125000 0.625000 -1.125000
v 1.375000 0.625000 -1.125000
v 1.375000 0.625000 -1.375000
v -1.500000 0.000000 1.500000
v -1.000000 0.000000 1.500000
v -1.500000 0.000000 1.000000
v -1.000000 0.000000 1.000000
v -1.500000 0.125000 1.000000
v -1.500000 0.125000 1.500000
v -1.000000 0.125000 1.500000
v -1.000000 0.125000 1.000000
v -1.375000 0.125000 1.125000
v -1.375000 0.125000 1.375000
v -1.125000 0.125000 1.375000
v -1.125000 0.125000 1.125000
v -1.375000 0.625000 1.125000
v -1.375000 0.625000 1.375000
v -1.125000 0.625000 1.375000
v -1.125000 0.625000 1.125000
v -1.500000 0.000000 -1.000000
v -1.000000 0.000000 -1.000000
v -1.500000 0.000000 -1.500000
v -1.000000 0.000000 -1.500000
v -1.500000 0.125000 -1.500000
v -1.500000 0.125000 -1.000000
v -1.000000 0.125000 -1.000000
v -1.000000 0.125000 -1.500000
v -1.375000 0.125000 -1.375000
v -1.375000 0.125000 -1.125000
v -1.125000 0.125000 -1.125000
v -1.125000 0.125000 -1.375000
v -1.375000 0.625000 -1.375000
v -1.375000 0.625000 -1.125000
v -1.125000 0.625000 -1.125000
v -1.125000 0.625000 -1.375000
v 1.000000 1.000000 0.625000
v 1.033494 1.000000 0.750000
v 1.125000 1.000000 0.841506
v 1.250000 1.000000 0.875000
v 1.375000 1.000000 0.841506
v 1.466506 1.000000 0.750000
v 1.500000 1.000000 0.625000
v 1.466506 1.000000 0.500000
v 1.375000 1.000000 0.408494
v 1.250000 1.000000 0.375000
v 1.125000 1.000000 0.408493
v 1.033494 1.000000 0.500000
v 1.033494 0.750000 0.750000
v 1.000000 0.750000 0.625000
v 1.125000 0.750000 0.841506
v 1.250000 0.750000 0.875000
v 1.375000 0.750000 0.841506
v 1.466506 0.750000 0.750000
v 1.500000 0.750000 0.625000
v 1.466506 0.750000 0.500000
v 1.375000 0.750000 0.408494
v 1.250000 0.750000 0.375000
v 1.125000 0.750000 0.408493
v 1.033494 0.750000 0.500000
v 1.141747 0.500000 0.687500
v 1.125000 0.500000 0.625000
v 1.187500 0.500000 0.733253
v 1.250000 0.500000 0.750000
v 1.312500 0.500000 0.733253
v 1.358253 0.500000 0.687500
v 1.375000 0.500000 0.625000
v 1.358253 0.500000 0.562500
v 1.312500 0.500000 0.516747
v 1.250000 0.500000 0.500000
v 1.187500 0.500000 0.516747
v 1.141747 0.500000 0.562500
v 1.000000 2.000000 0.625000
v 1.033494 2.000000 0.750000
v 1.125000 2.000000 0.841506
v 1.250000 2.000000 0.875000
v 1.375000 2.000000 0.841506
v 1.466506 2.000000 0.750000
v 1.500000 2.000000 0.625000
v 1.466506 2.000000 0.500000
v 1.375000 2.000000 0.408494
v 1.250000 2.000000 0.375000
v 1.125000 2.000000 0.408493
v 1.033494 2.000000 0.500000
v 1.033494 2.125000 0.750000
v 1.000000 2.125000 0.625000
v 1.125000 2.125000 0.841506
v 1.250000 2.125000 0.875000
v 1.375000 2.125000 0.841506
v 1.466506 2.125000 0.750000
v 1.500000 2.125000 0.625000
v 1.466506 2.125000 0.500000
v 1.375000 2.125000 0.408494
v 1.250000 2.125000 0.375000
v 1.125000 2.125000 0.408493
v 1.033494 2.125000 0.500000
v 1.141747 2.250000 0.687500
v 1.125000 2.250000 0.625000
v 1.187500 2.250000 0.733253
v 1.250000 2.250000 0.750000
v 1.312500 2.250000 0.733253
v 1.358253 2.250000 0.687500
v 1.375000 2.250000 0.625000
v 1.358253 2.250000 0.562500
v 1.312500 2.250000 0.516747
v 1.250000 2.250000 0.500000
v 1.187500 2.250000 0.516747
v 1.141747 2.250000 0.562500
v 1.312500 2.250000 0.687500
v 1.312500 2.250000 0.562500
v 1.187500 2.375000 0.687500
v 1.187500 2.375000 0.562500
v 0.687500 2.375000 0.687500
v 0.687500 2.375000 0.562500
v 0.687500 2.250000 0.687500
v 0.687500 2.250000 0.562500
v 0.250000 1.750000 -1.500000
v -0.250000 1.750000 -1.500000
v 0.250000 1.250000 -1.500000
v -0.250000 1.250000 -1.500000
v 0.250000 1.250000 -1.375000
v 0.250000 1.750000 -1.375000
v -0.250000 1.750000 -1.375000
v -0.250000 1.250000 -1.375000
v 0.125000 1.375000 -1.250000
v 0.125000 1.625000 -1.250000
v -0.125000 1.625000 -1.250000
v -0.125000 1.375000 -1.250000
v 0.125000 1.375000 -0.875000
v 0.125000 1.625000 -0.875000
v -0.125000 1.625000 -0.875000
v -0.125000 1.375000 -0.875000
v -0.625000 1.000000 -1.000000
v -0.500000 1.000000 -1.033494
v -0.408494 1.000000 -1.125000
v -0.375000 1.000000 -1.250000
v -0.408494 1.000000 -1.375000
v -0.500000 1.000000 -1.466506
v -0.625000 1.000000 -1.500000
v -0.750000 1.000000 -1.466506
v -0.841506 1.000000 -1.375000
v -0.875000 1.000000 -1.250000
v -0.841507 1.000000 -1.125000
v -0.750000 1.000000 -1.033494
v 1.033494 0.750000 -0.750000
v 1.125000 0.750000 -0.841507
v 1.250000 0.750000 -0.875000
v 1.375000 0.750000 -0.841506
v 1.466506 0.750000 -0.750000
v 1.500000 0.750000 -0.625000
v 1.466506 0.750000 -0.500000
v 1.375000 0.750000 -0.408494
v 1.250000 0.750000 -0.375000
v 1.125000 0.750000 -0.408494
v 1.000000 0.750000 -0.625000
v 1.033494 0.750000 -0.500000
v -0.562500 0.500000 -1.141747
v -0.625000 0.500000 -1.125000
v -0.516747 0.500000 -1.187500
v -0.500000 0.500000 -1.250000
v -0.516747 0.500000 -1.312500
v -0.562500 0.500000 -1.358253
v -0.625000 0.500000 -1.375000
v -0.687500 0.500000 -1.358253
v -0.733253 0.500000 -1.312500
v -0.750000 0.500000 -1.250000
v -0.733253 0.500000 -1.187500
v -0.687500 0.500000 -1.141747
v -0.625000 2.000000 -1.000000
v -0.500000 2.000000 -1.033494
v -0.408494 2.000000 -1.125000
v -0.375000 2.000000 -1.250000
v -0.408494 2.000000 -1.375000
v -0.500000 2.000000 -1.466506
v -0.625000 2.000000 -1.500000
v -0.750000 2.000000 -1.466506
v -0.841506 2.000000 -1.375000
v -0.875000 2.000000 -1.250000
v -0.841507 2.000000 -1.125000
v -0.750000 2.000000 -1.033494
v 0.500000 2.125000 -1.033494
v 0.408493 2.125000 -1.125000
v 0.375000 2.125000 -1.250000
v 0.408493 2.125000 -1.375000
v 0.500000 2.125000 -1.466506
v 0.625000 2.125000 -1.500000
v 0.750000 2.125000 -1.466506
v 0.841506 2.125000 -1.375000
v 0.875000 2.125000 -1.250000
v 0.841506 2.125000 -1.125000
v 0.625000 2.125000 -1.000000
v 0.750000 2.125000 -1.033494
v -0.562500 2.250000 -1.141747
v -0.625000 2.250000 -1.125000
v -0.516747 2.250000 -1.187500
v -0.500000 2.250000 -1.250000
v -0.516747 2.250000 -1.312500
v -0.562500 2.250000 -1.358253
v -0.625000 2.250000 -1.375000
v -0.687500 2.250000 -1.358253
v -0.733253 2.250000 -1.312500
v -0.750000 2.250000 -1.250000
v -0.733253 2.250000 -1.187500
v -0.687500 2.250000 -1.141747
v -0.562500 2.250000 -1.312500
v -0.687500 2.250000 -1.312500
v -0.562500 2.375000 -1.187500
v -0.687500 2.375000 -1.187500
v -0.562500 2.375000 -0.687500
v -0.687500 2.375000 -0.687500
v -0.562500 2.250000 -0.687500
v -0.687500 2.250000 -0.687500
v 0.687500 0.500000 -1.312500
v 0.562500 0.500000 -1.312500
v 0.687500 0.500000 -1.187500
v 0.562500 0.500000 -1.187500
v 0.687500 0.375000 -1.187500
v 0.687500 0.375000 -1.312500
v 0.562500 0.375000 -1.312500
v 0.562500 0.375000 -1.187500
v -0.562500 0.500000 -1.312500
v -0.687500 0.500000 -1.312500
v -0.562500 0.500000 -1.187500
v -0.687500 0.500000 -1.187500
v -0.562500 0.375000 -1.187500
v -0.562500 0.375000 -1.312500
v -0.687500 0.375000 -1.312500
v -0.687500 0.375000 -1.187500
v 0.437500 0.250000 -1.312500
v 0.437500 0.250000 -1.187500
v -0.437500 0.250000 -1.187500
v -0.437500 0.250000 -1.312500
v 0.437500 0.125000 -1.312500
v 0.437500 0.125000 -1.187500
v -0.437500 0.125000 -1.187500
v -0.437500 0.125000 -1.312500
v 0.062500 1.625000 -1.187500
v -0.062500 1.625000 -1.187500
v 0.062500 1.625000 -1.062500
v -0.062500 1.625000 -1.062500
v 0.062500 2.875000 -1.187500
v -0.062500 2.875000 -1.187500
v 0.062500 2.875000 -1.062500
v -0.062500 2.875000 -1.062500
v 0.062500 3.125000 -0.937500
v -0.062500 3.125000 -0.937500
v 0.062500 3.000000 -0.937500
v -0.062500 3.000000 -0.937500
v 0.062500 0.250000 -1.187500
v -0.062500 0.250000 -1.187500
v 0.062500 0.125000 -1.187500
v -0.062500 0.125000 -1.187500
v 0.062500 0.125000 -0.250000
v 0.062500 0.250000 -0.250000
v -0.062500 0.250000 -0.250000
v -0.062500 0.125000 -0.250000
v 0.625000 1.000000 -1.000000
v 0.750000 1.000000 -1.033494
v 0.841506 1.000000 -1.125000
v 0.875000 1.000000 -1.250000
v 0.841506 1.000000 -1.375000
v 0.750000 1.000000 -1.466506
v 0.625000 1.000000 -1.500000
v 0.500000 1.000000 -1.466506
v 0.408493 1.000000 -1.375000
v 0.375000 1.000000 -1.250000
v 0.408493 1.000000 -1.125000
v 0.500000 1.000000 -1.033494
v 1.033494 1.000000 -0.750000
v 1.125000 1.000000 -0.841507
v 1.250000 1.000000 -0.875000
v 1.375000 1.000000 -0.841506
v 1.466506 1.000000 -0.750000
v 1.500000 1.000000 -0.625000
v 1.466506 1.000000 -0.500000
v 1.375000 1.000000 -0.408494
v 1.250000 1.000000 -0.375000
v 1.125000 1.000000 -0.408494
v 1.033494 1.000000 -0.500000
v 1.000000 1.000000 -0.625000
v 0.687500 0.500000 -1.141747
v 0.625000 0.500000 -1.125000
v 0.733253 0.500000 -1.187500
v 0.750000 0.500000 -1.250000
v 0.733253 0.500000 -1.312500
v 0.687500 0.500000 -1.358253
v 0.625000 0.500000 -1.375000
v 0.562500 0.500000 -1.358253
v 0.516747 0.500000 -1.312500
v 0.500000 0.500000 -1.250000
v 0.516747 0.500000 -1.187500
v 0.562500 0.500000 -1.141747
v 0.625000 2.000000 -1.000000
v 0.750000 2.000000 -1.033494
v 0.841506 2.000000 -1.125000
v 0.875000 2.000000 -1.250000
v 0.841506 2.000000 -1.375000
v 0.750000 2.000000 -1.466506
v 0.625000 2.000000 -1.500000
v 0.500000 2.000000 -1.466506
v 0.408493 2.000000 -1.375000
v 0.375000 2.000000 -1.250000
v 0.408493 2.000000 -1.125000
v 0.500000 2.000000 -1.033494
v 0.500000 0.750000 -1.033494
v 0.408493 0.750000 -1.125000
v 0.375000 0.750000 -1.250000
v 0.408493 0.750000 -1.375000
v 0.500000 0.750000 -1.466506
v 0.625000 0.750000 -1.500000
v 0.750000 0.750000 -1.466506
v 0.841506 0.750000 -1.375000
v 0.875000 0.750000 -1.250000
v 0.841506 0.750000 -1.125000
v 0.625000 0.750000 -1.000000
v 0.750000 0.750000 -1.033494
v 0.687500 2.250000 -1.141747
v 0.625000 2.250000 -1.125000
v 0.733253 2.250000 -1.187500
v 0.750000 2.250000 -1.250000
v 0.733253 2.250000 -1.312500
v 0.687500 2.250000 -1.358253
v 0.625000 2.250000 -1.375000
v 0.562500 2.250000 -1.358253
v 0.516747 2.250000 -1.312500
v 0.500000 2.250000 -1.250000
v 0.516747 2.250000 -1.187500
v 0.562500 2.250000 -1.141747
v 0.687500 2.250000 -1.312500
v 0.562500 2.250000 -1.312500
v 0.687500 2.375000 -1.187500
v 0.562500 2.375000 -1.187500
v 0.687500 2.375000 -0.687500
v 0.562500 2.375000 -0.687500
v 0.687500 2.250000 -0.687500
v 0.562500 2.250000 -0.687500
v -1.500000 1.750000 -0.250000
v -1.500000 1.750000 0.250000
v -1.500000 1.250000 -0.250000
v -1.500000 1.250000 0.250000
v -1.375000 1.250000 -0.250000
v -1.375000 1.750000 -0.250000
v -1.375000 1.750000 0.250000
v -1.375000 1.250000 0.250000
v -1.250000 1.375000 -0.125000
v -1.250000 1.625000 -0.125000
v -1.250000 1.625000 0.125000
v -1.250000 1.375000 0.125000
v -0.875000 1.375000 -0.125000
v -0.875000 1.625000 -0.125000
v -0.875000 1.625000 0.125000
v -0.875000 1.375000 0.125000
v -1.000000 1.000000 0.625000
v -1.033494 1.000000 0.500000
v -1.125000 1.000000 0.408494
v -1.250000 1.000000 0.375000
v -1.375000 1.000000 0.408494
v -1.466506 1.000000 0.500000
v -1.500000 1.000000 0.625000
v -1.466506 1.000000 0.750000
v -1.375000 1.000000 0.841506
v -1.250000 1.000000 0.875000
v -1.125000 1.000000 0.841507
v -1.033494 1.000000 0.750000
v -1.033494 0.750000 0.500000
v -1.000000 0.750000 0.625000
v -1.125000 0.750000 0.408494
v -1.250000 0.750000 0.375000
v -1.375000 0.750000 0.408494
v -1.466506 0.750000 0.500000
v -1.500000 0.750000 0.625000
v -1.466506 0.750000 0.750000
v -1.375000 0.750000 0.841506
v -1.250000 0.750000 0.875000
v -1.125000 0.750000 0.841507
v -1.033494 0.750000 0.750000
v -1.141747 0.500000 0.562500
v -1.125000 0.500000 0.625000
v -1.187500 0.500000 0.516747
v -1.250000 0.500000 0.500000
v -1.312500 0.500000 0.516747
v -1.358253 0.500000 0.562500
v -1.375000 0.500000 0.625000
v -1.358253 0.500000 0.687500
v -1.312500 0.500000 0.733253
v -1.250000 0.500000 0.750000
v -1.187500 0.500000 0.733253
v -1.141747 0.500000 0.687500
v -1.000000 2.000000 0.625000
v -1.033494 2.000000 0.500000
v -1.125000 2.000000 0.408494
v -1.250000 2.000000 0.375000
v -1.375000 2.000000 0.408494
v -1.466506 2.000000 0.500000
v -1.500000 2.000000 0.625000
v -1.466506 2.000000 0.750000
v -1.375000 2.000000 0.841506
v -1.250000 2.000000 0.875000
v -1.125000 2.000000 0.841507
v -1.033494 2.000000 0.750000
v -1.033494 2.124999 0.500000
v -1.000000 2.124999 0.625000
v -1.125000 2.124999 0.408494
v -1.250000 2.124999 0.375000
v -1.375000 2.124999 0.408494
v -1.466506 2.124999 0.500000
v -1.500000 2.124999 0.625000
v -1.466506 2.124999 0.750000
v -1.375000 2.124999 0.841506
v -1.250000 2.124999 0.875000
v -1.125000 2.124999 0.841507
v -1.033494 2.124999 0.750000
v -1.141747 2.249999 0.562500
v -1.125000 2.249999 0.625000
v -1.187500 2.249999 0.516747
v -1.250000 2.249999 0.500000
v -1.312500 2.249999 0.516747
v -1.358253 2.249999 0.562500
v -1.375000 2.249999 0.625000
v -1.358253 2.249999 0.687500
v -1.312500 2.249999 0.733253
v -1.250000 2.249999 0.750000
v -1.187500 2.249999 0.733253
v -1.141747 2.249999 0.687500
v -1.312500 2.249999 0.562500
v -1.312500 2.249999 0.687500
v -1.187500 2.374999 0.562500
v -1.187500 2.374999 0.687500
v -0.687500 2.374999 0.562500
v -0.687500 2.374999 0.687500
v -0.687500 2.249999 0.562500
v -0.687500 2.249999 0.687500
v -1.312500 0.500000 -0.687500
v -1.312500 0.500000 -0.562500
v -1.187500 0.500000 -0.687500
v -1.187500 0.500000 -0.562500
v -1.187500 0.375000 -0.687500
v -1.312500 0.375000 -0.687500
v -1.312500 0.375000 -0.562500
v -1.187500 0.375000 -0.562500
v -1.312500 0.500000 0.562500
v -1.312500 0.500000 0.687500
v -1.187500 0.500000 0.562500
v -1.187500 0.500000 0.687500
v -1.187500 0.375000 0.562500
v -1.312500 0.375000 0.562500
v -1.312500 0.375000 0.687500
v -1.187500 0.375000 0.687500
v -1.312500 0.250000 -0.437500
v -1.187500 0.250000 -0.437500
v -1.187500 0.250000 0.437500
v -1.312500 0.250000 0.437500
v -1.312500 0.125000 -0.437500
v -1.187500 0.125000 -0.437500
v -1.187500 0.125000 0.437500
v -1.312500 0.125000 0.437500
v -1.187500 1.625000 -0.062500
v -1.187500 1.625000 0.062500
v -1.062500 1.625000 -0.062500
v -1.062500 1.625000 0.062500
v -1.187500 2.874999 -0.062500
v -1.187500 2.874999 0.062500
v -1.062500 2.874999 -0.062500
v -1.062500 2.874999 0.062500
v -0.937500 3.124999 -0.062500
v -0.937500 3.124999 0.062500
v -0.937500 2.999999 -0.062500
v -0.937500 2.999999 0.062500
v -1.187500 0.250000 -0.062500
v -1.187500 0.250000 0.062500
v -1.187500 0.125000 -0.062500
v -1.187500 0.125000 0.062500
v -0.250000 0.125000 -0.062500
v -0.250000 0.250000 -0.062500
v -0.250000 0.250000 0.062500
v -0.250000 0.125000 0.062500
v -1.000000 1.000000 -0.625000
v -1.033494 1.000000 -0.750000
v -1.125000 1.000000 -0.841506
v -1.250000 1.000000 -0.875000
v -1.375000 1.000000 -0.841506
v -1.466506 1.000000 -0.750000
v -1.500000 1.000000 -0.625000
v -1.466506 1.000000 -0.500000
v -1.375000 1.000000 -0.408493
v -1.250000 1.000000 -0.375000
v -1.125000 1.000000 -0.408493
v -1.033494 1.000000 -0.500000
v -1.033494 0.750000 -0.750000
v -1.000000 0.750000 -0.625000
v -1.125000 0.750000 -0.841506
v -1.250000 0.750000 -0.875000
v -1.375000 0.750000 -0.841506
v -1.466506 0.750000 -0.750000
v -1.500000 0.750000 -0.625000
v -1.466506 0.750000 -0.500000
v -1.375000 0.750000 -0.408493
v -1.250000 0.750000 -0.375000
v -1.125000 0.750000 -0.408493
v -1.033494 0.750000 -0.500000
v -1.141747 0.500000 -0.687500
v -1.125000 0.500000 -0.625000
v -1.187500 0.500000 -0.733253
v -1.250000 0.500000 -0.750000
v -1.312500 0.500000 -0.733253
v -1.358253 0.500000 -0.687500
v -1.375000 0.500000 -0.625000
v -1.358253 0.500000 -0.562500
v -1.312500 0.500000 -0.516747
v -1.250000 0.500000 -0.500000
v -1.187500 0.500000 -0.516747
v -1.141747 0.500000 -0.562500
v -1.000000 2.000000 -0.625000
v -1.033494 2.000000 -0.750000
v -1.125000 2.000000 -0.841506
v -1.250000 2.000000 -0.875000
v -1.375000 2.000000 -0.841506
v -1.466506 2.000000 -0.750000
v -1.500000 2.000000 -0.625000
v -1.466506 2.000000 -0.500000
v -1.375000 2.000000 -0.408493
v -1.250000 2.000000 -0.375000
v -1.125000 2.000000 -0.408493
v -1.033494 2.000000 -0.500000
v -1.033494 2.124999 -0.750000
v -1.000000 2.124999 -0.625000
v -1.125000 2.124999 -0.841506
v -1.250000 2.124999 -0.875000
v -1.375000 2.124999 -0.841506
v -1.466506 2.124999 -0.750000
v -1.500000 2.124999 -0.625000
v -1.466506 2.124999 -0.500000
v -1.375000 2.124999 -0.408493
v -1.250000 2.124999 -0.375000
v -1.125000 2.124999 -0.408493
v -1.033494 2.124999 -0.500000
v -1.141747 2.249999 -0.687500
v -1.125000 2.249999 -0.625000
v -1.187500 2.249999 -0.733253
v -1.250000 2.249999 -0.750000
v -1.312500 2.249999 -0.733253
v -1.358253 2.249999 -0.687500
v -1.375000 2.249999 -0.625000
v -1.358253 2.249999 -0.562500
v -1.312500 2.249999 -0.516747
v -1.250000 2.249999 -0.500000
v -1.187500 2.249999 -0.516747
v -1.141747 2.249999 -0.562500
v -1.312500 2.249999 -0.687500
v -1.312500 2.249999 -0.562500
v -1.187500 2.374999 -0.687500
v -1.187500 2.374999 -0.562500
v -0.687500 2.374999 -0.687500
v -0.687500 2.374999 -0.562500
v -0.687500 2.249999 -0.687500
v -0.687500 2.249999 -0.562500
v -0.250000 1.750000 1.500000
v 0.250000 1.750000 1.500000
v -0.250000 1.250000 1.500000
v 0.250000 1.250000 1.500000
v -0.250000 1.250000 1.375000
v -0.250000 1.750000 1.375000
v 0.250000 1.750000 1.375000
v 0.250000 1.250000 1.375000
v -0.125000 1.375000 1.250000
v -0.125000 1.625000 1.250000
v 0.125000 1.625000 1.250000
v 0.125000 1.375000 1.250000
v -0.125000 1.375000 0.875000
v -0.125000 1.625000 0.875000
v 0.125000 1.625000 0.875000
v 0.125000 1.375000 0.875000
v 0.625000 1.000000 1.000000
v 0.500000 1.000000 1.033494
v 0.408494 1.000000 1.125000
v 0.375000 1.000000 1.250000
v 0.408494 1.000000 1.375000
v 0.500000 1.000000 1.466506
v 0.625000 1.000000 1.500000
v 0.750000 1.000000 1.466506
v 0.841506 1.000000 1.375000
v 0.875000 1.000000 1.250000
v 0.841507 1.000000 1.125000
v 0.750000 1.000000 1.033494
v 0.500000 0.750000 1.033494
v 0.625000 0.750000 1.000000
v 0.408494 0.750000 1.125000
v 0.375000 0.750000 1.250000
v 0.408494 0.750000 1.375000
v 0.500000 0.750000 1.466506
v 0.625000 0.750000 1.500000
v 0.750000 0.750000 1.466506
v 0.841506 0.750000 1.375000
v 0.875000 0.750000 1.250000
v 0.841507 0.750000 1.125000
v 0.750000 0.750000 1.033494
v 0.562500 0.500000 1.141747
v 0.625000 0.500000 1.125000
v 0.516747 0.500000 1.187500
v 0.500000 0.500000 1.250000
v 0.516747 0.500000 1.312500
v 0.562500 0.500000 1.358253
v 0.625000 0.500000 1.375000
v 0.687500 0.500000 1.358253
v 0.733253 0.500000 1.312500
v 0.750000 0.500000 1.250000
v 0.733253 0.500000 1.187500
v 0.687500 0.500000 1.141747
v 0.625000 2.000000 1.000000
v 0.500000 2.000000 1.033494
v 0.408494 2.000000 1.125000
v 0.375000 2.000000 1.250000
v 0.408494 2.000000 1.375000
v 0.500000 2.000000 1.466506
v 0.625000 2.000000 1.500000
v 0.750000 2.000000 1.466506
v 0.841506 2.000000 1.375000
v 0.875000 2.000000 1.250000
v 0.841507 2.000000 1.125000
v 0.750000 2.000000 1.033494
v 0.500000 2.124999 1.033494
v 0.625000 2.124999 1.000000
v 0.408494 2.124999 1.125000
v 0.375000 2.124999 1.250000
v 0.408494 2.124999 1.375000
v 0.500000 2.124999 1.466506
v 0.625000 2.124999 1.500000
v 0.750000 2.124999 1.466506
v 0.841506 2.124999 1.375000
v 0.875000 2.124999 1.250000
v 0.841507 2.124999 1.125000
v 0.750000 2.124999 1.033494
v 0.562500 2.249999 1.141747
v 0.625000 2.249999 1.125000
v 0.516747 2.249999 1.187500
v 0.500000 2.249999 1.250000
v 0.516747 2.249999 1.312500
v 0.562500 2.249999 1.358253
v 0.625000 2.249999 1.375000
v 0.687500 2.249999 1.358253
v 0.733253 2.249999 1.312500
v 0.750000 2.249999 1.250000
v 0.733253 2.249999 1.187500
v 0.687500 2.249999 1.141747
v 0.562500 2.249999 1.312500
v 0.687500 2.249999 1.312500
v 0.562500 2.374999 1.187500
v 0.687500 2.374999 1.187500
v 0.562500 2.374999 0.687500
v 0.687500 2.374999 0.687500
v 0.562500 2.249999 0.687500
v 0.687500 2.249999 0.687500
v -0.687500 0.500000 1.312500
v -0.562500 0.500000 1.312500
v -0.687500 0.500000 1.187500
v -0.562500 0.500000 1.187500
v -0.687500 0.375000 1.187500
v -0.687500 0.375000 1.312500
v -0.562500 0.375000 1.312500
v -0.562500 0.375000 1.187500
v 0.562500 0.500000 1.312500
v 0.687500 0.500000 1.312500
v 0.562500 0.500000 1.187500
v 0.687500 0.500000 1.187500
v 0.562500 0.375000 1.187500
v 0.562500 0.375000 1.312500
v 0.687500 0.375000 1.312500
v 0.687500 0.375000 1.187500
v -0.437500 0.250000 1.312500
v -0.437500 0.250000 1.187500
v 0.437500 0.250000 1.187500
v 0.437500 0.250000 1.312500
v -0.437500 0.125000 1.312500
v -0.437500 0.125000 1.187500
v 0.437500 0.125000 1.187500
v 0.437500 0.125000 1.312500
v -0.062500 1.625000 1.187500
v 0.062500 1.625000 1.187500
v -0.062500 1.625000 1.062500
v 0.062500 1.625000 1.062500
v -0.062500 2.874999 1.187500
v 0.062500 2.874999 1.187500
v -0.062500 2.874999 1.062500
v 0.062500 2.874999 1.062500
v -0.062500 3.124999 0.937500
v 0.062500 3.124999 0.937500
v -0.062500 2.999999 0.937500
v 0.062500 2.999999 0.937500
v -0.062500 0.250000 1.187500
v 0.062500 0.250000 1.187500
v -0.062500 0.125000 1.187500
v 0.062500 0.125000 1.187500
v -0.062500 0.125000 0.250000
v -0.062500 0.250000 0.250000
v 0.062500 0.250000 0.250000
v 0.062500 0.125000 0.250000
v -0.625000 1.000000 1.000000
v -0.750000 1.000000 1.033494
v -0.841506 1.000000 1.125000
v -0.875000 1.000000 1.250000
v -0.841506 1.000000 1.375000
v -0.750000 1.000000 1.466506
v -0.625000 1.000000 1.500000
v -0.500000 1.000000 1.466506
v -0.408493 1.000000 1.375000
v -0.375000 1.000000 1.250000
v -0.408493 1.000000 1.125000
v -0.500000 1.000000 1.033494
v -0.750000 0.750000 1.033494
v -0.625000 0.750000 1.000000
v -0.841506 0.750000 1.125000
v -0.875000 0.750000 1.250000
v -0.841506 0.750000 1.375000
v -0.750000 0.750000 1.466506
v -0.625000 0.750000 1.500000
v -0.500000 0.750000 1.466506
v -0.408493 0.750000 1.375000
v -0.375000 0.750000 1.250000
v -0.408493 0.750000 1.125000
v -0.500000 0.750000 1.033494
v -0.687500 0.500000 1.141747
v -0.625000 0.500000 1.125000
v -0.733253 0.500000 1.187500
v -0.750000 0.500000 1.250000
v -0.733253 0.500000 1.312500
v -0.687500 0.500000 1.358253
v -0.625000 0.500000 1.375000
v -0.562500 0.500000 1.358253
v -0.516747 0.500000 1.312500
v -0.500000 0.500000 1.250000
v -0.516747 0.500000 1.187500
v -0.562500 0.500000 1.141747
v -0.625000 2.000000 1.000000
v -0.750000 2.000000 1.033494
v -0.841506 2.000000 1.125000
v -0.875000 2.000000 1.250000
v -0.841506 2.000000 1.375000
v -0.750000 2.000000 1.466506
v -0.625000 2.000000 1.500000
v -0.500000 2.000000 1.466506
v -0.408493 2.000000 1.375000
v -0.375000 2.000000 1.250000
v -0.408493 2.000000 1.125000
v -0.500000 2.000000 1.033494
v -0.750000 2.124999 1.033494
v -0.625000 2.124999 1.000000
v -0.841506 2.124999 1.125000
v -0.875000 2.124999 1.250000
v -0.841506 2.124999 1.375000
v -0.750000 2.124999 1.466506
v -0.625000 2.124999 1.500000
v -0.500000 2.124999 1.466506
v -0.408493 2.124999 1.375000
v -0.375000 2.124999 1.250000
v -0.408493 2.124999 1.125000
v -0.500000 2.124999 1.033494
v -0.687500 2.249999 1.141747
v -0.625000 2.249999 1.125000
v -0.733253 2.249999 1.187500
v -0.750000 2.249999 1.250000
v -0.733253 2.249999 1.312500
v -0.687500 2.249999 1.358253
v -0.625000 2.249999 1.375000
v -0.562500 2.249999 1.358253
v -0.516747 2.249999 1.312500
v -0.500000 2.249999 1.250000
v -0.516747 2.249999 1.187500
v -0.562500 2.249999 1.141747
v -0.687500 2.249999 1.312500
v -0.562500 2.249999 1.312500
v -0.687500 2.374999 1.187500
v -0.562500 2.374999 1.187500
v -0.687500 2.374999 0.687500
v -0.562500 2.374999 0.687500
v -0.687500 2.249999 0.687500
v -0.562500 2.249999 0.687500
v 0.000000 3.500000 -1.000000
v -0.382683 3.500000 -0.923880
v -0.707107 3.500000 -0.707107
v -0.923880 3.500000 -0.382683
v -1.000000 3.500000 0.000000
v -0.923880 3.500000 0.382684
v -0.707107 3.500000 0.707107
v -0.382683 3.500000 0.923880
v -0.000000 3.500000 1.000000
v 0.382683 3.500000 0.923880
v 0.707107 3.500000 0.707107
v 0.923880 3.500000 0.382684
v 1.000000 3.500000 -0.000000
v 0.923879 3.500000 -0.382684
v 0.707107 3.500000 -0.707107
v 0.382683 3.500000 -0.923880
v -0.000000 3.750000 -0.500000
v -0.191342 3.750000 -0.461940
v -0.353553 3.750000 -0.353553
v -0.461940 3.750000 -0.191342
v -0.500000 3.750000 0.000000
v -0.461940 3.750000 0.191342
v -0.353553 3.750000 0.353553
v -0.191342 3.750000 0.461940
v -0.000000 3.750000 0.500000
v 0.191342 3.750000 0.461940
v 0.353553 3.750000 0.353554
v 0.461940 3.750000 0.191342
v 0.500000 3.750000 -0.000000
v 0.461940 3.750000 -0.191342
v 0.353553 3.750000 -0.353554
v 0.191341 3.750000 -0.461940
v 0.000000 1.500000 -1.000000
v -0.382683 1.500000 -0.923880
v -0.707107 1.500000 -0.707107
v -0.923880 1.500000 -0.382683
v -1.000000 1.500000 0.000000
v -0.923880 1.500000 0.382684
v -0.707107 1.500000 0.707107
v -0.382683 1.500000 0.923880
v -0.000000 1.500000 1.000000
v 0.382683 1.500000 0.923880
v 0.707107 1.500000 0.707107
v 0.923880 1.500000 0.382684
v 1.000000 1.500000 -0.000000
v 0.923879 1.500000 -0.382684
v 0.707107 1.500000 -0.707107
v 0.382683 1.500000 -0.923880
v -0.000000 0.250000 -0.500000
v -0.191342 0.250000 -0.461940
v -0.353553 0.250000 -0.353553
v -0.461940 0.250000 -0.191342
v -0.500000 0.250000 0.000000
v -0.461940 0.250000 0.191342
v -0.353553 0.250000 0.353553
v -0.191342 0.250000 0.461940
v -0.000000 0.250000 0.500000
v 0.191342 0.250000 0.461940
v 0.353553 0.250000 0.353554
v 0.461940 0.250000 0.191342
v 0.500000 0.250000 -0.000000
v 0.461940 0.250000 -0.191342
v 0.353553 0.250000 -0.353554
v 0.191341 0.250000 -0.461940
v -0.500000 0.750000 -1.033494
v -0.625000 0.750000 -1.000000
v -0.408494 0.750000 -1.125000
v -0.375000 0.750000 -1.250000
v -0.408494 0.750000 -1.375000
v -0.500000 0.750000 -1.466506
v -0.625000 0.750000 -1.500000
v -0.750000 0.750000 -1.466506
v -0.841506 0.750000 -1.375000
v -0.875000 0.750000 -1.250000
v -0.841507 0.750000 -1.125000
v -0.750000 0.750000 -1.033494
v -0.562500 0.500000 -1.141747
v -0.625000 0.500000 -1.125000
v -0.516747 0.500000 -1.187500
v -0.500000 0.500000 -1.250000
v -0.516747 0.500000 -1.312500
v -0.562500 0.500000 -1.358253
v -0.625000 0.500000 -1.375000
v -0.687500 0.500000 -1.358253
v -0.733253 0.500000 -1.312500
v -0.750000 0.500000 -1.250000
v -0.733253 0.500000 -1.187500
v -0.687500 0.500000 -1.141747
v -0.500000 2.125000 -1.033494
v -0.625000 2.125000 -1.000000
v -0.408494 2.125000 -1.125000
v -0.375000 2.125000 -1.250000
v -0.408494 2.125000 -1.375000
v -0.500000 2.125000 -1.466506
v -0.625000 2.125000 -1.500000
v -0.750000 2.125000 -1.466506
v -0.841506 2.125000 -1.375000
v -0.875000 2.125000 -1.250000
v -0.841507 2.125000 -1.125000
v -0.750000 2.125000 -1.033494
v -0.562500 2.250000 -1.141747
v -0.625000 2.250000 -1.125000
v -0.516747 2.250000 -1.187500
v -0.500000 2.250000 -1.250000
v -0.516747 2.250000 -1.312500
v -0.562500 2.250000 -1.358253
v -0.625000 2.250000 -1.375000
v -0.687500 2.250000 -1.358253
v -0.733253 2.250000 -1.312500
v -0.750000 2.250000 -1.250000
v -0.733253 2.250000 -1.187500
v -0.687500 2.250000 -1.141747
v -0.625000 2.000000 -1.000000
v -0.500000 2.000000 -1.033494
v -0.408494 2.000000 -1.125000
v -0.375000 2.000000 -1.250000
v -0.408494 2.000000 -1.375000
v -0.500000 2.000000 -1.466506
v -0.625000 2.000000 -1.500000
v -0.750000 2.000000 -1.466506
v -0.841506 2.000000 -1.375000
v -0.875000 2.000000 -1.250000
v -0.841507 2.000000 -1.125000
v -0.750000 2.000000 -1.033494
v -0.500000 2.125000 -1.033494
v -0.625000 2.125000 -1.000000
v -0.408494 2.125000 -1.125000
v -0.375000 2.125000 -1.250000
v -0.408494 2.125000 -1.375000
v -0.500000 2.125000 -1.466506
v -0.625000 2.125000 -1.500000
v -0.750000 2.125000 -1.466506
v -0.841506 2.125000 -1.375000
v -0.875000 2.125000 -1.250000
v -0.841507 2.125000 -1.125000
v -0.750000 2.125000 -1.033494
v 0.687500 2.250000 -1.141747
v 0.625000 2.250000 -1.125000
v 0.733253 2.250000 -1.187500
v 0.750000 2.250000 -1.250000
v 0.733253 2.250000 -1.312500
v 0.687500 2.250000 -1.358253
v 0.625000 2.250000 -1.375000
v 0.562500 2.250000 -1.358253
v 0.516747 2.250000 -1.312500
v 0.500000 2.250000 -1.250000
v 0.516747 2.250000 -1.187500
v 0.562500 2.250000 -1.141747
v 0.625000 2.000000 -1.000000
v 0.750000 2.000000 -1.033494
v 0.841506 2.000000 -1.125000
v 0.875000 2.000000 -1.250000
v 0.841506 2.000000 -1.375000
v 0.750000 2.000000 -1.466506
v 0.625000 2.000000 -1.500000
v 0.500000 2.000000 -1.466506
v 0.408493 2.000000 -1.375000
v 0.375000 2.000000 -1.250000
v 0.408493 2.000000 -1.125000
v 0.500000 2.000000 -1.033494
v 0.750000 2.125000 -1.033494
v 0.625000 2.125000 -1.000000
v 0.841506 2.125000 -1.125000
v 0.875000 2.125000 -1.250000
v 0.841506 2.125000 -1.375000
v 0.750000 2.125000 -1.466506
v 0.625000 2.125000 -1.500000
v 0.500000 2.125000 -1.466506
v 0.408493 2.125000 -1.375000
v 0.375000 2.125000 -1.250000
v 0.408493 2.125000 -1.125000
v 0.500000 2.125000 -1.033494
v 0.687500 0.500000 -1.141747
v 0.625000 0.500000 -1.125000
v 0.733253 0.500000 -1.187500
v 0.750000 0.500000 -1.250000
v 0.733253 0.500000 -1.312500
v 0.687500 0.500000 -1.358253
v 0.625000 0.500000 -1.375000
v 0.562500 0.500000 -1.358253
v 0.516747 0.500000 -1.312500
v 0.500000 0.500000 -1.250000
v 0.516747 0.500000 -1.187500
v 0.562500 0.500000 -1.141747
v -0.625000 1.000000 -1.000000
v -0.500000 1.000000 -1.033494
v -0.408494 1.000000 -1.125000
v -0.375000 1.000000 -1.250000
v -0.408494 1.000000 -1.375000
v -0.500000 1.000000 -1.466506
v -0.625000 1.000000 -1.500000
v -0.750000 1.000000 -1.466506
v -0.841506 1.000000 -1.375000
v -0.875000 1.000000 -1.250000
v -0.841507 1.000000 -1.125000
v -0.750000 1.000000 -1.033494
v -0.500000 0.750000 -1.033494
v -0.625000 0.750000 -1.000000
v -0.408494 0.750000 -1.125000
v -0.375000 0.750000 -1.250000
v -0.408494 0.750000 -1.375000
v -0.500000 0.750000 -1.466506
v -0.625000 0.750000 -1.500000
v -0.750000 0.750000 -1.466506
v -0.841506 0.750000 -1.375000
v -0.875000 0.750000 -1.250000
v -0.841507 0.750000 -1.125000
v -0.750000 0.750000 -1.033494
v 0.625000 1.000000 -1.000000
v 0.750000 1.000000 -1.033494
v 0.841506 1.000000 -1.125000
v 0.875000 1.000000 -1.250000
v 0.841506 1.000000 -1.375000
v 0.750000 1.000000 -1.466506
v 0.625000 1.000000 -1.500000
v 0.500000 1.000000 -1.466506
v 0.408493 1.000000 -1.375000
v 0.375000 1.000000 -1.250000
v 0.408493 1.000000 -1.125000
v 0.500000 1.000000 -1.033494
v 0.750000 0.750000 -1.033494
v 0.625000 0.750000 -1.000000
v 0.841506 0.750000 -1.125000
v 0.875000 0.750000 -1.250000
v 0.841506 0.750000 -1.375000
v 0.750000 0.750000 -1.466506
v 0.625000 0.750000 -1.500000
v 0.500000 0.750000 -1.466506
v 0.408493 0.750000 -1.375000
v 0.375000 0.750000 -1.250000
v 0.408493 0.750000 -1.125000
v 0.500000 0.750000 -1.033494
v 1.141747 0.500000 -0.562500
v 1.125000 0.500000 -0.625000
v 1.187500 0.500000 -0.516747
v 1.250000 0.500000 -0.500000
v 1.312500 0.500000 -0.516747
v 1.358253 0.500000 -0.562500
v 1.375000 0.500000 -0.625000
v 1.358253 0.500000 -0.687500
v 1.312500 0.500000 -0.733253
v 1.250000 0.500000 -0.750000
v 1.187500 0.500000 -0.733253
v 1.141747 0.500000 -0.687500
v 1.000000 2.000000 -0.625000
v 1.033494 2.000000 -0.500000
v 1.125000 2.000000 -0.408494
v 1.250000 2.000000 -0.375000
v 1.375000 2.000000 -0.408494
v 1.466506 2.000000 -0.500000
v 1.500000 2.000000 -0.625000
v 1.466506 2.000000 -0.750000
v 1.375000 2.000000 -0.841506
v 1.250000 2.000000 -0.875000
v 1.125000 2.000000 -0.841507
v 1.033494 2.000000 -0.750000
v 1.033494 2.125000 -0.500000
v 1.000000 2.125000 -0.625000
v 1.125000 2.125000 -0.408494
v 1.250000 2.125000 -0.375000
v 1.375000 2.125000 -0.408494
v 1.466506 2.125000 -0.500000
v 1.500000 2.125000 -0.625000
v 1.466506 2.125000 -0.750000
v 1.375000 2.125000 -0.841506
v 1.250000 2.125000 -0.875000
v 1.125000 2.125000 -0.841507
v 1.033494 2.125000 -0.750000
v 1.141747 2.250000 -0.562500
v 1.125000 2.250000 -0.625000
v 1.187500 2.250000 -0.516747
v 1.250000 2.250000 -0.500000
v 1.312500 2.250000 -0.516747
v 1.358253 2.250000 -0.562500
v 1.375000 2.250000 -0.625000
v 1.358253 2.250000 -0.687500
v 1.312500 2.250000 -0.733253
v 1.250000 2.250000 -0.750000
v 1.187500 2.250000 -0.733253
v 1.141747 2.250000 -0.687500
v 1.000000 1.000000 0.625000
v 1.033494 1.000000 0.750000
v 1.125000 1.000000 0.841506
v 1.250000 1.000000 0.875000
v 1.375000 1.000000 0.841506
v 1.466506 1.000000 0.750000
v 1.500000 1.000000 0.625000
v 1.466506 1.000000 0.500000
v 1.375000 1.000000 0.408494
v 1.250000 1.000000 0.375000
v 1.125000 1.000000 0.408493
v 1.033494 1.000000 0.500000
v 1.033494 0.750000 0.750000
v 1.000000 0.750000 0.625000
v 1.125000 0.750000 0.841506
v 1.250000 0.750000 0.875000
v 1.375000 0.750000 0.841506
v 1.466506 0.750000 0.750000
v 1.500000 0.750000 0.625000
v 1.466506 0.750000 0.500000
v 1.375000 0.750000 0.408494
v 1.250000 0.750000 0.375000
v 1.125000 0.750000 0.408493
v 1.033494 0.750000 0.500000
v 1.141747 0.500000 0.687500
v 1.125000 0.500000 0.625000
v 1.187500 0.500000 0.733253
v 1.250000 0.500000 0.750000
v 1.312500 0.500000 0.733253
v 1.358253 0.500000 0.687500
v 1.375000 0.500000 0.625000
v 1.358253 0.500000 0.562500
v 1.312500 0.500000 0.516747
v 1.250000 0.500000 0.500000
v 1.187500 0.500000 0.516747
v 1.141747 0.500000 0.562500
v 1.000000 2.000000 0.625000
v 1.033494 2.000000 0.750000
v 1.125000 2.000000 0.841506
v 1.250000 2.000000 0.875000
v 1.375000 2.000000 0.841506
v 1.466506 2.000000 0.750000
v 1.500000 2.000000 0.625000
v 1.466506 2.000000 0.500000
v 1.375000 2.000000 0.408494
v 1.250000 2.000000 0.375000
v 1.125000 2.000000 0.408493
v 1.033494 2.000000 0.500000
v 1.033494 2.125000 0.750000
v 1.000000 2.125000 0.625000
v 1.125000 2.125000 0.841506
v 1.250000 2.125000 0.875000
v 1.375000 2.125000 0.841506
v 1.466506 2.125000 0.750000
v 1.500000 2.125000 0.625000
v 1.466506 2.125000 0.500000
v 1.375000 2.125000 0.408494
v 1.250000 2.125000 0.375000
v 1.125000 2.125000 0.408493
v 1.033494 2.125000 0.500000
v 1.141747 2.250000 0.687500
v 1.125000 2.250000 0.625000
v 1.187500 2.250000 0.733253
v 1.250000 2.250000 0.750000
v 1.312500 2.250000 0.733253
v 1.358253 2.250000 0.687500
v 1.375000 2.250000 0.625000
v 1.358253 2.250000 0.562500
v 1.312500 2.250000 0.516747
v 1.250000 2.250000 0.500000
v 1.187500 2.250000 0.516747
v 1.141747 2.250000 0.562500
v -1.000000 1.000000 0.625000
v -1.033494 1.000000 0.500000
v -1.125000 1.000000 0.408494
v -1.250000 1.000000 0.375000
v -1.375000 1.000000 0.408494
v -1.466506 1.000000 0.500000
v -1.500000 1.000000 0.625000
v -1.466506 1.000000 0.750000
v -1.375000 1.000000 0.841506
v -1.250000 1.000000 0.875000
v -1.125000 1.000000 0.841507
v -1.033494 1.000000 0.750000
v -1.033494 0.750000 0.500000
v -1.000000 0.750000 0.625000
v -1.125000 0.750000 0.408494
v -1.250000 0.750000 0.375000
v -1.375000 0.750000 0.408494
v -1.466506 0.750000 0.500000
v -1.500000 0.750000 0.625000
v -1.466506 0.750000 0.750000
v -1.375000 0.750000 0.841506
v -1.250000 0.750000 0.875000
v -1.125000 0.750000 0.841507
v -1.033494 0.750000 0.750000
v -1.141747 0.500000 0.562500
v -1.125000 0.500000 0.625000
v -1.187500 0.500000 0.516747
v -1.250000 0.500000 0.500000
v -1.312500 0.500000 0.516747
v -1.358253 0.500000 0.562500
v -1.375000 0.500000 0.625000
v -1.358253 0.500000 0.687500
v -1.312500 0.500000 0.733253
v -1.250000 0.500000 0.750000
v -1.187500 0.500000 0.733253
v -1.141747 0.500000 0.687500
v -1.000000 1.000000 -0.625000
v -1.033494 1.000000 -0.750000
v -1.125000 1.000000 -0.841506
v -1.250000 1.000000 -0.875000
v -1.375000 1.000000 -0.841506
v -1.466506 1.000000 -0.750000
v -1.500000 1.000000 -0.625000
v -1.466506 1.000000 -0.500000
v -1.375000 1.000000 -0.408493
v -1.250000 1.000000 -0.375000
v -1.125000 1.000000 -0.408493
v -1.033494 1.000000 -0.500000
v -1.033494 0.750000 -0.750000
v -1.000000 0.750000 -0.625000
v -1.125000 0.750000 -0.841506
v -1.250000 0.750000 -0.875000
v -1.375000 0.750000 -0.841506
v -1.466506 0.750000 -0.750000
v -1.500000 0.750000 -0.625000
v -1.466506 0.750000 -0.500000
v -1.375000 0.750000 -0.408493
v -1.250000 0.750000 -0.375000
v -1.125000 0.750000 -0.408493
v -1.033494 0.750000 -0.500000
v -1.141747 0.500000 -0.687500
v -1.125000 0.500000 -0.625000
v -1.187500 0.500000 -0.733253
v -1.250000 0.500000 -0.750000
v -1.312500 0.500000 -0.733253
v -1.358253 0.500000 -0.687500
v -1.375000 0.500000 -0.625000
v -1.358253 0.500000 -0.562500
v -1.312500 0.500000 -0.516747
v -1.250000 0.500000 -0.500000
v -1.187500 0.500000 -0.516747
v -1.141747 0.500000 -0.562500
v 0.625000 1.000000 1.000000
v 0.500000 1.000000 1.033494
v 0.408494 1.000000 1.125000
v 0.375000 1.000000 1.250000
v 0.408494 1.000000 1.375000
v 0.500000 1.000000 1.466506
v 0.625000 1.000000 1.500000
v 0.750000 1.000000 1.466506
v 0.841506 1.000000 1.375000
v 0.875000 1.000000 1.250000
v 0.841507 1.000000 1.125000
v 0.750000 1.000000 1.033494
v 0.500000 0.750000 1.033494
v 0.625000 0.750000 1.000000
v 0.408494 0.750000 1.125000
v 0.375000 0.750000 1.250000
v 0.408494 0.750000 1.375000
v 0.500000 0.750000 1.466506
v 0.625000 0.750000 1.500000
v 0.750000 0.750000 1.466506
v 0.841506 0.750000 1.375000
v 0.875000 0.750000 1.250000
v 0.841507 0.750000 1.125000
v 0.750000 0.750000 1.033494
v 0.562500 0.500000 1.141747
v 0.625000 0.500000 1.125000
v 0.516747 0.500000 1.187500
v 0.500000 0.500000 1.250000
v 0.516747 0.500000 1.312500
v 0.562500 0.500000 1.358253
v 0.625000 0.500000 1.375000
v 0.687500 0.500000 1.358253
v 0.733253 0.500000 1.312500
v 0.750000 0.500000 1.250000
v 0.733253 0.500000 1.187500
v 0.687500 0.500000 1.141747
v -0.625000 1.000000 1.000000
v -0.750000 1.000000 1.033494
v -0.841506 1.000000 1.125000
v -0.875000 1.000000 1.250000
v -0.841506 1.000000 1.375000
v -0.750000 1.000000 1.466506
v -0.625000 1.000000 1.500000
v -0.500000 1.000000 1.466506
v -0.408493 1.000000 1.375000
v -0.375000 1.000000 1.250000
v -0.408493 1.000000 1.125000
v -0.500000 1.000000 1.033494
v -0.750000 0.750000 1.033494
v -0.625000 0.750000 1.000000
v -0.841506 0.750000 1.125000
v -0.875000 0.750000 1.250000
v -0.841506 0.750000 1.375000
v -0.750000 0.750000 1.466506
v -0.625000 0.750000 1.500000
v -0.500000 0.750000 1.466506
v -0.408493 0.750000 1.375000
v -0.375000 0.750000 1.250000
v -0.408493 0.750000 1.125000
v -0.500000 0.750000 1.033494
v -0.687500 0.500000 1.141747
v -0.625000 0.500000 1.125000
v -0.733253 0.500000 1.187500
v -0.750000 0.500000 1.250000
v -0.733253 0.500000 1.312500
v -0.687500 0.500000 1.358253
v -0.625000 0.500000 1.375000
v -0.562500 0.500000 1.358253
v -0.516747 0.500000 1.312500
v -0.500000 0.500000 1.250000
v -0.516747 0.500000 1.187500
v -0.562500 0.500000 1.141747
v 0.625000 2.000000 1.000000
v 0.500000 2.000000 1.033494
v 0.408494 2.000000 1.125000
v 0.375000 2.000000 1.250000
v 0.408494 2.000000 1.375000
v 0.500000 2.000000 1.466506
v 0.625000 2.000000 1.500000
v 0.750000 2.000000 1.466506
v 0.841506 2.000000 1.375000
v 0.875000 2.000000 1.250000
v 0.841507 2.000000 1.125000
v 0.750000 2.000000 1.033494
v 0.500000 2.124999 1.033494
v 0.625000 2.124999 1.000000
v 0.408494 2.124999 1.125000
v 0.375000 2.124999 1.250000
v 0.408494 2.124999 1.375000
v 0.500000 2.124999 1.466506
v 0.625000 2.124999 1.500000
v 0.750000 2.124999 1.466506
v 0.841506 2.124999 1.375000
v 0.875000 2.124999 1.250000
v 0.841507 2.124999 1.125000
v 0.750000 2.124999 1.033494
v 0.562500 2.249999 1.141747
v 0.625000 2.249999 1.125000
v 0.516747 2.249999 1.187500
v 0.500000 2.249999 1.250000
v 0.516747 2.249999 1.312500
v 0.562500 2.249999 1.358253
v 0.625000 2.249999 1.375000
v 0.687500 2.249999 1.358253
v 0.733253 2.249999 1.312500
v 0.750000 2.249999 1.250000
v 0.733253 2.249999 1.187500
v 0.687500 2.249999 1.141747
v -0.625000 2.000000 1.000000
v -0.750000 2.000000 1.033494
v -0.841506 2.000000 1.125000
v -0.875000 2.000000 1.250000
v -0.841506 2.000000 1.375000
v -0.750000 2.000000 1.466506
v -0.625000 2.000000 1.500000
v -0.500000 2.000000 1.466506
v -0.408493 2.000000 1.375000
v -0.375000 2.000000 1.250000
v -0.408493 2.000000 1.125000
v -0.500000 2.000000 1.033494
v -0.750000 2.124999 1.033494
v -0.625000 2.124999 1.000000
v -0.841506 2.124999 1.125000
v -0.875000 2.124999 1.250000
v -0.841506 2.124999 1.375000
v -0.750000 2.124999 1.466506
v -0.625000 2.124999 1.500000
v -0.500000 2.124999 1.466506
v -0.408493 2.124999 1.375000
v -0.375000 2.124999 1.250000
v -0.408493 2.124999 1.125000
v -0.500000 2.124999 1.033494
v -0.687500 2.249999 1.141747
v -0.625000 2.249999 1.125000
v -0.733253 2.249999 1.187500
v -0.750000 2.249999 1.250000
v -0.733253 2.249999 1.312500
v -0.687500 2.249999 1.358253
v -0.625000 2.249999 1.375000
v -0.562500 2.249999 1.358253
v -0.516747 2.249999 1.312500
v -0.500000 2.249999 1.250000
v -0.516747 2.249999 1.187500
v -0.562500 2.249999 1.141747
v -1.000000 2.000000 0.625000
v -1.033494 2.000000 0.500000
v -1.125000 2.000000 0.408494
v -1.250000 2.000000 0.375000
v -1.375000 2.000000 0.408494
v -1.466506 2.000000 0.500000
v -1.500000 2.000000 0.625000
v -1.466506 2.000000 0.750000
v -1.375000 2.000000 0.841506
v -1.250000 2.000000 0.875000
v -1.125000 2.000000 0.841507
v -1.033494 2.000000 0.750000
v -1.033494 2.124999 0.500000
v -1.000000 2.124999 0.625000
v -1.125000 2.124999 0.408494
v -1.250000 2.124999 0.375000
v -1.375000 2.124999 0.408494
v -1.466506 2.124999 0.500000
v -1.500000 2.124999 0.625000
v -1.466506 2.124999 0.750000
v -1.375000 2.124999 0.841506
v -1.250000 2.124999 0.875000
v -1.125000 2.124999 0.841507
v -1.033494 2.124999 0.750000
v -1.141747 2.249999 0.562500
v -1.125000 2.249999 0.625000
v -1.187500 2.249999 0.516747
v -1.250000 2.249999 0.500000
v -1.312500 2.249999 0.516747
v -1.358253 2.249999 0.562500
v -1.375000 2.249999 0.625000
v -1.358253 2.249999 0.687500
v -1.312500 2.249999 0.733253
v -1.250000 2.249999 0.750000
v -1.187500 2.249999 0.733253
v -1.141747 2.249999 0.687500
v -1.000000 2.000000 -0.625000
v -1.033494 2.000000 -0.750000
v -1.125000 2.000000 -0.841506
v -1.250000 2.000000 -0.875000
v -1.375000 2.000000 -0.841506
v -1.466506 2.000000 -0.750000
v -1.500000 2.000000 -0.625000
v -1.466506 2.000000 -0.500000
v -1.375000 2.000000 -0.408493
v -1.250000 2.000000 -0.375000
v -1.125000 2.000000 -0.408493
v -1.033494 2.000000 -0.500000
v -1.033494 2.124999 -0.750000
v -1.000000 2.124999 -0.625000
v -1.125000 2.124999 -0.841506
v -1.250000 2.124999 -0.875000
v -1.375000 2.124999 -0.841506
v -1.466506 2.124999 -0.750000
v -1.500000 2.124999 -0.625000
v -1.466506 2.124999 -0.500000
v -1.375000 2.124999 -0.408493
v -1.250000 2.124999 -0.375000
v -1.125000 2.124999 -0.408493
v -1.033494 2.124999 -0.500000
v -1.141747 2.249999 -0.687500
v -1.125000 2.249999 -0.625000
v -1.187500 2.249999 -0.733253
v -1.250000 2.249999 -0.750000
v -1.312500 2.249999 -0.733253
v -1.358253 2.249999 -0.687500
v -1.375000 2.249999 -0.625000
v -1.358253 2.249999 -0.562500
v -1.312500 2.249999 -0.516747
v -1.250000 2.249999 -0.500000
v -1.187500 2.249999 -0.516747
v -1.141747 2.249999 -0.562500
vt 0.052632 0.000000
vt -0.000000 0.081633
vt -0.000000 -0.000000
vt 0.039474 0.122449
vt -0.000000 0.102041
vt 0.052632 0.102041
vt 0.052632 0.081633
vt 0.000000 0.102041
vt 0.000000 0.081633
vt 0.052632 0.081633
vt -0.000000 0.102041
vt -0.000000 0.081633
vt 0.052632 0.081633
vt 0.052632 0.081633
vt -0.000000 0.102041
vt -0.000000 0.081633
vt 0.236842 0.714286
vt 0.184211 0.795918
vt 0.184211 0.714286
vt 0.263158 0.795918
vt 0.236842 0.795918
vt 0.157895 0.714286
vt 0.184211 0.836735
vt 0.236842 0.673469
vt 0.184211 0.714286
vt 0.236842 0.795918
vt 0.184211 0.795918
vt 0.263158 0.795918
vt 0.236842 0.714286
vt 0.263158 0.714286
vt 0.157895 0.714286
vt 0.157895 0.795918
vt 0.236842 0.673469
vt 0.184211 0.673469
vt 0.184211 0.836735
vt 0.236842 0.836735
vt 0.601210 0.792001
vt 0.595438 0.825413
vt 0.579668 0.800954
vt 0.391840 0.771891
vt 0.377333 0.658773
vt 0.450265 0.636272
vt 0.516058 0.624095
vt 0.577886 0.688171
vt 0.536574 0.784069
vt 0.039474 0.204082
vt 0.013158 0.122449
vt 0.039474 0.204082
vt 0.013158 0.122449
vt 0.039474 0.122449
vt 0.039474 0.204082
vt 0.013158 0.122449
vt 0.039474 0.122449
vt 0.039474 0.204082
vt 0.013158 0.122449
vt 0.039474 0.122449
vt 0.052632 0.102041
vt 0.052632 0.102041
vt 0.052632 0.102041
vt 0.105263 0.183673
vt 0.263158 0.102041
vt 0.315789 0.183673
vt 0.263158 0.102041
vt 0.315789 0.346939
vt 0.263158 0.428571
vt 0.368421 -0.000000
vt 0.315789 0.020408
vt 0.315789 0.000000
vt 0.052632 0.020408
vt 0.105263 -0.000000
vt 0.105263 0.020408
vt 0.368421 -0.000000
vt 0.315789 0.020408
vt 0.315789 0.000000
vt 0.368421 0.000000
vt 0.315789 0.020408
vt 0.315789 0.000000
vt 0.105263 -0.000000
vt 0.052632 0.020408
vt 0.052632 0.000000
vt 0.157895 -0.000000
vt 0.105263 0.020408
vt 0.263158 0.020408
vt 0.157895 -0.000000
vt 0.263158 -0.000000
vt 0.263158 0.020408
vt 0.263158 -0.000000
vt 0.105263 -0.000000
vt 0.052632 0.020408
vt 0.052632 0.000000
vt 0.105263 0.020408
vt 0.263158 0.020408
vt 0.157895 0.000000
vt 0.263158 -0.000000
vt 0.105263 0.000000
vt 0.052632 0.020408
vt 0.052632 -0.000000
vt 0.105263 0.020408
vt 0.157895 0.020408
vt 0.263158 -0.000000
vt 0.263158 0.020408
vt 0.315789 0.020408
vt 0.368421 -0.000000
vt 0.368421 0.020408
vt 0.315789 0.000000
vt 0.157895 -0.000000
vt 0.026316 0.510204
vt 0.000000 0.918367
vt -0.000000 0.510204
vt 0.052632 0.918367
vt 0.052632 0.510204
vt 0.078947 0.510204
vt 0.105263 0.510204
vt 0.078947 0.918367
vt 0.315789 0.551020
vt 0.105263 0.591837
vt 0.105263 0.551020
vt 0.026316 0.959184
vt 0.026316 0.918367
vt 0.052632 0.959184
vt 0.315789 0.632653
vt 0.315789 0.591837
vt 0.026316 1.000000
vt 0.052632 1.000000
vt 0.052632 0.510204
vt 0.026316 0.918367
vt 0.026316 0.510204
vt 0.078947 0.918367
vt 0.078947 0.510204
vt 0.105263 0.510204
vt 0.000000 0.918367
vt -0.000000 0.510204
vt 0.052632 0.918367
vt 0.026316 0.959184
vt 0.052632 0.959184
vt 0.052632 1.000000
vt 0.026316 1.000000
vt 0.105263 0.510204
vt 0.078947 0.918367
vt 0.078947 0.510204
vt 0.026316 0.918367
vt -0.000000 0.510204
vt 0.026316 0.510204
vt 0.052632 0.510204
vt 0.052632 0.918367
vt 0.315789 0.673469
vt 0.105263 0.632653
vt 0.105263 0.510204
vt 0.315789 0.510204
vt 0.026316 0.959184
vt 0.052632 0.959184
vt 0.052632 1.000000
vt 0.078947 0.510204
vt 0.052632 0.918367
vt 0.052632 0.510204
vt 0.105263 0.918367
vt 0.105263 0.510204
vt 0.026316 0.510204
vt 0.000000 0.918367
vt -0.000000 0.510204
vt 0.026316 0.918367
vt 0.078947 0.918367
vt 0.052632 0.959184
vt 0.026316 0.959184
vt 0.026316 1.000000
vt 0.105263 0.591837
vt 0.315789 0.551020
vt 0.315789 0.591837
vt 0.105263 0.632653
vt 0.315789 0.632653
vt 0.315789 0.673469
vt 0.105263 0.510204
vt 0.315789 0.510204
vt 0.105263 0.591837
vt 0.315789 0.551020
vt 0.315789 0.591837
vt 0.105263 0.632653
vt 0.315789 0.632653
vt 0.315789 0.673469
vt 0.105263 0.510204
vt 0.315789 0.510204
vt 0.105263 0.591837
vt 0.315789 0.551020
vt 0.315789 0.591837
vt 0.105263 0.632653
vt 0.315789 0.632653
vt 0.315789 0.673469
vt 0.105263 0.510204
vt 0.315789 0.510204
vt 0.315789 0.510204
vt 0.368421 0.591837
vt 0.315789 0.591837
vt 0.368421 0.612245
vt 0.328947 0.632653
vt 0.315789 0.612245
vt 0.315789 0.612245
vt 0.368421 0.591837
vt 0.315789 0.591837
vt 0.368421 0.591837
vt 0.315789 0.612245
vt 0.315789 0.591837
vt 0.368421 0.591837
vt 0.315789 0.612245
vt 0.315789 0.591837
vt 0.355263 0.632653
vt 0.328947 0.693878
vt 0.328947 0.632653
vt 0.368421 0.612245
vt 0.368421 0.612245
vt 0.328947 0.632653
vt 0.368421 0.612245
vt 0.328947 0.632653
vt 0.355263 0.632653
vt 0.328947 0.693878
vt 0.355263 0.632653
vt 0.328947 0.693878
vt 0.355263 0.632653
vt 0.328947 0.693878
vt 0.820667 0.716925
vt 0.827268 0.755137
vt 0.809233 0.783110
vt 0.857702 0.656844
vt 0.845383 0.661963
vt 0.839666 0.628870
vt 0.545966 0.787949
vt 0.577506 0.836869
vt 0.534422 0.854774
vt 0.857702 0.656844
vt 0.845383 0.661963
vt 0.839666 0.628870
vt 0.118421 0.673469
vt 0.105263 0.693878
vt 0.105263 0.673469
vt 0.118421 0.693878
vt 0.105263 0.775510
vt 0.144737 0.673469
vt 0.131579 0.775510
vt 0.131579 0.673469
vt 0.157895 0.693878
vt 0.144737 0.775510
vt 0.756579 0.785714
vt 0.730263 0.765306
vt 0.756579 0.765306
vt 0.598684 0.765306
vt 0.625000 0.785714
vt 0.598684 0.785714
vt 0.592105 0.765306
vt 0.578947 0.785714
vt 0.578947 0.765306
vt 0.592105 0.724490
vt 0.578947 0.744898
vt 0.578947 0.724490
vt 0.592105 0.704082
vt 0.578947 0.704082
vt 0.592105 0.744898
vt 0.763158 0.744898
vt 0.776316 0.724490
vt 0.776316 0.744898
vt 0.763158 0.785714
vt 0.776316 0.765306
vt 0.776316 0.785714
vt 0.763158 0.724490
vt 0.776316 0.704082
vt 0.763158 0.765306
vt 0.723684 0.765306
vt 0.631579 0.785714
vt 0.631579 0.765306
vt 0.723684 0.704082
vt 0.631579 0.724490
vt 0.631579 0.704082
vt 0.723684 0.744898
vt 0.631579 0.744898
vt 0.598684 0.704082
vt 0.723684 0.724490
vt 0.756579 0.704082
vt 0.039474 0.408163
vt 0.026316 0.204082
vt 0.039474 0.204082
vt 0.013158 0.408163
vt -0.000000 0.204082
vt 0.013158 0.204082
vt 0.052632 0.408163
vt 0.052632 0.204082
vt 0.026316 0.408163
vt 0.013158 0.469388
vt 0.052632 0.428571
vt 0.039474 0.448980
vt 0.039474 0.428571
vt -0.000000 0.448980
vt -0.000000 0.428571
vt 0.677632 0.704082
vt 0.578947 0.683673
vt 0.677632 0.683673
vt 0.677632 0.663265
vt 0.578947 0.642857
vt 0.677632 0.642857
vt 0.578947 0.663265
vt 0.578947 0.622449
vt 0.677632 0.622449
vt 0.052632 0.000000
vt -0.000000 0.081633
vt -0.000000 -0.000000
vt 0.039474 0.122449
vt -0.000000 0.102041
vt 0.052632 0.102041
vt 0.052632 0.081633
vt 0.000000 0.102041
vt 0.000000 0.081633
vt 0.052632 0.081633
vt -0.000000 0.102041
vt -0.000000 0.081633
vt 0.052632 0.081633
vt 0.052632 0.081633
vt -0.000000 0.102041
vt -0.000000 0.081633
vt 0.039474 0.204082
vt 0.013158 0.122449
vt 0.039474 0.204082
vt 0.013158 0.122449
vt 0.039474 0.122449
vt 0.039474 0.204082
vt 0.013158 0.122449
vt 0.039474 0.122449
vt 0.039474 0.204082
vt 0.013158 0.122449
vt 0.039474 0.122449
vt 0.052632 0.102041
vt 0.052632 0.102041
vt 0.052632 0.102041
vt 0.052632 0.000000
vt -0.000000 0.081633
vt -0.000000 -0.000000
vt 0.039474 0.122449
vt -0.000000 0.102041
vt 0.052632 0.102041
vt 0.052632 0.081633
vt 0.000000 0.102041
vt 0.000000 0.081633
vt 0.052632 0.081633
vt -0.000000 0.102041
vt -0.000000 0.081633
vt 0.052632 0.081633
vt 0.052632 0.081633
vt -0.000000 0.102041
vt -0.000000 0.081633
vt 0.039474 0.204082
vt 0.013158 0.122449
vt 0.039474 0.204082
vt 0.013158 0.122449
vt 0.039474 0.122449
vt 0.039474 0.204082
vt 0.013158 0.122449
vt 0.039474 0.122449
vt 0.039474 0.204082
vt 0.013158 0.122449
vt 0.039474 0.122449
vt 0.052632 0.102041
vt 0.052632 0.102041
vt 0.052632 0.102041
vt 0.052632 0.000000
vt -0.000000 0.081633
vt -0.000000 -0.000000
vt 0.039474 0.122449
vt -0.000000 0.102041
vt 0.052632 0.102041
vt 0.052632 0.081633
vt 0.000000 0.102041
vt 0.000000 0.081633
vt 0.052632 0.081633
vt -0.000000 0.102041
vt -0.000000 0.081633
vt 0.052632 0.081633
vt 0.052632 0.081633
vt -0.000000 0.102041
vt -0.000000 0.081633
vt 0.039474 0.204082
vt 0.013158 0.122449
vt 0.039474 0.204082
vt 0.013158 0.122449
vt 0.039474 0.122449
vt 0.039474 0.204082
vt 0.013158 0.122449
vt 0.039474 0.122449
vt 0.039474 0.204082
vt 0.013158 0.122449
vt 0.039474 0.122449
vt 0.052632 0.102041
vt 0.052632 0.102041
vt 0.052632 0.102041
vt 0.820667 0.716925
vt 0.827268 0.755137
vt 0.809233 0.783110
vt 0.857702 0.656844
vt 0.845383 0.661963
vt 0.839666 0.628870
vt 0.545966 0.787949
vt 0.577506 0.836869
vt 0.534422 0.854774
vt 0.857702 0.656844
vt 0.845383 0.661963
vt 0.839666 0.628870
vt 0.118421 0.673469
vt 0.105263 0.693878
vt 0.105263 0.673469
vt 0.118421 0.693878
vt 0.105263 0.775510
vt 0.144737 0.673469
vt 0.131579 0.775510
vt 0.131579 0.673469
vt 0.157895 0.693878
vt 0.144737 0.775510
vt 0.315789 0.510204
vt 0.368421 0.591837
vt 0.315789 0.591837
vt 0.368421 0.612245
vt 0.328947 0.632653
vt 0.315789 0.612245
vt 0.315789 0.612245
vt 0.368421 0.591837
vt 0.315789 0.591837
vt 0.368421 0.591837
vt 0.315789 0.612245
vt 0.315789 0.591837
vt 0.368421 0.591837
vt 0.315789 0.612245
vt 0.315789 0.591837
vt 0.355263 0.632653
vt 0.328947 0.693878
vt 0.328947 0.632653
vt 0.368421 0.612245
vt 0.368421 0.612245
vt 0.328947 0.632653
vt 0.355263 0.632653
vt 0.328947 0.632653
vt 0.355263 0.632653
vt 0.328947 0.693878
vt 0.328947 0.693878
vt 0.355263 0.632653
vt 0.328947 0.693878
vt 0.820667 0.716925
vt 0.809233 0.783110
vt 0.777995 0.734659
vt 0.857702 0.656844
vt 0.845383 0.661963
vt 0.839666 0.628870
vt 0.857702 0.656844
vt 0.845383 0.661963
vt 0.839666 0.628870
vt 0.545966 0.787949
vt 0.577506 0.836869
vt 0.534422 0.854774
vt 0.601210 0.792001
vt 0.604543 0.811291
vt 0.595438 0.825413
vt 0.118421 0.673469
vt 0.105263 0.693878
vt 0.105263 0.673469
vt 0.118421 0.693878
vt 0.105263 0.775510
vt 0.131579 0.673469
vt 0.144737 0.775510
vt 0.131579 0.775510
vt 0.157895 0.693878
vt 0.144737 0.673469
vt 0.756579 0.785714
vt 0.730263 0.765306
vt 0.756579 0.765306
vt 0.598684 0.765306
vt 0.625000 0.785714
vt 0.598684 0.785714
vt 0.592105 0.765306
vt 0.578947 0.785714
vt 0.578947 0.765306
vt 0.592105 0.724490
vt 0.578947 0.744898
vt 0.578947 0.724490
vt 0.592105 0.704082
vt 0.578947 0.704082
vt 0.592105 0.744898
vt 0.763158 0.744898
vt 0.776316 0.724490
vt 0.776316 0.744898
vt 0.763158 0.785714
vt 0.776316 0.765306
vt 0.776316 0.785714
vt 0.763158 0.724490
vt 0.776316 0.704082
vt 0.763158 0.765306
vt 0.723684 0.765306
vt 0.631579 0.785714
vt 0.631579 0.765306
vt 0.723684 0.704082
vt 0.631579 0.724490
vt 0.631579 0.704082
vt 0.723684 0.744898
vt 0.631579 0.744898
vt 0.598684 0.704082
vt 0.723684 0.724490
vt 0.756579 0.704082
vt 0.039474 0.408163
vt 0.026316 0.204082
vt 0.039474 0.204082
vt 0.013158 0.408163
vt -0.000000 0.204082
vt 0.013158 0.204082
vt 0.052632 0.408163
vt 0.052632 0.204082
vt 0.026316 0.408163
vt 0.013158 0.469388
vt 0.039474 0.428571
vt 0.052632 0.448980
vt 0.039474 0.448980
vt -0.000000 0.448980
vt -0.000000 0.428571
vt 0.677632 0.704082
vt 0.578947 0.683673
vt 0.677632 0.683673
vt 0.677632 0.663265
vt 0.578947 0.642857
vt 0.677632 0.642857
vt 0.578947 0.663265
vt 0.578947 0.622449
vt 0.677632 0.622449
vt 0.820667 0.716925
vt 0.827268 0.755137
vt 0.809233 0.783110
vt 0.857702 0.656844
vt 0.845383 0.661963
vt 0.839666 0.628870
vt 0.545966 0.787949
vt 0.577506 0.836869
vt 0.534422 0.854774
vt 0.601210 0.792001
vt 0.595438 0.825413
vt 0.579668 0.800954
vt 0.118421 0.673469
vt 0.105263 0.693878
vt 0.105263 0.673469
vt 0.118421 0.693878
vt 0.105263 0.775510
vt 0.144737 0.673469
vt 0.131579 0.775510
vt 0.131579 0.673469
vt 0.157895 0.693878
vt 0.144737 0.775510
vt 0.315789 0.510204
vt 0.368421 0.591837
vt 0.315789 0.591837
vt 0.368421 0.612245
vt 0.328947 0.632653
vt 0.315789 0.612245
vt 0.315789 0.612245
vt 0.368421 0.591837
vt 0.315789 0.591837
vt 0.368421 0.591837
vt 0.315789 0.612245
vt 0.315789 0.591837
vt 0.368421 0.591837
vt 0.315789 0.612245
vt 0.315789 0.591837
vt 0.355263 0.632653
vt 0.328947 0.693878
vt 0.328947 0.632653
vt 0.368421 0.612245
vt 0.368421 0.612245
vt 0.328947 0.632653
vt 0.355263 0.632653
vt 0.328947 0.632653
vt 0.355263 0.693878
vt 0.328947 0.693878
vt 0.328947 0.693878
vt 0.355263 0.632653
vt 0.328947 0.693878
vt 0.820667 0.716925
vt 0.809233 0.783110
vt 0.777995 0.734659
vt 0.545966 0.787949
vt 0.577506 0.836869
vt 0.534422 0.854774
vt 0.118421 0.673469
vt 0.105263 0.693878
vt 0.105263 0.673469
vt 0.118421 0.693878
vt 0.105263 0.775510
vt 0.131579 0.673469
vt 0.144737 0.775510
vt 0.131579 0.775510
vt 0.157895 0.693878
vt 0.144737 0.673469
vt 0.756579 0.785714
vt 0.730263 0.765306
vt 0.756579 0.765306
vt 0.598684 0.765306
vt 0.625000 0.785714
vt 0.598684 0.785714
vt 0.592105 0.765306
vt 0.578947 0.785714
vt 0.578947 0.765306
vt 0.592105 0.724490
vt 0.578947 0.744898
vt 0.578947 0.724490
vt 0.592105 0.704082
vt 0.578947 0.704082
vt 0.592105 0.744898
vt 0.763158 0.744898
vt 0.776316 0.724490
vt 0.776316 0.744898
vt 0.763158 0.785714
vt 0.776316 0.765306
vt 0.776316 0.785714
vt 0.763158 0.724490
vt 0.776316 0.704082
vt 0.763158 0.765306
vt 0.723684 0.765306
vt 0.631579 0.785714
vt 0.631579 0.765306
vt 0.723684 0.704082
vt 0.631579 0.724490
vt 0.631579 0.704082
vt 0.723684 0.744898
vt 0.631579 0.744898
vt 0.598684 0.704082
vt 0.723684 0.724490
vt 0.756579 0.704082
vt 0.039474 0.408163
vt 0.026316 0.204082
vt 0.039474 0.204082
vt 0.013158 0.408163
vt -0.000000 0.204082
vt 0.013158 0.204082
vt 0.052632 0.408163
vt 0.052632 0.204082
vt 0.026316 0.408163
vt 0.013158 0.469388
vt 0.039474 0.428571
vt 0.052632 0.448980
vt 0.039474 0.448980
vt -0.000000 0.448980
vt -0.000000 0.428571
vt 0.677632 0.704082
vt 0.578947 0.683673
vt 0.677632 0.683673
vt 0.677632 0.663265
vt 0.578947 0.642857
vt 0.677632 0.642857
vt 0.578947 0.663265
vt 0.578947 0.622449
vt 0.677632 0.622449
vt 0.820667 0.716925
vt 0.809233 0.783110
vt 0.777995 0.734659
vt 0.559297 0.865112
vt 0.534422 0.854774
vt 0.545966 0.787949
vt 0.118421 0.673469
vt 0.105263 0.693878
vt 0.105263 0.673469
vt 0.118421 0.693878
vt 0.105263 0.775510
vt 0.144737 0.673469
vt 0.131579 0.775510
vt 0.131579 0.673469
vt 0.157895 0.693878
vt 0.144737 0.775510
vt 0.315789 0.510204
vt 0.368421 0.591837
vt 0.315789 0.591837
vt 0.368421 0.612245
vt 0.328947 0.632653
vt 0.315789 0.612245
vt 0.315789 0.612245
vt 0.368421 0.591837
vt 0.315789 0.591837
vt 0.368421 0.591837
vt 0.315789 0.612245
vt 0.315789 0.591837
vt 0.368421 0.591837
vt 0.315789 0.612245
vt 0.315789 0.591837
vt 0.355263 0.632653
vt 0.328947 0.693878
vt 0.328947 0.632653
vt 0.368421 0.612245
vt 0.368421 0.612245
vt 0.328947 0.632653
vt 0.355263 0.632653
vt 0.328947 0.632653
vt 0.355263 0.632653
vt 0.328947 0.693878
vt 0.328947 0.693878
vt 0.355263 0.632653
vt 0.328947 0.693878
vt 0.820667 0.716925
vt 0.809233 0.783110
vt 0.777995 0.734659
vt 0.601210 0.792001
vt 0.595438 0.825413
vt 0.579668 0.800954
vt 0.545966 0.787949
vt 0.577506 0.836869
vt 0.534422 0.854774
vt 0.601210 0.792001
vt 0.595438 0.825413
vt 0.579668 0.800954
vt 0.118421 0.673469
vt 0.105263 0.693878
vt 0.105263 0.673469
vt 0.118421 0.693878
vt 0.105263 0.775510
vt 0.131579 0.673469
vt 0.144737 0.775510
vt 0.131579 0.775510
vt 0.157895 0.693878
vt 0.144737 0.673469
vt 0.756579 0.785714
vt 0.730263 0.765306
vt 0.756579 0.765306
vt 0.598684 0.765306
vt 0.625000 0.785714
vt 0.598684 0.785714
vt 0.592105 0.765306
vt 0.578947 0.785714
vt 0.578947 0.765306
vt 0.592105 0.724490
vt 0.578947 0.744898
vt 0.578947 0.724490
vt 0.592105 0.704082
vt 0.578947 0.704082
vt 0.592105 0.744898
vt 0.763158 0.744898
vt 0.776316 0.724490
vt 0.776316 0.744898
vt 0.763158 0.785714
vt 0.776316 0.765306
vt 0.776316 0.785714
vt 0.763158 0.724490
vt 0.776316 0.704082
vt 0.763158 0.765306
vt 0.723684 0.765306
vt 0.631579 0.785714
vt 0.631579 0.765306
vt 0.723684 0.704082
vt 0.631579 0.724490
vt 0.631579 0.704082
vt 0.723684 0.744898
vt 0.631579 0.744898
vt 0.598684 0.704082
vt 0.723684 0.724490
vt 0.756579 0.704082
vt 0.039474 0.408163
vt 0.026316 0.204082
vt 0.039474 0.204082
vt 0.013158 0.408163
vt -0.000000 0.204082
vt 0.013158 0.204082
vt 0.052632 0.408163
vt 0.052632 0.204082
vt 0.026316 0.408163
vt 0.013158 0.469388
vt 0.039474 0.428571
vt 0.052632 0.448980
vt 0.039474 0.448980
vt -0.000000 0.448980
vt -0.000000 0.428571
vt 0.677632 0.704082
vt 0.578947 0.683673
vt 0.677632 0.683673
vt 0.677632 0.663265
vt 0.578947 0.642857
vt 0.677632 0.642857
vt 0.578947 0.663265
vt 0.578947 0.622449
vt 0.677632 0.622449
vt 0.784596 0.772871
vt 0.777995 0.734659
vt 0.820667 0.716925
vt 0.601210 0.792001
vt 0.604543 0.811291
vt 0.595438 0.825413
vt 0.577506 0.836869
vt 0.559297 0.865112
vt 0.534422 0.854774
vt 0.601210 0.792001
vt 0.604543 0.811291
vt 0.595438 0.825413
vt 0.118421 0.673469
vt 0.105263 0.693878
vt 0.105263 0.673469
vt 0.118421 0.693878
vt 0.105263 0.775510
vt 0.144737 0.673469
vt 0.131579 0.775510
vt 0.131579 0.673469
vt 0.157895 0.693878
vt 0.144737 0.775510
vt 0.857702 0.656844
vt 0.845383 0.661963
vt 0.839666 0.628870
vt 0.601210 0.792001
vt 0.595438 0.825413
vt 0.579668 0.800954
vt 0.263158 0.714286
vt 0.157895 0.795918
vt 0.236842 0.836735
vt 0.184211 0.673469
vt 0.583000 0.792001
vt 0.588773 0.786832
vt 0.595438 0.786832
vt 0.604543 0.800954
vt 0.604543 0.811291
vt 0.601210 0.820244
vt 0.588773 0.825413
vt 0.583000 0.820244
vt 0.579668 0.811291
vt 0.377333 0.749391
vt 0.369482 0.719992
vt 0.369482 0.688171
vt 0.391840 0.636272
vt 0.410795 0.624094
vt 0.431311 0.624095
vt 0.464772 0.658773
vt 0.464772 0.749391
vt 0.472623 0.688171
vt 0.472623 0.719992
vt 0.450265 0.771891
vt 0.431311 0.784069
vt 0.410795 0.784069
vt 0.536574 0.624094
vt 0.555528 0.636272
vt 0.570035 0.658773
vt 0.577886 0.719992
vt 0.570035 0.749391
vt 0.555528 0.771891
vt 0.516058 0.784069
vt 0.497103 0.771891
vt 0.482596 0.749391
vt 0.474745 0.719992
vt 0.474745 0.688171
vt 0.482596 0.658773
vt 0.497103 0.636272
vt 0.013158 0.204082
vt 0.013158 0.204082
vt 0.013158 0.204082
vt 0.013158 0.204082
vt 0.105263 0.510204
vt 0.052632 0.510204
vt 0.052632 0.428571
vt 0.105263 0.346939
vt 0.157895 0.428571
vt 0.052632 0.102041
vt 0.105263 0.020408
vt 0.052632 0.020408
vt 0.368421 0.510204
vt 0.315789 0.510204
vt 0.368421 0.428571
vt 0.263158 0.428571
vt 0.157895 0.102041
vt 0.315789 0.346939
vt 0.368421 0.020408
vt 0.368421 0.102041
vt 0.315789 0.020408
vt 0.052632 0.102041
vt 0.157895 0.102041
vt 0.105263 0.183673
vt 0.368421 0.102041
vt 0.368421 0.020408
vt 0.052632 0.510204
vt 0.052632 0.428571
vt 0.105263 0.510204
vt 0.105263 0.346939
vt 0.315789 0.183673
vt 0.157895 0.428571
vt 0.368421 0.510204
vt 0.315789 0.510204
vt 0.368421 0.428571
vt 0.368421 0.020408
vt 0.052632 0.000000
vt 0.368421 0.020408
vt 0.157895 0.020408
vt 0.157895 0.020408
vt 0.157895 0.020408
vt 0.105263 0.918367
vt 0.078947 0.959184
vt 0.105263 0.918367
vt 0.078947 0.959184
vt 0.105263 0.918367
vt 0.000000 0.918367
vt 0.105263 0.673469
vt 0.078947 0.959184
vt 0.026316 1.000000
vt 0.078947 0.959184
vt 0.052632 1.000000
vt 0.105263 0.551020
vt 0.105263 0.673469
vt 0.105263 0.551020
vt 0.105263 0.673469
vt 0.105263 0.551020
vt 0.105263 0.673469
vt 0.368421 0.510204
vt 0.355263 0.693878
vt 0.355263 0.693878
vt 0.355263 0.693878
vt 0.355263 0.693878
vt 0.777995 0.734659
vt 0.784596 0.716925
vt 0.796030 0.706686
vt 0.809233 0.706686
vt 0.827268 0.734659
vt 0.820667 0.772871
vt 0.796030 0.783110
vt 0.784596 0.772871
vt 0.777995 0.755137
vt 0.839666 0.656844
vt 0.836366 0.647977
vt 0.836366 0.637738
vt 0.845383 0.623751
vt 0.861003 0.637738
vt 0.851985 0.623751
vt 0.857702 0.628871
vt 0.861003 0.647977
vt 0.851985 0.661963
vt 0.527757 0.836868
vt 0.527757 0.816193
vt 0.534422 0.798287
vt 0.559297 0.787950
vt 0.570841 0.798287
vt 0.577506 0.816193
vt 0.570841 0.854774
vt 0.559297 0.865112
vt 0.545966 0.865112
vt 0.839666 0.656844
vt 0.836366 0.647977
vt 0.836366 0.637738
vt 0.845383 0.623751
vt 0.861003 0.637738
vt 0.851985 0.623751
vt 0.857702 0.628871
vt 0.861003 0.647977
vt 0.851985 0.661963
vt 0.118421 0.775510
vt 0.157895 0.775510
vt 0.730263 0.785714
vt 0.625000 0.765306
vt 0.592105 0.785714
vt 0.763158 0.704082
vt 0.723684 0.785714
vt 0.625000 0.704082
vt 0.730263 0.704082
vt -0.000000 0.408163
vt 0.026316 0.469388
vt 0.052632 0.448980
vt 0.578947 0.704082
vt 0.013158 0.204082
vt 0.013158 0.204082
vt 0.013158 0.204082
vt 0.013158 0.204082
vt 0.013158 0.204082
vt 0.013158 0.204082
vt 0.013158 0.204082
vt 0.013158 0.204082
vt 0.013158 0.204082
vt 0.013158 0.204082
vt 0.013158 0.204082
vt 0.013158 0.204082
vt 0.777995 0.734659
vt 0.784596 0.716925
vt 0.796030 0.706686
vt 0.809233 0.706686
vt 0.827268 0.734659
vt 0.820667 0.772871
vt 0.796030 0.783110
vt 0.784596 0.772871
vt 0.777995 0.755137
vt 0.839666 0.656844
vt 0.836366 0.647977
vt 0.836366 0.637738
vt 0.845383 0.623751
vt 0.861003 0.637738
vt 0.851985 0.623751
vt 0.857702 0.628871
vt 0.861003 0.647977
vt 0.851985 0.661963
vt 0.527757 0.836868
vt 0.527757 0.816193
vt 0.534422 0.798287
vt 0.559297 0.787950
vt 0.570841 0.798287
vt 0.577506 0.816193
vt 0.570841 0.854774
vt 0.559297 0.865112
vt 0.545966 0.865112
vt 0.839666 0.656844
vt 0.836366 0.647977
vt 0.836366 0.637738
vt 0.845383 0.623751
vt 0.861003 0.637738
vt 0.851985 0.623751
vt 0.857702 0.628871
vt 0.861003 0.647977
vt 0.851985 0.661963
vt 0.118421 0.775510
vt 0.157895 0.775510
vt 0.368421 0.510204
vt 0.368421 0.612245
vt 0.355263 0.693878
vt 0.355263 0.693878
vt 0.355263 0.693878
vt 0.355263 0.693878
vt 0.784596 0.716925
vt 0.796030 0.706686
vt 0.809233 0.706686
vt 0.827268 0.734659
vt 0.827268 0.755137
vt 0.820667 0.772871
vt 0.796030 0.783110
vt 0.784596 0.772871
vt 0.777995 0.755137
vt 0.839666 0.656844
vt 0.836366 0.647977
vt 0.836366 0.637738
vt 0.845383 0.623751
vt 0.861003 0.637738
vt 0.851985 0.623751
vt 0.857702 0.628871
vt 0.861003 0.647977
vt 0.851985 0.661963
vt 0.839666 0.656844
vt 0.836366 0.647977
vt 0.836366 0.637738
vt 0.845383 0.623751
vt 0.861003 0.637738
vt 0.851985 0.623751
vt 0.857702 0.628871
vt 0.861003 0.647977
vt 0.851985 0.661963
vt 0.527757 0.836868
vt 0.527757 0.816193
vt 0.534422 0.798287
vt 0.559297 0.787950
vt 0.570841 0.798287
vt 0.577506 0.816193
vt 0.570841 0.854774
vt 0.559297 0.865112
vt 0.545966 0.865112
vt 0.579668 0.800954
vt 0.583000 0.792001
vt 0.588773 0.786832
vt 0.595438 0.786832
vt 0.604543 0.800954
vt 0.601210 0.820244
vt 0.588773 0.825413
vt 0.583000 0.820244
vt 0.579668 0.811291
vt 0.118421 0.775510
vt 0.157895 0.775510
vt 0.730263 0.785714
vt 0.625000 0.765306
vt 0.592105 0.785714
vt 0.763158 0.704082
vt 0.723684 0.785714
vt 0.625000 0.704082
vt 0.730263 0.704082
vt -0.000000 0.408163
vt 0.026316 0.469388
vt 0.052632 0.428571
vt 0.578947 0.704082
vt 0.777995 0.734659
vt 0.784596 0.716925
vt 0.796030 0.706686
vt 0.809233 0.706686
vt 0.827268 0.734659
vt 0.820667 0.772871
vt 0.796030 0.783110
vt 0.784596 0.772871
vt 0.777995 0.755137
vt 0.839666 0.656844
vt 0.836366 0.647977
vt 0.836366 0.637738
vt 0.845383 0.623751
vt 0.861003 0.637738
vt 0.851985 0.623751
vt 0.857702 0.628871
vt 0.861003 0.647977
vt 0.851985 0.661963
vt 0.527757 0.836868
vt 0.527757 0.816193
vt 0.534422 0.798287
vt 0.559297 0.787950
vt 0.570841 0.798287
vt 0.577506 0.816193
vt 0.570841 0.854774
vt 0.559297 0.865112
vt 0.545966 0.865112
vt 0.583000 0.792001
vt 0.588773 0.786832
vt 0.595438 0.786832
vt 0.604543 0.800954
vt 0.604543 0.811291
vt 0.601210 0.820244
vt 0.588773 0.825413
vt 0.583000 0.820244
vt 0.579668 0.811291
vt 0.118421 0.775510
vt 0.157895 0.775510
vt 0.368421 0.510204
vt 0.368421 0.612245
vt 0.355263 0.693878
vt 0.355263 0.632653
vt 0.355263 0.693878
vt 0.355263 0.693878
vt 0.784596 0.716925
vt 0.796030 0.706686
vt 0.809233 0.706686
vt 0.827268 0.734659
vt 0.827268 0.755137
vt 0.820667 0.772871
vt 0.796030 0.783110
vt 0.784596 0.772871
vt 0.777995 0.755137
vt 0.527757 0.836868
vt 0.527757 0.816193
vt 0.534422 0.798287
vt 0.559297 0.787950
vt 0.570841 0.798287
vt 0.577506 0.816193
vt 0.570841 0.854774
vt 0.559297 0.865112
vt 0.545966 0.865112
vt 0.118421 0.775510
vt 0.157895 0.775510
vt 0.730263 0.785714
vt 0.625000 0.765306
vt 0.592105 0.785714
vt 0.763158 0.704082
vt 0.723684 0.785714
vt 0.625000 0.704082
vt 0.730263 0.704082
vt -0.000000 0.408163
vt 0.026316 0.469388
vt 0.052632 0.428571
vt 0.578947 0.704082
vt 0.784596 0.716925
vt 0.796030 0.706686
vt 0.809233 0.706686
vt 0.827268 0.734659
vt 0.827268 0.755137
vt 0.820667 0.772871
vt 0.796030 0.783110
vt 0.784596 0.772871
vt 0.777995 0.755137
vt 0.527757 0.836868
vt 0.527757 0.816193
vt 0.534422 0.798287
vt 0.559297 0.787950
vt 0.570841 0.798287
vt 0.577506 0.816193
vt 0.577506 0.836869
vt 0.570841 0.854774
vt 0.545966 0.865112
vt 0.118421 0.775510
vt 0.157895 0.775510
vt 0.368421 0.510204
vt 0.368421 0.612245
vt 0.355263 0.693878
vt 0.355263 0.693878
vt 0.355263 0.693878
vt 0.355263 0.693878
vt 0.784596 0.716925
vt 0.796030 0.706686
vt 0.809233 0.706686
vt 0.827268 0.734659
vt 0.827268 0.755137
vt 0.820667 0.772871
vt 0.796030 0.783110
vt 0.784596 0.772871
vt 0.777995 0.755137
vt 0.583000 0.792001
vt 0.588773 0.786832
vt 0.595438 0.786832
vt 0.604543 0.800954
vt 0.604543 0.811291
vt 0.601210 0.820244
vt 0.588773 0.825413
vt 0.583000 0.820244
vt 0.579668 0.811291
vt 0.527757 0.836868
vt 0.527757 0.816193
vt 0.534422 0.798287
vt 0.559297 0.787950
vt 0.570841 0.798287
vt 0.577506 0.816193
vt 0.570841 0.854774
vt 0.559297 0.865112
vt 0.545966 0.865112
vt 0.583000 0.792001
vt 0.588773 0.786832
vt 0.595438 0.786832
vt 0.604543 0.800954
vt 0.604543 0.811291
vt 0.601210 0.820244
vt 0.588773 0.825413
vt 0.583000 0.820244
vt 0.579668 0.811291
vt 0.118421 0.775510
vt 0.157895 0.775510
vt 0.730263 0.785714
vt 0.625000 0.765306
vt 0.592105 0.785714
vt 0.763158 0.704082
vt 0.723684 0.785714
vt 0.625000 0.704082
vt 0.730263 0.704082
vt -0.000000 0.408163
vt 0.026316 0.469388
vt 0.052632 0.428571
vt 0.578947 0.704082
vt 0.784596 0.716925
vt 0.796030 0.706686
vt 0.809233 0.706686
vt 0.827268 0.734659
vt 0.827268 0.755137
vt 0.820667 0.772871
vt 0.809233 0.783110
vt 0.796030 0.783110
vt 0.777995 0.755137
vt 0.579668 0.800954
vt 0.583000 0.792001
vt 0.588773 0.786832
vt 0.595438 0.786832
vt 0.604543 0.800954
vt 0.601210 0.820244
vt 0.588773 0.825413
vt 0.583000 0.820244
vt 0.579668 0.811291
vt 0.527757 0.836868
vt 0.545966 0.787949
vt 0.527757 0.816193
vt 0.534422 0.798287
vt 0.559297 0.787950
vt 0.570841 0.798287
vt 0.577506 0.816193
vt 0.570841 0.854774
vt 0.545966 0.865112
vt 0.579668 0.800954
vt 0.583000 0.792001
vt 0.588773 0.786832
vt 0.595438 0.786832
vt 0.604543 0.800954
vt 0.601210 0.820244
vt 0.588773 0.825413
vt 0.583000 0.820244
vt 0.579668 0.811291
vt 0.118421 0.775510
vt 0.157895 0.775510
vt 0.839666 0.656844
vt 0.836366 0.647977
vt 0.836366 0.637738
vt 0.845383 0.623751
vt 0.861003 0.637738
vt 0.851985 0.623751
vt 0.857702 0.628871
vt 0.861003 0.647977
vt 0.851985 0.661963
vt 0.583000 0.792001
vt 0.588773 0.786832
vt 0.595438 0.786832
vt 0.604543 0.800954
vt 0.604543 0.811291
vt 0.601210 0.820244
vt 0.588773 0.825413
vt 0.583000 0.820244
vt 0.579668 0.811291
vt 0.677632 0.663265
vt 0.690789 0.704082
vt 0.677632 0.704082
vt 0.809211 0.663265
vt 0.822368 0.704082
vt 0.809211 0.704082
vt 0.717105 0.663265
vt 0.730263 0.704082
vt 0.717105 0.704082
vt 0.756579 0.663265
vt 0.769737 0.704082
vt 0.756579 0.704082
vt 0.796053 0.663265
vt 0.796053 0.704082
vt 0.703947 0.663265
vt 0.703947 0.704082
vt 0.421053 0.785714
vt 0.407895 0.806122
vt 0.407895 0.785714
vt 0.486842 0.806122
vt 0.473684 0.836735
vt 0.473684 0.806122
vt 0.394737 0.806122
vt 0.381579 0.836735
vt 0.381579 0.806122
vt 0.526316 0.806122
vt 0.513158 0.836735
vt 0.513158 0.806122
vt 0.421053 0.806122
vt 0.427632 0.836735
vt 0.421053 0.836735
vt 0.460526 0.806122
vt 0.467105 0.836735
vt 0.460526 0.836735
vt 0.368421 0.836735
vt 0.368421 0.806122
vt 0.500000 0.836735
vt 0.500000 0.806122
vt 0.407895 0.836735
vt 0.407895 0.806122
vt 0.763158 0.540816
vt 0.802632 0.214286
vt 0.802632 0.540816
vt 0.486842 0.540816
vt 0.526316 0.214286
vt 0.526316 0.540816
vt 0.842105 0.540816
vt 0.881579 0.214286
vt 0.881579 0.540816
vt 0.842105 0.214286
vt 0.565789 0.214286
vt 0.565789 0.540816
vt 0.921053 0.214286
vt 0.921053 0.540816
vt 0.605263 0.214286
vt 0.605263 0.540816
vt 0.960526 0.214286
vt 0.960526 0.540816
vt 0.644737 0.214286
vt 0.644737 0.540816
vt 1.000000 0.214286
vt 1.000000 0.540816
vt 0.684211 0.214286
vt 0.684211 0.540816
vt 0.368421 0.540816
vt 0.407895 0.214286
vt 0.407895 0.540816
vt 0.723684 0.214286
vt 0.723684 0.540816
vt 0.447368 0.214286
vt 0.447368 0.540816
vt 0.763158 0.214286
vt 0.486842 0.214286
vt 0.447368 0.806122
vt 0.453947 0.836735
vt 0.447368 0.836735
vt 0.486842 0.836735
vt 0.394737 0.836735
vt 0.434211 0.836735
vt 0.434211 0.806122
vt 0.677632 0.663265
vt 0.684211 0.622449
vt 0.690789 0.663265
vt 0.822368 0.663265
vt 0.809211 0.622449
vt 0.815789 0.622449
vt 0.730263 0.663265
vt 0.717105 0.622449
vt 0.723684 0.622449
vt 0.756579 0.663265
vt 0.763158 0.622449
vt 0.769737 0.663265
vt 0.796053 0.663265
vt 0.802632 0.622449
vt 0.809211 0.663265
vt 0.703947 0.663265
vt 0.710526 0.622449
vt 0.717105 0.663265
vt 0.743421 0.663265
vt 0.750000 0.622449
vt 0.782895 0.663265
vt 0.789474 0.622449
vt 0.690789 0.622449
vt 0.697368 0.622449
vt 0.835526 0.663265
vt 0.822368 0.622449
vt 0.828947 0.622449
vt 0.736842 0.622449
vt 0.776316 0.622449
vt 0.769737 0.663265
vt 0.776316 0.622449
vt 0.782895 0.663265
vt 0.743421 0.663265
vt 0.756579 0.704082
vt 0.743421 0.704082
vt 0.782895 0.663265
vt 0.796053 0.704082
vt 0.782895 0.704082
vt 0.690789 0.663265
vt 0.703947 0.704082
vt 0.690789 0.704082
vt 0.822368 0.663265
vt 0.835526 0.704082
vt 0.822368 0.704082
vt 0.730263 0.663265
vt 0.730263 0.704082
vt 0.769737 0.663265
vt 0.769737 0.704082
vt 0.677632 0.663265
vt 0.677632 0.704082
vt 0.809211 0.663265
vt 0.809211 0.704082
vt 0.717105 0.663265
vt 0.717105 0.704082
vt 0.756579 0.663265
vt 0.796053 0.663265
vt 0.703947 0.663265
vt 0.730263 0.663265
vt 0.736842 0.622449
vt 0.743421 0.663265
vt 0.835526 0.663265
vt 0.822368 0.622449
vt 0.828947 0.622449
vt 0.690789 0.663265
vt 0.697368 0.622449
vt 0.703947 0.663265
vt 0.796053 0.663265
vt 0.782895 0.622449
vt 0.789474 0.622449
vt 0.750000 0.622449
vt 0.756579 0.663265
vt 0.710526 0.622449
vt 0.717105 0.663265
vt 0.809211 0.663265
vt 0.796053 0.622449
vt 0.802632 0.622449
vt 0.763158 0.622449
vt 0.717105 0.622449
vt 0.723684 0.622449
vt 0.822368 0.663265
vt 0.809211 0.622449
vt 0.815789 0.622449
vt 0.677632 0.663265
vt 0.684211 0.622449
vt 0.447368 0.806122
vt 0.434211 0.836735
vt 0.434211 0.806122
vt 0.743421 0.663265
vt 0.756579 0.704082
vt 0.743421 0.704082
vt 0.782895 0.663265
vt 0.796053 0.704082
vt 0.782895 0.704082
vt 0.690789 0.663265
vt 0.703947 0.704082
vt 0.690789 0.704082
vt 0.822368 0.663265
vt 0.835526 0.704082
vt 0.822368 0.704082
vt 0.730263 0.663265
vt 0.730263 0.704082
vt 0.769737 0.663265
vt 0.769737 0.704082
vt 0.677632 0.663265
vt 0.677632 0.704082
vt 0.809211 0.663265
vt 0.809211 0.704082
vt 0.717105 0.663265
vt 0.717105 0.704082
vt 0.756579 0.663265
vt 0.796053 0.663265
vt 0.703947 0.663265
vt 0.407895 0.806122
vt 0.394737 0.836735
vt 0.394737 0.806122
vt 0.486842 0.806122
vt 0.493421 0.836735
vt 0.486842 0.836735
vt 0.453947 0.836735
vt 0.447368 0.836735
vt 0.421053 0.806122
vt 0.407895 0.836735
vt 0.513158 0.806122
vt 0.500000 0.836735
vt 0.500000 0.806122
vt 0.381579 0.806122
vt 0.368421 0.836735
vt 0.368421 0.806122
vt 0.460526 0.806122
vt 0.467105 0.836735
vt 0.460526 0.836735
vt 0.427632 0.836735
vt 0.421053 0.836735
vt 0.526316 0.806122
vt 0.513158 0.836735
vt 0.381579 0.836735
vt 0.473684 0.836735
vt 0.473684 0.806122
vt 0.769737 0.663265
vt 0.776316 0.622449
vt 0.782895 0.663265
vt 0.743421 0.663265
vt 0.756579 0.704082
vt 0.743421 0.704082
vt 0.782895 0.663265
vt 0.796053 0.704082
vt 0.782895 0.704082
vt 0.690789 0.663265
vt 0.703947 0.704082
vt 0.690789 0.704082
vt 0.822368 0.663265
vt 0.835526 0.704082
vt 0.822368 0.704082
vt 0.730263 0.663265
vt 0.730263 0.704082
vt 0.769737 0.663265
vt 0.769737 0.704082
vt 0.677632 0.663265
vt 0.677632 0.704082
vt 0.809211 0.663265
vt 0.809211 0.704082
vt 0.717105 0.663265
vt 0.717105 0.704082
vt 0.756579 0.663265
vt 0.796053 0.663265
vt 0.703947 0.663265
vt 0.730263 0.663265
vt 0.736842 0.622449
vt 0.743421 0.663265
vt 0.835526 0.663265
vt 0.822368 0.622449
vt 0.828947 0.622449
vt 0.703947 0.663265
vt 0.690789 0.622449
vt 0.697368 0.622449
vt 0.789474 0.622449
vt 0.796053 0.663265
vt 0.750000 0.622449
vt 0.756579 0.663265
vt 0.710526 0.622449
vt 0.717105 0.663265
vt 0.802632 0.622449
vt 0.809211 0.663265
vt 0.763158 0.622449
vt 0.717105 0.622449
vt 0.723684 0.622449
vt 0.822368 0.663265
vt 0.809211 0.622449
vt 0.815789 0.622449
vt 0.677632 0.663265
vt 0.684211 0.622449
vt 0.690789 0.663265
vt 0.447368 0.806122
vt 0.434211 0.836735
vt 0.434211 0.806122
vt 0.743421 0.663265
vt 0.756579 0.704082
vt 0.743421 0.704082
vt 0.782895 0.663265
vt 0.796053 0.704082
vt 0.782895 0.704082
vt 0.690789 0.663265
vt 0.703947 0.704082
vt 0.690789 0.704082
vt 0.822368 0.663265
vt 0.835526 0.704082
vt 0.822368 0.704082
vt 0.730263 0.663265
vt 0.730263 0.704082
vt 0.769737 0.663265
vt 0.769737 0.704082
vt 0.677632 0.663265
vt 0.677632 0.704082
vt 0.809211 0.663265
vt 0.809211 0.704082
vt 0.717105 0.663265
vt 0.717105 0.704082
vt 0.756579 0.663265
vt 0.796053 0.663265
vt 0.703947 0.663265
vt 0.407895 0.806122
vt 0.394737 0.836735
vt 0.394737 0.806122
vt 0.500000 0.806122
vt 0.486842 0.836735
vt 0.486842 0.806122
vt 0.453947 0.836735
vt 0.447368 0.836735
vt 0.421053 0.806122
vt 0.407895 0.836735
vt 0.513158 0.806122
vt 0.500000 0.836735
vt 0.381579 0.806122
vt 0.368421 0.836735
vt 0.368421 0.806122
vt 0.460526 0.806122
vt 0.467105 0.836735
vt 0.460526 0.836735
vt 0.427632 0.836735
vt 0.421053 0.836735
vt 0.526316 0.806122
vt 0.513158 0.836735
vt 0.381579 0.836735
vt 0.473684 0.836735
vt 0.473684 0.806122
vt 0.743421 0.663265
vt 0.756579 0.704082
vt 0.743421 0.704082
vt 0.460526 0.785714
vt 0.447368 0.806122
vt 0.447368 0.785714
vt 0.500000 0.785714
vt 0.486842 0.806122
vt 0.486842 0.785714
vt 0.394737 0.806122
vt 0.394737 0.785714
vt 0.434211 0.806122
vt 0.434211 0.785714
vt 0.473684 0.806122
vt 0.473684 0.785714
vt 0.381579 0.806122
vt 0.381579 0.785714
vt 0.526316 0.785714
vt 0.513158 0.806122
vt 0.513158 0.785714
vt 0.421053 0.806122
vt 0.460526 0.806122
vt 0.368421 0.806122
vt 0.368421 0.785714
vt 0.500000 0.806122
vt 0.782895 0.663265
vt 0.796053 0.704082
vt 0.782895 0.704082
vt 0.690789 0.663265
vt 0.703947 0.704082
vt 0.690789 0.704082
vt 0.822368 0.663265
vt 0.835526 0.704082
vt 0.822368 0.704082
vt 0.730263 0.663265
vt 0.730263 0.704082
vt 0.769737 0.663265
vt 0.769737 0.704082
vt 0.677632 0.663265
vt 0.677632 0.704082
vt 0.809211 0.663265
vt 0.809211 0.704082
vt 0.717105 0.663265
vt 0.717105 0.704082
vt 0.756579 0.663265
vt 0.796053 0.663265
vt 0.703947 0.663265
vt 0.421053 0.785714
vt 0.407895 0.806122
vt 0.407895 0.785714
vt 0.486842 0.806122
vt 0.473684 0.836735
vt 0.473684 0.806122
vt 0.394737 0.806122
vt 0.381579 0.836735
vt 0.381579 0.806122
vt 0.526316 0.806122
vt 0.513158 0.836735
vt 0.513158 0.806122
vt 0.421053 0.806122
vt 0.427632 0.836735
vt 0.421053 0.836735
vt 0.460526 0.806122
vt 0.467105 0.836735
vt 0.460526 0.836735
vt 0.368421 0.836735
vt 0.368421 0.806122
vt 0.500000 0.836735
vt 0.500000 0.806122
vt 0.407895 0.836735
vt 0.407895 0.806122
vt 0.447368 0.806122
vt 0.453947 0.836735
vt 0.447368 0.836735
vt 0.486842 0.836735
vt 0.394737 0.836735
vt 0.434211 0.836735
vt 0.434211 0.806122
vt 0.460526 0.785714
vt 0.447368 0.806122
vt 0.447368 0.785714
vt 0.500000 0.785714
vt 0.486842 0.806122
vt 0.486842 0.785714
vt 0.394737 0.806122
vt 0.394737 0.785714
vt 0.434211 0.806122
vt 0.434211 0.785714
vt 0.473684 0.806122
vt 0.473684 0.785714
vt 0.381579 0.806122
vt 0.381579 0.785714
vt 0.526316 0.785714
vt 0.513158 0.806122
vt 0.513158 0.785714
vt 0.421053 0.806122
vt 0.460526 0.806122
vt 0.368421 0.806122
vt 0.368421 0.785714
vt 0.500000 0.806122
vt 0.743421 0.663265
vt 0.756579 0.704082
vt 0.743421 0.704082
vt 0.743421 0.663265
vt 0.756579 0.704082
vt 0.743421 0.704082
vt 0.782895 0.663265
vt 0.796053 0.704082
vt 0.782895 0.704082
vt 0.690789 0.663265
vt 0.703947 0.704082
vt 0.690789 0.704082
vt 0.822368 0.663265
vt 0.835526 0.704082
vt 0.822368 0.704082
vt 0.730263 0.663265
vt 0.730263 0.704082
vt 0.769737 0.663265
vt 0.769737 0.704082
vt 0.677632 0.663265
vt 0.677632 0.704082
vt 0.809211 0.663265
vt 0.809211 0.704082
vt 0.717105 0.663265
vt 0.717105 0.704082
vt 0.756579 0.663265
vt 0.796053 0.663265
vt 0.703947 0.663265
vt 0.782895 0.663265
vt 0.796053 0.704082
vt 0.782895 0.704082
vt 0.690789 0.663265
vt 0.703947 0.704082
vt 0.690789 0.704082
vt 0.822368 0.663265
vt 0.835526 0.704082
vt 0.822368 0.704082
vt 0.730263 0.663265
vt 0.730263 0.704082
vt 0.769737 0.663265
vt 0.769737 0.704082
vt 0.677632 0.663265
vt 0.677632 0.704082
vt 0.809211 0.663265
vt 0.809211 0.704082
vt 0.717105 0.663265
vt 0.717105 0.704082
vt 0.756579 0.663265
vt 0.796053 0.663265
vt 0.703947 0.663265
vt 0.421053 0.785714
vt 0.407895 0.806122
vt 0.407895 0.785714
vt 0.677632 0.663265
vt 0.684211 0.622449
vt 0.690789 0.663265
vt 0.822368 0.663265
vt 0.809211 0.622449
vt 0.815789 0.622449
vt 0.717105 0.663265
vt 0.723684 0.622449
vt 0.730263 0.663265
vt 0.769737 0.663265
vt 0.756579 0.622449
vt 0.763158 0.622449
vt 0.809211 0.663265
vt 0.796053 0.622449
vt 0.802632 0.622449
vt 0.703947 0.663265
vt 0.710526 0.622449
vt 0.743421 0.663265
vt 0.750000 0.622449
vt 0.756579 0.663265
vt 0.782895 0.663265
vt 0.789474 0.622449
vt 0.796053 0.663265
vt 0.690789 0.622449
vt 0.697368 0.622449
vt 0.835526 0.663265
vt 0.822368 0.622449
vt 0.828947 0.622449
vt 0.736842 0.622449
vt 0.776316 0.622449
vt 0.460526 0.785714
vt 0.447368 0.806122
vt 0.447368 0.785714
vt 0.500000 0.785714
vt 0.486842 0.806122
vt 0.486842 0.785714
vt 0.394737 0.806122
vt 0.394737 0.785714
vt 0.434211 0.806122
vt 0.434211 0.785714
vt 0.473684 0.806122
vt 0.473684 0.785714
vt 0.381579 0.806122
vt 0.381579 0.785714
vt 0.526316 0.785714
vt 0.513158 0.806122
vt 0.513158 0.785714
vt 0.421053 0.806122
vt 0.460526 0.806122
vt 0.368421 0.806122
vt 0.368421 0.785714
vt 0.500000 0.806122
vt 0.769737 0.663265
vt 0.776316 0.622449
vt 0.782895 0.663265
vt 0.730263 0.663265
vt 0.736842 0.622449
vt 0.743421 0.663265
vt 0.835526 0.663265
vt 0.822368 0.622449
vt 0.828947 0.622449
vt 0.703947 0.663265
vt 0.690789 0.622449
vt 0.697368 0.622449
vt 0.796053 0.663265
vt 0.782895 0.622449
vt 0.789474 0.622449
vt 0.756579 0.663265
vt 0.743421 0.622449
vt 0.750000 0.622449
vt 0.710526 0.622449
vt 0.717105 0.663265
vt 0.809211 0.663265
vt 0.796053 0.622449
vt 0.802632 0.622449
vt 0.763158 0.622449
vt 0.717105 0.622449
vt 0.723684 0.622449
vt 0.822368 0.663265
vt 0.809211 0.622449
vt 0.815789 0.622449
vt 0.677632 0.663265
vt 0.684211 0.622449
vt 0.690789 0.663265
vt 0.447368 0.806122
vt 0.434211 0.836735
vt 0.434211 0.806122
vt 0.394737 0.806122
vt 0.401316 0.836735
vt 0.394737 0.836735
vt 0.500000 0.806122
vt 0.486842 0.836735
vt 0.486842 0.806122
vt 0.453947 0.836735
vt 0.447368 0.836735
vt 0.421053 0.806122
vt 0.407895 0.836735
vt 0.407895 0.806122
vt 0.513158 0.806122
vt 0.500000 0.836735
vt 0.381579 0.806122
vt 0.368421 0.836735
vt 0.368421 0.806122
vt 0.460526 0.806122
vt 0.467105 0.836735
vt 0.460526 0.836735
vt 0.427632 0.836735
vt 0.421053 0.836735
vt 0.526316 0.806122
vt 0.513158 0.836735
vt 0.381579 0.836735
vt 0.473684 0.836735
vt 0.473684 0.806122
vt 0.769737 0.663265
vt 0.776316 0.622449
vt 0.782895 0.663265
vt 0.730263 0.663265
vt 0.736842 0.622449
vt 0.743421 0.663265
vt 0.822368 0.663265
vt 0.828947 0.622449
vt 0.835526 0.663265
vt 0.690789 0.663265
vt 0.697368 0.622449
vt 0.703947 0.663265
vt 0.796053 0.663265
vt 0.782895 0.622449
vt 0.789474 0.622449
vt 0.750000 0.622449
vt 0.756579 0.663265
vt 0.717105 0.663265
vt 0.703947 0.622449
vt 0.710526 0.622449
vt 0.809211 0.663265
vt 0.796053 0.622449
vt 0.802632 0.622449
vt 0.763158 0.622449
vt 0.717105 0.622449
vt 0.723684 0.622449
vt 0.815789 0.622449
vt 0.677632 0.663265
vt 0.684211 0.622449
vt 0.434211 0.806122
vt 0.440789 0.836735
vt 0.434211 0.836735
vt 0.394737 0.806122
vt 0.401316 0.836735
vt 0.394737 0.836735
vt 0.500000 0.806122
vt 0.486842 0.836735
vt 0.486842 0.806122
vt 0.447368 0.806122
vt 0.453947 0.836735
vt 0.447368 0.836735
vt 0.421053 0.806122
vt 0.407895 0.836735
vt 0.407895 0.806122
vt 0.513158 0.806122
vt 0.500000 0.836735
vt 0.381579 0.806122
vt 0.368421 0.836735
vt 0.368421 0.806122
vt 0.473684 0.806122
vt 0.460526 0.836735
vt 0.460526 0.806122
vt 0.427632 0.836735
vt 0.421053 0.836735
vt 0.519737 0.836735
vt 0.513158 0.836735
vt 0.381579 0.836735
vt 0.473684 0.836735
vt 0.769737 0.663265
vt 0.776316 0.622449
vt 0.782895 0.663265
vt 0.421053 0.785714
vt 0.407895 0.806122
vt 0.407895 0.785714
vt 0.460526 0.785714
vt 0.447368 0.806122
vt 0.447368 0.785714
vt 0.500000 0.785714
vt 0.486842 0.806122
vt 0.486842 0.785714
vt 0.394737 0.806122
vt 0.394737 0.785714
vt 0.434211 0.806122
vt 0.434211 0.785714
vt 0.473684 0.806122
vt 0.473684 0.785714
vt 0.381579 0.806122
vt 0.381579 0.785714
vt 0.526316 0.785714
vt 0.513158 0.806122
vt 0.513158 0.785714
vt 0.421053 0.806122
vt 0.460526 0.806122
vt 0.368421 0.806122
vt 0.368421 0.785714
vt 0.500000 0.806122
vt 0.730263 0.663265
vt 0.736842 0.622449
vt 0.743421 0.663265
vt 0.822368 0.663265
vt 0.828947 0.622449
vt 0.835526 0.663265
vt 0.703947 0.663265
vt 0.690789 0.622449
vt 0.697368 0.622449
vt 0.789474 0.622449
vt 0.796053 0.663265
vt 0.750000 0.622449
vt 0.756579 0.663265
vt 0.710526 0.622449
vt 0.717105 0.663265
vt 0.802632 0.622449
vt 0.809211 0.663265
vt 0.763158 0.622449
vt 0.717105 0.622449
vt 0.723684 0.622449
vt 0.809211 0.622449
vt 0.815789 0.622449
vt 0.690789 0.663265
vt 0.677632 0.622449
vt 0.684211 0.622449
vt 0.447368 0.806122
vt 0.434211 0.836735
vt 0.434211 0.806122
vt 0.421053 0.785714
vt 0.407895 0.806122
vt 0.407895 0.785714
vt 0.460526 0.785714
vt 0.447368 0.806122
vt 0.447368 0.785714
vt 0.500000 0.785714
vt 0.486842 0.806122
vt 0.486842 0.785714
vt 0.394737 0.806122
vt 0.394737 0.785714
vt 0.434211 0.806122
vt 0.434211 0.785714
vt 0.473684 0.806122
vt 0.473684 0.785714
vt 0.381579 0.806122
vt 0.381579 0.785714
vt 0.526316 0.785714
vt 0.513158 0.806122
vt 0.513158 0.785714
vt 0.421053 0.806122
vt 0.460526 0.806122
vt 0.368421 0.806122
vt 0.368421 0.785714
vt 0.500000 0.806122
vt 0.394737 0.806122
vt 0.401316 0.836735
vt 0.394737 0.836735
vt 0.500000 0.806122
vt 0.486842 0.836735
vt 0.486842 0.806122
vt 0.453947 0.836735
vt 0.447368 0.836735
vt 0.421053 0.806122
vt 0.407895 0.836735
vt 0.407895 0.806122
vt 0.513158 0.806122
vt 0.500000 0.836735
vt 0.381579 0.806122
vt 0.368421 0.836735
vt 0.368421 0.806122
vt 0.460526 0.806122
vt 0.467105 0.836735
vt 0.460526 0.836735
vt 0.427632 0.836735
vt 0.421053 0.836735
vt 0.526316 0.806122
vt 0.513158 0.836735
vt 0.381579 0.836735
vt 0.473684 0.836735
vt 0.473684 0.806122
vt 0.769737 0.663265
vt 0.776316 0.622449
vt 0.782895 0.663265
vt 0.421053 0.785714
vt 0.407895 0.806122
vt 0.407895 0.785714
vt 0.460526 0.785714
vt 0.447368 0.806122
vt 0.447368 0.785714
vt 0.500000 0.785714
vt 0.486842 0.806122
vt 0.486842 0.785714
vt 0.394737 0.806122
vt 0.394737 0.785714
vt 0.434211 0.806122
vt 0.434211 0.785714
vt 0.473684 0.806122
vt 0.473684 0.785714
vt 0.381579 0.806122
vt 0.381579 0.785714
vt 0.526316 0.785714
vt 0.513158 0.806122
vt 0.513158 0.785714
vt 0.421053 0.806122
vt 0.460526 0.806122
vt 0.368421 0.806122
vt 0.368421 0.785714
vt 0.500000 0.806122
vt 0.730263 0.663265
vt 0.736842 0.622449
vt 0.743421 0.663265
vt 0.822368 0.663265
vt 0.828947 0.622449
vt 0.835526 0.663265
vt 0.690789 0.663265
vt 0.697368 0.622449
vt 0.703947 0.663265
vt 0.796053 0.663265
vt 0.782895 0.622449
vt 0.789474 0.622449
vt 0.750000 0.622449
vt 0.756579 0.663265
vt 0.710526 0.622449
vt 0.717105 0.663265
vt 0.809211 0.663265
vt 0.796053 0.622449
vt 0.802632 0.622449
vt 0.756579 0.622449
vt 0.763158 0.622449
vt 0.723684 0.622449
vt 0.809211 0.622449
vt 0.815789 0.622449
vt 0.677632 0.663265
vt 0.684211 0.622449
vt 0.434211 0.806122
vt 0.440789 0.836735
vt 0.434211 0.836735
vt 0.421053 0.785714
vt 0.407895 0.806122
vt 0.407895 0.785714
vt 0.460526 0.785714
vt 0.447368 0.806122
vt 0.447368 0.785714
vt 0.500000 0.785714
vt 0.486842 0.806122
vt 0.486842 0.785714
vt 0.394737 0.806122
vt 0.394737 0.785714
vt 0.434211 0.806122
vt 0.434211 0.785714
vt 0.473684 0.806122
vt 0.473684 0.785714
vt 0.381579 0.806122
vt 0.381579 0.785714
vt 0.526316 0.785714
vt 0.513158 0.806122
vt 0.513158 0.785714
vt 0.421053 0.806122
vt 0.460526 0.806122
vt 0.368421 0.806122
vt 0.368421 0.785714
vt 0.500000 0.806122
vt 0.407895 0.806122
vt 0.394737 0.836735
vt 0.394737 0.806122
vt 0.500000 0.806122
vt 0.486842 0.836735
vt 0.486842 0.806122
vt 0.447368 0.806122
vt 0.453947 0.836735
vt 0.447368 0.836735
vt 0.421053 0.806122
vt 0.407895 0.836735
vt 0.513158 0.806122
vt 0.500000 0.836735
vt 0.368421 0.806122
vt 0.375000 0.836735
vt 0.368421 0.836735
vt 0.473684 0.806122
vt 0.460526 0.836735
vt 0.460526 0.806122
vt 0.427632 0.836735
vt 0.421053 0.836735
vt 0.519737 0.836735
vt 0.513158 0.836735
vt 0.381579 0.836735
vt 0.381579 0.806122
vt 0.473684 0.836735
vt 0.802632 0.540816
vt 0.769737 0.622449
vt 0.763158 0.540816
vt 0.526316 0.540816
vt 0.493421 0.622449
vt 0.486842 0.540816
vt 0.881579 0.540816
vt 0.848684 0.622449
vt 0.842105 0.540816
vt 0.809211 0.622449
vt 0.565789 0.540816
vt 0.532895 0.622449
vt 0.907895 0.622449
vt 0.888158 0.622449
vt 0.605263 0.540816
vt 0.572368 0.622449
vt 0.960526 0.540816
vt 0.927632 0.622449
vt 0.921053 0.540816
vt 0.631579 0.622449
vt 0.611842 0.622449
vt 1.000000 0.540816
vt 0.967105 0.622449
vt 0.644737 0.540816
vt 0.671053 0.622449
vt 0.651316 0.622449
vt 0.368421 0.540816
vt 0.394737 0.622449
vt 0.375000 0.622449
vt 0.723684 0.540816
vt 0.690789 0.622449
vt 0.684211 0.540816
vt 0.447368 0.540816
vt 0.414474 0.622449
vt 0.407895 0.540816
vt 0.730263 0.622449
vt 0.453947 0.622449
vt 0.960526 0.214286
vt 0.986842 0.000000
vt 1.000000 0.214286
vt 0.684211 0.214286
vt 0.651316 0.000000
vt 0.671053 0.000000
vt 0.368421 0.214286
vt 0.394737 -0.000000
vt 0.407895 0.214286
vt 0.710526 0.000000
vt 0.723684 0.214286
vt 0.434211 -0.000000
vt 0.447368 0.214286
vt 0.750000 0.000000
vt 0.763158 0.214286
vt 0.473684 -0.000000
vt 0.486842 0.214286
vt 0.789474 0.000000
vt 0.802632 0.214286
vt 0.526316 0.214286
vt 0.493421 -0.000000
vt 0.513158 -0.000000
vt 0.842105 0.214286
vt 0.868421 0.000000
vt 0.881579 0.214286
vt 0.828947 0.000000
vt 0.552632 -0.000000
vt 0.565789 0.214286
vt 0.907895 0.000000
vt 0.921053 0.214286
vt 0.592105 -0.000000
vt 0.605263 0.214286
vt 0.947368 0.000000
vt 0.631579 -0.000000
vt 0.644737 0.214286
vt 0.769737 0.663265
vt 0.782895 0.704082
vt 0.730263 0.663265
vt 0.743421 0.704082
vt 0.822368 0.663265
vt 0.835526 0.704082
vt 0.690789 0.663265
vt 0.782895 0.663265
vt 0.743421 0.663265
vt 0.513158 0.785714
vt 0.500000 0.806122
vt 0.500000 0.785714
vt 0.381579 0.785714
vt 0.368421 0.806122
vt 0.368421 0.785714
vt 0.473684 0.785714
vt 0.460526 0.806122
vt 0.460526 0.785714
vt 0.434211 0.785714
vt 0.421053 0.806122
vt 0.421053 0.785714
vt 0.526316 0.785714
vt 0.513158 0.806122
vt 0.394737 0.785714
vt 0.381579 0.806122
vt 0.486842 0.785714
vt 0.473684 0.806122
vt 0.447368 0.785714
vt 0.434211 0.806122
vt 0.407895 0.785714
vt 0.394737 0.806122
vt 0.486842 0.806122
vt 0.447368 0.806122
vt 0.407895 0.806122
vt 0.480263 0.836735
vt 0.388158 0.836735
vt 0.519737 0.836735
vt 0.375000 0.836735
vt 0.506579 0.836735
vt 0.414474 0.836735
vt 0.368421 0.214286
vt 0.493421 0.836735
vt 0.401316 0.836735
vt 0.440789 0.836735
vt 0.677632 0.622449
vt 0.756579 0.622449
vt 0.796053 0.622449
vt 0.703947 0.622449
vt 0.743421 0.622449
vt 0.782895 0.622449
vt 0.730263 0.622449
vt 0.769737 0.622449
vt 0.769737 0.622449
vt 0.835526 0.663265
vt 0.730263 0.622449
vt 0.690789 0.622449
vt 0.743421 0.622449
vt 0.703947 0.622449
vt 0.756579 0.622449
vt 0.677632 0.622449
vt 0.440789 0.836735
vt 0.835526 0.663265
vt 0.401316 0.836735
vt 0.414474 0.836735
vt 0.506579 0.836735
vt 0.375000 0.836735
vt 0.519737 0.836735
vt 0.388158 0.836735
vt 0.480263 0.836735
vt 0.769737 0.622449
vt 0.835526 0.663265
vt 0.730263 0.622449
vt 0.782895 0.622449
vt 0.743421 0.622449
vt 0.703947 0.622449
vt 0.796053 0.622449
vt 0.756579 0.622449
vt 0.677632 0.622449
vt 0.440789 0.836735
vt 0.835526 0.663265
vt 0.401316 0.836735
vt 0.493421 0.836735
vt 0.414474 0.836735
vt 0.506579 0.836735
vt 0.375000 0.836735
vt 0.519737 0.836735
vt 0.388158 0.836735
vt 0.480263 0.836735
vt 0.526316 0.806122
vt 0.835526 0.663265
vt 0.480263 0.836735
vt 0.388158 0.836735
vt 0.519737 0.836735
vt 0.375000 0.836735
vt 0.506579 0.836735
vt 0.414474 0.836735
vt 0.493421 0.836735
vt 0.401316 0.836735
vt 0.440789 0.836735
vt 0.526316 0.806122
vt 0.835526 0.663265
vt 0.835526 0.663265
vt 0.677632 0.622449
vt 0.717105 0.622449
vt 0.703947 0.622449
vt 0.743421 0.622449
vt 0.782895 0.622449
vt 0.730263 0.622449
vt 0.769737 0.622449
vt 0.526316 0.806122
vt 0.769737 0.622449
vt 0.730263 0.622449
vt 0.703947 0.622449
vt 0.756579 0.622449
vt 0.677632 0.622449
vt 0.440789 0.836735
vt 0.493421 0.836735
vt 0.414474 0.836735
vt 0.506579 0.836735
vt 0.375000 0.836735
vt 0.519737 0.836735
vt 0.388158 0.836735
vt 0.480263 0.836735
vt 0.769737 0.622449
vt 0.730263 0.622449
vt 0.822368 0.622449
vt 0.690789 0.622449
vt 0.743421 0.622449
vt 0.756579 0.622449
vt 0.809211 0.622449
vt 0.677632 0.622449
vt 0.493421 0.836735
vt 0.414474 0.836735
vt 0.506579 0.836735
vt 0.375000 0.836735
vt 0.467105 0.836735
vt 0.526316 0.806122
vt 0.388158 0.836735
vt 0.480263 0.836735
vt 0.769737 0.622449
vt 0.526316 0.806122
vt 0.730263 0.622449
vt 0.822368 0.622449
vt 0.782895 0.622449
vt 0.743421 0.622449
vt 0.703947 0.622449
vt 0.796053 0.622449
vt 0.756579 0.622449
vt 0.677632 0.663265
vt 0.440789 0.836735
vt 0.526316 0.806122
vt 0.493421 0.836735
vt 0.414474 0.836735
vt 0.506579 0.836735
vt 0.375000 0.836735
vt 0.519737 0.836735
vt 0.388158 0.836735
vt 0.480263 0.836735
vt 0.769737 0.622449
vt 0.526316 0.806122
vt 0.730263 0.622449
vt 0.822368 0.622449
vt 0.690789 0.622449
vt 0.743421 0.622449
vt 0.703947 0.622449
vt 0.717105 0.622449
vt 0.677632 0.622449
vt 0.526316 0.806122
vt 0.401316 0.836735
vt 0.493421 0.836735
vt 0.414474 0.836735
vt 0.506579 0.836735
vt 0.467105 0.836735
vt 0.526316 0.806122
vt 0.388158 0.836735
vt 0.480263 0.836735
vt 0.789474 0.622449
vt 0.513158 0.622449
vt 0.868421 0.622449
vt 0.828947 0.622449
vt 0.552632 0.622449
vt 0.592105 0.622449
vt 0.947368 0.622449
vt 0.986842 0.622449
vt 0.710526 0.622449
vt 0.434211 0.622449
vt 0.750000 0.622449
vt 0.473684 0.622449
vt 0.967105 0.000000
vt 0.375000 -0.000000
vt 0.690789 0.000000
vt 0.414474 -0.000000
vt 0.730263 0.000000
vt 0.453947 -0.000000
vt 0.769737 0.000000
vt 0.848684 0.000000
vt 0.809211 0.000000
vt 0.532895 -0.000000
vt 0.888158 0.000000
vt 0.572368 -0.000000
vt 0.927632 0.000000
vt 0.611842 -0.000000
vt 0.835526 0.663265
vt 0.526316 0.806122
vn 0.0000 -1.0000 0.0000
vn 0.0000 1.0000 0.0000
vn -1.0000 0.0000 0.0000
vn 0.0000 0.0000 1.0000
vn 1.0000 0.0000 0.0000
vn 0.0000 0.0000 -1.0000
vn -0.7071 0.0000 0.7071
vn -0.7071 0.0000 -0.7071
vn 0.7071 0.0000 0.7071
vn 0.7071 0.0000 -0.7071
vn -0.7071 -0.7071 0.0000
vn -0.7071 0.7071 0.0000
vn 0.7071 0.7071 0.0000
vn 0.0000 0.7071 0.7071
vn 0.0000 0.7071 -0.7071
vn 0.0000 -0.7071 0.7071
vn 0.0000 -0.7071 -0.7071
vn 0.7071 -0.7071 0.0000
vn -0.8660 0.0000 0.5000
vn -0.5000 0.0000 -0.8660
vn -0.8660 0.0000 -0.5000
vn 0.5000 0.0000 0.8660
vn 0.8660 0.0000 -0.5000
vn -0.5000 0.0000 0.8660
vn -0.6124 0.7071 -0.3535
vn 0.6124 0.7071 0.3535
vn 0.3535 0.7071 0.6124
vn -0.3535 0.7071 0.6124
vn 0.6124 0.7071 -0.3535
vn 0.3535 0.7071 -0.6124
vn -0.3535 0.7071 -0.6124
vn -0.6124 0.7071 0.3535
vn 0.3827 0.0000 -0.9239
vn -0.3827 0.0000 0.9239
vn -0.3827 0.0000 -0.9239
vn 0.3827 0.0000 0.9239
vn -0.9239 0.0000 -0.3827
vn 0.9239 0.0000 0.3827
vn -0.9239 0.0000 0.3827
vn 0.9239 0.0000 -0.3827
vn 0.0000 -0.4472 0.8944
vn 0.4472 -0.4472 0.7746
vn -0.4472 -0.4472 0.7746
vn -0.7746 -0.4472 0.4472
vn 0.7746 -0.4472 -0.4472
vn 0.8944 -0.4472 0.0000
vn 0.0000 -0.4472 -0.8944
vn -0.4472 -0.4472 -0.7746
vn -0.8944 -0.4472 0.0000
vn 0.7746 -0.4472 0.4472
vn 0.4472 -0.4472 -0.7746
vn -0.7746 -0.4472 -0.4472
vn 0.8660 0.0000 0.5000
vn 0.5000 0.0000 -0.8660
vn 0.1711 0.8944 -0.4132
vn 0.3162 0.8944 -0.3162
vn 0.0000 0.8944 0.4472
vn -0.1711 0.8944 0.4132
vn -0.1711 0.8944 -0.4132
vn 0.0000 0.8944 -0.4472
vn 0.1711 0.8944 0.4132
vn -0.3162 0.8944 -0.3162
vn 0.3162 0.8944 0.3162
vn -0.4132 0.8944 -0.1711
vn 0.4132 0.8944 0.1711
vn -0.4472 0.8944 0.0000
vn 0.4472 0.8944 0.0000
vn -0.4132 0.8944 0.1711
vn 0.4132 0.8944 -0.1711
vn -0.3162 0.8944 0.3162
vn -0.8578 -0.3714 -0.3553
vn -0.9285 -0.3714 0.0000
vn 0.9285 -0.3714 0.0000
vn 0.8578 -0.3714 0.3553
vn -0.8578 -0.3714 0.3553
vn 0.8578 -0.3714 -0.3553
vn -0.6565 -0.3714 0.6565
vn 0.6565 -0.3714 -0.6565
vn -0.3553 -0.3714 0.8578
vn 0.3553 -0.3714 -0.8578
vn 0.0000 -0.3714 0.9285
vn 0.0000 -0.3714 -0.9285
vn -0.3553 -0.3714 -0.8578
vn 0.3553 -0.3714 0.8578
vn -0.6565 -0.3714 -0.6565
vn 0.6565 -0.3714 0.6565
o Glass
usemtl hbm
s 1
f 289/1/14 312/1/15 300/1/15
f 290/1/16 301/1/14 289/1/14
f 300/1/15 311/1/17 299/1/17
f 299/1/17 310/1/18 298/1/18
f 298/1/18 309/1/19 297/1/19
f 297/1/19 308/1/20 296/1/20
f 296/1/20 307/1/21 295/1/21
f 295/1/21 306/1/22 294/1/22
f 294/1/22 305/1/23 293/1/23
f 293/1/23 304/1/24 292/1/24
f 292/1/24 303/1/25 291/1/25
f 291/1/25 302/1/16 290/1/16
f 313/1/14 336/1/15 324/1/15
f 314/1/16 325/1/14 313/1/14
f 324/1/15 335/1/17 323/1/17
f 323/1/17 334/1/18 322/1/18
f 322/1/18 333/1/19 321/1/19
f 321/1/19 332/1/20 320/1/20
f 320/1/20 331/1/21 319/1/21
f 319/1/21 330/1/22 318/1/22
f 318/1/22 329/1/23 317/1/23
f 317/1/23 328/1/24 316/1/24
f 316/1/24 327/1/25 315/1/25
f 315/1/25 326/1/16 314/1/16
f 337/1/24 360/1/25 348/1/25
f 338/1/23 349/1/24 337/1/24
f 348/1/25 359/1/16 347/1/16
f 347/1/16 358/1/14 346/1/14
f 346/1/14 357/1/15 345/1/15
f 345/1/15 356/1/17 344/1/17
f 344/1/17 355/1/18 343/1/18
f 343/1/18 354/1/19 342/1/19
f 342/1/19 353/1/20 341/1/20
f 341/1/20 352/1/21 340/1/21
f 340/1/21 351/1/22 339/1/22
f 339/1/22 350/1/23 338/1/23
f 361/1/24 384/1/25 372/1/25
f 362/1/23 373/1/24 361/1/24
f 372/1/25 383/1/16 371/1/16
f 371/1/16 382/1/14 370/1/14
f 370/1/14 381/1/15 369/1/15
f 369/1/15 380/1/17 368/1/17
f 368/1/17 379/1/18 367/1/18
f 367/1/18 378/1/19 366/1/19
f 366/1/19 377/1/20 365/1/20
f 365/1/20 376/1/21 364/1/21
f 364/1/21 375/1/22 363/1/22
f 363/1/22 374/1/23 362/1/23
f 385/1/21 408/1/22 396/1/22
f 386/1/20 397/1/21 385/1/21
f 396/1/22 407/1/23 395/1/23
f 395/1/23 406/1/24 394/1/24
f 394/1/24 405/1/25 393/1/25
f 393/1/25 404/1/16 392/1/16
f 392/1/16 403/1/14 391/1/14
f 391/1/14 402/1/15 390/1/15
f 390/1/15 401/1/17 389/1/17
f 389/1/17 400/1/18 388/1/18
f 388/1/18 399/1/19 387/1/19
f 387/1/19 398/1/20 386/1/20
f 409/1/21 432/1/22 420/1/22
f 410/1/20 421/1/21 409/1/21
f 420/1/22 431/1/23 419/1/23
f 419/1/23 430/1/24 418/1/24
f 418/1/24 429/1/25 417/1/25
f 417/1/25 428/1/16 416/1/16
f 416/1/16 427/1/14 415/1/14
f 415/1/14 426/1/15 414/1/15
f 414/1/15 425/1/17 413/1/17
f 413/1/17 424/1/18 412/1/18
f 412/1/18 423/1/19 411/1/19
f 411/1/19 422/1/20 410/1/20
f 433/1/18 456/1/19 444/1/19
f 434/1/17 445/1/18 433/1/18
f 444/1/19 455/1/20 443/1/20
f 443/1/20 454/1/21 442/1/21
f 442/1/21 453/1/22 441/1/22
f 441/1/22 452/1/23 440/1/23
f 440/1/23 451/1/24 439/1/24
f 439/1/24 450/1/25 438/1/25
f 438/1/25 449/1/16 437/1/16
f 437/1/16 448/1/14 436/1/14
f 436/1/14 447/1/15 435/1/15
f 435/1/15 446/1/17 434/1/17
f 457/1/18 480/1/19 468/1/19
f 458/1/17 469/1/18 457/1/18
f 468/1/19 479/1/20 467/1/20
f 467/1/20 478/1/21 466/1/21
f 466/1/21 477/1/22 465/1/22
f 465/1/22 476/1/23 464/1/23
f 464/1/23 475/1/24 463/1/24
f 463/1/24 474/1/25 462/1/25
f 462/1/25 473/1/16 461/1/16
f 461/1/16 472/1/14 460/1/14
f 460/1/14 471/1/15 459/1/15
f 459/1/15 470/1/17 458/1/17
f 289/1/14 301/1/14 312/1/15
f 290/1/16 302/1/16 301/1/14
f 300/1/15 312/1/15 311/1/17
f 299/1/17 311/1/17 310/1/18
f 298/1/18 310/1/18 309/1/19
f 297/1/19 309/1/19 308/1/20
f 296/1/20 308/1/20 307/1/21
f 295/1/21 307/1/21 306/1/22
f 294/1/22 306/1/22 305/1/23
f 293/1/23 305/1/23 304/1/24
f 292/1/24 304/1/24 303/1/25
f 291/1/25 303/1/25 302/1/16
f 313/1/14 325/1/14 336/1/15
f 314/1/16 326/1/16 325/1/14
f 324/1/15 336/1/15 335/1/17
f 323/1/17 335/1/17 334/1/18
f 322/1/18 334/1/18 333/1/19
f 321/1/19 333/1/19 332/1/20
f 320/1/20 332/1/20 331/1/21
f 319/1/21 331/1/21 330/1/22
f 318/1/22 330/1/22 329/1/23
f 317/1/23 329/1/23 328/1/24
f 316/1/24 328/1/24 327/1/25
f 315/1/25 327/1/25 326/1/16
f 337/1/24 349/1/24 360/1/25
f 338/1/23 350/1/23 349/1/24
f 348/1/25 360/1/25 359/1/16
f 347/1/16 359/1/16 358/1/14
f 346/1/14 358/1/14 357/1/15
f 345/1/15 357/1/15 356/1/17
f 344/1/17 356/1/17 355/1/18
f 343/1/18 355/1/18 354/1/19
f 342/1/19 354/1/19 353/1/20
f 341/1/20 353/1/20 352/1/21
f 340/1/21 352/1/21 351/1/22
f 339/1/22 351/1/22 350/1/23
f 361/1/24 373/1/24 384/1/25
f 362/1/23 374/1/23 373/1/24
f 372/1/25 384/1/25 383/1/16
f 371/1/16 383/1/16 382/1/14
f 370/1/14 382/1/14 381/1/15
f 369/1/15 381/1/15 380/1/17
f 368/1/17 380/1/17 379/1/18
f 367/1/18 379/1/18 378/1/19
f 366/1/19 378/1/19 377/1/20
f 365/1/20 377/1/20 376/1/21
f 364/1/21 376/1/21 375/1/22
f 363/1/22 375/1/22 374/1/23
f 385/1/21 397/1/21 408/1/22
f 386/1/20 398/1/20 397/1/21
f 396/1/22 408/1/22 407/1/23
f 395/1/23 407/1/23 406/1/24
f 394/1/24 406/1/24 405/1/25
f 393/1/25 405/1/25 404/1/16
f 392/1/16 404/1/16 403/1/14
f 391/1/14 403/1/14 402/1/15
f 390/1/15 402/1/15 401/1/17
f 389/1/17 401/1/17 400/1/18
f 388/1/18 400/1/18 399/1/19
f 387/1/19 399/1/19 398/1/20
f 409/1/21 421/1/21 432/1/22
f 410/1/20 422/1/20 421/1/21
f 420/1/22 432/1/22 431/1/23
f 419/1/23 431/1/23 430/1/24
f 418/1/24 430/1/24 429/1/25
f 417/1/25 429/1/25 428/1/16
f 416/1/16 428/1/16 427/1/14
f 415/1/14 427/1/14 426/1/15
f 414/1/15 426/1/15 425/1/17
f 413/1/17 425/1/17 424/1/18
f 412/1/18 424/1/18 423/1/19
f 411/1/19 423/1/19 422/1/20
f 433/1/18 445/1/18 456/1/19
f 434/1/17 446/1/17 445/1/18
f 444/1/19 456/1/19 455/1/20
f 443/1/20 455/1/20 454/1/21
f 442/1/21 454/1/21 453/1/22
f 441/1/22 453/1/22 452/1/23
f 440/1/23 452/1/23 451/1/24
f 439/1/24 451/1/24 450/1/25
f 438/1/25 450/1/25 449/1/16
f 437/1/16 449/1/16 448/1/14
f 436/1/14 448/1/14 447/1/15
f 435/1/15 447/1/15 446/1/17
f 457/1/18 469/1/18 480/1/19
f 458/1/17 470/1/17 469/1/18
f 468/1/19 480/1/19 479/1/20
f 467/1/20 479/1/20 478/1/21
f 466/1/21 478/1/21 477/1/22
f 465/1/22 477/1/22 476/1/23
f 464/1/23 476/1/23 475/1/24
f 463/1/24 475/1/24 474/1/25
f 462/1/25 474/1/25 473/1/16
f 461/1/16 473/1/16 472/1/14
f 460/1/14 472/1/14 471/1/15
f 459/1/15 471/1/15 470/1/17
