mtllib turbofan.mtl
# Extracted directly from the original turbofan OBJ object group.
v -0.000000 1.375000 3.000000
v 1.312500 1.375000 3.000000
v -0.000000 1.625000 2.750000
v 1.312500 1.625000 2.750000
v -1.312500 1.625000 3.000000
v -0.000000 1.500000 2.812500
v -0.000000 1.437500 2.875000
v 1.312500 1.437500 2.875000
v 1.312500 1.500000 2.812500
v -0.000000 1.625000 3.000000
v -0.000000 1.375000 2.750000
v -1.312500 1.375000 2.750000
v -0.000000 1.500000 2.812500
v -0.000000 1.562500 2.875000
v -1.312500 1.562500 2.875000
v -1.312500 1.500000 2.812500
v -0.125000 1.500000 3.000000
v -0.125000 0.187500 3.000000
v 0.125000 1.500000 2.750000
v 0.125000 0.187500 2.750000
v 0.125000 2.812500 3.000000
v -0.000000 1.500000 2.812500
v -0.062500 1.500000 2.875000
v -0.062500 0.187500 2.875000
v -0.000000 0.187500 2.812500
v 0.125000 1.500000 3.000000
v -0.125000 1.500000 2.750000
v -0.125000 2.812500 2.750000
v -0.000000 1.500000 2.812500
v 0.062500 1.500000 2.875000
v 0.062500 2.812500 2.875000
v 0.000000 2.812500 2.812500
v -0.088388 1.411612 3.000000
v 0.839689 0.483534 3.000000
v 0.088388 1.588388 2.750000
v 1.016466 0.660311 2.750000
v -0.839689 2.516466 3.000000
v -0.000000 1.500000 2.812500
v -0.044194 1.455806 2.875000
v 0.883883 0.527729 2.875000
v 0.928078 0.571923 2.812500
v 0.088388 1.588388 3.000000
v -0.088388 1.411612 2.750000
v -1.016466 2.339690 2.750000
v -0.000000 1.500000 2.812500
v 0.044194 1.544194 2.875000
v -0.883883 2.472272 2.875000
v -0.928078 2.428078 2.812500
v -0.088388 1.588388 3.000000
v -1.016466 0.660311 3.000000
v 0.088388 1.411612 2.750000
v -0.839689 0.483534 2.750000
v 1.016466 2.339689 3.000000
v -0.000000 1.500000 2.812500
v -0.044194 1.544194 2.875000
v -0.972272 0.616117 2.875000
v -0.928078 0.571923 2.812500
v 0.088388 1.411612 3.000000
v -0.088388 1.588388 2.750000
v 0.839689 2.516466 2.750000
v -0.000000 1.500000 2.812500
v 0.044194 1.455806 2.875000
v 0.972272 2.383883 2.875000
v 0.928078 2.428078 2.812500
v -0.047836 1.384515 3.000000
v 1.164756 0.882243 3.000000
v 0.047835 1.615485 2.750000
v 1.260427 1.113213 2.750000
v -1.164757 2.117757 3.000000
v -0.000000 1.500000 2.812500
v -0.023918 1.442258 2.875000
v 1.188674 0.939986 2.875000
v 1.212592 0.997728 2.812500
v 0.047835 1.615485 3.000000
v -0.047836 1.384515 2.750000
v -1.260427 1.886787 2.750000
v -0.000000 1.500000 2.812500
v 0.023918 1.557743 2.875000
v -1.188674 2.060015 2.875000
v -1.212592 2.002273 2.812500
v -0.115485 1.547836 3.000000
v -0.617757 0.335244 3.000000
v 0.115485 1.452165 2.750000
v -0.386787 0.239573 2.750000
v 0.617757 2.664757 3.000000
v -0.000000 1.500000 2.812500
v -0.057743 1.523918 2.875000
v -0.560015 0.311326 2.875000
v -0.502272 0.287408 2.812500
v 0.115485 1.452165 3.000000
v -0.115485 1.547836 2.750000
v 0.386787 2.760427 2.750000
v -0.000000 1.500000 2.812500
v 0.057742 1.476083 2.875000
v 0.560015 2.688674 2.875000
v 0.502272 2.712592 2.812500
v -0.115485 1.452165 3.000000
v 0.386787 0.239573 3.000000
v 0.115485 1.547835 2.750000
v 0.617757 0.335244 2.750000
v -0.386787 2.760427 3.000000
v -0.000000 1.500000 2.812500
v -0.057743 1.476082 2.875000
v 0.444529 0.263491 2.875000
v 0.502272 0.287408 2.812500
v 0.115485 1.547835 3.000000
v -0.115485 1.452165 2.750000
v -0.617757 2.664757 2.750000
v -0.000000 1.500000 2.812500
v 0.057742 1.523918 2.875000
v -0.444529 2.736510 2.875000
v -0.502272 2.712592 2.812500
v -0.047836 1.615485 3.000000
v -1.260427 1.113214 3.000000
v 0.047835 1.384515 2.750000
v -1.164757 0.882243 2.750000
v 1.260427 1.886787 3.000000
v -0.000000 1.500000 2.812500
v -0.023918 1.557743 2.875000
v -1.236510 1.055470 2.875000
v -1.212592 0.997728 2.812500
v 0.047835 1.384515 3.000000
v -0.047836 1.615485 2.750000
v 1.164756 2.117757 2.750000
v -0.000000 1.500000 2.812500
v 0.023918 1.442258 2.875000
v 1.236509 1.944530 2.875000
v 1.212592 2.002272 2.812500
v -0.024386 1.377402 3.000000
v 1.262894 1.121346 3.000000
v 0.024386 1.622599 2.750000
v 1.311667 1.366542 2.750000
v -1.262895 1.878654 3.000000
v -0.000000 1.500000 2.812500
v -0.012193 1.438701 2.875000
v 1.275087 1.182645 2.875000
v 1.287281 1.243944 2.812500
v 0.024386 1.622599 3.000000
v -0.024386 1.377402 2.750000
v -1.311667 1.633458 2.750000
v -0.000000 1.500000 2.812500
v 0.012193 1.561299 2.875000
v -1.275088 1.817356 2.875000
v -1.287281 1.756056 2.812500
v -0.122598 1.524386 3.000000
v -0.378654 0.237106 3.000000
v 0.122598 1.475614 2.750000
v -0.133458 0.188334 2.750000
v 0.378654 2.762895 3.000000
v -0.000000 1.500000 2.812500
v -0.061299 1.512194 2.875000
v -0.317355 0.224913 2.875000
v -0.256056 0.212719 2.812500
v 0.122598 1.475614 3.000000
v -0.122598 1.524386 2.750000
v 0.133458 2.811667 2.750000
v -0.000000 1.500000 2.812500
v 0.061299 1.487807 2.875000
v 0.317355 2.775088 2.875000
v 0.256056 2.787281 2.812500
v -0.103934 1.430554 3.000000
v 0.625252 0.339250 3.000000
v 0.103934 1.569447 2.750000
v 0.833120 0.478143 2.750000
v -0.625252 2.660750 3.000000
v -0.000000 1.500000 2.812500
v -0.051967 1.465277 2.875000
v 0.677219 0.373973 2.875000
v 0.729186 0.408696 2.812500
v 0.103934 1.569447 3.000000
v -0.103934 1.430554 2.750000
v -0.833120 2.521858 2.750000
v -0.000000 1.500000 2.812500
v 0.051967 1.534723 2.875000
v -0.677219 2.626027 2.875000
v -0.729186 2.591304 2.812500
v -0.069446 1.603934 3.000000
v -1.160750 0.874748 3.000000
v 0.069446 1.396067 2.750000
v -1.021858 0.666881 2.750000
v 1.160750 2.125252 3.000000
v -0.000000 1.500000 2.812500
v -0.034723 1.551967 2.875000
v -1.126027 0.822781 2.875000
v -1.091304 0.770814 2.812500
v 0.069446 1.396067 3.000000
v -0.069446 1.603934 2.750000
v 1.021858 2.333120 2.750000
v -0.000000 1.500000 2.812500
v 0.034723 1.448033 2.875000
v 1.126027 2.177219 2.875000
v 1.091304 2.229186 2.812500
v -0.069446 1.396067 3.000000
v 1.021857 0.666881 3.000000
v 0.069446 1.603934 2.750000
v 1.160750 0.874748 2.750000
v -1.021858 2.333120 3.000000
v -0.000000 1.500000 2.812500
v -0.034723 1.448033 2.875000
v 1.056581 0.718847 2.875000
v 1.091304 0.770814 2.812500
v 0.069446 1.603934 3.000000
v -0.069446 1.396067 2.750000
v -1.160750 2.125253 2.750000
v -0.000000 1.500000 2.812500
v 0.034723 1.551967 2.875000
v -1.056581 2.281153 2.875000
v -1.091304 2.229186 2.812500
v -0.103934 1.569447 3.000000
v -0.833120 0.478143 3.000000
v 0.103934 1.430554 2.750000
v -0.625252 0.339250 2.750000
v 0.833120 2.521858 3.000000
v -0.000000 1.500000 2.812500
v -0.051967 1.534723 2.875000
v -0.781153 0.443419 2.875000
v -0.729186 0.408696 2.812500
v 0.103934 1.430554 3.000000
v -0.103934 1.569447 2.750000
v 0.625252 2.660750 2.750000
v -0.000000 1.500000 2.812500
v 0.051967 1.465277 2.875000
v 0.781153 2.556581 2.875000
v 0.729186 2.591304 2.812500
v -0.122598 1.475614 3.000000
v 0.133458 0.188334 3.000000
v 0.122598 1.524386 2.750000
v 0.378654 0.237106 2.750000
v -0.133458 2.811667 3.000000
v -0.000000 1.500000 2.812500
v -0.061299 1.487807 2.875000
v 0.194757 0.200526 2.875000
v 0.256056 0.212720 2.812500
v 0.122598 1.524386 3.000000
v -0.122598 1.475614 2.750000
v -0.378654 2.762895 2.750000
v -0.000000 1.500000 2.812500
v 0.061299 1.512194 2.875000
v -0.194757 2.799474 2.875000
v -0.256056 2.787281 2.812500
v -0.024386 1.622599 3.000000
v -1.311667 1.366542 3.000000
v 0.024386 1.377402 2.750000
v -1.262895 1.121346 2.750000
v 1.311667 1.633458 3.000000
v -0.000000 1.500000 2.812500
v -0.012193 1.561299 2.875000
v -1.299474 1.305243 2.875000
v -1.287281 1.243944 2.812500
v 0.024386 1.377402 3.000000
v -0.024386 1.622599 2.750000
v 1.262894 1.878654 2.750000
v -0.000000 1.500000 2.812500
v 0.012193 1.438701 2.875000
v 1.299474 1.694757 2.875000
v 1.287280 1.756056 2.812500
v -0.000000 1.437500 2.375000
v 0.937500 1.437500 2.375000
v -0.000000 1.562500 2.312500
v 0.937500 1.562500 2.312500
v -0.000000 1.562500 2.375000
v -0.937500 1.562500 2.375000
v -0.000000 1.437500 2.312500
v -0.937500 1.437500 2.312500
v -0.062500 1.500000 2.375000
v -0.062500 0.562500 2.375000
v 0.062500 1.500000 2.312500
v 0.062500 0.562500 2.312500
v 0.062500 1.500000 2.375000
v 0.062500 2.437500 2.375000
v -0.062500 1.500000 2.312500
v -0.062500 2.437500 2.312500
v -0.044194 1.455806 2.375000
v 0.618718 0.792893 2.375000
v 0.044194 1.544194 2.312500
v 0.707106 0.881282 2.312500
v 0.044194 1.544194 2.375000
v -0.618719 2.207107 2.375000
v -0.044195 1.455806 2.312500
v -0.707107 2.118718 2.312500
v -0.044194 1.544194 2.375000
v -0.707107 0.881282 2.375000
v 0.044194 1.455806 2.312500
v -0.618719 0.792893 2.312500
v 0.044194 1.455806 2.375000
v 0.707107 2.118718 2.375000
v -0.044194 1.544194 2.312500
v 0.618718 2.207107 2.312500
v -0.023918 1.442257 2.375000
v 0.842219 1.083492 2.375000
v 0.023917 1.557743 2.312500
v 0.890054 1.198977 2.312500
v 0.023917 1.557743 2.375000
v -0.842220 1.916508 2.375000
v -0.023918 1.442257 2.312500
v -0.890055 1.801023 2.312500
v -0.057743 1.523918 2.375000
v -0.416509 0.657781 2.375000
v 0.057742 1.476082 2.312500
v -0.301024 0.609945 2.312500
v 0.057742 1.476082 2.375000
v 0.416508 2.342219 2.375000
v -0.057743 1.523918 2.312500
v 0.301023 2.390055 2.312500
v -0.057743 1.476082 2.375000
v 0.301023 0.609945 2.375000
v 0.057742 1.523918 2.312500
v 0.416508 0.657781 2.312500
v 0.057742 1.523918 2.375000
v -0.301024 2.390055 2.375000
v -0.057743 1.476082 2.312500
v -0.416508 2.342218 2.312500
v -0.023918 1.557743 2.375000
v -0.890055 1.198977 2.375000
v 0.023917 1.442257 2.312500
v -0.842220 1.083492 2.312500
v 0.023917 1.442257 2.375000
v 0.890054 1.801023 2.375000
v -0.023918 1.557743 2.312500
v 0.842219 1.916508 2.312500
v -0.012193 1.438701 2.375000
v 0.907293 1.255804 2.375000
v 0.012193 1.561298 2.312500
v 0.931679 1.378402 2.312500
v 0.012193 1.561299 2.375000
v -0.907293 1.744196 2.375000
v -0.012193 1.438702 2.312500
v -0.931680 1.621598 2.312500
v -0.061299 1.512194 2.375000
v -0.244197 0.592707 2.375000
v 0.061299 1.487806 2.312500
v -0.121598 0.568321 2.312500
v 0.061299 1.487806 2.375000
v 0.244196 2.407293 2.375000
v -0.061299 1.512194 2.312500
v 0.121598 2.431679 2.312500
v -0.051967 1.465277 2.375000
v 0.468880 0.685774 2.375000
v 0.051967 1.534723 2.312500
v 0.572814 0.755220 2.312500
v 0.051967 1.534723 2.375000
v -0.468881 2.314226 2.375000
v -0.051967 1.465277 2.312500
v -0.572814 2.244780 2.312500
v -0.034723 1.551967 2.375000
v -0.814226 1.031120 2.375000
v 0.034723 1.448033 2.312500
v -0.744780 0.927186 2.312500
v 0.034723 1.448033 2.375000
v 0.814226 1.968880 2.375000
v -0.034723 1.551967 2.312500
v 0.744779 2.072814 2.312500
v -0.034723 1.448032 2.375000
v 0.744779 0.927186 2.375000
v 0.034723 1.551968 2.312500
v 0.814225 1.031119 2.312500
v 0.034723 1.551968 2.375000
v -0.744780 2.072814 2.375000
v -0.034724 1.448032 2.312500
v -0.814226 1.968881 2.312500
v -0.051967 1.534723 2.375000
v -0.572814 0.755220 2.375000
v 0.051967 1.465277 2.312500
v -0.468881 0.685774 2.312500
v 0.051967 1.465277 2.375000
v 0.572814 2.244780 2.375000
v -0.051967 1.534723 2.312500
v 0.468880 2.314226 2.312500
v -0.061299 1.487806 2.375000
v 0.121598 0.568321 2.375000
v 0.061299 1.512194 2.312500
v 0.244196 0.592707 2.312500
v 0.061299 1.512194 2.375000
v -0.121598 2.431679 2.375000
v -0.061299 1.487806 2.312500
v -0.244197 2.407292 2.312500
v -0.012193 1.561299 2.375000
v -0.931680 1.378403 2.375000
v 0.012193 1.438701 2.312500
v -0.907293 1.255804 2.312500
v 0.012193 1.438701 2.375000
v 0.931679 1.621597 2.375000
v -0.012193 1.561299 2.312500
v 0.907293 1.744196 2.312500
v 0.500000 1.562500 -2.500000
v 0.937500 1.562500 -2.500000
v 0.500000 1.437500 -2.375000
v 0.937500 1.437500 -2.375000
v -0.500000 1.437500 -2.500000
v -0.937500 1.437500 -2.500000
v -0.500000 1.562500 -2.375000
v -0.937500 1.562500 -2.375000
v 0.062500 1.000000 -2.500000
v 0.062500 0.562500 -2.500000
v -0.062500 1.000000 -2.375000
v -0.062500 0.562500 -2.375000
v -0.062500 2.000000 -2.500000
v -0.062500 2.437500 -2.500000
v 0.062500 2.000000 -2.375000
v 0.062500 2.437500 -2.375000
v 0.397747 1.190641 -2.500000
v 0.707106 0.881282 -2.500000
v 0.309359 1.102252 -2.375000
v 0.618718 0.792893 -2.375000
v -0.397748 1.809360 -2.500000
v -0.707107 2.118719 -2.500000
v -0.309359 1.897748 -2.375000
v -0.618719 2.207107 -2.375000
v -0.309360 1.102252 -2.500000
v -0.618719 0.792893 -2.500000
v -0.397748 1.190641 -2.375000
v -0.707107 0.881282 -2.375000
v 0.309359 1.897748 -2.500000
v 0.618718 2.207107 -2.500000
v 0.397747 1.809360 -2.375000
v 0.707107 2.118718 -2.375000
v 0.485857 1.366401 -2.500000
v 0.890054 1.198977 -2.500000
v 0.438022 1.250916 -2.375000
v 0.842219 1.083492 -2.375000
v -0.485858 1.633599 -2.500000
v -0.890055 1.801023 -2.500000
v -0.438022 1.749084 -2.375000
v -0.842219 1.916509 -2.375000
v -0.133600 1.014143 -2.500000
v -0.301024 0.609945 -2.500000
v -0.249085 1.061978 -2.375000
v -0.416509 0.657781 -2.375000
v 0.133599 1.985857 -2.500000
v 0.301023 2.390055 -2.500000
v 0.249084 1.938022 -2.375000
v 0.416508 2.342219 -2.375000
v 0.249084 1.061978 -2.500000
v 0.416508 0.657781 -2.500000
v 0.133599 1.014143 -2.375000
v 0.301023 0.609945 -2.375000
v -0.249084 1.938022 -2.500000
v -0.416508 2.342219 -2.500000
v -0.133599 1.985857 -2.375000
v -0.301023 2.390055 -2.375000
v -0.438022 1.250916 -2.500000
v -0.842220 1.083492 -2.500000
v -0.485858 1.366401 -2.375000
v -0.890055 1.198977 -2.375000
v 0.438022 1.749084 -2.500000
v 0.842219 1.916508 -2.500000
v 0.485857 1.633599 -2.375000
v 0.890054 1.801023 -2.375000
v 0.502586 1.463754 -2.500000
v 0.931679 1.378402 -2.500000
v 0.478199 1.341156 -2.375000
v 0.907293 1.255804 -2.375000
v -0.502586 1.536246 -2.500000
v -0.931679 1.621598 -2.500000
v -0.478200 1.658844 -2.375000
v -0.907293 1.744197 -2.375000
v -0.036246 0.997414 -2.500000
v -0.121598 0.568321 -2.500000
v -0.158845 1.021801 -2.375000
v -0.244197 0.592707 -2.375000
v 0.036246 2.002586 -2.500000
v 0.121598 2.431679 -2.500000
v 0.158844 1.978200 -2.375000
v 0.244196 2.407293 -2.375000
v 0.329752 1.118989 -2.500000
v 0.572814 0.755220 -2.500000
v 0.225818 1.049542 -2.375000
v 0.468880 0.685774 -2.375000
v -0.329752 1.881012 -2.500000
v -0.572814 2.244780 -2.500000
v -0.225818 1.950458 -2.375000
v -0.468880 2.314226 -2.375000
v -0.381012 1.170248 -2.500000
v -0.744780 0.927186 -2.500000
v -0.450458 1.274182 -2.375000
v -0.814226 1.031120 -2.375000
v 0.381012 1.829752 -2.500000
v 0.744779 2.072814 -2.500000
v 0.450458 1.725819 -2.375000
v 0.814226 1.968880 -2.375000
v 0.450458 1.274182 -2.500000
v 0.814226 1.031120 -2.500000
v 0.381011 1.170248 -2.375000
v 0.744779 0.927186 -2.375000
v -0.450458 1.725819 -2.500000
v -0.814226 1.968881 -2.500000
v -0.381012 1.829752 -2.375000
v -0.744780 2.072814 -2.375000
v -0.225819 1.049542 -2.500000
v -0.468881 0.685774 -2.500000
v -0.329752 1.118989 -2.375000
v -0.572814 0.755221 -2.375000
v 0.225818 1.950458 -2.500000
v 0.468880 2.314226 -2.500000
v 0.329752 1.881012 -2.375000
v 0.572814 2.244780 -2.375000
v 0.158844 1.021801 -2.500000
v 0.244196 0.592707 -2.500000
v 0.036246 0.997415 -2.375000
v 0.121598 0.568321 -2.375000
v -0.158844 1.978200 -2.500000
v -0.244196 2.407293 -2.500000
v -0.036246 2.002586 -2.375000
v -0.121598 2.431680 -2.375000
v -0.478200 1.341156 -2.500000
v -0.907293 1.255804 -2.500000
v -0.502586 1.463754 -2.375000
v -0.931679 1.378402 -2.375000
v 0.478199 1.658844 -2.500000
v 0.907293 1.744196 -2.500000
v 0.502586 1.536246 -2.375000
v 0.931679 1.621598 -2.375000
v 0.000000 1.875000 3.000000
v -0.143507 1.846455 3.000000
v -0.265165 1.765165 3.000000
v -0.346455 1.643507 3.000000
v -0.375000 1.500000 3.000000
v -0.346455 1.356494 3.000000
v -0.265165 1.234835 3.000000
v -0.143507 1.153545 3.000000
v 0.000000 1.125000 3.000000
v 0.143506 1.153545 3.000000
v 0.265165 1.234835 3.000000
v 0.346455 1.356494 3.000000
v 0.375000 1.500000 3.000000
v 0.346455 1.643507 3.000000
v 0.265165 1.765165 3.000000
v 0.143506 1.846455 3.000000
v 0.000000 1.640625 3.375000
v -0.053815 1.629921 3.375000
v -0.099437 1.599437 3.375000
v -0.129920 1.553815 3.375000
v -0.140625 1.500000 3.375000
v -0.129920 1.446185 3.375000
v -0.099437 1.400563 3.375000
v -0.053815 1.370080 3.375000
v 0.000000 1.359375 3.375000
v 0.053815 1.370080 3.375000
v 0.099437 1.400563 3.375000
v 0.129920 1.446185 3.375000
v 0.140625 1.500000 3.375000
v 0.129920 1.553815 3.375000
v 0.099437 1.599437 3.375000
v 0.053815 1.629921 3.375000
v 0.000000 1.500000 3.500000
v 0.000000 1.875000 2.750000
v -0.143507 1.846455 2.750000
v -0.265165 1.765165 2.750000
v -0.346455 1.643507 2.750000
v -0.375000 1.500000 2.750000
v -0.346455 1.356494 2.750000
v -0.265165 1.234835 2.750000
v -0.143507 1.153545 2.750000
v 0.000000 1.125000 2.750000
v 0.143506 1.153545 2.750000
v 0.265165 1.234835 2.750000
v 0.346455 1.356494 2.750000
v 0.375000 1.500000 2.750000
v 0.346455 1.643507 2.750000
v 0.265165 1.765165 2.750000
v 0.143506 1.846455 2.750000
v 0.071753 1.673227 2.750000
v 0.132582 1.632583 2.750000
v 0.173227 1.571754 2.750000
v 0.187500 1.500000 2.750000
v 0.173227 1.428247 2.750000
v 0.132582 1.367417 2.750000
v 0.071753 1.326773 2.750000
v 0.000000 1.312500 2.750000
v -0.071753 1.326773 2.750000
v -0.132583 1.367417 2.750000
v -0.173227 1.428247 2.750000
v -0.187500 1.500000 2.750000
v -0.173227 1.571754 2.750000
v -0.132583 1.632583 2.750000
v -0.071753 1.673227 2.750000
v 0.000000 1.687500 2.750000
v 0.071753 1.673227 1.125000
v 0.132582 1.632583 1.125000
v 0.173227 1.571754 1.125000
v 0.187500 1.500000 1.125000
v 0.173227 1.428247 1.125000
v 0.132582 1.367417 1.125000
v 0.071753 1.326773 1.125000
v 0.000000 1.312500 1.125000
v -0.071753 1.326773 1.125000
v -0.132583 1.367417 1.125000
v -0.173227 1.428247 1.125000
v -0.187500 1.500000 1.125000
v -0.173227 1.571754 1.125000
v -0.132583 1.632583 1.125000
v -0.071753 1.673227 1.125000
v 0.000000 1.687500 1.125000
v -0.000000 1.375000 3.000000
v 1.312500 1.375000 3.000000
v -0.000000 1.625000 2.750000
v 1.312500 1.625000 2.750000
v -1.312500 1.625000 3.000000
v -0.000000 1.500000 2.812500
v -0.000000 1.437500 2.875000
v 1.312500 1.437500 2.875000
v 1.312500 1.500000 2.812500
v -0.000000 1.625000 3.000000
v -0.000000 1.375000 2.750000
v -1.312500 1.375000 2.750000
v -0.000000 1.500000 2.812500
v -0.000000 1.562500 2.875000
v -1.312500 1.562500 2.875000
v -1.312500 1.500000 2.812500
v -0.125000 1.500000 3.000000
v -0.125000 0.187500 3.000000
v 0.125000 1.500000 2.750000
v 0.125000 0.187500 2.750000
v 0.125000 2.812500 3.000000
v -0.000000 1.500000 2.812500
v -0.062500 1.500000 2.875000
v -0.062500 0.187500 2.875000
v -0.000000 0.187500 2.812500
v 0.125000 1.500000 3.000000
v -0.125000 1.500000 2.750000
v -0.125000 2.812500 2.750000
v -0.000000 1.500000 2.812500
v 0.062500 1.500000 2.875000
v 0.062500 2.812500 2.875000
v 0.000000 2.812500 2.812500
v -0.088388 1.411612 3.000000
v 0.839689 0.483534 3.000000
v 0.088388 1.588388 2.750000
v 1.016466 0.660311 2.750000
v -0.839689 2.516466 3.000000
v -0.000000 1.500000 2.812500
v -0.044194 1.455806 2.875000
v 0.883883 0.527729 2.875000
v 0.928078 0.571923 2.812500
v 0.088388 1.588388 3.000000
v -0.088388 1.411612 2.750000
v -1.016466 2.339690 2.750000
v -0.000000 1.500000 2.812500
v 0.044194 1.544194 2.875000
v -0.883883 2.472272 2.875000
v -0.928078 2.428078 2.812500
v -0.088388 1.588388 3.000000
v -1.016466 0.660311 3.000000
v 0.088388 1.411612 2.750000
v -0.839689 0.483534 2.750000
v 1.016466 2.339689 3.000000
v -0.000000 1.500000 2.812500
v -0.044194 1.544194 2.875000
v -0.972272 0.616117 2.875000
v -0.928078 0.571923 2.812500
v 0.088388 1.411612 3.000000
v -0.088388 1.588388 2.750000
v 0.839689 2.516466 2.750000
v -0.000000 1.500000 2.812500
v 0.044194 1.455806 2.875000
v 0.972272 2.383883 2.875000
v 0.928078 2.428078 2.812500
v -0.047836 1.384515 3.000000
v 1.164756 0.882243 3.000000
v 0.047835 1.615485 2.750000
v 1.260427 1.113213 2.750000
v -1.164757 2.117757 3.000000
v -0.000000 1.500000 2.812500
v -0.023918 1.442258 2.875000
v 1.188674 0.939986 2.875000
v 1.212592 0.997728 2.812500
v 0.047835 1.615485 3.000000
v -0.047836 1.384515 2.750000
v -1.260427 1.886787 2.750000
v -0.000000 1.500000 2.812500
v 0.023918 1.557743 2.875000
v -1.188674 2.060015 2.875000
v -1.212592 2.002273 2.812500
v -0.115485 1.547836 3.000000
v -0.617757 0.335244 3.000000
v 0.115485 1.452165 2.750000
v -0.386787 0.239573 2.750000
v 0.617757 2.664757 3.000000
v -0.000000 1.500000 2.812500
v -0.057743 1.523918 2.875000
v -0.560015 0.311326 2.875000
v -0.502272 0.287408 2.812500
v 0.115485 1.452165 3.000000
v -0.115485 1.547836 2.750000
v 0.386787 2.760427 2.750000
v -0.000000 1.500000 2.812500
v 0.057742 1.476083 2.875000
v 0.560015 2.688674 2.875000
v 0.502272 2.712592 2.812500
v -0.115485 1.452165 3.000000
v 0.386787 0.239573 3.000000
v 0.115485 1.547835 2.750000
v 0.617757 0.335244 2.750000
v -0.386787 2.760427 3.000000
v -0.000000 1.500000 2.812500
v -0.057743 1.476082 2.875000
v 0.444529 0.263491 2.875000
v 0.502272 0.287408 2.812500
v 0.115485 1.547835 3.000000
v -0.115485 1.452165 2.750000
v -0.617757 2.664757 2.750000
v -0.000000 1.500000 2.812500
v 0.057742 1.523918 2.875000
v -0.444529 2.736510 2.875000
v -0.502272 2.712592 2.812500
v -0.047836 1.615485 3.000000
v -1.260427 1.113214 3.000000
v 0.047835 1.384515 2.750000
v -1.164757 0.882243 2.750000
v 1.260427 1.886787 3.000000
v -0.000000 1.500000 2.812500
v -0.023918 1.557743 2.875000
v -1.236510 1.055470 2.875000
v -1.212592 0.997728 2.812500
v 0.047835 1.384515 3.000000
v -0.047836 1.615485 2.750000
v 1.164756 2.117757 2.750000
v -0.000000 1.500000 2.812500
v 0.023918 1.442258 2.875000
v 1.236509 1.944530 2.875000
v 1.212592 2.002272 2.812500
v -0.024386 1.377402 3.000000
v 1.262894 1.121346 3.000000
v 0.024386 1.622599 2.750000
v 1.311667 1.366542 2.750000
v -1.262895 1.878654 3.000000
v -0.000000 1.500000 2.812500
v -0.012193 1.438701 2.875000
v 1.275087 1.182645 2.875000
v 1.287281 1.243944 2.812500
v 0.024386 1.622599 3.000000
v -0.024386 1.377402 2.750000
v -1.311667 1.633458 2.750000
v -0.000000 1.500000 2.812500
v 0.012193 1.561299 2.875000
v -1.275088 1.817356 2.875000
v -1.287281 1.756056 2.812500
v -0.122598 1.524386 3.000000
v -0.378654 0.237106 3.000000
v 0.122598 1.475614 2.750000
v -0.133458 0.188334 2.750000
v 0.378654 2.762895 3.000000
v -0.000000 1.500000 2.812500
v -0.061299 1.512194 2.875000
v -0.317355 0.224913 2.875000
v -0.256056 0.212719 2.812500
v 0.122598 1.475614 3.000000
v -0.122598 1.524386 2.750000
v 0.133458 2.811667 2.750000
v -0.000000 1.500000 2.812500
v 0.061299 1.487807 2.875000
v 0.317355 2.775088 2.875000
v 0.256056 2.787281 2.812500
v -0.103934 1.430554 3.000000
v 0.625252 0.339250 3.000000
v 0.103934 1.569447 2.750000
v 0.833120 0.478143 2.750000
v -0.625252 2.660750 3.000000
v -0.000000 1.500000 2.812500
v -0.051967 1.465277 2.875000
v 0.677219 0.373973 2.875000
v 0.729186 0.408696 2.812500
v 0.103934 1.569447 3.000000
v -0.103934 1.430554 2.750000
v -0.833120 2.521858 2.750000
v -0.000000 1.500000 2.812500
v 0.051967 1.534723 2.875000
v -0.677219 2.626027 2.875000
v -0.729186 2.591304 2.812500
v -0.069446 1.603934 3.000000
v -1.160750 0.874748 3.000000
v 0.069446 1.396067 2.750000
v -1.021858 0.666881 2.750000
v 1.160750 2.125252 3.000000
v -0.000000 1.500000 2.812500
v -0.034723 1.551967 2.875000
v -1.126027 0.822781 2.875000
v -1.091304 0.770814 2.812500
v 0.069446 1.396067 3.000000
v -0.069446 1.603934 2.750000
v 1.021858 2.333120 2.750000
v -0.000000 1.500000 2.812500
v 0.034723 1.448033 2.875000
v 1.126027 2.177219 2.875000
v 1.091304 2.229186 2.812500
v -0.069446 1.396067 3.000000
v 1.021857 0.666881 3.000000
v 0.069446 1.603934 2.750000
v 1.160750 0.874748 2.750000
v -1.021858 2.333120 3.000000
v -0.000000 1.500000 2.812500
v -0.034723 1.448033 2.875000
v 1.056581 0.718847 2.875000
v 1.091304 0.770814 2.812500
v 0.069446 1.603934 3.000000
v -0.069446 1.396067 2.750000
v -1.160750 2.125253 2.750000
v -0.000000 1.500000 2.812500
v 0.034723 1.551967 2.875000
v -1.056581 2.281153 2.875000
v -1.091304 2.229186 2.812500
v -0.103934 1.569447 3.000000
v -0.833120 0.478143 3.000000
v 0.103934 1.430554 2.750000
v -0.625252 0.339250 2.750000
v 0.833120 2.521858 3.000000
v -0.000000 1.500000 2.812500
v -0.051967 1.534723 2.875000
v -0.781153 0.443419 2.875000
v -0.729186 0.408696 2.812500
v 0.103934 1.430554 3.000000
v -0.103934 1.569447 2.750000
v 0.625252 2.660750 2.750000
v -0.000000 1.500000 2.812500
v 0.051967 1.465277 2.875000
v 0.781153 2.556581 2.875000
v 0.729186 2.591304 2.812500
v -0.122598 1.475614 3.000000
v 0.133458 0.188334 3.000000
v 0.122598 1.524386 2.750000
v 0.378654 0.237106 2.750000
v -0.133458 2.811667 3.000000
v -0.000000 1.500000 2.812500
v -0.061299 1.487807 2.875000
v 0.194757 0.200526 2.875000
v 0.256056 0.212720 2.812500
v 0.122598 1.524386 3.000000
v -0.122598 1.475614 2.750000
v -0.378654 2.762895 2.750000
v -0.000000 1.500000 2.812500
v 0.061299 1.512194 2.875000
v -0.194757 2.799474 2.875000
v -0.256056 2.787281 2.812500
v -0.024386 1.622599 3.000000
v -1.311667 1.366542 3.000000
v 0.024386 1.377402 2.750000
v -1.262895 1.121346 2.750000
v 1.311667 1.633458 3.000000
v -0.000000 1.500000 2.812500
v -0.012193 1.561299 2.875000
v -1.299474 1.305243 2.875000
v -1.287281 1.243944 2.812500
v 0.024386 1.377402 3.000000
v -0.024386 1.622599 2.750000
v 1.262894 1.878654 2.750000
v -0.000000 1.500000 2.812500
v 0.012193 1.438701 2.875000
v 1.299474 1.694757 2.875000
v 1.287280 1.756056 2.812500
vt 0.827586 0.888889
vt 0.770115 0.901961
vt 0.770115 0.888889
vt 0.827586 0.888889
vt 0.770115 0.901961
vt 0.770115 0.888889
vt 0.827586 0.888889
vt 0.770115 0.901961
vt 0.770115 0.888889
vt 0.827586 0.888889
vt 0.770115 0.901961
vt 0.770115 0.888889
vt 0.770115 0.888889
vt 0.827586 0.901961
vt 0.770115 0.901961
vt 0.827586 0.888889
vt 0.770115 0.901961
vt 0.770115 0.888889
vt 0.827586 0.888889
vt 0.770115 0.901961
vt 0.770115 0.888889
vt 0.770115 0.888889
vt 0.827586 0.901961
vt 0.770115 0.901961
vt 0.827586 0.888889
vt 0.770115 0.901961
vt 0.770115 0.888889
vt 0.827586 0.888889
vt 0.770115 0.901961
vt 0.770115 0.888889
vt 0.827586 0.888889
vt 0.770115 0.901961
vt 0.770115 0.888889
vt 0.827586 0.888889
vt 0.770115 0.901961
vt 0.770115 0.888889
vt 0.770115 0.888889
vt 0.827586 0.901961
vt 0.770115 0.901961
vt 0.770115 0.888889
vt 0.827586 0.901961
vt 0.770115 0.901961
vt 0.827586 0.888889
vt 0.770115 0.901961
vt 0.770115 0.888889
vt 0.827586 0.888889
vt 0.770115 0.901961
vt 0.770115 0.888889
vt 0.827586 0.888889
vt 0.770115 0.901961
vt 0.770115 0.888889
vt 0.827586 0.888889
vt 0.770115 0.901961
vt 0.770115 0.888889
vt 0.827586 0.888889
vt 0.770115 0.901961
vt 0.770115 0.888889
vt 0.827586 0.888889
vt 0.770115 0.901961
vt 0.770115 0.888889
vt 0.770115 0.888889
vt 0.827586 0.901961
vt 0.770115 0.901961
vt 0.770115 0.888889
vt 0.827586 0.901961
vt 0.770115 0.901961
vt 0.770115 0.888889
vt 0.827586 0.901961
vt 0.770115 0.901961
vt 0.770115 0.888889
vt 0.827586 0.901961
vt 0.770115 0.901961
vt 0.770115 0.888889
vt 0.827586 0.901961
vt 0.770115 0.901961
vt 0.770115 0.888889
vt 0.827586 0.901961
vt 0.770115 0.901961
vt 0.827586 0.888889
vt 0.770115 0.901961
vt 0.770115 0.888889
vt 0.827586 0.888889
vt 0.770115 0.901961
vt 0.770115 0.888889
vt 0.770115 0.888889
vt 0.827586 0.901961
vt 0.770115 0.901961
vt 0.770115 0.888889
vt 0.827586 0.901961
vt 0.770115 0.901961
vt 0.827586 0.888889
vt 0.770115 0.901961
vt 0.770115 0.888889
vt 0.827586 0.888889
vt 0.770115 0.901961
vt 0.770115 0.888889
vt 0.796935 0.901961
vt 0.770115 0.915033
vt 0.770115 0.901961
vt 0.796935 0.901961
vt 0.770115 0.915033
vt 0.770115 0.901961
vt 0.796935 0.901961
vt 0.770115 0.915033
vt 0.770115 0.901961
vt 0.796935 0.901961
vt 0.770115 0.915033
vt 0.770115 0.901961
vt 0.770115 0.901961
vt 0.796935 0.915033
vt 0.770115 0.915033
vt 0.796935 0.901961
vt 0.770115 0.915033
vt 0.770115 0.901961
vt 0.796935 0.901961
vt 0.770115 0.915033
vt 0.770115 0.901961
vt 0.796935 0.901961
vt 0.770115 0.915033
vt 0.770115 0.901961
vt 0.796935 0.901961
vt 0.770115 0.915033
vt 0.770115 0.901961
vt 0.796935 0.901961
vt 0.770115 0.915033
vt 0.770115 0.901961
vt 0.770115 0.901961
vt 0.796935 0.915033
vt 0.770115 0.915033
vt 0.796935 0.901961
vt 0.770115 0.915033
vt 0.770115 0.901961
vt 0.770115 0.901961
vt 0.796935 0.915033
vt 0.770115 0.915033
vt 0.796935 0.901961
vt 0.770115 0.915033
vt 0.770115 0.901961
vt 0.796935 0.901961
vt 0.770115 0.915033
vt 0.770115 0.901961
vt 0.796935 0.901961
vt 0.770115 0.915033
vt 0.770115 0.901961
vt 0.770115 0.901961
vt 0.796935 0.915033
vt 0.770115 0.915033
vt 0.796935 0.901961
vt 0.770115 0.915033
vt 0.770115 0.901961
vt 0.770115 0.901961
vt 0.796935 0.915033
vt 0.770115 0.915033
vt 0.796935 0.901961
vt 0.770115 0.915033
vt 0.770115 0.901961
vt 0.770115 0.901961
vt 0.796935 0.915033
vt 0.770115 0.915033
vt 0.796935 0.901961
vt 0.770115 0.915033
vt 0.770115 0.901961
vt 0.796935 0.901961
vt 0.770115 0.915033
vt 0.770115 0.901961
vt 0.796935 0.901961
vt 0.770115 0.915033
vt 0.770115 0.901961
vt 0.796935 0.901961
vt 0.770115 0.915033
vt 0.770115 0.901961
vt 0.770115 0.901961
vt 0.796935 0.915033
vt 0.770115 0.915033
vt 0.796935 0.901961
vt 0.770115 0.915033
vt 0.770115 0.901961
vt 0.796935 0.901961
vt 0.770115 0.915033
vt 0.770115 0.901961
vt 0.770115 0.901961
vt 0.796935 0.915033
vt 0.770115 0.915033
vt 0.796935 0.901961
vt 0.770115 0.915033
vt 0.770115 0.901961
vt 0.796935 0.901961
vt 0.770115 0.915033
vt 0.770115 0.901961
vt 0.796935 0.901961
vt 0.770115 0.915033
vt 0.770115 0.901961
vt 0.988506 0.437909
vt 1.000000 0.450980
vt 0.988506 0.457516
vt 0.988506 0.594771
vt 1.000000 0.607843
vt 0.988506 0.614379
vt 1.000000 0.424837
vt 1.000000 0.431373
vt 0.988506 0.555556
vt 1.000000 0.568627
vt 0.988506 0.575163
vt 1.000000 0.588235
vt 0.988506 0.712418
vt 1.000000 0.732026
vt 0.988506 0.732026
vt 0.988506 0.535948
vt 1.000000 0.549020
vt 1.000000 0.699346
vt 1.000000 0.712418
vt 1.000000 0.522876
vt 1.000000 0.529412
vt 0.988506 0.673203
vt 1.000000 0.692810
vt 0.988506 0.692810
vt 0.988506 0.516340
vt 1.000000 0.503268
vt 1.000000 0.509804
vt 1.000000 0.660131
vt 1.000000 0.666667
vt 0.988506 0.477124
vt 1.000000 0.490196
vt 0.988506 0.496732
vt 0.988506 0.653595
vt 1.000000 0.640523
vt 1.000000 0.647059
vt 1.000000 0.470588
vt 1.000000 0.627451
vt 0.988506 0.633987
vt 0.827586 0.901961
vt 0.827586 0.901961
vt 0.827586 0.901961
vt 0.827586 0.901961
vt 0.827586 0.888889
vt 0.827586 0.901961
vt 0.827586 0.901961
vt 0.827586 0.888889
vt 0.827586 0.901961
vt 0.827586 0.901961
vt 0.827586 0.901961
vt 0.827586 0.901961
vt 0.827586 0.888889
vt 0.827586 0.888889
vt 0.827586 0.901961
vt 0.827586 0.901961
vt 0.827586 0.901961
vt 0.827586 0.901961
vt 0.827586 0.901961
vt 0.827586 0.901961
vt 0.827586 0.888889
vt 0.827586 0.888889
vt 0.827586 0.888889
vt 0.827586 0.888889
vt 0.827586 0.888889
vt 0.827586 0.888889
vt 0.827586 0.901961
vt 0.827586 0.901961
vt 0.827586 0.888889
vt 0.827586 0.888889
vt 0.827586 0.901961
vt 0.827586 0.901961
vt 0.796935 0.915033
vt 0.796935 0.915033
vt 0.796935 0.915033
vt 0.796935 0.915033
vt 0.796935 0.901961
vt 0.796935 0.915033
vt 0.796935 0.915033
vt 0.796935 0.915033
vt 0.796935 0.915033
vt 0.796935 0.915033
vt 0.796935 0.901961
vt 0.796935 0.915033
vt 0.796935 0.901961
vt 0.796935 0.915033
vt 0.796935 0.915033
vt 0.796935 0.915033
vt 0.796935 0.901961
vt 0.796935 0.915033
vt 0.796935 0.901961
vt 0.796935 0.915033
vt 0.796935 0.901961
vt 0.796935 0.915033
vt 0.796935 0.915033
vt 0.796935 0.915033
vt 0.796935 0.915033
vt 0.796935 0.901961
vt 0.796935 0.915033
vt 0.796935 0.915033
vt 0.796935 0.901961
vt 0.796935 0.915033
vt 0.796935 0.915033
vt 0.796935 0.915033
vt 1.000000 0.444444
vt 1.000000 0.601307
vt 0.988506 0.418301
vt 1.000000 0.562092
vt 1.000000 0.581699
vt 1.000000 0.718954
vt 1.000000 0.542484
vt 1.000000 0.679739
vt 1.000000 0.483660
vt 1.000000 0.464052
vt 1.000000 0.620915
vt 0.769834 0.862660
vt 0.850676 0.876239
vt 0.769834 0.876238
vt 0.850676 0.862660
vt 0.769834 0.876238
vt 0.769834 0.862660
vt 0.850676 0.876239
vt 0.769834 0.882501
vt 0.850676 0.882501
vt 0.769834 0.882501
vt 0.850676 0.882501
vt 0.769834 0.888726
vt 0.769834 0.888726
vt 0.850676 0.862660
vt 0.769834 0.876239
vt 0.769834 0.862660
vt 0.850676 0.862660
vt 0.769834 0.876239
vt 0.769834 0.862660
vt 0.850676 0.876239
vt 0.769834 0.882501
vt 0.850676 0.876239
vt 0.769834 0.882501
vt 0.850676 0.882501
vt 0.769834 0.888726
vt 0.850676 0.882501
vt 0.769834 0.888726
vt 0.850676 0.862660
vt 0.769834 0.876239
vt 0.769834 0.862660
vt 0.850676 0.862660
vt 0.769834 0.876239
vt 0.769834 0.862660
vt 0.850676 0.876239
vt 0.769834 0.882501
vt 0.850676 0.876239
vt 0.769834 0.882501
vt 0.850676 0.882501
vt 0.769834 0.888726
vt 0.850676 0.882501
vt 0.769834 0.888726
vt 0.769834 0.862660
vt 0.850676 0.876239
vt 0.769834 0.876239
vt 0.850676 0.862660
vt 0.769834 0.876239
vt 0.769834 0.862660
vt 0.850676 0.882501
vt 0.769834 0.882501
vt 0.769834 0.882501
vt 0.769834 0.888726
vt 0.850677 0.882501
vt 0.769834 0.888726
vt 0.769834 0.862660
vt 0.850677 0.876239
vt 0.769834 0.876239
vt 0.850677 0.862660
vt 0.769834 0.876238
vt 0.769834 0.862660
vt 0.850676 0.882501
vt 0.769834 0.882501
vt 0.769834 0.882501
vt 0.850676 0.888727
vt 0.769834 0.888726
vt 0.850677 0.888726
vt 0.769834 0.888726
vt 0.850676 0.862660
vt 0.769834 0.876239
vt 0.769834 0.862660
vt 0.850677 0.862660
vt 0.769834 0.876239
vt 0.769834 0.862660
vt 0.850677 0.876239
vt 0.769834 0.882501
vt 0.850676 0.882501
vt 0.769834 0.882501
vt 0.850676 0.882501
vt 0.769834 0.888726
vt 0.769834 0.888726
vt 0.850676 0.862660
vt 0.769834 0.876239
vt 0.769834 0.862660
vt 0.850676 0.862660
vt 0.769834 0.876239
vt 0.769834 0.862660
vt 0.850676 0.876239
vt 0.769834 0.882501
vt 0.850676 0.882501
vt 0.769834 0.882501
vt 0.850676 0.882501
vt 0.769834 0.888726
vt 0.769834 0.888726
vt 0.769834 0.862660
vt 0.850676 0.876239
vt 0.769834 0.876239
vt 0.850677 0.862660
vt 0.769834 0.876239
vt 0.769834 0.862660
vt 0.850677 0.882501
vt 0.769834 0.882501
vt 0.850676 0.882501
vt 0.769834 0.882501
vt 0.769834 0.888726
vt 0.769834 0.888726
vt 0.850676 0.862660
vt 0.769834 0.876239
vt 0.769834 0.862660
vt 0.850676 0.862660
vt 0.769834 0.876239
vt 0.769834 0.862660
vt 0.850676 0.882501
vt 0.769834 0.882501
vt 0.850676 0.876239
vt 0.769834 0.882501
vt 0.769834 0.888726
vt 0.850676 0.882501
vt 0.769834 0.888726
vt 0.850676 0.862660
vt 0.769834 0.876239
vt 0.769834 0.862660
vt 0.769834 0.862660
vt 0.850676 0.876239
vt 0.769834 0.876239
vt 0.769834 0.882501
vt 0.850676 0.882501
vt 0.769834 0.882501
vt 0.850676 0.888726
vt 0.769834 0.888726
vt 0.769834 0.888726
vt 0.769834 0.862660
vt 0.850676 0.876239
vt 0.769834 0.876239
vt 0.769834 0.862660
vt 0.850676 0.876239
vt 0.769834 0.876238
vt 0.769834 0.882501
vt 0.769834 0.882501
vt 0.850676 0.888726
vt 0.769834 0.888726
vt 0.850676 0.882501
vt 0.769834 0.888726
vt 0.769834 0.862660
vt 0.850676 0.876239
vt 0.769834 0.876239
vt 0.850676 0.862660
vt 0.769834 0.876239
vt 0.769834 0.862660
vt 0.850676 0.882501
vt 0.769834 0.882501
vt 0.769834 0.882501
vt 0.850676 0.888726
vt 0.769834 0.888726
vt 0.850676 0.882501
vt 0.769834 0.888727
vt 0.769834 0.862660
vt 0.850676 0.876239
vt 0.769834 0.876239
vt 0.850676 0.862660
vt 0.769834 0.876239
vt 0.769834 0.862660
vt 0.850676 0.882501
vt 0.769834 0.882501
vt 0.769834 0.882501
vt 0.769834 0.888726
vt 0.850676 0.882501
vt 0.769834 0.888726
vt 0.850676 0.862660
vt 0.769834 0.876239
vt 0.769834 0.862660
vt 0.850676 0.862660
vt 0.769834 0.876239
vt 0.769834 0.862660
vt 0.850676 0.876239
vt 0.769834 0.882501
vt 0.850676 0.882501
vt 0.769834 0.882501
vt 0.850676 0.882501
vt 0.769834 0.888726
vt 0.769834 0.888726
vt 0.850676 0.862660
vt 0.769834 0.876239
vt 0.769834 0.862660
vt 0.769834 0.862660
vt 0.850677 0.876239
vt 0.769834 0.876239
vt 0.850676 0.882501
vt 0.769834 0.882501
vt 0.850676 0.876239
vt 0.769834 0.882501
vt 0.769834 0.888726
vt 0.850676 0.882501
vt 0.769834 0.888726
vt 0.850677 0.862660
vt 0.769834 0.876239
vt 0.769834 0.862660
vt 0.850677 0.862660
vt 0.769834 0.876239
vt 0.769834 0.862660
vt 0.850677 0.876239
vt 0.769834 0.882501
vt 0.850677 0.876239
vt 0.769834 0.882501
vt 0.850677 0.882501
vt 0.769834 0.888726
vt 0.850677 0.882501
vt 0.769834 0.888726
vt 0.973180 0.477124
vt 0.950192 0.490196
vt 0.950192 0.483660
vt 0.973180 0.673203
vt 0.950192 0.660131
vt 0.973180 0.653595
vt 0.973180 0.516340
vt 0.950192 0.503268
vt 0.973180 0.496732
vt 0.973180 0.692810
vt 0.950192 0.679739
vt 0.950192 0.529412
vt 0.950192 0.522876
vt 0.973180 0.712418
vt 0.950192 0.699346
vt 0.973180 0.535948
vt 0.950192 0.549020
vt 0.950192 0.542484
vt 0.950192 0.725490
vt 0.950192 0.718954
vt 0.973180 0.575163
vt 0.950192 0.588235
vt 0.950192 0.581699
vt 0.950192 0.562092
vt 0.973180 0.555556
vt 0.973180 0.437909
vt 0.950192 0.424837
vt 0.973180 0.418301
vt 0.973180 0.614379
vt 0.950192 0.601307
vt 0.973180 0.594771
vt 0.973180 0.457516
vt 0.950192 0.444444
vt 0.973180 0.633987
vt 0.950192 0.620915
vt 0.950192 0.470588
vt 0.950192 0.464052
vt 0.950192 0.647059
vt 0.950192 0.640523
vt 0.938697 0.640523
vt 0.950192 0.627451
vt 0.938697 0.620915
vt 0.950192 0.607843
vt 0.938697 0.601307
vt 0.938697 0.581699
vt 0.950192 0.568627
vt 0.938697 0.562092
vt 0.938697 0.542484
vt 0.938697 0.522876
vt 0.950192 0.509804
vt 0.938697 0.503268
vt 0.938697 0.483660
vt 0.938697 0.464052
vt 0.950192 0.450980
vt 0.938697 0.444444
vt 0.950192 0.431373
vt 0.938697 0.424837
vt 0.938697 0.718954
vt 0.950192 0.705882
vt 0.938697 0.699346
vt 0.950192 0.686275
vt 0.938697 0.679739
vt 0.950192 0.666667
vt 0.938697 0.660131
vt 0.973180 0.732026
vt 0.670498 0.862745
vt 0.770115 0.869281
vt 0.670498 0.869281
vt 0.670498 0.941176
vt 0.770115 0.947712
vt 0.670498 0.947712
vt 0.670498 0.921569
vt 0.770115 0.928105
vt 0.670498 0.928105
vt 0.670498 0.888889
vt 0.770115 0.895425
vt 0.670498 0.895425
vt 0.670498 0.960784
vt 0.770115 0.967320
vt 0.670498 0.967320
vt 0.670498 0.934641
vt 0.770115 0.941176
vt 0.670498 0.915033
vt 0.770115 0.921569
vt 0.670498 0.882353
vt 0.770115 0.888889
vt 0.670498 0.908497
vt 0.770115 0.915033
vt 0.670498 0.954248
vt 0.770115 0.960784
vt 0.670498 0.901961
vt 0.770115 0.908497
vt 0.670498 0.875817
vt 0.770115 0.882353
vt 0.770115 0.954248
vt 0.770115 0.875817
vt 0.770115 0.934641
vt 0.770115 0.901961
vt 0.769834 0.862660
vt 0.850676 0.876239
vt 0.850676 0.862660
vt 0.769834 0.876238
vt 0.850676 0.862660
vt 0.769834 0.862660
vt 0.769834 0.882501
vt 0.850676 0.876239
vt 0.769834 0.876238
vt 0.850676 0.882501
vt 0.769834 0.888726
vt 0.850676 0.882501
vt 0.769834 0.888726
vt 0.769834 0.882501
vt 0.769834 0.876239
vt 0.850676 0.862660
vt 0.769834 0.862660
vt 0.769834 0.876239
vt 0.850676 0.862660
vt 0.769834 0.862660
vt 0.769834 0.882501
vt 0.850676 0.876239
vt 0.769834 0.882501
vt 0.850676 0.876239
vt 0.769834 0.888726
vt 0.850676 0.882501
vt 0.769834 0.888726
vt 0.850676 0.882501
vt 0.769834 0.876239
vt 0.850676 0.862660
vt 0.769834 0.862660
vt 0.769834 0.876239
vt 0.850676 0.862660
vt 0.769834 0.862660
vt 0.769834 0.882501
vt 0.850676 0.876239
vt 0.850676 0.882501
vt 0.850676 0.876239
vt 0.769834 0.888726
vt 0.850676 0.882501
vt 0.769834 0.888726
vt 0.769834 0.882501
vt 0.769834 0.876239
vt 0.850676 0.862660
vt 0.769834 0.862660
vt 0.769834 0.876239
vt 0.850676 0.862660
vt 0.769834 0.862660
vt 0.850676 0.882501
vt 0.850676 0.876239
vt 0.769834 0.882501
vt 0.850676 0.876239
vt 0.769834 0.888726
vt 0.769834 0.882501
vt 0.769834 0.888726
vt 0.850677 0.882501
vt 0.769834 0.876239
vt 0.850677 0.862660
vt 0.769834 0.862660
vt 0.769834 0.876238
vt 0.850677 0.862660
vt 0.769834 0.862660
vt 0.769834 0.882501
vt 0.850677 0.876239
vt 0.850677 0.882501
vt 0.850677 0.876239
vt 0.769834 0.888726
vt 0.850676 0.882501
vt 0.769834 0.882501
vt 0.850677 0.888726
vt 0.769834 0.876239
vt 0.850676 0.862660
vt 0.769834 0.862660
vt 0.769834 0.876239
vt 0.850677 0.862660
vt 0.769834 0.862660
vt 0.769834 0.882501
vt 0.850677 0.876239
vt 0.850676 0.882501
vt 0.850676 0.876239
vt 0.769834 0.888726
vt 0.850676 0.882501
vt 0.769834 0.888726
vt 0.769834 0.882501
vt 0.769834 0.876239
vt 0.850676 0.862660
vt 0.769834 0.862660
vt 0.769834 0.876239
vt 0.850676 0.862660
vt 0.769834 0.862660
vt 0.769834 0.882501
vt 0.850676 0.876239
vt 0.850676 0.882501
vt 0.850676 0.876239
vt 0.769834 0.888726
vt 0.850676 0.882501
vt 0.769834 0.888726
vt 0.769834 0.882501
vt 0.769834 0.876239
vt 0.850676 0.862660
vt 0.769834 0.862660
vt 0.769834 0.876239
vt 0.850677 0.862660
vt 0.769834 0.862660
vt 0.769834 0.882501
vt 0.850677 0.876239
vt 0.850676 0.882501
vt 0.850676 0.876239
vt 0.769834 0.888726
vt 0.850677 0.882501
vt 0.769834 0.882501
vt 0.850676 0.888726
vt 0.769834 0.862660
vt 0.850676 0.876239
vt 0.850676 0.862660
vt 0.769834 0.862660
vt 0.850676 0.876239
vt 0.850676 0.862660
vt 0.769834 0.882501
vt 0.769834 0.876239
vt 0.769834 0.876239
vt 0.850676 0.882501
vt 0.769834 0.888726
vt 0.850676 0.882501
vt 0.769834 0.888726
vt 0.769834 0.882501
vt 0.769834 0.862660
vt 0.850676 0.876239
vt 0.850676 0.862660
vt 0.769834 0.862660
vt 0.850676 0.876239
vt 0.850676 0.862660
vt 0.769834 0.882501
vt 0.769834 0.876239
vt 0.769834 0.876239
vt 0.850676 0.882501
vt 0.850676 0.888726
vt 0.850676 0.882501
vt 0.769834 0.888726
vt 0.769834 0.882501
vt 0.769834 0.862660
vt 0.850676 0.876239
vt 0.850676 0.862660
vt 0.769834 0.876238
vt 0.850676 0.862660
vt 0.769834 0.862660
vt 0.769834 0.882501
vt 0.850676 0.876239
vt 0.769834 0.882501
vt 0.769834 0.876239
vt 0.850676 0.888726
vt 0.850676 0.882501
vt 0.769834 0.888726
vt 0.850676 0.882501
vt 0.769834 0.876239
vt 0.850676 0.862660
vt 0.769834 0.862660
vt 0.769834 0.876239
vt 0.850676 0.862660
vt 0.769834 0.862660
vt 0.769834 0.882501
vt 0.850676 0.876239
vt 0.850676 0.882501
vt 0.850676 0.876239
vt 0.769834 0.888726
vt 0.850676 0.882501
vt 0.769834 0.882501
vt 0.850676 0.888726
vt 0.769834 0.862660
vt 0.850676 0.876239
vt 0.850676 0.862660
vt 0.769834 0.876239
vt 0.850676 0.862660
vt 0.769834 0.862660
vt 0.769834 0.882501
vt 0.850676 0.876239
vt 0.769834 0.882501
vt 0.769834 0.876239
vt 0.850676 0.888726
vt 0.850676 0.882501
vt 0.769834 0.888726
vt 0.850676 0.882501
vt 0.769834 0.876239
vt 0.850676 0.862660
vt 0.769834 0.862660
vt 0.769834 0.876239
vt 0.850676 0.862660
vt 0.769834 0.862660
vt 0.769834 0.882501
vt 0.850676 0.876239
vt 0.850676 0.882501
vt 0.850676 0.876239
vt 0.850676 0.888726
vt 0.850676 0.882501
vt 0.769834 0.888726
vt 0.769834 0.882501
vt 0.769834 0.876239
vt 0.850676 0.862660
vt 0.769834 0.862660
vt 0.769834 0.876239
vt 0.850677 0.862660
vt 0.769834 0.862660
vt 0.850676 0.882501
vt 0.850677 0.876239
vt 0.769834 0.882501
vt 0.850676 0.876239
vt 0.769834 0.882501
vt 0.850676 0.888726
vt 0.769834 0.888726
vt 0.850676 0.882501
vt 0.769834 0.862660
vt 0.850677 0.876239
vt 0.850677 0.862660
vt 0.769834 0.862660
vt 0.850677 0.876239
vt 0.850677 0.862660
vt 0.769834 0.882501
vt 0.769834 0.876239
vt 0.769834 0.876239
vt 0.850677 0.882501
vt 0.769834 0.888726
vt 0.850677 0.882501
vt 0.769834 0.888726
vt 0.769834 0.882501
vt 0.850676 0.862660
vt 0.850676 0.888727
vt 0.850676 0.888726
vt 0.850676 0.888726
vt 0.850676 0.888726
vt 0.850676 0.888726
vt 0.850676 0.888726
vt 0.850676 0.862660
vt 0.850676 0.876239
vt 0.850676 0.888726
vt 0.850676 0.888726
vt 0.850677 0.862660
vt 0.850677 0.876239
vt 0.850677 0.882501
vt 0.850676 0.876239
vt 0.850676 0.888726
vt 0.850676 0.888726
vt 0.850676 0.876239
vt 0.850676 0.888726
vt 0.850676 0.888726
vt 0.850676 0.862660
vt 0.850677 0.876239
vt 0.850677 0.888726
vt 0.850676 0.888726
vt 0.850676 0.876239
vt 0.850676 0.888727
vt 0.850676 0.888726
vt 0.850676 0.876239
vt 0.850676 0.862660
vt 0.850676 0.882501
vt 0.850676 0.888726
vt 0.850676 0.862660
vt 0.850676 0.862660
vt 0.850676 0.882501
vt 0.850676 0.888726
vt 0.850676 0.862660
vt 0.850676 0.876239
vt 0.850676 0.888726
vt 0.850676 0.862660
vt 0.850676 0.876239
vt 0.850676 0.888726
vt 0.850676 0.888726
vt 0.850676 0.876239
vt 0.850676 0.888726
vt 0.850676 0.888726
vt 0.850677 0.862660
vt 0.850676 0.888726
vt 0.850676 0.888726
vt 0.850677 0.888727
vt 0.850677 0.888727
vt 0.770115 0.862745
vt 0.850676 0.888727
vt 0.850676 0.888726
vt 0.850676 0.888726
vt 0.850676 0.888726
vt 0.850676 0.888726
vt 0.850676 0.888726
vt 0.850676 0.888726
vt 0.850676 0.888726
vt 0.850676 0.888727
vt 0.769834 0.888726
vt 0.850676 0.888726
vt 0.850676 0.888726
vt 0.850676 0.888726
vt 0.850676 0.888726
vt 0.850677 0.888726
vt 0.769834 0.888726
vt 0.850676 0.888727
vt 0.850676 0.888726
vt 0.769834 0.888726
vt 0.850676 0.888726
vt 0.769834 0.888726
vt 0.850676 0.888726
vt 0.850676 0.888726
vt 0.769834 0.888727
vt 0.769834 0.888726
vt 0.850676 0.888726
vt 0.769834 0.888726
vt 0.850676 0.888726
vt 0.769834 0.888726
vt 0.850676 0.888726
vt 0.850677 0.888727
vt 0.850677 0.888727
vn 0.0000 0.4472 0.8944
vn 0.0000 -0.4472 0.8944
vn 0.4472 -0.0000 0.8944
vn -0.4472 0.0000 0.8944
vn 0.3162 0.3162 0.8944
vn -0.3162 -0.3162 0.8944
vn 0.3162 -0.3162 0.8944
vn -0.3162 0.3162 0.8944
vn 0.1711 0.4132 0.8944
vn -0.1711 -0.4132 0.8944
vn 0.4132 -0.1711 0.8944
vn -0.4132 0.1711 0.8944
vn 0.4132 0.1711 0.8944
vn -0.4132 -0.1711 0.8944
vn 0.1711 -0.4132 0.8944
vn -0.1711 0.4132 0.8944
vn 0.0872 0.4386 0.8944
vn -0.0872 -0.4386 0.8944
vn 0.4386 -0.0872 0.8944
vn -0.4386 0.0872 0.8944
vn 0.3718 0.2485 0.8944
vn -0.3718 -0.2485 0.8944
vn 0.2485 -0.3718 0.8944
vn -0.2485 0.3718 0.8944
vn 0.2485 0.3718 0.8944
vn -0.2485 -0.3718 0.8944
vn 0.3718 -0.2485 0.8944
vn -0.3718 0.2485 0.8944
vn 0.4386 0.0872 0.8944
vn -0.4386 -0.0872 0.8944
vn 0.0872 -0.4386 0.8944
vn -0.0872 0.4386 0.8944
vn 0.0000 -0.7071 -0.7071
vn 0.0000 0.7071 -0.7071
vn -0.7071 0.0000 -0.7071
vn 0.7071 -0.0000 -0.7071
vn -0.5000 -0.5000 -0.7071
vn 0.5000 0.5000 -0.7071
vn -0.5000 0.5000 -0.7071
vn 0.5000 -0.5000 -0.7071
vn -0.2706 -0.6533 -0.7071
vn 0.2706 0.6533 -0.7071
vn -0.6533 0.2706 -0.7071
vn 0.6533 -0.2706 -0.7071
vn -0.6533 -0.2706 -0.7071
vn 0.6533 0.2706 -0.7071
vn -0.2706 0.6533 -0.7071
vn 0.2706 -0.6533 -0.7071
vn -0.1379 -0.6935 -0.7071
vn 0.1379 0.6935 -0.7071
vn -0.6935 0.1379 -0.7071
vn 0.6935 -0.1379 -0.7071
vn -0.5879 -0.3928 -0.7071
vn 0.5879 0.3928 -0.7071
vn -0.3928 0.5879 -0.7071
vn 0.3928 -0.5879 -0.7071
vn -0.3928 -0.5879 -0.7071
vn 0.3928 0.5879 -0.7071
vn -0.5879 0.3928 -0.7071
vn 0.5879 -0.3928 -0.7071
vn -0.6935 -0.1379 -0.7071
vn 0.6935 0.1379 -0.7071
vn -0.1380 0.6935 -0.7071
vn 0.1379 -0.6935 -0.7071
vn 0.0000 0.0000 -1.0000
vn 0.1380 0.6935 -0.7071
vn 0.6935 -0.1380 -0.7071
vn -0.1379 0.6935 -0.7071
vn 0.0000 -0.8944 0.4472
vn 0.0000 -0.8112 0.5847
vn 0.0000 0.8944 0.4472
vn 0.0000 0.8112 0.5847
vn 0.0000 0.5847 0.8112
vn 0.0000 -0.5847 0.8112
vn -0.8944 0.0000 0.4472
vn -0.8112 0.0000 0.5847
vn 0.8944 0.0000 0.4472
vn 0.8112 0.0000 0.5847
vn 0.5847 0.0000 0.8112
vn -0.5847 0.0000 0.8112
vn -0.6324 -0.6324 0.4472
vn -0.5736 -0.5736 0.5847
vn 0.6324 0.6324 0.4472
vn 0.5736 0.5736 0.5847
vn 0.4134 0.4134 0.8112
vn -0.4134 -0.4134 0.8112
vn -0.6324 0.6324 0.4472
vn -0.5736 0.5736 0.5847
vn 0.6324 -0.6324 0.4472
vn 0.5736 -0.5736 0.5847
vn 0.4134 -0.4134 0.8112
vn -0.4134 0.4134 0.8112
vn -0.3423 -0.8263 0.4472
vn -0.3104 -0.7495 0.5847
vn 0.3423 0.8263 0.4472
vn 0.3104 0.7495 0.5847
vn 0.2237 0.5402 0.8112
vn -0.2237 -0.5402 0.8112
vn -0.8263 0.3423 0.4472
vn -0.7495 0.3104 0.5847
vn 0.8263 -0.3423 0.4472
vn 0.7495 -0.3104 0.5847
vn 0.5402 -0.2237 0.8112
vn -0.5402 0.2237 0.8112
vn -0.8263 -0.3423 0.4472
vn -0.7495 -0.3104 0.5847
vn 0.8263 0.3423 0.4472
vn 0.7495 0.3104 0.5847
vn 0.5402 0.2237 0.8112
vn -0.5402 -0.2237 0.8112
vn -0.3423 0.8263 0.4472
vn -0.3104 0.7495 0.5847
vn 0.3423 -0.8263 0.4472
vn 0.3104 -0.7495 0.5847
vn 0.2237 -0.5402 0.8112
vn -0.2237 0.5402 0.8112
vn -0.1745 -0.8772 0.4472
vn -0.1582 -0.7956 0.5847
vn 0.1745 0.8772 0.4472
vn 0.1582 0.7956 0.5847
vn 0.1140 0.5735 0.8112
vn -0.1140 -0.5735 0.8112
vn -0.8772 0.1745 0.4472
vn -0.7956 0.1582 0.5847
vn 0.8772 -0.1745 0.4472
vn 0.7956 -0.1582 0.5847
vn 0.5735 -0.1140 0.8112
vn -0.5735 0.1140 0.8112
vn -0.7437 -0.4969 0.4472
vn -0.6745 -0.4507 0.5847
vn 0.7437 0.4969 0.4472
vn 0.6745 0.4507 0.5847
vn 0.4862 0.3248 0.8112
vn -0.4862 -0.3248 0.8112
vn -0.4969 0.7437 0.4472
vn -0.4507 0.6745 0.5847
vn 0.4969 -0.7437 0.4472
vn 0.4507 -0.6745 0.5847
vn 0.3248 -0.4862 0.8112
vn -0.3248 0.4862 0.8112
vn -0.4969 -0.7437 0.4472
vn -0.4507 -0.6745 0.5847
vn 0.4969 0.7437 0.4472
vn 0.4507 0.6745 0.5847
vn 0.3248 0.4862 0.8112
vn -0.3248 -0.4862 0.8112
vn -0.7437 0.4969 0.4472
vn -0.6745 0.4507 0.5847
vn 0.7437 -0.4969 0.4472
vn 0.6745 -0.4507 0.5847
vn 0.4862 -0.3248 0.8112
vn -0.4862 0.3248 0.8112
vn -0.8772 -0.1745 0.4472
vn -0.7956 -0.1582 0.5847
vn 0.8772 0.1745 0.4472
vn 0.7956 0.1582 0.5847
vn 0.5735 0.1140 0.8112
vn -0.5735 -0.1140 0.8112
vn -0.1745 0.8772 0.4472
vn -0.1582 0.7956 0.5847
vn 0.1745 -0.8772 0.4472
vn 0.1582 -0.7956 0.5847
vn 0.1140 -0.5735 0.8112
vn -0.1140 0.5735 0.8112
vn 0.8903 -0.3688 0.2670
vn 0.7711 0.0000 0.6366
vn 0.7124 -0.2951 0.6366
vn -0.8903 -0.3688 0.2670
vn -0.7711 0.0000 0.6366
vn -0.9637 0.0000 0.2670
vn 0.8903 0.3688 0.2670
vn 0.9637 0.0000 0.2670
vn -0.6814 -0.6814 0.2670
vn -0.7124 -0.2951 0.6366
vn 0.5453 0.5453 0.6366
vn 0.7124 0.2951 0.6366
vn -0.3688 -0.8903 0.2670
vn -0.5453 -0.5453 0.6366
vn 0.6814 0.6814 0.2670
vn 0.2951 0.7124 0.6366
vn 0.0000 -0.7711 0.6366
vn -0.2951 -0.7124 0.6366
vn 0.0000 0.9637 0.2670
vn -0.2951 0.7124 0.6366
vn 0.0000 0.7711 0.6366
vn 0.3688 0.8903 0.2670
vn 0.3688 -0.8903 0.2670
vn 0.0000 -0.9637 0.2670
vn -0.6814 0.6814 0.2670
vn -0.3688 0.8903 0.2670
vn 0.6814 -0.6814 0.2670
vn 0.2951 -0.7124 0.6366
vn -0.8903 0.3688 0.2670
vn -0.5453 0.5453 0.6366
vn 0.5453 -0.5453 0.6366
vn -0.7124 0.2951 0.6366
vn 0.0000 0.0000 1.0000
vn 0.7462 0.0000 -0.6657
vn -0.6894 -0.2855 -0.6657
vn 0.6894 0.2855 -0.6657
vn -0.5276 -0.5276 -0.6657
vn 0.5276 0.5276 -0.6657
vn -0.2855 -0.6894 -0.6657
vn 0.2855 0.6894 -0.6657
vn 0.0000 -0.7462 -0.6657
vn -0.2855 0.6894 -0.6657
vn 0.0000 0.7462 -0.6657
vn 0.2855 -0.6894 -0.6657
vn -0.5276 0.5276 -0.6657
vn 0.5276 -0.5276 -0.6657
vn -0.6894 0.2855 -0.6657
vn 0.6894 -0.2855 -0.6657
vn -0.7462 0.0000 -0.6657
vn 0.0000 -0.6571 -0.7537
vn 0.3827 -0.9239 0.0000
vn 0.2515 -0.6071 -0.7537
vn -0.6571 0.0000 -0.7537
vn -0.9239 -0.3827 0.0000
vn -0.6071 -0.2515 -0.7537
vn -0.2515 0.6071 -0.7537
vn -0.7071 0.7071 0.0000
vn -0.4646 0.4646 -0.7537
vn 0.6571 0.0000 -0.7537
vn 0.9239 0.3827 0.0000
vn 0.6071 0.2515 -0.7537
vn -0.2515 -0.6071 -0.7537
vn 0.0000 -1.0000 0.0000
vn -0.6071 0.2515 -0.7537
vn -1.0000 0.0000 0.0000
vn 0.0000 0.6571 -0.7537
vn -0.3827 0.9239 0.0000
vn 0.6071 -0.2515 -0.7537
vn 1.0000 0.0000 0.0000
vn 0.2515 0.6071 -0.7537
vn 0.0000 1.0000 0.0000
vn -0.4646 -0.4646 -0.7537
vn -0.3827 -0.9239 0.0000
vn 0.4646 0.4646 -0.7537
vn 0.3827 0.9239 0.0000
vn 0.4646 -0.4646 -0.7537
vn 0.9239 -0.3827 0.0000
vn -0.7071 -0.7071 0.0000
vn 0.7071 -0.7071 0.0000
vn -0.9239 0.3827 0.0000
vn 0.7071 0.7071 0.0000
vn 0.0000 0.8944 -0.4472
vn 0.0000 0.8112 -0.5847
vn 0.0000 -0.8112 -0.5847
vn 0.0000 -0.8944 -0.4472
vn 0.0000 -0.5847 -0.8112
vn 0.0000 0.5847 -0.8112
vn 0.0000 -0.4472 -0.8944
vn 0.0000 0.4472 -0.8944
vn 0.8112 0.0000 -0.5847
vn 0.8944 0.0000 -0.4472
vn -0.8112 0.0000 -0.5847
vn -0.8944 0.0000 -0.4472
vn -0.5847 0.0000 -0.8112
vn 0.5847 0.0000 -0.8112
vn -0.4472 0.0000 -0.8944
vn 0.4472 0.0000 -0.8944
vn 0.5736 0.5736 -0.5847
vn 0.6324 0.6324 -0.4472
vn -0.5736 -0.5736 -0.5847
vn -0.6324 -0.6324 -0.4472
vn -0.4134 -0.4134 -0.8112
vn 0.4134 0.4134 -0.8112
vn -0.3162 -0.3162 -0.8944
vn 0.3162 0.3162 -0.8944
vn 0.5736 -0.5736 -0.5847
vn 0.6324 -0.6324 -0.4472
vn -0.5736 0.5736 -0.5847
vn -0.6324 0.6324 -0.4472
vn -0.4134 0.4134 -0.8112
vn 0.4134 -0.4134 -0.8112
vn -0.3162 0.3162 -0.8944
vn 0.3162 -0.3162 -0.8944
vn 0.3104 0.7495 -0.5847
vn 0.3423 0.8263 -0.4472
vn -0.3104 -0.7495 -0.5847
vn -0.3423 -0.8263 -0.4472
vn -0.2237 -0.5402 -0.8112
vn 0.2237 0.5402 -0.8112
vn -0.1711 -0.4132 -0.8944
vn 0.1711 0.4132 -0.8944
vn 0.7495 -0.3104 -0.5847
vn 0.8263 -0.3423 -0.4472
vn -0.7495 0.3104 -0.5847
vn -0.8263 0.3423 -0.4472
vn -0.5402 0.2237 -0.8112
vn 0.5402 -0.2237 -0.8112
vn -0.4132 0.1711 -0.8944
vn 0.4132 -0.1711 -0.8944
vn 0.7495 0.3104 -0.5847
vn 0.8263 0.3423 -0.4472
vn -0.7495 -0.3104 -0.5847
vn -0.8263 -0.3423 -0.4472
vn -0.5402 -0.2237 -0.8112
vn 0.5402 0.2237 -0.8112
vn -0.4132 -0.1711 -0.8944
vn 0.4132 0.1711 -0.8944
vn 0.3104 -0.7495 -0.5847
vn 0.3423 -0.8263 -0.4472
vn -0.3104 0.7495 -0.5847
vn -0.3423 0.8263 -0.4472
vn -0.2237 0.5402 -0.8112
vn 0.2237 -0.5402 -0.8112
vn -0.1711 0.4132 -0.8944
vn 0.1711 -0.4132 -0.8944
vn 0.1745 0.8772 -0.4472
vn 0.1582 0.7956 -0.5847
vn -0.1745 -0.8772 -0.4472
vn -0.1582 -0.7956 -0.5847
vn -0.1140 -0.5735 -0.8112
vn 0.1140 0.5735 -0.8112
vn -0.0872 -0.4386 -0.8944
vn 0.0872 0.4386 -0.8944
vn 0.8772 -0.1745 -0.4472
vn 0.7956 -0.1582 -0.5847
vn -0.8772 0.1745 -0.4472
vn -0.7956 0.1582 -0.5847
vn -0.5735 0.1140 -0.8112
vn 0.5735 -0.1140 -0.8112
vn -0.4386 0.0872 -0.8944
vn 0.4386 -0.0872 -0.8944
vn 0.7437 0.4969 -0.4472
vn 0.6745 0.4507 -0.5847
vn -0.6745 -0.4507 -0.5847
vn -0.7437 -0.4969 -0.4472
vn -0.4862 -0.3248 -0.8112
vn 0.4862 0.3248 -0.8112
vn -0.3718 -0.2485 -0.8944
vn 0.3718 0.2485 -0.8944
vn 0.4507 -0.6745 -0.5847
vn 0.4969 -0.7437 -0.4472
vn -0.4507 0.6745 -0.5847
vn -0.4969 0.7437 -0.4472
vn -0.3248 0.4862 -0.8112
vn 0.3248 -0.4862 -0.8112
vn -0.2485 0.3718 -0.8944
vn 0.2485 -0.3718 -0.8944
vn 0.4969 0.7437 -0.4472
vn 0.4507 0.6745 -0.5847
vn -0.4507 -0.6745 -0.5847
vn -0.4969 -0.7437 -0.4472
vn -0.3248 -0.4862 -0.8112
vn 0.3248 0.4862 -0.8112
vn -0.2485 -0.3718 -0.8944
vn 0.2485 0.3718 -0.8944
vn 0.6745 -0.4507 -0.5847
vn 0.7437 -0.4969 -0.4472
vn -0.6745 0.4507 -0.5847
vn -0.7437 0.4969 -0.4472
vn -0.4862 0.3248 -0.8112
vn 0.4862 -0.3248 -0.8112
vn -0.3718 0.2485 -0.8944
vn 0.3718 -0.2485 -0.8944
vn 0.7956 0.1582 -0.5847
vn 0.8772 0.1745 -0.4472
vn -0.7956 -0.1582 -0.5847
vn -0.8772 -0.1745 -0.4472
vn -0.5735 -0.1140 -0.8112
vn 0.5735 0.1140 -0.8112
vn -0.4386 -0.0872 -0.8944
vn 0.4386 0.0872 -0.8944
vn 0.1745 -0.8772 -0.4472
vn 0.1582 -0.7956 -0.5847
vn -0.1745 0.8772 -0.4472
vn -0.1582 0.7956 -0.5847
vn -0.1140 0.5735 -0.8112
vn 0.1140 -0.5735 -0.8112
vn -0.0872 0.4386 -0.8944
vn 0.0872 -0.4386 -0.8944
v 0.000000 2.375000 -3.000000
v -0.334848 2.308394 -3.000000
v -0.618719 2.118719 -3.000000
v -0.808395 1.834848 -3.000000
v -0.875000 1.500000 -3.000000
v -0.808395 1.165152 -3.000000
v -0.618719 0.881282 -3.000000
v -0.334848 0.691606 -3.000000
v -0.000000 0.625000 -3.000000
v 0.334847 0.691606 -3.000000
v 0.618718 0.881281 -3.000000
v 0.808394 1.165152 -3.000000
v 0.875000 1.500000 -3.000000
v 0.808394 1.834848 -3.000000
v 0.618718 2.118719 -3.000000
v 0.334847 2.308395 -3.000000
v -0.000000 2.500000 -2.500000
v -0.382684 2.423880 -2.500000
v -0.707107 2.207107 -2.500000
v -0.923880 1.882684 -2.500000
v -1.000000 1.500000 -2.500000
v -0.923880 1.117317 -2.500000
v -0.707107 0.792893 -2.500000
v -0.382684 0.576121 -2.500000
v -0.000000 0.500000 -2.500000
v 0.382683 0.576120 -2.500000
v 0.707106 0.792893 -2.500000
v 0.923879 1.117316 -2.500000
v 1.000000 1.500000 -2.500000
v 0.923879 1.882684 -2.500000
v 0.707106 2.207107 -2.500000
v 0.382683 2.423880 -2.500000
v -0.125000 2.437500 -1.250000
v 0.125000 2.437500 -1.250000
v -0.125000 2.687500 -2.250000
v 0.125000 2.687500 -2.250000
v -0.125000 2.437500 -2.250000
v 0.125000 2.437500 -2.250000
v 0.093750 2.656250 -2.250000
v -0.093750 2.656250 -2.250000
v 0.093750 2.500000 -2.250000
v -0.093750 2.500000 -2.250000
v 0.093750 2.593750 -2.000000
v -0.093750 2.593750 -2.000000
v 0.093750 2.500000 -2.000000
v -0.093750 2.500000 -2.000000
v 0.093750 0.500000 -2.000000
v -0.093750 0.500000 -2.000000
v 0.093750 0.406250 -2.000000
v -0.093750 0.406250 -2.000000
v 0.093750 0.500000 -2.250000
v -0.093750 0.500000 -2.250000
v 0.093750 0.343750 -2.250000
v -0.093750 0.343750 -2.250000
v -0.125000 0.562500 -2.250000
v 0.125000 0.562500 -2.250000
v -0.125000 0.312500 -2.250000
v 0.125000 0.312500 -2.250000
v -0.125000 0.562500 -1.250000
v 0.125000 0.562500 -1.250000
v 0.937500 1.625000 -1.250000
v 0.937500 1.375000 -1.250000
v 1.187500 1.625000 -2.250000
v 1.187500 1.375000 -2.250000
v 0.937500 1.625000 -2.250000
v 0.937500 1.375000 -2.250000
v 1.156250 1.406250 -2.250000
v 1.156250 1.593750 -2.250000
v 1.000000 1.406250 -2.250000
v 1.000000 1.593750 -2.250000
v 1.093750 1.406250 -2.000000
v 1.093750 1.593750 -2.000000
v 1.000000 1.406250 -2.000000
v 1.000000 1.593750 -2.000000
v -1.000000 1.406250 -2.000000
v -1.000000 1.593750 -2.000000
v -1.093750 1.406250 -2.000000
v -1.093750 1.593750 -2.000000
v -1.000000 1.406250 -2.250000
v -1.000000 1.593750 -2.250000
v -1.156250 1.406250 -2.250000
v -1.156250 1.593750 -2.250000
v -0.937500 1.625000 -2.250000
v -0.937500 1.375000 -2.250000
v -1.187500 1.625000 -2.250000
v -1.187500 1.375000 -2.250000
v -0.937500 1.625000 -1.250000
v -0.937500 1.375000 -1.250000
v 0.574524 2.251301 -1.250000
v 0.751301 2.074524 -1.250000
v 0.751301 2.428078 -2.250000
v 0.928078 2.251301 -2.250000
v 0.574524 2.251301 -2.250000
v 0.751301 2.074524 -2.250000
v 0.883883 2.251301 -2.250000
v 0.751301 2.383883 -2.250000
v 0.773398 2.140815 -2.250000
v 0.640815 2.273398 -2.250000
v 0.839689 2.207107 -2.000000
v 0.707107 2.339689 -2.000000
v 0.773398 2.140815 -2.000000
v 0.640815 2.273398 -2.000000
v -0.640815 0.726602 -2.000000
v -0.773398 0.859185 -2.000000
v -0.707107 0.660311 -2.000000
v -0.839689 0.792894 -2.000000
v -0.640815 0.726602 -2.250000
v -0.773398 0.859185 -2.250000
v -0.751301 0.616117 -2.250000
v -0.883883 0.748699 -2.250000
v -0.751301 0.925476 -2.250000
v -0.574524 0.748699 -2.250000
v -0.928078 0.748699 -2.250000
v -0.751301 0.571923 -2.250000
v -0.751301 0.925476 -1.250000
v -0.574524 0.748699 -1.250000
v 0.751301 0.925476 -1.250000
v 0.574524 0.748699 -1.250000
v 0.928078 0.748699 -2.250000
v 0.751301 0.571923 -2.250000
v 0.751301 0.925476 -2.250000
v 0.574524 0.748699 -2.250000
v 0.751301 0.616117 -2.250000
v 0.883883 0.748699 -2.250000
v 0.640816 0.726602 -2.250000
v 0.773398 0.859185 -2.250000
v 0.707107 0.660311 -2.000000
v 0.839689 0.792894 -2.000000
v 0.640816 0.726602 -2.000000
v 0.773398 0.859185 -2.000000
v -0.773398 2.140816 -2.000000
v -0.640816 2.273398 -2.000000
v -0.839689 2.207107 -2.000000
v -0.707107 2.339689 -2.000000
v -0.773398 2.140816 -2.250000
v -0.640816 2.273398 -2.250000
v -0.883883 2.251301 -2.250000
v -0.751301 2.383884 -2.250000
v -0.574524 2.251301 -2.250000
v -0.751301 2.074524 -2.250000
v -0.751301 2.428078 -2.250000
v -0.928078 2.251301 -2.250000
v -0.574524 2.251301 -1.250000
v -0.751301 2.074524 -1.250000
vt 0.400000 0.250000
vt 0.250000 0.208333
vt 0.400000 0.208333
vt 0.200000 0.000000
vt 0.350000 0.010417
vt 0.250000 0.010417
vt 0.200000 0.208333
vt 0.400000 0.041667
vt 0.400000 0.208333
vt 0.400000 0.000000
vt 0.200000 0.041667
vt 0.000000 0.041667
vt 0.600000 0.041667
vt 0.600000 0.250000
vt 0.400000 0.270833
vt 0.350000 0.031250
vt 0.250000 0.031250
vt 0.250000 0.270833
vt 0.250000 0.312500
vt 0.400000 0.312500
vt 0.050000 0.250000
vt 0.050000 0.281250
vt 0.050000 0.250000
vt 0.250000 0.270833
vt 0.050000 0.281250
vt 0.250000 0.312500
vt 0.400000 0.270833
vt 0.400000 0.312500
vt 0.400000 0.250000
vt 0.200000 0.041667
vt 0.250000 0.010417
vt 0.250000 0.031250
vt 0.350000 0.031250
vt 0.400000 0.041667
vt 0.600000 0.250000
vt 0.600000 0.041667
vt 0.400000 0.208333
vt 0.200000 0.208333
vt 0.000000 0.041667
vt 0.350000 0.010417
vt 0.400000 0.000000
vt 0.200000 0.000000
vt 0.250000 0.208333
vt 0.400000 0.208333
vt 0.400000 0.250000
vt 0.250000 0.208333
vt 0.400000 0.208333
vt 0.200000 0.000000
vt 0.350000 0.010417
vt 0.250000 0.010417
vt 0.200000 0.208333
vt 0.400000 0.041667
vt 0.400000 0.208333
vt 0.400000 0.000000
vt 0.200000 0.041667
vt 0.000000 0.041667
vt 0.600000 0.041667
vt 0.600000 0.250000
vt 0.400000 0.270833
vt 0.350000 0.031250
vt 0.250000 0.031250
vt 0.250000 0.270833
vt 0.250000 0.312500
vt 0.400000 0.312500
vt 0.050000 0.250000
vt 0.050000 0.281250
vt 0.050000 0.250000
vt 0.250000 0.270833
vt 0.050000 0.281250
vt 0.250000 0.312500
vt 0.400000 0.270833
vt 0.400000 0.312500
vt 0.400000 0.250000
vt 0.200000 0.041667
vt 0.250000 0.010417
vt 0.250000 0.031250
vt 0.350000 0.031250
vt 0.400000 0.041667
vt 0.600000 0.250000
vt 0.600000 0.041667
vt 0.400000 0.208333
vt 0.200000 0.208333
vt 0.000000 0.041667
vt 0.350000 0.010417
vt 0.400000 0.000000
vt 0.200000 0.000000
vt 0.250000 0.208333
vt 0.400000 0.208333
vt 0.400000 0.250000
vt 0.250000 0.208333
vt 0.400000 0.208333
vt 0.200000 0.000000
vt 0.350000 0.010417
vt 0.250000 0.010417
vt 0.200000 0.208333
vt 0.400000 0.041667
vt 0.400000 0.208333
vt 0.400000 0.000000
vt 0.200000 0.041667
vt 0.000000 0.041667
vt 0.600000 0.041667
vt 0.600000 0.250000
vt 0.400000 0.270833
vt 0.250000 0.031250
vt 0.350000 0.031250
vt 0.250000 0.250000
vt 0.250000 0.312500
vt 0.400000 0.312500
vt 0.050000 0.250000
vt 0.250000 0.270833
vt 0.050000 0.281250
vt 0.050000 0.250000
vt 0.250000 0.270833
vt 0.050000 0.281250
vt 0.250000 0.312500
vt 0.400000 0.270833
vt 0.400000 0.312500
vt 0.250000 0.250000
vt 0.400000 0.250000
vt 0.200000 0.041667
vt 0.250000 0.010417
vt 0.250000 0.031250
vt 0.400000 0.041667
vt 0.350000 0.031250
vt 0.600000 0.250000
vt 0.600000 0.041667
vt 0.400000 0.208333
vt 0.200000 0.208333
vt 0.000000 0.041667
vt 0.350000 0.010417
vt 0.400000 0.000000
vt 0.200000 0.000000
vt 0.250000 0.208333
vt 0.400000 0.208333
vt 0.400000 0.250000
vt 0.250000 0.208333
vt 0.400000 0.208333
vt 0.200000 0.000000
vt 0.350000 0.010417
vt 0.250000 0.010417
vt 0.200000 0.208333
vt 0.400000 0.041667
vt 0.400000 0.208333
vt 0.400000 0.000000
vt 0.200000 0.041667
vt 0.000000 0.041667
vt 0.600000 0.041667
vt 0.600000 0.250000
vt 0.400000 0.270833
vt 0.350000 0.031250
vt 0.250000 0.031250
vt 0.250000 0.250000
vt 0.250000 0.312500
vt 0.400000 0.312500
vt 0.050000 0.250000
vt 0.250000 0.270833
vt 0.050000 0.281250
vt 0.050000 0.250000
vt 0.250000 0.270833
vt 0.050000 0.281250
vt 0.250000 0.312500
vt 0.400000 0.270833
vt 0.400000 0.312500
vt 0.250000 0.250000
vt 0.400000 0.250000
vt 0.200000 0.041667
vt 0.250000 0.010417
vt 0.250000 0.031250
vt 0.350000 0.031250
vt 0.400000 0.041667
vt 0.600000 0.250000
vt 0.600000 0.041667
vt 0.400000 0.208333
vt 0.200000 0.208333
vt 0.000000 0.041667
vt 0.350000 0.010417
vt 0.400000 0.000000
vt 0.200000 0.000000
vt 0.250000 0.208333
vt 0.400000 0.208333
vt 0.250000 0.250000
vt 0.600000 0.281250
vt 0.250000 0.250000
vt 0.600000 0.281250
vt 0.250000 0.250000
vt 0.600000 0.281250
vt 0.250000 0.250000
vt 0.600000 0.281250
vt 0.600000 0.281250
vt 0.600000 0.281250
vt 0.600000 0.281250
vt 0.600000 0.281250
vt 1.000000 0.500000
vt 0.600000 0.437500
vt 1.000000 0.437500
vt 1.000000 0.562500
vt 0.600000 0.500000
vt 1.000000 0.625000
vt 0.600000 0.562500
vt 1.000000 0.687500
vt 0.600000 0.625000
vt 0.600000 0.750000
vt 0.600000 0.687500
vt 1.000000 0.750000
vt 0.600000 0.812500
vt 1.000000 0.875000
vt 1.000000 0.812500
vt 0.600000 0.937500
vt 0.600000 0.875000
vt 1.000000 1.000000
vt 1.000000 0.937500
vt 1.000000 0.000000
vt 0.600000 0.062500
vt 0.600000 0.000000
vt 1.000000 0.062500
vt 0.600000 0.125000
vt 1.000000 0.125000
vt 0.600000 0.187500
vt 1.000000 0.187500
vt 0.600000 0.250000
vt 1.000000 0.312500
vt 1.000000 0.250000
vt 1.000000 0.375000
vt 0.600000 0.312500
vt 0.600000 0.375000
vt 0.600000 1.000000
vn 0.0000 1.0000 0.0000
vn 0.0000 0.0000 -1.0000
vn 0.0000 0.9701 0.2425
vn 1.0000 0.0000 0.0000
vn -1.0000 0.0000 0.0000
vn 0.0000 -0.9701 -0.2425
vn 0.0000 0.9701 -0.2425
vn 0.0000 -0.9701 0.2425
vn 0.0000 -1.0000 0.0000
vn 0.9701 0.0000 0.2425
vn -0.9701 0.0000 -0.2425
vn 0.9701 0.0000 -0.2425
vn -0.9701 0.0000 0.2425
vn 0.7071 0.7071 0.0000
vn 0.6860 0.6860 0.2425
vn 0.7071 -0.7071 0.0000
vn -0.7071 0.7071 0.0000
vn -0.6860 -0.6860 -0.2425
vn 0.6860 0.6860 -0.2425
vn -0.6860 -0.6860 0.2425
vn -0.7071 -0.7071 0.0000
vn 0.6860 -0.6860 0.2425
vn -0.6860 0.6860 -0.2425
vn 0.6860 -0.6860 -0.2425
vn -0.6860 0.6860 0.2425
vn 0.3712 0.8963 -0.2425
vn -0.3712 0.8963 -0.2425
vn -0.8963 0.3712 -0.2425
vn -0.8963 0.3713 -0.2425
vn -0.8963 -0.3712 -0.2425
vn -0.3713 -0.8963 -0.2425
vn 0.3712 -0.8963 -0.2425
vn 0.8963 -0.3713 -0.2425
vn 0.8963 -0.3712 -0.2425
vn 0.8963 0.3713 -0.2425
vn 0.8963 0.3712 -0.2425
v 0.000000 3.000000 3.125000
v -0.574025 2.885819 3.125000
v -1.060660 2.560660 3.125000
v -1.385819 2.074025 3.125000
v -1.500000 1.500000 3.125000
v -1.385819 0.925975 3.125000
v -1.060660 0.439340 3.125000
v -0.574025 0.114181 3.125000
v 0.000000 0.000000 3.125000
v 0.574025 0.114181 3.125000
v 1.060660 0.439340 3.125000
v 1.385819 0.925975 3.125000
v 1.500000 1.500000 3.125000
v 1.385819 2.074025 3.125000
v 1.060659 2.560660 3.125000
v 0.574024 2.885819 3.125000
v 0.000000 2.937500 3.125000
v -0.550107 2.828077 3.125000
v -1.016466 2.516467 3.125000
v -1.328077 2.050108 3.125000
v -1.437500 1.500000 3.125000
v -1.328077 0.949893 3.125000
v -1.016466 0.483534 3.125000
v -0.550108 0.171924 3.125000
v -0.000000 0.062500 3.125000
v 0.550107 0.171924 3.125000
v 1.016465 0.483534 3.125000
v 1.328076 0.949893 3.125000
v 1.437500 1.500000 3.125000
v 1.328076 2.050108 3.125000
v 1.016465 2.516467 3.125000
v 0.550107 2.828077 3.125000
v 0.526189 2.770334 3.062500
v 0.972271 2.472272 3.062500
v 1.270334 2.026190 3.062500
v 1.375000 1.500000 3.062500
v 1.270334 0.973810 3.062500
v 0.972271 0.527728 3.062500
v 0.526189 0.229665 3.062500
v -0.000000 0.125000 3.062500
v -0.526190 0.229665 3.062500
v -0.972272 0.527728 3.062500
v -1.270334 0.973810 3.062500
v -1.375000 1.500000 3.062500
v -1.270334 2.026189 3.062500
v -0.972272 2.472271 3.062500
v -0.526190 2.770334 3.062500
v 0.000000 2.875000 3.062500
v 0.000000 3.000000 1.125000
v -0.574025 2.885819 1.125000
v -1.060660 2.560660 1.125000
v -1.385819 2.074025 1.125000
v -1.500000 1.500000 1.125000
v -1.385819 0.925975 1.125000
v -1.060660 0.439340 1.125000
v -0.574025 0.114181 1.125000
v 0.000000 0.000000 1.125000
v 0.574025 0.114181 1.125000
v 1.060660 0.439340 1.125000
v 1.385819 0.925975 1.125000
v 1.500000 1.500000 1.125000
v 1.385819 2.074025 1.125000
v 1.060659 2.560660 1.125000
v 0.574024 2.885819 1.125000
v 0.000000 3.000000 2.875000
v -0.574025 2.885819 2.875000
v -1.060660 2.560660 2.875000
v -1.385819 2.074025 2.875000
v -1.500000 1.500000 2.875000
v -1.385819 0.925975 2.875000
v -1.060660 0.439340 2.875000
v -0.574025 0.114181 2.875000
v 0.000000 0.000000 2.875000
v 0.574025 0.114181 2.875000
v 1.060660 0.439340 2.875000
v 1.385819 0.925975 2.875000
v 1.500000 1.500000 2.875000
v 1.385819 2.074025 2.875000
v 1.060659 2.560660 2.875000
v 0.574024 2.885819 2.875000
v 0.000000 3.000000 1.375000
v -0.574025 2.885819 1.375000
v -1.060660 2.560660 1.375000
v -1.385819 2.074025 1.375000
v -1.500000 1.500000 1.375000
v -1.385819 0.925975 1.375000
v -1.060660 0.439340 1.375000
v -0.574025 0.114181 1.375000
v 0.000000 0.000000 1.375000
v 0.574025 0.114181 1.375000
v 1.060660 0.439340 1.375000
v 1.385819 0.925975 1.375000
v 1.500000 1.500000 1.375000
v 1.385819 2.074025 1.375000
v 1.060659 2.560660 1.375000
v 0.574024 2.885819 1.375000
v 0.000000 2.875000 1.125000
v -0.526190 2.770334 1.125000
v -0.972272 2.472272 1.125000
v -1.270334 2.026190 1.125000
v -1.375000 1.500000 1.125000
v -1.270334 0.973810 1.125000
v -0.972272 0.527728 1.125000
v -0.526190 0.229666 1.125000
v -0.000000 0.125000 1.125000
v 0.526189 0.229666 1.125000
v 0.972271 0.527728 1.125000
v 1.270334 0.973810 1.125000
v 1.375000 1.500000 1.125000
v 1.270334 2.026190 1.125000
v 0.972271 2.472272 1.125000
v 0.526189 2.770335 1.125000
v 0.000000 2.937500 2.875000
v -0.550107 2.828077 2.875000
v -1.016466 2.516467 2.875000
v -1.328077 2.050108 2.875000
v -1.437500 1.500000 2.875000
v -1.328077 0.949893 2.875000
v -1.016466 0.483534 2.875000
v -0.550108 0.171924 2.875000
v -0.000000 0.062500 2.875000
v 0.550107 0.171924 2.875000
v 1.016465 0.483534 2.875000
v 1.328076 0.949893 2.875000
v 1.437500 1.500000 2.875000
v 1.328076 2.050108 2.875000
v 1.016465 2.516467 2.875000
v 0.550107 2.828077 2.875000
v 0.000000 2.937500 1.375000
v -0.550107 2.828077 1.375000
v -1.016466 2.516467 1.375000
v -1.328077 2.050108 1.375000
v -1.437500 1.500000 1.375000
v -1.328077 0.949893 1.375000
v -1.016466 0.483534 1.375000
v -0.550108 0.171924 1.375000
v -0.000000 0.062500 1.375000
v 0.550107 0.171924 1.375000
v 1.016465 0.483534 1.375000
v 1.328076 0.949893 1.375000
v 1.437500 1.500000 1.375000
v 1.328076 2.050108 1.375000
v 1.016465 2.516467 1.375000
v 0.550107 2.828077 1.375000
v -0.000000 2.500000 1.125000
v -0.382684 2.423880 1.125000
v -0.707107 2.207107 1.125000
v -0.923880 1.882684 1.125000
v -1.000000 1.500000 1.125000
v -0.923880 1.117317 1.125000
v -0.707107 0.792893 1.125000
v -0.382684 0.576120 1.125000
v -0.000000 0.500000 1.125000
v 0.382683 0.576120 1.125000
v 0.707106 0.792893 1.125000
v 0.923879 1.117316 1.125000
v 1.000000 1.500000 1.125000
v 0.923879 1.882684 1.125000
v 0.707106 2.207107 1.125000
v 0.382683 2.423880 1.125000
v 0.334847 2.308395 1.125000
v 0.618718 2.118719 1.125000
v 0.808394 1.834848 1.125000
v 0.875000 1.500000 1.125000
v 0.808394 1.165152 1.125000
v 0.618718 0.881281 1.125000
v 0.334848 0.691606 1.125000
v -0.000000 0.625000 1.125000
v -0.334848 0.691606 1.125000
v -0.618719 0.881282 1.125000
v -0.808395 1.165152 1.125000
v -0.875000 1.500000 1.125000
v -0.808395 1.834848 1.125000
v -0.618719 2.118719 1.125000
v -0.334848 2.308394 1.125000
v -0.000000 2.375000 1.125000
v -0.000000 2.250000 1.125000
v -0.287013 2.192910 1.125000
v -0.530330 2.030330 1.125000
v -0.692910 1.787013 1.125000
v -0.750000 1.500000 1.125000
v -0.692910 1.212987 1.125000
v -0.530330 0.969670 1.125000
v -0.287013 0.807090 1.125000
v -0.000000 0.750000 1.125000
v 0.287012 0.807090 1.125000
v 0.530330 0.969670 1.125000
v 0.692909 1.212987 1.125000
v 0.750000 1.500000 1.125000
v 0.692909 1.787013 1.125000
v 0.530330 2.030330 1.125000
v 0.287012 2.192910 1.125000
v -0.000000 2.375000 1.125000
v -0.334848 2.308394 1.125000
v -0.618719 2.118719 1.125000
v -0.808395 1.834848 1.125000
v -0.875000 1.500000 1.125000
v -0.808395 1.165152 1.125000
v -0.618719 0.881282 1.125000
v -0.334848 0.691606 1.125000
v -0.000000 0.625000 1.125000
v 0.334848 0.691606 1.125000
v 0.618718 0.881281 1.125000
v 0.808394 1.165152 1.125000
v 0.875000 1.500000 1.125000
v 0.808394 1.834848 1.125000
v 0.618718 2.118719 1.125000
v 0.334847 2.308395 1.125000
v 0.937500 1.625000 2.187500
v 0.937500 1.375000 2.187500
v 0.937500 1.625000 1.312500
v 0.937500 1.375000 1.312500
v 1.375000 1.625000 1.312500
v 1.375000 1.625000 2.187500
v 1.375000 1.375000 2.187500
v 1.375000 1.375000 1.312500
v -0.937500 1.375000 2.187500
v -0.937500 1.625000 2.187500
v -0.937500 1.375000 1.312500
v -0.937500 1.625000 1.312500
v -1.375000 1.375000 1.312500
v -1.375000 1.375000 2.187500
v -1.375000 1.625000 2.187500
v -1.375000 1.625000 1.312500
v 0.125000 0.562500 2.187500
v -0.125000 0.562500 2.187500
v 0.125000 0.562500 1.312500
v -0.125000 0.562500 1.312500
v 0.125000 0.125000 1.312500
v 0.125000 0.125000 2.187500
v -0.125000 0.125000 2.187500
v -0.125000 0.125000 1.312500
v -0.125000 2.437500 2.187500
v 0.125000 2.437500 2.187500
v -0.125000 2.437500 1.312500
v 0.125000 2.437500 1.312500
v -0.125000 2.875000 1.312500
v -0.125000 2.875000 2.187500
v 0.125000 2.875000 2.187500
v 0.125000 2.875000 1.312500
v 0.874399 1.139503 2.187500
v 0.749399 0.922997 2.187500
v 0.874399 1.139503 1.312500
v 0.749399 0.922997 1.312500
v 1.253285 0.920753 1.312500
v 1.253285 0.920753 2.187500
v 1.128285 0.704247 2.187500
v 1.128285 0.704247 1.312500
v -0.874399 1.860497 2.187500
v -0.749399 2.077003 2.187500
v -0.874399 1.860497 1.312500
v -0.749399 2.077003 1.312500
v -1.253285 2.079247 1.312500
v -1.253285 2.079247 2.187500
v -1.128285 2.295753 2.187500
v -1.128285 2.295753 1.312500
v -0.360497 0.625601 2.187500
v -0.577003 0.750601 2.187500
v -0.360497 0.625601 1.312500
v -0.577003 0.750601 1.312500
v -0.579247 0.246715 1.312500
v -0.579247 0.246715 2.187500
v -0.795753 0.371715 2.187500
v -0.795753 0.371715 1.312500
v 0.360497 2.374399 2.187500
v 0.577003 2.249399 2.187500
v 0.360497 2.374399 1.312500
v 0.577003 2.249399 1.312500
v 0.579247 2.753285 1.312500
v 0.579247 2.753285 2.187500
v 0.795753 2.628285 2.187500
v 0.795753 2.628285 1.312500
v 0.577003 0.750601 2.187500
v 0.360497 0.625601 2.187500
v 0.577003 0.750601 1.312500
v 0.360497 0.625601 1.312500
v 0.795753 0.371715 1.312500
v 0.795753 0.371715 2.187500
v 0.579247 0.246715 2.187500
v 0.579247 0.246715 1.312500
v -0.577003 2.249399 2.187500
v -0.360497 2.374399 2.187500
v -0.577003 2.249399 1.312500
v -0.360497 2.374399 1.312500
v -0.795753 2.628285 1.312500
v -0.795753 2.628285 2.187500
v -0.579247 2.753285 2.187500
v -0.579247 2.753285 1.312500
v -0.749399 0.922997 2.187500
v -0.874399 1.139503 2.187500
v -0.749399 0.922997 1.312500
v -0.874399 1.139503 1.312500
v -1.128285 0.704247 1.312500
v -1.128285 0.704247 2.187500
v -1.253285 0.920753 2.187500
v -1.253285 0.920753 1.312500
v 0.749399 2.077003 2.187500
v 0.874399 1.860497 2.187500
v 0.749399 2.077003 1.312500
v 0.874399 1.860497 1.312500
v 1.128285 2.295753 1.312500
v 1.128285 2.295753 2.187500
v 1.253285 2.079247 2.187500
v 1.253285 2.079247 1.312500
v 1.011684 1.229358 -0.250000
v 0.909767 1.330389 -0.250000
v 0.766262 1.329762 -0.250000
v 0.665232 1.227846 -0.250000
v 0.665858 1.084342 -0.250000
v 0.767774 0.983311 -0.250000
v 1.012310 1.085853 -0.250000
v 0.911279 0.983937 -0.250000
v 1.011684 1.229358 0.250000
v 0.909767 1.330389 0.250000
v 0.766262 1.329762 0.250000
v 0.665232 1.227846 0.250000
v 0.665858 1.084342 0.250000
v 0.767774 0.983311 0.250000
v 1.012310 1.085853 0.250000
v 0.911279 0.983937 0.250000
v -0.000000 2.156250 -2.875000
v -0.251136 2.106296 -2.875000
v -0.464039 1.964039 -2.875000
v -0.606296 1.751136 -2.875000
v -0.656250 1.500000 -2.875000
v -0.606296 1.248864 -2.875000
v -0.464039 1.035961 -2.875000
v -0.251136 0.893704 -2.875000
v -0.000000 0.843750 -2.875000
v 0.251136 0.893704 -2.875000
v 0.464038 1.035961 -2.875000
v 0.606296 1.248864 -2.875000
v 0.656250 1.500000 -2.875000
v 0.606296 1.751136 -2.875000
v 0.464038 1.964039 -2.875000
v 0.251135 2.106296 -2.875000
v -0.000000 1.828125 -3.375000
v -0.125568 1.803148 -3.375000
v -0.232020 1.732019 -3.375000
v -0.303148 1.625568 -3.375000
v -0.328125 1.500000 -3.375000
v -0.303148 1.374432 -3.375000
v -0.232020 1.267981 -3.375000
v -0.125568 1.196852 -3.375000
v -0.000000 1.171875 -3.375000
v 0.125568 1.196852 -3.375000
v 0.232019 1.267981 -3.375000
v 0.303148 1.374432 -3.375000
v 0.328125 1.500000 -3.375000
v 0.303148 1.625568 -3.375000
v 0.232019 1.732019 -3.375000
v 0.125568 1.803148 -3.375000
v -0.000000 1.500000 -3.500000
v -0.000000 2.500000 -2.500000
v -0.382684 2.423880 -2.500000
v -0.707107 2.207107 -2.500000
v -0.923880 1.882684 -2.500000
v -1.000000 1.500000 -2.500000
v -0.923880 1.117317 -2.500000
v -0.707107 0.792893 -2.500000
v -0.382684 0.576120 -2.500000
v -0.000000 0.500000 -2.500000
v 0.382683 0.576120 -2.500000
v 0.707106 0.792893 -2.500000
v 0.923879 1.117316 -2.500000
v 1.000000 1.500000 -2.500000
v 0.923879 1.882684 -2.500000
v 0.707106 2.207107 -2.500000
v 0.382683 2.423880 -2.500000
v -0.000000 2.500000 -1.000000
v -0.382684 2.423880 -1.000000
v -0.707107 2.207107 -1.000000
v -0.923880 1.882684 -1.000000
v -1.000000 1.500000 -1.000000
v -0.923880 1.117317 -1.000000
v -0.707107 0.792893 -1.000000
v -0.382684 0.576120 -1.000000
v -0.000000 0.500000 -1.000000
v 0.382683 0.576120 -1.000000
v 0.707106 0.792893 -1.000000
v 0.923879 1.117316 -1.000000
v 1.000000 1.500000 -1.000000
v 0.923879 1.882684 -1.000000
v 0.707106 2.207107 -1.000000
v 0.382683 2.423880 -1.000000
v -0.000000 2.375000 -1.000000
v -0.334848 2.308394 -1.000000
v -0.618719 2.118719 -1.000000
v -0.808395 1.834848 -1.000000
v -0.875000 1.500000 -1.000000
v -0.808395 1.165152 -1.000000
v -0.618719 0.881282 -1.000000
v -0.334848 0.691606 -1.000000
v -0.000000 0.625000 -1.000000
v 0.334848 0.691606 -1.000000
v 0.618718 0.881281 -1.000000
v 0.808394 1.165152 -1.000000
v 0.875000 1.500000 -1.000000
v 0.808394 1.834848 -1.000000
v 0.618718 2.118719 -1.000000
v 0.334847 2.308395 -1.000000
v -0.000000 2.156250 -1.000000
v -0.251136 2.106296 -1.000000
v -0.464039 1.964039 -1.000000
v -0.606296 1.751136 -1.000000
v -0.656250 1.500000 -1.000000
v -0.606296 1.248864 -1.000000
v -0.464039 1.035961 -1.000000
v -0.251136 0.893704 -1.000000
v -0.000000 0.843750 -1.000000
v 0.251136 0.893704 -1.000000
v 0.464038 1.035961 -1.000000
v 0.606296 1.248864 -1.000000
v 0.656250 1.500000 -1.000000
v 0.606296 1.751136 -1.000000
v 0.464038 1.964039 -1.000000
v 0.251135 2.106296 -1.000000
v 0.000000 3.000000 2.750000
v -0.574025 2.885819 2.750000
v -1.060660 2.560660 2.750000
v -1.385819 2.074025 2.750000
v -1.500000 1.500000 2.750000
v -1.385819 0.925975 2.750000
v -1.060660 0.439340 2.750000
v -0.574025 0.114181 2.750000
v 0.000000 0.000000 2.750000
v 0.574025 0.114181 2.750000
v 1.060660 0.439340 2.750000
v 1.385819 0.925975 2.750000
v 1.500000 1.500000 2.750000
v 1.385819 2.074025 2.750000
v 1.060659 2.560660 2.750000
v 0.574024 2.885819 2.750000
v 0.000000 3.000000 2.250000
v -0.574025 2.885819 2.250000
v -1.060660 2.560660 2.250000
v -1.385819 2.074025 2.250000
v -1.500000 1.500000 2.250000
v -1.385819 0.925975 2.250000
v -1.060660 0.439340 2.250000
v -0.574025 0.114181 2.250000
v 0.000000 0.000000 2.250000
v 0.574025 0.114181 2.250000
v 1.060660 0.439340 2.250000
v 1.385819 0.925975 2.250000
v 1.500000 1.500000 2.250000
v 1.385819 2.074025 2.250000
v 1.060659 2.560660 2.250000
v 0.574024 2.885819 2.250000
v 1.500000 0.687500 0.187500
v 1.500000 0.312500 0.187500
v 1.500000 0.687500 -0.187500
v 1.500000 0.312500 -0.187500
v 1.375000 0.687500 -0.187500
v 1.375000 0.687500 0.187500
v 1.375000 0.312500 0.187500
v 1.375000 0.312500 -0.187500
v 1.500000 0.687500 -0.812500
v 1.500000 0.312500 -0.812500
v 1.500000 0.687500 -1.187500
v 1.500000 0.312500 -1.187500
v 1.375000 0.687500 -1.187500
v 1.375000 0.687500 -0.812500
v 1.375000 0.312500 -0.812500
v 1.375000 0.312500 -1.187500
v -1.375000 0.687500 0.187500
v -1.375000 0.312500 0.187500
v -1.375000 0.687500 -0.187500
v -1.375000 0.312500 -0.187500
v -1.500000 0.687500 -0.187500
v -1.500000 0.687500 0.187500
v -1.500000 0.312500 0.187500
v -1.500000 0.312500 -0.187500
v -1.375000 0.687500 -0.812500
v -1.375000 0.312500 -0.812500
v -1.375000 0.687500 -1.187500
v -1.375000 0.312500 -1.187500
v -1.500000 0.687500 -1.187500
v -1.500000 0.687500 -0.812500
v -1.500000 0.312500 -0.812500
v -1.500000 0.312500 -1.187500
v 1.375000 1.000000 0.500000
v 1.375000 0.000000 0.500000
v 1.375000 1.000000 -1.500000
v 1.375000 0.000000 -1.500000
v 1.000000 1.000000 -1.500000
v 1.000000 1.000000 0.500000
v 0.500000 0.500000 -1.500000
v 0.500000 0.500000 0.500000
v 0.500000 0.000000 0.500000
v 0.500000 0.000000 -1.500000
v -1.375000 1.000000 -1.500000
v -1.375000 0.000000 -1.500000
v -1.375000 1.000000 0.500000
v -1.375000 0.000000 0.500000
v -1.000000 1.000000 0.500000
v -1.000000 1.000000 -1.500000
v -0.500000 0.500000 0.500000
v -0.500000 0.500000 -1.500000
v -0.500000 0.000000 -1.500000
v -0.500000 0.000000 0.500000
v 0.414147 2.512310 -1.000000
v 0.448119 2.478633 -1.000000
v 0.448327 2.430798 -1.000000
v 0.414650 2.396826 -1.000000
v 0.366816 2.396617 -1.000000
v 0.332843 2.430294 -1.000000
v 0.332635 2.478129 -1.000000
v 0.366312 2.512101 -1.000000
v 0.366815 2.396617 -2.375000
v 0.407719 2.379883 -2.356694
v 0.424662 2.372952 -2.312500
v 0.407719 2.379883 -2.268306
v 0.325912 2.413351 -2.268306
v 0.308969 2.420282 -2.312500
v 0.325912 2.413351 -2.356694
v 0.400284 2.478424 -2.338389
v 0.436286 2.449709 -2.325444
v 0.441396 2.413855 -2.294194
v 0.412620 2.391863 -2.262944
v 0.366815 2.396617 -2.250000
v 0.330813 2.425331 -2.262944
v 0.325703 2.461186 -2.294194
v 0.354479 2.483178 -2.325444
v 0.414146 2.512310 -2.250000
v 0.448118 2.478633 -2.250000
v 0.448327 2.430798 -2.250000
v 0.414650 2.396826 -2.250000
v 0.332843 2.430294 -2.250000
v 0.332635 2.478128 -2.250000
v 0.366311 2.512101 -2.250000
v 0.400787 2.362940 -0.500000
v 0.366815 2.396617 -0.500000
v 0.400996 2.315105 -0.500000
v 0.367319 2.281133 -0.500000
v 0.319484 2.280925 -0.500000
v 0.285512 2.314601 -0.500000
v 0.285304 2.362436 -0.500000
v 0.318980 2.396409 -0.500000
v 0.400787 2.362940 1.125000
v 0.366815 2.396617 1.125000
v 0.400996 2.315105 1.125000
v 0.367319 2.281133 1.125000
v 0.319484 2.280924 1.125000
v 0.285512 2.314601 1.125000
v 0.285304 2.362436 1.125000
v 0.318980 2.396408 1.125000
v 1.009283 1.779460 0.250000
v 1.008657 1.922965 0.250000
v 0.908253 1.677544 0.250000
v 0.764747 1.676918 0.250000
v 0.662832 1.777948 0.250000
v 0.662205 1.921453 0.250000
v 0.763236 2.023369 0.250000
v 0.906741 2.023996 0.250000
v 1.009283 1.779460 -0.250000
v 1.008657 1.922965 -0.250000
v 0.908253 1.677544 -0.250000
v 0.764747 1.676918 -0.250000
v 0.662832 1.777948 -0.250000
v 0.662205 1.921453 -0.250000
v 0.763236 2.023369 -0.250000
v 0.906741 2.023996 -0.250000
v 1.312500 1.125000 0.125000
v 1.294194 1.125000 0.169194
v 1.250000 1.125000 0.187500
v 1.205806 1.125000 0.169194
v 1.187500 1.125000 0.125000
v 1.205806 1.125000 0.080806
v 1.250000 1.125000 0.062500
v 1.294194 1.125000 0.080806
v 1.275888 1.213388 0.125000
v 1.262944 1.200444 0.169194
v 1.231694 1.169194 0.187500
v 1.200444 1.137944 0.169194
v 1.200444 1.137944 0.080806
v 1.231694 1.169194 0.062500
v 1.262944 1.200444 0.080806
v 1.187500 1.250000 0.125000
v 1.187500 1.231694 0.169194
v 1.187500 1.187500 0.187500
v 1.187500 1.143306 0.169194
v 1.187500 1.143306 0.080806
v 1.187500 1.187500 0.062500
v 1.187500 1.231694 0.080806
v 1.312500 1.000000 0.125000
v 1.294194 1.000000 0.169194
v 1.250000 1.000000 0.187500
v 1.205806 1.000000 0.169194
v 1.187500 1.000000 0.125000
v 1.205806 1.000000 0.080806
v 1.250000 1.000000 0.062500
v 1.294194 1.000000 0.080806
v 0.937500 1.125000 0.125000
v 0.937500 1.250000 0.125000
v 0.937500 1.231694 0.169194
v 0.937500 1.187500 0.187500
v 0.937500 1.143306 0.169194
v 0.937500 1.143306 0.080806
v 0.937500 1.187500 0.062500
v 0.937500 1.231694 0.080806
v 1.312500 1.750000 -0.125000
v 1.294194 1.750000 -0.080806
v 1.250000 1.750000 -0.062500
v 1.205806 1.750000 -0.080806
v 1.187500 1.750000 -0.125000
v 1.205806 1.750000 -0.169194
v 1.250000 1.750000 -0.187500
v 1.294194 1.750000 -0.169194
v 1.275888 1.838388 -0.125000
v 1.262944 1.825444 -0.080806
v 1.231694 1.794194 -0.062500
v 1.200444 1.762944 -0.080806
v 1.200444 1.762944 -0.169194
v 1.231694 1.794194 -0.187500
v 1.262944 1.825444 -0.169194
v 1.187500 1.875000 -0.125000
v 1.187500 1.856694 -0.080806
v 1.187500 1.812500 -0.062500
v 1.187500 1.768306 -0.080806
v 1.187500 1.768306 -0.169194
v 1.187500 1.812500 -0.187500
v 1.187500 1.856694 -0.169194
v 0.937500 1.750000 -0.125000
v 0.937500 1.875000 -0.125000
v 0.937500 1.856694 -0.080806
v 0.937500 1.812500 -0.062500
v 0.937500 1.768306 -0.080806
v 0.937500 1.768306 -0.169194
v 0.937500 1.812500 -0.187500
v 0.937500 1.856694 -0.169194
v 1.250000 1.125000 -0.187500
v 1.205806 1.143306 -0.187500
v 1.187500 1.187500 -0.187500
v 1.205806 1.231694 -0.187500
v 1.250000 1.250000 -0.187500
v 1.294194 1.231694 -0.187500
v 1.312500 1.187500 -0.187500
v 1.294194 1.143306 -0.187500
v 1.250000 1.161612 -0.099112
v 1.205806 1.174556 -0.112056
v 1.187500 1.205806 -0.143306
v 1.205806 1.237056 -0.174556
v 1.294194 1.237056 -0.174556
v 1.312500 1.205806 -0.143306
v 1.294194 1.174556 -0.112056
v 1.250000 1.250000 -0.062500
v 1.205806 1.250000 -0.080806
v 1.187500 1.250000 -0.125000
v 1.205806 1.250000 -0.169194
v 1.294194 1.250000 -0.169194
v 1.312500 1.250000 -0.125000
v 1.294194 1.250000 -0.080806
v 1.250000 1.125000 -1.062500
v 1.294194 1.125000 -1.044194
v 1.312500 1.125000 -1.000000
v 1.294194 1.125000 -0.955806
v 1.250000 1.125000 -0.937500
v 1.205806 1.125000 -0.955806
v 1.187500 1.125000 -1.000000
v 1.205806 1.125000 -1.044194
v 1.250000 1.213388 -1.025888
v 1.294194 1.200444 -1.012944
v 1.312500 1.169194 -0.981694
v 1.294194 1.137944 -0.950444
v 1.205806 1.137944 -0.950444
v 1.187500 1.169194 -0.981694
v 1.205806 1.200444 -1.012944
v 1.250000 1.250000 -0.937500
v 1.294194 1.231694 -0.937500
v 1.312500 1.187500 -0.937500
v 1.294194 1.143306 -0.937500
v 1.205806 1.143306 -0.937500
v 1.187500 1.187500 -0.937500
v 1.205806 1.231694 -0.937500
v 1.250000 1.000000 -1.062500
v 1.294194 1.000000 -1.044194
v 1.312500 1.000000 -1.000000
v 1.294194 1.000000 -0.955806
v 1.250000 1.000000 -0.937500
v 1.205806 1.000000 -0.955806
v 1.187500 1.000000 -1.000000
v 1.205806 1.000000 -1.044194
v -0.375000 0.000000 0.875000
v 0.375000 0.000000 0.875000
v -0.375000 0.000000 -2.375000
v 0.375000 0.000000 -2.375000
v -0.375000 0.125000 -2.375000
v -0.375000 0.125000 0.875000
v 0.375000 0.125000 0.875000
v 0.375000 0.125000 -2.375000
v 0.312500 0.125000 0.812500
v 0.312500 0.125000 -0.812500
v 0.312500 0.687500 0.812500
v 0.312500 0.687500 -0.812500
v 0.187500 0.125000 0.812500
v 0.187500 0.125000 -0.812500
v 0.187500 0.687500 0.812500
v 0.187500 0.687500 -0.812500
v -0.187500 0.125000 0.812500
v -0.187500 0.125000 -0.812500
v -0.187500 0.687500 0.812500
v -0.187500 0.687500 -0.812500
v -0.312500 0.125000 0.812500
v -0.312500 0.125000 -0.812500
v -0.312500 0.687500 0.812500
v -0.312500 0.687500 -0.812500
v 0.312500 0.125000 -0.812500
v 0.312500 0.625000 -0.812500
v 0.187500 0.125000 -0.812500
v 0.187500 0.625000 -0.812500
v -0.187500 0.125000 -0.812500
v -0.187500 0.625000 -0.812500
v -0.312500 0.125000 -0.812500
v -0.312500 0.625000 -0.812500
v 0.312500 0.125000 -2.312500
v 0.312500 0.625000 -2.312500
v 0.187500 0.125000 -2.312500
v 0.187500 0.625000 -2.312500
v -0.187500 0.125000 -2.312500
v -0.187500 0.625000 -2.312500
v -0.312500 0.125000 -2.312500
v -0.312500 0.625000 -2.312500
v -1.312500 1.125000 0.125000
v -1.294194 1.125000 0.169194
v -1.250000 1.125000 0.187500
v -1.205806 1.125000 0.169194
v -1.187500 1.125000 0.125000
v -1.205806 1.125000 0.080806
v -1.250000 1.125000 0.062500
v -1.294194 1.125000 0.080806
v -1.275888 1.213388 0.125000
v -1.262944 1.200444 0.169194
v -1.231694 1.169194 0.187500
v -1.200444 1.137944 0.169194
v -1.200444 1.137944 0.080806
v -1.231694 1.169194 0.062500
v -1.262944 1.200444 0.080806
v -1.187500 1.250000 0.125000
v -1.187500 1.231694 0.169194
v -1.187500 1.187500 0.187500
v -1.187500 1.143306 0.169194
v -1.187500 1.143306 0.080806
v -1.187500 1.187500 0.062500
v -1.187500 1.231694 0.080806
v -1.312500 1.000000 0.125000
v -1.294194 1.000000 0.169194
v -1.250000 1.000000 0.187500
v -1.205806 1.000000 0.169194
v -1.187500 1.000000 0.125000
v -1.205806 1.000000 0.080806
v -1.250000 1.000000 0.062500
v -1.294194 1.000000 0.080806
v -0.937500 1.125000 0.125000
v -0.937500 1.250000 0.125000
v -0.937500 1.231694 0.169194
v -0.937500 1.187500 0.187500
v -0.937500 1.143306 0.169194
v -0.937500 1.143306 0.080806
v -0.937500 1.187500 0.062500
v -0.937500 1.231694 0.080806
v -1.312500 1.750000 -0.125000
v -1.294194 1.750000 -0.080806
v -1.250000 1.750000 -0.062500
v -1.205806 1.750000 -0.080806
v -1.187500 1.750000 -0.125000
v -1.205806 1.750000 -0.169194
v -1.250000 1.750000 -0.187500
v -1.294194 1.750000 -0.169194
v -1.275888 1.838388 -0.125000
v -1.262944 1.825444 -0.080806
v -1.231694 1.794194 -0.062500
v -1.200444 1.762944 -0.080806
v -1.200444 1.762944 -0.169194
v -1.231694 1.794194 -0.187500
v -1.262944 1.825444 -0.169194
v -1.187500 1.875000 -0.125000
v -1.187500 1.856694 -0.080806
v -1.187500 1.812500 -0.062500
v -1.187500 1.768306 -0.080806
v -1.187500 1.768306 -0.169194
v -1.187500 1.812500 -0.187500
v -1.187500 1.856694 -0.169194
v -0.937500 1.750000 -0.125000
v -0.937500 1.875000 -0.125000
v -0.937500 1.856694 -0.080806
v -0.937500 1.812500 -0.062500
v -0.937500 1.768306 -0.080806
v -0.937500 1.768306 -0.169194
v -0.937500 1.812500 -0.187500
v -0.937500 1.856694 -0.169194
v -1.250000 1.125000 -0.187500
v -1.205806 1.143306 -0.187500
v -1.187500 1.187500 -0.187500
v -1.205806 1.231694 -0.187500
v -1.250000 1.250000 -0.187500
v -1.294194 1.231694 -0.187500
v -1.312500 1.187500 -0.187500
v -1.294194 1.143306 -0.187500
v -1.250000 1.161612 -0.099112
v -1.205806 1.174556 -0.112056
v -1.187500 1.205806 -0.143306
v -1.294194 1.237056 -0.174556
v -1.312500 1.205806 -0.143306
v -1.294194 1.174556 -0.112056
v -1.250000 1.250000 -0.062500
v -1.205806 1.250000 -0.080806
v -1.187500 1.250000 -0.125000
v -1.205806 1.250000 -0.169194
v -1.294194 1.250000 -0.169194
v -1.312500 1.250000 -0.125000
v -1.294194 1.250000 -0.080806
v -1.250000 1.125000 -1.062500
v -1.294194 1.125000 -1.044194
v -1.312500 1.125000 -1.000000
v -1.294194 1.125000 -0.955806
v -1.250000 1.125000 -0.937500
v -1.205806 1.125000 -0.955806
v -1.187500 1.125000 -1.000000
v -1.205806 1.125000 -1.044194
v -1.250000 1.213388 -1.025888
v -1.294194 1.200444 -1.012944
v -1.312500 1.169194 -0.981694
v -1.294194 1.137944 -0.950444
v -1.187500 1.169194 -0.981694
v -1.205806 1.200444 -1.012944
v -1.250000 1.250000 -0.937500
v -1.294194 1.231694 -0.937500
v -1.312500 1.187500 -0.937500
v -1.294194 1.143306 -0.937500
v -1.205806 1.143306 -0.937500
v -1.187500 1.187500 -0.937500
v -1.205806 1.231694 -0.937500
v -1.250000 1.000000 -1.062500
v -1.294194 1.000000 -1.044194
v -1.312500 1.000000 -1.000000
v -1.294194 1.000000 -0.955806
v -1.250000 1.000000 -0.937500
v -1.205806 1.000000 -0.955806
v -1.187500 1.000000 -1.000000
v -1.205806 1.000000 -1.044194
v 0.526189 2.770334 3.062500
v 0.972271 2.472272 3.062500
v 1.270334 2.026190 3.062500
v 1.375000 1.500000 3.062500
v 1.270334 0.973810 3.062500
v 0.972271 0.527728 3.062500
v 0.526189 0.229665 3.062500
v -0.000000 0.125000 3.062500
v -0.526190 0.229665 3.062500
v -0.972272 0.527728 3.062500
v -1.270334 0.973810 3.062500
v -1.375000 1.500000 3.062500
v -1.270334 2.026189 3.062500
v -0.972272 2.472271 3.062500
v -0.526190 2.770334 3.062500
v 0.000000 2.875000 3.062500
v 0.000000 2.875000 1.125000
v -0.526190 2.770334 1.125000
v -0.972272 2.472272 1.125000
v -1.270334 2.026190 1.125000
v -1.375000 1.500000 1.125000
v -1.270334 0.973810 1.125000
v -0.972272 0.527728 1.125000
v -0.526190 0.229666 1.125000
v -0.000000 0.125000 1.125000
v 0.526189 0.229666 1.125000
v 0.972271 0.527728 1.125000
v 1.270334 0.973810 1.125000
v 1.375000 1.500000 1.125000
v 1.270334 2.026190 1.125000
v 0.972271 2.472272 1.125000
v 0.526189 2.770335 1.125000
v 0.000000 3.000000 3.125000
v -0.574025 2.885819 3.125000
v -1.060660 2.560660 3.125000
v -1.385819 2.074025 3.125000
v -1.500000 1.500000 3.125000
v -1.385819 0.925975 3.125000
v -1.060660 0.439340 3.125000
v -0.574025 0.114181 3.125000
v 0.000000 0.000000 3.125000
v 0.574025 0.114181 3.125000
v 1.060660 0.439340 3.125000
v 1.385819 0.925975 3.125000
v 1.500000 1.500000 3.125000
v 1.385819 2.074025 3.125000
v 1.060659 2.560660 3.125000
v 0.574024 2.885819 3.125000
v 0.000000 3.000000 1.125000
v -0.574025 2.885819 1.125000
v -1.060660 2.560660 1.125000
v -1.385819 2.074025 1.125000
v -1.500000 1.500000 1.125000
v -1.385819 0.925975 1.125000
v -1.060660 0.439340 1.125000
v -0.574025 0.114181 1.125000
v 0.000000 0.000000 1.125000
v 0.574025 0.114181 1.125000
v 1.060660 0.439340 1.125000
v 1.385819 0.925975 1.125000
v 1.500000 1.500000 1.125000
v 1.385819 2.074025 1.125000
v 1.060659 2.560660 1.125000
v 0.574024 2.885819 1.125000
v 0.000000 3.000000 2.875000
v -0.574025 2.885819 2.875000
v -1.060660 2.560660 2.875000
v -1.385819 2.074025 2.875000
v -1.500000 1.500000 2.875000
v -1.385819 0.925975 2.875000
v -1.060660 0.439340 2.875000
v -0.574025 0.114181 2.875000
v 0.000000 0.000000 2.875000
v 0.574025 0.114181 2.875000
v 1.060660 0.439340 2.875000
v 1.385819 0.925975 2.875000
v 1.500000 1.500000 2.875000
v 1.385819 2.074025 2.875000
v 1.060659 2.560660 2.875000
v 0.574024 2.885819 2.875000
v 0.000000 3.000000 1.375000
v -0.574025 2.885819 1.375000
v -1.060660 2.560660 1.375000
v -1.385819 2.074025 1.375000
v -1.500000 1.500000 1.375000
v -1.385819 0.925975 1.375000
v -1.060660 0.439340 1.375000
v -0.574025 0.114181 1.375000
v 0.000000 0.000000 1.375000
v 0.574025 0.114181 1.375000
v 1.060660 0.439340 1.375000
v 1.385819 0.925975 1.375000
v 1.500000 1.500000 1.375000
v 1.385819 2.074025 1.375000
v 1.060659 2.560660 1.375000
v 0.574024 2.885819 1.375000
v 0.000000 2.937500 2.875000
v -0.550107 2.828077 2.875000
v -1.016466 2.516467 2.875000
v -1.328077 2.050108 2.875000
v -1.437500 1.500000 2.875000
v -1.328077 0.949893 2.875000
v -1.016466 0.483534 2.875000
v -0.550108 0.171924 2.875000
v -0.000000 0.062500 2.875000
v 0.550107 0.171924 2.875000
v 1.016465 0.483534 2.875000
v 1.328076 0.949893 2.875000
v 1.437500 1.500000 2.875000
v 1.328076 2.050108 2.875000
v 1.016465 2.516467 2.875000
v 0.550107 2.828077 2.875000
v 0.000000 2.937500 1.375000
v -0.550107 2.828077 1.375000
v -1.016466 2.516467 1.375000
v -1.328077 2.050108 1.375000
v -1.437500 1.500000 1.375000
v -1.328077 0.949893 1.375000
v -1.016466 0.483534 1.375000
v -0.550108 0.171924 1.375000
v -0.000000 0.062500 1.375000
v 0.550107 0.171924 1.375000
v 1.016465 0.483534 1.375000
v 1.328076 0.949893 1.375000
v 1.437500 1.500000 1.375000
v 1.328076 2.050108 1.375000
v 1.016465 2.516467 1.375000
v 0.550107 2.828077 1.375000
v -0.000000 2.375000 -0.500000
v -0.334848 2.308394 -0.500000
v -0.618719 2.118719 -0.500000
v -0.808395 1.834848 -0.500000
v -0.875000 1.500000 -0.500000
v -0.808395 1.165152 -0.500000
v -0.618719 0.881282 -0.500000
v -0.334848 0.691606 -0.500000
v -0.000000 0.625000 -0.500000
v 0.334848 0.691606 -0.500000
v 0.618718 0.881281 -0.500000
v 0.808394 1.165152 -0.500000
v 0.875000 1.500000 -0.500000
v 0.808394 1.834848 -0.500000
v 0.618718 2.118719 -0.500000
v 0.334847 2.308395 -0.500000
v -0.000000 2.500000 -1.000000
v -0.382684 2.423880 -1.000000
v -0.707107 2.207107 -1.000000
v -0.923880 1.882684 -1.000000
v -1.000000 1.500000 -1.000000
v -0.923880 1.117317 -1.000000
v -0.707107 0.792893 -1.000000
v -0.382684 0.576120 -1.000000
v -0.000000 0.500000 -1.000000
v 0.382683 0.576120 -1.000000
v 0.707106 0.792893 -1.000000
v 0.923879 1.117316 -1.000000
v 1.000000 1.500000 -1.000000
v 0.923879 1.882684 -1.000000
v 0.707106 2.207107 -1.000000
v 0.382683 2.423880 -1.000000
v -0.000000 2.375000 -3.000000
v -0.334848 2.308394 -3.000000
v -0.618719 2.118719 -3.000000
v -0.808395 1.834848 -3.000000
v -0.875000 1.500000 -3.000000
v -0.808395 1.165152 -3.000000
v -0.618719 0.881282 -3.000000
v -0.334848 0.691606 -3.000000
v -0.000000 0.625000 -3.000000
v 0.334848 0.691606 -3.000000
v 0.618718 0.881281 -3.000000
v 0.808394 1.165152 -3.000000
v 0.875000 1.500000 -3.000000
v 0.808394 1.834848 -3.000000
v 0.618718 2.118719 -3.000000
v 0.334847 2.308395 -3.000000
v -0.000000 2.375000 -1.000000
v -0.334848 2.308394 -1.000000
v -0.618719 2.118719 -1.000000
v -0.808395 1.834848 -1.000000
v -0.875000 1.500000 -1.000000
v -0.808395 1.165152 -1.000000
v -0.618719 0.881282 -1.000000
v -0.334848 0.691606 -1.000000
v -0.000000 0.625000 -1.000000
v 0.334848 0.691606 -1.000000
v 0.618718 0.881281 -1.000000
v 0.808394 1.165152 -1.000000
v 0.875000 1.500000 -1.000000
v 0.808394 1.834848 -1.000000
v 0.618718 2.118719 -1.000000
v 0.334847 2.308395 -1.000000
v -1.011684 1.770642 -0.250000
v -0.909767 1.669611 -0.250000
v -0.766263 1.670238 -0.250000
v -0.665232 1.772154 -0.250000
v -0.665858 1.915658 -0.250000
v -0.767774 2.016689 -0.250000
v -1.012310 1.914147 -0.250000
v -0.911279 2.016063 -0.250000
v -1.011684 1.770642 0.250000
v -0.909767 1.669611 0.250000
v -0.766263 1.670238 0.250000
v -0.665232 1.772154 0.250000
v -0.665858 1.915658 0.250000
v -0.767774 2.016689 0.250000
v -1.012310 1.914147 0.250000
v -0.911279 2.016063 0.250000
v -1.009284 1.220540 0.250000
v -1.008657 1.077035 0.250000
v -0.908253 1.322456 0.250000
v -0.764748 1.323082 0.250000
v -0.662832 1.222052 0.250000
v -0.662206 1.078547 0.250000
v -0.763236 0.976631 0.250000
v -0.906741 0.976004 0.250000
v -1.009284 1.220540 -0.250000
v -1.008657 1.077035 -0.250000
v -0.908253 1.322456 -0.250000
v -0.764748 1.323082 -0.250000
v -0.662832 1.222052 -0.250000
v -0.662206 1.078547 -0.250000
v -0.763236 0.976631 -0.250000
v -0.906741 0.976004 -0.250000
v -0.414147 0.487690 -1.000000
v -0.448119 0.521367 -1.000000
v -0.448328 0.569202 -1.000000
v -0.414651 0.603174 -1.000000
v -0.366816 0.603383 -1.000000
v -0.332844 0.569706 -1.000000
v -0.332635 0.521871 -1.000000
v -0.366312 0.487899 -1.000000
v -0.366816 0.603383 -2.375000
v -0.407719 0.620117 -2.356694
v -0.424662 0.627048 -2.312500
v -0.407719 0.620117 -2.268306
v -0.325912 0.586649 -2.268306
v -0.308970 0.579718 -2.312500
v -0.325912 0.586649 -2.356694
v -0.400284 0.521576 -2.338389
v -0.436286 0.550291 -2.325444
v -0.441396 0.586145 -2.294194
v -0.412621 0.608137 -2.262944
v -0.366816 0.603383 -2.250000
v -0.330814 0.574669 -2.262944
v -0.325704 0.538814 -2.294194
v -0.354479 0.516822 -2.325444
v -0.414147 0.487690 -2.250000
v -0.448119 0.521367 -2.250000
v -0.448328 0.569202 -2.250000
v -0.414651 0.603174 -2.250000
v -0.332844 0.569706 -2.250000
v -0.332635 0.521872 -2.250000
v -0.366312 0.487899 -2.250000
v -0.400788 0.637060 -0.500000
v -0.366816 0.603383 -0.500000
v -0.400997 0.684895 -0.500000
v -0.367320 0.718867 -0.500000
v -0.319485 0.719075 -0.500000
v -0.285513 0.685399 -0.500000
v -0.285304 0.637564 -0.500000
v -0.318981 0.603591 -0.500000
v -0.400788 0.637060 1.125000
v -0.366816 0.603383 1.125000
v -0.400997 0.684895 1.125000
v -0.367320 0.718867 1.125000
v -0.319485 0.719076 1.125000
v -0.285513 0.685399 1.125000
v -0.285304 0.637564 1.125000
v -0.318981 0.603592 1.125000
v 1.012310 1.085853 -1.000000
v 0.978633 1.051881 -1.000000
v 0.930798 1.051672 -1.000000
v 0.896826 1.085349 -1.000000
v 0.896617 1.133184 -1.000000
v 0.930294 1.167156 -1.000000
v 0.978129 1.167365 -1.000000
v 1.012101 1.133688 -1.000000
v 0.896617 1.133184 -2.375000
v 0.879883 1.092281 -2.356694
v 0.872951 1.075338 -2.312500
v 0.879883 1.092281 -2.268306
v 0.913351 1.174088 -2.268306
v 0.920282 1.191031 -2.312500
v 0.913351 1.174088 -2.356694
v 0.978424 1.099716 -2.338388
v 0.949709 1.063714 -2.325444
v 0.913855 1.058604 -2.294194
v 0.891863 1.087380 -2.262944
v 0.896617 1.133184 -2.250000
v 0.925331 1.169187 -2.262944
v 0.961186 1.174297 -2.294194
v 0.983177 1.145521 -2.325444
v 1.012309 1.085853 -2.250000
v 0.978633 1.051881 -2.250000
v 0.930797 1.051673 -2.250000
v 0.896826 1.085349 -2.250000
v 0.930294 1.167156 -2.250000
v 0.978128 1.167365 -2.250000
v 1.012100 1.133688 -2.250000
v 0.862940 1.099212 -0.500000
v 0.896617 1.133184 -0.500000
v 0.815105 1.099004 -0.500000
v 0.781133 1.132680 -0.500000
v 0.780925 1.180515 -0.500000
v 0.814601 1.214487 -0.500000
v 0.862436 1.214696 -0.500000
v 0.896408 1.181019 -0.500000
v 0.862940 1.099212 1.125000
v 0.896617 1.133184 1.125000
v 0.815105 1.099004 1.125000
v 0.781133 1.132681 1.125000
v 0.780924 1.180516 1.125000
v 0.814601 1.214488 1.125000
v 0.862436 1.214696 1.125000
v 0.896408 1.181019 1.125000
v -1.012310 1.914147 -1.000000
v -0.978633 1.948119 -1.000000
v -0.930798 1.948328 -1.000000
v -0.896826 1.914651 -1.000000
v -0.896618 1.866816 -1.000000
v -0.930294 1.832844 -1.000000
v -0.978130 1.832635 -1.000000
v -1.012101 1.866312 -1.000000
v -0.896617 1.866816 -2.375000
v -0.879883 1.907719 -2.356694
v -0.872952 1.924662 -2.312500
v -0.879883 1.907719 -2.268306
v -0.913351 1.825912 -2.268306
v -0.920283 1.808969 -2.312500
v -0.913351 1.825912 -2.356694
v -0.978424 1.900284 -2.338388
v -0.949710 1.936286 -2.325444
v -0.913855 1.941396 -2.294194
v -0.891864 1.912621 -2.262944
v -0.896617 1.866816 -2.250000
v -0.925331 1.830813 -2.262944
v -0.961186 1.825704 -2.294194
v -0.983178 1.854479 -2.325444
v -1.012310 1.914147 -2.250000
v -0.978633 1.948119 -2.250000
v -0.930798 1.948328 -2.250000
v -0.896826 1.914651 -2.250000
v -0.930294 1.832844 -2.250000
v -0.978129 1.832635 -2.250000
v -1.012101 1.866312 -2.250000
v -0.862941 1.900788 -0.500000
v -0.896617 1.866816 -0.500000
v -0.815106 1.900996 -0.500000
v -0.781133 1.867320 -0.500000
v -0.780925 1.819485 -0.500000
v -0.814602 1.785513 -0.500000
v -0.862437 1.785304 -0.500000
v -0.896409 1.818981 -0.500000
v -0.862940 1.900788 1.125000
v -0.896617 1.866816 1.125000
v -0.815106 1.900996 1.125000
v -0.781133 1.867320 1.125000
v -0.780925 1.819485 1.125000
v -0.814601 1.785513 1.125000
v -0.862437 1.785304 1.125000
v -0.896408 1.818981 1.125000
v 1.008657 1.922965 -1.000000
v 1.008866 1.875130 -1.000000
v 0.975189 1.841158 -1.000000
v 0.927354 1.840949 -1.000000
v 0.893382 1.874626 -1.000000
v 0.893173 1.922461 -1.000000
v 0.926850 1.956434 -1.000000
v 0.974685 1.956642 -1.000000
v 0.893381 1.874626 -2.375000
v 0.910472 1.833870 -2.356694
v 0.917551 1.816989 -2.312500
v 0.910472 1.833870 -2.268306
v 0.876291 1.915382 -2.268306
v 0.869212 1.932264 -2.312500
v 0.876291 1.915382 -2.356694
v 0.974893 1.908807 -2.338389
v 0.980047 1.863045 -2.325444
v 0.958307 1.834079 -2.294194
v 0.922409 1.838876 -2.262944
v 0.893381 1.874626 -2.250000
v 0.888228 1.920388 -2.262944
v 0.909968 1.949354 -2.294194
v 0.945866 1.944557 -2.325444
v 1.008657 1.922965 -2.250000
v 1.008865 1.875130 -2.250000
v 0.975188 1.841158 -2.250000
v 0.927354 1.840949 -2.250000
v 0.893173 1.922461 -2.250000
v 0.926849 1.956433 -2.250000
v 0.974684 1.956642 -2.250000
v 0.893590 1.826791 -0.500000
v 0.893381 1.874626 -0.500000
v 0.859914 1.792819 -0.500000
v 0.812078 1.792610 -0.500000
v 0.778107 1.826288 -0.500000
v 0.777898 1.874122 -0.500000
v 0.811575 1.908094 -0.500000
v 0.859410 1.908303 -0.500000
v 0.893590 1.826791 1.125000
v 0.893381 1.874626 1.125000
v 0.859913 1.792819 1.125000
v 0.812078 1.792611 1.125000
v 0.778106 1.826287 1.125000
v 0.777897 1.874122 1.125000
v 0.811575 1.908094 1.125000
v 0.859409 1.908303 1.125000
v -1.008658 1.077035 -1.000000
v -1.008866 1.124870 -1.000000
v -0.975189 1.158842 -1.000000
v -0.927354 1.159051 -1.000000
v -0.893382 1.125374 -1.000000
v -0.893173 1.077539 -1.000000
v -0.926851 1.043567 -1.000000
v -0.974686 1.043358 -1.000000
v -0.893382 1.125374 -2.375000
v -0.910472 1.166130 -2.356694
v -0.917552 1.183011 -2.312500
v -0.910472 1.166130 -2.268306
v -0.876292 1.084618 -2.268306
v -0.869212 1.067736 -2.312500
v -0.876292 1.084618 -2.356694
v -0.974894 1.091193 -2.338389
v -0.980047 1.136955 -2.325444
v -0.958307 1.165921 -2.294194
v -0.922410 1.161124 -2.262944
v -0.893382 1.125374 -2.250000
v -0.888229 1.079612 -2.262944
v -0.909968 1.050646 -2.294194
v -0.945866 1.055443 -2.325444
v -1.008657 1.077035 -2.250000
v -1.008866 1.124870 -2.250000
v -0.975189 1.158842 -2.250000
v -0.927354 1.159051 -2.250000
v -0.893173 1.077539 -2.250000
v -0.926850 1.043567 -2.250000
v -0.974685 1.043358 -2.250000
v -0.893591 1.173209 -0.500000
v -0.893382 1.125374 -0.500000
v -0.859914 1.207181 -0.500000
v -0.812079 1.207390 -0.500000
v -0.778107 1.173712 -0.500000
v -0.777898 1.125878 -0.500000
v -0.811575 1.091906 -0.500000
v -0.859410 1.091697 -0.500000
v -0.893590 1.173209 1.125000
v -0.893382 1.125374 1.125000
v -0.859914 1.207181 1.125000
v -0.812079 1.207390 1.125000
v -0.778107 1.173713 1.125000
v -0.777898 1.125878 1.125000
v -0.811575 1.091906 1.125000
v -0.859410 1.091697 1.125000
v 0.422965 0.491343 -1.000000
v 0.375130 0.491134 -1.000000
v 0.341158 0.524811 -1.000000
v 0.340949 0.572646 -1.000000
v 0.374626 0.606618 -1.000000
v 0.422461 0.606827 -1.000000
v 0.456433 0.573150 -1.000000
v 0.456642 0.525315 -1.000000
v 0.374626 0.606618 -2.375000
v 0.333870 0.589528 -2.356694
v 0.316988 0.582449 -2.312500
v 0.333870 0.589528 -2.268306
v 0.415382 0.623709 -2.268306
v 0.432263 0.630788 -2.312500
v 0.415382 0.623709 -2.356694
v 0.408807 0.525106 -2.338388
v 0.363045 0.519953 -2.325444
v 0.334079 0.541693 -2.294194
v 0.338876 0.577591 -2.262944
v 0.374626 0.606618 -2.250000
v 0.420387 0.611772 -2.262944
v 0.449354 0.590032 -2.294194
v 0.444557 0.554134 -2.325444
v 0.422965 0.491343 -2.250000
v 0.375130 0.491134 -2.250000
v 0.341158 0.524811 -2.250000
v 0.340949 0.572646 -2.250000
v 0.422461 0.606827 -2.250000
v 0.456433 0.573150 -2.250000
v 0.456641 0.525315 -2.250000
v 0.326791 0.606409 -0.500000
v 0.374626 0.606618 -0.500000
v 0.292819 0.640086 -0.500000
v 0.292610 0.687921 -0.500000
v 0.326287 0.721893 -0.500000
v 0.374122 0.722102 -0.500000
v 0.408094 0.688425 -0.500000
v 0.408303 0.640590 -0.500000
v 0.326791 0.606410 1.125000
v 0.374626 0.606618 1.125000
v 0.292819 0.640086 1.125000
v 0.292610 0.687921 1.125000
v 0.326287 0.721893 1.125000
v 0.374122 0.722102 1.125000
v 0.408094 0.688425 1.125000
v 0.408303 0.640590 1.125000
v -0.422965 2.508657 -1.000000
v -0.375130 2.508866 -1.000000
v -0.341158 2.475189 -1.000000
v -0.340949 2.427354 -1.000000
v -0.374626 2.393382 -1.000000
v -0.422461 2.393173 -1.000000
v -0.456434 2.426851 -1.000000
v -0.456642 2.474685 -1.000000
v -0.374626 2.393382 -2.375000
v -0.333870 2.410472 -2.356694
v -0.316989 2.417551 -2.312500
v -0.333870 2.410472 -2.268306
v -0.415382 2.376292 -2.268306
v -0.432264 2.369212 -2.312500
v -0.415382 2.376292 -2.356694
v -0.408807 2.474894 -2.338388
v -0.363045 2.480047 -2.325444
v -0.334079 2.458307 -2.294194
v -0.338876 2.422410 -2.262944
v -0.374626 2.393382 -2.250000
v -0.420388 2.388228 -2.262944
v -0.449354 2.409968 -2.294194
v -0.444557 2.445866 -2.325444
v -0.422965 2.508657 -2.250000
v -0.375130 2.508866 -2.250000
v -0.341158 2.475189 -2.250000
v -0.340949 2.427354 -2.250000
v -0.422461 2.393173 -2.250000
v -0.456433 2.426850 -2.250000
v -0.456642 2.474685 -2.250000
v -0.326791 2.393591 -0.500000
v -0.374626 2.393382 -0.500000
v -0.292819 2.359914 -0.500000
v -0.292611 2.312079 -0.500000
v -0.326288 2.278107 -0.500000
v -0.374122 2.277898 -0.500000
v -0.408094 2.311575 -0.500000
v -0.408303 2.359410 -0.500000
v -0.326791 2.393590 1.125000
v -0.374626 2.393382 1.125000
v -0.292819 2.359914 1.125000
v -0.292611 2.312079 1.125000
v -0.326287 2.278107 1.125000
v -0.374122 2.277898 1.125000
v -0.408094 2.311575 1.125000
v -0.408303 2.359410 1.125000
v 1.011684 1.229358 -0.250000
v 0.909767 1.330389 -0.250000
v 0.766262 1.329762 -0.250000
v 0.665232 1.227846 -0.250000
v 0.665858 1.084342 -0.250000
v 0.767774 0.983311 -0.250000
v 1.012310 1.085853 -0.250000
v 0.911279 0.983937 -0.250000
v 1.011684 1.229358 0.250000
v 0.909767 1.330389 0.250000
v 0.766262 1.329762 0.250000
v 0.665232 1.227846 0.250000
v 0.665858 1.084342 0.250000
v 0.767774 0.983311 0.250000
v 1.012310 1.085853 0.250000
v 0.911279 0.983937 0.250000
v 1.009283 1.779460 0.250000
v 1.008657 1.922965 0.250000
v 0.908253 1.677544 0.250000
v 0.764747 1.676918 0.250000
v 0.662832 1.777948 0.250000
v 0.662205 1.921453 0.250000
v 0.763236 2.023369 0.250000
v 0.906741 2.023996 0.250000
v 1.009283 1.779460 -0.250000
v 1.008657 1.922965 -0.250000
v 0.908253 1.677544 -0.250000
v 0.764747 1.676918 -0.250000
v 0.662832 1.777948 -0.250000
v 0.662205 1.921453 -0.250000
v 0.763236 2.023369 -0.250000
v 0.906741 2.023996 -0.250000
v -1.011684 1.770642 -0.250000
v -0.909767 1.669611 -0.250000
v -0.766263 1.670238 -0.250000
v -0.665232 1.772154 -0.250000
v -0.665858 1.915658 -0.250000
v -0.767774 2.016689 -0.250000
v -1.012310 1.914147 -0.250000
v -0.911279 2.016063 -0.250000
v -1.011684 1.770642 0.250000
v -0.909767 1.669611 0.250000
v -0.766263 1.670238 0.250000
v -0.665232 1.772154 0.250000
v -0.665858 1.915658 0.250000
v -0.767774 2.016689 0.250000
v -1.012310 1.914147 0.250000
v -0.911279 2.016063 0.250000
v -1.009284 1.220540 0.250000
v -1.008657 1.077035 0.250000
v -0.908253 1.322456 0.250000
v -0.764748 1.323082 0.250000
v -0.662832 1.222052 0.250000
v -0.662206 1.078547 0.250000
v -0.763236 0.976631 0.250000
v -0.906741 0.976004 0.250000
v -1.009284 1.220540 -0.250000
v -1.008657 1.077035 -0.250000
v -0.908253 1.322456 -0.250000
v -0.764748 1.323082 -0.250000
v -0.662832 1.222052 -0.250000
v -0.662206 1.078547 -0.250000
v -0.763236 0.976631 -0.250000
v -0.906741 0.976004 -0.250000
v -0.000000 2.500000 2.625000
v -0.382684 2.423880 2.625000
v -0.707107 2.207107 2.625000
v -0.923880 1.882684 2.625000
v -1.000000 1.500000 2.625000
v -0.923880 1.117317 2.625000
v -0.707107 0.792893 2.625000
v -0.382684 0.576120 2.625000
v -0.000000 0.500000 2.625000
v 0.382683 0.576120 2.625000
v 0.707106 0.792893 2.625000
v 0.923879 1.117316 2.625000
v 1.000000 1.500000 2.625000
v 0.923879 1.882684 2.625000
v 0.707106 2.207107 2.625000
v 0.382683 2.423880 2.625000
v -0.000000 2.250000 1.125000
v -0.287013 2.192910 1.125000
v -0.530330 2.030330 1.125000
v -0.692910 1.787013 1.125000
v -0.750000 1.500000 1.125000
v -0.692910 1.212987 1.125000
v -0.530330 0.969670 1.125000
v -0.287013 0.807090 1.125000
v -0.000000 0.750000 1.125000
v 0.287012 0.807090 1.125000
v 0.530330 0.969670 1.125000
v 0.692909 1.212987 1.125000
v 0.750000 1.500000 1.125000
v 0.692909 1.787013 1.125000
v 0.530330 2.030330 1.125000
v 0.287012 2.192910 1.125000
v -0.000000 2.500000 1.125000
v -0.382684 2.423880 1.125000
v -0.707107 2.207107 1.125000
v -0.923880 1.882684 1.125000
v -1.000000 1.500000 1.125000
v -0.923880 1.117317 1.125000
v -0.707107 0.792893 1.125000
v -0.382684 0.576120 1.125000
v -0.000000 0.500000 1.125000
v 0.382683 0.576120 1.125000
v 0.707106 0.792893 1.125000
v 0.923879 1.117316 1.125000
v 1.000000 1.500000 1.125000
v 0.923879 1.882684 1.125000
v 0.707106 2.207107 1.125000
v 0.382683 2.423880 1.125000
v -0.000000 2.500000 2.625000
v -0.382684 2.423880 2.625000
v -0.707107 2.207107 2.625000
v -0.923880 1.882684 2.625000
v -1.000000 1.500000 2.625000
v -0.923880 1.117317 2.625000
v -0.707107 0.792893 2.625000
v -0.382684 0.576120 2.625000
v -0.000000 0.500000 2.625000
v 0.382683 0.576120 2.625000
v 0.707106 0.792893 2.625000
v 0.923879 1.117316 2.625000
v 1.000000 1.500000 2.625000
v 0.923879 1.882684 2.625000
v 0.707106 2.207107 2.625000
v 0.382683 2.423880 2.625000
v -0.000000 2.375000 -0.500000
v -0.334848 2.308394 -0.500000
v -0.618719 2.118719 -0.500000
v -0.808395 1.834848 -0.500000
v -0.875000 1.500000 -0.500000
v -0.808395 1.165152 -0.500000
v -0.618719 0.881282 -0.500000
v -0.334848 0.691606 -0.500000
v -0.000000 0.625000 -0.500000
v 0.334848 0.691606 -0.500000
v 0.618718 0.881281 -0.500000
v 0.808394 1.165152 -0.500000
v 0.875000 1.500000 -0.500000
v 0.808394 1.834848 -0.500000
v 0.618718 2.118719 -0.500000
v 0.334847 2.308395 -0.500000
v 0.000000 3.000000 2.750000
v -0.574025 2.885819 2.750000
v -1.060660 2.560660 2.750000
v -1.385819 2.074025 2.750000
v -1.500000 1.500000 2.750000
v -1.385819 0.925975 2.750000
v -1.060660 0.439340 2.750000
v -0.574025 0.114181 2.750000
v 0.000000 0.000000 2.750000
v 0.574025 0.114181 2.750000
v 1.060660 0.439340 2.750000
v 1.385819 0.925975 2.750000
v 1.500000 1.500000 2.750000
v 1.385819 2.074025 2.750000
v 1.060659 2.560660 2.750000
v 0.574024 2.885819 2.750000
v 0.000000 3.000000 2.250000
v -0.574025 2.885819 2.250000
v -1.060660 2.560660 2.250000
v -1.385819 2.074025 2.250000
v -1.500000 1.500000 2.250000
v -1.385819 0.925975 2.250000
v -1.060660 0.439340 2.250000
v -0.574025 0.114181 2.250000
v 0.000000 0.000000 2.250000
v 0.574025 0.114181 2.250000
v 1.060660 0.439340 2.250000
v 1.385819 0.925975 2.250000
v 1.500000 1.500000 2.250000
v 1.385819 2.074025 2.250000
v 1.060659 2.560660 2.250000
v 0.574024 2.885819 2.250000
vt 0.157088 0.470588
vt 0.153257 0.411765
vt 0.157088 0.411765
vt 0.153257 0.352941
vt 0.157088 0.352941
vt 0.153257 0.294118
vt 0.157088 0.294118
vt 0.153257 0.235294
vt 0.157088 0.235294
vt 0.153257 0.176471
vt 0.157088 0.176471
vt 0.157088 0.117647
vt 0.153257 0.117647
vt 0.153257 0.058824
vt 0.157088 0.058824
vt 0.157088 -0.000000
vt 0.153257 0.000000
vt 0.157088 0.882353
vt 0.153257 0.941176
vt 0.153257 0.882353
vt 0.157088 0.823529
vt 0.153257 0.823529
vt 0.157088 0.764706
vt 0.153257 0.764706
vt 0.157088 0.705882
vt 0.153257 0.705882
vt 0.157088 0.647059
vt 0.153257 0.647059
vt 0.157088 0.588235
vt 0.153257 0.588235
vt 0.157088 0.529412
vt 0.153257 0.529412
vt 0.153257 0.470588
vt 0.295019 0.705882
vt 0.287356 0.764706
vt 0.287356 0.705882
vt 0.287356 0.647059
vt 0.295019 0.588235
vt 0.287356 0.588235
vt 0.295019 0.529412
vt 0.287356 0.529412
vt 0.295019 0.470588
vt 0.287356 0.470588
vt 0.295019 0.411765
vt 0.287356 0.411765
vt 0.295019 0.352941
vt 0.287356 0.352941
vt 0.295019 0.294118
vt 0.287356 0.294118
vt 0.295019 0.235294
vt 0.287356 0.235294
vt 0.287356 0.176471
vt 0.295019 0.117647
vt 0.287356 0.117647
vt 0.295019 0.058824
vt 0.287356 0.058824
vt 0.287356 0.000000
vt 0.287356 0.882353
vt 0.295019 0.941176
vt 0.287356 0.941176
vt 0.287356 0.823529
vt 0.295019 0.882353
vt 0.295019 0.823529
vt 0.176245 0.294118
vt 0.172414 0.352941
vt 0.172414 0.294118
vt 0.176245 0.352941
vt 0.172414 0.411765
vt 0.176245 0.411765
vt 0.172414 0.470588
vt 0.176245 0.470588
vt 0.172414 0.529412
vt 0.176245 0.529412
vt 0.172414 0.588235
vt 0.176245 0.647059
vt 0.172414 0.647059
vt 0.176245 0.705882
vt 0.172414 0.705882
vt 0.176245 0.764706
vt 0.172414 0.764706
vt 0.176245 0.823529
vt 0.172414 0.823529
vt 0.176245 0.882353
vt 0.172414 0.882353
vt 0.176245 0.941176
vt 0.172414 0.941176
vt 0.172414 0.000000
vt 0.176245 0.058824
vt 0.172414 0.058824
vt 0.172414 0.117647
vt 0.176245 0.117647
vt 0.172414 0.176471
vt 0.176245 0.176471
vt 0.172414 0.235294
vt 0.176245 0.235294
vt 0.272031 0.352941
vt 0.268199 0.294118
vt 0.272031 0.294118
vt 0.272031 0.411765
vt 0.268199 0.352941
vt 0.272031 0.470588
vt 0.268199 0.411765
vt 0.272031 0.529412
vt 0.268199 0.470588
vt 0.272031 0.588235
vt 0.268199 0.529412
vt 0.268199 0.647059
vt 0.268199 0.588235
vt 0.272031 0.647059
vt 0.268199 0.705882
vt 0.272031 0.705882
vt 0.268199 0.764706
vt 0.272031 0.764706
vt 0.268199 0.823529
vt 0.272031 0.823529
vt 0.268199 0.882353
vt 0.272031 0.882353
vt 0.268199 0.941176
vt 0.272031 0.000000
vt 0.268199 0.058824
vt 0.268199 0.000000
vt 0.272031 0.117647
vt 0.272031 0.058824
vt 0.268199 0.176471
vt 0.268199 0.117647
vt 0.272031 0.235294
vt 0.272031 0.176471
vt 0.268199 0.235294
vt 0.478927 0.549020
vt 0.486590 0.588235
vt 0.478927 0.588235
vt 0.478927 0.235294
vt 0.486590 0.274510
vt 0.478927 0.274510
vt 0.486590 0.627451
vt 0.478927 0.627451
vt 0.478927 0.352941
vt 0.486590 0.313726
vt 0.486590 0.352941
vt 0.478927 0.313726
vt 0.478927 0.039216
vt 0.486590 -0.000000
vt 0.486590 0.039216
vt 0.486590 0.392157
vt 0.478927 0.392157
vt 0.486590 0.078431
vt 0.478927 0.078431
vt 0.486590 0.431373
vt 0.478927 0.431373
vt 0.486590 0.117647
vt 0.478927 0.117647
vt 0.486590 0.470588
vt 0.478927 0.470588
vt 0.478927 0.156863
vt 0.486590 0.156863
vt 0.478927 0.509804
vt 0.486590 0.509804
vt 0.478927 0.196078
vt 0.486590 0.196078
vt 0.486590 0.549020
vt 0.486590 0.235294
vt 0.340996 0.784153
vt 0.295114 0.705882
vt 0.340996 0.627612
vt 0.432950 0.810458
vt 0.417625 0.856209
vt 0.417625 0.810458
vt 0.363985 0.810458
vt 0.348659 0.856209
vt 0.348659 0.810458
vt 0.432950 0.810458
vt 0.417625 0.856209
vt 0.417625 0.810458
vt 0.363985 0.810458
vt 0.348659 0.856209
vt 0.348659 0.810458
vt 0.363985 0.856209
vt 0.295019 0.856209
vt 0.295019 0.810458
vt 0.363985 0.856209
vt 0.295019 0.856209
vt 0.295019 0.810458
vt 0.432950 0.810458
vt 0.417625 0.856209
vt 0.417625 0.810458
vt 0.363985 0.810458
vt 0.348659 0.856209
vt 0.348659 0.810458
vt 0.432950 0.810458
vt 0.417625 0.856209
vt 0.417625 0.810458
vt 0.348659 0.810458
vt 0.363985 0.856209
vt 0.348659 0.856209
vt 0.363985 0.810458
vt 0.295019 0.856209
vt 0.295019 0.810458
vt 0.363985 0.856209
vt 0.295019 0.856209
vt 0.295019 0.810458
vt 0.432950 0.810458
vt 0.417625 0.856209
vt 0.417625 0.810458
vt 0.348659 0.810458
vt 0.363985 0.856209
vt 0.348659 0.856209
vt 0.417625 0.810458
vt 0.432950 0.856209
vt 0.417625 0.856209
vt 0.363985 0.810458
vt 0.348659 0.856209
vt 0.348659 0.810458
vt 0.363985 0.856209
vt 0.295019 0.856209
vt 0.295019 0.810458
vt 0.363985 0.810458
vt 0.295019 0.856209
vt 0.295019 0.810458
vt 0.432950 0.810458
vt 0.417625 0.856209
vt 0.417625 0.810458
vt 0.348659 0.810458
vt 0.363985 0.856209
vt 0.348659 0.856209
vt 0.432950 0.810458
vt 0.417625 0.856209
vt 0.417625 0.810458
vt 0.363985 0.810458
vt 0.348659 0.856209
vt 0.348659 0.810458
vt 0.363985 0.856209
vt 0.295019 0.856209
vt 0.295019 0.810458
vt 0.363985 0.810458
vt 0.295019 0.856209
vt 0.295019 0.810458
vt 0.432950 0.810458
vt 0.417625 0.856209
vt 0.417625 0.810458
vt 0.348659 0.810458
vt 0.363985 0.856209
vt 0.348659 0.856209
vt 0.432950 0.810458
vt 0.417625 0.856209
vt 0.417625 0.810458
vt 0.363985 0.810458
vt 0.348659 0.856209
vt 0.348659 0.810458
vt 0.363985 0.856209
vt 0.295019 0.856209
vt 0.295019 0.810458
vt 0.363985 0.810458
vt 0.295019 0.856209
vt 0.295019 0.810458
vt 0.432950 0.810458
vt 0.417625 0.856209
vt 0.417625 0.810458
vt 0.348659 0.810458
vt 0.363985 0.856209
vt 0.348659 0.856209
vt 0.417625 0.810458
vt 0.432950 0.856209
vt 0.417625 0.856209
vt 0.363985 0.810458
vt 0.348659 0.856209
vt 0.348659 0.810458
vt 0.363985 0.856209
vt 0.295019 0.856209
vt 0.295019 0.810458
vt 0.363985 0.810458
vt 0.295019 0.856209
vt 0.295019 0.810458
vt 0.463994 0.947712
vt 0.475096 0.928773
vt 0.486198 0.947712
vt 0.410354 0.947548
vt 0.421553 0.928775
vt 0.432558 0.947878
vt 0.421553 0.928775
vt 0.429375 0.934438
vt 0.432558 0.947878
vt 0.475096 0.966651
vt 0.463994 0.947712
vt 0.475096 0.928773
vt 0.402980 0.783152
vt 0.402980 0.654757
vt 0.478246 0.654757
vt 0.517241 0.640523
vt 0.540230 0.679739
vt 0.517241 0.679739
vt 0.509579 0.640523
vt 0.540230 0.627451
vt 0.540230 0.640523
vt 0.517241 0.692810
vt 0.547893 0.679739
vt 0.517241 0.640523
vt 0.540230 0.679739
vt 0.517241 0.679739
vt 0.509579 0.640523
vt 0.540230 0.627451
vt 0.540230 0.640523
vt 0.517241 0.692810
vt 0.547893 0.679739
vt 0.517241 0.679739
vt 0.540230 0.640523
vt 0.540230 0.679739
vt 0.547893 0.679739
vt 0.547893 0.640523
vt 0.540230 0.627451
vt 0.517241 0.640523
vt 0.517241 0.627451
vt 0.517241 0.692810
vt 0.540230 0.692810
vt 0.509579 0.640523
vt 0.509579 0.679739
vt 0.547893 0.718954
vt 0.670498 0.823529
vt 0.547893 0.823529
vt 0.517241 0.679739
vt 0.540230 0.640523
vt 0.540230 0.679739
vt 0.547893 0.679739
vt 0.547893 0.640523
vt 0.540230 0.627451
vt 0.517241 0.640523
vt 0.517241 0.627451
vt 0.517241 0.692810
vt 0.540230 0.692810
vt 0.509579 0.640523
vt 0.509579 0.679739
vt 0.494253 0.771242
vt 0.494253 0.718954
vt 0.547893 0.718954
vt 0.547893 0.627451
vt 0.670498 0.718954
vt 0.724138 0.771242
vt 0.693487 0.823529
vt 0.547893 0.862745
vt 0.670498 0.915033
vt 0.547893 0.967320
vt 0.547893 0.915033
vt 0.670498 0.862745
vt 0.670498 0.823529
vt 0.547893 0.823529
vt 0.547893 0.627451
vt 0.670498 0.718954
vt 0.724138 0.771242
vt 0.693487 0.823529
vt 0.547893 0.862745
vt 0.670498 0.915033
vt 0.547893 0.967320
vt 0.547893 0.915033
vt 0.670498 0.862745
vt 0.494253 0.771242
vt 0.494253 0.718954
vt 0.463994 0.947712
vt 0.475096 0.928773
vt 0.486198 0.947712
vt 0.432558 0.947878
vt 0.421359 0.966651
vt 0.410354 0.947548
vt 0.931035 0.732026
vt 0.731801 0.810458
vt 0.731801 0.732026
vt 0.731801 0.640523
vt 0.931035 0.718954
vt 0.731801 0.718954
vt 0.931035 0.627451
vt 0.731801 0.627451
vt 0.938697 0.718954
vt 0.931035 0.640523
vt 0.938697 0.640523
vt 0.724138 0.640523
vt 0.724138 0.718954
vt 0.206897 1.000000
vt 0.107280 0.941176
vt 0.206897 0.941176
vt 0.099617 1.000000
vt 0.107280 1.000000
vt 0.398467 0.993464
vt 0.306513 0.941176
vt 0.398467 0.941176
vt -0.000000 0.941176
vt -0.000000 1.000000
vt 0.206897 1.000000
vt 0.107280 0.941176
vt 0.206897 0.941176
vt 0.099617 1.000000
vt 0.107280 1.000000
vt 0.298851 0.941176
vt 0.206897 0.993464
vt 0.206897 0.941176
vt -0.000000 0.941176
vt -0.000000 1.000000
vt 0.298851 0.941176
vt 0.206897 0.993464
vt 0.206897 0.941176
vt 0.398467 0.993464
vt 0.306513 0.941176
vt 0.398467 0.941176
vt 0.306513 0.993464
vt 0.306513 0.993464
vt 0.475096 0.966651
vt 0.463994 0.947712
vt 0.475096 0.928773
vt 0.432558 0.947878
vt 0.421359 0.966651
vt 0.410354 0.947548
vt 0.157088 0.941176
vt 0.295019 0.764706
vt 0.295019 0.647059
vt 0.295019 0.176471
vt 0.295019 0.000000
vt 0.176245 0.588235
vt 0.176245 0.000000
vt 0.272031 0.941176
vt 0.478927 -0.000000
vt 0.323438 0.778195
vt 0.308552 0.761228
vt 0.298606 0.735835
vt 0.298606 0.675930
vt 0.308552 0.650537
vt 0.323438 0.633570
vt 0.358555 0.633570
vt 0.373440 0.650537
vt 0.383386 0.675930
vt 0.386879 0.705882
vt 0.383386 0.735835
vt 0.373440 0.761228
vt 0.358555 0.778195
vt 0.432950 0.856209
vt 0.432950 0.856209
vt 0.432950 0.856209
vt 0.432950 0.856209
vt 0.432950 0.856209
vt 0.432950 0.810458
vt 0.432950 0.856209
vt 0.432950 0.856209
vt 0.432950 0.856209
vt 0.432950 0.856209
vt 0.432950 0.856209
vt 0.432950 0.810458
vt 0.475096 0.966651
vt 0.467245 0.961104
vt 0.467245 0.934321
vt 0.482946 0.934321
vt 0.482946 0.961104
vt 0.429238 0.961221
vt 0.421359 0.966651
vt 0.413537 0.960987
vt 0.413675 0.934205
vt 0.429375 0.934438
vt 0.429238 0.961221
vt 0.410354 0.947548
vt 0.421359 0.966651
vt 0.413537 0.960987
vt 0.413675 0.934205
vt 0.467245 0.961104
vt 0.467245 0.934321
vt 0.482946 0.934321
vt 0.486198 0.947712
vt 0.482946 0.961104
vt 0.478246 0.783152
vt 0.460980 0.802832
vt 0.440613 0.809743
vt 0.420246 0.802832
vt 0.391443 0.753698
vt 0.387392 0.718954
vt 0.391443 0.684211
vt 0.420246 0.635076
vt 0.440613 0.628165
vt 0.460980 0.635076
vt 0.489783 0.684211
vt 0.493834 0.718954
vt 0.489783 0.753698
vt 0.509579 0.679739
vt 0.517241 0.627451
vt 0.540230 0.692810
vt 0.547893 0.640523
vt 0.509579 0.679739
vt 0.517241 0.627451
vt 0.540230 0.692810
vt 0.547893 0.640523
vt 0.524904 0.823529
vt 0.670498 0.627451
vt 0.724138 0.718954
vt 0.670498 0.967320
vt 0.670498 0.627451
vt 0.724138 0.718954
vt 0.670498 0.967320
vt 0.524904 0.823529
vt 0.475096 0.966651
vt 0.467245 0.961104
vt 0.467245 0.934321
vt 0.482946 0.934321
vt 0.482946 0.961104
vt 0.429238 0.961221
vt 0.413537 0.960987
vt 0.413675 0.934205
vt 0.421553 0.928775
vt 0.429375 0.934438
vt 0.931035 0.810458
vt 0.099617 0.941176
vt 0.099617 0.941176
vt 0.298851 0.993464
vt 0.298851 0.993464
vt 0.467245 0.961104
vt 0.467245 0.934321
vt 0.482946 0.934321
vt 0.486198 0.947712
vt 0.482946 0.961104
vt 0.429238 0.961221
vt 0.413537 0.960987
vt 0.413675 0.934205
vt 0.421553 0.928775
vt 0.429375 0.934438
vt 0.149425 0.823529
vt 0.149425 0.764706
vt 0.149425 0.705882
vt 0.149425 0.647059
vt 0.149425 0.588235
vt 0.149425 0.529412
vt 0.149425 0.470588
vt 0.149425 0.411765
vt 0.149425 0.352941
vt 0.149425 0.294118
vt 0.149425 0.235294
vt 0.149425 0.176471
vt 0.149425 0.117647
vt 0.149425 0.058824
vt 0.149425 0.000000
vt 0.149425 0.882353
vt 0.586207 0.156863
vt 0.616858 0.196078
vt 0.586207 0.196078
vt 0.586207 0.117647
vt 0.616858 0.156863
vt 0.616858 0.078431
vt 0.586207 0.078431
vt 0.616858 0.039216
vt 0.586207 0.039216
vt 0.586207 -0.000000
vt 0.586207 0.588235
vt 0.616858 0.627451
vt 0.586207 0.627451
vt 0.616858 0.549020
vt 0.586207 0.549020
vt 0.586207 0.509804
vt 0.586207 0.470588
vt 0.616858 0.509804
vt 0.616858 0.431373
vt 0.586207 0.431373
vt 0.616858 0.392157
vt 0.586207 0.392157
vt 0.616858 0.352941
vt 0.586207 0.352941
vt 0.616858 0.313726
vt 0.586207 0.313726
vt 0.616858 0.274510
vt 0.586207 0.274510
vt 0.616858 0.235294
vt 0.586207 0.235294
vt 0.486590 0.431373
vt 0.586207 0.470588
vt 0.486590 0.470588
vt 0.486590 0.392157
vt 0.586207 0.431373
vt 0.486590 0.274510
vt 0.586207 0.313726
vt 0.486590 0.313726
vt 0.486590 0.352941
vt 0.586207 0.392157
vt 0.486590 0.235294
vt 0.586207 0.274510
vt 0.586207 0.352941
vt 0.486590 0.196078
vt 0.586207 0.235294
vt 0.486590 0.156863
vt 0.586207 0.196078
vt 0.486590 0.117647
vt 0.586207 0.156863
vt 0.486590 0.078431
vt 0.586207 0.117647
vt 0.486590 0.039216
vt 0.586207 0.078431
vt 0.486590 0.000000
vt 0.586207 0.039216
vt 0.486590 0.588235
vt 0.586207 0.627451
vt 0.486590 0.627451
vt 0.486590 0.549020
vt 0.586207 0.588235
vt 0.486590 0.509804
vt 0.586207 0.549020
vt 0.586207 0.509804
vt 0.478927 0.235294
vt 0.386973 0.196078
vt 0.478927 0.196078
vt 0.478927 0.549020
vt 0.386973 0.509804
vt 0.478927 0.509804
vt 0.386973 0.156863
vt 0.478927 0.156863
vt 0.386973 0.470588
vt 0.478927 0.470588
vt 0.386973 0.117647
vt 0.478927 0.117647
vt 0.386973 0.431373
vt 0.478927 0.431373
vt 0.386973 0.078431
vt 0.478927 0.078431
vt 0.386973 0.392157
vt 0.478927 0.392157
vt 0.386973 0.039216
vt 0.478927 0.039216
vt 0.386973 0.352941
vt 0.478927 0.352941
vt 0.386973 -0.000000
vt 0.478927 -0.000000
vt 0.478927 0.313726
vt 0.386973 0.274510
vt 0.478927 0.274510
vt 0.386973 0.313726
vt 0.478927 0.627451
vt 0.386973 0.588235
vt 0.478927 0.588235
vt 0.386973 0.235294
vt 0.386973 0.549020
vt 0.977012 0.032680
vt 0.946360 0.052288
vt 0.946360 0.026144
vt 0.946360 0.261438
vt 0.977012 0.281046
vt 0.946360 0.287582
vt 0.977012 0.071895
vt 0.946360 0.078431
vt 0.977012 0.294118
vt 0.946360 0.313726
vt 0.977012 0.098039
vt 0.946360 0.104575
vt 0.977012 0.320261
vt 0.946360 0.339869
vt 0.977012 0.111111
vt 0.946360 0.130719
vt 0.977012 0.359477
vt 0.946360 0.366013
vt 0.977012 0.137255
vt 0.946360 0.156863
vt 0.977012 0.385621
vt 0.946360 0.392157
vt 0.977012 0.176471
vt 0.946360 0.183007
vt 0.977012 0.398693
vt 0.946360 0.418301
vt 0.946360 0.209150
vt 0.977012 0.228758
vt 0.946360 0.235294
vt 0.977012 0.189542
vt 0.977012 0.006536
vt 0.946360 0.000000
vt 0.977012 0.241830
vt 1.000000 0.300654
vt 0.977012 0.307190
vt 0.977012 0.267974
vt 1.000000 0.274510
vt 1.000000 0.248366
vt 0.977012 0.254902
vt 0.977012 0.215686
vt 1.000000 0.222222
vt 1.000000 0.196078
vt 0.977012 0.202614
vt 0.977012 0.163399
vt 1.000000 0.169935
vt 1.000000 0.143791
vt 0.977012 0.150327
vt 1.000000 0.326797
vt 0.977012 0.333333
vt 0.977012 0.346405
vt 1.000000 0.352941
vt 0.977012 0.372549
vt 1.000000 0.379085
vt 1.000000 0.405229
vt 0.977012 0.411765
vt 1.000000 0.013072
vt 0.977012 0.019608
vt 1.000000 0.039216
vt 0.977012 0.045752
vt 0.977012 0.058824
vt 1.000000 0.065359
vt 0.977012 0.084967
vt 1.000000 0.091503
vt 1.000000 0.117647
vt 0.977012 0.124183
vt 0.708812 0.156863
vt 0.616858 0.117647
vt 0.708812 0.117647
vt 0.708812 0.509804
vt 0.616858 0.470588
vt 0.708812 0.470588
vt 0.708812 0.196078
vt 0.616858 0.156863
vt 0.708812 0.549020
vt 0.616858 0.509804
vt 0.708812 0.235294
vt 0.616858 0.196078
vt 0.708812 0.588235
vt 0.616858 0.549020
vt 0.708812 0.274510
vt 0.616858 0.235294
vt 0.708812 0.627451
vt 0.616858 0.588235
vt 0.708812 0.352941
vt 0.616858 0.313726
vt 0.708812 0.313726
vt 0.616858 0.274510
vt 0.708812 0.039216
vt 0.616858 -0.000000
vt 0.708812 -0.000000
vt 0.708812 0.392157
vt 0.616858 0.352941
vt 0.708812 0.078431
vt 0.616858 0.039216
vt 0.708812 0.431373
vt 0.616858 0.392157
vt 0.616858 0.078431
vt 0.616858 0.431373
vt 0.831418 0.339869
vt 0.831418 0.366013
vt 0.831418 0.392157
vt 0.831418 0.000000
vt 0.831418 0.026144
vt 0.831418 0.052288
vt 0.831418 0.078431
vt 0.831418 0.104575
vt 0.831418 0.130719
vt 0.831418 0.209150
vt 0.831418 0.156863
vt 0.831418 0.235294
vt 0.831418 0.183007
vt 0.831418 0.261438
vt 0.831418 0.287582
vt 0.831418 0.313726
vt 0.030651 0.529412
vt 0.000000 0.588235
vt 0.000000 0.529412
vt 0.030651 0.058824
vt 0.000000 0.117647
vt 0.000000 0.058824
vt 0.030651 0.588235
vt 0.000000 0.647059
vt 0.030651 0.117647
vt 0.000000 0.176471
vt 0.030651 0.647059
vt -0.000000 0.705882
vt 0.030651 0.176471
vt 0.000000 0.235294
vt 0.030651 0.705882
vt 0.000000 0.764706
vt 0.030651 0.235294
vt 0.000000 0.294118
vt 0.030651 0.764706
vt 0.000000 0.823529
vt 0.030651 0.294118
vt 0.000000 0.352941
vt 0.030651 0.823529
vt 0.000000 0.882353
vt 0.030651 0.352941
vt 0.000000 0.411765
vt 0.030651 0.882353
vt 0.000000 0.941176
vt 0.030651 0.470588
vt 0.000000 0.470588
vt 0.030651 0.411765
vt 0.030651 -0.000000
vt -0.000000 -0.000000
vt 0.854406 0.816993
vt 0.823755 0.823529
vt 0.823755 0.816993
vt 0.934866 0.836601
vt 0.938697 0.830065
vt 0.938697 0.836601
vt 0.934866 0.830065
vt 0.938697 0.823529
vt 0.934866 0.823529
vt 0.938697 0.816993
vt 0.938697 0.856209
vt 0.934866 0.849673
vt 0.938697 0.849673
vt 0.934866 0.843137
vt 0.938697 0.843137
vt 0.931035 0.830065
vt 0.931035 0.816993
vt 0.934866 0.816993
vt 0.931035 0.856209
vt 0.934866 0.856209
vt 0.931035 0.843137
vt 0.931035 0.836601
vt 0.934866 0.862745
vt 0.934866 0.810458
vt 0.854406 0.823529
vt 0.931035 0.823529
vt 0.854406 0.830065
vt 0.854406 0.836601
vt 0.854406 0.843137
vt 0.854406 0.849673
vt 0.931035 0.849673
vt 0.854406 0.856209
vt 0.931035 0.862745
vt 0.854406 0.862745
vt 0.931035 0.810458
vt 0.724138 0.810458
vt 0.823755 0.810458
vt 0.823755 0.836601
vt 0.823755 0.830065
vt 0.823755 0.849673
vt 0.854406 0.810458
vt 0.823755 0.843137
vt 0.823755 0.856209
vt 0.724138 0.823529
vt 0.724138 0.843137
vt 0.823755 0.862745
vt 0.724138 0.856209
vt 0.724138 0.816993
vt 0.724138 0.830065
vt 0.724138 0.836601
vt 0.724138 0.849673
vt 0.846743 0.437909
vt 0.842912 0.431373
vt 0.846743 0.431373
vt 0.842912 0.437909
vt 0.839080 0.431373
vt 0.839080 0.437909
vt 0.835249 0.431373
vt 0.858238 0.431373
vt 0.854406 0.437909
vt 0.854406 0.431373
vt 0.850575 0.437909
vt 0.850575 0.431373
vt 0.842912 0.444444
vt 0.839080 0.444444
vt 0.835249 0.437909
vt 0.858238 0.437909
vt 0.854406 0.444444
vt 0.850575 0.444444
vt 0.831418 0.437909
vt 0.835249 0.444444
vt 0.862069 0.437909
vt 0.858238 0.444444
vt 0.839080 0.418301
vt 0.858238 0.418301
vt 0.850575 0.418301
vt 0.831418 0.431373
vt 0.835249 0.418301
vt 0.854406 0.418301
vt 0.842912 0.418301
vt 0.846743 0.418301
vt 0.862069 0.418301
vt 0.862069 0.431373
vt 0.835249 0.470588
vt 0.850575 0.470588
vt 0.846743 0.444444
vt 0.842912 0.470588
vt 0.862069 0.444444
vt 0.858238 0.470588
vt 0.831418 0.470588
vt 0.831418 0.444444
vt 0.854406 0.470588
vt 0.839080 0.470588
vt 0.846743 0.470588
vt 0.877395 0.594771
vt 0.873563 0.588235
vt 0.877395 0.588235
vt 0.873563 0.594771
vt 0.869732 0.588235
vt 0.869732 0.594771
vt 0.865900 0.588235
vt 0.888889 0.588235
vt 0.885057 0.594771
vt 0.885057 0.588235
vt 0.881226 0.594771
vt 0.881226 0.588235
vt 0.877395 0.601307
vt 0.869732 0.601307
vt 0.865900 0.601307
vt 0.865900 0.594771
vt 0.888889 0.594771
vt 0.885057 0.601307
vt 0.881226 0.601307
vt 0.862069 0.594771
vt 0.892720 0.594771
vt 0.888889 0.601307
vt 0.865900 0.627451
vt 0.881226 0.627451
vt 0.873563 0.627451
vt 0.873563 0.601307
vt 0.892720 0.601307
vt 0.888889 0.627451
vt 0.862069 0.627451
vt 0.862069 0.601307
vt 0.885057 0.627451
vt 0.869732 0.627451
vt 0.877395 0.627451
vt 0.869732 0.529412
vt 0.865900 0.522876
vt 0.869732 0.522876
vt 0.862069 0.529412
vt 0.862069 0.522876
vt 0.892720 0.522876
vt 0.888889 0.529412
vt 0.888889 0.522876
vt 0.881226 0.529412
vt 0.877395 0.522876
vt 0.881226 0.522876
vt 0.877395 0.529412
vt 0.873563 0.522876
vt 0.865900 0.535948
vt 0.865900 0.529412
vt 0.892720 0.535948
vt 0.892720 0.529412
vt 0.881226 0.535948
vt 0.877395 0.535948
vt 0.873563 0.529412
vt 0.869732 0.535948
vt 0.885057 0.529412
vt 0.888889 0.535948
vt 0.862069 0.535948
vt 0.862069 0.588235
vt 0.892720 0.588235
vt 0.885057 0.535948
vt 0.873563 0.535948
vt 0.885057 0.431373
vt 0.881226 0.437909
vt 0.881226 0.431373
vt 0.877395 0.431373
vt 0.873563 0.437909
vt 0.873563 0.431373
vt 0.865900 0.437909
vt 0.862069 0.431373
vt 0.865900 0.431373
vt 0.892720 0.437909
vt 0.888889 0.431373
vt 0.892720 0.431373
vt 0.888889 0.437909
vt 0.885057 0.437909
vt 0.881226 0.444444
vt 0.877395 0.437909
vt 0.877395 0.444444
vt 0.862069 0.444444
vt 0.862069 0.437909
vt 0.888889 0.444444
vt 0.885057 0.444444
vt 0.869732 0.437909
vt 0.873563 0.444444
vt 0.865900 0.444444
vt 0.877395 0.418301
vt 0.865900 0.418301
vt 0.888889 0.418301
vt 0.869732 0.431373
vt 0.873563 0.418301
vt 0.892720 0.418301
vt 0.881226 0.418301
vt 0.885057 0.418301
vt 0.869732 0.418301
vt 0.869732 0.444444
vt 0.885057 0.522876
vt 0.842912 0.431373
vt 0.846743 0.437909
vt 0.846743 0.431373
vt 0.839080 0.431373
vt 0.842912 0.437909
vt 0.835249 0.431373
vt 0.839080 0.437909
vt 0.858238 0.431373
vt 0.854406 0.437909
vt 0.858238 0.437909
vt 0.854406 0.431373
vt 0.850575 0.437909
vt 0.850575 0.431373
vt 0.842912 0.444444
vt 0.846743 0.444444
vt 0.839080 0.444444
vt 0.835249 0.444444
vt 0.854406 0.444444
vt 0.858238 0.444444
vt 0.850575 0.444444
vt 0.835249 0.437909
vt 0.831418 0.437909
vt 0.862069 0.437909
vt 0.839080 0.418301
vt 0.858238 0.418301
vt 0.850575 0.418301
vt 0.835249 0.418301
vt 0.831418 0.431373
vt 0.854406 0.418301
vt 0.842912 0.418301
vt 0.846743 0.418301
vt 0.862069 0.418301
vt 0.862069 0.431373
vt 0.835249 0.470588
vt 0.850575 0.470588
vt 0.842912 0.470588
vt 0.858238 0.470588
vt 0.862069 0.444444
vt 0.831418 0.470588
vt 0.831418 0.444444
vt 0.854406 0.470588
vt 0.839080 0.470588
vt 0.846743 0.470588
vt 0.873563 0.588235
vt 0.877395 0.594771
vt 0.877395 0.588235
vt 0.869732 0.588235
vt 0.873563 0.594771
vt 0.865900 0.588235
vt 0.869732 0.594771
vt 0.888889 0.588235
vt 0.885057 0.594771
vt 0.888889 0.594771
vt 0.885057 0.588235
vt 0.881226 0.594771
vt 0.881226 0.588235
vt 0.877395 0.601307
vt 0.869732 0.601307
vt 0.873563 0.601307
vt 0.865900 0.601307
vt 0.885057 0.601307
vt 0.888889 0.601307
vt 0.881226 0.601307
vt 0.865900 0.594771
vt 0.862069 0.594771
vt 0.892720 0.594771
vt 0.865900 0.627451
vt 0.881226 0.627451
vt 0.873563 0.627451
vt 0.888889 0.627451
vt 0.892720 0.601307
vt 0.862069 0.627451
vt 0.862069 0.601307
vt 0.885057 0.627451
vt 0.869732 0.627451
vt 0.877395 0.627451
vt 0.865900 0.522876
vt 0.869732 0.529412
vt 0.869732 0.522876
vt 0.862069 0.529412
vt 0.865900 0.529412
vt 0.877395 0.522876
vt 0.881226 0.529412
vt 0.881226 0.522876
vt 0.873563 0.522876
vt 0.877395 0.529412
vt 0.873563 0.529412
vt 0.865900 0.535948
vt 0.869732 0.535948
vt 0.881226 0.535948
vt 0.877395 0.535948
vt 0.873563 0.535948
vt 0.885057 0.529412
vt 0.862069 0.535948
vt 0.862069 0.588235
vt 0.892720 0.588235
vt 0.888889 0.535948
vt 0.885057 0.535948
vt 0.881226 0.431373
vt 0.885057 0.437909
vt 0.885057 0.431373
vt 0.877395 0.431373
vt 0.881226 0.437909
vt 0.873563 0.437909
vt 0.877395 0.437909
vt 0.892720 0.431373
vt 0.888889 0.437909
vt 0.892720 0.437909
vt 0.888889 0.431373
vt 0.885057 0.444444
vt 0.881226 0.444444
vt 0.877395 0.444444
vt 0.888889 0.444444
vt 0.892720 0.444444
vt 0.873563 0.431373
vt 0.869732 0.437909
vt 0.873563 0.444444
vt 0.877395 0.418301
vt 0.865900 0.418301
vt 0.862069 0.431373
vt 0.865900 0.431373
vt 0.888889 0.418301
vt 0.873563 0.418301
vt 0.869732 0.431373
vt 0.892720 0.418301
vt 0.881226 0.418301
vt 0.885057 0.418301
vt 0.869732 0.418301
vt 0.869732 0.444444
vt 0.862069 0.444444
vt 0.862069 0.522876
vt 0.892720 0.522876
vt 0.888889 0.522876
vt 0.885057 0.522876
vt 0.149425 0.941176
vt 0.030651 0.882353
vt 0.149425 0.882353
vt 0.149425 0.058824
vt 0.030651 -0.000000
vt 0.149425 0.000000
vt 0.149425 0.117647
vt 0.030651 0.058824
vt 0.149425 0.176471
vt 0.030651 0.117647
vt 0.149425 0.235294
vt 0.030651 0.176471
vt 0.149425 0.294118
vt 0.030651 0.235294
vt 0.149425 0.352941
vt 0.030651 0.294118
vt 0.149425 0.411765
vt 0.030651 0.352941
vt 0.149425 0.470588
vt 0.030651 0.411765
vt 0.030651 0.529412
vt 0.030651 0.470588
vt 0.149425 0.588235
vt 0.149425 0.529412
vt 0.030651 0.647059
vt 0.030651 0.588235
vt 0.149425 0.705882
vt 0.149425 0.647059
vt 0.030651 0.764706
vt 0.030651 0.705882
vt 0.149425 0.823529
vt 0.149425 0.764706
vt 0.030651 0.823529
vt 0.157088 0.647059
vt 0.172414 0.705882
vt 0.157088 0.705882
vt 0.157088 0.176471
vt 0.172414 0.235294
vt 0.157088 0.235294
vt 0.172414 0.764706
vt 0.157088 0.764706
vt 0.172414 0.294118
vt 0.157088 0.294118
vt 0.172414 0.823529
vt 0.157088 0.823529
vt 0.172414 0.352941
vt 0.157088 0.352941
vt 0.172414 0.882353
vt 0.157088 0.882353
vt 0.172414 0.411765
vt 0.157088 0.411765
vt 0.172414 0.941176
vt 0.157088 0.941176
vt 0.157088 0.470588
vt 0.172414 0.529412
vt 0.157088 0.529412
vt 0.172414 0.470588
vt 0.157088 -0.000000
vt 0.172414 0.058824
vt 0.157088 0.058824
vt 0.172414 0.588235
vt 0.157088 0.588235
vt 0.172414 0.117647
vt 0.157088 0.117647
vt 0.172414 0.647059
vt 0.172414 0.176471
vt 0.287356 0.294118
vt 0.272031 0.235294
vt 0.287356 0.235294
vt 0.287356 0.823529
vt 0.272031 0.764706
vt 0.287356 0.764706
vt 0.287356 0.352941
vt 0.272031 0.294118
vt 0.287356 0.882353
vt 0.272031 0.823529
vt 0.287356 0.411765
vt 0.272031 0.352941
vt 0.287356 0.941176
vt 0.272031 0.882353
vt 0.287356 0.529412
vt 0.272031 0.470588
vt 0.287356 0.470588
vt 0.272031 0.411765
vt 0.287356 0.058824
vt 0.272031 0.000000
vt 0.287356 0.000000
vt 0.287356 0.588235
vt 0.272031 0.529412
vt 0.287356 0.117647
vt 0.272031 0.058824
vt 0.287356 0.647059
vt 0.272031 0.588235
vt 0.287356 0.176471
vt 0.272031 0.117647
vt 0.287356 0.705882
vt 0.272031 0.647059
vt 0.272031 0.176471
vt 0.272031 0.705882
vt 0.268199 0.294118
vt 0.176245 0.352941
vt 0.176245 0.294118
vt 0.268199 0.352941
vt 0.176245 0.411765
vt 0.268199 0.411765
vt 0.176245 0.470588
vt 0.268199 0.470588
vt 0.176245 0.529412
vt 0.268199 0.529412
vt 0.176245 0.588235
vt 0.268199 0.588235
vt 0.176245 0.647059
vt 0.268199 0.647059
vt 0.176245 0.705882
vt 0.268199 0.705882
vt 0.176245 0.764706
vt 0.268199 0.764706
vt 0.176245 0.823529
vt 0.268199 0.823529
vt 0.176245 0.882353
vt 0.268199 0.882353
vt 0.176245 0.941176
vt 0.268199 0.000000
vt 0.176245 0.058824
vt 0.176245 0.000000
vt 0.268199 0.058824
vt 0.176245 0.117647
vt 0.268199 0.117647
vt 0.176245 0.176471
vt 0.268199 0.176471
vt 0.176245 0.235294
vt 0.268199 0.235294
vt 0.831418 0.039216
vt 0.708812 -0.000000
vt 0.831418 0.000000
vt 0.831418 0.627451
vt 0.708812 0.588235
vt 0.831418 0.588235
vt 0.708812 0.549020
vt 0.831418 0.549020
vt 0.708812 0.509804
vt 0.831418 0.509804
vt 0.708812 0.470588
vt 0.831418 0.470588
vt 0.708812 0.431373
vt 0.831418 0.431373
vt 0.708812 0.392157
vt 0.831418 0.392157
vt 0.831418 0.313726
vt 0.708812 0.274510
vt 0.831418 0.274510
vt 0.708812 0.352941
vt 0.831418 0.352941
vt 0.708812 0.235294
vt 0.831418 0.235294
vt 0.708812 0.313726
vt 0.708812 0.196078
vt 0.831418 0.196078
vt 0.708812 0.156863
vt 0.831418 0.156863
vt 0.708812 0.117647
vt 0.831418 0.117647
vt 0.708812 0.078431
vt 0.831418 0.078431
vt 0.708812 0.039216
vt 0.854406 0.816993
vt 0.823755 0.823529
vt 0.823755 0.816993
vt 0.938697 0.836601
vt 0.934866 0.830065
vt 0.938697 0.830065
vt 0.938697 0.823529
vt 0.934866 0.823529
vt 0.938697 0.816993
vt 0.938697 0.856209
vt 0.934866 0.849673
vt 0.938697 0.849673
vt 0.938697 0.843137
vt 0.934866 0.843137
vt 0.934866 0.836601
vt 0.931035 0.830065
vt 0.931035 0.816993
vt 0.934866 0.816993
vt 0.931035 0.856209
vt 0.934866 0.856209
vt 0.931035 0.843137
vt 0.931035 0.836601
vt 0.934866 0.862745
vt 0.934866 0.810458
vt 0.854406 0.823529
vt 0.931035 0.823529
vt 0.854406 0.830065
vt 0.854406 0.836601
vt 0.854406 0.843137
vt 0.854406 0.849673
vt 0.931035 0.849673
vt 0.854406 0.856209
vt 0.931035 0.862745
vt 0.854406 0.862745
vt 0.931035 0.810458
vt 0.724138 0.810458
vt 0.823755 0.810458
vt 0.823755 0.836601
vt 0.823755 0.830065
vt 0.823755 0.849673
vt 0.854406 0.810458
vt 0.823755 0.843137
vt 0.823755 0.856209
vt 0.724138 0.823529
vt 0.724138 0.843137
vt 0.823755 0.862745
vt 0.724138 0.856209
vt 0.724138 0.816993
vt 0.724138 0.830065
vt 0.724138 0.836601
vt 0.724138 0.849673
vt 0.854406 0.816993
vt 0.823755 0.823529
vt 0.823755 0.816993
vt 0.938697 0.836601
vt 0.934866 0.830065
vt 0.938697 0.830065
vt 0.938697 0.823529
vt 0.934866 0.823529
vt 0.938697 0.816993
vt 0.938697 0.856209
vt 0.934866 0.849673
vt 0.938697 0.849673
vt 0.938697 0.843137
vt 0.934866 0.836601
vt 0.931035 0.830065
vt 0.931035 0.823529
vt 0.931035 0.816993
vt 0.934866 0.816993
vt 0.931035 0.856209
vt 0.934866 0.856209
vt 0.931035 0.849673
vt 0.934866 0.843137
vt 0.931035 0.836601
vt 0.934866 0.862745
vt 0.934866 0.810458
vt 0.854406 0.823529
vt 0.854406 0.830065
vt 0.854406 0.836601
vt 0.931035 0.843137
vt 0.854406 0.843137
vt 0.854406 0.849673
vt 0.854406 0.856209
vt 0.931035 0.862745
vt 0.854406 0.862745
vt 0.854406 0.810458
vt 0.724138 0.810458
vt 0.823755 0.810458
vt 0.823755 0.836601
vt 0.823755 0.830065
vt 0.823755 0.849673
vt 0.823755 0.843137
vt 0.823755 0.856209
vt 0.724138 0.823529
vt 0.724138 0.843137
vt 0.823755 0.862745
vt 0.724138 0.856209
vt 0.724138 0.816993
vt 0.724138 0.830065
vt 0.724138 0.836601
vt 0.724138 0.849673
vt 0.854406 0.816993
vt 0.823755 0.823529
vt 0.823755 0.816993
vt 0.938697 0.836601
vt 0.934866 0.830065
vt 0.938697 0.830065
vt 0.938697 0.823529
vt 0.934866 0.816993
vt 0.938697 0.816993
vt 0.938697 0.856209
vt 0.934866 0.849673
vt 0.938697 0.849673
vt 0.938697 0.843137
vt 0.934866 0.836601
vt 0.931035 0.830065
vt 0.931035 0.823529
vt 0.934866 0.823529
vt 0.931035 0.816993
vt 0.931035 0.856209
vt 0.934866 0.856209
vt 0.931035 0.843137
vt 0.934866 0.843137
vt 0.934866 0.862745
vt 0.934866 0.810458
vt 0.854406 0.823529
vt 0.854406 0.830065
vt 0.854406 0.836601
vt 0.854406 0.843137
vt 0.854406 0.849673
vt 0.931035 0.849673
vt 0.854406 0.856209
vt 0.931035 0.862745
vt 0.854406 0.862745
vt 0.854406 0.810458
vt 0.724138 0.810458
vt 0.823755 0.810458
vt 0.823755 0.836601
vt 0.823755 0.830065
vt 0.823755 0.849673
vt 0.823755 0.843137
vt 0.823755 0.856209
vt 0.724138 0.823529
vt 0.724138 0.843137
vt 0.823755 0.862745
vt 0.724138 0.856209
vt 0.724138 0.816993
vt 0.724138 0.830065
vt 0.724138 0.836601
vt 0.724138 0.849673
vt 0.854406 0.816993
vt 0.823755 0.823529
vt 0.823755 0.816993
vt 0.938697 0.836601
vt 0.934866 0.830065
vt 0.938697 0.830065
vt 0.938697 0.823529
vt 0.934866 0.823529
vt 0.938697 0.816993
vt 0.938697 0.856209
vt 0.934866 0.849673
vt 0.938697 0.849673
vt 0.938697 0.843137
vt 0.934866 0.843137
vt 0.934866 0.836601
vt 0.931035 0.830065
vt 0.931035 0.823529
vt 0.934866 0.816993
vt 0.931035 0.856209
vt 0.934866 0.856209
vt 0.931035 0.843137
vt 0.931035 0.836601
vt 0.934866 0.862745
vt 0.934866 0.810458
vt 0.931035 0.816993
vt 0.854406 0.823529
vt 0.854406 0.830065
vt 0.854406 0.836601
vt 0.854406 0.843137
vt 0.854406 0.849673
vt 0.931035 0.849673
vt 0.854406 0.856209
vt 0.931035 0.862745
vt 0.854406 0.862745
vt 0.854406 0.810458
vt 0.724138 0.810458
vt 0.823755 0.810458
vt 0.823755 0.836601
vt 0.823755 0.830065
vt 0.823755 0.849673
vt 0.823755 0.843137
vt 0.823755 0.856209
vt 0.724138 0.823529
vt 0.724138 0.843137
vt 0.823755 0.862745
vt 0.724138 0.856209
vt 0.724138 0.816993
vt 0.724138 0.830065
vt 0.724138 0.836601
vt 0.724138 0.849673
vt 0.854406 0.816993
vt 0.823755 0.823529
vt 0.823755 0.816993
vt 0.938697 0.836601
vt 0.934866 0.830065
vt 0.938697 0.830065
vt 0.938697 0.823529
vt 0.934866 0.823529
vt 0.938697 0.816993
vt 0.938697 0.856209
vt 0.934866 0.849673
vt 0.938697 0.849673
vt 0.938697 0.843137
vt 0.934866 0.836601
vt 0.931035 0.830065
vt 0.931035 0.823529
vt 0.934866 0.816993
vt 0.931035 0.856209
vt 0.934866 0.856209
vt 0.931035 0.843137
vt 0.934866 0.843137
vt 0.931035 0.836601
vt 0.934866 0.862745
vt 0.934866 0.810458
vt 0.931035 0.816993
vt 0.854406 0.823529
vt 0.854406 0.830065
vt 0.854406 0.836601
vt 0.854406 0.843137
vt 0.854406 0.849673
vt 0.931035 0.849673
vt 0.854406 0.856209
vt 0.931035 0.862745
vt 0.854406 0.862745
vt 0.854406 0.810458
vt 0.724138 0.810458
vt 0.823755 0.810458
vt 0.823755 0.836601
vt 0.823755 0.830065
vt 0.823755 0.849673
vt 0.823755 0.843137
vt 0.823755 0.856209
vt 0.724138 0.823529
vt 0.724138 0.843137
vt 0.823755 0.862745
vt 0.724138 0.856209
vt 0.724138 0.816993
vt 0.724138 0.830065
vt 0.724138 0.836601
vt 0.724138 0.849673
vt 0.854406 0.816993
vt 0.823755 0.823529
vt 0.823755 0.816993
vt 0.938697 0.836601
vt 0.934866 0.830065
vt 0.938697 0.830065
vt 0.938697 0.823529
vt 0.934866 0.823529
vt 0.938697 0.816993
vt 0.938697 0.856209
vt 0.934866 0.849673
vt 0.938697 0.849673
vt 0.938697 0.843137
vt 0.934866 0.843137
vt 0.931035 0.836601
vt 0.934866 0.836601
vt 0.931035 0.830065
vt 0.931035 0.823529
vt 0.934866 0.816993
vt 0.931035 0.856209
vt 0.934866 0.856209
vt 0.931035 0.849673
vt 0.931035 0.843137
vt 0.934866 0.862745
vt 0.934866 0.810458
vt 0.931035 0.816993
vt 0.854406 0.823529
vt 0.854406 0.830065
vt 0.854406 0.836601
vt 0.854406 0.843137
vt 0.854406 0.849673
vt 0.854406 0.856209
vt 0.931035 0.862745
vt 0.854406 0.862745
vt 0.854406 0.810458
vt 0.724138 0.810458
vt 0.823755 0.810458
vt 0.823755 0.836601
vt 0.823755 0.830065
vt 0.823755 0.849673
vt 0.823755 0.843137
vt 0.823755 0.856209
vt 0.724138 0.823529
vt 0.724138 0.843137
vt 0.823755 0.862745
vt 0.724138 0.856209
vt 0.724138 0.816993
vt 0.724138 0.836601
vt 0.724138 0.830065
vt 0.724138 0.849673
vt 0.854406 0.816993
vt 0.823755 0.823529
vt 0.823755 0.816993
vt 0.934866 0.836601
vt 0.938697 0.830065
vt 0.938697 0.836601
vt 0.934866 0.830065
vt 0.938697 0.823529
vt 0.934866 0.816993
vt 0.938697 0.816993
vt 0.938697 0.856209
vt 0.934866 0.849673
vt 0.938697 0.849673
vt 0.938697 0.843137
vt 0.931035 0.830065
vt 0.934866 0.823529
vt 0.931035 0.823529
vt 0.931035 0.856209
vt 0.934866 0.856209
vt 0.931035 0.843137
vt 0.934866 0.843137
vt 0.931035 0.836601
vt 0.934866 0.862745
vt 0.934866 0.810458
vt 0.931035 0.816993
vt 0.854406 0.823529
vt 0.854406 0.830065
vt 0.854406 0.836601
vt 0.854406 0.843137
vt 0.854406 0.849673
vt 0.931035 0.849673
vt 0.854406 0.856209
vt 0.931035 0.862745
vt 0.854406 0.862745
vt 0.854406 0.810458
vt 0.823755 0.810458
vt 0.724138 0.816993
vt 0.724138 0.810458
vt 0.823755 0.836601
vt 0.823755 0.830065
vt 0.823755 0.849673
vt 0.823755 0.843137
vt 0.823755 0.856209
vt 0.724138 0.823529
vt 0.724138 0.843137
vt 0.823755 0.862745
vt 0.724138 0.856209
vt 0.724138 0.830065
vt 0.724138 0.836601
vt 0.724138 0.849673
vt 0.432950 0.869281
vt 0.463602 0.888889
vt 0.432950 0.888889
vt 0.463602 0.908497
vt 0.432950 0.908497
vt 0.432950 0.928105
vt 0.463602 0.947712
vt 0.432950 0.947712
vt 0.432950 0.810458
vt 0.463602 0.830065
vt 0.432950 0.830065
vt 0.432950 0.810458
vt 0.463602 0.830065
vt 0.432950 0.830065
vt 0.432950 0.928105
vt 0.463602 0.947712
vt 0.432950 0.947712
vt 0.432950 0.888889
vt 0.463602 0.908497
vt 0.432950 0.908497
vt 0.432950 0.869281
vt 0.463602 0.888889
vt 0.463602 0.849673
vt 0.432950 0.849673
vt 0.463602 0.967320
vt 0.432950 0.967320
vt 0.463602 0.928105
vt 0.463602 0.869281
vt 0.432950 0.849673
vt 0.463602 0.869281
vt 0.432950 0.869281
vt 0.432950 0.908497
vt 0.463602 0.928105
vt 0.432950 0.928105
vt 0.432950 0.947712
vt 0.463602 0.967320
vt 0.432950 0.967320
vt 0.432950 0.830065
vt 0.463602 0.849673
vt 0.463602 0.888889
vt 0.432950 0.888889
vt 0.463602 0.908497
vt 0.463602 0.947712
vt 0.432950 0.810458
vt 0.463602 0.830065
vt 0.463602 0.849673
vt 0.432950 0.849673
vt 0.463602 0.967320
vt 0.432950 0.967320
vt 0.463602 0.928105
vt 0.463602 0.869281
vt 0.432950 0.849673
vt 0.463602 0.869281
vt 0.432950 0.869281
vt 0.432950 0.908497
vt 0.463602 0.928105
vt 0.432950 0.928105
vt 0.432950 0.947712
vt 0.463602 0.967320
vt 0.432950 0.967320
vt 0.432950 0.830065
vt 0.463602 0.849673
vt 0.463602 0.888889
vt 0.432950 0.888889
vt 0.463602 0.908497
vt 0.463602 0.947712
vt 0.432950 0.810458
vt 0.463602 0.830065
vt 0.386973 0.117647
vt 0.295019 0.078431
vt 0.386973 0.078431
vt 0.386973 0.039216
vt 0.295019 0.039216
vt 0.295019 -0.000000
vt 0.386973 -0.000000
vt 0.386973 0.627451
vt 0.295019 0.588235
vt 0.386973 0.588235
vt 0.295019 0.549020
vt 0.386973 0.549020
vt 0.295019 0.509804
vt 0.386973 0.509804
vt 0.295019 0.470588
vt 0.386973 0.470588
vt 0.386973 0.431373
vt 0.295019 0.431373
vt 0.295019 0.392157
vt 0.386973 0.392157
vt 0.295019 0.352941
vt 0.386973 0.352941
vt 0.295019 0.313726
vt 0.386973 0.313726
vt 0.295019 0.274510
vt 0.386973 0.274510
vt 0.386973 0.235294
vt 0.295019 0.235294
vt 0.295019 0.196078
vt 0.386973 0.196078
vt 0.386973 0.156863
vt 0.295019 0.156863
vt 0.295019 0.117647
vt 0.000000 0.588235
vt 0.030651 0.529412
vt 0.000000 0.529412
vt 0.000000 0.117647
vt 0.030651 0.058824
vt 0.000000 0.058824
vt 0.000000 0.647059
vt 0.030651 0.588235
vt 0.000000 0.176471
vt 0.030651 0.117647
vt -0.000000 0.705882
vt 0.030651 0.647059
vt 0.000000 0.235294
vt 0.030651 0.176471
vt 0.000000 0.764706
vt 0.030651 0.705882
vt 0.000000 0.294118
vt 0.030651 0.235294
vt 0.000000 0.823529
vt 0.030651 0.764706
vt 0.000000 0.352941
vt 0.030651 0.294118
vt 0.000000 0.882353
vt 0.030651 0.823529
vt 0.000000 0.411765
vt 0.030651 0.352941
vt 0.000000 0.941176
vt 0.030651 0.882353
vt 0.030651 0.470588
vt 0.000000 0.470588
vt 0.030651 0.411765
vt 0.030651 -0.000000
vt -0.000000 -0.000000
vt 0.149425 0.941176
vt 0.616858 0.117647
vt 0.616858 -0.000000
vt 0.616858 0.588235
vt 0.616858 0.470588
vt 0.586207 -0.000000
vt 0.386973 0.627451
vt 0.616858 0.627451
vt 0.831418 0.418301
vt 0.030651 0.941176
vt 0.724138 0.862745
vt 0.831418 0.418301
vt 0.862069 0.470588
vt 0.892720 0.627451
vt 0.892720 0.444444
vt 0.862069 0.418301
vt 0.831418 0.418301
vt 0.862069 0.470588
vt 0.892720 0.627451
vt 0.892720 0.535948
vt 0.862069 0.418301
vt 0.865900 0.444444
vt 0.030651 0.941176
vt 0.172414 0.000000
vt 0.272031 0.941176
vt 0.268199 0.941176
vt 0.708812 0.627451
vt 0.724138 0.862745
vt 0.931035 0.810458
vt 0.724138 0.862745
vt 0.931035 0.836601
vt 0.931035 0.810458
vt 0.724138 0.862745
vt 0.931035 0.810458
vt 0.724138 0.862745
vt 0.931035 0.810458
vt 0.724138 0.862745
vt 0.931035 0.810458
vt 0.724138 0.862745
vt 0.931035 0.810458
vt 0.724138 0.862745
vt 0.463602 0.810458
vt 0.463602 0.810458
vt 0.463602 0.810458
vt 0.463602 0.810458
vt 0.295019 0.627451
vt 0.030651 0.941176
vn 0.0000 0.0000 1.0000
vn 0.0000 0.0000 -1.0000
vn 0.0000 -1.0000 0.0000
vn 0.0000 1.0000 0.0000
vn -1.0000 0.0000 0.0000
vn 1.0000 0.0000 0.0000
vn -0.5000 -0.8660 0.0000
vn 0.5000 0.8660 0.0000
vn -0.8660 0.5000 0.0000
vn 0.8660 -0.5000 0.0000
vn -0.8660 -0.5000 0.0000
vn 0.8660 0.5000 0.0000
vn -0.5000 0.8660 0.0000
vn 0.5000 -0.8660 0.0000
vn -0.7071 0.7071 0.0000
vn 0.7071 0.7071 0.0000
vn 0.1303 0.3145 0.9402
vn 0.5000 0.5000 0.7071
vn 0.2407 0.2407 0.9402
vn 0.6533 0.2706 0.7071
vn 0.3145 0.1303 0.9402
vn 0.7071 0.0000 0.7071
vn 0.3404 0.0000 0.9402
vn 0.6533 -0.2706 0.7071
vn 0.3145 -0.1303 0.9402
vn 0.5000 -0.5000 0.7071
vn 0.2407 -0.2407 0.9402
vn 0.2706 -0.6533 0.7071
vn 0.1303 -0.3145 0.9402
vn 0.0000 -0.7071 0.7071
vn 0.0000 -0.3404 0.9402
vn -0.2706 -0.6533 0.7071
vn -0.1303 -0.3145 0.9402
vn -0.2407 -0.2407 0.9402
vn -0.5000 -0.5000 0.7071
vn -0.3145 -0.1303 0.9402
vn -0.6533 -0.2706 0.7071
vn -0.3404 0.0000 0.9402
vn -0.7071 0.0000 0.7071
vn -0.3145 0.1303 0.9402
vn -0.6533 0.2706 0.7071
vn -0.2407 0.2407 0.9402
vn -0.5000 0.5000 0.7071
vn -0.1303 0.3145 0.9402
vn -0.2706 0.6533 0.7071
vn 0.0000 0.3404 0.9402
vn 0.0000 0.7071 0.7071
vn 0.2706 0.6533 0.7071
vn 0.9701 0.0000 0.2425
vn 0.8963 0.3713 0.2425
vn 0.8963 -0.3712 0.2425
vn 0.6860 -0.6860 0.2425
vn 0.3712 -0.8963 0.2425
vn 0.0000 -0.9701 0.2425
vn -0.3713 -0.8963 0.2425
vn -0.6860 -0.6860 0.2425
vn -0.8963 -0.3713 0.2425
vn -0.9701 0.0000 0.2425
vn -0.8963 -0.3712 0.2425
vn -0.8963 0.3713 0.2425
vn -0.6860 0.6860 0.2425
vn -0.3712 0.8963 0.2425
vn 0.0000 0.9701 0.2425
vn 0.3712 0.8963 0.2425
vn 0.6860 0.6860 0.2425
vn -0.9239 0.3827 0.0000
vn 0.3827 0.9239 0.0000
vn -0.3827 0.9239 0.0000
vn 0.9239 0.3827 0.0000
vn 0.9239 -0.3827 0.0000
vn 0.7071 -0.7071 0.0000
vn 0.3827 -0.9239 0.0000
vn -0.3827 -0.9239 0.0000
vn -0.7071 -0.7071 0.0000
vn -0.9239 -0.3827 0.0000
vn 0.2482 -0.5993 -0.7610
vn 0.6794 -0.6794 -0.2770
vn 0.3677 -0.8877 -0.2770
vn -0.6794 0.6794 -0.2770
vn -0.5993 0.2482 -0.7610
vn -0.8877 0.3677 -0.2770
vn 0.5993 -0.2482 -0.7610
vn 0.8877 -0.3677 -0.2770
vn -0.9608 0.0000 -0.2770
vn 0.6487 0.0000 -0.7610
vn 0.9608 0.0000 -0.2770
vn -0.6487 0.0000 -0.7610
vn -0.8877 -0.3677 -0.2770
vn 0.8877 0.3677 -0.2770
vn -0.4587 -0.4587 -0.7610
vn -0.6794 -0.6794 -0.2770
vn 0.5993 0.2482 -0.7610
vn 0.6794 0.6794 -0.2770
vn -0.2482 -0.5993 -0.7610
vn -0.3677 -0.8877 -0.2770
vn 0.2482 0.5993 -0.7610
vn 0.3677 0.8877 -0.2770
vn 0.0000 -0.9608 -0.2770
vn 0.0000 0.9608 -0.2770
vn -0.2482 0.5993 -0.7610
vn -0.3677 0.8877 -0.2770
vn 0.0000 -0.6487 -0.7610
vn -0.4587 0.4587 -0.7610
vn 0.0000 0.6487 -0.7610
vn 0.4587 0.4587 -0.7610
vn -0.5993 -0.2482 -0.7610
vn 0.4587 -0.4587 -0.7610
vn 0.4060 -0.9098 -0.0852
vn 0.9138 -0.4060 -0.0074
vn 0.3675 -0.9257 -0.0887
vn 0.2677 0.6544 -0.7071
vn 0.6982 0.0343 -0.7150
vn 0.1449 0.3542 -0.9239
vn 0.8141 0.2389 -0.5293
vn 0.9355 -0.3403 -0.0948
vn 0.9467 -0.3148 -0.0670
vn 0.5778 -0.5185 0.6303
vn -0.7755 0.0352 0.6303
vn -0.8960 0.4390 -0.0670
vn -0.9058 0.4130 -0.0948
vn -0.4132 0.7410 -0.5293
vn -0.4740 0.5139 -0.7150
vn 0.9012 0.4085 -0.1447
vn 0.4171 -0.8986 0.1363
vn 0.5261 -0.7141 0.4617
vn -0.9273 -0.3485 0.1363
vn -0.8758 -0.1406 0.4617
vn -0.3564 0.9230 -0.1447
vn 0.3720 0.9093 -0.1866
vn -0.3714 -0.9079 0.1944
vn 0.9363 -0.3510 0.0074
vn 0.9422 -0.3344 -0.0196
vn 0.9110 0.4027 0.0887
vn 0.3760 0.9190 0.1187
vn -0.3675 0.9257 0.0887
vn -0.9138 0.4060 0.0074
vn -0.9064 0.4219 -0.0196
vn -0.9273 -0.3644 -0.0852
vn -0.3756 -0.9181 -0.1259
vn -0.3786 -0.9255 0.0000
vn -0.3760 -0.9190 -0.1187
vn 0.3756 0.9181 0.1259
vn 0.9273 0.3644 0.0852
vn -0.9363 0.3510 -0.0074
vn -0.4060 0.9098 0.0852
vn -0.9110 -0.4027 -0.0887
vn 0.9255 -0.3786 0.0000
vn -0.3867 0.9222 0.0000
vn -0.9222 -0.3867 0.0000
vn 0.3867 -0.9222 0.0000
vn 0.9222 0.3867 0.0000
vn 0.3786 0.9255 0.0000
vn -0.9255 0.3786 0.0000
vn 0.7194 0.1447 0.6794
vn 0.9824 0.1866 0.0000
vn 0.5293 0.5293 0.6630
vn 0.0473 0.0196 0.9987
vn 0.0670 0.0670 0.9955
vn -0.6737 -0.1363 0.7263
vn -0.6737 -0.1363 -0.7263
vn 0.0670 0.0670 -0.9955
vn 0.0473 0.0196 -0.9987
vn 0.5293 0.5293 -0.6630
vn 0.7194 0.1447 -0.6794
vn 0.1447 0.7194 0.6794
vn 0.0196 0.0473 0.9987
vn -0.4617 -0.4617 0.7573
vn -0.4617 -0.4617 -0.7573
vn 0.0196 0.0473 -0.9987
vn 0.1447 0.7194 -0.6794
vn -0.1363 -0.6737 0.7263
vn -0.1363 -0.6737 -0.7263
vn -0.7071 0.0000 -0.7071
vn 0.7071 0.0000 -0.7071
vn 0.0000 0.7071 -0.7071
vn 0.1866 0.9824 0.0000
vn 0.0000 -0.7071 -0.7071
vn -0.6794 -0.7194 0.1447
vn 0.0000 -0.9824 0.1866
vn -0.9955 -0.0670 0.0670
vn -0.9987 -0.0473 0.0196
vn -0.7573 0.4617 -0.4617
vn -0.7263 0.6737 -0.1363
vn 0.7573 0.4617 -0.4617
vn 0.9987 -0.0473 0.0196
vn 0.7263 0.6737 -0.1363
vn 0.9955 -0.0670 0.0670
vn 0.6794 -0.7194 0.1447
vn -0.6794 -0.1447 0.7194
vn -0.6630 -0.5293 0.5293
vn -0.9987 -0.0196 0.0473
vn 0.7263 0.1363 -0.6737
vn 0.9987 -0.0196 0.0473
vn 0.6630 -0.5293 0.5293
vn 0.0000 -0.1866 0.9824
vn -0.7263 0.1363 -0.6737
vn 0.6794 -0.1447 0.7194
vn 0.0000 0.1866 -0.9824
vn 0.6630 0.5293 -0.5293
vn 0.6794 0.1447 -0.7194
vn 0.9987 0.0196 -0.0473
vn 0.7573 -0.4617 0.4617
vn 0.7263 -0.1363 0.6737
vn -0.7573 -0.4617 0.4617
vn -0.9987 0.0196 -0.0473
vn -0.7263 -0.1363 0.6737
vn -0.9955 0.0670 -0.0670
vn -0.6794 0.1447 -0.7194
vn -0.6630 0.5293 -0.5293
vn 0.6794 0.7194 -0.1447
vn 0.9955 0.0670 -0.0670
vn 0.9987 0.0473 -0.0196
vn -0.9987 0.0473 -0.0196
vn -0.6794 0.7194 -0.1447
vn 0.0000 0.9824 -0.1866
vn 0.7263 -0.6737 0.1363
vn -0.7263 -0.6737 0.1363
vn -0.7194 0.1447 0.6794
vn -0.9824 0.1866 0.0000
vn -0.0473 0.0196 0.9987
vn -0.5293 0.5293 0.6630
vn 0.6737 -0.1363 0.7263
vn -0.0670 0.0670 0.9955
vn 0.6737 -0.1363 -0.7263
vn -0.0670 0.0670 -0.9955
vn 0.4617 -0.4617 -0.7573
vn -0.0473 0.0196 -0.9987
vn -0.5293 0.5293 -0.6630
vn -0.7194 0.1447 -0.6794
vn -0.1447 0.7194 0.6794
vn -0.1866 0.9824 0.0000
vn -0.0196 0.0473 0.9987
vn 0.1363 -0.6737 0.7263
vn -0.0196 0.0473 -0.9987
vn 0.1363 -0.6737 -0.7263
vn -0.1447 0.7194 -0.6794
vn 0.4617 -0.4617 0.7573
vn 0.9239 -0.2706 0.2706
vn -0.0455 0.7064 -0.7064
vn 0.9859 -0.0639 0.1543
vn 0.9859 0.0639 -0.1543
vn 0.9239 0.2706 -0.2706
vn 0.9859 0.1543 -0.0639
vn -0.0455 -0.7064 0.7064
vn 0.9859 -0.1543 0.0639
vn -0.4060 0.9098 -0.0852
vn -0.9138 0.4060 -0.0074
vn -0.3675 0.9257 -0.0887
vn -0.1449 -0.3542 -0.9239
vn -0.8141 -0.2389 -0.5293
vn -0.6982 -0.0343 -0.7150
vn -0.9355 0.3403 -0.0948
vn -0.9467 0.3148 -0.0670
vn -0.5778 0.5185 0.6303
vn 0.7755 -0.0352 0.6303
vn 0.8960 -0.4390 -0.0670
vn 0.9058 -0.4130 -0.0948
vn 0.4740 -0.5139 -0.7150
vn 0.4132 -0.7410 -0.5293
vn -0.2677 -0.6544 -0.7071
vn -0.9012 -0.4085 -0.1447
vn -0.4171 0.8986 0.1363
vn -0.5261 0.7141 0.4617
vn 0.9273 0.3485 0.1363
vn 0.8758 0.1406 0.4617
vn 0.3564 -0.9230 -0.1447
vn -0.3720 -0.9093 -0.1866
vn 0.3714 0.9079 0.1944
vn -0.9363 0.3510 0.0074
vn -0.9422 0.3344 -0.0196
vn -0.9110 -0.4027 0.0887
vn -0.3760 -0.9190 0.1187
vn 0.3675 -0.9257 0.0887
vn 0.9138 -0.4060 0.0074
vn 0.9064 -0.4219 -0.0196
vn 0.9273 0.3644 -0.0852
vn 0.3756 0.9181 -0.1259
vn 0.3760 0.9190 -0.1187
vn -0.3756 -0.9181 0.1259
vn -0.9273 -0.3644 0.0852
vn 0.9363 -0.3510 -0.0074
vn 0.4060 -0.9098 0.0852
vn 0.9110 0.4027 -0.0887
vn -0.9098 -0.4060 -0.0852
vn -0.4060 -0.9138 -0.0074
vn -0.9257 -0.3675 -0.0887
vn 0.3542 -0.1449 -0.9239
vn 0.2389 -0.8141 -0.5293
vn 0.0343 -0.6982 -0.7150
vn -0.3403 -0.9355 -0.0948
vn -0.3148 -0.9467 -0.0670
vn -0.5185 -0.5778 0.6303
vn 0.0352 0.7755 0.6303
vn 0.4390 0.8960 -0.0670
vn 0.4130 0.9058 -0.0948
vn 0.5139 0.4740 -0.7150
vn 0.6544 -0.2677 -0.7071
vn 0.4085 -0.9012 -0.1447
vn -0.3344 -0.9422 -0.0196
vn -0.8986 -0.4171 0.1363
vn -0.7141 -0.5261 0.4617
vn -0.3485 0.9273 0.1363
vn -0.1406 0.8758 0.4617
vn 0.4219 0.9064 -0.0196
vn 0.7410 0.4132 -0.5293
vn 0.9093 -0.3720 -0.1866
vn -0.9079 0.3714 0.1944
vn -0.3510 -0.9363 0.0074
vn 0.4027 -0.9110 0.0887
vn 0.9190 -0.3760 0.1187
vn 0.9230 0.3564 -0.1447
vn 0.9257 0.3675 0.0887
vn 0.4060 0.9138 0.0074
vn -0.3644 0.9273 -0.0852
vn -0.9181 0.3756 -0.1259
vn -0.9190 0.3760 -0.1187
vn 0.9181 -0.3756 0.1259
vn 0.3644 -0.9273 0.0852
vn 0.3510 0.9363 -0.0074
vn 0.9098 0.4060 0.0852
vn -0.4027 0.9110 -0.0887
vn 0.9098 0.4060 -0.0852
vn 0.4060 0.9138 -0.0074
vn 0.9257 0.3675 -0.0887
vn -0.3542 0.1449 -0.9239
vn -0.2389 0.8141 -0.5293
vn -0.0343 0.6982 -0.7150
vn 0.3403 0.9355 -0.0948
vn 0.7141 0.5261 0.4617
vn 0.5185 0.5778 0.6303
vn -0.0351 -0.7755 0.6303
vn -0.4390 -0.8960 -0.0670
vn -0.4130 -0.9058 -0.0948
vn -0.5139 -0.4740 -0.7150
vn -0.6544 0.2677 -0.7071
vn -0.4085 0.9012 -0.1447
vn 0.3344 0.9422 -0.0196
vn 0.3149 0.9467 -0.0670
vn 0.8986 0.4171 0.1363
vn 0.3485 -0.9273 0.1363
vn 0.1406 -0.8758 0.4617
vn -0.9230 -0.3564 -0.1447
vn -0.7410 -0.4132 -0.5293
vn 0.9079 -0.3714 0.1944
vn 0.3510 0.9363 0.0074
vn -0.4027 0.9110 0.0887
vn -0.9190 0.3760 0.1187
vn -0.9257 -0.3675 0.0887
vn -0.4060 -0.9138 0.0074
vn -0.4219 -0.9064 -0.0196
vn 0.3644 -0.9273 -0.0852
vn 0.9181 -0.3756 -0.1259
vn 0.9190 -0.3760 -0.1187
vn -0.9181 0.3756 0.1259
vn -0.3644 0.9273 0.0852
vn -0.3510 -0.9363 -0.0074
vn -0.9098 -0.4060 0.0852
vn 0.4027 -0.9110 -0.0887
vn -0.3563 -0.9305 -0.0852
vn 0.3591 -0.9333 -0.0074
vn -0.3947 -0.9145 -0.0887
vn 0.3529 0.1480 -0.9239
vn 0.7445 -0.4067 -0.5293
vn 0.5180 -0.4694 -0.7150
vn 0.4209 -0.9021 -0.0948
vn 0.4468 -0.8921 -0.0670
vn 0.0419 -0.7752 0.6303
vn -0.5235 0.5732 0.6303
vn -0.3231 0.9440 -0.0670
vn -0.3484 0.9325 -0.0948
vn 0.0282 0.6985 -0.7150
vn 0.2318 0.8161 -0.5293
vn 0.6521 0.2734 -0.7071
vn 0.9261 -0.3483 -0.1447
vn 0.4298 -0.9027 -0.0196
vn -0.1329 -0.8770 0.4617
vn -0.9022 0.4093 0.1363
vn -0.7187 0.5199 0.4617
vn 0.4006 0.9047 -0.1447
vn 0.9060 0.3799 -0.1866
vn -0.9046 -0.3793 0.1944
vn -0.3404 -0.9303 0.1363
vn 0.4139 -0.9103 0.0074
vn 0.9289 -0.3594 0.0887
vn 0.9157 0.3840 0.1187
vn 0.3947 0.9145 0.0887
vn -0.3591 0.9333 0.0074
vn -0.3426 0.9393 -0.0196
vn -0.9134 0.3981 -0.0852
vn -0.9149 -0.3836 -0.1259
vn -0.9157 -0.3840 -0.1187
vn 0.9149 0.3836 0.1259
vn 0.9134 -0.3981 0.0852
vn -0.4139 0.9103 -0.0074
vn 0.3562 0.9305 0.0852
vn -0.9289 0.3594 -0.0887
vn 0.3562 0.9305 -0.0852
vn -0.3591 0.9333 -0.0074
vn 0.3947 0.9145 -0.0887
vn -0.3529 -0.1480 -0.9239
vn -0.7445 0.4067 -0.5293
vn -0.5180 0.4694 -0.7150
vn -0.4209 0.9021 -0.0948
vn -0.4468 0.8921 -0.0670
vn -0.0419 0.7752 0.6303
vn 0.5235 -0.5732 0.6303
vn 0.3231 -0.9440 -0.0670
vn 0.3484 -0.9325 -0.0948
vn -0.0282 -0.6985 -0.7150
vn -0.6521 -0.2734 -0.7071
vn -0.9261 0.3483 -0.1447
vn -0.4298 0.9027 -0.0196
vn 0.1329 0.8770 0.4617
vn 0.9022 -0.4093 0.1363
vn 0.7187 -0.5199 0.4617
vn -0.4006 -0.9047 -0.1447
vn -0.2318 -0.8161 -0.5293
vn -0.9060 -0.3799 -0.1866
vn 0.9046 0.3793 0.1944
vn 0.3404 0.9303 0.1363
vn -0.4139 0.9103 0.0074
vn -0.9289 0.3594 0.0887
vn -0.9157 -0.3840 0.1187
vn -0.3947 -0.9145 0.0887
vn 0.3591 -0.9333 0.0074
vn 0.3426 -0.9393 -0.0196
vn 0.9134 -0.3981 -0.0852
vn 0.9149 0.3836 -0.1259
vn 0.9157 0.3840 -0.1187
vn -0.9149 -0.3836 0.1259
vn -0.9134 0.3981 0.0852
vn 0.4139 -0.9103 -0.0074
vn -0.3562 -0.9305 0.0852
vn 0.9289 -0.3594 -0.0887
vn -0.9305 0.3562 -0.0852
vn -0.9333 -0.3591 -0.0074
vn -0.9145 0.3947 -0.0887
vn 0.1480 -0.3529 -0.9239
vn -0.4067 -0.7445 -0.5293
vn -0.4694 -0.5180 -0.7150
vn -0.9021 -0.4209 -0.0948
vn -0.8921 -0.4468 -0.0670
vn -0.7752 -0.0419 0.6303
vn 0.5732 0.5235 0.6303
vn 0.9440 0.3231 -0.0670
vn 0.9325 0.3485 -0.0948
vn 0.6985 -0.0282 -0.7150
vn 0.8161 -0.2318 -0.5293
vn 0.3799 -0.9060 -0.1866
vn 0.2734 -0.6521 -0.7071
vn -0.3483 -0.9261 -0.1447
vn -0.9027 -0.4298 -0.0196
vn -0.8770 0.1329 0.4617
vn 0.4093 0.9022 0.1363
vn 0.5199 0.7187 0.4617
vn 0.9393 0.3426 -0.0196
vn 0.9047 -0.4006 -0.1447
vn -0.3793 0.9046 0.1944
vn -0.9303 0.3404 0.1363
vn -0.9103 -0.4139 0.0074
vn -0.3594 -0.9289 0.0887
vn 0.3840 -0.9157 0.1187
vn 0.9145 -0.3947 0.0887
vn 0.9333 0.3591 0.0074
vn 0.3981 0.9134 -0.0852
vn -0.3836 0.9149 -0.1259
vn -0.3840 0.9157 -0.1187
vn 0.3836 -0.9149 0.1259
vn -0.3981 -0.9134 0.0852
vn 0.9103 0.4139 -0.0074
vn 0.9305 -0.3562 0.0852
vn 0.3594 0.9289 -0.0887
vn 0.9305 -0.3562 -0.0852
vn 0.9333 0.3591 -0.0074
vn 0.9145 -0.3948 -0.0887
vn -0.2734 0.6521 -0.7071
vn 0.4694 0.5180 -0.7150
vn -0.1480 0.3529 -0.9239
vn 0.4067 0.7445 -0.5293
vn 0.9021 0.4209 -0.0948
vn 0.8770 -0.1329 0.4617
vn 0.7752 0.0419 0.6303
vn -0.5732 -0.5235 0.6303
vn -0.9440 -0.3231 -0.0670
vn -0.9325 -0.3484 -0.0948
vn -0.6985 0.0282 -0.7150
vn 0.3483 0.9261 -0.1447
vn 0.8921 0.4468 -0.0670
vn 0.9027 0.4298 -0.0196
vn -0.4093 -0.9022 0.1363
vn -0.5199 -0.7187 0.4617
vn -0.9047 0.4006 -0.1447
vn -0.8161 0.2318 -0.5293
vn -0.3799 0.9060 -0.1866
vn 0.3793 -0.9046 0.1944
vn 0.9303 -0.3404 0.1363
vn 0.9103 0.4139 0.0074
vn 0.3594 0.9289 0.0887
vn -0.3840 0.9157 0.1187
vn -0.9145 0.3947 0.0887
vn -0.9333 -0.3591 0.0074
vn -0.9393 -0.3426 -0.0196
vn -0.3981 -0.9134 -0.0852
vn 0.3836 -0.9149 -0.1259
vn 0.3840 -0.9157 -0.1187
vn -0.3836 0.9149 0.1259
vn 0.3981 0.9134 0.0852
vn -0.9103 -0.4139 -0.0074
vn -0.9305 0.3562 0.0852
vn -0.3594 -0.9289 -0.0887
vn -0.9113 0.3775 0.1644
vn -0.6975 0.6975 0.1644
vn -0.3775 0.9113 0.1644
vn 0.0000 0.9864 0.1644
vn 0.3775 0.9113 0.1644
vn 0.6975 0.6975 0.1644
vn 0.9113 0.3775 0.1644
vn 0.9864 0.0000 0.1644
vn 0.9113 -0.3775 0.1644
vn 0.6975 -0.6975 0.1644
vn 0.3775 -0.9113 0.1644
vn 0.0000 -0.9864 0.1644
vn -0.3775 -0.9113 0.1644
vn -0.6975 -0.6975 0.1644
vn -0.9113 -0.3775 0.1644
vn -0.9864 0.0000 0.1644
vn 0.8963 -0.3713 0.2425
vn -0.9093 0.3720 -0.1866
o Blades
usemtl hbm
s off
f 258/1/1 259/2/1 257/3/1
f 262/4/2 263/5/2 261/6/2
f 266/7/3 267/8/3 265/9/3
f 270/10/4 271/11/4 269/12/4
f 273/13/5 276/14/5 275/15/5
f 278/16/6 279/17/6 277/18/6
f 282/19/7 283/20/7 281/21/7
f 285/22/8 288/23/8 287/24/8
f 290/25/9 291/26/9 289/27/9
f 294/28/10 295/29/10 293/30/10
f 298/31/11 299/32/11 297/33/11
f 302/34/12 303/35/12 301/36/12
f 305/37/13 308/38/13 307/39/13
f 309/40/14 312/41/14 311/42/14
f 314/43/15 315/44/15 313/45/15
f 318/46/16 319/47/16 317/48/16
f 322/49/17 323/50/17 321/51/17
f 326/52/18 327/53/18 325/54/18
f 330/55/19 331/56/19 329/57/19
f 334/58/20 335/59/20 333/60/20
f 337/61/21 340/62/21 339/63/21
f 341/64/22 344/65/22 343/66/22
f 345/67/23 348/68/23 347/69/23
f 349/70/24 352/71/24 351/72/24
f 353/73/25 356/74/25 355/75/25
f 357/76/26 360/77/26 359/78/26
f 362/79/27 363/80/27 361/81/27
f 366/82/28 367/83/28 365/84/28
f 369/85/29 372/86/29 371/87/29
f 373/88/30 376/89/30 375/90/30
f 378/91/31 379/92/31 377/93/31
f 382/94/32 383/95/32 381/96/32
f 386/97/33 387/98/33 385/99/33
f 390/100/34 391/101/34 389/102/34
f 394/103/35 395/104/35 393/105/35
f 398/106/36 399/107/36 397/108/36
f 401/109/37 404/110/37 403/111/37
f 406/112/38 407/113/38 405/114/38
f 410/115/39 411/116/39 409/117/39
f 414/118/40 415/119/40 413/120/40
f 418/121/41 419/122/41 417/123/41
f 422/124/42 423/125/42 421/126/42
f 425/127/43 428/128/43 427/129/43
f 430/130/44 431/131/44 429/132/44
f 433/133/45 436/134/45 435/135/45
f 438/136/46 439/137/46 437/138/46
f 442/139/47 443/140/47 441/141/47
f 446/142/48 447/143/48 445/144/48
f 449/145/49 452/146/49 451/147/49
f 454/148/50 455/149/50 453/150/50
f 457/151/51 460/152/51 459/153/51
f 462/154/52 463/155/52 461/156/52
f 465/157/53 468/158/53 467/159/53
f 470/160/54 471/161/54 469/162/54
f 474/163/55 475/164/55 473/165/55
f 478/166/56 479/167/56 477/168/56
f 482/169/57 483/170/57 481/171/57
f 485/172/58 488/173/58 487/174/58
f 490/175/59 491/176/59 489/177/59
f 494/178/60 495/179/60 493/180/60
f 497/181/61 500/182/61 499/183/61
f 502/184/62 503/185/62 501/186/62
f 506/187/63 507/188/63 505/189/63
f 510/190/64 511/191/64 509/192/64
f 555/193/65 567/194/65 556/195/65
f 547/196/65 575/197/65 548/198/65
f 555/193/65 569/199/65 568/200/65
f 561/201/65 577/202/65 546/203/65
f 546/203/65 576/204/65 547/196/65
f 553/205/65 569/206/65 554/207/65
f 560/208/65 562/209/65 561/201/65
f 553/205/65 571/210/65 570/211/65
f 560/208/65 564/212/65 563/213/65
f 551/214/65 571/215/65 552/216/65
f 559/217/65 565/218/65 564/219/65
f 551/214/65 573/220/65 572/221/65
f 557/222/65 565/223/65 558/224/65
f 550/225/65 574/226/65 573/227/65
f 556/195/65 566/228/65 557/222/65
f 548/198/65 574/229/65 549/230/65
f 258/1/1 260/231/1 259/2/1
f 262/4/2 264/232/2 263/5/2
f 266/7/3 268/233/3 267/8/3
f 270/10/4 272/234/4 271/11/4
f 273/13/5 274/235/5 276/14/5
f 278/16/6 280/236/6 279/17/6
f 282/19/7 284/237/7 283/20/7
f 285/22/8 286/238/8 288/23/8
f 290/25/9 292/239/9 291/26/9
f 294/28/10 296/240/10 295/29/10
f 298/31/11 300/241/11 299/32/11
f 302/34/12 304/242/12 303/35/12
f 305/37/13 306/243/13 308/38/13
f 309/40/14 310/244/14 312/41/14
f 314/43/15 316/245/15 315/44/15
f 318/46/16 320/246/16 319/47/16
f 322/49/17 324/247/17 323/50/17
f 326/52/18 328/248/18 327/53/18
f 330/55/19 332/249/19 331/56/19
f 334/58/20 336/250/20 335/59/20
f 337/61/21 338/251/21 340/62/21
f 341/64/22 342/252/22 344/65/22
f 345/67/23 346/253/23 348/68/23
f 349/70/24 350/254/24 352/71/24
f 353/73/25 354/255/25 356/74/25
f 357/76/26 358/256/26 360/77/26
f 362/79/27 364/257/27 363/80/27
f 366/82/28 368/258/28 367/83/28
f 369/85/29 370/259/29 372/86/29
f 373/88/30 374/260/30 376/89/30
f 378/91/31 380/261/31 379/92/31
f 382/94/32 384/262/32 383/95/32
f 386/97/33 388/263/33 387/98/33
f 390/100/34 392/264/34 391/101/34
f 394/103/35 396/265/35 395/104/35
f 398/106/36 400/266/36 399/107/36
f 401/109/37 402/267/37 404/110/37
f 406/112/38 408/268/38 407/113/38
f 410/115/39 412/269/39 411/116/39
f 414/118/40 416/270/40 415/119/40
f 418/121/41 420/271/41 419/122/41
f 422/124/42 424/272/42 423/125/42
f 425/127/43 426/273/43 428/128/43
f 430/130/44 432/274/44 431/131/44
f 433/133/45 434/275/45 436/134/45
f 438/136/46 440/276/46 439/137/46
f 442/139/47 444/277/47 443/140/47
f 446/142/48 448/278/48 447/143/48
f 449/145/49 450/279/49 452/146/49
f 454/148/66 456/280/66 455/149/66
f 457/151/51 458/281/51 460/152/51
f 462/154/67 464/282/67 463/155/67
f 465/157/53 466/283/53 468/158/53
f 470/160/54 472/284/54 471/161/54
f 474/163/55 476/285/55 475/164/55
f 478/166/56 480/286/56 479/167/56
f 482/169/57 484/287/57 483/170/57
f 485/172/58 486/288/58 488/173/58
f 490/175/59 492/289/59 491/176/59
f 494/178/60 496/290/60 495/179/60
f 497/181/61 498/291/61 500/182/61
f 502/184/62 504/292/62 503/185/62
f 506/187/68 508/293/68 507/188/68
f 510/190/64 512/294/64 511/191/64
f 555/193/65 568/295/65 567/194/65
f 547/196/65 576/296/65 575/197/65
f 555/193/65 554/297/65 569/199/65
f 561/201/65 562/298/65 577/202/65
f 546/203/65 577/299/65 576/204/65
f 553/205/65 570/300/65 569/206/65
f 560/208/65 563/301/65 562/209/65
f 553/205/65 552/216/65 571/210/65
f 560/208/65 559/217/65 564/212/65
f 551/214/65 572/302/65 571/215/65
f 559/217/65 558/224/65 565/218/65
f 551/214/65 550/225/65 573/220/65
f 557/222/65 566/303/65 565/223/65
f 550/225/65 549/230/65 574/226/65
f 556/195/65 567/304/65 566/228/65
f 548/198/65 575/305/65 574/229/65
s 1
f 10/306/69 15/307/70 14/308/70
f 2/309/71 7/310/72 1/311/71
f 8/312/72 6/313/73 7/310/72
f 14/308/70 16/314/74 13/315/74
f 9/316/73 3/317/1 6/313/73
f 16/314/74 11/318/2 13/315/74
f 21/319/75 30/320/76 26/321/75
f 18/322/77 23/323/78 17/324/77
f 24/325/78 22/326/79 23/323/78
f 31/327/76 29/328/80 30/320/76
f 25/329/79 19/330/3 22/326/79
f 32/331/80 27/332/4 29/328/80
f 37/333/81 46/334/82 42/335/81
f 34/336/83 39/337/84 33/338/83
f 40/339/84 38/340/85 39/337/84
f 47/341/82 45/342/86 46/334/82
f 41/343/85 35/344/5 38/340/85
f 48/345/86 43/346/6 45/342/86
f 58/347/87 63/348/88 62/349/88
f 50/350/89 55/351/90 49/352/89
f 55/351/90 57/353/91 54/354/91
f 63/348/88 61/355/92 62/349/88
f 57/353/91 51/356/7 54/354/91
f 64/357/92 59/358/8 61/355/92
f 74/359/93 79/360/94 78/361/94
f 66/362/95 71/363/96 65/364/95
f 71/363/96 73/365/97 70/366/97
f 79/360/94 77/367/98 78/361/94
f 70/366/97 68/368/9 67/369/9
f 77/367/98 76/370/10 75/371/10
f 85/372/99 94/373/100 90/374/99
f 82/375/101 87/376/102 81/377/101
f 88/378/102 86/379/103 87/376/102
f 94/373/100 96/380/104 93/381/104
f 89/382/103 83/383/11 86/379/103
f 96/380/104 91/384/12 93/381/104
f 101/385/105 110/386/106 106/387/105
f 98/388/107 103/389/108 97/390/107
f 104/391/108 102/392/109 103/389/108
f 110/386/106 112/393/110 109/394/110
f 105/395/109 99/396/13 102/392/109
f 112/393/110 107/397/14 109/394/110
f 122/398/111 127/399/112 126/400/112
f 114/401/113 119/402/114 113/403/113
f 119/402/114 121/404/115 118/405/115
f 126/400/112 128/406/116 125/407/116
f 121/404/115 115/408/15 118/405/115
f 128/406/116 123/409/16 125/407/116
f 133/410/117 142/411/118 138/412/117
f 130/413/119 135/414/120 129/415/119
f 135/414/120 137/416/121 134/417/121
f 143/418/118 141/419/122 142/411/118
f 137/416/121 131/420/17 134/417/121
f 144/421/122 139/422/18 141/419/122
f 149/423/123 158/424/124 154/425/123
f 145/426/125 152/427/126 151/428/126
f 152/427/126 150/429/127 151/428/126
f 158/424/124 160/430/128 157/431/128
f 150/429/127 148/432/19 147/433/19
f 160/430/128 155/434/20 157/431/128
f 170/435/129 175/436/130 174/437/130
f 161/438/131 168/439/132 167/440/132
f 168/439/132 166/441/133 167/440/132
f 175/436/130 173/442/134 174/437/130
f 166/441/133 164/443/21 163/444/21
f 176/445/134 171/446/22 173/442/134
f 186/447/135 191/448/136 190/449/136
f 178/450/137 183/451/138 177/452/137
f 183/451/138 185/453/139 182/454/139
f 191/448/136 189/455/140 190/449/136
f 182/454/139 180/456/23 179/457/23
f 192/458/140 187/459/24 189/455/140
f 202/460/141 207/461/142 206/462/142
f 194/463/143 199/464/144 193/465/143
f 199/464/144 201/466/145 198/467/145
f 207/461/142 205/468/146 206/462/142
f 201/466/145 195/469/25 198/467/145
f 208/470/146 203/471/26 205/468/146
f 213/472/147 222/473/148 218/474/147
f 210/475/149 215/476/150 209/477/149
f 216/478/150 214/479/151 215/476/150
f 222/473/148 224/480/152 221/481/152
f 217/482/151 211/483/27 214/479/151
f 224/480/152 219/484/28 221/481/152
f 229/485/153 238/486/154 234/487/153
f 225/488/155 232/489/156 231/490/156
f 231/490/156 233/491/157 230/492/157
f 239/493/154 237/494/158 238/486/154
f 233/491/157 227/495/29 230/492/157
f 240/496/158 235/497/30 237/494/158
f 245/498/159 254/499/160 250/500/159
f 242/501/161 247/502/162 241/503/161
f 248/504/162 246/505/163 247/502/162
f 255/506/160 253/507/164 254/499/160
f 249/508/163 243/509/31 246/505/163
f 256/510/164 251/511/32 253/507/164
f 524/512/165 541/513/166 540/514/167
f 518/515/168 533/516/169 517/517/170
f 526/518/171 541/519/166 525/520/172
f 519/521/173 534/522/174 518/515/168
f 526/518/171 543/523/175 542/524/176
f 520/525/177 535/526/178 519/521/173
f 527/527/179 544/528/180 543/529/175
f 520/525/177 537/530/181 536/531/182
f 513/532/183 530/533/184 529/534/185
f 513/532/183 544/535/180 528/536/186
f 522/537/187 537/538/181 521/539/188
f 515/540/189 530/541/184 514/542/190
f 523/543/191 538/544/192 522/537/187
f 516/545/193 531/546/194 515/540/189
f 523/543/191 540/547/167 539/548/195
f 516/545/193 533/549/169 532/550/196
f 532/550/196 533/549/169 545/551/197
f 531/546/194 532/552/196 545/553/197
f 530/541/184 531/554/194 545/555/197
f 529/534/185 530/533/184 545/556/197
f 544/535/180 529/557/185 545/558/197
f 543/529/175 544/528/180 545/559/197
f 542/524/176 543/523/175 545/560/197
f 541/519/166 542/561/176 545/562/197
f 540/514/167 541/513/166 545/563/197
f 539/548/195 540/547/167 545/564/197
f 538/544/192 539/565/195 545/566/197
f 537/538/181 538/567/192 545/568/197
f 536/531/182 537/530/181 545/569/197
f 535/526/178 536/570/182 545/571/197
f 534/522/174 535/572/178 545/573/197
f 533/516/169 534/574/174 545/575/197
f 524/512/165 558/224/198 525/520/172
f 517/517/170 551/214/199 518/515/168
f 525/520/172 559/217/200 526/518/171
f 518/515/168 552/216/201 519/521/173
f 526/518/171 560/208/202 527/527/179
f 519/521/173 553/205/203 520/525/177
f 527/527/179 561/201/204 528/536/186
f 520/525/177 554/207/205 521/576/188
f 513/532/183 547/196/206 514/542/190
f 528/536/186 546/203/207 513/532/183
f 521/539/188 555/193/208 522/537/187
f 514/542/190 548/198/209 515/540/189
f 522/537/187 556/195/210 523/543/191
f 515/540/189 549/230/211 516/545/193
f 523/543/191 557/222/212 524/512/165
f 516/545/193 550/225/213 517/517/170
f 569/577/214 584/578/215 568/579/216
f 573/580/217 588/581/218 572/582/219
f 576/583/220 591/584/221 575/585/222
f 565/586/223 580/587/224 564/588/225
f 570/589/226 585/590/227 569/591/214
f 574/592/228 589/593/229 573/580/217
f 577/594/230 592/595/231 576/583/220
f 566/596/232 581/597/233 565/586/223
f 562/598/234 593/599/235 577/594/230
f 571/600/236 586/601/237 570/589/226
f 563/602/238 578/603/239 562/598/234
f 567/604/240 582/605/241 566/596/232
f 572/582/219 587/606/242 571/600/236
f 568/579/216 583/607/243 567/604/240
f 575/585/222 590/608/244 574/592/228
f 564/588/225 579/609/245 563/602/238
f 603/610/246 608/611/247 598/612/246
f 600/613/248 595/614/249 594/615/249
f 599/616/250 601/617/248 600/613/248
f 607/618/247 609/619/251 608/611/247
f 596/620/252 602/621/250 599/616/250
f 604/622/253 609/619/251 606/623/251
f 623/624/254 614/625/255 619/626/255
f 616/627/256 611/628/257 610/629/257
f 615/630/258 617/631/256 616/627/256
f 622/632/259 624/633/254 623/624/254
f 612/634/260 618/635/258 615/630/258
f 620/636/261 625/637/259 622/632/259
f 639/638/262 630/639/263 635/640/263
f 632/641/264 627/642/265 626/643/265
f 631/644/266 633/645/264 632/641/264
f 639/638/262 641/646/267 640/647/262
f 628/648/268 634/649/266 631/644/266
f 636/650/269 641/646/267 638/651/267
f 655/652/270 646/653/271 651/654/271
f 648/655/272 643/656/273 642/657/273
f 648/655/272 650/658/274 649/659/272
f 654/660/275 656/661/270 655/652/270
f 644/662/276 650/658/274 647/663/274
f 652/664/277 657/665/275 654/660/275
f 671/666/278 662/667/279 667/668/279
f 664/669/280 659/670/281 658/671/281
f 663/672/282 665/673/280 664/669/280
f 671/666/278 673/674/283 672/675/278
f 660/676/284 666/677/282 663/672/282
f 670/678/283 669/679/285 673/674/283
f 687/680/286 678/681/287 683/682/287
f 680/683/288 675/684/289 674/685/289
f 679/686/290 681/687/288 680/683/288
f 687/680/286 689/688/291 688/689/286
f 676/690/292 682/691/290 679/686/290
f 684/692/293 689/688/291 686/693/291
f 703/694/294 694/695/295 699/696/295
f 696/697/296 691/698/297 690/699/297
f 695/700/298 697/701/296 696/697/296
f 703/694/294 705/702/299 704/703/294
f 692/704/300 698/705/298 695/700/298
f 700/706/301 705/702/299 702/707/299
f 719/708/302 710/709/303 715/710/303
f 712/711/304 707/712/305 706/713/305
f 711/714/306 713/715/304 712/711/304
f 719/708/302 721/716/307 720/717/302
f 708/718/308 714/719/306 711/714/306
f 718/720/307 717/721/309 721/716/307
f 731/722/310 736/723/311 726/724/310
f 722/725/312 729/726/313 723/727/312
f 727/728/314 729/726/313 728/729/313
f 735/730/311 737/731/315 736/723/311
f 724/732/316 730/733/314 727/728/314
f 732/734/317 737/731/315 734/735/315
f 747/736/318 752/737/319 742/738/318
f 738/739/320 745/740/321 739/741/320
f 743/742/322 745/740/321 744/743/321
f 751/744/319 753/745/323 752/737/319
f 743/742/322 741/746/324 746/747/322
f 748/748/325 753/745/323 750/749/323
f 763/750/326 768/751/327 758/752/326
f 760/753/328 755/754/329 754/755/329
f 759/756/330 761/757/328 760/753/328
f 766/758/331 768/751/327 767/759/327
f 759/756/330 757/760/332 762/761/330
f 764/762/333 769/763/331 766/758/331
f 783/764/334 774/765/335 779/766/335
f 776/767/336 771/768/337 770/769/337
f 775/770/338 777/771/336 776/767/336
f 783/764/334 785/772/339 784/773/334
f 772/774/340 778/775/338 775/770/338
f 782/776/339 781/777/341 785/772/339
f 795/778/342 800/779/343 790/780/342
f 792/781/344 787/782/345 786/783/345
f 791/784/346 793/785/344 792/781/344
f 798/786/347 800/779/343 799/787/343
f 791/784/346 789/788/348 794/789/346
f 796/790/349 801/791/347 798/786/347
f 815/792/350 806/793/351 811/794/351
f 808/795/352 803/796/353 802/797/353
f 807/798/354 809/799/352 808/795/352
f 815/792/350 817/800/355 816/801/350
f 807/798/354 805/802/356 810/803/354
f 812/804/357 817/800/355 814/805/355
f 831/806/358 822/807/359 827/808/359
f 824/809/360 819/810/361 818/811/361
f 824/809/360 826/812/362 825/813/360
f 830/814/363 832/815/358 831/806/358
f 823/816/362 821/817/364 826/812/362
f 828/818/365 833/819/363 830/814/363
f 843/820/366 848/821/367 838/822/366
f 834/823/368 841/824/369 835/825/368
f 839/826/370 841/824/369 840/827/369
f 847/828/367 849/829/371 848/821/367
f 836/830/372 842/831/370 839/826/370
f 844/832/373 849/829/371 846/833/371
f 10/306/69 5/834/69 15/307/70
f 2/309/71 8/312/72 7/310/72
f 8/312/72 9/316/73 6/313/73
f 14/308/70 15/307/70 16/314/74
f 9/316/73 4/835/1 3/317/1
f 16/314/74 12/836/2 11/318/2
f 21/319/75 31/327/76 30/320/76
f 18/322/77 24/325/78 23/323/78
f 24/325/78 25/329/79 22/326/79
f 31/327/76 32/331/80 29/328/80
f 25/329/79 20/837/3 19/330/3
f 32/331/80 28/838/4 27/332/4
f 37/333/81 47/341/82 46/334/82
f 34/336/83 40/339/84 39/337/84
f 40/339/84 41/343/85 38/340/85
f 47/341/82 48/345/86 45/342/86
f 41/343/85 36/839/5 35/344/5
f 48/345/86 44/840/6 43/346/6
f 58/347/87 53/841/87 63/348/88
f 50/350/89 56/842/90 55/351/90
f 55/351/90 56/842/90 57/353/91
f 63/348/88 64/357/92 61/355/92
f 57/353/91 52/843/7 51/356/7
f 64/357/92 60/844/8 59/358/8
f 74/359/93 69/845/93 79/360/94
f 66/362/95 72/846/96 71/363/96
f 71/363/96 72/846/96 73/365/97
f 79/360/94 80/847/98 77/367/98
f 70/366/97 73/365/97 68/368/9
f 77/367/98 80/847/98 76/370/10
f 85/372/99 95/848/100 94/373/100
f 82/375/101 88/378/102 87/376/102
f 88/378/102 89/382/103 86/379/103
f 94/373/100 95/848/100 96/380/104
f 89/382/103 84/849/11 83/383/11
f 96/380/104 92/850/12 91/384/12
f 101/385/105 111/851/106 110/386/106
f 98/388/107 104/391/108 103/389/108
f 104/391/108 105/395/109 102/392/109
f 110/386/106 111/851/106 112/393/110
f 105/395/109 100/852/13 99/396/13
f 112/393/110 108/853/14 107/397/14
f 122/398/111 117/854/111 127/399/112
f 114/401/113 120/855/114 119/402/114
f 119/402/114 120/855/114 121/404/115
f 126/400/112 127/399/112 128/406/116
f 121/404/115 116/856/15 115/408/15
f 128/406/116 124/857/16 123/409/16
f 133/410/117 143/418/118 142/411/118
f 130/413/119 136/858/120 135/414/120
f 135/414/120 136/858/120 137/416/121
f 143/418/118 144/421/122 141/419/122
f 137/416/121 132/859/17 131/420/17
f 144/421/122 140/860/18 139/422/18
f 149/423/123 159/861/124 158/424/124
f 145/426/125 146/862/125 152/427/126
f 152/427/126 153/863/127 150/429/127
f 158/424/124 159/861/124 160/430/128
f 150/429/127 153/863/127 148/432/19
f 160/430/128 156/864/20 155/434/20
f 170/435/129 165/865/129 175/436/130
f 161/438/131 162/866/131 168/439/132
f 168/439/132 169/867/133 166/441/133
f 175/436/130 176/445/134 173/442/134
f 166/441/133 169/867/133 164/443/21
f 176/445/134 172/868/22 171/446/22
f 186/447/135 181/869/135 191/448/136
f 178/450/137 184/870/138 183/451/138
f 183/451/138 184/870/138 185/453/139
f 191/448/136 192/458/140 189/455/140
f 182/454/139 185/453/139 180/456/23
f 192/458/140 188/871/24 187/459/24
f 202/460/141 197/872/141 207/461/142
f 194/463/143 200/873/144 199/464/144
f 199/464/144 200/873/144 201/466/145
f 207/461/142 208/470/146 205/468/146
f 201/466/145 196/874/25 195/469/25
f 208/470/146 204/875/26 203/471/26
f 213/472/147 223/876/148 222/473/148
f 210/475/149 216/478/150 215/476/150
f 216/478/150 217/482/151 214/479/151
f 222/473/148 223/876/148 224/480/152
f 217/482/151 212/877/27 211/483/27
f 224/480/152 220/878/28 219/484/28
f 229/485/153 239/493/154 238/486/154
f 225/488/155 226/879/155 232/489/156
f 231/490/156 232/489/156 233/491/157
f 239/493/154 240/496/158 237/494/158
f 233/491/157 228/880/29 227/495/29
f 240/496/158 236/881/30 235/497/30
f 245/498/159 255/506/160 254/499/160
f 242/501/161 248/504/162 247/502/162
f 248/504/162 249/508/163 246/505/163
f 255/506/160 256/510/164 253/507/164
f 249/508/163 244/882/31 243/509/31
f 256/510/164 252/883/32 251/511/32
f 524/512/165 525/520/172 541/513/166
f 518/515/168 534/574/174 533/516/169
f 526/518/171 542/561/176 541/519/166
f 519/521/173 535/572/178 534/522/174
f 526/518/171 527/527/179 543/523/175
f 520/525/177 536/570/182 535/526/178
f 527/527/179 528/536/186 544/528/180
f 520/525/177 521/576/188 537/530/181
f 513/532/183 514/542/190 530/533/184
f 513/532/183 529/557/185 544/535/180
f 522/537/187 538/567/192 537/538/181
f 515/540/189 531/554/194 530/541/184
f 523/543/191 539/565/195 538/544/192
f 516/545/193 532/552/196 531/546/194
f 523/543/191 524/512/165 540/547/167
f 516/545/193 517/517/170 533/549/169
f 524/512/165 557/222/212 558/224/198
f 517/517/170 550/225/213 551/214/199
f 525/520/172 558/224/198 559/217/200
f 518/515/168 551/214/199 552/216/201
f 526/518/171 559/217/200 560/208/202
f 519/521/173 552/216/201 553/205/203
f 527/527/179 560/208/202 561/201/204
f 520/525/177 553/205/203 554/207/205
f 513/532/183 546/203/207 547/196/206
f 528/536/186 561/201/204 546/203/207
f 521/539/188 554/297/205 555/193/208
f 514/542/190 547/196/206 548/198/209
f 522/537/187 555/193/208 556/195/210
f 515/540/189 548/198/209 549/230/211
f 523/543/191 556/195/210 557/222/212
f 516/545/193 549/230/211 550/225/213
f 569/577/214 585/884/227 584/578/215
f 573/580/217 589/593/229 588/581/218
f 576/583/220 592/595/231 591/584/221
f 565/586/223 581/597/233 580/587/224
f 570/589/226 586/601/237 585/590/227
f 574/592/228 590/608/244 589/593/229
f 577/594/230 593/599/235 592/595/231
f 566/596/232 582/605/241 581/597/233
f 562/598/234 578/603/239 593/599/235
f 571/600/236 587/606/242 586/601/237
f 563/602/238 579/609/245 578/603/239
f 567/604/240 583/607/243 582/605/241
f 572/582/219 588/581/218 587/606/242
f 568/579/216 584/578/215 583/607/243
f 575/585/222 591/584/221 590/608/244
f 564/588/225 580/587/224 579/609/245
f 603/610/246 607/618/247 608/611/247
f 600/613/248 601/617/248 595/614/249
f 599/616/250 602/621/250 601/617/248
f 607/618/247 606/623/251 609/619/251
f 596/620/252 597/885/252 602/621/250
f 604/622/253 605/886/253 609/619/251
f 623/624/254 624/633/254 614/625/255
f 616/627/256 617/631/256 611/628/257
f 615/630/258 618/635/258 617/631/256
f 622/632/259 625/637/259 624/633/254
f 612/634/260 613/887/260 618/635/258
f 620/636/261 621/888/261 625/637/259
f 639/638/262 640/647/262 630/639/263
f 632/641/264 633/645/264 627/642/265
f 631/644/266 634/649/266 633/645/264
f 639/638/262 638/651/267 641/646/267
f 628/648/268 629/889/268 634/649/266
f 636/650/269 637/890/269 641/646/267
f 655/652/270 656/661/270 646/653/271
f 648/655/272 649/659/272 643/656/273
f 648/655/272 647/663/274 650/658/274
f 654/660/275 657/665/275 656/661/270
f 644/662/276 645/891/276 650/658/274
f 652/664/277 653/892/277 657/665/275
f 671/666/278 672/675/278 662/667/279
f 664/669/280 665/673/280 659/670/281
f 663/672/282 666/677/282 665/673/280
f 671/666/278 670/678/283 673/674/283
f 660/676/284 661/893/284 666/677/282
f 670/678/283 668/894/285 669/679/285
f 687/680/286 688/689/286 678/681/287
f 680/683/288 681/687/288 675/684/289
f 679/686/290 682/691/290 681/687/288
f 687/680/286 686/693/291 689/688/291
f 676/690/292 677/895/292 682/691/290
f 684/692/293 685/896/293 689/688/291
f 703/694/294 704/703/294 694/695/295
f 696/697/296 697/701/296 691/698/297
f 695/700/298 698/705/298 697/701/296
f 703/694/294 702/707/299 705/702/299
f 692/704/300 693/897/300 698/705/298
f 700/706/301 701/898/301 705/702/299
f 719/708/302 720/717/302 710/709/303
f 712/711/304 713/715/304 707/712/305
f 711/714/306 714/719/306 713/715/304
f 719/708/302 718/720/307 721/716/307
f 708/718/308 709/899/308 714/719/306
f 718/720/307 716/900/309 717/721/309
f 731/722/310 735/730/311 736/723/311
f 722/725/312 728/729/313 729/726/313
f 727/728/314 730/733/314 729/726/313
f 735/730/311 734/735/315 737/731/315
f 724/732/316 725/901/316 730/733/314
f 732/734/317 733/902/317 737/731/315
f 747/736/318 751/744/319 752/737/319
f 738/739/320 744/743/321 745/740/321
f 743/742/322 746/747/322 745/740/321
f 751/744/319 750/749/323 753/745/323
f 743/742/322 740/903/324 741/746/324
f 748/748/325 749/904/325 753/745/323
f 763/750/326 767/759/327 768/751/327
f 760/753/328 761/757/328 755/754/329
f 759/756/330 762/761/330 761/757/328
f 766/758/331 769/763/331 768/751/327
f 759/756/330 756/905/332 757/760/332
f 764/762/333 765/906/333 769/763/331
f 783/764/334 784/773/334 774/765/335
f 776/767/336 777/771/336 771/768/337
f 775/770/338 778/775/338 777/771/336
f 783/764/334 782/776/339 785/772/339
f 772/774/340 773/907/340 778/775/338
f 782/776/339 780/908/341 781/777/341
f 795/778/342 799/787/343 800/779/343
f 792/781/344 793/785/344 787/782/345
f 791/784/346 794/789/346 793/785/344
f 798/786/347 801/791/347 800/779/343
f 791/784/346 788/909/348 789/788/348
f 796/790/349 797/910/349 801/791/347
f 815/792/350 816/801/350 806/793/351
f 808/795/352 809/799/352 803/796/353
f 807/798/354 810/803/354 809/799/352
f 815/792/350 814/805/355 817/800/355
f 807/798/354 804/911/356 805/802/356
f 812/804/357 813/912/357 817/800/355
f 831/806/358 832/815/358 822/807/359
f 824/809/360 825/813/360 819/810/361
f 824/809/360 823/816/362 826/812/362
f 830/814/363 833/819/363 832/815/358
f 823/816/362 820/913/364 821/817/364
f 828/818/365 829/914/365 833/819/363
f 843/820/366 847/828/367 848/821/367
f 834/823/368 840/827/369 841/824/369
f 839/826/370 842/831/370 841/824/369
f 847/828/367 846/833/371 849/829/371
f 836/830/372 837/915/372 842/831/370
f 844/832/373 845/916/373 849/829/371
