mtllib turbofan.mtl
# Extracted directly from the original turbofan OBJ object group.
v -0.000000 1.375000 3.000000
v 1.312500 1.375000 3.000000
v -0.000000 1.625000 2.750000
v 1.312500 1.625000 2.750000
v -1.312500 1.625000 3.000000
v -0.000000 1.500000 2.812500
v -0.000000 1.437500 2.875000
v 1.312500 1.437500 2.875000
v 1.312500 1.500000 2.812500
v -0.000000 1.625000 3.000000
v -0.000000 1.375000 2.750000
v -1.312500 1.375000 2.750000
v -0.000000 1.500000 2.812500
v -0.000000 1.562500 2.875000
v -1.312500 1.562500 2.875000
v -1.312500 1.500000 2.812500
v -0.125000 1.500000 3.000000
v -0.125000 0.187500 3.000000
v 0.125000 1.500000 2.750000
v 0.125000 0.187500 2.750000
v 0.125000 2.812500 3.000000
v -0.000000 1.500000 2.812500
v -0.062500 1.500000 2.875000
v -0.062500 0.187500 2.875000
v -0.000000 0.187500 2.812500
v 0.125000 1.500000 3.000000
v -0.125000 1.500000 2.750000
v -0.125000 2.812500 2.750000
v -0.000000 1.500000 2.812500
v 0.062500 1.500000 2.875000
v 0.062500 2.812500 2.875000
v 0.000000 2.812500 2.812500
v -0.088388 1.411612 3.000000
v 0.839689 0.483534 3.000000
v 0.088388 1.588388 2.750000
v 1.016466 0.660311 2.750000
v -0.839689 2.516466 3.000000
v -0.000000 1.500000 2.812500
v -0.044194 1.455806 2.875000
v 0.883883 0.527729 2.875000
v 0.928078 0.571923 2.812500
v 0.088388 1.588388 3.000000
v -0.088388 1.411612 2.750000
v -1.016466 2.339690 2.750000
v -0.000000 1.500000 2.812500
v 0.044194 1.544194 2.875000
v -0.883883 2.472272 2.875000
v -0.928078 2.428078 2.812500
v -0.088388 1.588388 3.000000
v -1.016466 0.660311 3.000000
v 0.088388 1.411612 2.750000
v -0.839689 0.483534 2.750000
v 1.016466 2.339689 3.000000
v -0.000000 1.500000 2.812500
v -0.044194 1.544194 2.875000
v -0.972272 0.616117 2.875000
v -0.928078 0.571923 2.812500
v 0.088388 1.411612 3.000000
v -0.088388 1.588388 2.750000
v 0.839689 2.516466 2.750000
v -0.000000 1.500000 2.812500
v 0.044194 1.455806 2.875000
v 0.972272 2.383883 2.875000
v 0.928078 2.428078 2.812500
v -0.047836 1.384515 3.000000
v 1.164756 0.882243 3.000000
v 0.047835 1.615485 2.750000
v 1.260427 1.113213 2.750000
v -1.164757 2.117757 3.000000
v -0.000000 1.500000 2.812500
v -0.023918 1.442258 2.875000
v 1.188674 0.939986 2.875000
v 1.212592 0.997728 2.812500
v 0.047835 1.615485 3.000000
v -0.047836 1.384515 2.750000
v -1.260427 1.886787 2.750000
v -0.000000 1.500000 2.812500
v 0.023918 1.557743 2.875000
v -1.188674 2.060015 2.875000
v -1.212592 2.002273 2.812500
v -0.115485 1.547836 3.000000
v -0.617757 0.335244 3.000000
v 0.115485 1.452165 2.750000
v -0.386787 0.239573 2.750000
v 0.617757 2.664757 3.000000
v -0.000000 1.500000 2.812500
v -0.057743 1.523918 2.875000
v -0.560015 0.311326 2.875000
v -0.502272 0.287408 2.812500
v 0.115485 1.452165 3.000000
v -0.115485 1.547836 2.750000
v 0.386787 2.760427 2.750000
v -0.000000 1.500000 2.812500
v 0.057742 1.476083 2.875000
v 0.560015 2.688674 2.875000
v 0.502272 2.712592 2.812500
v -0.115485 1.452165 3.000000
v 0.386787 0.239573 3.000000
v 0.115485 1.547835 2.750000
v 0.617757 0.335244 2.750000
v -0.386787 2.760427 3.000000
v -0.000000 1.500000 2.812500
v -0.057743 1.476082 2.875000
v 0.444529 0.263491 2.875000
v 0.502272 0.287408 2.812500
v 0.115485 1.547835 3.000000
v -0.115485 1.452165 2.750000
v -0.617757 2.664757 2.750000
v -0.000000 1.500000 2.812500
v 0.057742 1.523918 2.875000
v -0.444529 2.736510 2.875000
v -0.502272 2.712592 2.812500
v -0.047836 1.615485 3.000000
v -1.260427 1.113214 3.000000
v 0.047835 1.384515 2.750000
v -1.164757 0.882243 2.750000
v 1.260427 1.886787 3.000000
v -0.000000 1.500000 2.812500
v -0.023918 1.557743 2.875000
v -1.236510 1.055470 2.875000
v -1.212592 0.997728 2.812500
v 0.047835 1.384515 3.000000
v -0.047836 1.615485 2.750000
v 1.164756 2.117757 2.750000
v -0.000000 1.500000 2.812500
v 0.023918 1.442258 2.875000
v 1.236509 1.944530 2.875000
v 1.212592 2.002272 2.812500
v -0.024386 1.377402 3.000000
v 1.262894 1.121346 3.000000
v 0.024386 1.622599 2.750000
v 1.311667 1.366542 2.750000
v -1.262895 1.878654 3.000000
v -0.000000 1.500000 2.812500
v -0.012193 1.438701 2.875000
v 1.275087 1.182645 2.875000
v 1.287281 1.243944 2.812500
v 0.024386 1.622599 3.000000
v -0.024386 1.377402 2.750000
v -1.311667 1.633458 2.750000
v -0.000000 1.500000 2.812500
v 0.012193 1.561299 2.875000
v -1.275088 1.817356 2.875000
v -1.287281 1.756056 2.812500
v -0.122598 1.524386 3.000000
v -0.378654 0.237106 3.000000
v 0.122598 1.475614 2.750000
v -0.133458 0.188334 2.750000
v 0.378654 2.762895 3.000000
v -0.000000 1.500000 2.812500
v -0.061299 1.512194 2.875000
v -0.317355 0.224913 2.875000
v -0.256056 0.212719 2.812500
v 0.122598 1.475614 3.000000
v -0.122598 1.524386 2.750000
v 0.133458 2.811667 2.750000
v -0.000000 1.500000 2.812500
v 0.061299 1.487807 2.875000
v 0.317355 2.775088 2.875000
v 0.256056 2.787281 2.812500
v -0.103934 1.430554 3.000000
v 0.625252 0.339250 3.000000
v 0.103934 1.569447 2.750000
v 0.833120 0.478143 2.750000
v -0.625252 2.660750 3.000000
v -0.000000 1.500000 2.812500
v -0.051967 1.465277 2.875000
v 0.677219 0.373973 2.875000
v 0.729186 0.408696 2.812500
v 0.103934 1.569447 3.000000
v -0.103934 1.430554 2.750000
v -0.833120 2.521858 2.750000
v -0.000000 1.500000 2.812500
v 0.051967 1.534723 2.875000
v -0.677219 2.626027 2.875000
v -0.729186 2.591304 2.812500
v -0.069446 1.603934 3.000000
v -1.160750 0.874748 3.000000
v 0.069446 1.396067 2.750000
v -1.021858 0.666881 2.750000
v 1.160750 2.125252 3.000000
v -0.000000 1.500000 2.812500
v -0.034723 1.551967 2.875000
v -1.126027 0.822781 2.875000
v -1.091304 0.770814 2.812500
v 0.069446 1.396067 3.000000
v -0.069446 1.603934 2.750000
v 1.021858 2.333120 2.750000
v -0.000000 1.500000 2.812500
v 0.034723 1.448033 2.875000
v 1.126027 2.177219 2.875000
v 1.091304 2.229186 2.812500
v -0.069446 1.396067 3.000000
v 1.021857 0.666881 3.000000
v 0.069446 1.603934 2.750000
v 1.160750 0.874748 2.750000
v -1.021858 2.333120 3.000000
v -0.000000 1.500000 2.812500
v -0.034723 1.448033 2.875000
v 1.056581 0.718847 2.875000
v 1.091304 0.770814 2.812500
v 0.069446 1.603934 3.000000
v -0.069446 1.396067 2.750000
v -1.160750 2.125253 2.750000
v -0.000000 1.500000 2.812500
v 0.034723 1.551967 2.875000
v -1.056581 2.281153 2.875000
v -1.091304 2.229186 2.812500
v -0.103934 1.569447 3.000000
v -0.833120 0.478143 3.000000
v 0.103934 1.430554 2.750000
v -0.625252 0.339250 2.750000
v 0.833120 2.521858 3.000000
v -0.000000 1.500000 2.812500
v -0.051967 1.534723 2.875000
v -0.781153 0.443419 2.875000
v -0.729186 0.408696 2.812500
v 0.103934 1.430554 3.000000
v -0.103934 1.569447 2.750000
v 0.625252 2.660750 2.750000
v -0.000000 1.500000 2.812500
v 0.051967 1.465277 2.875000
v 0.781153 2.556581 2.875000
v 0.729186 2.591304 2.812500
v -0.122598 1.475614 3.000000
v 0.133458 0.188334 3.000000
v 0.122598 1.524386 2.750000
v 0.378654 0.237106 2.750000
v -0.133458 2.811667 3.000000
v -0.000000 1.500000 2.812500
v -0.061299 1.487807 2.875000
v 0.194757 0.200526 2.875000
v 0.256056 0.212720 2.812500
v 0.122598 1.524386 3.000000
v -0.122598 1.475614 2.750000
v -0.378654 2.762895 2.750000
v -0.000000 1.500000 2.812500
v 0.061299 1.512194 2.875000
v -0.194757 2.799474 2.875000
v -0.256056 2.787281 2.812500
v -0.024386 1.622599 3.000000
v -1.311667 1.366542 3.000000
v 0.024386 1.377402 2.750000
v -1.262895 1.121346 2.750000
v 1.311667 1.633458 3.000000
v -0.000000 1.500000 2.812500
v -0.012193 1.561299 2.875000
v -1.299474 1.305243 2.875000
v -1.287281 1.243944 2.812500
v 0.024386 1.377402 3.000000
v -0.024386 1.622599 2.750000
v 1.262894 1.878654 2.750000
v -0.000000 1.500000 2.812500
v 0.012193 1.438701 2.875000
v 1.299474 1.694757 2.875000
v 1.287280 1.756056 2.812500
v -0.000000 1.437500 2.375000
v 0.937500 1.437500 2.375000
v -0.000000 1.562500 2.312500
v 0.937500 1.562500 2.312500
v -0.000000 1.562500 2.375000
v -0.937500 1.562500 2.375000
v -0.000000 1.437500 2.312500
v -0.937500 1.437500 2.312500
v -0.062500 1.500000 2.375000
v -0.062500 0.562500 2.375000
v 0.062500 1.500000 2.312500
v 0.062500 0.562500 2.312500
v 0.062500 1.500000 2.375000
v 0.062500 2.437500 2.375000
v -0.062500 1.500000 2.312500
v -0.062500 2.437500 2.312500
v -0.044194 1.455806 2.375000
v 0.618718 0.792893 2.375000
v 0.044194 1.544194 2.312500
v 0.707106 0.881282 2.312500
v 0.044194 1.544194 2.375000
v -0.618719 2.207107 2.375000
v -0.044195 1.455806 2.312500
v -0.707107 2.118718 2.312500
v -0.044194 1.544194 2.375000
v -0.707107 0.881282 2.375000
v 0.044194 1.455806 2.312500
v -0.618719 0.792893 2.312500
v 0.044194 1.455806 2.375000
v 0.707107 2.118718 2.375000
v -0.044194 1.544194 2.312500
v 0.618718 2.207107 2.312500
v -0.023918 1.442257 2.375000
v 0.842219 1.083492 2.375000
v 0.023917 1.557743 2.312500
v 0.890054 1.198977 2.312500
v 0.023917 1.557743 2.375000
v -0.842220 1.916508 2.375000
v -0.023918 1.442257 2.312500
v -0.890055 1.801023 2.312500
v -0.057743 1.523918 2.375000
v -0.416509 0.657781 2.375000
v 0.057742 1.476082 2.312500
v -0.301024 0.609945 2.312500
v 0.057742 1.476082 2.375000
v 0.416508 2.342219 2.375000
v -0.057743 1.523918 2.312500
v 0.301023 2.390055 2.312500
v -0.057743 1.476082 2.375000
v 0.301023 0.609945 2.375000
v 0.057742 1.523918 2.312500
v 0.416508 0.657781 2.312500
v 0.057742 1.523918 2.375000
v -0.301024 2.390055 2.375000
v -0.057743 1.476082 2.312500
v -0.416508 2.342218 2.312500
v -0.023918 1.557743 2.375000
v -0.890055 1.198977 2.375000
v 0.023917 1.442257 2.312500
v -0.842220 1.083492 2.312500
v 0.023917 1.442257 2.375000
v 0.890054 1.801023 2.375000
v -0.023918 1.557743 2.312500
v 0.842219 1.916508 2.312500
v -0.012193 1.438701 2.375000
v 0.907293 1.255804 2.375000
v 0.012193 1.561298 2.312500
v 0.931679 1.378402 2.312500
v 0.012193 1.561299 2.375000
v -0.907293 1.744196 2.375000
v -0.012193 1.438702 2.312500
v -0.931680 1.621598 2.312500
v -0.061299 1.512194 2.375000
v -0.244197 0.592707 2.375000
v 0.061299 1.487806 2.312500
v -0.121598 0.568321 2.312500
v 0.061299 1.487806 2.375000
v 0.244196 2.407293 2.375000
v -0.061299 1.512194 2.312500
v 0.121598 2.431679 2.312500
v -0.051967 1.465277 2.375000
v 0.468880 0.685774 2.375000
v 0.051967 1.534723 2.312500
v 0.572814 0.755220 2.312500
v 0.051967 1.534723 2.375000
v -0.468881 2.314226 2.375000
v -0.051967 1.465277 2.312500
v -0.572814 2.244780 2.312500
v -0.034723 1.551967 2.375000
v -0.814226 1.031120 2.375000
v 0.034723 1.448033 2.312500
v -0.744780 0.927186 2.312500
v 0.034723 1.448033 2.375000
v 0.814226 1.968880 2.375000
v -0.034723 1.551967 2.312500
v 0.744779 2.072814 2.312500
v -0.034723 1.448032 2.375000
v 0.744779 0.927186 2.375000
v 0.034723 1.551968 2.312500
v 0.814225 1.031119 2.312500
v 0.034723 1.551968 2.375000
v -0.744780 2.072814 2.375000
v -0.034724 1.448032 2.312500
v -0.814226 1.968881 2.312500
v -0.051967 1.534723 2.375000
v -0.572814 0.755220 2.375000
v 0.051967 1.465277 2.312500
v -0.468881 0.685774 2.312500
v 0.051967 1.465277 2.375000
v 0.572814 2.244780 2.375000
v -0.051967 1.534723 2.312500
v 0.468880 2.314226 2.312500
v -0.061299 1.487806 2.375000
v 0.121598 0.568321 2.375000
v 0.061299 1.512194 2.312500
v 0.244196 0.592707 2.312500
v 0.061299 1.512194 2.375000
v -0.121598 2.431679 2.375000
v -0.061299 1.487806 2.312500
v -0.244197 2.407292 2.312500
v -0.012193 1.561299 2.375000
v -0.931680 1.378403 2.375000
v 0.012193 1.438701 2.312500
v -0.907293 1.255804 2.312500
v 0.012193 1.438701 2.375000
v 0.931679 1.621597 2.375000
v -0.012193 1.561299 2.312500
v 0.907293 1.744196 2.312500
v 0.500000 1.562500 -2.500000
v 0.937500 1.562500 -2.500000
v 0.500000 1.437500 -2.375000
v 0.937500 1.437500 -2.375000
v -0.500000 1.437500 -2.500000
v -0.937500 1.437500 -2.500000
v -0.500000 1.562500 -2.375000
v -0.937500 1.562500 -2.375000
v 0.062500 1.000000 -2.500000
v 0.062500 0.562500 -2.500000
v -0.062500 1.000000 -2.375000
v -0.062500 0.562500 -2.375000
v -0.062500 2.000000 -2.500000
v -0.062500 2.437500 -2.500000
v 0.062500 2.000000 -2.375000
v 0.062500 2.437500 -2.375000
v 0.397747 1.190641 -2.500000
v 0.707106 0.881282 -2.500000
v 0.309359 1.102252 -2.375000
v 0.618718 0.792893 -2.375000
v -0.397748 1.809360 -2.500000
v -0.707107 2.118719 -2.500000
v -0.309359 1.897748 -2.375000
v -0.618719 2.207107 -2.375000
v -0.309360 1.102252 -2.500000
v -0.618719 0.792893 -2.500000
v -0.397748 1.190641 -2.375000
v -0.707107 0.881282 -2.375000
v 0.309359 1.897748 -2.500000
v 0.618718 2.207107 -2.500000
v 0.397747 1.809360 -2.375000
v 0.707107 2.118718 -2.375000
v 0.485857 1.366401 -2.500000
v 0.890054 1.198977 -2.500000
v 0.438022 1.250916 -2.375000
v 0.842219 1.083492 -2.375000
v -0.485858 1.633599 -2.500000
v -0.890055 1.801023 -2.500000
v -0.438022 1.749084 -2.375000
v -0.842219 1.916509 -2.375000
v -0.133600 1.014143 -2.500000
v -0.301024 0.609945 -2.500000
v -0.249085 1.061978 -2.375000
v -0.416509 0.657781 -2.375000
v 0.133599 1.985857 -2.500000
v 0.301023 2.390055 -2.500000
v 0.249084 1.938022 -2.375000
v 0.416508 2.342219 -2.375000
v 0.249084 1.061978 -2.500000
v 0.416508 0.657781 -2.500000
v 0.133599 1.014143 -2.375000
v 0.301023 0.609945 -2.375000
v -0.249084 1.938022 -2.500000
v -0.416508 2.342219 -2.500000
v -0.133599 1.985857 -2.375000
v -0.301023 2.390055 -2.375000
v -0.438022 1.250916 -2.500000
v -0.842220 1.083492 -2.500000
v -0.485858 1.366401 -2.375000
v -0.890055 1.198977 -2.375000
v 0.438022 1.749084 -2.500000
v 0.842219 1.916508 -2.500000
v 0.485857 1.633599 -2.375000
v 0.890054 1.801023 -2.375000
v 0.502586 1.463754 -2.500000
v 0.931679 1.378402 -2.500000
v 0.478199 1.341156 -2.375000
v 0.907293 1.255804 -2.375000
v -0.502586 1.536246 -2.500000
v -0.931679 1.621598 -2.500000
v -0.478200 1.658844 -2.375000
v -0.907293 1.744197 -2.375000
v -0.036246 0.997414 -2.500000
v -0.121598 0.568321 -2.500000
v -0.158845 1.021801 -2.375000
v -0.244197 0.592707 -2.375000
v 0.036246 2.002586 -2.500000
v 0.121598 2.431679 -2.500000
v 0.158844 1.978200 -2.375000
v 0.244196 2.407293 -2.375000
v 0.329752 1.118989 -2.500000
v 0.572814 0.755220 -2.500000
v 0.225818 1.049542 -2.375000
v 0.468880 0.685774 -2.375000
v -0.329752 1.881012 -2.500000
v -0.572814 2.244780 -2.500000
v -0.225818 1.950458 -2.375000
v -0.468880 2.314226 -2.375000
v -0.381012 1.170248 -2.500000
v -0.744780 0.927186 -2.500000
v -0.450458 1.274182 -2.375000
v -0.814226 1.031120 -2.375000
v 0.381012 1.829752 -2.500000
v 0.744779 2.072814 -2.500000
v 0.450458 1.725819 -2.375000
v 0.814226 1.968880 -2.375000
v 0.450458 1.274182 -2.500000
v 0.814226 1.031120 -2.500000
v 0.381011 1.170248 -2.375000
v 0.744779 0.927186 -2.375000
v -0.450458 1.725819 -2.500000
v -0.814226 1.968881 -2.500000
v -0.381012 1.829752 -2.375000
v -0.744780 2.072814 -2.375000
v -0.225819 1.049542 -2.500000
v -0.468881 0.685774 -2.500000
v -0.329752 1.118989 -2.375000
v -0.572814 0.755221 -2.375000
v 0.225818 1.950458 -2.500000
v 0.468880 2.314226 -2.500000
v 0.329752 1.881012 -2.375000
v 0.572814 2.244780 -2.375000
v 0.158844 1.021801 -2.500000
v 0.244196 0.592707 -2.500000
v 0.036246 0.997415 -2.375000
v 0.121598 0.568321 -2.375000
v -0.158844 1.978200 -2.500000
v -0.244196 2.407293 -2.500000
v -0.036246 2.002586 -2.375000
v -0.121598 2.431680 -2.375000
v -0.478200 1.341156 -2.500000
v -0.907293 1.255804 -2.500000
v -0.502586 1.463754 -2.375000
v -0.931679 1.378402 -2.375000
v 0.478199 1.658844 -2.500000
v 0.907293 1.744196 -2.500000
v 0.502586 1.536246 -2.375000
v 0.931679 1.621598 -2.375000
v 0.000000 1.875000 3.000000
v -0.143507 1.846455 3.000000
v -0.265165 1.765165 3.000000
v -0.346455 1.643507 3.000000
v -0.375000 1.500000 3.000000
v -0.346455 1.356494 3.000000
v -0.265165 1.234835 3.000000
v -0.143507 1.153545 3.000000
v 0.000000 1.125000 3.000000
v 0.143506 1.153545 3.000000
v 0.265165 1.234835 3.000000
v 0.346455 1.356494 3.000000
v 0.375000 1.500000 3.000000
v 0.346455 1.643507 3.000000
v 0.265165 1.765165 3.000000
v 0.143506 1.846455 3.000000
v 0.000000 1.640625 3.375000
v -0.053815 1.629921 3.375000
v -0.099437 1.599437 3.375000
v -0.129920 1.553815 3.375000
v -0.140625 1.500000 3.375000
v -0.129920 1.446185 3.375000
v -0.099437 1.400563 3.375000
v -0.053815 1.370080 3.375000
v 0.000000 1.359375 3.375000
v 0.053815 1.370080 3.375000
v 0.099437 1.400563 3.375000
v 0.129920 1.446185 3.375000
v 0.140625 1.500000 3.375000
v 0.129920 1.553815 3.375000
v 0.099437 1.599437 3.375000
v 0.053815 1.629921 3.375000
v 0.000000 1.500000 3.500000
v 0.000000 1.875000 2.750000
v -0.143507 1.846455 2.750000
v -0.265165 1.765165 2.750000
v -0.346455 1.643507 2.750000
v -0.375000 1.500000 2.750000
v -0.346455 1.356494 2.750000
v -0.265165 1.234835 2.750000
v -0.143507 1.153545 2.750000
v 0.000000 1.125000 2.750000
v 0.143506 1.153545 2.750000
v 0.265165 1.234835 2.750000
v 0.346455 1.356494 2.750000
v 0.375000 1.500000 2.750000
v 0.346455 1.643507 2.750000
v 0.265165 1.765165 2.750000
v 0.143506 1.846455 2.750000
v 0.071753 1.673227 2.750000
v 0.132582 1.632583 2.750000
v 0.173227 1.571754 2.750000
v 0.187500 1.500000 2.750000
v 0.173227 1.428247 2.750000
v 0.132582 1.367417 2.750000
v 0.071753 1.326773 2.750000
v 0.000000 1.312500 2.750000
v -0.071753 1.326773 2.750000
v -0.132583 1.367417 2.750000
v -0.173227 1.428247 2.750000
v -0.187500 1.500000 2.750000
v -0.173227 1.571754 2.750000
v -0.132583 1.632583 2.750000
v -0.071753 1.673227 2.750000
v 0.000000 1.687500 2.750000
v 0.071753 1.673227 1.125000
v 0.132582 1.632583 1.125000
v 0.173227 1.571754 1.125000
v 0.187500 1.500000 1.125000
v 0.173227 1.428247 1.125000
v 0.132582 1.367417 1.125000
v 0.071753 1.326773 1.125000
v 0.000000 1.312500 1.125000
v -0.071753 1.326773 1.125000
v -0.132583 1.367417 1.125000
v -0.173227 1.428247 1.125000
v -0.187500 1.500000 1.125000
v -0.173227 1.571754 1.125000
v -0.132583 1.632583 1.125000
v -0.071753 1.673227 1.125000
v 0.000000 1.687500 1.125000
v -0.000000 1.375000 3.000000
v 1.312500 1.375000 3.000000
v -0.000000 1.625000 2.750000
v 1.312500 1.625000 2.750000
v -1.312500 1.625000 3.000000
v -0.000000 1.500000 2.812500
v -0.000000 1.437500 2.875000
v 1.312500 1.437500 2.875000
v 1.312500 1.500000 2.812500
v -0.000000 1.625000 3.000000
v -0.000000 1.375000 2.750000
v -1.312500 1.375000 2.750000
v -0.000000 1.500000 2.812500
v -0.000000 1.562500 2.875000
v -1.312500 1.562500 2.875000
v -1.312500 1.500000 2.812500
v -0.125000 1.500000 3.000000
v -0.125000 0.187500 3.000000
v 0.125000 1.500000 2.750000
v 0.125000 0.187500 2.750000
v 0.125000 2.812500 3.000000
v -0.000000 1.500000 2.812500
v -0.062500 1.500000 2.875000
v -0.062500 0.187500 2.875000
v -0.000000 0.187500 2.812500
v 0.125000 1.500000 3.000000
v -0.125000 1.500000 2.750000
v -0.125000 2.812500 2.750000
v -0.000000 1.500000 2.812500
v 0.062500 1.500000 2.875000
v 0.062500 2.812500 2.875000
v 0.000000 2.812500 2.812500
v -0.088388 1.411612 3.000000
v 0.839689 0.483534 3.000000
v 0.088388 1.588388 2.750000
v 1.016466 0.660311 2.750000
v -0.839689 2.516466 3.000000
v -0.000000 1.500000 2.812500
v -0.044194 1.455806 2.875000
v 0.883883 0.527729 2.875000
v 0.928078 0.571923 2.812500
v 0.088388 1.588388 3.000000
v -0.088388 1.411612 2.750000
v -1.016466 2.339690 2.750000
v -0.000000 1.500000 2.812500
v 0.044194 1.544194 2.875000
v -0.883883 2.472272 2.875000
v -0.928078 2.428078 2.812500
v -0.088388 1.588388 3.000000
v -1.016466 0.660311 3.000000
v 0.088388 1.411612 2.750000
v -0.839689 0.483534 2.750000
v 1.016466 2.339689 3.000000
v -0.000000 1.500000 2.812500
v -0.044194 1.544194 2.875000
v -0.972272 0.616117 2.875000
v -0.928078 0.571923 2.812500
v 0.088388 1.411612 3.000000
v -0.088388 1.588388 2.750000
v 0.839689 2.516466 2.750000
v -0.000000 1.500000 2.812500
v 0.044194 1.455806 2.875000
v 0.972272 2.383883 2.875000
v 0.928078 2.428078 2.812500
v -0.047836 1.384515 3.000000
v 1.164756 0.882243 3.000000
v 0.047835 1.615485 2.750000
v 1.260427 1.113213 2.750000
v -1.164757 2.117757 3.000000
v -0.000000 1.500000 2.812500
v -0.023918 1.442258 2.875000
v 1.188674 0.939986 2.875000
v 1.212592 0.997728 2.812500
v 0.047835 1.615485 3.000000
v -0.047836 1.384515 2.750000
v -1.260427 1.886787 2.750000
v -0.000000 1.500000 2.812500
v 0.023918 1.557743 2.875000
v -1.188674 2.060015 2.875000
v -1.212592 2.002273 2.812500
v -0.115485 1.547836 3.000000
v -0.617757 0.335244 3.000000
v 0.115485 1.452165 2.750000
v -0.386787 0.239573 2.750000
v 0.617757 2.664757 3.000000
v -0.000000 1.500000 2.812500
v -0.057743 1.523918 2.875000
v -0.560015 0.311326 2.875000
v -0.502272 0.287408 2.812500
v 0.115485 1.452165 3.000000
v -0.115485 1.547836 2.750000
v 0.386787 2.760427 2.750000
v -0.000000 1.500000 2.812500
v 0.057742 1.476083 2.875000
v 0.560015 2.688674 2.875000
v 0.502272 2.712592 2.812500
v -0.115485 1.452165 3.000000
v 0.386787 0.239573 3.000000
v 0.115485 1.547835 2.750000
v 0.617757 0.335244 2.750000
v -0.386787 2.760427 3.000000
v -0.000000 1.500000 2.812500
v -0.057743 1.476082 2.875000
v 0.444529 0.263491 2.875000
v 0.502272 0.287408 2.812500
v 0.115485 1.547835 3.000000
v -0.115485 1.452165 2.750000
v -0.617757 2.664757 2.750000
v -0.000000 1.500000 2.812500
v 0.057742 1.523918 2.875000
v -0.444529 2.736510 2.875000
v -0.502272 2.712592 2.812500
v -0.047836 1.615485 3.000000
v -1.260427 1.113214 3.000000
v 0.047835 1.384515 2.750000
v -1.164757 0.882243 2.750000
v 1.260427 1.886787 3.000000
v -0.000000 1.500000 2.812500
v -0.023918 1.557743 2.875000
v -1.236510 1.055470 2.875000
v -1.212592 0.997728 2.812500
v 0.047835 1.384515 3.000000
v -0.047836 1.615485 2.750000
v 1.164756 2.117757 2.750000
v -0.000000 1.500000 2.812500
v 0.023918 1.442258 2.875000
v 1.236509 1.944530 2.875000
v 1.212592 2.002272 2.812500
v -0.024386 1.377402 3.000000
v 1.262894 1.121346 3.000000
v 0.024386 1.622599 2.750000
v 1.311667 1.366542 2.750000
v -1.262895 1.878654 3.000000
v -0.000000 1.500000 2.812500
v -0.012193 1.438701 2.875000
v 1.275087 1.182645 2.875000
v 1.287281 1.243944 2.812500
v 0.024386 1.622599 3.000000
v -0.024386 1.377402 2.750000
v -1.311667 1.633458 2.750000
v -0.000000 1.500000 2.812500
v 0.012193 1.561299 2.875000
v -1.275088 1.817356 2.875000
v -1.287281 1.756056 2.812500
v -0.122598 1.524386 3.000000
v -0.378654 0.237106 3.000000
v 0.122598 1.475614 2.750000
v -0.133458 0.188334 2.750000
v 0.378654 2.762895 3.000000
v -0.000000 1.500000 2.812500
v -0.061299 1.512194 2.875000
v -0.317355 0.224913 2.875000
v -0.256056 0.212719 2.812500
v 0.122598 1.475614 3.000000
v -0.122598 1.524386 2.750000
v 0.133458 2.811667 2.750000
v -0.000000 1.500000 2.812500
v 0.061299 1.487807 2.875000
v 0.317355 2.775088 2.875000
v 0.256056 2.787281 2.812500
v -0.103934 1.430554 3.000000
v 0.625252 0.339250 3.000000
v 0.103934 1.569447 2.750000
v 0.833120 0.478143 2.750000
v -0.625252 2.660750 3.000000
v -0.000000 1.500000 2.812500
v -0.051967 1.465277 2.875000
v 0.677219 0.373973 2.875000
v 0.729186 0.408696 2.812500
v 0.103934 1.569447 3.000000
v -0.103934 1.430554 2.750000
v -0.833120 2.521858 2.750000
v -0.000000 1.500000 2.812500
v 0.051967 1.534723 2.875000
v -0.677219 2.626027 2.875000
v -0.729186 2.591304 2.812500
v -0.069446 1.603934 3.000000
v -1.160750 0.874748 3.000000
v 0.069446 1.396067 2.750000
v -1.021858 0.666881 2.750000
v 1.160750 2.125252 3.000000
v -0.000000 1.500000 2.812500
v -0.034723 1.551967 2.875000
v -1.126027 0.822781 2.875000
v -1.091304 0.770814 2.812500
v 0.069446 1.396067 3.000000
v -0.069446 1.603934 2.750000
v 1.021858 2.333120 2.750000
v -0.000000 1.500000 2.812500
v 0.034723 1.448033 2.875000
v 1.126027 2.177219 2.875000
v 1.091304 2.229186 2.812500
v -0.069446 1.396067 3.000000
v 1.021857 0.666881 3.000000
v 0.069446 1.603934 2.750000
v 1.160750 0.874748 2.750000
v -1.021858 2.333120 3.000000
v -0.000000 1.500000 2.812500
v -0.034723 1.448033 2.875000
v 1.056581 0.718847 2.875000
v 1.091304 0.770814 2.812500
v 0.069446 1.603934 3.000000
v -0.069446 1.396067 2.750000
v -1.160750 2.125253 2.750000
v -0.000000 1.500000 2.812500
v 0.034723 1.551967 2.875000
v -1.056581 2.281153 2.875000
v -1.091304 2.229186 2.812500
v -0.103934 1.569447 3.000000
v -0.833120 0.478143 3.000000
v 0.103934 1.430554 2.750000
v -0.625252 0.339250 2.750000
v 0.833120 2.521858 3.000000
v -0.000000 1.500000 2.812500
v -0.051967 1.534723 2.875000
v -0.781153 0.443419 2.875000
v -0.729186 0.408696 2.812500
v 0.103934 1.430554 3.000000
v -0.103934 1.569447 2.750000
v 0.625252 2.660750 2.750000
v -0.000000 1.500000 2.812500
v 0.051967 1.465277 2.875000
v 0.781153 2.556581 2.875000
v 0.729186 2.591304 2.812500
v -0.122598 1.475614 3.000000
v 0.133458 0.188334 3.000000
v 0.122598 1.524386 2.750000
v 0.378654 0.237106 2.750000
v -0.133458 2.811667 3.000000
v -0.000000 1.500000 2.812500
v -0.061299 1.487807 2.875000
v 0.194757 0.200526 2.875000
v 0.256056 0.212720 2.812500
v 0.122598 1.524386 3.000000
v -0.122598 1.475614 2.750000
v -0.378654 2.762895 2.750000
v -0.000000 1.500000 2.812500
v 0.061299 1.512194 2.875000
v -0.194757 2.799474 2.875000
v -0.256056 2.787281 2.812500
v -0.024386 1.622599 3.000000
v -1.311667 1.366542 3.000000
v 0.024386 1.377402 2.750000
v -1.262895 1.121346 2.750000
v 1.311667 1.633458 3.000000
v -0.000000 1.500000 2.812500
v -0.012193 1.561299 2.875000
v -1.299474 1.305243 2.875000
v -1.287281 1.243944 2.812500
v 0.024386 1.377402 3.000000
v -0.024386 1.622599 2.750000
v 1.262894 1.878654 2.750000
v -0.000000 1.500000 2.812500
v 0.012193 1.438701 2.875000
v 1.299474 1.694757 2.875000
v 1.287280 1.756056 2.812500
vt 0.827586 0.888889
vt 0.770115 0.901961
vt 0.770115 0.888889
vt 0.827586 0.888889
vt 0.770115 0.901961
vt 0.770115 0.888889
vt 0.827586 0.888889
vt 0.770115 0.901961
vt 0.770115 0.888889
vt 0.827586 0.888889
vt 0.770115 0.901961
vt 0.770115 0.888889
vt 0.770115 0.888889
vt 0.827586 0.901961
vt 0.770115 0.901961
vt 0.827586 0.888889
vt 0.770115 0.901961
vt 0.770115 0.888889
vt 0.827586 0.888889
vt 0.770115 0.901961
vt 0.770115 0.888889
vt 0.770115 0.888889
vt 0.827586 0.901961
vt 0.770115 0.901961
vt 0.827586 0.888889
vt 0.770115 0.901961
vt 0.770115 0.888889
vt 0.827586 0.888889
vt 0.770115 0.901961
vt 0.770115 0.888889
vt 0.827586 0.888889
vt 0.770115 0.901961
vt 0.770115 0.888889
vt 0.827586 0.888889
vt 0.770115 0.901961
vt 0.770115 0.888889
vt 0.770115 0.888889
vt 0.827586 0.901961
vt 0.770115 0.901961
vt 0.770115 0.888889
vt 0.827586 0.901961
vt 0.770115 0.901961
vt 0.827586 0.888889
vt 0.770115 0.901961
vt 0.770115 0.888889
vt 0.827586 0.888889
vt 0.770115 0.901961
vt 0.770115 0.888889
vt 0.827586 0.888889
vt 0.770115 0.901961
vt 0.770115 0.888889
vt 0.827586 0.888889
vt 0.770115 0.901961
vt 0.770115 0.888889
vt 0.827586 0.888889
vt 0.770115 0.901961
vt 0.770115 0.888889
vt 0.827586 0.888889
vt 0.770115 0.901961
vt 0.770115 0.888889
vt 0.770115 0.888889
vt 0.827586 0.901961
vt 0.770115 0.901961
vt 0.770115 0.888889
vt 0.827586 0.901961
vt 0.770115 0.901961
vt 0.770115 0.888889
vt 0.827586 0.901961
vt 0.770115 0.901961
vt 0.770115 0.888889
vt 0.827586 0.901961
vt 0.770115 0.901961
vt 0.770115 0.888889
vt 0.827586 0.901961
vt 0.770115 0.901961
vt 0.770115 0.888889
vt 0.827586 0.901961
vt 0.770115 0.901961
vt 0.827586 0.888889
vt 0.770115 0.901961
vt 0.770115 0.888889
vt 0.827586 0.888889
vt 0.770115 0.901961
vt 0.770115 0.888889
vt 0.770115 0.888889
vt 0.827586 0.901961
vt 0.770115 0.901961
vt 0.770115 0.888889
vt 0.827586 0.901961
vt 0.770115 0.901961
vt 0.827586 0.888889
vt 0.770115 0.901961
vt 0.770115 0.888889
vt 0.827586 0.888889
vt 0.770115 0.901961
vt 0.770115 0.888889
vt 0.796935 0.901961
vt 0.770115 0.915033
vt 0.770115 0.901961
vt 0.796935 0.901961
vt 0.770115 0.915033
vt 0.770115 0.901961
vt 0.796935 0.901961
vt 0.770115 0.915033
vt 0.770115 0.901961
vt 0.796935 0.901961
vt 0.770115 0.915033
vt 0.770115 0.901961
vt 0.770115 0.901961
vt 0.796935 0.915033
vt 0.770115 0.915033
vt 0.796935 0.901961
vt 0.770115 0.915033
vt 0.770115 0.901961
vt 0.796935 0.901961
vt 0.770115 0.915033
vt 0.770115 0.901961
vt 0.796935 0.901961
vt 0.770115 0.915033
vt 0.770115 0.901961
vt 0.796935 0.901961
vt 0.770115 0.915033
vt 0.770115 0.901961
vt 0.796935 0.901961
vt 0.770115 0.915033
vt 0.770115 0.901961
vt 0.770115 0.901961
vt 0.796935 0.915033
vt 0.770115 0.915033
vt 0.796935 0.901961
vt 0.770115 0.915033
vt 0.770115 0.901961
vt 0.770115 0.901961
vt 0.796935 0.915033
vt 0.770115 0.915033
vt 0.796935 0.901961
vt 0.770115 0.915033
vt 0.770115 0.901961
vt 0.796935 0.901961
vt 0.770115 0.915033
vt 0.770115 0.901961
vt 0.796935 0.901961
vt 0.770115 0.915033
vt 0.770115 0.901961
vt 0.770115 0.901961
vt 0.796935 0.915033
vt 0.770115 0.915033
vt 0.796935 0.901961
vt 0.770115 0.915033
vt 0.770115 0.901961
vt 0.770115 0.901961
vt 0.796935 0.915033
vt 0.770115 0.915033
vt 0.796935 0.901961
vt 0.770115 0.915033
vt 0.770115 0.901961
vt 0.770115 0.901961
vt 0.796935 0.915033
vt 0.770115 0.915033
vt 0.796935 0.901961
vt 0.770115 0.915033
vt 0.770115 0.901961
vt 0.796935 0.901961
vt 0.770115 0.915033
vt 0.770115 0.901961
vt 0.796935 0.901961
vt 0.770115 0.915033
vt 0.770115 0.901961
vt 0.796935 0.901961
vt 0.770115 0.915033
vt 0.770115 0.901961
vt 0.770115 0.901961
vt 0.796935 0.915033
vt 0.770115 0.915033
vt 0.796935 0.901961
vt 0.770115 0.915033
vt 0.770115 0.901961
vt 0.796935 0.901961
vt 0.770115 0.915033
vt 0.770115 0.901961
vt 0.770115 0.901961
vt 0.796935 0.915033
vt 0.770115 0.915033
vt 0.796935 0.901961
vt 0.770115 0.915033
vt 0.770115 0.901961
vt 0.796935 0.901961
vt 0.770115 0.915033
vt 0.770115 0.901961
vt 0.796935 0.901961
vt 0.770115 0.915033
vt 0.770115 0.901961
vt 0.988506 0.437909
vt 1.000000 0.450980
vt 0.988506 0.457516
vt 0.988506 0.594771
vt 1.000000 0.607843
vt 0.988506 0.614379
vt 1.000000 0.424837
vt 1.000000 0.431373
vt 0.988506 0.555556
vt 1.000000 0.568627
vt 0.988506 0.575163
vt 1.000000 0.588235
vt 0.988506 0.712418
vt 1.000000 0.732026
vt 0.988506 0.732026
vt 0.988506 0.535948
vt 1.000000 0.549020
vt 1.000000 0.699346
vt 1.000000 0.712418
vt 1.000000 0.522876
vt 1.000000 0.529412
vt 0.988506 0.673203
vt 1.000000 0.692810
vt 0.988506 0.692810
vt 0.988506 0.516340
vt 1.000000 0.503268
vt 1.000000 0.509804
vt 1.000000 0.660131
vt 1.000000 0.666667
vt 0.988506 0.477124
vt 1.000000 0.490196
vt 0.988506 0.496732
vt 0.988506 0.653595
vt 1.000000 0.640523
vt 1.000000 0.647059
vt 1.000000 0.470588
vt 1.000000 0.627451
vt 0.988506 0.633987
vt 0.827586 0.901961
vt 0.827586 0.901961
vt 0.827586 0.901961
vt 0.827586 0.901961
vt 0.827586 0.888889
vt 0.827586 0.901961
vt 0.827586 0.901961
vt 0.827586 0.888889
vt 0.827586 0.901961
vt 0.827586 0.901961
vt 0.827586 0.901961
vt 0.827586 0.901961
vt 0.827586 0.888889
vt 0.827586 0.888889
vt 0.827586 0.901961
vt 0.827586 0.901961
vt 0.827586 0.901961
vt 0.827586 0.901961
vt 0.827586 0.901961
vt 0.827586 0.901961
vt 0.827586 0.888889
vt 0.827586 0.888889
vt 0.827586 0.888889
vt 0.827586 0.888889
vt 0.827586 0.888889
vt 0.827586 0.888889
vt 0.827586 0.901961
vt 0.827586 0.901961
vt 0.827586 0.888889
vt 0.827586 0.888889
vt 0.827586 0.901961
vt 0.827586 0.901961
vt 0.796935 0.915033
vt 0.796935 0.915033
vt 0.796935 0.915033
vt 0.796935 0.915033
vt 0.796935 0.901961
vt 0.796935 0.915033
vt 0.796935 0.915033
vt 0.796935 0.915033
vt 0.796935 0.915033
vt 0.796935 0.915033
vt 0.796935 0.901961
vt 0.796935 0.915033
vt 0.796935 0.901961
vt 0.796935 0.915033
vt 0.796935 0.915033
vt 0.796935 0.915033
vt 0.796935 0.901961
vt 0.796935 0.915033
vt 0.796935 0.901961
vt 0.796935 0.915033
vt 0.796935 0.901961
vt 0.796935 0.915033
vt 0.796935 0.915033
vt 0.796935 0.915033
vt 0.796935 0.915033
vt 0.796935 0.901961
vt 0.796935 0.915033
vt 0.796935 0.915033
vt 0.796935 0.901961
vt 0.796935 0.915033
vt 0.796935 0.915033
vt 0.796935 0.915033
vt 1.000000 0.444444
vt 1.000000 0.601307
vt 0.988506 0.418301
vt 1.000000 0.562092
vt 1.000000 0.581699
vt 1.000000 0.718954
vt 1.000000 0.542484
vt 1.000000 0.679739
vt 1.000000 0.483660
vt 1.000000 0.464052
vt 1.000000 0.620915
vt 0.769834 0.862660
vt 0.850676 0.876239
vt 0.769834 0.876238
vt 0.850676 0.862660
vt 0.769834 0.876238
vt 0.769834 0.862660
vt 0.850676 0.876239
vt 0.769834 0.882501
vt 0.850676 0.882501
vt 0.769834 0.882501
vt 0.850676 0.882501
vt 0.769834 0.888726
vt 0.769834 0.888726
vt 0.850676 0.862660
vt 0.769834 0.876239
vt 0.769834 0.862660
vt 0.850676 0.862660
vt 0.769834 0.876239
vt 0.769834 0.862660
vt 0.850676 0.876239
vt 0.769834 0.882501
vt 0.850676 0.876239
vt 0.769834 0.882501
vt 0.850676 0.882501
vt 0.769834 0.888726
vt 0.850676 0.882501
vt 0.769834 0.888726
vt 0.850676 0.862660
vt 0.769834 0.876239
vt 0.769834 0.862660
vt 0.850676 0.862660
vt 0.769834 0.876239
vt 0.769834 0.862660
vt 0.850676 0.876239
vt 0.769834 0.882501
vt 0.850676 0.876239
vt 0.769834 0.882501
vt 0.850676 0.882501
vt 0.769834 0.888726
vt 0.850676 0.882501
vt 0.769834 0.888726
vt 0.769834 0.862660
vt 0.850676 0.876239
vt 0.769834 0.876239
vt 0.850676 0.862660
vt 0.769834 0.876239
vt 0.769834 0.862660
vt 0.850676 0.882501
vt 0.769834 0.882501
vt 0.769834 0.882501
vt 0.769834 0.888726
vt 0.850677 0.882501
vt 0.769834 0.888726
vt 0.769834 0.862660
vt 0.850677 0.876239
vt 0.769834 0.876239
vt 0.850677 0.862660
vt 0.769834 0.876238
vt 0.769834 0.862660
vt 0.850676 0.882501
vt 0.769834 0.882501
vt 0.769834 0.882501
vt 0.850676 0.888727
vt 0.769834 0.888726
vt 0.850677 0.888726
vt 0.769834 0.888726
vt 0.850676 0.862660
vt 0.769834 0.876239
vt 0.769834 0.862660
vt 0.850677 0.862660
vt 0.769834 0.876239
vt 0.769834 0.862660
vt 0.850677 0.876239
vt 0.769834 0.882501
vt 0.850676 0.882501
vt 0.769834 0.882501
vt 0.850676 0.882501
vt 0.769834 0.888726
vt 0.769834 0.888726
vt 0.850676 0.862660
vt 0.769834 0.876239
vt 0.769834 0.862660
vt 0.850676 0.862660
vt 0.769834 0.876239
vt 0.769834 0.862660
vt 0.850676 0.876239
vt 0.769834 0.882501
vt 0.850676 0.882501
vt 0.769834 0.882501
vt 0.850676 0.882501
vt 0.769834 0.888726
vt 0.769834 0.888726
vt 0.769834 0.862660
vt 0.850676 0.876239
vt 0.769834 0.876239
vt 0.850677 0.862660
vt 0.769834 0.876239
vt 0.769834 0.862660
vt 0.850677 0.882501
vt 0.769834 0.882501
vt 0.850676 0.882501
vt 0.769834 0.882501
vt 0.769834 0.888726
vt 0.769834 0.888726
vt 0.850676 0.862660
vt 0.769834 0.876239
vt 0.769834 0.862660
vt 0.850676 0.862660
vt 0.769834 0.876239
vt 0.769834 0.862660
vt 0.850676 0.882501
vt 0.769834 0.882501
vt 0.850676 0.876239
vt 0.769834 0.882501
vt 0.769834 0.888726
vt 0.850676 0.882501
vt 0.769834 0.888726
vt 0.850676 0.862660
vt 0.769834 0.876239
vt 0.769834 0.862660
vt 0.769834 0.862660
vt 0.850676 0.876239
vt 0.769834 0.876239
vt 0.769834 0.882501
vt 0.850676 0.882501
vt 0.769834 0.882501
vt 0.850676 0.888726
vt 0.769834 0.888726
vt 0.769834 0.888726
vt 0.769834 0.862660
vt 0.850676 0.876239
vt 0.769834 0.876239
vt 0.769834 0.862660
vt 0.850676 0.876239
vt 0.769834 0.876238
vt 0.769834 0.882501
vt 0.769834 0.882501
vt 0.850676 0.888726
vt 0.769834 0.888726
vt 0.850676 0.882501
vt 0.769834 0.888726
vt 0.769834 0.862660
vt 0.850676 0.876239
vt 0.769834 0.876239
vt 0.850676 0.862660
vt 0.769834 0.876239
vt 0.769834 0.862660
vt 0.850676 0.882501
vt 0.769834 0.882501
vt 0.769834 0.882501
vt 0.850676 0.888726
vt 0.769834 0.888726
vt 0.850676 0.882501
vt 0.769834 0.888727
vt 0.769834 0.862660
vt 0.850676 0.876239
vt 0.769834 0.876239
vt 0.850676 0.862660
vt 0.769834 0.876239
vt 0.769834 0.862660
vt 0.850676 0.882501
vt 0.769834 0.882501
vt 0.769834 0.882501
vt 0.769834 0.888726
vt 0.850676 0.882501
vt 0.769834 0.888726
vt 0.850676 0.862660
vt 0.769834 0.876239
vt 0.769834 0.862660
vt 0.850676 0.862660
vt 0.769834 0.876239
vt 0.769834 0.862660
vt 0.850676 0.876239
vt 0.769834 0.882501
vt 0.850676 0.882501
vt 0.769834 0.882501
vt 0.850676 0.882501
vt 0.769834 0.888726
vt 0.769834 0.888726
vt 0.850676 0.862660
vt 0.769834 0.876239
vt 0.769834 0.862660
vt 0.769834 0.862660
vt 0.850677 0.876239
vt 0.769834 0.876239
vt 0.850676 0.882501
vt 0.769834 0.882501
vt 0.850676 0.876239
vt 0.769834 0.882501
vt 0.769834 0.888726
vt 0.850676 0.882501
vt 0.769834 0.888726
vt 0.850677 0.862660
vt 0.769834 0.876239
vt 0.769834 0.862660
vt 0.850677 0.862660
vt 0.769834 0.876239
vt 0.769834 0.862660
vt 0.850677 0.876239
vt 0.769834 0.882501
vt 0.850677 0.876239
vt 0.769834 0.882501
vt 0.850677 0.882501
vt 0.769834 0.888726
vt 0.850677 0.882501
vt 0.769834 0.888726
vt 0.973180 0.477124
vt 0.950192 0.490196
vt 0.950192 0.483660
vt 0.973180 0.673203
vt 0.950192 0.660131
vt 0.973180 0.653595
vt 0.973180 0.516340
vt 0.950192 0.503268
vt 0.973180 0.496732
vt 0.973180 0.692810
vt 0.950192 0.679739
vt 0.950192 0.529412
vt 0.950192 0.522876
vt 0.973180 0.712418
vt 0.950192 0.699346
vt 0.973180 0.535948
vt 0.950192 0.549020
vt 0.950192 0.542484
vt 0.950192 0.725490
vt 0.950192 0.718954
vt 0.973180 0.575163
vt 0.950192 0.588235
vt 0.950192 0.581699
vt 0.950192 0.562092
vt 0.973180 0.555556
vt 0.973180 0.437909
vt 0.950192 0.424837
vt 0.973180 0.418301
vt 0.973180 0.614379
vt 0.950192 0.601307
vt 0.973180 0.594771
vt 0.973180 0.457516
vt 0.950192 0.444444
vt 0.973180 0.633987
vt 0.950192 0.620915
vt 0.950192 0.470588
vt 0.950192 0.464052
vt 0.950192 0.647059
vt 0.950192 0.640523
vt 0.938697 0.640523
vt 0.950192 0.627451
vt 0.938697 0.620915
vt 0.950192 0.607843
vt 0.938697 0.601307
vt 0.938697 0.581699
vt 0.950192 0.568627
vt 0.938697 0.562092
vt 0.938697 0.542484
vt 0.938697 0.522876
vt 0.950192 0.509804
vt 0.938697 0.503268
vt 0.938697 0.483660
vt 0.938697 0.464052
vt 0.950192 0.450980
vt 0.938697 0.444444
vt 0.950192 0.431373
vt 0.938697 0.424837
vt 0.938697 0.718954
vt 0.950192 0.705882
vt 0.938697 0.699346
vt 0.950192 0.686275
vt 0.938697 0.679739
vt 0.950192 0.666667
vt 0.938697 0.660131
vt 0.973180 0.732026
vt 0.670498 0.862745
vt 0.770115 0.869281
vt 0.670498 0.869281
vt 0.670498 0.941176
vt 0.770115 0.947712
vt 0.670498 0.947712
vt 0.670498 0.921569
vt 0.770115 0.928105
vt 0.670498 0.928105
vt 0.670498 0.888889
vt 0.770115 0.895425
vt 0.670498 0.895425
vt 0.670498 0.960784
vt 0.770115 0.967320
vt 0.670498 0.967320
vt 0.670498 0.934641
vt 0.770115 0.941176
vt 0.670498 0.915033
vt 0.770115 0.921569
vt 0.670498 0.882353
vt 0.770115 0.888889
vt 0.670498 0.908497
vt 0.770115 0.915033
vt 0.670498 0.954248
vt 0.770115 0.960784
vt 0.670498 0.901961
vt 0.770115 0.908497
vt 0.670498 0.875817
vt 0.770115 0.882353
vt 0.770115 0.954248
vt 0.770115 0.875817
vt 0.770115 0.934641
vt 0.770115 0.901961
vt 0.769834 0.862660
vt 0.850676 0.876239
vt 0.850676 0.862660
vt 0.769834 0.876238
vt 0.850676 0.862660
vt 0.769834 0.862660
vt 0.769834 0.882501
vt 0.850676 0.876239
vt 0.769834 0.876238
vt 0.850676 0.882501
vt 0.769834 0.888726
vt 0.850676 0.882501
vt 0.769834 0.888726
vt 0.769834 0.882501
vt 0.769834 0.876239
vt 0.850676 0.862660
vt 0.769834 0.862660
vt 0.769834 0.876239
vt 0.850676 0.862660
vt 0.769834 0.862660
vt 0.769834 0.882501
vt 0.850676 0.876239
vt 0.769834 0.882501
vt 0.850676 0.876239
vt 0.769834 0.888726
vt 0.850676 0.882501
vt 0.769834 0.888726
vt 0.850676 0.882501
vt 0.769834 0.876239
vt 0.850676 0.862660
vt 0.769834 0.862660
vt 0.769834 0.876239
vt 0.850676 0.862660
vt 0.769834 0.862660
vt 0.769834 0.882501
vt 0.850676 0.876239
vt 0.850676 0.882501
vt 0.850676 0.876239
vt 0.769834 0.888726
vt 0.850676 0.882501
vt 0.769834 0.888726
vt 0.769834 0.882501
vt 0.769834 0.876239
vt 0.850676 0.862660
vt 0.769834 0.862660
vt 0.769834 0.876239
vt 0.850676 0.862660
vt 0.769834 0.862660
vt 0.850676 0.882501
vt 0.850676 0.876239
vt 0.769834 0.882501
vt 0.850676 0.876239
vt 0.769834 0.888726
vt 0.769834 0.882501
vt 0.769834 0.888726
vt 0.850677 0.882501
vt 0.769834 0.876239
vt 0.850677 0.862660
vt 0.769834 0.862660
vt 0.769834 0.876238
vt 0.850677 0.862660
vt 0.769834 0.862660
vt 0.769834 0.882501
vt 0.850677 0.876239
vt 0.850677 0.882501
vt 0.850677 0.876239
vt 0.769834 0.888726
vt 0.850676 0.882501
vt 0.769834 0.882501
vt 0.850677 0.888726
vt 0.769834 0.876239
vt 0.850676 0.862660
vt 0.769834 0.862660
vt 0.769834 0.876239
vt 0.850677 0.862660
vt 0.769834 0.862660
vt 0.769834 0.882501
vt 0.850677 0.876239
vt 0.850676 0.882501
vt 0.850676 0.876239
vt 0.769834 0.888726
vt 0.850676 0.882501
vt 0.769834 0.888726
vt 0.769834 0.882501
vt 0.769834 0.876239
vt 0.850676 0.862660
vt 0.769834 0.862660
vt 0.769834 0.876239
vt 0.850676 0.862660
vt 0.769834 0.862660
vt 0.769834 0.882501
vt 0.850676 0.876239
vt 0.850676 0.882501
vt 0.850676 0.876239
vt 0.769834 0.888726
vt 0.850676 0.882501
vt 0.769834 0.888726
vt 0.769834 0.882501
vt 0.769834 0.876239
vt 0.850676 0.862660
vt 0.769834 0.862660
vt 0.769834 0.876239
vt 0.850677 0.862660
vt 0.769834 0.862660
vt 0.769834 0.882501
vt 0.850677 0.876239
vt 0.850676 0.882501
vt 0.850676 0.876239
vt 0.769834 0.888726
vt 0.850677 0.882501
vt 0.769834 0.882501
vt 0.850676 0.888726
vt 0.769834 0.862660
vt 0.850676 0.876239
vt 0.850676 0.862660
vt 0.769834 0.862660
vt 0.850676 0.876239
vt 0.850676 0.862660
vt 0.769834 0.882501
vt 0.769834 0.876239
vt 0.769834 0.876239
vt 0.850676 0.882501
vt 0.769834 0.888726
vt 0.850676 0.882501
vt 0.769834 0.888726
vt 0.769834 0.882501
vt 0.769834 0.862660
vt 0.850676 0.876239
vt 0.850676 0.862660
vt 0.769834 0.862660
vt 0.850676 0.876239
vt 0.850676 0.862660
vt 0.769834 0.882501
vt 0.769834 0.876239
vt 0.769834 0.876239
vt 0.850676 0.882501
vt 0.850676 0.888726
vt 0.850676 0.882501
vt 0.769834 0.888726
vt 0.769834 0.882501
vt 0.769834 0.862660
vt 0.850676 0.876239
vt 0.850676 0.862660
vt 0.769834 0.876238
vt 0.850676 0.862660
vt 0.769834 0.862660
vt 0.769834 0.882501
vt 0.850676 0.876239
vt 0.769834 0.882501
vt 0.769834 0.876239
vt 0.850676 0.888726
vt 0.850676 0.882501
vt 0.769834 0.888726
vt 0.850676 0.882501
vt 0.769834 0.876239
vt 0.850676 0.862660
vt 0.769834 0.862660
vt 0.769834 0.876239
vt 0.850676 0.862660
vt 0.769834 0.862660
vt 0.769834 0.882501
vt 0.850676 0.876239
vt 0.850676 0.882501
vt 0.850676 0.876239
vt 0.769834 0.888726
vt 0.850676 0.882501
vt 0.769834 0.882501
vt 0.850676 0.888726
vt 0.769834 0.862660
vt 0.850676 0.876239
vt 0.850676 0.862660
vt 0.769834 0.876239
vt 0.850676 0.862660
vt 0.769834 0.862660
vt 0.769834 0.882501
vt 0.850676 0.876239
vt 0.769834 0.882501
vt 0.769834 0.876239
vt 0.850676 0.888726
vt 0.850676 0.882501
vt 0.769834 0.888726
vt 0.850676 0.882501
vt 0.769834 0.876239
vt 0.850676 0.862660
vt 0.769834 0.862660
vt 0.769834 0.876239
vt 0.850676 0.862660
vt 0.769834 0.862660
vt 0.769834 0.882501
vt 0.850676 0.876239
vt 0.850676 0.882501
vt 0.850676 0.876239
vt 0.850676 0.888726
vt 0.850676 0.882501
vt 0.769834 0.888726
vt 0.769834 0.882501
vt 0.769834 0.876239
vt 0.850676 0.862660
vt 0.769834 0.862660
vt 0.769834 0.876239
vt 0.850677 0.862660
vt 0.769834 0.862660
vt 0.850676 0.882501
vt 0.850677 0.876239
vt 0.769834 0.882501
vt 0.850676 0.876239
vt 0.769834 0.882501
vt 0.850676 0.888726
vt 0.769834 0.888726
vt 0.850676 0.882501
vt 0.769834 0.862660
vt 0.850677 0.876239
vt 0.850677 0.862660
vt 0.769834 0.862660
vt 0.850677 0.876239
vt 0.850677 0.862660
vt 0.769834 0.882501
vt 0.769834 0.876239
vt 0.769834 0.876239
vt 0.850677 0.882501
vt 0.769834 0.888726
vt 0.850677 0.882501
vt 0.769834 0.888726
vt 0.769834 0.882501
vt 0.850676 0.862660
vt 0.850676 0.888727
vt 0.850676 0.888726
vt 0.850676 0.888726
vt 0.850676 0.888726
vt 0.850676 0.888726
vt 0.850676 0.888726
vt 0.850676 0.862660
vt 0.850676 0.876239
vt 0.850676 0.888726
vt 0.850676 0.888726
vt 0.850677 0.862660
vt 0.850677 0.876239
vt 0.850677 0.882501
vt 0.850676 0.876239
vt 0.850676 0.888726
vt 0.850676 0.888726
vt 0.850676 0.876239
vt 0.850676 0.888726
vt 0.850676 0.888726
vt 0.850676 0.862660
vt 0.850677 0.876239
vt 0.850677 0.888726
vt 0.850676 0.888726
vt 0.850676 0.876239
vt 0.850676 0.888727
vt 0.850676 0.888726
vt 0.850676 0.876239
vt 0.850676 0.862660
vt 0.850676 0.882501
vt 0.850676 0.888726
vt 0.850676 0.862660
vt 0.850676 0.862660
vt 0.850676 0.882501
vt 0.850676 0.888726
vt 0.850676 0.862660
vt 0.850676 0.876239
vt 0.850676 0.888726
vt 0.850676 0.862660
vt 0.850676 0.876239
vt 0.850676 0.888726
vt 0.850676 0.888726
vt 0.850676 0.876239
vt 0.850676 0.888726
vt 0.850676 0.888726
vt 0.850677 0.862660
vt 0.850676 0.888726
vt 0.850676 0.888726
vt 0.850677 0.888727
vt 0.850677 0.888727
vt 0.770115 0.862745
vt 0.850676 0.888727
vt 0.850676 0.888726
vt 0.850676 0.888726
vt 0.850676 0.888726
vt 0.850676 0.888726
vt 0.850676 0.888726
vt 0.850676 0.888726
vt 0.850676 0.888726
vt 0.850676 0.888727
vt 0.769834 0.888726
vt 0.850676 0.888726
vt 0.850676 0.888726
vt 0.850676 0.888726
vt 0.850676 0.888726
vt 0.850677 0.888726
vt 0.769834 0.888726
vt 0.850676 0.888727
vt 0.850676 0.888726
vt 0.769834 0.888726
vt 0.850676 0.888726
vt 0.769834 0.888726
vt 0.850676 0.888726
vt 0.850676 0.888726
vt 0.769834 0.888727
vt 0.769834 0.888726
vt 0.850676 0.888726
vt 0.769834 0.888726
vt 0.850676 0.888726
vt 0.769834 0.888726
vt 0.850676 0.888726
vt 0.850677 0.888727
vt 0.850677 0.888727
vn 0.0000 0.4472 0.8944
vn 0.0000 -0.4472 0.8944
vn 0.4472 -0.0000 0.8944
vn -0.4472 0.0000 0.8944
vn 0.3162 0.3162 0.8944
vn -0.3162 -0.3162 0.8944
vn 0.3162 -0.3162 0.8944
vn -0.3162 0.3162 0.8944
vn 0.1711 0.4132 0.8944
vn -0.1711 -0.4132 0.8944
vn 0.4132 -0.1711 0.8944
vn -0.4132 0.1711 0.8944
vn 0.4132 0.1711 0.8944
vn -0.4132 -0.1711 0.8944
vn 0.1711 -0.4132 0.8944
vn -0.1711 0.4132 0.8944
vn 0.0872 0.4386 0.8944
vn -0.0872 -0.4386 0.8944
vn 0.4386 -0.0872 0.8944
vn -0.4386 0.0872 0.8944
vn 0.3718 0.2485 0.8944
vn -0.3718 -0.2485 0.8944
vn 0.2485 -0.3718 0.8944
vn -0.2485 0.3718 0.8944
vn 0.2485 0.3718 0.8944
vn -0.2485 -0.3718 0.8944
vn 0.3718 -0.2485 0.8944
vn -0.3718 0.2485 0.8944
vn 0.4386 0.0872 0.8944
vn -0.4386 -0.0872 0.8944
vn 0.0872 -0.4386 0.8944
vn -0.0872 0.4386 0.8944
vn 0.0000 -0.7071 -0.7071
vn 0.0000 0.7071 -0.7071
vn -0.7071 0.0000 -0.7071
vn 0.7071 -0.0000 -0.7071
vn -0.5000 -0.5000 -0.7071
vn 0.5000 0.5000 -0.7071
vn -0.5000 0.5000 -0.7071
vn 0.5000 -0.5000 -0.7071
vn -0.2706 -0.6533 -0.7071
vn 0.2706 0.6533 -0.7071
vn -0.6533 0.2706 -0.7071
vn 0.6533 -0.2706 -0.7071
vn -0.6533 -0.2706 -0.7071
vn 0.6533 0.2706 -0.7071
vn -0.2706 0.6533 -0.7071
vn 0.2706 -0.6533 -0.7071
vn -0.1379 -0.6935 -0.7071
vn 0.1379 0.6935 -0.7071
vn -0.6935 0.1379 -0.7071
vn 0.6935 -0.1379 -0.7071
vn -0.5879 -0.3928 -0.7071
vn 0.5879 0.3928 -0.7071
vn -0.3928 0.5879 -0.7071
vn 0.3928 -0.5879 -0.7071
vn -0.3928 -0.5879 -0.7071
vn 0.3928 0.5879 -0.7071
vn -0.5879 0.3928 -0.7071
vn 0.5879 -0.3928 -0.7071
vn -0.6935 -0.1379 -0.7071
vn 0.6935 0.1379 -0.7071
vn -0.1380 0.6935 -0.7071
vn 0.1379 -0.6935 -0.7071
vn 0.0000 0.0000 -1.0000
vn 0.1380 0.6935 -0.7071
vn 0.6935 -0.1380 -0.7071
vn -0.1379 0.6935 -0.7071
vn 0.0000 -0.8944 0.4472
vn 0.0000 -0.8112 0.5847
vn 0.0000 0.8944 0.4472
vn 0.0000 0.8112 0.5847
vn 0.0000 0.5847 0.8112
vn 0.0000 -0.5847 0.8112
vn -0.8944 0.0000 0.4472
vn -0.8112 0.0000 0.5847
vn 0.8944 0.0000 0.4472
vn 0.8112 0.0000 0.5847
vn 0.5847 0.0000 0.8112
vn -0.5847 0.0000 0.8112
vn -0.6324 -0.6324 0.4472
vn -0.5736 -0.5736 0.5847
vn 0.6324 0.6324 0.4472
vn 0.5736 0.5736 0.5847
vn 0.4134 0.4134 0.8112
vn -0.4134 -0.4134 0.8112
vn -0.6324 0.6324 0.4472
vn -0.5736 0.5736 0.5847
vn 0.6324 -0.6324 0.4472
vn 0.5736 -0.5736 0.5847
vn 0.4134 -0.4134 0.8112
vn -0.4134 0.4134 0.8112
vn -0.3423 -0.8263 0.4472
vn -0.3104 -0.7495 0.5847
vn 0.3423 0.8263 0.4472
vn 0.3104 0.7495 0.5847
vn 0.2237 0.5402 0.8112
vn -0.2237 -0.5402 0.8112
vn -0.8263 0.3423 0.4472
vn -0.7495 0.3104 0.5847
vn 0.8263 -0.3423 0.4472
vn 0.7495 -0.3104 0.5847
vn 0.5402 -0.2237 0.8112
vn -0.5402 0.2237 0.8112
vn -0.8263 -0.3423 0.4472
vn -0.7495 -0.3104 0.5847
vn 0.8263 0.3423 0.4472
vn 0.7495 0.3104 0.5847
vn 0.5402 0.2237 0.8112
vn -0.5402 -0.2237 0.8112
vn -0.3423 0.8263 0.4472
vn -0.3104 0.7495 0.5847
vn 0.3423 -0.8263 0.4472
vn 0.3104 -0.7495 0.5847
vn 0.2237 -0.5402 0.8112
vn -0.2237 0.5402 0.8112
vn -0.1745 -0.8772 0.4472
vn -0.1582 -0.7956 0.5847
vn 0.1745 0.8772 0.4472
vn 0.1582 0.7956 0.5847
vn 0.1140 0.5735 0.8112
vn -0.1140 -0.5735 0.8112
vn -0.8772 0.1745 0.4472
vn -0.7956 0.1582 0.5847
vn 0.8772 -0.1745 0.4472
vn 0.7956 -0.1582 0.5847
vn 0.5735 -0.1140 0.8112
vn -0.5735 0.1140 0.8112
vn -0.7437 -0.4969 0.4472
vn -0.6745 -0.4507 0.5847
vn 0.7437 0.4969 0.4472
vn 0.6745 0.4507 0.5847
vn 0.4862 0.3248 0.8112
vn -0.4862 -0.3248 0.8112
vn -0.4969 0.7437 0.4472
vn -0.4507 0.6745 0.5847
vn 0.4969 -0.7437 0.4472
vn 0.4507 -0.6745 0.5847
vn 0.3248 -0.4862 0.8112
vn -0.3248 0.4862 0.8112
vn -0.4969 -0.7437 0.4472
vn -0.4507 -0.6745 0.5847
vn 0.4969 0.7437 0.4472
vn 0.4507 0.6745 0.5847
vn 0.3248 0.4862 0.8112
vn -0.3248 -0.4862 0.8112
vn -0.7437 0.4969 0.4472
vn -0.6745 0.4507 0.5847
vn 0.7437 -0.4969 0.4472
vn 0.6745 -0.4507 0.5847
vn 0.4862 -0.3248 0.8112
vn -0.4862 0.3248 0.8112
vn -0.8772 -0.1745 0.4472
vn -0.7956 -0.1582 0.5847
vn 0.8772 0.1745 0.4472
vn 0.7956 0.1582 0.5847
vn 0.5735 0.1140 0.8112
vn -0.5735 -0.1140 0.8112
vn -0.1745 0.8772 0.4472
vn -0.1582 0.7956 0.5847
vn 0.1745 -0.8772 0.4472
vn 0.1582 -0.7956 0.5847
vn 0.1140 -0.5735 0.8112
vn -0.1140 0.5735 0.8112
vn 0.8903 -0.3688 0.2670
vn 0.7711 0.0000 0.6366
vn 0.7124 -0.2951 0.6366
vn -0.8903 -0.3688 0.2670
vn -0.7711 0.0000 0.6366
vn -0.9637 0.0000 0.2670
vn 0.8903 0.3688 0.2670
vn 0.9637 0.0000 0.2670
vn -0.6814 -0.6814 0.2670
vn -0.7124 -0.2951 0.6366
vn 0.5453 0.5453 0.6366
vn 0.7124 0.2951 0.6366
vn -0.3688 -0.8903 0.2670
vn -0.5453 -0.5453 0.6366
vn 0.6814 0.6814 0.2670
vn 0.2951 0.7124 0.6366
vn 0.0000 -0.7711 0.6366
vn -0.2951 -0.7124 0.6366
vn 0.0000 0.9637 0.2670
vn -0.2951 0.7124 0.6366
vn 0.0000 0.7711 0.6366
vn 0.3688 0.8903 0.2670
vn 0.3688 -0.8903 0.2670
vn 0.0000 -0.9637 0.2670
vn -0.6814 0.6814 0.2670
vn -0.3688 0.8903 0.2670
vn 0.6814 -0.6814 0.2670
vn 0.2951 -0.7124 0.6366
vn -0.8903 0.3688 0.2670
vn -0.5453 0.5453 0.6366
vn 0.5453 -0.5453 0.6366
vn -0.7124 0.2951 0.6366
vn 0.0000 0.0000 1.0000
vn 0.7462 0.0000 -0.6657
vn -0.6894 -0.2855 -0.6657
vn 0.6894 0.2855 -0.6657
vn -0.5276 -0.5276 -0.6657
vn 0.5276 0.5276 -0.6657
vn -0.2855 -0.6894 -0.6657
vn 0.2855 0.6894 -0.6657
vn 0.0000 -0.7462 -0.6657
vn -0.2855 0.6894 -0.6657
vn 0.0000 0.7462 -0.6657
vn 0.2855 -0.6894 -0.6657
vn -0.5276 0.5276 -0.6657
vn 0.5276 -0.5276 -0.6657
vn -0.6894 0.2855 -0.6657
vn 0.6894 -0.2855 -0.6657
vn -0.7462 0.0000 -0.6657
vn 0.0000 -0.6571 -0.7537
vn 0.3827 -0.9239 0.0000
vn 0.2515 -0.6071 -0.7537
vn -0.6571 0.0000 -0.7537
vn -0.9239 -0.3827 0.0000
vn -0.6071 -0.2515 -0.7537
vn -0.2515 0.6071 -0.7537
vn -0.7071 0.7071 0.0000
vn -0.4646 0.4646 -0.7537
vn 0.6571 0.0000 -0.7537
vn 0.9239 0.3827 0.0000
vn 0.6071 0.2515 -0.7537
vn -0.2515 -0.6071 -0.7537
vn 0.0000 -1.0000 0.0000
vn -0.6071 0.2515 -0.7537
vn -1.0000 0.0000 0.0000
vn 0.0000 0.6571 -0.7537
vn -0.3827 0.9239 0.0000
vn 0.6071 -0.2515 -0.7537
vn 1.0000 0.0000 0.0000
vn 0.2515 0.6071 -0.7537
vn 0.0000 1.0000 0.0000
vn -0.4646 -0.4646 -0.7537
vn -0.3827 -0.9239 0.0000
vn 0.4646 0.4646 -0.7537
vn 0.3827 0.9239 0.0000
vn 0.4646 -0.4646 -0.7537
vn 0.9239 -0.3827 0.0000
vn -0.7071 -0.7071 0.0000
vn 0.7071 -0.7071 0.0000
vn -0.9239 0.3827 0.0000
vn 0.7071 0.7071 0.0000
vn 0.0000 0.8944 -0.4472
vn 0.0000 0.8112 -0.5847
vn 0.0000 -0.8112 -0.5847
vn 0.0000 -0.8944 -0.4472
vn 0.0000 -0.5847 -0.8112
vn 0.0000 0.5847 -0.8112
vn 0.0000 -0.4472 -0.8944
vn 0.0000 0.4472 -0.8944
vn 0.8112 0.0000 -0.5847
vn 0.8944 0.0000 -0.4472
vn -0.8112 0.0000 -0.5847
vn -0.8944 0.0000 -0.4472
vn -0.5847 0.0000 -0.8112
vn 0.5847 0.0000 -0.8112
vn -0.4472 0.0000 -0.8944
vn 0.4472 0.0000 -0.8944
vn 0.5736 0.5736 -0.5847
vn 0.6324 0.6324 -0.4472
vn -0.5736 -0.5736 -0.5847
vn -0.6324 -0.6324 -0.4472
vn -0.4134 -0.4134 -0.8112
vn 0.4134 0.4134 -0.8112
vn -0.3162 -0.3162 -0.8944
vn 0.3162 0.3162 -0.8944
vn 0.5736 -0.5736 -0.5847
vn 0.6324 -0.6324 -0.4472
vn -0.5736 0.5736 -0.5847
vn -0.6324 0.6324 -0.4472
vn -0.4134 0.4134 -0.8112
vn 0.4134 -0.4134 -0.8112
vn -0.3162 0.3162 -0.8944
vn 0.3162 -0.3162 -0.8944
vn 0.3104 0.7495 -0.5847
vn 0.3423 0.8263 -0.4472
vn -0.3104 -0.7495 -0.5847
vn -0.3423 -0.8263 -0.4472
vn -0.2237 -0.5402 -0.8112
vn 0.2237 0.5402 -0.8112
vn -0.1711 -0.4132 -0.8944
vn 0.1711 0.4132 -0.8944
vn 0.7495 -0.3104 -0.5847
vn 0.8263 -0.3423 -0.4472
vn -0.7495 0.3104 -0.5847
vn -0.8263 0.3423 -0.4472
vn -0.5402 0.2237 -0.8112
vn 0.5402 -0.2237 -0.8112
vn -0.4132 0.1711 -0.8944
vn 0.4132 -0.1711 -0.8944
vn 0.7495 0.3104 -0.5847
vn 0.8263 0.3423 -0.4472
vn -0.7495 -0.3104 -0.5847
vn -0.8263 -0.3423 -0.4472
vn -0.5402 -0.2237 -0.8112
vn 0.5402 0.2237 -0.8112
vn -0.4132 -0.1711 -0.8944
vn 0.4132 0.1711 -0.8944
vn 0.3104 -0.7495 -0.5847
vn 0.3423 -0.8263 -0.4472
vn -0.3104 0.7495 -0.5847
vn -0.3423 0.8263 -0.4472
vn -0.2237 0.5402 -0.8112
vn 0.2237 -0.5402 -0.8112
vn -0.1711 0.4132 -0.8944
vn 0.1711 -0.4132 -0.8944
vn 0.1745 0.8772 -0.4472
vn 0.1582 0.7956 -0.5847
vn -0.1745 -0.8772 -0.4472
vn -0.1582 -0.7956 -0.5847
vn -0.1140 -0.5735 -0.8112
vn 0.1140 0.5735 -0.8112
vn -0.0872 -0.4386 -0.8944
vn 0.0872 0.4386 -0.8944
vn 0.8772 -0.1745 -0.4472
vn 0.7956 -0.1582 -0.5847
vn -0.8772 0.1745 -0.4472
vn -0.7956 0.1582 -0.5847
vn -0.5735 0.1140 -0.8112
vn 0.5735 -0.1140 -0.8112
vn -0.4386 0.0872 -0.8944
vn 0.4386 -0.0872 -0.8944
vn 0.7437 0.4969 -0.4472
vn 0.6745 0.4507 -0.5847
vn -0.6745 -0.4507 -0.5847
vn -0.7437 -0.4969 -0.4472
vn -0.4862 -0.3248 -0.8112
vn 0.4862 0.3248 -0.8112
vn -0.3718 -0.2485 -0.8944
vn 0.3718 0.2485 -0.8944
vn 0.4507 -0.6745 -0.5847
vn 0.4969 -0.7437 -0.4472
vn -0.4507 0.6745 -0.5847
vn -0.4969 0.7437 -0.4472
vn -0.3248 0.4862 -0.8112
vn 0.3248 -0.4862 -0.8112
vn -0.2485 0.3718 -0.8944
vn 0.2485 -0.3718 -0.8944
vn 0.4969 0.7437 -0.4472
vn 0.4507 0.6745 -0.5847
vn -0.4507 -0.6745 -0.5847
vn -0.4969 -0.7437 -0.4472
vn -0.3248 -0.4862 -0.8112
vn 0.3248 0.4862 -0.8112
vn -0.2485 -0.3718 -0.8944
vn 0.2485 0.3718 -0.8944
vn 0.6745 -0.4507 -0.5847
vn 0.7437 -0.4969 -0.4472
vn -0.6745 0.4507 -0.5847
vn -0.7437 0.4969 -0.4472
vn -0.4862 0.3248 -0.8112
vn 0.4862 -0.3248 -0.8112
vn -0.3718 0.2485 -0.8944
vn 0.3718 -0.2485 -0.8944
vn 0.7956 0.1582 -0.5847
vn 0.8772 0.1745 -0.4472
vn -0.7956 -0.1582 -0.5847
vn -0.8772 -0.1745 -0.4472
vn -0.5735 -0.1140 -0.8112
vn 0.5735 0.1140 -0.8112
vn -0.4386 -0.0872 -0.8944
vn 0.4386 0.0872 -0.8944
vn 0.1745 -0.8772 -0.4472
vn 0.1582 -0.7956 -0.5847
vn -0.1745 0.8772 -0.4472
vn -0.1582 0.7956 -0.5847
vn -0.1140 0.5735 -0.8112
vn 0.1140 -0.5735 -0.8112
vn -0.0872 0.4386 -0.8944
vn 0.0872 -0.4386 -0.8944
v 0.000000 2.375000 -3.000000
v -0.334848 2.308394 -3.000000
v -0.618719 2.118719 -3.000000
v -0.808395 1.834848 -3.000000
v -0.875000 1.500000 -3.000000
v -0.808395 1.165152 -3.000000
v -0.618719 0.881282 -3.000000
v -0.334848 0.691606 -3.000000
v -0.000000 0.625000 -3.000000
v 0.334847 0.691606 -3.000000
v 0.618718 0.881281 -3.000000
v 0.808394 1.165152 -3.000000
v 0.875000 1.500000 -3.000000
v 0.808394 1.834848 -3.000000
v 0.618718 2.118719 -3.000000
v 0.334847 2.308395 -3.000000
v -0.000000 2.500000 -2.500000
v -0.382684 2.423880 -2.500000
v -0.707107 2.207107 -2.500000
v -0.923880 1.882684 -2.500000
v -1.000000 1.500000 -2.500000
v -0.923880 1.117317 -2.500000
v -0.707107 0.792893 -2.500000
v -0.382684 0.576121 -2.500000
v -0.000000 0.500000 -2.500000
v 0.382683 0.576120 -2.500000
v 0.707106 0.792893 -2.500000
v 0.923879 1.117316 -2.500000
v 1.000000 1.500000 -2.500000
v 0.923879 1.882684 -2.500000
v 0.707106 2.207107 -2.500000
v 0.382683 2.423880 -2.500000
v -0.125000 2.437500 -1.250000
v 0.125000 2.437500 -1.250000
v -0.125000 2.687500 -2.250000
v 0.125000 2.687500 -2.250000
v -0.125000 2.437500 -2.250000
v 0.125000 2.437500 -2.250000
v 0.093750 2.656250 -2.250000
v -0.093750 2.656250 -2.250000
v 0.093750 2.500000 -2.250000
v -0.093750 2.500000 -2.250000
v 0.093750 2.593750 -2.000000
v -0.093750 2.593750 -2.000000
v 0.093750 2.500000 -2.000000
v -0.093750 2.500000 -2.000000
v 0.093750 0.500000 -2.000000
v -0.093750 0.500000 -2.000000
v 0.093750 0.406250 -2.000000
v -0.093750 0.406250 -2.000000
v 0.093750 0.500000 -2.250000
v -0.093750 0.500000 -2.250000
v 0.093750 0.343750 -2.250000
v -0.093750 0.343750 -2.250000
v -0.125000 0.562500 -2.250000
v 0.125000 0.562500 -2.250000
v -0.125000 0.312500 -2.250000
v 0.125000 0.312500 -2.250000
v -0.125000 0.562500 -1.250000
v 0.125000 0.562500 -1.250000
v 0.937500 1.625000 -1.250000
v 0.937500 1.375000 -1.250000
v 1.187500 1.625000 -2.250000
v 1.187500 1.375000 -2.250000
v 0.937500 1.625000 -2.250000
v 0.937500 1.375000 -2.250000
v 1.156250 1.406250 -2.250000
v 1.156250 1.593750 -2.250000
v 1.000000 1.406250 -2.250000
v 1.000000 1.593750 -2.250000
v 1.093750 1.406250 -2.000000
v 1.093750 1.593750 -2.000000
v 1.000000 1.406250 -2.000000
v 1.000000 1.593750 -2.000000
v -1.000000 1.406250 -2.000000
v -1.000000 1.593750 -2.000000
v -1.093750 1.406250 -2.000000
v -1.093750 1.593750 -2.000000
v -1.000000 1.406250 -2.250000
v -1.000000 1.593750 -2.250000
v -1.156250 1.406250 -2.250000
v -1.156250 1.593750 -2.250000
v -0.937500 1.625000 -2.250000
v -0.937500 1.375000 -2.250000
v -1.187500 1.625000 -2.250000
v -1.187500 1.375000 -2.250000
v -0.937500 1.625000 -1.250000
v -0.937500 1.375000 -1.250000
v 0.574524 2.251301 -1.250000
v 0.751301 2.074524 -1.250000
v 0.751301 2.428078 -2.250000
v 0.928078 2.251301 -2.250000
v 0.574524 2.251301 -2.250000
v 0.751301 2.074524 -2.250000
v 0.883883 2.251301 -2.250000
v 0.751301 2.383883 -2.250000
v 0.773398 2.140815 -2.250000
v 0.640815 2.273398 -2.250000
v 0.839689 2.207107 -2.000000
v 0.707107 2.339689 -2.000000
v 0.773398 2.140815 -2.000000
v 0.640815 2.273398 -2.000000
v -0.640815 0.726602 -2.000000
v -0.773398 0.859185 -2.000000
v -0.707107 0.660311 -2.000000
v -0.839689 0.792894 -2.000000
v -0.640815 0.726602 -2.250000
v -0.773398 0.859185 -2.250000
v -0.751301 0.616117 -2.250000
v -0.883883 0.748699 -2.250000
v -0.751301 0.925476 -2.250000
v -0.574524 0.748699 -2.250000
v -0.928078 0.748699 -2.250000
v -0.751301 0.571923 -2.250000
v -0.751301 0.925476 -1.250000
v -0.574524 0.748699 -1.250000
v 0.751301 0.925476 -1.250000
v 0.574524 0.748699 -1.250000
v 0.928078 0.748699 -2.250000
v 0.751301 0.571923 -2.250000
v 0.751301 0.925476 -2.250000
v 0.574524 0.748699 -2.250000
v 0.751301 0.616117 -2.250000
v 0.883883 0.748699 -2.250000
v 0.640816 0.726602 -2.250000
v 0.773398 0.859185 -2.250000
v 0.707107 0.660311 -2.000000
v 0.839689 0.792894 -2.000000
v 0.640816 0.726602 -2.000000
v 0.773398 0.859185 -2.000000
v -0.773398 2.140816 -2.000000
v -0.640816 2.273398 -2.000000
v -0.839689 2.207107 -2.000000
v -0.707107 2.339689 -2.000000
v -0.773398 2.140816 -2.250000
v -0.640816 2.273398 -2.250000
v -0.883883 2.251301 -2.250000
v -0.751301 2.383884 -2.250000
v -0.574524 2.251301 -2.250000
v -0.751301 2.074524 -2.250000
v -0.751301 2.428078 -2.250000
v -0.928078 2.251301 -2.250000
v -0.574524 2.251301 -1.250000
v -0.751301 2.074524 -1.250000
vt 0.400000 0.250000
vt 0.250000 0.208333
vt 0.400000 0.208333
vt 0.200000 0.000000
vt 0.350000 0.010417
vt 0.250000 0.010417
vt 0.200000 0.208333
vt 0.400000 0.041667
vt 0.400000 0.208333
vt 0.400000 0.000000
vt 0.200000 0.041667
vt 0.000000 0.041667
vt 0.600000 0.041667
vt 0.600000 0.250000
vt 0.400000 0.270833
vt 0.350000 0.031250
vt 0.250000 0.031250
vt 0.250000 0.270833
vt 0.250000 0.312500
vt 0.400000 0.312500
vt 0.050000 0.250000
vt 0.050000 0.281250
vt 0.050000 0.250000
vt 0.250000 0.270833
vt 0.050000 0.281250
vt 0.250000 0.312500
vt 0.400000 0.270833
vt 0.400000 0.312500
vt 0.400000 0.250000
vt 0.200000 0.041667
vt 0.250000 0.010417
vt 0.250000 0.031250
vt 0.350000 0.031250
vt 0.400000 0.041667
vt 0.600000 0.250000
vt 0.600000 0.041667
vt 0.400000 0.208333
vt 0.200000 0.208333
vt 0.000000 0.041667
vt 0.350000 0.010417
vt 0.400000 0.000000
vt 0.200000 0.000000
vt 0.250000 0.208333
vt 0.400000 0.208333
vt 0.400000 0.250000
vt 0.250000 0.208333
vt 0.400000 0.208333
vt 0.200000 0.000000
vt 0.350000 0.010417
vt 0.250000 0.010417
vt 0.200000 0.208333
vt 0.400000 0.041667
vt 0.400000 0.208333
vt 0.400000 0.000000
vt 0.200000 0.041667
vt 0.000000 0.041667
vt 0.600000 0.041667
vt 0.600000 0.250000
vt 0.400000 0.270833
vt 0.350000 0.031250
vt 0.250000 0.031250
vt 0.250000 0.270833
vt 0.250000 0.312500
vt 0.400000 0.312500
vt 0.050000 0.250000
vt 0.050000 0.281250
vt 0.050000 0.250000
vt 0.250000 0.270833
vt 0.050000 0.281250
vt 0.250000 0.312500
vt 0.400000 0.270833
vt 0.400000 0.312500
vt 0.400000 0.250000
vt 0.200000 0.041667
vt 0.250000 0.010417
vt 0.250000 0.031250
vt 0.350000 0.031250
vt 0.400000 0.041667
vt 0.600000 0.250000
vt 0.600000 0.041667
vt 0.400000 0.208333
vt 0.200000 0.208333
vt 0.000000 0.041667
vt 0.350000 0.010417
vt 0.400000 0.000000
vt 0.200000 0.000000
vt 0.250000 0.208333
vt 0.400000 0.208333
vt 0.400000 0.250000
vt 0.250000 0.208333
vt 0.400000 0.208333
vt 0.200000 0.000000
vt 0.350000 0.010417
vt 0.250000 0.010417
vt 0.200000 0.208333
vt 0.400000 0.041667
vt 0.400000 0.208333
vt 0.400000 0.000000
vt 0.200000 0.041667
vt 0.000000 0.041667
vt 0.600000 0.041667
vt 0.600000 0.250000
vt 0.400000 0.270833
vt 0.250000 0.031250
vt 0.350000 0.031250
vt 0.250000 0.250000
vt 0.250000 0.312500
vt 0.400000 0.312500
vt 0.050000 0.250000
vt 0.250000 0.270833
vt 0.050000 0.281250
vt 0.050000 0.250000
vt 0.250000 0.270833
vt 0.050000 0.281250
vt 0.250000 0.312500
vt 0.400000 0.270833
vt 0.400000 0.312500
vt 0.250000 0.250000
vt 0.400000 0.250000
vt 0.200000 0.041667
vt 0.250000 0.010417
vt 0.250000 0.031250
vt 0.400000 0.041667
vt 0.350000 0.031250
vt 0.600000 0.250000
vt 0.600000 0.041667
vt 0.400000 0.208333
vt 0.200000 0.208333
vt 0.000000 0.041667
vt 0.350000 0.010417
vt 0.400000 0.000000
vt 0.200000 0.000000
vt 0.250000 0.208333
vt 0.400000 0.208333
vt 0.400000 0.250000
vt 0.250000 0.208333
vt 0.400000 0.208333
vt 0.200000 0.000000
vt 0.350000 0.010417
vt 0.250000 0.010417
vt 0.200000 0.208333
vt 0.400000 0.041667
vt 0.400000 0.208333
vt 0.400000 0.000000
vt 0.200000 0.041667
vt 0.000000 0.041667
vt 0.600000 0.041667
vt 0.600000 0.250000
vt 0.400000 0.270833
vt 0.350000 0.031250
vt 0.250000 0.031250
vt 0.250000 0.250000
vt 0.250000 0.312500
vt 0.400000 0.312500
vt 0.050000 0.250000
vt 0.250000 0.270833
vt 0.050000 0.281250
vt 0.050000 0.250000
vt 0.250000 0.270833
vt 0.050000 0.281250
vt 0.250000 0.312500
vt 0.400000 0.270833
vt 0.400000 0.312500
vt 0.250000 0.250000
vt 0.400000 0.250000
vt 0.200000 0.041667
vt 0.250000 0.010417
vt 0.250000 0.031250
vt 0.350000 0.031250
vt 0.400000 0.041667
vt 0.600000 0.250000
vt 0.600000 0.041667
vt 0.400000 0.208333
vt 0.200000 0.208333
vt 0.000000 0.041667
vt 0.350000 0.010417
vt 0.400000 0.000000
vt 0.200000 0.000000
vt 0.250000 0.208333
vt 0.400000 0.208333
vt 0.250000 0.250000
vt 0.600000 0.281250
vt 0.250000 0.250000
vt 0.600000 0.281250
vt 0.250000 0.250000
vt 0.600000 0.281250
vt 0.250000 0.250000
vt 0.600000 0.281250
vt 0.600000 0.281250
vt 0.600000 0.281250
vt 0.600000 0.281250
vt 0.600000 0.281250
vt 1.000000 0.500000
vt 0.600000 0.437500
vt 1.000000 0.437500
vt 1.000000 0.562500
vt 0.600000 0.500000
vt 1.000000 0.625000
vt 0.600000 0.562500
vt 1.000000 0.687500
vt 0.600000 0.625000
vt 0.600000 0.750000
vt 0.600000 0.687500
vt 1.000000 0.750000
vt 0.600000 0.812500
vt 1.000000 0.875000
vt 1.000000 0.812500
vt 0.600000 0.937500
vt 0.600000 0.875000
vt 1.000000 1.000000
vt 1.000000 0.937500
vt 1.000000 0.000000
vt 0.600000 0.062500
vt 0.600000 0.000000
vt 1.000000 0.062500
vt 0.600000 0.125000
vt 1.000000 0.125000
vt 0.600000 0.187500
vt 1.000000 0.187500
vt 0.600000 0.250000
vt 1.000000 0.312500
vt 1.000000 0.250000
vt 1.000000 0.375000
vt 0.600000 0.312500
vt 0.600000 0.375000
vt 0.600000 1.000000
vn 0.0000 1.0000 0.0000
vn 0.0000 0.0000 -1.0000
vn 0.0000 0.9701 0.2425
vn 1.0000 0.0000 0.0000
vn -1.0000 0.0000 0.0000
vn 0.0000 -0.9701 -0.2425
vn 0.0000 0.9701 -0.2425
vn 0.0000 -0.9701 0.2425
vn 0.0000 -1.0000 0.0000
vn 0.9701 0.0000 0.2425
vn -0.9701 0.0000 -0.2425
vn 0.9701 0.0000 -0.2425
vn -0.9701 0.0000 0.2425
vn 0.7071 0.7071 0.0000
vn 0.6860 0.6860 0.2425
vn 0.7071 -0.7071 0.0000
vn -0.7071 0.7071 0.0000
vn -0.6860 -0.6860 -0.2425
vn 0.6860 0.6860 -0.2425
vn -0.6860 -0.6860 0.2425
vn -0.7071 -0.7071 0.0000
vn 0.6860 -0.6860 0.2425
vn -0.6860 0.6860 -0.2425
vn 0.6860 -0.6860 -0.2425
vn -0.6860 0.6860 0.2425
vn 0.3712 0.8963 -0.2425
vn -0.3712 0.8963 -0.2425
vn -0.8963 0.3712 -0.2425
vn -0.8963 0.3713 -0.2425
vn -0.8963 -0.3712 -0.2425
vn -0.3713 -0.8963 -0.2425
vn 0.3712 -0.8963 -0.2425
vn 0.8963 -0.3713 -0.2425
vn 0.8963 -0.3712 -0.2425
vn 0.8963 0.3713 -0.2425
vn 0.8963 0.3712 -0.2425
v 0.000000 3.000000 3.125000
v -0.574025 2.885819 3.125000
v -1.060660 2.560660 3.125000
v -1.385819 2.074025 3.125000
v -1.500000 1.500000 3.125000
v -1.385819 0.925975 3.125000
v -1.060660 0.439340 3.125000
v -0.574025 0.114181 3.125000
v 0.000000 0.000000 3.125000
v 0.574025 0.114181 3.125000
v 1.060660 0.439340 3.125000
v 1.385819 0.925975 3.125000
v 1.500000 1.500000 3.125000
v 1.385819 2.074025 3.125000
v 1.060659 2.560660 3.125000
v 0.574024 2.885819 3.125000
v 0.000000 2.937500 3.125000
v -0.550107 2.828077 3.125000
v -1.016466 2.516467 3.125000
v -1.328077 2.050108 3.125000
v -1.437500 1.500000 3.125000
v -1.328077 0.949893 3.125000
v -1.016466 0.483534 3.125000
v -0.550108 0.171924 3.125000
v -0.000000 0.062500 3.125000
v 0.550107 0.171924 3.125000
v 1.016465 0.483534 3.125000
v 1.328076 0.949893 3.125000
v 1.437500 1.500000 3.125000
v 1.328076 2.050108 3.125000
v 1.016465 2.516467 3.125000
v 0.550107 2.828077 3.125000
v 0.526189 2.770334 3.062500
v 0.972271 2.472272 3.062500
v 1.270334 2.026190 3.062500
v 1.375000 1.500000 3.062500
v 1.270334 0.973810 3.062500
v 0.972271 0.527728 3.062500
v 0.526189 0.229665 3.062500
v -0.000000 0.125000 3.062500
v -0.526190 0.229665 3.062500
v -0.972272 0.527728 3.062500
v -1.270334 0.973810 3.062500
v -1.375000 1.500000 3.062500
v -1.270334 2.026189 3.062500
v -0.972272 2.472271 3.062500
v -0.526190 2.770334 3.062500
v 0.000000 2.875000 3.062500
v 0.000000 3.000000 1.125000
v -0.574025 2.885819 1.125000
v -1.060660 2.560660 1.125000
v -1.385819 2.074025 1.125000
v -1.500000 1.500000 1.125000
v -1.385819 0.925975 1.125000
v -1.060660 0.439340 1.125000
v -0.574025 0.114181 1.125000
v 0.000000 0.000000 1.125000
v 0.574025 0.114181 1.125000
v 1.060660 0.439340 1.125000
v 1.385819 0.925975 1.125000
v 1.500000 1.500000 1.125000
v 1.385819 2.074025 1.125000
v 1.060659 2.560660 1.125000
v 0.574024 2.885819 1.125000
v 0.000000 3.000000 2.875000
v -0.574025 2.885819 2.875000
v -1.060660 2.560660 2.875000
v -1.385819 2.074025 2.875000
v -1.500000 1.500000 2.875000
v -1.385819 0.925975 2.875000
v -1.060660 0.439340 2.875000
v -0.574025 0.114181 2.875000
v 0.000000 0.000000 2.875000
v 0.574025 0.114181 2.875000
v 1.060660 0.439340 2.875000
v 1.385819 0.925975 2.875000
v 1.500000 1.500000 2.875000
v 1.385819 2.074025 2.875000
v 1.060659 2.560660 2.875000
v 0.574024 2.885819 2.875000
v 0.000000 3.000000 1.375000
v -0.574025 2.885819 1.375000
v -1.060660 2.560660 1.375000
v -1.385819 2.074025 1.375000
v -1.500000 1.500000 1.375000
v -1.385819 0.925975 1.375000
v -1.060660 0.439340 1.375000
v -0.574025 0.114181 1.375000
v 0.000000 0.000000 1.375000
v 0.574025 0.114181 1.375000
v 1.060660 0.439340 1.375000
v 1.385819 0.925975 1.375000
v 1.500000 1.500000 1.375000
v 1.385819 2.074025 1.375000
v 1.060659 2.560660 1.375000
v 0.574024 2.885819 1.375000
v 0.000000 2.875000 1.125000
v -0.526190 2.770334 1.125000
v -0.972272 2.472272 1.125000
v -1.270334 2.026190 1.125000
v -1.375000 1.500000 1.125000
v -1.270334 0.973810 1.125000
v -0.972272 0.527728 1.125000
v -0.526190 0.229666 1.125000
v -0.000000 0.125000 1.125000
v 0.526189 0.229666 1.125000
v 0.972271 0.527728 1.125000
v 1.270334 0.973810 1.125000
v 1.375000 1.500000 1.125000
v 1.270334 2.026190 1.125000
v 0.972271 2.472272 1.125000
v 0.526189 2.770335 1.125000
v 0.000000 2.937500 2.875000
v -0.550107 2.828077 2.875000
v -1.016466 2.516467 2.875000
v -1.328077 2.050108 2.875000
v -1.437500 1.500000 2.875000
v -1.328077 0.949893 2.875000
v -1.016466 0.483534 2.875000
v -0.550108 0.171924 2.875000
v -0.000000 0.062500 2.875000
v 0.550107 0.171924 2.875000
v 1.016465 0.483534 2.875000
v 1.328076 0.949893 2.875000
v 1.437500 1.500000 2.875000
v 1.328076 2.050108 2.875000
v 1.016465 2.516467 2.875000
v 0.550107 2.828077 2.875000
v 0.000000 2.937500 1.375000
v -0.550107 2.828077 1.375000
v -1.016466 2.516467 1.375000
v -1.328077 2.050108 1.375000
v -1.437500 1.500000 1.375000
v -1.328077 0.949893 1.375000
v -1.016466 0.483534 1.375000
v -0.550108 0.171924 1.375000
v -0.000000 0.062500 1.375000
v 0.550107 0.171924 1.375000
v 1.016465 0.483534 1.375000
v 1.328076 0.949893 1.375000
v 1.437500 1.500000 1.375000
v 1.328076 2.050108 1.375000
v 1.016465 2.516467 1.375000
v 0.550107 2.828077 1.375000
v -0.000000 2.500000 1.125000
v -0.382684 2.423880 1.125000
v -0.707107 2.207107 1.125000
v -0.923880 1.882684 1.125000
v -1.000000 1.500000 1.125000
v -0.923880 1.117317 1.125000
v -0.707107 0.792893 1.125000
v -0.382684 0.576120 1.125000
v -0.000000 0.500000 1.125000
v 0.382683 0.576120 1.125000
v 0.707106 0.792893 1.125000
v 0.923879 1.117316 1.125000
v 1.000000 1.500000 1.125000
v 0.923879 1.882684 1.125000
v 0.707106 2.207107 1.125000
v 0.382683 2.423880 1.125000
v 0.334847 2.308395 1.125000
v 0.618718 2.118719 1.125000
v 0.808394 1.834848 1.125000
v 0.875000 1.500000 1.125000
v 0.808394 1.165152 1.125000
v 0.618718 0.881281 1.125000
v 0.334848 0.691606 1.125000
v -0.000000 0.625000 1.125000
v -0.334848 0.691606 1.125000
v -0.618719 0.881282 1.125000
v -0.808395 1.165152 1.125000
v -0.875000 1.500000 1.125000
v -0.808395 1.834848 1.125000
v -0.618719 2.118719 1.125000
v -0.334848 2.308394 1.125000
v -0.000000 2.375000 1.125000
v -0.000000 2.250000 1.125000
v -0.287013 2.192910 1.125000
v -0.530330 2.030330 1.125000
v -0.692910 1.787013 1.125000
v -0.750000 1.500000 1.125000
v -0.692910 1.212987 1.125000
v -0.530330 0.969670 1.125000
v -0.287013 0.807090 1.125000
v -0.000000 0.750000 1.125000
v 0.287012 0.807090 1.125000
v 0.530330 0.969670 1.125000
v 0.692909 1.212987 1.125000
v 0.750000 1.500000 1.125000
v 0.692909 1.787013 1.125000
v 0.530330 2.030330 1.125000
v 0.287012 2.192910 1.125000
v -0.000000 2.375000 1.125000
v -0.334848 2.308394 1.125000
v -0.618719 2.118719 1.125000
v -0.808395 1.834848 1.125000
v -0.875000 1.500000 1.125000
v -0.808395 1.165152 1.125000
v -0.618719 0.881282 1.125000
v -0.334848 0.691606 1.125000
v -0.000000 0.625000 1.125000
v 0.334848 0.691606 1.125000
v 0.618718 0.881281 1.125000
v 0.808394 1.165152 1.125000
v 0.875000 1.500000 1.125000
v 0.808394 1.834848 1.125000
v 0.618718 2.118719 1.125000
v 0.334847 2.308395 1.125000
v 0.937500 1.625000 2.187500
v 0.937500 1.375000 2.187500
v 0.937500 1.625000 1.312500
v 0.937500 1.375000 1.312500
v 1.375000 1.625000 1.312500
v 1.375000 1.625000 2.187500
v 1.375000 1.375000 2.187500
v 1.375000 1.375000 1.312500
v -0.937500 1.375000 2.187500
v -0.937500 1.625000 2.187500
v -0.937500 1.375000 1.312500
v -0.937500 1.625000 1.312500
v -1.375000 1.375000 1.312500
v -1.375000 1.375000 2.187500
v -1.375000 1.625000 2.187500
v -1.375000 1.625000 1.312500
v 0.125000 0.562500 2.187500
v -0.125000 0.562500 2.187500
v 0.125000 0.562500 1.312500
v -0.125000 0.562500 1.312500
v 0.125000 0.125000 1.312500
v 0.125000 0.125000 2.187500
v -0.125000 0.125000 2.187500
v -0.125000 0.125000 1.312500
v -0.125000 2.437500 2.187500
v 0.125000 2.437500 2.187500
v -0.125000 2.437500 1.312500
v 0.125000 2.437500 1.312500
v -0.125000 2.875000 1.312500
v -0.125000 2.875000 2.187500
v 0.125000 2.875000 2.187500
v 0.125000 2.875000 1.312500
v 0.874399 1.139503 2.187500
v 0.749399 0.922997 2.187500
v 0.874399 1.139503 1.312500
v 0.749399 0.922997 1.312500
v 1.253285 0.920753 1.312500
v 1.253285 0.920753 2.187500
v 1.128285 0.704247 2.187500
v 1.128285 0.704247 1.312500
v -0.874399 1.860497 2.187500
v -0.749399 2.077003 2.187500
v -0.874399 1.860497 1.312500
v -0.749399 2.077003 1.312500
v -1.253285 2.079247 1.312500
v -1.253285 2.079247 2.187500
v -1.128285 2.295753 2.187500
v -1.128285 2.295753 1.312500
v -0.360497 0.625601 2.187500
v -0.577003 0.750601 2.187500
v -0.360497 0.625601 1.312500
v -0.577003 0.750601 1.312500
v -0.579247 0.246715 1.312500
v -0.579247 0.246715 2.187500
v -0.795753 0.371715 2.187500
v -0.795753 0.371715 1.312500
v 0.360497 2.374399 2.187500
v 0.577003 2.249399 2.187500
v 0.360497 2.374399 1.312500
v 0.577003 2.249399 1.312500
v 0.579247 2.753285 1.312500
v 0.579247 2.753285 2.187500
v 0.795753 2.628285 2.187500
v 0.795753 2.628285 1.312500
v 0.577003 0.750601 2.187500
v 0.360497 0.625601 2.187500
v 0.577003 0.750601 1.312500
v 0.360497 0.625601 1.312500
v 0.795753 0.371715 1.312500
v 0.795753 0.371715 2.187500
v 0.579247 0.246715 2.187500
v 0.579247 0.246715 1.312500
v -0.577003 2.249399 2.187500
v -0.360497 2.374399 2.187500
v -0.577003 2.249399 1.312500
v -0.360497 2.374399 1.312500
v -0.795753 2.628285 1.312500
v -0.795753 2.628285 2.187500
v -0.579247 2.753285 2.187500
v -0.579247 2.753285 1.312500
v -0.749399 0.922997 2.187500
v -0.874399 1.139503 2.187500
v -0.749399 0.922997 1.312500
v -0.874399 1.139503 1.312500
v -1.128285 0.704247 1.312500
v -1.128285 0.704247 2.187500
v -1.253285 0.920753 2.187500
v -1.253285 0.920753 1.312500
v 0.749399 2.077003 2.187500
v 0.874399 1.860497 2.187500
v 0.749399 2.077003 1.312500
v 0.874399 1.860497 1.312500
v 1.128285 2.295753 1.312500
v 1.128285 2.295753 2.187500
v 1.253285 2.079247 2.187500
v 1.253285 2.079247 1.312500
v 1.011684 1.229358 -0.250000
v 0.909767 1.330389 -0.250000
v 0.766262 1.329762 -0.250000
v 0.665232 1.227846 -0.250000
v 0.665858 1.084342 -0.250000
v 0.767774 0.983311 -0.250000
v 1.012310 1.085853 -0.250000
v 0.911279 0.983937 -0.250000
v 1.011684 1.229358 0.250000
v 0.909767 1.330389 0.250000
v 0.766262 1.329762 0.250000
v 0.665232 1.227846 0.250000
v 0.665858 1.084342 0.250000
v 0.767774 0.983311 0.250000
v 1.012310 1.085853 0.250000
v 0.911279 0.983937 0.250000
v -0.000000 2.156250 -2.875000
v -0.251136 2.106296 -2.875000
v -0.464039 1.964039 -2.875000
v -0.606296 1.751136 -2.875000
v -0.656250 1.500000 -2.875000
v -0.606296 1.248864 -2.875000
v -0.464039 1.035961 -2.875000
v -0.251136 0.893704 -2.875000
v -0.000000 0.843750 -2.875000
v 0.251136 0.893704 -2.875000
v 0.464038 1.035961 -2.875000
v 0.606296 1.248864 -2.875000
v 0.656250 1.500000 -2.875000
v 0.606296 1.751136 -2.875000
v 0.464038 1.964039 -2.875000
v 0.251135 2.106296 -2.875000
v -0.000000 1.828125 -3.375000
v -0.125568 1.803148 -3.375000
v -0.232020 1.732019 -3.375000
v -0.303148 1.625568 -3.375000
v -0.328125 1.500000 -3.375000
v -0.303148 1.374432 -3.375000
v -0.232020 1.267981 -3.375000
v -0.125568 1.196852 -3.375000
v -0.000000 1.171875 -3.375000
v 0.125568 1.196852 -3.375000
v 0.232019 1.267981 -3.375000
v 0.303148 1.374432 -3.375000
v 0.328125 1.500000 -3.375000
v 0.303148 1.625568 -3.375000
v 0.232019 1.732019 -3.375000
v 0.125568 1.803148 -3.375000
v -0.000000 1.500000 -3.500000
v -0.000000 2.500000 -2.500000
v -0.382684 2.423880 -2.500000
v -0.707107 2.207107 -2.500000
v -0.923880 1.882684 -2.500000
v -1.000000 1.500000 -2.500000
v -0.923880 1.117317 -2.500000
v -0.707107 0.792893 -2.500000
v -0.382684 0.576120 -2.500000
v -0.000000 0.500000 -2.500000
v 0.382683 0.576120 -2.500000
v 0.707106 0.792893 -2.500000
v 0.923879 1.117316 -2.500000
v 1.000000 1.500000 -2.500000
v 0.923879 1.882684 -2.500000
v 0.707106 2.207107 -2.500000
v 0.382683 2.423880 -2.500000
v -0.000000 2.500000 -1.000000
v -0.382684 2.423880 -1.000000
v -0.707107 2.207107 -1.000000
v -0.923880 1.882684 -1.000000
v -1.000000 1.500000 -1.000000
v -0.923880 1.117317 -1.000000
v -0.707107 0.792893 -1.000000
v -0.382684 0.576120 -1.000000
v -0.000000 0.500000 -1.000000
v 0.382683 0.576120 -1.000000
v 0.707106 0.792893 -1.000000
v 0.923879 1.117316 -1.000000
v 1.000000 1.500000 -1.000000
v 0.923879 1.882684 -1.000000
v 0.707106 2.207107 -1.000000
v 0.382683 2.423880 -1.000000
v -0.000000 2.375000 -1.000000
v -0.334848 2.308394 -1.000000
v -0.618719 2.118719 -1.000000
v -0.808395 1.834848 -1.000000
v -0.875000 1.500000 -1.000000
v -0.808395 1.165152 -1.000000
v -0.618719 0.881282 -1.000000
v -0.334848 0.691606 -1.000000
v -0.000000 0.625000 -1.000000
v 0.334848 0.691606 -1.000000
v 0.618718 0.881281 -1.000000
v 0.808394 1.165152 -1.000000
v 0.875000 1.500000 -1.000000
v 0.808394 1.834848 -1.000000
v 0.618718 2.118719 -1.000000
v 0.334847 2.308395 -1.000000
v -0.000000 2.156250 -1.000000
v -0.251136 2.106296 -1.000000
v -0.464039 1.964039 -1.000000
v -0.606296 1.751136 -1.000000
v -0.656250 1.500000 -1.000000
v -0.606296 1.248864 -1.000000
v -0.464039 1.035961 -1.000000
v -0.251136 0.893704 -1.000000
v -0.000000 0.843750 -1.000000
v 0.251136 0.893704 -1.000000
v 0.464038 1.035961 -1.000000
v 0.606296 1.248864 -1.000000
v 0.656250 1.500000 -1.000000
v 0.606296 1.751136 -1.000000
v 0.464038 1.964039 -1.000000
v 0.251135 2.106296 -1.000000
v 0.000000 3.000000 2.750000
v -0.574025 2.885819 2.750000
v -1.060660 2.560660 2.750000
v -1.385819 2.074025 2.750000
v -1.500000 1.500000 2.750000
v -1.385819 0.925975 2.750000
v -1.060660 0.439340 2.750000
v -0.574025 0.114181 2.750000
v 0.000000 0.000000 2.750000
v 0.574025 0.114181 2.750000
v 1.060660 0.439340 2.750000
v 1.385819 0.925975 2.750000
v 1.500000 1.500000 2.750000
v 1.385819 2.074025 2.750000
v 1.060659 2.560660 2.750000
v 0.574024 2.885819 2.750000
v 0.000000 3.000000 2.250000
v -0.574025 2.885819 2.250000
v -1.060660 2.560660 2.250000
v -1.385819 2.074025 2.250000
v -1.500000 1.500000 2.250000
v -1.385819 0.925975 2.250000
v -1.060660 0.439340 2.250000
v -0.574025 0.114181 2.250000
v 0.000000 0.000000 2.250000
v 0.574025 0.114181 2.250000
v 1.060660 0.439340 2.250000
v 1.385819 0.925975 2.250000
v 1.500000 1.500000 2.250000
v 1.385819 2.074025 2.250000
v 1.060659 2.560660 2.250000
v 0.574024 2.885819 2.250000
v 1.500000 0.687500 0.187500
v 1.500000 0.312500 0.187500
v 1.500000 0.687500 -0.187500
v 1.500000 0.312500 -0.187500
v 1.375000 0.687500 -0.187500
v 1.375000 0.687500 0.187500
v 1.375000 0.312500 0.187500
v 1.375000 0.312500 -0.187500
v 1.500000 0.687500 -0.812500
v 1.500000 0.312500 -0.812500
v 1.500000 0.687500 -1.187500
v 1.500000 0.312500 -1.187500
v 1.375000 0.687500 -1.187500
v 1.375000 0.687500 -0.812500
v 1.375000 0.312500 -0.812500
v 1.375000 0.312500 -1.187500
v -1.375000 0.687500 0.187500
v -1.375000 0.312500 0.187500
v -1.375000 0.687500 -0.187500
v -1.375000 0.312500 -0.187500
v -1.500000 0.687500 -0.187500
v -1.500000 0.687500 0.187500
v -1.500000 0.312500 0.187500
v -1.500000 0.312500 -0.187500
v -1.375000 0.687500 -0.812500
v -1.375000 0.312500 -0.812500
v -1.375000 0.687500 -1.187500
v -1.375000 0.312500 -1.187500
v -1.500000 0.687500 -1.187500
v -1.500000 0.687500 -0.812500
v -1.500000 0.312500 -0.812500
v -1.500000 0.312500 -1.187500
v 1.375000 1.000000 0.500000
v 1.375000 0.000000 0.500000
v 1.375000 1.000000 -1.500000
v 1.375000 0.000000 -1.500000
v 1.000000 1.000000 -1.500000
v 1.000000 1.000000 0.500000
v 0.500000 0.500000 -1.500000
v 0.500000 0.500000 0.500000
v 0.500000 0.000000 0.500000
v 0.500000 0.000000 -1.500000
v -1.375000 1.000000 -1.500000
v -1.375000 0.000000 -1.500000
v -1.375000 1.000000 0.500000
v -1.375000 0.000000 0.500000
v -1.000000 1.000000 0.500000
v -1.000000 1.000000 -1.500000
v -0.500000 0.500000 0.500000
v -0.500000 0.500000 -1.500000
v -0.500000 0.000000 -1.500000
v -0.500000 0.000000 0.500000
v 0.414147 2.512310 -1.000000
v 0.448119 2.478633 -1.000000
v 0.448327 2.430798 -1.000000
v 0.414650 2.396826 -1.000000
v 0.366816 2.396617 -1.000000
v 0.332843 2.430294 -1.000000
v 0.332635 2.478129 -1.000000
v 0.366312 2.512101 -1.000000
v 0.366815 2.396617 -2.375000
v 0.407719 2.379883 -2.356694
v 0.424662 2.372952 -2.312500
v 0.407719 2.379883 -2.268306
v 0.325912 2.413351 -2.268306
v 0.308969 2.420282 -2.312500
v 0.325912 2.413351 -2.356694
v 0.400284 2.478424 -2.338389
v 0.436286 2.449709 -2.325444
v 0.441396 2.413855 -2.294194
v 0.412620 2.391863 -2.262944
v 0.366815 2.396617 -2.250000
v 0.330813 2.425331 -2.262944
v 0.325703 2.461186 -2.294194
v 0.354479 2.483178 -2.325444
v 0.414146 2.512310 -2.250000
v 0.448118 2.478633 -2.250000
v 0.448327 2.430798 -2.250000
v 0.414650 2.396826 -2.250000
v 0.332843 2.430294 -2.250000
v 0.332635 2.478128 -2.250000
v 0.366311 2.512101 -2.250000
v 0.400787 2.362940 -0.500000
v 0.366815 2.396617 -0.500000
v 0.400996 2.315105 -0.500000
v 0.367319 2.281133 -0.500000
v 0.319484 2.280925 -0.500000
v 0.285512 2.314601 -0.500000
v 0.285304 2.362436 -0.500000
v 0.318980 2.396409 -0.500000
v 0.400787 2.362940 1.125000
v 0.366815 2.396617 1.125000
v 0.400996 2.315105 1.125000
v 0.367319 2.281133 1.125000
v 0.319484 2.280924 1.125000
v 0.285512 2.314601 1.125000
v 0.285304 2.362436 1.125000
v 0.318980 2.396408 1.125000
v 1.009283 1.779460 0.250000
v 1.008657 1.922965 0.250000
v 0.908253 1.677544 0.250000
v 0.764747 1.676918 0.250000
v 0.662832 1.777948 0.250000
v 0.662205 1.921453 0.250000
v 0.763236 2.023369 0.250000
v 0.906741 2.023996 0.250000
v 1.009283 1.779460 -0.250000
v 1.008657 1.922965 -0.250000
v 0.908253 1.677544 -0.250000
v 0.764747 1.676918 -0.250000
v 0.662832 1.777948 -0.250000
v 0.662205 1.921453 -0.250000
v 0.763236 2.023369 -0.250000
v 0.906741 2.023996 -0.250000
v 1.312500 1.125000 0.125000
v 1.294194 1.125000 0.169194
v 1.250000 1.125000 0.187500
v 1.205806 1.125000 0.169194
v 1.187500 1.125000 0.125000
v 1.205806 1.125000 0.080806
v 1.250000 1.125000 0.062500
v 1.294194 1.125000 0.080806
v 1.275888 1.213388 0.125000
v 1.262944 1.200444 0.169194
v 1.231694 1.169194 0.187500
v 1.200444 1.137944 0.169194
v 1.200444 1.137944 0.080806
v 1.231694 1.169194 0.062500
v 1.262944 1.200444 0.080806
v 1.187500 1.250000 0.125000
v 1.187500 1.231694 0.169194
v 1.187500 1.187500 0.187500
v 1.187500 1.143306 0.169194
v 1.187500 1.143306 0.080806
v 1.187500 1.187500 0.062500
v 1.187500 1.231694 0.080806
v 1.312500 1.000000 0.125000
v 1.294194 1.000000 0.169194
v 1.250000 1.000000 0.187500
v 1.205806 1.000000 0.169194
v 1.187500 1.000000 0.125000
v 1.205806 1.000000 0.080806
v 1.250000 1.000000 0.062500
v 1.294194 1.000000 0.080806
v 0.937500 1.125000 0.125000
v 0.937500 1.250000 0.125000
v 0.937500 1.231694 0.169194
v 0.937500 1.187500 0.187500
v 0.937500 1.143306 0.169194
v 0.937500 1.143306 0.080806
v 0.937500 1.187500 0.062500
v 0.937500 1.231694 0.080806
v 1.312500 1.750000 -0.125000
v 1.294194 1.750000 -0.080806
v 1.250000 1.750000 -0.062500
v 1.205806 1.750000 -0.080806
v 1.187500 1.750000 -0.125000
v 1.205806 1.750000 -0.169194
v 1.250000 1.750000 -0.187500
v 1.294194 1.750000 -0.169194
v 1.275888 1.838388 -0.125000
v 1.262944 1.825444 -0.080806
v 1.231694 1.794194 -0.062500
v 1.200444 1.762944 -0.080806
v 1.200444 1.762944 -0.169194
v 1.231694 1.794194 -0.187500
v 1.262944 1.825444 -0.169194
v 1.187500 1.875000 -0.125000
v 1.187500 1.856694 -0.080806
v 1.187500 1.812500 -0.062500
v 1.187500 1.768306 -0.080806
v 1.187500 1.768306 -0.169194
v 1.187500 1.812500 -0.187500
v 1.187500 1.856694 -0.169194
v 0.937500 1.750000 -0.125000
v 0.937500 1.875000 -0.125000
v 0.937500 1.856694 -0.080806
v 0.937500 1.812500 -0.062500
v 0.937500 1.768306 -0.080806
v 0.937500 1.768306 -0.169194
v 0.937500 1.812500 -0.187500
v 0.937500 1.856694 -0.169194
v 1.250000 1.125000 -0.187500
v 1.205806 1.143306 -0.187500
v 1.187500 1.187500 -0.187500
v 1.205806 1.231694 -0.187500
v 1.250000 1.250000 -0.187500
v 1.294194 1.231694 -0.187500
v 1.312500 1.187500 -0.187500
v 1.294194 1.143306 -0.187500
v 1.250000 1.161612 -0.099112
v 1.205806 1.174556 -0.112056
v 1.187500 1.205806 -0.143306
v 1.205806 1.237056 -0.174556
v 1.294194 1.237056 -0.174556
v 1.312500 1.205806 -0.143306
v 1.294194 1.174556 -0.112056
v 1.250000 1.250000 -0.062500
v 1.205806 1.250000 -0.080806
v 1.187500 1.250000 -0.125000
v 1.205806 1.250000 -0.169194
v 1.294194 1.250000 -0.169194
v 1.312500 1.250000 -0.125000
v 1.294194 1.250000 -0.080806
v 1.250000 1.125000 -1.062500
v 1.294194 1.125000 -1.044194
v 1.312500 1.125000 -1.000000
v 1.294194 1.125000 -0.955806
v 1.250000 1.125000 -0.937500
v 1.205806 1.125000 -0.955806
v 1.187500 1.125000 -1.000000
v 1.205806 1.125000 -1.044194
v 1.250000 1.213388 -1.025888
v 1.294194 1.200444 -1.012944
v 1.312500 1.169194 -0.981694
v 1.294194 1.137944 -0.950444
v 1.205806 1.137944 -0.950444
v 1.187500 1.169194 -0.981694
v 1.205806 1.200444 -1.012944
v 1.250000 1.250000 -0.937500
v 1.294194 1.231694 -0.937500
v 1.312500 1.187500 -0.937500
v 1.294194 1.143306 -0.937500
v 1.205806 1.143306 -0.937500
v 1.187500 1.187500 -0.937500
v 1.205806 1.231694 -0.937500
v 1.250000 1.000000 -1.062500
v 1.294194 1.000000 -1.044194
v 1.312500 1.000000 -1.000000
v 1.294194 1.000000 -0.955806
v 1.250000 1.000000 -0.937500
v 1.205806 1.000000 -0.955806
v 1.187500 1.000000 -1.000000
v 1.205806 1.000000 -1.044194
v -0.375000 0.000000 0.875000
v 0.375000 0.000000 0.875000
v -0.375000 0.000000 -2.375000
v 0.375000 0.000000 -2.375000
v -0.375000 0.125000 -2.375000
v -0.375000 0.125000 0.875000
v 0.375000 0.125000 0.875000
v 0.375000 0.125000 -2.375000
v 0.312500 0.125000 0.812500
v 0.312500 0.125000 -0.812500
v 0.312500 0.687500 0.812500
v 0.312500 0.687500 -0.812500
v 0.187500 0.125000 0.812500
v 0.187500 0.125000 -0.812500
v 0.187500 0.687500 0.812500
v 0.187500 0.687500 -0.812500
v -0.187500 0.125000 0.812500
v -0.187500 0.125000 -0.812500
v -0.187500 0.687500 0.812500
v -0.187500 0.687500 -0.812500
v -0.312500 0.125000 0.812500
v -0.312500 0.125000 -0.812500
v -0.312500 0.687500 0.812500
v -0.312500 0.687500 -0.812500
v 0.312500 0.125000 -0.812500
v 0.312500 0.625000 -0.812500
v 0.187500 0.125000 -0.812500
v 0.187500 0.625000 -0.812500
v -0.187500 0.125000 -0.812500
v -0.187500 0.625000 -0.812500
v -0.312500 0.125000 -0.812500
v -0.312500 0.625000 -0.812500
v 0.312500 0.125000 -2.312500
v 0.312500 0.625000 -2.312500
v 0.187500 0.125000 -2.312500
v 0.187500 0.625000 -2.312500
v -0.187500 0.125000 -2.312500
v -0.187500 0.625000 -2.312500
v -0.312500 0.125000 -2.312500
v -0.312500 0.625000 -2.312500
v -1.312500 1.125000 0.125000
v -1.294194 1.125000 0.169194
v -1.250000 1.125000 0.187500
v -1.205806 1.125000 0.169194
v -1.187500 1.125000 0.125000
v -1.205806 1.125000 0.080806
v -1.250000 1.125000 0.062500
v -1.294194 1.125000 0.080806
v -1.275888 1.213388 0.125000
v -1.262944 1.200444 0.169194
v -1.231694 1.169194 0.187500
v -1.200444 1.137944 0.169194
v -1.200444 1.137944 0.080806
v -1.231694 1.169194 0.062500
v -1.262944 1.200444 0.080806
v -1.187500 1.250000 0.125000
v -1.187500 1.231694 0.169194
v -1.187500 1.187500 0.187500
v -1.187500 1.143306 0.169194
v -1.187500 1.143306 0.080806
v -1.187500 1.187500 0.062500
v -1.187500 1.231694 0.080806
v -1.312500 1.000000 0.125000
v -1.294194 1.000000 0.169194
v -1.250000 1.000000 0.187500
v -1.205806 1.000000 0.169194
v -1.187500 1.000000 0.125000
v -1.205806 1.000000 0.080806
v -1.250000 1.000000 0.062500
v -1.294194 1.000000 0.080806
v -0.937500 1.125000 0.125000
v -0.937500 1.250000 0.125000
v -0.937500 1.231694 0.169194
v -0.937500 1.187500 0.187500
v -0.937500 1.143306 0.169194
v -0.937500 1.143306 0.080806
v -0.937500 1.187500 0.062500
v -0.937500 1.231694 0.080806
v -1.312500 1.750000 -0.125000
v -1.294194 1.750000 -0.080806
v -1.250000 1.750000 -0.062500
v -1.205806 1.750000 -0.080806
v -1.187500 1.750000 -0.125000
v -1.205806 1.750000 -0.169194
v -1.250000 1.750000 -0.187500
v -1.294194 1.750000 -0.169194
v -1.275888 1.838388 -0.125000
v -1.262944 1.825444 -0.080806
v -1.231694 1.794194 -0.062500
v -1.200444 1.762944 -0.080806
v -1.200444 1.762944 -0.169194
v -1.231694 1.794194 -0.187500
v -1.262944 1.825444 -0.169194
v -1.187500 1.875000 -0.125000
v -1.187500 1.856694 -0.080806
v -1.187500 1.812500 -0.062500
v -1.187500 1.768306 -0.080806
v -1.187500 1.768306 -0.169194
v -1.187500 1.812500 -0.187500
v -1.187500 1.856694 -0.169194
v -0.937500 1.750000 -0.125000
v -0.937500 1.875000 -0.125000
v -0.937500 1.856694 -0.080806
v -0.937500 1.812500 -0.062500
v -0.937500 1.768306 -0.080806
v -0.937500 1.768306 -0.169194
v -0.937500 1.812500 -0.187500
v -0.937500 1.856694 -0.169194
v -1.250000 1.125000 -0.187500
v -1.205806 1.143306 -0.187500
v -1.187500 1.187500 -0.187500
v -1.205806 1.231694 -0.187500
v -1.250000 1.250000 -0.187500
v -1.294194 1.231694 -0.187500
v -1.312500 1.187500 -0.187500
v -1.294194 1.143306 -0.187500
v -1.250000 1.161612 -0.099112
v -1.205806 1.174556 -0.112056
v -1.187500 1.205806 -0.143306
v -1.294194 1.237056 -0.174556
v -1.312500 1.205806 -0.143306
v -1.294194 1.174556 -0.112056
v -1.250000 1.250000 -0.062500
v -1.205806 1.250000 -0.080806
v -1.187500 1.250000 -0.125000
v -1.205806 1.250000 -0.169194
v -1.294194 1.250000 -0.169194
v -1.312500 1.250000 -0.125000
v -1.294194 1.250000 -0.080806
v -1.250000 1.125000 -1.062500
v -1.294194 1.125000 -1.044194
v -1.312500 1.125000 -1.000000
v -1.294194 1.125000 -0.955806
v -1.250000 1.125000 -0.937500
v -1.205806 1.125000 -0.955806
v -1.187500 1.125000 -1.000000
v -1.205806 1.125000 -1.044194
v -1.250000 1.213388 -1.025888
v -1.294194 1.200444 -1.012944
v -1.312500 1.169194 -0.981694
v -1.294194 1.137944 -0.950444
v -1.187500 1.169194 -0.981694
v -1.205806 1.200444 -1.012944
v -1.250000 1.250000 -0.937500
v -1.294194 1.231694 -0.937500
v -1.312500 1.187500 -0.937500
v -1.294194 1.143306 -0.937500
v -1.205806 1.143306 -0.937500
v -1.187500 1.187500 -0.937500
v -1.205806 1.231694 -0.937500
v -1.250000 1.000000 -1.062500
v -1.294194 1.000000 -1.044194
v -1.312500 1.000000 -1.000000
v -1.294194 1.000000 -0.955806
v -1.250000 1.000000 -0.937500
v -1.205806 1.000000 -0.955806
v -1.187500 1.000000 -1.000000
v -1.205806 1.000000 -1.044194
v 0.526189 2.770334 3.062500
v 0.972271 2.472272 3.062500
v 1.270334 2.026190 3.062500
v 1.375000 1.500000 3.062500
v 1.270334 0.973810 3.062500
v 0.972271 0.527728 3.062500
v 0.526189 0.229665 3.062500
v -0.000000 0.125000 3.062500
v -0.526190 0.229665 3.062500
v -0.972272 0.527728 3.062500
v -1.270334 0.973810 3.062500
v -1.375000 1.500000 3.062500
v -1.270334 2.026189 3.062500
v -0.972272 2.472271 3.062500
v -0.526190 2.770334 3.062500
v 0.000000 2.875000 3.062500
v 0.000000 2.875000 1.125000
v -0.526190 2.770334 1.125000
v -0.972272 2.472272 1.125000
v -1.270334 2.026190 1.125000
v -1.375000 1.500000 1.125000
v -1.270334 0.973810 1.125000
v -0.972272 0.527728 1.125000
v -0.526190 0.229666 1.125000
v -0.000000 0.125000 1.125000
v 0.526189 0.229666 1.125000
v 0.972271 0.527728 1.125000
v 1.270334 0.973810 1.125000
v 1.375000 1.500000 1.125000
v 1.270334 2.026190 1.125000
v 0.972271 2.472272 1.125000
v 0.526189 2.770335 1.125000
v 0.000000 3.000000 3.125000
v -0.574025 2.885819 3.125000
v -1.060660 2.560660 3.125000
v -1.385819 2.074025 3.125000
v -1.500000 1.500000 3.125000
v -1.385819 0.925975 3.125000
v -1.060660 0.439340 3.125000
v -0.574025 0.114181 3.125000
v 0.000000 0.000000 3.125000
v 0.574025 0.114181 3.125000
v 1.060660 0.439340 3.125000
v 1.385819 0.925975 3.125000
v 1.500000 1.500000 3.125000
v 1.385819 2.074025 3.125000
v 1.060659 2.560660 3.125000
v 0.574024 2.885819 3.125000
v 0.000000 3.000000 1.125000
v -0.574025 2.885819 1.125000
v -1.060660 2.560660 1.125000
v -1.385819 2.074025 1.125000
v -1.500000 1.500000 1.125000
v -1.385819 0.925975 1.125000
v -1.060660 0.439340 1.125000
v -0.574025 0.114181 1.125000
v 0.000000 0.000000 1.125000
v 0.574025 0.114181 1.125000
v 1.060660 0.439340 1.125000
v 1.385819 0.925975 1.125000
v 1.500000 1.500000 1.125000
v 1.385819 2.074025 1.125000
v 1.060659 2.560660 1.125000
v 0.574024 2.885819 1.125000
v 0.000000 3.000000 2.875000
v -0.574025 2.885819 2.875000
v -1.060660 2.560660 2.875000
v -1.385819 2.074025 2.875000
v -1.500000 1.500000 2.875000
v -1.385819 0.925975 2.875000
v -1.060660 0.439340 2.875000
v -0.574025 0.114181 2.875000
v 0.000000 0.000000 2.875000
v 0.574025 0.114181 2.875000
v 1.060660 0.439340 2.875000
v 1.385819 0.925975 2.875000
v 1.500000 1.500000 2.875000
v 1.385819 2.074025 2.875000
v 1.060659 2.560660 2.875000
v 0.574024 2.885819 2.875000
v 0.000000 3.000000 1.375000
v -0.574025 2.885819 1.375000
v -1.060660 2.560660 1.375000
v -1.385819 2.074025 1.375000
v -1.500000 1.500000 1.375000
v -1.385819 0.925975 1.375000
v -1.060660 0.439340 1.375000
v -0.574025 0.114181 1.375000
v 0.000000 0.000000 1.375000
v 0.574025 0.114181 1.375000
v 1.060660 0.439340 1.375000
v 1.385819 0.925975 1.375000
v 1.500000 1.500000 1.375000
v 1.385819 2.074025 1.375000
v 1.060659 2.560660 1.375000
v 0.574024 2.885819 1.375000
v 0.000000 2.937500 2.875000
v -0.550107 2.828077 2.875000
v -1.016466 2.516467 2.875000
v -1.328077 2.050108 2.875000
v -1.437500 1.500000 2.875000
v -1.328077 0.949893 2.875000
v -1.016466 0.483534 2.875000
v -0.550108 0.171924 2.875000
v -0.000000 0.062500 2.875000
v 0.550107 0.171924 2.875000
v 1.016465 0.483534 2.875000
v 1.328076 0.949893 2.875000
v 1.437500 1.500000 2.875000
v 1.328076 2.050108 2.875000
v 1.016465 2.516467 2.875000
v 0.550107 2.828077 2.875000
v 0.000000 2.937500 1.375000
v -0.550107 2.828077 1.375000
v -1.016466 2.516467 1.375000
v -1.328077 2.050108 1.375000
v -1.437500 1.500000 1.375000
v -1.328077 0.949893 1.375000
v -1.016466 0.483534 1.375000
v -0.550108 0.171924 1.375000
v -0.000000 0.062500 1.375000
v 0.550107 0.171924 1.375000
v 1.016465 0.483534 1.375000
v 1.328076 0.949893 1.375000
v 1.437500 1.500000 1.375000
v 1.328076 2.050108 1.375000
v 1.016465 2.516467 1.375000
v 0.550107 2.828077 1.375000
v -0.000000 2.375000 -0.500000
v -0.334848 2.308394 -0.500000
v -0.618719 2.118719 -0.500000
v -0.808395 1.834848 -0.500000
v -0.875000 1.500000 -0.500000
v -0.808395 1.165152 -0.500000
v -0.618719 0.881282 -0.500000
v -0.334848 0.691606 -0.500000
v -0.000000 0.625000 -0.500000
v 0.334848 0.691606 -0.500000
v 0.618718 0.881281 -0.500000
v 0.808394 1.165152 -0.500000
v 0.875000 1.500000 -0.500000
v 0.808394 1.834848 -0.500000
v 0.618718 2.118719 -0.500000
v 0.334847 2.308395 -0.500000
v -0.000000 2.500000 -1.000000
v -0.382684 2.423880 -1.000000
v -0.707107 2.207107 -1.000000
v -0.923880 1.882684 -1.000000
v -1.000000 1.500000 -1.000000
v -0.923880 1.117317 -1.000000
v -0.707107 0.792893 -1.000000
v -0.382684 0.576120 -1.000000
v -0.000000 0.500000 -1.000000
v 0.382683 0.576120 -1.000000
v 0.707106 0.792893 -1.000000
v 0.923879 1.117316 -1.000000
v 1.000000 1.500000 -1.000000
v 0.923879 1.882684 -1.000000
v 0.707106 2.207107 -1.000000
v 0.382683 2.423880 -1.000000
v -0.000000 2.375000 -3.000000
v -0.334848 2.308394 -3.000000
v -0.618719 2.118719 -3.000000
v -0.808395 1.834848 -3.000000
v -0.875000 1.500000 -3.000000
v -0.808395 1.165152 -3.000000
v -0.618719 0.881282 -3.000000
v -0.334848 0.691606 -3.000000
v -0.000000 0.625000 -3.000000
v 0.334848 0.691606 -3.000000
v 0.618718 0.881281 -3.000000
v 0.808394 1.165152 -3.000000
v 0.875000 1.500000 -3.000000
v 0.808394 1.834848 -3.000000
v 0.618718 2.118719 -3.000000
v 0.334847 2.308395 -3.000000
v -0.000000 2.375000 -1.000000
v -0.334848 2.308394 -1.000000
v -0.618719 2.118719 -1.000000
v -0.808395 1.834848 -1.000000
v -0.875000 1.500000 -1.000000
v -0.808395 1.165152 -1.000000
v -0.618719 0.881282 -1.000000
v -0.334848 0.691606 -1.000000
v -0.000000 0.625000 -1.000000
v 0.334848 0.691606 -1.000000
v 0.618718 0.881281 -1.000000
v 0.808394 1.165152 -1.000000
v 0.875000 1.500000 -1.000000
v 0.808394 1.834848 -1.000000
v 0.618718 2.118719 -1.000000
v 0.334847 2.308395 -1.000000
v -1.011684 1.770642 -0.250000
v -0.909767 1.669611 -0.250000
v -0.766263 1.670238 -0.250000
v -0.665232 1.772154 -0.250000
v -0.665858 1.915658 -0.250000
v -0.767774 2.016689 -0.250000
v -1.012310 1.914147 -0.250000
v -0.911279 2.016063 -0.250000
v -1.011684 1.770642 0.250000
v -0.909767 1.669611 0.250000
v -0.766263 1.670238 0.250000
v -0.665232 1.772154 0.250000
v -0.665858 1.915658 0.250000
v -0.767774 2.016689 0.250000
v -1.012310 1.914147 0.250000
v -0.911279 2.016063 0.250000
v -1.009284 1.220540 0.250000
v -1.008657 1.077035 0.250000
v -0.908253 1.322456 0.250000
v -0.764748 1.323082 0.250000
v -0.662832 1.222052 0.250000
v -0.662206 1.078547 0.250000
v -0.763236 0.976631 0.250000
v -0.906741 0.976004 0.250000
v -1.009284 1.220540 -0.250000
v -1.008657 1.077035 -0.250000
v -0.908253 1.322456 -0.250000
v -0.764748 1.323082 -0.250000
v -0.662832 1.222052 -0.250000
v -0.662206 1.078547 -0.250000
v -0.763236 0.976631 -0.250000
v -0.906741 0.976004 -0.250000
v -0.414147 0.487690 -1.000000
v -0.448119 0.521367 -1.000000
v -0.448328 0.569202 -1.000000
v -0.414651 0.603174 -1.000000
v -0.366816 0.603383 -1.000000
v -0.332844 0.569706 -1.000000
v -0.332635 0.521871 -1.000000
v -0.366312 0.487899 -1.000000
v -0.366816 0.603383 -2.375000
v -0.407719 0.620117 -2.356694
v -0.424662 0.627048 -2.312500
v -0.407719 0.620117 -2.268306
v -0.325912 0.586649 -2.268306
v -0.308970 0.579718 -2.312500
v -0.325912 0.586649 -2.356694
v -0.400284 0.521576 -2.338389
v -0.436286 0.550291 -2.325444
v -0.441396 0.586145 -2.294194
v -0.412621 0.608137 -2.262944
v -0.366816 0.603383 -2.250000
v -0.330814 0.574669 -2.262944
v -0.325704 0.538814 -2.294194
v -0.354479 0.516822 -2.325444
v -0.414147 0.487690 -2.250000
v -0.448119 0.521367 -2.250000
v -0.448328 0.569202 -2.250000
v -0.414651 0.603174 -2.250000
v -0.332844 0.569706 -2.250000
v -0.332635 0.521872 -2.250000
v -0.366312 0.487899 -2.250000
v -0.400788 0.637060 -0.500000
v -0.366816 0.603383 -0.500000
v -0.400997 0.684895 -0.500000
v -0.367320 0.718867 -0.500000
v -0.319485 0.719075 -0.500000
v -0.285513 0.685399 -0.500000
v -0.285304 0.637564 -0.500000
v -0.318981 0.603591 -0.500000
v -0.400788 0.637060 1.125000
v -0.366816 0.603383 1.125000
v -0.400997 0.684895 1.125000
v -0.367320 0.718867 1.125000
v -0.319485 0.719076 1.125000
v -0.285513 0.685399 1.125000
v -0.285304 0.637564 1.125000
v -0.318981 0.603592 1.125000
v 1.012310 1.085853 -1.000000
v 0.978633 1.051881 -1.000000
v 0.930798 1.051672 -1.000000
v 0.896826 1.085349 -1.000000
v 0.896617 1.133184 -1.000000
v 0.930294 1.167156 -1.000000
v 0.978129 1.167365 -1.000000
v 1.012101 1.133688 -1.000000
v 0.896617 1.133184 -2.375000
v 0.879883 1.092281 -2.356694
v 0.872951 1.075338 -2.312500
v 0.879883 1.092281 -2.268306
v 0.913351 1.174088 -2.268306
v 0.920282 1.191031 -2.312500
v 0.913351 1.174088 -2.356694
v 0.978424 1.099716 -2.338388
v 0.949709 1.063714 -2.325444
v 0.913855 1.058604 -2.294194
v 0.891863 1.087380 -2.262944
v 0.896617 1.133184 -2.250000
v 0.925331 1.169187 -2.262944
v 0.961186 1.174297 -2.294194
v 0.983177 1.145521 -2.325444
v 1.012309 1.085853 -2.250000
v 0.978633 1.051881 -2.250000
v 0.930797 1.051673 -2.250000
v 0.896826 1.085349 -2.250000
v 0.930294 1.167156 -2.250000
v 0.978128 1.167365 -2.250000
v 1.012100 1.133688 -2.250000
v 0.862940 1.099212 -0.500000
v 0.896617 1.133184 -0.500000
v 0.815105 1.099004 -0.500000
v 0.781133 1.132680 -0.500000
v 0.780925 1.180515 -0.500000
v 0.814601 1.214487 -0.500000
v 0.862436 1.214696 -0.500000
v 0.896408 1.181019 -0.500000
v 0.862940 1.099212 1.125000
v 0.896617 1.133184 1.125000
v 0.815105 1.099004 1.125000
v 0.781133 1.132681 1.125000
v 0.780924 1.180516 1.125000
v 0.814601 1.214488 1.125000
v 0.862436 1.214696 1.125000
v 0.896408 1.181019 1.125000
v -1.012310 1.914147 -1.000000
v -0.978633 1.948119 -1.000000
v -0.930798 1.948328 -1.000000
v -0.896826 1.914651 -1.000000
v -0.896618 1.866816 -1.000000
v -0.930294 1.832844 -1.000000
v -0.978130 1.832635 -1.000000
v -1.012101 1.866312 -1.000000
v -0.896617 1.866816 -2.375000
v -0.879883 1.907719 -2.356694
v -0.872952 1.924662 -2.312500
v -0.879883 1.907719 -2.268306
v -0.913351 1.825912 -2.268306
v -0.920283 1.808969 -2.312500
v -0.913351 1.825912 -2.356694
v -0.978424 1.900284 -2.338388
v -0.949710 1.936286 -2.325444
v -0.913855 1.941396 -2.294194
v -0.891864 1.912621 -2.262944
v -0.896617 1.866816 -2.250000
v -0.925331 1.830813 -2.262944
v -0.961186 1.825704 -2.294194
v -0.983178 1.854479 -2.325444
v -1.012310 1.914147 -2.250000
v -0.978633 1.948119 -2.250000
v -0.930798 1.948328 -2.250000
v -0.896826 1.914651 -2.250000
v -0.930294 1.832844 -2.250000
v -0.978129 1.832635 -2.250000
v -1.012101 1.866312 -2.250000
v -0.862941 1.900788 -0.500000
v -0.896617 1.866816 -0.500000
v -0.815106 1.900996 -0.500000
v -0.781133 1.867320 -0.500000
v -0.780925 1.819485 -0.500000
v -0.814602 1.785513 -0.500000
v -0.862437 1.785304 -0.500000
v -0.896409 1.818981 -0.500000
v -0.862940 1.900788 1.125000
v -0.896617 1.866816 1.125000
v -0.815106 1.900996 1.125000
v -0.781133 1.867320 1.125000
v -0.780925 1.819485 1.125000
v -0.814601 1.785513 1.125000
v -0.862437 1.785304 1.125000
v -0.896408 1.818981 1.125000
v 1.008657 1.922965 -1.000000
v 1.008866 1.875130 -1.000000
v 0.975189 1.841158 -1.000000
v 0.927354 1.840949 -1.000000
v 0.893382 1.874626 -1.000000
v 0.893173 1.922461 -1.000000
v 0.926850 1.956434 -1.000000
v 0.974685 1.956642 -1.000000
v 0.893381 1.874626 -2.375000
v 0.910472 1.833870 -2.356694
v 0.917551 1.816989 -2.312500
v 0.910472 1.833870 -2.268306
v 0.876291 1.915382 -2.268306
v 0.869212 1.932264 -2.312500
v 0.876291 1.915382 -2.356694
v 0.974893 1.908807 -2.338389
v 0.980047 1.863045 -2.325444
v 0.958307 1.834079 -2.294194
v 0.922409 1.838876 -2.262944
v 0.893381 1.874626 -2.250000
v 0.888228 1.920388 -2.262944
v 0.909968 1.949354 -2.294194
v 0.945866 1.944557 -2.325444
v 1.008657 1.922965 -2.250000
v 1.008865 1.875130 -2.250000
v 0.975188 1.841158 -2.250000
v 0.927354 1.840949 -2.250000
v 0.893173 1.922461 -2.250000
v 0.926849 1.956433 -2.250000
v 0.974684 1.956642 -2.250000
v 0.893590 1.826791 -0.500000
v 0.893381 1.874626 -0.500000
v 0.859914 1.792819 -0.500000
v 0.812078 1.792610 -0.500000
v 0.778107 1.826288 -0.500000
v 0.777898 1.874122 -0.500000
v 0.811575 1.908094 -0.500000
v 0.859410 1.908303 -0.500000
v 0.893590 1.826791 1.125000
v 0.893381 1.874626 1.125000
v 0.859913 1.792819 1.125000
v 0.812078 1.792611 1.125000
v 0.778106 1.826287 1.125000
v 0.777897 1.874122 1.125000
v 0.811575 1.908094 1.125000
v 0.859409 1.908303 1.125000
v -1.008658 1.077035 -1.000000
v -1.008866 1.124870 -1.000000
v -0.975189 1.158842 -1.000000
v -0.927354 1.159051 -1.000000
v -0.893382 1.125374 -1.000000
v -0.893173 1.077539 -1.000000
v -0.926851 1.043567 -1.000000
v -0.974686 1.043358 -1.000000
v -0.893382 1.125374 -2.375000
v -0.910472 1.166130 -2.356694
v -0.917552 1.183011 -2.312500
v -0.910472 1.166130 -2.268306
v -0.876292 1.084618 -2.268306
v -0.869212 1.067736 -2.312500
v -0.876292 1.084618 -2.356694
v -0.974894 1.091193 -2.338389
v -0.980047 1.136955 -2.325444
v -0.958307 1.165921 -2.294194
v -0.922410 1.161124 -2.262944
v -0.893382 1.125374 -2.250000
v -0.888229 1.079612 -2.262944
v -0.909968 1.050646 -2.294194
v -0.945866 1.055443 -2.325444
v -1.008657 1.077035 -2.250000
v -1.008866 1.124870 -2.250000
v -0.975189 1.158842 -2.250000
v -0.927354 1.159051 -2.250000
v -0.893173 1.077539 -2.250000
v -0.926850 1.043567 -2.250000
v -0.974685 1.043358 -2.250000
v -0.893591 1.173209 -0.500000
v -0.893382 1.125374 -0.500000
v -0.859914 1.207181 -0.500000
v -0.812079 1.207390 -0.500000
v -0.778107 1.173712 -0.500000
v -0.777898 1.125878 -0.500000
v -0.811575 1.091906 -0.500000
v -0.859410 1.091697 -0.500000
v -0.893590 1.173209 1.125000
v -0.893382 1.125374 1.125000
v -0.859914 1.207181 1.125000
v -0.812079 1.207390 1.125000
v -0.778107 1.173713 1.125000
v -0.777898 1.125878 1.125000
v -0.811575 1.091906 1.125000
v -0.859410 1.091697 1.125000
v 0.422965 0.491343 -1.000000
v 0.375130 0.491134 -1.000000
v 0.341158 0.524811 -1.000000
v 0.340949 0.572646 -1.000000
v 0.374626 0.606618 -1.000000
v 0.422461 0.606827 -1.000000
v 0.456433 0.573150 -1.000000
v 0.456642 0.525315 -1.000000
v 0.374626 0.606618 -2.375000
v 0.333870 0.589528 -2.356694
v 0.316988 0.582449 -2.312500
v 0.333870 0.589528 -2.268306
v 0.415382 0.623709 -2.268306
v 0.432263 0.630788 -2.312500
v 0.415382 0.623709 -2.356694
v 0.408807 0.525106 -2.338388
v 0.363045 0.519953 -2.325444
v 0.334079 0.541693 -2.294194
v 0.338876 0.577591 -2.262944
v 0.374626 0.606618 -2.250000
v 0.420387 0.611772 -2.262944
v 0.449354 0.590032 -2.294194
v 0.444557 0.554134 -2.325444
v 0.422965 0.491343 -2.250000
v 0.375130 0.491134 -2.250000
v 0.341158 0.524811 -2.250000
v 0.340949 0.572646 -2.250000
v 0.422461 0.606827 -2.250000
v 0.456433 0.573150 -2.250000
v 0.456641 0.525315 -2.250000
v 0.326791 0.606409 -0.500000
v 0.374626 0.606618 -0.500000
v 0.292819 0.640086 -0.500000
v 0.292610 0.687921 -0.500000
v 0.326287 0.721893 -0.500000
v 0.374122 0.722102 -0.500000
v 0.408094 0.688425 -0.500000
v 0.408303 0.640590 -0.500000
v 0.326791 0.606410 1.125000
v 0.374626 0.606618 1.125000
v 0.292819 0.640086 1.125000
v 0.292610 0.687921 1.125000
v 0.326287 0.721893 1.125000
v 0.374122 0.722102 1.125000
v 0.408094 0.688425 1.125000
v 0.408303 0.640590 1.125000
v -0.422965 2.508657 -1.000000
v -0.375130 2.508866 -1.000000
v -0.341158 2.475189 -1.000000
v -0.340949 2.427354 -1.000000
v -0.374626 2.393382 -1.000000
v -0.422461 2.393173 -1.000000
v -0.456434 2.426851 -1.000000
v -0.456642 2.474685 -1.000000
v -0.374626 2.393382 -2.375000
v -0.333870 2.410472 -2.356694
v -0.316989 2.417551 -2.312500
v -0.333870 2.410472 -2.268306
v -0.415382 2.376292 -2.268306
v -0.432264 2.369212 -2.312500
v -0.415382 2.376292 -2.356694
v -0.408807 2.474894 -2.338388
v -0.363045 2.480047 -2.325444
v -0.334079 2.458307 -2.294194
v -0.338876 2.422410 -2.262944
v -0.374626 2.393382 -2.250000
v -0.420388 2.388228 -2.262944
v -0.449354 2.409968 -2.294194
v -0.444557 2.445866 -2.325444
v -0.422965 2.508657 -2.250000
v -0.375130 2.508866 -2.250000
v -0.341158 2.475189 -2.250000
v -0.340949 2.427354 -2.250000
v -0.422461 2.393173 -2.250000
v -0.456433 2.426850 -2.250000
v -0.456642 2.474685 -2.250000
v -0.326791 2.393591 -0.500000
v -0.374626 2.393382 -0.500000
v -0.292819 2.359914 -0.500000
v -0.292611 2.312079 -0.500000
v -0.326288 2.278107 -0.500000
v -0.374122 2.277898 -0.500000
v -0.408094 2.311575 -0.500000
v -0.408303 2.359410 -0.500000
v -0.326791 2.393590 1.125000
v -0.374626 2.393382 1.125000
v -0.292819 2.359914 1.125000
v -0.292611 2.312079 1.125000
v -0.326287 2.278107 1.125000
v -0.374122 2.277898 1.125000
v -0.408094 2.311575 1.125000
v -0.408303 2.359410 1.125000
v 1.011684 1.229358 -0.250000
v 0.909767 1.330389 -0.250000
v 0.766262 1.329762 -0.250000
v 0.665232 1.227846 -0.250000
v 0.665858 1.084342 -0.250000
v 0.767774 0.983311 -0.250000
v 1.012310 1.085853 -0.250000
v 0.911279 0.983937 -0.250000
v 1.011684 1.229358 0.250000
v 0.909767 1.330389 0.250000
v 0.766262 1.329762 0.250000
v 0.665232 1.227846 0.250000
v 0.665858 1.084342 0.250000
v 0.767774 0.983311 0.250000
v 1.012310 1.085853 0.250000
v 0.911279 0.983937 0.250000
v 1.009283 1.779460 0.250000
v 1.008657 1.922965 0.250000
v 0.908253 1.677544 0.250000
v 0.764747 1.676918 0.250000
v 0.662832 1.777948 0.250000
v 0.662205 1.921453 0.250000
v 0.763236 2.023369 0.250000
v 0.906741 2.023996 0.250000
v 1.009283 1.779460 -0.250000
v 1.008657 1.922965 -0.250000
v 0.908253 1.677544 -0.250000
v 0.764747 1.676918 -0.250000
v 0.662832 1.777948 -0.250000
v 0.662205 1.921453 -0.250000
v 0.763236 2.023369 -0.250000
v 0.906741 2.023996 -0.250000
v -1.011684 1.770642 -0.250000
v -0.909767 1.669611 -0.250000
v -0.766263 1.670238 -0.250000
v -0.665232 1.772154 -0.250000
v -0.665858 1.915658 -0.250000
v -0.767774 2.016689 -0.250000
v -1.012310 1.914147 -0.250000
v -0.911279 2.016063 -0.250000
v -1.011684 1.770642 0.250000
v -0.909767 1.669611 0.250000
v -0.766263 1.670238 0.250000
v -0.665232 1.772154 0.250000
v -0.665858 1.915658 0.250000
v -0.767774 2.016689 0.250000
v -1.012310 1.914147 0.250000
v -0.911279 2.016063 0.250000
v -1.009284 1.220540 0.250000
v -1.008657 1.077035 0.250000
v -0.908253 1.322456 0.250000
v -0.764748 1.323082 0.250000
v -0.662832 1.222052 0.250000
v -0.662206 1.078547 0.250000
v -0.763236 0.976631 0.250000
v -0.906741 0.976004 0.250000
v -1.009284 1.220540 -0.250000
v -1.008657 1.077035 -0.250000
v -0.908253 1.322456 -0.250000
v -0.764748 1.323082 -0.250000
v -0.662832 1.222052 -0.250000
v -0.662206 1.078547 -0.250000
v -0.763236 0.976631 -0.250000
v -0.906741 0.976004 -0.250000
v -0.000000 2.500000 2.625000
v -0.382684 2.423880 2.625000
v -0.707107 2.207107 2.625000
v -0.923880 1.882684 2.625000
v -1.000000 1.500000 2.625000
v -0.923880 1.117317 2.625000
v -0.707107 0.792893 2.625000
v -0.382684 0.576120 2.625000
v -0.000000 0.500000 2.625000
v 0.382683 0.576120 2.625000
v 0.707106 0.792893 2.625000
v 0.923879 1.117316 2.625000
v 1.000000 1.500000 2.625000
v 0.923879 1.882684 2.625000
v 0.707106 2.207107 2.625000
v 0.382683 2.423880 2.625000
v -0.000000 2.250000 1.125000
v -0.287013 2.192910 1.125000
v -0.530330 2.030330 1.125000
v -0.692910 1.787013 1.125000
v -0.750000 1.500000 1.125000
v -0.692910 1.212987 1.125000
v -0.530330 0.969670 1.125000
v -0.287013 0.807090 1.125000
v -0.000000 0.750000 1.125000
v 0.287012 0.807090 1.125000
v 0.530330 0.969670 1.125000
v 0.692909 1.212987 1.125000
v 0.750000 1.500000 1.125000
v 0.692909 1.787013 1.125000
v 0.530330 2.030330 1.125000
v 0.287012 2.192910 1.125000
v -0.000000 2.500000 1.125000
v -0.382684 2.423880 1.125000
v -0.707107 2.207107 1.125000
v -0.923880 1.882684 1.125000
v -1.000000 1.500000 1.125000
v -0.923880 1.117317 1.125000
v -0.707107 0.792893 1.125000
v -0.382684 0.576120 1.125000
v -0.000000 0.500000 1.125000
v 0.382683 0.576120 1.125000
v 0.707106 0.792893 1.125000
v 0.923879 1.117316 1.125000
v 1.000000 1.500000 1.125000
v 0.923879 1.882684 1.125000
v 0.707106 2.207107 1.125000
v 0.382683 2.423880 1.125000
v -0.000000 2.500000 2.625000
v -0.382684 2.423880 2.625000
v -0.707107 2.207107 2.625000
v -0.923880 1.882684 2.625000
v -1.000000 1.500000 2.625000
v -0.923880 1.117317 2.625000
v -0.707107 0.792893 2.625000
v -0.382684 0.576120 2.625000
v -0.000000 0.500000 2.625000
v 0.382683 0.576120 2.625000
v 0.707106 0.792893 2.625000
v 0.923879 1.117316 2.625000
v 1.000000 1.500000 2.625000
v 0.923879 1.882684 2.625000
v 0.707106 2.207107 2.625000
v 0.382683 2.423880 2.625000
v -0.000000 2.375000 -0.500000
v -0.334848 2.308394 -0.500000
v -0.618719 2.118719 -0.500000
v -0.808395 1.834848 -0.500000
v -0.875000 1.500000 -0.500000
v -0.808395 1.165152 -0.500000
v -0.618719 0.881282 -0.500000
v -0.334848 0.691606 -0.500000
v -0.000000 0.625000 -0.500000
v 0.334848 0.691606 -0.500000
v 0.618718 0.881281 -0.500000
v 0.808394 1.165152 -0.500000
v 0.875000 1.500000 -0.500000
v 0.808394 1.834848 -0.500000
v 0.618718 2.118719 -0.500000
v 0.334847 2.308395 -0.500000
v 0.000000 3.000000 2.750000
v -0.574025 2.885819 2.750000
v -1.060660 2.560660 2.750000
v -1.385819 2.074025 2.750000
v -1.500000 1.500000 2.750000
v -1.385819 0.925975 2.750000
v -1.060660 0.439340 2.750000
v -0.574025 0.114181 2.750000
v 0.000000 0.000000 2.750000
v 0.574025 0.114181 2.750000
v 1.060660 0.439340 2.750000
v 1.385819 0.925975 2.750000
v 1.500000 1.500000 2.750000
v 1.385819 2.074025 2.750000
v 1.060659 2.560660 2.750000
v 0.574024 2.885819 2.750000
v 0.000000 3.000000 2.250000
v -0.574025 2.885819 2.250000
v -1.060660 2.560660 2.250000
v -1.385819 2.074025 2.250000
v -1.500000 1.500000 2.250000
v -1.385819 0.925975 2.250000
v -1.060660 0.439340 2.250000
v -0.574025 0.114181 2.250000
v 0.000000 0.000000 2.250000
v 0.574025 0.114181 2.250000
v 1.060660 0.439340 2.250000
v 1.385819 0.925975 2.250000
v 1.500000 1.500000 2.250000
v 1.385819 2.074025 2.250000
v 1.060659 2.560660 2.250000
v 0.574024 2.885819 2.250000
vt 0.157088 0.470588
vt 0.153257 0.411765
vt 0.157088 0.411765
vt 0.153257 0.352941
vt 0.157088 0.352941
vt 0.153257 0.294118
vt 0.157088 0.294118
vt 0.153257 0.235294
vt 0.157088 0.235294
vt 0.153257 0.176471
vt 0.157088 0.176471
vt 0.157088 0.117647
vt 0.153257 0.117647
vt 0.153257 0.058824
vt 0.157088 0.058824
vt 0.157088 -0.000000
vt 0.153257 0.000000
vt 0.157088 0.882353
vt 0.153257 0.941176
vt 0.153257 0.882353
vt 0.157088 0.823529
vt 0.153257 0.823529
vt 0.157088 0.764706
vt 0.153257 0.764706
vt 0.157088 0.705882
vt 0.153257 0.705882
vt 0.157088 0.647059
vt 0.153257 0.647059
vt 0.157088 0.588235
vt 0.153257 0.588235
vt 0.157088 0.529412
vt 0.153257 0.529412
vt 0.153257 0.470588
vt 0.295019 0.705882
vt 0.287356 0.764706
vt 0.287356 0.705882
vt 0.287356 0.647059
vt 0.295019 0.588235
vt 0.287356 0.588235
vt 0.295019 0.529412
vt 0.287356 0.529412
vt 0.295019 0.470588
vt 0.287356 0.470588
vt 0.295019 0.411765
vt 0.287356 0.411765
vt 0.295019 0.352941
vt 0.287356 0.352941
vt 0.295019 0.294118
vt 0.287356 0.294118
vt 0.295019 0.235294
vt 0.287356 0.235294
vt 0.287356 0.176471
vt 0.295019 0.117647
vt 0.287356 0.117647
vt 0.295019 0.058824
vt 0.287356 0.058824
vt 0.287356 0.000000
vt 0.287356 0.882353
vt 0.295019 0.941176
vt 0.287356 0.941176
vt 0.287356 0.823529
vt 0.295019 0.882353
vt 0.295019 0.823529
vt 0.176245 0.294118
vt 0.172414 0.352941
vt 0.172414 0.294118
vt 0.176245 0.352941
vt 0.172414 0.411765
vt 0.176245 0.411765
vt 0.172414 0.470588
vt 0.176245 0.470588
vt 0.172414 0.529412
vt 0.176245 0.529412
vt 0.172414 0.588235
vt 0.176245 0.647059
vt 0.172414 0.647059
vt 0.176245 0.705882
vt 0.172414 0.705882
vt 0.176245 0.764706
vt 0.172414 0.764706
vt 0.176245 0.823529
vt 0.172414 0.823529
vt 0.176245 0.882353
vt 0.172414 0.882353
vt 0.176245 0.941176
vt 0.172414 0.941176
vt 0.172414 0.000000
vt 0.176245 0.058824
vt 0.172414 0.058824
vt 0.172414 0.117647
vt 0.176245 0.117647
vt 0.172414 0.176471
vt 0.176245 0.176471
vt 0.172414 0.235294
vt 0.176245 0.235294
vt 0.272031 0.352941
vt 0.268199 0.294118
vt 0.272031 0.294118
vt 0.272031 0.411765
vt 0.268199 0.352941
vt 0.272031 0.470588
vt 0.268199 0.411765
vt 0.272031 0.529412
vt 0.268199 0.470588
vt 0.272031 0.588235
vt 0.268199 0.529412
vt 0.268199 0.647059
vt 0.268199 0.588235
vt 0.272031 0.647059
vt 0.268199 0.705882
vt 0.272031 0.705882
vt 0.268199 0.764706
vt 0.272031 0.764706
vt 0.268199 0.823529
vt 0.272031 0.823529
vt 0.268199 0.882353
vt 0.272031 0.882353
vt 0.268199 0.941176
vt 0.272031 0.000000
vt 0.268199 0.058824
vt 0.268199 0.000000
vt 0.272031 0.117647
vt 0.272031 0.058824
vt 0.268199 0.176471
vt 0.268199 0.117647
vt 0.272031 0.235294
vt 0.272031 0.176471
vt 0.268199 0.235294
vt 0.478927 0.549020
vt 0.486590 0.588235
vt 0.478927 0.588235
vt 0.478927 0.235294
vt 0.486590 0.274510
vt 0.478927 0.274510
vt 0.486590 0.627451
vt 0.478927 0.627451
vt 0.478927 0.352941
vt 0.486590 0.313726
vt 0.486590 0.352941
vt 0.478927 0.313726
vt 0.478927 0.039216
vt 0.486590 -0.000000
vt 0.486590 0.039216
vt 0.486590 0.392157
vt 0.478927 0.392157
vt 0.486590 0.078431
vt 0.478927 0.078431
vt 0.486590 0.431373
vt 0.478927 0.431373
vt 0.486590 0.117647
vt 0.478927 0.117647
vt 0.486590 0.470588
vt 0.478927 0.470588
vt 0.478927 0.156863
vt 0.486590 0.156863
vt 0.478927 0.509804
vt 0.486590 0.509804
vt 0.478927 0.196078
vt 0.486590 0.196078
vt 0.486590 0.549020
vt 0.486590 0.235294
vt 0.340996 0.784153
vt 0.295114 0.705882
vt 0.340996 0.627612
vt 0.432950 0.810458
vt 0.417625 0.856209
vt 0.417625 0.810458
vt 0.363985 0.810458
vt 0.348659 0.856209
vt 0.348659 0.810458
vt 0.432950 0.810458
vt 0.417625 0.856209
vt 0.417625 0.810458
vt 0.363985 0.810458
vt 0.348659 0.856209
vt 0.348659 0.810458
vt 0.363985 0.856209
vt 0.295019 0.856209
vt 0.295019 0.810458
vt 0.363985 0.856209
vt 0.295019 0.856209
vt 0.295019 0.810458
vt 0.432950 0.810458
vt 0.417625 0.856209
vt 0.417625 0.810458
vt 0.363985 0.810458
vt 0.348659 0.856209
vt 0.348659 0.810458
vt 0.432950 0.810458
vt 0.417625 0.856209
vt 0.417625 0.810458
vt 0.348659 0.810458
vt 0.363985 0.856209
vt 0.348659 0.856209
vt 0.363985 0.810458
vt 0.295019 0.856209
vt 0.295019 0.810458
vt 0.363985 0.856209
vt 0.295019 0.856209
vt 0.295019 0.810458
vt 0.432950 0.810458
vt 0.417625 0.856209
vt 0.417625 0.810458
vt 0.348659 0.810458
vt 0.363985 0.856209
vt 0.348659 0.856209
vt 0.417625 0.810458
vt 0.432950 0.856209
vt 0.417625 0.856209
vt 0.363985 0.810458
vt 0.348659 0.856209
vt 0.348659 0.810458
vt 0.363985 0.856209
vt 0.295019 0.856209
vt 0.295019 0.810458
vt 0.363985 0.810458
vt 0.295019 0.856209
vt 0.295019 0.810458
vt 0.432950 0.810458
vt 0.417625 0.856209
vt 0.417625 0.810458
vt 0.348659 0.810458
vt 0.363985 0.856209
vt 0.348659 0.856209
vt 0.432950 0.810458
vt 0.417625 0.856209
vt 0.417625 0.810458
vt 0.363985 0.810458
vt 0.348659 0.856209
vt 0.348659 0.810458
vt 0.363985 0.856209
vt 0.295019 0.856209
vt 0.295019 0.810458
vt 0.363985 0.810458
vt 0.295019 0.856209
vt 0.295019 0.810458
vt 0.432950 0.810458
vt 0.417625 0.856209
vt 0.417625 0.810458
vt 0.348659 0.810458
vt 0.363985 0.856209
vt 0.348659 0.856209
vt 0.432950 0.810458
vt 0.417625 0.856209
vt 0.417625 0.810458
vt 0.363985 0.810458
vt 0.348659 0.856209
vt 0.348659 0.810458
vt 0.363985 0.856209
vt 0.295019 0.856209
vt 0.295019 0.810458
vt 0.363985 0.810458
vt 0.295019 0.856209
vt 0.295019 0.810458
vt 0.432950 0.810458
vt 0.417625 0.856209
vt 0.417625 0.810458
vt 0.348659 0.810458
vt 0.363985 0.856209
vt 0.348659 0.856209
vt 0.417625 0.810458
vt 0.432950 0.856209
vt 0.417625 0.856209
vt 0.363985 0.810458
vt 0.348659 0.856209
vt 0.348659 0.810458
vt 0.363985 0.856209
vt 0.295019 0.856209
vt 0.295019 0.810458
vt 0.363985 0.810458
vt 0.295019 0.856209
vt 0.295019 0.810458
vt 0.463994 0.947712
vt 0.475096 0.928773
vt 0.486198 0.947712
vt 0.410354 0.947548
vt 0.421553 0.928775
vt 0.432558 0.947878
vt 0.421553 0.928775
vt 0.429375 0.934438
vt 0.432558 0.947878
vt 0.475096 0.966651
vt 0.463994 0.947712
vt 0.475096 0.928773
vt 0.402980 0.783152
vt 0.402980 0.654757
vt 0.478246 0.654757
vt 0.517241 0.640523
vt 0.540230 0.679739
vt 0.517241 0.679739
vt 0.509579 0.640523
vt 0.540230 0.627451
vt 0.540230 0.640523
vt 0.517241 0.692810
vt 0.547893 0.679739
vt 0.517241 0.640523
vt 0.540230 0.679739
vt 0.517241 0.679739
vt 0.509579 0.640523
vt 0.540230 0.627451
vt 0.540230 0.640523
vt 0.517241 0.692810
vt 0.547893 0.679739
vt 0.517241 0.679739
vt 0.540230 0.640523
vt 0.540230 0.679739
vt 0.547893 0.679739
vt 0.547893 0.640523
vt 0.540230 0.627451
vt 0.517241 0.640523
vt 0.517241 0.627451
vt 0.517241 0.692810
vt 0.540230 0.692810
vt 0.509579 0.640523
vt 0.509579 0.679739
vt 0.547893 0.718954
vt 0.670498 0.823529
vt 0.547893 0.823529
vt 0.517241 0.679739
vt 0.540230 0.640523
vt 0.540230 0.679739
vt 0.547893 0.679739
vt 0.547893 0.640523
vt 0.540230 0.627451
vt 0.517241 0.640523
vt 0.517241 0.627451
vt 0.517241 0.692810
vt 0.540230 0.692810
vt 0.509579 0.640523
vt 0.509579 0.679739
vt 0.494253 0.771242
vt 0.494253 0.718954
vt 0.547893 0.718954
vt 0.547893 0.627451
vt 0.670498 0.718954
vt 0.724138 0.771242
vt 0.693487 0.823529
vt 0.547893 0.862745
vt 0.670498 0.915033
vt 0.547893 0.967320
vt 0.547893 0.915033
vt 0.670498 0.862745
vt 0.670498 0.823529
vt 0.547893 0.823529
vt 0.547893 0.627451
vt 0.670498 0.718954
vt 0.724138 0.771242
vt 0.693487 0.823529
vt 0.547893 0.862745
vt 0.670498 0.915033
vt 0.547893 0.967320
vt 0.547893 0.915033
vt 0.670498 0.862745
vt 0.494253 0.771242
vt 0.494253 0.718954
vt 0.463994 0.947712
vt 0.475096 0.928773
vt 0.486198 0.947712
vt 0.432558 0.947878
vt 0.421359 0.966651
vt 0.410354 0.947548
vt 0.931035 0.732026
vt 0.731801 0.810458
vt 0.731801 0.732026
vt 0.731801 0.640523
vt 0.931035 0.718954
vt 0.731801 0.718954
vt 0.931035 0.627451
vt 0.731801 0.627451
vt 0.938697 0.718954
vt 0.931035 0.640523
vt 0.938697 0.640523
vt 0.724138 0.640523
vt 0.724138 0.718954
vt 0.206897 1.000000
vt 0.107280 0.941176
vt 0.206897 0.941176
vt 0.099617 1.000000
vt 0.107280 1.000000
vt 0.398467 0.993464
vt 0.306513 0.941176
vt 0.398467 0.941176
vt -0.000000 0.941176
vt -0.000000 1.000000
vt 0.206897 1.000000
vt 0.107280 0.941176
vt 0.206897 0.941176
vt 0.099617 1.000000
vt 0.107280 1.000000
vt 0.298851 0.941176
vt 0.206897 0.993464
vt 0.206897 0.941176
vt -0.000000 0.941176
vt -0.000000 1.000000
vt 0.298851 0.941176
vt 0.206897 0.993464
vt 0.206897 0.941176
vt 0.398467 0.993464
vt 0.306513 0.941176
vt 0.398467 0.941176
vt 0.306513 0.993464
vt 0.306513 0.993464
vt 0.475096 0.966651
vt 0.463994 0.947712
vt 0.475096 0.928773
vt 0.432558 0.947878
vt 0.421359 0.966651
vt 0.410354 0.947548
vt 0.157088 0.941176
vt 0.295019 0.764706
vt 0.295019 0.647059
vt 0.295019 0.176471
vt 0.295019 0.000000
vt 0.176245 0.588235
vt 0.176245 0.000000
vt 0.272031 0.941176
vt 0.478927 -0.000000
vt 0.323438 0.778195
vt 0.308552 0.761228
vt 0.298606 0.735835
vt 0.298606 0.675930
vt 0.308552 0.650537
vt 0.323438 0.633570
vt 0.358555 0.633570
vt 0.373440 0.650537
vt 0.383386 0.675930
vt 0.386879 0.705882
vt 0.383386 0.735835
vt 0.373440 0.761228
vt 0.358555 0.778195
vt 0.432950 0.856209
vt 0.432950 0.856209
vt 0.432950 0.856209
vt 0.432950 0.856209
vt 0.432950 0.856209
vt 0.432950 0.810458
vt 0.432950 0.856209
vt 0.432950 0.856209
vt 0.432950 0.856209
vt 0.432950 0.856209
vt 0.432950 0.856209
vt 0.432950 0.810458
vt 0.475096 0.966651
vt 0.467245 0.961104
vt 0.467245 0.934321
vt 0.482946 0.934321
vt 0.482946 0.961104
vt 0.429238 0.961221
vt 0.421359 0.966651
vt 0.413537 0.960987
vt 0.413675 0.934205
vt 0.429375 0.934438
vt 0.429238 0.961221
vt 0.410354 0.947548
vt 0.421359 0.966651
vt 0.413537 0.960987
vt 0.413675 0.934205
vt 0.467245 0.961104
vt 0.467245 0.934321
vt 0.482946 0.934321
vt 0.486198 0.947712
vt 0.482946 0.961104
vt 0.478246 0.783152
vt 0.460980 0.802832
vt 0.440613 0.809743
vt 0.420246 0.802832
vt 0.391443 0.753698
vt 0.387392 0.718954
vt 0.391443 0.684211
vt 0.420246 0.635076
vt 0.440613 0.628165
vt 0.460980 0.635076
vt 0.489783 0.684211
vt 0.493834 0.718954
vt 0.489783 0.753698
vt 0.509579 0.679739
vt 0.517241 0.627451
vt 0.540230 0.692810
vt 0.547893 0.640523
vt 0.509579 0.679739
vt 0.517241 0.627451
vt 0.540230 0.692810
vt 0.547893 0.640523
vt 0.524904 0.823529
vt 0.670498 0.627451
vt 0.724138 0.718954
vt 0.670498 0.967320
vt 0.670498 0.627451
vt 0.724138 0.718954
vt 0.670498 0.967320
vt 0.524904 0.823529
vt 0.475096 0.966651
vt 0.467245 0.961104
vt 0.467245 0.934321
vt 0.482946 0.934321
vt 0.482946 0.961104
vt 0.429238 0.961221
vt 0.413537 0.960987
vt 0.413675 0.934205
vt 0.421553 0.928775
vt 0.429375 0.934438
vt 0.931035 0.810458
vt 0.099617 0.941176
vt 0.099617 0.941176
vt 0.298851 0.993464
vt 0.298851 0.993464
vt 0.467245 0.961104
vt 0.467245 0.934321
vt 0.482946 0.934321
vt 0.486198 0.947712
vt 0.482946 0.961104
vt 0.429238 0.961221
vt 0.413537 0.960987
vt 0.413675 0.934205
vt 0.421553 0.928775
vt 0.429375 0.934438
vt 0.149425 0.823529
vt 0.149425 0.764706
vt 0.149425 0.705882
vt 0.149425 0.647059
vt 0.149425 0.588235
vt 0.149425 0.529412
vt 0.149425 0.470588
vt 0.149425 0.411765
vt 0.149425 0.352941
vt 0.149425 0.294118
vt 0.149425 0.235294
vt 0.149425 0.176471
vt 0.149425 0.117647
vt 0.149425 0.058824
vt 0.149425 0.000000
vt 0.149425 0.882353
vt 0.586207 0.156863
vt 0.616858 0.196078
vt 0.586207 0.196078
vt 0.586207 0.117647
vt 0.616858 0.156863
vt 0.616858 0.078431
vt 0.586207 0.078431
vt 0.616858 0.039216
vt 0.586207 0.039216
vt 0.586207 -0.000000
vt 0.586207 0.588235
vt 0.616858 0.627451
vt 0.586207 0.627451
vt 0.616858 0.549020
vt 0.586207 0.549020
vt 0.586207 0.509804
vt 0.586207 0.470588
vt 0.616858 0.509804
vt 0.616858 0.431373
vt 0.586207 0.431373
vt 0.616858 0.392157
vt 0.586207 0.392157
vt 0.616858 0.352941
vt 0.586207 0.352941
vt 0.616858 0.313726
vt 0.586207 0.313726
vt 0.616858 0.274510
vt 0.586207 0.274510
vt 0.616858 0.235294
vt 0.586207 0.235294
vt 0.486590 0.431373
vt 0.586207 0.470588
vt 0.486590 0.470588
vt 0.486590 0.392157
vt 0.586207 0.431373
vt 0.486590 0.274510
vt 0.586207 0.313726
vt 0.486590 0.313726
vt 0.486590 0.352941
vt 0.586207 0.392157
vt 0.486590 0.235294
vt 0.586207 0.274510
vt 0.586207 0.352941
vt 0.486590 0.196078
vt 0.586207 0.235294
vt 0.486590 0.156863
vt 0.586207 0.196078
vt 0.486590 0.117647
vt 0.586207 0.156863
vt 0.486590 0.078431
vt 0.586207 0.117647
vt 0.486590 0.039216
vt 0.586207 0.078431
vt 0.486590 0.000000
vt 0.586207 0.039216
vt 0.486590 0.588235
vt 0.586207 0.627451
vt 0.486590 0.627451
vt 0.486590 0.549020
vt 0.586207 0.588235
vt 0.486590 0.509804
vt 0.586207 0.549020
vt 0.586207 0.509804
vt 0.478927 0.235294
vt 0.386973 0.196078
vt 0.478927 0.196078
vt 0.478927 0.549020
vt 0.386973 0.509804
vt 0.478927 0.509804
vt 0.386973 0.156863
vt 0.478927 0.156863
vt 0.386973 0.470588
vt 0.478927 0.470588
vt 0.386973 0.117647
vt 0.478927 0.117647
vt 0.386973 0.431373
vt 0.478927 0.431373
vt 0.386973 0.078431
vt 0.478927 0.078431
vt 0.386973 0.392157
vt 0.478927 0.392157
vt 0.386973 0.039216
vt 0.478927 0.039216
vt 0.386973 0.352941
vt 0.478927 0.352941
vt 0.386973 -0.000000
vt 0.478927 -0.000000
vt 0.478927 0.313726
vt 0.386973 0.274510
vt 0.478927 0.274510
vt 0.386973 0.313726
vt 0.478927 0.627451
vt 0.386973 0.588235
vt 0.478927 0.588235
vt 0.386973 0.235294
vt 0.386973 0.549020
vt 0.977012 0.032680
vt 0.946360 0.052288
vt 0.946360 0.026144
vt 0.946360 0.261438
vt 0.977012 0.281046
vt 0.946360 0.287582
vt 0.977012 0.071895
vt 0.946360 0.078431
vt 0.977012 0.294118
vt 0.946360 0.313726
vt 0.977012 0.098039
vt 0.946360 0.104575
vt 0.977012 0.320261
vt 0.946360 0.339869
vt 0.977012 0.111111
vt 0.946360 0.130719
vt 0.977012 0.359477
vt 0.946360 0.366013
vt 0.977012 0.137255
vt 0.946360 0.156863
vt 0.977012 0.385621
vt 0.946360 0.392157
vt 0.977012 0.176471
vt 0.946360 0.183007
vt 0.977012 0.398693
vt 0.946360 0.418301
vt 0.946360 0.209150
vt 0.977012 0.228758
vt 0.946360 0.235294
vt 0.977012 0.189542
vt 0.977012 0.006536
vt 0.946360 0.000000
vt 0.977012 0.241830
vt 1.000000 0.300654
vt 0.977012 0.307190
vt 0.977012 0.267974
vt 1.000000 0.274510
vt 1.000000 0.248366
vt 0.977012 0.254902
vt 0.977012 0.215686
vt 1.000000 0.222222
vt 1.000000 0.196078
vt 0.977012 0.202614
vt 0.977012 0.163399
vt 1.000000 0.169935
vt 1.000000 0.143791
vt 0.977012 0.150327
vt 1.000000 0.326797
vt 0.977012 0.333333
vt 0.977012 0.346405
vt 1.000000 0.352941
vt 0.977012 0.372549
vt 1.000000 0.379085
vt 1.000000 0.405229
vt 0.977012 0.411765
vt 1.000000 0.013072
vt 0.977012 0.019608
vt 1.000000 0.039216
vt 0.977012 0.045752
vt 0.977012 0.058824
vt 1.000000 0.065359
vt 0.977012 0.084967
vt 1.000000 0.091503
vt 1.000000 0.117647
vt 0.977012 0.124183
vt 0.708812 0.156863
vt 0.616858 0.117647
vt 0.708812 0.117647
vt 0.708812 0.509804
vt 0.616858 0.470588
vt 0.708812 0.470588
vt 0.708812 0.196078
vt 0.616858 0.156863
vt 0.708812 0.549020
vt 0.616858 0.509804
vt 0.708812 0.235294
vt 0.616858 0.196078
vt 0.708812 0.588235
vt 0.616858 0.549020
vt 0.708812 0.274510
vt 0.616858 0.235294
vt 0.708812 0.627451
vt 0.616858 0.588235
vt 0.708812 0.352941
vt 0.616858 0.313726
vt 0.708812 0.313726
vt 0.616858 0.274510
vt 0.708812 0.039216
vt 0.616858 -0.000000
vt 0.708812 -0.000000
vt 0.708812 0.392157
vt 0.616858 0.352941
vt 0.708812 0.078431
vt 0.616858 0.039216
vt 0.708812 0.431373
vt 0.616858 0.392157
vt 0.616858 0.078431
vt 0.616858 0.431373
vt 0.831418 0.339869
vt 0.831418 0.366013
vt 0.831418 0.392157
vt 0.831418 0.000000
vt 0.831418 0.026144
vt 0.831418 0.052288
vt 0.831418 0.078431
vt 0.831418 0.104575
vt 0.831418 0.130719
vt 0.831418 0.209150
vt 0.831418 0.156863
vt 0.831418 0.235294
vt 0.831418 0.183007
vt 0.831418 0.261438
vt 0.831418 0.287582
vt 0.831418 0.313726
vt 0.030651 0.529412
vt 0.000000 0.588235
vt 0.000000 0.529412
vt 0.030651 0.058824
vt 0.000000 0.117647
vt 0.000000 0.058824
vt 0.030651 0.588235
vt 0.000000 0.647059
vt 0.030651 0.117647
vt 0.000000 0.176471
vt 0.030651 0.647059
vt -0.000000 0.705882
vt 0.030651 0.176471
vt 0.000000 0.235294
vt 0.030651 0.705882
vt 0.000000 0.764706
vt 0.030651 0.235294
vt 0.000000 0.294118
vt 0.030651 0.764706
vt 0.000000 0.823529
vt 0.030651 0.294118
vt 0.000000 0.352941
vt 0.030651 0.823529
vt 0.000000 0.882353
vt 0.030651 0.352941
vt 0.000000 0.411765
vt 0.030651 0.882353
vt 0.000000 0.941176
vt 0.030651 0.470588
vt 0.000000 0.470588
vt 0.030651 0.411765
vt 0.030651 -0.000000
vt -0.000000 -0.000000
vt 0.854406 0.816993
vt 0.823755 0.823529
vt 0.823755 0.816993
vt 0.934866 0.836601
vt 0.938697 0.830065
vt 0.938697 0.836601
vt 0.934866 0.830065
vt 0.938697 0.823529
vt 0.934866 0.823529
vt 0.938697 0.816993
vt 0.938697 0.856209
vt 0.934866 0.849673
vt 0.938697 0.849673
vt 0.934866 0.843137
vt 0.938697 0.843137
vt 0.931035 0.830065
vt 0.931035 0.816993
vt 0.934866 0.816993
vt 0.931035 0.856209
vt 0.934866 0.856209
vt 0.931035 0.843137
vt 0.931035 0.836601
vt 0.934866 0.862745
vt 0.934866 0.810458
vt 0.854406 0.823529
vt 0.931035 0.823529
vt 0.854406 0.830065
vt 0.854406 0.836601
vt 0.854406 0.843137
vt 0.854406 0.849673
vt 0.931035 0.849673
vt 0.854406 0.856209
vt 0.931035 0.862745
vt 0.854406 0.862745
vt 0.931035 0.810458
vt 0.724138 0.810458
vt 0.823755 0.810458
vt 0.823755 0.836601
vt 0.823755 0.830065
vt 0.823755 0.849673
vt 0.854406 0.810458
vt 0.823755 0.843137
vt 0.823755 0.856209
vt 0.724138 0.823529
vt 0.724138 0.843137
vt 0.823755 0.862745
vt 0.724138 0.856209
vt 0.724138 0.816993
vt 0.724138 0.830065
vt 0.724138 0.836601
vt 0.724138 0.849673
vt 0.846743 0.437909
vt 0.842912 0.431373
vt 0.846743 0.431373
vt 0.842912 0.437909
vt 0.839080 0.431373
vt 0.839080 0.437909
vt 0.835249 0.431373
vt 0.858238 0.431373
vt 0.854406 0.437909
vt 0.854406 0.431373
vt 0.850575 0.437909
vt 0.850575 0.431373
vt 0.842912 0.444444
vt 0.839080 0.444444
vt 0.835249 0.437909
vt 0.858238 0.437909
vt 0.854406 0.444444
vt 0.850575 0.444444
vt 0.831418 0.437909
vt 0.835249 0.444444
vt 0.862069 0.437909
vt 0.858238 0.444444
vt 0.839080 0.418301
vt 0.858238 0.418301
vt 0.850575 0.418301
vt 0.831418 0.431373
vt 0.835249 0.418301
vt 0.854406 0.418301
vt 0.842912 0.418301
vt 0.846743 0.418301
vt 0.862069 0.418301
vt 0.862069 0.431373
vt 0.835249 0.470588
vt 0.850575 0.470588
vt 0.846743 0.444444
vt 0.842912 0.470588
vt 0.862069 0.444444
vt 0.858238 0.470588
vt 0.831418 0.470588
vt 0.831418 0.444444
vt 0.854406 0.470588
vt 0.839080 0.470588
vt 0.846743 0.470588
vt 0.877395 0.594771
vt 0.873563 0.588235
vt 0.877395 0.588235
vt 0.873563 0.594771
vt 0.869732 0.588235
vt 0.869732 0.594771
vt 0.865900 0.588235
vt 0.888889 0.588235
vt 0.885057 0.594771
vt 0.885057 0.588235
vt 0.881226 0.594771
vt 0.881226 0.588235
vt 0.877395 0.601307
vt 0.869732 0.601307
vt 0.865900 0.601307
vt 0.865900 0.594771
vt 0.888889 0.594771
vt 0.885057 0.601307
vt 0.881226 0.601307
vt 0.862069 0.594771
vt 0.892720 0.594771
vt 0.888889 0.601307
vt 0.865900 0.627451
vt 0.881226 0.627451
vt 0.873563 0.627451
vt 0.873563 0.601307
vt 0.892720 0.601307
vt 0.888889 0.627451
vt 0.862069 0.627451
vt 0.862069 0.601307
vt 0.885057 0.627451
vt 0.869732 0.627451
vt 0.877395 0.627451
vt 0.869732 0.529412
vt 0.865900 0.522876
vt 0.869732 0.522876
vt 0.862069 0.529412
vt 0.862069 0.522876
vt 0.892720 0.522876
vt 0.888889 0.529412
vt 0.888889 0.522876
vt 0.881226 0.529412
vt 0.877395 0.522876
vt 0.881226 0.522876
vt 0.877395 0.529412
vt 0.873563 0.522876
vt 0.865900 0.535948
vt 0.865900 0.529412
vt 0.892720 0.535948
vt 0.892720 0.529412
vt 0.881226 0.535948
vt 0.877395 0.535948
vt 0.873563 0.529412
vt 0.869732 0.535948
vt 0.885057 0.529412
vt 0.888889 0.535948
vt 0.862069 0.535948
vt 0.862069 0.588235
vt 0.892720 0.588235
vt 0.885057 0.535948
vt 0.873563 0.535948
vt 0.885057 0.431373
vt 0.881226 0.437909
vt 0.881226 0.431373
vt 0.877395 0.431373
vt 0.873563 0.437909
vt 0.873563 0.431373
vt 0.865900 0.437909
vt 0.862069 0.431373
vt 0.865900 0.431373
vt 0.892720 0.437909
vt 0.888889 0.431373
vt 0.892720 0.431373
vt 0.888889 0.437909
vt 0.885057 0.437909
vt 0.881226 0.444444
vt 0.877395 0.437909
vt 0.877395 0.444444
vt 0.862069 0.444444
vt 0.862069 0.437909
vt 0.888889 0.444444
vt 0.885057 0.444444
vt 0.869732 0.437909
vt 0.873563 0.444444
vt 0.865900 0.444444
vt 0.877395 0.418301
vt 0.865900 0.418301
vt 0.888889 0.418301
vt 0.869732 0.431373
vt 0.873563 0.418301
vt 0.892720 0.418301
vt 0.881226 0.418301
vt 0.885057 0.418301
vt 0.869732 0.418301
vt 0.869732 0.444444
vt 0.885057 0.522876
vt 0.842912 0.431373
vt 0.846743 0.437909
vt 0.846743 0.431373
vt 0.839080 0.431373
vt 0.842912 0.437909
vt 0.835249 0.431373
vt 0.839080 0.437909
vt 0.858238 0.431373
vt 0.854406 0.437909
vt 0.858238 0.437909
vt 0.854406 0.431373
vt 0.850575 0.437909
vt 0.850575 0.431373
vt 0.842912 0.444444
vt 0.846743 0.444444
vt 0.839080 0.444444
vt 0.835249 0.444444
vt 0.854406 0.444444
vt 0.858238 0.444444
vt 0.850575 0.444444
vt 0.835249 0.437909
vt 0.831418 0.437909
vt 0.862069 0.437909
vt 0.839080 0.418301
vt 0.858238 0.418301
vt 0.850575 0.418301
vt 0.835249 0.418301
vt 0.831418 0.431373
vt 0.854406 0.418301
vt 0.842912 0.418301
vt 0.846743 0.418301
vt 0.862069 0.418301
vt 0.862069 0.431373
vt 0.835249 0.470588
vt 0.850575 0.470588
vt 0.842912 0.470588
vt 0.858238 0.470588
vt 0.862069 0.444444
vt 0.831418 0.470588
vt 0.831418 0.444444
vt 0.854406 0.470588
vt 0.839080 0.470588
vt 0.846743 0.470588
vt 0.873563 0.588235
vt 0.877395 0.594771
vt 0.877395 0.588235
vt 0.869732 0.588235
vt 0.873563 0.594771
vt 0.865900 0.588235
vt 0.869732 0.594771
vt 0.888889 0.588235
vt 0.885057 0.594771
vt 0.888889 0.594771
vt 0.885057 0.588235
vt 0.881226 0.594771
vt 0.881226 0.588235
vt 0.877395 0.601307
vt 0.869732 0.601307
vt 0.873563 0.601307
vt 0.865900 0.601307
vt 0.885057 0.601307
vt 0.888889 0.601307
vt 0.881226 0.601307
vt 0.865900 0.594771
vt 0.862069 0.594771
vt 0.892720 0.594771
vt 0.865900 0.627451
vt 0.881226 0.627451
vt 0.873563 0.627451
vt 0.888889 0.627451
vt 0.892720 0.601307
vt 0.862069 0.627451
vt 0.862069 0.601307
vt 0.885057 0.627451
vt 0.869732 0.627451
vt 0.877395 0.627451
vt 0.865900 0.522876
vt 0.869732 0.529412
vt 0.869732 0.522876
vt 0.862069 0.529412
vt 0.865900 0.529412
vt 0.877395 0.522876
vt 0.881226 0.529412
vt 0.881226 0.522876
vt 0.873563 0.522876
vt 0.877395 0.529412
vt 0.873563 0.529412
vt 0.865900 0.535948
vt 0.869732 0.535948
vt 0.881226 0.535948
vt 0.877395 0.535948
vt 0.873563 0.535948
vt 0.885057 0.529412
vt 0.862069 0.535948
vt 0.862069 0.588235
vt 0.892720 0.588235
vt 0.888889 0.535948
vt 0.885057 0.535948
vt 0.881226 0.431373
vt 0.885057 0.437909
vt 0.885057 0.431373
vt 0.877395 0.431373
vt 0.881226 0.437909
vt 0.873563 0.437909
vt 0.877395 0.437909
vt 0.892720 0.431373
vt 0.888889 0.437909
vt 0.892720 0.437909
vt 0.888889 0.431373
vt 0.885057 0.444444
vt 0.881226 0.444444
vt 0.877395 0.444444
vt 0.888889 0.444444
vt 0.892720 0.444444
vt 0.873563 0.431373
vt 0.869732 0.437909
vt 0.873563 0.444444
vt 0.877395 0.418301
vt 0.865900 0.418301
vt 0.862069 0.431373
vt 0.865900 0.431373
vt 0.888889 0.418301
vt 0.873563 0.418301
vt 0.869732 0.431373
vt 0.892720 0.418301
vt 0.881226 0.418301
vt 0.885057 0.418301
vt 0.869732 0.418301
vt 0.869732 0.444444
vt 0.862069 0.444444
vt 0.862069 0.522876
vt 0.892720 0.522876
vt 0.888889 0.522876
vt 0.885057 0.522876
vt 0.149425 0.941176
vt 0.030651 0.882353
vt 0.149425 0.882353
vt 0.149425 0.058824
vt 0.030651 -0.000000
vt 0.149425 0.000000
vt 0.149425 0.117647
vt 0.030651 0.058824
vt 0.149425 0.176471
vt 0.030651 0.117647
vt 0.149425 0.235294
vt 0.030651 0.176471
vt 0.149425 0.294118
vt 0.030651 0.235294
vt 0.149425 0.352941
vt 0.030651 0.294118
vt 0.149425 0.411765
vt 0.030651 0.352941
vt 0.149425 0.470588
vt 0.030651 0.411765
vt 0.030651 0.529412
vt 0.030651 0.470588
vt 0.149425 0.588235
vt 0.149425 0.529412
vt 0.030651 0.647059
vt 0.030651 0.588235
vt 0.149425 0.705882
vt 0.149425 0.647059
vt 0.030651 0.764706
vt 0.030651 0.705882
vt 0.149425 0.823529
vt 0.149425 0.764706
vt 0.030651 0.823529
vt 0.157088 0.647059
vt 0.172414 0.705882
vt 0.157088 0.705882
vt 0.157088 0.176471
vt 0.172414 0.235294
vt 0.157088 0.235294
vt 0.172414 0.764706
vt 0.157088 0.764706
vt 0.172414 0.294118
vt 0.157088 0.294118
vt 0.172414 0.823529
vt 0.157088 0.823529
vt 0.172414 0.352941
vt 0.157088 0.352941
vt 0.172414 0.882353
vt 0.157088 0.882353
vt 0.172414 0.411765
vt 0.157088 0.411765
vt 0.172414 0.941176
vt 0.157088 0.941176
vt 0.157088 0.470588
vt 0.172414 0.529412
vt 0.157088 0.529412
vt 0.172414 0.470588
vt 0.157088 -0.000000
vt 0.172414 0.058824
vt 0.157088 0.058824
vt 0.172414 0.588235
vt 0.157088 0.588235
vt 0.172414 0.117647
vt 0.157088 0.117647
vt 0.172414 0.647059
vt 0.172414 0.176471
vt 0.287356 0.294118
vt 0.272031 0.235294
vt 0.287356 0.235294
vt 0.287356 0.823529
vt 0.272031 0.764706
vt 0.287356 0.764706
vt 0.287356 0.352941
vt 0.272031 0.294118
vt 0.287356 0.882353
vt 0.272031 0.823529
vt 0.287356 0.411765
vt 0.272031 0.352941
vt 0.287356 0.941176
vt 0.272031 0.882353
vt 0.287356 0.529412
vt 0.272031 0.470588
vt 0.287356 0.470588
vt 0.272031 0.411765
vt 0.287356 0.058824
vt 0.272031 0.000000
vt 0.287356 0.000000
vt 0.287356 0.588235
vt 0.272031 0.529412
vt 0.287356 0.117647
vt 0.272031 0.058824
vt 0.287356 0.647059
vt 0.272031 0.588235
vt 0.287356 0.176471
vt 0.272031 0.117647
vt 0.287356 0.705882
vt 0.272031 0.647059
vt 0.272031 0.176471
vt 0.272031 0.705882
vt 0.268199 0.294118
vt 0.176245 0.352941
vt 0.176245 0.294118
vt 0.268199 0.352941
vt 0.176245 0.411765
vt 0.268199 0.411765
vt 0.176245 0.470588
vt 0.268199 0.470588
vt 0.176245 0.529412
vt 0.268199 0.529412
vt 0.176245 0.588235
vt 0.268199 0.588235
vt 0.176245 0.647059
vt 0.268199 0.647059
vt 0.176245 0.705882
vt 0.268199 0.705882
vt 0.176245 0.764706
vt 0.268199 0.764706
vt 0.176245 0.823529
vt 0.268199 0.823529
vt 0.176245 0.882353
vt 0.268199 0.882353
vt 0.176245 0.941176
vt 0.268199 0.000000
vt 0.176245 0.058824
vt 0.176245 0.000000
vt 0.268199 0.058824
vt 0.176245 0.117647
vt 0.268199 0.117647
vt 0.176245 0.176471
vt 0.268199 0.176471
vt 0.176245 0.235294
vt 0.268199 0.235294
vt 0.831418 0.039216
vt 0.708812 -0.000000
vt 0.831418 0.000000
vt 0.831418 0.627451
vt 0.708812 0.588235
vt 0.831418 0.588235
vt 0.708812 0.549020
vt 0.831418 0.549020
vt 0.708812 0.509804
vt 0.831418 0.509804
vt 0.708812 0.470588
vt 0.831418 0.470588
vt 0.708812 0.431373
vt 0.831418 0.431373
vt 0.708812 0.392157
vt 0.831418 0.392157
vt 0.831418 0.313726
vt 0.708812 0.274510
vt 0.831418 0.274510
vt 0.708812 0.352941
vt 0.831418 0.352941
vt 0.708812 0.235294
vt 0.831418 0.235294
vt 0.708812 0.313726
vt 0.708812 0.196078
vt 0.831418 0.196078
vt 0.708812 0.156863
vt 0.831418 0.156863
vt 0.708812 0.117647
vt 0.831418 0.117647
vt 0.708812 0.078431
vt 0.831418 0.078431
vt 0.708812 0.039216
vt 0.854406 0.816993
vt 0.823755 0.823529
vt 0.823755 0.816993
vt 0.938697 0.836601
vt 0.934866 0.830065
vt 0.938697 0.830065
vt 0.938697 0.823529
vt 0.934866 0.823529
vt 0.938697 0.816993
vt 0.938697 0.856209
vt 0.934866 0.849673
vt 0.938697 0.849673
vt 0.938697 0.843137
vt 0.934866 0.843137
vt 0.934866 0.836601
vt 0.931035 0.830065
vt 0.931035 0.816993
vt 0.934866 0.816993
vt 0.931035 0.856209
vt 0.934866 0.856209
vt 0.931035 0.843137
vt 0.931035 0.836601
vt 0.934866 0.862745
vt 0.934866 0.810458
vt 0.854406 0.823529
vt 0.931035 0.823529
vt 0.854406 0.830065
vt 0.854406 0.836601
vt 0.854406 0.843137
vt 0.854406 0.849673
vt 0.931035 0.849673
vt 0.854406 0.856209
vt 0.931035 0.862745
vt 0.854406 0.862745
vt 0.931035 0.810458
vt 0.724138 0.810458
vt 0.823755 0.810458
vt 0.823755 0.836601
vt 0.823755 0.830065
vt 0.823755 0.849673
vt 0.854406 0.810458
vt 0.823755 0.843137
vt 0.823755 0.856209
vt 0.724138 0.823529
vt 0.724138 0.843137
vt 0.823755 0.862745
vt 0.724138 0.856209
vt 0.724138 0.816993
vt 0.724138 0.830065
vt 0.724138 0.836601
vt 0.724138 0.849673
vt 0.854406 0.816993
vt 0.823755 0.823529
vt 0.823755 0.816993
vt 0.938697 0.836601
vt 0.934866 0.830065
vt 0.938697 0.830065
vt 0.938697 0.823529
vt 0.934866 0.823529
vt 0.938697 0.816993
vt 0.938697 0.856209
vt 0.934866 0.849673
vt 0.938697 0.849673
vt 0.938697 0.843137
vt 0.934866 0.836601
vt 0.931035 0.830065
vt 0.931035 0.823529
vt 0.931035 0.816993
vt 0.934866 0.816993
vt 0.931035 0.856209
vt 0.934866 0.856209
vt 0.931035 0.849673
vt 0.934866 0.843137
vt 0.931035 0.836601
vt 0.934866 0.862745
vt 0.934866 0.810458
vt 0.854406 0.823529
vt 0.854406 0.830065
vt 0.854406 0.836601
vt 0.931035 0.843137
vt 0.854406 0.843137
vt 0.854406 0.849673
vt 0.854406 0.856209
vt 0.931035 0.862745
vt 0.854406 0.862745
vt 0.854406 0.810458
vt 0.724138 0.810458
vt 0.823755 0.810458
vt 0.823755 0.836601
vt 0.823755 0.830065
vt 0.823755 0.849673
vt 0.823755 0.843137
vt 0.823755 0.856209
vt 0.724138 0.823529
vt 0.724138 0.843137
vt 0.823755 0.862745
vt 0.724138 0.856209
vt 0.724138 0.816993
vt 0.724138 0.830065
vt 0.724138 0.836601
vt 0.724138 0.849673
vt 0.854406 0.816993
vt 0.823755 0.823529
vt 0.823755 0.816993
vt 0.938697 0.836601
vt 0.934866 0.830065
vt 0.938697 0.830065
vt 0.938697 0.823529
vt 0.934866 0.816993
vt 0.938697 0.816993
vt 0.938697 0.856209
vt 0.934866 0.849673
vt 0.938697 0.849673
vt 0.938697 0.843137
vt 0.934866 0.836601
vt 0.931035 0.830065
vt 0.931035 0.823529
vt 0.934866 0.823529
vt 0.931035 0.816993
vt 0.931035 0.856209
vt 0.934866 0.856209
vt 0.931035 0.843137
vt 0.934866 0.843137
vt 0.934866 0.862745
vt 0.934866 0.810458
vt 0.854406 0.823529
vt 0.854406 0.830065
vt 0.854406 0.836601
vt 0.854406 0.843137
vt 0.854406 0.849673
vt 0.931035 0.849673
vt 0.854406 0.856209
vt 0.931035 0.862745
vt 0.854406 0.862745
vt 0.854406 0.810458
vt 0.724138 0.810458
vt 0.823755 0.810458
vt 0.823755 0.836601
vt 0.823755 0.830065
vt 0.823755 0.849673
vt 0.823755 0.843137
vt 0.823755 0.856209
vt 0.724138 0.823529
vt 0.724138 0.843137
vt 0.823755 0.862745
vt 0.724138 0.856209
vt 0.724138 0.816993
vt 0.724138 0.830065
vt 0.724138 0.836601
vt 0.724138 0.849673
vt 0.854406 0.816993
vt 0.823755 0.823529
vt 0.823755 0.816993
vt 0.938697 0.836601
vt 0.934866 0.830065
vt 0.938697 0.830065
vt 0.938697 0.823529
vt 0.934866 0.823529
vt 0.938697 0.816993
vt 0.938697 0.856209
vt 0.934866 0.849673
vt 0.938697 0.849673
vt 0.938697 0.843137
vt 0.934866 0.843137
vt 0.934866 0.836601
vt 0.931035 0.830065
vt 0.931035 0.823529
vt 0.934866 0.816993
vt 0.931035 0.856209
vt 0.934866 0.856209
vt 0.931035 0.843137
vt 0.931035 0.836601
vt 0.934866 0.862745
vt 0.934866 0.810458
vt 0.931035 0.816993
vt 0.854406 0.823529
vt 0.854406 0.830065
vt 0.854406 0.836601
vt 0.854406 0.843137
vt 0.854406 0.849673
vt 0.931035 0.849673
vt 0.854406 0.856209
vt 0.931035 0.862745
vt 0.854406 0.862745
vt 0.854406 0.810458
vt 0.724138 0.810458
vt 0.823755 0.810458
vt 0.823755 0.836601
vt 0.823755 0.830065
vt 0.823755 0.849673
vt 0.823755 0.843137
vt 0.823755 0.856209
vt 0.724138 0.823529
vt 0.724138 0.843137
vt 0.823755 0.862745
vt 0.724138 0.856209
vt 0.724138 0.816993
vt 0.724138 0.830065
vt 0.724138 0.836601
vt 0.724138 0.849673
vt 0.854406 0.816993
vt 0.823755 0.823529
vt 0.823755 0.816993
vt 0.938697 0.836601
vt 0.934866 0.830065
vt 0.938697 0.830065
vt 0.938697 0.823529
vt 0.934866 0.823529
vt 0.938697 0.816993
vt 0.938697 0.856209
vt 0.934866 0.849673
vt 0.938697 0.849673
vt 0.938697 0.843137
vt 0.934866 0.836601
vt 0.931035 0.830065
vt 0.931035 0.823529
vt 0.934866 0.816993
vt 0.931035 0.856209
vt 0.934866 0.856209
vt 0.931035 0.843137
vt 0.934866 0.843137
vt 0.931035 0.836601
vt 0.934866 0.862745
vt 0.934866 0.810458
vt 0.931035 0.816993
vt 0.854406 0.823529
vt 0.854406 0.830065
vt 0.854406 0.836601
vt 0.854406 0.843137
vt 0.854406 0.849673
vt 0.931035 0.849673
vt 0.854406 0.856209
vt 0.931035 0.862745
vt 0.854406 0.862745
vt 0.854406 0.810458
vt 0.724138 0.810458
vt 0.823755 0.810458
vt 0.823755 0.836601
vt 0.823755 0.830065
vt 0.823755 0.849673
vt 0.823755 0.843137
vt 0.823755 0.856209
vt 0.724138 0.823529
vt 0.724138 0.843137
vt 0.823755 0.862745
vt 0.724138 0.856209
vt 0.724138 0.816993
vt 0.724138 0.830065
vt 0.724138 0.836601
vt 0.724138 0.849673
vt 0.854406 0.816993
vt 0.823755 0.823529
vt 0.823755 0.816993
vt 0.938697 0.836601
vt 0.934866 0.830065
vt 0.938697 0.830065
vt 0.938697 0.823529
vt 0.934866 0.823529
vt 0.938697 0.816993
vt 0.938697 0.856209
vt 0.934866 0.849673
vt 0.938697 0.849673
vt 0.938697 0.843137
vt 0.934866 0.843137
vt 0.931035 0.836601
vt 0.934866 0.836601
vt 0.931035 0.830065
vt 0.931035 0.823529
vt 0.934866 0.816993
vt 0.931035 0.856209
vt 0.934866 0.856209
vt 0.931035 0.849673
vt 0.931035 0.843137
vt 0.934866 0.862745
vt 0.934866 0.810458
vt 0.931035 0.816993
vt 0.854406 0.823529
vt 0.854406 0.830065
vt 0.854406 0.836601
vt 0.854406 0.843137
vt 0.854406 0.849673
vt 0.854406 0.856209
vt 0.931035 0.862745
vt 0.854406 0.862745
vt 0.854406 0.810458
vt 0.724138 0.810458
vt 0.823755 0.810458
vt 0.823755 0.836601
vt 0.823755 0.830065
vt 0.823755 0.849673
vt 0.823755 0.843137
vt 0.823755 0.856209
vt 0.724138 0.823529
vt 0.724138 0.843137
vt 0.823755 0.862745
vt 0.724138 0.856209
vt 0.724138 0.816993
vt 0.724138 0.836601
vt 0.724138 0.830065
vt 0.724138 0.849673
vt 0.854406 0.816993
vt 0.823755 0.823529
vt 0.823755 0.816993
vt 0.934866 0.836601
vt 0.938697 0.830065
vt 0.938697 0.836601
vt 0.934866 0.830065
vt 0.938697 0.823529
vt 0.934866 0.816993
vt 0.938697 0.816993
vt 0.938697 0.856209
vt 0.934866 0.849673
vt 0.938697 0.849673
vt 0.938697 0.843137
vt 0.931035 0.830065
vt 0.934866 0.823529
vt 0.931035 0.823529
vt 0.931035 0.856209
vt 0.934866 0.856209
vt 0.931035 0.843137
vt 0.934866 0.843137
vt 0.931035 0.836601
vt 0.934866 0.862745
vt 0.934866 0.810458
vt 0.931035 0.816993
vt 0.854406 0.823529
vt 0.854406 0.830065
vt 0.854406 0.836601
vt 0.854406 0.843137
vt 0.854406 0.849673
vt 0.931035 0.849673
vt 0.854406 0.856209
vt 0.931035 0.862745
vt 0.854406 0.862745
vt 0.854406 0.810458
vt 0.823755 0.810458
vt 0.724138 0.816993
vt 0.724138 0.810458
vt 0.823755 0.836601
vt 0.823755 0.830065
vt 0.823755 0.849673
vt 0.823755 0.843137
vt 0.823755 0.856209
vt 0.724138 0.823529
vt 0.724138 0.843137
vt 0.823755 0.862745
vt 0.724138 0.856209
vt 0.724138 0.830065
vt 0.724138 0.836601
vt 0.724138 0.849673
vt 0.432950 0.869281
vt 0.463602 0.888889
vt 0.432950 0.888889
vt 0.463602 0.908497
vt 0.432950 0.908497
vt 0.432950 0.928105
vt 0.463602 0.947712
vt 0.432950 0.947712
vt 0.432950 0.810458
vt 0.463602 0.830065
vt 0.432950 0.830065
vt 0.432950 0.810458
vt 0.463602 0.830065
vt 0.432950 0.830065
vt 0.432950 0.928105
vt 0.463602 0.947712
vt 0.432950 0.947712
vt 0.432950 0.888889
vt 0.463602 0.908497
vt 0.432950 0.908497
vt 0.432950 0.869281
vt 0.463602 0.888889
vt 0.463602 0.849673
vt 0.432950 0.849673
vt 0.463602 0.967320
vt 0.432950 0.967320
vt 0.463602 0.928105
vt 0.463602 0.869281
vt 0.432950 0.849673
vt 0.463602 0.869281
vt 0.432950 0.869281
vt 0.432950 0.908497
vt 0.463602 0.928105
vt 0.432950 0.928105
vt 0.432950 0.947712
vt 0.463602 0.967320
vt 0.432950 0.967320
vt 0.432950 0.830065
vt 0.463602 0.849673
vt 0.463602 0.888889
vt 0.432950 0.888889
vt 0.463602 0.908497
vt 0.463602 0.947712
vt 0.432950 0.810458
vt 0.463602 0.830065
vt 0.463602 0.849673
vt 0.432950 0.849673
vt 0.463602 0.967320
vt 0.432950 0.967320
vt 0.463602 0.928105
vt 0.463602 0.869281
vt 0.432950 0.849673
vt 0.463602 0.869281
vt 0.432950 0.869281
vt 0.432950 0.908497
vt 0.463602 0.928105
vt 0.432950 0.928105
vt 0.432950 0.947712
vt 0.463602 0.967320
vt 0.432950 0.967320
vt 0.432950 0.830065
vt 0.463602 0.849673
vt 0.463602 0.888889
vt 0.432950 0.888889
vt 0.463602 0.908497
vt 0.463602 0.947712
vt 0.432950 0.810458
vt 0.463602 0.830065
vt 0.386973 0.117647
vt 0.295019 0.078431
vt 0.386973 0.078431
vt 0.386973 0.039216
vt 0.295019 0.039216
vt 0.295019 -0.000000
vt 0.386973 -0.000000
vt 0.386973 0.627451
vt 0.295019 0.588235
vt 0.386973 0.588235
vt 0.295019 0.549020
vt 0.386973 0.549020
vt 0.295019 0.509804
vt 0.386973 0.509804
vt 0.295019 0.470588
vt 0.386973 0.470588
vt 0.386973 0.431373
vt 0.295019 0.431373
vt 0.295019 0.392157
vt 0.386973 0.392157
vt 0.295019 0.352941
vt 0.386973 0.352941
vt 0.295019 0.313726
vt 0.386973 0.313726
vt 0.295019 0.274510
vt 0.386973 0.274510
vt 0.386973 0.235294
vt 0.295019 0.235294
vt 0.295019 0.196078
vt 0.386973 0.196078
vt 0.386973 0.156863
vt 0.295019 0.156863
vt 0.295019 0.117647
vt 0.000000 0.588235
vt 0.030651 0.529412
vt 0.000000 0.529412
vt 0.000000 0.117647
vt 0.030651 0.058824
vt 0.000000 0.058824
vt 0.000000 0.647059
vt 0.030651 0.588235
vt 0.000000 0.176471
vt 0.030651 0.117647
vt -0.000000 0.705882
vt 0.030651 0.647059
vt 0.000000 0.235294
vt 0.030651 0.176471
vt 0.000000 0.764706
vt 0.030651 0.705882
vt 0.000000 0.294118
vt 0.030651 0.235294
vt 0.000000 0.823529
vt 0.030651 0.764706
vt 0.000000 0.352941
vt 0.030651 0.294118
vt 0.000000 0.882353
vt 0.030651 0.823529
vt 0.000000 0.411765
vt 0.030651 0.352941
vt 0.000000 0.941176
vt 0.030651 0.882353
vt 0.030651 0.470588
vt 0.000000 0.470588
vt 0.030651 0.411765
vt 0.030651 -0.000000
vt -0.000000 -0.000000
vt 0.149425 0.941176
vt 0.616858 0.117647
vt 0.616858 -0.000000
vt 0.616858 0.588235
vt 0.616858 0.470588
vt 0.586207 -0.000000
vt 0.386973 0.627451
vt 0.616858 0.627451
vt 0.831418 0.418301
vt 0.030651 0.941176
vt 0.724138 0.862745
vt 0.831418 0.418301
vt 0.862069 0.470588
vt 0.892720 0.627451
vt 0.892720 0.444444
vt 0.862069 0.418301
vt 0.831418 0.418301
vt 0.862069 0.470588
vt 0.892720 0.627451
vt 0.892720 0.535948
vt 0.862069 0.418301
vt 0.865900 0.444444
vt 0.030651 0.941176
vt 0.172414 0.000000
vt 0.272031 0.941176
vt 0.268199 0.941176
vt 0.708812 0.627451
vt 0.724138 0.862745
vt 0.931035 0.810458
vt 0.724138 0.862745
vt 0.931035 0.836601
vt 0.931035 0.810458
vt 0.724138 0.862745
vt 0.931035 0.810458
vt 0.724138 0.862745
vt 0.931035 0.810458
vt 0.724138 0.862745
vt 0.931035 0.810458
vt 0.724138 0.862745
vt 0.931035 0.810458
vt 0.724138 0.862745
vt 0.463602 0.810458
vt 0.463602 0.810458
vt 0.463602 0.810458
vt 0.463602 0.810458
vt 0.295019 0.627451
vt 0.030651 0.941176
vn 0.0000 0.0000 1.0000
vn 0.0000 0.0000 -1.0000
vn 0.0000 -1.0000 0.0000
vn 0.0000 1.0000 0.0000
vn -1.0000 0.0000 0.0000
vn 1.0000 0.0000 0.0000
vn -0.5000 -0.8660 0.0000
vn 0.5000 0.8660 0.0000
vn -0.8660 0.5000 0.0000
vn 0.8660 -0.5000 0.0000
vn -0.8660 -0.5000 0.0000
vn 0.8660 0.5000 0.0000
vn -0.5000 0.8660 0.0000
vn 0.5000 -0.8660 0.0000
vn -0.7071 0.7071 0.0000
vn 0.7071 0.7071 0.0000
vn 0.1303 0.3145 0.9402
vn 0.5000 0.5000 0.7071
vn 0.2407 0.2407 0.9402
vn 0.6533 0.2706 0.7071
vn 0.3145 0.1303 0.9402
vn 0.7071 0.0000 0.7071
vn 0.3404 0.0000 0.9402
vn 0.6533 -0.2706 0.7071
vn 0.3145 -0.1303 0.9402
vn 0.5000 -0.5000 0.7071
vn 0.2407 -0.2407 0.9402
vn 0.2706 -0.6533 0.7071
vn 0.1303 -0.3145 0.9402
vn 0.0000 -0.7071 0.7071
vn 0.0000 -0.3404 0.9402
vn -0.2706 -0.6533 0.7071
vn -0.1303 -0.3145 0.9402
vn -0.2407 -0.2407 0.9402
vn -0.5000 -0.5000 0.7071
vn -0.3145 -0.1303 0.9402
vn -0.6533 -0.2706 0.7071
vn -0.3404 0.0000 0.9402
vn -0.7071 0.0000 0.7071
vn -0.3145 0.1303 0.9402
vn -0.6533 0.2706 0.7071
vn -0.2407 0.2407 0.9402
vn -0.5000 0.5000 0.7071
vn -0.1303 0.3145 0.9402
vn -0.2706 0.6533 0.7071
vn 0.0000 0.3404 0.9402
vn 0.0000 0.7071 0.7071
vn 0.2706 0.6533 0.7071
vn 0.9701 0.0000 0.2425
vn 0.8963 0.3713 0.2425
vn 0.8963 -0.3712 0.2425
vn 0.6860 -0.6860 0.2425
vn 0.3712 -0.8963 0.2425
vn 0.0000 -0.9701 0.2425
vn -0.3713 -0.8963 0.2425
vn -0.6860 -0.6860 0.2425
vn -0.8963 -0.3713 0.2425
vn -0.9701 0.0000 0.2425
vn -0.8963 -0.3712 0.2425
vn -0.8963 0.3713 0.2425
vn -0.6860 0.6860 0.2425
vn -0.3712 0.8963 0.2425
vn 0.0000 0.9701 0.2425
vn 0.3712 0.8963 0.2425
vn 0.6860 0.6860 0.2425
vn -0.9239 0.3827 0.0000
vn 0.3827 0.9239 0.0000
vn -0.3827 0.9239 0.0000
vn 0.9239 0.3827 0.0000
vn 0.9239 -0.3827 0.0000
vn 0.7071 -0.7071 0.0000
vn 0.3827 -0.9239 0.0000
vn -0.3827 -0.9239 0.0000
vn -0.7071 -0.7071 0.0000
vn -0.9239 -0.3827 0.0000
vn 0.2482 -0.5993 -0.7610
vn 0.6794 -0.6794 -0.2770
vn 0.3677 -0.8877 -0.2770
vn -0.6794 0.6794 -0.2770
vn -0.5993 0.2482 -0.7610
vn -0.8877 0.3677 -0.2770
vn 0.5993 -0.2482 -0.7610
vn 0.8877 -0.3677 -0.2770
vn -0.9608 0.0000 -0.2770
vn 0.6487 0.0000 -0.7610
vn 0.9608 0.0000 -0.2770
vn -0.6487 0.0000 -0.7610
vn -0.8877 -0.3677 -0.2770
vn 0.8877 0.3677 -0.2770
vn -0.4587 -0.4587 -0.7610
vn -0.6794 -0.6794 -0.2770
vn 0.5993 0.2482 -0.7610
vn 0.6794 0.6794 -0.2770
vn -0.2482 -0.5993 -0.7610
vn -0.3677 -0.8877 -0.2770
vn 0.2482 0.5993 -0.7610
vn 0.3677 0.8877 -0.2770
vn 0.0000 -0.9608 -0.2770
vn 0.0000 0.9608 -0.2770
vn -0.2482 0.5993 -0.7610
vn -0.3677 0.8877 -0.2770
vn 0.0000 -0.6487 -0.7610
vn -0.4587 0.4587 -0.7610
vn 0.0000 0.6487 -0.7610
vn 0.4587 0.4587 -0.7610
vn -0.5993 -0.2482 -0.7610
vn 0.4587 -0.4587 -0.7610
vn 0.4060 -0.9098 -0.0852
vn 0.9138 -0.4060 -0.0074
vn 0.3675 -0.9257 -0.0887
vn 0.2677 0.6544 -0.7071
vn 0.6982 0.0343 -0.7150
vn 0.1449 0.3542 -0.9239
vn 0.8141 0.2389 -0.5293
vn 0.9355 -0.3403 -0.0948
vn 0.9467 -0.3148 -0.0670
vn 0.5778 -0.5185 0.6303
vn -0.7755 0.0352 0.6303
vn -0.8960 0.4390 -0.0670
vn -0.9058 0.4130 -0.0948
vn -0.4132 0.7410 -0.5293
vn -0.4740 0.5139 -0.7150
vn 0.9012 0.4085 -0.1447
vn 0.4171 -0.8986 0.1363
vn 0.5261 -0.7141 0.4617
vn -0.9273 -0.3485 0.1363
vn -0.8758 -0.1406 0.4617
vn -0.3564 0.9230 -0.1447
vn 0.3720 0.9093 -0.1866
vn -0.3714 -0.9079 0.1944
vn 0.9363 -0.3510 0.0074
vn 0.9422 -0.3344 -0.0196
vn 0.9110 0.4027 0.0887
vn 0.3760 0.9190 0.1187
vn -0.3675 0.9257 0.0887
vn -0.9138 0.4060 0.0074
vn -0.9064 0.4219 -0.0196
vn -0.9273 -0.3644 -0.0852
vn -0.3756 -0.9181 -0.1259
vn -0.3786 -0.9255 0.0000
vn -0.3760 -0.9190 -0.1187
vn 0.3756 0.9181 0.1259
vn 0.9273 0.3644 0.0852
vn -0.9363 0.3510 -0.0074
vn -0.4060 0.9098 0.0852
vn -0.9110 -0.4027 -0.0887
vn 0.9255 -0.3786 0.0000
vn -0.3867 0.9222 0.0000
vn -0.9222 -0.3867 0.0000
vn 0.3867 -0.9222 0.0000
vn 0.9222 0.3867 0.0000
vn 0.3786 0.9255 0.0000
vn -0.9255 0.3786 0.0000
vn 0.7194 0.1447 0.6794
vn 0.9824 0.1866 0.0000
vn 0.5293 0.5293 0.6630
vn 0.0473 0.0196 0.9987
vn 0.0670 0.0670 0.9955
vn -0.6737 -0.1363 0.7263
vn -0.6737 -0.1363 -0.7263
vn 0.0670 0.0670 -0.9955
vn 0.0473 0.0196 -0.9987
vn 0.5293 0.5293 -0.6630
vn 0.7194 0.1447 -0.6794
vn 0.1447 0.7194 0.6794
vn 0.0196 0.0473 0.9987
vn -0.4617 -0.4617 0.7573
vn -0.4617 -0.4617 -0.7573
vn 0.0196 0.0473 -0.9987
vn 0.1447 0.7194 -0.6794
vn -0.1363 -0.6737 0.7263
vn -0.1363 -0.6737 -0.7263
vn -0.7071 0.0000 -0.7071
vn 0.7071 0.0000 -0.7071
vn 0.0000 0.7071 -0.7071
vn 0.1866 0.9824 0.0000
vn 0.0000 -0.7071 -0.7071
vn -0.6794 -0.7194 0.1447
vn 0.0000 -0.9824 0.1866
vn -0.9955 -0.0670 0.0670
vn -0.9987 -0.0473 0.0196
vn -0.7573 0.4617 -0.4617
vn -0.7263 0.6737 -0.1363
vn 0.7573 0.4617 -0.4617
vn 0.9987 -0.0473 0.0196
vn 0.7263 0.6737 -0.1363
vn 0.9955 -0.0670 0.0670
vn 0.6794 -0.7194 0.1447
vn -0.6794 -0.1447 0.7194
vn -0.6630 -0.5293 0.5293
vn -0.9987 -0.0196 0.0473
vn 0.7263 0.1363 -0.6737
vn 0.9987 -0.0196 0.0473
vn 0.6630 -0.5293 0.5293
vn 0.0000 -0.1866 0.9824
vn -0.7263 0.1363 -0.6737
vn 0.6794 -0.1447 0.7194
vn 0.0000 0.1866 -0.9824
vn 0.6630 0.5293 -0.5293
vn 0.6794 0.1447 -0.7194
vn 0.9987 0.0196 -0.0473
vn 0.7573 -0.4617 0.4617
vn 0.7263 -0.1363 0.6737
vn -0.7573 -0.4617 0.4617
vn -0.9987 0.0196 -0.0473
vn -0.7263 -0.1363 0.6737
vn -0.9955 0.0670 -0.0670
vn -0.6794 0.1447 -0.7194
vn -0.6630 0.5293 -0.5293
vn 0.6794 0.7194 -0.1447
vn 0.9955 0.0670 -0.0670
vn 0.9987 0.0473 -0.0196
vn -0.9987 0.0473 -0.0196
vn -0.6794 0.7194 -0.1447
vn 0.0000 0.9824 -0.1866
vn 0.7263 -0.6737 0.1363
vn -0.7263 -0.6737 0.1363
vn -0.7194 0.1447 0.6794
vn -0.9824 0.1866 0.0000
vn -0.0473 0.0196 0.9987
vn -0.5293 0.5293 0.6630
vn 0.6737 -0.1363 0.7263
vn -0.0670 0.0670 0.9955
vn 0.6737 -0.1363 -0.7263
vn -0.0670 0.0670 -0.9955
vn 0.4617 -0.4617 -0.7573
vn -0.0473 0.0196 -0.9987
vn -0.5293 0.5293 -0.6630
vn -0.7194 0.1447 -0.6794
vn -0.1447 0.7194 0.6794
vn -0.1866 0.9824 0.0000
vn -0.0196 0.0473 0.9987
vn 0.1363 -0.6737 0.7263
vn -0.0196 0.0473 -0.9987
vn 0.1363 -0.6737 -0.7263
vn -0.1447 0.7194 -0.6794
vn 0.4617 -0.4617 0.7573
vn 0.9239 -0.2706 0.2706
vn -0.0455 0.7064 -0.7064
vn 0.9859 -0.0639 0.1543
vn 0.9859 0.0639 -0.1543
vn 0.9239 0.2706 -0.2706
vn 0.9859 0.1543 -0.0639
vn -0.0455 -0.7064 0.7064
vn 0.9859 -0.1543 0.0639
vn -0.4060 0.9098 -0.0852
vn -0.9138 0.4060 -0.0074
vn -0.3675 0.9257 -0.0887
vn -0.1449 -0.3542 -0.9239
vn -0.8141 -0.2389 -0.5293
vn -0.6982 -0.0343 -0.7150
vn -0.9355 0.3403 -0.0948
vn -0.9467 0.3148 -0.0670
vn -0.5778 0.5185 0.6303
vn 0.7755 -0.0352 0.6303
vn 0.8960 -0.4390 -0.0670
vn 0.9058 -0.4130 -0.0948
vn 0.4740 -0.5139 -0.7150
vn 0.4132 -0.7410 -0.5293
vn -0.2677 -0.6544 -0.7071
vn -0.9012 -0.4085 -0.1447
vn -0.4171 0.8986 0.1363
vn -0.5261 0.7141 0.4617
vn 0.9273 0.3485 0.1363
vn 0.8758 0.1406 0.4617
vn 0.3564 -0.9230 -0.1447
vn -0.3720 -0.9093 -0.1866
vn 0.3714 0.9079 0.1944
vn -0.9363 0.3510 0.0074
vn -0.9422 0.3344 -0.0196
vn -0.9110 -0.4027 0.0887
vn -0.3760 -0.9190 0.1187
vn 0.3675 -0.9257 0.0887
vn 0.9138 -0.4060 0.0074
vn 0.9064 -0.4219 -0.0196
vn 0.9273 0.3644 -0.0852
vn 0.3756 0.9181 -0.1259
vn 0.3760 0.9190 -0.1187
vn -0.3756 -0.9181 0.1259
vn -0.9273 -0.3644 0.0852
vn 0.9363 -0.3510 -0.0074
vn 0.4060 -0.9098 0.0852
vn 0.9110 0.4027 -0.0887
vn -0.9098 -0.4060 -0.0852
vn -0.4060 -0.9138 -0.0074
vn -0.9257 -0.3675 -0.0887
vn 0.3542 -0.1449 -0.9239
vn 0.2389 -0.8141 -0.5293
vn 0.0343 -0.6982 -0.7150
vn -0.3403 -0.9355 -0.0948
vn -0.3148 -0.9467 -0.0670
vn -0.5185 -0.5778 0.6303
vn 0.0352 0.7755 0.6303
vn 0.4390 0.8960 -0.0670
vn 0.4130 0.9058 -0.0948
vn 0.5139 0.4740 -0.7150
vn 0.6544 -0.2677 -0.7071
vn 0.4085 -0.9012 -0.1447
vn -0.3344 -0.9422 -0.0196
vn -0.8986 -0.4171 0.1363
vn -0.7141 -0.5261 0.4617
vn -0.3485 0.9273 0.1363
vn -0.1406 0.8758 0.4617
vn 0.4219 0.9064 -0.0196
vn 0.7410 0.4132 -0.5293
vn 0.9093 -0.3720 -0.1866
vn -0.9079 0.3714 0.1944
vn -0.3510 -0.9363 0.0074
vn 0.4027 -0.9110 0.0887
vn 0.9190 -0.3760 0.1187
vn 0.9230 0.3564 -0.1447
vn 0.9257 0.3675 0.0887
vn 0.4060 0.9138 0.0074
vn -0.3644 0.9273 -0.0852
vn -0.9181 0.3756 -0.1259
vn -0.9190 0.3760 -0.1187
vn 0.9181 -0.3756 0.1259
vn 0.3644 -0.9273 0.0852
vn 0.3510 0.9363 -0.0074
vn 0.9098 0.4060 0.0852
vn -0.4027 0.9110 -0.0887
vn 0.9098 0.4060 -0.0852
vn 0.4060 0.9138 -0.0074
vn 0.9257 0.3675 -0.0887
vn -0.3542 0.1449 -0.9239
vn -0.2389 0.8141 -0.5293
vn -0.0343 0.6982 -0.7150
vn 0.3403 0.9355 -0.0948
vn 0.7141 0.5261 0.4617
vn 0.5185 0.5778 0.6303
vn -0.0351 -0.7755 0.6303
vn -0.4390 -0.8960 -0.0670
vn -0.4130 -0.9058 -0.0948
vn -0.5139 -0.4740 -0.7150
vn -0.6544 0.2677 -0.7071
vn -0.4085 0.9012 -0.1447
vn 0.3344 0.9422 -0.0196
vn 0.3149 0.9467 -0.0670
vn 0.8986 0.4171 0.1363
vn 0.3485 -0.9273 0.1363
vn 0.1406 -0.8758 0.4617
vn -0.9230 -0.3564 -0.1447
vn -0.7410 -0.4132 -0.5293
vn 0.9079 -0.3714 0.1944
vn 0.3510 0.9363 0.0074
vn -0.4027 0.9110 0.0887
vn -0.9190 0.3760 0.1187
vn -0.9257 -0.3675 0.0887
vn -0.4060 -0.9138 0.0074
vn -0.4219 -0.9064 -0.0196
vn 0.3644 -0.9273 -0.0852
vn 0.9181 -0.3756 -0.1259
vn 0.9190 -0.3760 -0.1187
vn -0.9181 0.3756 0.1259
vn -0.3644 0.9273 0.0852
vn -0.3510 -0.9363 -0.0074
vn -0.9098 -0.4060 0.0852
vn 0.4027 -0.9110 -0.0887
vn -0.3563 -0.9305 -0.0852
vn 0.3591 -0.9333 -0.0074
vn -0.3947 -0.9145 -0.0887
vn 0.3529 0.1480 -0.9239
vn 0.7445 -0.4067 -0.5293
vn 0.5180 -0.4694 -0.7150
vn 0.4209 -0.9021 -0.0948
vn 0.4468 -0.8921 -0.0670
vn 0.0419 -0.7752 0.6303
vn -0.5235 0.5732 0.6303
vn -0.3231 0.9440 -0.0670
vn -0.3484 0.9325 -0.0948
vn 0.0282 0.6985 -0.7150
vn 0.2318 0.8161 -0.5293
vn 0.6521 0.2734 -0.7071
vn 0.9261 -0.3483 -0.1447
vn 0.4298 -0.9027 -0.0196
vn -0.1329 -0.8770 0.4617
vn -0.9022 0.4093 0.1363
vn -0.7187 0.5199 0.4617
vn 0.4006 0.9047 -0.1447
vn 0.9060 0.3799 -0.1866
vn -0.9046 -0.3793 0.1944
vn -0.3404 -0.9303 0.1363
vn 0.4139 -0.9103 0.0074
vn 0.9289 -0.3594 0.0887
vn 0.9157 0.3840 0.1187
vn 0.3947 0.9145 0.0887
vn -0.3591 0.9333 0.0074
vn -0.3426 0.9393 -0.0196
vn -0.9134 0.3981 -0.0852
vn -0.9149 -0.3836 -0.1259
vn -0.9157 -0.3840 -0.1187
vn 0.9149 0.3836 0.1259
vn 0.9134 -0.3981 0.0852
vn -0.4139 0.9103 -0.0074
vn 0.3562 0.9305 0.0852
vn -0.9289 0.3594 -0.0887
vn 0.3562 0.9305 -0.0852
vn -0.3591 0.9333 -0.0074
vn 0.3947 0.9145 -0.0887
vn -0.3529 -0.1480 -0.9239
vn -0.7445 0.4067 -0.5293
vn -0.5180 0.4694 -0.7150
vn -0.4209 0.9021 -0.0948
vn -0.4468 0.8921 -0.0670
vn -0.0419 0.7752 0.6303
vn 0.5235 -0.5732 0.6303
vn 0.3231 -0.9440 -0.0670
vn 0.3484 -0.9325 -0.0948
vn -0.0282 -0.6985 -0.7150
vn -0.6521 -0.2734 -0.7071
vn -0.9261 0.3483 -0.1447
vn -0.4298 0.9027 -0.0196
vn 0.1329 0.8770 0.4617
vn 0.9022 -0.4093 0.1363
vn 0.7187 -0.5199 0.4617
vn -0.4006 -0.9047 -0.1447
vn -0.2318 -0.8161 -0.5293
vn -0.9060 -0.3799 -0.1866
vn 0.9046 0.3793 0.1944
vn 0.3404 0.9303 0.1363
vn -0.4139 0.9103 0.0074
vn -0.9289 0.3594 0.0887
vn -0.9157 -0.3840 0.1187
vn -0.3947 -0.9145 0.0887
vn 0.3591 -0.9333 0.0074
vn 0.3426 -0.9393 -0.0196
vn 0.9134 -0.3981 -0.0852
vn 0.9149 0.3836 -0.1259
vn 0.9157 0.3840 -0.1187
vn -0.9149 -0.3836 0.1259
vn -0.9134 0.3981 0.0852
vn 0.4139 -0.9103 -0.0074
vn -0.3562 -0.9305 0.0852
vn 0.9289 -0.3594 -0.0887
vn -0.9305 0.3562 -0.0852
vn -0.9333 -0.3591 -0.0074
vn -0.9145 0.3947 -0.0887
vn 0.1480 -0.3529 -0.9239
vn -0.4067 -0.7445 -0.5293
vn -0.4694 -0.5180 -0.7150
vn -0.9021 -0.4209 -0.0948
vn -0.8921 -0.4468 -0.0670
vn -0.7752 -0.0419 0.6303
vn 0.5732 0.5235 0.6303
vn 0.9440 0.3231 -0.0670
vn 0.9325 0.3485 -0.0948
vn 0.6985 -0.0282 -0.7150
vn 0.8161 -0.2318 -0.5293
vn 0.3799 -0.9060 -0.1866
vn 0.2734 -0.6521 -0.7071
vn -0.3483 -0.9261 -0.1447
vn -0.9027 -0.4298 -0.0196
vn -0.8770 0.1329 0.4617
vn 0.4093 0.9022 0.1363
vn 0.5199 0.7187 0.4617
vn 0.9393 0.3426 -0.0196
vn 0.9047 -0.4006 -0.1447
vn -0.3793 0.9046 0.1944
vn -0.9303 0.3404 0.1363
vn -0.9103 -0.4139 0.0074
vn -0.3594 -0.9289 0.0887
vn 0.3840 -0.9157 0.1187
vn 0.9145 -0.3947 0.0887
vn 0.9333 0.3591 0.0074
vn 0.3981 0.9134 -0.0852
vn -0.3836 0.9149 -0.1259
vn -0.3840 0.9157 -0.1187
vn 0.3836 -0.9149 0.1259
vn -0.3981 -0.9134 0.0852
vn 0.9103 0.4139 -0.0074
vn 0.9305 -0.3562 0.0852
vn 0.3594 0.9289 -0.0887
vn 0.9305 -0.3562 -0.0852
vn 0.9333 0.3591 -0.0074
vn 0.9145 -0.3948 -0.0887
vn -0.2734 0.6521 -0.7071
vn 0.4694 0.5180 -0.7150
vn -0.1480 0.3529 -0.9239
vn 0.4067 0.7445 -0.5293
vn 0.9021 0.4209 -0.0948
vn 0.8770 -0.1329 0.4617
vn 0.7752 0.0419 0.6303
vn -0.5732 -0.5235 0.6303
vn -0.9440 -0.3231 -0.0670
vn -0.9325 -0.3484 -0.0948
vn -0.6985 0.0282 -0.7150
vn 0.3483 0.9261 -0.1447
vn 0.8921 0.4468 -0.0670
vn 0.9027 0.4298 -0.0196
vn -0.4093 -0.9022 0.1363
vn -0.5199 -0.7187 0.4617
vn -0.9047 0.4006 -0.1447
vn -0.8161 0.2318 -0.5293
vn -0.3799 0.9060 -0.1866
vn 0.3793 -0.9046 0.1944
vn 0.9303 -0.3404 0.1363
vn 0.9103 0.4139 0.0074
vn 0.3594 0.9289 0.0887
vn -0.3840 0.9157 0.1187
vn -0.9145 0.3947 0.0887
vn -0.9333 -0.3591 0.0074
vn -0.9393 -0.3426 -0.0196
vn -0.3981 -0.9134 -0.0852
vn 0.3836 -0.9149 -0.1259
vn 0.3840 -0.9157 -0.1187
vn -0.3836 0.9149 0.1259
vn 0.3981 0.9134 0.0852
vn -0.9103 -0.4139 -0.0074
vn -0.9305 0.3562 0.0852
vn -0.3594 -0.9289 -0.0887
vn -0.9113 0.3775 0.1644
vn -0.6975 0.6975 0.1644
vn -0.3775 0.9113 0.1644
vn 0.0000 0.9864 0.1644
vn 0.3775 0.9113 0.1644
vn 0.6975 0.6975 0.1644
vn 0.9113 0.3775 0.1644
vn 0.9864 0.0000 0.1644
vn 0.9113 -0.3775 0.1644
vn 0.6975 -0.6975 0.1644
vn 0.3775 -0.9113 0.1644
vn 0.0000 -0.9864 0.1644
vn -0.3775 -0.9113 0.1644
vn -0.6975 -0.6975 0.1644
vn -0.9113 -0.3775 0.1644
vn -0.9864 0.0000 0.1644
vn 0.8963 -0.3713 0.2425
vn -0.9093 0.3720 -0.1866
o Afterburner
usemtl hbm
s off
f 895/917/374 890/918/374 891/919/374
f 887/920/375 891/921/375 890/922/375
f 883/923/376 884/924/376 882/925/376
f 884/924/375 891/921/375 886/926/375
f 885/927/377 883/923/377 887/928/377
f 884/924/378 886/929/378 882/925/378
f 891/930/377 893/931/377 895/917/377
f 885/927/375 889/932/375 884/924/375
f 885/927/375 890/922/375 888/933/375
f 892/934/375 895/917/375 893/931/375
f 888/935/379 893/931/379 889/936/379
f 890/937/378 892/934/378 888/938/378
f 901/939/377 899/940/377 903/941/377
f 903/942/380 898/943/380 902/944/380
f 899/940/375 896/945/375 898/943/375
f 906/946/375 901/947/375 903/948/375
f 906/946/375 902/949/375 907/950/375
f 900/951/378 898/943/378 896/945/378
f 907/950/377 905/952/377 909/953/377
f 906/946/378 908/954/378 904/955/378
f 907/950/375 900/956/375 905/957/375
f 908/954/381 907/950/381 909/953/381
f 904/958/375 900/956/375 901/947/375
f 896/945/382 901/959/382 900/960/382
f 923/961/377 918/962/377 919/963/377
f 915/964/375 919/965/375 918/966/375
f 911/967/383 912/968/383 910/969/383
f 912/968/375 919/965/375 914/970/375
f 913/971/382 911/967/382 915/972/382
f 912/968/374 914/973/374 910/969/374
f 919/974/382 921/975/382 923/961/382
f 913/971/375 917/976/375 912/968/375
f 913/971/375 918/966/375 916/977/375
f 920/978/375 923/961/375 921/975/375
f 916/979/384 921/975/384 917/980/384
f 918/981/374 920/978/374 916/982/374
f 929/983/382 927/984/382 931/985/382
f 931/986/385 926/987/385 930/988/385
f 927/984/375 924/989/375 926/987/375
f 934/990/375 929/991/375 931/992/375
f 934/990/375 930/993/375 935/994/375
f 928/995/374 926/987/374 924/989/374
f 935/994/382 933/996/382 937/997/382
f 934/990/374 936/998/374 932/999/374
f 935/994/375 928/1000/375 933/1001/375
f 936/998/386 935/994/386 937/997/386
f 932/1002/375 928/1000/375 929/991/375
f 924/989/378 929/1003/378 928/1004/378
f 951/1005/387 946/1006/387 947/1007/387
f 943/1008/375 947/1009/375 946/1010/375
f 939/1011/388 940/1012/388 938/1013/388
f 940/1012/375 947/1009/375 942/1014/375
f 941/1015/389 939/1011/389 943/1016/389
f 940/1012/390 942/1017/390 938/1013/390
f 947/1018/389 949/1019/389 951/1005/389
f 940/1012/375 944/1020/375 945/1021/375
f 941/1015/375 946/1010/375 944/1020/375
f 949/1019/375 950/1022/375 951/1005/375
f 944/1023/391 949/1019/391 945/1024/391
f 946/1025/390 948/1026/390 944/1027/390
f 957/1028/389 955/1029/389 959/1030/389
f 959/1031/392 954/1032/392 958/1033/392
f 954/1032/375 953/1034/375 952/1035/375
f 962/1036/375 957/1037/375 959/1038/375
f 963/1039/375 959/1038/375 958/1040/375
f 956/1041/390 954/1032/390 952/1035/390
f 963/1039/389 961/1042/389 965/1043/389
f 962/1036/390 964/1044/390 960/1045/390
f 963/1039/375 956/1046/375 961/1047/375
f 964/1044/393 963/1039/393 965/1043/393
f 960/1048/375 956/1046/375 957/1037/375
f 952/1035/394 957/1049/394 956/1050/394
f 979/1051/389 974/1052/389 975/1053/389
f 971/1054/375 975/1055/375 974/1056/375
f 967/1057/395 968/1058/395 966/1059/395
f 968/1058/375 975/1055/375 970/1060/375
f 969/1061/394 967/1057/394 971/1062/394
f 968/1058/387 970/1063/387 966/1059/387
f 975/1064/394 977/1065/394 979/1051/394
f 969/1061/375 973/1066/375 968/1058/375
f 969/1061/375 974/1056/375 972/1067/375
f 977/1065/375 978/1068/375 979/1051/375
f 972/1069/396 977/1065/396 973/1070/396
f 974/1071/387 976/1072/387 972/1073/387
f 985/1074/394 983/1075/394 987/1076/394
f 987/1077/397 982/1078/397 986/1079/397
f 982/1078/375 981/1080/375 980/1081/375
f 990/1082/375 985/1083/375 987/1084/375
f 990/1082/375 986/1085/375 991/1086/375
f 984/1087/387 982/1078/387 980/1081/387
f 991/1086/394 989/1088/394 993/1089/394
f 990/1082/387 992/1090/387 988/1091/387
f 991/1086/375 984/1092/375 989/1093/375
f 992/1090/398 991/1086/398 993/1089/398
f 988/1094/375 984/1092/375 985/1083/375
f 980/1081/390 985/1095/390 984/1096/390
f 895/917/374 894/1097/374 890/918/374
f 887/920/375 886/926/375 891/921/375
f 883/923/376 885/927/376 884/924/376
f 884/924/375 889/932/375 891/921/375
f 891/930/377 889/1098/377 893/931/377
f 885/927/375 888/933/375 889/932/375
f 885/927/375 887/920/375 890/922/375
f 892/934/375 894/1097/375 895/917/375
f 888/935/379 892/934/379 893/931/379
f 890/937/378 894/1097/378 892/934/378
f 901/939/377 897/1099/377 899/940/377
f 903/942/380 899/940/380 898/943/380
f 899/940/375 897/1099/375 896/945/375
f 906/946/375 904/958/375 901/947/375
f 906/946/375 903/948/375 902/949/375
f 900/951/378 902/1100/378 898/943/378
f 907/950/375 902/949/375 900/956/375
f 908/954/381 906/946/381 907/950/381
f 904/958/375 905/957/375 900/956/375
f 896/945/382 897/1099/382 901/959/382
f 923/961/377 922/1101/377 918/962/377
f 915/964/375 914/970/375 919/965/375
f 911/967/383 913/971/383 912/968/383
f 912/968/375 917/976/375 919/965/375
f 919/974/382 917/1102/382 921/975/382
f 913/971/375 916/977/375 917/976/375
f 913/971/375 915/964/375 918/966/375
f 920/978/375 922/1101/375 923/961/375
f 916/979/384 920/978/384 921/975/384
f 918/981/374 922/1101/374 920/978/374
f 929/983/382 925/1103/382 927/984/382
f 931/986/385 927/984/385 926/987/385
f 927/984/375 925/1103/375 924/989/375
f 934/990/375 932/1002/375 929/991/375
f 934/990/375 931/992/375 930/993/375
f 928/995/374 930/1104/374 926/987/374
f 935/994/375 930/993/375 928/1000/375
f 936/998/386 934/990/386 935/994/386
f 932/1002/375 933/1001/375 928/1000/375
f 924/989/378 925/1103/378 929/1003/378
f 951/1005/387 950/1022/387 946/1006/387
f 943/1008/375 942/1014/375 947/1009/375
f 939/1011/388 941/1015/388 940/1012/388
f 940/1012/375 945/1021/375 947/1009/375
f 947/1018/389 945/1105/389 949/1019/389
f 940/1012/375 941/1015/375 944/1020/375
f 941/1015/375 943/1008/375 946/1010/375
f 949/1019/375 948/1026/375 950/1022/375
f 944/1023/391 948/1026/391 949/1019/391
f 946/1025/390 950/1022/390 948/1026/390
f 957/1028/389 953/1034/389 955/1029/389
f 959/1031/392 955/1029/392 954/1032/392
f 954/1032/375 955/1029/375 953/1034/375
f 962/1036/375 960/1048/375 957/1037/375
f 963/1039/375 962/1036/375 959/1038/375
f 956/1041/390 958/1106/390 954/1032/390
f 963/1039/375 958/1040/375 956/1046/375
f 964/1044/393 962/1036/393 963/1039/393
f 960/1048/375 961/1047/375 956/1046/375
f 952/1035/394 953/1034/394 957/1049/394
f 979/1051/389 978/1068/389 974/1052/389
f 971/1054/375 970/1060/375 975/1055/375
f 967/1057/395 969/1061/395 968/1058/395
f 968/1058/375 973/1066/375 975/1055/375
f 975/1064/394 973/1107/394 977/1065/394
f 969/1061/375 972/1067/375 973/1066/375
f 969/1061/375 971/1054/375 974/1056/375
f 977/1065/375 976/1072/375 978/1068/375
f 972/1069/396 976/1072/396 977/1065/396
f 974/1071/387 978/1068/387 976/1072/387
f 985/1074/394 981/1080/394 983/1075/394
f 987/1077/397 983/1075/397 982/1078/397
f 982/1078/375 983/1075/375 981/1080/375
f 990/1082/375 988/1094/375 985/1083/375
f 990/1082/375 987/1084/375 986/1085/375
f 984/1087/387 986/1108/387 982/1078/387
f 991/1086/375 986/1085/375 984/1092/375
f 992/1090/398 990/1082/398 991/1086/398
f 988/1094/375 989/1093/375 984/1092/375
f 980/1081/390 981/1080/390 985/1095/390
s 1
f 850/1109/380 881/1110/399 865/1111/399
f 851/1112/400 866/1113/380 850/1109/380
f 852/1114/396 867/1115/400 851/1112/400
f 853/1116/401 868/1117/396 852/1114/396
f 853/1116/401 870/1118/384 869/1119/402
f 854/1120/384 871/1121/403 870/1118/384
f 856/1122/391 871/1121/403 855/1123/403
f 856/1122/391 873/1124/404 872/1125/391
f 858/1126/379 873/1124/404 857/1127/404
f 858/1128/379 875/1129/405 874/1130/379
f 859/1131/405 876/1132/397 875/1129/405
f 860/1133/397 877/1134/406 876/1132/397
f 861/1135/407 878/1136/385 877/1134/406
f 863/1137/408 878/1136/385 862/1138/385
f 864/1139/392 879/1140/409 863/1137/408
f 865/1111/399 880/1141/392 864/1139/392
f 850/1109/380 866/1113/380 881/1110/399
f 851/1112/400 867/1115/400 866/1113/380
f 852/1114/396 868/1117/396 867/1115/400
f 853/1116/401 869/1119/402 868/1117/396
f 853/1116/401 854/1120/384 870/1118/384
f 854/1120/384 855/1123/403 871/1121/403
f 856/1122/391 872/1125/391 871/1121/403
f 856/1122/391 857/1127/404 873/1124/404
f 858/1126/379 874/1142/379 873/1124/404
f 858/1128/379 859/1131/405 875/1129/405
f 859/1131/405 860/1133/397 876/1132/397
f 860/1133/397 861/1135/407 877/1134/406
f 861/1135/407 862/1138/385 878/1136/385
f 863/1137/408 879/1140/409 878/1136/385
f 864/1139/392 880/1141/392 879/1140/409
f 865/1111/399 881/1110/399 880/1141/392
