# Split from assembly_factory.obj
mtllib unused.mtl
usemtl hbm
v -1.000001 1.625000 -0.039062
v -1.000001 1.729640 -0.059876
v -1.000001 1.818350 -0.119151
v -1.000001 1.877623 -0.207860
v -1.000001 1.898438 -0.312500
v -1.000001 1.877623 -0.417140
v -1.000001 1.818350 -0.505849
v -1.000001 1.729640 -0.565124
v -1.000001 1.625000 -0.585938
v -1.000001 1.520360 -0.565124
v -1.000001 1.431651 -0.505849
v -1.000001 1.372377 -0.417140
v -1.000001 1.351562 -0.312500
v -1.000001 1.372377 -0.207860
v -1.000001 1.431651 -0.119151
v -1.000001 1.520360 -0.059876
v -1.000001 1.692062 0.024645
v -1.000001 1.815977 -0.026682
v -1.000001 1.910818 -0.121523
v -1.000001 1.962145 -0.245438
v -1.000001 1.962145 -0.379562
v -1.000001 1.910818 -0.503477
v -1.000001 1.815977 -0.598318
v -1.000001 1.692062 -0.649645
v -1.000001 1.557938 -0.649645
v -1.000001 1.434023 -0.598318
v -1.000001 1.339182 -0.503477
v -1.000001 1.287855 -0.379562
v -1.000001 1.287855 -0.245438
v -1.000001 1.339182 -0.121523
v -1.000001 1.434023 -0.026682
v -1.000001 1.557938 0.024645
v -1.000001 1.625000 -0.039062
v -1.000001 1.729640 -0.059876
v -1.000001 1.818350 -0.119151
v -1.000001 1.877623 -0.207860
v -1.000001 1.898438 -0.312500
v -1.000001 1.877623 -0.417140
v -1.000001 1.818350 -0.505849
v -1.000001 1.729640 -0.565124
v -1.000001 1.625000 -0.585938
v -1.000001 1.520360 -0.565124
v -1.000001 1.431651 -0.505849
v -1.000001 1.372377 -0.417140
v -1.000001 1.351562 -0.312500
v -1.000001 1.372377 -0.207860
v -1.000001 1.431651 -0.119151
v -1.000001 1.520360 -0.059876
v -1.000001 1.692062 0.024645
v -1.000001 1.815977 -0.026682
v -1.000001 1.910818 -0.121523
v -1.000001 1.962145 -0.245438
v -1.000001 1.962145 -0.379562
v -1.000001 1.910818 -0.503477
v -1.000001 1.815977 -0.598318
v -1.000001 1.692062 -0.649645
v -1.000001 1.557938 -0.649645
v -1.000001 1.434023 -0.598318
v -1.000001 1.339182 -0.503477
v -1.000001 1.287855 -0.379562
v -1.000001 1.287855 -0.245438
v -1.000001 1.339182 -0.121523
v -1.000001 1.434023 -0.026682
v -1.000001 1.557938 0.024645
vt 0.927592 0.801354
vt 0.932256 0.793233
vt 0.933780 0.805904
vt 0.931350 0.816359
vt 0.938119 0.816646
vt 0.938292 0.827843
vt 0.944613 0.823823
vt 0.947364 0.834058
vt 0.952273 0.826344
vt 0.957182 0.834058
vt 0.959933 0.823823
vt 0.966253 0.827843
vt 0.966427 0.816646
vt 0.973196 0.816359
vt 0.970766 0.805904
vt 0.976953 0.801354
vt 0.972290 0.793233
vt 0.976953 0.785113
vt 0.970766 0.780562
vt 0.973196 0.770108
vt 0.966427 0.769820
vt 0.966253 0.758623
vt 0.959933 0.762643
vt 0.957182 0.752408
vt 0.952273 0.760122
vt 0.947364 0.752408
vt 0.944613 0.762643
vt 0.938292 0.758623
vt 0.938119 0.769820
vt 0.931350 0.770108
vt 0.933780 0.780562
vt 0.927592 0.785113
vt 0.927592 0.801354
vt 0.933780 0.805904
vt 0.932256 0.793233
vt 0.931350 0.816359
vt 0.938119 0.816646
vt 0.938292 0.827843
vt 0.944613 0.823823
vt 0.947364 0.834058
vt 0.952273 0.826344
vt 0.957182 0.834058
vt 0.959933 0.823823
vt 0.966253 0.827843
vt 0.966427 0.816646
vt 0.973196 0.816359
vt 0.970766 0.805904
vt 0.976953 0.801354
vt 0.972290 0.793233
vt 0.976953 0.785113
vt 0.970766 0.780562
vt 0.973196 0.770108
vt 0.966427 0.769820
vt 0.966253 0.758623
vt 0.959933 0.762643
vt 0.957182 0.752408
vt 0.952273 0.760122
vt 0.947364 0.752408
vt 0.944613 0.762643
vt 0.938292 0.758623
vt 0.938119 0.769820
vt 0.931350 0.770108
vt 0.933780 0.780562
vt 0.927592 0.785113
vn -1.0000 -0.0000 0.0000
vn 1.0000 0.0000 0.0000
v 1.000000 1.625000 0.039062
v 1.000000 1.729640 0.059876
v 1.000000 1.818350 0.119151
v 1.000000 1.877623 0.207860
v 1.000000 1.898438 0.312500
v 1.000000 1.877623 0.417140
v 1.000000 1.818350 0.505849
v 1.000000 1.729640 0.565124
v 1.000000 1.625000 0.585938
v 1.000000 1.520360 0.565124
v 1.000000 1.431651 0.505849
v 1.000000 1.372377 0.417140
v 1.000000 1.351562 0.312500
v 1.000000 1.372377 0.207860
v 1.000000 1.431651 0.119151
v 1.000000 1.520360 0.059876
v 1.000000 1.692062 -0.024645
v 1.000000 1.815977 0.026682
v 1.000000 1.910818 0.121523
v 1.000000 1.962145 0.245438
v 1.000000 1.962145 0.379562
v 1.000000 1.910818 0.503477
v 1.000000 1.815977 0.598318
v 1.000000 1.692062 0.649645
v 1.000000 1.557938 0.649645
v 1.000000 1.434023 0.598318
v 1.000000 1.339182 0.503477
v 1.000000 1.287855 0.379562
v 1.000000 1.287855 0.245438
v 1.000000 1.339182 0.121523
v 1.000000 1.434023 0.026682
v 1.000000 1.557938 -0.024645
v 1.000000 1.625000 0.039062
v 1.000000 1.729640 0.059876
v 1.000000 1.818350 0.119151
v 1.000000 1.877623 0.207860
v 1.000000 1.898438 0.312500
v 1.000000 1.877623 0.417140
v 1.000000 1.818350 0.505849
v 1.000000 1.729640 0.565124
v 1.000000 1.625000 0.585938
v 1.000000 1.520360 0.565124
v 1.000000 1.431651 0.505849
v 1.000000 1.372377 0.417140
v 1.000000 1.351562 0.312500
v 1.000000 1.372377 0.207860
v 1.000000 1.431651 0.119151
v 1.000000 1.520360 0.059876
v 1.000000 1.692062 -0.024645
v 1.000000 1.815977 0.026682
v 1.000000 1.910818 0.121523
v 1.000000 1.962145 0.245438
v 1.000000 1.962145 0.379562
v 1.000000 1.910818 0.503477
v 1.000000 1.815977 0.598318
v 1.000000 1.692062 0.649645
v 1.000000 1.557938 0.649645
v 1.000000 1.434023 0.598318
v 1.000000 1.339182 0.503477
v 1.000000 1.287855 0.379562
v 1.000000 1.287855 0.245438
v 1.000000 1.339182 0.121523
v 1.000000 1.434023 0.026682
v 1.000000 1.557938 -0.024645
vt 0.927592 0.801354
vt 0.932256 0.793233
vt 0.933780 0.805904
vt 0.931350 0.816359
vt 0.938119 0.816646
vt 0.938292 0.827843
vt 0.944613 0.823823
vt 0.947364 0.834058
vt 0.952273 0.826344
vt 0.957182 0.834058
vt 0.959933 0.823823
vt 0.966253 0.827843
vt 0.966427 0.816646
vt 0.973196 0.816359
vt 0.970766 0.805904
vt 0.976953 0.801354
vt 0.972290 0.793233
vt 0.976953 0.785113
vt 0.970766 0.780562
vt 0.973196 0.770108
vt 0.966427 0.769820
vt 0.966253 0.758623
vt 0.959933 0.762643
vt 0.957182 0.752408
vt 0.952273 0.760122
vt 0.947364 0.752408
vt 0.944613 0.762643
vt 0.938292 0.758623
vt 0.938119 0.769820
vt 0.931350 0.770108
vt 0.933780 0.780562
vt 0.927592 0.785113
vt 0.927592 0.801354
vt 0.933780 0.805904
vt 0.932256 0.793233
vt 0.931350 0.816359
vt 0.938119 0.816646
vt 0.938292 0.827843
vt 0.944613 0.823823
vt 0.947364 0.834058
vt 0.952273 0.826344
vt 0.957182 0.834058
vt 0.959933 0.823823
vt 0.966253 0.827843
vt 0.966427 0.816646
vt 0.973196 0.816359
vt 0.970766 0.805904
vt 0.976953 0.801354
vt 0.972290 0.793233
vt 0.976953 0.785113
vt 0.970766 0.780562
vt 0.973196 0.770108
vt 0.966427 0.769820
vt 0.966253 0.758623
vt 0.959933 0.762643
vt 0.957182 0.752408
vt 0.952273 0.760122
vt 0.947364 0.752408
vt 0.944613 0.762643
vt 0.938292 0.758623
vt 0.938119 0.769820
vt 0.931350 0.770108
vt 0.933780 0.780562
vt 0.927592 0.785113
vn 1.0000 0.0000 0.0000
vn -1.0000 0.0000 0.0000
v -0.906251 1.250000 0.812500
v -1.093751 1.250000 0.812500
v -0.906251 1.250000 1.437500
v -1.093751 1.250000 1.437500
v -0.906251 1.625000 1.437500
v -0.906251 1.625000 0.812500
v -1.093751 1.625000 0.812500
v -1.093751 1.625000 1.437500
v -1.000001 1.625000 1.062500
v -1.125001 1.625000 1.062500
v -1.000001 1.536612 1.025888
v -1.125001 1.536612 1.025888
v -1.000001 1.500000 0.937500
v -1.125001 1.500000 0.937500
v -1.000001 1.536612 0.849112
v -1.125001 1.536612 0.849112
v -1.000001 1.625000 0.812500
v -1.125001 1.625000 0.812500
v -1.000001 1.713388 0.849112
v -1.125001 1.713388 0.849112
v -1.000001 1.750000 0.937500
v -1.125001 1.750000 0.937500
v -1.000001 1.713388 1.025888
v -1.125001 1.713388 1.025888
v -1.062500 1.625000 1.375000
v -0.937499 1.625000 1.375000
v -1.062500 1.625000 1.250000
v -0.937499 1.625000 1.250000
v -1.062500 1.750000 1.250000
v -1.062500 1.750000 1.375000
v -0.937499 1.750000 1.375000
v -0.937499 1.750000 1.250000
vt 0.822727 0.511278
vt 0.777273 0.533835
vt 0.777273 0.511278
vt 0.777273 0.578947
vt 0.822727 0.601504
vt 0.777273 0.601504
vt 0.763636 0.578947
vt 0.763636 0.533835
vt 0.822727 0.533835
vt 0.881818 0.533835
vt 0.836364 0.578947
vt 0.836364 0.533835
vt 0.822727 0.578947
vt 0.854526 0.481203
vt 0.845455 0.496208
vt 0.836383 0.481203
vt 0.827273 0.496208
vt 0.820859 0.491813
vt 0.833687 0.470593
vt 0.827273 0.451128
vt 0.818182 0.436090
vt 0.827273 0.436090
vt 0.836364 0.421053
vt 0.827273 0.421053
vt 0.845455 0.421053
vt 0.836364 0.436090
vt 0.818182 0.421053
vt 0.854545 0.421053
vt 0.845455 0.436090
vt 0.881818 0.578947
vt 0.845455 0.466198
vt 0.851869 0.470593
vt 0.851869 0.491813
vt 0.839040 0.491813
vt 0.839040 0.470593
vt 0.818202 0.481203
vt 0.820859 0.470593
vt 0.827273 0.466198
vt 0.836344 0.481203
vt 0.833687 0.491813
vt 0.818182 0.451128
vt 0.854545 0.436090
vt 0.872727 0.451128
vt 0.881818 0.466165
vt 0.872727 0.466165
vt 0.881818 0.451128
vt 0.890909 0.466165
vt 0.818182 0.466165
vt 0.827273 0.451128
vt 0.827273 0.466165
vt 0.836364 0.451128
vt 0.836364 0.466165
vt 0.845455 0.466165
vt 0.845455 0.451128
vt 0.854545 0.466165
vt 0.854545 0.451128
vt 0.863636 0.466165
vt 0.863636 0.451128
vt 0.890909 0.451128
vt 0.818182 0.451128
vn 0.0000 -1.0000 0.0000
vn 0.0000 1.0000 0.0000
vn -0.0000 0.0000 -1.0000
vn -1.0000 0.0000 0.0000
vn 1.0000 0.0000 -0.0000
vn 0.0000 0.0000 1.0000
vn 0.0000 -0.7071 0.7071
vn -0.0000 -0.7071 -0.7071
vn -0.0000 0.7071 -0.7071
vn 0.0000 0.7071 0.7071
v 1.093750 1.250000 0.812500
v 0.906250 1.250000 0.812500
v 1.093750 1.250000 1.437500
v 0.906250 1.250000 1.437500
v 1.093750 1.625000 1.437500
v 1.093750 1.625000 0.812500
v 0.906250 1.625000 0.812500
v 0.906250 1.625000 1.437500
v 1.000000 1.625000 1.062500
v 0.875000 1.625000 1.062500
v 1.000000 1.536612 1.025888
v 0.875000 1.536612 1.025888
v 1.000000 1.500000 0.937500
v 0.875000 1.500000 0.937500
v 1.000000 1.536612 0.849112
v 0.875000 1.536612 0.849112
v 1.000000 1.625000 0.812500
v 0.875000 1.625000 0.812500
v 1.000000 1.713388 0.849112
v 0.875000 1.713388 0.849112
v 1.000000 1.750000 0.937500
v 0.875000 1.750000 0.937500
v 1.000000 1.713388 1.025888
v 0.875000 1.713388 1.025888
v 0.937502 1.625000 1.375000
v 1.062502 1.625000 1.375000
v 0.937502 1.625000 1.250000
v 1.062502 1.625000 1.250000
v 0.937502 1.750000 1.250000
v 0.937502 1.750000 1.375000
v 1.062502 1.750000 1.375000
v 1.062502 1.750000 1.250000
vt 0.822727 0.511278
vt 0.777273 0.533835
vt 0.777273 0.511278
vt 0.777273 0.578947
vt 0.822727 0.601504
vt 0.777273 0.601504
vt 0.763636 0.578947
vt 0.763636 0.533835
vt 0.822727 0.533835
vt 0.881818 0.533835
vt 0.836364 0.578947
vt 0.836364 0.533835
vt 0.822727 0.578947
vt 0.845455 0.496208
vt 0.836383 0.481203
vt 0.845455 0.466198
vt 0.827273 0.496208
vt 0.820859 0.491813
vt 0.833687 0.470593
vt 0.827273 0.451128
vt 0.818182 0.436090
vt 0.827273 0.436090
vt 0.836364 0.421053
vt 0.827273 0.421053
vt 0.845455 0.421053
vt 0.836364 0.436090
vt 0.818182 0.421053
vt 0.854545 0.421053
vt 0.845455 0.436090
vt 0.881818 0.578947
vt 0.851869 0.470593
vt 0.854526 0.481203
vt 0.851869 0.491813
vt 0.839040 0.491813
vt 0.839040 0.470593
vt 0.818202 0.481203
vt 0.820859 0.470593
vt 0.827273 0.466198
vt 0.836344 0.481203
vt 0.833687 0.491813
vt 0.818182 0.451128
vt 0.854545 0.436090
vt 0.872727 0.451128
vt 0.881818 0.466165
vt 0.872727 0.466165
vt 0.881818 0.451128
vt 0.890909 0.466165
vt 0.818182 0.451128
vt 0.827273 0.466165
vt 0.818182 0.466165
vt 0.827273 0.451128
vt 0.836364 0.466165
vt 0.836364 0.451128
vt 0.845455 0.466165
vt 0.845455 0.451128
vt 0.854545 0.466165
vt 0.863636 0.451128
vt 0.863636 0.466165
vt 0.890909 0.451128
vt 0.854545 0.451128
vn 0.0000 -1.0000 0.0000
vn 0.0000 1.0000 0.0000
vn 0.0000 0.0000 -1.0000
vn -1.0000 0.0000 0.0000
vn 1.0000 0.0000 0.0000
vn 0.0000 0.0000 1.0000
vn 0.0000 -0.7071 0.7071
vn 0.0000 -0.7071 -0.7071
vn 0.0000 0.7071 -0.7071
vn 0.0000 0.7071 0.7071
v 0.906250 1.250000 -0.812500
v 1.093750 1.250000 -0.812500
v 0.906250 1.250000 -1.437500
v 1.093750 1.250000 -1.437500
v 0.906250 1.625000 -1.437500
v 0.906250 1.625000 -0.812500
v 1.093750 1.625000 -0.812500
v 1.093750 1.625000 -1.437500
v 1.000000 1.625000 -1.062500
v 1.125000 1.625000 -1.062500
v 1.000000 1.536612 -1.025888
v 1.125000 1.536612 -1.025888
v 1.000000 1.500000 -0.937500
v 1.125000 1.500000 -0.937500
v 1.000000 1.536612 -0.849112
v 1.125000 1.536612 -0.849112
v 1.000000 1.625000 -0.812500
v 1.125000 1.625000 -0.812500
v 1.000000 1.713388 -0.849112
v 1.125000 1.713388 -0.849112
v 1.000000 1.750000 -0.937500
v 1.125000 1.750000 -0.937500
v 1.000000 1.713388 -1.025888
v 1.125000 1.713388 -1.025888
v 1.062499 1.625000 -1.375000
v 0.937499 1.625000 -1.375000
v 1.062499 1.625000 -1.250000
v 0.937499 1.625000 -1.250000
v 1.062499 1.750000 -1.250000
v 1.062499 1.750000 -1.375000
v 0.937499 1.750000 -1.375000
v 0.937499 1.750000 -1.250000
vt 0.822727 0.511278
vt 0.777273 0.533835
vt 0.777273 0.511278
vt 0.777273 0.578947
vt 0.822727 0.601504
vt 0.777273 0.601504
vt 0.763636 0.578947
vt 0.763636 0.533835
vt 0.822727 0.533835
vt 0.881818 0.533835
vt 0.836364 0.578947
vt 0.836364 0.533835
vt 0.822727 0.578947
vt 0.845455 0.496208
vt 0.836383 0.481203
vt 0.845455 0.466198
vt 0.827273 0.496208
vt 0.820859 0.491813
vt 0.833687 0.470593
vt 0.827273 0.451128
vt 0.818182 0.436090
vt 0.827273 0.436090
vt 0.836364 0.421053
vt 0.827273 0.421053
vt 0.845455 0.421053
vt 0.836364 0.436090
vt 0.818182 0.421053
vt 0.854545 0.421053
vt 0.845455 0.436090
vt 0.881818 0.578947
vt 0.851869 0.470593
vt 0.854526 0.481203
vt 0.851869 0.491813
vt 0.839040 0.491813
vt 0.839040 0.470593
vt 0.818202 0.481203
vt 0.820859 0.470593
vt 0.827273 0.466198
vt 0.836344 0.481203
vt 0.833687 0.491813
vt 0.818182 0.451128
vt 0.854545 0.436090
vt 0.872727 0.451128
vt 0.881818 0.466165
vt 0.872727 0.466165
vt 0.881818 0.451128
vt 0.890909 0.466165
vt 0.818182 0.451128
vt 0.827273 0.466165
vt 0.818182 0.466165
vt 0.827273 0.451128
vt 0.836364 0.466165
vt 0.836364 0.451128
vt 0.845455 0.466165
vt 0.845455 0.451128
vt 0.854545 0.466165
vt 0.854545 0.451128
vt 0.863636 0.466165
vt 0.863636 0.451128
vt 0.890909 0.451128
vn 0.0000 -1.0000 0.0000
vn 0.0000 1.0000 0.0000
vn 0.0000 0.0000 1.0000
vn 1.0000 0.0000 0.0000
vn -1.0000 0.0000 0.0000
vn 0.0000 0.0000 -1.0000
vn 0.0000 -0.7071 -0.7071
vn 0.0000 -0.7071 0.7071
vn 0.0000 0.7071 0.7071
vn 0.0000 0.7071 -0.7071
v -1.093752 1.250000 -0.812500
v -0.906251 1.250000 -0.812500
v -1.093752 1.250000 -1.437500
v -0.906251 1.250000 -1.437500
v -1.093752 1.625000 -1.437500
v -1.093752 1.625000 -0.812500
v -0.906251 1.625000 -0.812500
v -0.906251 1.625000 -1.437500
v -1.000002 1.625000 -1.062500
v -0.875001 1.625000 -1.062500
v -1.000002 1.536612 -1.025888
v -0.875001 1.536612 -1.025888
v -1.000002 1.500000 -0.937500
v -0.875001 1.500000 -0.937500
v -1.000002 1.536612 -0.849112
v -0.875001 1.536612 -0.849112
v -1.000002 1.625000 -0.812500
v -0.875001 1.625000 -0.812500
v -1.000002 1.713388 -0.849112
v -0.875001 1.713388 -0.849112
v -1.000002 1.750000 -0.937500
v -0.875001 1.750000 -0.937500
v -1.000002 1.713388 -1.025888
v -0.875001 1.713388 -1.025888
v -0.937503 1.625000 -1.375000
v -1.062503 1.625000 -1.375000
v -0.937503 1.625000 -1.250000
v -1.062503 1.625000 -1.250000
v -0.937503 1.750000 -1.250000
v -0.937503 1.750000 -1.375000
v -1.062503 1.750000 -1.375000
v -1.062503 1.750000 -1.250000
vt 0.822727 0.511278
vt 0.777273 0.533835
vt 0.777273 0.511278
vt 0.777273 0.578947
vt 0.822727 0.601504
vt 0.777273 0.601504
vt 0.763636 0.578947
vt 0.763636 0.533835
vt 0.822727 0.533835
vt 0.881818 0.533835
vt 0.836364 0.578947
vt 0.836364 0.533835
vt 0.822727 0.578947
vt 0.854526 0.481203
vt 0.845455 0.496208
vt 0.836383 0.481203
vt 0.827273 0.496208
vt 0.820859 0.491813
vt 0.833687 0.470593
vt 0.827273 0.451128
vt 0.818182 0.436090
vt 0.827273 0.436090
vt 0.836364 0.421053
vt 0.827273 0.421053
vt 0.845455 0.421053
vt 0.836364 0.436090
vt 0.818182 0.421053
vt 0.854545 0.421053
vt 0.845455 0.436090
vt 0.881818 0.578947
vt 0.845455 0.466198
vt 0.851869 0.470593
vt 0.851869 0.491813
vt 0.839040 0.491813
vt 0.839040 0.470593
vt 0.818202 0.481203
vt 0.820859 0.470593
vt 0.827273 0.466198
vt 0.836344 0.481203
vt 0.833687 0.491813
vt 0.818182 0.451128
vt 0.854545 0.436090
vt 0.872727 0.451128
vt 0.881818 0.466165
vt 0.872727 0.466165
vt 0.881818 0.451128
vt 0.890909 0.466165
vt 0.818182 0.451128
vt 0.827273 0.466165
vt 0.818182 0.466165
vt 0.827273 0.451128
vt 0.836364 0.466165
vt 0.836364 0.451128
vt 0.845455 0.466165
vt 0.845455 0.451128
vt 0.854545 0.466165
vt 0.863636 0.451128
vt 0.863636 0.466165
vt 0.890909 0.451128
vt 0.854545 0.451128
vn 0.0000 -1.0000 0.0000
vn 0.0000 1.0000 0.0000
vn 0.0000 0.0000 1.0000
vn 1.0000 0.0000 -0.0000
vn -1.0000 0.0000 0.0000
vn 0.0000 0.0000 -1.0000
vn 0.0000 -0.7071 -0.7071
vn 0.0000 -0.7071 0.7071
vn 0.0000 0.7071 0.7071
vn 0.0000 0.7071 -0.7071
v -1.031252 1.625000 -0.875000
v -1.093752 1.625000 -0.875000
v -1.093752 1.625000 -1.000000
v -1.031252 1.625000 -1.000000
v -1.031252 2.375000 -1.000000
v -1.093752 2.375000 -1.000000
v -1.031252 2.375000 -0.875000
v -1.093752 2.375000 -0.875000
v -1.125002 2.375000 -1.062500
v -1.000002 2.375000 -1.062500
v -1.125002 2.286612 -1.025888
v -1.000002 2.286612 -1.025888
v -1.125002 2.250000 -0.937500
v -1.000002 2.250000 -0.937500
v -1.125002 2.286612 -0.849111
v -1.000002 2.286612 -0.849112
v -1.125002 2.375000 -0.812500
v -1.000002 2.375000 -0.812500
v -1.125002 2.463388 -0.849111
v -1.000002 2.463388 -0.849112
v -1.125002 2.500000 -0.937500
v -1.000002 2.500000 -0.937500
v -1.125002 2.463388 -1.025888
v -1.000002 2.463388 -1.025888
v -1.000002 1.713388 -1.025888
v -1.125002 1.713388 -1.025888
v -1.000002 1.750000 -0.937500
v -1.125002 1.750000 -0.937500
v -1.000002 1.713388 -0.849112
v -1.125002 1.713388 -0.849111
v -1.000002 1.625000 -0.812500
v -1.125002 1.625000 -0.812500
v -1.000002 1.536612 -0.849112
v -1.125002 1.536612 -0.849111
v -1.000002 1.500000 -0.937500
v -1.125002 1.500000 -0.937500
v -1.000002 1.536612 -1.025888
v -1.125002 1.536612 -1.025888
v -1.000002 1.625000 -1.062500
v -1.125002 1.625000 -1.062500
vt 0.827273 0.646617
vt 0.772727 0.639098
vt 0.827273 0.639098
vt 0.827273 0.661654
vt 0.772727 0.646617
vt 0.827273 0.624060
vt 0.772727 0.616541
vt 0.827273 0.616541
vt 0.772727 0.624060
vt 0.845455 0.496208
vt 0.836383 0.481203
vt 0.845455 0.466198
vt 0.827273 0.496208
vt 0.820859 0.491813
vt 0.833687 0.470593
vt 0.827273 0.496208
vt 0.820859 0.491813
vt 0.833687 0.470593
vt 0.845455 0.496208
vt 0.836383 0.481203
vt 0.845455 0.466198
vt 0.772727 0.661654
vt 0.851869 0.470593
vt 0.854526 0.481203
vt 0.851869 0.491813
vt 0.839040 0.491813
vt 0.839040 0.470593
vt 0.818202 0.481203
vt 0.820859 0.470593
vt 0.827273 0.466198
vt 0.836344 0.481203
vt 0.833687 0.491813
vt 0.818202 0.481203
vt 0.820859 0.470593
vt 0.827273 0.466198
vt 0.836344 0.481203
vt 0.833687 0.491813
vt 0.851869 0.470593
vt 0.854526 0.481203
vt 0.851869 0.491813
vt 0.839040 0.491813
vt 0.839040 0.470593
vt 0.872727 0.451128
vt 0.881818 0.466165
vt 0.872727 0.466165
vt 0.881818 0.451128
vt 0.890909 0.466165
vt 0.818182 0.451128
vt 0.827273 0.466165
vt 0.818182 0.466165
vt 0.827273 0.451128
vt 0.836364 0.466165
vt 0.836364 0.451128
vt 0.845455 0.466165
vt 0.845455 0.451128
vt 0.854545 0.466165
vt 0.854545 0.451128
vt 0.863636 0.466165
vt 0.863636 0.451128
vt 0.863636 0.451128
vt 0.872727 0.466165
vt 0.863636 0.466165
vt 0.854545 0.451128
vt 0.854545 0.466165
vt 0.845455 0.451128
vt 0.845455 0.466165
vt 0.836364 0.451128
vt 0.836364 0.466165
vt 0.827273 0.466165
vt 0.818182 0.451128
vt 0.818182 0.466165
vt 0.881818 0.466165
vt 0.890909 0.451128
vt 0.890909 0.466165
vt 0.872727 0.451128
vt 0.890909 0.451128
vt 0.827273 0.451128
vt 0.881818 0.451128
vn 0.0000 0.0000 -1.0000
vn -1.0000 0.0000 0.0000
vn 0.0000 0.0000 1.0000
vn 1.0000 0.0000 0.0000
vn 0.0000 -0.7071 -0.7071
vn 0.0000 -1.0000 0.0000
vn 0.0000 -0.7071 0.7071
vn 0.0000 0.7071 0.7071
vn -0.0000 1.0000 0.0000
vn -0.0000 0.7071 -0.7071
v 0.968750 1.625000 -0.875000
v 0.906250 1.625000 -0.875000
v 0.906250 1.625000 -1.000000
v 0.968750 1.625000 -1.000000
v 0.968750 2.375000 -1.000000
v 0.906250 2.375000 -1.000000
v 0.968750 2.375000 -0.875000
v 0.906250 2.375000 -0.875000
v 0.875000 2.375000 -1.062500
v 1.000000 2.375000 -1.062500
v 0.875000 2.286612 -1.025888
v 1.000000 2.286612 -1.025888
v 0.875000 2.250000 -0.937500
v 1.000000 2.250000 -0.937500
v 0.875000 2.286612 -0.849112
v 1.000000 2.286612 -0.849112
v 0.875000 2.375000 -0.812500
v 1.000000 2.375000 -0.812500
v 0.875000 2.463388 -0.849112
v 1.000000 2.463388 -0.849112
v 0.875000 2.500000 -0.937500
v 1.000000 2.500000 -0.937500
v 0.875000 2.463388 -1.025888
v 1.000000 2.463388 -1.025888
v 1.000000 1.713388 -1.025888
v 0.875000 1.713388 -1.025888
v 1.000000 1.750000 -0.937500
v 0.875000 1.750000 -0.937500
v 1.000000 1.713388 -0.849112
v 0.875000 1.713388 -0.849112
v 1.000000 1.625000 -0.812500
v 0.875000 1.625000 -0.812500
v 1.000000 1.536612 -0.849112
v 0.875000 1.536612 -0.849112
v 1.000000 1.500000 -0.937500
v 0.875000 1.500000 -0.937500
v 1.000000 1.536612 -1.025888
v 0.875000 1.536612 -1.025888
v 1.000000 1.625000 -1.062500
v 0.875000 1.625000 -1.062500
vt 0.827273 0.646617
vt 0.772727 0.639098
vt 0.827273 0.639098
vt 0.827273 0.661654
vt 0.772727 0.646617
vt 0.827273 0.624060
vt 0.772727 0.616541
vt 0.827273 0.616541
vt 0.772727 0.624060
vt 0.845455 0.496208
vt 0.836383 0.481203
vt 0.845455 0.466198
vt 0.827273 0.496208
vt 0.820859 0.491813
vt 0.833687 0.470593
vt 0.827273 0.496208
vt 0.820859 0.491813
vt 0.833687 0.470593
vt 0.845455 0.496208
vt 0.836383 0.481203
vt 0.845455 0.466198
vt 0.772727 0.661654
vt 0.851869 0.470593
vt 0.854526 0.481203
vt 0.851869 0.491813
vt 0.839040 0.491813
vt 0.839040 0.470593
vt 0.818202 0.481203
vt 0.820859 0.470593
vt 0.827273 0.466198
vt 0.836344 0.481203
vt 0.833687 0.491813
vt 0.818202 0.481203
vt 0.820859 0.470593
vt 0.827273 0.466198
vt 0.836344 0.481203
vt 0.833687 0.491813
vt 0.851869 0.470593
vt 0.854526 0.481203
vt 0.851869 0.491813
vt 0.839040 0.491813
vt 0.839040 0.470593
vt 0.872727 0.451128
vt 0.881818 0.466165
vt 0.872727 0.466165
vt 0.881818 0.451128
vt 0.890909 0.466165
vt 0.818182 0.451128
vt 0.827273 0.466165
vt 0.818182 0.466165
vt 0.827273 0.451128
vt 0.836364 0.466165
vt 0.836364 0.451128
vt 0.845455 0.466165
vt 0.845455 0.451128
vt 0.854545 0.466165
vt 0.854545 0.451128
vt 0.863636 0.466165
vt 0.863636 0.451128
vt 0.863636 0.451128
vt 0.872727 0.466165
vt 0.863636 0.466165
vt 0.854545 0.451128
vt 0.854545 0.466165
vt 0.845455 0.451128
vt 0.845455 0.466165
vt 0.836364 0.451128
vt 0.836364 0.466165
vt 0.827273 0.451128
vt 0.827273 0.466165
vt 0.818182 0.451128
vt 0.818182 0.466165
vt 0.881818 0.451128
vt 0.890909 0.466165
vt 0.881818 0.466165
vt 0.872727 0.451128
vt 0.890909 0.451128
vt 0.890909 0.451128
vn 0.0000 0.0000 -1.0000
vn -1.0000 0.0000 0.0000
vn 0.0000 0.0000 1.0000
vn 1.0000 0.0000 0.0000
vn 0.0000 -0.7071 -0.7071
vn 0.0000 -1.0000 0.0000
vn 0.0000 -0.7071 0.7071
vn 0.0000 0.7071 0.7071
vn 0.0000 1.0000 -0.0000
vn 0.0000 0.7071 -0.7071
v 1.031250 1.625000 0.875000
v 1.093750 1.625000 0.875000
v 1.093750 1.625000 1.000000
v 1.031250 1.625000 1.000000
v 1.031250 2.375000 1.000000
v 1.093750 2.375000 1.000000
v 1.031250 2.375000 0.875000
v 1.093750 2.375000 0.875000
v 1.125000 2.375000 1.062500
v 1.000000 2.375000 1.062500
v 1.125000 2.286612 1.025888
v 1.000000 2.286612 1.025888
v 1.125000 2.250000 0.937500
v 1.000000 2.250000 0.937500
v 1.125000 2.286612 0.849112
v 1.000000 2.286612 0.849112
v 1.125000 2.375000 0.812500
v 1.000000 2.375000 0.812500
v 1.125000 2.463388 0.849112
v 1.000000 2.463388 0.849112
v 1.125000 2.500000 0.937500
v 1.000000 2.500000 0.937500
v 1.125000 2.463388 1.025888
v 1.000000 2.463388 1.025888
v 1.000000 1.713388 1.025888
v 1.125000 1.713388 1.025888
v 1.000000 1.750000 0.937500
v 1.125000 1.750000 0.937500
v 1.000000 1.713388 0.849112
v 1.125000 1.713388 0.849112
v 1.000000 1.625000 0.812500
v 1.125000 1.625000 0.812500
v 1.000000 1.536612 0.849112
v 1.125000 1.536612 0.849112
v 1.000000 1.500000 0.937500
v 1.125000 1.500000 0.937500
v 1.000000 1.536612 1.025888
v 1.125000 1.536612 1.025888
v 1.000000 1.625000 1.062500
v 1.125000 1.625000 1.062500
vt 0.827273 0.646617
vt 0.772727 0.639098
vt 0.827273 0.639098
vt 0.827273 0.661654
vt 0.772727 0.646617
vt 0.827273 0.624060
vt 0.772727 0.616541
vt 0.827273 0.616541
vt 0.772727 0.624060
vt 0.845455 0.496208
vt 0.836383 0.481203
vt 0.845455 0.466198
vt 0.827273 0.496208
vt 0.820859 0.491813
vt 0.833687 0.470593
vt 0.827273 0.496208
vt 0.820859 0.491813
vt 0.833687 0.470593
vt 0.845455 0.496208
vt 0.836383 0.481203
vt 0.845455 0.466198
vt 0.772727 0.661654
vt 0.851869 0.470593
vt 0.854526 0.481203
vt 0.851869 0.491813
vt 0.839040 0.491813
vt 0.839040 0.470593
vt 0.818202 0.481203
vt 0.820859 0.470593
vt 0.827273 0.466198
vt 0.836344 0.481203
vt 0.833687 0.491813
vt 0.818202 0.481203
vt 0.820859 0.470593
vt 0.827273 0.466198
vt 0.836344 0.481203
vt 0.833687 0.491813
vt 0.851869 0.470593
vt 0.854526 0.481203
vt 0.851869 0.491813
vt 0.839040 0.491813
vt 0.839040 0.470593
vt 0.872727 0.451128
vt 0.881818 0.466165
vt 0.872727 0.466165
vt 0.881818 0.451128
vt 0.890909 0.466165
vt 0.818182 0.451128
vt 0.827273 0.466165
vt 0.818182 0.466165
vt 0.827273 0.451128
vt 0.836364 0.466165
vt 0.836364 0.451128
vt 0.845455 0.466165
vt 0.845455 0.451128
vt 0.854545 0.466165
vt 0.854545 0.451128
vt 0.863636 0.466165
vt 0.863636 0.451128
vt 0.863636 0.451128
vt 0.872727 0.466165
vt 0.863636 0.466165
vt 0.854545 0.451128
vt 0.854545 0.466165
vt 0.845455 0.451128
vt 0.845455 0.466165
vt 0.836364 0.451128
vt 0.836364 0.466165
vt 0.827273 0.451128
vt 0.827273 0.466165
vt 0.818182 0.451128
vt 0.818182 0.466165
vt 0.881818 0.451128
vt 0.890909 0.466165
vt 0.881818 0.466165
vt 0.872727 0.451128
vt 0.890909 0.451128
vt 0.890909 0.451128
vn 0.0000 0.0000 1.0000
vn 1.0000 0.0000 0.0000
vn 0.0000 0.0000 -1.0000
vn -1.0000 0.0000 0.0000
vn 0.0000 -0.7071 0.7071
vn 0.0000 -1.0000 -0.0000
vn 0.0000 -0.7071 -0.7071
vn 0.0000 0.7071 -0.7071
vn 0.0000 1.0000 0.0000
vn 0.0000 0.7071 0.7071
v -0.968751 1.625000 0.875000
v -0.906251 1.625000 0.875000
v -0.906251 1.625000 1.000000
v -0.968751 1.625000 1.000000
v -0.968751 2.375000 1.000000
v -0.906251 2.375000 1.000000
v -0.968751 2.375000 0.875000
v -0.906251 2.375000 0.875000
v -0.875001 2.375000 1.062500
v -1.000001 2.375000 1.062500
v -0.875001 2.286612 1.025888
v -1.000001 2.286612 1.025888
v -0.875001 2.250000 0.937500
v -1.000001 2.250000 0.937500
v -0.875001 2.286612 0.849112
v -1.000001 2.286612 0.849112
v -0.875001 2.375000 0.812500
v -1.000001 2.375000 0.812500
v -0.875001 2.463388 0.849112
v -1.000001 2.463388 0.849112
v -0.875001 2.500000 0.937500
v -1.000001 2.500000 0.937500
v -0.875001 2.463388 1.025888
v -1.000001 2.463388 1.025888
v -1.000001 1.713388 1.025888
v -0.875001 1.713388 1.025888
v -1.000001 1.750000 0.937500
v -0.875001 1.750000 0.937500
v -1.000001 1.713388 0.849112
v -0.875001 1.713388 0.849112
v -1.000001 1.625000 0.812500
v -0.875001 1.625000 0.812500
v -1.000001 1.536612 0.849112
v -0.875001 1.536612 0.849112
v -1.000001 1.500000 0.937500
v -0.875001 1.500000 0.937500
v -1.000001 1.536612 1.025888
v -0.875001 1.536612 1.025888
v -1.000001 1.625000 1.062500
v -0.875001 1.625000 1.062500
vt 0.827273 0.646617
vt 0.772727 0.639098
vt 0.827273 0.639098
vt 0.827273 0.661654
vt 0.772727 0.646617
vt 0.827273 0.624060
vt 0.772727 0.616541
vt 0.827273 0.616541
vt 0.772727 0.624060
vt 0.845455 0.496208
vt 0.836383 0.481203
vt 0.845455 0.466198
vt 0.833687 0.491813
vt 0.827273 0.496208
vt 0.820859 0.491813
vt 0.827273 0.496208
vt 0.820859 0.491813
vt 0.833687 0.470593
vt 0.845455 0.496208
vt 0.836383 0.481203
vt 0.845455 0.466198
vt 0.772727 0.661654
vt 0.851869 0.470593
vt 0.854526 0.481203
vt 0.851869 0.491813
vt 0.839040 0.491813
vt 0.839040 0.470593
vt 0.818202 0.481203
vt 0.833687 0.470593
vt 0.820859 0.470593
vt 0.827273 0.466198
vt 0.836344 0.481203
vt 0.818202 0.481203
vt 0.820859 0.470593
vt 0.827273 0.466198
vt 0.836344 0.481203
vt 0.833687 0.491813
vt 0.851869 0.470593
vt 0.854526 0.481203
vt 0.851869 0.491813
vt 0.839040 0.491813
vt 0.839040 0.470593
vt 0.872727 0.451128
vt 0.881818 0.466165
vt 0.872727 0.466165
vt 0.881818 0.451128
vt 0.890909 0.466165
vt 0.818182 0.451128
vt 0.827273 0.466165
vt 0.818182 0.466165
vt 0.827273 0.451128
vt 0.836364 0.466165
vt 0.836364 0.451128
vt 0.845455 0.466165
vt 0.845455 0.451128
vt 0.854545 0.466165
vt 0.863636 0.451128
vt 0.863636 0.466165
vt 0.863636 0.451128
vt 0.872727 0.466165
vt 0.863636 0.466165
vt 0.854545 0.466165
vt 0.845455 0.451128
vt 0.845455 0.466165
vt 0.836364 0.451128
vt 0.836364 0.466165
vt 0.827273 0.451128
vt 0.827273 0.466165
vt 0.818182 0.451128
vt 0.818182 0.466165
vt 0.881818 0.451128
vt 0.890909 0.466165
vt 0.881818 0.466165
vt 0.872727 0.451128
vt 0.890909 0.451128
vt 0.854545 0.451128
vt 0.854545 0.451128
vt 0.890909 0.451128
vn 0.0000 0.0000 1.0000
vn 1.0000 0.0000 0.0000
vn 0.0000 0.0000 -1.0000
vn -1.0000 0.0000 0.0000
vn 0.0000 -0.7071 0.7071
vn 0.0000 -1.0000 0.0000
vn 0.0000 -0.7071 -0.7071
vn 0.0000 0.7071 -0.7071
vn 0.0000 1.0000 0.0000
vn 0.0000 0.7071 0.7071
v -1.000001 2.375000 0.562500
v -1.125001 2.375000 0.562500
v -1.000001 2.286612 0.525888
v -1.125001 2.286612 0.525889
v -1.000001 2.250000 0.437500
v -1.125001 2.250000 0.437500
v -1.000001 2.286612 0.349112
v -1.125001 2.286612 0.349112
v -1.000001 2.375000 0.312500
v -1.125001 2.375000 0.312500
v -1.000001 2.463388 0.349112
v -1.125001 2.463388 0.349112
v -1.000001 2.500000 0.437500
v -1.125001 2.500000 0.437500
v -1.000001 2.463388 0.525888
v -1.125001 2.463388 0.525889
v -1.031251 2.312500 0.937500
v -1.093751 2.312500 0.937500
v -1.031251 2.437500 0.937500
v -1.093751 2.437500 0.937500
v -1.031251 2.437500 0.437500
v -1.031251 2.312500 0.437500
v -1.093751 2.312500 0.437500
v -1.093751 2.437500 0.437500
v -1.125001 2.463388 1.025888
v -1.000001 2.463388 1.025888
v -1.125001 2.500000 0.937500
v -1.000001 2.500000 0.937500
v -1.125001 2.463388 0.849112
v -1.000001 2.463388 0.849112
v -1.125001 2.375000 0.812500
v -1.000001 2.375000 0.812500
v -1.125001 2.286612 0.849112
v -1.000001 2.286612 0.849112
v -1.125001 2.250000 0.937500
v -1.000001 2.250000 0.937500
v -1.125001 2.286612 1.025888
v -1.000001 2.286612 1.025888
v -1.125001 2.375000 1.062500
v -1.000001 2.375000 1.062500
vt 0.845455 0.496208
vt 0.836383 0.481203
vt 0.845455 0.466198
vt 0.833687 0.491813
vt 0.827273 0.496208
vt 0.820859 0.491813
vt 0.863636 0.646617
vt 0.827273 0.639098
vt 0.863636 0.639098
vt 0.863636 0.624060
vt 0.827273 0.616541
vt 0.863636 0.616541
vt 0.827273 0.624060
vt 0.863636 0.661654
vt 0.827273 0.646617
vt 0.827273 0.496208
vt 0.820859 0.491813
vt 0.833687 0.470593
vt 0.854526 0.481203
vt 0.845455 0.496208
vt 0.836383 0.481203
vt 0.851869 0.470593
vt 0.854526 0.481203
vt 0.851869 0.491813
vt 0.839040 0.491813
vt 0.839040 0.470593
vt 0.818202 0.481203
vt 0.833687 0.470593
vt 0.820859 0.470593
vt 0.827273 0.466198
vt 0.836344 0.481203
vt 0.827273 0.661654
vt 0.818202 0.481203
vt 0.820859 0.470593
vt 0.827273 0.466198
vt 0.836344 0.481203
vt 0.833687 0.491813
vt 0.845455 0.466198
vt 0.851869 0.470593
vt 0.851869 0.491813
vt 0.839040 0.491813
vt 0.839040 0.470593
vt 0.872727 0.451128
vt 0.881818 0.466165
vt 0.872727 0.466165
vt 0.890909 0.451128
vt 0.890909 0.466165
vt 0.818182 0.451128
vt 0.827273 0.466165
vt 0.818182 0.466165
vt 0.827273 0.451128
vt 0.836364 0.466165
vt 0.836364 0.451128
vt 0.845455 0.466165
vt 0.845455 0.451128
vt 0.854545 0.466165
vt 0.863636 0.451128
vt 0.863636 0.466165
vt 0.863636 0.451128
vt 0.872727 0.466165
vt 0.863636 0.466165
vt 0.854545 0.451128
vt 0.854545 0.466165
vt 0.845455 0.451128
vt 0.845455 0.466165
vt 0.836364 0.451128
vt 0.836364 0.466165
vt 0.827273 0.466165
vt 0.818182 0.466165
vt 0.827273 0.451128
vt 0.881818 0.466165
vt 0.890909 0.451128
vt 0.890909 0.466165
vt 0.872727 0.451128
vt 0.881818 0.451128
vt 0.854545 0.451128
vt 0.818182 0.451128
vt 0.881818 0.451128
vn -1.0000 0.0000 0.0000
vn 1.0000 0.0000 0.0000
vn 0.0000 1.0000 0.0000
vn 0.0000 -1.0000 0.0000
vn 0.0000 -0.0000 1.0000
vn 0.0000 -0.7071 0.7071
vn 0.0000 -0.7071 -0.7071
vn 0.0000 0.0000 -1.0000
vn 0.0000 0.7071 -0.7071
vn 0.0000 0.7071 0.7071
v -1.000001 2.375000 -0.562500
v -0.875001 2.375000 -0.562500
v -1.000001 2.286612 -0.525888
v -0.875001 2.286612 -0.525888
v -1.000001 2.250000 -0.437500
v -0.875001 2.250000 -0.437500
v -1.000001 2.286612 -0.349111
v -0.875001 2.286612 -0.349111
v -1.000001 2.375000 -0.312500
v -0.875001 2.375000 -0.312500
v -1.000001 2.463388 -0.349111
v -0.875001 2.463388 -0.349111
v -1.000001 2.500000 -0.437500
v -0.875001 2.500000 -0.437500
v -1.000001 2.463388 -0.525888
v -0.875001 2.463388 -0.525888
v -0.968751 2.312500 -0.937500
v -0.906251 2.312500 -0.937500
v -0.968751 2.437500 -0.937500
v -0.906251 2.437500 -0.937500
v -0.968751 2.437500 -0.437500
v -0.968751 2.312500 -0.437500
v -0.906251 2.312500 -0.437500
v -0.906251 2.437500 -0.437500
v -0.875001 2.463388 -1.025888
v -1.000002 2.463388 -1.025888
v -0.875001 2.500000 -0.937500
v -1.000002 2.500000 -0.937500
v -0.875001 2.463388 -0.849112
v -1.000002 2.463388 -0.849112
v -0.875001 2.375000 -0.812500
v -1.000002 2.375000 -0.812500
v -0.875001 2.286612 -0.849112
v -1.000002 2.286612 -0.849112
v -0.875001 2.250000 -0.937500
v -1.000002 2.250000 -0.937500
v -0.875001 2.286612 -1.025888
v -1.000002 2.286612 -1.025888
v -0.875001 2.375000 -1.062500
v -1.000002 2.375000 -1.062500
vt 0.845455 0.496208
vt 0.836383 0.481203
vt 0.845455 0.466198
vt 0.827273 0.496208
vt 0.820859 0.491813
vt 0.833687 0.470593
vt 0.863636 0.646617
vt 0.827273 0.639098
vt 0.863636 0.639098
vt 0.863636 0.624060
vt 0.827273 0.616541
vt 0.863636 0.616541
vt 0.827273 0.624060
vt 0.863636 0.661654
vt 0.827273 0.646617
vt 0.827273 0.496208
vt 0.820859 0.491813
vt 0.833687 0.470593
vt 0.854526 0.481203
vt 0.845455 0.496208
vt 0.836383 0.481203
vt 0.851869 0.470593
vt 0.854526 0.481203
vt 0.851869 0.491813
vt 0.839040 0.491813
vt 0.839040 0.470593
vt 0.818202 0.481203
vt 0.820859 0.470593
vt 0.827273 0.466198
vt 0.836344 0.481203
vt 0.833687 0.491813
vt 0.827273 0.661654
vt 0.818202 0.481203
vt 0.820859 0.470593
vt 0.827273 0.466198
vt 0.836344 0.481203
vt 0.833687 0.491813
vt 0.845455 0.466198
vt 0.851869 0.470593
vt 0.851869 0.491813
vt 0.839040 0.491813
vt 0.839040 0.470593
vt 0.872727 0.451128
vt 0.881818 0.466165
vt 0.872727 0.466165
vt 0.881818 0.451128
vt 0.890909 0.466165
vt 0.818182 0.451128
vt 0.827273 0.466165
vt 0.818182 0.466165
vt 0.827273 0.451128
vt 0.836364 0.466165
vt 0.836364 0.451128
vt 0.845455 0.466165
vt 0.854545 0.451128
vt 0.854545 0.466165
vt 0.863636 0.466165
vt 0.863636 0.451128
vt 0.863636 0.451128
vt 0.872727 0.466165
vt 0.863636 0.466165
vt 0.854545 0.466165
vt 0.845455 0.451128
vt 0.845455 0.466165
vt 0.836364 0.451128
vt 0.836364 0.466165
vt 0.827273 0.451128
vt 0.827273 0.466165
vt 0.818182 0.451128
vt 0.818182 0.466165
vt 0.881818 0.451128
vt 0.890909 0.466165
vt 0.881818 0.466165
vt 0.872727 0.451128
vt 0.890909 0.451128
vt 0.845455 0.451128
vt 0.854545 0.451128
vt 0.890909 0.451128
vn 1.0000 0.0000 -0.0000
vn -1.0000 0.0000 0.0000
vn 0.0000 1.0000 0.0000
vn 0.0000 -1.0000 0.0000
vn 0.0000 0.0000 -1.0000
vn 0.0000 -0.7071 -0.7071
vn 0.0000 -0.7071 0.7071
vn 0.0000 0.0000 1.0000
vn 0.0000 0.7071 0.7071
vn 0.0000 0.7071 -0.7071
v 1.000000 2.375000 -0.562500
v 1.125000 2.375000 -0.562500
v 1.000000 2.286612 -0.525888
v 1.125000 2.286612 -0.525888
v 1.000000 2.250000 -0.437500
v 1.125000 2.250000 -0.437500
v 1.000000 2.286612 -0.349112
v 1.125000 2.286612 -0.349112
v 1.000000 2.375000 -0.312500
v 1.125000 2.375000 -0.312500
v 1.000000 2.463388 -0.349112
v 1.125000 2.463388 -0.349112
v 1.000000 2.500000 -0.437500
v 1.125000 2.500000 -0.437500
v 1.000000 2.463388 -0.525888
v 1.125000 2.463388 -0.525888
v 1.031250 2.312500 -0.937500
v 1.093750 2.312500 -0.937500
v 1.031250 2.437500 -0.937500
v 1.093750 2.437500 -0.937500
v 1.031250 2.437500 -0.437500
v 1.031250 2.312500 -0.437500
v 1.093750 2.312500 -0.437500
v 1.093750 2.437500 -0.437500
v 1.125000 2.463388 -1.025888
v 1.000000 2.463388 -1.025888
v 1.125000 2.500000 -0.937500
v 1.000000 2.500000 -0.937500
v 1.125000 2.463388 -0.849112
v 1.000000 2.463388 -0.849112
v 1.125000 2.375000 -0.812500
v 1.000000 2.375000 -0.812500
v 1.125000 2.286612 -0.849112
v 1.000000 2.286612 -0.849112
v 1.125000 2.250000 -0.937500
v 1.000000 2.250000 -0.937500
v 1.125000 2.286612 -1.025888
v 1.000000 2.286612 -1.025888
v 1.125000 2.375000 -1.062500
v 1.000000 2.375000 -1.062500
vt 0.845455 0.496208
vt 0.836383 0.481203
vt 0.845455 0.466198
vt 0.833687 0.491813
vt 0.827273 0.496208
vt 0.820859 0.491813
vt 0.863636 0.646617
vt 0.827273 0.639098
vt 0.863636 0.639098
vt 0.863636 0.624060
vt 0.827273 0.616541
vt 0.863636 0.616541
vt 0.827273 0.624060
vt 0.863636 0.661654
vt 0.827273 0.646617
vt 0.827273 0.496208
vt 0.820859 0.491813
vt 0.833687 0.470593
vt 0.845455 0.496208
vt 0.836383 0.481203
vt 0.845455 0.466198
vt 0.851869 0.470593
vt 0.854526 0.481203
vt 0.851869 0.491813
vt 0.839040 0.491813
vt 0.839040 0.470593
vt 0.818202 0.481203
vt 0.833687 0.470593
vt 0.820859 0.470593
vt 0.827273 0.466198
vt 0.836344 0.481203
vt 0.827273 0.661654
vt 0.818202 0.481203
vt 0.820859 0.470593
vt 0.827273 0.466198
vt 0.836344 0.481203
vt 0.833687 0.491813
vt 0.851869 0.470593
vt 0.854526 0.481203
vt 0.851869 0.491813
vt 0.839040 0.491813
vt 0.839040 0.470593
vt 0.872727 0.451128
vt 0.881818 0.466165
vt 0.872727 0.466165
vt 0.881818 0.451128
vt 0.890909 0.466165
vt 0.818182 0.451128
vt 0.827273 0.466165
vt 0.818182 0.466165
vt 0.827273 0.451128
vt 0.836364 0.466165
vt 0.836364 0.451128
vt 0.845455 0.466165
vt 0.845455 0.451128
vt 0.854545 0.466165
vt 0.854545 0.451128
vt 0.863636 0.466165
vt 0.863636 0.451128
vt 0.863636 0.451128
vt 0.872727 0.466165
vt 0.863636 0.466165
vt 0.854545 0.451128
vt 0.854545 0.466165
vt 0.845455 0.451128
vt 0.845455 0.466165
vt 0.836364 0.451128
vt 0.836364 0.466165
vt 0.827273 0.451128
vt 0.827273 0.466165
vt 0.818182 0.451128
vt 0.818182 0.466165
vt 0.881818 0.451128
vt 0.890909 0.466165
vt 0.881818 0.466165
vt 0.872727 0.451128
vt 0.890909 0.451128
vt 0.890909 0.451128
vn 1.0000 0.0000 0.0000
vn -1.0000 0.0000 0.0000
vn 0.0000 1.0000 0.0000
vn 0.0000 -1.0000 0.0000
vn 0.0000 0.0000 -1.0000
vn 0.0000 -0.7071 -0.7071
vn 0.0000 -0.7071 0.7071
vn 0.0000 0.0000 1.0000
vn 0.0000 0.7071 0.7071
vn 0.0000 0.7071 -0.7071
v 1.000000 2.375000 0.562500
v 0.875000 2.375000 0.562500
v 1.000000 2.286612 0.525888
v 0.875000 2.286612 0.525888
v 1.000000 2.250000 0.437500
v 0.875000 2.250000 0.437500
v 1.000000 2.286612 0.349112
v 0.875000 2.286612 0.349112
v 1.000000 2.375000 0.312500
v 0.875000 2.375000 0.312500
v 1.000000 2.463388 0.349112
v 0.875000 2.463388 0.349112
v 1.000000 2.500000 0.437500
v 0.875000 2.500000 0.437500
v 1.000000 2.463388 0.525888
v 0.875000 2.463388 0.525888
v 0.968750 2.312500 0.937500
v 0.906250 2.312500 0.937500
v 0.968750 2.437500 0.937500
v 0.906250 2.437500 0.937500
v 0.968750 2.437500 0.437500
v 0.968750 2.312500 0.437500
v 0.906250 2.312500 0.437500
v 0.906250 2.437500 0.437500
v 0.875000 2.463388 1.025888
v 1.000000 2.463388 1.025888
v 0.875000 2.500000 0.937500
v 1.000000 2.500000 0.937500
v 0.875000 2.463388 0.849112
v 1.000000 2.463388 0.849112
v 0.875000 2.375000 0.812500
v 1.000000 2.375000 0.812500
v 0.875000 2.286612 0.849112
v 1.000000 2.286612 0.849112
v 0.875000 2.250000 0.937500
v 1.000000 2.250000 0.937500
v 0.875000 2.286612 1.025888
v 1.000000 2.286612 1.025888
v 0.875000 2.375000 1.062500
v 1.000000 2.375000 1.062500
vt 0.854526 0.481203
vt 0.845455 0.496208
vt 0.836383 0.481203
vt 0.827273 0.496208
vt 0.820859 0.491813
vt 0.833687 0.470593
vt 0.863636 0.646617
vt 0.827273 0.639098
vt 0.863636 0.639098
vt 0.863636 0.624060
vt 0.827273 0.616541
vt 0.863636 0.616541
vt 0.827273 0.624060
vt 0.863636 0.661654
vt 0.827273 0.646617
vt 0.827273 0.496208
vt 0.820859 0.491813
vt 0.833687 0.470593
vt 0.845455 0.496208
vt 0.836383 0.481203
vt 0.845455 0.466198
vt 0.845455 0.466198
vt 0.851869 0.470593
vt 0.851869 0.491813
vt 0.839040 0.491813
vt 0.839040 0.470593
vt 0.818202 0.481203
vt 0.820859 0.470593
vt 0.827273 0.466198
vt 0.836344 0.481203
vt 0.833687 0.491813
vt 0.827273 0.661654
vt 0.818202 0.481203
vt 0.820859 0.470593
vt 0.827273 0.466198
vt 0.836344 0.481203
vt 0.833687 0.491813
vt 0.851869 0.470593
vt 0.854526 0.481203
vt 0.851869 0.491813
vt 0.839040 0.491813
vt 0.839040 0.470593
vt 0.872727 0.451128
vt 0.881818 0.466165
vt 0.872727 0.466165
vt 0.881818 0.451128
vt 0.890909 0.466165
vt 0.818182 0.451128
vt 0.827273 0.466165
vt 0.818182 0.466165
vt 0.827273 0.451128
vt 0.836364 0.466165
vt 0.836364 0.451128
vt 0.845455 0.466165
vt 0.854545 0.451128
vt 0.854545 0.466165
vt 0.863636 0.466165
vt 0.863636 0.451128
vt 0.863636 0.451128
vt 0.872727 0.466165
vt 0.863636 0.466165
vt 0.854545 0.466165
vt 0.845455 0.451128
vt 0.845455 0.466165
vt 0.836364 0.451128
vt 0.836364 0.466165
vt 0.827273 0.451128
vt 0.827273 0.466165
vt 0.818182 0.451128
vt 0.818182 0.466165
vt 0.881818 0.451128
vt 0.890909 0.466165
vt 0.881818 0.466165
vt 0.872727 0.451128
vt 0.890909 0.451128
vt 0.845455 0.451128
vt 0.854545 0.451128
vt 0.890909 0.451128
vn -1.0000 0.0000 0.0000
vn 1.0000 0.0000 0.0000
vn 0.0000 1.0000 0.0000
vn 0.0000 -1.0000 0.0000
vn 0.0000 -0.0000 1.0000
vn 0.0000 -0.7071 0.7071
vn 0.0000 -0.7071 -0.7071
vn 0.0000 0.0000 -1.0000
vn 0.0000 0.7071 -0.7071
vn 0.0000 0.7071 0.7071
v 1.125000 2.750000 0.000000
v 0.875000 2.750000 0.000000
v 1.125000 2.750000 0.250000
v 0.875000 2.750000 0.250000
v 1.125000 2.000000 0.250000
v 1.125000 2.000000 0.000000
v 0.875000 2.000000 0.000000
v 0.875000 2.000000 0.250000
v 0.750000 2.625000 0.093750
v 0.750000 2.125000 0.093750
v 0.750000 2.625000 0.156250
v 0.750000 2.125000 0.156250
v 0.875000 2.625000 0.093750
v 0.875000 2.125000 0.093750
v 0.875000 2.625000 0.156250
v 0.875000 2.125000 0.156250
v 0.812500 2.562500 0.093750
v 0.812500 2.187500 0.093750
v 0.812500 2.562500 0.156250
v 0.812500 2.187500 0.156250
v 0.875000 2.562500 0.093750
v 0.875000 2.187500 0.093750
v 0.875000 2.562500 0.156250
v 0.875000 2.187500 0.156250
v 1.250001 2.625000 0.156250
v 1.250001 2.125000 0.156250
v 1.250001 2.625000 0.093750
v 1.250001 2.125000 0.093750
v 1.125001 2.625000 0.156250
v 1.125001 2.125000 0.156250
v 1.125001 2.625000 0.093750
v 1.125001 2.125000 0.093750
v 1.187501 2.562500 0.156250
v 1.187501 2.187500 0.156250
v 1.187501 2.562500 0.093750
v 1.187501 2.187500 0.093750
v 1.125001 2.562500 0.156250
v 1.125001 2.187500 0.156250
v 1.125001 2.562500 0.093750
v 1.125001 2.187500 0.093750
v 1.130000 2.125000 0.234375
v 1.130000 2.125000 0.171875
v 1.130000 2.500000 0.234375
v 1.130000 2.500000 0.171875
v 1.000000 2.463388 0.525888
v 1.125000 2.463388 0.525888
v 1.000000 2.500000 0.437500
v 1.125000 2.500000 0.437500
v 1.000000 2.463388 0.349112
v 1.125000 2.463388 0.349112
v 1.000000 2.375000 0.312500
v 1.125000 2.375000 0.312500
v 1.000000 2.286612 0.349112
v 1.125000 2.286612 0.349112
v 1.000000 2.250000 0.437500
v 1.125000 2.250000 0.437500
v 1.000000 2.286612 0.525888
v 1.125000 2.286612 0.525888
v 1.000000 2.375000 0.562500
v 1.125000 2.375000 0.562500
v 1.062500 2.500000 0.250000
v 0.937500 2.500000 0.250000
v 1.062500 2.500000 0.437500
v 0.937500 2.500000 0.437500
v 1.062500 2.250000 0.437500
v 0.937500 2.250000 0.437500
v 1.062500 2.250000 0.250000
v 0.937500 2.250000 0.250000
vt 0.909091 0.781955
vt 0.927273 0.751880
vt 0.927273 0.781955
vt 0.927273 0.661654
vt 0.909091 0.631579
vt 0.927273 0.631579
vt 0.963636 0.751880
vt 0.981818 0.661654
vt 0.981818 0.751880
vt 0.945455 0.661654
vt 0.945455 0.751880
vt 0.909091 0.751880
vt 0.963636 0.661654
vt 0.986364 0.526316
vt 0.990909 0.586466
vt 0.986364 0.586466
vt 0.990909 0.511278
vt 0.990909 0.526316
vt 0.986364 0.601504
vt 1.000000 0.578947
vt 0.995455 0.533835
vt 1.000000 0.533835
vt 0.995455 0.511278
vt 1.000000 0.518797
vt 0.995455 0.518797
vt 1.000000 0.601504
vt 0.995455 0.593985
vt 1.000000 0.593985
vt 0.981818 0.593985
vt 0.990909 0.601504
vt 0.995455 0.601504
vt 0.995455 0.578947
vt 0.981818 0.533835
vt 0.986364 0.511278
vt 0.981818 0.518797
vt 0.981818 0.511278
vt 0.986364 0.526316
vt 0.990909 0.586466
vt 0.986364 0.586466
vt 0.990909 0.511278
vt 0.990909 0.526316
vt 0.986364 0.601504
vt 1.000000 0.578947
vt 0.995455 0.533835
vt 1.000000 0.533835
vt 0.995455 0.511278
vt 1.000000 0.518797
vt 0.995455 0.518797
vt 1.000000 0.601504
vt 0.995455 0.593985
vt 1.000000 0.593985
vt 0.981818 0.593985
vt 0.990909 0.601504
vt 0.995455 0.601504
vt 0.995455 0.578947
vt 0.981818 0.533835
vt 0.986364 0.511278
vt 0.981818 0.518797
vt 0.981818 0.511278
vt 0.136364 0.939850
vt 0.000000 0.902256
vt 0.136364 0.902256
vt 0.833687 0.491813
vt 0.827273 0.496208
vt 0.820859 0.491813
vt 0.845455 0.496208
vt 0.836383 0.481203
vt 0.845455 0.466198
vt 0.822727 0.578947
vt 0.831818 0.601504
vt 0.822727 0.601504
vt 0.850000 0.616541
vt 0.831818 0.616541
vt 0.850000 0.601504
vt 0.859091 0.578947
vt 0.859091 0.601504
vt 0.850000 0.578947
vt 0.831818 0.578947
vt 0.877273 0.578947
vt 0.877273 0.601504
vt 0.909091 0.661654
vt 1.000000 0.511278
vt 0.981818 0.601504
vt 0.981818 0.578947
vt 1.000000 0.511278
vt 0.981818 0.601504
vt 0.981818 0.578947
vt 0.000000 0.939850
vt 0.818202 0.481203
vt 0.833687 0.470593
vt 0.820859 0.470593
vt 0.827273 0.466198
vt 0.836344 0.481203
vt 0.851869 0.470593
vt 0.854526 0.481203
vt 0.851869 0.491813
vt 0.839040 0.491813
vt 0.839040 0.470593
vt 0.863636 0.451128
vt 0.872727 0.466165
vt 0.863636 0.466165
vt 0.854545 0.451128
vt 0.854545 0.466165
vt 0.845455 0.451128
vt 0.845455 0.466165
vt 0.836364 0.451128
vt 0.836364 0.466165
vt 0.827273 0.451128
vt 0.827273 0.466165
vt 0.818182 0.451128
vt 0.818182 0.466165
vt 0.881818 0.451128
vt 0.890909 0.466165
vt 0.881818 0.466165
vt 0.872727 0.451128
vt 0.890909 0.451128
vn 0.0000 1.0000 0.0000
vn 0.0000 -1.0000 0.0000
vn -1.0000 0.0000 0.0000
vn 1.0000 0.0000 0.0000
vn 0.0000 0.0000 1.0000
vn 0.0000 0.0000 -1.0000
vn 0.0000 0.7071 0.7071
vn 0.0000 0.7071 -0.7071
vn 0.0000 -0.7071 -0.7071
vn 0.0000 -0.7071 0.7071
v -1.125001 2.750000 0.000000
v -0.875001 2.750000 0.000000
v -1.125001 2.750000 -0.250000
v -0.875001 2.750000 -0.250000
v -1.125001 2.000000 -0.250000
v -1.125001 2.000000 0.000000
v -0.875001 2.000000 0.000000
v -0.875001 2.000000 -0.250000
v -0.750001 2.625000 -0.093750
v -0.750001 2.125000 -0.093750
v -0.750001 2.625000 -0.156250
v -0.750001 2.125000 -0.156250
v -0.875001 2.625000 -0.093750
v -0.875001 2.125000 -0.093750
v -0.875001 2.625000 -0.156250
v -0.875001 2.125000 -0.156250
v -0.812501 2.562500 -0.093750
v -0.812501 2.187500 -0.093750
v -0.812501 2.562500 -0.156250
v -0.812501 2.187500 -0.156250
v -0.875001 2.562500 -0.093750
v -0.875001 2.187500 -0.093750
v -0.875001 2.562500 -0.156250
v -0.875001 2.187500 -0.156250
v -1.250002 2.625000 -0.156250
v -1.250002 2.125000 -0.156250
v -1.250002 2.625000 -0.093750
v -1.250002 2.125000 -0.093750
v -1.125002 2.625000 -0.156250
v -1.125002 2.125000 -0.156250
v -1.125002 2.625000 -0.093750
v -1.125002 2.125000 -0.093750
v -1.187502 2.562500 -0.156250
v -1.187502 2.187500 -0.156250
v -1.187502 2.562500 -0.093750
v -1.187502 2.187500 -0.093750
v -1.125002 2.562500 -0.156250
v -1.125002 2.187500 -0.156250
v -1.125002 2.562500 -0.093750
v -1.125002 2.187500 -0.093750
v -1.130001 2.125000 -0.234375
v -1.130001 2.125000 -0.171875
v -1.130001 2.500000 -0.234375
v -1.130001 2.500000 -0.171875
v -1.000001 2.463388 -0.525888
v -1.125001 2.463388 -0.525888
v -1.000001 2.500000 -0.437500
v -1.125001 2.500000 -0.437500
v -1.000001 2.463388 -0.349111
v -1.125001 2.463388 -0.349111
v -1.000001 2.375000 -0.312500
v -1.125001 2.375000 -0.312500
v -1.000001 2.286612 -0.349111
v -1.125001 2.286612 -0.349111
v -1.000001 2.250000 -0.437500
v -1.125001 2.250000 -0.437500
v -1.000001 2.286612 -0.525888
v -1.125001 2.286612 -0.525888
v -1.000001 2.375000 -0.562500
v -1.125001 2.375000 -0.562500
v -1.062501 2.500000 -0.250000
v -0.937501 2.500000 -0.250000
v -1.062501 2.500000 -0.437500
v -0.937501 2.500000 -0.437500
v -1.062501 2.250000 -0.437500
v -0.937501 2.250000 -0.437500
v -1.062501 2.250000 -0.250000
v -0.937501 2.250000 -0.250000
vt 0.909091 0.781955
vt 0.927273 0.751880
vt 0.927273 0.781955
vt 0.927273 0.661654
vt 0.909091 0.631579
vt 0.927273 0.631579
vt 0.963636 0.751880
vt 0.981818 0.661654
vt 0.981818 0.751880
vt 0.945455 0.661654
vt 0.945455 0.751880
vt 0.909091 0.751880
vt 0.963636 0.661654
vt 0.986364 0.526316
vt 0.990909 0.586466
vt 0.986364 0.586466
vt 0.990909 0.511278
vt 0.990909 0.526316
vt 0.986364 0.601504
vt 1.000000 0.578947
vt 0.995455 0.533835
vt 1.000000 0.533835
vt 0.995455 0.511278
vt 1.000000 0.518797
vt 0.995455 0.518797
vt 1.000000 0.601504
vt 0.995455 0.593985
vt 1.000000 0.593985
vt 0.981818 0.593985
vt 0.990909 0.601504
vt 0.995455 0.601504
vt 0.995455 0.578947
vt 0.981818 0.533835
vt 0.986364 0.511278
vt 0.981818 0.518797
vt 0.981818 0.511278
vt 0.986364 0.526316
vt 0.990909 0.586466
vt 0.986364 0.586466
vt 0.990909 0.511278
vt 0.990909 0.526316
vt 0.986364 0.601504
vt 1.000000 0.578947
vt 0.995455 0.533835
vt 1.000000 0.533835
vt 0.995455 0.511278
vt 1.000000 0.518797
vt 0.995455 0.518797
vt 1.000000 0.601504
vt 0.995455 0.593985
vt 1.000000 0.593985
vt 0.981818 0.593985
vt 0.990909 0.601504
vt 0.995455 0.601504
vt 0.995455 0.578947
vt 0.981818 0.533835
vt 0.986364 0.511278
vt 0.981818 0.518797
vt 0.981818 0.511278
vt 0.136364 0.977444
vt 0.000000 0.939850
vt 0.136364 0.939850
vt 0.827273 0.496208
vt 0.820859 0.491813
vt 0.833687 0.470593
vt 0.845455 0.496208
vt 0.836383 0.481203
vt 0.845455 0.466198
vt 0.822727 0.578947
vt 0.831818 0.601504
vt 0.822727 0.601504
vt 0.850000 0.616541
vt 0.831818 0.616541
vt 0.850000 0.601504
vt 0.859091 0.578947
vt 0.859091 0.601504
vt 0.850000 0.578947
vt 0.831818 0.578947
vt 0.877273 0.578947
vt 0.877273 0.601504
vt 0.909091 0.661654
vt 1.000000 0.511278
vt 0.981818 0.601504
vt 0.981818 0.578947
vt 1.000000 0.511278
vt 0.981818 0.601504
vt 0.981818 0.578947
vt 0.000000 0.977444
vt 0.818202 0.481203
vt 0.820859 0.470593
vt 0.827273 0.466198
vt 0.836344 0.481203
vt 0.833687 0.491813
vt 0.851869 0.470593
vt 0.854526 0.481203
vt 0.851869 0.491813
vt 0.839040 0.491813
vt 0.839040 0.470593
vt 0.863636 0.466165
vt 0.872727 0.451128
vt 0.872727 0.466165
vt 0.854545 0.451128
vt 0.854545 0.466165
vt 0.845455 0.451128
vt 0.845455 0.466165
vt 0.836364 0.451128
vt 0.836364 0.466165
vt 0.827273 0.451128
vt 0.827273 0.466165
vt 0.818182 0.451128
vt 0.818182 0.466165
vt 0.881818 0.451128
vt 0.890909 0.466165
vt 0.881818 0.466165
vt 0.863636 0.451128
vt 0.890909 0.451128
vn 0.0000 1.0000 0.0000
vn 0.0000 -1.0000 0.0000
vn 1.0000 0.0000 0.0000
vn -1.0000 0.0000 0.0000
vn -0.0000 0.0000 -1.0000
vn 0.0000 0.0000 1.0000
vn -0.0000 0.7071 -0.7071
vn 0.0000 0.7071 0.7071
vn 0.0000 -0.7071 0.7071
vn -0.0000 -0.7071 -0.7071
v -1.062501 2.875000 -0.062500
v -0.937501 2.875000 -0.062500
v -1.062501 2.875000 -0.187500
v -0.937501 2.875000 -0.187500
v -1.062501 1.500000 -0.187500
v -1.062501 1.625000 -0.062500
v -0.937501 1.625000 -0.062500
v -0.937501 1.500000 -0.187500
v -0.937501 1.500000 -0.437500
v -0.937501 1.750000 -0.437500
v -0.937501 1.500000 -0.187500
v -0.937501 1.750000 -0.187500
v -1.062501 1.500000 -0.437500
v -1.062501 1.750000 -0.437500
v -1.062501 1.500000 -0.187500
v -1.062501 1.750000 -0.187500
vt 0.872727 0.977444
vt 0.881818 0.962406
vt 0.881818 0.977444
vt 0.909091 0.962406
vt 0.900000 0.812030
vt 0.909091 0.796992
vt 0.890909 0.812030
vt 0.890909 0.962406
vt 0.872727 0.962406
vt 0.881818 0.796992
vt 0.900000 0.962406
vt 0.809091 0.721804
vt 0.790909 0.691729
vt 0.809091 0.691729
vt 0.836364 0.721804
vt 0.818182 0.691729
vt 0.836364 0.691729
vt 0.818182 0.721804
vt 0.818182 0.661654
vt 0.809091 0.661654
vt 0.809091 0.751880
vt 0.818182 0.751880
vt 0.900000 0.796992
vt 0.890909 0.796992
vt 0.872727 0.796992
vt 0.790909 0.721804
vn 0.0000 1.0000 0.0000
vn 1.0000 0.0000 0.0000
vn -1.0000 0.0000 0.0000
vn 0.0000 0.0000 -1.0000
vn 0.0000 0.0000 1.0000
vn 0.0000 -1.0000 0.0000
vn 0.0000 -0.7071 0.7071
v 1.062500 2.875000 0.062500
v 0.937500 2.875000 0.062500
v 1.062500 2.875000 0.187500
v 0.937500 2.875000 0.187500
v 1.062500 1.500000 0.187500
v 1.062500 1.625000 0.062500
v 0.937500 1.625000 0.062500
v 0.937500 1.500000 0.187500
v 0.937500 1.500000 0.437500
v 0.937500 1.750000 0.437500
v 0.937500 1.500000 0.187500
v 0.937500 1.750000 0.187500
v 1.062500 1.500000 0.437500
v 1.062500 1.750000 0.437500
v 1.062500 1.500000 0.187500
v 1.062500 1.750000 0.187500
vt 0.872727 0.977444
vt 0.881818 0.962406
vt 0.881818 0.977444
vt 0.909091 0.962406
vt 0.900000 0.812030
vt 0.909091 0.796992
vt 0.890909 0.812030
vt 0.890909 0.962406
vt 0.872727 0.962406
vt 0.881818 0.796992
vt 0.900000 0.962406
vt 0.809091 0.721804
vt 0.790909 0.691729
vt 0.809091 0.691729
vt 0.836364 0.721804
vt 0.818182 0.691729
vt 0.836364 0.691729
vt 0.818182 0.721804
vt 0.818182 0.661654
vt 0.809091 0.661654
vt 0.809091 0.751880
vt 0.818182 0.751880
vt 0.900000 0.796992
vt 0.890909 0.796992
vt 0.872727 0.796992
vt 0.790909 0.721804
vn 0.0000 1.0000 0.0000
vn -1.0000 0.0000 0.0000
vn 1.0000 0.0000 0.0000
vn 0.0000 0.0000 1.0000
vn 0.0000 0.0000 -1.0000
vn 0.0000 -1.0000 0.0000
vn 0.0000 -0.7071 -0.7071
v -1.000001 2.463388 0.525888
v -0.875001 2.463388 0.525888
v -1.000001 2.500000 0.437500
v -0.875001 2.500000 0.437500
v -1.000001 2.463388 0.349112
v -0.875001 2.463388 0.349112
v -1.000001 2.375000 0.312500
v -0.875001 2.375000 0.312500
v -1.000001 2.286612 0.349112
v -0.875001 2.286612 0.349112
v -1.000001 2.250000 0.437500
v -0.875001 2.250000 0.437500
v -1.000001 2.286612 0.525888
v -0.875001 2.286612 0.525888
v -1.000001 2.375000 0.562500
v -0.875001 2.375000 0.562500
v -0.875001 2.750000 0.000000
v -1.125001 2.750000 0.000000
v -0.875001 2.750000 0.250000
v -1.125001 2.750000 0.250000
v -0.875001 1.750000 0.250000
v -0.875001 1.750000 0.000000
v -1.125001 1.750000 0.000000
v -1.125001 1.750000 0.250000
v -0.937501 2.500000 0.250000
v -1.062501 2.500000 0.250000
v -0.937501 2.500000 0.437500
v -1.062501 2.500000 0.437500
v -0.937501 2.250000 0.437500
v -1.062501 2.250000 0.437500
v -0.937501 2.250000 0.250000
v -1.062501 2.250000 0.250000
v -1.250001 2.625000 0.093750
v -1.250001 1.875000 0.093750
v -1.250001 2.625000 0.156250
v -1.250001 1.875000 0.156250
v -1.125001 2.625000 0.093750
v -1.125001 1.875000 0.093750
v -1.125001 2.625000 0.156250
v -1.125001 1.875000 0.156250
v -1.187501 2.562500 0.093750
v -1.187501 1.937500 0.093750
v -1.187501 2.562500 0.156250
v -1.187501 1.937500 0.156250
v -1.125001 2.562500 0.093750
v -1.125001 1.937500 0.093750
v -1.125001 2.562500 0.156250
v -1.125001 1.937500 0.156250
v -0.750000 2.625000 0.156250
v -0.750000 1.875000 0.156250
v -0.750000 2.625000 0.093750
v -0.750000 1.875000 0.093750
v -0.875000 2.625000 0.156250
v -0.875000 1.875000 0.156250
v -0.875000 2.625000 0.093750
v -0.875000 1.875000 0.093750
v -0.812500 2.562500 0.156250
v -0.812500 1.937500 0.156250
v -0.812500 2.562500 0.093750
v -0.812500 1.937500 0.093750
v -0.875000 2.562500 0.156250
v -0.875000 1.937500 0.156250
v -0.875000 2.562500 0.093750
v -0.875000 1.937500 0.093750
v -0.870001 1.875000 0.234375
v -0.870001 1.875000 0.171875
v -0.870001 2.250000 0.234375
v -0.870001 2.250000 0.171875
vt 0.833687 0.491813
vt 0.827273 0.496208
vt 0.820859 0.491813
vt 0.854526 0.481203
vt 0.845455 0.496208
vt 0.836383 0.481203
vt 0.927273 0.631579
vt 0.909091 0.601504
vt 0.927273 0.601504
vt 0.927273 0.451128
vt 0.909091 0.481203
vt 0.909091 0.451128
vt 0.963636 0.601504
vt 0.981818 0.481203
vt 0.981818 0.601504
vt 0.945455 0.481203
vt 0.945455 0.601504
vt 0.927273 0.481203
vt 0.963636 0.481203
vt 0.831818 0.578947
vt 0.822727 0.601504
vt 0.822727 0.578947
vt 0.831818 0.601504
vt 0.850000 0.616541
vt 0.831818 0.616541
vt 0.850000 0.601504
vt 0.859091 0.578947
vt 0.859091 0.601504
vt 0.850000 0.578947
vt 0.877273 0.578947
vt 0.877273 0.601504
vt 0.986364 0.406015
vt 0.990909 0.496241
vt 0.986364 0.496241
vt 0.990909 0.390977
vt 0.990909 0.406015
vt 0.990909 0.511278
vt 0.986364 0.511278
vt 1.000000 0.488722
vt 0.995455 0.413534
vt 1.000000 0.413534
vt 0.995455 0.390977
vt 1.000000 0.398496
vt 0.995455 0.398496
vt 1.000000 0.503759
vt 0.995455 0.511278
vt 0.995455 0.503759
vt 0.981818 0.503759
vt 0.995455 0.488722
vt 0.981818 0.413534
vt 0.986364 0.390977
vt 0.981818 0.398496
vt 0.981818 0.390977
vt 0.986364 0.406015
vt 0.990909 0.496241
vt 0.986364 0.496241
vt 0.990909 0.390977
vt 0.990909 0.406015
vt 0.986364 0.511278
vt 1.000000 0.488722
vt 0.995455 0.413534
vt 1.000000 0.413534
vt 0.995455 0.390977
vt 1.000000 0.398496
vt 0.995455 0.398496
vt 1.000000 0.511278
vt 0.995455 0.503759
vt 1.000000 0.503759
vt 0.981818 0.503759
vt 0.990909 0.511278
vt 0.995455 0.511278
vt 0.995455 0.488722
vt 0.981818 0.413534
vt 0.986364 0.390977
vt 0.981818 0.398496
vt 0.981818 0.390977
vt 0.272727 0.977444
vt 0.136364 0.939850
vt 0.272727 0.939850
vt 0.818202 0.481203
vt 0.833687 0.470593
vt 0.820859 0.470593
vt 0.827273 0.466198
vt 0.836344 0.481203
vt 0.845455 0.466198
vt 0.851869 0.470593
vt 0.851869 0.491813
vt 0.839040 0.491813
vt 0.839040 0.470593
vt 0.909091 0.631579
vt 1.000000 0.390977
vt 1.000000 0.511278
vt 0.981818 0.511278
vt 0.981818 0.488722
vt 1.000000 0.390977
vt 0.981818 0.511278
vt 0.981818 0.488722
vt 0.136364 0.977444
vt 0.863636 0.451128
vt 0.872727 0.466165
vt 0.863636 0.466165
vt 0.854545 0.451128
vt 0.854545 0.466165
vt 0.845455 0.451128
vt 0.845455 0.466165
vt 0.836364 0.451128
vt 0.836364 0.466165
vt 0.827273 0.451128
vt 0.827273 0.466165
vt 0.818182 0.451128
vt 0.818182 0.466165
vt 0.881818 0.451128
vt 0.890909 0.466165
vt 0.881818 0.466165
vt 0.872727 0.451128
vt 0.890909 0.451128
vn 1.0000 0.0000 0.0000
vn -1.0000 0.0000 0.0000
vn 0.0000 1.0000 0.0000
vn 0.0000 -1.0000 0.0000
vn 0.0000 0.0000 1.0000
vn -0.0000 0.0000 -1.0000
vn 0.0000 0.7071 0.7071
vn 0.0000 0.7071 -0.7071
vn 0.0000 -0.7071 -0.7071
vn 0.0000 -0.7071 0.7071
v 1.000000 2.463388 -0.525888
v 0.875000 2.463388 -0.525888
v 1.000000 2.500000 -0.437500
v 0.875000 2.500000 -0.437500
v 1.000000 2.463388 -0.349112
v 0.875000 2.463388 -0.349112
v 1.000000 2.375000 -0.312500
v 0.875000 2.375000 -0.312500
v 1.000000 2.286612 -0.349112
v 0.875000 2.286612 -0.349112
v 1.000000 2.250000 -0.437500
v 0.875000 2.250000 -0.437500
v 1.000000 2.286612 -0.525888
v 0.875000 2.286612 -0.525888
v 1.000000 2.375000 -0.562500
v 0.875000 2.375000 -0.562500
v 0.875000 2.750000 0.000000
v 1.125000 2.750000 0.000000
v 0.875000 2.750000 -0.250000
v 1.125000 2.750000 -0.250000
v 0.875000 1.750000 -0.250000
v 0.875000 1.750000 0.000000
v 1.125000 1.750000 0.000000
v 1.125000 1.750000 -0.250000
v 0.937500 2.500000 -0.250000
v 1.062500 2.500000 -0.250000
v 0.937500 2.500000 -0.437500
v 1.062500 2.500000 -0.437500
v 0.937500 2.250000 -0.437500
v 1.062500 2.250000 -0.437500
v 0.937500 2.250000 -0.250000
v 1.062500 2.250000 -0.250000
v 1.250000 2.625000 -0.093750
v 1.250000 1.875000 -0.093750
v 1.250000 2.625000 -0.156250
v 1.250000 1.875000 -0.156250
v 1.125000 2.625000 -0.093750
v 1.125000 1.875000 -0.093750
v 1.125000 2.625000 -0.156250
v 1.125000 1.875000 -0.156250
v 1.187500 2.562500 -0.093750
v 1.187500 1.937500 -0.093750
v 1.187500 2.562500 -0.156250
v 1.187500 1.937500 -0.156250
v 1.125000 2.562500 -0.093750
v 1.125000 1.937500 -0.093750
v 1.125000 2.562500 -0.156250
v 1.125000 1.937500 -0.156250
v 0.749999 2.625000 -0.156250
v 0.749999 1.875000 -0.156250
v 0.749999 2.625000 -0.093750
v 0.749999 1.875000 -0.093750
v 0.874999 2.625000 -0.156250
v 0.874999 1.875000 -0.156250
v 0.874999 2.625000 -0.093750
v 0.874999 1.875000 -0.093750
v 0.812499 2.562500 -0.156250
v 0.812499 1.937500 -0.156250
v 0.812499 2.562500 -0.093750
v 0.812499 1.937500 -0.093750
v 0.874999 2.562500 -0.156250
v 0.874999 1.937500 -0.156250
v 0.874999 2.562500 -0.093750
v 0.874999 1.937500 -0.093750
v 0.870000 1.875000 -0.234375
v 0.870000 1.875000 -0.171875
v 0.870000 2.250000 -0.234375
v 0.870000 2.250000 -0.171875
vt 0.827273 0.496208
vt 0.820859 0.491813
vt 0.833687 0.470593
vt 0.845455 0.496208
vt 0.836383 0.481203
vt 0.845455 0.466198
vt 0.927273 0.631579
vt 0.909091 0.601504
vt 0.927273 0.601504
vt 0.927273 0.451128
vt 0.909091 0.481203
vt 0.909091 0.451128
vt 0.963636 0.601504
vt 0.981818 0.481203
vt 0.981818 0.601504
vt 0.945455 0.481203
vt 0.945455 0.601504
vt 0.927273 0.481203
vt 0.963636 0.481203
vt 0.831818 0.578947
vt 0.822727 0.601504
vt 0.822727 0.578947
vt 0.831818 0.601504
vt 0.850000 0.616541
vt 0.831818 0.616541
vt 0.850000 0.601504
vt 0.859091 0.578947
vt 0.859091 0.601504
vt 0.850000 0.578947
vt 0.877273 0.578947
vt 0.877273 0.601504
vt 0.986364 0.406015
vt 0.990909 0.496241
vt 0.986364 0.496241
vt 0.990909 0.390977
vt 0.990909 0.406015
vt 0.986364 0.511278
vt 1.000000 0.488722
vt 0.995455 0.413534
vt 1.000000 0.413534
vt 0.995455 0.390977
vt 1.000000 0.398496
vt 0.995455 0.398496
vt 1.000000 0.511278
vt 0.995455 0.503759
vt 1.000000 0.503759
vt 0.981818 0.503759
vt 0.990909 0.511278
vt 0.995455 0.511278
vt 0.995455 0.488722
vt 0.981818 0.413534
vt 0.986364 0.390977
vt 0.981818 0.398496
vt 0.981818 0.390977
vt 0.986364 0.406015
vt 0.990909 0.496241
vt 0.986364 0.496241
vt 0.990909 0.390977
vt 0.990909 0.406015
vt 0.986364 0.511278
vt 1.000000 0.488722
vt 0.995455 0.413534
vt 1.000000 0.413534
vt 0.995455 0.390977
vt 1.000000 0.398496
vt 0.995455 0.398496
vt 1.000000 0.511278
vt 0.995455 0.503759
vt 1.000000 0.503759
vt 0.981818 0.503759
vt 0.990909 0.511278
vt 0.995455 0.511278
vt 0.995455 0.488722
vt 0.981818 0.413534
vt 0.986364 0.390977
vt 0.981818 0.398496
vt 0.981818 0.390977
vt 0.272727 0.939850
vt 0.136364 0.902256
vt 0.272727 0.902256
vt 0.818202 0.481203
vt 0.820859 0.470593
vt 0.827273 0.466198
vt 0.836344 0.481203
vt 0.833687 0.491813
vt 0.851869 0.470593
vt 0.854526 0.481203
vt 0.851869 0.491813
vt 0.839040 0.491813
vt 0.839040 0.470593
vt 0.909091 0.631579
vt 1.000000 0.390977
vt 0.981818 0.511278
vt 0.981818 0.488722
vt 1.000000 0.390977
vt 0.981818 0.511278
vt 0.981818 0.488722
vt 0.136364 0.939850
vt 0.863636 0.451128
vt 0.872727 0.466165
vt 0.863636 0.466165
vt 0.854545 0.451128
vt 0.854545 0.466165
vt 0.845455 0.451128
vt 0.845455 0.466165
vt 0.836364 0.451128
vt 0.836364 0.466165
vt 0.827273 0.451128
vt 0.827273 0.466165
vt 0.818182 0.451128
vt 0.818182 0.466165
vt 0.881818 0.451128
vt 0.890909 0.466165
vt 0.881818 0.466165
vt 0.872727 0.451128
vt 0.890909 0.451128
vn -1.0000 0.0000 0.0000
vn 1.0000 0.0000 0.0000
vn 0.0000 1.0000 0.0000
vn 0.0000 -1.0000 0.0000
vn 0.0000 0.0000 -1.0000
vn 0.0000 0.0000 1.0000
vn 0.0000 0.7071 -0.7071
vn 0.0000 0.7071 0.7071
vn 0.0000 -0.7071 0.7071
vn 0.0000 -0.7071 -0.7071
v -0.937501 2.875000 0.062500
v -1.062501 2.875000 0.062500
v -0.937501 2.875000 0.187500
v -1.062501 2.875000 0.187500
v -0.937501 1.625000 0.187500
v -0.937501 1.625000 0.062500
v -1.062501 1.625000 0.062500
v -1.062501 1.625000 0.187500
v -1.000001 1.375000 0.125000
vt 0.872727 0.796992
vt 0.881818 0.781955
vt 0.881818 0.796992
vt 0.900000 0.781955
vt 0.909091 0.631579
vt 0.909091 0.781955
vt 0.890909 0.631579
vt 0.890909 0.781955
vt 0.872727 0.781955
vt 0.881818 0.631579
vt 0.900000 0.631579
vt 0.886364 0.601504
vt 0.872727 0.631579
vt 0.877273 0.601504
vt 0.904545 0.601504
vt 0.895455 0.601504
vn 0.0000 1.0000 0.0000
vn -1.0000 0.0000 0.0000
vn 1.0000 0.0000 0.0000
vn 0.0000 0.0000 1.0000
vn 0.0000 0.0000 -1.0000
vn 0.9701 -0.2425 0.0000
vn 0.0000 -0.2425 0.9701
vn -0.9701 -0.2425 0.0000
vn 0.0000 -0.2425 -0.9701
v 0.937500 2.875000 -0.062500
v 1.062500 2.875000 -0.062500
v 0.937500 2.875000 -0.187500
v 1.062500 2.875000 -0.187500
v 0.937500 1.625000 -0.187500
v 0.937500 1.625000 -0.062500
v 1.062500 1.625000 -0.062500
v 1.062500 1.625000 -0.187500
v 1.000000 1.375000 -0.125000
vt 0.872727 0.796992
vt 0.881818 0.781955
vt 0.881818 0.796992
vt 0.900000 0.781955
vt 0.909091 0.631579
vt 0.909091 0.781955
vt 0.890909 0.631579
vt 0.890909 0.781955
vt 0.872727 0.781955
vt 0.881818 0.631579
vt 0.900000 0.631579
vt 0.886364 0.601504
vt 0.872727 0.631579
vt 0.877273 0.601504
vt 0.904545 0.601504
vt 0.895455 0.601504
vn 0.0000 1.0000 0.0000
vn 1.0000 0.0000 0.0000
vn -1.0000 0.0000 0.0000
vn 0.0000 0.0000 -1.0000
vn 0.0000 0.0000 1.0000
vn -0.9701 -0.2425 0.0000
vn 0.0000 -0.2425 -0.9701
vn 0.9701 -0.2425 0.0000
vn 0.0000 -0.2425 0.9701
v 2.500000 0.250000 2.500000
v 2.500000 0.250000 2.375000
v 2.500000 2.750000 2.500000
v 2.500000 2.750000 2.375000
v 2.375000 0.250000 2.500000
v 2.375000 0.250000 2.375000
v 2.375000 2.750000 2.500000
v 2.375000 2.750000 2.375000
v 2.500000 0.250000 -2.375000
v 2.500000 0.250000 -2.500000
v 2.500000 2.750000 -2.375000
v 2.500000 2.750000 -2.500000
v 2.375000 0.250000 -2.375000
v 2.375000 0.250000 -2.500000
v 2.375000 2.750000 -2.375000
v 2.375000 2.750000 -2.500000
v -2.375000 0.250000 2.500000
v -2.375000 0.250000 2.375000
v -2.375000 2.750000 2.500000
v -2.375000 2.750000 2.375000
v -2.500000 0.250000 2.500000
v -2.500000 0.250000 2.375000
v -2.500000 2.750000 2.500000
v -2.500000 2.750000 2.375000
v -2.375000 0.250000 -2.375000
v -2.375000 0.250000 -2.500000
v -2.375000 2.750000 -2.375000
v -2.375000 2.750000 -2.500000
v -2.500000 0.250000 -2.375000
v -2.500000 0.250000 -2.500000
v -2.500000 2.750000 -2.375000
v -2.500000 2.750000 -2.500000
v -2.500000 2.750000 2.500000
v -2.250000 2.750000 2.500000
v -2.500000 2.750000 2.250000
v -2.250000 2.750000 2.250000
v -2.500000 3.000000 2.500000
v -2.250000 3.000000 2.500000
v -2.500000 3.000000 2.250000
v -2.250000 3.000000 2.250000
v 2.250000 2.750000 2.500000
v 2.500000 2.750000 2.500000
v 2.250000 2.750000 2.250000
v 2.500000 2.750000 2.250000
v 2.250000 3.000000 2.500000
v 2.500000 3.000000 2.500000
v 2.250000 3.000000 2.250000
v 2.500000 3.000000 2.250000
v -2.500000 2.750000 -2.250000
v -2.250000 2.750000 -2.250000
v -2.500000 2.750000 -2.500000
v -2.250000 2.750000 -2.500000
v -2.500000 3.000000 -2.250000
v -2.250000 3.000000 -2.250000
v -2.500000 3.000000 -2.500000
v -2.250000 3.000000 -2.500000
v 2.250000 2.750000 -2.250000
v 2.500000 2.750000 -2.250000
v 2.250000 2.750000 -2.500000
v 2.500000 2.750000 -2.500000
v 2.250000 3.000000 -2.250000
v 2.500000 3.000000 -2.250000
v 2.250000 3.000000 -2.500000
v 2.500000 3.000000 -2.500000
v 2.250000 2.875000 2.375000
v -2.250000 2.875000 2.375000
v 2.250000 2.875000 2.500000
v -2.250000 2.875000 2.500000
v -2.250000 3.000000 2.375000
v 2.250000 3.000000 2.375000
v 2.250000 3.000000 2.500000
v -2.250000 3.000000 2.500000
v 2.250000 2.875000 -2.375000
v -2.250000 2.875000 -2.375000
v -2.250000 2.875000 -2.500000
v 2.250000 2.875000 -2.500000
v 2.250000 3.000000 -2.375000
v -2.250000 3.000000 -2.375000
v -2.250000 3.000000 -2.500000
v 2.250000 3.000000 -2.500000
v 2.375000 2.875000 2.250000
v 2.375000 2.875000 -2.250000
v 2.500000 2.875000 -2.250000
v 2.500000 2.875000 2.250000
v 2.375000 3.000000 2.250000
v 2.375000 3.000000 -2.250000
v 2.500000 3.000000 -2.250000
v 2.500000 3.000000 2.250000
v -2.375000 2.875000 -2.250000
v -2.375000 2.875000 2.250000
v -2.500000 2.875000 2.250000
v -2.500000 2.875000 -2.250000
v -2.375000 3.000000 -2.250000
v -2.375000 3.000000 2.250000
v -2.500000 3.000000 2.250000
v -2.500000 3.000000 -2.250000
vt 0.181818 0.827068
vt -0.000000 0.812030
vt 0.181818 0.812030
vt 0.181818 0.796992
vt -0.000000 0.842105
vt -0.000000 0.827068
vt -0.000000 0.781955
vt 0.181818 0.781955
vt 0.181818 0.812030
vt -0.000000 0.796992
vt 0.181818 0.796992
vt 0.181818 0.781955
vt -0.000000 0.827068
vt -0.000000 0.812030
vt 0.181818 0.842105
vt 0.181818 0.827068
vt 0.181818 0.842105
vt -0.000000 0.827068
vt 0.181818 0.827068
vt 0.181818 0.812030
vt 0.181818 0.781955
vt -0.000000 0.796992
vt -0.000000 0.781955
vt 0.181818 0.796992
vt 0.181818 0.796992
vt -0.000000 0.781955
vt 0.181818 0.781955
vt -0.000000 0.842105
vt 0.181818 0.827068
vt 0.181818 0.842105
vt -0.000000 0.812030
vt -0.000000 0.796992
vt 0.181818 0.812030
vt 0.400000 0.601504
vt 0.418182 0.631579
vt 0.400000 0.631579
vt 0.418182 0.661654
vt 0.400000 0.691729
vt 0.400000 0.661654
vt 0.454545 0.631579
vt 0.436364 0.661654
vt 0.436364 0.631579
vt 0.472727 0.631579
vt 0.454545 0.661654
vt 0.400000 0.601504
vt 0.418182 0.631579
vt 0.400000 0.631579
vt 0.418182 0.661654
vt 0.400000 0.691729
vt 0.400000 0.661654
vt 0.454545 0.631579
vt 0.436364 0.661654
vt 0.436364 0.631579
vt 0.472727 0.631579
vt 0.454545 0.661654
vt 0.400000 0.601504
vt 0.418182 0.631579
vt 0.400000 0.631579
vt 0.418182 0.661654
vt 0.400000 0.691729
vt 0.400000 0.661654
vt 0.454545 0.631579
vt 0.436364 0.661654
vt 0.436364 0.631579
vt 0.472727 0.631579
vt 0.454545 0.661654
vt 0.400000 0.601504
vt 0.418182 0.631579
vt 0.400000 0.631579
vt 0.418182 0.661654
vt 0.400000 0.691729
vt 0.400000 0.661654
vt 0.454545 0.631579
vt 0.436364 0.661654
vt 0.436364 0.631579
vt 0.472727 0.631579
vt 0.454545 0.661654
vt -0.000000 0.721804
vt 0.327273 0.736842
vt -0.000000 0.736842
vt 0.327273 0.751880
vt -0.000000 0.766917
vt 0.327273 0.781955
vt -0.000000 0.781955
vt -0.000000 0.751880
vt 0.327273 0.766917
vt -0.000000 0.721804
vt 0.327273 0.736842
vt -0.000000 0.736842
vt 0.327273 0.751880
vt -0.000000 0.766917
vt 0.327273 0.781955
vt -0.000000 0.781955
vt -0.000000 0.751880
vt 0.327273 0.766917
vt -0.000000 0.721804
vt 0.327273 0.736842
vt -0.000000 0.736842
vt 0.327273 0.751880
vt -0.000000 0.766917
vt 0.327273 0.781955
vt -0.000000 0.781955
vt -0.000000 0.751880
vt 0.327273 0.766917
vt -0.000000 0.721804
vt 0.327273 0.736842
vt -0.000000 0.736842
vt 0.327273 0.751880
vt -0.000000 0.766917
vt 0.327273 0.781955
vt -0.000000 0.781955
vt -0.000000 0.751880
vt 0.327273 0.766917
vt -0.000000 0.796992
vt 0.181818 0.842105
vt -0.000000 0.781955
vt -0.000000 0.842105
vt -0.000000 0.842105
vt -0.000000 0.812030
vt -0.000000 0.827068
vt 0.418182 0.601504
vt 0.418182 0.691729
vt 0.472727 0.661654
vt 0.418182 0.601504
vt 0.418182 0.691729
vt 0.472727 0.661654
vt 0.418182 0.601504
vt 0.418182 0.691729
vt 0.472727 0.661654
vt 0.418182 0.601504
vt 0.418182 0.691729
vt 0.472727 0.661654
vt 0.327273 0.721804
vt 0.327273 0.721804
vt 0.327273 0.721804
vt 0.327273 0.721804
vn 1.0000 0.0000 0.0000
vn 0.0000 0.0000 1.0000
vn 0.0000 0.0000 -1.0000
vn -1.0000 0.0000 0.0000
vn 0.0000 -1.0000 0.0000
vn 0.0000 1.0000 0.0000
v 2.250000 0.000000 2.375000
v -2.250000 0.000000 2.375000
v 2.250000 0.000000 2.500000
v -2.250000 0.000000 2.500000
v -2.500000 0.000000 2.500000
v -2.250000 0.000000 2.500000
v -2.500000 0.000000 2.250000
v -2.250000 0.000000 2.250000
v -2.500000 0.250000 2.500000
v -2.250000 0.250000 2.500000
v -2.500000 0.250000 2.250000
v -2.250000 0.250000 2.250000
v 2.250000 0.000000 2.500000
v 2.500000 0.000000 2.500000
v 2.250000 0.000000 2.250000
v 2.500000 0.000000 2.250000
v 2.250000 0.250000 2.500000
v 2.500000 0.250000 2.500000
v 2.250000 0.250000 2.250000
v 2.500000 0.250000 2.250000
v -2.500000 0.000000 -2.250000
v -2.250000 0.000000 -2.250000
v -2.500000 0.000000 -2.500000
v -2.250000 0.000000 -2.500000
v -2.500000 0.250000 -2.250000
v -2.250000 0.250000 -2.250000
v -2.500000 0.250000 -2.500000
v -2.250000 0.250000 -2.500000
v 2.250000 0.000000 -2.250000
v 2.500000 0.000000 -2.250000
v 2.250000 0.000000 -2.500000
v 2.500000 0.000000 -2.500000
v 2.250000 0.250000 -2.250000
v 2.500000 0.250000 -2.250000
v 2.250000 0.250000 -2.500000
v 2.500000 0.250000 -2.500000
v -2.250000 0.125000 2.375000
v 2.250000 0.125000 2.375000
v 2.250000 0.125000 2.500000
v -2.250000 0.125000 2.500000
v 2.250000 0.000000 -2.375000
v -2.250000 0.000000 -2.375000
v -2.250000 0.000000 -2.500000
v 2.250000 0.000000 -2.500000
v 2.250000 0.125000 -2.375000
v -2.250000 0.125000 -2.375000
v -2.250000 0.125000 -2.500000
v 2.250000 0.125000 -2.500000
v 2.375000 0.000000 2.250000
v 2.375000 0.000000 -2.250000
v 2.500000 0.000000 -2.250000
v 2.500000 0.000000 2.250000
v 2.375000 0.125000 2.250000
v 2.375000 0.125000 -2.250000
v 2.500000 0.125000 -2.250000
v 2.500000 0.125000 2.250000
v -2.375000 0.000000 -2.250000
v -2.375000 0.000000 2.250000
v -2.500000 0.000000 2.250000
v -2.500000 0.000000 -2.250000
v -2.375000 0.125000 -2.250000
v -2.375000 0.125000 2.250000
v -2.500000 0.125000 2.250000
v -2.500000 0.125000 -2.250000
v -1.875000 0.250000 -2.500000
v -1.875000 0.250000 2.500000
v -2.125000 0.250000 2.500000
v -2.125000 0.250000 -2.500000
v -1.875000 0.125000 -2.500000
v -2.125000 0.125000 -2.500000
v -1.875000 0.125000 2.500000
v -2.125000 0.125000 2.500000
v 0.125000 0.250000 -2.500000
v 0.125000 0.250000 2.500000
v -0.125000 0.250000 2.500000
v -0.125000 0.250000 -2.500000
v 0.125000 0.125000 -2.500000
v -0.125000 0.125000 -2.500000
v 0.125000 0.125000 2.500000
v -0.125000 0.125000 2.500000
v -1.125000 0.125000 2.500000
v -0.875000 0.125000 2.500000
v -1.125000 0.125000 -2.500000
v -0.875000 0.125000 -2.500000
v -1.125000 0.250000 -2.500000
v -1.125000 0.250000 2.500000
v -0.875000 0.250000 2.500000
v -0.875000 0.250000 -2.500000
v 1.125000 0.250000 -2.500000
v 1.125000 0.250000 2.500000
v 0.875000 0.250000 2.500000
v 0.875000 0.250000 -2.500000
v 1.125000 0.125000 -2.500000
v 0.875000 0.125000 -2.500000
v 1.125000 0.125000 2.500000
v 0.875000 0.125000 2.500000
v 1.875000 0.125000 2.500000
v 2.125000 0.125000 2.500000
v 1.875000 0.125000 -2.500000
v 2.125000 0.125000 -2.500000
v 1.875000 0.250000 -2.500000
v 1.875000 0.250000 2.500000
v 2.125000 0.250000 2.500000
v 2.125000 0.250000 -2.500000
v 2.500000 0.312500 -0.187500
v 2.500000 0.312500 0.187500
v 2.500000 0.687500 -0.187500
v 2.500000 0.687500 0.187500
v 2.375000 0.625000 -0.125000
v 2.375000 0.375000 -0.125000
v 2.375000 0.375000 0.125000
v 2.375000 0.625000 0.125000
v 2.375000 0.687500 -0.187500
v 2.375000 0.312500 -0.187500
v 2.375000 0.312500 0.187500
v 2.375000 0.687500 0.187500
v 2.250000 0.625000 -0.125000
v 2.250000 0.375000 -0.125000
v 2.250000 0.375000 0.125000
v 2.250000 0.625000 0.125000
v -2.250000 0.250000 0.750000
v -2.250000 0.250000 2.250000
v 2.250000 0.250000 0.750000
v 2.250000 0.250000 2.250000
v 2.250000 0.750000 0.750000
v -2.250000 0.750000 0.750000
v -2.250000 0.750000 2.250000
v 2.250000 0.750000 2.250000
v -2.250000 0.250000 -2.250000
v -2.250000 0.250000 -0.750000
v 2.250000 0.250000 -2.250000
v 2.250000 0.250000 -0.750000
v 2.250000 0.750000 -2.250000
v -2.250000 0.750000 -2.250000
v -2.250000 0.750000 -0.750000
v 2.250000 0.750000 -0.750000
v 2.500000 0.312500 0.812500
v 2.500000 0.312500 1.187500
v 2.500000 0.687500 0.812500
v 2.500000 0.687500 1.187500
v 2.375000 0.625000 0.875000
v 2.375000 0.375000 0.875000
v 2.375000 0.375000 1.125000
v 2.375000 0.625000 1.125000
v 2.375000 0.687500 0.812500
v 2.375000 0.312500 0.812500
v 2.375000 0.312500 1.187500
v 2.375000 0.687500 1.187500
v 2.250000 0.625000 0.875000
v 2.250000 0.375000 0.875000
v 2.250000 0.375000 1.125000
v 2.250000 0.625000 1.125000
v 2.500000 0.312500 1.812500
v 2.500000 0.312500 2.187500
v 2.500000 0.687500 1.812500
v 2.500000 0.687500 2.187500
v 2.375000 0.625000 1.875000
v 2.375000 0.375000 1.875000
v 2.375000 0.375000 2.125000
v 2.375000 0.625000 2.125000
v 2.375000 0.687500 1.812500
v 2.375000 0.312500 1.812500
v 2.375000 0.312500 2.187500
v 2.375000 0.687500 2.187500
v 2.250000 0.625000 1.875000
v 2.250000 0.375000 1.875000
v 2.250000 0.375000 2.125000
v 2.250000 0.625000 2.125000
v 2.500000 0.312500 -2.187500
v 2.500000 0.312500 -1.812500
v 2.500000 0.687500 -2.187500
v 2.500000 0.687500 -1.812500
v 2.375000 0.625000 -2.125000
v 2.375000 0.375000 -2.125000
v 2.375000 0.375000 -1.875000
v 2.375000 0.625000 -1.875000
v 2.375000 0.687500 -2.187500
v 2.375000 0.312500 -2.187500
v 2.375000 0.312500 -1.812500
v 2.375000 0.687500 -1.812500
v 2.250000 0.625000 -2.125000
v 2.250000 0.375000 -2.125000
v 2.250000 0.375000 -1.875000
v 2.250000 0.625000 -1.875000
v 2.500000 0.312500 -1.187500
v 2.500000 0.312500 -0.812500
v 2.500000 0.687500 -1.187500
v 2.500000 0.687500 -0.812500
v 2.375000 0.625000 -1.125000
v 2.375000 0.375000 -1.125000
v 2.375000 0.375000 -0.875000
v 2.375000 0.625000 -0.875000
v 2.375000 0.687500 -1.187500
v 2.375000 0.312500 -1.187500
v 2.375000 0.312500 -0.812500
v 2.375000 0.687500 -0.812500
v 2.250000 0.625000 -1.125000
v 2.250000 0.375000 -1.125000
v 2.250000 0.375000 -0.875000
v 2.250000 0.625000 -0.875000
v -2.500000 0.312500 0.187500
v -2.500000 0.312500 -0.187500
v -2.500000 0.687500 0.187500
v -2.500000 0.687500 -0.187500
v -2.375000 0.625000 0.125000
v -2.375000 0.375000 0.125000
v -2.375000 0.375000 -0.125000
v -2.375000 0.625000 -0.125000
v -2.375000 0.687500 0.187500
v -2.375000 0.312500 0.187500
v -2.375000 0.312500 -0.187500
v -2.375000 0.687500 -0.187500
v -2.250000 0.625000 0.125000
v -2.250000 0.375000 0.125000
v -2.250000 0.375000 -0.125000
v -2.250000 0.625000 -0.125000
v -2.500000 0.312500 -0.812500
v -2.500000 0.312500 -1.187500
v -2.500000 0.687500 -0.812500
v -2.500000 0.687500 -1.187500
v -2.375000 0.625000 -0.875000
v -2.375000 0.375000 -0.875000
v -2.375000 0.375000 -1.125000
v -2.375000 0.625000 -1.125000
v -2.375000 0.687500 -0.812500
v -2.375000 0.312500 -0.812500
v -2.375000 0.312500 -1.187500
v -2.375000 0.687500 -1.187500
v -2.250000 0.625000 -0.875000
v -2.250000 0.375000 -0.875000
v -2.250000 0.375000 -1.125000
v -2.250000 0.625000 -1.125000
v -2.500000 0.312500 -1.812500
v -2.500000 0.312500 -2.187500
v -2.500000 0.687500 -1.812500
v -2.500000 0.687500 -2.187500
v -2.375000 0.625000 -1.875000
v -2.375000 0.375000 -1.875000
v -2.375000 0.375000 -2.125000
v -2.375000 0.625000 -2.125000
v -2.375000 0.687500 -1.812500
v -2.375000 0.312500 -1.812500
v -2.375000 0.312500 -2.187500
v -2.375000 0.687500 -2.187500
v -2.250000 0.625000 -1.875000
v -2.250000 0.375000 -1.875000
v -2.250000 0.375000 -2.125000
v -2.250000 0.625000 -2.125000
v -2.500000 0.312500 2.187500
v -2.500000 0.312500 1.812500
v -2.500000 0.687500 2.187500
v -2.500000 0.687500 1.812500
v -2.375000 0.625000 2.125000
v -2.375000 0.375000 2.125000
v -2.375000 0.375000 1.875000
v -2.375000 0.625000 1.875000
v -2.375000 0.687500 2.187500
v -2.375000 0.312500 2.187500
v -2.375000 0.312500 1.812500
v -2.375000 0.687500 1.812500
v -2.250000 0.625000 2.125000
v -2.250000 0.375000 2.125000
v -2.250000 0.375000 1.875000
v -2.250000 0.625000 1.875000
v -2.500000 0.312500 1.187500
v -2.500000 0.312500 0.812500
v -2.500000 0.687500 1.187500
v -2.500000 0.687500 0.812500
v -2.375000 0.625000 1.125000
v -2.375000 0.375000 1.125000
v -2.375000 0.375000 0.875000
v -2.375000 0.625000 0.875000
v -2.375000 0.687500 1.187500
v -2.375000 0.312500 1.187500
v -2.375000 0.312500 0.812500
v -2.375000 0.687500 0.812500
v -2.250000 0.625000 1.125000
v -2.250000 0.375000 1.125000
v -2.250000 0.375000 0.875000
v -2.250000 0.625000 0.875000
v -0.187500 0.312500 -2.500000
v 0.187500 0.312500 -2.500000
v -0.187500 0.687500 -2.500000
v 0.187500 0.687500 -2.500000
v -0.125000 0.625000 -2.375000
v -0.125000 0.375000 -2.375000
v 0.125000 0.375000 -2.375000
v 0.125000 0.625000 -2.375000
v -0.187500 0.687500 -2.375000
v -0.187500 0.312500 -2.375000
v 0.187500 0.312500 -2.375000
v 0.187500 0.687500 -2.375000
v -0.125000 0.625000 -2.250000
v -0.125000 0.375000 -2.250000
v 0.125000 0.375000 -2.250000
v 0.125000 0.625000 -2.250000
v 0.812500 0.312500 -2.500000
v 1.187500 0.312500 -2.500000
v 0.812500 0.687500 -2.500000
v 1.187500 0.687500 -2.500000
v 0.875000 0.625000 -2.375000
v 0.875000 0.375000 -2.375000
v 1.125000 0.375000 -2.375000
v 1.125000 0.625000 -2.375000
v 0.812500 0.687500 -2.375000
v 0.812500 0.312500 -2.375000
v 1.187500 0.312500 -2.375000
v 1.187500 0.687500 -2.375000
v 0.875000 0.625000 -2.250000
v 0.875000 0.375000 -2.250000
v 1.125000 0.375000 -2.250000
v 1.125000 0.625000 -2.250000
v 1.812500 0.312500 -2.500000
v 2.187500 0.312500 -2.500000
v 1.812500 0.687500 -2.500000
v 2.187500 0.687500 -2.500000
v 1.875000 0.625000 -2.375000
v 1.875000 0.375000 -2.375000
v 2.125000 0.375000 -2.375000
v 2.125000 0.625000 -2.375000
v 1.812500 0.687500 -2.375000
v 1.812500 0.312500 -2.375000
v 2.187500 0.312500 -2.375000
v 2.187500 0.687500 -2.375000
v 1.875000 0.625000 -2.250000
v 1.875000 0.375000 -2.250000
v 2.125000 0.375000 -2.250000
v 2.125000 0.625000 -2.250000
v -2.187500 0.312500 -2.500000
v -1.812500 0.312500 -2.500000
v -2.187500 0.687500 -2.500000
v -1.812500 0.687500 -2.500000
v -2.125000 0.625000 -2.375000
v -2.125000 0.375000 -2.375000
v -1.875000 0.375000 -2.375000
v -1.875000 0.625000 -2.375000
v -2.187500 0.687500 -2.375000
v -2.187500 0.312500 -2.375000
v -1.812500 0.312500 -2.375000
v -1.812500 0.687500 -2.375000
v -2.125000 0.625000 -2.250000
v -2.125000 0.375000 -2.250000
v -1.875000 0.375000 -2.250000
v -1.875000 0.625000 -2.250000
v -1.187500 0.312500 -2.500000
v -0.812500 0.312500 -2.500000
v -1.187500 0.687500 -2.500000
v -0.812500 0.687500 -2.500000
v -1.125000 0.625000 -2.375000
v -1.125000 0.375000 -2.375000
v -0.875000 0.375000 -2.375000
v -0.875000 0.625000 -2.375000
v -1.187500 0.687500 -2.375000
v -1.187500 0.312500 -2.375000
v -0.812500 0.312500 -2.375000
v -0.812500 0.687500 -2.375000
v -1.125000 0.625000 -2.250000
v -1.125000 0.375000 -2.250000
v -0.875000 0.375000 -2.250000
v -0.875000 0.625000 -2.250000
v 0.187500 0.312500 2.500000
v -0.187500 0.312500 2.500000
v 0.187500 0.687500 2.500000
v -0.187500 0.687500 2.500000
v 0.125000 0.625000 2.375000
v 0.125000 0.375000 2.375000
v -0.125000 0.375000 2.375000
v -0.125000 0.625000 2.375000
v 0.187500 0.687500 2.375000
v 0.187500 0.312500 2.375000
v -0.187500 0.312500 2.375000
v -0.187500 0.687500 2.375000
v 0.125000 0.625000 2.250000
v 0.125000 0.375000 2.250000
v -0.125000 0.375000 2.250000
v -0.125000 0.625000 2.250000
v -0.812500 0.312500 2.500000
v -1.187500 0.312500 2.500000
v -0.812500 0.687500 2.500000
v -1.187500 0.687500 2.500000
v -0.875000 0.625000 2.375000
v -0.875000 0.375000 2.375000
v -1.125000 0.375000 2.375000
v -1.125000 0.625000 2.375000
v -0.812500 0.687500 2.375000
v -0.812500 0.312500 2.375000
v -1.187500 0.312500 2.375000
v -1.187500 0.687500 2.375000
v -0.875000 0.625000 2.250000
v -0.875000 0.375000 2.250000
v -1.125000 0.375000 2.250000
v -1.125000 0.625000 2.250000
v -1.812500 0.312500 2.500000
v -2.187500 0.312500 2.500000
v -1.812500 0.687500 2.500000
v -2.187500 0.687500 2.500000
v -1.875000 0.625000 2.375000
v -1.875000 0.375000 2.375000
v -2.125000 0.375000 2.375000
v -2.125000 0.625000 2.375000
v -1.812500 0.687500 2.375000
v -1.812500 0.312500 2.375000
v -2.187500 0.312500 2.375000
v -2.187500 0.687500 2.375000
v -1.875000 0.625000 2.250000
v -1.875000 0.375000 2.250000
v -2.125000 0.375000 2.250000
v -2.125000 0.625000 2.250000
v 2.187500 0.312500 2.500000
v 1.812500 0.312500 2.500000
v 2.187500 0.687500 2.500000
v 1.812500 0.687500 2.500000
v 2.125000 0.625000 2.375000
v 2.125000 0.375000 2.375000
v 1.875000 0.375000 2.375000
v 1.875000 0.625000 2.375000
v 2.187500 0.687500 2.375000
v 2.187500 0.312500 2.375000
v 1.812500 0.312500 2.375000
v 1.812500 0.687500 2.375000
v 2.125000 0.625000 2.250000
v 2.125000 0.375000 2.250000
v 1.875000 0.375000 2.250000
v 1.875000 0.625000 2.250000
v 1.187500 0.312500 2.500000
v 0.812500 0.312500 2.500000
v 1.187500 0.687500 2.500000
v 0.812500 0.687500 2.500000
v 1.125000 0.625000 2.375000
v 1.125000 0.375000 2.375000
v 0.875000 0.375000 2.375000
v 0.875000 0.625000 2.375000
v 1.187500 0.687500 2.375000
v 1.187500 0.312500 2.375000
v 0.812500 0.312500 2.375000
v 0.812500 0.687500 2.375000
v 1.125000 0.625000 2.250000
v 1.125000 0.375000 2.250000
v 0.875000 0.375000 2.250000
v 0.875000 0.625000 2.250000
v 0.125000 1.000000 0.375000
v 0.875000 1.000000 0.375000
v 0.125000 1.000000 -0.375000
v 0.875000 1.000000 -0.375000
v 0.250000 0.875000 -0.250000
v 0.250000 0.875000 0.250000
v 0.750000 0.875000 0.250000
v 0.750000 0.875000 -0.250000
v 1.312500 0.750000 -1.062500
v 1.687500 0.750000 -1.062500
v 1.312500 0.750000 -1.437500
v 1.687500 0.750000 -1.437500
v 1.625000 1.062500 -1.375000
v 1.375000 1.062500 -1.375000
v 1.625000 1.062500 -1.125000
v 1.375000 1.062500 -1.125000
v 1.375000 1.062500 1.375000
v 1.625000 1.062500 1.375000
v 1.375000 1.062500 1.125000
v 1.625000 1.062500 1.125000
v 1.687500 0.750000 1.062500
v 1.312500 0.750000 1.062500
v 1.687500 0.750000 1.437500
v 1.312500 0.750000 1.437500
v -1.687500 0.750000 -1.062500
v -1.312500 0.750000 -1.062500
v -1.687500 0.750000 -1.437500
v -1.312500 0.750000 -1.437500
v -1.375000 1.062500 -1.375000
v -1.625000 1.062500 -1.375000
v -1.375000 1.062500 -1.125000
v -1.625000 1.062500 -1.125000
v -1.625000 1.062500 1.375000
v -1.375000 1.062500 1.375000
v -1.625000 1.062500 1.125000
v -1.375000 1.062500 1.125000
v -1.312500 0.750000 1.062500
v -1.687500 0.750000 1.062500
v -1.312500 0.750000 1.437500
v -1.687500 0.750000 1.437500
v 0.125000 0.875000 -0.375000
v 0.125000 0.875000 0.375000
v 0.875000 0.875000 0.375000
v 0.875000 0.875000 -0.375000
v 0.250000 0.750000 -0.250000
v 0.250000 0.750000 0.250000
v 0.750000 0.750000 0.250000
v 0.750000 0.750000 -0.250000
v -2.250000 0.500000 0.250000
v 2.250000 0.500000 0.250000
v -2.250000 0.323223 0.323223
v 2.250000 0.323223 0.323223
v -2.250000 0.250000 0.500000
v 2.250000 0.250000 0.500000
v -2.250000 0.323223 0.676777
v 2.250000 0.323223 0.676777
v -2.250000 0.500000 0.750000
v 2.250000 0.500000 0.750000
v -2.250000 0.676777 0.676777
v 2.250000 0.676777 0.676777
v -2.250000 0.750000 0.500000
v 2.250000 0.750000 0.500000
v -2.250000 0.676777 0.323223
v 2.250000 0.676777 0.323223
v -1.687500 1.000000 -1.437500
v -1.687500 1.000000 -1.062500
v -1.312500 1.000000 -1.062500
v -1.312500 1.000000 -1.437500
v 1.687500 1.000000 -1.437500
v 1.312500 1.000000 -1.437500
v 1.687500 1.000000 -1.062500
v 1.312500 1.000000 -1.062500
v 1.312500 1.000000 1.062500
v 1.312500 1.000000 1.437500
v 1.687500 1.000000 1.437500
v 1.687500 1.000000 1.062500
v -1.687500 1.000000 1.062500
v -1.687500 1.000000 1.437500
v -1.312500 1.000000 1.437500
v -1.312500 1.000000 1.062500
v 1.125000 1.000000 0.375000
v 1.875000 1.000000 0.375000
v 1.125000 1.000000 -0.375000
v 1.875000 1.000000 -0.375000
v 1.250000 0.875000 -0.250000
v 1.250000 0.875000 0.250000
v 1.750000 0.875000 0.250000
v 1.750000 0.875000 -0.250000
v 1.125000 0.875000 -0.375000
v 1.125000 0.875000 0.375000
v 1.875000 0.875000 0.375000
v 1.875000 0.875000 -0.375000
v 1.250000 0.750000 -0.250000
v 1.250000 0.750000 0.250000
v 1.750000 0.750000 0.250000
v 1.750000 0.750000 -0.250000
v -1.875000 1.000000 0.375000
v -1.125000 1.000000 0.375000
v -1.875000 1.000000 -0.375000
v -1.125000 1.000000 -0.375000
v -1.750000 0.875000 -0.250000
v -1.750000 0.875000 0.250000
v -1.250000 0.875000 0.250000
v -1.250000 0.875000 -0.250000
v -1.875000 0.875000 -0.375000
v -1.875000 0.875000 0.375000
v -1.125000 0.875000 0.375000
v -1.125000 0.875000 -0.375000
v -1.750000 0.750000 -0.250000
v -1.750000 0.750000 0.250000
v -1.250000 0.750000 0.250000
v -1.250000 0.750000 -0.250000
v -0.875000 1.000000 0.375000
v -0.125000 1.000000 0.375000
v -0.875000 1.000000 -0.375000
v -0.125000 1.000000 -0.375000
v -0.750000 0.875000 -0.250000
v -0.750000 0.875000 0.250000
v -0.250000 0.875000 0.250000
v -0.250000 0.875000 -0.250000
v -0.875000 0.875000 -0.375000
v -0.875000 0.875000 0.375000
v -0.125000 0.875000 0.375000
v -0.125000 0.875000 -0.375000
v -0.750000 0.750000 -0.250000
v -0.750000 0.750000 0.250000
v -0.250000 0.750000 0.250000
v -0.250000 0.750000 -0.250000
v 0.250000 0.250000 -0.250000
v 0.250000 0.250000 0.250000
v 2.250000 0.250000 -0.250000
v 2.250000 0.250000 0.250000
v 2.250000 0.750000 -0.250000
v 0.250000 0.750000 -0.250000
v 0.250000 0.750000 0.250000
v 2.250000 0.750000 0.250000
v -2.250000 0.250000 -0.250000
v -2.250000 0.250000 0.250000
v -0.250000 0.250000 -0.250000
v -0.250000 0.250000 0.250000
v -0.250000 0.750000 -0.250000
v -2.250000 0.750000 -0.250000
v -2.250000 0.750000 0.250000
v -0.250000 0.750000 0.250000
v 2.000000 1.000000 -1.375000
v 2.000000 1.000000 -1.125000
v 2.000000 1.500000 -1.375000
v 2.000000 1.500000 -1.250000
v 2.000000 1.375000 -1.250000
v 2.000000 1.375000 -1.125000
v -2.000000 1.000000 -1.375000
v -2.000000 1.000000 -1.125000
v -2.000000 1.500000 -1.375000
v -2.000000 1.500000 -1.250000
v -2.000000 1.375000 -1.250000
v -2.000000 1.375000 -1.125000
v -0.687500 0.750000 -1.062500
v -0.312500 0.750000 -1.062500
v -0.687500 0.750000 -1.437500
v -0.312500 0.750000 -1.437500
v -0.375000 1.062500 -1.375000
v -0.625000 1.062500 -1.375000
v -0.375000 1.062500 -1.125000
v -0.625000 1.062500 -1.125000
v -0.625000 1.062500 1.375000
v -0.375000 1.062500 1.375000
v -0.625000 1.062500 1.125000
v -0.375000 1.062500 1.125000
v -0.312500 0.750000 1.062500
v -0.687500 0.750000 1.062500
v -0.312500 0.750000 1.437500
v -0.687500 0.750000 1.437500
v -0.687500 1.000000 -1.437500
v -0.687500 1.000000 -1.062500
v -0.312500 1.000000 -1.062500
v -0.312500 1.000000 -1.437500
v -0.687500 1.000000 1.062500
v -0.687500 1.000000 1.437500
v -0.312500 1.000000 1.437500
v -0.312500 1.000000 1.062500
v 0.312500 0.750000 -1.062500
v 0.687500 0.750000 -1.062500
v 0.312500 0.750000 -1.437500
v 0.687500 0.750000 -1.437500
v 0.625000 1.062500 -1.375000
v 0.375000 1.062500 -1.375000
v 0.625000 1.062500 -1.125000
v 0.375000 1.062500 -1.125000
v 0.375000 1.062500 1.375000
v 0.625000 1.062500 1.375000
v 0.375000 1.062500 1.125000
v 0.625000 1.062500 1.125000
v 0.687500 0.750000 1.062500
v 0.312500 0.750000 1.062500
v 0.687500 0.750000 1.437500
v 0.312500 0.750000 1.437500
v 0.312500 1.000000 -1.437500
v 0.312500 1.000000 -1.062500
v 0.687500 1.000000 -1.062500
v 0.687500 1.000000 -1.437500
v 0.312500 1.000000 1.062500
v 0.312500 1.000000 1.437500
v 0.687500 1.000000 1.437500
v 0.687500 1.000000 1.062500
v -2.000000 1.000000 1.375000
v -2.000001 1.000000 1.125000
v -2.000000 1.500000 1.375000
v -2.000001 1.500000 1.250000
v -2.000001 1.375000 1.250000
v -2.000001 1.375000 1.125000
v 1.999999 1.000000 1.375000
v 1.999999 1.000000 1.125000
v 1.999999 1.500000 1.375000
v 1.999999 1.500000 1.250000
v 1.999999 1.375000 1.250000
v 1.999999 1.375000 1.125000
v 0.750000 1.312500 1.562500
v 0.750000 1.312500 2.062500
v 0.250000 1.312500 2.062500
v 0.250000 1.312500 1.562500
v 0.812500 1.375000 1.500000
v 0.812500 1.375000 2.125000
v 0.187500 1.375000 2.125000
v 0.187500 1.375000 1.500000
v 0.750000 1.375000 1.562500
v 0.750000 1.375000 2.062500
v 0.250000 1.375000 2.062500
v 0.250000 1.375000 1.562500
v 0.875000 1.250000 1.437500
v 0.875000 1.250000 2.187500
v 0.125000 1.250000 2.187500
v 0.125000 1.250000 1.437500
v 0.125000 0.750000 2.187500
v 0.875000 0.750000 2.187500
v 0.125000 0.750000 1.437500
v 0.875000 0.750000 1.437500
v 0.812500 1.250000 1.500000
v 0.187500 1.250000 1.500000
v 0.812500 1.250000 2.125000
v 0.187500 1.250000 2.125000
v 1.437500 0.812500 1.062500
v 1.562500 0.812500 1.062500
v 1.437500 0.937500 1.062500
v 1.562500 0.937500 1.062500
v 1.437500 0.812500 -1.062500
v 1.562500 0.812500 -1.062500
v 1.437500 0.937500 -1.062500
v 1.562500 0.937500 -1.062500
v 0.437500 0.812500 1.062500
v 0.562500 0.812500 1.062500
v 0.437500 0.937500 1.062500
v 0.562500 0.937500 1.062500
v 0.437500 0.812500 -1.062500
v 0.562500 0.812500 -1.062500
v 0.437500 0.937500 -1.062500
v 0.562500 0.937500 -1.062500
v -0.562500 0.812500 1.062500
v -0.437500 0.812500 1.062500
v -0.562500 0.937500 1.062500
v -0.437500 0.937500 1.062500
v -0.562500 0.812500 -1.062500
v -0.437500 0.812500 -1.062500
v -0.562500 0.937500 -1.062500
v -0.437500 0.937500 -1.062500
v -1.562500 0.812500 1.062500
v -1.437500 0.812500 1.062500
v -1.562500 0.937500 1.062500
v -1.437500 0.937500 1.062500
v -1.562500 0.812500 -1.062500
v -1.437500 0.812500 -1.062500
v -1.562500 0.937500 -1.062500
v -1.437500 0.937500 -1.062500
v -2.250000 0.500000 -0.750000
v 2.250000 0.500000 -0.750000
v -2.250000 0.323223 -0.676777
v 2.250000 0.323223 -0.676777
v -2.250000 0.250000 -0.500000
v 2.250000 0.250000 -0.500000
v -2.250000 0.323223 -0.323223
v 2.250000 0.323223 -0.323223
v -2.250000 0.500000 -0.250000
v 2.250000 0.500000 -0.250000
v -2.250000 0.676777 -0.323223
v 2.250000 0.676777 -0.323223
v -2.250000 0.750000 -0.500000
v 2.250000 0.750000 -0.500000
v -2.250000 0.676777 -0.676777
v 2.250000 0.676777 -0.676777
v -1.812500 0.750000 -2.187500
v -2.000000 0.750000 -2.137259
v -2.137259 0.750000 -2.000000
v -2.187500 0.750000 -1.812500
v -2.137259 0.750000 -1.625000
v -2.000000 0.750000 -1.487741
v -1.812500 0.750000 -1.437500
v -1.625000 0.750000 -1.487741
v -1.487741 0.750000 -1.625000
v -1.437500 0.750000 -1.812500
v -1.487740 0.750000 -2.000000
v -1.625000 0.750000 -2.137259
v -1.812500 2.500000 -2.187500
v -2.000000 2.500000 -2.137259
v -2.137259 2.500000 -2.000000
v -2.187500 2.500000 -1.812500
v -2.137259 2.500000 -1.625000
v -2.000000 2.500000 -1.487741
v -1.812500 2.500000 -1.437500
v -1.625000 2.500000 -1.487741
v -1.487740 2.500000 -1.625000
v -1.437500 2.500000 -1.812500
v -1.487740 2.500000 -2.000000
v -1.625000 2.500000 -2.137259
v -1.062500 0.750000 -2.187500
v -1.250000 0.750000 -2.137259
v -1.387259 0.750000 -2.000000
v -1.437500 0.750000 -1.812500
v -1.387259 0.750000 -1.625000
v -1.250000 0.750000 -1.487741
v -1.062500 0.750000 -1.437500
v -0.875000 0.750000 -1.487741
v -0.737741 0.750000 -1.625000
v -0.687500 0.750000 -1.812500
v -0.737740 0.750000 -2.000000
v -0.875000 0.750000 -2.137259
v -1.062500 2.500000 -2.187500
v -1.250000 2.500000 -2.137259
v -1.387259 2.500000 -2.000000
v -1.437500 2.500000 -1.812500
v -1.387259 2.500000 -1.625000
v -1.250000 2.500000 -1.487741
v -1.062500 2.500000 -1.437500
v -0.875000 2.500000 -1.487741
v -0.737740 2.500000 -1.625000
v -0.687500 2.500000 -1.812500
v -0.737740 2.500000 -2.000000
v -0.875000 2.500000 -2.137259
v -0.562500 0.750000 -1.437500
v 2.187500 0.750000 -1.437500
v -0.562500 0.750000 -2.187500
v 2.187500 0.750000 -2.187500
v -0.562500 1.250000 -2.187500
v -0.562500 1.250000 -1.437500
v 2.187500 1.250000 -1.437500
v 2.187500 1.250000 -2.187500
v -1.187500 2.500000 -1.687500
v -0.937500 2.500000 -1.687500
v -1.187500 2.500000 -1.937500
v -0.937500 2.500000 -1.937500
v -1.187500 2.625000 -1.937500
v -1.187500 2.625000 -1.687500
v -0.937500 2.625000 -1.687500
v -0.937500 2.625000 -1.937500
v -1.937500 2.500000 -1.687500
v -1.687500 2.500000 -1.687500
v -1.937500 2.500000 -1.937500
v -1.687500 2.500000 -1.937500
v -1.937500 2.625000 -1.937500
v -1.937500 2.625000 -1.687500
v -1.687500 2.625000 -1.687500
v -1.687500 2.625000 -1.937500
v -2.000000 2.625000 -1.625000
v -0.875000 2.625000 -1.625000
v -2.000000 2.625000 -2.000000
v -0.875000 2.625000 -2.000000
v -2.000000 2.875000 -2.000000
v -2.000000 2.875000 -1.625000
v -0.875000 2.875000 -1.625000
v -0.875000 2.875000 -2.000000
v 1.812500 1.250000 -1.687500
v 2.062500 1.250000 -1.687500
v 1.812500 1.250000 -1.937500
v 2.062500 1.250000 -1.937500
v 1.812500 1.375000 -1.937500
v 1.812500 1.375000 -1.687500
v 2.062500 1.375000 -1.687500
v 2.062500 1.375000 -1.937500
v 1.750000 1.375000 -1.625000
v 1.750000 1.375000 -2.000000
v 1.750000 1.625000 -1.625000
v 1.750000 1.625000 -2.000000
v 2.125000 1.375000 -1.625000
v 2.125000 1.375000 -2.000000
v 2.125000 1.625000 -1.625000
v 2.125000 1.625000 -2.000000
v 1.187500 1.250000 2.125000
v 1.812500 1.250000 2.125000
v 1.187500 1.250000 1.500000
v 1.812500 1.250000 1.500000
v 1.875000 0.750000 1.437500
v 1.125000 0.750000 1.437500
v 1.875000 0.750000 2.187500
v 1.125000 0.750000 2.187500
v 1.125000 1.250000 1.437500
v 1.125000 1.250000 2.187500
v 1.875000 1.250000 2.187500
v 1.875000 1.250000 1.437500
v 1.250000 1.375000 1.562500
v 1.250000 1.375000 2.062500
v 1.750000 1.375000 2.062500
v 1.750000 1.375000 1.562500
v 1.187500 1.375000 1.500000
v 1.187500 1.375000 2.125000
v 1.812500 1.375000 2.125000
v 1.812500 1.375000 1.500000
v 1.250000 1.312500 1.562500
v 1.250000 1.312500 2.062500
v 1.750000 1.312500 2.062500
v 1.750000 1.312500 1.562500
v -0.812500 1.750000 2.125000
v -0.187500 1.750000 2.125000
v -0.812500 1.750000 1.500000
v -0.187500 1.750000 1.500000
v -0.125000 0.750000 1.437500
v -0.875000 0.750000 1.437500
v -0.125000 0.750000 2.187500
v -0.875000 0.750000 2.187500
v -0.875000 1.750000 1.437500
v -0.875000 1.750000 2.187500
v -0.125000 1.750000 2.187500
v -0.125000 1.750000 1.437500
v -0.750000 1.875000 1.562500
v -0.750000 1.875000 2.062500
v -0.250000 1.875000 2.062500
v -0.250000 1.875000 1.562500
v -0.812500 1.875000 1.500000
v -0.812500 1.875000 2.125000
v -0.187500 1.875000 2.125000
v -0.187500 1.875000 1.500000
v -0.750000 1.812500 1.562500
v -0.750000 1.812500 2.062500
v -0.250000 1.812500 2.062500
v -0.250000 1.812500 1.562500
v 0.875000 1.125000 1.937500
v 0.875000 0.875000 1.937500
v 0.875000 1.125000 1.687500
v 0.875000 0.875000 1.687500
v 1.125000 1.125000 1.937500
v 1.125000 0.875000 1.937500
v 1.125000 1.125000 1.687500
v 1.125000 0.875000 1.687500
v -0.125000 1.125000 1.937500
v -0.125000 0.875000 1.937500
v -0.125000 1.125000 1.687500
v -0.125000 0.875000 1.687500
v 0.125000 1.125000 1.937500
v 0.125000 0.875000 1.937500
v 0.125000 1.125000 1.687500
v 0.125000 0.875000 1.687500
v -1.125000 1.125000 1.937500
v -1.125000 0.875000 1.937500
v -1.125000 1.125000 1.687500
v -1.125000 0.875000 1.687500
v -0.875000 1.125000 1.937500
v -0.875000 0.875000 1.937500
v -0.875000 1.125000 1.687500
v -0.875000 0.875000 1.687500
v -1.125000 1.625000 1.937500
v -1.125000 1.375000 1.937500
v -1.125000 1.625000 1.687500
v -1.125000 1.375000 1.687500
v -0.875000 1.625000 1.937500
v -0.875000 1.375000 1.937500
v -0.875000 1.625000 1.687500
v -0.875000 1.375000 1.687500
v 2.000000 1.312500 1.250000
v 2.000000 1.062500 1.250000
v 2.000000 1.312500 -1.250000
v 2.000000 1.062500 -1.250000
v 2.125000 1.312500 -1.250000
v 2.125000 1.312500 1.250000
v 2.125000 1.062500 1.250000
v 2.125000 1.062500 -1.250000
v -2.125000 1.312500 1.250000
v -2.125000 1.062500 1.250000
v -2.125000 1.312500 -1.250000
v -2.125000 1.062500 -1.250000
v -2.000000 1.312500 -1.250000
v -2.000000 1.312500 1.250000
v -2.000000 1.062500 1.250000
v -2.000000 1.062500 -1.250000
v -1.812500 1.750000 2.125000
v -1.187500 1.750000 2.125000
v -1.812500 1.750000 1.500000
v -1.187500 1.750000 1.500000
v -1.125000 0.750000 1.437500
v -1.875000 0.750000 1.437500
v -1.125000 0.750000 2.187500
v -1.875000 0.750000 2.187500
v -1.875000 1.750000 1.437500
v -1.875000 1.750000 2.187500
v -1.125000 1.750000 2.187500
v -1.125000 1.750000 1.437500
v -1.750000 1.875000 1.562500
v -1.750000 1.875000 2.062500
v -1.250000 1.875000 2.062500
v -1.250000 1.875000 1.562500
v -1.812500 1.875000 1.500000
v -1.812500 1.875000 2.125000
v -1.187500 1.875000 2.125000
v -1.187500 1.875000 1.500000
v -1.750000 1.812500 1.562500
v -1.750000 1.812500 2.062500
v -1.250000 1.812500 2.062500
v -1.250000 1.812500 1.562500
vt -0.000000 0.736842
vt 0.327273 0.751880
vt -0.000000 0.751880
vt 0.400000 0.601504
vt 0.418182 0.631579
vt 0.400000 0.631579
vt 0.418182 0.661654
vt 0.400000 0.691729
vt 0.400000 0.661654
vt 0.454545 0.631579
vt 0.436364 0.661654
vt 0.436364 0.631579
vt 0.472727 0.631579
vt 0.454545 0.661654
vt 0.400000 0.601504
vt 0.418182 0.631579
vt 0.400000 0.631579
vt 0.418182 0.661654
vt 0.400000 0.691729
vt 0.400000 0.661654
vt 0.454545 0.631579
vt 0.436364 0.661654
vt 0.436364 0.631579
vt 0.472727 0.631579
vt 0.454545 0.661654
vt 0.400000 0.601504
vt 0.418182 0.631579
vt 0.400000 0.631579
vt 0.418182 0.661654
vt 0.400000 0.691729
vt 0.400000 0.661654
vt 0.454545 0.631579
vt 0.436364 0.661654
vt 0.436364 0.631579
vt 0.472727 0.631579
vt 0.454545 0.661654
vt 0.400000 0.601504
vt 0.418182 0.631579
vt 0.400000 0.631579
vt 0.418182 0.661654
vt 0.400000 0.691729
vt 0.400000 0.661654
vt 0.454545 0.631579
vt 0.436364 0.661654
vt 0.436364 0.631579
vt 0.472727 0.631579
vt 0.454545 0.661654
vt 0.327273 0.766917
vt -0.000000 0.721804
vt 0.327273 0.736842
vt -0.000000 0.766917
vt 0.327273 0.781955
vt -0.000000 0.781955
vt -0.000000 0.736842
vt 0.327273 0.751880
vt -0.000000 0.751880
vt 0.327273 0.766917
vt -0.000000 0.721804
vt 0.327273 0.736842
vt -0.000000 0.766917
vt 0.327273 0.781955
vt -0.000000 0.781955
vt -0.000000 0.736842
vt 0.327273 0.751880
vt -0.000000 0.751880
vt 0.327273 0.766917
vt -0.000000 0.721804
vt 0.327273 0.736842
vt -0.000000 0.766917
vt 0.327273 0.781955
vt -0.000000 0.781955
vt -0.000000 0.736842
vt 0.327273 0.751880
vt -0.000000 0.751880
vt 0.327273 0.766917
vt -0.000000 0.721804
vt 0.327273 0.736842
vt -0.000000 0.766917
vt 0.327273 0.781955
vt -0.000000 0.781955
vt 0.454545 0.015038
vt 0.463636 0.616541
vt 0.454545 0.616541
vt 0.463636 0.631579
vt 0.481818 0.616541
vt 0.481818 0.631579
vt 0.481818 0.000000
vt 0.463636 0.015038
vt 0.463636 0.000000
vt 0.490909 0.616541
vt 0.481818 0.015038
vt 0.490909 0.015038
vt 0.436364 0.015038
vt 0.436364 0.616541
vt 0.454545 0.015038
vt 0.463636 0.616541
vt 0.454545 0.616541
vt 0.463636 0.631579
vt 0.481818 0.616541
vt 0.481818 0.631579
vt 0.481818 0.000000
vt 0.463636 0.015038
vt 0.463636 0.000000
vt 0.490909 0.616541
vt 0.481818 0.015038
vt 0.490909 0.015038
vt 0.436364 0.015038
vt 0.436364 0.616541
vt 0.436364 0.015038
vt 0.454545 0.616541
vt 0.436364 0.616541
vt 0.463636 0.616541
vt 0.481818 0.015038
vt 0.481818 0.616541
vt 0.490909 0.616541
vt 0.490909 0.015038
vt 0.481818 0.000000
vt 0.463636 0.015038
vt 0.463636 0.000000
vt 0.463636 0.631579
vt 0.481818 0.631579
vt 0.454545 0.015038
vt 0.454545 0.015038
vt 0.463636 0.616541
vt 0.454545 0.616541
vt 0.463636 0.631579
vt 0.481818 0.616541
vt 0.481818 0.631579
vt 0.481818 0.000000
vt 0.463636 0.015038
vt 0.463636 0.000000
vt 0.490909 0.616541
vt 0.481818 0.015038
vt 0.490909 0.015038
vt 0.436364 0.015038
vt 0.436364 0.616541
vt 0.436364 0.015038
vt 0.454545 0.616541
vt 0.436364 0.616541
vt 0.463636 0.616541
vt 0.481818 0.015038
vt 0.481818 0.616541
vt 0.490909 0.616541
vt 0.490909 0.015038
vt 0.481818 0.000000
vt 0.463636 0.015038
vt 0.463636 0.000000
vt 0.463636 0.631579
vt 0.481818 0.631579
vt 0.454545 0.015038
vt 0.195455 0.684211
vt 0.168182 0.639098
vt 0.195455 0.639098
vt 0.190909 0.706767
vt 0.172727 0.721804
vt 0.172727 0.706767
vt 0.168182 0.684211
vt 0.159091 0.639098
vt 0.204545 0.684211
vt 0.168182 0.699248
vt 0.195455 0.624060
vt 0.209091 0.676692
vt 0.204545 0.639098
vt 0.209091 0.646617
vt 0.190909 0.616541
vt 0.168182 0.624060
vt 0.172727 0.616541
vt 0.154545 0.646617
vt 0.159091 0.684211
vt 0.154545 0.676692
vt 0.195455 0.699248
vt 0.190909 0.601504
vt 0.145455 0.646617
vt 0.218182 0.676692
vt 0.400000 0.601504
vt 0.290909 0.060150
vt 0.400000 0.060150
vt 0.290909 0.601504
vt 0.254545 0.060150
vt 0.436364 0.601504
vt 0.290909 0.661654
vt 0.400000 0.000000
vt 0.145455 0.060150
vt 0.254545 0.601504
vt 0.145455 0.601504
vt 0.400000 0.601504
vt 0.290909 0.060150
vt 0.400000 0.060150
vt 0.290909 0.601504
vt 0.254545 0.060150
vt 0.436364 0.601504
vt 0.290909 0.661654
vt 0.400000 0.000000
vt 0.145455 0.060150
vt 0.254545 0.601504
vt 0.145455 0.601504
vt 0.268182 0.684211
vt 0.240909 0.639098
vt 0.268182 0.639098
vt 0.263636 0.706767
vt 0.245455 0.721804
vt 0.245455 0.706767
vt 0.240909 0.684211
vt 0.231818 0.639098
vt 0.277273 0.684211
vt 0.240909 0.699248
vt 0.268182 0.624060
vt 0.281818 0.676692
vt 0.277273 0.639098
vt 0.281818 0.646617
vt 0.263636 0.616541
vt 0.240909 0.624060
vt 0.245455 0.616541
vt 0.227273 0.646617
vt 0.231818 0.684211
vt 0.227273 0.676692
vt 0.268182 0.699248
vt 0.263636 0.601504
vt 0.218182 0.646617
vt 0.290909 0.676692
vt 0.195455 0.684211
vt 0.168182 0.639098
vt 0.195455 0.639098
vt 0.190909 0.706767
vt 0.172727 0.721804
vt 0.172727 0.706767
vt 0.168182 0.684211
vt 0.159091 0.639098
vt 0.204545 0.684211
vt 0.168182 0.699248
vt 0.195455 0.624060
vt 0.209091 0.676692
vt 0.204545 0.639098
vt 0.209091 0.646617
vt 0.190909 0.616541
vt 0.168182 0.624060
vt 0.172727 0.616541
vt 0.154545 0.646617
vt 0.159091 0.684211
vt 0.154545 0.676692
vt 0.195455 0.699248
vt 0.190909 0.601504
vt 0.145455 0.646617
vt 0.218182 0.676692
vt 0.195455 0.684211
vt 0.168182 0.639098
vt 0.195455 0.639098
vt 0.190909 0.706767
vt 0.172727 0.721804
vt 0.172727 0.706767
vt 0.168182 0.684211
vt 0.159091 0.639098
vt 0.204545 0.684211
vt 0.168182 0.699248
vt 0.195455 0.624060
vt 0.209091 0.676692
vt 0.204545 0.639098
vt 0.209091 0.646617
vt 0.190909 0.616541
vt 0.168182 0.624060
vt 0.172727 0.616541
vt 0.154545 0.646617
vt 0.159091 0.684211
vt 0.154545 0.676692
vt 0.195455 0.699248
vt 0.190909 0.601504
vt 0.145455 0.646617
vt 0.218182 0.676692
vt 0.268182 0.684211
vt 0.240909 0.639098
vt 0.268182 0.639098
vt 0.263636 0.706767
vt 0.245455 0.721804
vt 0.245455 0.706767
vt 0.240909 0.684211
vt 0.231818 0.639098
vt 0.277273 0.684211
vt 0.240909 0.699248
vt 0.268182 0.624060
vt 0.281818 0.676692
vt 0.277273 0.639098
vt 0.281818 0.646617
vt 0.263636 0.616541
vt 0.240909 0.624060
vt 0.245455 0.616541
vt 0.227273 0.646617
vt 0.231818 0.684211
vt 0.227273 0.676692
vt 0.268182 0.699248
vt 0.263636 0.601504
vt 0.218182 0.646617
vt 0.290909 0.676692
vt 0.195455 0.684211
vt 0.168182 0.639098
vt 0.195455 0.639098
vt 0.190909 0.706767
vt 0.172727 0.721804
vt 0.172727 0.706767
vt 0.168182 0.684211
vt 0.159091 0.639098
vt 0.204545 0.684211
vt 0.168182 0.699248
vt 0.195455 0.624060
vt 0.209091 0.676692
vt 0.204545 0.639098
vt 0.209091 0.646617
vt 0.190909 0.616541
vt 0.168182 0.624060
vt 0.172727 0.616541
vt 0.154545 0.646617
vt 0.159091 0.684211
vt 0.154545 0.676692
vt 0.195455 0.699248
vt 0.190909 0.601504
vt 0.145455 0.646617
vt 0.218182 0.676692
vt 0.268182 0.684211
vt 0.240909 0.639098
vt 0.268182 0.639098
vt 0.263636 0.706767
vt 0.245455 0.721804
vt 0.245455 0.706767
vt 0.240909 0.684211
vt 0.231818 0.639098
vt 0.277273 0.684211
vt 0.240909 0.699248
vt 0.268182 0.624060
vt 0.281818 0.676692
vt 0.277273 0.639098
vt 0.281818 0.646617
vt 0.263636 0.616541
vt 0.240909 0.624060
vt 0.245455 0.616541
vt 0.227273 0.646617
vt 0.231818 0.684211
vt 0.227273 0.676692
vt 0.268182 0.699248
vt 0.263636 0.601504
vt 0.218182 0.646617
vt 0.290909 0.676692
vt 0.195455 0.684211
vt 0.168182 0.639098
vt 0.195455 0.639098
vt 0.190909 0.706767
vt 0.172727 0.721804
vt 0.172727 0.706767
vt 0.168182 0.684211
vt 0.159091 0.639098
vt 0.204545 0.684211
vt 0.168182 0.699248
vt 0.195455 0.624060
vt 0.209091 0.676692
vt 0.204545 0.639098
vt 0.209091 0.646617
vt 0.190909 0.616541
vt 0.168182 0.624060
vt 0.172727 0.616541
vt 0.154545 0.646617
vt 0.159091 0.684211
vt 0.154545 0.676692
vt 0.195455 0.699248
vt 0.190909 0.601504
vt 0.145455 0.646617
vt 0.218182 0.676692
vt 0.195455 0.684211
vt 0.168182 0.639098
vt 0.195455 0.639098
vt 0.190909 0.706767
vt 0.172727 0.721804
vt 0.172727 0.706767
vt 0.168182 0.684211
vt 0.159091 0.639098
vt 0.204545 0.684211
vt 0.168182 0.699248
vt 0.195455 0.624060
vt 0.209091 0.676692
vt 0.204545 0.639098
vt 0.209091 0.646617
vt 0.190909 0.616541
vt 0.168182 0.624060
vt 0.172727 0.616541
vt 0.154545 0.646617
vt 0.159091 0.684211
vt 0.154545 0.676692
vt 0.195455 0.699248
vt 0.190909 0.601504
vt 0.145455 0.646617
vt 0.218182 0.676692
vt 0.268182 0.684211
vt 0.240909 0.639098
vt 0.268182 0.639098
vt 0.263636 0.706767
vt 0.245455 0.721804
vt 0.245455 0.706767
vt 0.240909 0.684211
vt 0.231818 0.639098
vt 0.277273 0.684211
vt 0.240909 0.699248
vt 0.268182 0.624060
vt 0.281818 0.676692
vt 0.277273 0.639098
vt 0.281818 0.646617
vt 0.263636 0.616541
vt 0.240909 0.624060
vt 0.245455 0.616541
vt 0.227273 0.646617
vt 0.231818 0.684211
vt 0.227273 0.676692
vt 0.268182 0.699248
vt 0.263636 0.601504
vt 0.218182 0.646617
vt 0.290909 0.676692
vt 0.195455 0.684211
vt 0.168182 0.639098
vt 0.195455 0.639098
vt 0.190909 0.706767
vt 0.172727 0.721804
vt 0.172727 0.706767
vt 0.168182 0.684211
vt 0.159091 0.639098
vt 0.204545 0.684211
vt 0.168182 0.699248
vt 0.195455 0.624060
vt 0.209091 0.676692
vt 0.204545 0.639098
vt 0.209091 0.646617
vt 0.190909 0.616541
vt 0.168182 0.624060
vt 0.172727 0.616541
vt 0.154545 0.646617
vt 0.159091 0.684211
vt 0.154545 0.676692
vt 0.195455 0.699248
vt 0.190909 0.601504
vt 0.145455 0.646617
vt 0.218182 0.676692
vt 0.195455 0.684211
vt 0.168182 0.639098
vt 0.195455 0.639098
vt 0.190909 0.706767
vt 0.172727 0.721804
vt 0.172727 0.706767
vt 0.168182 0.684211
vt 0.159091 0.639098
vt 0.204545 0.684211
vt 0.168182 0.699248
vt 0.195455 0.624060
vt 0.209091 0.676692
vt 0.204545 0.639098
vt 0.209091 0.646617
vt 0.190909 0.616541
vt 0.168182 0.624060
vt 0.172727 0.616541
vt 0.154545 0.646617
vt 0.159091 0.684211
vt 0.154545 0.676692
vt 0.195455 0.699248
vt 0.190909 0.601504
vt 0.145455 0.646617
vt 0.218182 0.676692
vt 0.195455 0.684211
vt 0.168182 0.639098
vt 0.195455 0.639098
vt 0.190909 0.706767
vt 0.172727 0.721804
vt 0.172727 0.706767
vt 0.168182 0.684211
vt 0.159091 0.639098
vt 0.204545 0.684211
vt 0.168182 0.699248
vt 0.195455 0.624060
vt 0.209091 0.676692
vt 0.204545 0.639098
vt 0.209091 0.646617
vt 0.190909 0.616541
vt 0.168182 0.624060
vt 0.172727 0.616541
vt 0.154545 0.646617
vt 0.159091 0.684211
vt 0.154545 0.676692
vt 0.195455 0.699248
vt 0.190909 0.601504
vt 0.145455 0.646617
vt 0.218182 0.676692
vt 0.195455 0.684211
vt 0.168182 0.639098
vt 0.195455 0.639098
vt 0.190909 0.706767
vt 0.172727 0.721804
vt 0.172727 0.706767
vt 0.168182 0.684211
vt 0.159091 0.639098
vt 0.204545 0.684211
vt 0.168182 0.699248
vt 0.195455 0.624060
vt 0.209091 0.676692
vt 0.204545 0.639098
vt 0.209091 0.646617
vt 0.190909 0.616541
vt 0.168182 0.624060
vt 0.172727 0.616541
vt 0.154545 0.646617
vt 0.159091 0.684211
vt 0.154545 0.676692
vt 0.195455 0.699248
vt 0.190909 0.601504
vt 0.145455 0.646617
vt 0.218182 0.676692
vt 0.195455 0.684211
vt 0.168182 0.639098
vt 0.195455 0.639098
vt 0.190909 0.706767
vt 0.172727 0.721804
vt 0.172727 0.706767
vt 0.168182 0.684211
vt 0.159091 0.639098
vt 0.204545 0.684211
vt 0.168182 0.699248
vt 0.195455 0.624060
vt 0.209091 0.676692
vt 0.204545 0.639098
vt 0.209091 0.646617
vt 0.190909 0.616541
vt 0.168182 0.624060
vt 0.172727 0.616541
vt 0.154545 0.646617
vt 0.159091 0.684211
vt 0.154545 0.676692
vt 0.195455 0.699248
vt 0.190909 0.601504
vt 0.145455 0.646617
vt 0.218182 0.676692
vt 0.195455 0.684211
vt 0.168182 0.639098
vt 0.195455 0.639098
vt 0.190909 0.706767
vt 0.172727 0.721804
vt 0.172727 0.706767
vt 0.168182 0.684211
vt 0.159091 0.639098
vt 0.204545 0.684211
vt 0.168182 0.699248
vt 0.195455 0.624060
vt 0.209091 0.676692
vt 0.204545 0.639098
vt 0.209091 0.646617
vt 0.190909 0.616541
vt 0.168182 0.624060
vt 0.172727 0.616541
vt 0.154545 0.646617
vt 0.159091 0.684211
vt 0.154545 0.676692
vt 0.195455 0.699248
vt 0.190909 0.601504
vt 0.145455 0.646617
vt 0.218182 0.676692
vt 0.195455 0.684211
vt 0.168182 0.639098
vt 0.195455 0.639098
vt 0.190909 0.706767
vt 0.172727 0.721804
vt 0.172727 0.706767
vt 0.168182 0.684211
vt 0.159091 0.639098
vt 0.204545 0.684211
vt 0.168182 0.699248
vt 0.195455 0.624060
vt 0.209091 0.676692
vt 0.204545 0.639098
vt 0.209091 0.646617
vt 0.190909 0.616541
vt 0.168182 0.624060
vt 0.172727 0.616541
vt 0.154545 0.646617
vt 0.159091 0.684211
vt 0.154545 0.676692
vt 0.195455 0.699248
vt 0.190909 0.601504
vt 0.145455 0.646617
vt 0.218182 0.676692
vt 0.195455 0.684211
vt 0.168182 0.639098
vt 0.195455 0.639098
vt 0.190909 0.706767
vt 0.172727 0.721804
vt 0.172727 0.706767
vt 0.168182 0.684211
vt 0.159091 0.639098
vt 0.204545 0.684211
vt 0.168182 0.699248
vt 0.195455 0.624060
vt 0.209091 0.676692
vt 0.204545 0.639098
vt 0.209091 0.646617
vt 0.190909 0.616541
vt 0.168182 0.624060
vt 0.172727 0.616541
vt 0.154545 0.646617
vt 0.159091 0.684211
vt 0.154545 0.676692
vt 0.195455 0.699248
vt 0.190909 0.601504
vt 0.145455 0.646617
vt 0.218182 0.676692
vt 0.195455 0.684211
vt 0.168182 0.639098
vt 0.195455 0.639098
vt 0.190909 0.706767
vt 0.172727 0.721804
vt 0.172727 0.706767
vt 0.168182 0.684211
vt 0.159091 0.639098
vt 0.204545 0.684211
vt 0.168182 0.699248
vt 0.195455 0.624060
vt 0.209091 0.676692
vt 0.204545 0.639098
vt 0.209091 0.646617
vt 0.190909 0.616541
vt 0.168182 0.624060
vt 0.172727 0.616541
vt 0.154545 0.646617
vt 0.159091 0.684211
vt 0.154545 0.676692
vt 0.195455 0.699248
vt 0.190909 0.601504
vt 0.145455 0.646617
vt 0.218182 0.676692
vt 0.195455 0.684211
vt 0.168182 0.639098
vt 0.195455 0.639098
vt 0.190909 0.706767
vt 0.172727 0.721804
vt 0.172727 0.706767
vt 0.168182 0.684211
vt 0.159091 0.639098
vt 0.204545 0.684211
vt 0.168182 0.699248
vt 0.195455 0.624060
vt 0.209091 0.676692
vt 0.204545 0.639098
vt 0.209091 0.646617
vt 0.190909 0.616541
vt 0.168182 0.624060
vt 0.172727 0.616541
vt 0.154545 0.646617
vt 0.159091 0.684211
vt 0.154545 0.676692
vt 0.195455 0.699248
vt 0.190909 0.601504
vt 0.145455 0.646617
vt 0.218182 0.676692
vt 0.354545 0.766917
vt 0.409091 0.857143
vt 0.354545 0.857143
vt 0.363636 0.736842
vt 0.400000 0.721804
vt 0.400000 0.736842
vt 0.354545 0.872180
vt 0.409091 0.766917
vt 0.418182 0.857143
vt 0.345455 0.766917
vt 0.409091 0.751880
vt 0.263636 0.781955
vt 0.236364 0.812030
vt 0.236364 0.781955
vt 0.209091 0.781955
vt 0.181818 0.812030
vt 0.181818 0.781955
vt 0.263636 0.781955
vt 0.236364 0.812030
vt 0.236364 0.781955
vt 0.209091 0.812030
vt 0.209091 0.781955
vt 0.290909 0.781955
vt 0.263636 0.812030
vt 0.186364 0.819549
vt 0.204545 0.849624
vt 0.186364 0.849624
vt 0.186364 0.819549
vt 0.204545 0.849624
vt 0.186364 0.849624
vt 0.290909 0.781955
vt 0.263636 0.812030
vt 0.263636 0.781955
vt 0.236364 0.781955
vt 0.209091 0.812030
vt 0.209091 0.781955
vt 0.236364 0.812030
vt 0.209091 0.781955
vt 0.181818 0.812030
vt 0.181818 0.781955
vt 0.263636 0.781955
vt 0.236364 0.812030
vt 0.236364 0.781955
vt 0.209091 0.812030
vt 0.290909 0.781955
vt 0.263636 0.812030
vt 0.186364 0.819549
vt 0.204545 0.849624
vt 0.186364 0.849624
vt 0.181818 0.812030
vt 0.181818 0.781955
vt 0.209091 0.812030
vt 0.290909 0.781955
vt 0.263636 0.812030
vt 0.186364 0.819549
vt 0.204545 0.849624
vt 0.186364 0.849624
vt 0.181818 0.812030
vt 0.181818 0.781955
vt 0.363636 0.887218
vt 0.409091 0.872180
vt 0.400000 0.887218
vt 0.336364 0.781955
vt 0.345455 0.857143
vt 0.336364 0.842105
vt 0.354545 0.751880
vt 0.427273 0.842105
vt 0.418182 0.766917
vt 0.427273 0.781955
vt 0.400000 0.661654
vt 0.363636 0.721804
vt 0.363636 0.661654
vt 0.363636 0.902256
vt 0.436364 0.842105
vt 0.327273 0.781955
vt 0.509091 0.601175
vt 0.491108 0.571429
vt 0.509091 0.541682
vt 0.558250 0.592594
vt 0.545455 0.601361
vt 0.532659 0.592594
vt 0.240909 0.819549
vt 0.259091 0.819549
vt 0.268182 0.819549
vt 0.290909 0.812030
vt 0.286364 0.819549
vt 0.204545 0.819549
vt 0.213636 0.819549
vt 0.231818 0.819549
vt 0.213636 0.819549
vt 0.231818 0.819549
vt 0.204545 0.819549
vt 0.268182 0.819549
vt 0.290909 0.812030
vt 0.286364 0.819549
vt 0.240909 0.819549
vt 0.259091 0.819549
vt 0.240909 0.819549
vt 0.259091 0.819549
vt 0.268182 0.819549
vt 0.290909 0.812030
vt 0.286364 0.819549
vt 0.204545 0.819549
vt 0.213636 0.819549
vt 0.231818 0.819549
vt 0.240909 0.819549
vt 0.259091 0.819549
vt 0.268182 0.819549
vt 0.290909 0.812030
vt 0.286364 0.819549
vt 0.204545 0.819549
vt 0.213636 0.819549
vt 0.231818 0.819549
vt 0.354545 0.766917
vt 0.409091 0.857143
vt 0.354545 0.857143
vt 0.363636 0.736842
vt 0.400000 0.721804
vt 0.400000 0.736842
vt 0.354545 0.872180
vt 0.409091 0.766917
vt 0.418182 0.857143
vt 0.345455 0.766917
vt 0.409091 0.751880
vt 0.363636 0.887218
vt 0.409091 0.872180
vt 0.400000 0.887218
vt 0.336364 0.781955
vt 0.345455 0.857143
vt 0.336364 0.842105
vt 0.354545 0.751880
vt 0.427273 0.842105
vt 0.418182 0.766917
vt 0.427273 0.781955
vt 0.400000 0.661654
vt 0.363636 0.721804
vt 0.363636 0.661654
vt 0.363636 0.902256
vt 0.436364 0.842105
vt 0.327273 0.781955
vt 0.354545 0.766917
vt 0.409091 0.857143
vt 0.354545 0.857143
vt 0.363636 0.736842
vt 0.400000 0.721804
vt 0.400000 0.736842
vt 0.354545 0.872180
vt 0.409091 0.766917
vt 0.418182 0.857143
vt 0.345455 0.766917
vt 0.409091 0.751880
vt 0.363636 0.887218
vt 0.409091 0.872180
vt 0.400000 0.887218
vt 0.336364 0.781955
vt 0.345455 0.857143
vt 0.336364 0.842105
vt 0.354545 0.751880
vt 0.427273 0.842105
vt 0.418182 0.766917
vt 0.427273 0.781955
vt 0.400000 0.661654
vt 0.363636 0.721804
vt 0.363636 0.661654
vt 0.363636 0.902256
vt 0.436364 0.842105
vt 0.327273 0.781955
vt 0.354545 0.766917
vt 0.409091 0.857143
vt 0.354545 0.857143
vt 0.363636 0.736842
vt 0.400000 0.721804
vt 0.400000 0.736842
vt 0.354545 0.872180
vt 0.409091 0.766917
vt 0.418182 0.857143
vt 0.345455 0.766917
vt 0.409091 0.751880
vt 0.363636 0.887218
vt 0.409091 0.872180
vt 0.400000 0.887218
vt 0.336364 0.781955
vt 0.345455 0.857143
vt 0.336364 0.842105
vt 0.354545 0.751880
vt 0.427273 0.842105
vt 0.418182 0.766917
vt 0.427273 0.781955
vt 0.400000 0.661654
vt 0.363636 0.721804
vt 0.363636 0.661654
vt 0.363636 0.902256
vt 0.436364 0.842105
vt 0.327273 0.781955
vt 0.109091 0.300752
vt 0.072727 0.060150
vt 0.109091 0.060150
vt 0.072727 0.300752
vt 0.036364 0.060150
vt 0.145455 0.300752
vt 0.072727 0.360902
vt 0.109091 0.000000
vt 0.000000 0.060150
vt 0.036364 0.300752
vt -0.000000 0.300752
vt 0.109091 0.661654
vt 0.072727 0.421053
vt 0.109091 0.421053
vt 0.072727 0.661654
vt 0.036364 0.421053
vt 0.145455 0.661654
vt 0.072727 0.721804
vt 0.109091 0.360902
vt 0.000000 0.421053
vt 0.036364 0.661654
vt 0.000000 0.661654
vt 0.627273 0.030075
vt 0.600000 0.511278
vt 0.600000 0.030075
vt 0.645455 0.030075
vt 0.636364 0.511278
vt 0.636364 0.030075
vt 0.709091 0.030075
vt 0.690909 0.511278
vt 0.690909 0.030075
vt 0.654545 0.030075
vt 0.654545 0.511278
vt 0.663636 0.526316
vt 0.654545 0.526316
vt 0.663636 0.015038
vt 0.663636 0.000000
vt 0.690909 0.000000
vt 0.263636 0.781955
vt 0.236364 0.812030
vt 0.236364 0.781955
vt 0.209091 0.781955
vt 0.181818 0.812030
vt 0.181818 0.781955
vt 0.263636 0.781955
vt 0.236364 0.812030
vt 0.236364 0.781955
vt 0.209091 0.812030
vt 0.209091 0.781955
vt 0.290909 0.781955
vt 0.263636 0.812030
vt 0.186364 0.819549
vt 0.204545 0.849624
vt 0.186364 0.849624
vt 0.209091 0.812030
vt 0.290909 0.781955
vt 0.263636 0.812030
vt 0.186364 0.819549
vt 0.204545 0.849624
vt 0.186364 0.849624
vt 0.181818 0.812030
vt 0.181818 0.781955
vt 0.240909 0.819549
vt 0.259091 0.819549
vt 0.268182 0.819549
vt 0.290909 0.812030
vt 0.286364 0.819549
vt 0.204545 0.819549
vt 0.213636 0.819549
vt 0.231818 0.819549
vt 0.240909 0.819549
vt 0.259091 0.819549
vt 0.268182 0.819549
vt 0.290909 0.812030
vt 0.286364 0.819549
vt 0.204545 0.819549
vt 0.213636 0.819549
vt 0.231818 0.819549
vt 0.263636 0.781955
vt 0.236364 0.812030
vt 0.236364 0.781955
vt 0.209091 0.781955
vt 0.181818 0.812030
vt 0.181818 0.781955
vt 0.263636 0.781955
vt 0.236364 0.812030
vt 0.236364 0.781955
vt 0.209091 0.812030
vt 0.209091 0.781955
vt 0.290909 0.781955
vt 0.263636 0.812030
vt 0.186364 0.819549
vt 0.204545 0.849624
vt 0.186364 0.849624
vt 0.209091 0.812030
vt 0.290909 0.781955
vt 0.263636 0.812030
vt 0.186364 0.819549
vt 0.204545 0.849624
vt 0.186364 0.849624
vt 0.181818 0.812030
vt 0.181818 0.781955
vt 0.240909 0.819549
vt 0.259091 0.819549
vt 0.268182 0.819549
vt 0.290909 0.812030
vt 0.286364 0.819549
vt 0.204545 0.819549
vt 0.213636 0.819549
vt 0.231818 0.819549
vt 0.240909 0.819549
vt 0.259091 0.819549
vt 0.268182 0.819549
vt 0.290909 0.812030
vt 0.286364 0.819549
vt 0.204545 0.819549
vt 0.213636 0.819549
vt 0.231818 0.819549
vt 0.627273 0.030075
vt 0.600000 0.511278
vt 0.600000 0.030075
vt 0.645455 0.030075
vt 0.636364 0.511278
vt 0.636364 0.030075
vt 0.709091 0.030075
vt 0.690909 0.511278
vt 0.690909 0.030075
vt 0.654545 0.030075
vt 0.654545 0.511278
vt 0.663636 0.526316
vt 0.654545 0.526316
vt 0.663636 0.015038
vt 0.663636 -0.000000
vt 0.690909 -0.000000
vt 0.590909 0.872180
vt 0.554545 0.879699
vt 0.554545 0.872180
vt 0.481818 0.872180
vt 0.445455 0.879699
vt 0.445455 0.872180
vt 0.645455 0.872180
vt 0.609091 0.879699
vt 0.609091 0.872180
vt 0.481818 0.939850
vt 0.445455 0.939850
vt 0.500000 0.872180
vt 0.540909 0.864662
vt 0.536364 0.872180
vt 0.486364 0.864662
vt 0.650000 0.864662
vt 0.595455 0.864662
vt 0.650000 0.849624
vt 0.604545 0.864662
vt 0.604545 0.849624
vt 0.540909 0.849624
vt 0.495455 0.864662
vt 0.495455 0.849624
vt 0.595455 0.849624
vt 0.550000 0.864662
vt 0.550000 0.849624
vt 0.500000 0.879699
vt 0.545455 0.842105
vt 0.440909 0.849624
vt 0.490909 0.842105
vt 0.486364 0.849624
vt 0.654545 0.842105
vt 0.600000 0.842105
vt 0.440909 0.864662
vt 0.490909 0.781955
vt 0.436364 0.842105
vt 0.436364 0.781955
vt 0.654545 0.781955
vt 0.600000 0.781955
vt 0.545455 0.781955
vt -0.000000 0.857143
vt 0.154545 0.872180
vt -0.000000 0.872180
vt -0.000000 0.887218
vt 0.154545 0.902256
vt -0.000000 0.902256
vt 0.154545 0.887218
vt -0.000000 0.842105
vt 0.154545 0.857143
vt -0.000000 0.857143
vt 0.154545 0.872180
vt -0.000000 0.872180
vt -0.000000 0.887218
vt 0.154545 0.902256
vt -0.000000 0.902256
vt 0.154545 0.887218
vt -0.000000 0.842105
vt 0.154545 0.857143
vt -0.000000 0.857143
vt 0.154545 0.872180
vt -0.000000 0.872180
vt -0.000000 0.887218
vt 0.154545 0.902256
vt -0.000000 0.902256
vt 0.154545 0.887218
vt -0.000000 0.842105
vt 0.154545 0.857143
vt -0.000000 0.857143
vt 0.154545 0.872180
vt -0.000000 0.872180
vt -0.000000 0.887218
vt 0.154545 0.902256
vt -0.000000 0.902256
vt 0.154545 0.887218
vt -0.000000 0.842105
vt 0.154545 0.857143
vt 0.509091 0.601175
vt 0.491108 0.571429
vt 0.509091 0.541682
vt 0.558250 0.592594
vt 0.545455 0.601361
vt 0.532659 0.592594
vt 0.777283 0.505205
vt 0.777283 0.427126
vt 0.818162 0.466165
vt 0.722737 0.505205
vt 0.722738 0.427126
vt 0.763616 0.466165
vt 0.490909 0.616541
vt 0.509091 0.601504
vt 0.509091 0.616541
vt 0.909091 0.060150
vt 0.963636 0.390977
vt 0.909091 0.390977
vt 0.963636 0.000000
vt 0.909091 0.000000
vt 0.909091 0.451128
vt 0.963636 0.451128
vt 1.000000 0.390977
vt 0.963636 0.060150
vt 1.000000 0.060150
vt 0.872727 0.060150
vt 0.872727 0.390977
vt 0.545455 0.616541
vt 0.563636 0.601504
vt 0.563636 0.616541
vt 0.490909 0.616541
vt 0.509091 0.601504
vt 0.509091 0.616541
vt 0.545455 0.616541
vt 0.563636 0.601504
vt 0.563636 0.616541
vt 0.527273 0.601504
vt 0.527273 0.616541
vt 0.545455 0.601504
vt 0.527273 0.601504
vt 0.527273 0.616541
vt 0.545455 0.601504
vt 0.772727 0.676692
vt 0.690909 0.631579
vt 0.772727 0.631579
vt 0.690909 0.751880
vt 0.772727 0.706767
vt 0.772727 0.751880
vt 0.500000 0.706767
vt 0.690909 0.706767
vt 0.790909 0.751880
vt 0.790909 0.706767
vt 0.690909 0.676692
vt 0.690909 0.781955
vt 0.772727 0.781955
vt 0.563636 0.601504
vt 0.545455 0.616541
vt 0.545455 0.601504
vt 0.509091 0.601504
vt 0.490909 0.616541
vt 0.490909 0.601504
vt 0.527273 0.616541
vt 0.527273 0.601504
vt 0.509091 0.616541
vt 0.472727 0.676692
vt 0.500000 0.676692
vt 0.500000 0.631579
vt 0.500000 0.751880
vt 0.454545 0.706767
vt 0.472727 0.751880
vt 0.454545 0.751880
vt 0.472727 0.631579
vt 0.500000 0.781955
vt 0.472727 0.706767
vt 0.600000 0.781955
vt 0.545455 0.842105
vt 0.545455 0.781955
vt 0.490909 0.842105
vt 0.490909 0.781955
vt 0.654545 0.781955
vt 0.600000 0.842105
vt 0.436364 0.842105
vt 0.436364 0.781955
vt 0.486364 0.849624
vt 0.440909 0.864662
vt 0.440909 0.849624
vt 0.550000 0.849624
vt 0.595455 0.849624
vt 0.604545 0.849624
vt 0.654545 0.842105
vt 0.650000 0.849624
vt 0.495455 0.849624
vt 0.540909 0.849624
vt 0.536364 0.872180
vt 0.500000 0.879699
vt 0.500000 0.872180
vt 0.550000 0.864662
vt 0.495455 0.864662
vt 0.604545 0.864662
vt 0.554545 0.872180
vt 0.595455 0.864662
vt 0.590909 0.872180
vt 0.609091 0.872180
vt 0.650000 0.864662
vt 0.645455 0.872180
vt 0.445455 0.872180
vt 0.486364 0.864662
vt 0.481818 0.872180
vt 0.540909 0.864662
vt 0.445455 0.879699
vt 0.481818 0.939850
vt 0.445455 0.939850
vt 0.609091 0.879699
vt 0.554545 0.879699
vt 0.818182 0.781955
vt 0.763636 0.902256
vt 0.763636 0.781955
vt 0.709091 0.902256
vt 0.709091 0.781955
vt 0.872727 0.781955
vt 0.818182 0.902256
vt 0.654545 0.902256
vt 0.654545 0.781955
vt 0.704545 0.909774
vt 0.659091 0.924812
vt 0.659091 0.909774
vt 0.768182 0.909774
vt 0.813636 0.909774
vt 0.822727 0.909774
vt 0.872727 0.902256
vt 0.868182 0.909774
vt 0.713636 0.909774
vt 0.759091 0.909774
vt 0.754545 0.932331
vt 0.718182 0.939850
vt 0.718182 0.932331
vt 0.768182 0.924812
vt 0.713636 0.924812
vt 0.822727 0.924812
vt 0.772727 0.932331
vt 0.813636 0.924812
vt 0.809091 0.932331
vt 0.827273 0.932331
vt 0.868182 0.924812
vt 0.863636 0.932331
vt 0.663636 0.932331
vt 0.704545 0.924812
vt 0.700000 0.932331
vt 0.759091 0.924812
vt 0.663636 0.939850
vt 0.700000 1.000000
vt 0.663636 1.000000
vt 0.827273 0.939850
vt 0.772727 0.939850
vt 0.518182 0.879699
vt 0.536364 0.909774
vt 0.518182 0.909774
vt 0.481818 0.879699
vt 0.500000 0.909774
vt 0.481818 0.909774
vt 0.536364 0.879699
vt 0.554545 0.909774
vt 0.500000 0.879699
vt 0.518182 0.879699
vt 0.536364 0.909774
vt 0.518182 0.909774
vt 0.481818 0.879699
vt 0.500000 0.909774
vt 0.481818 0.909774
vt 0.536364 0.879699
vt 0.554545 0.909774
vt 0.500000 0.879699
vt 0.518182 0.879699
vt 0.536364 0.909774
vt 0.518182 0.909774
vt 0.481818 0.879699
vt 0.500000 0.909774
vt 0.481818 0.909774
vt 0.536364 0.879699
vt 0.554545 0.909774
vt 0.500000 0.879699
vt 0.518182 0.879699
vt 0.536364 0.909774
vt 0.518182 0.909774
vt 0.481818 0.879699
vt 0.500000 0.909774
vt 0.481818 0.909774
vt 0.536364 0.879699
vt 0.554545 0.909774
vt 0.500000 0.879699
vt 0.754545 0.601504
vt 0.572727 0.631579
vt 0.572727 0.601504
vt 0.572727 0.556391
vt 0.754545 0.586466
vt 0.572727 0.586466
vt 0.763636 0.586466
vt 0.754545 0.556391
vt 0.763636 0.556391
vt 0.563636 0.556391
vt 0.563636 0.586466
vt 0.754545 0.541353
vt 0.572727 0.541353
vt 0.572727 0.586466
vt 0.754545 0.556391
vt 0.754545 0.586466
vt 0.754545 0.631579
vt 0.572727 0.601504
vt 0.754545 0.601504
vt 0.563636 0.556391
vt 0.572727 0.556391
vt 0.763636 0.586466
vt 0.754545 0.541353
vt 0.818182 0.781955
vt 0.763636 0.902256
vt 0.763636 0.781955
vt 0.709091 0.902256
vt 0.709091 0.781955
vt 0.872727 0.781955
vt 0.818182 0.902256
vt 0.654545 0.902256
vt 0.654545 0.781955
vt 0.704545 0.909774
vt 0.659091 0.924812
vt 0.659091 0.909774
vt 0.768182 0.909774
vt 0.813636 0.909774
vt 0.822727 0.909774
vt 0.872727 0.902256
vt 0.868182 0.909774
vt 0.713636 0.909774
vt 0.759091 0.909774
vt 0.754545 0.932331
vt 0.718182 0.939850
vt 0.718182 0.932331
vt 0.768182 0.924812
vt 0.713636 0.924812
vt 0.822727 0.924812
vt 0.772727 0.932331
vt 0.813636 0.924812
vt 0.809091 0.932331
vt 0.827273 0.932331
vt 0.868182 0.924812
vt 0.863636 0.932331
vt 0.663636 0.932331
vt 0.704545 0.924812
vt 0.700000 0.932331
vt 0.759091 0.924812
vt 0.663636 0.939850
vt 0.700000 1.000000
vt 0.663636 1.000000
vt 0.827273 0.939850
vt 0.772727 0.939850
vt 0.418182 0.601504
vt 0.418182 0.691729
vt 0.472727 0.661654
vt 0.418182 0.601504
vt 0.418182 0.691729
vt 0.472727 0.661654
vt 0.418182 0.601504
vt 0.418182 0.691729
vt 0.472727 0.661654
vt 0.418182 0.601504
vt 0.418182 0.691729
vt 0.472727 0.661654
vt 0.327273 0.721804
vt 0.327273 0.721804
vt 0.327273 0.721804
vt 0.327273 0.721804
vt 0.190909 0.721804
vt 0.172727 0.601504
vt 0.145455 0.676692
vt 0.218182 0.646617
vt 0.436364 0.060150
vt 0.400000 0.661654
vt 0.290909 -0.000000
vt 0.436364 0.060150
vt 0.400000 0.661654
vt 0.290909 -0.000000
vt 0.263636 0.721804
vt 0.245455 0.601504
vt 0.218182 0.676692
vt 0.290909 0.646617
vt 0.190909 0.721804
vt 0.172727 0.601504
vt 0.145455 0.676692
vt 0.218182 0.646617
vt 0.190909 0.721804
vt 0.172727 0.601504
vt 0.145455 0.676692
vt 0.218182 0.646617
vt 0.263636 0.721804
vt 0.245455 0.601504
vt 0.218182 0.676692
vt 0.290909 0.646617
vt 0.190909 0.721804
vt 0.172727 0.601504
vt 0.145455 0.676692
vt 0.218182 0.646617
vt 0.263636 0.721804
vt 0.245455 0.601504
vt 0.218182 0.676692
vt 0.290909 0.646617
vt 0.190909 0.721804
vt 0.172727 0.601504
vt 0.145455 0.676692
vt 0.218182 0.646617
vt 0.190909 0.721804
vt 0.172727 0.601504
vt 0.145455 0.676692
vt 0.218182 0.646617
vt 0.263636 0.721804
vt 0.245455 0.601504
vt 0.218182 0.676692
vt 0.290909 0.646617
vt 0.190909 0.721804
vt 0.172727 0.601504
vt 0.145455 0.676692
vt 0.218182 0.646617
vt 0.190909 0.721804
vt 0.172727 0.601504
vt 0.145455 0.676692
vt 0.218182 0.646617
vt 0.190909 0.721804
vt 0.172727 0.601504
vt 0.145455 0.676692
vt 0.218182 0.646617
vt 0.190909 0.721804
vt 0.172727 0.601504
vt 0.145455 0.676692
vt 0.218182 0.646617
vt 0.190909 0.721804
vt 0.172727 0.601504
vt 0.145455 0.676692
vt 0.218182 0.646617
vt 0.190909 0.721804
vt 0.172727 0.601504
vt 0.145455 0.676692
vt 0.218182 0.646617
vt 0.190909 0.721804
vt 0.172727 0.601504
vt 0.145455 0.676692
vt 0.218182 0.646617
vt 0.190909 0.721804
vt 0.172727 0.601504
vt 0.145455 0.676692
vt 0.218182 0.646617
vt 0.190909 0.721804
vt 0.172727 0.601504
vt 0.145455 0.676692
vt 0.218182 0.646617
vt 0.190909 0.721804
vt 0.172727 0.601504
vt 0.145455 0.676692
vt 0.218182 0.646617
vt 0.400000 0.902256
vt 0.436364 0.781955
vt 0.327273 0.842105
vt 0.521807 0.550394
vt 0.527074 0.571429
vt 0.521807 0.592463
vt 0.496375 0.592463
vt 0.496375 0.550394
vt 0.527359 0.571429
vt 0.558250 0.550264
vt 0.532659 0.550264
vt 0.545455 0.541497
vt 0.563550 0.571429
vt 0.400000 0.902256
vt 0.436364 0.781955
vt 0.327273 0.842105
vt 0.400000 0.902256
vt 0.436364 0.781955
vt 0.327273 0.842105
vt 0.400000 0.902256
vt 0.436364 0.781955
vt 0.327273 0.842105
vt 0.145455 0.060150
vt 0.109091 0.360902
vt 0.072727 0.000000
vt 0.145455 0.421053
vt 0.109091 0.721804
vt 0.072727 0.360902
vt 0.627273 0.511278
vt 0.645455 0.511278
vt 0.709091 0.511278
vt 0.690909 0.541353
vt 0.663636 0.541353
vt 0.654545 0.015038
vt 0.627273 0.511278
vt 0.645455 0.511278
vt 0.709091 0.511278
vt 0.690909 0.541353
vt 0.663636 0.541353
vt 0.654545 0.015038
vt 0.590909 0.879699
vt 0.481818 0.879699
vt 0.645455 0.879699
vt 0.536364 0.879699
vt 0.154545 0.842105
vt 0.154545 0.842105
vt 0.154545 0.842105
vt 0.154545 0.842105
vt 0.521807 0.550394
vt 0.527074 0.571429
vt 0.521807 0.592463
vt 0.496375 0.592463
vt 0.496375 0.550394
vt 0.527359 0.571429
vt 0.558250 0.550264
vt 0.532659 0.550264
vt 0.545455 0.541497
vt 0.563550 0.571429
vt 0.814510 0.488705
vt 0.804535 0.505205
vt 0.790909 0.511244
vt 0.767308 0.488705
vt 0.763657 0.466165
vt 0.767308 0.443626
vt 0.790909 0.421086
vt 0.804535 0.427126
vt 0.814510 0.443626
vt 0.759965 0.488705
vt 0.749990 0.505205
vt 0.736364 0.511244
vt 0.712762 0.488705
vt 0.709111 0.466165
vt 0.712763 0.443626
vt 0.736364 0.421086
vt 0.749990 0.427126
vt 0.759965 0.443625
vt 0.490909 0.601504
vt 0.490909 0.601504
vt 0.563636 0.616541
vt 0.472727 0.781955
vt 0.536364 0.879699
vt 0.481818 0.879699
vt 0.645455 0.879699
vt 0.590909 0.879699
vt 0.754545 0.939850
vt 0.700000 0.939850
vt 0.863636 0.939850
vt 0.809091 0.939850
vt 0.554545 0.879699
vt 0.554545 0.879699
vt 0.554545 0.879699
vt 0.554545 0.879699
vt 0.754545 0.631579
vt 0.572727 0.631579
vt 0.563636 0.586466
vt 0.763636 0.556391
vt 0.572727 0.541353
vt 0.754545 0.939850
vt 0.700000 0.939850
vt 0.863636 0.939850
vt 0.809091 0.939850
vt 0.572727 -0.000000
vt 0.586364 0.541353
vt 0.572727 0.541353
vt 0.586364 -0.000000
vt 0.600000 0.541353
vt 0.490909 -0.000000
vt 0.504545 0.541353
vt 0.490909 0.541353
vt 0.504545 -0.000000
vt 0.518182 0.541353
vt 0.518182 -0.000000
vt 0.531818 0.541353
vt 0.531818 -0.000000
vt 0.545455 0.541353
vt 0.545455 -0.000000
vt 0.559091 0.541353
vt 0.559091 -0.000000
vt 0.572727 -0.000000
vt 0.586364 0.541353
vt 0.572727 0.541353
vt 0.586364 -0.000000
vt 0.600000 0.541353
vt 0.490909 -0.000000
vt 0.504545 0.541353
vt 0.490909 0.541353
vt 0.504545 -0.000000
vt 0.518182 0.541353
vt 0.518182 -0.000000
vt 0.531818 0.541353
vt 0.531818 -0.000000
vt 0.545455 0.541353
vt 0.545455 -0.000000
vt 0.559091 0.541353
vt 0.559091 -0.000000
vt 0.750000 -0.000000
vt 0.736364 0.210526
vt 0.736364 -0.000000
vt 0.872727 -0.000000
vt 0.859091 0.210526
vt 0.859091 -0.000000
vt 0.831818 -0.000000
vt 0.818182 0.210526
vt 0.818182 -0.000000
vt 0.763636 -0.000000
vt 0.750000 0.210526
vt 0.722727 -0.000000
vt 0.709091 0.210526
vt 0.709091 -0.000000
vt 0.845455 -0.000000
vt 0.831818 0.210526
vt 0.777273 -0.000000
vt 0.763636 0.210526
vt 0.804545 -0.000000
vt 0.790909 0.210526
vt 0.790909 -0.000000
vt 0.722727 0.210526
vt 0.845455 0.210526
vt 0.777273 0.210526
vt 0.804545 0.210526
vt 0.750000 0.210526
vt 0.736364 0.421053
vt 0.736364 0.210526
vt 0.872727 0.210526
vt 0.859091 0.421053
vt 0.859091 0.210526
vt 0.831818 0.210526
vt 0.818182 0.421053
vt 0.818182 0.210526
vt 0.763636 0.210526
vt 0.750000 0.421053
vt 0.722727 0.210526
vt 0.709091 0.421053
vt 0.709091 0.210526
vt 0.845455 0.210526
vt 0.831818 0.421053
vt 0.777273 0.210526
vt 0.763636 0.421053
vt 0.804546 0.210526
vt 0.790909 0.421053
vt 0.790909 0.210526
vt 0.722727 0.421053
vt 0.845455 0.421053
vt 0.777273 0.421053
vt 0.804546 0.421053
vt 0.600000 -0.000000
vt 0.600000 -0.000000
vt 0.872727 0.210526
vt 0.872727 0.421053
vn 0.0000 -1.0000 0.0000
vn 0.0000 1.0000 0.0000
vn -1.0000 0.0000 0.0000
vn 0.0000 0.0000 -1.0000
vn 1.0000 0.0000 0.0000
vn 0.0000 0.0000 1.0000
vn -0.7071 0.7071 0.0000
vn 0.0000 0.7071 0.7071
vn 0.7071 0.7071 0.0000
vn 0.0000 0.7071 -0.7071
vn 0.4299 0.9029 0.0000
vn -0.4299 -0.9029 0.0000
vn -0.0000 -0.7071 -0.7071
vn -0.0000 -0.7071 0.7071
vn 0.8660 -0.0000 0.5000
vn -0.5000 0.0000 0.8660
vn -0.8660 0.0000 -0.5000
vn 0.8660 -0.0000 -0.5000
vn 0.5000 -0.0000 0.8660
vn -0.8660 0.0000 0.5000
vn 0.5000 -0.0000 -0.8660
vn -0.5000 0.0000 -0.8660
o Base
s off
f 996/1677/203 997/1678/203 998/1679/203
f 999/1680/203 1002/1681/203 1000/1682/203
f 1006/1683/204 1003/1684/204 1004/1685/204
f 999/1686/205 1005/1687/205 1001/1688/205
f 1001/1688/206 1006/1683/206 1002/1681/206
f 1002/1681/207 1004/1685/207 1000/1682/207
f 1000/1689/208 1003/1690/208 999/1686/208
f 1007/1691/203 1010/1692/203 1008/1693/203
f 1014/1694/204 1011/1695/204 1012/1696/204
f 1007/1697/205 1013/1698/205 1009/1699/205
f 1009/1699/206 1014/1694/206 1010/1692/206
f 1010/1692/207 1012/1696/207 1008/1693/207
f 1008/1700/208 1011/1701/208 1007/1697/208
f 1015/1702/203 1018/1703/203 1016/1704/203
f 1022/1705/204 1019/1706/204 1020/1707/204
f 1015/1708/205 1021/1709/205 1017/1710/205
f 1017/1710/206 1022/1705/206 1018/1703/206
f 1018/1703/207 1020/1707/207 1016/1704/207
f 1016/1711/208 1019/1712/208 1015/1708/208
f 1023/1713/203 1026/1714/203 1024/1715/203
f 1030/1716/204 1027/1717/204 1028/1718/204
f 1023/1719/205 1029/1720/205 1025/1721/205
f 1025/1721/206 1030/1716/206 1026/1714/206
f 1026/1714/207 1028/1718/207 1024/1715/207
f 1024/1722/208 1027/1723/208 1023/1719/208
f 1033/1724/208 998/1679/208 997/1678/208
f 1031/1725/206 995/1726/206 996/1677/206
f 1034/1727/204 1032/1728/204 1031/1729/204
f 1035/1730/203 1037/1731/203 1038/1732/203
f 1041/1733/206 1038/1732/206 1037/1731/206
f 1039/1734/208 1036/1735/208 1035/1730/208
f 1042/1736/204 1040/1737/204 1039/1738/204
f 1043/1739/203 1045/1740/203 1046/1741/203
f 1049/1742/207 1046/1741/207 1045/1740/207
f 1047/1743/205 1044/1744/205 1043/1739/205
f 1050/1745/204 1048/1746/204 1047/1747/204
f 1051/1748/203 1053/1749/203 1054/1750/203
f 1057/1751/205 1054/1750/205 1053/1749/205
f 1055/1752/207 1052/1753/207 1051/1748/207
f 1058/1754/204 1056/1755/204 1055/1756/204
f 1063/1757/207 1060/1758/207 1065/1759/207
f 1065/1760/208 1061/1761/208 1066/1762/208
f 1064/1763/206 1059/1764/206 1063/1765/206
f 1066/1766/205 1062/1767/205 1064/1768/205
f 1060/1758/204 1062/1767/204 1061/1761/204
f 1064/1769/203 1065/1759/203 1066/1770/203
f 1071/1771/207 1068/1772/207 1073/1773/207
f 1073/1774/208 1069/1775/208 1074/1776/208
f 1072/1777/206 1067/1778/206 1071/1779/206
f 1074/1780/205 1070/1781/205 1072/1782/205
f 1068/1772/204 1070/1781/204 1069/1775/204
f 1072/1783/203 1073/1773/203 1074/1784/203
f 1077/1785/203 1076/1786/203 1075/1787/203
f 1081/1788/204 1079/1789/204 1080/1790/204
f 1075/1791/205 1079/1789/205 1077/1792/205
f 1077/1793/206 1082/1794/206 1078/1795/206
f 1076/1796/208 1080/1790/208 1075/1797/208
f 1078/1798/207 1081/1788/207 1076/1786/207
f 1087/1799/207 1084/1800/207 1089/1801/207
f 1089/1802/208 1085/1803/208 1090/1804/208
f 1088/1805/206 1083/1806/206 1087/1807/206
f 1090/1808/205 1086/1809/205 1088/1810/205
f 1084/1800/204 1086/1809/204 1085/1803/204
f 1088/1811/203 1089/1801/203 1090/1812/203
f 1093/1813/203 1092/1814/203 1091/1815/203
f 1097/1816/204 1095/1817/204 1096/1818/204
f 1091/1819/205 1095/1817/205 1093/1820/205
f 1093/1821/206 1098/1822/206 1094/1823/206
f 1092/1824/208 1096/1818/208 1091/1825/208
f 1094/1826/207 1097/1816/207 1092/1814/207
f 1101/1827/207 1100/1828/207 1099/1829/207
f 1103/1830/204 1114/1831/204 1106/1832/204
f 1102/1833/208 1109/1834/208 1100/1828/208
f 1099/1829/206 1107/1835/206 1101/1827/206
f 1101/1827/204 1110/1836/204 1102/1833/204
f 1100/1828/203 1108/1837/203 1099/1829/203
f 1103/1838/205 1108/1839/205 1104/1840/205
f 1104/1841/205 1109/1842/205 1105/1843/205
f 1105/1844/205 1110/1845/205 1106/1846/205
f 1106/1832/205 1107/1847/205 1103/1830/205
f 1105/1843/203 1112/1848/203 1104/1841/203
f 1106/1846/208 1113/1849/208 1105/1844/208
f 1104/1840/206 1111/1850/206 1103/1838/206
f 1117/1851/203 1116/1852/203 1115/1853/203
f 1118/1854/208 1121/1855/208 1116/1852/208
f 1115/1853/206 1119/1856/206 1117/1851/206
f 1117/1851/207 1122/1857/207 1118/1854/207
f 1116/1852/205 1120/1858/205 1115/1853/205
f 1120/1859/204 1122/1860/204 1119/1861/204
f 1125/1862/203 1124/1863/203 1123/1864/203
f 1126/1865/208 1129/1866/208 1124/1863/208
f 1123/1864/206 1127/1867/206 1125/1862/206
f 1125/1862/207 1130/1868/207 1126/1865/207
f 1124/1863/205 1128/1869/205 1123/1864/205
f 1128/1870/204 1130/1871/204 1127/1872/204
f 1133/1873/207 1132/1874/207 1131/1875/207
f 1135/1876/204 1146/1877/204 1138/1878/204
f 1134/1879/208 1141/1880/208 1132/1874/208
f 1131/1875/206 1139/1881/206 1133/1873/206
f 1133/1873/204 1142/1882/204 1134/1879/204
f 1132/1874/203 1140/1883/203 1131/1875/203
f 1135/1884/205 1140/1885/205 1136/1886/205
f 1136/1887/205 1141/1888/205 1137/1889/205
f 1137/1890/205 1142/1891/205 1138/1892/205
f 1138/1878/205 1139/1893/205 1135/1876/205
f 1137/1889/203 1144/1894/203 1136/1887/203
f 1138/1892/208 1145/1895/208 1137/1890/208
f 1136/1886/206 1143/1896/206 1135/1884/206
f 1149/1897/207 1148/1898/207 1147/1899/207
f 1151/1900/204 1162/1901/204 1154/1902/204
f 1150/1903/208 1157/1904/208 1148/1898/208
f 1147/1899/206 1155/1905/206 1149/1897/206
f 1149/1897/204 1158/1906/204 1150/1903/204
f 1148/1898/203 1156/1907/203 1147/1899/203
f 1151/1908/205 1156/1909/205 1152/1910/205
f 1152/1911/205 1157/1912/205 1153/1913/205
f 1153/1914/205 1158/1915/205 1154/1916/205
f 1154/1902/205 1155/1917/205 1151/1900/205
f 1153/1913/203 1160/1918/203 1152/1911/203
f 1154/1916/208 1161/1919/208 1153/1914/208
f 1152/1910/206 1159/1920/206 1151/1908/206
f 1165/1921/207 1164/1922/207 1163/1923/207
f 1167/1924/204 1178/1925/204 1170/1926/204
f 1166/1927/208 1173/1928/208 1164/1922/208
f 1163/1923/206 1171/1929/206 1165/1921/206
f 1165/1921/204 1174/1930/204 1166/1927/204
f 1164/1922/203 1172/1931/203 1163/1923/203
f 1167/1932/205 1172/1933/205 1168/1934/205
f 1168/1935/205 1173/1936/205 1169/1937/205
f 1169/1938/205 1174/1939/205 1170/1940/205
f 1170/1926/205 1171/1941/205 1167/1924/205
f 1169/1937/203 1176/1942/203 1168/1935/203
f 1170/1940/208 1177/1943/208 1169/1938/208
f 1168/1934/206 1175/1944/206 1167/1932/206
f 1181/1945/207 1180/1946/207 1179/1947/207
f 1183/1948/204 1194/1949/204 1186/1950/204
f 1182/1951/208 1189/1952/208 1180/1946/208
f 1179/1947/206 1187/1953/206 1181/1945/206
f 1181/1945/204 1190/1954/204 1182/1951/204
f 1180/1946/203 1188/1955/203 1179/1947/203
f 1183/1956/205 1188/1957/205 1184/1958/205
f 1184/1959/205 1189/1960/205 1185/1961/205
f 1185/1962/205 1190/1963/205 1186/1964/205
f 1186/1950/205 1187/1965/205 1183/1948/205
f 1185/1961/203 1192/1966/203 1184/1959/203
f 1186/1964/208 1193/1967/208 1185/1962/208
f 1184/1958/206 1191/1968/206 1183/1956/206
f 1197/1969/205 1196/1970/205 1195/1971/205
f 1199/1972/204 1210/1973/204 1202/1974/204
f 1198/1975/206 1205/1976/206 1196/1970/206
f 1195/1971/208 1203/1977/208 1197/1969/208
f 1197/1969/204 1206/1978/204 1198/1975/204
f 1196/1970/203 1204/1979/203 1195/1971/203
f 1199/1980/207 1204/1981/207 1200/1982/207
f 1200/1983/207 1205/1984/207 1201/1985/207
f 1201/1986/207 1206/1987/207 1202/1988/207
f 1202/1974/207 1203/1989/207 1199/1972/207
f 1201/1985/203 1208/1990/203 1200/1983/203
f 1202/1988/206 1209/1991/206 1201/1986/206
f 1200/1982/208 1207/1992/208 1199/1980/208
f 1213/1993/205 1212/1994/205 1211/1995/205
f 1215/1996/204 1226/1997/204 1218/1998/204
f 1214/1999/206 1221/2000/206 1212/1994/206
f 1211/1995/208 1219/2001/208 1213/1993/208
f 1213/1993/204 1222/2002/204 1214/1999/204
f 1212/1994/203 1220/2003/203 1211/1995/203
f 1215/2004/207 1220/2005/207 1216/2006/207
f 1216/2007/207 1221/2008/207 1217/2009/207
f 1217/2010/207 1222/2011/207 1218/2012/207
f 1218/1998/207 1219/2013/207 1215/1996/207
f 1217/2009/203 1224/2014/203 1216/2007/203
f 1218/2012/206 1225/2015/206 1217/2010/206
f 1216/2006/208 1223/2016/208 1215/2004/208
f 1229/2017/205 1228/2018/205 1227/2019/205
f 1231/2020/204 1242/2021/204 1234/2022/204
f 1230/2023/206 1237/2024/206 1228/2018/206
f 1227/2019/208 1235/2025/208 1229/2017/208
f 1229/2017/204 1238/2026/204 1230/2023/204
f 1228/2018/203 1236/2027/203 1227/2019/203
f 1231/2028/207 1236/2029/207 1232/2030/207
f 1232/2031/207 1237/2032/207 1233/2033/207
f 1233/2034/207 1238/2035/207 1234/2036/207
f 1234/2022/207 1235/2037/207 1231/2020/207
f 1233/2033/203 1240/2038/203 1232/2031/203
f 1234/2036/206 1241/2039/206 1233/2034/206
f 1232/2030/208 1239/2040/208 1231/2028/208
f 1245/2041/205 1244/2042/205 1243/2043/205
f 1247/2044/204 1258/2045/204 1250/2046/204
f 1246/2047/206 1253/2048/206 1244/2042/206
f 1243/2043/208 1251/2049/208 1245/2041/208
f 1245/2041/204 1254/2050/204 1246/2047/204
f 1244/2042/203 1252/2051/203 1243/2043/203
f 1247/2052/207 1252/2053/207 1248/2054/207
f 1248/2055/207 1253/2056/207 1249/2057/207
f 1249/2058/207 1254/2059/207 1250/2060/207
f 1250/2046/207 1251/2061/207 1247/2044/207
f 1249/2057/203 1256/2062/203 1248/2055/203
f 1250/2060/206 1257/2063/206 1249/2058/206
f 1248/2054/208 1255/2064/208 1247/2052/208
f 1261/2065/205 1260/2066/205 1259/2067/205
f 1263/2068/204 1274/2069/204 1266/2070/204
f 1262/2071/206 1269/2072/206 1260/2066/206
f 1259/2067/208 1267/2073/208 1261/2065/208
f 1261/2065/204 1270/2074/204 1262/2071/204
f 1260/2066/203 1268/2075/203 1259/2067/203
f 1263/2076/207 1268/2077/207 1264/2078/207
f 1264/2079/207 1269/2080/207 1265/2081/207
f 1265/2082/207 1270/2083/207 1266/2084/207
f 1266/2070/207 1267/2085/207 1263/2068/207
f 1265/2081/203 1272/2086/203 1264/2079/203
f 1266/2084/206 1273/2087/206 1265/2082/206
f 1264/2078/208 1271/2088/208 1263/2076/208
f 1277/2089/206 1276/2090/206 1275/2091/206
f 1279/2092/204 1290/2093/204 1282/2094/204
f 1278/2095/207 1285/2096/207 1276/2090/207
f 1275/2091/205 1283/2097/205 1277/2089/205
f 1277/2089/204 1286/2098/204 1278/2095/204
f 1276/2090/203 1284/2099/203 1275/2091/203
f 1279/2100/208 1284/2101/208 1280/2102/208
f 1280/2103/208 1285/2104/208 1281/2105/208
f 1281/2106/208 1286/2107/208 1282/2108/208
f 1282/2094/208 1283/2109/208 1279/2092/208
f 1281/2105/203 1288/2110/203 1280/2103/203
f 1282/2108/207 1289/2111/207 1281/2106/207
f 1280/2102/205 1287/2112/205 1279/2100/205
f 1293/2113/206 1292/2114/206 1291/2115/206
f 1295/2116/204 1306/2117/204 1298/2118/204
f 1294/2119/207 1301/2120/207 1292/2114/207
f 1291/2115/205 1299/2121/205 1293/2113/205
f 1293/2113/204 1302/2122/204 1294/2119/204
f 1292/2114/203 1300/2123/203 1291/2115/203
f 1295/2124/208 1300/2125/208 1296/2126/208
f 1296/2127/208 1301/2128/208 1297/2129/208
f 1297/2130/208 1302/2131/208 1298/2132/208
f 1298/2118/208 1299/2133/208 1295/2116/208
f 1297/2129/203 1304/2134/203 1296/2127/203
f 1298/2132/207 1305/2135/207 1297/2130/207
f 1296/2126/205 1303/2136/205 1295/2124/205
f 1309/2137/206 1308/2138/206 1307/2139/206
f 1311/2140/204 1322/2141/204 1314/2142/204
f 1310/2143/207 1317/2144/207 1308/2138/207
f 1307/2139/205 1315/2145/205 1309/2137/205
f 1309/2137/204 1318/2146/204 1310/2143/204
f 1308/2138/203 1316/2147/203 1307/2139/203
f 1311/2148/208 1316/2149/208 1312/2150/208
f 1312/2151/208 1317/2152/208 1313/2153/208
f 1313/2154/208 1318/2155/208 1314/2156/208
f 1314/2142/208 1315/2157/208 1311/2140/208
f 1313/2153/203 1320/2158/203 1312/2151/203
f 1314/2156/207 1321/2159/207 1313/2154/207
f 1312/2150/205 1319/2160/205 1311/2148/205
f 1325/2161/206 1324/2162/206 1323/2163/206
f 1327/2164/204 1338/2165/204 1330/2166/204
f 1326/2167/207 1333/2168/207 1324/2162/207
f 1323/2163/205 1331/2169/205 1325/2161/205
f 1325/2161/204 1334/2170/204 1326/2167/204
f 1324/2162/203 1332/2171/203 1323/2163/203
f 1327/2172/208 1332/2173/208 1328/2174/208
f 1328/2175/208 1333/2176/208 1329/2177/208
f 1329/2178/208 1334/2179/208 1330/2180/208
f 1330/2166/208 1331/2181/208 1327/2164/208
f 1329/2177/203 1336/2182/203 1328/2175/203
f 1330/2180/207 1337/2183/207 1329/2178/207
f 1328/2174/205 1335/2184/205 1327/2172/205
f 1341/2185/206 1340/2186/206 1339/2187/206
f 1343/2188/204 1354/2189/204 1346/2190/204
f 1342/2191/207 1349/2192/207 1340/2186/207
f 1339/2187/205 1347/2193/205 1341/2185/205
f 1341/2185/204 1350/2194/204 1342/2191/204
f 1340/2186/203 1348/2195/203 1339/2187/203
f 1343/2196/208 1348/2197/208 1344/2198/208
f 1344/2199/208 1349/2200/208 1345/2201/208
f 1345/2202/208 1350/2203/208 1346/2204/208
f 1346/2190/208 1347/2205/208 1343/2188/208
f 1345/2201/203 1352/2206/203 1344/2199/203
f 1346/2204/207 1353/2207/207 1345/2202/207
f 1344/2198/205 1351/2208/205 1343/2196/205
f 1357/2209/208 1356/2210/208 1355/2211/208
f 1359/2212/204 1370/2213/204 1362/2214/204
f 1358/2215/205 1365/2216/205 1356/2210/205
f 1355/2211/207 1363/2217/207 1357/2209/207
f 1357/2209/204 1366/2218/204 1358/2215/204
f 1356/2210/203 1364/2219/203 1355/2211/203
f 1359/2220/206 1364/2221/206 1360/2222/206
f 1360/2223/206 1365/2224/206 1361/2225/206
f 1361/2226/206 1366/2227/206 1362/2228/206
f 1362/2214/206 1363/2229/206 1359/2212/206
f 1361/2225/203 1368/2230/203 1360/2223/203
f 1362/2228/205 1369/2231/205 1361/2226/205
f 1360/2222/207 1367/2232/207 1359/2220/207
f 1373/2233/208 1372/2234/208 1371/2235/208
f 1375/2236/204 1386/2237/204 1378/2238/204
f 1374/2239/205 1381/2240/205 1372/2234/205
f 1371/2235/207 1379/2241/207 1373/2233/207
f 1373/2233/204 1382/2242/204 1374/2239/204
f 1372/2234/203 1380/2243/203 1371/2235/203
f 1375/2244/206 1380/2245/206 1376/2246/206
f 1376/2247/206 1381/2248/206 1377/2249/206
f 1377/2250/206 1382/2251/206 1378/2252/206
f 1378/2238/206 1379/2253/206 1375/2236/206
f 1377/2249/203 1384/2254/203 1376/2247/203
f 1378/2252/205 1385/2255/205 1377/2250/205
f 1376/2246/207 1383/2256/207 1375/2244/207
f 1389/2257/208 1388/2258/208 1387/2259/208
f 1391/2260/204 1402/2261/204 1394/2262/204
f 1390/2263/205 1397/2264/205 1388/2258/205
f 1387/2259/207 1395/2265/207 1389/2257/207
f 1389/2257/204 1398/2266/204 1390/2263/204
f 1388/2258/203 1396/2267/203 1387/2259/203
f 1391/2268/206 1396/2269/206 1392/2270/206
f 1392/2271/206 1397/2272/206 1393/2273/206
f 1393/2274/206 1398/2275/206 1394/2276/206
f 1394/2262/206 1395/2277/206 1391/2260/206
f 1393/2273/203 1400/2278/203 1392/2271/203
f 1394/2276/205 1401/2279/205 1393/2274/205
f 1392/2270/207 1399/2280/207 1391/2268/207
f 1405/2281/208 1404/2282/208 1403/2283/208
f 1407/2284/204 1418/2285/204 1410/2286/204
f 1406/2287/205 1413/2288/205 1404/2282/205
f 1403/2283/207 1411/2289/207 1405/2281/207
f 1405/2281/204 1414/2290/204 1406/2287/204
f 1404/2282/203 1412/2291/203 1403/2283/203
f 1407/2292/206 1412/2293/206 1408/2294/206
f 1408/2295/206 1413/2296/206 1409/2297/206
f 1409/2298/206 1414/2299/206 1410/2300/206
f 1410/2286/206 1411/2301/206 1407/2284/206
f 1409/2297/203 1416/2302/203 1408/2295/203
f 1410/2300/205 1417/2303/205 1409/2298/205
f 1408/2294/207 1415/2304/207 1407/2292/207
f 1421/2305/208 1420/2306/208 1419/2307/208
f 1423/2308/204 1434/2309/204 1426/2310/204
f 1422/2311/205 1429/2312/205 1420/2306/205
f 1419/2307/207 1427/2313/207 1421/2305/207
f 1421/2305/204 1430/2314/204 1422/2311/204
f 1420/2306/203 1428/2315/203 1419/2307/203
f 1423/2316/206 1428/2317/206 1424/2318/206
f 1424/2319/206 1429/2320/206 1425/2321/206
f 1425/2322/206 1430/2323/206 1426/2324/206
f 1426/2310/206 1427/2325/206 1423/2308/206
f 1425/2321/203 1432/2326/203 1424/2319/203
f 1426/2324/205 1433/2327/205 1425/2322/205
f 1424/2318/207 1431/2328/207 1423/2316/207
f 1436/2329/204 1437/2330/204 1435/2331/204
f 1441/2332/207 1482/2333/207 1442/2334/207
f 1437/2330/205 1476/2335/205 1435/2331/205
f 1438/2336/206 1475/2337/206 1437/2330/206
f 1435/2331/208 1477/2338/208 1436/2329/208
f 1436/2329/207 1478/2339/207 1438/2336/207
f 1474/2340/205 1511/2341/205 1472/2342/205
f 1471/2343/207 1513/2344/207 1473/2345/207
f 1459/2346/205 1499/2347/205 1461/2348/205
f 1461/2348/206 1502/2349/206 1462/2350/206
f 1460/2351/208 1500/2352/208 1459/2346/208
f 1465/2353/204 1464/2354/204 1466/2355/204
f 1449/2356/204 1448/2357/204 1450/2358/204
f 1444/2359/208 1506/2360/208 1443/2361/208
f 1445/2362/206 1503/2363/206 1446/2364/206
f 1443/2361/205 1504/2365/205 1445/2362/205
f 1455/2366/207 1509/2367/207 1457/2368/207
f 1458/2369/205 1507/2370/205 1456/2371/205
f 1456/2371/206 1510/2372/206 1455/2366/206
f 1457/2373/208 1508/2374/208 1458/2369/208
f 1452/2375/204 1453/2376/204 1451/2377/204
f 1446/2364/207 1505/2378/207 1444/2379/207
f 1472/2342/206 1514/2380/206 1471/2343/206
f 1473/2381/208 1512/2382/208 1474/2340/208
f 1468/2383/204 1469/2384/204 1467/2385/204
f 1462/2350/207 1501/2386/207 1460/2387/207
f 1440/2388/203 1475/2389/203 1439/2390/203
f 1441/2391/203 1476/2392/203 1440/2393/203
f 1442/2334/203 1477/2394/203 1441/2332/203
f 1439/2395/203 1478/2396/203 1442/2397/203
f 1479/2398/203 1481/2399/203 1480/2400/203
f 1439/2390/205 1480/2401/205 1440/2388/205
f 1442/2397/206 1479/2402/206 1439/2395/206
f 1440/2393/208 1481/2403/208 1441/2391/208
f 1496/2404/207 1492/2405/207 1488/2406/207
f 1493/2407/205 1495/2408/205 1497/2409/205
f 1464/2410/209 1500/2352/209 1466/2411/209
f 1466/2412/210 1501/2413/210 1465/2414/210
f 1465/2353/211 1502/2349/211 1463/2415/211
f 1463/2416/212 1499/2347/212 1464/2417/212
f 1447/2418/212 1504/2365/212 1448/2419/212
f 1449/2356/211 1503/2363/211 1447/2420/211
f 1450/2421/210 1505/2422/210 1449/2423/210
f 1448/2424/209 1506/2360/209 1450/2425/209
f 1453/2426/209 1508/2374/209 1451/2427/209
f 1451/2428/210 1509/2429/210 1452/2430/210
f 1452/2375/211 1510/2372/211 1454/2431/211
f 1454/2432/212 1507/2370/212 1453/2433/212
f 1469/2434/209 1512/2382/209 1467/2435/209
f 1467/2436/210 1513/2437/210 1468/2438/210
f 1468/2383/211 1514/2380/211 1470/2439/211
f 1470/2440/212 1511/2341/212 1469/2441/212
f 1516/2442/204 1517/2443/204 1515/2444/204
f 1521/2445/207 1530/2446/207 1522/2447/207
f 1517/2443/205 1524/2448/205 1515/2444/205
f 1518/2449/206 1523/2450/206 1517/2443/206
f 1515/2444/208 1525/2451/208 1516/2442/208
f 1516/2442/207 1526/2452/207 1518/2449/207
f 1520/2453/203 1523/2454/203 1519/2455/203
f 1521/2456/203 1524/2457/203 1520/2458/203
f 1522/2447/203 1525/2459/203 1521/2445/203
f 1519/2460/203 1526/2461/203 1522/2462/203
f 1527/2463/203 1529/2464/203 1528/2465/203
f 1519/2455/205 1528/2466/205 1520/2453/205
f 1522/2462/206 1527/2467/206 1519/2460/206
f 1520/2458/208 1529/2468/208 1521/2456/208
f 1532/2469/204 1533/2470/204 1531/2471/204
f 1537/2472/207 1546/2473/207 1538/2474/207
f 1533/2470/205 1540/2475/205 1531/2471/205
f 1534/2476/206 1539/2477/206 1533/2470/206
f 1531/2471/208 1541/2478/208 1532/2469/208
f 1532/2469/207 1542/2479/207 1534/2476/207
f 1536/2480/203 1539/2481/203 1535/2482/203
f 1537/2483/203 1540/2484/203 1536/2485/203
f 1538/2474/203 1541/2486/203 1537/2472/203
f 1535/2487/203 1542/2488/203 1538/2489/203
f 1543/2490/203 1545/2491/203 1544/2492/203
f 1535/2482/205 1544/2493/205 1536/2480/205
f 1538/2489/206 1543/2494/206 1535/2487/206
f 1536/2485/208 1545/2495/208 1537/2483/208
f 1548/2496/204 1549/2497/204 1547/2498/204
f 1553/2499/207 1562/2500/207 1554/2501/207
f 1549/2497/205 1556/2502/205 1547/2498/205
f 1550/2503/206 1555/2504/206 1549/2497/206
f 1547/2498/208 1557/2505/208 1548/2496/208
f 1548/2496/207 1558/2506/207 1550/2503/207
f 1552/2507/203 1555/2508/203 1551/2509/203
f 1553/2510/203 1556/2511/203 1552/2512/203
f 1554/2501/203 1557/2513/203 1553/2499/203
f 1551/2514/203 1558/2515/203 1554/2516/203
f 1559/2517/203 1561/2518/203 1560/2519/203
f 1551/2509/205 1560/2520/205 1552/2507/205
f 1554/2516/206 1559/2521/206 1551/2514/206
f 1552/2512/208 1561/2522/208 1553/2510/208
f 1565/2523/203 1564/2524/203 1563/2525/203
f 1566/2526/208 1569/2527/208 1564/2524/208
f 1563/2525/206 1567/2528/206 1565/2523/206
f 1565/2523/207 1570/2529/207 1566/2526/207
f 1564/2524/205 1568/2530/205 1563/2525/205
f 1568/2531/204 1570/2532/204 1567/2533/204
f 1573/2534/203 1572/2535/203 1571/2536/203
f 1574/2537/208 1577/2538/208 1572/2535/208
f 1571/2536/206 1575/2539/206 1573/2534/206
f 1573/2534/207 1578/2540/207 1574/2537/207
f 1572/2535/205 1576/2541/205 1571/2536/205
f 1576/2542/204 1578/2543/204 1575/2544/204
f 1584/2545/208 1586/2546/208 1580/2547/208
f 1582/2548/208 1589/2549/208 1583/2550/208
f 1580/2551/203 1585/2552/203 1579/2553/203
f 1585/2552/206 1581/2554/206 1579/2553/206
f 1589/2549/204 1584/2545/204 1583/2550/204
f 1587/2555/204 1582/2548/204 1581/2554/204
f 1589/2556/205 1588/2557/205 1587/2555/205
f 1583/2558/207 1584/2559/207 1580/2560/207
f 1606/2561/205 1611/2562/205 1604/2563/205
f 1603/2564/207 1613/2565/207 1605/2566/207
f 1591/2567/205 1607/2568/205 1593/2569/205
f 1593/2569/206 1610/2570/206 1594/2571/206
f 1592/2572/208 1608/2573/208 1591/2567/208
f 1597/2574/204 1596/2575/204 1598/2576/204
f 1604/2563/206 1614/2577/206 1603/2564/206
f 1605/2578/208 1612/2579/208 1606/2561/208
f 1600/2580/204 1601/2581/204 1599/2582/204
f 1594/2571/207 1609/2583/207 1592/2584/207
f 1596/2585/209 1608/2573/209 1598/2586/209
f 1598/2587/210 1609/2588/210 1597/2589/210
f 1597/2574/211 1610/2570/211 1595/2590/211
f 1595/2591/212 1607/2568/212 1596/2592/212
f 1601/2593/209 1612/2579/209 1599/2594/209
f 1599/2595/210 1613/2596/210 1600/2597/210
f 1600/2580/211 1614/2577/211 1602/2598/211
f 1602/2599/212 1611/2562/212 1601/2600/212
f 1630/2601/205 1635/2602/205 1628/2603/205
f 1627/2604/207 1637/2605/207 1629/2606/207
f 1615/2607/205 1631/2608/205 1617/2609/205
f 1617/2609/206 1634/2610/206 1618/2611/206
f 1616/2612/208 1632/2613/208 1615/2607/208
f 1621/2614/204 1620/2615/204 1622/2616/204
f 1628/2603/206 1638/2617/206 1627/2604/206
f 1629/2618/208 1636/2619/208 1630/2601/208
f 1624/2620/204 1625/2621/204 1623/2622/204
f 1618/2611/207 1633/2623/207 1616/2624/207
f 1620/2625/209 1632/2613/209 1622/2626/209
f 1622/2627/210 1633/2628/210 1621/2629/210
f 1621/2614/211 1634/2610/211 1619/2630/211
f 1619/2631/212 1631/2608/212 1620/2632/212
f 1625/2633/209 1636/2619/209 1623/2634/209
f 1623/2635/210 1637/2636/210 1624/2637/210
f 1624/2620/211 1638/2617/211 1626/2638/211
f 1626/2639/212 1635/2602/212 1625/2640/212
f 1644/2641/206 1646/2642/206 1640/2643/206
f 1642/2644/206 1649/2645/206 1643/2646/206
f 1640/2647/203 1645/2648/203 1639/2649/203
f 1645/2648/208 1641/2650/208 1639/2649/208
f 1649/2645/204 1644/2641/204 1643/2646/204
f 1647/2651/204 1642/2644/204 1641/2650/204
f 1649/2652/207 1648/2653/207 1647/2651/207
f 1643/2654/205 1644/2655/205 1640/2656/205
f 1661/2657/207 1654/2658/207 1662/2659/207
f 1659/2660/205 1652/2661/205 1660/2662/205
f 1660/2663/206 1653/2664/206 1661/2665/206
f 1652/2661/204 1654/2666/204 1653/2667/204
f 1659/2668/204 1658/2669/204 1662/2670/204
f 1660/2662/204 1655/2671/204 1659/2660/204
f 1661/2665/204 1656/2672/204 1660/2663/204
f 1662/2659/204 1657/2673/204 1661/2657/204
f 1673/2674/208 1657/2675/208 1674/2676/208
f 1672/2677/206 1655/2678/206 1671/2679/206
f 1674/2680/205 1658/2681/205 1672/2682/205
f 1662/2670/208 1651/2683/208 1659/2668/208
f 1671/2679/204 1666/2684/204 1672/2677/204
f 1673/2685/204 1663/2686/204 1671/2687/204
f 1674/2676/204 1664/2688/204 1673/2674/204
f 1672/2682/204 1665/2689/204 1674/2680/204
f 1671/2687/207 1656/2690/207 1673/2685/207
f 1670/2691/207 1664/2692/207 1668/2693/207
f 1668/2694/208 1665/2689/208 1667/2695/208
f 1669/2696/206 1663/2686/206 1670/2691/206
f 1667/2695/205 1666/2684/205 1669/2696/205
f 1676/2697/207 1682/2698/207 1678/2699/207
f 1677/2700/205 1679/2701/205 1675/2702/205
f 1678/2699/204 1681/2703/204 1677/2700/204
f 1675/2704/203 1680/2705/203 1676/2697/203
f 1684/2706/207 1690/2707/207 1686/2708/207
f 1685/2709/205 1687/2710/205 1683/2711/205
f 1686/2708/204 1689/2712/204 1685/2709/204
f 1683/2713/203 1688/2714/203 1684/2706/203
f 1692/2715/207 1698/2716/207 1694/2717/207
f 1693/2718/205 1695/2719/205 1691/2720/205
f 1694/2717/204 1697/2721/204 1693/2718/204
f 1691/2722/203 1696/2723/203 1692/2715/203
f 1700/2724/207 1706/2725/207 1702/2726/207
f 1701/2727/205 1703/2728/205 1699/2729/205
f 1702/2726/204 1705/2730/204 1701/2727/204
f 1699/2731/203 1704/2732/203 1700/2724/203
f 1720/2733/207 1716/2734/207 1712/2735/207
f 1717/2736/205 1719/2737/205 1721/2738/205
f 1763/2739/204 1767/2740/204 1759/2741/204
f 1739/2742/204 1743/2743/204 1735/2744/204
f 1788/2745/208 1792/2746/208 1787/2747/208
f 1777/2748/204 1775/2749/204 1776/2750/204
f 1774/2751/207 1777/2748/207 1772/2752/207
f 1771/2753/205 1775/2749/205 1773/2754/205
f 1773/2755/206 1778/2756/206 1774/2757/206
f 1772/2758/208 1776/2750/208 1771/2759/208
f 1790/2760/207 1793/2761/207 1788/2762/207
f 1780/2763/208 1784/2764/208 1779/2765/208
f 1782/2766/207 1785/2767/207 1780/2768/207
f 1779/2765/205 1783/2769/205 1781/2770/205
f 1781/2770/206 1786/2771/206 1782/2766/206
f 1787/2747/205 1791/2772/205 1789/2773/205
f 1789/2773/206 1794/2774/206 1790/2760/206
f 1797/2775/203 1796/2776/203 1795/2777/203
f 1801/2778/204 1799/2779/204 1800/2780/204
f 1801/2778/213 1814/2781/213 1802/2782/213
f 1795/2783/205 1799/2779/205 1797/2784/205
f 1797/2775/206 1802/2782/206 1798/2785/206
f 1796/2786/208 1800/2780/208 1795/2787/208
f 1804/2788/208 1808/2789/208 1803/2790/208
f 1806/2791/207 1809/2792/207 1804/2793/207
f 1803/2790/205 1807/2794/205 1805/2795/205
f 1805/2795/206 1810/2796/206 1806/2791/206
f 1814/2781/206 1816/2797/206 1812/2798/206
f 1798/2785/214 1811/2799/214 1796/2776/214
f 1796/2786/208 1813/2800/208 1801/2778/208
f 1798/2785/206 1814/2781/206 1812/2798/206
f 1816/2801/207 1817/2802/207 1815/2803/207
f 1812/2798/203 1815/2804/203 1811/2799/203
f 1811/2805/208 1817/2802/208 1813/2800/208
f 1813/2800/204 1818/2806/204 1814/2781/204
f 1826/2807/205 1827/2808/205 1824/2809/205
f 1824/2809/206 1830/2810/206 1823/2811/206
f 1825/2812/208 1828/2813/208 1826/2807/208
f 1823/2811/207 1829/2814/207 1825/2815/207
f 1822/2816/207 1837/2817/207 1820/2818/207
f 1821/2819/204 1828/2813/204 1819/2820/204
f 1819/2821/204 1829/2822/204 1820/2823/204
f 1820/2818/204 1830/2810/204 1822/2816/204
f 1822/2824/204 1827/2808/204 1821/2825/204
f 1831/2826/208 1842/2827/208 1834/2828/208
f 1819/2820/205 1835/2829/205 1821/2819/205
f 1821/2825/206 1838/2830/206 1822/2824/206
f 1820/2823/208 1836/2831/208 1819/2821/208
f 1831/2832/204 1836/2833/204 1832/2834/204
f 1832/2835/204 1837/2836/204 1833/2837/204
f 1833/2838/204 1838/2839/204 1834/2840/204
f 1834/2828/204 1835/2841/204 1831/2826/204
f 1841/2842/204 1839/2843/204 1840/2844/204
f 1833/2837/206 1840/2845/206 1832/2835/206
f 1834/2840/205 1841/2842/205 1833/2838/205
f 1832/2834/207 1839/2846/207 1831/2832/207
f 1850/2847/205 1851/2848/205 1848/2849/205
f 1848/2849/206 1854/2850/206 1847/2851/206
f 1849/2852/208 1852/2853/208 1850/2847/208
f 1847/2851/207 1853/2854/207 1849/2855/207
f 1846/2856/207 1861/2857/207 1844/2858/207
f 1845/2859/204 1852/2853/204 1843/2860/204
f 1843/2861/204 1853/2862/204 1844/2863/204
f 1844/2858/204 1854/2850/204 1846/2856/204
f 1846/2864/204 1851/2848/204 1845/2865/204
f 1855/2866/208 1866/2867/208 1858/2868/208
f 1843/2860/205 1859/2869/205 1845/2859/205
f 1845/2865/206 1862/2870/206 1846/2864/206
f 1844/2863/208 1860/2871/208 1843/2861/208
f 1855/2872/204 1860/2873/204 1856/2874/204
f 1856/2875/204 1861/2876/204 1857/2877/204
f 1857/2878/204 1862/2879/204 1858/2880/204
f 1858/2868/204 1859/2881/204 1855/2866/204
f 1865/2882/204 1863/2883/204 1864/2884/204
f 1857/2877/206 1864/2885/206 1856/2875/206
f 1858/2880/205 1865/2882/205 1857/2878/205
f 1856/2874/207 1863/2886/207 1855/2872/207
f 1873/2887/206 1870/2888/206 1869/2889/206
f 1872/2890/208 1867/2891/208 1868/2892/208
f 1874/2893/203 1868/2894/203 1870/2888/203
f 1871/2895/204 1869/2889/204 1867/2891/204
f 1881/2896/206 1878/2897/206 1877/2898/206
f 1880/2899/208 1875/2900/208 1876/2901/208
f 1882/2902/203 1876/2903/203 1878/2897/203
f 1879/2904/204 1877/2898/204 1875/2900/204
f 1889/2905/206 1886/2906/206 1885/2907/206
f 1888/2908/208 1883/2909/208 1884/2910/208
f 1890/2911/203 1884/2912/203 1886/2906/203
f 1887/2913/204 1885/2907/204 1883/2909/204
f 1897/2914/206 1894/2915/206 1893/2916/206
f 1896/2917/208 1891/2918/208 1892/2919/208
f 1898/2920/203 1892/2921/203 1894/2915/203
f 1895/2922/204 1893/2916/204 1891/2918/204
f 1901/2923/205 1900/2924/205 1899/2925/205
f 1905/2926/207 1903/2927/207 1904/2928/207
f 1901/2929/206 1906/2930/206 1902/2931/206
f 1900/2932/208 1904/2928/208 1899/2933/208
f 1902/2934/203 1905/2926/203 1900/2935/203
f 1899/2925/204 1903/2927/204 1901/2923/204
f 1909/2936/205 1908/2937/205 1907/2938/205
f 1913/2939/207 1911/2940/207 1912/2941/207
f 1909/2936/206 1914/2942/206 1910/2943/206
f 1908/2937/208 1912/2944/208 1907/2938/208
f 1910/2943/203 1913/2945/203 1908/2937/203
f 1907/2938/204 1911/2940/204 1909/2936/204
f 1922/2946/205 1923/2947/205 1920/2948/205
f 1920/2948/206 1926/2949/206 1919/2950/206
f 1921/2951/208 1924/2952/208 1922/2946/208
f 1919/2950/207 1925/2953/207 1921/2954/207
f 1918/2955/207 1933/2956/207 1916/2957/207
f 1917/2958/204 1924/2952/204 1915/2959/204
f 1915/2960/204 1925/2961/204 1916/2962/204
f 1916/2957/204 1926/2949/204 1918/2955/204
f 1918/2963/204 1923/2947/204 1917/2964/204
f 1927/2965/208 1938/2966/208 1930/2967/208
f 1915/2959/205 1931/2968/205 1917/2958/205
f 1917/2964/206 1934/2969/206 1918/2963/206
f 1916/2962/208 1932/2970/208 1915/2960/208
f 1927/2971/204 1932/2972/204 1928/2973/204
f 1928/2974/204 1933/2975/204 1929/2976/204
f 1929/2977/204 1934/2978/204 1930/2979/204
f 1930/2967/204 1931/2980/204 1927/2965/204
f 1937/2981/204 1935/2982/204 1936/2983/204
f 1929/2976/206 1936/2984/206 1928/2974/206
f 1930/2979/205 1937/2981/205 1929/2977/205
f 1928/2973/207 1935/2985/207 1927/2971/207
f 996/1677/203 995/1726/203 997/1678/203
f 999/1680/203 1001/2986/203 1002/1681/203
f 1006/1683/204 1005/2987/204 1003/1684/204
f 999/1686/205 1003/1690/205 1005/1687/205
f 1001/1688/206 1005/1687/206 1006/1683/206
f 1002/1681/207 1006/1683/207 1004/1685/207
f 1000/1689/208 1004/2988/208 1003/1690/208
f 1007/1691/203 1009/2989/203 1010/1692/203
f 1014/1694/204 1013/2990/204 1011/1695/204
f 1007/1697/205 1011/1701/205 1013/1698/205
f 1009/1699/206 1013/1698/206 1014/1694/206
f 1010/1692/207 1014/1694/207 1012/1696/207
f 1008/1700/208 1012/2991/208 1011/1701/208
f 1015/1702/203 1017/2992/203 1018/1703/203
f 1022/1705/204 1021/2993/204 1019/1706/204
f 1015/1708/205 1019/1712/205 1021/1709/205
f 1017/1710/206 1021/1709/206 1022/1705/206
f 1018/1703/207 1022/1705/207 1020/1707/207
f 1016/1711/208 1020/2994/208 1019/1712/208
f 1023/1713/203 1025/2995/203 1026/1714/203
f 1030/1716/204 1029/2996/204 1027/1717/204
f 1023/1719/205 1027/1723/205 1029/1720/205
f 1025/1721/206 1029/1720/206 1030/1716/206
f 1026/1714/207 1030/1716/207 1028/1718/207
f 1024/1722/208 1028/2997/208 1027/1723/208
f 1033/1724/208 1034/1727/208 998/1679/208
f 1031/1725/206 1032/2998/206 995/1726/206
f 1034/1727/204 1033/1724/204 1032/1728/204
f 1035/1730/203 1036/1735/203 1037/1731/203
f 1041/1733/206 1042/1736/206 1038/1732/206
f 1039/1734/208 1040/2999/208 1036/1735/208
f 1042/1736/204 1041/1733/204 1040/1737/204
f 1043/1739/203 1044/1744/203 1045/1740/203
f 1049/1742/207 1050/1745/207 1046/1741/207
f 1047/1743/205 1048/3000/205 1044/1744/205
f 1050/1745/204 1049/1742/204 1048/1746/204
f 1051/1748/203 1052/1753/203 1053/1749/203
f 1057/1751/205 1058/1754/205 1054/1750/205
f 1055/1752/207 1056/3001/207 1052/1753/207
f 1058/1754/204 1057/1751/204 1056/1755/204
f 1063/1757/207 1059/1764/207 1060/1758/207
f 1065/1760/208 1060/1758/208 1061/1761/208
f 1064/1763/206 1062/1767/206 1059/1764/206
f 1066/1766/205 1061/1761/205 1062/1767/205
f 1060/1758/204 1059/1764/204 1062/1767/204
f 1064/1769/203 1063/1757/203 1065/1759/203
f 1071/1771/207 1067/1778/207 1068/1772/207
f 1073/1774/208 1068/1772/208 1069/1775/208
f 1072/1777/206 1070/1781/206 1067/1778/206
f 1074/1780/205 1069/1775/205 1070/1781/205
f 1068/1772/204 1067/1778/204 1070/1781/204
f 1072/1783/203 1071/1771/203 1073/1773/203
f 1077/1785/203 1078/1798/203 1076/1786/203
f 1081/1788/204 1082/1794/204 1079/1789/204
f 1075/1791/205 1080/1790/205 1079/1789/205
f 1077/1793/206 1079/1789/206 1082/1794/206
f 1076/1796/208 1081/1788/208 1080/1790/208
f 1078/1798/207 1082/1794/207 1081/1788/207
f 1087/1799/207 1083/1806/207 1084/1800/207
f 1089/1802/208 1084/1800/208 1085/1803/208
f 1088/1805/206 1086/1809/206 1083/1806/206
f 1090/1808/205 1085/1803/205 1086/1809/205
f 1084/1800/204 1083/1806/204 1086/1809/204
f 1088/1811/203 1087/1799/203 1089/1801/203
f 1093/1813/203 1094/1826/203 1092/1814/203
f 1097/1816/204 1098/1822/204 1095/1817/204
f 1091/1819/205 1096/1818/205 1095/1817/205
f 1093/1821/206 1095/1817/206 1098/1822/206
f 1092/1824/208 1097/1816/208 1096/1818/208
f 1094/1826/207 1098/1822/207 1097/1816/207
f 1101/1827/207 1102/1833/207 1100/1828/207
f 1103/1830/204 1111/3002/204 1114/1831/204
f 1102/1833/208 1110/1845/208 1109/1834/208
f 1099/1829/206 1108/1839/206 1107/1835/206
f 1101/1827/204 1107/1847/204 1110/1836/204
f 1100/1828/203 1109/1842/203 1108/1837/203
f 1103/1838/205 1107/1835/205 1108/1839/205
f 1104/1841/205 1108/1837/205 1109/1842/205
f 1105/1844/205 1109/1834/205 1110/1845/205
f 1106/1832/205 1110/1836/205 1107/1847/205
f 1105/1843/203 1113/3003/203 1112/1848/203
f 1106/1846/208 1114/3004/208 1113/1849/208
f 1104/1840/206 1112/3005/206 1111/1850/206
f 1117/1851/203 1118/1854/203 1116/1852/203
f 1118/1854/208 1122/1860/208 1121/1855/208
f 1115/1853/206 1120/3006/206 1119/1856/206
f 1117/1851/207 1119/3007/207 1122/1857/207
f 1116/1852/205 1121/3008/205 1120/1858/205
f 1120/1859/204 1121/1855/204 1122/1860/204
f 1125/1862/203 1126/1865/203 1124/1863/203
f 1126/1865/208 1130/1871/208 1129/1866/208
f 1123/1864/206 1128/3009/206 1127/1867/206
f 1125/1862/207 1127/3010/207 1130/1868/207
f 1124/1863/205 1129/3011/205 1128/1869/205
f 1128/1870/204 1129/1866/204 1130/1871/204
f 1133/1873/207 1134/1879/207 1132/1874/207
f 1135/1876/204 1143/3012/204 1146/1877/204
f 1134/1879/208 1142/1891/208 1141/1880/208
f 1131/1875/206 1140/1885/206 1139/1881/206
f 1133/1873/204 1139/1893/204 1142/1882/204
f 1132/1874/203 1141/1888/203 1140/1883/203
f 1135/1884/205 1139/1881/205 1140/1885/205
f 1136/1887/205 1140/1883/205 1141/1888/205
f 1137/1890/205 1141/1880/205 1142/1891/205
f 1138/1878/205 1142/1882/205 1139/1893/205
f 1137/1889/203 1145/3013/203 1144/1894/203
f 1138/1892/208 1146/3014/208 1145/1895/208
f 1136/1886/206 1144/3015/206 1143/1896/206
f 1149/1897/207 1150/1903/207 1148/1898/207
f 1151/1900/204 1159/3016/204 1162/1901/204
f 1150/1903/208 1158/1915/208 1157/1904/208
f 1147/1899/206 1156/1909/206 1155/1905/206
f 1149/1897/204 1155/1917/204 1158/1906/204
f 1148/1898/203 1157/1912/203 1156/1907/203
f 1151/1908/205 1155/1905/205 1156/1909/205
f 1152/1911/205 1156/1907/205 1157/1912/205
f 1153/1914/205 1157/1904/205 1158/1915/205
f 1154/1902/205 1158/1906/205 1155/1917/205
f 1153/1913/203 1161/3017/203 1160/1918/203
f 1154/1916/208 1162/3018/208 1161/1919/208
f 1152/1910/206 1160/3019/206 1159/1920/206
f 1165/1921/207 1166/1927/207 1164/1922/207
f 1167/1924/204 1175/3020/204 1178/1925/204
f 1166/1927/208 1174/1939/208 1173/1928/208
f 1163/1923/206 1172/1933/206 1171/1929/206
f 1165/1921/204 1171/1941/204 1174/1930/204
f 1164/1922/203 1173/1936/203 1172/1931/203
f 1167/1932/205 1171/1929/205 1172/1933/205
f 1168/1935/205 1172/1931/205 1173/1936/205
f 1169/1938/205 1173/1928/205 1174/1939/205
f 1170/1926/205 1174/1930/205 1171/1941/205
f 1169/1937/203 1177/3021/203 1176/1942/203
f 1170/1940/208 1178/3022/208 1177/1943/208
f 1168/1934/206 1176/3023/206 1175/1944/206
f 1181/1945/207 1182/1951/207 1180/1946/207
f 1183/1948/204 1191/3024/204 1194/1949/204
f 1182/1951/208 1190/1963/208 1189/1952/208
f 1179/1947/206 1188/1957/206 1187/1953/206
f 1181/1945/204 1187/1965/204 1190/1954/204
f 1180/1946/203 1189/1960/203 1188/1955/203
f 1183/1956/205 1187/1953/205 1188/1957/205
f 1184/1959/205 1188/1955/205 1189/1960/205
f 1185/1962/205 1189/1952/205 1190/1963/205
f 1186/1950/205 1190/1954/205 1187/1965/205
f 1185/1961/203 1193/3025/203 1192/1966/203
f 1186/1964/208 1194/3026/208 1193/1967/208
f 1184/1958/206 1192/3027/206 1191/1968/206
f 1197/1969/205 1198/1975/205 1196/1970/205
f 1199/1972/204 1207/3028/204 1210/1973/204
f 1198/1975/206 1206/1987/206 1205/1976/206
f 1195/1971/208 1204/1981/208 1203/1977/208
f 1197/1969/204 1203/1989/204 1206/1978/204
f 1196/1970/203 1205/1984/203 1204/1979/203
f 1199/1980/207 1203/1977/207 1204/1981/207
f 1200/1983/207 1204/1979/207 1205/1984/207
f 1201/1986/207 1205/1976/207 1206/1987/207
f 1202/1974/207 1206/1978/207 1203/1989/207
f 1201/1985/203 1209/3029/203 1208/1990/203
f 1202/1988/206 1210/3030/206 1209/1991/206
f 1200/1982/208 1208/3031/208 1207/1992/208
f 1213/1993/205 1214/1999/205 1212/1994/205
f 1215/1996/204 1223/3032/204 1226/1997/204
f 1214/1999/206 1222/2011/206 1221/2000/206
f 1211/1995/208 1220/2005/208 1219/2001/208
f 1213/1993/204 1219/2013/204 1222/2002/204
f 1212/1994/203 1221/2008/203 1220/2003/203
f 1215/2004/207 1219/2001/207 1220/2005/207
f 1216/2007/207 1220/2003/207 1221/2008/207
f 1217/2010/207 1221/2000/207 1222/2011/207
f 1218/1998/207 1222/2002/207 1219/2013/207
f 1217/2009/203 1225/3033/203 1224/2014/203
f 1218/2012/206 1226/3034/206 1225/2015/206
f 1216/2006/208 1224/3035/208 1223/2016/208
f 1229/2017/205 1230/2023/205 1228/2018/205
f 1231/2020/204 1239/3036/204 1242/2021/204
f 1230/2023/206 1238/2035/206 1237/2024/206
f 1227/2019/208 1236/2029/208 1235/2025/208
f 1229/2017/204 1235/2037/204 1238/2026/204
f 1228/2018/203 1237/2032/203 1236/2027/203
f 1231/2028/207 1235/2025/207 1236/2029/207
f 1232/2031/207 1236/2027/207 1237/2032/207
f 1233/2034/207 1237/2024/207 1238/2035/207
f 1234/2022/207 1238/2026/207 1235/2037/207
f 1233/2033/203 1241/3037/203 1240/2038/203
f 1234/2036/206 1242/3038/206 1241/2039/206
f 1232/2030/208 1240/3039/208 1239/2040/208
f 1245/2041/205 1246/2047/205 1244/2042/205
f 1247/2044/204 1255/3040/204 1258/2045/204
f 1246/2047/206 1254/2059/206 1253/2048/206
f 1243/2043/208 1252/2053/208 1251/2049/208
f 1245/2041/204 1251/2061/204 1254/2050/204
f 1244/2042/203 1253/2056/203 1252/2051/203
f 1247/2052/207 1251/2049/207 1252/2053/207
f 1248/2055/207 1252/2051/207 1253/2056/207
f 1249/2058/207 1253/2048/207 1254/2059/207
f 1250/2046/207 1254/2050/207 1251/2061/207
f 1249/2057/203 1257/3041/203 1256/2062/203
f 1250/2060/206 1258/3042/206 1257/2063/206
f 1248/2054/208 1256/3043/208 1255/2064/208
f 1261/2065/205 1262/2071/205 1260/2066/205
f 1263/2068/204 1271/3044/204 1274/2069/204
f 1262/2071/206 1270/2083/206 1269/2072/206
f 1259/2067/208 1268/2077/208 1267/2073/208
f 1261/2065/204 1267/2085/204 1270/2074/204
f 1260/2066/203 1269/2080/203 1268/2075/203
f 1263/2076/207 1267/2073/207 1268/2077/207
f 1264/2079/207 1268/2075/207 1269/2080/207
f 1265/2082/207 1269/2072/207 1270/2083/207
f 1266/2070/207 1270/2074/207 1267/2085/207
f 1265/2081/203 1273/3045/203 1272/2086/203
f 1266/2084/206 1274/3046/206 1273/2087/206
f 1264/2078/208 1272/3047/208 1271/2088/208
f 1277/2089/206 1278/2095/206 1276/2090/206
f 1279/2092/204 1287/3048/204 1290/2093/204
f 1278/2095/207 1286/2107/207 1285/2096/207
f 1275/2091/205 1284/2101/205 1283/2097/205
f 1277/2089/204 1283/2109/204 1286/2098/204
f 1276/2090/203 1285/2104/203 1284/2099/203
f 1279/2100/208 1283/2097/208 1284/2101/208
f 1280/2103/208 1284/2099/208 1285/2104/208
f 1281/2106/208 1285/2096/208 1286/2107/208
f 1282/2094/208 1286/2098/208 1283/2109/208
f 1281/2105/203 1289/3049/203 1288/2110/203
f 1282/2108/207 1290/3050/207 1289/2111/207
f 1280/2102/205 1288/3051/205 1287/2112/205
f 1293/2113/206 1294/2119/206 1292/2114/206
f 1295/2116/204 1303/3052/204 1306/2117/204
f 1294/2119/207 1302/2131/207 1301/2120/207
f 1291/2115/205 1300/2125/205 1299/2121/205
f 1293/2113/204 1299/2133/204 1302/2122/204
f 1292/2114/203 1301/2128/203 1300/2123/203
f 1295/2124/208 1299/2121/208 1300/2125/208
f 1296/2127/208 1300/2123/208 1301/2128/208
f 1297/2130/208 1301/2120/208 1302/2131/208
f 1298/2118/208 1302/2122/208 1299/2133/208
f 1297/2129/203 1305/3053/203 1304/2134/203
f 1298/2132/207 1306/3054/207 1305/2135/207
f 1296/2126/205 1304/3055/205 1303/2136/205
f 1309/2137/206 1310/2143/206 1308/2138/206
f 1311/2140/204 1319/3056/204 1322/2141/204
f 1310/2143/207 1318/2155/207 1317/2144/207
f 1307/2139/205 1316/2149/205 1315/2145/205
f 1309/2137/204 1315/2157/204 1318/2146/204
f 1308/2138/203 1317/2152/203 1316/2147/203
f 1311/2148/208 1315/2145/208 1316/2149/208
f 1312/2151/208 1316/2147/208 1317/2152/208
f 1313/2154/208 1317/2144/208 1318/2155/208
f 1314/2142/208 1318/2146/208 1315/2157/208
f 1313/2153/203 1321/3057/203 1320/2158/203
f 1314/2156/207 1322/3058/207 1321/2159/207
f 1312/2150/205 1320/3059/205 1319/2160/205
f 1325/2161/206 1326/2167/206 1324/2162/206
f 1327/2164/204 1335/3060/204 1338/2165/204
f 1326/2167/207 1334/2179/207 1333/2168/207
f 1323/2163/205 1332/2173/205 1331/2169/205
f 1325/2161/204 1331/2181/204 1334/2170/204
f 1324/2162/203 1333/2176/203 1332/2171/203
f 1327/2172/208 1331/2169/208 1332/2173/208
f 1328/2175/208 1332/2171/208 1333/2176/208
f 1329/2178/208 1333/2168/208 1334/2179/208
f 1330/2166/208 1334/2170/208 1331/2181/208
f 1329/2177/203 1337/3061/203 1336/2182/203
f 1330/2180/207 1338/3062/207 1337/2183/207
f 1328/2174/205 1336/3063/205 1335/2184/205
f 1341/2185/206 1342/2191/206 1340/2186/206
f 1343/2188/204 1351/3064/204 1354/2189/204
f 1342/2191/207 1350/2203/207 1349/2192/207
f 1339/2187/205 1348/2197/205 1347/2193/205
f 1341/2185/204 1347/2205/204 1350/2194/204
f 1340/2186/203 1349/2200/203 1348/2195/203
f 1343/2196/208 1347/2193/208 1348/2197/208
f 1344/2199/208 1348/2195/208 1349/2200/208
f 1345/2202/208 1349/2192/208 1350/2203/208
f 1346/2190/208 1350/2194/208 1347/2205/208
f 1345/2201/203 1353/3065/203 1352/2206/203
f 1346/2204/207 1354/3066/207 1353/2207/207
f 1344/2198/205 1352/3067/205 1351/2208/205
f 1357/2209/208 1358/2215/208 1356/2210/208
f 1359/2212/204 1367/3068/204 1370/2213/204
f 1358/2215/205 1366/2227/205 1365/2216/205
f 1355/2211/207 1364/2221/207 1363/2217/207
f 1357/2209/204 1363/2229/204 1366/2218/204
f 1356/2210/203 1365/2224/203 1364/2219/203
f 1359/2220/206 1363/2217/206 1364/2221/206
f 1360/2223/206 1364/2219/206 1365/2224/206
f 1361/2226/206 1365/2216/206 1366/2227/206
f 1362/2214/206 1366/2218/206 1363/2229/206
f 1361/2225/203 1369/3069/203 1368/2230/203
f 1362/2228/205 1370/3070/205 1369/2231/205
f 1360/2222/207 1368/3071/207 1367/2232/207
f 1373/2233/208 1374/2239/208 1372/2234/208
f 1375/2236/204 1383/3072/204 1386/2237/204
f 1374/2239/205 1382/2251/205 1381/2240/205
f 1371/2235/207 1380/2245/207 1379/2241/207
f 1373/2233/204 1379/2253/204 1382/2242/204
f 1372/2234/203 1381/2248/203 1380/2243/203
f 1375/2244/206 1379/2241/206 1380/2245/206
f 1376/2247/206 1380/2243/206 1381/2248/206
f 1377/2250/206 1381/2240/206 1382/2251/206
f 1378/2238/206 1382/2242/206 1379/2253/206
f 1377/2249/203 1385/3073/203 1384/2254/203
f 1378/2252/205 1386/3074/205 1385/2255/205
f 1376/2246/207 1384/3075/207 1383/2256/207
f 1389/2257/208 1390/2263/208 1388/2258/208
f 1391/2260/204 1399/3076/204 1402/2261/204
f 1390/2263/205 1398/2275/205 1397/2264/205
f 1387/2259/207 1396/2269/207 1395/2265/207
f 1389/2257/204 1395/2277/204 1398/2266/204
f 1388/2258/203 1397/2272/203 1396/2267/203
f 1391/2268/206 1395/2265/206 1396/2269/206
f 1392/2271/206 1396/2267/206 1397/2272/206
f 1393/2274/206 1397/2264/206 1398/2275/206
f 1394/2262/206 1398/2266/206 1395/2277/206
f 1393/2273/203 1401/3077/203 1400/2278/203
f 1394/2276/205 1402/3078/205 1401/2279/205
f 1392/2270/207 1400/3079/207 1399/2280/207
f 1405/2281/208 1406/2287/208 1404/2282/208
f 1407/2284/204 1415/3080/204 1418/2285/204
f 1406/2287/205 1414/2299/205 1413/2288/205
f 1403/2283/207 1412/2293/207 1411/2289/207
f 1405/2281/204 1411/2301/204 1414/2290/204
f 1404/2282/203 1413/2296/203 1412/2291/203
f 1407/2292/206 1411/2289/206 1412/2293/206
f 1408/2295/206 1412/2291/206 1413/2296/206
f 1409/2298/206 1413/2288/206 1414/2299/206
f 1410/2286/206 1414/2290/206 1411/2301/206
f 1409/2297/203 1417/3081/203 1416/2302/203
f 1410/2300/205 1418/3082/205 1417/2303/205
f 1408/2294/207 1416/3083/207 1415/2304/207
f 1421/2305/208 1422/2311/208 1420/2306/208
f 1423/2308/204 1431/3084/204 1434/2309/204
f 1422/2311/205 1430/2323/205 1429/2312/205
f 1419/2307/207 1428/2317/207 1427/2313/207
f 1421/2305/204 1427/2325/204 1430/2314/204
f 1420/2306/203 1429/2320/203 1428/2315/203
f 1423/2316/206 1427/2313/206 1428/2317/206
f 1424/2319/206 1428/2315/206 1429/2320/206
f 1425/2322/206 1429/2312/206 1430/2323/206
f 1426/2310/206 1430/2314/206 1427/2325/206
f 1425/2321/203 1433/3085/203 1432/2326/203
f 1426/2324/205 1434/3086/205 1433/2327/205
f 1424/2318/207 1432/3087/207 1431/2328/207
f 1436/2329/204 1438/2336/204 1437/2330/204
f 1441/2332/207 1481/2399/207 1482/2333/207
f 1437/2330/205 1475/2389/205 1476/2335/205
f 1438/2336/206 1478/2396/206 1475/2337/206
f 1435/2331/208 1476/2392/208 1477/2338/208
f 1436/2329/207 1477/2394/207 1478/2339/207
f 1474/2340/205 1512/2382/205 1511/2341/205
f 1471/2343/207 1514/2380/207 1513/2344/207
f 1459/2346/205 1500/2352/205 1499/2347/205
f 1461/2348/206 1499/2347/206 1502/2349/206
f 1460/2351/208 1501/2413/208 1500/2352/208
f 1465/2353/204 1463/2415/204 1464/2354/204
f 1449/2356/204 1447/2420/204 1448/2357/204
f 1444/2359/208 1505/2422/208 1506/2360/208
f 1445/2362/206 1504/2365/206 1503/2363/206
f 1443/2361/205 1506/2360/205 1504/2365/205
f 1455/2366/207 1510/2372/207 1509/2367/207
f 1458/2369/205 1508/2374/205 1507/2370/205
f 1456/2371/206 1507/2370/206 1510/2372/206
f 1457/2373/208 1509/2429/208 1508/2374/208
f 1452/2375/204 1454/2431/204 1453/2376/204
f 1446/2364/207 1503/2363/207 1505/2378/207
f 1472/2342/206 1511/2341/206 1514/2380/206
f 1473/2381/208 1513/2437/208 1512/2382/208
f 1468/2383/204 1470/2439/204 1469/2384/204
f 1462/2350/207 1502/2349/207 1501/2386/207
f 1440/2388/203 1476/2335/203 1475/2389/203
f 1441/2391/203 1477/2338/203 1476/2392/203
f 1442/2334/203 1478/2339/203 1477/2394/203
f 1439/2395/203 1475/2337/203 1478/2396/203
f 1479/2398/203 1482/2333/203 1481/2399/203
f 1439/2390/205 1479/3088/205 1480/2401/205
f 1442/2397/206 1482/3089/206 1479/2402/206
f 1440/2393/208 1480/3090/208 1481/2403/208
f 1488/2406/207 1486/3091/207 1484/3092/207
f 1484/3092/207 1498/3093/207 1496/2404/207
f 1496/2404/207 1494/3094/207 1492/2405/207
f 1492/2405/207 1490/3095/207 1488/2406/207
f 1488/2406/207 1484/3092/207 1496/2404/207
f 1497/2409/205 1483/3096/205 1489/3097/205
f 1483/3096/205 1485/3098/205 1489/3097/205
f 1485/3098/205 1487/3099/205 1489/3097/205
f 1489/3097/205 1491/3100/205 1497/2409/205
f 1491/3100/205 1493/2407/205 1497/2409/205
f 1464/2410/209 1499/2347/209 1500/2352/209
f 1466/2412/210 1500/2352/210 1501/2413/210
f 1465/2353/211 1501/2386/211 1502/2349/211
f 1463/2416/212 1502/2349/212 1499/2347/212
f 1447/2418/212 1503/2363/212 1504/2365/212
f 1449/2356/211 1505/2378/211 1503/2363/211
f 1450/2421/210 1506/2360/210 1505/2422/210
f 1448/2424/209 1504/2365/209 1506/2360/209
f 1453/2426/209 1507/2370/209 1508/2374/209
f 1451/2428/210 1508/2374/210 1509/2429/210
f 1452/2375/211 1509/2367/211 1510/2372/211
f 1454/2432/212 1510/2372/212 1507/2370/212
f 1469/2434/209 1511/2341/209 1512/2382/209
f 1467/2436/210 1512/2382/210 1513/2437/210
f 1468/2383/211 1513/2344/211 1514/2380/211
f 1470/2440/212 1514/2380/212 1511/2341/212
f 1516/2442/204 1518/2449/204 1517/2443/204
f 1521/2445/207 1529/2464/207 1530/2446/207
f 1517/2443/205 1523/2454/205 1524/2448/205
f 1518/2449/206 1526/2461/206 1523/2450/206
f 1515/2444/208 1524/2457/208 1525/2451/208
f 1516/2442/207 1525/2459/207 1526/2452/207
f 1520/2453/203 1524/2448/203 1523/2454/203
f 1521/2456/203 1525/2451/203 1524/2457/203
f 1522/2447/203 1526/2452/203 1525/2459/203
f 1519/2460/203 1523/2450/203 1526/2461/203
f 1527/2463/203 1530/2446/203 1529/2464/203
f 1519/2455/205 1527/3101/205 1528/2466/205
f 1522/2462/206 1530/3102/206 1527/2467/206
f 1520/2458/208 1528/3103/208 1529/2468/208
f 1532/2469/204 1534/2476/204 1533/2470/204
f 1537/2472/207 1545/2491/207 1546/2473/207
f 1533/2470/205 1539/2481/205 1540/2475/205
f 1534/2476/206 1542/2488/206 1539/2477/206
f 1531/2471/208 1540/2484/208 1541/2478/208
f 1532/2469/207 1541/2486/207 1542/2479/207
f 1536/2480/203 1540/2475/203 1539/2481/203
f 1537/2483/203 1541/2478/203 1540/2484/203
f 1538/2474/203 1542/2479/203 1541/2486/203
f 1535/2487/203 1539/2477/203 1542/2488/203
f 1543/2490/203 1546/2473/203 1545/2491/203
f 1535/2482/205 1543/3104/205 1544/2493/205
f 1538/2489/206 1546/3105/206 1543/2494/206
f 1536/2485/208 1544/3106/208 1545/2495/208
f 1548/2496/204 1550/2503/204 1549/2497/204
f 1553/2499/207 1561/2518/207 1562/2500/207
f 1549/2497/205 1555/2508/205 1556/2502/205
f 1550/2503/206 1558/2515/206 1555/2504/206
f 1547/2498/208 1556/2511/208 1557/2505/208
f 1548/2496/207 1557/2513/207 1558/2506/207
f 1552/2507/203 1556/2502/203 1555/2508/203
f 1553/2510/203 1557/2505/203 1556/2511/203
f 1554/2501/203 1558/2506/203 1557/2513/203
f 1551/2514/203 1555/2504/203 1558/2515/203
f 1559/2517/203 1562/2500/203 1561/2518/203
f 1551/2509/205 1559/3107/205 1560/2520/205
f 1554/2516/206 1562/3108/206 1559/2521/206
f 1552/2512/208 1560/3109/208 1561/2522/208
f 1565/2523/203 1566/2526/203 1564/2524/203
f 1566/2526/208 1570/2532/208 1569/2527/208
f 1563/2525/206 1568/3110/206 1567/2528/206
f 1565/2523/207 1567/3111/207 1570/2529/207
f 1564/2524/205 1569/3112/205 1568/2530/205
f 1568/2531/204 1569/2527/204 1570/2532/204
f 1573/2534/203 1574/2537/203 1572/2535/203
f 1574/2537/208 1578/2543/208 1577/2538/208
f 1571/2536/206 1576/3113/206 1575/2539/206
f 1573/2534/207 1575/3114/207 1578/2540/207
f 1572/2535/205 1577/3115/205 1576/2541/205
f 1576/2542/204 1577/2538/204 1578/2543/204
f 1584/2545/208 1590/3116/208 1586/2546/208
f 1582/2548/208 1588/3117/208 1589/2549/208
f 1580/2551/203 1586/3118/203 1585/2552/203
f 1585/2552/206 1587/2555/206 1581/2554/206
f 1589/2549/204 1590/3116/204 1584/2545/204
f 1587/2555/204 1588/3117/204 1582/2548/204
f 1587/2555/205 1585/2552/205 1589/2556/205
f 1585/2552/205 1586/3119/205 1589/2556/205
f 1586/3119/205 1590/3120/205 1589/2556/205
f 1580/2560/207 1579/2553/207 1583/2558/207
f 1579/2553/207 1581/2554/207 1583/2558/207
f 1581/2554/207 1582/3121/207 1583/2558/207
f 1606/2561/205 1612/2579/205 1611/2562/205
f 1603/2564/207 1614/2577/207 1613/2565/207
f 1591/2567/205 1608/2573/205 1607/2568/205
f 1593/2569/206 1607/2568/206 1610/2570/206
f 1592/2572/208 1609/2588/208 1608/2573/208
f 1597/2574/204 1595/2590/204 1596/2575/204
f 1604/2563/206 1611/2562/206 1614/2577/206
f 1605/2578/208 1613/2596/208 1612/2579/208
f 1600/2580/204 1602/2598/204 1601/2581/204
f 1594/2571/207 1610/2570/207 1609/2583/207
f 1596/2585/209 1607/2568/209 1608/2573/209
f 1598/2587/210 1608/2573/210 1609/2588/210
f 1597/2574/211 1609/2583/211 1610/2570/211
f 1595/2591/212 1610/2570/212 1607/2568/212
f 1601/2593/209 1611/2562/209 1612/2579/209
f 1599/2595/210 1612/2579/210 1613/2596/210
f 1600/2580/211 1613/2565/211 1614/2577/211
f 1602/2599/212 1614/2577/212 1611/2562/212
f 1630/2601/205 1636/2619/205 1635/2602/205
f 1627/2604/207 1638/2617/207 1637/2605/207
f 1615/2607/205 1632/2613/205 1631/2608/205
f 1617/2609/206 1631/2608/206 1634/2610/206
f 1616/2612/208 1633/2628/208 1632/2613/208
f 1621/2614/204 1619/2630/204 1620/2615/204
f 1628/2603/206 1635/2602/206 1638/2617/206
f 1629/2618/208 1637/2636/208 1636/2619/208
f 1624/2620/204 1626/2638/204 1625/2621/204
f 1618/2611/207 1634/2610/207 1633/2623/207
f 1620/2625/209 1631/2608/209 1632/2613/209
f 1622/2627/210 1632/2613/210 1633/2628/210
f 1621/2614/211 1633/2623/211 1634/2610/211
f 1619/2631/212 1634/2610/212 1631/2608/212
f 1625/2633/209 1635/2602/209 1636/2619/209
f 1623/2635/210 1636/2619/210 1637/2636/210
f 1624/2620/211 1637/2605/211 1638/2617/211
f 1626/2639/212 1638/2617/212 1635/2602/212
f 1644/2641/206 1650/3122/206 1646/2642/206
f 1642/2644/206 1648/3123/206 1649/2645/206
f 1640/2647/203 1646/3124/203 1645/2648/203
f 1645/2648/208 1647/2651/208 1641/2650/208
f 1649/2645/204 1650/3122/204 1644/2641/204
f 1647/2651/204 1648/3123/204 1642/2644/204
f 1647/2651/207 1645/2648/207 1649/2652/207
f 1645/2648/207 1646/3125/207 1649/2652/207
f 1646/3125/207 1650/3126/207 1649/2652/207
f 1640/2656/205 1639/2649/205 1643/2654/205
f 1639/2649/205 1641/2650/205 1643/2654/205
f 1641/2650/205 1642/3127/205 1643/2654/205
f 1661/2657/207 1653/3128/207 1654/2658/207
f 1659/2660/205 1651/3129/205 1652/2661/205
f 1660/2663/206 1652/3130/206 1653/2664/206
f 1652/2661/204 1651/3129/204 1654/2666/204
f 1659/2668/204 1655/2678/204 1658/2669/204
f 1660/2662/204 1656/2690/204 1655/2671/204
f 1661/2665/204 1657/2675/204 1656/2672/204
f 1662/2659/204 1658/2681/204 1657/2673/204
f 1673/2674/208 1656/2672/208 1657/2675/208
f 1672/2677/206 1658/2669/206 1655/2678/206
f 1674/2680/205 1657/2673/205 1658/2681/205
f 1662/2670/208 1654/3131/208 1651/2683/208
f 1671/2679/204 1663/2686/204 1666/2684/204
f 1673/2685/204 1664/2692/204 1663/2686/204
f 1674/2676/204 1665/2689/204 1664/2688/204
f 1672/2682/204 1666/2684/204 1665/2689/204
f 1671/2687/207 1655/2671/207 1656/2690/207
f 1670/2691/207 1663/2686/207 1664/2692/207
f 1668/2694/208 1664/2688/208 1665/2689/208
f 1669/2696/206 1666/2684/206 1663/2686/206
f 1667/2695/205 1665/2689/205 1666/2684/205
f 1676/2697/207 1680/2705/207 1682/2698/207
f 1677/2700/205 1681/2703/205 1679/2701/205
f 1678/2699/204 1682/2698/204 1681/2703/204
f 1675/2704/203 1679/3132/203 1680/2705/203
f 1684/2706/207 1688/2714/207 1690/2707/207
f 1685/2709/205 1689/2712/205 1687/2710/205
f 1686/2708/204 1690/2707/204 1689/2712/204
f 1683/2713/203 1687/3133/203 1688/2714/203
f 1692/2715/207 1696/2723/207 1698/2716/207
f 1693/2718/205 1697/2721/205 1695/2719/205
f 1694/2717/204 1698/2716/204 1697/2721/204
f 1691/2722/203 1695/3134/203 1696/2723/203
f 1700/2724/207 1704/2732/207 1706/2725/207
f 1701/2727/205 1705/2730/205 1703/2728/205
f 1702/2726/204 1706/2725/204 1705/2730/204
f 1699/2731/203 1703/3135/203 1704/2732/203
f 1712/2735/207 1710/3136/207 1708/3137/207
f 1708/3137/207 1722/3138/207 1720/2733/207
f 1720/2733/207 1718/3139/207 1716/2734/207
f 1716/2734/207 1714/3140/207 1712/2735/207
f 1712/2735/207 1708/3137/207 1720/2733/207
f 1721/2738/205 1707/3141/205 1713/3142/205
f 1707/3141/205 1709/3143/205 1713/3142/205
f 1709/3143/205 1711/3144/205 1713/3142/205
f 1713/3142/205 1715/3145/205 1721/2738/205
f 1715/3145/205 1717/2736/205 1721/2738/205
f 1759/2741/204 1760/3146/204 1763/2739/204
f 1760/3146/204 1761/3147/204 1763/2739/204
f 1761/3147/204 1762/3148/204 1763/2739/204
f 1763/2739/204 1764/3149/204 1767/2740/204
f 1764/3149/204 1765/3150/204 1767/2740/204
f 1765/3150/204 1766/3151/204 1767/2740/204
f 1767/2740/204 1768/3152/204 1769/3153/204
f 1769/3153/204 1770/3154/204 1759/2741/204
f 1767/2740/204 1769/3153/204 1759/2741/204
f 1735/2744/204 1736/3155/204 1739/2742/204
f 1736/3155/204 1737/3156/204 1739/2742/204
f 1737/3156/204 1738/3157/204 1739/2742/204
f 1739/2742/204 1740/3158/204 1743/2743/204
f 1740/3158/204 1741/3159/204 1743/2743/204
f 1741/3159/204 1742/3160/204 1743/2743/204
f 1743/2743/204 1744/3161/204 1745/3162/204
f 1745/3162/204 1746/3163/204 1735/2744/204
f 1743/2743/204 1745/3162/204 1735/2744/204
f 1788/2745/208 1793/3164/208 1792/2746/208
f 1777/2748/204 1778/2756/204 1775/2749/204
f 1774/2751/207 1778/2756/207 1777/2748/207
f 1771/2753/205 1776/2750/205 1775/2749/205
f 1773/2755/206 1775/2749/206 1778/2756/206
f 1772/2758/208 1777/2748/208 1776/2750/208
f 1790/2760/207 1794/2774/207 1793/2761/207
f 1780/2763/208 1785/3165/208 1784/2764/208
f 1782/2766/207 1786/2771/207 1785/2767/207
f 1779/2765/205 1784/2764/205 1783/2769/205
f 1781/2770/206 1783/2769/206 1786/2771/206
f 1787/2747/205 1792/2746/205 1791/2772/205
f 1789/2773/206 1791/2772/206 1794/2774/206
f 1797/2775/203 1798/2785/203 1796/2776/203
f 1801/2778/204 1802/2782/204 1799/2779/204
f 1801/2778/213 1813/2800/213 1814/2781/213
f 1795/2783/205 1800/2780/205 1799/2779/205
f 1797/2775/206 1799/2779/206 1802/2782/206
f 1796/2786/208 1801/2778/208 1800/2780/208
f 1804/2788/208 1809/3166/208 1808/2789/208
f 1806/2791/207 1810/2796/207 1809/2792/207
f 1803/2790/205 1808/2789/205 1807/2794/205
f 1805/2795/206 1807/2794/206 1810/2796/206
f 1814/2781/206 1818/2806/206 1816/2797/206
f 1798/2785/214 1812/2798/214 1811/2799/214
f 1796/2786/208 1811/2805/208 1813/2800/208
f 1798/2785/206 1802/2782/206 1814/2781/206
f 1816/2801/207 1818/2806/207 1817/2802/207
f 1812/2798/203 1816/2797/203 1815/2804/203
f 1811/2805/208 1815/3167/208 1817/2802/208
f 1813/2800/204 1817/2802/204 1818/2806/204
f 1826/2807/205 1828/2813/205 1827/2808/205
f 1824/2809/206 1827/2808/206 1830/2810/206
f 1825/2812/208 1829/2822/208 1828/2813/208
f 1823/2811/207 1830/2810/207 1829/2814/207
f 1822/2816/207 1838/2839/207 1837/2817/207
f 1821/2819/204 1827/2808/204 1828/2813/204
f 1819/2821/204 1828/2813/204 1829/2822/204
f 1820/2818/204 1829/2814/204 1830/2810/204
f 1822/2824/204 1830/2810/204 1827/2808/204
f 1831/2826/208 1839/3168/208 1842/2827/208
f 1819/2820/205 1836/2833/205 1835/2829/205
f 1821/2825/206 1835/2841/206 1838/2830/206
f 1820/2823/208 1837/2836/208 1836/2831/208
f 1831/2832/204 1835/2829/204 1836/2833/204
f 1832/2835/204 1836/2831/204 1837/2836/204
f 1833/2838/204 1837/2817/204 1838/2839/204
f 1834/2828/204 1838/2830/204 1835/2841/204
f 1841/2842/204 1842/3169/204 1839/2843/204
f 1833/2837/206 1841/3170/206 1840/2845/206
f 1834/2840/205 1842/3169/205 1841/2842/205
f 1832/2834/207 1840/3171/207 1839/2846/207
f 1850/2847/205 1852/2853/205 1851/2848/205
f 1848/2849/206 1851/2848/206 1854/2850/206
f 1849/2852/208 1853/2862/208 1852/2853/208
f 1847/2851/207 1854/2850/207 1853/2854/207
f 1846/2856/207 1862/2879/207 1861/2857/207
f 1845/2859/204 1851/2848/204 1852/2853/204
f 1843/2861/204 1852/2853/204 1853/2862/204
f 1844/2858/204 1853/2854/204 1854/2850/204
f 1846/2864/204 1854/2850/204 1851/2848/204
f 1855/2866/208 1863/3172/208 1866/2867/208
f 1843/2860/205 1860/2873/205 1859/2869/205
f 1845/2865/206 1859/2881/206 1862/2870/206
f 1844/2863/208 1861/2876/208 1860/2871/208
f 1855/2872/204 1859/2869/204 1860/2873/204
f 1856/2875/204 1860/2871/204 1861/2876/204
f 1857/2878/204 1861/2857/204 1862/2879/204
f 1858/2868/204 1862/2870/204 1859/2881/204
f 1865/2882/204 1866/3173/204 1863/2883/204
f 1857/2877/206 1865/3174/206 1864/2885/206
f 1858/2880/205 1866/3173/205 1865/2882/205
f 1856/2874/207 1864/3175/207 1863/2886/207
f 1873/2887/206 1874/2893/206 1870/2888/206
f 1872/2890/208 1871/2895/208 1867/2891/208
f 1874/2893/203 1872/3176/203 1868/2894/203
f 1871/2895/204 1873/2887/204 1869/2889/204
f 1881/2896/206 1882/2902/206 1878/2897/206
f 1880/2899/208 1879/2904/208 1875/2900/208
f 1882/2902/203 1880/3177/203 1876/2903/203
f 1879/2904/204 1881/2896/204 1877/2898/204
f 1889/2905/206 1890/2911/206 1886/2906/206
f 1888/2908/208 1887/2913/208 1883/2909/208
f 1890/2911/203 1888/3178/203 1884/2912/203
f 1887/2913/204 1889/2905/204 1885/2907/204
f 1897/2914/206 1898/2920/206 1894/2915/206
f 1896/2917/208 1895/2922/208 1891/2918/208
f 1898/2920/203 1896/3179/203 1892/2921/203
f 1895/2922/204 1897/2914/204 1893/2916/204
f 1901/2923/205 1902/3180/205 1900/2924/205
f 1905/2926/207 1906/2930/207 1903/2927/207
f 1901/2929/206 1903/2927/206 1906/2930/206
f 1900/2932/208 1905/2926/208 1904/2928/208
f 1902/2934/203 1906/2930/203 1905/2926/203
f 1899/2925/204 1904/2928/204 1903/2927/204
f 1909/2936/205 1910/2943/205 1908/2937/205
f 1913/2939/207 1914/3181/207 1911/2940/207
f 1909/2936/206 1911/3182/206 1914/2942/206
f 1908/2937/208 1913/3183/208 1912/2944/208
f 1910/2943/203 1914/3184/203 1913/2945/203
f 1907/2938/204 1912/2941/204 1911/2940/204
f 1922/2946/205 1924/2952/205 1923/2947/205
f 1920/2948/206 1923/2947/206 1926/2949/206
f 1921/2951/208 1925/2961/208 1924/2952/208
f 1919/2950/207 1926/2949/207 1925/2953/207
f 1918/2955/207 1934/2978/207 1933/2956/207
f 1917/2958/204 1923/2947/204 1924/2952/204
f 1915/2960/204 1924/2952/204 1925/2961/204
f 1916/2957/204 1925/2953/204 1926/2949/204
f 1918/2963/204 1926/2949/204 1923/2947/204
f 1927/2965/208 1935/3185/208 1938/2966/208
f 1915/2959/205 1932/2972/205 1931/2968/205
f 1917/2964/206 1931/2980/206 1934/2969/206
f 1916/2962/208 1933/2975/208 1932/2970/208
f 1927/2971/204 1931/2968/204 1932/2972/204
f 1928/2974/204 1932/2970/204 1933/2975/204
f 1929/2977/204 1933/2956/204 1934/2978/204
f 1930/2967/204 1934/2969/204 1931/2980/204
f 1937/2981/204 1938/3186/204 1935/2982/204
f 1929/2976/206 1937/3187/206 1936/2984/206
f 1930/2979/205 1938/3186/205 1937/2981/205
f 1928/2973/207 1936/3188/207 1935/2985/207
s 1
f 1484/3189/206 1485/3190/215 1483/3191/206
f 1486/3192/215 1487/3193/203 1485/3190/215
f 1488/3194/203 1489/3195/216 1487/3196/203
f 1490/3197/216 1491/3198/208 1489/3195/216
f 1492/3199/208 1493/3200/210 1491/3198/208
f 1494/3201/210 1495/3202/204 1493/3200/210
f 1496/3203/204 1497/3204/212 1495/3202/204
f 1498/3205/212 1483/3191/206 1497/3204/212
f 1708/3206/206 1709/3207/215 1707/3208/206
f 1710/3209/215 1711/3210/203 1709/3207/215
f 1712/3211/203 1713/3212/216 1711/3213/203
f 1714/3214/216 1715/3215/208 1713/3212/216
f 1716/3216/208 1717/3217/210 1715/3215/208
f 1718/3218/210 1719/3219/204 1717/3217/210
f 1720/3220/204 1721/3221/212 1719/3219/204
f 1722/3222/212 1707/3208/206 1721/3221/212
f 1732/3223/207 1743/3224/217 1731/3225/217
f 1729/3226/208 1740/3227/218 1728/3228/218
f 1726/3229/205 1737/3230/219 1725/3231/219
f 1733/3232/220 1744/3233/207 1732/3223/207
f 1730/3234/221 1741/3235/208 1729/3236/208
f 1727/3237/222 1738/3238/205 1726/3229/205
f 1734/3239/223 1745/3240/220 1733/3232/220
f 1724/3241/224 1735/3242/206 1723/3243/206
f 1731/3225/217 1742/3244/221 1730/3234/221
f 1728/3228/218 1739/3245/222 1727/3237/222
f 1723/3243/206 1746/3246/223 1734/3239/223
f 1725/3231/219 1736/3247/224 1724/3241/224
f 1756/3248/207 1767/3249/217 1755/3250/217
f 1753/3251/208 1764/3252/218 1752/3253/218
f 1750/3254/205 1761/3255/219 1749/3256/219
f 1757/3257/220 1768/3258/207 1756/3248/207
f 1754/3259/221 1765/3260/208 1753/3261/208
f 1751/3262/222 1762/3263/205 1750/3254/205
f 1758/3264/223 1769/3265/220 1757/3257/220
f 1748/3266/224 1759/3267/206 1747/3268/206
f 1755/3250/217 1766/3269/221 1754/3259/221
f 1752/3253/218 1763/3270/222 1751/3262/222
f 1747/3268/206 1770/3271/223 1758/3264/223
f 1749/3256/219 1760/3272/224 1748/3266/224
f 1484/3189/206 1486/3192/215 1485/3190/215
f 1486/3192/215 1488/3273/203 1487/3193/203
f 1488/3194/203 1490/3197/216 1489/3195/216
f 1490/3197/216 1492/3199/208 1491/3198/208
f 1492/3199/208 1494/3201/210 1493/3200/210
f 1494/3201/210 1496/3203/204 1495/3202/204
f 1496/3203/204 1498/3205/212 1497/3204/212
f 1498/3205/212 1484/3189/206 1483/3191/206
f 1708/3206/206 1710/3209/215 1709/3207/215
f 1710/3209/215 1712/3274/203 1711/3210/203
f 1712/3211/203 1714/3214/216 1713/3212/216
f 1714/3214/216 1716/3216/208 1715/3215/208
f 1716/3216/208 1718/3218/210 1717/3217/210
f 1718/3218/210 1720/3220/204 1719/3219/204
f 1720/3220/204 1722/3222/212 1721/3221/212
f 1722/3222/212 1708/3206/206 1707/3208/206
f 1732/3223/207 1744/3233/207 1743/3224/217
f 1729/3226/208 1741/3275/208 1740/3227/218
f 1726/3229/205 1738/3238/205 1737/3230/219
f 1733/3232/220 1745/3240/220 1744/3233/207
f 1730/3234/221 1742/3244/221 1741/3235/208
f 1727/3237/222 1739/3245/222 1738/3238/205
f 1734/3239/223 1746/3246/223 1745/3240/220
f 1724/3241/224 1736/3247/224 1735/3242/206
f 1731/3225/217 1743/3224/217 1742/3244/221
f 1728/3228/218 1740/3227/218 1739/3245/222
f 1723/3243/206 1735/3242/206 1746/3246/223
f 1725/3231/219 1737/3230/219 1736/3247/224
f 1756/3248/207 1768/3258/207 1767/3249/217
f 1753/3251/208 1765/3276/208 1764/3252/218
f 1750/3254/205 1762/3263/205 1761/3255/219
f 1757/3257/220 1769/3265/220 1768/3258/207
f 1754/3259/221 1766/3269/221 1765/3260/208
f 1751/3262/222 1763/3270/222 1762/3263/205
f 1758/3264/223 1770/3271/223 1769/3265/220
f 1748/3266/224 1760/3272/224 1759/3267/206
f 1755/3250/217 1767/3249/217 1766/3269/221
f 1752/3253/218 1764/3252/218 1763/3270/222
f 1747/3268/206 1759/3267/206 1770/3271/223
f 1749/3256/219 1761/3255/219 1760/3272/224
