# Split from assembly_factory.obj
mtllib unused.mtl
usemtl hbm
v -1.000001 1.625000 -0.039062
v -1.000001 1.729640 -0.059876
v -1.000001 1.818350 -0.119151
v -1.000001 1.877623 -0.207860
v -1.000001 1.898438 -0.312500
v -1.000001 1.877623 -0.417140
v -1.000001 1.818350 -0.505849
v -1.000001 1.729640 -0.565124
v -1.000001 1.625000 -0.585938
v -1.000001 1.520360 -0.565124
v -1.000001 1.431651 -0.505849
v -1.000001 1.372377 -0.417140
v -1.000001 1.351562 -0.312500
v -1.000001 1.372377 -0.207860
v -1.000001 1.431651 -0.119151
v -1.000001 1.520360 -0.059876
v -1.000001 1.692062 0.024645
v -1.000001 1.815977 -0.026682
v -1.000001 1.910818 -0.121523
v -1.000001 1.962145 -0.245438
v -1.000001 1.962145 -0.379562
v -1.000001 1.910818 -0.503477
v -1.000001 1.815977 -0.598318
v -1.000001 1.692062 -0.649645
v -1.000001 1.557938 -0.649645
v -1.000001 1.434023 -0.598318
v -1.000001 1.339182 -0.503477
v -1.000001 1.287855 -0.379562
v -1.000001 1.287855 -0.245438
v -1.000001 1.339182 -0.121523
v -1.000001 1.434023 -0.026682
v -1.000001 1.557938 0.024645
v -1.000001 1.625000 -0.039062
v -1.000001 1.729640 -0.059876
v -1.000001 1.818350 -0.119151
v -1.000001 1.877623 -0.207860
v -1.000001 1.898438 -0.312500
v -1.000001 1.877623 -0.417140
v -1.000001 1.818350 -0.505849
v -1.000001 1.729640 -0.565124
v -1.000001 1.625000 -0.585938
v -1.000001 1.520360 -0.565124
v -1.000001 1.431651 -0.505849
v -1.000001 1.372377 -0.417140
v -1.000001 1.351562 -0.312500
v -1.000001 1.372377 -0.207860
v -1.000001 1.431651 -0.119151
v -1.000001 1.520360 -0.059876
v -1.000001 1.692062 0.024645
v -1.000001 1.815977 -0.026682
v -1.000001 1.910818 -0.121523
v -1.000001 1.962145 -0.245438
v -1.000001 1.962145 -0.379562
v -1.000001 1.910818 -0.503477
v -1.000001 1.815977 -0.598318
v -1.000001 1.692062 -0.649645
v -1.000001 1.557938 -0.649645
v -1.000001 1.434023 -0.598318
v -1.000001 1.339182 -0.503477
v -1.000001 1.287855 -0.379562
v -1.000001 1.287855 -0.245438
v -1.000001 1.339182 -0.121523
v -1.000001 1.434023 -0.026682
v -1.000001 1.557938 0.024645
vt 0.927592 0.801354
vt 0.932256 0.793233
vt 0.933780 0.805904
vt 0.931350 0.816359
vt 0.938119 0.816646
vt 0.938292 0.827843
vt 0.944613 0.823823
vt 0.947364 0.834058
vt 0.952273 0.826344
vt 0.957182 0.834058
vt 0.959933 0.823823
vt 0.966253 0.827843
vt 0.966427 0.816646
vt 0.973196 0.816359
vt 0.970766 0.805904
vt 0.976953 0.801354
vt 0.972290 0.793233
vt 0.976953 0.785113
vt 0.970766 0.780562
vt 0.973196 0.770108
vt 0.966427 0.769820
vt 0.966253 0.758623
vt 0.959933 0.762643
vt 0.957182 0.752408
vt 0.952273 0.760122
vt 0.947364 0.752408
vt 0.944613 0.762643
vt 0.938292 0.758623
vt 0.938119 0.769820
vt 0.931350 0.770108
vt 0.933780 0.780562
vt 0.927592 0.785113
vt 0.927592 0.801354
vt 0.933780 0.805904
vt 0.932256 0.793233
vt 0.931350 0.816359
vt 0.938119 0.816646
vt 0.938292 0.827843
vt 0.944613 0.823823
vt 0.947364 0.834058
vt 0.952273 0.826344
vt 0.957182 0.834058
vt 0.959933 0.823823
vt 0.966253 0.827843
vt 0.966427 0.816646
vt 0.973196 0.816359
vt 0.970766 0.805904
vt 0.976953 0.801354
vt 0.972290 0.793233
vt 0.976953 0.785113
vt 0.970766 0.780562
vt 0.973196 0.770108
vt 0.966427 0.769820
vt 0.966253 0.758623
vt 0.959933 0.762643
vt 0.957182 0.752408
vt 0.952273 0.760122
vt 0.947364 0.752408
vt 0.944613 0.762643
vt 0.938292 0.758623
vt 0.938119 0.769820
vt 0.931350 0.770108
vt 0.933780 0.780562
vt 0.927592 0.785113
vn -1.0000 -0.0000 0.0000
vn 1.0000 0.0000 0.0000
v 1.000000 1.625000 0.039062
v 1.000000 1.729640 0.059876
v 1.000000 1.818350 0.119151
v 1.000000 1.877623 0.207860
v 1.000000 1.898438 0.312500
v 1.000000 1.877623 0.417140
v 1.000000 1.818350 0.505849
v 1.000000 1.729640 0.565124
v 1.000000 1.625000 0.585938
v 1.000000 1.520360 0.565124
v 1.000000 1.431651 0.505849
v 1.000000 1.372377 0.417140
v 1.000000 1.351562 0.312500
v 1.000000 1.372377 0.207860
v 1.000000 1.431651 0.119151
v 1.000000 1.520360 0.059876
v 1.000000 1.692062 -0.024645
v 1.000000 1.815977 0.026682
v 1.000000 1.910818 0.121523
v 1.000000 1.962145 0.245438
v 1.000000 1.962145 0.379562
v 1.000000 1.910818 0.503477
v 1.000000 1.815977 0.598318
v 1.000000 1.692062 0.649645
v 1.000000 1.557938 0.649645
v 1.000000 1.434023 0.598318
v 1.000000 1.339182 0.503477
v 1.000000 1.287855 0.379562
v 1.000000 1.287855 0.245438
v 1.000000 1.339182 0.121523
v 1.000000 1.434023 0.026682
v 1.000000 1.557938 -0.024645
v 1.000000 1.625000 0.039062
v 1.000000 1.729640 0.059876
v 1.000000 1.818350 0.119151
v 1.000000 1.877623 0.207860
v 1.000000 1.898438 0.312500
v 1.000000 1.877623 0.417140
v 1.000000 1.818350 0.505849
v 1.000000 1.729640 0.565124
v 1.000000 1.625000 0.585938
v 1.000000 1.520360 0.565124
v 1.000000 1.431651 0.505849
v 1.000000 1.372377 0.417140
v 1.000000 1.351562 0.312500
v 1.000000 1.372377 0.207860
v 1.000000 1.431651 0.119151
v 1.000000 1.520360 0.059876
v 1.000000 1.692062 -0.024645
v 1.000000 1.815977 0.026682
v 1.000000 1.910818 0.121523
v 1.000000 1.962145 0.245438
v 1.000000 1.962145 0.379562
v 1.000000 1.910818 0.503477
v 1.000000 1.815977 0.598318
v 1.000000 1.692062 0.649645
v 1.000000 1.557938 0.649645
v 1.000000 1.434023 0.598318
v 1.000000 1.339182 0.503477
v 1.000000 1.287855 0.379562
v 1.000000 1.287855 0.245438
v 1.000000 1.339182 0.121523
v 1.000000 1.434023 0.026682
v 1.000000 1.557938 -0.024645
vt 0.927592 0.801354
vt 0.932256 0.793233
vt 0.933780 0.805904
vt 0.931350 0.816359
vt 0.938119 0.816646
vt 0.938292 0.827843
vt 0.944613 0.823823
vt 0.947364 0.834058
vt 0.952273 0.826344
vt 0.957182 0.834058
vt 0.959933 0.823823
vt 0.966253 0.827843
vt 0.966427 0.816646
vt 0.973196 0.816359
vt 0.970766 0.805904
vt 0.976953 0.801354
vt 0.972290 0.793233
vt 0.976953 0.785113
vt 0.970766 0.780562
vt 0.973196 0.770108
vt 0.966427 0.769820
vt 0.966253 0.758623
vt 0.959933 0.762643
vt 0.957182 0.752408
vt 0.952273 0.760122
vt 0.947364 0.752408
vt 0.944613 0.762643
vt 0.938292 0.758623
vt 0.938119 0.769820
vt 0.931350 0.770108
vt 0.933780 0.780562
vt 0.927592 0.785113
vt 0.927592 0.801354
vt 0.933780 0.805904
vt 0.932256 0.793233
vt 0.931350 0.816359
vt 0.938119 0.816646
vt 0.938292 0.827843
vt 0.944613 0.823823
vt 0.947364 0.834058
vt 0.952273 0.826344
vt 0.957182 0.834058
vt 0.959933 0.823823
vt 0.966253 0.827843
vt 0.966427 0.816646
vt 0.973196 0.816359
vt 0.970766 0.805904
vt 0.976953 0.801354
vt 0.972290 0.793233
vt 0.976953 0.785113
vt 0.970766 0.780562
vt 0.973196 0.770108
vt 0.966427 0.769820
vt 0.966253 0.758623
vt 0.959933 0.762643
vt 0.957182 0.752408
vt 0.952273 0.760122
vt 0.947364 0.752408
vt 0.944613 0.762643
vt 0.938292 0.758623
vt 0.938119 0.769820
vt 0.931350 0.770108
vt 0.933780 0.780562
vt 0.927592 0.785113
vn 1.0000 0.0000 0.0000
vn -1.0000 0.0000 0.0000
v -0.906251 1.250000 0.812500
v -1.093751 1.250000 0.812500
v -0.906251 1.250000 1.437500
v -1.093751 1.250000 1.437500
v -0.906251 1.625000 1.437500
v -0.906251 1.625000 0.812500
v -1.093751 1.625000 0.812500
v -1.093751 1.625000 1.437500
v -1.000001 1.625000 1.062500
v -1.125001 1.625000 1.062500
v -1.000001 1.536612 1.025888
v -1.125001 1.536612 1.025888
v -1.000001 1.500000 0.937500
v -1.125001 1.500000 0.937500
v -1.000001 1.536612 0.849112
v -1.125001 1.536612 0.849112
v -1.000001 1.625000 0.812500
v -1.125001 1.625000 0.812500
v -1.000001 1.713388 0.849112
v -1.125001 1.713388 0.849112
v -1.000001 1.750000 0.937500
v -1.125001 1.750000 0.937500
v -1.000001 1.713388 1.025888
v -1.125001 1.713388 1.025888
v -1.062500 1.625000 1.375000
v -0.937499 1.625000 1.375000
v -1.062500 1.625000 1.250000
v -0.937499 1.625000 1.250000
v -1.062500 1.750000 1.250000
v -1.062500 1.750000 1.375000
v -0.937499 1.750000 1.375000
v -0.937499 1.750000 1.250000
vt 0.822727 0.511278
vt 0.777273 0.533835
vt 0.777273 0.511278
vt 0.777273 0.578947
vt 0.822727 0.601504
vt 0.777273 0.601504
vt 0.763636 0.578947
vt 0.763636 0.533835
vt 0.822727 0.533835
vt 0.881818 0.533835
vt 0.836364 0.578947
vt 0.836364 0.533835
vt 0.822727 0.578947
vt 0.854526 0.481203
vt 0.845455 0.496208
vt 0.836383 0.481203
vt 0.827273 0.496208
vt 0.820859 0.491813
vt 0.833687 0.470593
vt 0.827273 0.451128
vt 0.818182 0.436090
vt 0.827273 0.436090
vt 0.836364 0.421053
vt 0.827273 0.421053
vt 0.845455 0.421053
vt 0.836364 0.436090
vt 0.818182 0.421053
vt 0.854545 0.421053
vt 0.845455 0.436090
vt 0.881818 0.578947
vt 0.845455 0.466198
vt 0.851869 0.470593
vt 0.851869 0.491813
vt 0.839040 0.491813
vt 0.839040 0.470593
vt 0.818202 0.481203
vt 0.820859 0.470593
vt 0.827273 0.466198
vt 0.836344 0.481203
vt 0.833687 0.491813
vt 0.818182 0.451128
vt 0.854545 0.436090
vt 0.872727 0.451128
vt 0.881818 0.466165
vt 0.872727 0.466165
vt 0.881818 0.451128
vt 0.890909 0.466165
vt 0.818182 0.466165
vt 0.827273 0.451128
vt 0.827273 0.466165
vt 0.836364 0.451128
vt 0.836364 0.466165
vt 0.845455 0.466165
vt 0.845455 0.451128
vt 0.854545 0.466165
vt 0.854545 0.451128
vt 0.863636 0.466165
vt 0.863636 0.451128
vt 0.890909 0.451128
vt 0.818182 0.451128
vn 0.0000 -1.0000 0.0000
vn 0.0000 1.0000 0.0000
vn -0.0000 0.0000 -1.0000
vn -1.0000 0.0000 0.0000
vn 1.0000 0.0000 -0.0000
vn 0.0000 0.0000 1.0000
vn 0.0000 -0.7071 0.7071
vn -0.0000 -0.7071 -0.7071
vn -0.0000 0.7071 -0.7071
vn 0.0000 0.7071 0.7071
v 1.093750 1.250000 0.812500
v 0.906250 1.250000 0.812500
v 1.093750 1.250000 1.437500
v 0.906250 1.250000 1.437500
v 1.093750 1.625000 1.437500
v 1.093750 1.625000 0.812500
v 0.906250 1.625000 0.812500
v 0.906250 1.625000 1.437500
v 1.000000 1.625000 1.062500
v 0.875000 1.625000 1.062500
v 1.000000 1.536612 1.025888
v 0.875000 1.536612 1.025888
v 1.000000 1.500000 0.937500
v 0.875000 1.500000 0.937500
v 1.000000 1.536612 0.849112
v 0.875000 1.536612 0.849112
v 1.000000 1.625000 0.812500
v 0.875000 1.625000 0.812500
v 1.000000 1.713388 0.849112
v 0.875000 1.713388 0.849112
v 1.000000 1.750000 0.937500
v 0.875000 1.750000 0.937500
v 1.000000 1.713388 1.025888
v 0.875000 1.713388 1.025888
v 0.937502 1.625000 1.375000
v 1.062502 1.625000 1.375000
v 0.937502 1.625000 1.250000
v 1.062502 1.625000 1.250000
v 0.937502 1.750000 1.250000
v 0.937502 1.750000 1.375000
v 1.062502 1.750000 1.375000
v 1.062502 1.750000 1.250000
vt 0.822727 0.511278
vt 0.777273 0.533835
vt 0.777273 0.511278
vt 0.777273 0.578947
vt 0.822727 0.601504
vt 0.777273 0.601504
vt 0.763636 0.578947
vt 0.763636 0.533835
vt 0.822727 0.533835
vt 0.881818 0.533835
vt 0.836364 0.578947
vt 0.836364 0.533835
vt 0.822727 0.578947
vt 0.845455 0.496208
vt 0.836383 0.481203
vt 0.845455 0.466198
vt 0.827273 0.496208
vt 0.820859 0.491813
vt 0.833687 0.470593
vt 0.827273 0.451128
vt 0.818182 0.436090
vt 0.827273 0.436090
vt 0.836364 0.421053
vt 0.827273 0.421053
vt 0.845455 0.421053
vt 0.836364 0.436090
vt 0.818182 0.421053
vt 0.854545 0.421053
vt 0.845455 0.436090
vt 0.881818 0.578947
vt 0.851869 0.470593
vt 0.854526 0.481203
vt 0.851869 0.491813
vt 0.839040 0.491813
vt 0.839040 0.470593
vt 0.818202 0.481203
vt 0.820859 0.470593
vt 0.827273 0.466198
vt 0.836344 0.481203
vt 0.833687 0.491813
vt 0.818182 0.451128
vt 0.854545 0.436090
vt 0.872727 0.451128
vt 0.881818 0.466165
vt 0.872727 0.466165
vt 0.881818 0.451128
vt 0.890909 0.466165
vt 0.818182 0.451128
vt 0.827273 0.466165
vt 0.818182 0.466165
vt 0.827273 0.451128
vt 0.836364 0.466165
vt 0.836364 0.451128
vt 0.845455 0.466165
vt 0.845455 0.451128
vt 0.854545 0.466165
vt 0.863636 0.451128
vt 0.863636 0.466165
vt 0.890909 0.451128
vt 0.854545 0.451128
vn 0.0000 -1.0000 0.0000
vn 0.0000 1.0000 0.0000
vn 0.0000 0.0000 -1.0000
vn -1.0000 0.0000 0.0000
vn 1.0000 0.0000 0.0000
vn 0.0000 0.0000 1.0000
vn 0.0000 -0.7071 0.7071
vn 0.0000 -0.7071 -0.7071
vn 0.0000 0.7071 -0.7071
vn 0.0000 0.7071 0.7071
v 0.906250 1.250000 -0.812500
v 1.093750 1.250000 -0.812500
v 0.906250 1.250000 -1.437500
v 1.093750 1.250000 -1.437500
v 0.906250 1.625000 -1.437500
v 0.906250 1.625000 -0.812500
v 1.093750 1.625000 -0.812500
v 1.093750 1.625000 -1.437500
v 1.000000 1.625000 -1.062500
v 1.125000 1.625000 -1.062500
v 1.000000 1.536612 -1.025888
v 1.125000 1.536612 -1.025888
v 1.000000 1.500000 -0.937500
v 1.125000 1.500000 -0.937500
v 1.000000 1.536612 -0.849112
v 1.125000 1.536612 -0.849112
v 1.000000 1.625000 -0.812500
v 1.125000 1.625000 -0.812500
v 1.000000 1.713388 -0.849112
v 1.125000 1.713388 -0.849112
v 1.000000 1.750000 -0.937500
v 1.125000 1.750000 -0.937500
v 1.000000 1.713388 -1.025888
v 1.125000 1.713388 -1.025888
v 1.062499 1.625000 -1.375000
v 0.937499 1.625000 -1.375000
v 1.062499 1.625000 -1.250000
v 0.937499 1.625000 -1.250000
v 1.062499 1.750000 -1.250000
v 1.062499 1.750000 -1.375000
v 0.937499 1.750000 -1.375000
v 0.937499 1.750000 -1.250000
vt 0.822727 0.511278
vt 0.777273 0.533835
vt 0.777273 0.511278
vt 0.777273 0.578947
vt 0.822727 0.601504
vt 0.777273 0.601504
vt 0.763636 0.578947
vt 0.763636 0.533835
vt 0.822727 0.533835
vt 0.881818 0.533835
vt 0.836364 0.578947
vt 0.836364 0.533835
vt 0.822727 0.578947
vt 0.845455 0.496208
vt 0.836383 0.481203
vt 0.845455 0.466198
vt 0.827273 0.496208
vt 0.820859 0.491813
vt 0.833687 0.470593
vt 0.827273 0.451128
vt 0.818182 0.436090
vt 0.827273 0.436090
vt 0.836364 0.421053
vt 0.827273 0.421053
vt 0.845455 0.421053
vt 0.836364 0.436090
vt 0.818182 0.421053
vt 0.854545 0.421053
vt 0.845455 0.436090
vt 0.881818 0.578947
vt 0.851869 0.470593
vt 0.854526 0.481203
vt 0.851869 0.491813
vt 0.839040 0.491813
vt 0.839040 0.470593
vt 0.818202 0.481203
vt 0.820859 0.470593
vt 0.827273 0.466198
vt 0.836344 0.481203
vt 0.833687 0.491813
vt 0.818182 0.451128
vt 0.854545 0.436090
vt 0.872727 0.451128
vt 0.881818 0.466165
vt 0.872727 0.466165
vt 0.881818 0.451128
vt 0.890909 0.466165
vt 0.818182 0.451128
vt 0.827273 0.466165
vt 0.818182 0.466165
vt 0.827273 0.451128
vt 0.836364 0.466165
vt 0.836364 0.451128
vt 0.845455 0.466165
vt 0.845455 0.451128
vt 0.854545 0.466165
vt 0.854545 0.451128
vt 0.863636 0.466165
vt 0.863636 0.451128
vt 0.890909 0.451128
vn 0.0000 -1.0000 0.0000
vn 0.0000 1.0000 0.0000
vn 0.0000 0.0000 1.0000
vn 1.0000 0.0000 0.0000
vn -1.0000 0.0000 0.0000
vn 0.0000 0.0000 -1.0000
vn 0.0000 -0.7071 -0.7071
vn 0.0000 -0.7071 0.7071
vn 0.0000 0.7071 0.7071
vn 0.0000 0.7071 -0.7071
v -1.093752 1.250000 -0.812500
v -0.906251 1.250000 -0.812500
v -1.093752 1.250000 -1.437500
v -0.906251 1.250000 -1.437500
v -1.093752 1.625000 -1.437500
v -1.093752 1.625000 -0.812500
v -0.906251 1.625000 -0.812500
v -0.906251 1.625000 -1.437500
v -1.000002 1.625000 -1.062500
v -0.875001 1.625000 -1.062500
v -1.000002 1.536612 -1.025888
v -0.875001 1.536612 -1.025888
v -1.000002 1.500000 -0.937500
v -0.875001 1.500000 -0.937500
v -1.000002 1.536612 -0.849112
v -0.875001 1.536612 -0.849112
v -1.000002 1.625000 -0.812500
v -0.875001 1.625000 -0.812500
v -1.000002 1.713388 -0.849112
v -0.875001 1.713388 -0.849112
v -1.000002 1.750000 -0.937500
v -0.875001 1.750000 -0.937500
v -1.000002 1.713388 -1.025888
v -0.875001 1.713388 -1.025888
v -0.937503 1.625000 -1.375000
v -1.062503 1.625000 -1.375000
v -0.937503 1.625000 -1.250000
v -1.062503 1.625000 -1.250000
v -0.937503 1.750000 -1.250000
v -0.937503 1.750000 -1.375000
v -1.062503 1.750000 -1.375000
v -1.062503 1.750000 -1.250000
vt 0.822727 0.511278
vt 0.777273 0.533835
vt 0.777273 0.511278
vt 0.777273 0.578947
vt 0.822727 0.601504
vt 0.777273 0.601504
vt 0.763636 0.578947
vt 0.763636 0.533835
vt 0.822727 0.533835
vt 0.881818 0.533835
vt 0.836364 0.578947
vt 0.836364 0.533835
vt 0.822727 0.578947
vt 0.854526 0.481203
vt 0.845455 0.496208
vt 0.836383 0.481203
vt 0.827273 0.496208
vt 0.820859 0.491813
vt 0.833687 0.470593
vt 0.827273 0.451128
vt 0.818182 0.436090
vt 0.827273 0.436090
vt 0.836364 0.421053
vt 0.827273 0.421053
vt 0.845455 0.421053
vt 0.836364 0.436090
vt 0.818182 0.421053
vt 0.854545 0.421053
vt 0.845455 0.436090
vt 0.881818 0.578947
vt 0.845455 0.466198
vt 0.851869 0.470593
vt 0.851869 0.491813
vt 0.839040 0.491813
vt 0.839040 0.470593
vt 0.818202 0.481203
vt 0.820859 0.470593
vt 0.827273 0.466198
vt 0.836344 0.481203
vt 0.833687 0.491813
vt 0.818182 0.451128
vt 0.854545 0.436090
vt 0.872727 0.451128
vt 0.881818 0.466165
vt 0.872727 0.466165
vt 0.881818 0.451128
vt 0.890909 0.466165
vt 0.818182 0.451128
vt 0.827273 0.466165
vt 0.818182 0.466165
vt 0.827273 0.451128
vt 0.836364 0.466165
vt 0.836364 0.451128
vt 0.845455 0.466165
vt 0.845455 0.451128
vt 0.854545 0.466165
vt 0.863636 0.451128
vt 0.863636 0.466165
vt 0.890909 0.451128
vt 0.854545 0.451128
vn 0.0000 -1.0000 0.0000
vn 0.0000 1.0000 0.0000
vn 0.0000 0.0000 1.0000
vn 1.0000 0.0000 -0.0000
vn -1.0000 0.0000 0.0000
vn 0.0000 0.0000 -1.0000
vn 0.0000 -0.7071 -0.7071
vn 0.0000 -0.7071 0.7071
vn 0.0000 0.7071 0.7071
vn 0.0000 0.7071 -0.7071
v -1.031252 1.625000 -0.875000
v -1.093752 1.625000 -0.875000
v -1.093752 1.625000 -1.000000
v -1.031252 1.625000 -1.000000
v -1.031252 2.375000 -1.000000
v -1.093752 2.375000 -1.000000
v -1.031252 2.375000 -0.875000
v -1.093752 2.375000 -0.875000
v -1.125002 2.375000 -1.062500
v -1.000002 2.375000 -1.062500
v -1.125002 2.286612 -1.025888
v -1.000002 2.286612 -1.025888
v -1.125002 2.250000 -0.937500
v -1.000002 2.250000 -0.937500
v -1.125002 2.286612 -0.849111
v -1.000002 2.286612 -0.849112
v -1.125002 2.375000 -0.812500
v -1.000002 2.375000 -0.812500
v -1.125002 2.463388 -0.849111
v -1.000002 2.463388 -0.849112
v -1.125002 2.500000 -0.937500
v -1.000002 2.500000 -0.937500
v -1.125002 2.463388 -1.025888
v -1.000002 2.463388 -1.025888
v -1.000002 1.713388 -1.025888
v -1.125002 1.713388 -1.025888
v -1.000002 1.750000 -0.937500
v -1.125002 1.750000 -0.937500
v -1.000002 1.713388 -0.849112
v -1.125002 1.713388 -0.849111
v -1.000002 1.625000 -0.812500
v -1.125002 1.625000 -0.812500
v -1.000002 1.536612 -0.849112
v -1.125002 1.536612 -0.849111
v -1.000002 1.500000 -0.937500
v -1.125002 1.500000 -0.937500
v -1.000002 1.536612 -1.025888
v -1.125002 1.536612 -1.025888
v -1.000002 1.625000 -1.062500
v -1.125002 1.625000 -1.062500
vt 0.827273 0.646617
vt 0.772727 0.639098
vt 0.827273 0.639098
vt 0.827273 0.661654
vt 0.772727 0.646617
vt 0.827273 0.624060
vt 0.772727 0.616541
vt 0.827273 0.616541
vt 0.772727 0.624060
vt 0.845455 0.496208
vt 0.836383 0.481203
vt 0.845455 0.466198
vt 0.827273 0.496208
vt 0.820859 0.491813
vt 0.833687 0.470593
vt 0.827273 0.496208
vt 0.820859 0.491813
vt 0.833687 0.470593
vt 0.845455 0.496208
vt 0.836383 0.481203
vt 0.845455 0.466198
vt 0.772727 0.661654
vt 0.851869 0.470593
vt 0.854526 0.481203
vt 0.851869 0.491813
vt 0.839040 0.491813
vt 0.839040 0.470593
vt 0.818202 0.481203
vt 0.820859 0.470593
vt 0.827273 0.466198
vt 0.836344 0.481203
vt 0.833687 0.491813
vt 0.818202 0.481203
vt 0.820859 0.470593
vt 0.827273 0.466198
vt 0.836344 0.481203
vt 0.833687 0.491813
vt 0.851869 0.470593
vt 0.854526 0.481203
vt 0.851869 0.491813
vt 0.839040 0.491813
vt 0.839040 0.470593
vt 0.872727 0.451128
vt 0.881818 0.466165
vt 0.872727 0.466165
vt 0.881818 0.451128
vt 0.890909 0.466165
vt 0.818182 0.451128
vt 0.827273 0.466165
vt 0.818182 0.466165
vt 0.827273 0.451128
vt 0.836364 0.466165
vt 0.836364 0.451128
vt 0.845455 0.466165
vt 0.845455 0.451128
vt 0.854545 0.466165
vt 0.854545 0.451128
vt 0.863636 0.466165
vt 0.863636 0.451128
vt 0.863636 0.451128
vt 0.872727 0.466165
vt 0.863636 0.466165
vt 0.854545 0.451128
vt 0.854545 0.466165
vt 0.845455 0.451128
vt 0.845455 0.466165
vt 0.836364 0.451128
vt 0.836364 0.466165
vt 0.827273 0.466165
vt 0.818182 0.451128
vt 0.818182 0.466165
vt 0.881818 0.466165
vt 0.890909 0.451128
vt 0.890909 0.466165
vt 0.872727 0.451128
vt 0.890909 0.451128
vt 0.827273 0.451128
vt 0.881818 0.451128
vn 0.0000 0.0000 -1.0000
vn -1.0000 0.0000 0.0000
vn 0.0000 0.0000 1.0000
vn 1.0000 0.0000 0.0000
vn 0.0000 -0.7071 -0.7071
vn 0.0000 -1.0000 0.0000
vn 0.0000 -0.7071 0.7071
vn 0.0000 0.7071 0.7071
vn -0.0000 1.0000 0.0000
vn -0.0000 0.7071 -0.7071
v 0.968750 1.625000 -0.875000
v 0.906250 1.625000 -0.875000
v 0.906250 1.625000 -1.000000
v 0.968750 1.625000 -1.000000
v 0.968750 2.375000 -1.000000
v 0.906250 2.375000 -1.000000
v 0.968750 2.375000 -0.875000
v 0.906250 2.375000 -0.875000
v 0.875000 2.375000 -1.062500
v 1.000000 2.375000 -1.062500
v 0.875000 2.286612 -1.025888
v 1.000000 2.286612 -1.025888
v 0.875000 2.250000 -0.937500
v 1.000000 2.250000 -0.937500
v 0.875000 2.286612 -0.849112
v 1.000000 2.286612 -0.849112
v 0.875000 2.375000 -0.812500
v 1.000000 2.375000 -0.812500
v 0.875000 2.463388 -0.849112
v 1.000000 2.463388 -0.849112
v 0.875000 2.500000 -0.937500
v 1.000000 2.500000 -0.937500
v 0.875000 2.463388 -1.025888
v 1.000000 2.463388 -1.025888
v 1.000000 1.713388 -1.025888
v 0.875000 1.713388 -1.025888
v 1.000000 1.750000 -0.937500
v 0.875000 1.750000 -0.937500
v 1.000000 1.713388 -0.849112
v 0.875000 1.713388 -0.849112
v 1.000000 1.625000 -0.812500
v 0.875000 1.625000 -0.812500
v 1.000000 1.536612 -0.849112
v 0.875000 1.536612 -0.849112
v 1.000000 1.500000 -0.937500
v 0.875000 1.500000 -0.937500
v 1.000000 1.536612 -1.025888
v 0.875000 1.536612 -1.025888
v 1.000000 1.625000 -1.062500
v 0.875000 1.625000 -1.062500
vt 0.827273 0.646617
vt 0.772727 0.639098
vt 0.827273 0.639098
vt 0.827273 0.661654
vt 0.772727 0.646617
vt 0.827273 0.624060
vt 0.772727 0.616541
vt 0.827273 0.616541
vt 0.772727 0.624060
vt 0.845455 0.496208
vt 0.836383 0.481203
vt 0.845455 0.466198
vt 0.827273 0.496208
vt 0.820859 0.491813
vt 0.833687 0.470593
vt 0.827273 0.496208
vt 0.820859 0.491813
vt 0.833687 0.470593
vt 0.845455 0.496208
vt 0.836383 0.481203
vt 0.845455 0.466198
vt 0.772727 0.661654
vt 0.851869 0.470593
vt 0.854526 0.481203
vt 0.851869 0.491813
vt 0.839040 0.491813
vt 0.839040 0.470593
vt 0.818202 0.481203
vt 0.820859 0.470593
vt 0.827273 0.466198
vt 0.836344 0.481203
vt 0.833687 0.491813
vt 0.818202 0.481203
vt 0.820859 0.470593
vt 0.827273 0.466198
vt 0.836344 0.481203
vt 0.833687 0.491813
vt 0.851869 0.470593
vt 0.854526 0.481203
vt 0.851869 0.491813
vt 0.839040 0.491813
vt 0.839040 0.470593
vt 0.872727 0.451128
vt 0.881818 0.466165
vt 0.872727 0.466165
vt 0.881818 0.451128
vt 0.890909 0.466165
vt 0.818182 0.451128
vt 0.827273 0.466165
vt 0.818182 0.466165
vt 0.827273 0.451128
vt 0.836364 0.466165
vt 0.836364 0.451128
vt 0.845455 0.466165
vt 0.845455 0.451128
vt 0.854545 0.466165
vt 0.854545 0.451128
vt 0.863636 0.466165
vt 0.863636 0.451128
vt 0.863636 0.451128
vt 0.872727 0.466165
vt 0.863636 0.466165
vt 0.854545 0.451128
vt 0.854545 0.466165
vt 0.845455 0.451128
vt 0.845455 0.466165
vt 0.836364 0.451128
vt 0.836364 0.466165
vt 0.827273 0.451128
vt 0.827273 0.466165
vt 0.818182 0.451128
vt 0.818182 0.466165
vt 0.881818 0.451128
vt 0.890909 0.466165
vt 0.881818 0.466165
vt 0.872727 0.451128
vt 0.890909 0.451128
vt 0.890909 0.451128
vn 0.0000 0.0000 -1.0000
vn -1.0000 0.0000 0.0000
vn 0.0000 0.0000 1.0000
vn 1.0000 0.0000 0.0000
vn 0.0000 -0.7071 -0.7071
vn 0.0000 -1.0000 0.0000
vn 0.0000 -0.7071 0.7071
vn 0.0000 0.7071 0.7071
vn 0.0000 1.0000 -0.0000
vn 0.0000 0.7071 -0.7071
v 1.031250 1.625000 0.875000
v 1.093750 1.625000 0.875000
v 1.093750 1.625000 1.000000
v 1.031250 1.625000 1.000000
v 1.031250 2.375000 1.000000
v 1.093750 2.375000 1.000000
v 1.031250 2.375000 0.875000
v 1.093750 2.375000 0.875000
v 1.125000 2.375000 1.062500
v 1.000000 2.375000 1.062500
v 1.125000 2.286612 1.025888
v 1.000000 2.286612 1.025888
v 1.125000 2.250000 0.937500
v 1.000000 2.250000 0.937500
v 1.125000 2.286612 0.849112
v 1.000000 2.286612 0.849112
v 1.125000 2.375000 0.812500
v 1.000000 2.375000 0.812500
v 1.125000 2.463388 0.849112
v 1.000000 2.463388 0.849112
v 1.125000 2.500000 0.937500
v 1.000000 2.500000 0.937500
v 1.125000 2.463388 1.025888
v 1.000000 2.463388 1.025888
v 1.000000 1.713388 1.025888
v 1.125000 1.713388 1.025888
v 1.000000 1.750000 0.937500
v 1.125000 1.750000 0.937500
v 1.000000 1.713388 0.849112
v 1.125000 1.713388 0.849112
v 1.000000 1.625000 0.812500
v 1.125000 1.625000 0.812500
v 1.000000 1.536612 0.849112
v 1.125000 1.536612 0.849112
v 1.000000 1.500000 0.937500
v 1.125000 1.500000 0.937500
v 1.000000 1.536612 1.025888
v 1.125000 1.536612 1.025888
v 1.000000 1.625000 1.062500
v 1.125000 1.625000 1.062500
vt 0.827273 0.646617
vt 0.772727 0.639098
vt 0.827273 0.639098
vt 0.827273 0.661654
vt 0.772727 0.646617
vt 0.827273 0.624060
vt 0.772727 0.616541
vt 0.827273 0.616541
vt 0.772727 0.624060
vt 0.845455 0.496208
vt 0.836383 0.481203
vt 0.845455 0.466198
vt 0.827273 0.496208
vt 0.820859 0.491813
vt 0.833687 0.470593
vt 0.827273 0.496208
vt 0.820859 0.491813
vt 0.833687 0.470593
vt 0.845455 0.496208
vt 0.836383 0.481203
vt 0.845455 0.466198
vt 0.772727 0.661654
vt 0.851869 0.470593
vt 0.854526 0.481203
vt 0.851869 0.491813
vt 0.839040 0.491813
vt 0.839040 0.470593
vt 0.818202 0.481203
vt 0.820859 0.470593
vt 0.827273 0.466198
vt 0.836344 0.481203
vt 0.833687 0.491813
vt 0.818202 0.481203
vt 0.820859 0.470593
vt 0.827273 0.466198
vt 0.836344 0.481203
vt 0.833687 0.491813
vt 0.851869 0.470593
vt 0.854526 0.481203
vt 0.851869 0.491813
vt 0.839040 0.491813
vt 0.839040 0.470593
vt 0.872727 0.451128
vt 0.881818 0.466165
vt 0.872727 0.466165
vt 0.881818 0.451128
vt 0.890909 0.466165
vt 0.818182 0.451128
vt 0.827273 0.466165
vt 0.818182 0.466165
vt 0.827273 0.451128
vt 0.836364 0.466165
vt 0.836364 0.451128
vt 0.845455 0.466165
vt 0.845455 0.451128
vt 0.854545 0.466165
vt 0.854545 0.451128
vt 0.863636 0.466165
vt 0.863636 0.451128
vt 0.863636 0.451128
vt 0.872727 0.466165
vt 0.863636 0.466165
vt 0.854545 0.451128
vt 0.854545 0.466165
vt 0.845455 0.451128
vt 0.845455 0.466165
vt 0.836364 0.451128
vt 0.836364 0.466165
vt 0.827273 0.451128
vt 0.827273 0.466165
vt 0.818182 0.451128
vt 0.818182 0.466165
vt 0.881818 0.451128
vt 0.890909 0.466165
vt 0.881818 0.466165
vt 0.872727 0.451128
vt 0.890909 0.451128
vt 0.890909 0.451128
vn 0.0000 0.0000 1.0000
vn 1.0000 0.0000 0.0000
vn 0.0000 0.0000 -1.0000
vn -1.0000 0.0000 0.0000
vn 0.0000 -0.7071 0.7071
vn 0.0000 -1.0000 -0.0000
vn 0.0000 -0.7071 -0.7071
vn 0.0000 0.7071 -0.7071
vn 0.0000 1.0000 0.0000
vn 0.0000 0.7071 0.7071
v -0.968751 1.625000 0.875000
v -0.906251 1.625000 0.875000
v -0.906251 1.625000 1.000000
v -0.968751 1.625000 1.000000
v -0.968751 2.375000 1.000000
v -0.906251 2.375000 1.000000
v -0.968751 2.375000 0.875000
v -0.906251 2.375000 0.875000
v -0.875001 2.375000 1.062500
v -1.000001 2.375000 1.062500
v -0.875001 2.286612 1.025888
v -1.000001 2.286612 1.025888
v -0.875001 2.250000 0.937500
v -1.000001 2.250000 0.937500
v -0.875001 2.286612 0.849112
v -1.000001 2.286612 0.849112
v -0.875001 2.375000 0.812500
v -1.000001 2.375000 0.812500
v -0.875001 2.463388 0.849112
v -1.000001 2.463388 0.849112
v -0.875001 2.500000 0.937500
v -1.000001 2.500000 0.937500
v -0.875001 2.463388 1.025888
v -1.000001 2.463388 1.025888
v -1.000001 1.713388 1.025888
v -0.875001 1.713388 1.025888
v -1.000001 1.750000 0.937500
v -0.875001 1.750000 0.937500
v -1.000001 1.713388 0.849112
v -0.875001 1.713388 0.849112
v -1.000001 1.625000 0.812500
v -0.875001 1.625000 0.812500
v -1.000001 1.536612 0.849112
v -0.875001 1.536612 0.849112
v -1.000001 1.500000 0.937500
v -0.875001 1.500000 0.937500
v -1.000001 1.536612 1.025888
v -0.875001 1.536612 1.025888
v -1.000001 1.625000 1.062500
v -0.875001 1.625000 1.062500
vt 0.827273 0.646617
vt 0.772727 0.639098
vt 0.827273 0.639098
vt 0.827273 0.661654
vt 0.772727 0.646617
vt 0.827273 0.624060
vt 0.772727 0.616541
vt 0.827273 0.616541
vt 0.772727 0.624060
vt 0.845455 0.496208
vt 0.836383 0.481203
vt 0.845455 0.466198
vt 0.833687 0.491813
vt 0.827273 0.496208
vt 0.820859 0.491813
vt 0.827273 0.496208
vt 0.820859 0.491813
vt 0.833687 0.470593
vt 0.845455 0.496208
vt 0.836383 0.481203
vt 0.845455 0.466198
vt 0.772727 0.661654
vt 0.851869 0.470593
vt 0.854526 0.481203
vt 0.851869 0.491813
vt 0.839040 0.491813
vt 0.839040 0.470593
vt 0.818202 0.481203
vt 0.833687 0.470593
vt 0.820859 0.470593
vt 0.827273 0.466198
vt 0.836344 0.481203
vt 0.818202 0.481203
vt 0.820859 0.470593
vt 0.827273 0.466198
vt 0.836344 0.481203
vt 0.833687 0.491813
vt 0.851869 0.470593
vt 0.854526 0.481203
vt 0.851869 0.491813
vt 0.839040 0.491813
vt 0.839040 0.470593
vt 0.872727 0.451128
vt 0.881818 0.466165
vt 0.872727 0.466165
vt 0.881818 0.451128
vt 0.890909 0.466165
vt 0.818182 0.451128
vt 0.827273 0.466165
vt 0.818182 0.466165
vt 0.827273 0.451128
vt 0.836364 0.466165
vt 0.836364 0.451128
vt 0.845455 0.466165
vt 0.845455 0.451128
vt 0.854545 0.466165
vt 0.863636 0.451128
vt 0.863636 0.466165
vt 0.863636 0.451128
vt 0.872727 0.466165
vt 0.863636 0.466165
vt 0.854545 0.466165
vt 0.845455 0.451128
vt 0.845455 0.466165
vt 0.836364 0.451128
vt 0.836364 0.466165
vt 0.827273 0.451128
vt 0.827273 0.466165
vt 0.818182 0.451128
vt 0.818182 0.466165
vt 0.881818 0.451128
vt 0.890909 0.466165
vt 0.881818 0.466165
vt 0.872727 0.451128
vt 0.890909 0.451128
vt 0.854545 0.451128
vt 0.854545 0.451128
vt 0.890909 0.451128
vn 0.0000 0.0000 1.0000
vn 1.0000 0.0000 0.0000
vn 0.0000 0.0000 -1.0000
vn -1.0000 0.0000 0.0000
vn 0.0000 -0.7071 0.7071
vn 0.0000 -1.0000 0.0000
vn 0.0000 -0.7071 -0.7071
vn 0.0000 0.7071 -0.7071
vn 0.0000 1.0000 0.0000
vn 0.0000 0.7071 0.7071
v -1.000001 2.375000 0.562500
v -1.125001 2.375000 0.562500
v -1.000001 2.286612 0.525888
v -1.125001 2.286612 0.525889
v -1.000001 2.250000 0.437500
v -1.125001 2.250000 0.437500
v -1.000001 2.286612 0.349112
v -1.125001 2.286612 0.349112
v -1.000001 2.375000 0.312500
v -1.125001 2.375000 0.312500
v -1.000001 2.463388 0.349112
v -1.125001 2.463388 0.349112
v -1.000001 2.500000 0.437500
v -1.125001 2.500000 0.437500
v -1.000001 2.463388 0.525888
v -1.125001 2.463388 0.525889
v -1.031251 2.312500 0.937500
v -1.093751 2.312500 0.937500
v -1.031251 2.437500 0.937500
v -1.093751 2.437500 0.937500
v -1.031251 2.437500 0.437500
v -1.031251 2.312500 0.437500
v -1.093751 2.312500 0.437500
v -1.093751 2.437500 0.437500
v -1.125001 2.463388 1.025888
v -1.000001 2.463388 1.025888
v -1.125001 2.500000 0.937500
v -1.000001 2.500000 0.937500
v -1.125001 2.463388 0.849112
v -1.000001 2.463388 0.849112
v -1.125001 2.375000 0.812500
v -1.000001 2.375000 0.812500
v -1.125001 2.286612 0.849112
v -1.000001 2.286612 0.849112
v -1.125001 2.250000 0.937500
v -1.000001 2.250000 0.937500
v -1.125001 2.286612 1.025888
v -1.000001 2.286612 1.025888
v -1.125001 2.375000 1.062500
v -1.000001 2.375000 1.062500
vt 0.845455 0.496208
vt 0.836383 0.481203
vt 0.845455 0.466198
vt 0.833687 0.491813
vt 0.827273 0.496208
vt 0.820859 0.491813
vt 0.863636 0.646617
vt 0.827273 0.639098
vt 0.863636 0.639098
vt 0.863636 0.624060
vt 0.827273 0.616541
vt 0.863636 0.616541
vt 0.827273 0.624060
vt 0.863636 0.661654
vt 0.827273 0.646617
vt 0.827273 0.496208
vt 0.820859 0.491813
vt 0.833687 0.470593
vt 0.854526 0.481203
vt 0.845455 0.496208
vt 0.836383 0.481203
vt 0.851869 0.470593
vt 0.854526 0.481203
vt 0.851869 0.491813
vt 0.839040 0.491813
vt 0.839040 0.470593
vt 0.818202 0.481203
vt 0.833687 0.470593
vt 0.820859 0.470593
vt 0.827273 0.466198
vt 0.836344 0.481203
vt 0.827273 0.661654
vt 0.818202 0.481203
vt 0.820859 0.470593
vt 0.827273 0.466198
vt 0.836344 0.481203
vt 0.833687 0.491813
vt 0.845455 0.466198
vt 0.851869 0.470593
vt 0.851869 0.491813
vt 0.839040 0.491813
vt 0.839040 0.470593
vt 0.872727 0.451128
vt 0.881818 0.466165
vt 0.872727 0.466165
vt 0.890909 0.451128
vt 0.890909 0.466165
vt 0.818182 0.451128
vt 0.827273 0.466165
vt 0.818182 0.466165
vt 0.827273 0.451128
vt 0.836364 0.466165
vt 0.836364 0.451128
vt 0.845455 0.466165
vt 0.845455 0.451128
vt 0.854545 0.466165
vt 0.863636 0.451128
vt 0.863636 0.466165
vt 0.863636 0.451128
vt 0.872727 0.466165
vt 0.863636 0.466165
vt 0.854545 0.451128
vt 0.854545 0.466165
vt 0.845455 0.451128
vt 0.845455 0.466165
vt 0.836364 0.451128
vt 0.836364 0.466165
vt 0.827273 0.466165
vt 0.818182 0.466165
vt 0.827273 0.451128
vt 0.881818 0.466165
vt 0.890909 0.451128
vt 0.890909 0.466165
vt 0.872727 0.451128
vt 0.881818 0.451128
vt 0.854545 0.451128
vt 0.818182 0.451128
vt 0.881818 0.451128
vn -1.0000 0.0000 0.0000
vn 1.0000 0.0000 0.0000
vn 0.0000 1.0000 0.0000
vn 0.0000 -1.0000 0.0000
vn 0.0000 -0.0000 1.0000
vn 0.0000 -0.7071 0.7071
vn 0.0000 -0.7071 -0.7071
vn 0.0000 0.0000 -1.0000
vn 0.0000 0.7071 -0.7071
vn 0.0000 0.7071 0.7071
v -1.000001 2.375000 -0.562500
v -0.875001 2.375000 -0.562500
v -1.000001 2.286612 -0.525888
v -0.875001 2.286612 -0.525888
v -1.000001 2.250000 -0.437500
v -0.875001 2.250000 -0.437500
v -1.000001 2.286612 -0.349111
v -0.875001 2.286612 -0.349111
v -1.000001 2.375000 -0.312500
v -0.875001 2.375000 -0.312500
v -1.000001 2.463388 -0.349111
v -0.875001 2.463388 -0.349111
v -1.000001 2.500000 -0.437500
v -0.875001 2.500000 -0.437500
v -1.000001 2.463388 -0.525888
v -0.875001 2.463388 -0.525888
v -0.968751 2.312500 -0.937500
v -0.906251 2.312500 -0.937500
v -0.968751 2.437500 -0.937500
v -0.906251 2.437500 -0.937500
v -0.968751 2.437500 -0.437500
v -0.968751 2.312500 -0.437500
v -0.906251 2.312500 -0.437500
v -0.906251 2.437500 -0.437500
v -0.875001 2.463388 -1.025888
v -1.000002 2.463388 -1.025888
v -0.875001 2.500000 -0.937500
v -1.000002 2.500000 -0.937500
v -0.875001 2.463388 -0.849112
v -1.000002 2.463388 -0.849112
v -0.875001 2.375000 -0.812500
v -1.000002 2.375000 -0.812500
v -0.875001 2.286612 -0.849112
v -1.000002 2.286612 -0.849112
v -0.875001 2.250000 -0.937500
v -1.000002 2.250000 -0.937500
v -0.875001 2.286612 -1.025888
v -1.000002 2.286612 -1.025888
v -0.875001 2.375000 -1.062500
v -1.000002 2.375000 -1.062500
vt 0.845455 0.496208
vt 0.836383 0.481203
vt 0.845455 0.466198
vt 0.827273 0.496208
vt 0.820859 0.491813
vt 0.833687 0.470593
vt 0.863636 0.646617
vt 0.827273 0.639098
vt 0.863636 0.639098
vt 0.863636 0.624060
vt 0.827273 0.616541
vt 0.863636 0.616541
vt 0.827273 0.624060
vt 0.863636 0.661654
vt 0.827273 0.646617
vt 0.827273 0.496208
vt 0.820859 0.491813
vt 0.833687 0.470593
vt 0.854526 0.481203
vt 0.845455 0.496208
vt 0.836383 0.481203
vt 0.851869 0.470593
vt 0.854526 0.481203
vt 0.851869 0.491813
vt 0.839040 0.491813
vt 0.839040 0.470593
vt 0.818202 0.481203
vt 0.820859 0.470593
vt 0.827273 0.466198
vt 0.836344 0.481203
vt 0.833687 0.491813
vt 0.827273 0.661654
vt 0.818202 0.481203
vt 0.820859 0.470593
vt 0.827273 0.466198
vt 0.836344 0.481203
vt 0.833687 0.491813
vt 0.845455 0.466198
vt 0.851869 0.470593
vt 0.851869 0.491813
vt 0.839040 0.491813
vt 0.839040 0.470593
vt 0.872727 0.451128
vt 0.881818 0.466165
vt 0.872727 0.466165
vt 0.881818 0.451128
vt 0.890909 0.466165
vt 0.818182 0.451128
vt 0.827273 0.466165
vt 0.818182 0.466165
vt 0.827273 0.451128
vt 0.836364 0.466165
vt 0.836364 0.451128
vt 0.845455 0.466165
vt 0.854545 0.451128
vt 0.854545 0.466165
vt 0.863636 0.466165
vt 0.863636 0.451128
vt 0.863636 0.451128
vt 0.872727 0.466165
vt 0.863636 0.466165
vt 0.854545 0.466165
vt 0.845455 0.451128
vt 0.845455 0.466165
vt 0.836364 0.451128
vt 0.836364 0.466165
vt 0.827273 0.451128
vt 0.827273 0.466165
vt 0.818182 0.451128
vt 0.818182 0.466165
vt 0.881818 0.451128
vt 0.890909 0.466165
vt 0.881818 0.466165
vt 0.872727 0.451128
vt 0.890909 0.451128
vt 0.845455 0.451128
vt 0.854545 0.451128
vt 0.890909 0.451128
vn 1.0000 0.0000 -0.0000
vn -1.0000 0.0000 0.0000
vn 0.0000 1.0000 0.0000
vn 0.0000 -1.0000 0.0000
vn 0.0000 0.0000 -1.0000
vn 0.0000 -0.7071 -0.7071
vn 0.0000 -0.7071 0.7071
vn 0.0000 0.0000 1.0000
vn 0.0000 0.7071 0.7071
vn 0.0000 0.7071 -0.7071
v 1.000000 2.375000 -0.562500
v 1.125000 2.375000 -0.562500
v 1.000000 2.286612 -0.525888
v 1.125000 2.286612 -0.525888
v 1.000000 2.250000 -0.437500
v 1.125000 2.250000 -0.437500
v 1.000000 2.286612 -0.349112
v 1.125000 2.286612 -0.349112
v 1.000000 2.375000 -0.312500
v 1.125000 2.375000 -0.312500
v 1.000000 2.463388 -0.349112
v 1.125000 2.463388 -0.349112
v 1.000000 2.500000 -0.437500
v 1.125000 2.500000 -0.437500
v 1.000000 2.463388 -0.525888
v 1.125000 2.463388 -0.525888
v 1.031250 2.312500 -0.937500
v 1.093750 2.312500 -0.937500
v 1.031250 2.437500 -0.937500
v 1.093750 2.437500 -0.937500
v 1.031250 2.437500 -0.437500
v 1.031250 2.312500 -0.437500
v 1.093750 2.312500 -0.437500
v 1.093750 2.437500 -0.437500
v 1.125000 2.463388 -1.025888
v 1.000000 2.463388 -1.025888
v 1.125000 2.500000 -0.937500
v 1.000000 2.500000 -0.937500
v 1.125000 2.463388 -0.849112
v 1.000000 2.463388 -0.849112
v 1.125000 2.375000 -0.812500
v 1.000000 2.375000 -0.812500
v 1.125000 2.286612 -0.849112
v 1.000000 2.286612 -0.849112
v 1.125000 2.250000 -0.937500
v 1.000000 2.250000 -0.937500
v 1.125000 2.286612 -1.025888
v 1.000000 2.286612 -1.025888
v 1.125000 2.375000 -1.062500
v 1.000000 2.375000 -1.062500
vt 0.845455 0.496208
vt 0.836383 0.481203
vt 0.845455 0.466198
vt 0.833687 0.491813
vt 0.827273 0.496208
vt 0.820859 0.491813
vt 0.863636 0.646617
vt 0.827273 0.639098
vt 0.863636 0.639098
vt 0.863636 0.624060
vt 0.827273 0.616541
vt 0.863636 0.616541
vt 0.827273 0.624060
vt 0.863636 0.661654
vt 0.827273 0.646617
vt 0.827273 0.496208
vt 0.820859 0.491813
vt 0.833687 0.470593
vt 0.845455 0.496208
vt 0.836383 0.481203
vt 0.845455 0.466198
vt 0.851869 0.470593
vt 0.854526 0.481203
vt 0.851869 0.491813
vt 0.839040 0.491813
vt 0.839040 0.470593
vt 0.818202 0.481203
vt 0.833687 0.470593
vt 0.820859 0.470593
vt 0.827273 0.466198
vt 0.836344 0.481203
vt 0.827273 0.661654
vt 0.818202 0.481203
vt 0.820859 0.470593
vt 0.827273 0.466198
vt 0.836344 0.481203
vt 0.833687 0.491813
vt 0.851869 0.470593
vt 0.854526 0.481203
vt 0.851869 0.491813
vt 0.839040 0.491813
vt 0.839040 0.470593
vt 0.872727 0.451128
vt 0.881818 0.466165
vt 0.872727 0.466165
vt 0.881818 0.451128
vt 0.890909 0.466165
vt 0.818182 0.451128
vt 0.827273 0.466165
vt 0.818182 0.466165
vt 0.827273 0.451128
vt 0.836364 0.466165
vt 0.836364 0.451128
vt 0.845455 0.466165
vt 0.845455 0.451128
vt 0.854545 0.466165
vt 0.854545 0.451128
vt 0.863636 0.466165
vt 0.863636 0.451128
vt 0.863636 0.451128
vt 0.872727 0.466165
vt 0.863636 0.466165
vt 0.854545 0.451128
vt 0.854545 0.466165
vt 0.845455 0.451128
vt 0.845455 0.466165
vt 0.836364 0.451128
vt 0.836364 0.466165
vt 0.827273 0.451128
vt 0.827273 0.466165
vt 0.818182 0.451128
vt 0.818182 0.466165
vt 0.881818 0.451128
vt 0.890909 0.466165
vt 0.881818 0.466165
vt 0.872727 0.451128
vt 0.890909 0.451128
vt 0.890909 0.451128
vn 1.0000 0.0000 0.0000
vn -1.0000 0.0000 0.0000
vn 0.0000 1.0000 0.0000
vn 0.0000 -1.0000 0.0000
vn 0.0000 0.0000 -1.0000
vn 0.0000 -0.7071 -0.7071
vn 0.0000 -0.7071 0.7071
vn 0.0000 0.0000 1.0000
vn 0.0000 0.7071 0.7071
vn 0.0000 0.7071 -0.7071
v 1.000000 2.375000 0.562500
v 0.875000 2.375000 0.562500
v 1.000000 2.286612 0.525888
v 0.875000 2.286612 0.525888
v 1.000000 2.250000 0.437500
v 0.875000 2.250000 0.437500
v 1.000000 2.286612 0.349112
v 0.875000 2.286612 0.349112
v 1.000000 2.375000 0.312500
v 0.875000 2.375000 0.312500
v 1.000000 2.463388 0.349112
v 0.875000 2.463388 0.349112
v 1.000000 2.500000 0.437500
v 0.875000 2.500000 0.437500
v 1.000000 2.463388 0.525888
v 0.875000 2.463388 0.525888
v 0.968750 2.312500 0.937500
v 0.906250 2.312500 0.937500
v 0.968750 2.437500 0.937500
v 0.906250 2.437500 0.937500
v 0.968750 2.437500 0.437500
v 0.968750 2.312500 0.437500
v 0.906250 2.312500 0.437500
v 0.906250 2.437500 0.437500
v 0.875000 2.463388 1.025888
v 1.000000 2.463388 1.025888
v 0.875000 2.500000 0.937500
v 1.000000 2.500000 0.937500
v 0.875000 2.463388 0.849112
v 1.000000 2.463388 0.849112
v 0.875000 2.375000 0.812500
v 1.000000 2.375000 0.812500
v 0.875000 2.286612 0.849112
v 1.000000 2.286612 0.849112
v 0.875000 2.250000 0.937500
v 1.000000 2.250000 0.937500
v 0.875000 2.286612 1.025888
v 1.000000 2.286612 1.025888
v 0.875000 2.375000 1.062500
v 1.000000 2.375000 1.062500
vt 0.854526 0.481203
vt 0.845455 0.496208
vt 0.836383 0.481203
vt 0.827273 0.496208
vt 0.820859 0.491813
vt 0.833687 0.470593
vt 0.863636 0.646617
vt 0.827273 0.639098
vt 0.863636 0.639098
vt 0.863636 0.624060
vt 0.827273 0.616541
vt 0.863636 0.616541
vt 0.827273 0.624060
vt 0.863636 0.661654
vt 0.827273 0.646617
vt 0.827273 0.496208
vt 0.820859 0.491813
vt 0.833687 0.470593
vt 0.845455 0.496208
vt 0.836383 0.481203
vt 0.845455 0.466198
vt 0.845455 0.466198
vt 0.851869 0.470593
vt 0.851869 0.491813
vt 0.839040 0.491813
vt 0.839040 0.470593
vt 0.818202 0.481203
vt 0.820859 0.470593
vt 0.827273 0.466198
vt 0.836344 0.481203
vt 0.833687 0.491813
vt 0.827273 0.661654
vt 0.818202 0.481203
vt 0.820859 0.470593
vt 0.827273 0.466198
vt 0.836344 0.481203
vt 0.833687 0.491813
vt 0.851869 0.470593
vt 0.854526 0.481203
vt 0.851869 0.491813
vt 0.839040 0.491813
vt 0.839040 0.470593
vt 0.872727 0.451128
vt 0.881818 0.466165
vt 0.872727 0.466165
vt 0.881818 0.451128
vt 0.890909 0.466165
vt 0.818182 0.451128
vt 0.827273 0.466165
vt 0.818182 0.466165
vt 0.827273 0.451128
vt 0.836364 0.466165
vt 0.836364 0.451128
vt 0.845455 0.466165
vt 0.854545 0.451128
vt 0.854545 0.466165
vt 0.863636 0.466165
vt 0.863636 0.451128
vt 0.863636 0.451128
vt 0.872727 0.466165
vt 0.863636 0.466165
vt 0.854545 0.466165
vt 0.845455 0.451128
vt 0.845455 0.466165
vt 0.836364 0.451128
vt 0.836364 0.466165
vt 0.827273 0.451128
vt 0.827273 0.466165
vt 0.818182 0.451128
vt 0.818182 0.466165
vt 0.881818 0.451128
vt 0.890909 0.466165
vt 0.881818 0.466165
vt 0.872727 0.451128
vt 0.890909 0.451128
vt 0.845455 0.451128
vt 0.854545 0.451128
vt 0.890909 0.451128
vn -1.0000 0.0000 0.0000
vn 1.0000 0.0000 0.0000
vn 0.0000 1.0000 0.0000
vn 0.0000 -1.0000 0.0000
vn 0.0000 -0.0000 1.0000
vn 0.0000 -0.7071 0.7071
vn 0.0000 -0.7071 -0.7071
vn 0.0000 0.0000 -1.0000
vn 0.0000 0.7071 -0.7071
vn 0.0000 0.7071 0.7071
v 1.125000 2.750000 0.000000
v 0.875000 2.750000 0.000000
v 1.125000 2.750000 0.250000
v 0.875000 2.750000 0.250000
v 1.125000 2.000000 0.250000
v 1.125000 2.000000 0.000000
v 0.875000 2.000000 0.000000
v 0.875000 2.000000 0.250000
v 0.750000 2.625000 0.093750
v 0.750000 2.125000 0.093750
v 0.750000 2.625000 0.156250
v 0.750000 2.125000 0.156250
v 0.875000 2.625000 0.093750
v 0.875000 2.125000 0.093750
v 0.875000 2.625000 0.156250
v 0.875000 2.125000 0.156250
v 0.812500 2.562500 0.093750
v 0.812500 2.187500 0.093750
v 0.812500 2.562500 0.156250
v 0.812500 2.187500 0.156250
v 0.875000 2.562500 0.093750
v 0.875000 2.187500 0.093750
v 0.875000 2.562500 0.156250
v 0.875000 2.187500 0.156250
v 1.250001 2.625000 0.156250
v 1.250001 2.125000 0.156250
v 1.250001 2.625000 0.093750
v 1.250001 2.125000 0.093750
v 1.125001 2.625000 0.156250
v 1.125001 2.125000 0.156250
v 1.125001 2.625000 0.093750
v 1.125001 2.125000 0.093750
v 1.187501 2.562500 0.156250
v 1.187501 2.187500 0.156250
v 1.187501 2.562500 0.093750
v 1.187501 2.187500 0.093750
v 1.125001 2.562500 0.156250
v 1.125001 2.187500 0.156250
v 1.125001 2.562500 0.093750
v 1.125001 2.187500 0.093750
v 1.130000 2.125000 0.234375
v 1.130000 2.125000 0.171875
v 1.130000 2.500000 0.234375
v 1.130000 2.500000 0.171875
v 1.000000 2.463388 0.525888
v 1.125000 2.463388 0.525888
v 1.000000 2.500000 0.437500
v 1.125000 2.500000 0.437500
v 1.000000 2.463388 0.349112
v 1.125000 2.463388 0.349112
v 1.000000 2.375000 0.312500
v 1.125000 2.375000 0.312500
v 1.000000 2.286612 0.349112
v 1.125000 2.286612 0.349112
v 1.000000 2.250000 0.437500
v 1.125000 2.250000 0.437500
v 1.000000 2.286612 0.525888
v 1.125000 2.286612 0.525888
v 1.000000 2.375000 0.562500
v 1.125000 2.375000 0.562500
v 1.062500 2.500000 0.250000
v 0.937500 2.500000 0.250000
v 1.062500 2.500000 0.437500
v 0.937500 2.500000 0.437500
v 1.062500 2.250000 0.437500
v 0.937500 2.250000 0.437500
v 1.062500 2.250000 0.250000
v 0.937500 2.250000 0.250000
vt 0.909091 0.781955
vt 0.927273 0.751880
vt 0.927273 0.781955
vt 0.927273 0.661654
vt 0.909091 0.631579
vt 0.927273 0.631579
vt 0.963636 0.751880
vt 0.981818 0.661654
vt 0.981818 0.751880
vt 0.945455 0.661654
vt 0.945455 0.751880
vt 0.909091 0.751880
vt 0.963636 0.661654
vt 0.986364 0.526316
vt 0.990909 0.586466
vt 0.986364 0.586466
vt 0.990909 0.511278
vt 0.990909 0.526316
vt 0.986364 0.601504
vt 1.000000 0.578947
vt 0.995455 0.533835
vt 1.000000 0.533835
vt 0.995455 0.511278
vt 1.000000 0.518797
vt 0.995455 0.518797
vt 1.000000 0.601504
vt 0.995455 0.593985
vt 1.000000 0.593985
vt 0.981818 0.593985
vt 0.990909 0.601504
vt 0.995455 0.601504
vt 0.995455 0.578947
vt 0.981818 0.533835
vt 0.986364 0.511278
vt 0.981818 0.518797
vt 0.981818 0.511278
vt 0.986364 0.526316
vt 0.990909 0.586466
vt 0.986364 0.586466
vt 0.990909 0.511278
vt 0.990909 0.526316
vt 0.986364 0.601504
vt 1.000000 0.578947
vt 0.995455 0.533835
vt 1.000000 0.533835
vt 0.995455 0.511278
vt 1.000000 0.518797
vt 0.995455 0.518797
vt 1.000000 0.601504
vt 0.995455 0.593985
vt 1.000000 0.593985
vt 0.981818 0.593985
vt 0.990909 0.601504
vt 0.995455 0.601504
vt 0.995455 0.578947
vt 0.981818 0.533835
vt 0.986364 0.511278
vt 0.981818 0.518797
vt 0.981818 0.511278
vt 0.136364 0.939850
vt 0.000000 0.902256
vt 0.136364 0.902256
vt 0.833687 0.491813
vt 0.827273 0.496208
vt 0.820859 0.491813
vt 0.845455 0.496208
vt 0.836383 0.481203
vt 0.845455 0.466198
vt 0.822727 0.578947
vt 0.831818 0.601504
vt 0.822727 0.601504
vt 0.850000 0.616541
vt 0.831818 0.616541
vt 0.850000 0.601504
vt 0.859091 0.578947
vt 0.859091 0.601504
vt 0.850000 0.578947
vt 0.831818 0.578947
vt 0.877273 0.578947
vt 0.877273 0.601504
vt 0.909091 0.661654
vt 1.000000 0.511278
vt 0.981818 0.601504
vt 0.981818 0.578947
vt 1.000000 0.511278
vt 0.981818 0.601504
vt 0.981818 0.578947
vt 0.000000 0.939850
vt 0.818202 0.481203
vt 0.833687 0.470593
vt 0.820859 0.470593
vt 0.827273 0.466198
vt 0.836344 0.481203
vt 0.851869 0.470593
vt 0.854526 0.481203
vt 0.851869 0.491813
vt 0.839040 0.491813
vt 0.839040 0.470593
vt 0.863636 0.451128
vt 0.872727 0.466165
vt 0.863636 0.466165
vt 0.854545 0.451128
vt 0.854545 0.466165
vt 0.845455 0.451128
vt 0.845455 0.466165
vt 0.836364 0.451128
vt 0.836364 0.466165
vt 0.827273 0.451128
vt 0.827273 0.466165
vt 0.818182 0.451128
vt 0.818182 0.466165
vt 0.881818 0.451128
vt 0.890909 0.466165
vt 0.881818 0.466165
vt 0.872727 0.451128
vt 0.890909 0.451128
vn 0.0000 1.0000 0.0000
vn 0.0000 -1.0000 0.0000
vn -1.0000 0.0000 0.0000
vn 1.0000 0.0000 0.0000
vn 0.0000 0.0000 1.0000
vn 0.0000 0.0000 -1.0000
vn 0.0000 0.7071 0.7071
vn 0.0000 0.7071 -0.7071
vn 0.0000 -0.7071 -0.7071
vn 0.0000 -0.7071 0.7071
v -1.125001 2.750000 0.000000
v -0.875001 2.750000 0.000000
v -1.125001 2.750000 -0.250000
v -0.875001 2.750000 -0.250000
v -1.125001 2.000000 -0.250000
v -1.125001 2.000000 0.000000
v -0.875001 2.000000 0.000000
v -0.875001 2.000000 -0.250000
v -0.750001 2.625000 -0.093750
v -0.750001 2.125000 -0.093750
v -0.750001 2.625000 -0.156250
v -0.750001 2.125000 -0.156250
v -0.875001 2.625000 -0.093750
v -0.875001 2.125000 -0.093750
v -0.875001 2.625000 -0.156250
v -0.875001 2.125000 -0.156250
v -0.812501 2.562500 -0.093750
v -0.812501 2.187500 -0.093750
v -0.812501 2.562500 -0.156250
v -0.812501 2.187500 -0.156250
v -0.875001 2.562500 -0.093750
v -0.875001 2.187500 -0.093750
v -0.875001 2.562500 -0.156250
v -0.875001 2.187500 -0.156250
v -1.250002 2.625000 -0.156250
v -1.250002 2.125000 -0.156250
v -1.250002 2.625000 -0.093750
v -1.250002 2.125000 -0.093750
v -1.125002 2.625000 -0.156250
v -1.125002 2.125000 -0.156250
v -1.125002 2.625000 -0.093750
v -1.125002 2.125000 -0.093750
v -1.187502 2.562500 -0.156250
v -1.187502 2.187500 -0.156250
v -1.187502 2.562500 -0.093750
v -1.187502 2.187500 -0.093750
v -1.125002 2.562500 -0.156250
v -1.125002 2.187500 -0.156250
v -1.125002 2.562500 -0.093750
v -1.125002 2.187500 -0.093750
v -1.130001 2.125000 -0.234375
v -1.130001 2.125000 -0.171875
v -1.130001 2.500000 -0.234375
v -1.130001 2.500000 -0.171875
v -1.000001 2.463388 -0.525888
v -1.125001 2.463388 -0.525888
v -1.000001 2.500000 -0.437500
v -1.125001 2.500000 -0.437500
v -1.000001 2.463388 -0.349111
v -1.125001 2.463388 -0.349111
v -1.000001 2.375000 -0.312500
v -1.125001 2.375000 -0.312500
v -1.000001 2.286612 -0.349111
v -1.125001 2.286612 -0.349111
v -1.000001 2.250000 -0.437500
v -1.125001 2.250000 -0.437500
v -1.000001 2.286612 -0.525888
v -1.125001 2.286612 -0.525888
v -1.000001 2.375000 -0.562500
v -1.125001 2.375000 -0.562500
v -1.062501 2.500000 -0.250000
v -0.937501 2.500000 -0.250000
v -1.062501 2.500000 -0.437500
v -0.937501 2.500000 -0.437500
v -1.062501 2.250000 -0.437500
v -0.937501 2.250000 -0.437500
v -1.062501 2.250000 -0.250000
v -0.937501 2.250000 -0.250000
vt 0.909091 0.781955
vt 0.927273 0.751880
vt 0.927273 0.781955
vt 0.927273 0.661654
vt 0.909091 0.631579
vt 0.927273 0.631579
vt 0.963636 0.751880
vt 0.981818 0.661654
vt 0.981818 0.751880
vt 0.945455 0.661654
vt 0.945455 0.751880
vt 0.909091 0.751880
vt 0.963636 0.661654
vt 0.986364 0.526316
vt 0.990909 0.586466
vt 0.986364 0.586466
vt 0.990909 0.511278
vt 0.990909 0.526316
vt 0.986364 0.601504
vt 1.000000 0.578947
vt 0.995455 0.533835
vt 1.000000 0.533835
vt 0.995455 0.511278
vt 1.000000 0.518797
vt 0.995455 0.518797
vt 1.000000 0.601504
vt 0.995455 0.593985
vt 1.000000 0.593985
vt 0.981818 0.593985
vt 0.990909 0.601504
vt 0.995455 0.601504
vt 0.995455 0.578947
vt 0.981818 0.533835
vt 0.986364 0.511278
vt 0.981818 0.518797
vt 0.981818 0.511278
vt 0.986364 0.526316
vt 0.990909 0.586466
vt 0.986364 0.586466
vt 0.990909 0.511278
vt 0.990909 0.526316
vt 0.986364 0.601504
vt 1.000000 0.578947
vt 0.995455 0.533835
vt 1.000000 0.533835
vt 0.995455 0.511278
vt 1.000000 0.518797
vt 0.995455 0.518797
vt 1.000000 0.601504
vt 0.995455 0.593985
vt 1.000000 0.593985
vt 0.981818 0.593985
vt 0.990909 0.601504
vt 0.995455 0.601504
vt 0.995455 0.578947
vt 0.981818 0.533835
vt 0.986364 0.511278
vt 0.981818 0.518797
vt 0.981818 0.511278
vt 0.136364 0.977444
vt 0.000000 0.939850
vt 0.136364 0.939850
vt 0.827273 0.496208
vt 0.820859 0.491813
vt 0.833687 0.470593
vt 0.845455 0.496208
vt 0.836383 0.481203
vt 0.845455 0.466198
vt 0.822727 0.578947
vt 0.831818 0.601504
vt 0.822727 0.601504
vt 0.850000 0.616541
vt 0.831818 0.616541
vt 0.850000 0.601504
vt 0.859091 0.578947
vt 0.859091 0.601504
vt 0.850000 0.578947
vt 0.831818 0.578947
vt 0.877273 0.578947
vt 0.877273 0.601504
vt 0.909091 0.661654
vt 1.000000 0.511278
vt 0.981818 0.601504
vt 0.981818 0.578947
vt 1.000000 0.511278
vt 0.981818 0.601504
vt 0.981818 0.578947
vt 0.000000 0.977444
vt 0.818202 0.481203
vt 0.820859 0.470593
vt 0.827273 0.466198
vt 0.836344 0.481203
vt 0.833687 0.491813
vt 0.851869 0.470593
vt 0.854526 0.481203
vt 0.851869 0.491813
vt 0.839040 0.491813
vt 0.839040 0.470593
vt 0.863636 0.466165
vt 0.872727 0.451128
vt 0.872727 0.466165
vt 0.854545 0.451128
vt 0.854545 0.466165
vt 0.845455 0.451128
vt 0.845455 0.466165
vt 0.836364 0.451128
vt 0.836364 0.466165
vt 0.827273 0.451128
vt 0.827273 0.466165
vt 0.818182 0.451128
vt 0.818182 0.466165
vt 0.881818 0.451128
vt 0.890909 0.466165
vt 0.881818 0.466165
vt 0.863636 0.451128
vt 0.890909 0.451128
vn 0.0000 1.0000 0.0000
vn 0.0000 -1.0000 0.0000
vn 1.0000 0.0000 0.0000
vn -1.0000 0.0000 0.0000
vn -0.0000 0.0000 -1.0000
vn 0.0000 0.0000 1.0000
vn -0.0000 0.7071 -0.7071
vn 0.0000 0.7071 0.7071
vn 0.0000 -0.7071 0.7071
vn -0.0000 -0.7071 -0.7071
v -1.062501 2.875000 -0.062500
v -0.937501 2.875000 -0.062500
v -1.062501 2.875000 -0.187500
v -0.937501 2.875000 -0.187500
v -1.062501 1.500000 -0.187500
v -1.062501 1.625000 -0.062500
v -0.937501 1.625000 -0.062500
v -0.937501 1.500000 -0.187500
v -0.937501 1.500000 -0.437500
v -0.937501 1.750000 -0.437500
v -0.937501 1.500000 -0.187500
v -0.937501 1.750000 -0.187500
v -1.062501 1.500000 -0.437500
v -1.062501 1.750000 -0.437500
v -1.062501 1.500000 -0.187500
v -1.062501 1.750000 -0.187500
vt 0.872727 0.977444
vt 0.881818 0.962406
vt 0.881818 0.977444
vt 0.909091 0.962406
vt 0.900000 0.812030
vt 0.909091 0.796992
vt 0.890909 0.812030
vt 0.890909 0.962406
vt 0.872727 0.962406
vt 0.881818 0.796992
vt 0.900000 0.962406
vt 0.809091 0.721804
vt 0.790909 0.691729
vt 0.809091 0.691729
vt 0.836364 0.721804
vt 0.818182 0.691729
vt 0.836364 0.691729
vt 0.818182 0.721804
vt 0.818182 0.661654
vt 0.809091 0.661654
vt 0.809091 0.751880
vt 0.818182 0.751880
vt 0.900000 0.796992
vt 0.890909 0.796992
vt 0.872727 0.796992
vt 0.790909 0.721804
vn 0.0000 1.0000 0.0000
vn 1.0000 0.0000 0.0000
vn -1.0000 0.0000 0.0000
vn 0.0000 0.0000 -1.0000
vn 0.0000 0.0000 1.0000
vn 0.0000 -1.0000 0.0000
vn 0.0000 -0.7071 0.7071
v 1.062500 2.875000 0.062500
v 0.937500 2.875000 0.062500
v 1.062500 2.875000 0.187500
v 0.937500 2.875000 0.187500
v 1.062500 1.500000 0.187500
v 1.062500 1.625000 0.062500
v 0.937500 1.625000 0.062500
v 0.937500 1.500000 0.187500
v 0.937500 1.500000 0.437500
v 0.937500 1.750000 0.437500
v 0.937500 1.500000 0.187500
v 0.937500 1.750000 0.187500
v 1.062500 1.500000 0.437500
v 1.062500 1.750000 0.437500
v 1.062500 1.500000 0.187500
v 1.062500 1.750000 0.187500
vt 0.872727 0.977444
vt 0.881818 0.962406
vt 0.881818 0.977444
vt 0.909091 0.962406
vt 0.900000 0.812030
vt 0.909091 0.796992
vt 0.890909 0.812030
vt 0.890909 0.962406
vt 0.872727 0.962406
vt 0.881818 0.796992
vt 0.900000 0.962406
vt 0.809091 0.721804
vt 0.790909 0.691729
vt 0.809091 0.691729
vt 0.836364 0.721804
vt 0.818182 0.691729
vt 0.836364 0.691729
vt 0.818182 0.721804
vt 0.818182 0.661654
vt 0.809091 0.661654
vt 0.809091 0.751880
vt 0.818182 0.751880
vt 0.900000 0.796992
vt 0.890909 0.796992
vt 0.872727 0.796992
vt 0.790909 0.721804
vn 0.0000 1.0000 0.0000
vn -1.0000 0.0000 0.0000
vn 1.0000 0.0000 0.0000
vn 0.0000 0.0000 1.0000
vn 0.0000 0.0000 -1.0000
vn 0.0000 -1.0000 0.0000
vn 0.0000 -0.7071 -0.7071
v -1.000001 2.463388 0.525888
v -0.875001 2.463388 0.525888
v -1.000001 2.500000 0.437500
v -0.875001 2.500000 0.437500
v -1.000001 2.463388 0.349112
v -0.875001 2.463388 0.349112
v -1.000001 2.375000 0.312500
v -0.875001 2.375000 0.312500
v -1.000001 2.286612 0.349112
v -0.875001 2.286612 0.349112
v -1.000001 2.250000 0.437500
v -0.875001 2.250000 0.437500
v -1.000001 2.286612 0.525888
v -0.875001 2.286612 0.525888
v -1.000001 2.375000 0.562500
v -0.875001 2.375000 0.562500
v -0.875001 2.750000 0.000000
v -1.125001 2.750000 0.000000
v -0.875001 2.750000 0.250000
v -1.125001 2.750000 0.250000
v -0.875001 1.750000 0.250000
v -0.875001 1.750000 0.000000
v -1.125001 1.750000 0.000000
v -1.125001 1.750000 0.250000
v -0.937501 2.500000 0.250000
v -1.062501 2.500000 0.250000
v -0.937501 2.500000 0.437500
v -1.062501 2.500000 0.437500
v -0.937501 2.250000 0.437500
v -1.062501 2.250000 0.437500
v -0.937501 2.250000 0.250000
v -1.062501 2.250000 0.250000
v -1.250001 2.625000 0.093750
v -1.250001 1.875000 0.093750
v -1.250001 2.625000 0.156250
v -1.250001 1.875000 0.156250
v -1.125001 2.625000 0.093750
v -1.125001 1.875000 0.093750
v -1.125001 2.625000 0.156250
v -1.125001 1.875000 0.156250
v -1.187501 2.562500 0.093750
v -1.187501 1.937500 0.093750
v -1.187501 2.562500 0.156250
v -1.187501 1.937500 0.156250
v -1.125001 2.562500 0.093750
v -1.125001 1.937500 0.093750
v -1.125001 2.562500 0.156250
v -1.125001 1.937500 0.156250
v -0.750000 2.625000 0.156250
v -0.750000 1.875000 0.156250
v -0.750000 2.625000 0.093750
v -0.750000 1.875000 0.093750
v -0.875000 2.625000 0.156250
v -0.875000 1.875000 0.156250
v -0.875000 2.625000 0.093750
v -0.875000 1.875000 0.093750
v -0.812500 2.562500 0.156250
v -0.812500 1.937500 0.156250
v -0.812500 2.562500 0.093750
v -0.812500 1.937500 0.093750
v -0.875000 2.562500 0.156250
v -0.875000 1.937500 0.156250
v -0.875000 2.562500 0.093750
v -0.875000 1.937500 0.093750
v -0.870001 1.875000 0.234375
v -0.870001 1.875000 0.171875
v -0.870001 2.250000 0.234375
v -0.870001 2.250000 0.171875
vt 0.833687 0.491813
vt 0.827273 0.496208
vt 0.820859 0.491813
vt 0.854526 0.481203
vt 0.845455 0.496208
vt 0.836383 0.481203
vt 0.927273 0.631579
vt 0.909091 0.601504
vt 0.927273 0.601504
vt 0.927273 0.451128
vt 0.909091 0.481203
vt 0.909091 0.451128
vt 0.963636 0.601504
vt 0.981818 0.481203
vt 0.981818 0.601504
vt 0.945455 0.481203
vt 0.945455 0.601504
vt 0.927273 0.481203
vt 0.963636 0.481203
vt 0.831818 0.578947
vt 0.822727 0.601504
vt 0.822727 0.578947
vt 0.831818 0.601504
vt 0.850000 0.616541
vt 0.831818 0.616541
vt 0.850000 0.601504
vt 0.859091 0.578947
vt 0.859091 0.601504
vt 0.850000 0.578947
vt 0.877273 0.578947
vt 0.877273 0.601504
vt 0.986364 0.406015
vt 0.990909 0.496241
vt 0.986364 0.496241
vt 0.990909 0.390977
vt 0.990909 0.406015
vt 0.990909 0.511278
vt 0.986364 0.511278
vt 1.000000 0.488722
vt 0.995455 0.413534
vt 1.000000 0.413534
vt 0.995455 0.390977
vt 1.000000 0.398496
vt 0.995455 0.398496
vt 1.000000 0.503759
vt 0.995455 0.511278
vt 0.995455 0.503759
vt 0.981818 0.503759
vt 0.995455 0.488722
vt 0.981818 0.413534
vt 0.986364 0.390977
vt 0.981818 0.398496
vt 0.981818 0.390977
vt 0.986364 0.406015
vt 0.990909 0.496241
vt 0.986364 0.496241
vt 0.990909 0.390977
vt 0.990909 0.406015
vt 0.986364 0.511278
vt 1.000000 0.488722
vt 0.995455 0.413534
vt 1.000000 0.413534
vt 0.995455 0.390977
vt 1.000000 0.398496
vt 0.995455 0.398496
vt 1.000000 0.511278
vt 0.995455 0.503759
vt 1.000000 0.503759
vt 0.981818 0.503759
vt 0.990909 0.511278
vt 0.995455 0.511278
vt 0.995455 0.488722
vt 0.981818 0.413534
vt 0.986364 0.390977
vt 0.981818 0.398496
vt 0.981818 0.390977
vt 0.272727 0.977444
vt 0.136364 0.939850
vt 0.272727 0.939850
vt 0.818202 0.481203
vt 0.833687 0.470593
vt 0.820859 0.470593
vt 0.827273 0.466198
vt 0.836344 0.481203
vt 0.845455 0.466198
vt 0.851869 0.470593
vt 0.851869 0.491813
vt 0.839040 0.491813
vt 0.839040 0.470593
vt 0.909091 0.631579
vt 1.000000 0.390977
vt 1.000000 0.511278
vt 0.981818 0.511278
vt 0.981818 0.488722
vt 1.000000 0.390977
vt 0.981818 0.511278
vt 0.981818 0.488722
vt 0.136364 0.977444
vt 0.863636 0.451128
vt 0.872727 0.466165
vt 0.863636 0.466165
vt 0.854545 0.451128
vt 0.854545 0.466165
vt 0.845455 0.451128
vt 0.845455 0.466165
vt 0.836364 0.451128
vt 0.836364 0.466165
vt 0.827273 0.451128
vt 0.827273 0.466165
vt 0.818182 0.451128
vt 0.818182 0.466165
vt 0.881818 0.451128
vt 0.890909 0.466165
vt 0.881818 0.466165
vt 0.872727 0.451128
vt 0.890909 0.451128
vn 1.0000 0.0000 0.0000
vn -1.0000 0.0000 0.0000
vn 0.0000 1.0000 0.0000
vn 0.0000 -1.0000 0.0000
vn 0.0000 0.0000 1.0000
vn -0.0000 0.0000 -1.0000
vn 0.0000 0.7071 0.7071
vn 0.0000 0.7071 -0.7071
vn 0.0000 -0.7071 -0.7071
vn 0.0000 -0.7071 0.7071
v 1.000000 2.463388 -0.525888
v 0.875000 2.463388 -0.525888
v 1.000000 2.500000 -0.437500
v 0.875000 2.500000 -0.437500
v 1.000000 2.463388 -0.349112
v 0.875000 2.463388 -0.349112
v 1.000000 2.375000 -0.312500
v 0.875000 2.375000 -0.312500
v 1.000000 2.286612 -0.349112
v 0.875000 2.286612 -0.349112
v 1.000000 2.250000 -0.437500
v 0.875000 2.250000 -0.437500
v 1.000000 2.286612 -0.525888
v 0.875000 2.286612 -0.525888
v 1.000000 2.375000 -0.562500
v 0.875000 2.375000 -0.562500
v 0.875000 2.750000 0.000000
v 1.125000 2.750000 0.000000
v 0.875000 2.750000 -0.250000
v 1.125000 2.750000 -0.250000
v 0.875000 1.750000 -0.250000
v 0.875000 1.750000 0.000000
v 1.125000 1.750000 0.000000
v 1.125000 1.750000 -0.250000
v 0.937500 2.500000 -0.250000
v 1.062500 2.500000 -0.250000
v 0.937500 2.500000 -0.437500
v 1.062500 2.500000 -0.437500
v 0.937500 2.250000 -0.437500
v 1.062500 2.250000 -0.437500
v 0.937500 2.250000 -0.250000
v 1.062500 2.250000 -0.250000
v 1.250000 2.625000 -0.093750
v 1.250000 1.875000 -0.093750
v 1.250000 2.625000 -0.156250
v 1.250000 1.875000 -0.156250
v 1.125000 2.625000 -0.093750
v 1.125000 1.875000 -0.093750
v 1.125000 2.625000 -0.156250
v 1.125000 1.875000 -0.156250
v 1.187500 2.562500 -0.093750
v 1.187500 1.937500 -0.093750
v 1.187500 2.562500 -0.156250
v 1.187500 1.937500 -0.156250
v 1.125000 2.562500 -0.093750
v 1.125000 1.937500 -0.093750
v 1.125000 2.562500 -0.156250
v 1.125000 1.937500 -0.156250
v 0.749999 2.625000 -0.156250
v 0.749999 1.875000 -0.156250
v 0.749999 2.625000 -0.093750
v 0.749999 1.875000 -0.093750
v 0.874999 2.625000 -0.156250
v 0.874999 1.875000 -0.156250
v 0.874999 2.625000 -0.093750
v 0.874999 1.875000 -0.093750
v 0.812499 2.562500 -0.156250
v 0.812499 1.937500 -0.156250
v 0.812499 2.562500 -0.093750
v 0.812499 1.937500 -0.093750
v 0.874999 2.562500 -0.156250
v 0.874999 1.937500 -0.156250
v 0.874999 2.562500 -0.093750
v 0.874999 1.937500 -0.093750
v 0.870000 1.875000 -0.234375
v 0.870000 1.875000 -0.171875
v 0.870000 2.250000 -0.234375
v 0.870000 2.250000 -0.171875
vt 0.827273 0.496208
vt 0.820859 0.491813
vt 0.833687 0.470593
vt 0.845455 0.496208
vt 0.836383 0.481203
vt 0.845455 0.466198
vt 0.927273 0.631579
vt 0.909091 0.601504
vt 0.927273 0.601504
vt 0.927273 0.451128
vt 0.909091 0.481203
vt 0.909091 0.451128
vt 0.963636 0.601504
vt 0.981818 0.481203
vt 0.981818 0.601504
vt 0.945455 0.481203
vt 0.945455 0.601504
vt 0.927273 0.481203
vt 0.963636 0.481203
vt 0.831818 0.578947
vt 0.822727 0.601504
vt 0.822727 0.578947
vt 0.831818 0.601504
vt 0.850000 0.616541
vt 0.831818 0.616541
vt 0.850000 0.601504
vt 0.859091 0.578947
vt 0.859091 0.601504
vt 0.850000 0.578947
vt 0.877273 0.578947
vt 0.877273 0.601504
vt 0.986364 0.406015
vt 0.990909 0.496241
vt 0.986364 0.496241
vt 0.990909 0.390977
vt 0.990909 0.406015
vt 0.986364 0.511278
vt 1.000000 0.488722
vt 0.995455 0.413534
vt 1.000000 0.413534
vt 0.995455 0.390977
vt 1.000000 0.398496
vt 0.995455 0.398496
vt 1.000000 0.511278
vt 0.995455 0.503759
vt 1.000000 0.503759
vt 0.981818 0.503759
vt 0.990909 0.511278
vt 0.995455 0.511278
vt 0.995455 0.488722
vt 0.981818 0.413534
vt 0.986364 0.390977
vt 0.981818 0.398496
vt 0.981818 0.390977
vt 0.986364 0.406015
vt 0.990909 0.496241
vt 0.986364 0.496241
vt 0.990909 0.390977
vt 0.990909 0.406015
vt 0.986364 0.511278
vt 1.000000 0.488722
vt 0.995455 0.413534
vt 1.000000 0.413534
vt 0.995455 0.390977
vt 1.000000 0.398496
vt 0.995455 0.398496
vt 1.000000 0.511278
vt 0.995455 0.503759
vt 1.000000 0.503759
vt 0.981818 0.503759
vt 0.990909 0.511278
vt 0.995455 0.511278
vt 0.995455 0.488722
vt 0.981818 0.413534
vt 0.986364 0.390977
vt 0.981818 0.398496
vt 0.981818 0.390977
vt 0.272727 0.939850
vt 0.136364 0.902256
vt 0.272727 0.902256
vt 0.818202 0.481203
vt 0.820859 0.470593
vt 0.827273 0.466198
vt 0.836344 0.481203
vt 0.833687 0.491813
vt 0.851869 0.470593
vt 0.854526 0.481203
vt 0.851869 0.491813
vt 0.839040 0.491813
vt 0.839040 0.470593
vt 0.909091 0.631579
vt 1.000000 0.390977
vt 0.981818 0.511278
vt 0.981818 0.488722
vt 1.000000 0.390977
vt 0.981818 0.511278
vt 0.981818 0.488722
vt 0.136364 0.939850
vt 0.863636 0.451128
vt 0.872727 0.466165
vt 0.863636 0.466165
vt 0.854545 0.451128
vt 0.854545 0.466165
vt 0.845455 0.451128
vt 0.845455 0.466165
vt 0.836364 0.451128
vt 0.836364 0.466165
vt 0.827273 0.451128
vt 0.827273 0.466165
vt 0.818182 0.451128
vt 0.818182 0.466165
vt 0.881818 0.451128
vt 0.890909 0.466165
vt 0.881818 0.466165
vt 0.872727 0.451128
vt 0.890909 0.451128
vn -1.0000 0.0000 0.0000
vn 1.0000 0.0000 0.0000
vn 0.0000 1.0000 0.0000
vn 0.0000 -1.0000 0.0000
vn 0.0000 0.0000 -1.0000
vn 0.0000 0.0000 1.0000
vn 0.0000 0.7071 -0.7071
vn 0.0000 0.7071 0.7071
vn 0.0000 -0.7071 0.7071
vn 0.0000 -0.7071 -0.7071
v -0.937501 2.875000 0.062500
v -1.062501 2.875000 0.062500
v -0.937501 2.875000 0.187500
v -1.062501 2.875000 0.187500
v -0.937501 1.625000 0.187500
v -0.937501 1.625000 0.062500
v -1.062501 1.625000 0.062500
v -1.062501 1.625000 0.187500
v -1.000001 1.375000 0.125000
vt 0.872727 0.796992
vt 0.881818 0.781955
vt 0.881818 0.796992
vt 0.900000 0.781955
vt 0.909091 0.631579
vt 0.909091 0.781955
vt 0.890909 0.631579
vt 0.890909 0.781955
vt 0.872727 0.781955
vt 0.881818 0.631579
vt 0.900000 0.631579
vt 0.886364 0.601504
vt 0.872727 0.631579
vt 0.877273 0.601504
vt 0.904545 0.601504
vt 0.895455 0.601504
vn 0.0000 1.0000 0.0000
vn -1.0000 0.0000 0.0000
vn 1.0000 0.0000 0.0000
vn 0.0000 0.0000 1.0000
vn 0.0000 0.0000 -1.0000
vn 0.9701 -0.2425 0.0000
vn 0.0000 -0.2425 0.9701
vn -0.9701 -0.2425 0.0000
vn 0.0000 -0.2425 -0.9701
v 0.937500 2.875000 -0.062500
v 1.062500 2.875000 -0.062500
v 0.937500 2.875000 -0.187500
v 1.062500 2.875000 -0.187500
v 0.937500 1.625000 -0.187500
v 0.937500 1.625000 -0.062500
v 1.062500 1.625000 -0.062500
v 1.062500 1.625000 -0.187500
v 1.000000 1.375000 -0.125000
vt 0.872727 0.796992
vt 0.881818 0.781955
vt 0.881818 0.796992
vt 0.900000 0.781955
vt 0.909091 0.631579
vt 0.909091 0.781955
vt 0.890909 0.631579
vt 0.890909 0.781955
vt 0.872727 0.781955
vt 0.881818 0.631579
vt 0.900000 0.631579
vt 0.886364 0.601504
vt 0.872727 0.631579
vt 0.877273 0.601504
vt 0.904545 0.601504
vt 0.895455 0.601504
vn 0.0000 1.0000 0.0000
vn 1.0000 0.0000 0.0000
vn -1.0000 0.0000 0.0000
vn 0.0000 0.0000 -1.0000
vn 0.0000 0.0000 1.0000
vn -0.9701 -0.2425 0.0000
vn 0.0000 -0.2425 -0.9701
vn 0.9701 -0.2425 0.0000
vn 0.0000 -0.2425 0.9701
v 2.500000 0.250000 2.500000
v 2.500000 0.250000 2.375000
v 2.500000 2.750000 2.500000
v 2.500000 2.750000 2.375000
v 2.375000 0.250000 2.500000
v 2.375000 0.250000 2.375000
v 2.375000 2.750000 2.500000
v 2.375000 2.750000 2.375000
v 2.500000 0.250000 -2.375000
v 2.500000 0.250000 -2.500000
v 2.500000 2.750000 -2.375000
v 2.500000 2.750000 -2.500000
v 2.375000 0.250000 -2.375000
v 2.375000 0.250000 -2.500000
v 2.375000 2.750000 -2.375000
v 2.375000 2.750000 -2.500000
v -2.375000 0.250000 2.500000
v -2.375000 0.250000 2.375000
v -2.375000 2.750000 2.500000
v -2.375000 2.750000 2.375000
v -2.500000 0.250000 2.500000
v -2.500000 0.250000 2.375000
v -2.500000 2.750000 2.500000
v -2.500000 2.750000 2.375000
v -2.375000 0.250000 -2.375000
v -2.375000 0.250000 -2.500000
v -2.375000 2.750000 -2.375000
v -2.375000 2.750000 -2.500000
v -2.500000 0.250000 -2.375000
v -2.500000 0.250000 -2.500000
v -2.500000 2.750000 -2.375000
v -2.500000 2.750000 -2.500000
v -2.500000 2.750000 2.500000
v -2.250000 2.750000 2.500000
v -2.500000 2.750000 2.250000
v -2.250000 2.750000 2.250000
v -2.500000 3.000000 2.500000
v -2.250000 3.000000 2.500000
v -2.500000 3.000000 2.250000
v -2.250000 3.000000 2.250000
v 2.250000 2.750000 2.500000
v 2.500000 2.750000 2.500000
v 2.250000 2.750000 2.250000
v 2.500000 2.750000 2.250000
v 2.250000 3.000000 2.500000
v 2.500000 3.000000 2.500000
v 2.250000 3.000000 2.250000
v 2.500000 3.000000 2.250000
v -2.500000 2.750000 -2.250000
v -2.250000 2.750000 -2.250000
v -2.500000 2.750000 -2.500000
v -2.250000 2.750000 -2.500000
v -2.500000 3.000000 -2.250000
v -2.250000 3.000000 -2.250000
v -2.500000 3.000000 -2.500000
v -2.250000 3.000000 -2.500000
v 2.250000 2.750000 -2.250000
v 2.500000 2.750000 -2.250000
v 2.250000 2.750000 -2.500000
v 2.500000 2.750000 -2.500000
v 2.250000 3.000000 -2.250000
v 2.500000 3.000000 -2.250000
v 2.250000 3.000000 -2.500000
v 2.500000 3.000000 -2.500000
v 2.250000 2.875000 2.375000
v -2.250000 2.875000 2.375000
v 2.250000 2.875000 2.500000
v -2.250000 2.875000 2.500000
v -2.250000 3.000000 2.375000
v 2.250000 3.000000 2.375000
v 2.250000 3.000000 2.500000
v -2.250000 3.000000 2.500000
v 2.250000 2.875000 -2.375000
v -2.250000 2.875000 -2.375000
v -2.250000 2.875000 -2.500000
v 2.250000 2.875000 -2.500000
v 2.250000 3.000000 -2.375000
v -2.250000 3.000000 -2.375000
v -2.250000 3.000000 -2.500000
v 2.250000 3.000000 -2.500000
v 2.375000 2.875000 2.250000
v 2.375000 2.875000 -2.250000
v 2.500000 2.875000 -2.250000
v 2.500000 2.875000 2.250000
v 2.375000 3.000000 2.250000
v 2.375000 3.000000 -2.250000
v 2.500000 3.000000 -2.250000
v 2.500000 3.000000 2.250000
v -2.375000 2.875000 -2.250000
v -2.375000 2.875000 2.250000
v -2.500000 2.875000 2.250000
v -2.500000 2.875000 -2.250000
v -2.375000 3.000000 -2.250000
v -2.375000 3.000000 2.250000
v -2.500000 3.000000 2.250000
v -2.500000 3.000000 -2.250000
vt 0.181818 0.827068
vt -0.000000 0.812030
vt 0.181818 0.812030
vt 0.181818 0.796992
vt -0.000000 0.842105
vt -0.000000 0.827068
vt -0.000000 0.781955
vt 0.181818 0.781955
vt 0.181818 0.812030
vt -0.000000 0.796992
vt 0.181818 0.796992
vt 0.181818 0.781955
vt -0.000000 0.827068
vt -0.000000 0.812030
vt 0.181818 0.842105
vt 0.181818 0.827068
vt 0.181818 0.842105
vt -0.000000 0.827068
vt 0.181818 0.827068
vt 0.181818 0.812030
vt 0.181818 0.781955
vt -0.000000 0.796992
vt -0.000000 0.781955
vt 0.181818 0.796992
vt 0.181818 0.796992
vt -0.000000 0.781955
vt 0.181818 0.781955
vt -0.000000 0.842105
vt 0.181818 0.827068
vt 0.181818 0.842105
vt -0.000000 0.812030
vt -0.000000 0.796992
vt 0.181818 0.812030
vt 0.400000 0.601504
vt 0.418182 0.631579
vt 0.400000 0.631579
vt 0.418182 0.661654
vt 0.400000 0.691729
vt 0.400000 0.661654
vt 0.454545 0.631579
vt 0.436364 0.661654
vt 0.436364 0.631579
vt 0.472727 0.631579
vt 0.454545 0.661654
vt 0.400000 0.601504
vt 0.418182 0.631579
vt 0.400000 0.631579
vt 0.418182 0.661654
vt 0.400000 0.691729
vt 0.400000 0.661654
vt 0.454545 0.631579
vt 0.436364 0.661654
vt 0.436364 0.631579
vt 0.472727 0.631579
vt 0.454545 0.661654
vt 0.400000 0.601504
vt 0.418182 0.631579
vt 0.400000 0.631579
vt 0.418182 0.661654
vt 0.400000 0.691729
vt 0.400000 0.661654
vt 0.454545 0.631579
vt 0.436364 0.661654
vt 0.436364 0.631579
vt 0.472727 0.631579
vt 0.454545 0.661654
vt 0.400000 0.601504
vt 0.418182 0.631579
vt 0.400000 0.631579
vt 0.418182 0.661654
vt 0.400000 0.691729
vt 0.400000 0.661654
vt 0.454545 0.631579
vt 0.436364 0.661654
vt 0.436364 0.631579
vt 0.472727 0.631579
vt 0.454545 0.661654
vt -0.000000 0.721804
vt 0.327273 0.736842
vt -0.000000 0.736842
vt 0.327273 0.751880
vt -0.000000 0.766917
vt 0.327273 0.781955
vt -0.000000 0.781955
vt -0.000000 0.751880
vt 0.327273 0.766917
vt -0.000000 0.721804
vt 0.327273 0.736842
vt -0.000000 0.736842
vt 0.327273 0.751880
vt -0.000000 0.766917
vt 0.327273 0.781955
vt -0.000000 0.781955
vt -0.000000 0.751880
vt 0.327273 0.766917
vt -0.000000 0.721804
vt 0.327273 0.736842
vt -0.000000 0.736842
vt 0.327273 0.751880
vt -0.000000 0.766917
vt 0.327273 0.781955
vt -0.000000 0.781955
vt -0.000000 0.751880
vt 0.327273 0.766917
vt -0.000000 0.721804
vt 0.327273 0.736842
vt -0.000000 0.736842
vt 0.327273 0.751880
vt -0.000000 0.766917
vt 0.327273 0.781955
vt -0.000000 0.781955
vt -0.000000 0.751880
vt 0.327273 0.766917
vt -0.000000 0.796992
vt 0.181818 0.842105
vt -0.000000 0.781955
vt -0.000000 0.842105
vt -0.000000 0.842105
vt -0.000000 0.812030
vt -0.000000 0.827068
vt 0.418182 0.601504
vt 0.418182 0.691729
vt 0.472727 0.661654
vt 0.418182 0.601504
vt 0.418182 0.691729
vt 0.472727 0.661654
vt 0.418182 0.601504
vt 0.418182 0.691729
vt 0.472727 0.661654
vt 0.418182 0.601504
vt 0.418182 0.691729
vt 0.472727 0.661654
vt 0.327273 0.721804
vt 0.327273 0.721804
vt 0.327273 0.721804
vt 0.327273 0.721804
vn 1.0000 0.0000 0.0000
vn 0.0000 0.0000 1.0000
vn 0.0000 0.0000 -1.0000
vn -1.0000 0.0000 0.0000
vn 0.0000 -1.0000 0.0000
vn 0.0000 1.0000 0.0000
v 2.250000 0.000000 2.375000
v -2.250000 0.000000 2.375000
v 2.250000 0.000000 2.500000
v -2.250000 0.000000 2.500000
v -2.500000 0.000000 2.500000
v -2.250000 0.000000 2.500000
v -2.500000 0.000000 2.250000
v -2.250000 0.000000 2.250000
v -2.500000 0.250000 2.500000
v -2.250000 0.250000 2.500000
v -2.500000 0.250000 2.250000
v -2.250000 0.250000 2.250000
v 2.250000 0.000000 2.500000
v 2.500000 0.000000 2.500000
v 2.250000 0.000000 2.250000
v 2.500000 0.000000 2.250000
v 2.250000 0.250000 2.500000
v 2.500000 0.250000 2.500000
v 2.250000 0.250000 2.250000
v 2.500000 0.250000 2.250000
v -2.500000 0.000000 -2.250000
v -2.250000 0.000000 -2.250000
v -2.500000 0.000000 -2.500000
v -2.250000 0.000000 -2.500000
v -2.500000 0.250000 -2.250000
v -2.250000 0.250000 -2.250000
v -2.500000 0.250000 -2.500000
v -2.250000 0.250000 -2.500000
v 2.250000 0.000000 -2.250000
v 2.500000 0.000000 -2.250000
v 2.250000 0.000000 -2.500000
v 2.500000 0.000000 -2.500000
v 2.250000 0.250000 -2.250000
v 2.500000 0.250000 -2.250000
v 2.250000 0.250000 -2.500000
v 2.500000 0.250000 -2.500000
v -2.250000 0.125000 2.375000
v 2.250000 0.125000 2.375000
v 2.250000 0.125000 2.500000
v -2.250000 0.125000 2.500000
v 2.250000 0.000000 -2.375000
v -2.250000 0.000000 -2.375000
v -2.250000 0.000000 -2.500000
v 2.250000 0.000000 -2.500000
v 2.250000 0.125000 -2.375000
v -2.250000 0.125000 -2.375000
v -2.250000 0.125000 -2.500000
v 2.250000 0.125000 -2.500000
v 2.375000 0.000000 2.250000
v 2.375000 0.000000 -2.250000
v 2.500000 0.000000 -2.250000
v 2.500000 0.000000 2.250000
v 2.375000 0.125000 2.250000
v 2.375000 0.125000 -2.250000
v 2.500000 0.125000 -2.250000
v 2.500000 0.125000 2.250000
v -2.375000 0.000000 -2.250000
v -2.375000 0.000000 2.250000
v -2.500000 0.000000 2.250000
v -2.500000 0.000000 -2.250000
v -2.375000 0.125000 -2.250000
v -2.375000 0.125000 2.250000
v -2.500000 0.125000 2.250000
v -2.500000 0.125000 -2.250000
v -1.875000 0.250000 -2.500000
v -1.875000 0.250000 2.500000
v -2.125000 0.250000 2.500000
v -2.125000 0.250000 -2.500000
v -1.875000 0.125000 -2.500000
v -2.125000 0.125000 -2.500000
v -1.875000 0.125000 2.500000
v -2.125000 0.125000 2.500000
v 0.125000 0.250000 -2.500000
v 0.125000 0.250000 2.500000
v -0.125000 0.250000 2.500000
v -0.125000 0.250000 -2.500000
v 0.125000 0.125000 -2.500000
v -0.125000 0.125000 -2.500000
v 0.125000 0.125000 2.500000
v -0.125000 0.125000 2.500000
v -1.125000 0.125000 2.500000
v -0.875000 0.125000 2.500000
v -1.125000 0.125000 -2.500000
v -0.875000 0.125000 -2.500000
v -1.125000 0.250000 -2.500000
v -1.125000 0.250000 2.500000
v -0.875000 0.250000 2.500000
v -0.875000 0.250000 -2.500000
v 1.125000 0.250000 -2.500000
v 1.125000 0.250000 2.500000
v 0.875000 0.250000 2.500000
v 0.875000 0.250000 -2.500000
v 1.125000 0.125000 -2.500000
v 0.875000 0.125000 -2.500000
v 1.125000 0.125000 2.500000
v 0.875000 0.125000 2.500000
v 1.875000 0.125000 2.500000
v 2.125000 0.125000 2.500000
v 1.875000 0.125000 -2.500000
v 2.125000 0.125000 -2.500000
v 1.875000 0.250000 -2.500000
v 1.875000 0.250000 2.500000
v 2.125000 0.250000 2.500000
v 2.125000 0.250000 -2.500000
v 2.500000 0.312500 -0.187500
v 2.500000 0.312500 0.187500
v 2.500000 0.687500 -0.187500
v 2.500000 0.687500 0.187500
v 2.375000 0.625000 -0.125000
v 2.375000 0.375000 -0.125000
v 2.375000 0.375000 0.125000
v 2.375000 0.625000 0.125000
v 2.375000 0.687500 -0.187500
v 2.375000 0.312500 -0.187500
v 2.375000 0.312500 0.187500
v 2.375000 0.687500 0.187500
v 2.250000 0.625000 -0.125000
v 2.250000 0.375000 -0.125000
v 2.250000 0.375000 0.125000
v 2.250000 0.625000 0.125000
v -2.250000 0.250000 0.750000
v -2.250000 0.250000 2.250000
v 2.250000 0.250000 0.750000
v 2.250000 0.250000 2.250000
v 2.250000 0.750000 0.750000
v -2.250000 0.750000 0.750000
v -2.250000 0.750000 2.250000
v 2.250000 0.750000 2.250000
v -2.250000 0.250000 -2.250000
v -2.250000 0.250000 -0.750000
v 2.250000 0.250000 -2.250000
v 2.250000 0.250000 -0.750000
v 2.250000 0.750000 -2.250000
v -2.250000 0.750000 -2.250000
v -2.250000 0.750000 -0.750000
v 2.250000 0.750000 -0.750000
v 2.500000 0.312500 0.812500
v 2.500000 0.312500 1.187500
v 2.500000 0.687500 0.812500
v 2.500000 0.687500 1.187500
v 2.375000 0.625000 0.875000
v 2.375000 0.375000 0.875000
v 2.375000 0.375000 1.125000
v 2.375000 0.625000 1.125000
v 2.375000 0.687500 0.812500
v 2.375000 0.312500 0.812500
v 2.375000 0.312500 1.187500
v 2.375000 0.687500 1.187500
v 2.250000 0.625000 0.875000
v 2.250000 0.375000 0.875000
v 2.250000 0.375000 1.125000
v 2.250000 0.625000 1.125000
v 2.500000 0.312500 1.812500
v 2.500000 0.312500 2.187500
v 2.500000 0.687500 1.812500
v 2.500000 0.687500 2.187500
v 2.375000 0.625000 1.875000
v 2.375000 0.375000 1.875000
v 2.375000 0.375000 2.125000
v 2.375000 0.625000 2.125000
v 2.375000 0.687500 1.812500
v 2.375000 0.312500 1.812500
v 2.375000 0.312500 2.187500
v 2.375000 0.687500 2.187500
v 2.250000 0.625000 1.875000
v 2.250000 0.375000 1.875000
v 2.250000 0.375000 2.125000
v 2.250000 0.625000 2.125000
v 2.500000 0.312500 -2.187500
v 2.500000 0.312500 -1.812500
v 2.500000 0.687500 -2.187500
v 2.500000 0.687500 -1.812500
v 2.375000 0.625000 -2.125000
v 2.375000 0.375000 -2.125000
v 2.375000 0.375000 -1.875000
v 2.375000 0.625000 -1.875000
v 2.375000 0.687500 -2.187500
v 2.375000 0.312500 -2.187500
v 2.375000 0.312500 -1.812500
v 2.375000 0.687500 -1.812500
v 2.250000 0.625000 -2.125000
v 2.250000 0.375000 -2.125000
v 2.250000 0.375000 -1.875000
v 2.250000 0.625000 -1.875000
v 2.500000 0.312500 -1.187500
v 2.500000 0.312500 -0.812500
v 2.500000 0.687500 -1.187500
v 2.500000 0.687500 -0.812500
v 2.375000 0.625000 -1.125000
v 2.375000 0.375000 -1.125000
v 2.375000 0.375000 -0.875000
v 2.375000 0.625000 -0.875000
v 2.375000 0.687500 -1.187500
v 2.375000 0.312500 -1.187500
v 2.375000 0.312500 -0.812500
v 2.375000 0.687500 -0.812500
v 2.250000 0.625000 -1.125000
v 2.250000 0.375000 -1.125000
v 2.250000 0.375000 -0.875000
v 2.250000 0.625000 -0.875000
v -2.500000 0.312500 0.187500
v -2.500000 0.312500 -0.187500
v -2.500000 0.687500 0.187500
v -2.500000 0.687500 -0.187500
v -2.375000 0.625000 0.125000
v -2.375000 0.375000 0.125000
v -2.375000 0.375000 -0.125000
v -2.375000 0.625000 -0.125000
v -2.375000 0.687500 0.187500
v -2.375000 0.312500 0.187500
v -2.375000 0.312500 -0.187500
v -2.375000 0.687500 -0.187500
v -2.250000 0.625000 0.125000
v -2.250000 0.375000 0.125000
v -2.250000 0.375000 -0.125000
v -2.250000 0.625000 -0.125000
v -2.500000 0.312500 -0.812500
v -2.500000 0.312500 -1.187500
v -2.500000 0.687500 -0.812500
v -2.500000 0.687500 -1.187500
v -2.375000 0.625000 -0.875000
v -2.375000 0.375000 -0.875000
v -2.375000 0.375000 -1.125000
v -2.375000 0.625000 -1.125000
v -2.375000 0.687500 -0.812500
v -2.375000 0.312500 -0.812500
v -2.375000 0.312500 -1.187500
v -2.375000 0.687500 -1.187500
v -2.250000 0.625000 -0.875000
v -2.250000 0.375000 -0.875000
v -2.250000 0.375000 -1.125000
v -2.250000 0.625000 -1.125000
v -2.500000 0.312500 -1.812500
v -2.500000 0.312500 -2.187500
v -2.500000 0.687500 -1.812500
v -2.500000 0.687500 -2.187500
v -2.375000 0.625000 -1.875000
v -2.375000 0.375000 -1.875000
v -2.375000 0.375000 -2.125000
v -2.375000 0.625000 -2.125000
v -2.375000 0.687500 -1.812500
v -2.375000 0.312500 -1.812500
v -2.375000 0.312500 -2.187500
v -2.375000 0.687500 -2.187500
v -2.250000 0.625000 -1.875000
v -2.250000 0.375000 -1.875000
v -2.250000 0.375000 -2.125000
v -2.250000 0.625000 -2.125000
v -2.500000 0.312500 2.187500
v -2.500000 0.312500 1.812500
v -2.500000 0.687500 2.187500
v -2.500000 0.687500 1.812500
v -2.375000 0.625000 2.125000
v -2.375000 0.375000 2.125000
v -2.375000 0.375000 1.875000
v -2.375000 0.625000 1.875000
v -2.375000 0.687500 2.187500
v -2.375000 0.312500 2.187500
v -2.375000 0.312500 1.812500
v -2.375000 0.687500 1.812500
v -2.250000 0.625000 2.125000
v -2.250000 0.375000 2.125000
v -2.250000 0.375000 1.875000
v -2.250000 0.625000 1.875000
v -2.500000 0.312500 1.187500
v -2.500000 0.312500 0.812500
v -2.500000 0.687500 1.187500
v -2.500000 0.687500 0.812500
v -2.375000 0.625000 1.125000
v -2.375000 0.375000 1.125000
v -2.375000 0.375000 0.875000
v -2.375000 0.625000 0.875000
v -2.375000 0.687500 1.187500
v -2.375000 0.312500 1.187500
v -2.375000 0.312500 0.812500
v -2.375000 0.687500 0.812500
v -2.250000 0.625000 1.125000
v -2.250000 0.375000 1.125000
v -2.250000 0.375000 0.875000
v -2.250000 0.625000 0.875000
v -0.187500 0.312500 -2.500000
v 0.187500 0.312500 -2.500000
v -0.187500 0.687500 -2.500000
v 0.187500 0.687500 -2.500000
v -0.125000 0.625000 -2.375000
v -0.125000 0.375000 -2.375000
v 0.125000 0.375000 -2.375000
v 0.125000 0.625000 -2.375000
v -0.187500 0.687500 -2.375000
v -0.187500 0.312500 -2.375000
v 0.187500 0.312500 -2.375000
v 0.187500 0.687500 -2.375000
v -0.125000 0.625000 -2.250000
v -0.125000 0.375000 -2.250000
v 0.125000 0.375000 -2.250000
v 0.125000 0.625000 -2.250000
v 0.812500 0.312500 -2.500000
v 1.187500 0.312500 -2.500000
v 0.812500 0.687500 -2.500000
v 1.187500 0.687500 -2.500000
v 0.875000 0.625000 -2.375000
v 0.875000 0.375000 -2.375000
v 1.125000 0.375000 -2.375000
v 1.125000 0.625000 -2.375000
v 0.812500 0.687500 -2.375000
v 0.812500 0.312500 -2.375000
v 1.187500 0.312500 -2.375000
v 1.187500 0.687500 -2.375000
v 0.875000 0.625000 -2.250000
v 0.875000 0.375000 -2.250000
v 1.125000 0.375000 -2.250000
v 1.125000 0.625000 -2.250000
v 1.812500 0.312500 -2.500000
v 2.187500 0.312500 -2.500000
v 1.812500 0.687500 -2.500000
v 2.187500 0.687500 -2.500000
v 1.875000 0.625000 -2.375000
v 1.875000 0.375000 -2.375000
v 2.125000 0.375000 -2.375000
v 2.125000 0.625000 -2.375000
v 1.812500 0.687500 -2.375000
v 1.812500 0.312500 -2.375000
v 2.187500 0.312500 -2.375000
v 2.187500 0.687500 -2.375000
v 1.875000 0.625000 -2.250000
v 1.875000 0.375000 -2.250000
v 2.125000 0.375000 -2.250000
v 2.125000 0.625000 -2.250000
v -2.187500 0.312500 -2.500000
v -1.812500 0.312500 -2.500000
v -2.187500 0.687500 -2.500000
v -1.812500 0.687500 -2.500000
v -2.125000 0.625000 -2.375000
v -2.125000 0.375000 -2.375000
v -1.875000 0.375000 -2.375000
v -1.875000 0.625000 -2.375000
v -2.187500 0.687500 -2.375000
v -2.187500 0.312500 -2.375000
v -1.812500 0.312500 -2.375000
v -1.812500 0.687500 -2.375000
v -2.125000 0.625000 -2.250000
v -2.125000 0.375000 -2.250000
v -1.875000 0.375000 -2.250000
v -1.875000 0.625000 -2.250000
v -1.187500 0.312500 -2.500000
v -0.812500 0.312500 -2.500000
v -1.187500 0.687500 -2.500000
v -0.812500 0.687500 -2.500000
v -1.125000 0.625000 -2.375000
v -1.125000 0.375000 -2.375000
v -0.875000 0.375000 -2.375000
v -0.875000 0.625000 -2.375000
v -1.187500 0.687500 -2.375000
v -1.187500 0.312500 -2.375000
v -0.812500 0.312500 -2.375000
v -0.812500 0.687500 -2.375000
v -1.125000 0.625000 -2.250000
v -1.125000 0.375000 -2.250000
v -0.875000 0.375000 -2.250000
v -0.875000 0.625000 -2.250000
v 0.187500 0.312500 2.500000
v -0.187500 0.312500 2.500000
v 0.187500 0.687500 2.500000
v -0.187500 0.687500 2.500000
v 0.125000 0.625000 2.375000
v 0.125000 0.375000 2.375000
v -0.125000 0.375000 2.375000
v -0.125000 0.625000 2.375000
v 0.187500 0.687500 2.375000
v 0.187500 0.312500 2.375000
v -0.187500 0.312500 2.375000
v -0.187500 0.687500 2.375000
v 0.125000 0.625000 2.250000
v 0.125000 0.375000 2.250000
v -0.125000 0.375000 2.250000
v -0.125000 0.625000 2.250000
v -0.812500 0.312500 2.500000
v -1.187500 0.312500 2.500000
v -0.812500 0.687500 2.500000
v -1.187500 0.687500 2.500000
v -0.875000 0.625000 2.375000
v -0.875000 0.375000 2.375000
v -1.125000 0.375000 2.375000
v -1.125000 0.625000 2.375000
v -0.812500 0.687500 2.375000
v -0.812500 0.312500 2.375000
v -1.187500 0.312500 2.375000
v -1.187500 0.687500 2.375000
v -0.875000 0.625000 2.250000
v -0.875000 0.375000 2.250000
v -1.125000 0.375000 2.250000
v -1.125000 0.625000 2.250000
v -1.812500 0.312500 2.500000
v -2.187500 0.312500 2.500000
v -1.812500 0.687500 2.500000
v -2.187500 0.687500 2.500000
v -1.875000 0.625000 2.375000
v -1.875000 0.375000 2.375000
v -2.125000 0.375000 2.375000
v -2.125000 0.625000 2.375000
v -1.812500 0.687500 2.375000
v -1.812500 0.312500 2.375000
v -2.187500 0.312500 2.375000
v -2.187500 0.687500 2.375000
v -1.875000 0.625000 2.250000
v -1.875000 0.375000 2.250000
v -2.125000 0.375000 2.250000
v -2.125000 0.625000 2.250000
v 2.187500 0.312500 2.500000
v 1.812500 0.312500 2.500000
v 2.187500 0.687500 2.500000
v 1.812500 0.687500 2.500000
v 2.125000 0.625000 2.375000
v 2.125000 0.375000 2.375000
v 1.875000 0.375000 2.375000
v 1.875000 0.625000 2.375000
v 2.187500 0.687500 2.375000
v 2.187500 0.312500 2.375000
v 1.812500 0.312500 2.375000
v 1.812500 0.687500 2.375000
v 2.125000 0.625000 2.250000
v 2.125000 0.375000 2.250000
v 1.875000 0.375000 2.250000
v 1.875000 0.625000 2.250000
v 1.187500 0.312500 2.500000
v 0.812500 0.312500 2.500000
v 1.187500 0.687500 2.500000
v 0.812500 0.687500 2.500000
v 1.125000 0.625000 2.375000
v 1.125000 0.375000 2.375000
v 0.875000 0.375000 2.375000
v 0.875000 0.625000 2.375000
v 1.187500 0.687500 2.375000
v 1.187500 0.312500 2.375000
v 0.812500 0.312500 2.375000
v 0.812500 0.687500 2.375000
v 1.125000 0.625000 2.250000
v 1.125000 0.375000 2.250000
v 0.875000 0.375000 2.250000
v 0.875000 0.625000 2.250000
v 0.125000 1.000000 0.375000
v 0.875000 1.000000 0.375000
v 0.125000 1.000000 -0.375000
v 0.875000 1.000000 -0.375000
v 0.250000 0.875000 -0.250000
v 0.250000 0.875000 0.250000
v 0.750000 0.875000 0.250000
v 0.750000 0.875000 -0.250000
v 1.312500 0.750000 -1.062500
v 1.687500 0.750000 -1.062500
v 1.312500 0.750000 -1.437500
v 1.687500 0.750000 -1.437500
v 1.625000 1.062500 -1.375000
v 1.375000 1.062500 -1.375000
v 1.625000 1.062500 -1.125000
v 1.375000 1.062500 -1.125000
v 1.375000 1.062500 1.375000
v 1.625000 1.062500 1.375000
v 1.375000 1.062500 1.125000
v 1.625000 1.062500 1.125000
v 1.687500 0.750000 1.062500
v 1.312500 0.750000 1.062500
v 1.687500 0.750000 1.437500
v 1.312500 0.750000 1.437500
v -1.687500 0.750000 -1.062500
v -1.312500 0.750000 -1.062500
v -1.687500 0.750000 -1.437500
v -1.312500 0.750000 -1.437500
v -1.375000 1.062500 -1.375000
v -1.625000 1.062500 -1.375000
v -1.375000 1.062500 -1.125000
v -1.625000 1.062500 -1.125000
v -1.625000 1.062500 1.375000
v -1.375000 1.062500 1.375000
v -1.625000 1.062500 1.125000
v -1.375000 1.062500 1.125000
v -1.312500 0.750000 1.062500
v -1.687500 0.750000 1.062500
v -1.312500 0.750000 1.437500
v -1.687500 0.750000 1.437500
v 0.125000 0.875000 -0.375000
v 0.125000 0.875000 0.375000
v 0.875000 0.875000 0.375000
v 0.875000 0.875000 -0.375000
v 0.250000 0.750000 -0.250000
v 0.250000 0.750000 0.250000
v 0.750000 0.750000 0.250000
v 0.750000 0.750000 -0.250000
v -2.250000 0.500000 0.250000
v 2.250000 0.500000 0.250000
v -2.250000 0.323223 0.323223
v 2.250000 0.323223 0.323223
v -2.250000 0.250000 0.500000
v 2.250000 0.250000 0.500000
v -2.250000 0.323223 0.676777
v 2.250000 0.323223 0.676777
v -2.250000 0.500000 0.750000
v 2.250000 0.500000 0.750000
v -2.250000 0.676777 0.676777
v 2.250000 0.676777 0.676777
v -2.250000 0.750000 0.500000
v 2.250000 0.750000 0.500000
v -2.250000 0.676777 0.323223
v 2.250000 0.676777 0.323223
v -1.687500 1.000000 -1.437500
v -1.687500 1.000000 -1.062500
v -1.312500 1.000000 -1.062500
v -1.312500 1.000000 -1.437500
v 1.687500 1.000000 -1.437500
v 1.312500 1.000000 -1.437500
v 1.687500 1.000000 -1.062500
v 1.312500 1.000000 -1.062500
v 1.312500 1.000000 1.062500
v 1.312500 1.000000 1.437500
v 1.687500 1.000000 1.437500
v 1.687500 1.000000 1.062500
v -1.687500 1.000000 1.062500
v -1.687500 1.000000 1.437500
v -1.312500 1.000000 1.437500
v -1.312500 1.000000 1.062500
v 1.125000 1.000000 0.375000
v 1.875000 1.000000 0.375000
v 1.125000 1.000000 -0.375000
v 1.875000 1.000000 -0.375000
v 1.250000 0.875000 -0.250000
v 1.250000 0.875000 0.250000
v 1.750000 0.875000 0.250000
v 1.750000 0.875000 -0.250000
v 1.125000 0.875000 -0.375000
v 1.125000 0.875000 0.375000
v 1.875000 0.875000 0.375000
v 1.875000 0.875000 -0.375000
v 1.250000 0.750000 -0.250000
v 1.250000 0.750000 0.250000
v 1.750000 0.750000 0.250000
v 1.750000 0.750000 -0.250000
v -1.875000 1.000000 0.375000
v -1.125000 1.000000 0.375000
v -1.875000 1.000000 -0.375000
v -1.125000 1.000000 -0.375000
v -1.750000 0.875000 -0.250000
v -1.750000 0.875000 0.250000
v -1.250000 0.875000 0.250000
v -1.250000 0.875000 -0.250000
v -1.875000 0.875000 -0.375000
v -1.875000 0.875000 0.375000
v -1.125000 0.875000 0.375000
v -1.125000 0.875000 -0.375000
v -1.750000 0.750000 -0.250000
v -1.750000 0.750000 0.250000
v -1.250000 0.750000 0.250000
v -1.250000 0.750000 -0.250000
v -0.875000 1.000000 0.375000
v -0.125000 1.000000 0.375000
v -0.875000 1.000000 -0.375000
v -0.125000 1.000000 -0.375000
v -0.750000 0.875000 -0.250000
v -0.750000 0.875000 0.250000
v -0.250000 0.875000 0.250000
v -0.250000 0.875000 -0.250000
v -0.875000 0.875000 -0.375000
v -0.875000 0.875000 0.375000
v -0.125000 0.875000 0.375000
v -0.125000 0.875000 -0.375000
v -0.750000 0.750000 -0.250000
v -0.750000 0.750000 0.250000
v -0.250000 0.750000 0.250000
v -0.250000 0.750000 -0.250000
v 0.250000 0.250000 -0.250000
v 0.250000 0.250000 0.250000
v 2.250000 0.250000 -0.250000
v 2.250000 0.250000 0.250000
v 2.250000 0.750000 -0.250000
v 0.250000 0.750000 -0.250000
v 0.250000 0.750000 0.250000
v 2.250000 0.750000 0.250000
v -2.250000 0.250000 -0.250000
v -2.250000 0.250000 0.250000
v -0.250000 0.250000 -0.250000
v -0.250000 0.250000 0.250000
v -0.250000 0.750000 -0.250000
v -2.250000 0.750000 -0.250000
v -2.250000 0.750000 0.250000
v -0.250000 0.750000 0.250000
v 2.000000 1.000000 -1.375000
v 2.000000 1.000000 -1.125000
v 2.000000 1.500000 -1.375000
v 2.000000 1.500000 -1.250000
v 2.000000 1.375000 -1.250000
v 2.000000 1.375000 -1.125000
v -2.000000 1.000000 -1.375000
v -2.000000 1.000000 -1.125000
v -2.000000 1.500000 -1.375000
v -2.000000 1.500000 -1.250000
v -2.000000 1.375000 -1.250000
v -2.000000 1.375000 -1.125000
v -0.687500 0.750000 -1.062500
v -0.312500 0.750000 -1.062500
v -0.687500 0.750000 -1.437500
v -0.312500 0.750000 -1.437500
v -0.375000 1.062500 -1.375000
v -0.625000 1.062500 -1.375000
v -0.375000 1.062500 -1.125000
v -0.625000 1.062500 -1.125000
v -0.625000 1.062500 1.375000
v -0.375000 1.062500 1.375000
v -0.625000 1.062500 1.125000
v -0.375000 1.062500 1.125000
v -0.312500 0.750000 1.062500
v -0.687500 0.750000 1.062500
v -0.312500 0.750000 1.437500
v -0.687500 0.750000 1.437500
v -0.687500 1.000000 -1.437500
v -0.687500 1.000000 -1.062500
v -0.312500 1.000000 -1.062500
v -0.312500 1.000000 -1.437500
v -0.687500 1.000000 1.062500
v -0.687500 1.000000 1.437500
v -0.312500 1.000000 1.437500
v -0.312500 1.000000 1.062500
v 0.312500 0.750000 -1.062500
v 0.687500 0.750000 -1.062500
v 0.312500 0.750000 -1.437500
v 0.687500 0.750000 -1.437500
v 0.625000 1.062500 -1.375000
v 0.375000 1.062500 -1.375000
v 0.625000 1.062500 -1.125000
v 0.375000 1.062500 -1.125000
v 0.375000 1.062500 1.375000
v 0.625000 1.062500 1.375000
v 0.375000 1.062500 1.125000
v 0.625000 1.062500 1.125000
v 0.687500 0.750000 1.062500
v 0.312500 0.750000 1.062500
v 0.687500 0.750000 1.437500
v 0.312500 0.750000 1.437500
v 0.312500 1.000000 -1.437500
v 0.312500 1.000000 -1.062500
v 0.687500 1.000000 -1.062500
v 0.687500 1.000000 -1.437500
v 0.312500 1.000000 1.062500
v 0.312500 1.000000 1.437500
v 0.687500 1.000000 1.437500
v 0.687500 1.000000 1.062500
v -2.000000 1.000000 1.375000
v -2.000001 1.000000 1.125000
v -2.000000 1.500000 1.375000
v -2.000001 1.500000 1.250000
v -2.000001 1.375000 1.250000
v -2.000001 1.375000 1.125000
v 1.999999 1.000000 1.375000
v 1.999999 1.000000 1.125000
v 1.999999 1.500000 1.375000
v 1.999999 1.500000 1.250000
v 1.999999 1.375000 1.250000
v 1.999999 1.375000 1.125000
v 0.750000 1.312500 1.562500
v 0.750000 1.312500 2.062500
v 0.250000 1.312500 2.062500
v 0.250000 1.312500 1.562500
v 0.812500 1.375000 1.500000
v 0.812500 1.375000 2.125000
v 0.187500 1.375000 2.125000
v 0.187500 1.375000 1.500000
v 0.750000 1.375000 1.562500
v 0.750000 1.375000 2.062500
v 0.250000 1.375000 2.062500
v 0.250000 1.375000 1.562500
v 0.875000 1.250000 1.437500
v 0.875000 1.250000 2.187500
v 0.125000 1.250000 2.187500
v 0.125000 1.250000 1.437500
v 0.125000 0.750000 2.187500
v 0.875000 0.750000 2.187500
v 0.125000 0.750000 1.437500
v 0.875000 0.750000 1.437500
v 0.812500 1.250000 1.500000
v 0.187500 1.250000 1.500000
v 0.812500 1.250000 2.125000
v 0.187500 1.250000 2.125000
v 1.437500 0.812500 1.062500
v 1.562500 0.812500 1.062500
v 1.437500 0.937500 1.062500
v 1.562500 0.937500 1.062500
v 1.437500 0.812500 -1.062500
v 1.562500 0.812500 -1.062500
v 1.437500 0.937500 -1.062500
v 1.562500 0.937500 -1.062500
v 0.437500 0.812500 1.062500
v 0.562500 0.812500 1.062500
v 0.437500 0.937500 1.062500
v 0.562500 0.937500 1.062500
v 0.437500 0.812500 -1.062500
v 0.562500 0.812500 -1.062500
v 0.437500 0.937500 -1.062500
v 0.562500 0.937500 -1.062500
v -0.562500 0.812500 1.062500
v -0.437500 0.812500 1.062500
v -0.562500 0.937500 1.062500
v -0.437500 0.937500 1.062500
v -0.562500 0.812500 -1.062500
v -0.437500 0.812500 -1.062500
v -0.562500 0.937500 -1.062500
v -0.437500 0.937500 -1.062500
v -1.562500 0.812500 1.062500
v -1.437500 0.812500 1.062500
v -1.562500 0.937500 1.062500
v -1.437500 0.937500 1.062500
v -1.562500 0.812500 -1.062500
v -1.437500 0.812500 -1.062500
v -1.562500 0.937500 -1.062500
v -1.437500 0.937500 -1.062500
v -2.250000 0.500000 -0.750000
v 2.250000 0.500000 -0.750000
v -2.250000 0.323223 -0.676777
v 2.250000 0.323223 -0.676777
v -2.250000 0.250000 -0.500000
v 2.250000 0.250000 -0.500000
v -2.250000 0.323223 -0.323223
v 2.250000 0.323223 -0.323223
v -2.250000 0.500000 -0.250000
v 2.250000 0.500000 -0.250000
v -2.250000 0.676777 -0.323223
v 2.250000 0.676777 -0.323223
v -2.250000 0.750000 -0.500000
v 2.250000 0.750000 -0.500000
v -2.250000 0.676777 -0.676777
v 2.250000 0.676777 -0.676777
v -1.812500 0.750000 -2.187500
v -2.000000 0.750000 -2.137259
v -2.137259 0.750000 -2.000000
v -2.187500 0.750000 -1.812500
v -2.137259 0.750000 -1.625000
v -2.000000 0.750000 -1.487741
v -1.812500 0.750000 -1.437500
v -1.625000 0.750000 -1.487741
v -1.487741 0.750000 -1.625000
v -1.437500 0.750000 -1.812500
v -1.487740 0.750000 -2.000000
v -1.625000 0.750000 -2.137259
v -1.812500 2.500000 -2.187500
v -2.000000 2.500000 -2.137259
v -2.137259 2.500000 -2.000000
v -2.187500 2.500000 -1.812500
v -2.137259 2.500000 -1.625000
v -2.000000 2.500000 -1.487741
v -1.812500 2.500000 -1.437500
v -1.625000 2.500000 -1.487741
v -1.487740 2.500000 -1.625000
v -1.437500 2.500000 -1.812500
v -1.487740 2.500000 -2.000000
v -1.625000 2.500000 -2.137259
v -1.062500 0.750000 -2.187500
v -1.250000 0.750000 -2.137259
v -1.387259 0.750000 -2.000000
v -1.437500 0.750000 -1.812500
v -1.387259 0.750000 -1.625000
v -1.250000 0.750000 -1.487741
v -1.062500 0.750000 -1.437500
v -0.875000 0.750000 -1.487741
v -0.737741 0.750000 -1.625000
v -0.687500 0.750000 -1.812500
v -0.737740 0.750000 -2.000000
v -0.875000 0.750000 -2.137259
v -1.062500 2.500000 -2.187500
v -1.250000 2.500000 -2.137259
v -1.387259 2.500000 -2.000000
v -1.437500 2.500000 -1.812500
v -1.387259 2.500000 -1.625000
v -1.250000 2.500000 -1.487741
v -1.062500 2.500000 -1.437500
v -0.875000 2.500000 -1.487741
v -0.737740 2.500000 -1.625000
v -0.687500 2.500000 -1.812500
v -0.737740 2.500000 -2.000000
v -0.875000 2.500000 -2.137259
v -0.562500 0.750000 -1.437500
v 2.187500 0.750000 -1.437500
v -0.562500 0.750000 -2.187500
v 2.187500 0.750000 -2.187500
v -0.562500 1.250000 -2.187500
v -0.562500 1.250000 -1.437500
v 2.187500 1.250000 -1.437500
v 2.187500 1.250000 -2.187500
v -1.187500 2.500000 -1.687500
v -0.937500 2.500000 -1.687500
v -1.187500 2.500000 -1.937500
v -0.937500 2.500000 -1.937500
v -1.187500 2.625000 -1.937500
v -1.187500 2.625000 -1.687500
v -0.937500 2.625000 -1.687500
v -0.937500 2.625000 -1.937500
v -1.937500 2.500000 -1.687500
v -1.687500 2.500000 -1.687500
v -1.937500 2.500000 -1.937500
v -1.687500 2.500000 -1.937500
v -1.937500 2.625000 -1.937500
v -1.937500 2.625000 -1.687500
v -1.687500 2.625000 -1.687500
v -1.687500 2.625000 -1.937500
v -2.000000 2.625000 -1.625000
v -0.875000 2.625000 -1.625000
v -2.000000 2.625000 -2.000000
v -0.875000 2.625000 -2.000000
v -2.000000 2.875000 -2.000000
v -2.000000 2.875000 -1.625000
v -0.875000 2.875000 -1.625000
v -0.875000 2.875000 -2.000000
v 1.812500 1.250000 -1.687500
v 2.062500 1.250000 -1.687500
v 1.812500 1.250000 -1.937500
v 2.062500 1.250000 -1.937500
v 1.812500 1.375000 -1.937500
v 1.812500 1.375000 -1.687500
v 2.062500 1.375000 -1.687500
v 2.062500 1.375000 -1.937500
v 1.750000 1.375000 -1.625000
v 1.750000 1.375000 -2.000000
v 1.750000 1.625000 -1.625000
v 1.750000 1.625000 -2.000000
v 2.125000 1.375000 -1.625000
v 2.125000 1.375000 -2.000000
v 2.125000 1.625000 -1.625000
v 2.125000 1.625000 -2.000000
v 1.187500 1.250000 2.125000
v 1.812500 1.250000 2.125000
v 1.187500 1.250000 1.500000
v 1.812500 1.250000 1.500000
v 1.875000 0.750000 1.437500
v 1.125000 0.750000 1.437500
v 1.875000 0.750000 2.187500
v 1.125000 0.750000 2.187500
v 1.125000 1.250000 1.437500
v 1.125000 1.250000 2.187500
v 1.875000 1.250000 2.187500
v 1.875000 1.250000 1.437500
v 1.250000 1.375000 1.562500
v 1.250000 1.375000 2.062500
v 1.750000 1.375000 2.062500
v 1.750000 1.375000 1.562500
v 1.187500 1.375000 1.500000
v 1.187500 1.375000 2.125000
v 1.812500 1.375000 2.125000
v 1.812500 1.375000 1.500000
v 1.250000 1.312500 1.562500
v 1.250000 1.312500 2.062500
v 1.750000 1.312500 2.062500
v 1.750000 1.312500 1.562500
v -0.812500 1.750000 2.125000
v -0.187500 1.750000 2.125000
v -0.812500 1.750000 1.500000
v -0.187500 1.750000 1.500000
v -0.125000 0.750000 1.437500
v -0.875000 0.750000 1.437500
v -0.125000 0.750000 2.187500
v -0.875000 0.750000 2.187500
v -0.875000 1.750000 1.437500
v -0.875000 1.750000 2.187500
v -0.125000 1.750000 2.187500
v -0.125000 1.750000 1.437500
v -0.750000 1.875000 1.562500
v -0.750000 1.875000 2.062500
v -0.250000 1.875000 2.062500
v -0.250000 1.875000 1.562500
v -0.812500 1.875000 1.500000
v -0.812500 1.875000 2.125000
v -0.187500 1.875000 2.125000
v -0.187500 1.875000 1.500000
v -0.750000 1.812500 1.562500
v -0.750000 1.812500 2.062500
v -0.250000 1.812500 2.062500
v -0.250000 1.812500 1.562500
v 0.875000 1.125000 1.937500
v 0.875000 0.875000 1.937500
v 0.875000 1.125000 1.687500
v 0.875000 0.875000 1.687500
v 1.125000 1.125000 1.937500
v 1.125000 0.875000 1.937500
v 1.125000 1.125000 1.687500
v 1.125000 0.875000 1.687500
v -0.125000 1.125000 1.937500
v -0.125000 0.875000 1.937500
v -0.125000 1.125000 1.687500
v -0.125000 0.875000 1.687500
v 0.125000 1.125000 1.937500
v 0.125000 0.875000 1.937500
v 0.125000 1.125000 1.687500
v 0.125000 0.875000 1.687500
v -1.125000 1.125000 1.937500
v -1.125000 0.875000 1.937500
v -1.125000 1.125000 1.687500
v -1.125000 0.875000 1.687500
v -0.875000 1.125000 1.937500
v -0.875000 0.875000 1.937500
v -0.875000 1.125000 1.687500
v -0.875000 0.875000 1.687500
v -1.125000 1.625000 1.937500
v -1.125000 1.375000 1.937500
v -1.125000 1.625000 1.687500
v -1.125000 1.375000 1.687500
v -0.875000 1.625000 1.937500
v -0.875000 1.375000 1.937500
v -0.875000 1.625000 1.687500
v -0.875000 1.375000 1.687500
v 2.000000 1.312500 1.250000
v 2.000000 1.062500 1.250000
v 2.000000 1.312500 -1.250000
v 2.000000 1.062500 -1.250000
v 2.125000 1.312500 -1.250000
v 2.125000 1.312500 1.250000
v 2.125000 1.062500 1.250000
v 2.125000 1.062500 -1.250000
v -2.125000 1.312500 1.250000
v -2.125000 1.062500 1.250000
v -2.125000 1.312500 -1.250000
v -2.125000 1.062500 -1.250000
v -2.000000 1.312500 -1.250000
v -2.000000 1.312500 1.250000
v -2.000000 1.062500 1.250000
v -2.000000 1.062500 -1.250000
v -1.812500 1.750000 2.125000
v -1.187500 1.750000 2.125000
v -1.812500 1.750000 1.500000
v -1.187500 1.750000 1.500000
v -1.125000 0.750000 1.437500
v -1.875000 0.750000 1.437500
v -1.125000 0.750000 2.187500
v -1.875000 0.750000 2.187500
v -1.875000 1.750000 1.437500
v -1.875000 1.750000 2.187500
v -1.125000 1.750000 2.187500
v -1.125000 1.750000 1.437500
v -1.750000 1.875000 1.562500
v -1.750000 1.875000 2.062500
v -1.250000 1.875000 2.062500
v -1.250000 1.875000 1.562500
v -1.812500 1.875000 1.500000
v -1.812500 1.875000 2.125000
v -1.187500 1.875000 2.125000
v -1.187500 1.875000 1.500000
v -1.750000 1.812500 1.562500
v -1.750000 1.812500 2.062500
v -1.250000 1.812500 2.062500
v -1.250000 1.812500 1.562500
vt -0.000000 0.736842
vt 0.327273 0.751880
vt -0.000000 0.751880
vt 0.400000 0.601504
vt 0.418182 0.631579
vt 0.400000 0.631579
vt 0.418182 0.661654
vt 0.400000 0.691729
vt 0.400000 0.661654
vt 0.454545 0.631579
vt 0.436364 0.661654
vt 0.436364 0.631579
vt 0.472727 0.631579
vt 0.454545 0.661654
vt 0.400000 0.601504
vt 0.418182 0.631579
vt 0.400000 0.631579
vt 0.418182 0.661654
vt 0.400000 0.691729
vt 0.400000 0.661654
vt 0.454545 0.631579
vt 0.436364 0.661654
vt 0.436364 0.631579
vt 0.472727 0.631579
vt 0.454545 0.661654
vt 0.400000 0.601504
vt 0.418182 0.631579
vt 0.400000 0.631579
vt 0.418182 0.661654
vt 0.400000 0.691729
vt 0.400000 0.661654
vt 0.454545 0.631579
vt 0.436364 0.661654
vt 0.436364 0.631579
vt 0.472727 0.631579
vt 0.454545 0.661654
vt 0.400000 0.601504
vt 0.418182 0.631579
vt 0.400000 0.631579
vt 0.418182 0.661654
vt 0.400000 0.691729
vt 0.400000 0.661654
vt 0.454545 0.631579
vt 0.436364 0.661654
vt 0.436364 0.631579
vt 0.472727 0.631579
vt 0.454545 0.661654
vt 0.327273 0.766917
vt -0.000000 0.721804
vt 0.327273 0.736842
vt -0.000000 0.766917
vt 0.327273 0.781955
vt -0.000000 0.781955
vt -0.000000 0.736842
vt 0.327273 0.751880
vt -0.000000 0.751880
vt 0.327273 0.766917
vt -0.000000 0.721804
vt 0.327273 0.736842
vt -0.000000 0.766917
vt 0.327273 0.781955
vt -0.000000 0.781955
vt -0.000000 0.736842
vt 0.327273 0.751880
vt -0.000000 0.751880
vt 0.327273 0.766917
vt -0.000000 0.721804
vt 0.327273 0.736842
vt -0.000000 0.766917
vt 0.327273 0.781955
vt -0.000000 0.781955
vt -0.000000 0.736842
vt 0.327273 0.751880
vt -0.000000 0.751880
vt 0.327273 0.766917
vt -0.000000 0.721804
vt 0.327273 0.736842
vt -0.000000 0.766917
vt 0.327273 0.781955
vt -0.000000 0.781955
vt 0.454545 0.015038
vt 0.463636 0.616541
vt 0.454545 0.616541
vt 0.463636 0.631579
vt 0.481818 0.616541
vt 0.481818 0.631579
vt 0.481818 0.000000
vt 0.463636 0.015038
vt 0.463636 0.000000
vt 0.490909 0.616541
vt 0.481818 0.015038
vt 0.490909 0.015038
vt 0.436364 0.015038
vt 0.436364 0.616541
vt 0.454545 0.015038
vt 0.463636 0.616541
vt 0.454545 0.616541
vt 0.463636 0.631579
vt 0.481818 0.616541
vt 0.481818 0.631579
vt 0.481818 0.000000
vt 0.463636 0.015038
vt 0.463636 0.000000
vt 0.490909 0.616541
vt 0.481818 0.015038
vt 0.490909 0.015038
vt 0.436364 0.015038
vt 0.436364 0.616541
vt 0.436364 0.015038
vt 0.454545 0.616541
vt 0.436364 0.616541
vt 0.463636 0.616541
vt 0.481818 0.015038
vt 0.481818 0.616541
vt 0.490909 0.616541
vt 0.490909 0.015038
vt 0.481818 0.000000
vt 0.463636 0.015038
vt 0.463636 0.000000
vt 0.463636 0.631579
vt 0.481818 0.631579
vt 0.454545 0.015038
vt 0.454545 0.015038
vt 0.463636 0.616541
vt 0.454545 0.616541
vt 0.463636 0.631579
vt 0.481818 0.616541
vt 0.481818 0.631579
vt 0.481818 0.000000
vt 0.463636 0.015038
vt 0.463636 0.000000
vt 0.490909 0.616541
vt 0.481818 0.015038
vt 0.490909 0.015038
vt 0.436364 0.015038
vt 0.436364 0.616541
vt 0.436364 0.015038
vt 0.454545 0.616541
vt 0.436364 0.616541
vt 0.463636 0.616541
vt 0.481818 0.015038
vt 0.481818 0.616541
vt 0.490909 0.616541
vt 0.490909 0.015038
vt 0.481818 0.000000
vt 0.463636 0.015038
vt 0.463636 0.000000
vt 0.463636 0.631579
vt 0.481818 0.631579
vt 0.454545 0.015038
vt 0.195455 0.684211
vt 0.168182 0.639098
vt 0.195455 0.639098
vt 0.190909 0.706767
vt 0.172727 0.721804
vt 0.172727 0.706767
vt 0.168182 0.684211
vt 0.159091 0.639098
vt 0.204545 0.684211
vt 0.168182 0.699248
vt 0.195455 0.624060
vt 0.209091 0.676692
vt 0.204545 0.639098
vt 0.209091 0.646617
vt 0.190909 0.616541
vt 0.168182 0.624060
vt 0.172727 0.616541
vt 0.154545 0.646617
vt 0.159091 0.684211
vt 0.154545 0.676692
vt 0.195455 0.699248
vt 0.190909 0.601504
vt 0.145455 0.646617
vt 0.218182 0.676692
vt 0.400000 0.601504
vt 0.290909 0.060150
vt 0.400000 0.060150
vt 0.290909 0.601504
vt 0.254545 0.060150
vt 0.436364 0.601504
vt 0.290909 0.661654
vt 0.400000 0.000000
vt 0.145455 0.060150
vt 0.254545 0.601504
vt 0.145455 0.601504
vt 0.400000 0.601504
vt 0.290909 0.060150
vt 0.400000 0.060150
vt 0.290909 0.601504
vt 0.254545 0.060150
vt 0.436364 0.601504
vt 0.290909 0.661654
vt 0.400000 0.000000
vt 0.145455 0.060150
vt 0.254545 0.601504
vt 0.145455 0.601504
vt 0.268182 0.684211
vt 0.240909 0.639098
vt 0.268182 0.639098
vt 0.263636 0.706767
vt 0.245455 0.721804
vt 0.245455 0.706767
vt 0.240909 0.684211
vt 0.231818 0.639098
vt 0.277273 0.684211
vt 0.240909 0.699248
vt 0.268182 0.624060
vt 0.281818 0.676692
vt 0.277273 0.639098
vt 0.281818 0.646617
vt 0.263636 0.616541
vt 0.240909 0.624060
vt 0.245455 0.616541
vt 0.227273 0.646617
vt 0.231818 0.684211
vt 0.227273 0.676692
vt 0.268182 0.699248
vt 0.263636 0.601504
vt 0.218182 0.646617
vt 0.290909 0.676692
vt 0.195455 0.684211
vt 0.168182 0.639098
vt 0.195455 0.639098
vt 0.190909 0.706767
vt 0.172727 0.721804
vt 0.172727 0.706767
vt 0.168182 0.684211
vt 0.159091 0.639098
vt 0.204545 0.684211
vt 0.168182 0.699248
vt 0.195455 0.624060
vt 0.209091 0.676692
vt 0.204545 0.639098
vt 0.209091 0.646617
vt 0.190909 0.616541
vt 0.168182 0.624060
vt 0.172727 0.616541
vt 0.154545 0.646617
vt 0.159091 0.684211
vt 0.154545 0.676692
vt 0.195455 0.699248
vt 0.190909 0.601504
vt 0.145455 0.646617
vt 0.218182 0.676692
vt 0.195455 0.684211
vt 0.168182 0.639098
vt 0.195455 0.639098
vt 0.190909 0.706767
vt 0.172727 0.721804
vt 0.172727 0.706767
vt 0.168182 0.684211
vt 0.159091 0.639098
vt 0.204545 0.684211
vt 0.168182 0.699248
vt 0.195455 0.624060
vt 0.209091 0.676692
vt 0.204545 0.639098
vt 0.209091 0.646617
vt 0.190909 0.616541
vt 0.168182 0.624060
vt 0.172727 0.616541
vt 0.154545 0.646617
vt 0.159091 0.684211
vt 0.154545 0.676692
vt 0.195455 0.699248
vt 0.190909 0.601504
vt 0.145455 0.646617
vt 0.218182 0.676692
vt 0.268182 0.684211
vt 0.240909 0.639098
vt 0.268182 0.639098
vt 0.263636 0.706767
vt 0.245455 0.721804
vt 0.245455 0.706767
vt 0.240909 0.684211
vt 0.231818 0.639098
vt 0.277273 0.684211
vt 0.240909 0.699248
vt 0.268182 0.624060
vt 0.281818 0.676692
vt 0.277273 0.639098
vt 0.281818 0.646617
vt 0.263636 0.616541
vt 0.240909 0.624060
vt 0.245455 0.616541
vt 0.227273 0.646617
vt 0.231818 0.684211
vt 0.227273 0.676692
vt 0.268182 0.699248
vt 0.263636 0.601504
vt 0.218182 0.646617
vt 0.290909 0.676692
vt 0.195455 0.684211
vt 0.168182 0.639098
vt 0.195455 0.639098
vt 0.190909 0.706767
vt 0.172727 0.721804
vt 0.172727 0.706767
vt 0.168182 0.684211
vt 0.159091 0.639098
vt 0.204545 0.684211
vt 0.168182 0.699248
vt 0.195455 0.624060
vt 0.209091 0.676692
vt 0.204545 0.639098
vt 0.209091 0.646617
vt 0.190909 0.616541
vt 0.168182 0.624060
vt 0.172727 0.616541
vt 0.154545 0.646617
vt 0.159091 0.684211
vt 0.154545 0.676692
vt 0.195455 0.699248
vt 0.190909 0.601504
vt 0.145455 0.646617
vt 0.218182 0.676692
vt 0.268182 0.684211
vt 0.240909 0.639098
vt 0.268182 0.639098
vt 0.263636 0.706767
vt 0.245455 0.721804
vt 0.245455 0.706767
vt 0.240909 0.684211
vt 0.231818 0.639098
vt 0.277273 0.684211
vt 0.240909 0.699248
vt 0.268182 0.624060
vt 0.281818 0.676692
vt 0.277273 0.639098
vt 0.281818 0.646617
vt 0.263636 0.616541
vt 0.240909 0.624060
vt 0.245455 0.616541
vt 0.227273 0.646617
vt 0.231818 0.684211
vt 0.227273 0.676692
vt 0.268182 0.699248
vt 0.263636 0.601504
vt 0.218182 0.646617
vt 0.290909 0.676692
vt 0.195455 0.684211
vt 0.168182 0.639098
vt 0.195455 0.639098
vt 0.190909 0.706767
vt 0.172727 0.721804
vt 0.172727 0.706767
vt 0.168182 0.684211
vt 0.159091 0.639098
vt 0.204545 0.684211
vt 0.168182 0.699248
vt 0.195455 0.624060
vt 0.209091 0.676692
vt 0.204545 0.639098
vt 0.209091 0.646617
vt 0.190909 0.616541
vt 0.168182 0.624060
vt 0.172727 0.616541
vt 0.154545 0.646617
vt 0.159091 0.684211
vt 0.154545 0.676692
vt 0.195455 0.699248
vt 0.190909 0.601504
vt 0.145455 0.646617
vt 0.218182 0.676692
vt 0.195455 0.684211
vt 0.168182 0.639098
vt 0.195455 0.639098
vt 0.190909 0.706767
vt 0.172727 0.721804
vt 0.172727 0.706767
vt 0.168182 0.684211
vt 0.159091 0.639098
vt 0.204545 0.684211
vt 0.168182 0.699248
vt 0.195455 0.624060
vt 0.209091 0.676692
vt 0.204545 0.639098
vt 0.209091 0.646617
vt 0.190909 0.616541
vt 0.168182 0.624060
vt 0.172727 0.616541
vt 0.154545 0.646617
vt 0.159091 0.684211
vt 0.154545 0.676692
vt 0.195455 0.699248
vt 0.190909 0.601504
vt 0.145455 0.646617
vt 0.218182 0.676692
vt 0.268182 0.684211
vt 0.240909 0.639098
vt 0.268182 0.639098
vt 0.263636 0.706767
vt 0.245455 0.721804
vt 0.245455 0.706767
vt 0.240909 0.684211
vt 0.231818 0.639098
vt 0.277273 0.684211
vt 0.240909 0.699248
vt 0.268182 0.624060
vt 0.281818 0.676692
vt 0.277273 0.639098
vt 0.281818 0.646617
vt 0.263636 0.616541
vt 0.240909 0.624060
vt 0.245455 0.616541
vt 0.227273 0.646617
vt 0.231818 0.684211
vt 0.227273 0.676692
vt 0.268182 0.699248
vt 0.263636 0.601504
vt 0.218182 0.646617
vt 0.290909 0.676692
vt 0.195455 0.684211
vt 0.168182 0.639098
vt 0.195455 0.639098
vt 0.190909 0.706767
vt 0.172727 0.721804
vt 0.172727 0.706767
vt 0.168182 0.684211
vt 0.159091 0.639098
vt 0.204545 0.684211
vt 0.168182 0.699248
vt 0.195455 0.624060
vt 0.209091 0.676692
vt 0.204545 0.639098
vt 0.209091 0.646617
vt 0.190909 0.616541
vt 0.168182 0.624060
vt 0.172727 0.616541
vt 0.154545 0.646617
vt 0.159091 0.684211
vt 0.154545 0.676692
vt 0.195455 0.699248
vt 0.190909 0.601504
vt 0.145455 0.646617
vt 0.218182 0.676692
vt 0.195455 0.684211
vt 0.168182 0.639098
vt 0.195455 0.639098
vt 0.190909 0.706767
vt 0.172727 0.721804
vt 0.172727 0.706767
vt 0.168182 0.684211
vt 0.159091 0.639098
vt 0.204545 0.684211
vt 0.168182 0.699248
vt 0.195455 0.624060
vt 0.209091 0.676692
vt 0.204545 0.639098
vt 0.209091 0.646617
vt 0.190909 0.616541
vt 0.168182 0.624060
vt 0.172727 0.616541
vt 0.154545 0.646617
vt 0.159091 0.684211
vt 0.154545 0.676692
vt 0.195455 0.699248
vt 0.190909 0.601504
vt 0.145455 0.646617
vt 0.218182 0.676692
vt 0.195455 0.684211
vt 0.168182 0.639098
vt 0.195455 0.639098
vt 0.190909 0.706767
vt 0.172727 0.721804
vt 0.172727 0.706767
vt 0.168182 0.684211
vt 0.159091 0.639098
vt 0.204545 0.684211
vt 0.168182 0.699248
vt 0.195455 0.624060
vt 0.209091 0.676692
vt 0.204545 0.639098
vt 0.209091 0.646617
vt 0.190909 0.616541
vt 0.168182 0.624060
vt 0.172727 0.616541
vt 0.154545 0.646617
vt 0.159091 0.684211
vt 0.154545 0.676692
vt 0.195455 0.699248
vt 0.190909 0.601504
vt 0.145455 0.646617
vt 0.218182 0.676692
vt 0.195455 0.684211
vt 0.168182 0.639098
vt 0.195455 0.639098
vt 0.190909 0.706767
vt 0.172727 0.721804
vt 0.172727 0.706767
vt 0.168182 0.684211
vt 0.159091 0.639098
vt 0.204545 0.684211
vt 0.168182 0.699248
vt 0.195455 0.624060
vt 0.209091 0.676692
vt 0.204545 0.639098
vt 0.209091 0.646617
vt 0.190909 0.616541
vt 0.168182 0.624060
vt 0.172727 0.616541
vt 0.154545 0.646617
vt 0.159091 0.684211
vt 0.154545 0.676692
vt 0.195455 0.699248
vt 0.190909 0.601504
vt 0.145455 0.646617
vt 0.218182 0.676692
vt 0.195455 0.684211
vt 0.168182 0.639098
vt 0.195455 0.639098
vt 0.190909 0.706767
vt 0.172727 0.721804
vt 0.172727 0.706767
vt 0.168182 0.684211
vt 0.159091 0.639098
vt 0.204545 0.684211
vt 0.168182 0.699248
vt 0.195455 0.624060
vt 0.209091 0.676692
vt 0.204545 0.639098
vt 0.209091 0.646617
vt 0.190909 0.616541
vt 0.168182 0.624060
vt 0.172727 0.616541
vt 0.154545 0.646617
vt 0.159091 0.684211
vt 0.154545 0.676692
vt 0.195455 0.699248
vt 0.190909 0.601504
vt 0.145455 0.646617
vt 0.218182 0.676692
vt 0.195455 0.684211
vt 0.168182 0.639098
vt 0.195455 0.639098
vt 0.190909 0.706767
vt 0.172727 0.721804
vt 0.172727 0.706767
vt 0.168182 0.684211
vt 0.159091 0.639098
vt 0.204545 0.684211
vt 0.168182 0.699248
vt 0.195455 0.624060
vt 0.209091 0.676692
vt 0.204545 0.639098
vt 0.209091 0.646617
vt 0.190909 0.616541
vt 0.168182 0.624060
vt 0.172727 0.616541
vt 0.154545 0.646617
vt 0.159091 0.684211
vt 0.154545 0.676692
vt 0.195455 0.699248
vt 0.190909 0.601504
vt 0.145455 0.646617
vt 0.218182 0.676692
vt 0.195455 0.684211
vt 0.168182 0.639098
vt 0.195455 0.639098
vt 0.190909 0.706767
vt 0.172727 0.721804
vt 0.172727 0.706767
vt 0.168182 0.684211
vt 0.159091 0.639098
vt 0.204545 0.684211
vt 0.168182 0.699248
vt 0.195455 0.624060
vt 0.209091 0.676692
vt 0.204545 0.639098
vt 0.209091 0.646617
vt 0.190909 0.616541
vt 0.168182 0.624060
vt 0.172727 0.616541
vt 0.154545 0.646617
vt 0.159091 0.684211
vt 0.154545 0.676692
vt 0.195455 0.699248
vt 0.190909 0.601504
vt 0.145455 0.646617
vt 0.218182 0.676692
vt 0.195455 0.684211
vt 0.168182 0.639098
vt 0.195455 0.639098
vt 0.190909 0.706767
vt 0.172727 0.721804
vt 0.172727 0.706767
vt 0.168182 0.684211
vt 0.159091 0.639098
vt 0.204545 0.684211
vt 0.168182 0.699248
vt 0.195455 0.624060
vt 0.209091 0.676692
vt 0.204545 0.639098
vt 0.209091 0.646617
vt 0.190909 0.616541
vt 0.168182 0.624060
vt 0.172727 0.616541
vt 0.154545 0.646617
vt 0.159091 0.684211
vt 0.154545 0.676692
vt 0.195455 0.699248
vt 0.190909 0.601504
vt 0.145455 0.646617
vt 0.218182 0.676692
vt 0.195455 0.684211
vt 0.168182 0.639098
vt 0.195455 0.639098
vt 0.190909 0.706767
vt 0.172727 0.721804
vt 0.172727 0.706767
vt 0.168182 0.684211
vt 0.159091 0.639098
vt 0.204545 0.684211
vt 0.168182 0.699248
vt 0.195455 0.624060
vt 0.209091 0.676692
vt 0.204545 0.639098
vt 0.209091 0.646617
vt 0.190909 0.616541
vt 0.168182 0.624060
vt 0.172727 0.616541
vt 0.154545 0.646617
vt 0.159091 0.684211
vt 0.154545 0.676692
vt 0.195455 0.699248
vt 0.190909 0.601504
vt 0.145455 0.646617
vt 0.218182 0.676692
vt 0.195455 0.684211
vt 0.168182 0.639098
vt 0.195455 0.639098
vt 0.190909 0.706767
vt 0.172727 0.721804
vt 0.172727 0.706767
vt 0.168182 0.684211
vt 0.159091 0.639098
vt 0.204545 0.684211
vt 0.168182 0.699248
vt 0.195455 0.624060
vt 0.209091 0.676692
vt 0.204545 0.639098
vt 0.209091 0.646617
vt 0.190909 0.616541
vt 0.168182 0.624060
vt 0.172727 0.616541
vt 0.154545 0.646617
vt 0.159091 0.684211
vt 0.154545 0.676692
vt 0.195455 0.699248
vt 0.190909 0.601504
vt 0.145455 0.646617
vt 0.218182 0.676692
vt 0.354545 0.766917
vt 0.409091 0.857143
vt 0.354545 0.857143
vt 0.363636 0.736842
vt 0.400000 0.721804
vt 0.400000 0.736842
vt 0.354545 0.872180
vt 0.409091 0.766917
vt 0.418182 0.857143
vt 0.345455 0.766917
vt 0.409091 0.751880
vt 0.263636 0.781955
vt 0.236364 0.812030
vt 0.236364 0.781955
vt 0.209091 0.781955
vt 0.181818 0.812030
vt 0.181818 0.781955
vt 0.263636 0.781955
vt 0.236364 0.812030
vt 0.236364 0.781955
vt 0.209091 0.812030
vt 0.209091 0.781955
vt 0.290909 0.781955
vt 0.263636 0.812030
vt 0.186364 0.819549
vt 0.204545 0.849624
vt 0.186364 0.849624
vt 0.186364 0.819549
vt 0.204545 0.849624
vt 0.186364 0.849624
vt 0.290909 0.781955
vt 0.263636 0.812030
vt 0.263636 0.781955
vt 0.236364 0.781955
vt 0.209091 0.812030
vt 0.209091 0.781955
vt 0.236364 0.812030
vt 0.209091 0.781955
vt 0.181818 0.812030
vt 0.181818 0.781955
vt 0.263636 0.781955
vt 0.236364 0.812030
vt 0.236364 0.781955
vt 0.209091 0.812030
vt 0.290909 0.781955
vt 0.263636 0.812030
vt 0.186364 0.819549
vt 0.204545 0.849624
vt 0.186364 0.849624
vt 0.181818 0.812030
vt 0.181818 0.781955
vt 0.209091 0.812030
vt 0.290909 0.781955
vt 0.263636 0.812030
vt 0.186364 0.819549
vt 0.204545 0.849624
vt 0.186364 0.849624
vt 0.181818 0.812030
vt 0.181818 0.781955
vt 0.363636 0.887218
vt 0.409091 0.872180
vt 0.400000 0.887218
vt 0.336364 0.781955
vt 0.345455 0.857143
vt 0.336364 0.842105
vt 0.354545 0.751880
vt 0.427273 0.842105
vt 0.418182 0.766917
vt 0.427273 0.781955
vt 0.400000 0.661654
vt 0.363636 0.721804
vt 0.363636 0.661654
vt 0.363636 0.902256
vt 0.436364 0.842105
vt 0.327273 0.781955
vt 0.509091 0.601175
vt 0.491108 0.571429
vt 0.509091 0.541682
vt 0.558250 0.592594
vt 0.545455 0.601361
vt 0.532659 0.592594
vt 0.240909 0.819549
vt 0.259091 0.819549
vt 0.268182 0.819549
vt 0.290909 0.812030
vt 0.286364 0.819549
vt 0.204545 0.819549
vt 0.213636 0.819549
vt 0.231818 0.819549
vt 0.213636 0.819549
vt 0.231818 0.819549
vt 0.204545 0.819549
vt 0.268182 0.819549
vt 0.290909 0.812030
vt 0.286364 0.819549
vt 0.240909 0.819549
vt 0.259091 0.819549
vt 0.240909 0.819549
vt 0.259091 0.819549
vt 0.268182 0.819549
vt 0.290909 0.812030
vt 0.286364 0.819549
vt 0.204545 0.819549
vt 0.213636 0.819549
vt 0.231818 0.819549
vt 0.240909 0.819549
vt 0.259091 0.819549
vt 0.268182 0.819549
vt 0.290909 0.812030
vt 0.286364 0.819549
vt 0.204545 0.819549
vt 0.213636 0.819549
vt 0.231818 0.819549
vt 0.354545 0.766917
vt 0.409091 0.857143
vt 0.354545 0.857143
vt 0.363636 0.736842
vt 0.400000 0.721804
vt 0.400000 0.736842
vt 0.354545 0.872180
vt 0.409091 0.766917
vt 0.418182 0.857143
vt 0.345455 0.766917
vt 0.409091 0.751880
vt 0.363636 0.887218
vt 0.409091 0.872180
vt 0.400000 0.887218
vt 0.336364 0.781955
vt 0.345455 0.857143
vt 0.336364 0.842105
vt 0.354545 0.751880
vt 0.427273 0.842105
vt 0.418182 0.766917
vt 0.427273 0.781955
vt 0.400000 0.661654
vt 0.363636 0.721804
vt 0.363636 0.661654
vt 0.363636 0.902256
vt 0.436364 0.842105
vt 0.327273 0.781955
vt 0.354545 0.766917
vt 0.409091 0.857143
vt 0.354545 0.857143
vt 0.363636 0.736842
vt 0.400000 0.721804
vt 0.400000 0.736842
vt 0.354545 0.872180
vt 0.409091 0.766917
vt 0.418182 0.857143
vt 0.345455 0.766917
vt 0.409091 0.751880
vt 0.363636 0.887218
vt 0.409091 0.872180
vt 0.400000 0.887218
vt 0.336364 0.781955
vt 0.345455 0.857143
vt 0.336364 0.842105
vt 0.354545 0.751880
vt 0.427273 0.842105
vt 0.418182 0.766917
vt 0.427273 0.781955
vt 0.400000 0.661654
vt 0.363636 0.721804
vt 0.363636 0.661654
vt 0.363636 0.902256
vt 0.436364 0.842105
vt 0.327273 0.781955
vt 0.354545 0.766917
vt 0.409091 0.857143
vt 0.354545 0.857143
vt 0.363636 0.736842
vt 0.400000 0.721804
vt 0.400000 0.736842
vt 0.354545 0.872180
vt 0.409091 0.766917
vt 0.418182 0.857143
vt 0.345455 0.766917
vt 0.409091 0.751880
vt 0.363636 0.887218
vt 0.409091 0.872180
vt 0.400000 0.887218
vt 0.336364 0.781955
vt 0.345455 0.857143
vt 0.336364 0.842105
vt 0.354545 0.751880
vt 0.427273 0.842105
vt 0.418182 0.766917
vt 0.427273 0.781955
vt 0.400000 0.661654
vt 0.363636 0.721804
vt 0.363636 0.661654
vt 0.363636 0.902256
vt 0.436364 0.842105
vt 0.327273 0.781955
vt 0.109091 0.300752
vt 0.072727 0.060150
vt 0.109091 0.060150
vt 0.072727 0.300752
vt 0.036364 0.060150
vt 0.145455 0.300752
vt 0.072727 0.360902
vt 0.109091 0.000000
vt 0.000000 0.060150
vt 0.036364 0.300752
vt -0.000000 0.300752
vt 0.109091 0.661654
vt 0.072727 0.421053
vt 0.109091 0.421053
vt 0.072727 0.661654
vt 0.036364 0.421053
vt 0.145455 0.661654
vt 0.072727 0.721804
vt 0.109091 0.360902
vt 0.000000 0.421053
vt 0.036364 0.661654
vt 0.000000 0.661654
vt 0.627273 0.030075
vt 0.600000 0.511278
vt 0.600000 0.030075
vt 0.645455 0.030075
vt 0.636364 0.511278
vt 0.636364 0.030075
vt 0.709091 0.030075
vt 0.690909 0.511278
vt 0.690909 0.030075
vt 0.654545 0.030075
vt 0.654545 0.511278
vt 0.663636 0.526316
vt 0.654545 0.526316
vt 0.663636 0.015038
vt 0.663636 0.000000
vt 0.690909 0.000000
vt 0.263636 0.781955
vt 0.236364 0.812030
vt 0.236364 0.781955
vt 0.209091 0.781955
vt 0.181818 0.812030
vt 0.181818 0.781955
vt 0.263636 0.781955
vt 0.236364 0.812030
vt 0.236364 0.781955
vt 0.209091 0.812030
vt 0.209091 0.781955
vt 0.290909 0.781955
vt 0.263636 0.812030
vt 0.186364 0.819549
vt 0.204545 0.849624
vt 0.186364 0.849624
vt 0.209091 0.812030
vt 0.290909 0.781955
vt 0.263636 0.812030
vt 0.186364 0.819549
vt 0.204545 0.849624
vt 0.186364 0.849624
vt 0.181818 0.812030
vt 0.181818 0.781955
vt 0.240909 0.819549
vt 0.259091 0.819549
vt 0.268182 0.819549
vt 0.290909 0.812030
vt 0.286364 0.819549
vt 0.204545 0.819549
vt 0.213636 0.819549
vt 0.231818 0.819549
vt 0.240909 0.819549
vt 0.259091 0.819549
vt 0.268182 0.819549
vt 0.290909 0.812030
vt 0.286364 0.819549
vt 0.204545 0.819549
vt 0.213636 0.819549
vt 0.231818 0.819549
vt 0.263636 0.781955
vt 0.236364 0.812030
vt 0.236364 0.781955
vt 0.209091 0.781955
vt 0.181818 0.812030
vt 0.181818 0.781955
vt 0.263636 0.781955
vt 0.236364 0.812030
vt 0.236364 0.781955
vt 0.209091 0.812030
vt 0.209091 0.781955
vt 0.290909 0.781955
vt 0.263636 0.812030
vt 0.186364 0.819549
vt 0.204545 0.849624
vt 0.186364 0.849624
vt 0.209091 0.812030
vt 0.290909 0.781955
vt 0.263636 0.812030
vt 0.186364 0.819549
vt 0.204545 0.849624
vt 0.186364 0.849624
vt 0.181818 0.812030
vt 0.181818 0.781955
vt 0.240909 0.819549
vt 0.259091 0.819549
vt 0.268182 0.819549
vt 0.290909 0.812030
vt 0.286364 0.819549
vt 0.204545 0.819549
vt 0.213636 0.819549
vt 0.231818 0.819549
vt 0.240909 0.819549
vt 0.259091 0.819549
vt 0.268182 0.819549
vt 0.290909 0.812030
vt 0.286364 0.819549
vt 0.204545 0.819549
vt 0.213636 0.819549
vt 0.231818 0.819549
vt 0.627273 0.030075
vt 0.600000 0.511278
vt 0.600000 0.030075
vt 0.645455 0.030075
vt 0.636364 0.511278
vt 0.636364 0.030075
vt 0.709091 0.030075
vt 0.690909 0.511278
vt 0.690909 0.030075
vt 0.654545 0.030075
vt 0.654545 0.511278
vt 0.663636 0.526316
vt 0.654545 0.526316
vt 0.663636 0.015038
vt 0.663636 -0.000000
vt 0.690909 -0.000000
vt 0.590909 0.872180
vt 0.554545 0.879699
vt 0.554545 0.872180
vt 0.481818 0.872180
vt 0.445455 0.879699
vt 0.445455 0.872180
vt 0.645455 0.872180
vt 0.609091 0.879699
vt 0.609091 0.872180
vt 0.481818 0.939850
vt 0.445455 0.939850
vt 0.500000 0.872180
vt 0.540909 0.864662
vt 0.536364 0.872180
vt 0.486364 0.864662
vt 0.650000 0.864662
vt 0.595455 0.864662
vt 0.650000 0.849624
vt 0.604545 0.864662
vt 0.604545 0.849624
vt 0.540909 0.849624
vt 0.495455 0.864662
vt 0.495455 0.849624
vt 0.595455 0.849624
vt 0.550000 0.864662
vt 0.550000 0.849624
vt 0.500000 0.879699
vt 0.545455 0.842105
vt 0.440909 0.849624
vt 0.490909 0.842105
vt 0.486364 0.849624
vt 0.654545 0.842105
vt 0.600000 0.842105
vt 0.440909 0.864662
vt 0.490909 0.781955
vt 0.436364 0.842105
vt 0.436364 0.781955
vt 0.654545 0.781955
vt 0.600000 0.781955
vt 0.545455 0.781955
vt -0.000000 0.857143
vt 0.154545 0.872180
vt -0.000000 0.872180
vt -0.000000 0.887218
vt 0.154545 0.902256
vt -0.000000 0.902256
vt 0.154545 0.887218
vt -0.000000 0.842105
vt 0.154545 0.857143
vt -0.000000 0.857143
vt 0.154545 0.872180
vt -0.000000 0.872180
vt -0.000000 0.887218
vt 0.154545 0.902256
vt -0.000000 0.902256
vt 0.154545 0.887218
vt -0.000000 0.842105
vt 0.154545 0.857143
vt -0.000000 0.857143
vt 0.154545 0.872180
vt -0.000000 0.872180
vt -0.000000 0.887218
vt 0.154545 0.902256
vt -0.000000 0.902256
vt 0.154545 0.887218
vt -0.000000 0.842105
vt 0.154545 0.857143
vt -0.000000 0.857143
vt 0.154545 0.872180
vt -0.000000 0.872180
vt -0.000000 0.887218
vt 0.154545 0.902256
vt -0.000000 0.902256
vt 0.154545 0.887218
vt -0.000000 0.842105
vt 0.154545 0.857143
vt 0.509091 0.601175
vt 0.491108 0.571429
vt 0.509091 0.541682
vt 0.558250 0.592594
vt 0.545455 0.601361
vt 0.532659 0.592594
vt 0.777283 0.505205
vt 0.777283 0.427126
vt 0.818162 0.466165
vt 0.722737 0.505205
vt 0.722738 0.427126
vt 0.763616 0.466165
vt 0.490909 0.616541
vt 0.509091 0.601504
vt 0.509091 0.616541
vt 0.909091 0.060150
vt 0.963636 0.390977
vt 0.909091 0.390977
vt 0.963636 0.000000
vt 0.909091 0.000000
vt 0.909091 0.451128
vt 0.963636 0.451128
vt 1.000000 0.390977
vt 0.963636 0.060150
vt 1.000000 0.060150
vt 0.872727 0.060150
vt 0.872727 0.390977
vt 0.545455 0.616541
vt 0.563636 0.601504
vt 0.563636 0.616541
vt 0.490909 0.616541
vt 0.509091 0.601504
vt 0.509091 0.616541
vt 0.545455 0.616541
vt 0.563636 0.601504
vt 0.563636 0.616541
vt 0.527273 0.601504
vt 0.527273 0.616541
vt 0.545455 0.601504
vt 0.527273 0.601504
vt 0.527273 0.616541
vt 0.545455 0.601504
vt 0.772727 0.676692
vt 0.690909 0.631579
vt 0.772727 0.631579
vt 0.690909 0.751880
vt 0.772727 0.706767
vt 0.772727 0.751880
vt 0.500000 0.706767
vt 0.690909 0.706767
vt 0.790909 0.751880
vt 0.790909 0.706767
vt 0.690909 0.676692
vt 0.690909 0.781955
vt 0.772727 0.781955
vt 0.563636 0.601504
vt 0.545455 0.616541
vt 0.545455 0.601504
vt 0.509091 0.601504
vt 0.490909 0.616541
vt 0.490909 0.601504
vt 0.527273 0.616541
vt 0.527273 0.601504
vt 0.509091 0.616541
vt 0.472727 0.676692
vt 0.500000 0.676692
vt 0.500000 0.631579
vt 0.500000 0.751880
vt 0.454545 0.706767
vt 0.472727 0.751880
vt 0.454545 0.751880
vt 0.472727 0.631579
vt 0.500000 0.781955
vt 0.472727 0.706767
vt 0.600000 0.781955
vt 0.545455 0.842105
vt 0.545455 0.781955
vt 0.490909 0.842105
vt 0.490909 0.781955
vt 0.654545 0.781955
vt 0.600000 0.842105
vt 0.436364 0.842105
vt 0.436364 0.781955
vt 0.486364 0.849624
vt 0.440909 0.864662
vt 0.440909 0.849624
vt 0.550000 0.849624
vt 0.595455 0.849624
vt 0.604545 0.849624
vt 0.654545 0.842105
vt 0.650000 0.849624
vt 0.495455 0.849624
vt 0.540909 0.849624
vt 0.536364 0.872180
vt 0.500000 0.879699
vt 0.500000 0.872180
vt 0.550000 0.864662
vt 0.495455 0.864662
vt 0.604545 0.864662
vt 0.554545 0.872180
vt 0.595455 0.864662
vt 0.590909 0.872180
vt 0.609091 0.872180
vt 0.650000 0.864662
vt 0.645455 0.872180
vt 0.445455 0.872180
vt 0.486364 0.864662
vt 0.481818 0.872180
vt 0.540909 0.864662
vt 0.445455 0.879699
vt 0.481818 0.939850
vt 0.445455 0.939850
vt 0.609091 0.879699
vt 0.554545 0.879699
vt 0.818182 0.781955
vt 0.763636 0.902256
vt 0.763636 0.781955
vt 0.709091 0.902256
vt 0.709091 0.781955
vt 0.872727 0.781955
vt 0.818182 0.902256
vt 0.654545 0.902256
vt 0.654545 0.781955
vt 0.704545 0.909774
vt 0.659091 0.924812
vt 0.659091 0.909774
vt 0.768182 0.909774
vt 0.813636 0.909774
vt 0.822727 0.909774
vt 0.872727 0.902256
vt 0.868182 0.909774
vt 0.713636 0.909774
vt 0.759091 0.909774
vt 0.754545 0.932331
vt 0.718182 0.939850
vt 0.718182 0.932331
vt 0.768182 0.924812
vt 0.713636 0.924812
vt 0.822727 0.924812
vt 0.772727 0.932331
vt 0.813636 0.924812
vt 0.809091 0.932331
vt 0.827273 0.932331
vt 0.868182 0.924812
vt 0.863636 0.932331
vt 0.663636 0.932331
vt 0.704545 0.924812
vt 0.700000 0.932331
vt 0.759091 0.924812
vt 0.663636 0.939850
vt 0.700000 1.000000
vt 0.663636 1.000000
vt 0.827273 0.939850
vt 0.772727 0.939850
vt 0.518182 0.879699
vt 0.536364 0.909774
vt 0.518182 0.909774
vt 0.481818 0.879699
vt 0.500000 0.909774
vt 0.481818 0.909774
vt 0.536364 0.879699
vt 0.554545 0.909774
vt 0.500000 0.879699
vt 0.518182 0.879699
vt 0.536364 0.909774
vt 0.518182 0.909774
vt 0.481818 0.879699
vt 0.500000 0.909774
vt 0.481818 0.909774
vt 0.536364 0.879699
vt 0.554545 0.909774
vt 0.500000 0.879699
vt 0.518182 0.879699
vt 0.536364 0.909774
vt 0.518182 0.909774
vt 0.481818 0.879699
vt 0.500000 0.909774
vt 0.481818 0.909774
vt 0.536364 0.879699
vt 0.554545 0.909774
vt 0.500000 0.879699
vt 0.518182 0.879699
vt 0.536364 0.909774
vt 0.518182 0.909774
vt 0.481818 0.879699
vt 0.500000 0.909774
vt 0.481818 0.909774
vt 0.536364 0.879699
vt 0.554545 0.909774
vt 0.500000 0.879699
vt 0.754545 0.601504
vt 0.572727 0.631579
vt 0.572727 0.601504
vt 0.572727 0.556391
vt 0.754545 0.586466
vt 0.572727 0.586466
vt 0.763636 0.586466
vt 0.754545 0.556391
vt 0.763636 0.556391
vt 0.563636 0.556391
vt 0.563636 0.586466
vt 0.754545 0.541353
vt 0.572727 0.541353
vt 0.572727 0.586466
vt 0.754545 0.556391
vt 0.754545 0.586466
vt 0.754545 0.631579
vt 0.572727 0.601504
vt 0.754545 0.601504
vt 0.563636 0.556391
vt 0.572727 0.556391
vt 0.763636 0.586466
vt 0.754545 0.541353
vt 0.818182 0.781955
vt 0.763636 0.902256
vt 0.763636 0.781955
vt 0.709091 0.902256
vt 0.709091 0.781955
vt 0.872727 0.781955
vt 0.818182 0.902256
vt 0.654545 0.902256
vt 0.654545 0.781955
vt 0.704545 0.909774
vt 0.659091 0.924812
vt 0.659091 0.909774
vt 0.768182 0.909774
vt 0.813636 0.909774
vt 0.822727 0.909774
vt 0.872727 0.902256
vt 0.868182 0.909774
vt 0.713636 0.909774
vt 0.759091 0.909774
vt 0.754545 0.932331
vt 0.718182 0.939850
vt 0.718182 0.932331
vt 0.768182 0.924812
vt 0.713636 0.924812
vt 0.822727 0.924812
vt 0.772727 0.932331
vt 0.813636 0.924812
vt 0.809091 0.932331
vt 0.827273 0.932331
vt 0.868182 0.924812
vt 0.863636 0.932331
vt 0.663636 0.932331
vt 0.704545 0.924812
vt 0.700000 0.932331
vt 0.759091 0.924812
vt 0.663636 0.939850
vt 0.700000 1.000000
vt 0.663636 1.000000
vt 0.827273 0.939850
vt 0.772727 0.939850
vt 0.418182 0.601504
vt 0.418182 0.691729
vt 0.472727 0.661654
vt 0.418182 0.601504
vt 0.418182 0.691729
vt 0.472727 0.661654
vt 0.418182 0.601504
vt 0.418182 0.691729
vt 0.472727 0.661654
vt 0.418182 0.601504
vt 0.418182 0.691729
vt 0.472727 0.661654
vt 0.327273 0.721804
vt 0.327273 0.721804
vt 0.327273 0.721804
vt 0.327273 0.721804
vt 0.190909 0.721804
vt 0.172727 0.601504
vt 0.145455 0.676692
vt 0.218182 0.646617
vt 0.436364 0.060150
vt 0.400000 0.661654
vt 0.290909 -0.000000
vt 0.436364 0.060150
vt 0.400000 0.661654
vt 0.290909 -0.000000
vt 0.263636 0.721804
vt 0.245455 0.601504
vt 0.218182 0.676692
vt 0.290909 0.646617
vt 0.190909 0.721804
vt 0.172727 0.601504
vt 0.145455 0.676692
vt 0.218182 0.646617
vt 0.190909 0.721804
vt 0.172727 0.601504
vt 0.145455 0.676692
vt 0.218182 0.646617
vt 0.263636 0.721804
vt 0.245455 0.601504
vt 0.218182 0.676692
vt 0.290909 0.646617
vt 0.190909 0.721804
vt 0.172727 0.601504
vt 0.145455 0.676692
vt 0.218182 0.646617
vt 0.263636 0.721804
vt 0.245455 0.601504
vt 0.218182 0.676692
vt 0.290909 0.646617
vt 0.190909 0.721804
vt 0.172727 0.601504
vt 0.145455 0.676692
vt 0.218182 0.646617
vt 0.190909 0.721804
vt 0.172727 0.601504
vt 0.145455 0.676692
vt 0.218182 0.646617
vt 0.263636 0.721804
vt 0.245455 0.601504
vt 0.218182 0.676692
vt 0.290909 0.646617
vt 0.190909 0.721804
vt 0.172727 0.601504
vt 0.145455 0.676692
vt 0.218182 0.646617
vt 0.190909 0.721804
vt 0.172727 0.601504
vt 0.145455 0.676692
vt 0.218182 0.646617
vt 0.190909 0.721804
vt 0.172727 0.601504
vt 0.145455 0.676692
vt 0.218182 0.646617
vt 0.190909 0.721804
vt 0.172727 0.601504
vt 0.145455 0.676692
vt 0.218182 0.646617
vt 0.190909 0.721804
vt 0.172727 0.601504
vt 0.145455 0.676692
vt 0.218182 0.646617
vt 0.190909 0.721804
vt 0.172727 0.601504
vt 0.145455 0.676692
vt 0.218182 0.646617
vt 0.190909 0.721804
vt 0.172727 0.601504
vt 0.145455 0.676692
vt 0.218182 0.646617
vt 0.190909 0.721804
vt 0.172727 0.601504
vt 0.145455 0.676692
vt 0.218182 0.646617
vt 0.190909 0.721804
vt 0.172727 0.601504
vt 0.145455 0.676692
vt 0.218182 0.646617
vt 0.190909 0.721804
vt 0.172727 0.601504
vt 0.145455 0.676692
vt 0.218182 0.646617
vt 0.400000 0.902256
vt 0.436364 0.781955
vt 0.327273 0.842105
vt 0.521807 0.550394
vt 0.527074 0.571429
vt 0.521807 0.592463
vt 0.496375 0.592463
vt 0.496375 0.550394
vt 0.527359 0.571429
vt 0.558250 0.550264
vt 0.532659 0.550264
vt 0.545455 0.541497
vt 0.563550 0.571429
vt 0.400000 0.902256
vt 0.436364 0.781955
vt 0.327273 0.842105
vt 0.400000 0.902256
vt 0.436364 0.781955
vt 0.327273 0.842105
vt 0.400000 0.902256
vt 0.436364 0.781955
vt 0.327273 0.842105
vt 0.145455 0.060150
vt 0.109091 0.360902
vt 0.072727 0.000000
vt 0.145455 0.421053
vt 0.109091 0.721804
vt 0.072727 0.360902
vt 0.627273 0.511278
vt 0.645455 0.511278
vt 0.709091 0.511278
vt 0.690909 0.541353
vt 0.663636 0.541353
vt 0.654545 0.015038
vt 0.627273 0.511278
vt 0.645455 0.511278
vt 0.709091 0.511278
vt 0.690909 0.541353
vt 0.663636 0.541353
vt 0.654545 0.015038
vt 0.590909 0.879699
vt 0.481818 0.879699
vt 0.645455 0.879699
vt 0.536364 0.879699
vt 0.154545 0.842105
vt 0.154545 0.842105
vt 0.154545 0.842105
vt 0.154545 0.842105
vt 0.521807 0.550394
vt 0.527074 0.571429
vt 0.521807 0.592463
vt 0.496375 0.592463
vt 0.496375 0.550394
vt 0.527359 0.571429
vt 0.558250 0.550264
vt 0.532659 0.550264
vt 0.545455 0.541497
vt 0.563550 0.571429
vt 0.814510 0.488705
vt 0.804535 0.505205
vt 0.790909 0.511244
vt 0.767308 0.488705
vt 0.763657 0.466165
vt 0.767308 0.443626
vt 0.790909 0.421086
vt 0.804535 0.427126
vt 0.814510 0.443626
vt 0.759965 0.488705
vt 0.749990 0.505205
vt 0.736364 0.511244
vt 0.712762 0.488705
vt 0.709111 0.466165
vt 0.712763 0.443626
vt 0.736364 0.421086
vt 0.749990 0.427126
vt 0.759965 0.443625
vt 0.490909 0.601504
vt 0.490909 0.601504
vt 0.563636 0.616541
vt 0.472727 0.781955
vt 0.536364 0.879699
vt 0.481818 0.879699
vt 0.645455 0.879699
vt 0.590909 0.879699
vt 0.754545 0.939850
vt 0.700000 0.939850
vt 0.863636 0.939850
vt 0.809091 0.939850
vt 0.554545 0.879699
vt 0.554545 0.879699
vt 0.554545 0.879699
vt 0.554545 0.879699
vt 0.754545 0.631579
vt 0.572727 0.631579
vt 0.563636 0.586466
vt 0.763636 0.556391
vt 0.572727 0.541353
vt 0.754545 0.939850
vt 0.700000 0.939850
vt 0.863636 0.939850
vt 0.809091 0.939850
vt 0.572727 -0.000000
vt 0.586364 0.541353
vt 0.572727 0.541353
vt 0.586364 -0.000000
vt 0.600000 0.541353
vt 0.490909 -0.000000
vt 0.504545 0.541353
vt 0.490909 0.541353
vt 0.504545 -0.000000
vt 0.518182 0.541353
vt 0.518182 -0.000000
vt 0.531818 0.541353
vt 0.531818 -0.000000
vt 0.545455 0.541353
vt 0.545455 -0.000000
vt 0.559091 0.541353
vt 0.559091 -0.000000
vt 0.572727 -0.000000
vt 0.586364 0.541353
vt 0.572727 0.541353
vt 0.586364 -0.000000
vt 0.600000 0.541353
vt 0.490909 -0.000000
vt 0.504545 0.541353
vt 0.490909 0.541353
vt 0.504545 -0.000000
vt 0.518182 0.541353
vt 0.518182 -0.000000
vt 0.531818 0.541353
vt 0.531818 -0.000000
vt 0.545455 0.541353
vt 0.545455 -0.000000
vt 0.559091 0.541353
vt 0.559091 -0.000000
vt 0.750000 -0.000000
vt 0.736364 0.210526
vt 0.736364 -0.000000
vt 0.872727 -0.000000
vt 0.859091 0.210526
vt 0.859091 -0.000000
vt 0.831818 -0.000000
vt 0.818182 0.210526
vt 0.818182 -0.000000
vt 0.763636 -0.000000
vt 0.750000 0.210526
vt 0.722727 -0.000000
vt 0.709091 0.210526
vt 0.709091 -0.000000
vt 0.845455 -0.000000
vt 0.831818 0.210526
vt 0.777273 -0.000000
vt 0.763636 0.210526
vt 0.804545 -0.000000
vt 0.790909 0.210526
vt 0.790909 -0.000000
vt 0.722727 0.210526
vt 0.845455 0.210526
vt 0.777273 0.210526
vt 0.804545 0.210526
vt 0.750000 0.210526
vt 0.736364 0.421053
vt 0.736364 0.210526
vt 0.872727 0.210526
vt 0.859091 0.421053
vt 0.859091 0.210526
vt 0.831818 0.210526
vt 0.818182 0.421053
vt 0.818182 0.210526
vt 0.763636 0.210526
vt 0.750000 0.421053
vt 0.722727 0.210526
vt 0.709091 0.421053
vt 0.709091 0.210526
vt 0.845455 0.210526
vt 0.831818 0.421053
vt 0.777273 0.210526
vt 0.763636 0.421053
vt 0.804546 0.210526
vt 0.790909 0.421053
vt 0.790909 0.210526
vt 0.722727 0.421053
vt 0.845455 0.421053
vt 0.777273 0.421053
vt 0.804546 0.421053
vt 0.600000 -0.000000
vt 0.600000 -0.000000
vt 0.872727 0.210526
vt 0.872727 0.421053
vn 0.0000 -1.0000 0.0000
vn 0.0000 1.0000 0.0000
vn -1.0000 0.0000 0.0000
vn 0.0000 0.0000 -1.0000
vn 1.0000 0.0000 0.0000
vn 0.0000 0.0000 1.0000
vn -0.7071 0.7071 0.0000
vn 0.0000 0.7071 0.7071
vn 0.7071 0.7071 0.0000
vn 0.0000 0.7071 -0.7071
vn 0.4299 0.9029 0.0000
vn -0.4299 -0.9029 0.0000
vn -0.0000 -0.7071 -0.7071
vn -0.0000 -0.7071 0.7071
vn 0.8660 -0.0000 0.5000
vn -0.5000 0.0000 0.8660
vn -0.8660 0.0000 -0.5000
vn 0.8660 -0.0000 -0.5000
vn 0.5000 -0.0000 0.8660
vn -0.8660 0.0000 0.5000
vn 0.5000 -0.0000 -0.8660
vn -0.5000 0.0000 -0.8660
o Striker3
s off
f 882/1509/179 883/1510/179 881/1511/179
f 882/1512/180 888/1513/180 884/1514/180
f 883/1510/181 886/1515/181 881/1516/181
f 884/1517/182 885/1518/182 883/1510/182
f 881/1516/183 887/1519/183 882/1512/183
f 886/1515/184 885/1518/184 889/1520/184
f 885/1518/185 888/1521/185 889/1522/185
f 888/1513/186 887/1519/186 889/1523/186
f 887/1519/187 886/1515/187 889/1524/187
f 882/1509/179 884/1517/179 883/1510/179
f 882/1512/180 887/1519/180 888/1513/180
f 883/1510/181 885/1518/181 886/1515/181
f 884/1517/182 888/1521/182 885/1518/182
f 881/1516/183 886/1515/183 887/1519/183
