id	port_status	implementation	legacy_field	legacy_class	old_texture	new_texture	old_zh_cn	new_zh_cn	legacy_block_item	initializer
acetylene_torch	formal	HbmItems	acetylene_torch	ItemBlowtorch	True	True	True	True	False	acetylene_torch = new ItemBlowtorch().setUnlocalizedName("acetylene_torch")
achievement_icon	formal	HbmItems	achievement_icon	ItemEnumMulti	False	True	False	True	False	achievement_icon = new ItemEnumMulti(ItemEnums.EnumAchievementType.class, true, true).setUnlocalizedName("achievement_icon")
ajr_boots	formal	HbmItems		UNRESOLVED	True	True	True	True	False	
ajr_helmet	formal	HbmItems		UNRESOLVED	True	True	True	True	False	
ajr_legs	formal	HbmItems		UNRESOLVED	True	True	True	True	False	
ajr_plate	formal	HbmItems		UNRESOLVED	True	True	True	True	False	
ajro_boots	formal	HbmItems		UNRESOLVED	True	True	True	True	False	
ajro_helmet	formal	HbmItems		UNRESOLVED	True	True	True	True	False	
ajro_legs	formal	HbmItems		UNRESOLVED	True	True	True	True	False	
ajro_plate	formal	HbmItems		UNRESOLVED	True	True	True	True	False	
ammo_arty	formal	HbmItems	ammo_arty	ItemAmmoArty	True	True	True	True	False	ammo_arty = new ItemAmmoArty().setUnlocalizedName("ammo_arty")
ammo_bag	formal	HbmItems	ammo_bag	ItemAmmoBag	True	True	True	True	False	ammo_bag = new ItemAmmoBag().setUnlocalizedName("ammo_bag").setCreativeTab(MainRegistry.consumableTab).setTextureName(RefStrings.MODID + ":ammo_bag")
ammo_bag_infinite	formal	HbmItems	ammo_bag_infinite	ItemAmmoBag	True	True	True	True	False	ammo_bag_infinite = new ItemAmmoBag().setUnlocalizedName("ammo_bag_infinite").setCreativeTab(MainRegistry.consumableTab).setTextureName(RefStrings.MODID + ":ammo_bag_infinite")
ammo_container	formal	HbmItems	ammo_container	ItemAmmoContainer	True	True	True	True	False	ammo_container = new ItemAmmoContainer().setUnlocalizedName("ammo_container").setCreativeTab(MainRegistry.weaponTab).setTextureName(RefStrings.MODID + ":ammo_container")
ammo_debug	formal	HbmItems		UNRESOLVED	False	False	False	False	False	
ammo_dgk	formal	HbmItems	ammo_dgk	ItemCustomLore	True	True	True	True	False	ammo_dgk = new ItemCustomLore().setUnlocalizedName("ammo_dgk").setCreativeTab(MainRegistry.weaponTab)
ammo_fireext	formal	HbmItems	ammo_fireext	ItemAmmo	True	True	True	False	False	ammo_fireext = (ItemEnumMulti) new ItemAmmo(AmmoFireExt.class).setCreativeTab(MainRegistry.weaponTab).setUnlocalizedName("ammo_fireext")
ammo_himars	formal	HbmItems	ammo_himars	ItemAmmoHIMARS	False	True	False	True	False	ammo_himars = new ItemAmmoHIMARS().setUnlocalizedName("ammo_himars")
ammo_secret	formal	HbmItems		UNRESOLVED	False	False	False	False	False	
ammo_shell	formal	HbmItems	ammo_shell	ItemAmmo	True	True	True	True	False	ammo_shell = (ItemEnumMulti) new ItemAmmo(Ammo240Shell.class).setCreativeTab(MainRegistry.weaponTab).setUnlocalizedName("ammo_shell")
ammo_standard	formal	HbmItems		UNRESOLVED	False	False	False	True	False	
ams_catalyst_aluminium	formal	HbmItems	ams_catalyst_aluminium	ItemCatalyst	True	True	True	True	False	ams_catalyst_aluminium = new ItemCatalyst(0xCCCCCC, 1000000, 1.15F, 0.85F, 1.15F).setUnlocalizedName("ams_catalyst_aluminium").setCreativeTab(MainRegistry.controlTab).setMaxStackSize(1).setTextureName(RefStrings.MODID + ":ams_catalyst_aluminium")
ams_catalyst_beryllium	formal	HbmItems	ams_catalyst_beryllium	ItemCatalyst	True	True	True	True	False	ams_catalyst_beryllium = new ItemCatalyst(0x97978B, 0, 1.25F, 0.95F, 1.05F).setUnlocalizedName("ams_catalyst_beryllium").setCreativeTab(MainRegistry.controlTab).setMaxStackSize(1).setTextureName(RefStrings.MODID + ":ams_catalyst_beryllium")
ams_catalyst_blank	formal	HbmItems	ams_catalyst_blank	Item	True	True	True	True	False	ams_catalyst_blank = new Item().setUnlocalizedName("ams_catalyst_blank").setCreativeTab(MainRegistry.controlTab).setMaxStackSize(1).setTextureName(RefStrings.MODID + ":ams_catalyst_blank")
ams_catalyst_caesium	formal	HbmItems	ams_catalyst_caesium	ItemCatalyst	True	True	True	True	False	ams_catalyst_caesium = new ItemCatalyst(0x6400FF, 2500000, 1.00F, 0.85F, 1.15F).setUnlocalizedName("ams_catalyst_caesium").setCreativeTab(MainRegistry.controlTab).setMaxStackSize(1).setTextureName(RefStrings.MODID + ":ams_catalyst_caesium")
ams_catalyst_cerium	formal	HbmItems	ams_catalyst_cerium	ItemCatalyst	True	True	True	True	False	ams_catalyst_cerium = new ItemCatalyst(0x1D3FFF, 1000000, 1.15F, 1.15F, 0.85F).setUnlocalizedName("ams_catalyst_cerium").setCreativeTab(MainRegistry.controlTab).setMaxStackSize(1).setTextureName(RefStrings.MODID + ":ams_catalyst_cerium")
ams_catalyst_cobalt	formal	HbmItems	ams_catalyst_cobalt	ItemCatalyst	True	True	True	True	False	ams_catalyst_cobalt = new ItemCatalyst(0x789BBE, 0, 1.25F, 1.05F, 0.95F).setUnlocalizedName("ams_catalyst_cobalt").setCreativeTab(MainRegistry.controlTab).setMaxStackSize(1).setTextureName(RefStrings.MODID + ":ams_catalyst_cobalt")
ams_catalyst_copper	formal	HbmItems	ams_catalyst_copper	ItemCatalyst	True	True	True	True	False	ams_catalyst_copper = new ItemCatalyst(0xAADE29, 0, 1.25F, 1.00F, 1.00F).setUnlocalizedName("ams_catalyst_copper").setCreativeTab(MainRegistry.controlTab).setMaxStackSize(1).setTextureName(RefStrings.MODID + ":ams_catalyst_copper")
ams_catalyst_dineutronium	formal	HbmItems	ams_catalyst_dineutronium	ItemCatalyst	True	True	True	True	False	ams_catalyst_dineutronium = new ItemCatalyst(0x334077, 2500000, 1.00F, 1.15F, 0.85F).setUnlocalizedName("ams_catalyst_dineutronium").setCreativeTab(MainRegistry.controlTab).setMaxStackSize(1).setTextureName(RefStrings.MODID + ":ams_catalyst_dineutronium")
ams_catalyst_euphemium	formal	HbmItems	ams_catalyst_euphemium	ItemCatalyst	True	True	True	True	False	ams_catalyst_euphemium = new ItemCatalyst(0xFF9CD2, 2500000, 1.00F, 1.00F, 1.00F).setUnlocalizedName("ams_catalyst_euphemium").setCreativeTab(MainRegistry.controlTab).setMaxStackSize(1).setTextureName(RefStrings.MODID + ":ams_catalyst_euphemium")
ams_catalyst_iron	formal	HbmItems	ams_catalyst_iron	ItemCatalyst	True	True	True	True	False	ams_catalyst_iron = new ItemCatalyst(0xFF7E22, 1000000, 1.15F, 0.95F, 1.05F).setUnlocalizedName("ams_catalyst_iron").setCreativeTab(MainRegistry.controlTab).setMaxStackSize(1).setTextureName(RefStrings.MODID + ":ams_catalyst_iron")
ams_catalyst_lithium	formal	HbmItems	ams_catalyst_lithium	ItemCatalyst	True	True	True	True	False	ams_catalyst_lithium = new ItemCatalyst(0xFF2727, 0, 1.25F, 0.85F, 1.15F).setUnlocalizedName("ams_catalyst_lithium").setCreativeTab(MainRegistry.controlTab).setMaxStackSize(1).setTextureName(RefStrings.MODID + ":ams_catalyst_lithium")
ams_catalyst_niobium	formal	HbmItems	ams_catalyst_niobium	ItemCatalyst	True	True	True	True	False	ams_catalyst_niobium = new ItemCatalyst(0x3BF1B6, 1000000, 1.15F, 1.05F, 0.95F).setUnlocalizedName("ams_catalyst_niobium").setCreativeTab(MainRegistry.controlTab).setMaxStackSize(1).setTextureName(RefStrings.MODID + ":ams_catalyst_niobium")
ams_catalyst_schrabidium	formal	HbmItems	ams_catalyst_schrabidium	ItemCatalyst	True	True	True	True	False	ams_catalyst_schrabidium = new ItemCatalyst(0x32FFFF, 2500000, 1.00F, 1.05F, 0.95F).setUnlocalizedName("ams_catalyst_schrabidium").setCreativeTab(MainRegistry.controlTab).setMaxStackSize(1).setTextureName(RefStrings.MODID + ":ams_catalyst_schrabidium")
ams_catalyst_strontium	formal	HbmItems	ams_catalyst_strontium	ItemCatalyst	True	True	True	True	False	ams_catalyst_strontium = new ItemCatalyst(0xDD0D35, 1000000, 1.15F, 1.00F, 1.00F).setUnlocalizedName("ams_catalyst_strontium").setCreativeTab(MainRegistry.controlTab).setMaxStackSize(1).setTextureName(RefStrings.MODID + ":ams_catalyst_strontium")
ams_catalyst_thorium	formal	HbmItems	ams_catalyst_thorium	ItemCatalyst	True	True	True	True	False	ams_catalyst_thorium = new ItemCatalyst(0x653B22, 2500000, 1.00F, 0.95F, 1.05F).setUnlocalizedName("ams_catalyst_thorium").setCreativeTab(MainRegistry.controlTab).setMaxStackSize(1).setTextureName(RefStrings.MODID + ":ams_catalyst_thorium")
ams_catalyst_tungsten	formal	HbmItems	ams_catalyst_tungsten	ItemCatalyst	True	True	True	True	False	ams_catalyst_tungsten = new ItemCatalyst(0xF5FF48, 0, 1.25F, 1.15F, 0.85F).setUnlocalizedName("ams_catalyst_tungsten").setCreativeTab(MainRegistry.controlTab).setMaxStackSize(1).setTextureName(RefStrings.MODID + ":ams_catalyst_tungsten")
ams_core_eyeofharmony	formal	HbmItems	ams_core_eyeofharmony	ItemAMSCore	True	True	True	True	False	ams_core_eyeofharmony = new ItemAMSCore(2500000000L, 300, 10).setUnlocalizedName("ams_core_eyeofharmony").setMaxStackSize(1).setCreativeTab(MainRegistry.controlTab).setTextureName(RefStrings.MODID + ":ams_core_eyeofharmony")
ams_core_sing	formal	HbmItems	ams_core_sing	ItemAMSCore	True	True	True	True	False	ams_core_sing = new ItemAMSCore(1000000000L, 200, 10).setUnlocalizedName("ams_core_sing").setMaxStackSize(1).setCreativeTab(MainRegistry.controlTab).setTextureName(RefStrings.MODID + ":ams_core_sing")
ams_core_thingy	formal	HbmItems	ams_core_thingy	ItemAMSCore	True	True	True	True	False	ams_core_thingy = new ItemAMSCore(5000000000L, 250, 5).setUnlocalizedName("ams_core_thingy").setMaxStackSize(1).setCreativeTab(null).setTextureName(RefStrings.MODID + ":ams_core_thingy")
ams_core_wormhole	formal	HbmItems	ams_core_wormhole	ItemAMSCore	True	True	True	True	False	ams_core_wormhole = new ItemAMSCore(1500000000L, 200, 15).setUnlocalizedName("ams_core_wormhole").setMaxStackSize(1).setCreativeTab(MainRegistry.controlTab).setTextureName(RefStrings.MODID + ":ams_core_wormhole")
ams_lens	formal	HbmItems	ams_lens	ItemLens	True	True	True	True	False	ams_lens = new ItemLens(60 * 60 * 60 * 20 * 100).setUnlocalizedName("ams_lens").setMaxStackSize(1).setCreativeTab(MainRegistry.controlTab).setTextureName(RefStrings.MODID + ":ams_lens")
analysis_tool	formal	HbmItems	analysis_tool	ItemAnalysisTool	True	True	True	True	False	analysis_tool = new ItemAnalysisTool().setUnlocalizedName("analysis_tool").setMaxStackSize(1).setCreativeTab(MainRegistry.consumableTab).setTextureName(RefStrings.MODID + ":analysis_tool")
anchor_remote	formal	HbmItems	anchor_remote	ItemAnchorRemote	True	True	True	True	False	anchor_remote = new ItemAnchorRemote().setUnlocalizedName("anchor_remote").setMaxStackSize(1).setFull3D().setCreativeTab(MainRegistry.consumableTab).setTextureName(RefStrings.MODID + ":anchor_remote")
apple_euphemium	formal	HbmItems	apple_euphemium	ItemAppleEuphemium	True	True	True	True	False	apple_euphemium = new ItemAppleEuphemium(20, 100, false).setUnlocalizedName("apple_euphemium").setMaxStackSize(1).setTextureName(RefStrings.MODID + ":apple_euphemium")
apple_lead	formal	HbmItems	apple_lead	ItemAppleSchrabidium	True	True	True	True	False	apple_lead = new ItemAppleSchrabidium(5, 0, false).setUnlocalizedName("apple_lead").setCreativeTab(MainRegistry.consumableTab).setTextureName(RefStrings.MODID + ":apple_lead")
apple_schrabidium	formal	HbmItems	apple_schrabidium	ItemAppleSchrabidium	True	True	True	True	False	apple_schrabidium = new ItemAppleSchrabidium(20, 100, false).setUnlocalizedName("apple_schrabidium").setCreativeTab(MainRegistry.consumableTab).setTextureName(RefStrings.MODID + ":apple_schrabidium")
arc_electrode	formal	HbmItems	arc_electrode	ItemArcElectrode	True	True	True	True	False	arc_electrode = new ItemArcElectrode().setUnlocalizedName("arc_electrode").setCreativeTab(MainRegistry.controlTab).setTextureName(RefStrings.MODID + ":arc_electrode")
arc_electrode_burnt	formal	HbmItems	arc_electrode_burnt	ItemArcElectrodeBurnt	False	True	True	True	False	arc_electrode_burnt = new ItemArcElectrodeBurnt().setUnlocalizedName("arc_electrode_burnt").setCreativeTab(MainRegistry.controlTab).setTextureName(RefStrings.MODID + ":arc_electrode_burnt")
armor_battery	formal	HbmItems	armor_battery	ItemModBattery	True	True	True	True	False	armor_battery = new ItemModBattery(1.25D).setUnlocalizedName("armor_battery").setTextureName(RefStrings.MODID + ":armor_battery")
armor_battery_mk2	formal	HbmItems	armor_battery_mk2	ItemModBattery	True	True	True	True	False	armor_battery_mk2 = new ItemModBattery(1.5D).setUnlocalizedName("armor_battery_mk2").setTextureName(RefStrings.MODID + ":armor_battery_mk2")
armor_battery_mk3	formal	HbmItems	armor_battery_mk3	ItemModBattery	True	True	True	True	False	armor_battery_mk3 = new ItemModBattery(2D).setUnlocalizedName("armor_battery_mk3").setTextureName(RefStrings.MODID + ":armor_battery_mk3")
armor_polish	formal	HbmItems	armor_polish	ItemModPolish	True	True	True	True	False	armor_polish = new ItemModPolish().setUnlocalizedName("armor_polish").setTextureName(RefStrings.MODID + ":armor_polish")
asbestos_boots	formal	HbmItems		UNRESOLVED	True	True	True	True	False	
asbestos_cloth	formal	HbmItems	asbestos_cloth	Item	True	True	True	True	False	asbestos_cloth = new Item().setUnlocalizedName("asbestos_cloth").setCreativeTab(MainRegistry.partsTab).setTextureName(RefStrings.MODID + ":asbestos_cloth")
asbestos_helmet	formal	HbmItems		UNRESOLVED	True	True	True	True	False	
asbestos_legs	formal	HbmItems		UNRESOLVED	True	True	True	True	False	
asbestos_plate	formal	HbmItems		UNRESOLVED	True	True	True	True	False	
ashglasses	formal	HbmItems		UNRESOLVED	True	True	True	True	False	
assembly_nuke	formal	HbmItems	assembly_nuke	Item	True	True	True	True	False	assembly_nuke = new Item().setUnlocalizedName("assembly_nuke").setCreativeTab(MainRegistry.partsTab).setTextureName(RefStrings.MODID + ":assembly_nuke")
attachment_mask	formal	HbmItems	attachment_mask	ItemModGasmask	True	True	True	True	False	attachment_mask = new ItemModGasmask().setUnlocalizedName("attachment_mask").setTextureName(RefStrings.MODID + ":attachment_mask")
attachment_mask_mono	formal	HbmItems	attachment_mask_mono	ItemModGasmask	True	True	True	True	False	attachment_mask_mono = new ItemModGasmask().setUnlocalizedName("attachment_mask_mono").setTextureName(RefStrings.MODID + ":attachment_mask_mono")
australium_iii	formal	HbmItems	australium_iii	ItemModShield	True	True	True	True	False	australium_iii = new ItemModShield(25F).setUnlocalizedName("australium_iii").setTextureName(RefStrings.MODID + ":australium_iii")
back_tesla	formal	HbmItems	back_tesla	ItemModTesla	True	True	True	True	False	back_tesla = new ItemModTesla().setUnlocalizedName("back_tesla").setTextureName(RefStrings.MODID + ":back_tesla")
balefire_and_ham	formal	HbmItems	balefire_and_ham	ItemSoup	True	True	True	True	False	balefire_and_ham = new ItemSoup(6).setUnlocalizedName("balefire_and_ham").setCreativeTab(MainRegistry.consumableTab).setTextureName(RefStrings.MODID + ":balefire_and_ham")
balefire_and_steel	formal	HbmItems	balefire_and_steel	ItemBalefireMatch	True	True	True	True	False	balefire_and_steel = new ItemBalefireMatch().setUnlocalizedName("balefire_and_steel").setCreativeTab(CreativeTabs.tabTools).setFull3D().setTextureName(RefStrings.MODID + ":balefire_and_steel")
balefire_scrambled	formal	HbmItems	balefire_scrambled	ItemSoup	True	True	True	True	False	balefire_scrambled = new ItemSoup(6).setUnlocalizedName("balefire_scrambled").setCreativeTab(MainRegistry.consumableTab).setTextureName(RefStrings.MODID + ":balefire_scrambled")
ball_dynamite	formal	HbmItems	ball_dynamite	Item	True	True	True	True	False	ball_dynamite = new Item().setUnlocalizedName("ball_dynamite").setCreativeTab(MainRegistry.partsTab).setTextureName(RefStrings.MODID + ":ball_dynamite")
ball_fireclay	formal	HbmItems	ball_fireclay	Item	True	True	True	True	False	ball_fireclay = new Item().setUnlocalizedName("ball_fireclay").setCreativeTab(MainRegistry.partsTab).setTextureName(RefStrings.MODID + ":ball_fireclay")
ball_resin	formal	HbmItems	ball_resin	ItemCustomLore	True	True	True	True	False	ball_resin = new ItemCustomLore().setUnlocalizedName("ball_resin").setCreativeTab(MainRegistry.partsTab).setTextureName(RefStrings.MODID + ":ball_resin")
ball_tatb	formal	HbmItems	ball_tatb	Item	True	True	True	True	False	ball_tatb = new Item().setUnlocalizedName("ball_tatb").setCreativeTab(MainRegistry.partsTab).setTextureName(RefStrings.MODID + ":ball_tatb")
ball_tnt	formal	HbmItems	ball_tnt	Item	True	True	True	True	False	ball_tnt = new Item().setUnlocalizedName("ball_tnt").setCreativeTab(MainRegistry.partsTab).setTextureName(RefStrings.MODID + ":ball_tnt")
ballistic_gauntlet	formal	HbmItems	ballistic_gauntlet	ItemModTwoKick	True	True	True	True	False	ballistic_gauntlet = new ItemModTwoKick().setUnlocalizedName("ballistic_gauntlet").setTextureName(RefStrings.MODID + ":ballistic_gauntlet")
ballistite	formal	HbmItems	ballistite	Item	True	True	True	True	False	ballistite = new Item().setUnlocalizedName("ballistite").setCreativeTab(MainRegistry.partsTab).setTextureName(RefStrings.MODID + ":ballistite")
bandaid	formal	HbmItems	bandaid	ItemModBandaid	True	True	True	True	False	bandaid = new ItemModBandaid().setUnlocalizedName("bandaid").setTextureName(RefStrings.MODID + ":bandaid")
bathwater	formal	HbmItems	bathwater	ItemModBathwater	True	True	True	True	False	bathwater = new ItemModBathwater().setUnlocalizedName("bathwater").setTextureName(RefStrings.MODID + ":bathwater")
bathwater_mk2	formal	HbmItems	bathwater_mk2	ItemModBathwater	True	True	True	True	False	bathwater_mk2 = new ItemModBathwater().setUnlocalizedName("bathwater_mk2").setTextureName(RefStrings.MODID + ":bathwater_mk2")
battery_creative	formal	HbmItems	battery_creative	ItemBatteryCreative	False	True	True	True	False	battery_creative = new ItemBatteryCreative().setUnlocalizedName("battery_creative").setMaxStackSize(1).setCreativeTab(MainRegistry.controlTab).setTextureName(RefStrings.MODID + ":battery_creative_new")
battery_pack	formal	HbmItems	battery_pack	ItemBatteryPack	False	False	False	True	False	battery_pack = new ItemBatteryPack().setUnlocalizedName("battery_pack").setTextureName(RefStrings.MODID + ":battery_creative_new")
battery_potato	formal	HbmItems	battery_potato	ItemBattery	True	True	True	True	False	battery_potato = new ItemBattery(1000, 0, 100).setUnlocalizedName("battery_potato").setMaxStackSize(1).setCreativeTab(MainRegistry.controlTab).setTextureName(RefStrings.MODID + ":battery_potato")
battery_potatos	formal	HbmItems	battery_potatos	ItemPotatos	True	True	True	True	False	battery_potatos = new ItemPotatos(500000, 0, 100).setUnlocalizedName("battery_potatos").setMaxStackSize(1).setCreativeTab(MainRegistry.controlTab).setTextureName(RefStrings.MODID + ":battery_potatos")
battery_sc	formal	HbmItems	battery_sc	ItemBatterySC	False	False	False	True	False	battery_sc = new ItemBatterySC().setUnlocalizedName("battery_sc").setMaxStackSize(1).setCreativeTab(MainRegistry.controlTab).setTextureName(RefStrings.MODID + ":battery_sc")
battery_spark	formal	HbmItems	battery_spark	Item	True	True	True	True	False	battery_spark = new Item().setUnlocalizedName("battery_spark").setMaxStackSize(1).setCreativeTab(MainRegistry.nukeTab).setTextureName(RefStrings.MODID + ":battery_spark")
battery_trixite	formal	HbmItems	battery_trixite	Item	True	True	True	True	False	battery_trixite = new Item().setUnlocalizedName("battery_trixite").setMaxStackSize(1).setCreativeTab(MainRegistry.nukeTab).setTextureName(RefStrings.MODID + ":battery_trixite")
bdcl	formal	HbmItems	bdcl	ItemBDCL	True	True	True	True	False	bdcl = new ItemBDCL().setUnlocalizedName("bdcl").setCreativeTab(MainRegistry.consumableTab).setTextureName(RefStrings.MODID + ":bdcl")
bedrock_ore	formal	HbmItems	bedrock_ore	ItemBedrockOreNew	True	True	False	True	False	bedrock_ore = new ItemBedrockOreNew().setUnlocalizedName("bedrock_ore").setCreativeTab(MainRegistry.partsTab).setTextureName(RefStrings.MODID + ":bedrock_ore_new")
bedrock_ore_base	formal	HbmItems	bedrock_ore_base	ItemBedrockOreBase	False	False	True	True	False	bedrock_ore_base = new ItemBedrockOreBase().setUnlocalizedName("bedrock_ore_base").setCreativeTab(MainRegistry.partsTab).setTextureName(RefStrings.MODID + ":bedrock_ore_new")
bedrock_ore_fragment	formal	HbmItems	bedrock_ore_fragment	ItemAutogen	True	True	True	True	False	bedrock_ore_fragment = new ItemAutogen(MaterialShapes.FRAGMENT).aot(Mats.MAT_BISMUTH, "bedrock_ore_fragment_bismuth").setUnlocalizedName("bedrock_ore_fragment").setCreativeTab(MainRegistry.partsTab).setTextureName(RefStrings.MODID + ":bedrock_ore_fragment")
beta	formal	HbmItems		UNRESOLVED	True	True	True	True	False	
big_sword	formal	HbmItems	big_sword	BigSword	True	True	True	True	False	big_sword = new BigSword(ToolMaterial.EMERALD).setUnlocalizedName("big_sword").setCreativeTab(CreativeTabs.tabCombat).setTextureName(RefStrings.MODID + ":big_sword")
billet_actinium	formal	HbmItems dynamic material/specialized registration	billet_actinium	Item	True	True	True	True	False	billet_actinium = new Item().setUnlocalizedName("billet_actinium").setCreativeTab(MainRegistry.partsTab).setTextureName(RefStrings.MODID + ":billet_actinium")
billet_am_mix	formal	HbmItems dynamic material/specialized registration	billet_am_mix	Item	True	True	True	True	False	billet_am_mix = new Item().setUnlocalizedName("billet_am_mix").setCreativeTab(MainRegistry.partsTab).setTextureName(RefStrings.MODID + ":billet_am_mix")
billet_am241	formal	HbmItems dynamic material/specialized registration	billet_am241	Item	True	True	True	True	False	billet_am241 = new Item().setUnlocalizedName("billet_am241").setCreativeTab(MainRegistry.partsTab).setTextureName(RefStrings.MODID + ":billet_am241")
billet_am242	formal	HbmItems dynamic material/specialized registration	billet_am242	Item	True	True	True	True	False	billet_am242 = new Item().setUnlocalizedName("billet_am242").setCreativeTab(MainRegistry.partsTab).setTextureName(RefStrings.MODID + ":billet_am242")
billet_americium_fuel	formal	HbmItems dynamic material/specialized registration	billet_americium_fuel	Item	True	True	True	True	False	billet_americium_fuel = new Item().setUnlocalizedName("billet_americium_fuel").setCreativeTab(MainRegistry.partsTab).setTextureName(RefStrings.MODID + ":billet_americium_fuel")
billet_au198	formal	HbmItems	billet_au198	Item	True	True	True	True	False	billet_au198 = new Item().setUnlocalizedName("billet_au198").setCreativeTab(MainRegistry.partsTab).setTextureName(RefStrings.MODID + ":billet_au198")
billet_australium	formal	HbmItems dynamic material/specialized registration	billet_australium	ItemCustomLore	True	True	True	True	False	billet_australium = new ItemCustomLore().setRarity(EnumRarity.uncommon).setUnlocalizedName("billet_australium").setCreativeTab(MainRegistry.partsTab).setTextureName(RefStrings.MODID + ":billet_australium")
billet_australium_greater	formal	HbmItems dynamic material/specialized registration	billet_australium_greater	ItemCustomLore	True	True	True	True	False	billet_australium_greater = new ItemCustomLore().setRarity(EnumRarity.uncommon).setUnlocalizedName("billet_australium_greater").setCreativeTab(MainRegistry.partsTab).setTextureName(RefStrings.MODID + ":billet_australium_greater")
billet_australium_lesser	formal	HbmItems dynamic material/specialized registration	billet_australium_lesser	ItemCustomLore	True	True	True	True	False	billet_australium_lesser = new ItemCustomLore().setRarity(EnumRarity.uncommon).setUnlocalizedName("billet_australium_lesser").setCreativeTab(MainRegistry.partsTab).setTextureName(RefStrings.MODID + ":billet_australium_lesser")
billet_balefire_gold	formal	HbmItems dynamic material/specialized registration	billet_balefire_gold	ItemCustomLore	True	True	True	True	False	billet_balefire_gold = new ItemCustomLore().setRarity(EnumRarity.uncommon).setUnlocalizedName("billet_balefire_gold").setCreativeTab(MainRegistry.partsTab).setTextureName(RefStrings.MODID + ":billet_balefire_gold")
billet_beryllium	formal	HbmItems dynamic material/specialized registration	billet_beryllium	Item	True	True	True	True	False	billet_beryllium = new Item().setUnlocalizedName("billet_beryllium").setCreativeTab(MainRegistry.partsTab).setTextureName(RefStrings.MODID + ":billet_beryllium")
billet_bismuth	formal	HbmItems dynamic material/specialized registration	billet_bismuth	Item	True	True	True	True	False	billet_bismuth = new Item().setUnlocalizedName("billet_bismuth").setCreativeTab(MainRegistry.partsTab).setTextureName(RefStrings.MODID + ":billet_bismuth")
billet_co60	formal	HbmItems dynamic material/specialized registration	billet_co60	Item	True	True	True	True	False	billet_co60 = new Item().setUnlocalizedName("billet_co60").setCreativeTab(MainRegistry.partsTab).setTextureName(RefStrings.MODID + ":billet_co60")
billet_cobalt	formal	HbmItems dynamic material/specialized registration	billet_cobalt	Item	True	True	True	True	False	billet_cobalt = new Item().setUnlocalizedName("billet_cobalt").setCreativeTab(MainRegistry.partsTab).setTextureName(RefStrings.MODID + ":billet_cobalt")
billet_flashlead	formal	HbmItems dynamic material/specialized registration	billet_flashlead	ItemCustomLore	True	True	True	True	False	billet_flashlead = new ItemCustomLore().setRarity(EnumRarity.uncommon).setUnlocalizedName("billet_flashlead").setCreativeTab(MainRegistry.partsTab).setTextureName(RefStrings.MODID + ":billet_flashlead")
billet_gh336	formal	HbmItems dynamic material/specialized registration	billet_gh336	ItemCustomLore	True	True	True	True	False	billet_gh336 = new ItemCustomLore().setRarity(EnumRarity.epic).setUnlocalizedName("billet_gh336").setCreativeTab(MainRegistry.partsTab).setTextureName(RefStrings.MODID + ":billet_gh336")
billet_hes	formal	HbmItems dynamic material/specialized registration	billet_hes	Item	True	True	True	True	False	billet_hes = new Item().setUnlocalizedName("billet_hes").setCreativeTab(MainRegistry.partsTab).setTextureName(RefStrings.MODID + ":billet_hes")
billet_les	formal	HbmItems dynamic material/specialized registration	billet_les	Item	True	True	True	True	False	billet_les = new Item().setUnlocalizedName("billet_les").setCreativeTab(MainRegistry.partsTab).setTextureName(RefStrings.MODID + ":billet_les")
billet_mox_fuel	formal	HbmItems dynamic material/specialized registration	billet_mox_fuel	Item	True	True	True	True	False	billet_mox_fuel = new Item().setUnlocalizedName("billet_mox_fuel").setCreativeTab(MainRegistry.partsTab).setTextureName(RefStrings.MODID + ":billet_mox_fuel")
billet_neptunium	formal	HbmItems dynamic material/specialized registration	billet_neptunium	Item	True	True	True	True	False	billet_neptunium = new Item().setUnlocalizedName("billet_neptunium").setCreativeTab(MainRegistry.partsTab).setTextureName(RefStrings.MODID + ":billet_neptunium")
billet_neptunium_fuel	formal	HbmItems dynamic material/specialized registration	billet_neptunium_fuel	Item	True	True	True	True	False	billet_neptunium_fuel = new Item().setUnlocalizedName("billet_neptunium_fuel").setCreativeTab(MainRegistry.partsTab).setTextureName(RefStrings.MODID + ":billet_neptunium_fuel")
billet_nuclear_waste	formal	HbmItems dynamic material/specialized registration	billet_nuclear_waste	Item	True	True	True	True	False	billet_nuclear_waste = new Item().setUnlocalizedName("billet_nuclear_waste").setCreativeTab(MainRegistry.partsTab).setTextureName(RefStrings.MODID + ":billet_nuclear_waste")
billet_pb209	formal	HbmItems dynamic material/specialized registration	billet_pb209	Item	True	True	True	True	False	billet_pb209 = new Item().setUnlocalizedName("billet_pb209").setCreativeTab(MainRegistry.partsTab).setTextureName(RefStrings.MODID + ":billet_pb209")
billet_plutonium	formal	HbmItems dynamic material/specialized registration	billet_plutonium	Item	True	True	True	True	False	billet_plutonium = new Item().setUnlocalizedName("billet_plutonium").setCreativeTab(MainRegistry.partsTab).setTextureName(RefStrings.MODID + ":billet_plutonium")
billet_plutonium_fuel	formal	HbmItems dynamic material/specialized registration	billet_plutonium_fuel	Item	True	True	True	True	False	billet_plutonium_fuel = new Item().setUnlocalizedName("billet_plutonium_fuel").setCreativeTab(MainRegistry.partsTab).setTextureName(RefStrings.MODID + ":billet_plutonium_fuel")
billet_po210be	formal	HbmItems dynamic material/specialized registration	billet_po210be	Item	True	True	True	True	False	billet_po210be = new Item().setUnlocalizedName("billet_po210be").setCreativeTab(MainRegistry.partsTab).setTextureName(RefStrings.MODID + ":billet_po210be")
billet_polonium	formal	HbmItems dynamic material/specialized registration	billet_polonium	Item	True	True	True	True	False	billet_polonium = new Item().setUnlocalizedName("billet_polonium").setCreativeTab(MainRegistry.partsTab).setTextureName(RefStrings.MODID + ":billet_polonium")
billet_pu_mix	formal	HbmItems dynamic material/specialized registration	billet_pu_mix	Item	True	True	True	True	False	billet_pu_mix = new Item().setUnlocalizedName("billet_pu_mix").setCreativeTab(MainRegistry.partsTab).setTextureName(RefStrings.MODID + ":billet_pu_mix")
billet_pu238	formal	HbmItems dynamic material/specialized registration	billet_pu238	Item	True	True	True	True	False	billet_pu238 = new Item().setUnlocalizedName("billet_pu238").setCreativeTab(MainRegistry.partsTab).setTextureName(RefStrings.MODID + ":billet_pu238")
billet_pu238be	formal	HbmItems dynamic material/specialized registration	billet_pu238be	Item	True	True	True	True	False	billet_pu238be = new Item().setUnlocalizedName("billet_pu238be").setCreativeTab(MainRegistry.partsTab).setTextureName(RefStrings.MODID + ":billet_pu238be")
billet_pu239	formal	HbmItems dynamic material/specialized registration	billet_pu239	Item	True	True	True	True	False	billet_pu239 = new Item().setUnlocalizedName("billet_pu239").setCreativeTab(MainRegistry.partsTab).setTextureName(RefStrings.MODID + ":billet_pu239")
billet_pu240	formal	HbmItems dynamic material/specialized registration	billet_pu240	Item	True	True	True	True	False	billet_pu240 = new Item().setUnlocalizedName("billet_pu240").setCreativeTab(MainRegistry.partsTab).setTextureName(RefStrings.MODID + ":billet_pu240")
billet_pu241	formal	HbmItems dynamic material/specialized registration	billet_pu241	Item	True	True	True	True	False	billet_pu241 = new Item().setUnlocalizedName("billet_pu241").setCreativeTab(MainRegistry.partsTab).setTextureName(RefStrings.MODID + ":billet_pu241")
billet_ra226	formal	HbmItems dynamic material/specialized registration	billet_ra226	Item	True	True	True	True	False	billet_ra226 = new Item().setUnlocalizedName("billet_ra226").setCreativeTab(MainRegistry.partsTab).setTextureName(RefStrings.MODID + ":billet_ra226")
billet_ra226be	formal	HbmItems dynamic material/specialized registration	billet_ra226be	Item	True	True	True	True	False	billet_ra226be = new Item().setUnlocalizedName("billet_ra226be").setCreativeTab(MainRegistry.partsTab).setTextureName(RefStrings.MODID + ":billet_ra226be")
billet_schrabidium	formal	HbmItems dynamic material/specialized registration	billet_schrabidium	ItemCustomLore	True	True	True	True	False	billet_schrabidium = new ItemCustomLore().setRarity(EnumRarity.rare).setUnlocalizedName("billet_schrabidium").setCreativeTab(MainRegistry.partsTab).setTextureName(RefStrings.MODID + ":billet_schrabidium")
billet_schrabidium_fuel	formal	HbmItems dynamic material/specialized registration	billet_schrabidium_fuel	Item	True	True	True	True	False	billet_schrabidium_fuel = new Item().setUnlocalizedName("billet_schrabidium_fuel").setCreativeTab(MainRegistry.partsTab).setTextureName(RefStrings.MODID + ":billet_schrabidium_fuel")
billet_silicon	formal	HbmItems	billet_silicon	Item	True	True	True	True	False	billet_silicon = new Item().setUnlocalizedName("billet_silicon").setCreativeTab(MainRegistry.partsTab).setTextureName(RefStrings.MODID + ":billet_silicon")
billet_solinium	formal	HbmItems dynamic material/specialized registration	billet_solinium	Item	True	True	True	True	False	billet_solinium = new Item().setUnlocalizedName("billet_solinium").setCreativeTab(MainRegistry.partsTab).setTextureName(RefStrings.MODID + ":billet_solinium")
billet_sr90	formal	HbmItems dynamic material/specialized registration	billet_sr90	Item	True	True	True	True	False	billet_sr90 = new Item().setUnlocalizedName("billet_sr90").setCreativeTab(MainRegistry.partsTab).setTextureName(RefStrings.MODID + ":billet_sr90")
billet_technetium	formal	HbmItems dynamic material/specialized registration	billet_technetium	Item	True	True	True	True	False	billet_technetium = new Item().setUnlocalizedName("billet_technetium").setCreativeTab(MainRegistry.partsTab).setTextureName(RefStrings.MODID + ":billet_technetium")
billet_th232	formal	HbmItems dynamic material/specialized registration	billet_th232	Item	True	True	True	True	False	billet_th232 = new Item().setUnlocalizedName("billet_th232").setCreativeTab(MainRegistry.partsTab).setTextureName(RefStrings.MODID + ":billet_th232")
billet_thorium_fuel	formal	HbmItems dynamic material/specialized registration	billet_thorium_fuel	Item	True	True	True	True	False	billet_thorium_fuel = new Item().setUnlocalizedName("billet_thorium_fuel").setCreativeTab(MainRegistry.partsTab).setTextureName(RefStrings.MODID + ":billet_thorium_fuel")
billet_u233	formal	HbmItems dynamic material/specialized registration	billet_u233	Item	True	True	True	True	False	billet_u233 = new Item().setUnlocalizedName("billet_u233").setCreativeTab(MainRegistry.partsTab).setTextureName(RefStrings.MODID + ":billet_u233")
billet_u235	formal	HbmItems dynamic material/specialized registration	billet_u235	Item	True	True	True	True	False	billet_u235 = new Item().setUnlocalizedName("billet_u235").setCreativeTab(MainRegistry.partsTab).setTextureName(RefStrings.MODID + ":billet_u235")
billet_u238	formal	HbmItems dynamic material/specialized registration	billet_u238	Item	True	True	True	True	False	billet_u238 = new Item().setUnlocalizedName("billet_u238").setCreativeTab(MainRegistry.partsTab).setTextureName(RefStrings.MODID + ":billet_u238")
billet_uranium	formal	HbmItems dynamic material/specialized registration	billet_uranium	Item	True	True	True	True	False	billet_uranium = new Item().setUnlocalizedName("billet_uranium").setCreativeTab(MainRegistry.partsTab).setTextureName(RefStrings.MODID + ":billet_uranium")
billet_uranium_fuel	formal	HbmItems dynamic material/specialized registration	billet_uranium_fuel	Item	True	True	True	True	False	billet_uranium_fuel = new Item().setUnlocalizedName("billet_uranium_fuel").setCreativeTab(MainRegistry.partsTab).setTextureName(RefStrings.MODID + ":billet_uranium_fuel")
billet_uzh	formal	HbmItems dynamic material/specialized registration	billet_uzh	Item	True	True	True	True	False	billet_uzh = new Item().setUnlocalizedName("billet_uzh").setCreativeTab(MainRegistry.partsTab).setTextureName(RefStrings.MODID + ":billet_uzh")
billet_yharonite	formal	HbmItems dynamic material/specialized registration	billet_yharonite	Item	True	True	True	True	False	billet_yharonite = new Item().setUnlocalizedName("billet_yharonite").setCreativeTab(MainRegistry.partsTab).setTextureName(RefStrings.MODID + ":billet_yharonite")
billet_zfb_am_mix	formal	HbmItems dynamic material/specialized registration	billet_zfb_am_mix	Item	True	True	True	True	False	billet_zfb_am_mix = new Item().setUnlocalizedName("billet_zfb_am_mix").setCreativeTab(MainRegistry.partsTab).setTextureName(RefStrings.MODID + ":billet_zfb_am_mix")
billet_zfb_bismuth	formal	HbmItems dynamic material/specialized registration	billet_zfb_bismuth	Item	True	True	True	True	False	billet_zfb_bismuth = new Item().setUnlocalizedName("billet_zfb_bismuth").setCreativeTab(MainRegistry.partsTab).setTextureName(RefStrings.MODID + ":billet_zfb_bismuth")
billet_zfb_pu241	formal	HbmItems dynamic material/specialized registration	billet_zfb_pu241	Item	True	True	True	True	False	billet_zfb_pu241 = new Item().setUnlocalizedName("billet_zfb_pu241").setCreativeTab(MainRegistry.partsTab).setTextureName(RefStrings.MODID + ":billet_zfb_pu241")
billet_zirconium	formal	HbmItems dynamic material/specialized registration	billet_zirconium	Item	True	True	True	True	False	billet_zirconium = new Item().setUnlocalizedName("billet_zirconium").setCreativeTab(MainRegistry.partsTab).setTextureName(RefStrings.MODID + ":billet_zirconium")
bio_wafer	formal	HbmItems	bio_wafer	ItemLemon	True	True	True	True	False	bio_wafer = new ItemLemon(4, 2F, false).setUnlocalizedName("bio_wafer").setCreativeTab(MainRegistry.partsTab).setTextureName(RefStrings.MODID + ":bio_wafer")
biomass	formal	HbmItems	biomass	Item	True	True	True	True	False	biomass = new Item().setUnlocalizedName("biomass").setCreativeTab(MainRegistry.partsTab).setTextureName(RefStrings.MODID + ":biomass")
biomass_compressed	formal	HbmItems	biomass_compressed	Item	True	True	True	True	False	biomass_compressed = new Item().setUnlocalizedName("biomass_compressed").setCreativeTab(MainRegistry.partsTab).setTextureName(RefStrings.MODID + ":biomass_compressed")
bismuth_axe	formal	HbmItems	bismuth_axe	ItemToolAbility	True	True	True	True	False	bismuth_axe = new ItemToolAbility(25F, 0, matBismuth, EnumToolType.AXE) .addAbility(IToolAreaAbility.HAMMER, 1) .addAbility(IToolAreaAbility.HAMMER_FLAT, 1) .addAbility(IToolAreaAbility.RECURSION, 1) .addAbility(IToolHarvestAbility.SHREDDER, 0) .addAbility(IToolHarvestAbility.LUCK, 1) .addAbility(IToolHarvestAbility.SILK, 0) .addAbility(IWeaponAbility.STUN, 3) .addAbility(IWeaponAbility.VAMPIRE, 1) .addAbility(IWeaponAbility.BEHEADER, 0).setUnlocalizedName("bismuth_axe").setTextureName(RefStrings.MODID + ":bismuth_axe")
bismuth_boots	formal	HbmItems		UNRESOLVED	True	True	True	True	False	
bismuth_helmet	formal	HbmItems		UNRESOLVED	True	True	True	True	False	
bismuth_legs	formal	HbmItems		UNRESOLVED	True	True	True	True	False	
bismuth_pickaxe	formal	HbmItems	bismuth_pickaxe	ItemToolAbility	True	True	True	True	False	bismuth_pickaxe = new ItemToolAbility(15F, 0, matBismuth, EnumToolType.MINER) .addAbility(IToolAreaAbility.HAMMER, 1) .addAbility(IToolAreaAbility.HAMMER_FLAT, 1) .addAbility(IToolAreaAbility.RECURSION, 1) .addAbility(IToolHarvestAbility.SHREDDER, 0) .addAbility(IToolHarvestAbility.LUCK, 1) .addAbility(IToolHarvestAbility.SILK, 0) .addAbility(IWeaponAbility.STUN, 2) .addAbility(IWeaponAbility.VAMPIRE, 0) .addAbility(IWeaponAbility.BEHEADER, 0) .setDepthRockBreaker().setUnlocalizedName("bismuth_pickaxe").setTextureName(RefStrings.MODID + ":bismuth_pickaxe")
bismuth_plate	formal	HbmItems		UNRESOLVED	True	True	True	True	False	
bismuth_tool	formal	HbmItems	bismuth_tool	ItemAmatExtractor	True	True	True	True	False	bismuth_tool = new ItemAmatExtractor().setUnlocalizedName("bismuth_tool").setMaxStackSize(1).setFull3D().setCreativeTab(null).setTextureName(RefStrings.MODID + ":bismuth_tool")
bj_boots	formal	HbmItems		UNRESOLVED	True	True	True	True	False	
bj_helmet	formal	HbmItems		UNRESOLVED	True	True	True	True	False	
bj_legs	formal	HbmItems		UNRESOLVED	True	True	True	True	False	
bj_plate	formal	HbmItems		UNRESOLVED	True	True	True	True	False	
bj_plate_jetpack	formal	HbmItems		UNRESOLVED	True	True	True	True	False	
black_diamond	formal	HbmItems	black_diamond	ItemModHealth	True	True	True	True	False	black_diamond = new ItemModHealth(40F).setUnlocalizedName("black_diamond").setTextureName(RefStrings.MODID + ":black_diamond")
black_hole	formal	HbmItems	black_hole	ItemDrop	False	True	True	True	False	black_hole = new ItemDrop().setUnlocalizedName("black_hole").setMaxStackSize(1).setCreativeTab(MainRegistry.controlTab).setContainerItem(ModItems.nuclear_waste).setTextureName(RefStrings.MODID + ":singularity_4")
blade_meteorite	formal	HbmItems	blade_meteorite	ItemHot	True	True	True	True	False	blade_meteorite = new ItemHot(200).setUnlocalizedName("blade_meteorite").setCreativeTab(MainRegistry.partsTab).setTextureName(RefStrings.MODID + ":blade_meteorite")
blade_titanium	formal	HbmItems	blade_titanium	Item	True	True	True	True	False	blade_titanium = new Item().setUnlocalizedName("blade_titanium").setCreativeTab(MainRegistry.partsTab).setTextureName(RefStrings.MODID + ":blade_titanium")
blade_tungsten	formal	HbmItems	blade_tungsten	Item	True	True	True	True	False	blade_tungsten = new Item().setUnlocalizedName("blade_tungsten").setCreativeTab(MainRegistry.partsTab).setTextureName(RefStrings.MODID + ":blade_tungsten")
blades_desh	formal	HbmItems	blades_desh	ItemBlades	True	True	True	True	False	blades_desh = new ItemBlades(0).setUnlocalizedName("blades_desh").setMaxStackSize(1).setCreativeTab(MainRegistry.controlTab).setTextureName(RefStrings.MODID + ":blades_desh")
blades_steel	formal	HbmItems	blades_steel	ItemBlades	True	True	True	True	False	blades_steel = new ItemBlades(400).setUnlocalizedName("blades_steel").setMaxStackSize(1).setCreativeTab(MainRegistry.controlTab).setTextureName(RefStrings.MODID + ":blades_steel")
blades_titanium	formal	HbmItems	blades_titanium	ItemBlades	True	True	True	True	False	blades_titanium = new ItemBlades(500).setUnlocalizedName("blades_titanium").setMaxStackSize(1).setCreativeTab(MainRegistry.controlTab).setTextureName(RefStrings.MODID + ":blades_titanium")
blowtorch	formal	HbmItems	blowtorch	ItemBlowtorch	True	True	True	True	False	blowtorch = new ItemBlowtorch().setUnlocalizedName("blowtorch")
blueprint_folder	formal	HbmItems	blueprint_folder	ItemBlueprintFolder	True	True	True	True	False	blueprint_folder = new ItemBlueprintFolder().setUnlocalizedName("blueprint_folder").setCreativeTab(MainRegistry.templateTab).setTextureName(RefStrings.MODID + ":blueprint_folder")
blueprints	formal	HbmItems	blueprints	ItemBlueprints	True	True	True	True	False	blueprints = new ItemBlueprints().setUnlocalizedName("blueprints").setCreativeTab(MainRegistry.templateTab).setTextureName(RefStrings.MODID + ":blueprints")
boat_rubber	formal	HbmItems	boat_rubber	ItemBoatRubber	True	True	True	True	False	boat_rubber = new ItemBoatRubber().setUnlocalizedName("boat_rubber").setTextureName(RefStrings.MODID + ":boat_rubber")
bobmazon	formal	HbmItems	bobmazon	ItemCatalog	True	True	True	True	False	bobmazon = new ItemCatalog().setUnlocalizedName("bobmazon").setMaxStackSize(1).setCreativeTab(MainRegistry.consumableTab).setTextureName(RefStrings.MODID + ":bobmazon")
bobmazon_hidden	formal	HbmItems	bobmazon_hidden	ItemCatalog	False	True	True	True	False	bobmazon_hidden = new ItemCatalog().setUnlocalizedName("bobmazon_hidden").setMaxStackSize(1).setCreativeTab(null).setTextureName(RefStrings.MODID + ":bobmazon_special")
bolt	formal	HbmItems	bolt	ItemAutogen	True	True	False	True	False	bolt = new ItemAutogen(MaterialShapes.BOLT).oun("boltntm").setUnlocalizedName("bolt").setCreativeTab(MainRegistry.partsTab).setTextureName(RefStrings.MODID + ":bolt")
bolt_spike	formal	HbmItems	bolt_spike	ItemCustomLore	True	True	True	True	False	bolt_spike = new ItemCustomLore().setUnlocalizedName("bolt_spike").setCreativeTab(MainRegistry.partsTab).setTextureName(RefStrings.MODID + ":bolt_spike")
boltgun	formal	HbmItems	boltgun	ItemBoltgun	True	True	True	True	False	boltgun = new ItemBoltgun().setUnlocalizedName("boltgun")
bomb_caller	formal	HbmItems	bomb_caller	ItemBombCaller	True	True	True	True	False	bomb_caller = new ItemBombCaller().setUnlocalizedName("bomb_caller").setMaxStackSize(1).setFull3D().setCreativeTab(MainRegistry.consumableTab).setTextureName(RefStrings.MODID + ":bomb_caller")
bomb_waffle	formal	HbmItems	bomb_waffle	ItemWaffle	True	True	True	True	False	bomb_waffle = new ItemWaffle(20, false).setUnlocalizedName("bomb_waffle").setCreativeTab(MainRegistry.consumableTab).setTextureName(RefStrings.MODID + ":bomb_waffle")
book_guide	formal	HbmBlocks + BlockItem	book_guide	ItemGuideBook	True	True	True	False	True	book_guide = new ItemGuideBook().setUnlocalizedName("book_guide").setCreativeTab(MainRegistry.consumableTab).setTextureName(RefStrings.MODID + ":book_guide")
book_lemegeton	formal	HbmItems	book_lemegeton	ItemBookLemegeton	True	True	True	True	False	book_lemegeton = new ItemBookLemegeton().setUnlocalizedName("book_lemegeton").setMaxStackSize(1).setCreativeTab(null).setTextureName(RefStrings.MODID + ":book_lemegeton")
book_lore	formal	HbmItems	book_lore	ItemBookLore	False	True	False	True	False	book_lore = new ItemBookLore().setUnlocalizedName("book_lore").setCreativeTab(null).setTextureName(RefStrings.MODID + ":book_pages")
book_of_	formal	HbmItems	book_of_	ItemBook	True	True	True	True	False	book_of_ = new ItemBook().setUnlocalizedName("book_of_").setMaxStackSize(1).setCreativeTab(null).setTextureName(RefStrings.MODID + ":book_of_")
book_secret	formal	HbmItems	book_secret	ItemCustomLore	True	True	True	True	False	book_secret = new ItemCustomLore().setUnlocalizedName("book_secret").setCreativeTab(MainRegistry.polaroidID == 11 ? MainRegistry.consumableTab : null).setTextureName(RefStrings.MODID + ":book_secret")
bottle_cherry	formal	HbmItems	bottle_cherry	ItemEnergy	True	True	True	True	False	bottle_cherry = new ItemEnergy().makeBottle(bottle_empty, cap_nuka).setUnlocalizedName("bottle_cherry").setContainerItem(ModItems.bottle_empty).setTextureName(RefStrings.MODID + ":bottle_cherry")
bottle_empty	formal	HbmItems	bottle_empty	Item	True	True	True	True	False	bottle_empty = new Item().setUnlocalizedName("bottle_empty").setTextureName(RefStrings.MODID + ":bottle_empty")
bottle_mercury	formal	HbmItems	bottle_mercury	ItemCustomLore	True	True	True	True	False	bottle_mercury = new ItemCustomLore().setUnlocalizedName("bottle_mercury").setContainerItem(Items.glass_bottle).setCreativeTab(MainRegistry.partsTab).setTextureName(RefStrings.MODID + ":bottle_mercury")
bottle_nuka	formal	HbmItems	bottle_nuka	ItemEnergy	True	True	True	True	False	bottle_nuka = new ItemEnergy().makeBottle(bottle_empty, cap_nuka).setUnlocalizedName("bottle_nuka").setTextureName(RefStrings.MODID + ":bottle_nuka")
bottle_opener	formal	HbmItems	bottle_opener	WeaponSpecial	True	True	True	True	False	bottle_opener = new WeaponSpecial(MainRegistry.enumToolMaterialBottleOpener).setUnlocalizedName("bottle_opener").setCreativeTab(MainRegistry.consumableTab).setMaxStackSize(1).setTextureName(RefStrings.MODID + ":bottle_opener")
bottle_quantum	formal	HbmItems	bottle_quantum	ItemEnergy	True	True	True	True	False	bottle_quantum = new ItemEnergy().makeBottle(bottle_empty, cap_quantum).setUnlocalizedName("bottle_quantum").setContainerItem(ModItems.bottle_empty).setTextureName(RefStrings.MODID + ":bottle_quantum")
bottle_rad	formal	HbmItems	bottle_rad	ItemEnergy	True	True	True	True	False	bottle_rad = new ItemEnergy().makeBottle(bottle_empty, cap_rad).setUnlocalizedName("bottle_rad").setContainerItem(ModItems.bottle_empty).setTextureName(RefStrings.MODID + ":bottle_rad")
bottle_sparkle	formal	HbmItems	bottle_sparkle	ItemEnergy	True	True	True	True	False	bottle_sparkle = new ItemEnergy().makeBottle(bottle_empty, cap_sparkle).setUnlocalizedName("bottle_sparkle").setContainerItem(ModItems.bottle_empty).setTextureName(RefStrings.MODID + ":bottle_sparkle")
bottle2_empty	formal	HbmItems	bottle2_empty	Item	True	True	True	True	False	bottle2_empty = new Item().setUnlocalizedName("bottle2_empty").setTextureName(RefStrings.MODID + ":bottle2_empty")
bottle2_fritz	formal	HbmItems	bottle2_fritz	ItemEnergy	True	True	True	True	False	bottle2_fritz = new ItemEnergy().makeBottle(bottle2_empty, cap_fritz).setUnlocalizedName("bottle2_fritz").setContainerItem(ModItems.bottle2_empty).setTextureName(RefStrings.MODID + ":bottle2_fritz")
bottle2_korl	formal	HbmItems	bottle2_korl	ItemEnergy	True	True	True	True	False	bottle2_korl = new ItemEnergy().makeBottle(bottle2_empty, cap_korl).setUnlocalizedName("bottle2_korl").setContainerItem(ModItems.bottle2_empty).setTextureName(RefStrings.MODID + ":bottle2_korl")
bottled_cloud	formal	HbmItems	bottled_cloud	ItemModCloud	True	True	True	True	False	bottled_cloud = new ItemModCloud().setUnlocalizedName("bottled_cloud").setTextureName(RefStrings.MODID + ":bottled_cloud")
boy_bullet	formal	HbmItems	boy_bullet	ItemCustomLore	True	True	True	True	False	boy_bullet = new ItemCustomLore().setRarity(EnumRarity.uncommon).setUnlocalizedName("boy_bullet").setMaxStackSize(1).setCreativeTab(MainRegistry.nukeTab).setTextureName(RefStrings.MODID + ":boy_bullet")
boy_igniter	formal	HbmItems	boy_igniter	Item	True	True	True	True	False	boy_igniter = new Item().setUnlocalizedName("boy_igniter").setMaxStackSize(1).setCreativeTab(MainRegistry.nukeTab).setTextureName(RefStrings.MODID + ":boy_igniter")
boy_kit	formal	HbmItems	boy_kit	ItemStarterKit	True	True	True	True	False	boy_kit = new ItemStarterKit().setUnlocalizedName("boy_kit").setMaxStackSize(1).setCreativeTab(MainRegistry.nukeTab).setTextureName(RefStrings.MODID + ":boy_kit")
boy_propellant	formal	HbmItems	boy_propellant	Item	True	True	True	True	False	boy_propellant = new Item().setUnlocalizedName("boy_propellant").setMaxStackSize(1).setCreativeTab(MainRegistry.nukeTab).setTextureName(RefStrings.MODID + ":boy_propellant")
boy_shielding	formal	HbmItems	boy_shielding	Item	True	True	True	True	False	boy_shielding = new Item().setUnlocalizedName("boy_shielding").setMaxStackSize(1).setCreativeTab(MainRegistry.nukeTab).setTextureName(RefStrings.MODID + ":boy_shielding")
boy_target	formal	HbmItems	boy_target	ItemCustomLore	True	True	True	True	False	boy_target = new ItemCustomLore().setRarity(EnumRarity.uncommon).setUnlocalizedName("boy_target").setMaxStackSize(1).setCreativeTab(MainRegistry.nukeTab).setTextureName(RefStrings.MODID + ":boy_target")
briquette	formal	HbmItems	briquette	ItemEnumMulti	False	False	False	True	False	briquette = new ItemEnumMulti(EnumBriquetteType.class, true, true).setUnlocalizedName("briquette").setCreativeTab(MainRegistry.partsTab)
broken_item	formal	HbmItems	broken_item	BrokenItem	True	True	True	True	False	broken_item = new BrokenItem().setUnlocalizedName("broken_item").setTextureName(RefStrings.MODID + ":broken_item")
bucket_acid	formal	HbmItems dynamic material/specialized registration	bucket_acid	ItemModBucket	True	True	True	True	False	bucket_acid = new ItemModBucket(ModBlocks.acid_block).setUnlocalizedName("bucket_acid").setContainerItem(Items.bucket).setCreativeTab(MainRegistry.blockTab).setTextureName(RefStrings.MODID + ":bucket_acid")
bucket_mud	formal	HbmItems dynamic material/specialized registration	bucket_mud	ItemModBucket	True	True	True	True	False	bucket_mud = new ItemModBucket(ModBlocks.mud_block).setUnlocalizedName("bucket_mud").setContainerItem(Items.bucket).setCreativeTab(MainRegistry.blockTab).setTextureName(RefStrings.MODID + ":bucket_mud")
bucket_schrabidic_acid	formal	HbmItems dynamic material/specialized registration	bucket_schrabidic_acid	ItemModBucket	True	True	True	True	False	bucket_schrabidic_acid = new ItemModBucket(ModBlocks.schrabidic_block).setUnlocalizedName("bucket_schrabidic_acid").setContainerItem(Items.bucket).setCreativeTab(MainRegistry.blockTab).setTextureName(RefStrings.MODID + ":bucket_schrabidic_acid")
bucket_sulfuric_acid	formal	HbmItems dynamic material/specialized registration	bucket_sulfuric_acid	ItemModBucket	True	True	True	True	False	bucket_sulfuric_acid = new ItemModBucket(ModBlocks.sulfuric_acid_block).setUnlocalizedName("bucket_sulfuric_acid").setContainerItem(Items.bucket).setCreativeTab(MainRegistry.blockTab).setTextureName(RefStrings.MODID + ":bucket_sulfuric_acid")
bucket_toxic	formal	HbmItems dynamic material/specialized registration	bucket_toxic	ItemModBucket	True	True	True	True	False	bucket_toxic = new ItemModBucket(ModBlocks.toxic_block).setUnlocalizedName("bucket_toxic").setContainerItem(Items.bucket).setCreativeTab(MainRegistry.blockTab).setTextureName(RefStrings.MODID + ":bucket_toxic")
burnt_bark	formal	HbmItems	burnt_bark	ItemCustomLore	True	True	True	True	False	burnt_bark = new ItemCustomLore().setUnlocalizedName("burnt_bark").setCreativeTab(null).setTextureName(RefStrings.MODID + ":burnt_bark")
can_bepis	formal	HbmItems	can_bepis	ItemEnergy	True	True	True	True	False	can_bepis = new ItemEnergy().makeCan().setUnlocalizedName("can_bepis").setTextureName(RefStrings.MODID + ":can_bepis")
can_breen	formal	HbmItems	can_breen	ItemEnergy	True	True	True	True	False	can_breen = new ItemEnergy().makeCan().setUnlocalizedName("can_breen").setTextureName(RefStrings.MODID + ":can_breen")
can_creature	formal	HbmItems	can_creature	ItemEnergy	True	True	True	True	False	can_creature = new ItemEnergy().makeCan().setUnlocalizedName("can_creature").setTextureName(RefStrings.MODID + ":can_creature")
can_empty	formal	HbmItems	can_empty	Item	True	True	True	True	False	can_empty = new Item().setUnlocalizedName("can_empty").setCreativeTab(MainRegistry.consumableTab).setTextureName(RefStrings.MODID + ":can_empty")
can_key	formal	HbmItems	can_key	Item	True	True	True	True	False	can_key = new Item().setUnlocalizedName("can_key").setCreativeTab(MainRegistry.consumableTab).setTextureName(RefStrings.MODID + ":can_key")
can_luna	formal	HbmItems	can_luna	ItemEnergy	True	True	True	True	False	can_luna = new ItemEnergy().makeCan().setUnlocalizedName("can_luna").setTextureName(RefStrings.MODID + ":can_luna")
can_mrsugar	formal	HbmItems	can_mrsugar	ItemEnergy	True	True	True	True	False	can_mrsugar = new ItemEnergy().makeCan().setUnlocalizedName("can_mrsugar").setTextureName(RefStrings.MODID + ":can_mrsugar")
can_mug	formal	HbmItems	can_mug	ItemEnergy	True	True	True	True	False	can_mug = new ItemEnergy().makeCan().setUnlocalizedName("can_mug").setTextureName(RefStrings.MODID + ":can_mug")
can_overcharge	formal	HbmItems	can_overcharge	ItemEnergy	True	True	True	True	False	can_overcharge = new ItemEnergy().makeCan().setUnlocalizedName("can_overcharge").setTextureName(RefStrings.MODID + ":can_overcharge")
can_redbomb	formal	HbmItems	can_redbomb	ItemEnergy	True	True	True	True	False	can_redbomb = new ItemEnergy().makeCan().setUnlocalizedName("can_redbomb").setTextureName(RefStrings.MODID + ":can_redbomb")
can_smart	formal	HbmItems	can_smart	ItemEnergy	True	True	True	True	False	can_smart = new ItemEnergy().makeCan().setUnlocalizedName("can_smart").setTextureName(RefStrings.MODID + ":can_smart")
canister_empty	formal	HbmItems	canister_empty	ItemCustomLore	True	True	True	True	False	canister_empty = new ItemCustomLore().setUnlocalizedName("canister_empty").setCreativeTab(MainRegistry.controlTab).setTextureName(RefStrings.MODID + ":canister_empty")
canister_full	formal	HbmItems	canister_full	ItemCanister	False	False	True	True	False	canister_full = new ItemCanister().setUnlocalizedName("canister_full").setCreativeTab(MainRegistry.controlTab).setContainerItem(ModItems.canister_empty).setTextureName(RefStrings.MODID + ":canister_empty")
canister_napalm	formal	HbmItems	canister_napalm	ItemCustomLore	True	True	True	True	False	canister_napalm = new ItemCustomLore().setUnlocalizedName("canister_napalm").setCreativeTab(MainRegistry.controlTab).setContainerItem(ModItems.canister_empty).setTextureName(RefStrings.MODID + ":canister_napalm")
canned_conserve	formal	HbmItems	canned_conserve	ItemConserve	False	False	False	False	False	canned_conserve = (ItemEnumMulti) new ItemConserve().setUnlocalizedName("canned_conserve").setCreativeTab(MainRegistry.consumableTab).setTextureName(RefStrings.MODID + ":canned")
canteen_vodka	formal	HbmItems	canteen_vodka	ItemCanteen	True	True	True	True	False	canteen_vodka = new ItemCanteen(3 * 60).setUnlocalizedName("canteen_vodka").setCreativeTab(MainRegistry.consumableTab).setTextureName(RefStrings.MODID + ":canteen_vodka")
cap_fritz	formal	HbmItems	cap_fritz	Item	True	True	True	True	False	cap_fritz = new Item().setUnlocalizedName("cap_fritz").setCreativeTab(MainRegistry.consumableTab).setTextureName(RefStrings.MODID + ":cap_fritz")
cap_korl	formal	HbmItems	cap_korl	Item	True	True	True	True	False	cap_korl = new Item().setUnlocalizedName("cap_korl").setCreativeTab(MainRegistry.consumableTab).setTextureName(RefStrings.MODID + ":cap_korl")
cap_nuka	formal	HbmItems	cap_nuka	Item	True	True	True	True	False	cap_nuka = new Item().setUnlocalizedName("cap_nuka").setCreativeTab(MainRegistry.consumableTab).setTextureName(RefStrings.MODID + ":cap_nuka")
cap_quantum	formal	HbmItems	cap_quantum	Item	True	True	True	True	False	cap_quantum = new Item().setUnlocalizedName("cap_quantum").setCreativeTab(MainRegistry.consumableTab).setTextureName(RefStrings.MODID + ":cap_quantum")
cap_rad	formal	HbmItems	cap_rad	Item	True	True	True	True	False	cap_rad = new Item().setUnlocalizedName("cap_rad").setCreativeTab(MainRegistry.consumableTab).setTextureName(RefStrings.MODID + ":cap_rad")
cap_sparkle	formal	HbmItems	cap_sparkle	Item	True	True	True	True	False	cap_sparkle = new Item().setUnlocalizedName("cap_sparkle").setCreativeTab(MainRegistry.consumableTab).setTextureName(RefStrings.MODID + ":cap_sparkle")
card_aos	formal	HbmItems	card_aos	ItemModCard	True	True	True	True	False	card_aos = new ItemModCard().setUnlocalizedName("card_aos").setTextureName(RefStrings.MODID + ":card_aos")
card_qos	formal	HbmItems	card_qos	ItemModCard	True	True	True	True	False	card_qos = new ItemModCard().setUnlocalizedName("card_qos").setTextureName(RefStrings.MODID + ":card_qos")
cart	formal	HbmItems	cart	ItemModMinecart	False	False	False	False	False	cart = new ItemModMinecart().setUnlocalizedName("cart")
casing	formal	HbmItems	casing	ItemEnumMulti	False	False	False	True	False	casing = new ItemEnumMulti(ItemEnums.EnumCasingType.class, true, true).setUnlocalizedName("casing").setCreativeTab(MainRegistry.partsTab).setTextureName(RefStrings.MODID + ":casing")
casing_bag	formal	HbmItems dynamic material/specialized registration	casing_bag	ItemCasingBag	True	True	True	True	False	casing_bag = new ItemCasingBag().setUnlocalizedName("casing_bag").setCreativeTab(MainRegistry.consumableTab).setTextureName(RefStrings.MODID + ":casing_bag")
catalyst_clay	formal	HbmItems	catalyst_clay	Item	True	True	True	True	False	catalyst_clay = new Item().setUnlocalizedName("catalyst_clay").setCreativeTab(MainRegistry.partsTab).setTextureName(RefStrings.MODID + ":catalyst_clay")
catalytic_converter	formal	HbmItems	catalytic_converter	Item	True	True	True	True	False	catalytic_converter = new Item().setUnlocalizedName("catalytic_converter").setMaxStackSize(1).setCreativeTab(MainRegistry.controlTab).setTextureName(RefStrings.MODID + ":catalytic_converter")
cbt_device	formal	HbmItems	cbt_device	ItemSyringe	True	True	True	True	False	cbt_device = new ItemSyringe().setUnlocalizedName("cbt_device").setMaxStackSize(1).setCreativeTab(null).setTextureName(RefStrings.MODID + ":cbt_device")
cell_anti_schrabidium	formal	HbmItems	cell_anti_schrabidium	ItemDrop	True	True	True	False	False	cell_anti_schrabidium = new ItemDrop().setUnlocalizedName("cell_anti_schrabidium").setCreativeTab(MainRegistry.controlTab).setContainerItem(ModItems.cell_empty).setTextureName(RefStrings.MODID + ":cell_anti_schrabidium")
cell_antimatter	formal	HbmItems	cell_antimatter	ItemDrop	True	True	True	False	False	cell_antimatter = new ItemDrop().setUnlocalizedName("cell_antimatter").setCreativeTab(MainRegistry.controlTab).setContainerItem(ModItems.cell_empty).setTextureName(RefStrings.MODID + ":cell_antimatter")
cell_balefire	formal	HbmItems	cell_balefire	Item	True	True	True	True	False	cell_balefire = new Item().setUnlocalizedName("cell_balefire").setCreativeTab(MainRegistry.controlTab).setContainerItem(ModItems.cell_empty).setTextureName(RefStrings.MODID + ":cell_balefire")
cell_deuterium	formal	HbmItems	cell_deuterium	Item	True	True	True	False	False	cell_deuterium = new Item().setUnlocalizedName("cell_deuterium").setCreativeTab(MainRegistry.controlTab).setContainerItem(ModItems.cell_empty).setTextureName(RefStrings.MODID + ":cell_deuterium")
cell_empty	formal	HbmItems	cell_empty	Item	True	True	True	False	False	cell_empty = new Item().setUnlocalizedName("cell_empty").setCreativeTab(MainRegistry.controlTab).setTextureName(RefStrings.MODID + ":cell_empty")
cell_puf6	formal	HbmItems	cell_puf6	Item	True	True	True	False	False	cell_puf6 = new Item().setUnlocalizedName("cell_puf6").setCreativeTab(MainRegistry.controlTab).setContainerItem(ModItems.cell_empty).setTextureName(RefStrings.MODID + ":cell_puf6")
cell_sas3	formal	HbmItems	cell_sas3	ItemCustomLore	True	True	True	False	False	cell_sas3 = new ItemCustomLore().setRarity(EnumRarity.rare).setUnlocalizedName("cell_sas3").setCreativeTab(MainRegistry.controlTab).setContainerItem(ModItems.cell_empty).setTextureName(RefStrings.MODID + ":cell_sas3")
cell_tritium	formal	HbmItems	cell_tritium	Item	True	True	True	False	False	cell_tritium = new Item().setUnlocalizedName("cell_tritium").setCreativeTab(MainRegistry.controlTab).setContainerItem(ModItems.cell_empty).setTextureName(RefStrings.MODID + ":cell_tritium")
cell_uf6	formal	HbmItems	cell_uf6	Item	True	True	True	False	False	cell_uf6 = new Item().setUnlocalizedName("cell_uf6").setCreativeTab(MainRegistry.controlTab).setContainerItem(ModItems.cell_empty).setTextureName(RefStrings.MODID + ":cell_uf6")
centri_stick	formal	HbmItems	centri_stick	ItemToolAbility	True	True	True	True	False	centri_stick = new ItemToolAbility(3F, 0, MainRegistry.tMatElec, EnumToolType.MINER) .addAbility(IToolHarvestAbility.CENTRIFUGE, 0).setMaxDamage(50).setUnlocalizedName("centri_stick").setTextureName(RefStrings.MODID + ":centri_stick")
centrifuge_element	formal	HbmItems	centrifuge_element	Item	True	True	True	True	False	centrifuge_element = new Item().setUnlocalizedName("centrifuge_element").setCreativeTab(MainRegistry.partsTab).setTextureName(RefStrings.MODID + ":centrifuge_element")
chainsaw	formal	HbmItems	chainsaw	ItemChainsaw	True	True	True	True	False	chainsaw = new ItemChainsaw(25, -0.05, MainRegistry.tMatChainsaw, EnumToolType.AXE, 5000, 1, 250, Fluids.DIESEL, Fluids.DIESEL_CRACK, Fluids.KEROSENE, Fluids.BIOFUEL, Fluids.GASOLINE, Fluids.GASOLINE_LEADED, Fluids.PETROIL, Fluids.PETROIL_LEADED, Fluids.COALGAS, Fluids.COALGAS_LEADED) .addAbility(IToolHarvestAbility.SILK, 0) .addAbility(IToolAreaAbility.RECURSION, 2) .addAbility(IWeaponAbility.CHAINSAW, 1) .addAbility(IWeaponAbility.BEHEADER, 0).setShears().setUnlocalizedName("chainsaw").setTextureName(RefStrings.MODID + ":chainsaw")
cheese	formal	HbmItems	cheese	ItemLemon	True	True	True	True	False	cheese = new ItemLemon(5, 0.75F, false).setUnlocalizedName("cheese").setCreativeTab(MainRegistry.consumableTab).setTextureName(RefStrings.MODID + ":cheese")
cheese_quesadilla	formal	HbmItems	quesadilla	ItemLemon	False	True	True	True	False	quesadilla = new ItemLemon(8, 1F, false).setUnlocalizedName("cheese_quesadilla").setCreativeTab(MainRegistry.consumableTab).setTextureName(RefStrings.MODID + ":quesadilla")
chemical_dye	formal	HbmItems	chemical_dye	ItemChemicalDye	True	True	False	True	False	chemical_dye = new ItemChemicalDye().setUnlocalizedName("chemical_dye").setCreativeTab(MainRegistry.partsTab).setTextureName(RefStrings.MODID + ":chemical_dye")
chemistry_set	formal	HbmItems	chemistry_set	ItemCraftingDegradation	True	True	True	True	False	chemistry_set = new ItemCraftingDegradation(100).setUnlocalizedName("chemistry_set")
chemistry_set_boron	formal	HbmItems	chemistry_set_boron	ItemCraftingDegradation	True	True	True	True	False	chemistry_set_boron = new ItemCraftingDegradation(0).setUnlocalizedName("chemistry_set_boron")
chernobylsign	formal	HbmItems	chernobylsign	WeaponSpecial	True	True	True	True	False	chernobylsign = new WeaponSpecial(MainRegistry.tMatAlloy).setUnlocalizedName("chernobylsign").setTextureName(RefStrings.MODID + ":chernobylsign")
chlorine_pinwheel	formal	HbmItems	chlorine_pinwheel	ItemInfiniteFluid	True	True	True	True	False	chlorine_pinwheel = new ItemInfiniteFluid(Fluids.CHLORINE, 1, 2).setUnlocalizedName("chlorine_pinwheel").setCreativeTab(MainRegistry.partsTab).setTextureName(RefStrings.MODID + ":chlorine_pinwheel")
chlorine1	formal	HbmItems	chlorine1	Item	True	True	False	True	False	chlorine1 = new Item().setUnlocalizedName("chlorine1").setTextureName(RefStrings.MODID + ":chlorine1")
chlorine2	formal	HbmItems	chlorine2	Item	True	True	False	True	False	chlorine2 = new Item().setUnlocalizedName("chlorine2").setTextureName(RefStrings.MODID + ":chlorine2")
chlorine3	formal	HbmItems	chlorine3	Item	True	True	False	True	False	chlorine3 = new Item().setUnlocalizedName("chlorine3").setTextureName(RefStrings.MODID + ":chlorine3")
chlorine4	formal	HbmItems	chlorine4	Item	True	True	False	True	False	chlorine4 = new Item().setUnlocalizedName("chlorine4").setTextureName(RefStrings.MODID + ":chlorine4")
chlorine5	formal	HbmItems	chlorine5	Item	True	True	False	True	False	chlorine5 = new Item().setUnlocalizedName("chlorine5").setTextureName(RefStrings.MODID + ":chlorine5")
chlorine6	formal	HbmItems	chlorine6	Item	True	True	False	True	False	chlorine6 = new Item().setUnlocalizedName("chlorine6").setTextureName(RefStrings.MODID + ":chlorine6")
chlorine7	formal	HbmItems	chlorine7	Item	True	True	False	True	False	chlorine7 = new Item().setUnlocalizedName("chlorine7").setTextureName(RefStrings.MODID + ":chlorine7")
chlorine8	formal	HbmItems	chlorine8	Item	True	True	False	True	False	chlorine8 = new Item().setUnlocalizedName("chlorine8").setTextureName(RefStrings.MODID + ":chlorine8")
chlorophyte_axe	formal	HbmItems	chlorophyte_axe	ItemToolAbility	True	True	True	True	False	chlorophyte_axe = new ItemToolAbility(50F, 0, matChlorophyte, EnumToolType.AXE) .addAbility(IToolAreaAbility.HAMMER, 1) .addAbility(IToolAreaAbility.HAMMER_FLAT, 1) .addAbility(IToolAreaAbility.RECURSION, 1) .addAbility(IToolHarvestAbility.LUCK, 3) .addAbility(IWeaponAbility.STUN, 4) .addAbility(IWeaponAbility.VAMPIRE, 3) .addAbility(IWeaponAbility.BEHEADER, 0).setUnlocalizedName("chlorophyte_axe").setTextureName(RefStrings.MODID + ":chlorophyte_axe")
chlorophyte_pickaxe	formal	HbmItems	chlorophyte_pickaxe	ItemToolAbility	True	True	True	True	False	chlorophyte_pickaxe = new ItemToolAbility(20F, 0, matChlorophyte, EnumToolType.MINER) .addAbility(IToolAreaAbility.HAMMER, 1) .addAbility(IToolAreaAbility.HAMMER_FLAT, 1) .addAbility(IToolAreaAbility.RECURSION, 1) .addAbility(IToolHarvestAbility.LUCK, 3) .addAbility(IToolHarvestAbility.CENTRIFUGE, 0) .addAbility(IToolHarvestAbility.MERCURY, 0) .addAbility(IWeaponAbility.STUN, 3) .addAbility(IWeaponAbility.VAMPIRE, 2) .addAbility(IWeaponAbility.BEHEADER, 0) .setDepthRockBreaker().setUnlocalizedName("chlorophyte_pickaxe").setTextureName(RefStrings.MODID + ":chlorophyte_pickaxe")
chocolate	formal	HbmItems	chocolate	ItemPill	True	True	True	True	False	chocolate = new ItemPill(0).setUnlocalizedName("chocolate").setCreativeTab(MainRegistry.consumableTab).setTextureName(RefStrings.MODID + ":chocolate")
chocolate_milk	formal	HbmItems	chocolate_milk	ItemEnergy	True	True	True	True	False	chocolate_milk = new ItemEnergy().setUnlocalizedName("chocolate_milk").setTextureName(RefStrings.MODID + ":chocolate_milk")
chopper	catalog_fallback	HbmItems.registerRemainingLegacyCatalogItems -> LegacyCatalogItem	spawn_chopper	ItemChopper	True	True	True	True	False	spawn_chopper = new ItemChopper().setUnlocalizedName("chopper").setMaxStackSize(1).setCreativeTab(MainRegistry.consumableTab).setTextureName(RefStrings.MODID + ":chopper")
chunk_ore	formal	HbmItems	chunk_ore	ItemEnumMulti	False	False	False	True	False	chunk_ore = new ItemEnumMulti(EnumChunkType.class, true, true).setUnlocalizedName("chunk_ore").setCreativeTab(MainRegistry.partsTab)
cigarette	formal	HbmItems	cigarette	ItemCigarette	True	True	True	True	False	cigarette = new ItemCigarette().setUnlocalizedName("cigarette").setFull3D().setMaxStackSize(16).setCreativeTab(MainRegistry.consumableTab).setTextureName(RefStrings.MODID + ":cigarette")
cinnebar	formal	HbmItems	cinnebar	Item	True	True	True	False	False	cinnebar = new Item().setUnlocalizedName("cinnebar").setCreativeTab(MainRegistry.partsTab).setTextureName(RefStrings.MODID + ":cinnebar")
circuit	formal	HbmItems	circuit	ItemCircuit	True	True	False	True	False	circuit = new ItemCircuit().setUnlocalizedName("circuit").setCreativeTab(MainRegistry.partsTab).setTextureName(RefStrings.MODID + ":circuit")
circuit_star	formal	HbmItems dynamic material/specialized registration	circuit_star	ItemCustomLore	True	True	True	True	False	circuit_star = new ItemCustomLore().setRarity(EnumRarity.uncommon).setUnlocalizedName("circuit_star").setCreativeTab(null).setTextureName(RefStrings.MODID + ":circuit_star")
circuit_star_component	formal	HbmItems	circuit_star_component	ItemCircuitStarComponent	False	False	False	True	False	circuit_star_component = (ItemEnumMulti) new ItemCircuitStarComponent().setUnlocalizedName("circuit_star_component").setCreativeTab(null)
circuit_star_piece	formal	HbmItems	circuit_star_piece	ItemEnumMulti	False	False	False	True	False	circuit_star_piece = (ItemEnumMulti) new ItemEnumMulti(ScrapType.class, true, true).setUnlocalizedName("circuit_star_piece").setCreativeTab(null)
cladding_desh	formal	HbmItems	cladding_desh	ItemModCladding	True	True	True	True	False	cladding_desh = new ItemModCladding(0.2).setUnlocalizedName("cladding_desh").setTextureName(RefStrings.MODID + ":cladding_desh")
cladding_ghiorsium	formal	HbmItems	cladding_ghiorsium	ItemModCladding	True	True	True	True	False	cladding_ghiorsium = new ItemModCladding(0.5).setUnlocalizedName("cladding_ghiorsium").setTextureName(RefStrings.MODID + ":cladding_ghiorsium")
cladding_iron	formal	HbmItems	cladding_iron	ItemModIron	True	True	True	True	False	cladding_iron = new ItemModIron().setUnlocalizedName("cladding_iron").setTextureName(RefStrings.MODID + ":cladding_iron")
cladding_lead	formal	HbmItems	cladding_lead	ItemModCladding	True	True	True	True	False	cladding_lead = new ItemModCladding(0.1).setUnlocalizedName("cladding_lead").setTextureName(RefStrings.MODID + ":cladding_lead")
cladding_obsidian	formal	HbmItems	cladding_obsidian	ItemModObsidian	True	True	True	True	False	cladding_obsidian = new ItemModObsidian().setUnlocalizedName("cladding_obsidian").setTextureName(RefStrings.MODID + ":cladding_obsidian")
cladding_paint	formal	HbmItems	cladding_paint	ItemModCladding	True	True	True	True	False	cladding_paint = new ItemModCladding(0.025).setUnlocalizedName("cladding_paint").setTextureName(RefStrings.MODID + ":cladding_paint")
cladding_rubber	formal	HbmItems	cladding_rubber	ItemModCladding	True	True	True	True	False	cladding_rubber = new ItemModCladding(0.005).setUnlocalizedName("cladding_rubber").setTextureName(RefStrings.MODID + ":cladding_rubber")
clay_tablet	formal	HbmItems	clay_tablet	ItemClayTablet	True	True	True	True	False	clay_tablet = new ItemClayTablet().setUnlocalizedName("clay_tablet").setCreativeTab(null).setTextureName(RefStrings.MODID + ":clay_tablet")
cloud1	formal	HbmItems	cloud1	Item	True	True	False	True	False	cloud1 = new Item().setUnlocalizedName("cloud1").setTextureName(RefStrings.MODID + ":cloud1")
cloud2	formal	HbmItems	cloud2	Item	True	True	False	True	False	cloud2 = new Item().setUnlocalizedName("cloud2").setTextureName(RefStrings.MODID + ":cloud2")
cloud3	formal	HbmItems	cloud3	Item	True	True	False	True	False	cloud3 = new Item().setUnlocalizedName("cloud3").setTextureName(RefStrings.MODID + ":cloud3")
cloud4	formal	HbmItems	cloud4	Item	True	True	False	True	False	cloud4 = new Item().setUnlocalizedName("cloud4").setTextureName(RefStrings.MODID + ":cloud4")
cloud5	formal	HbmItems	cloud5	Item	True	True	False	True	False	cloud5 = new Item().setUnlocalizedName("cloud5").setTextureName(RefStrings.MODID + ":cloud5")
cloud6	formal	HbmItems	cloud6	Item	True	True	False	True	False	cloud6 = new Item().setUnlocalizedName("cloud6").setTextureName(RefStrings.MODID + ":cloud6")
cloud7	formal	HbmItems	cloud7	Item	True	True	False	True	False	cloud7 = new Item().setUnlocalizedName("cloud7").setTextureName(RefStrings.MODID + ":cloud7")
cloud8	formal	HbmItems	cloud8	Item	True	True	False	True	False	cloud8 = new Item().setUnlocalizedName("cloud8").setTextureName(RefStrings.MODID + ":cloud8")
cmb_axe	formal	HbmItems	cmb_axe	ItemToolAbility	True	True	True	True	False	cmb_axe = new ItemToolAbility(30F, 0, MainRegistry.tMatCMB, EnumToolType.AXE) .addAbility(IToolAreaAbility.RECURSION, 2) .addAbility(IToolHarvestAbility.SMELTER, 0) .addAbility(IToolHarvestAbility.SILK, 0) .addAbility(IToolHarvestAbility.LUCK, 2) .addAbility(IWeaponAbility.BEHEADER, 0).setUnlocalizedName("cmb_axe").setTextureName(RefStrings.MODID + ":cmb_axe")
cmb_boots	formal	HbmItems		UNRESOLVED	True	True	True	True	False	
cmb_helmet	formal	HbmItems		UNRESOLVED	True	True	True	True	False	
cmb_hoe	formal	HbmItems	cmb_hoe	ModHoe	True	True	True	True	False	cmb_hoe = new ModHoe(MainRegistry.tMatCMB).setUnlocalizedName("cmb_hoe").setTextureName(RefStrings.MODID + ":cmb_hoe")
cmb_legs	formal	HbmItems		UNRESOLVED	True	True	True	True	False	
cmb_pickaxe	formal	HbmItems	cmb_pickaxe	ItemToolAbility	True	True	True	True	False	cmb_pickaxe = new ItemToolAbility(10F, 0, MainRegistry.tMatCMB, EnumToolType.PICKAXE) .addAbility(IToolAreaAbility.RECURSION, 2) .addAbility(IToolHarvestAbility.SMELTER, 0) .addAbility(IToolHarvestAbility.SILK, 0) .addAbility(IToolHarvestAbility.LUCK, 2).setUnlocalizedName("cmb_pickaxe").setTextureName(RefStrings.MODID + ":cmb_pickaxe")
cmb_plate	formal	HbmItems		UNRESOLVED	True	True	True	True	False	
cmb_shovel	formal	HbmItems	cmb_shovel	ItemToolAbility	True	True	True	True	False	cmb_shovel = new ItemToolAbility(8F, 0, MainRegistry.tMatCMB, EnumToolType.SHOVEL) .addAbility(IToolAreaAbility.RECURSION, 2) .addAbility(IToolHarvestAbility.SMELTER, 0) .addAbility(IToolHarvestAbility.SILK, 0) .addAbility(IToolHarvestAbility.LUCK, 2).setUnlocalizedName("cmb_shovel").setTextureName(RefStrings.MODID + ":cmb_shovel")
cmb_sword	formal	HbmItems	cmb_sword	ItemSwordAbility	True	True	True	True	False	cmb_sword = new ItemSwordAbility(35F, 0, MainRegistry.tMatCMB) .addAbility(IWeaponAbility.STUN, 0) .addAbility(IWeaponAbility.VAMPIRE, 0).setUnlocalizedName("cmb_sword").setTextureName(RefStrings.MODID + ":cmb_sword")
coal_infernal	formal	HbmItems	coal_infernal	Item	True	True	True	True	False	coal_infernal = new Item().setUnlocalizedName("coal_infernal").setCreativeTab(MainRegistry.partsTab).setTextureName(RefStrings.MODID + ":coal_infernal")
cobalt_axe	formal	HbmItems	cobalt_axe	ItemToolAbility	True	True	True	True	False	cobalt_axe = new ItemToolAbility(6F, 0, MainRegistry.tMatCobalt, EnumToolType.AXE) .addAbility(IToolAreaAbility.RECURSION, 1) .addAbility(IToolHarvestAbility.SILK, 0) .addAbility(IToolHarvestAbility.LUCK, 0) .addAbility(IWeaponAbility.BEHEADER, 0).setUnlocalizedName("cobalt_axe").setTextureName(RefStrings.MODID + ":cobalt_axe")
cobalt_boots	formal	HbmItems		UNRESOLVED	True	True	True	True	False	
cobalt_decorated_axe	formal	HbmItems	cobalt_decorated_axe	ItemToolAbility	True	True	True	True	False	cobalt_decorated_axe = new ItemToolAbility(8F, 0, matDecCobalt, EnumToolType.AXE) .addAbility(IToolAreaAbility.RECURSION, 1) .addAbility(IToolAreaAbility.HAMMER, 0) .addAbility(IToolAreaAbility.HAMMER_FLAT, 0) .addAbility(IToolHarvestAbility.SILK, 0) .addAbility(IToolHarvestAbility.LUCK, 2) .addAbility(IWeaponAbility.BEHEADER, 0).setUnlocalizedName("cobalt_decorated_axe").setTextureName(RefStrings.MODID + ":cobalt_decorated_axe")
cobalt_decorated_hoe	formal	HbmItems	cobalt_decorated_hoe	ModHoe	True	True	True	True	False	cobalt_decorated_hoe = new ModHoe(matDecCobalt).setUnlocalizedName("cobalt_decorated_hoe").setTextureName(RefStrings.MODID + ":cobalt_decorated_hoe")
cobalt_decorated_pickaxe	formal	HbmItems	cobalt_decorated_pickaxe	ItemToolAbility	True	True	True	True	False	cobalt_decorated_pickaxe = new ItemToolAbility(6F, 0, matDecCobalt, EnumToolType.PICKAXE) .addAbility(IToolAreaAbility.RECURSION, 1) .addAbility(IToolAreaAbility.HAMMER, 0) .addAbility(IToolAreaAbility.HAMMER_FLAT, 0) .addAbility(IToolHarvestAbility.SILK, 0) .addAbility(IToolHarvestAbility.LUCK, 2).setUnlocalizedName("cobalt_decorated_pickaxe").setTextureName(RefStrings.MODID + ":cobalt_decorated_pickaxe")
cobalt_decorated_shovel	formal	HbmItems	cobalt_decorated_shovel	ItemToolAbility	True	True	True	True	False	cobalt_decorated_shovel = new ItemToolAbility(5F, 0, matDecCobalt, EnumToolType.SHOVEL) .addAbility(IToolAreaAbility.RECURSION, 1) .addAbility(IToolAreaAbility.HAMMER, 0) .addAbility(IToolAreaAbility.HAMMER_FLAT, 0) .addAbility(IToolHarvestAbility.SILK, 0) .addAbility(IToolHarvestAbility.LUCK, 2).setUnlocalizedName("cobalt_decorated_shovel").setTextureName(RefStrings.MODID + ":cobalt_decorated_shovel")
cobalt_decorated_sword	formal	HbmItems	cobalt_decorated_sword	ItemSwordAbility	True	True	True	True	False	cobalt_decorated_sword = new ItemSwordAbility(15F, 0, matDecCobalt) .addAbility(IWeaponAbility.BOBBLE, 0).setUnlocalizedName("cobalt_decorated_sword").setTextureName(RefStrings.MODID + ":cobalt_decorated_sword")
cobalt_helmet	formal	HbmItems		UNRESOLVED	True	True	True	True	False	
cobalt_hoe	formal	HbmItems	cobalt_hoe	ModHoe	True	True	True	True	False	cobalt_hoe = new ModHoe(MainRegistry.tMatCobalt).setUnlocalizedName("cobalt_hoe").setTextureName(RefStrings.MODID + ":cobalt_hoe")
cobalt_legs	formal	HbmItems		UNRESOLVED	True	True	True	True	False	
cobalt_pickaxe	formal	HbmItems	cobalt_pickaxe	ItemToolAbility	True	True	True	True	False	cobalt_pickaxe = new ItemToolAbility(4F, 0, MainRegistry.tMatCobalt, EnumToolType.PICKAXE) .addAbility(IToolAreaAbility.RECURSION, 1) .addAbility(IToolHarvestAbility.SILK, 0) .addAbility(IToolHarvestAbility.LUCK, 0).setUnlocalizedName("cobalt_pickaxe").setTextureName(RefStrings.MODID + ":cobalt_pickaxe")
cobalt_plate	formal	HbmItems		UNRESOLVED	True	True	True	True	False	
cobalt_shovel	formal	HbmItems	cobalt_shovel	ItemToolAbility	True	True	True	True	False	cobalt_shovel = new ItemToolAbility(3.5F, 0, MainRegistry.tMatCobalt, EnumToolType.SHOVEL) .addAbility(IToolAreaAbility.RECURSION, 1) .addAbility(IToolHarvestAbility.SILK, 0) .addAbility(IToolHarvestAbility.LUCK, 0).setUnlocalizedName("cobalt_shovel").setTextureName(RefStrings.MODID + ":cobalt_shovel")
cobalt_sword	formal	HbmItems	cobalt_sword	ItemSwordAbility	True	True	True	True	False	cobalt_sword = new ItemSwordAbility(12F, 0, MainRegistry.tMatCobalt).setUnlocalizedName("cobalt_sword").setTextureName(RefStrings.MODID + ":cobalt_sword")
coffee	formal	HbmItems	coffee	ItemEnergy	True	True	True	True	False	coffee = new ItemEnergy().setUnlocalizedName("coffee").setTextureName(RefStrings.MODID + ":coffee")
coffee_radium	formal	HbmItems	coffee_radium	ItemEnergy	True	True	True	True	False	coffee_radium = new ItemEnergy().setUnlocalizedName("coffee_radium").setTextureName(RefStrings.MODID + ":coffee_radium")
coil_copper	formal	HbmItems	coil_copper	Item	True	True	True	True	False	coil_copper = new Item().setUnlocalizedName("coil_copper").setCreativeTab(MainRegistry.partsTab).setTextureName(RefStrings.MODID + ":coil_copper")
coil_copper_torus	formal	HbmItems	coil_copper_torus	Item	True	True	True	True	False	coil_copper_torus = new Item().setUnlocalizedName("coil_copper_torus").setCreativeTab(MainRegistry.partsTab).setTextureName(RefStrings.MODID + ":coil_copper_torus")
coil_gold	formal	HbmItems dynamic material/specialized registration	coil_gold	Item	True	True	True	True	False	coil_gold = new Item().setUnlocalizedName("coil_gold").setCreativeTab(MainRegistry.partsTab).setTextureName(RefStrings.MODID + ":coil_gold")
coil_gold_torus	formal	HbmItems dynamic material/specialized registration	coil_gold_torus	Item	True	True	True	True	False	coil_gold_torus = new Item().setUnlocalizedName("coil_gold_torus").setCreativeTab(MainRegistry.partsTab).setTextureName(RefStrings.MODID + ":coil_gold_torus")
coil_magnetized_tungsten	formal	HbmItems dynamic material/specialized registration	coil_magnetized_tungsten	Item	True	True	True	True	False	coil_magnetized_tungsten = new Item().setUnlocalizedName("coil_magnetized_tungsten").setCreativeTab(MainRegistry.partsTab).setTextureName(RefStrings.MODID + ":coil_magnetized_tungsten")
coil_tungsten	formal	HbmItems dynamic material/specialized registration	coil_tungsten	Item	True	True	True	True	False	coil_tungsten = new Item().setUnlocalizedName("coil_tungsten").setCreativeTab(MainRegistry.partsTab).setTextureName(RefStrings.MODID + ":coil_tungsten")
coin_creeper	formal	HbmItems	coin_creeper	ItemCustomLore	True	True	True	True	False	coin_creeper = new ItemCustomLore().setRarity(EnumRarity.uncommon).setUnlocalizedName("coin_creeper").setCreativeTab(MainRegistry.consumableTab).setTextureName(RefStrings.MODID + ":coin_creeper")
coin_maskman	formal	HbmItems	coin_maskman	ItemCustomLore	True	True	True	True	False	coin_maskman = new ItemCustomLore().setRarity(EnumRarity.uncommon).setUnlocalizedName("coin_maskman").setCreativeTab(MainRegistry.consumableTab).setTextureName(RefStrings.MODID + ":coin_maskman")
coin_radiation	formal	HbmItems	coin_radiation	ItemCustomLore	True	True	True	True	False	coin_radiation = new ItemCustomLore().setRarity(EnumRarity.uncommon).setUnlocalizedName("coin_radiation").setCreativeTab(MainRegistry.consumableTab).setTextureName(RefStrings.MODID + ":coin_radiation")
coin_token	formal	HbmItems	coin_token	Item	True	True	True	False	False	coin_token = new Item().setUnlocalizedName("coin_token").setCreativeTab(MainRegistry.consumableTab).setTextureName(RefStrings.MODID + ":coin_token")
coin_ufo	formal	HbmItems	coin_ufo	ItemCustomLore	True	True	True	True	False	coin_ufo = new ItemCustomLore().setRarity(EnumRarity.uncommon).setUnlocalizedName("coin_ufo").setCreativeTab(MainRegistry.consumableTab).setTextureName(RefStrings.MODID + ":coin_ufo")
coin_worm	formal	HbmItems	coin_worm	ItemCustomLore	True	True	True	True	False	coin_worm = new ItemCustomLore().setRarity(EnumRarity.uncommon).setUnlocalizedName("coin_worm").setCreativeTab(MainRegistry.consumableTab).setTextureName(RefStrings.MODID + ":coin_worm")
coke	formal	HbmItems	coke	ItemEnumMulti	False	False	False	True	False	coke = new ItemEnumMulti(EnumCokeType.class, true, true).setUnlocalizedName("coke").setCreativeTab(MainRegistry.partsTab).setTextureName(RefStrings.MODID + ":coke")
coltan_tool	formal	HbmItems	coltan_tool	ItemColtanCompass	False	True	True	True	False	coltan_tool = new ItemColtanCompass().setUnlocalizedName("coltan_tool").setMaxStackSize(1).setCreativeTab(MainRegistry.consumableTab).setTextureName(RefStrings.MODID + ":coltass")
combine_scrap	formal	HbmItems	combine_scrap	Item	True	True	True	True	False	combine_scrap = new Item().setUnlocalizedName("combine_scrap").setCreativeTab(MainRegistry.partsTab).setTextureName(RefStrings.MODID + ":combine_scrap")
containment_box	formal	HbmItems	containment_box	ItemLeadBox	True	True	True	True	False	containment_box = new ItemLeadBox().setUnlocalizedName("containment_box").setCreativeTab(MainRegistry.consumableTab).setTextureName(RefStrings.MODID + ":containment_box")
conveyor_wand	formal	HbmItems	conveyor_wand	ItemConveyorWand	False	False	False	True	False	conveyor_wand = new ItemConveyorWand().setUnlocalizedName("conveyor_wand").setCreativeTab(MainRegistry.machineTab).setFull3D().setTextureName(RefStrings.MODID + ":wand_s")
cordite	formal	HbmItems	cordite	Item	True	True	True	True	False	cordite = new Item().setUnlocalizedName("cordite").setCreativeTab(MainRegistry.partsTab).setTextureName(RefStrings.MODID + ":cordite")
cotton_candy	formal	HbmItems	cotton_candy	ItemCottonCandy	True	True	True	True	False	cotton_candy = new ItemCottonCandy(5, false).setUnlocalizedName("cotton_candy").setCreativeTab(MainRegistry.consumableTab).setFull3D().setTextureName(RefStrings.MODID + ":cotton_candy")
coupling_tool	formal	HbmItems	coupling_tool	ItemCouplingTool	True	True	False	False	False	coupling_tool = new ItemCouplingTool().setUnlocalizedName("coupling_tool").setMaxStackSize(1).setCreativeTab(MainRegistry.consumableTab).setTextureName(RefStrings.MODID + ":coupling_tool")
crackpipe	formal	HbmItems	crackpipe	ItemCigarette	True	True	True	True	False	crackpipe = new ItemCigarette().setUnlocalizedName("crackpipe").setFull3D().setMaxStackSize(1).setCreativeTab(MainRegistry.consumableTab).setTextureName(RefStrings.MODID + ":crackpipe")
crayon	formal	HbmItems	crayon	ItemCrayon	True	True	False	True	False	crayon = new ItemCrayon().setUnlocalizedName("crayon").setCreativeTab(MainRegistry.partsTab).setTextureName(RefStrings.MODID + ":crayon")
crowbar	formal	HbmItems	crowbar	ModSword	True	True	True	True	False	crowbar = new ModSword(MainRegistry.tMatSteel).setUnlocalizedName("crowbar").setFull3D().setTextureName(RefStrings.MODID + ":crowbar")
crt_display	formal	HbmItems	crt_display	Item	True	True	True	True	False	crt_display = new Item().setUnlocalizedName("crt_display").setCreativeTab(MainRegistry.partsTab).setTextureName(RefStrings.MODID + ":crt_display")
crucible	formal	HbmItems	crucible	ItemCrucible	True	True	True	True	False	crucible = new ItemCrucible(5000, 1F, matCrucible).setUnlocalizedName("crucible").setCreativeTab(MainRegistry.weaponTab).setTextureName(RefStrings.MODID + ":crucible")
crystal_aluminium	formal	HbmItems	crystal_aluminium	Item	True	True	True	True	False	crystal_aluminium = new Item().setUnlocalizedName("crystal_aluminium").setCreativeTab(MainRegistry.partsTab).setTextureName(RefStrings.MODID + ":crystal_aluminium")
crystal_beryllium	formal	HbmItems dynamic material/specialized registration	crystal_beryllium	Item	True	True	True	True	False	crystal_beryllium = new Item().setUnlocalizedName("crystal_beryllium").setCreativeTab(MainRegistry.partsTab).setTextureName(RefStrings.MODID + ":crystal_beryllium")
crystal_charred	formal	HbmItems dynamic material/specialized registration	crystal_charred	ItemCustomLore	True	True	True	True	False	crystal_charred = new ItemCustomLore().setUnlocalizedName("crystal_charred").setCreativeTab(MainRegistry.partsTab).setTextureName(RefStrings.MODID + ":crystal_charred")
crystal_cinnebar	formal	HbmItems dynamic material/specialized registration	crystal_cinnebar	Item	True	True	True	False	False	crystal_cinnebar = new Item().setUnlocalizedName("crystal_cinnebar").setCreativeTab(MainRegistry.partsTab).setTextureName(RefStrings.MODID + ":crystal_cinnebar")
crystal_coal	formal	HbmItems dynamic material/specialized registration	crystal_coal	Item	True	True	True	True	False	crystal_coal = new Item().setUnlocalizedName("crystal_coal").setCreativeTab(MainRegistry.partsTab).setTextureName(RefStrings.MODID + ":crystal_coal")
crystal_cobalt	formal	HbmItems dynamic material/specialized registration	crystal_cobalt	Item	True	True	True	True	False	crystal_cobalt = new Item().setUnlocalizedName("crystal_cobalt").setCreativeTab(MainRegistry.partsTab).setTextureName(RefStrings.MODID + ":crystal_cobalt")
crystal_copper	formal	HbmItems	crystal_copper	Item	True	True	True	True	False	crystal_copper = new Item().setUnlocalizedName("crystal_copper").setCreativeTab(MainRegistry.partsTab).setTextureName(RefStrings.MODID + ":crystal_copper")
crystal_diamond	formal	HbmItems dynamic material/specialized registration	crystal_diamond	Item	True	True	True	True	False	crystal_diamond = new Item().setUnlocalizedName("crystal_diamond").setCreativeTab(MainRegistry.partsTab).setTextureName(RefStrings.MODID + ":crystal_diamond")
crystal_fluorite	formal	HbmItems dynamic material/specialized registration	crystal_fluorite	Item	True	True	True	True	False	crystal_fluorite = new Item().setUnlocalizedName("crystal_fluorite").setCreativeTab(MainRegistry.partsTab).setTextureName(RefStrings.MODID + ":crystal_fluorite")
crystal_gold	formal	HbmItems dynamic material/specialized registration	crystal_gold	Item	True	True	True	True	False	crystal_gold = new Item().setUnlocalizedName("crystal_gold").setCreativeTab(MainRegistry.partsTab).setTextureName(RefStrings.MODID + ":crystal_gold")
crystal_horn	formal	HbmItems	crystal_horn	ItemCustomLore	True	True	True	True	False	crystal_horn = new ItemCustomLore().setUnlocalizedName("crystal_horn").setCreativeTab(MainRegistry.partsTab).setTextureName(RefStrings.MODID + ":crystal_horn")
crystal_iron	formal	HbmItems	crystal_iron	Item	True	True	True	True	False	crystal_iron = new Item().setUnlocalizedName("crystal_iron").setCreativeTab(MainRegistry.partsTab).setTextureName(RefStrings.MODID + ":crystal_iron")
crystal_lapis	formal	HbmItems dynamic material/specialized registration	crystal_lapis	Item	True	True	True	True	False	crystal_lapis = new Item().setUnlocalizedName("crystal_lapis").setCreativeTab(MainRegistry.partsTab).setTextureName(RefStrings.MODID + ":crystal_lapis")
crystal_lead	formal	HbmItems dynamic material/specialized registration	crystal_lead	Item	True	True	True	True	False	crystal_lead = new Item().setUnlocalizedName("crystal_lead").setCreativeTab(MainRegistry.partsTab).setTextureName(RefStrings.MODID + ":crystal_lead")
crystal_lithium	formal	HbmItems dynamic material/specialized registration	crystal_lithium	Item	True	True	True	True	False	crystal_lithium = new Item().setUnlocalizedName("crystal_lithium").setCreativeTab(MainRegistry.partsTab).setTextureName(RefStrings.MODID + ":crystal_lithium")
crystal_niter	formal	HbmItems dynamic material/specialized registration	crystal_niter	Item	True	True	True	True	False	crystal_niter = new Item().setUnlocalizedName("crystal_niter").setCreativeTab(MainRegistry.partsTab).setTextureName(RefStrings.MODID + ":crystal_niter")
crystal_osmiridium	formal	HbmItems dynamic material/specialized registration	crystal_osmiridium	Item	True	True	True	True	False	crystal_osmiridium = new Item().setUnlocalizedName("crystal_osmiridium").setCreativeTab(MainRegistry.partsTab).setTextureName(RefStrings.MODID + ":crystal_osmiridium")
crystal_phosphorus	formal	HbmItems dynamic material/specialized registration	crystal_phosphorus	Item	True	True	True	True	False	crystal_phosphorus = new Item().setUnlocalizedName("crystal_phosphorus").setCreativeTab(MainRegistry.partsTab).setTextureName(RefStrings.MODID + ":crystal_phosphorus")
crystal_plutonium	formal	HbmItems dynamic material/specialized registration	crystal_plutonium	Item	True	True	True	True	False	crystal_plutonium = new Item().setUnlocalizedName("crystal_plutonium").setCreativeTab(MainRegistry.partsTab).setTextureName(RefStrings.MODID + ":crystal_plutonium")
crystal_rare	formal	HbmItems dynamic material/specialized registration	crystal_rare	Item	True	True	True	True	False	crystal_rare = new Item().setUnlocalizedName("crystal_rare").setCreativeTab(MainRegistry.partsTab).setTextureName(RefStrings.MODID + ":crystal_rare")
crystal_redstone	formal	HbmItems dynamic material/specialized registration	crystal_redstone	Item	True	True	True	True	False	crystal_redstone = new Item().setUnlocalizedName("crystal_redstone").setCreativeTab(MainRegistry.partsTab).setTextureName(RefStrings.MODID + ":crystal_redstone")
crystal_schrabidium	formal	HbmItems dynamic material/specialized registration	crystal_schrabidium	ItemCustomLore	True	True	True	True	False	crystal_schrabidium = new ItemCustomLore().setRarity(EnumRarity.rare).setUnlocalizedName("crystal_schrabidium").setCreativeTab(MainRegistry.partsTab).setTextureName(RefStrings.MODID + ":crystal_schrabidium")
crystal_schraranium	formal	HbmItems dynamic material/specialized registration	crystal_schraranium	ItemCustomLore	True	True	True	True	False	crystal_schraranium = new ItemCustomLore().setRarity(EnumRarity.rare).setUnlocalizedName("crystal_schraranium").setCreativeTab(MainRegistry.partsTab).setTextureName(RefStrings.MODID + ":crystal_schraranium")
crystal_starmetal	formal	HbmItems dynamic material/specialized registration	crystal_starmetal	Item	True	True	True	True	False	crystal_starmetal = new Item().setUnlocalizedName("crystal_starmetal").setCreativeTab(MainRegistry.partsTab).setTextureName(RefStrings.MODID + ":crystal_starmetal")
crystal_sulfur	formal	HbmItems dynamic material/specialized registration	crystal_sulfur	Item	True	True	True	True	False	crystal_sulfur = new Item().setUnlocalizedName("crystal_sulfur").setCreativeTab(MainRegistry.partsTab).setTextureName(RefStrings.MODID + ":crystal_sulfur")
crystal_thorium	formal	HbmItems dynamic material/specialized registration	crystal_thorium	Item	True	True	True	True	False	crystal_thorium = new Item().setUnlocalizedName("crystal_thorium").setCreativeTab(MainRegistry.partsTab).setTextureName(RefStrings.MODID + ":crystal_thorium")
crystal_titanium	formal	HbmItems	crystal_titanium	Item	True	True	True	True	False	crystal_titanium = new Item().setUnlocalizedName("crystal_titanium").setCreativeTab(MainRegistry.partsTab).setTextureName(RefStrings.MODID + ":crystal_titanium")
crystal_trixite	formal	HbmItems dynamic material/specialized registration	crystal_trixite	Item	True	True	True	True	False	crystal_trixite = new Item().setUnlocalizedName("crystal_trixite").setCreativeTab(MainRegistry.partsTab).setTextureName(RefStrings.MODID + ":crystal_trixite")
crystal_tungsten	formal	HbmItems	crystal_tungsten	Item	True	True	True	True	False	crystal_tungsten = new Item().setUnlocalizedName("crystal_tungsten").setCreativeTab(MainRegistry.partsTab).setTextureName(RefStrings.MODID + ":crystal_tungsten")
crystal_uranium	formal	HbmItems dynamic material/specialized registration	crystal_uranium	Item	True	True	True	True	False	crystal_uranium = new Item().setUnlocalizedName("crystal_uranium").setCreativeTab(MainRegistry.partsTab).setTextureName(RefStrings.MODID + ":crystal_uranium")
crystal_xen	formal	HbmItems	crystal_xen	ItemDrop	True	True	True	True	False	crystal_xen = new ItemDrop().setUnlocalizedName("crystal_xen").setMaxStackSize(1).setCreativeTab(MainRegistry.controlTab).setTextureName(RefStrings.MODID + ":crystal_xen")
cube_power	formal	HbmItems	cube_power	ItemBattery	True	True	True	False	False	cube_power = new ItemBattery(1000000000000000000L, 1000000000000000L, 1000000000000000L).setUnlocalizedName("cube_power").setMaxStackSize(1).setCreativeTab(MainRegistry.controlTab).setTextureName(RefStrings.MODID + ":cube_power")
custom_amat	formal	HbmItems	custom_amat	ItemCustomLore	True	True	True	True	False	custom_amat = new ItemCustomLore().setUnlocalizedName("custom_amat").setMaxStackSize(1).setCreativeTab(MainRegistry.nukeTab).setTextureName(RefStrings.MODID + ":custom_amat")
custom_dirty	formal	HbmItems	custom_dirty	ItemCustomLore	True	True	True	True	False	custom_dirty = new ItemCustomLore().setUnlocalizedName("custom_dirty").setMaxStackSize(1).setCreativeTab(MainRegistry.nukeTab).setTextureName(RefStrings.MODID + ":custom_dirty")
custom_fall	formal	HbmItems	custom_fall	ItemCustomLore	True	True	True	True	False	custom_fall = new ItemCustomLore().setUnlocalizedName("custom_fall").setMaxStackSize(1).setCreativeTab(MainRegistry.nukeTab).setTextureName(RefStrings.MODID + ":custom_fall")
custom_hydro	formal	HbmItems	custom_hydro	ItemCustomLore	True	True	True	True	False	custom_hydro = new ItemCustomLore().setUnlocalizedName("custom_hydro").setMaxStackSize(1).setCreativeTab(MainRegistry.nukeTab).setTextureName(RefStrings.MODID + ":custom_hydro")
custom_kit	formal	HbmItems	custom_kit	ItemStarterKit	True	True	True	True	False	custom_kit = new ItemStarterKit().setUnlocalizedName("custom_kit").setMaxStackSize(1).setCreativeTab(MainRegistry.nukeTab).setTextureName(RefStrings.MODID + ":custom_kit")
custom_nuke	formal	HbmItems	custom_nuke	ItemCustomLore	True	True	True	True	False	custom_nuke = new ItemCustomLore().setUnlocalizedName("custom_nuke").setMaxStackSize(1).setCreativeTab(MainRegistry.nukeTab).setTextureName(RefStrings.MODID + ":custom_nuke")
custom_schrab	formal	HbmItems	custom_schrab	ItemCustomLore	True	True	True	True	False	custom_schrab = new ItemCustomLore().setUnlocalizedName("custom_schrab").setMaxStackSize(1).setCreativeTab(MainRegistry.nukeTab).setTextureName(RefStrings.MODID + ":custom_schrab")
custom_tnt	formal	HbmItems	custom_tnt	ItemCustomLore	True	True	True	True	False	custom_tnt = new ItemCustomLore().setUnlocalizedName("custom_tnt").setMaxStackSize(1).setCreativeTab(MainRegistry.nukeTab).setTextureName(RefStrings.MODID + ":custom_tnt")
debris_concrete	formal	HbmItems	debris_concrete	Item	True	True	True	True	False	debris_concrete = new Item().setUnlocalizedName("debris_concrete").setCreativeTab(MainRegistry.controlTab).setTextureName(RefStrings.MODID + ":debris_concrete")
debris_element	formal	HbmItems	debris_element	Item	True	True	True	True	False	debris_element =new Item().setUnlocalizedName("debris_element").setCreativeTab(MainRegistry.controlTab).setTextureName(RefStrings.MODID + ":debris_element")
debris_exchanger	formal	HbmItems	debris_exchanger	Item	True	True	True	True	False	debris_exchanger = new Item().setUnlocalizedName("debris_exchanger").setCreativeTab(MainRegistry.controlTab).setTextureName(RefStrings.MODID + ":debris_exchanger")
debris_fuel	formal	HbmItems	debris_fuel	Item	True	True	True	True	False	debris_fuel = new Item().setUnlocalizedName("debris_fuel").setCreativeTab(MainRegistry.controlTab).setTextureName(RefStrings.MODID + ":debris_fuel")
debris_graphite	formal	HbmItems	debris_graphite	Item	True	True	True	True	False	debris_graphite = new Item().setUnlocalizedName("debris_graphite").setCreativeTab(MainRegistry.controlTab).setTextureName(RefStrings.MODID + ":debris_graphite")
debris_metal	formal	HbmItems	debris_metal	Item	True	True	True	True	False	debris_metal = new Item().setUnlocalizedName("debris_metal").setCreativeTab(MainRegistry.controlTab).setTextureName(RefStrings.MODID + ":debris_metal")
debris_shrapnel	formal	HbmItems	debris_shrapnel	Item	True	True	True	True	False	debris_shrapnel =new Item().setUnlocalizedName("debris_shrapnel").setCreativeTab(MainRegistry.controlTab).setTextureName(RefStrings.MODID + ":debris_shrapnel")
definitelyfood	formal	HbmItems	definitelyfood	ItemLemon	True	True	True	True	False	definitelyfood = new ItemLemon(3, 0.5F, false).setUnlocalizedName("definitelyfood").setCreativeTab(MainRegistry.consumableTab).setTextureName(RefStrings.MODID + ":definitelyfood")
defuser	formal	HbmItems	defuser	ItemDefuser	True	True	True	True	False	defuser = new ItemDefuser(ToolType.DEFUSER, 100).setUnlocalizedName("defuser").setMaxStackSize(1).setFull3D().setCreativeTab(MainRegistry.nukeTab).setTextureName(RefStrings.MODID + ":defuser")
defuser_gold	formal	HbmItems	defuser_gold	ItemModDefuser	True	True	True	True	False	defuser_gold = new ItemModDefuser().setUnlocalizedName("defuser_gold").setTextureName(RefStrings.MODID + ":defuser_gold")
demon_core_closed	formal	HbmItems	demon_core_closed	Item	True	True	True	True	False	demon_core_closed = new Item().setUnlocalizedName("demon_core_closed").setCreativeTab(MainRegistry.nukeTab).setTextureName(RefStrings.MODID + ":demon_core_closed")
demon_core_open	formal	HbmItems	demon_core_open	ItemDemonCore	True	True	True	True	False	demon_core_open = new ItemDemonCore().setUnlocalizedName("demon_core_open").setCreativeTab(MainRegistry.nukeTab).setTextureName(RefStrings.MODID + ":demon_core_open")
desh_axe	formal	HbmItems	desh_axe	ItemToolAbility	True	True	True	True	False	desh_axe = new ItemToolAbility(7.5F, -0.05, MainRegistry.tMatDesh, EnumToolType.AXE) .addAbility(IToolAreaAbility.HAMMER, 0) .addAbility(IToolAreaAbility.HAMMER_FLAT, 0) .addAbility(IToolAreaAbility.RECURSION, 0) .addAbility(IToolHarvestAbility.SILK, 0) .addAbility(IToolHarvestAbility.LUCK, 1) .addAbility(IWeaponAbility.BEHEADER, 0).setUnlocalizedName("desh_axe").setTextureName(RefStrings.MODID + ":desh_axe")
desh_hoe	formal	HbmItems	desh_hoe	ModHoe	True	True	True	True	False	desh_hoe = new ModHoe(MainRegistry.tMatDesh).setUnlocalizedName("desh_hoe").setTextureName(RefStrings.MODID + ":desh_hoe")
desh_pickaxe	formal	HbmItems	desh_pickaxe	ItemToolAbility	True	True	True	True	False	desh_pickaxe = new ItemToolAbility(5F, -0.05, MainRegistry.tMatDesh, EnumToolType.PICKAXE) .addAbility(IToolAreaAbility.HAMMER, 0) .addAbility(IToolAreaAbility.HAMMER_FLAT, 0) .addAbility(IToolAreaAbility.RECURSION, 0) .addAbility(IToolHarvestAbility.SILK, 0) .addAbility(IToolHarvestAbility.LUCK, 1).setUnlocalizedName("desh_pickaxe").setTextureName(RefStrings.MODID + ":desh_pickaxe")
desh_shovel	formal	HbmItems	desh_shovel	ItemToolAbility	True	True	True	True	False	desh_shovel = new ItemToolAbility(4F, -0.05, MainRegistry.tMatDesh, EnumToolType.SHOVEL) .addAbility(IToolAreaAbility.HAMMER, 0) .addAbility(IToolAreaAbility.HAMMER_FLAT, 0) .addAbility(IToolAreaAbility.RECURSION, 0) .addAbility(IToolHarvestAbility.SILK, 0) .addAbility(IToolHarvestAbility.LUCK, 1).setUnlocalizedName("desh_shovel").setTextureName(RefStrings.MODID + ":desh_shovel")
desh_sword	formal	HbmItems	desh_sword	ItemSwordAbility	True	True	True	True	False	desh_sword = new ItemSwordAbility(12.5F, 0, MainRegistry.tMatDesh) .addAbility(IWeaponAbility.STUN, 0).setUnlocalizedName("desh_sword").setTextureName(RefStrings.MODID + ":desh_sword")
designator	formal	HbmItems	designator	ItemDesingator	True	True	True	True	False	designator = new ItemDesingator().setUnlocalizedName("designator").setMaxStackSize(1).setCreativeTab(MainRegistry.missileTab).setTextureName(RefStrings.MODID + ":designator")
designator_arty_range	formal	HbmItems	designator_arty_range	ItemDesignatorArtyRange	True	True	True	True	False	designator_arty_range = new ItemDesignatorArtyRange().setUnlocalizedName("designator_arty_range").setCreativeTab(MainRegistry.missileTab).setTextureName(RefStrings.MODID + ":designator_arty_range")
designator_manual	formal	HbmItems	designator_manual	ItemDesingatorManual	True	True	True	True	False	designator_manual = new ItemDesingatorManual().setUnlocalizedName("designator_manual").setMaxStackSize(1).setCreativeTab(MainRegistry.missileTab).setTextureName(RefStrings.MODID + ":designator_manual")
designator_range	formal	HbmItems	designator_range	ItemDesingatorRange	False	True	True	True	False	designator_range = new ItemDesingatorRange().setUnlocalizedName("designator_range").setFull3D().setMaxStackSize(1).setCreativeTab(MainRegistry.missileTab).setTextureName(RefStrings.MODID + ":designator_range_alt")
detonator	formal	HbmItems	detonator	ItemDetonator	True	True	True	True	False	detonator = new ItemDetonator().setUnlocalizedName("detonator").setMaxStackSize(1).setFull3D().setCreativeTab(MainRegistry.nukeTab).setTextureName(RefStrings.MODID + ":detonator")
detonator_de	formal	HbmItems	detonator_de	ItemDrop	True	True	True	True	False	detonator_de = new ItemDrop().setUnlocalizedName("detonator_de").setMaxStackSize(1).setFull3D().setCreativeTab(MainRegistry.nukeTab).setTextureName(RefStrings.MODID + ":detonator_de")
detonator_deadman	formal	HbmItems	detonator_deadman	ItemDrop	True	True	True	True	False	detonator_deadman = new ItemDrop().setUnlocalizedName("detonator_deadman").setMaxStackSize(1).setFull3D().setCreativeTab(MainRegistry.nukeTab).setTextureName(RefStrings.MODID + ":detonator_deadman")
detonator_laser	formal	HbmItems	detonator_laser	ItemLaserDetonator	True	True	True	True	False	detonator_laser = new ItemLaserDetonator().setUnlocalizedName("detonator_laser").setMaxStackSize(1).setFull3D().setCreativeTab(MainRegistry.nukeTab).setTextureName(RefStrings.MODID + ":detonator_laser")
detonator_multi	formal	HbmItems	detonator_multi	ItemMultiDetonator	True	True	True	True	False	detonator_multi = new ItemMultiDetonator().setUnlocalizedName("detonator_multi").setMaxStackSize(1).setFull3D().setCreativeTab(MainRegistry.nukeTab).setTextureName(RefStrings.MODID + ":detonator_multi")
deuterium_filter	formal	HbmItems	deuterium_filter	Item	True	True	True	True	False	deuterium_filter = new Item().setUnlocalizedName("deuterium_filter").setCreativeTab(MainRegistry.partsTab).setTextureName(RefStrings.MODID + ":deuterium_filter")
diamond_gavel	formal	HbmItems	diamond_gavel	WeaponSpecial	True	True	True	True	False	diamond_gavel = new WeaponSpecial(ToolMaterial.EMERALD).setUnlocalizedName("diamond_gavel").setMaxStackSize(1).setTextureName(RefStrings.MODID + ":diamond_gavel")
dieselsuit_boots	formal	HbmItems		UNRESOLVED	True	True	True	True	False	
dieselsuit_helmet	formal	HbmItems		UNRESOLVED	True	True	True	True	False	
dieselsuit_legs	formal	HbmItems		UNRESOLVED	True	True	True	True	False	
dieselsuit_plate	formal	HbmItems		UNRESOLVED	True	True	True	True	False	
digamma_diagnostic	formal	HbmItems	digamma_diagnostic	ItemDigammaDiagnostic	True	True	True	True	False	digamma_diagnostic = new ItemDigammaDiagnostic().setUnlocalizedName("digamma_diagnostic").setMaxStackSize(1).setCreativeTab(MainRegistry.consumableTab).setTextureName(RefStrings.MODID + ":digamma_diagnostic")
disperser_canister	formal	HbmItems	disperser_canister	ItemDisperser	True	True	True	True	False	disperser_canister = new ItemDisperser().setUnlocalizedName("disperser_canister").setContainerItem(ModItems.disperser_canister_empty).setCreativeTab(MainRegistry.weaponTab).setTextureName(RefStrings.MODID + ":disperser_canister")
disperser_canister_empty	formal	HbmItems	disperser_canister_empty	Item	False	False	True	True	False	disperser_canister_empty = new Item().setUnlocalizedName("disperser_canister_empty").setCreativeTab(MainRegistry.weaponTab).setTextureName(RefStrings.MODID + ":disperser_canister")
dns_boots	formal	HbmItems		UNRESOLVED	True	True	True	True	False	
dns_helmet	formal	HbmItems		UNRESOLVED	True	True	True	True	False	
dns_legs	formal	HbmItems		UNRESOLVED	True	True	True	True	False	
dns_plate	formal	HbmItems		UNRESOLVED	True	True	True	True	False	
dnt_boots	formal	HbmItems		UNRESOLVED	True	True	True	True	False	
dnt_helmet	formal	HbmItems		UNRESOLVED	True	True	True	True	False	
dnt_legs	formal	HbmItems		UNRESOLVED	True	True	True	True	False	
dnt_plate	formal	HbmItems		UNRESOLVED	True	True	True	True	False	
dnt_sword	formal	HbmItems	dnt_sword	ItemSwordAbility	True	True	True	True	False	dnt_sword = new ItemSwordAbility(12F, 0, matMese).setUnlocalizedName("dnt_sword").setTextureName(RefStrings.MODID + ":dnt_sword")
door_bunker	formal	HbmBlocks + BlockItem	door_bunker	ItemModDoor	True	True	True	True	True	door_bunker = new ItemModDoor().setUnlocalizedName("door_bunker").setCreativeTab(MainRegistry.blockTab).setTextureName(RefStrings.MODID + ":door_bunker")
door_metal	formal	HbmBlocks + BlockItem	door_metal	ItemModDoor	True	True	True	True	True	door_metal = new ItemModDoor().setUnlocalizedName("door_metal").setCreativeTab(MainRegistry.blockTab).setTextureName(RefStrings.MODID + ":door_metal")
door_office	formal	HbmBlocks + BlockItem	door_office	ItemModDoor	True	True	True	True	True	door_office = new ItemModDoor().setUnlocalizedName("door_office").setCreativeTab(MainRegistry.blockTab).setTextureName(RefStrings.MODID + ":door_office")
door_red	formal	HbmBlocks + BlockItem	door_red	ItemModDoor	True	True	True	True	True	door_red = new ItemModDoor().setUnlocalizedName("door_red").setCreativeTab(null).setTextureName(RefStrings.MODID + ":door_red")
dosimeter	formal	HbmItems	dosimeter	ItemDosimeter	True	True	True	True	False	dosimeter = new ItemDosimeter().setUnlocalizedName("dosimeter").setMaxStackSize(1).setCreativeTab(MainRegistry.consumableTab).setTextureName(RefStrings.MODID + ":dosimeter")
drax	formal	HbmItems	drax	ItemToolAbilityPower	True	True	True	True	False	drax = new ItemToolAbilityPower(10F, -0.05, MainRegistry.tMatElec, EnumToolType.MINER, 500000000, 100000, 5000) .addAbility(IToolHarvestAbility.SMELTER, 0) .addAbility(IToolHarvestAbility.SHREDDER, 0) .addAbility(IToolHarvestAbility.LUCK, 1) .addAbility(IToolAreaAbility.HAMMER, 1) .addAbility(IToolAreaAbility.HAMMER_FLAT, 1) .addAbility(IToolAreaAbility.RECURSION, 2).setUnlocalizedName("drax").setCreativeTab(null).setTextureName(RefStrings.MODID + ":drax")
drax_mk2	formal	HbmItems	drax_mk2	ItemToolAbilityPower	True	True	True	True	False	drax_mk2 = new ItemToolAbilityPower(15F, -0.05, MainRegistry.tMatElec, EnumToolType.MINER, 1000000000, 250000, 7500) .addAbility(IToolHarvestAbility.SMELTER, 0) .addAbility(IToolHarvestAbility.SHREDDER, 0) .addAbility(IToolHarvestAbility.CENTRIFUGE, 0) .addAbility(IToolHarvestAbility.LUCK, 2) .addAbility(IToolAreaAbility.HAMMER, 2) .addAbility(IToolAreaAbility.HAMMER_FLAT, 2) .addAbility(IToolAreaAbility.RECURSION, 4).setUnlocalizedName("drax_mk2").setCreativeTab(null).setTextureName(RefStrings.MODID + ":drax_mk2")
drax_mk3	formal	HbmItems	drax_mk3	ItemToolAbilityPower	True	True	True	True	False	drax_mk3 = new ItemToolAbilityPower(20F, -0.05, MainRegistry.tMatElec, EnumToolType.MINER, 2500000000L, 500000, 10000) .addAbility(IToolHarvestAbility.SMELTER, 0) .addAbility(IToolHarvestAbility.SHREDDER, 0) .addAbility(IToolHarvestAbility.CENTRIFUGE, 0) .addAbility(IToolHarvestAbility.CRYSTALLIZER, 0) .addAbility(IToolHarvestAbility.SILK, 0) .addAbility(IToolHarvestAbility.LUCK, 3) .addAbility(IToolAreaAbility.HAMMER, 3) .addAbility(IToolAreaAbility.HAMMER_FLAT, 3) .addAbility(IToolAreaAbility.RECURSION, 5).setUnlocalizedName("drax_mk3").setCreativeTab(null).setTextureName(RefStrings.MODID + ":drax_mk3")
drill_titanium	formal	HbmItems	drill_titanium	Item	True	True	True	True	False	drill_titanium = new Item().setUnlocalizedName("drill_titanium").setCreativeTab(MainRegistry.partsTab).setTextureName(RefStrings.MODID + ":drill_titanium")
drillbit	formal	HbmItems	drillbit	ItemDrillbit	False	False	False	True	False	drillbit = new ItemDrillbit().setUnlocalizedName("drillbit").setCreativeTab(MainRegistry.controlTab).setMaxStackSize(1)
drone	catalog_fallback	HbmItems.registerRemainingLegacyCatalogItems -> LegacyCatalogItem	drone	ItemDrone	False	True	False	True	False	drone = new ItemDrone().setUnlocalizedName("drone")
drone_linker	catalog_fallback	HbmItems.registerRemainingLegacyCatalogItems -> LegacyCatalogItem	drone_linker	ItemDroneLinker	True	True	True	True	False	drone_linker = new ItemDroneLinker().setUnlocalizedName("drone_linker").setMaxStackSize(1).setCreativeTab(MainRegistry.consumableTab).setTextureName(RefStrings.MODID + ":drone_linker")
ducttape	formal	HbmItems	ducttape	Item	True	True	True	True	False	ducttape = new Item().setUnlocalizedName("ducttape").setCreativeTab(MainRegistry.partsTab).setTextureName(RefStrings.MODID + ":ducttape")
dust	formal	HbmItems	dust	ItemCustomLore	True	True	True	True	False	dust = new ItemCustomLore().setUnlocalizedName("dust").setCreativeTab(MainRegistry.partsTab).setTextureName(RefStrings.MODID + ":dust")
dust_tiny	formal	HbmItems	dust_tiny	Item	True	True	True	True	False	dust_tiny = new Item().setUnlocalizedName("dust_tiny").setCreativeTab(MainRegistry.partsTab).setTextureName(RefStrings.MODID + ":dust_tiny")
dwarven_pickaxe	formal	HbmItems	dwarven_pickaxe	ItemToolAbility	True	True	True	True	False	dwarven_pickaxe = new ItemToolAbility(5F, -0.1, matDwarf, EnumToolType.MINER) .addAbility(IToolAreaAbility.HAMMER, 0) .addAbility(IToolAreaAbility.HAMMER_FLAT, 0).setUnlocalizedName("dwarven_pickaxe").setMaxDamage(250).setTextureName(RefStrings.MODID + ":dwarven_pickaxe")
dysfunctional_reactor	formal	HbmItems	dysfunctional_reactor	Item	True	True	True	True	False	dysfunctional_reactor = new Item().setUnlocalizedName("dysfunctional_reactor").setCreativeTab(MainRegistry.partsTab).setTextureName(RefStrings.MODID + ":dysfunctional_reactor")
early_explosive_lenses	formal	HbmItems	early_explosive_lenses	ItemCustomLore	False	False	True	False	False	early_explosive_lenses = new ItemCustomLore().setUnlocalizedName("early_explosive_lenses").setCreativeTab(MainRegistry.nukeTab).setTextureName(RefStrings.MODID + ":gadget_explosive8")
egg_balefire	formal	HbmItems	egg_balefire	Item	True	True	True	True	False	egg_balefire = new Item().setUnlocalizedName("egg_balefire").setMaxStackSize(1).setCreativeTab(MainRegistry.nukeTab).setTextureName(RefStrings.MODID + ":egg_balefire")
egg_balefire_shard	formal	HbmItems	egg_balefire_shard	Item	True	True	True	True	False	egg_balefire_shard = new Item().setUnlocalizedName("egg_balefire_shard").setMaxStackSize(16).setCreativeTab(MainRegistry.nukeTab).setTextureName(RefStrings.MODID + ":egg_balefire_shard")
egg_glyphid	formal	HbmItems	egg_glyphid	Item	True	True	True	True	False	egg_glyphid = new Item().setUnlocalizedName("egg_glyphid").setCreativeTab(MainRegistry.consumableTab).setTextureName(RefStrings.MODID + ":egg_glyphid")
elec_axe	formal	HbmItems	elec_axe	ItemToolAbilityPower	False	True	True	True	False	elec_axe = new ItemToolAbilityPower(10F, 0, MainRegistry.tMatElec, EnumToolType.AXE, 500000, 1000, 100) .addAbility(IToolAreaAbility.HAMMER, 0) .addAbility(IToolAreaAbility.HAMMER_FLAT, 0) .addAbility(IToolAreaAbility.RECURSION, 2) .addAbility(IToolHarvestAbility.SILK, 0) .addAbility(IToolHarvestAbility.LUCK, 1) .addAbility(IWeaponAbility.CHAINSAW, 0) .addAbility(IWeaponAbility.BEHEADER, 0).setShears().setUnlocalizedName("elec_axe").setTextureName(RefStrings.MODID + ":elec_chainsaw_anim")
elec_pickaxe	formal	HbmItems	elec_pickaxe	ItemToolAbilityPower	False	True	True	True	False	elec_pickaxe = new ItemToolAbilityPower(6F, 0, MainRegistry.tMatElec, EnumToolType.PICKAXE, 500000, 1000, 100) .addAbility(IToolAreaAbility.HAMMER, 0) .addAbility(IToolAreaAbility.HAMMER_FLAT, 0) .addAbility(IToolAreaAbility.RECURSION, 2) .addAbility(IToolHarvestAbility.SILK, 0) .addAbility(IToolHarvestAbility.LUCK, 1).setUnlocalizedName("elec_pickaxe").setTextureName(RefStrings.MODID + ":elec_drill_anim")
elec_shovel	formal	HbmItems	elec_shovel	ItemToolAbilityPower	True	True	True	True	False	elec_shovel = new ItemToolAbilityPower(5F, 0, MainRegistry.tMatElec, EnumToolType.SHOVEL, 500000, 1000, 100) .addAbility(IToolAreaAbility.HAMMER, 0) .addAbility(IToolAreaAbility.HAMMER_FLAT, 0) .addAbility(IToolAreaAbility.RECURSION, 2) .addAbility(IToolHarvestAbility.SILK, 0) .addAbility(IToolHarvestAbility.LUCK, 1).setUnlocalizedName("elec_shovel").setTextureName(RefStrings.MODID + ":elec_shovel_anim")
elec_sword	formal	HbmItems	elec_sword	ItemSwordAbilityPower	True	True	True	True	False	elec_sword = new ItemSwordAbilityPower(12.5F, 0, MainRegistry.tMatElec, 500000, 1000, 100) .addAbility(IWeaponAbility.STUN, 2).setUnlocalizedName("elec_sword").setTextureName(RefStrings.MODID + ":elec_sword_anim")
entanglement_kit	formal	HbmItems	entanglement_kit	ItemCustomLore	True	True	True	True	False	entanglement_kit = new ItemCustomLore().setUnlocalizedName("entanglement_kit").setCreativeTab(MainRegistry.partsTab).setTextureName(RefStrings.MODID + ":entanglement_kit")
envsuit_boots	formal	HbmItems		UNRESOLVED	True	True	True	True	False	
envsuit_helmet	formal	HbmItems		UNRESOLVED	True	True	True	True	False	
envsuit_legs	formal	HbmItems		UNRESOLVED	True	True	True	True	False	
envsuit_plate	formal	HbmItems		UNRESOLVED	True	True	True	True	False	
euphemium_boots	formal	HbmItems		UNRESOLVED	True	True	True	True	False	
euphemium_helmet	formal	HbmItems		UNRESOLVED	True	True	True	True	False	
euphemium_kit	formal	HbmItems	euphemium_kit	ItemStarterKit	False	True	True	True	False	euphemium_kit = new ItemStarterKit().setUnlocalizedName("euphemium_kit").setMaxStackSize(1).setTextureName(RefStrings.MODID + ":code")
euphemium_legs	formal	HbmItems		UNRESOLVED	True	True	True	True	False	
euphemium_plate	formal	HbmItems		UNRESOLVED	True	True	True	True	False	
explosive_lenses	formal	HbmItems	explosive_lenses	ItemCustomLore	False	False	True	False	False	explosive_lenses = new ItemCustomLore().setUnlocalizedName("explosive_lenses").setCreativeTab(MainRegistry.nukeTab).setTextureName(RefStrings.MODID + ":man_explosive8")
fallout	formal	HbmBlocks + BlockItem	fallout	Item	True	True	True	False	True	fallout = new Item().setUnlocalizedName("fallout").setCreativeTab(MainRegistry.partsTab).setTextureName(RefStrings.MODID + ":fallout")
fau_boots	formal	HbmItems		UNRESOLVED	True	True	True	True	False	
fau_helmet	formal	HbmItems		UNRESOLVED	True	True	True	True	False	
fau_legs	formal	HbmItems		UNRESOLVED	True	True	True	True	False	
fau_plate	formal	HbmItems		UNRESOLVED	True	True	True	True	False	
filter_coal	formal	HbmItems	filter_coal	Item	True	True	True	True	False	filter_coal = new Item().setUnlocalizedName("filter_coal").setCreativeTab(MainRegistry.partsTab).setTextureName(RefStrings.MODID + ":filter_coal")
fins_big_steel	formal	HbmItems	fins_big_steel	Item	True	True	True	True	False	fins_big_steel = new Item().setUnlocalizedName("fins_big_steel").setCreativeTab(MainRegistry.partsTab).setTextureName(RefStrings.MODID + ":fins_big_steel")
fins_flat	formal	HbmItems	fins_flat	Item	True	True	True	True	False	fins_flat = new Item().setUnlocalizedName("fins_flat").setCreativeTab(MainRegistry.partsTab).setTextureName(RefStrings.MODID + ":fins_flat")
fins_quad_titanium	formal	HbmItems	fins_quad_titanium	Item	True	True	True	True	False	fins_quad_titanium = new Item().setUnlocalizedName("fins_quad_titanium").setCreativeTab(MainRegistry.partsTab).setTextureName(RefStrings.MODID + ":fins_quad_titanium")
fins_small_steel	formal	HbmItems	fins_small_steel	Item	True	True	True	True	False	fins_small_steel = new Item().setUnlocalizedName("fins_small_steel").setCreativeTab(MainRegistry.partsTab).setTextureName(RefStrings.MODID + ":fins_small_steel")
fins_tri_steel	formal	HbmItems	fins_tri_steel	Item	True	True	True	True	False	fins_tri_steel = new Item().setUnlocalizedName("fins_tri_steel").setCreativeTab(MainRegistry.partsTab).setTextureName(RefStrings.MODID + ":fins_tri_steel")
five_htp	formal	HbmItems	five_htp	ItemPill	False	True	True	True	False	five_htp = new ItemPill(0).setUnlocalizedName("five_htp").setCreativeTab(MainRegistry.consumableTab).setTextureName(RefStrings.MODID + ":5htp")
flame_conspiracy	formal	HbmItems	flame_conspiracy	ItemCustomLore	True	True	True	True	False	flame_conspiracy = new ItemCustomLore().setUnlocalizedName("flame_conspiracy").setCreativeTab(MainRegistry.partsTab).setTextureName(RefStrings.MODID + ":flame_conspiracy")
flame_opinion	formal	HbmItems	flame_opinion	ItemCustomLore	True	True	True	True	False	flame_opinion = new ItemCustomLore().setUnlocalizedName("flame_opinion").setCreativeTab(MainRegistry.partsTab).setTextureName(RefStrings.MODID + ":flame_opinion")
flame_politics	formal	HbmItems	flame_politics	ItemCustomLore	True	True	True	True	False	flame_politics = new ItemCustomLore().setUnlocalizedName("flame_politics").setCreativeTab(MainRegistry.partsTab).setTextureName(RefStrings.MODID + ":flame_politics")
flame_pony	formal	HbmItems	flame_pony	ItemCustomLore	True	True	True	True	False	flame_pony = new ItemCustomLore().setUnlocalizedName("flame_pony").setCreativeTab(MainRegistry.partsTab).setTextureName(RefStrings.MODID + ":flame_pony")
flask_infusion	formal	HbmItems	flask_infusion	ItemFlask	False	True	False	True	False	flask_infusion = new ItemFlask().setUnlocalizedName("flask_infusion").setCreativeTab(MainRegistry.consumableTab).setTextureName(RefStrings.MODID + ":flask")
fleija_core	formal	HbmItems	fleija_core	ItemFleija	True	True	True	True	False	fleija_core = new ItemFleija().setUnlocalizedName("fleija_core").setMaxStackSize(1).setCreativeTab(MainRegistry.nukeTab).setTextureName(RefStrings.MODID + ":fleija_core")
fleija_igniter	formal	HbmItems	fleija_igniter	ItemFleija	True	True	True	True	False	fleija_igniter = new ItemFleija().setUnlocalizedName("fleija_igniter").setMaxStackSize(1).setCreativeTab(MainRegistry.nukeTab).setTextureName(RefStrings.MODID + ":fleija_igniter")
fleija_kit	formal	HbmItems	fleija_kit	ItemStarterKit	True	True	True	True	False	fleija_kit = new ItemStarterKit().setUnlocalizedName("fleija_kit").setMaxStackSize(1).setCreativeTab(MainRegistry.nukeTab).setTextureName(RefStrings.MODID + ":fleija_kit")
fleija_propellant	formal	HbmItems	fleija_propellant	ItemFleija	True	True	True	True	False	fleija_propellant = new ItemFleija().setUnlocalizedName("fleija_propellant").setMaxStackSize(1).setCreativeTab(MainRegistry.nukeTab).setTextureName(RefStrings.MODID + ":fleija_propellant")
fluid_barrel_empty	formal	HbmItems	fluid_barrel_empty	Item	False	True	True	True	False	fluid_barrel_empty = new Item().setUnlocalizedName("fluid_barrel_empty").setCreativeTab(MainRegistry.controlTab).setTextureName(RefStrings.MODID + ":fluid_barrel")
fluid_barrel_full	formal	HbmItems	fluid_barrel_full	ItemFluidTank	False	False	True	True	False	fluid_barrel_full = new ItemFluidTank().setUnlocalizedName("fluid_barrel_full").setContainerItem(ModItems.fluid_barrel_empty).setCreativeTab(MainRegistry.controlTab).setTextureName(RefStrings.MODID + ":fluid_barrel")
fluid_barrel_infinite	formal	HbmItems	fluid_barrel_infinite	ItemInfiniteFluid	True	True	True	True	False	fluid_barrel_infinite = new ItemInfiniteFluid(null, 1_000_000_000).setUnlocalizedName("fluid_barrel_infinite").setMaxStackSize(1).setCreativeTab(MainRegistry.controlTab).setTextureName(RefStrings.MODID + ":fluid_barrel_infinite")
fluid_duct	formal	HbmItems	fluid_duct	ItemFluidDuct	False	False	True	False	False	fluid_duct = new ItemFluidDuct().setUnlocalizedName("fluid_duct").setCreativeTab(MainRegistry.templateTab).setTextureName(RefStrings.MODID + ":duct")
fluid_icon	formal	HbmItems	fluid_icon	ItemFluidIcon	True	True	False	True	False	fluid_icon = new ItemFluidIcon().setUnlocalizedName("fluid_icon").setCreativeTab(null).setTextureName(RefStrings.MODID + ":fluid_icon")
fluid_identifier_multi	formal	HbmItems	fluid_identifier_multi	ItemFluidIDMulti	True	True	True	True	False	fluid_identifier_multi = new ItemFluidIDMulti().setUnlocalizedName("fluid_identifier_multi").setMaxStackSize(1).setCreativeTab(MainRegistry.templateTab).setTextureName(RefStrings.MODID + ":fluid_identifier_multi")
fluid_pack_empty	formal	HbmItems	fluid_pack_empty	Item	False	True	True	True	False	fluid_pack_empty = new Item().setUnlocalizedName("fluid_pack_empty").setCreativeTab(MainRegistry.controlTab).setTextureName(RefStrings.MODID + ":fluid_pack")
fluid_pack_full	formal	HbmItems	fluid_pack_full	ItemFluidTank	False	False	True	True	False	fluid_pack_full = new ItemFluidTank().setUnlocalizedName("fluid_pack_full").setContainerItem(ModItems.fluid_pack_empty).setCreativeTab(MainRegistry.controlTab).setTextureName(RefStrings.MODID + ":fluid_pack")
fluid_tank_empty	formal	HbmItems	fluid_tank_empty	Item	False	True	True	True	False	fluid_tank_empty = new Item().setUnlocalizedName("fluid_tank_empty").setCreativeTab(MainRegistry.controlTab).setTextureName(RefStrings.MODID + ":fluid_tank")
fluid_tank_full	formal	HbmItems	fluid_tank_full	ItemFluidTank	False	False	True	True	False	fluid_tank_full = new ItemFluidTank().setUnlocalizedName("fluid_tank_full").setContainerItem(ModItems.fluid_tank_empty).setCreativeTab(MainRegistry.controlTab).setTextureName(RefStrings.MODID + ":fluid_tank")
fluid_tank_lead_empty	formal	HbmItems	fluid_tank_lead_empty	Item	False	True	True	True	False	fluid_tank_lead_empty = new Item().setUnlocalizedName("fluid_tank_lead_empty").setCreativeTab(MainRegistry.controlTab).setTextureName(RefStrings.MODID + ":fluid_tank_lead")
fluid_tank_lead_full	formal	HbmItems	fluid_tank_lead_full	ItemFluidTank	False	False	True	True	False	fluid_tank_lead_full = new ItemFluidTank().setUnlocalizedName("fluid_tank_lead_full").setContainerItem(ModItems.fluid_tank_lead_empty).setCreativeTab(MainRegistry.controlTab).setTextureName(RefStrings.MODID + ":fluid_tank_lead")
fluorite	formal	HbmItems	fluorite	Item	True	True	True	True	False	fluorite = new Item().setUnlocalizedName("fluorite").setCreativeTab(MainRegistry.partsTab).setTextureName(RefStrings.MODID + ":fluorite")
flywheel_beryllium	formal	HbmItems	flywheel_beryllium	Item	True	True	True	True	False	flywheel_beryllium = new Item().setUnlocalizedName("flywheel_beryllium").setCreativeTab(MainRegistry.partsTab).setTextureName(RefStrings.MODID + ":flywheel_beryllium")
fmn	formal	HbmItems	fmn	ItemPill	False	True	True	True	False	fmn = new ItemPill(0).setUnlocalizedName("fmn").setCreativeTab(MainRegistry.consumableTab).setTextureName(RefStrings.MODID + ":tablet")
fooditem	formal	HbmItems	fooditem	ItemLemon	True	True	True	True	False	fooditem = new ItemLemon(2, 5F, false).setUnlocalizedName("fooditem").setCreativeTab(MainRegistry.consumableTab).setTextureName(RefStrings.MODID + ":fooditem")
fragment_actinium	formal	HbmItems dynamic material/specialized registration	fragment_actinium	Item	True	True	True	True	False	fragment_actinium = new Item().setUnlocalizedName("fragment_actinium").setCreativeTab(MainRegistry.partsTab).setTextureName(RefStrings.MODID + ":fragment_actinium")
fragment_boron	formal	HbmItems dynamic material/specialized registration	fragment_boron	Item	True	True	True	True	False	fragment_boron = new Item().setUnlocalizedName("fragment_boron").setCreativeTab(MainRegistry.partsTab).setTextureName(RefStrings.MODID + ":fragment_boron")
fragment_cerium	formal	HbmItems dynamic material/specialized registration	fragment_cerium	Item	True	True	True	True	False	fragment_cerium = new Item().setUnlocalizedName("fragment_cerium").setCreativeTab(MainRegistry.partsTab).setTextureName(RefStrings.MODID + ":fragment_cerium")
fragment_cobalt	formal	HbmItems	fragment_cobalt	Item	True	True	True	True	False	fragment_cobalt = new Item().setUnlocalizedName("fragment_cobalt").setCreativeTab(MainRegistry.partsTab).setTextureName(RefStrings.MODID + ":fragment_cobalt")
fragment_coltan	formal	HbmItems	fragment_coltan	Item	True	True	True	True	False	fragment_coltan = new Item().setUnlocalizedName("fragment_coltan").setCreativeTab(MainRegistry.partsTab).setTextureName(RefStrings.MODID + ":fragment_coltan")
fragment_lanthanium	formal	HbmItems dynamic material/specialized registration	fragment_lanthanium	Item	True	True	True	True	False	fragment_lanthanium = new Item().setUnlocalizedName("fragment_lanthanium").setCreativeTab(MainRegistry.partsTab).setTextureName(RefStrings.MODID + ":fragment_lanthanium")
fragment_meteorite	formal	HbmItems dynamic material/specialized registration	fragment_meteorite	Item	True	True	True	True	False	fragment_meteorite = new Item().setUnlocalizedName("fragment_meteorite").setCreativeTab(MainRegistry.partsTab).setTextureName(RefStrings.MODID + ":fragment_meteorite")
fragment_neodymium	formal	HbmItems dynamic material/specialized registration	fragment_neodymium	Item	True	True	True	True	False	fragment_neodymium = new Item().setUnlocalizedName("fragment_neodymium").setCreativeTab(MainRegistry.partsTab).setTextureName(RefStrings.MODID + ":fragment_neodymium")
fragment_niobium	formal	HbmItems dynamic material/specialized registration	fragment_niobium	Item	True	True	True	True	False	fragment_niobium = new Item().setUnlocalizedName("fragment_niobium").setCreativeTab(MainRegistry.partsTab).setTextureName(RefStrings.MODID + ":fragment_niobium")
fuel_additive	formal	HbmItems	fuel_additive	ItemEnumMulti	False	False	False	True	False	fuel_additive = new ItemEnumMulti(ItemEnums.EnumFuelAdditive.class, true, true).setUnlocalizedName("fuel_additive").setCreativeTab(MainRegistry.controlTab).setTextureName(RefStrings.MODID + ":fuel_additive")
fuel_tank_large	formal	HbmItems	fuel_tank_large	Item	True	True	True	True	False	fuel_tank_large = new Item().setUnlocalizedName("fuel_tank_large").setCreativeTab(MainRegistry.partsTab).setTextureName(RefStrings.MODID + ":fuel_tank_large")
fuel_tank_medium	formal	HbmItems	fuel_tank_medium	Item	True	True	True	True	False	fuel_tank_medium = new Item().setUnlocalizedName("fuel_tank_medium").setCreativeTab(MainRegistry.partsTab).setTextureName(RefStrings.MODID + ":fuel_tank_medium")
fuel_tank_small	formal	HbmItems	fuel_tank_small	Item	True	True	True	True	False	fuel_tank_small = new Item().setUnlocalizedName("fuel_tank_small").setCreativeTab(MainRegistry.partsTab).setTextureName(RefStrings.MODID + ":fuel_tank_small")
fuse	formal	HbmItems	fuse	ItemCustomLore	True	True	True	True	False	fuse = new ItemCustomLore().setUnlocalizedName("fuse").setCreativeTab(MainRegistry.controlTab).setTextureName(RefStrings.MODID + ":fuse")
fusion_core	formal	HbmItems	fusion_core	ItemFusionCore	True	True	True	True	False	fusion_core = new ItemFusionCore(2500000).setUnlocalizedName("fusion_core").setMaxStackSize(1).setCreativeTab(MainRegistry.controlTab).setTextureName(RefStrings.MODID + ":fusion_core")
gadget_core	formal	HbmItems	gadget_core	ItemCustomLore	True	True	True	True	False	gadget_core = new ItemCustomLore().setRarity(EnumRarity.uncommon).setUnlocalizedName("gadget_core").setMaxStackSize(1).setCreativeTab(MainRegistry.nukeTab).setTextureName(RefStrings.MODID + ":gadget_core")
gadget_kit	formal	HbmItems	gadget_kit	ItemStarterKit	True	True	True	True	False	gadget_kit = new ItemStarterKit().setUnlocalizedName("gadget_kit").setMaxStackSize(1).setCreativeTab(MainRegistry.nukeTab).setTextureName(RefStrings.MODID + ":gadget_kit")
gadget_wireing	formal	HbmItems	gadget_wireing	Item	True	True	True	True	False	gadget_wireing = new Item().setUnlocalizedName("gadget_wireing").setMaxStackSize(1).setCreativeTab(MainRegistry.nukeTab).setTextureName(RefStrings.MODID + ":gadget_wireing")
gas_empty	formal	HbmItems	gas_empty	Item	True	True	True	True	False	gas_empty = new Item().setUnlocalizedName("gas_empty").setCreativeTab(MainRegistry.controlTab).setTextureName(RefStrings.MODID + ":gas_empty")
gas_full	formal	HbmItems	gas_full	ItemGasTank	False	False	True	True	False	gas_full = new ItemGasTank().setUnlocalizedName("gas_full").setCreativeTab(MainRegistry.controlTab).setContainerItem(ModItems.gas_empty).setTextureName(RefStrings.MODID + ":gas_empty")
gas_mask	formal	HbmItems		UNRESOLVED	True	True	True	True	False	
gas_mask_filter	formal	HbmItems	gas_mask_filter	ItemFilter	True	True	True	True	False	gas_mask_filter = new ItemFilter().setUnlocalizedName("gas_mask_filter").setTextureName(RefStrings.MODID + ":gas_mask_filter")
gas_mask_filter_combo	formal	HbmItems	gas_mask_filter_combo	ItemFilter	True	True	True	True	False	gas_mask_filter_combo = new ItemFilter().setUnlocalizedName("gas_mask_filter_combo").setTextureName(RefStrings.MODID + ":gas_mask_filter_combo")
gas_mask_filter_mono	formal	HbmItems	gas_mask_filter_mono	ItemFilter	True	True	True	True	False	gas_mask_filter_mono = new ItemFilter().setUnlocalizedName("gas_mask_filter_mono").setTextureName(RefStrings.MODID + ":gas_mask_filter_mono")
gas_mask_filter_piss	formal	HbmItems	gas_mask_filter_piss	ItemFilter	True	True	True	True	False	gas_mask_filter_piss = new ItemFilter().setUnlocalizedName("gas_mask_filter_piss").setTextureName(RefStrings.MODID + ":gas_mask_filter_piss")
gas_mask_filter_rag	formal	HbmItems	gas_mask_filter_rag	ItemFilter	True	True	True	True	False	gas_mask_filter_rag = new ItemFilter().setUnlocalizedName("gas_mask_filter_rag").setTextureName(RefStrings.MODID + ":gas_mask_filter_rag")
gas_mask_m65	formal	HbmItems		UNRESOLVED	True	True	True	True	False	
gas_mask_mono	formal	HbmItems		UNRESOLVED	True	True	True	True	False	
gas_mask_olde	formal	HbmItems		UNRESOLVED	True	True	True	True	False	
gas_tester	formal	HbmItems	gas_tester	ItemModSensor	True	True	True	True	False	gas_tester = new ItemModSensor().setUnlocalizedName("gas_tester").setTextureName(RefStrings.MODID + ":gas_tester")
gear_large	formal	HbmItems	gear_large	ItemGear	True	True	True	True	False	gear_large = new ItemGear().setUnlocalizedName("gear_large").setCreativeTab(MainRegistry.partsTab).setTextureName(RefStrings.MODID + ":gear_large")
geiger_counter	formal	HbmItems	geiger_counter	ItemGeigerCounter	True	True	True	True	False	geiger_counter = new ItemGeigerCounter().setUnlocalizedName("geiger_counter").setMaxStackSize(1).setCreativeTab(MainRegistry.consumableTab).setTextureName(RefStrings.MODID + ":geiger_counter")
gem_alexandrite	formal	HbmItems	gem_alexandrite	ItemAlexandrite	True	True	True	True	False	gem_alexandrite = new ItemAlexandrite().setUnlocalizedName("gem_alexandrite").setCreativeTab(MainRegistry.partsTab).setTextureName(RefStrings.MODID + ":gem_alexandrite")
gem_rad	formal	HbmItems	gem_rad	ItemCustomLore	True	True	True	True	False	gem_rad = new ItemCustomLore().setRarity(EnumRarity.uncommon).setUnlocalizedName("gem_rad").setCreativeTab(MainRegistry.partsTab).setTextureName(RefStrings.MODID + ":gem_rad")
gem_sodalite	formal	HbmItems	gem_sodalite	ItemCustomLore	True	True	True	True	False	gem_sodalite = new ItemCustomLore().setUnlocalizedName("gem_sodalite").setCreativeTab(MainRegistry.partsTab).setTextureName(RefStrings.MODID + ":gem_sodalite")
gem_tantalium	formal	HbmItems	gem_tantalium	ItemCustomLore	True	True	True	True	False	gem_tantalium = new ItemCustomLore().setUnlocalizedName("gem_tantalium").setCreativeTab(MainRegistry.partsTab).setTextureName(RefStrings.MODID + ":gem_tantalium")
gem_volcanic	formal	HbmItems	gem_volcanic	ItemCustomLore	True	True	True	True	False	gem_volcanic = new ItemCustomLore().setRarity(EnumRarity.uncommon).setUnlocalizedName("gem_volcanic").setCreativeTab(MainRegistry.partsTab).setTextureName(RefStrings.MODID + ":gem_volcanic")
glitch	formal	HbmItems	glitch	ItemGlitch	False	True	True	True	False	glitch = new ItemGlitch().setUnlocalizedName("glitch").setMaxStackSize(1).setCreativeTab(MainRegistry.consumableTab).setTextureName(RefStrings.MODID + ":glitch_" + MainRegistry.polaroidID)
glowing_stew	formal	HbmItems	glowing_stew	ItemSoup	True	True	True	True	False	glowing_stew = new ItemSoup(6).setUnlocalizedName("glowing_stew").setCreativeTab(MainRegistry.consumableTab).setTextureName(RefStrings.MODID + ":glowing_stew")
glyphid_gland	formal	HbmItems	glyphid_gland	ItemDisperser	True	True	True	True	False	glyphid_gland = new ItemDisperser().setUnlocalizedName("glyphid_gland").setContainerItem(ModItems.glyphid_gland_empty).setCreativeTab(MainRegistry.weaponTab).setTextureName(RefStrings.MODID + ":glyphid_gland")
glyphid_gland_empty	formal	HbmItems	glyphid_gland_empty	Item	False	False	True	True	False	glyphid_gland_empty = new Item().setUnlocalizedName("glyphid_gland_empty").setCreativeTab(MainRegistry.weaponTab).setTextureName(RefStrings.MODID + ":glyphid_gland")
glyphid_meat	formal	HbmItems	glyphid_meat	ItemLemon	True	True	True	True	False	glyphid_meat = new ItemLemon(3, 0.5F, true).setUnlocalizedName("glyphid_meat").setCreativeTab(MainRegistry.consumableTab).setTextureName(RefStrings.MODID + ":glyphid_meat")
glyphid_meat_grilled	formal	HbmItems	glyphid_meat_grilled	ItemLemon	True	True	True	True	False	glyphid_meat_grilled = new ItemLemon(8, 0.75F, true).setPotionEffect(Potion.damageBoost.id, 180, 1, 1F).setUnlocalizedName("glyphid_meat_grilled").setCreativeTab(MainRegistry.consumableTab).setTextureName(RefStrings.MODID + ":glyphid_meat_grilled")
goggles	formal	HbmItems		UNRESOLVED	True	True	True	True	False	
grenade_extra	formal	HbmItems	grenade_extra	ItemGrenadeExtra	False	True	False	True	False	grenade_extra = new ItemGrenadeExtra().setUnlocalizedName("grenade_extra").setCreativeTab(MainRegistry.weaponTab).setTextureName(RefStrings.MODID + ":grenade_extra")
grenade_filling	formal	HbmItems	grenade_filling	ItemGrenadeFilling	False	True	False	True	False	grenade_filling = new ItemGrenadeFilling().setUnlocalizedName("grenade_filling").setCreativeTab(MainRegistry.weaponTab).setTextureName(RefStrings.MODID + ":grenade_filling")
grenade_fuze	formal	HbmItems	grenade_fuze	ItemGrenadeFuze	False	True	False	True	False	grenade_fuze = new ItemGrenadeFuze().setUnlocalizedName("grenade_fuze").setCreativeTab(MainRegistry.weaponTab).setTextureName(RefStrings.MODID + ":grenade_fuze")
grenade_shell	formal	HbmItems	grenade_shell	ItemGrenadeShell	False	True	False	True	False	grenade_shell = new ItemGrenadeShell().setUnlocalizedName("grenade_shell").setCreativeTab(MainRegistry.weaponTab).setTextureName(RefStrings.MODID + ":grenade_shell")
grenade_universal	formal	HbmItems	grenade_universal	ItemGrenadeUniversal	True	True	True	True	False	grenade_universal = new ItemGrenadeUniversal().setUnlocalizedName("grenade_universal").setCreativeTab(MainRegistry.weaponTab).setTextureName(RefStrings.MODID + ":grenade_universal")
gun_aberrator	retired	deliberately removed legacy content		UNRESOLVED	False	False	True	False	False	
gun_aberrator_eott	retired	deliberately removed legacy content		UNRESOLVED	False	False	True	False	False	
gun_am180	retired	deliberately removed legacy content		UNRESOLVED	False	False	True	False	False	
gun_amat	retired	deliberately removed legacy content		UNRESOLVED	False	False	True	False	False	
gun_amat_penance	retired	deliberately removed legacy content		UNRESOLVED	False	False	True	False	False	
gun_amat_subtlety	retired	deliberately removed legacy content		UNRESOLVED	False	False	True	False	False	
gun_autoshotgun	retired	deliberately removed legacy content		UNRESOLVED	False	False	True	False	False	
gun_autoshotgun_heretic	retired	deliberately removed legacy content		UNRESOLVED	False	False	True	False	False	
gun_autoshotgun_sexy	retired	deliberately removed legacy content		UNRESOLVED	False	False	True	False	False	
gun_autoshotgun_shredder	retired	deliberately removed legacy content		UNRESOLVED	False	False	True	False	False	
gun_b92	retired	deliberately removed legacy content	gun_b92	GunB92	True	True	True	True	False	gun_b92 = new GunB92().setUnlocalizedName("gun_b92").setCreativeTab(MainRegistry.weaponTab).setTextureName(RefStrings.MODID + ":gun_b92")
gun_b92_ammo	retired	deliberately removed legacy content	gun_b92_ammo	GunB92Cell	False	True	True	True	False	gun_b92_ammo = new GunB92Cell().setUnlocalizedName("gun_b92_ammo").setMaxStackSize(1).setCreativeTab(MainRegistry.weaponTab).setTextureName(RefStrings.MODID + ":gun_b92_ammo_alt")
gun_bolter	retired	deliberately removed legacy content		UNRESOLVED	False	False	True	False	False	
gun_carbine	retired	deliberately removed legacy content		UNRESOLVED	False	False	True	False	False	
gun_charge_thrower	retired	deliberately removed legacy content		UNRESOLVED	False	False	True	False	False	
gun_chemthrower	retired	deliberately removed legacy content		UNRESOLVED	False	False	True	False	False	
gun_coilgun	retired	deliberately removed legacy content		UNRESOLVED	False	False	True	False	False	
gun_congolake	retired	deliberately removed legacy content		UNRESOLVED	False	False	True	False	False	
gun_debug	retired	deliberately removed legacy content		UNRESOLVED	False	False	False	False	False	
gun_double_barrel	retired	deliberately removed legacy content		UNRESOLVED	False	False	True	False	False	
gun_double_barrel_sacred_dragon	retired	deliberately removed legacy content		UNRESOLVED	False	False	True	False	False	
gun_drill	retired	deliberately removed legacy content		UNRESOLVED	False	False	True	False	False	
gun_fatman	retired	deliberately removed legacy content		UNRESOLVED	False	False	True	False	False	
gun_fireext	retired	deliberately removed legacy content		UNRESOLVED	True	True	True	False	False	
gun_flamer	retired	deliberately removed legacy content		UNRESOLVED	False	False	True	False	False	
gun_flamer_daybreaker	retired	deliberately removed legacy content		UNRESOLVED	False	False	True	False	False	
gun_flamer_topaz	retired	deliberately removed legacy content		UNRESOLVED	False	False	True	False	False	
gun_flaregun	retired	deliberately removed legacy content		UNRESOLVED	False	False	True	False	False	
gun_folly	retired	deliberately removed legacy content		UNRESOLVED	False	False	True	False	False	
gun_g3	retired	deliberately removed legacy content		UNRESOLVED	False	False	True	False	False	
gun_g3_zebra	retired	deliberately removed legacy content		UNRESOLVED	False	False	True	False	False	
gun_greasegun	retired	deliberately removed legacy content		UNRESOLVED	False	False	True	False	False	
gun_hangman	retired	deliberately removed legacy content		UNRESOLVED	False	False	True	False	False	
gun_heavy_revolver	retired	deliberately removed legacy content		UNRESOLVED	False	False	True	False	False	
gun_heavy_revolver_lilmac	retired	deliberately removed legacy content		UNRESOLVED	False	False	True	False	False	
gun_heavy_revolver_protege	retired	deliberately removed legacy content		UNRESOLVED	False	False	True	False	False	
gun_henry	retired	deliberately removed legacy content		UNRESOLVED	False	False	True	False	False	
gun_henry_lincoln	retired	deliberately removed legacy content		UNRESOLVED	False	False	True	False	False	
gun_kit_1	retired	deliberately removed legacy content	gun_kit_1	ItemRepairKit	True	True	True	False	False	gun_kit_1 = new ItemRepairKit(10).setUnlocalizedName("gun_kit_1").setCreativeTab(MainRegistry.consumableTab).setTextureName(RefStrings.MODID + ":gun_kit_1")
gun_kit_2	retired	deliberately removed legacy content	gun_kit_2	ItemRepairKit	True	True	True	False	False	gun_kit_2 = new ItemRepairKit(100).setUnlocalizedName("gun_kit_2").setCreativeTab(MainRegistry.consumableTab).setTextureName(RefStrings.MODID + ":gun_kit_2")
gun_lag	retired	deliberately removed legacy content		UNRESOLVED	False	False	True	False	False	
gun_laser_pistol	retired	deliberately removed legacy content		UNRESOLVED	False	False	True	False	False	
gun_laser_pistol_morning_glory	retired	deliberately removed legacy content		UNRESOLVED	False	False	True	False	False	
gun_laser_pistol_pew_pew	retired	deliberately removed legacy content		UNRESOLVED	False	False	True	False	False	
gun_lasrifle	retired	deliberately removed legacy content		UNRESOLVED	False	False	True	False	False	
gun_liberator	retired	deliberately removed legacy content		UNRESOLVED	False	False	True	False	False	
gun_light_revolver	retired	deliberately removed legacy content		UNRESOLVED	False	False	True	False	False	
gun_light_revolver_atlas	retired	deliberately removed legacy content		UNRESOLVED	False	False	True	False	False	
gun_light_revolver_dani	retired	deliberately removed legacy content		UNRESOLVED	False	False	True	False	False	
gun_m2	retired	deliberately removed legacy content		UNRESOLVED	False	False	True	False	False	
gun_maresleg	retired	deliberately removed legacy content		UNRESOLVED	False	False	True	False	False	
gun_maresleg_akimbo	retired	deliberately removed legacy content		UNRESOLVED	False	False	True	False	False	
gun_maresleg_broken	retired	deliberately removed legacy content		UNRESOLVED	False	False	True	False	False	
gun_mas36	retired	deliberately removed legacy content		UNRESOLVED	False	False	True	False	False	
gun_minigun	retired	deliberately removed legacy content		UNRESOLVED	False	False	True	False	False	
gun_minigun_dual	retired	deliberately removed legacy content		UNRESOLVED	False	False	True	False	False	
gun_minigun_lacunae	retired	deliberately removed legacy content		UNRESOLVED	False	False	True	False	False	
gun_missile_launcher	retired	deliberately removed legacy content		UNRESOLVED	False	False	True	False	False	
gun_mk108	retired	deliberately removed legacy content		UNRESOLVED	False	False	True	False	False	
gun_n_i_4_n_i	retired	deliberately removed legacy content		UNRESOLVED	False	False	True	False	False	
gun_pa_melee	retired	deliberately removed legacy content		UNRESOLVED	False	False	True	False	False	
gun_pa_ranged	retired	deliberately removed legacy content		UNRESOLVED	True	True	True	False	False	
gun_panzerschreck	retired	deliberately removed legacy content		UNRESOLVED	False	False	True	False	False	
gun_pepperbox	retired	deliberately removed legacy content		UNRESOLVED	False	False	True	False	False	
gun_quadro	retired	deliberately removed legacy content		UNRESOLVED	False	False	True	False	False	
gun_spas12	retired	deliberately removed legacy content		UNRESOLVED	False	False	True	False	False	
gun_star_f	retired	deliberately removed legacy content		UNRESOLVED	False	False	True	False	False	
gun_star_f_akimbo	retired	deliberately removed legacy content		UNRESOLVED	False	False	True	False	False	
gun_stg77	retired	deliberately removed legacy content		UNRESOLVED	False	False	True	False	False	
gun_stinger	retired	deliberately removed legacy content		UNRESOLVED	False	False	True	False	False	
gun_tau	retired	deliberately removed legacy content		UNRESOLVED	False	False	True	False	False	
gun_tesla_cannon	retired	deliberately removed legacy content		UNRESOLVED	False	False	True	False	False	
gun_uzi	retired	deliberately removed legacy content		UNRESOLVED	False	False	True	False	False	
gun_uzi_akimbo	retired	deliberately removed legacy content		UNRESOLVED	False	False	True	False	False	
hand_drill	formal	HbmItems	hand_drill	ItemTooling	True	True	True	True	False	hand_drill = new ItemTooling(ToolType.HAND_DRILL, 100).setUnlocalizedName("hand_drill")
hand_drill_desh	formal	HbmItems	hand_drill_desh	ItemTooling	True	True	True	True	False	hand_drill_desh = new ItemTooling(ToolType.HAND_DRILL, 0).setUnlocalizedName("hand_drill_desh")
hat	formal	HbmItems		UNRESOLVED	True	True	False	False	False	
hazmat_boots	formal	HbmItems	hazmat_boots	ArmorHazmat	True	True	True	True	False	hazmat_boots = new ArmorHazmat(MainRegistry.aMatHaz, 3, RefStrings.MODID + ":textures/armor/hazmat_1.png").setUnlocalizedName("hazmat_boots").setTextureName(RefStrings.MODID + ":hazmat_boots")
hazmat_boots_grey	formal	HbmItems	hazmat_boots_grey	ArmorHazmat	True	True	True	True	False	hazmat_boots_grey = new ArmorHazmat(MainRegistry.aMatHaz3, 3, RefStrings.MODID + ":textures/armor/hazmat_1_grey.png").cloneStats((ArmorFSB) hazmat_helmet_grey).setUnlocalizedName("hazmat_boots_grey").setTextureName(RefStrings.MODID + ":hazmat_boots_grey")
hazmat_boots_red	formal	HbmItems	hazmat_boots_red	ArmorHazmat	True	True	True	True	False	hazmat_boots_red = new ArmorHazmat(MainRegistry.aMatHaz2, 3, RefStrings.MODID + ":textures/armor/hazmat_1_red.png").setUnlocalizedName("hazmat_boots_red").setTextureName(RefStrings.MODID + ":hazmat_boots_red")
hazmat_cloth	formal	HbmItems	hazmat_cloth	Item	True	True	True	True	False	hazmat_cloth = new Item().setUnlocalizedName("hazmat_cloth").setCreativeTab(MainRegistry.partsTab).setTextureName(RefStrings.MODID + ":hazmat_cloth")
hazmat_cloth_grey	formal	HbmItems	hazmat_cloth_grey	Item	True	True	True	True	False	hazmat_cloth_grey = new Item().setUnlocalizedName("hazmat_cloth_grey").setCreativeTab(MainRegistry.partsTab).setTextureName(RefStrings.MODID + ":hazmat_cloth_grey")
hazmat_cloth_red	formal	HbmItems	hazmat_cloth_red	Item	True	True	True	True	False	hazmat_cloth_red = new Item().setUnlocalizedName("hazmat_cloth_red").setCreativeTab(MainRegistry.partsTab).setTextureName(RefStrings.MODID + ":hazmat_cloth_red")
hazmat_grey_kit	formal	HbmItems	hazmat_grey_kit	ItemStarterKit	True	True	True	True	False	hazmat_grey_kit = new ItemStarterKit().setUnlocalizedName("hazmat_grey_kit").setMaxStackSize(1).setCreativeTab(MainRegistry.consumableTab).setTextureName(RefStrings.MODID + ":hazmat_grey_kit")
hazmat_helmet	formal	HbmItems	hazmat_helmet	ArmorHazmatMask	True	True	True	True	False	hazmat_helmet = new ArmorHazmatMask(MainRegistry.aMatHaz, 0, RefStrings.MODID + ":textures/armor/hazmat_1.png").setUnlocalizedName("hazmat_helmet").setTextureName(RefStrings.MODID + ":hazmat_helmet")
hazmat_helmet_grey	formal	HbmItems	hazmat_helmet_grey	ArmorHazmatMask	True	True	True	True	False	hazmat_helmet_grey = new ArmorHazmatMask(MainRegistry.aMatHaz3, 0, "hbm:textures/models/ModelHazGrey.png") .setUnlocalizedName("hazmat_helmet_grey").setTextureName(RefStrings.MODID + ":hazmat_helmet_grey")
hazmat_helmet_red	formal	HbmItems	hazmat_helmet_red	ArmorHazmatMask	True	True	True	True	False	hazmat_helmet_red = new ArmorHazmatMask(MainRegistry.aMatHaz2, 0, "hbm:textures/models/ModelHazRed.png").setUnlocalizedName("hazmat_helmet_red").setTextureName(RefStrings.MODID + ":hazmat_helmet_red")
hazmat_kit	formal	HbmItems	hazmat_kit	ItemStarterKit	True	True	True	True	False	hazmat_kit = new ItemStarterKit().setUnlocalizedName("hazmat_kit").setMaxStackSize(1).setCreativeTab(MainRegistry.consumableTab).setTextureName(RefStrings.MODID + ":hazmat_kit")
hazmat_legs	formal	HbmItems	hazmat_legs	ArmorHazmat	True	True	True	True	False	hazmat_legs = new ArmorHazmat(MainRegistry.aMatHaz, 2, RefStrings.MODID + ":textures/armor/hazmat_2.png").setUnlocalizedName("hazmat_legs").setTextureName(RefStrings.MODID + ":hazmat_legs")
hazmat_legs_grey	formal	HbmItems	hazmat_legs_grey	ArmorHazmat	True	True	True	True	False	hazmat_legs_grey = new ArmorHazmat(MainRegistry.aMatHaz3, 2, RefStrings.MODID + ":textures/armor/hazmat_2_grey.png").cloneStats((ArmorFSB) hazmat_helmet_grey).setUnlocalizedName("hazmat_legs_grey").setTextureName(RefStrings.MODID + ":hazmat_legs_grey")
hazmat_legs_red	formal	HbmItems	hazmat_legs_red	ArmorHazmat	True	True	True	True	False	hazmat_legs_red = new ArmorHazmat(MainRegistry.aMatHaz2, 2, RefStrings.MODID + ":textures/armor/hazmat_2_red.png").setUnlocalizedName("hazmat_legs_red").setTextureName(RefStrings.MODID + ":hazmat_legs_red")
hazmat_paa_boots	formal	HbmItems	hazmat_paa_boots	ArmorHazmat	True	True	True	True	False	hazmat_paa_boots = new ArmorHazmat(MainRegistry.aMatPaa, 3, RefStrings.MODID + ":textures/armor/hazmat_paa_1.png").cloneStats((ArmorFSB) hazmat_paa_helmet).setUnlocalizedName("hazmat_paa_boots").setTextureName(RefStrings.MODID + ":hazmat_paa_boots")
hazmat_paa_helmet	formal	HbmItems	hazmat_paa_helmet	ArmorHazmatMask	True	True	True	True	False	hazmat_paa_helmet = new ArmorHazmatMask(MainRegistry.aMatPaa, 0, RefStrings.MODID + ":textures/armor/hazmat_paa_1.png") .setUnlocalizedName("hazmat_paa_helmet").setTextureName(RefStrings.MODID + ":hazmat_paa_helmet")
hazmat_paa_legs	formal	HbmItems	hazmat_paa_legs	ArmorHazmat	True	True	True	True	False	hazmat_paa_legs = new ArmorHazmat(MainRegistry.aMatPaa, 2, RefStrings.MODID + ":textures/armor/hazmat_paa_2.png").cloneStats((ArmorFSB) hazmat_paa_helmet).setUnlocalizedName("hazmat_paa_legs").setTextureName(RefStrings.MODID + ":hazmat_paa_legs")
hazmat_paa_plate	formal	HbmItems	hazmat_paa_plate	ArmorHazmat	True	True	True	True	False	hazmat_paa_plate = new ArmorHazmat(MainRegistry.aMatPaa, 1, RefStrings.MODID + ":textures/armor/hazmat_paa_1.png").cloneStats((ArmorFSB) hazmat_paa_helmet).setUnlocalizedName("hazmat_paa_plate").setTextureName(RefStrings.MODID + ":hazmat_paa_plate")
hazmat_plate	formal	HbmItems	hazmat_plate	ArmorHazmat	True	True	True	True	False	hazmat_plate = new ArmorHazmat(MainRegistry.aMatHaz, 1, RefStrings.MODID + ":textures/armor/hazmat_1.png").setUnlocalizedName("hazmat_plate").setTextureName(RefStrings.MODID + ":hazmat_plate")
hazmat_plate_grey	formal	HbmItems	hazmat_plate_grey	ArmorHazmat	True	True	True	True	False	hazmat_plate_grey = new ArmorHazmat(MainRegistry.aMatHaz3, 1, RefStrings.MODID + ":textures/armor/hazmat_1_grey.png").cloneStats((ArmorFSB) hazmat_helmet_grey).setUnlocalizedName("hazmat_plate_grey").setTextureName(RefStrings.MODID + ":hazmat_plate_grey")
hazmat_plate_red	formal	HbmItems	hazmat_plate_red	ArmorHazmat	True	True	True	True	False	hazmat_plate_red = new ArmorHazmat(MainRegistry.aMatHaz2, 1, RefStrings.MODID + ":textures/armor/hazmat_1_red.png").setUnlocalizedName("hazmat_plate_red").setTextureName(RefStrings.MODID + ":hazmat_plate_red")
hazmat_red_kit	formal	HbmItems	hazmat_red_kit	ItemStarterKit	True	True	True	True	False	hazmat_red_kit = new ItemStarterKit().setUnlocalizedName("hazmat_red_kit").setMaxStackSize(1).setCreativeTab(MainRegistry.consumableTab).setTextureName(RefStrings.MODID + ":hazmat_red_kit")
heart_booster	formal	HbmItems	heart_booster	ItemModHealth	True	True	True	True	False	heart_booster = new ItemModHealth(40F).setUnlocalizedName("heart_booster").setTextureName(RefStrings.MODID + ":heart_booster")
heart_container	formal	HbmItems	heart_container	ItemModHealth	True	True	True	True	False	heart_container = new ItemModHealth(20F).setUnlocalizedName("heart_container").setTextureName(RefStrings.MODID + ":heart_container")
heart_fab	formal	HbmItems	heart_fab	ItemModHealth	True	True	True	True	False	heart_fab = new ItemModHealth(60F).setUnlocalizedName("heart_fab").setTextureName(RefStrings.MODID + ":heart_fab")
heart_piece	formal	HbmItems	heart_piece	ItemModHealth	True	True	True	True	False	heart_piece = new ItemModHealth(5F).setUnlocalizedName("heart_piece").setTextureName(RefStrings.MODID + ":heart_piece")
hev_battery	formal	HbmBlocks.hev_battery_block + BlockItem (renamed namespace collision)	hev_battery	ItemFusionCore	True	True	True	True	True	hev_battery = new ItemFusionCore(150000).setUnlocalizedName("hev_battery").setMaxStackSize(4).setCreativeTab(MainRegistry.controlTab).setTextureName(RefStrings.MODID + ":hev_battery")
hev_boots	formal	HbmItems		UNRESOLVED	True	True	True	True	False	
hev_helmet	formal	HbmItems		UNRESOLVED	True	True	True	True	False	
hev_legs	formal	HbmItems		UNRESOLVED	True	True	True	True	False	
hev_plate	formal	HbmItems		UNRESOLVED	True	True	True	True	False	
holotape_damaged	formal	HbmItems	holotape_damaged	Item	True	True	True	False	False	holotape_damaged = new Item().setUnlocalizedName("holotape_damaged").setCreativeTab(null).setTextureName(RefStrings.MODID + ":holotape_damaged")
holotape_image	formal	HbmItems	holotape_image	ItemHolotapeImage	False	False	True	True	False	holotape_image = new ItemHolotapeImage().setUnlocalizedName("holotape_image").setCreativeTab(null).setTextureName(RefStrings.MODID + ":holotape")
horseshoe_magnet	formal	HbmItems	horseshoe_magnet	ItemModLodestone	True	True	True	True	False	horseshoe_magnet = new ItemModLodestone(8).setUnlocalizedName("horseshoe_magnet").setTextureName(RefStrings.MODID + ":horseshoe_magnet")
icf_pellet	formal	HbmItems	icf_pellet	ItemICFPellet	True	True	True	True	False	icf_pellet = new ItemICFPellet().setUnlocalizedName("icf_pellet").setCreativeTab(MainRegistry.controlTab).setTextureName(RefStrings.MODID + ":icf_pellet")
icf_pellet_depleted	formal	HbmItems	icf_pellet_depleted	Item	True	True	True	True	False	icf_pellet_depleted = new Item().setUnlocalizedName("icf_pellet_depleted").setCreativeTab(MainRegistry.controlTab).setMaxStackSize(1).setTextureName(RefStrings.MODID + ":icf_pellet_depleted")
icf_pellet_empty	formal	HbmItems	icf_pellet_empty	Item	True	True	True	True	False	icf_pellet_empty = new Item().setUnlocalizedName("icf_pellet_empty").setCreativeTab(MainRegistry.controlTab).setTextureName(RefStrings.MODID + ":icf_pellet_empty")
igniter	formal	HbmItems	igniter	ItemCustomLore	False	True	True	True	False	igniter = new ItemCustomLore().setUnlocalizedName("igniter").setMaxStackSize(1).setFull3D().setCreativeTab(MainRegistry.nukeTab).setTextureName(RefStrings.MODID + ":trigger")
industrial_magnet	formal	HbmItems	industrial_magnet	ItemModLodestone	True	True	True	True	False	industrial_magnet = new ItemModLodestone(12).setUnlocalizedName("industrial_magnet").setTextureName(RefStrings.MODID + ":industrial_magnet")
inf_water	formal	HbmItems	inf_water	ItemInfiniteFluid	True	True	True	True	False	inf_water = new ItemInfiniteFluid(Fluids.WATER, 50).setUnlocalizedName("inf_water").setMaxStackSize(1).setCreativeTab(MainRegistry.controlTab).setTextureName(RefStrings.MODID + ":inf_water")
inf_water_mk2	formal	HbmItems	inf_water_mk2	ItemInfiniteFluid	True	True	True	True	False	inf_water_mk2 = new ItemInfiniteFluid(Fluids.WATER, 500).setUnlocalizedName("inf_water_mk2").setMaxStackSize(1).setCreativeTab(MainRegistry.controlTab).setTextureName(RefStrings.MODID + ":inf_water_mk2")
ingot_actinium	formal	HbmItems dynamic material/specialized registration	ingot_actinium	ItemCustomLore	True	True	True	True	False	ingot_actinium = new ItemCustomLore().setUnlocalizedName("ingot_actinium").setCreativeTab(MainRegistry.partsTab).setTextureName(RefStrings.MODID + ":ingot_actinium")
ingot_aluminium	formal	HbmItems	ingot_aluminium	Item	True	True	True	True	False	ingot_aluminium = new Item().setUnlocalizedName("ingot_aluminium").setCreativeTab(MainRegistry.partsTab).setTextureName(RefStrings.MODID + ":ingot_aluminium")
ingot_am_mix	formal	HbmItems dynamic material/specialized registration	ingot_am_mix	Item	True	True	True	True	False	ingot_am_mix = new Item().setUnlocalizedName("ingot_am_mix").setCreativeTab(MainRegistry.partsTab).setTextureName(RefStrings.MODID + ":ingot_am_mix")
ingot_am241	formal	HbmItems dynamic material/specialized registration	ingot_am241	Item	True	True	True	True	False	ingot_am241 = new Item().setUnlocalizedName("ingot_am241").setCreativeTab(MainRegistry.partsTab).setTextureName(RefStrings.MODID + ":ingot_am241")
ingot_am242	formal	HbmItems dynamic material/specialized registration	ingot_am242	Item	True	True	True	True	False	ingot_am242 = new Item().setUnlocalizedName("ingot_am242").setCreativeTab(MainRegistry.partsTab).setTextureName(RefStrings.MODID + ":ingot_am242")
ingot_americium_fuel	formal	HbmItems dynamic material/specialized registration	ingot_americium_fuel	Item	True	True	True	True	False	ingot_americium_fuel = new Item().setUnlocalizedName("ingot_americium_fuel").setCreativeTab(MainRegistry.partsTab).setTextureName(RefStrings.MODID + ":ingot_americium_fuel")
ingot_arsenic	formal	HbmItems dynamic material/specialized registration	ingot_arsenic	ItemCustomLore	True	True	True	True	False	ingot_arsenic = new ItemCustomLore().setUnlocalizedName("ingot_arsenic").setCreativeTab(MainRegistry.partsTab).setTextureName(RefStrings.MODID + ":ingot_arsenic")
ingot_arsenic_bronze	formal	HbmItems dynamic material/specialized registration	ingot_arsenic_bronze	Item	True	True	True	True	False	ingot_arsenic_bronze = new Item().setUnlocalizedName("ingot_arsenic_bronze").setCreativeTab(MainRegistry.partsTab).setTextureName(RefStrings.MODID + ":ingot_arsenic_bronze")
ingot_asbestos	formal	HbmItems	ingot_asbestos	ItemCustomLore	True	True	True	True	False	ingot_asbestos = new ItemCustomLore().setUnlocalizedName("ingot_asbestos").setCreativeTab(MainRegistry.partsTab).setTextureName(RefStrings.MODID + ":ingot_asbestos")
ingot_au198	formal	HbmItems	ingot_au198	Item	True	True	True	True	False	ingot_au198 = new Item().setUnlocalizedName("ingot_au198").setCreativeTab(MainRegistry.partsTab).setTextureName(RefStrings.MODID + ":ingot_au198")
ingot_australium	formal	HbmItems dynamic material/specialized registration	ingot_australium	ItemCustomLore	True	True	True	True	False	ingot_australium = new ItemCustomLore().setRarity(EnumRarity.uncommon).setUnlocalizedName("ingot_australium").setCreativeTab(MainRegistry.partsTab).setTextureName(RefStrings.MODID + ":ingot_australium")
ingot_bakelite	formal	HbmItems dynamic material/specialized registration	ingot_bakelite	ItemCustomLore	True	True	True	True	False	ingot_bakelite = new ItemCustomLore().setUnlocalizedName("ingot_bakelite").setCreativeTab(MainRegistry.partsTab).setTextureName(RefStrings.MODID + ":ingot_bakelite")
ingot_beryllium	formal	HbmItems	ingot_beryllium	Item	True	True	True	True	False	ingot_beryllium = new Item().setUnlocalizedName("ingot_beryllium").setCreativeTab(MainRegistry.partsTab).setTextureName(RefStrings.MODID + ":ingot_beryllium")
ingot_biorubber	formal	HbmItems dynamic material/specialized registration	ingot_biorubber	ItemCustomLore	True	True	True	True	False	ingot_biorubber = new ItemCustomLore().setUnlocalizedName("ingot_biorubber").setCreativeTab(MainRegistry.partsTab).setTextureName(RefStrings.MODID + ":ingot_biorubber")
ingot_bismuth	formal	HbmItems dynamic material/specialized registration	ingot_bismuth	ItemCustomLore	True	True	True	True	False	ingot_bismuth = new ItemCustomLore().setUnlocalizedName("ingot_bismuth").setCreativeTab(MainRegistry.partsTab).setTextureName(RefStrings.MODID + ":ingot_bismuth")
ingot_bismuth_bronze	formal	HbmItems dynamic material/specialized registration	ingot_bismuth_bronze	Item	True	True	True	True	False	ingot_bismuth_bronze = new Item().setUnlocalizedName("ingot_bismuth_bronze").setCreativeTab(MainRegistry.partsTab).setTextureName(RefStrings.MODID + ":ingot_bismuth_bronze")
ingot_boron	formal	HbmItems	ingot_boron	Item	True	True	True	True	False	ingot_boron = new Item().setUnlocalizedName("ingot_boron").setCreativeTab(MainRegistry.partsTab).setTextureName(RefStrings.MODID + ":ingot_boron")
ingot_bscco	formal	HbmItems dynamic material/specialized registration	ingot_bscco	Item	True	True	True	True	False	ingot_bscco = new Item().setUnlocalizedName("ingot_bscco").setCreativeTab(MainRegistry.partsTab).setTextureName(RefStrings.MODID + ":ingot_bscco")
ingot_c4	formal	HbmItems	ingot_c4	ItemLemon	True	True	True	True	False	ingot_c4 = new ItemLemon(4, 5, true).setUnlocalizedName("ingot_c4").setCreativeTab(MainRegistry.partsTab).setTextureName(RefStrings.MODID + ":ingot_c4")
ingot_cadmium	formal	HbmItems dynamic material/specialized registration	ingot_cadmium	Item	True	True	True	True	False	ingot_cadmium = new Item().setUnlocalizedName("ingot_cadmium").setCreativeTab(MainRegistry.partsTab).setTextureName(RefStrings.MODID + ":ingot_cadmium")
ingot_calcium	formal	HbmItems dynamic material/specialized registration	ingot_calcium	Item	True	True	True	True	False	ingot_calcium = new Item().setUnlocalizedName("ingot_calcium").setCreativeTab(MainRegistry.partsTab).setTextureName(RefStrings.MODID + ":ingot_calcium")
ingot_cdalloy	formal	HbmItems dynamic material/specialized registration	ingot_cdalloy	Item	True	True	True	True	False	ingot_cdalloy = new Item().setUnlocalizedName("ingot_cdalloy").setCreativeTab(MainRegistry.partsTab).setTextureName(RefStrings.MODID + ":ingot_cdalloy")
ingot_cft	formal	HbmItems dynamic material/specialized registration	ingot_cft	Item	True	True	True	True	False	ingot_cft = new Item().setUnlocalizedName("ingot_cft").setCreativeTab(MainRegistry.partsTab).setTextureName(RefStrings.MODID + ":ingot_cft")
ingot_chainsteel	formal	HbmItems	ingot_chainsteel	ItemHot	True	True	True	True	False	ingot_chainsteel = new ItemHot(100).setUnlocalizedName("ingot_chainsteel").setCreativeTab(MainRegistry.partsTab).setTextureName(RefStrings.MODID + ":ingot_chainsteel")
ingot_co60	formal	HbmItems dynamic material/specialized registration	ingot_co60	Item	True	True	True	True	False	ingot_co60 = new Item().setUnlocalizedName("ingot_co60").setCreativeTab(MainRegistry.partsTab).setTextureName(RefStrings.MODID + ":ingot_co60")
ingot_cobalt	formal	HbmItems	ingot_cobalt	Item	True	True	True	True	False	ingot_cobalt = new Item().setUnlocalizedName("ingot_cobalt").setCreativeTab(MainRegistry.partsTab).setTextureName(RefStrings.MODID + ":ingot_cobalt")
ingot_combine_steel	formal	HbmItems dynamic material/specialized registration	ingot_combine_steel	ItemCustomLore	True	True	True	True	False	ingot_combine_steel = new ItemCustomLore().setUnlocalizedName("ingot_combine_steel").setCreativeTab(MainRegistry.partsTab).setTextureName(RefStrings.MODID + ":ingot_combine_steel")
ingot_copper	formal	HbmItems	ingot_copper	Item	True	True	True	True	False	ingot_copper = new Item().setUnlocalizedName("ingot_copper").setCreativeTab(MainRegistry.partsTab).setTextureName(RefStrings.MODID + ":ingot_copper")
ingot_desh	formal	HbmItems dynamic material/specialized registration	ingot_desh	ItemCustomLore	True	True	True	True	False	ingot_desh = new ItemCustomLore().setUnlocalizedName("ingot_desh").setCreativeTab(MainRegistry.partsTab).setTextureName(RefStrings.MODID + ":ingot_desh")
ingot_dineutronium	formal	HbmItems dynamic material/specialized registration	ingot_dineutronium	ItemCustomLore	True	True	True	True	False	ingot_dineutronium = new ItemCustomLore().setUnlocalizedName("ingot_dineutronium").setCreativeTab(MainRegistry.partsTab).setTextureName(RefStrings.MODID + ":ingot_dineutronium")
ingot_dura_steel	formal	HbmItems dynamic material/specialized registration	ingot_dura_steel	ItemCustomLore	True	True	True	True	False	ingot_dura_steel = new ItemCustomLore().setUnlocalizedName("ingot_dura_steel").setCreativeTab(MainRegistry.partsTab).setTextureName(RefStrings.MODID + ":ingot_dura_steel")
ingot_electronium	formal	HbmItems dynamic material/specialized registration	ingot_electronium	ItemCustomLore	True	True	True	True	False	ingot_electronium = new ItemCustomLore().setUnlocalizedName("ingot_electronium").setCreativeTab(MainRegistry.partsTab).setTextureName(RefStrings.MODID + ":ingot_electronium")
ingot_euphemium	formal	HbmItems dynamic material/specialized registration	ingot_euphemium	ItemCustomLore	True	True	True	True	False	ingot_euphemium = new ItemCustomLore().setRarity(EnumRarity.epic).setUnlocalizedName("ingot_euphemium").setCreativeTab(MainRegistry.partsTab).setTextureName(RefStrings.MODID + ":ingot_euphemium")
ingot_ferrouranium	formal	HbmItems dynamic material/specialized registration	ingot_ferrouranium	ItemCustomLore	True	True	True	True	False	ingot_ferrouranium = new ItemCustomLore().setUnlocalizedName("ingot_ferrouranium").setCreativeTab(MainRegistry.partsTab).setTextureName(RefStrings.MODID + ":ingot_ferrouranium")
ingot_fiberglass	formal	HbmItems dynamic material/specialized registration	ingot_fiberglass	ItemCustomLore	True	True	True	True	False	ingot_fiberglass = new ItemCustomLore().setUnlocalizedName("ingot_fiberglass").setCreativeTab(MainRegistry.partsTab).setTextureName(RefStrings.MODID + ":ingot_fiberglass")
ingot_firebrick	formal	HbmItems dynamic material/specialized registration	ingot_firebrick	Item	True	True	True	True	False	ingot_firebrick = new Item().setUnlocalizedName("ingot_firebrick").setCreativeTab(MainRegistry.partsTab).setTextureName(RefStrings.MODID + ":ingot_firebrick")
ingot_gh336	formal	HbmItems dynamic material/specialized registration	ingot_gh336	ItemCustomLore	True	True	True	True	False	ingot_gh336 = new ItemCustomLore().setRarity(EnumRarity.epic).setUnlocalizedName("ingot_gh336").setCreativeTab(MainRegistry.partsTab).setTextureName(RefStrings.MODID + ":ingot_gh336")
ingot_graphite	formal	HbmItems	ingot_graphite	Item	True	True	True	True	False	ingot_graphite = new Item().setUnlocalizedName("ingot_graphite").setCreativeTab(MainRegistry.partsTab).setTextureName(RefStrings.MODID + ":ingot_graphite")
ingot_gunmetal	formal	HbmItems dynamic material/specialized registration	ingot_gunmetal	Item	True	True	True	True	False	ingot_gunmetal = new Item().setUnlocalizedName("ingot_gunmetal").setCreativeTab(MainRegistry.partsTab).setTextureName(RefStrings.MODID + ":ingot_gunmetal")
ingot_hes	formal	HbmItems dynamic material/specialized registration	ingot_hes	Item	True	True	True	True	False	ingot_hes = new Item().setUnlocalizedName("ingot_hes").setCreativeTab(MainRegistry.partsTab).setTextureName(RefStrings.MODID + ":ingot_hes")
ingot_lanthanium	formal	HbmItems dynamic material/specialized registration	ingot_lanthanium	ItemCustomLore	True	True	True	True	False	ingot_lanthanium = new ItemCustomLore().setUnlocalizedName("ingot_lanthanium").setCreativeTab(MainRegistry.partsTab).setTextureName(RefStrings.MODID + ":ingot_lanthanium")
ingot_lead	formal	HbmItems	ingot_lead	Item	True	True	True	True	False	ingot_lead = new Item().setUnlocalizedName("ingot_lead").setCreativeTab(MainRegistry.partsTab).setTextureName(RefStrings.MODID + ":ingot_lead")
ingot_les	formal	HbmItems dynamic material/specialized registration	ingot_les	Item	True	True	True	True	False	ingot_les = new Item().setUnlocalizedName("ingot_les").setCreativeTab(MainRegistry.partsTab).setTextureName(RefStrings.MODID + ":ingot_les")
ingot_magnetized_tungsten	formal	HbmItems dynamic material/specialized registration	ingot_magnetized_tungsten	Item	True	True	True	True	False	ingot_magnetized_tungsten = new Item().setUnlocalizedName("ingot_magnetized_tungsten").setCreativeTab(MainRegistry.partsTab).setTextureName(RefStrings.MODID + ":ingot_magnetized_tungsten")
ingot_metal	formal	HbmItems	ingot_metal	ItemEnumMulti	True	True	True	True	False	ingot_metal = new ItemEnumMulti(EnumIngotMetal.class, true, true).setUnlocalizedName("ingot_metal").setCreativeTab(null).setTextureName(RefStrings.MODID + ":ingot_metal")
ingot_meteorite	formal	HbmItems	ingot_meteorite	ItemHot	True	True	True	True	False	ingot_meteorite = new ItemHot(200).setUnlocalizedName("ingot_meteorite").setCreativeTab(MainRegistry.partsTab).setTextureName(RefStrings.MODID + ":ingot_meteorite")
ingot_meteorite_forged	formal	HbmItems	ingot_meteorite_forged	ItemHot	True	True	True	True	False	ingot_meteorite_forged = new ItemHot(200).setUnlocalizedName("ingot_meteorite_forged").setCreativeTab(MainRegistry.partsTab).setTextureName(RefStrings.MODID + ":ingot_meteorite_forged")
ingot_mox_fuel	formal	HbmItems dynamic material/specialized registration	ingot_mox_fuel	Item	True	True	True	True	False	ingot_mox_fuel = new Item().setUnlocalizedName("ingot_mox_fuel").setCreativeTab(MainRegistry.partsTab).setTextureName(RefStrings.MODID + ":ingot_mox_fuel")
ingot_mud	formal	HbmItems dynamic material/specialized registration	ingot_mud	Item	True	True	True	True	False	ingot_mud = new Item().setUnlocalizedName("ingot_mud").setCreativeTab(MainRegistry.partsTab).setTextureName(RefStrings.MODID + ":ingot_mud")
ingot_neptunium	formal	HbmItems dynamic material/specialized registration	ingot_neptunium	ItemCustomLore	True	True	True	True	False	ingot_neptunium = new ItemCustomLore().setUnlocalizedName("ingot_neptunium").setCreativeTab(MainRegistry.partsTab).setTextureName(RefStrings.MODID + ":ingot_neptunium")
ingot_neptunium_fuel	formal	HbmItems dynamic material/specialized registration	ingot_neptunium_fuel	Item	True	True	True	True	False	ingot_neptunium_fuel = new Item().setUnlocalizedName("ingot_neptunium_fuel").setCreativeTab(MainRegistry.partsTab).setTextureName(RefStrings.MODID + ":ingot_neptunium_fuel")
ingot_niobium	formal	HbmItems dynamic material/specialized registration	ingot_niobium	Item	True	True	True	True	False	ingot_niobium = new Item().setUnlocalizedName("ingot_niobium").setCreativeTab(MainRegistry.partsTab).setTextureName(RefStrings.MODID + ":ingot_niobium")
ingot_osmiridium	formal	HbmItems dynamic material/specialized registration	ingot_osmiridium	ItemCustomLore	True	True	True	True	False	ingot_osmiridium = new ItemCustomLore().setRarity(EnumRarity.rare).setUnlocalizedName("ingot_osmiridium").setCreativeTab(MainRegistry.partsTab).setTextureName(RefStrings.MODID + ":ingot_osmiridium")
ingot_pb209	formal	HbmItems dynamic material/specialized registration	ingot_pb209	Item	True	True	True	True	False	ingot_pb209 = new Item().setUnlocalizedName("ingot_pb209").setCreativeTab(MainRegistry.partsTab).setTextureName(RefStrings.MODID + ":ingot_pb209")
ingot_pc	formal	HbmItems dynamic material/specialized registration	ingot_pc	ItemCustomLore	True	True	True	True	False	ingot_pc = new ItemCustomLore().setUnlocalizedName("ingot_pc").setCreativeTab(MainRegistry.partsTab).setTextureName(RefStrings.MODID + ":ingot_pc")
ingot_phosphorus	formal	HbmItems dynamic material/specialized registration	ingot_phosphorus	Item	True	True	True	True	False	ingot_phosphorus = new Item().setUnlocalizedName("ingot_phosphorus").setCreativeTab(MainRegistry.partsTab).setTextureName(RefStrings.MODID + ":ingot_phosphorus")
ingot_plutonium	formal	HbmItems	ingot_plutonium	Item	True	True	True	True	False	ingot_plutonium = new Item().setUnlocalizedName("ingot_plutonium").setCreativeTab(MainRegistry.partsTab).setTextureName(RefStrings.MODID + ":ingot_plutonium")
ingot_plutonium_fuel	formal	HbmItems dynamic material/specialized registration	ingot_plutonium_fuel	Item	True	True	True	True	False	ingot_plutonium_fuel = new Item().setUnlocalizedName("ingot_plutonium_fuel").setCreativeTab(MainRegistry.partsTab).setTextureName(RefStrings.MODID + ":ingot_plutonium_fuel")
ingot_polonium	formal	HbmItems dynamic material/specialized registration	ingot_polonium	Item	True	True	True	True	False	ingot_polonium = new Item().setUnlocalizedName("ingot_polonium").setCreativeTab(MainRegistry.partsTab).setTextureName(RefStrings.MODID + ":ingot_polonium")
ingot_polymer	formal	HbmItems dynamic material/specialized registration	ingot_polymer	ItemCustomLore	True	True	True	True	False	ingot_polymer = new ItemCustomLore().setUnlocalizedName("ingot_polymer").setCreativeTab(MainRegistry.partsTab).setTextureName(RefStrings.MODID + ":ingot_polymer")
ingot_pu_mix	formal	HbmItems dynamic material/specialized registration	ingot_pu_mix	Item	True	True	True	True	False	ingot_pu_mix = new Item().setUnlocalizedName("ingot_pu_mix").setCreativeTab(MainRegistry.partsTab).setTextureName(RefStrings.MODID + ":ingot_pu_mix")
ingot_pu238	formal	HbmItems dynamic material/specialized registration	ingot_pu238	Item	True	True	True	True	False	ingot_pu238 = new Item().setUnlocalizedName("ingot_pu238").setCreativeTab(MainRegistry.partsTab).setTextureName(RefStrings.MODID + ":ingot_pu238")
ingot_pu239	formal	HbmItems dynamic material/specialized registration	ingot_pu239	Item	True	True	True	True	False	ingot_pu239 = new Item().setUnlocalizedName("ingot_pu239").setCreativeTab(MainRegistry.partsTab).setTextureName(RefStrings.MODID + ":ingot_pu239")
ingot_pu240	formal	HbmItems dynamic material/specialized registration	ingot_pu240	Item	True	True	True	True	False	ingot_pu240 = new Item().setUnlocalizedName("ingot_pu240").setCreativeTab(MainRegistry.partsTab).setTextureName(RefStrings.MODID + ":ingot_pu240")
ingot_pu241	formal	HbmItems dynamic material/specialized registration	ingot_pu241	Item	True	True	True	True	False	ingot_pu241 = new Item().setUnlocalizedName("ingot_pu241").setCreativeTab(MainRegistry.partsTab).setTextureName(RefStrings.MODID + ":ingot_pu241")
ingot_pvc	formal	HbmItems dynamic material/specialized registration	ingot_pvc	ItemCustomLore	True	True	True	True	False	ingot_pvc = new ItemCustomLore().setUnlocalizedName("ingot_pvc").setCreativeTab(MainRegistry.partsTab).setTextureName(RefStrings.MODID + ":ingot_pvc")
ingot_ra226	formal	HbmItems dynamic material/specialized registration	ingot_ra226	Item	True	True	True	True	False	ingot_ra226 = new Item().setUnlocalizedName("ingot_ra226").setCreativeTab(MainRegistry.partsTab).setTextureName(RefStrings.MODID + ":ingot_ra226")
ingot_raw	formal	HbmItems	ingot_raw	ItemAutogen	True	True	True	True	False	ingot_raw = new ItemAutogen(MaterialShapes.INGOT).setUnlocalizedName("ingot_raw").setCreativeTab(MainRegistry.partsTab).setTextureName(RefStrings.MODID + ":ingot_raw")
ingot_red_copper	formal	HbmItems dynamic material/specialized registration	ingot_red_copper	Item	True	True	True	True	False	ingot_red_copper = new Item().setUnlocalizedName("ingot_red_copper").setCreativeTab(MainRegistry.partsTab).setTextureName(RefStrings.MODID + ":ingot_red_copper")
ingot_rubber	formal	HbmItems dynamic material/specialized registration	ingot_rubber	ItemCustomLore	True	True	True	True	False	ingot_rubber = new ItemCustomLore().setUnlocalizedName("ingot_rubber").setCreativeTab(MainRegistry.partsTab).setTextureName(RefStrings.MODID + ":ingot_rubber")
ingot_saturnite	formal	HbmItems dynamic material/specialized registration	ingot_saturnite	ItemCustomLore	True	True	True	True	False	ingot_saturnite = new ItemCustomLore().setRarity(EnumRarity.rare).setUnlocalizedName("ingot_saturnite").setCreativeTab(MainRegistry.partsTab).setTextureName(RefStrings.MODID + ":ingot_saturnite")
ingot_schrabidate	formal	HbmItems dynamic material/specialized registration	ingot_schrabidate	ItemCustomLore	True	True	True	True	False	ingot_schrabidate = new ItemCustomLore().setRarity(EnumRarity.rare).setUnlocalizedName("ingot_schrabidate").setCreativeTab(MainRegistry.partsTab).setTextureName(RefStrings.MODID + ":ingot_schrabidate")
ingot_schrabidium	formal	HbmItems	ingot_schrabidium	ItemCustomLore	True	True	True	True	False	ingot_schrabidium = new ItemCustomLore().setRarity(EnumRarity.rare).setUnlocalizedName("ingot_schrabidium").setCreativeTab(MainRegistry.partsTab).setTextureName(RefStrings.MODID + ":ingot_schrabidium")
ingot_schrabidium_fuel	formal	HbmItems dynamic material/specialized registration	ingot_schrabidium_fuel	Item	True	True	True	True	False	ingot_schrabidium_fuel = new Item().setUnlocalizedName("ingot_schrabidium_fuel").setCreativeTab(MainRegistry.partsTab).setTextureName(RefStrings.MODID + ":ingot_schrabidium_fuel")
ingot_schraranium	formal	HbmItems	ingot_schraranium	ItemSchraranium	True	True	True	True	False	ingot_schraranium = new ItemSchraranium().setUnlocalizedName("ingot_schraranium").setCreativeTab(MainRegistry.partsTab).setTextureName(RefStrings.MODID + ":ingot_schraranium")
ingot_semtex	formal	HbmItems	ingot_semtex	ItemLemon	True	True	True	True	False	ingot_semtex = new ItemLemon(4, 5, true).setUnlocalizedName("ingot_semtex").setCreativeTab(MainRegistry.partsTab).setTextureName(RefStrings.MODID + ":ingot_semtex")
ingot_silicon	formal	HbmItems dynamic material/specialized registration	ingot_silicon	Item	True	True	True	True	False	ingot_silicon = new Item().setUnlocalizedName("ingot_silicon").setCreativeTab(MainRegistry.partsTab).setTextureName(RefStrings.MODID + ":ingot_silicon")
ingot_smore	formal	HbmItems	ingot_smore	ItemFood	True	True	True	True	False	ingot_smore = new ItemFood(10, 20F, false).setUnlocalizedName("ingot_smore").setCreativeTab(MainRegistry.partsTab).setTextureName(RefStrings.MODID + ":ingot_smore")
ingot_solinium	formal	HbmItems dynamic material/specialized registration	ingot_solinium	Item	True	True	True	True	False	ingot_solinium = new Item().setUnlocalizedName("ingot_solinium").setCreativeTab(MainRegistry.partsTab).setTextureName(RefStrings.MODID + ":ingot_solinium")
ingot_sr90	formal	HbmItems dynamic material/specialized registration	ingot_sr90	Item	True	True	True	True	False	ingot_sr90 = new Item().setUnlocalizedName("ingot_sr90").setCreativeTab(MainRegistry.partsTab).setTextureName(RefStrings.MODID + ":ingot_sr90")
ingot_starmetal	formal	HbmItems	ingot_starmetal	ItemStarmetal	True	True	True	True	False	ingot_starmetal = new ItemStarmetal().setUnlocalizedName("ingot_starmetal").setCreativeTab(MainRegistry.partsTab).setTextureName(RefStrings.MODID + ":ingot_starmetal")
ingot_steel	formal	HbmItems	ingot_steel	Item	True	True	True	True	False	ingot_steel = new Item().setUnlocalizedName("ingot_steel").setCreativeTab(MainRegistry.partsTab).setTextureName(RefStrings.MODID + ":ingot_steel")
ingot_steel_dusted	formal	HbmItems	ingot_steel_dusted	ItemHotDusted	True	True	True	True	False	ingot_steel_dusted = new ItemHotDusted(200).setUnlocalizedName("ingot_steel_dusted").setCreativeTab(MainRegistry.partsTab).setTextureName(RefStrings.MODID + ":ingot_steel_dusted")
ingot_tantalium	formal	HbmItems dynamic material/specialized registration	ingot_tantalium	ItemCustomLore	True	True	True	True	False	ingot_tantalium = new ItemCustomLore().setUnlocalizedName("ingot_tantalium").setCreativeTab(MainRegistry.partsTab).setTextureName(RefStrings.MODID + ":ingot_tantalium")
ingot_tcalloy	formal	HbmItems dynamic material/specialized registration	ingot_tcalloy	Item	True	True	True	True	False	ingot_tcalloy = new Item().setUnlocalizedName("ingot_tcalloy").setCreativeTab(MainRegistry.partsTab).setTextureName(RefStrings.MODID + ":ingot_tcalloy")
ingot_technetium	formal	HbmItems dynamic material/specialized registration	ingot_technetium	Item	True	True	True	True	False	ingot_technetium = new Item().setUnlocalizedName("ingot_technetium").setCreativeTab(MainRegistry.partsTab).setTextureName(RefStrings.MODID + ":ingot_technetium")
ingot_th232	formal	HbmItems	ingot_th232	Item	True	True	True	True	False	ingot_th232 = new Item().setUnlocalizedName("ingot_th232").setCreativeTab(MainRegistry.partsTab).setTextureName(RefStrings.MODID + ":ingot_th232")
ingot_thorium_fuel	formal	HbmItems dynamic material/specialized registration	ingot_thorium_fuel	Item	True	True	True	True	False	ingot_thorium_fuel = new Item().setUnlocalizedName("ingot_thorium_fuel").setCreativeTab(MainRegistry.partsTab).setTextureName(RefStrings.MODID + ":ingot_thorium_fuel")
ingot_titanium	formal	HbmItems	ingot_titanium	Item	True	True	True	True	False	ingot_titanium = new Item().setUnlocalizedName("ingot_titanium").setCreativeTab(MainRegistry.partsTab).setTextureName(RefStrings.MODID + ":ingot_titanium")
ingot_tungsten	formal	HbmItems	ingot_tungsten	Item	True	True	True	True	False	ingot_tungsten = new Item().setUnlocalizedName("ingot_tungsten").setCreativeTab(MainRegistry.partsTab).setTextureName(RefStrings.MODID + ":ingot_tungsten")
ingot_tungsten_carbide	formal	HbmItems	ingot_tungsten_carbide	Item	True	True	True	True	False	ingot_tungsten_carbide = new Item().setUnlocalizedName("ingot_tungsten_carbide").setCreativeTab(MainRegistry.partsTab).setTextureName(RefStrings.MODID + ":ingot_tungsten_carbide")
ingot_u233	formal	HbmItems dynamic material/specialized registration	ingot_u233	Item	True	True	True	True	False	ingot_u233 = new Item().setUnlocalizedName("ingot_u233").setCreativeTab(MainRegistry.partsTab).setTextureName(RefStrings.MODID + ":ingot_u233")
ingot_u235	formal	HbmItems	ingot_u235	Item	True	True	True	True	False	ingot_u235 = new Item().setUnlocalizedName("ingot_u235").setCreativeTab(MainRegistry.partsTab).setTextureName(RefStrings.MODID + ":ingot_u235")
ingot_u238	formal	HbmItems	ingot_u238	Item	True	True	True	True	False	ingot_u238 = new Item().setUnlocalizedName("ingot_u238").setCreativeTab(MainRegistry.partsTab).setTextureName(RefStrings.MODID + ":ingot_u238")
ingot_u238m2	formal	HbmItems	ingot_u238m2	ItemUnstable	True	True	True	True	False	ingot_u238m2 = new ItemUnstable(350, 200).setUnlocalizedName("ingot_u238m2").setCreativeTab(null).setTextureName(RefStrings.MODID + ":ingot_u238m2")
ingot_uranium	formal	HbmItems	ingot_uranium	Item	True	True	True	True	False	ingot_uranium = new Item().setUnlocalizedName("ingot_uranium").setCreativeTab(MainRegistry.partsTab).setTextureName(RefStrings.MODID + ":ingot_uranium")
ingot_uranium_fuel	formal	HbmItems dynamic material/specialized registration	ingot_uranium_fuel	Item	True	True	True	True	False	ingot_uranium_fuel = new Item().setUnlocalizedName("ingot_uranium_fuel").setCreativeTab(MainRegistry.partsTab).setTextureName(RefStrings.MODID + ":ingot_uranium_fuel")
ingot_weaponsteel	formal	HbmItems dynamic material/specialized registration	ingot_weaponsteel	Item	False	True	True	True	False	ingot_weaponsteel = new Item().setUnlocalizedName("ingot_weaponsteel").setCreativeTab(MainRegistry.partsTab).setTextureName(RefStrings.MODID + ":ingot_gunsteel")
ingot_zirconium	formal	HbmItems dynamic material/specialized registration	ingot_zirconium	Item	True	True	True	True	False	ingot_zirconium = new Item().setUnlocalizedName("ingot_zirconium").setCreativeTab(MainRegistry.partsTab).setTextureName(RefStrings.MODID + ":ingot_zirconium")
injector_5htp	formal	HbmItems	injector_5htp	ItemModAuto	True	True	True	True	False	injector_5htp = new ItemModAuto().setUnlocalizedName("injector_5htp").setTextureName(RefStrings.MODID + ":injector_5htp")
injector_knife	formal	HbmItems	injector_knife	ItemModKnife	True	True	True	True	False	injector_knife = new ItemModKnife().setUnlocalizedName("injector_knife").setTextureName(RefStrings.MODID + ":injector_knife")
ink	formal	HbmItems	ink	ItemModInk	True	True	True	True	False	ink = new ItemModInk().setUnlocalizedName("ink").setTextureName(RefStrings.MODID + ":ink")
insert_doxium	formal	HbmItems	insert_doxium	ItemModInsert	True	True	True	True	False	insert_doxium = new ItemModInsert(9999, 5.0F, 1F, 1F, 1F).setUnlocalizedName("insert_doxium").setTextureName(RefStrings.MODID + ":insert_doxium")
insert_du	formal	HbmItems	insert_du	ItemModInsert	True	True	True	True	False	insert_du = new ItemModInsert(1500, 0.9F, 0.85F, 0.5F, 0.9F).setUnlocalizedName("insert_du").setTextureName(RefStrings.MODID + ":insert_du")
insert_era	formal	HbmItems	insert_era	ItemModInsert	True	True	True	True	False	insert_era = new ItemModInsert(25, 0.5F, 1F, 0.25F, 1F).setUnlocalizedName("insert_era").setTextureName(RefStrings.MODID + ":insert_era")
insert_esapi	formal	HbmItems	insert_esapi	ItemModInsert	True	True	True	True	False	insert_esapi = new ItemModInsert(2000, 0.95F, 0.8F, 1F, 1F).setUnlocalizedName("insert_esapi").setTextureName(RefStrings.MODID + ":insert_esapi")
insert_ghiorsium	formal	HbmItems	insert_ghiorsium	ItemModInsert	True	True	True	True	False	insert_ghiorsium = new ItemModInsert(2000, 0.8F, 0.75F, 0.35F, 0.9F).setUnlocalizedName("insert_ghiorsium").setTextureName(RefStrings.MODID + ":insert_ghiorsium")
insert_kevlar	formal	HbmItems	insert_kevlar	ItemModInsert	True	True	True	True	False	insert_kevlar = new ItemModInsert(1500, 1F, 0.9F, 1F, 1F).setUnlocalizedName("insert_kevlar").setTextureName(RefStrings.MODID + ":insert_kevlar")
insert_polonium	formal	HbmItems	insert_polonium	ItemModInsert	True	True	True	True	False	insert_polonium = new ItemModInsert(500, 0.9F, 1F, 0.95F, 0.9F).setUnlocalizedName("insert_polonium").setTextureName(RefStrings.MODID + ":insert_polonium")
insert_sapi	formal	HbmItems	insert_sapi	ItemModInsert	True	True	True	True	False	insert_sapi = new ItemModInsert(1750, 1F, 0.85F, 1F, 1F).setUnlocalizedName("insert_sapi").setTextureName(RefStrings.MODID + ":insert_sapi")
insert_steel	formal	HbmItems	insert_steel	ItemModInsert	True	True	True	True	False	insert_steel = new ItemModInsert(1000, 1F, 0.95F, 0.75F, 0.95F).setUnlocalizedName("insert_steel").setTextureName(RefStrings.MODID + ":insert_steel")
insert_xsapi	formal	HbmItems	insert_xsapi	ItemModInsert	True	True	True	True	False	insert_xsapi = new ItemModInsert(2500, 0.9F, 0.75F, 1F, 1F).setUnlocalizedName("insert_xsapi").setTextureName(RefStrings.MODID + ":insert_xsapi")
insert_yharonite	formal	HbmItems	insert_yharonite	ItemModInsert	True	True	True	True	False	insert_yharonite = new ItemModInsert(9999, 0.01F, 1F, 1F, 1F).setUnlocalizedName("insert_yharonite").setTextureName(RefStrings.MODID + ":insert_yharonite")
item_expensive	formal	HbmItems	item_expensive	ItemExpensive	False	False	False	True	False	item_expensive = new ItemExpensive().setUnlocalizedName("item_expensive").setCreativeTab(MainRegistry.partsTab).setTextureName(RefStrings.MODID + ":item_expensive")
item_secret	formal	HbmItems	item_secret	ItemEnumMulti	False	True	False	True	False	item_secret = new ItemEnumMulti(EnumSecretType.class, true, true).setUnlocalizedName("item_secret").setCreativeTab(null).setTextureName(RefStrings.MODID + ":item_secret")
iv_blood	formal	HbmItems		LegacyHbmContent.UNRESOLVED	True	True	True	True	False	
iv_empty	formal	HbmItems		LegacyHbmContent.UNRESOLVED	True	True	True	True	False	
iv_xp	formal	HbmItems		LegacyHbmContent.UNRESOLVED	True	True	True	True	False	
iv_xp_empty	formal	HbmItems		LegacyHbmContent.UNRESOLVED	True	True	True	True	False	
jackt	formal	HbmItems		UNRESOLVED	True	True	True	True	False	
jackt2	formal	HbmItems		UNRESOLVED	True	True	True	True	False	
jetpack_boost	formal	HbmItems	jetpack_boost	JetpackBooster	True	True	True	True	False	jetpack_boost = new JetpackBooster(Fluids.BALEFIRE, 32000).setUnlocalizedName("jetpack_boost").setCreativeTab(CreativeTabs.tabCombat).setMaxStackSize(1).setTextureName(RefStrings.MODID + ":jetpack_boost")
jetpack_break	formal	HbmItems	jetpack_break	JetpackBreak	True	True	True	True	False	jetpack_break = new JetpackBreak(Fluids.KEROSENE, 12000).setUnlocalizedName("jetpack_break").setCreativeTab(CreativeTabs.tabCombat).setMaxStackSize(1).setTextureName(RefStrings.MODID + ":jetpack_break")
jetpack_fly	formal	HbmItems	jetpack_fly	JetpackRegular	True	True	True	True	False	jetpack_fly = new JetpackRegular(Fluids.KEROSENE, 12000).setUnlocalizedName("jetpack_fly").setCreativeTab(CreativeTabs.tabCombat).setMaxStackSize(1).setTextureName(RefStrings.MODID + ":jetpack_fly")
jetpack_tank	formal	HbmItems	jetpack_tank	ItemSyringe	True	True	True	True	False	jetpack_tank = new ItemSyringe().setUnlocalizedName("jetpack_tank").setMaxStackSize(16).setCreativeTab(MainRegistry.consumableTab).setTextureName(RefStrings.MODID + ":jetpack_tank")
jetpack_vector	formal	HbmItems	jetpack_vector	JetpackVectorized	True	True	True	True	False	jetpack_vector = new JetpackVectorized(Fluids.KEROSENE, 16000).setUnlocalizedName("jetpack_vector").setCreativeTab(CreativeTabs.tabCombat).setMaxStackSize(1).setTextureName(RefStrings.MODID + ":jetpack_vector")
key	formal	HbmItems	key	ItemKey	True	True	True	True	False	key = new ItemKey().setUnlocalizedName("key").setMaxStackSize(1).setCreativeTab(MainRegistry.consumableTab).setTextureName(RefStrings.MODID + ":key")
key_fake	formal	HbmItems	key_fake	ItemKey	False	False	True	True	False	key_fake = new ItemKey().setUnlocalizedName("key_fake").setMaxStackSize(1).setCreativeTab(MainRegistry.consumableTab).setTextureName(RefStrings.MODID + ":key_gold")
key_kit	formal	HbmItems	key_kit	ItemCounterfeitKeys	False	False	True	True	False	key_kit = new ItemCounterfeitKeys().setUnlocalizedName("key_kit").setMaxStackSize(1).setCreativeTab(MainRegistry.consumableTab).setTextureName(RefStrings.MODID + ":key_pair")
key_red	formal	HbmItems	key_red	ItemCustomLore	True	True	True	True	False	key_red = new ItemCustomLore().setUnlocalizedName("key_red").setMaxStackSize(1).setCreativeTab(null).setTextureName(RefStrings.MODID + ":key_red")
key_red_cracked	formal	HbmItems	key_red_cracked	ItemCustomLore	True	True	True	True	False	key_red_cracked = new ItemCustomLore().setUnlocalizedName("key_red_cracked").setMaxStackSize(1).setCreativeTab(null).setTextureName(RefStrings.MODID + ":key_red_cracked")
kit_custom	formal	HbmItems	kit_custom	ItemKitCustom	False	True	False	True	False	kit_custom = new ItemKitCustom().setUnlocalizedName("kit_custom").setCreativeTab(null).setTextureName(RefStrings.MODID + ":kit")
laser_crystal_bismuth	formal	HbmItems	laser_crystal_bismuth	ItemFELCrystal	True	True	True	True	False	laser_crystal_bismuth = new ItemFELCrystal(EnumWavelengths.VISIBLE).setUnlocalizedName("laser_crystal_bismuth").setCreativeTab(MainRegistry.controlTab).setTextureName(RefStrings.MODID + ":laser_crystal_bismuth")
laser_crystal_cmb	formal	HbmItems	laser_crystal_cmb	ItemFELCrystal	True	True	True	True	False	laser_crystal_cmb = new ItemFELCrystal(EnumWavelengths.UV).setUnlocalizedName("laser_crystal_cmb").setCreativeTab(MainRegistry.controlTab).setTextureName(RefStrings.MODID + ":laser_crystal_cmb")
laser_crystal_co2	formal	HbmItems	laser_crystal_co2	ItemFELCrystal	True	True	True	True	False	laser_crystal_co2 = new ItemFELCrystal(EnumWavelengths.IR).setUnlocalizedName("laser_crystal_co2").setCreativeTab(MainRegistry.controlTab).setTextureName(RefStrings.MODID + ":laser_crystal_co2")
laser_crystal_digamma	formal	HbmItems	laser_crystal_digamma	ItemFELCrystal	True	True	True	True	False	laser_crystal_digamma = new ItemFELCrystal(EnumWavelengths.DRX).setUnlocalizedName("laser_crystal_digamma").setCreativeTab(MainRegistry.controlTab).setTextureName(RefStrings.MODID + ":laser_crystal_digamma")
laser_crystal_dnt	formal	HbmItems	laser_crystal_dnt	ItemFELCrystal	True	True	True	False	False	laser_crystal_dnt = new ItemFELCrystal(EnumWavelengths.GAMMA).setUnlocalizedName("laser_crystal_dnt").setCreativeTab(MainRegistry.controlTab).setTextureName(RefStrings.MODID + ":laser_crystal_dnt")
launch_code	formal	HbmItems	launch_code	Item	True	True	True	True	False	launch_code = new Item().setUnlocalizedName("launch_code").setMaxStackSize(1).setCreativeTab(MainRegistry.partsTab).setTextureName(RefStrings.MODID + ":launch_code")
launch_code_piece	formal	HbmItems	launch_code_piece	Item	True	True	True	True	False	launch_code_piece = new Item().setUnlocalizedName("launch_code_piece").setMaxStackSize(1).setCreativeTab(MainRegistry.partsTab).setTextureName(RefStrings.MODID + ":launch_code_piece")
launch_key	formal	HbmItems	launch_key	Item	True	True	True	True	False	launch_key = new Item().setUnlocalizedName("launch_key").setMaxStackSize(1).setCreativeTab(MainRegistry.partsTab).setTextureName(RefStrings.MODID + ":launch_key")
lead_gavel	formal	HbmItems	lead_gavel	WeaponSpecial	True	True	True	True	False	lead_gavel = new WeaponSpecial(MainRegistry.tMatSteel).setUnlocalizedName("lead_gavel").setMaxStackSize(1).setTextureName(RefStrings.MODID + ":lead_gavel")
lemon	formal	HbmItems	lemon	ItemLemon	True	True	True	True	False	lemon = new ItemLemon(3, 0.5F, false).setUnlocalizedName("lemon").setCreativeTab(MainRegistry.consumableTab).setTextureName(RefStrings.MODID + ":lemon")
lignite	formal	HbmItems	lignite	Item	True	True	True	True	False	lignite = new Item().setUnlocalizedName("lignite").setCreativeTab(MainRegistry.partsTab).setTextureName(RefStrings.MODID + ":lignite")
linker	formal	HbmItems	linker	ItemTeleLink	True	True	True	True	False	linker = new ItemTeleLink().setUnlocalizedName("linker").setMaxStackSize(1).setCreativeTab(MainRegistry.consumableTab).setTextureName(RefStrings.MODID + ":linker")
liquidator_boots	formal	HbmItems	liquidator_boots	ArmorLiquidator	True	True	True	True	False	liquidator_boots = new ArmorLiquidator(aMatLiquidator, 3, RefStrings.MODID + ":textures/armor/liquidator_1.png").cloneStats((ArmorFSB) liquidator_helmet).setUnlocalizedName("liquidator_boots").setMaxStackSize(1).setTextureName(RefStrings.MODID + ":liquidator_boots")
liquidator_helmet	formal	HbmItems	liquidator_helmet	ArmorLiquidatorMask	True	True	True	True	False	liquidator_helmet = new ArmorLiquidatorMask(aMatLiquidator, 0, RefStrings.MODID + ":textures/armor/liquidator_helmet.png") .setStep("hbm:step.metal") .setJump("hbm:step.iron_jump") .setFall("hbm:step.iron_land").setUnlocalizedName("liquidator_helmet").setMaxStackSize(1).setTextureName(RefStrings.MODID + ":liquidator_helmet")
liquidator_legs	formal	HbmItems	liquidator_legs	ArmorLiquidator	True	True	True	True	False	liquidator_legs = new ArmorLiquidator(aMatLiquidator, 2, RefStrings.MODID + ":textures/armor/liquidator_2.png").cloneStats((ArmorFSB) liquidator_helmet).setUnlocalizedName("liquidator_legs").setMaxStackSize(1).setTextureName(RefStrings.MODID + ":liquidator_legs")
liquidator_plate	formal	HbmItems	liquidator_plate	ArmorLiquidator	True	True	True	True	False	liquidator_plate = new ArmorLiquidator(aMatLiquidator, 1, RefStrings.MODID + ":textures/armor/liquidator_1.png").cloneStats((ArmorFSB) liquidator_helmet).setUnlocalizedName("liquidator_plate").setMaxStackSize(1).setTextureName(RefStrings.MODID + ":liquidator_plate")
lithium	formal	HbmItems	lithium	Item	True	True	True	True	False	lithium = new Item().setUnlocalizedName("lithium").setCreativeTab(MainRegistry.partsTab).setTextureName(RefStrings.MODID + ":lithium")
lodestone	formal	HbmItems	lodestone	ItemModLodestone	True	True	True	True	False	lodestone = new ItemModLodestone(5).setUnlocalizedName("lodestone").setTextureName(RefStrings.MODID + ":lodestone")
loop_stew	formal	HbmItems	loop_stew	ItemLemon	True	True	True	True	False	loop_stew = new ItemLemon(10, 0.5F, false).setUnlocalizedName("loop_stew").setMaxStackSize(1).setCreativeTab(MainRegistry.consumableTab).setTextureName(RefStrings.MODID + ":loop_stew")
loops	formal	HbmItems	loops	ItemLemon	True	True	True	True	False	loops = new ItemLemon(4, 0.25F, false).setUnlocalizedName("loops").setCreativeTab(MainRegistry.consumableTab).setTextureName(RefStrings.MODID + ":loops")
loot_10	formal	HbmItems	loot_10	ItemLootCrate	True	True	True	True	False	loot_10 = new ItemLootCrate().setUnlocalizedName("loot_10").setMaxStackSize(1).setCreativeTab(MainRegistry.missileTab).setTextureName(RefStrings.MODID + ":loot_10")
loot_15	formal	HbmItems	loot_15	ItemLootCrate	True	True	True	True	False	loot_15 = new ItemLootCrate().setUnlocalizedName("loot_15").setMaxStackSize(1).setCreativeTab(MainRegistry.missileTab).setTextureName(RefStrings.MODID + ":loot_15")
loot_misc	formal	HbmItems	loot_misc	ItemLootCrate	True	True	True	True	False	loot_misc = new ItemLootCrate().setUnlocalizedName("loot_misc").setMaxStackSize(1).setCreativeTab(MainRegistry.missileTab).setTextureName(RefStrings.MODID + ":loot_misc")
magnetron	formal	HbmItems	magnetron	ItemCustomLore	False	True	True	True	False	magnetron = new ItemCustomLore().setUnlocalizedName("magnetron").setCreativeTab(MainRegistry.partsTab).setTextureName(RefStrings.MODID + ":magnetron_alt")
man_core	formal	HbmItems	man_core	ItemCustomLore	True	True	True	True	False	man_core = new ItemCustomLore().setRarity(EnumRarity.uncommon).setUnlocalizedName("man_core").setMaxStackSize(1).setCreativeTab(MainRegistry.nukeTab).setTextureName(RefStrings.MODID + ":man_core")
man_igniter	formal	HbmItems	man_igniter	Item	True	True	True	True	False	man_igniter = new Item().setUnlocalizedName("man_igniter").setMaxStackSize(1).setCreativeTab(MainRegistry.nukeTab).setTextureName(RefStrings.MODID + ":man_igniter")
man_kit	formal	HbmItems	man_kit	ItemStarterKit	True	True	True	True	False	man_kit = new ItemStarterKit().setUnlocalizedName("man_kit").setMaxStackSize(1).setCreativeTab(MainRegistry.nukeTab).setTextureName(RefStrings.MODID + ":man_kit")
marshmallow	formal	HbmItems	marshmallow	ItemMarshmallow	True	True	True	True	False	marshmallow = new ItemMarshmallow().setUnlocalizedName("marshmallow").setMaxStackSize(1).setFull3D().setCreativeTab(MainRegistry.consumableTab).setTextureName(RefStrings.MODID + ":marshmallow")
mask_of_infamy	formal	HbmItems	mask_of_infamy	MaskOfInfamy	True	True	True	True	False	mask_of_infamy = new MaskOfInfamy(ArmorMaterial.IRON, 0).setUnlocalizedName("mask_of_infamy").setMaxStackSize(1).setTextureName(RefStrings.MODID + ":mask_of_infamy")
mask_piss	formal	HbmItems		UNRESOLVED	True	True	True	True	False	
mask_rag	formal	HbmItems		UNRESOLVED	True	True	True	True	False	
matchstick	formal	HbmItems	matchstick	ItemMatch	True	True	True	True	False	matchstick = new ItemMatch().setUnlocalizedName("matchstick").setCreativeTab(CreativeTabs.tabTools).setFull3D().setTextureName(RefStrings.MODID + ":matchstick")
mech_key	formal	HbmItems	mech_key	ItemCustomLore	True	True	True	True	False	mech_key = new ItemCustomLore().setUnlocalizedName("mech_key").setMaxStackSize(1).setCreativeTab(null).setTextureName(RefStrings.MODID + ":mech_key")
med_bag	formal	HbmItems	med_bag	ItemSyringe	True	True	True	True	False	med_bag = new ItemSyringe().setUnlocalizedName("med_bag").setCreativeTab(MainRegistry.consumableTab).setTextureName(RefStrings.MODID + ":med_bag")
med_ipecac	formal	HbmItems	med_ipecac	ItemLemon	True	True	True	True	False	med_ipecac = new ItemLemon(0, 0, false).setUnlocalizedName("med_ipecac").setCreativeTab(MainRegistry.consumableTab).setTextureName(RefStrings.MODID + ":med_ipecac_new")
med_ptsd	formal	HbmItems	med_ptsd	ItemLemon	True	True	True	True	False	med_ptsd = new ItemLemon(0, 0, false).setUnlocalizedName("med_ptsd").setCreativeTab(MainRegistry.consumableTab).setTextureName(RefStrings.MODID + ":med_ptsd_new")
medal_liquidator	formal	HbmItems	medal_liquidator	ItemModMedal	True	True	True	True	False	medal_liquidator = new ItemModMedal().setUnlocalizedName("medal_liquidator").setTextureName(RefStrings.MODID + ":medal_liquidator")
meltdown_tool	formal	HbmItems	meltdown_tool	ItemDyatlov	True	True	True	True	False	meltdown_tool = new ItemDyatlov().setUnlocalizedName("meltdown_tool").setMaxStackSize(1).setCreativeTab(MainRegistry.controlTab).setTextureName(RefStrings.MODID + ":meltdown_tool")
memespoon	formal	HbmItems	memespoon	WeaponSpecial	True	True	True	True	False	memespoon = new WeaponSpecial(MainRegistry.tMatSteel).setUnlocalizedName("memespoon").setMaxStackSize(1).setTextureName(RefStrings.MODID + ":memespoon")
memory	formal	HbmItems	memory	ItemBattery	False	True	True	True	False	memory = new ItemBattery(Long.MAX_VALUE / 100L, 100000000000000L, 100000000000000L).setUnlocalizedName("memory").setMaxStackSize(1).setTextureName(RefStrings.MODID + ":mo8_anim")
mese_axe	formal	HbmItems	mese_axe	ItemToolAbility	True	True	True	True	False	mese_axe = new ItemToolAbility(75F, 0, matMese, EnumToolType.AXE) .addAbility(IToolAreaAbility.HAMMER, 2) .addAbility(IToolAreaAbility.HAMMER_FLAT, 2) .addAbility(IToolAreaAbility.RECURSION, 2) .addAbility(IToolHarvestAbility.SILK, 0) .addAbility(IToolHarvestAbility.LUCK, 5) .addAbility(IToolAreaAbility.EXPLOSION, 3) .addAbility(IWeaponAbility.STUN, 4) .addAbility(IWeaponAbility.PHOSPHORUS, 1) .addAbility(IWeaponAbility.BEHEADER, 0).setUnlocalizedName("mese_axe").setTextureName(RefStrings.MODID + ":mese_axe")
mese_gavel	formal	HbmItems	mese_gavel	ItemSwordAbility	True	True	True	True	False	mese_gavel = new ItemSwordAbility(250, 1.5, matMeseGavel) .addAbility(IWeaponAbility.PHOSPHORUS, 0) .addAbility(IWeaponAbility.RADIATION, 2) .addAbility(IWeaponAbility.STUN, 3) .addAbility(IWeaponAbility.VAMPIRE, 4) .addAbility(IWeaponAbility.BEHEADER, 0).setUnlocalizedName("mese_gavel").setMaxStackSize(1).setTextureName(RefStrings.MODID + ":mese_gavel")
mese_pickaxe	formal	HbmItems	mese_pickaxe	ItemToolAbility	True	True	True	True	False	mese_pickaxe = new ItemToolAbility(35F, 0, matMese, EnumToolType.MINER) .addAbility(IToolAreaAbility.HAMMER, 2) .addAbility(IToolAreaAbility.HAMMER_FLAT, 2) .addAbility(IToolAreaAbility.RECURSION, 2) .addAbility(IToolHarvestAbility.CRYSTALLIZER, 0) .addAbility(IToolHarvestAbility.SILK, 0) .addAbility(IToolHarvestAbility.LUCK, 5) .addAbility(IToolAreaAbility.EXPLOSION, 3) .addAbility(IWeaponAbility.STUN, 3) .addAbility(IWeaponAbility.PHOSPHORUS, 0) .addAbility(IWeaponAbility.BEHEADER, 0) .setDepthRockBreaker().setUnlocalizedName("mese_pickaxe").setTextureName(RefStrings.MODID + ":mese_pickaxe")
meteor_charm	formal	HbmItems	meteor_charm	ItemModCharm	True	True	True	True	False	meteor_charm = new ItemModCharm().setUnlocalizedName("meteor_charm").setTextureName(RefStrings.MODID + ":meteor_charm")
meteor_remote	formal	HbmItems	meteor_remote	ItemMeteorRemote	True	True	True	True	False	meteor_remote = new ItemMeteorRemote().setUnlocalizedName("meteor_remote").setMaxStackSize(1).setFull3D().setCreativeTab(MainRegistry.consumableTab).setTextureName(RefStrings.MODID + ":meteor_remote")
meteorite_sword	formal	HbmItems	meteorite_sword	ItemSwordMeteorite	True	True	True	True	False	meteorite_sword = new ItemSwordMeteorite(9F, 0, matMeteorite).setUnlocalizedName("meteorite_sword").setTextureName(RefStrings.MODID + ":meteorite_sword")
meteorite_sword_alloyed	formal	HbmItems	meteorite_sword_alloyed	ItemSwordMeteorite	False	False	True	True	False	meteorite_sword_alloyed = new ItemSwordMeteorite(17.5F, 0, matMeteorite).setUnlocalizedName("meteorite_sword_alloyed").setTextureName(RefStrings.MODID + ":meteorite_sword")
meteorite_sword_baleful	formal	HbmItems	meteorite_sword_baleful	ItemSwordMeteorite	False	False	True	True	False	meteorite_sword_baleful = new ItemSwordMeteorite(75F, 0, matMeteorite).setUnlocalizedName("meteorite_sword_baleful").setTextureName(RefStrings.MODID + ":meteorite_sword")
meteorite_sword_bred	formal	HbmItems	meteorite_sword_bred	ItemSwordMeteorite	False	False	True	True	False	meteorite_sword_bred = new ItemSwordMeteorite(30F, 0, matMeteorite).setUnlocalizedName("meteorite_sword_bred").setTextureName(RefStrings.MODID + ":meteorite_sword")
meteorite_sword_etched	formal	HbmItems	meteorite_sword_etched	ItemSwordMeteorite	False	False	True	True	False	meteorite_sword_etched = new ItemSwordMeteorite(25F, 0, matMeteorite).setUnlocalizedName("meteorite_sword_etched").setTextureName(RefStrings.MODID + ":meteorite_sword")
meteorite_sword_fused	formal	HbmItems	meteorite_sword_fused	ItemSwordMeteorite	False	False	True	True	False	meteorite_sword_fused = new ItemSwordMeteorite(50F, 0, matMeteorite).setUnlocalizedName("meteorite_sword_fused").setTextureName(RefStrings.MODID + ":meteorite_sword")
meteorite_sword_hardened	formal	HbmItems	meteorite_sword_hardened	ItemSwordMeteorite	False	False	True	True	False	meteorite_sword_hardened = new ItemSwordMeteorite(15F, 0, matMeteorite).setUnlocalizedName("meteorite_sword_hardened").setTextureName(RefStrings.MODID + ":meteorite_sword")
meteorite_sword_irradiated	formal	HbmItems	meteorite_sword_irradiated	ItemSwordMeteorite	False	False	True	True	False	meteorite_sword_irradiated = new ItemSwordMeteorite(35F, 0, matMeteorite).setUnlocalizedName("meteorite_sword_irradiated").setTextureName(RefStrings.MODID + ":meteorite_sword")
meteorite_sword_machined	formal	HbmItems	meteorite_sword_machined	ItemSwordMeteorite	False	False	True	True	False	meteorite_sword_machined = new ItemSwordMeteorite(20F, 0, matMeteorite).setUnlocalizedName("meteorite_sword_machined").setTextureName(RefStrings.MODID + ":meteorite_sword")
meteorite_sword_reforged	formal	HbmItems	meteorite_sword_reforged	ItemSwordMeteorite	False	False	True	True	False	meteorite_sword_reforged = new ItemSwordMeteorite(12.5F, 0, matMeteorite).setUnlocalizedName("meteorite_sword_reforged").setTextureName(RefStrings.MODID + ":meteorite_sword")
meteorite_sword_seared	formal	HbmItems	meteorite_sword_seared	ItemSwordMeteorite	False	False	True	True	False	meteorite_sword_seared = new ItemSwordMeteorite(10F, 0, matMeteorite).setUnlocalizedName("meteorite_sword_seared").setTextureName(RefStrings.MODID + ":meteorite_sword")
meteorite_sword_treated	formal	HbmItems	meteorite_sword_treated	ItemSwordMeteorite	False	False	True	True	False	meteorite_sword_treated = new ItemSwordMeteorite(22.5F, 0, matMeteorite).setUnlocalizedName("meteorite_sword_treated").setTextureName(RefStrings.MODID + ":meteorite_sword")
mike_cooling_unit	formal	HbmItems	mike_cooling_unit	Item	True	True	True	True	False	mike_cooling_unit = new Item().setUnlocalizedName("mike_cooling_unit").setMaxStackSize(1).setCreativeTab(MainRegistry.nukeTab).setTextureName(RefStrings.MODID + ":mike_cooling_unit")
mike_core	formal	HbmItems	mike_core	Item	True	True	True	True	False	mike_core = new Item().setUnlocalizedName("mike_core").setMaxStackSize(1).setCreativeTab(MainRegistry.nukeTab).setTextureName(RefStrings.MODID + ":mike_core")
mike_deut	formal	HbmItems	mike_deut	Item	True	True	True	True	False	mike_deut = new Item().setUnlocalizedName("mike_deut").setMaxStackSize(1).setCreativeTab(MainRegistry.nukeTab).setContainerItem(ModItems.tank_steel).setTextureName(RefStrings.MODID + ":mike_deut")
mike_kit	formal	HbmItems	mike_kit	ItemStarterKit	True	True	True	True	False	mike_kit = new ItemStarterKit().setUnlocalizedName("mike_kit").setMaxStackSize(1).setCreativeTab(MainRegistry.nukeTab).setTextureName(RefStrings.MODID + ":mike_kit")
mirror_tool	formal	HbmItems	mirror_tool	ItemMirrorTool	True	True	True	True	False	mirror_tool = new ItemMirrorTool().setUnlocalizedName("mirror_tool").setMaxStackSize(1).setCreativeTab(MainRegistry.consumableTab).setTextureName(RefStrings.MODID + ":mirror_tool")
missile_anti_ballistic	formal	HbmItems dynamic material/specialized registration	missile_anti_ballistic	ItemMissile	True	True	True	True	False	missile_anti_ballistic = new ItemMissile(MissileFormFactor.ABM, MissileTier.TIER1).setUnlocalizedName("missile_anti_ballistic").setMaxStackSize(1).setCreativeTab(MainRegistry.missileTab).setTextureName(RefStrings.MODID + ":missile_anti_ballistic")
missile_assembly	formal	HbmItems	missile_assembly	Item	True	True	True	True	False	missile_assembly = new Item().setUnlocalizedName("missile_assembly").setMaxStackSize(1).setCreativeTab(MainRegistry.partsTab).setTextureName(RefStrings.MODID + ":missile_assembly")
missile_bhole	formal	HbmItems dynamic material/specialized registration	missile_bhole	ItemMissile	True	True	True	True	False	missile_bhole = new ItemMissile(MissileFormFactor.MICRO, MissileTier.TIER0).setUnlocalizedName("missile_bhole").setMaxStackSize(1).setCreativeTab(MainRegistry.missileTab).setTextureName(RefStrings.MODID + ":missile_bhole")
missile_burst	formal	HbmItems dynamic material/specialized registration	missile_burst	ItemMissile	True	True	True	True	False	missile_burst = new ItemMissile(MissileFormFactor.HUGE, MissileTier.TIER3).setUnlocalizedName("missile_burst").setMaxStackSize(1).setCreativeTab(MainRegistry.missileTab).setTextureName(RefStrings.MODID + ":missile_burst")
missile_buster	formal	HbmItems dynamic material/specialized registration	missile_buster	ItemMissile	True	True	True	True	False	missile_buster = new ItemMissile(MissileFormFactor.V2, MissileTier.TIER1).setUnlocalizedName("missile_buster").setMaxStackSize(1).setCreativeTab(MainRegistry.missileTab).setTextureName(RefStrings.MODID + ":missile_buster")
missile_buster_strong	formal	HbmItems dynamic material/specialized registration	missile_buster_strong	ItemMissile	True	True	True	True	False	missile_buster_strong = new ItemMissile(MissileFormFactor.STRONG, MissileTier.TIER2).setUnlocalizedName("missile_buster_strong").setMaxStackSize(1).setCreativeTab(MainRegistry.missileTab).setTextureName(RefStrings.MODID + ":missile_buster_strong")
missile_cluster	formal	HbmItems dynamic material/specialized registration	missile_cluster	ItemMissile	True	True	True	True	False	missile_cluster = new ItemMissile(MissileFormFactor.V2, MissileTier.TIER1).setUnlocalizedName("missile_cluster").setMaxStackSize(1).setCreativeTab(MainRegistry.missileTab).setTextureName(RefStrings.MODID + ":missile_cluster")
missile_cluster_strong	formal	HbmItems dynamic material/specialized registration	missile_cluster_strong	ItemMissile	True	True	True	True	False	missile_cluster_strong = new ItemMissile(MissileFormFactor.STRONG, MissileTier.TIER2).setUnlocalizedName("missile_cluster_strong").setMaxStackSize(1).setCreativeTab(MainRegistry.missileTab).setTextureName(RefStrings.MODID + ":missile_cluster_strong")
missile_custom	formal	HbmItems	missile_custom	ItemCustomMissile	True	True	True	True	False	missile_custom = new ItemCustomMissile().setUnlocalizedName("missile_custom").setMaxStackSize(1).setCreativeTab(null).setTextureName(RefStrings.MODID + ":missile_custom")
missile_decoy	formal	HbmItems dynamic material/specialized registration	missile_decoy	ItemMissile	True	True	True	True	False	missile_decoy = new ItemMissile(MissileFormFactor.V2, MissileTier.TIER1).setUnlocalizedName("missile_decoy").setMaxStackSize(1).setCreativeTab(MainRegistry.missileTab).setTextureName(RefStrings.MODID + ":missile_decoy")
missile_doomsday	formal	HbmItems dynamic material/specialized registration	missile_doomsday	ItemMissile	True	True	True	True	False	missile_doomsday = new ItemMissile(MissileFormFactor.ATLAS, MissileTier.TIER4).setUnlocalizedName("missile_doomsday").setMaxStackSize(1).setCreativeTab(MainRegistry.missileTab).setTextureName(RefStrings.MODID + ":missile_doomsday")
missile_doomsday_rusted	formal	HbmItems dynamic material/specialized registration	missile_doomsday_rusted	ItemMissile	False	True	True	True	False	missile_doomsday_rusted = new ItemMissile(MissileFormFactor.ATLAS, MissileTier.TIER4).notLaunchable().setUnlocalizedName("missile_doomsday_rusted").setMaxStackSize(1).setCreativeTab(MainRegistry.missileTab).setTextureName(RefStrings.MODID + ":missile_doomsday")
missile_drill	formal	HbmItems dynamic material/specialized registration	missile_drill	ItemMissile	True	True	True	True	False	missile_drill = new ItemMissile(MissileFormFactor.HUGE, MissileTier.TIER3).setUnlocalizedName("missile_drill").setMaxStackSize(1).setCreativeTab(MainRegistry.missileTab).setTextureName(RefStrings.MODID + ":missile_drill")
missile_emp	formal	HbmItems dynamic material/specialized registration	missile_emp	ItemMissile	True	True	True	True	False	missile_emp = new ItemMissile(MissileFormFactor.MICRO, MissileTier.TIER0).setUnlocalizedName("missile_emp").setMaxStackSize(1).setCreativeTab(MainRegistry.missileTab).setTextureName(RefStrings.MODID + ":missile_emp")
missile_emp_strong	formal	HbmItems dynamic material/specialized registration	missile_emp_strong	ItemMissile	True	True	True	True	False	missile_emp_strong = new ItemMissile(MissileFormFactor.STRONG, MissileTier.TIER2).setUnlocalizedName("missile_emp_strong").setMaxStackSize(1).setCreativeTab(MainRegistry.missileTab).setTextureName(RefStrings.MODID + ":missile_emp_strong")
missile_generic	formal	HbmItems dynamic material/specialized registration	missile_generic	ItemMissile	True	True	True	True	False	missile_generic = new ItemMissile(MissileFormFactor.V2, MissileTier.TIER1).setUnlocalizedName("missile_generic").setMaxStackSize(1).setCreativeTab(MainRegistry.missileTab).setTextureName(RefStrings.MODID + ":missile_generic")
missile_incendiary	formal	HbmItems dynamic material/specialized registration	missile_incendiary	ItemMissile	True	True	True	True	False	missile_incendiary = new ItemMissile(MissileFormFactor.V2, MissileTier.TIER1).setUnlocalizedName("missile_incendiary").setMaxStackSize(1).setCreativeTab(MainRegistry.missileTab).setTextureName(RefStrings.MODID + ":missile_incendiary")
missile_incendiary_strong	formal	HbmItems dynamic material/specialized registration	missile_incendiary_strong	ItemMissile	True	True	True	True	False	missile_incendiary_strong = new ItemMissile(MissileFormFactor.STRONG, MissileTier.TIER2).setUnlocalizedName("missile_incendiary_strong").setMaxStackSize(1).setCreativeTab(MainRegistry.missileTab).setTextureName(RefStrings.MODID + ":missile_incendiary_strong")
missile_inferno	formal	HbmItems dynamic material/specialized registration	missile_inferno	ItemMissile	True	True	True	True	False	missile_inferno = new ItemMissile(MissileFormFactor.HUGE, MissileTier.TIER3).setUnlocalizedName("missile_inferno").setMaxStackSize(1).setCreativeTab(MainRegistry.missileTab).setTextureName(RefStrings.MODID + ":missile_inferno")
missile_kit	formal	HbmItems	missile_kit	ItemStarterKit	True	True	True	True	False	missile_kit = new ItemStarterKit().setUnlocalizedName("missile_kit").setMaxStackSize(1).setCreativeTab(MainRegistry.missileTab).setTextureName(RefStrings.MODID + ":missile_kit")
missile_micro	formal	HbmItems dynamic material/specialized registration	missile_micro	ItemMissile	True	True	True	True	False	missile_micro = new ItemMissile(MissileFormFactor.MICRO, MissileTier.TIER0).setUnlocalizedName("missile_micro").setMaxStackSize(1).setCreativeTab(MainRegistry.missileTab).setTextureName(RefStrings.MODID + ":missile_micro")
missile_nuclear	formal	HbmItems dynamic material/specialized registration	missile_nuclear	ItemMissile	True	True	True	True	False	missile_nuclear = new ItemMissile(MissileFormFactor.ATLAS, MissileTier.TIER4).setUnlocalizedName("missile_nuclear").setMaxStackSize(1).setCreativeTab(MainRegistry.missileTab).setTextureName(RefStrings.MODID + ":missile_nuclear")
missile_nuclear_cluster	formal	HbmItems dynamic material/specialized registration	missile_nuclear_cluster	ItemMissile	True	True	True	True	False	missile_nuclear_cluster = new ItemMissile(MissileFormFactor.ATLAS, MissileTier.TIER4).setUnlocalizedName("missile_nuclear_cluster").setMaxStackSize(1).setCreativeTab(MainRegistry.missileTab).setTextureName(RefStrings.MODID + ":missile_nuclear_cluster")
missile_rain	formal	HbmItems dynamic material/specialized registration	missile_rain	ItemMissile	True	True	True	True	False	missile_rain = new ItemMissile(MissileFormFactor.HUGE, MissileTier.TIER3).setUnlocalizedName("missile_rain").setMaxStackSize(1).setCreativeTab(MainRegistry.missileTab).setTextureName(RefStrings.MODID + ":missile_rain")
missile_schrabidium	formal	HbmItems dynamic material/specialized registration	missile_schrabidium	ItemMissile	True	True	True	True	False	missile_schrabidium = new ItemMissile(MissileFormFactor.MICRO, MissileTier.TIER0).setUnlocalizedName("missile_schrabidium").setMaxStackSize(1).setCreativeTab(MainRegistry.missileTab).setTextureName(RefStrings.MODID + ":missile_schrabidium")
missile_shuttle	formal	HbmItems dynamic material/specialized registration	missile_shuttle	ItemMissile	True	True	True	True	False	missile_shuttle = new ItemMissile(MissileFormFactor.OTHER, MissileTier.TIER3, MissileFuel.KEROSENE_PEROXIDE).setUnlocalizedName("missile_shuttle").setMaxStackSize(1).setCreativeTab(MainRegistry.missileTab).setTextureName(RefStrings.MODID + ":missile_shuttle")
missile_soyuz	formal	HbmItems	missile_soyuz	ItemSoyuz	False	True	True	True	False	missile_soyuz = new ItemSoyuz().setUnlocalizedName("missile_soyuz").setMaxStackSize(1).setCreativeTab(MainRegistry.missileTab).setTextureName(RefStrings.MODID + ":soyuz")
missile_soyuz_lander	formal	HbmItems	missile_soyuz_lander	ItemCustomLore	False	True	True	True	False	missile_soyuz_lander = new ItemCustomLore().setUnlocalizedName("missile_soyuz_lander").setMaxStackSize(1).setCreativeTab(MainRegistry.missileTab).setTextureName(RefStrings.MODID + ":soyuz_lander")
missile_stealth	formal	HbmItems dynamic material/specialized registration	missile_stealth	ItemMissile	True	True	True	True	False	missile_stealth = new ItemMissile(MissileFormFactor.STRONG, MissileTier.TIER1).setUnlocalizedName("missile_stealth").setMaxStackSize(1).setCreativeTab(MainRegistry.missileTab).setTextureName(RefStrings.MODID + ":missile_stealth")
missile_strong	formal	HbmItems dynamic material/specialized registration	missile_strong	ItemMissile	True	True	True	True	False	missile_strong = new ItemMissile(MissileFormFactor.STRONG, MissileTier.TIER2).setUnlocalizedName("missile_strong").setMaxStackSize(1).setCreativeTab(MainRegistry.missileTab).setTextureName(RefStrings.MODID + ":missile_strong")
missile_taint	formal	HbmItems dynamic material/specialized registration	missile_taint	ItemMissile	True	True	True	True	False	missile_taint = new ItemMissile(MissileFormFactor.MICRO, MissileTier.TIER0).setUnlocalizedName("missile_taint").setMaxStackSize(1).setCreativeTab(MainRegistry.missileTab).setTextureName(RefStrings.MODID + ":missile_taint")
missile_test	formal	HbmItems	missile_test	ItemMissile	False	False	False	False	False	missile_test = new ItemMissile(MissileFormFactor.MICRO, MissileTier.TIER0).setUnlocalizedName("missile_test").setMaxStackSize(1).setCreativeTab(null).setTextureName(RefStrings.MODID + ":missile_micro")
missile_volcano	formal	HbmItems dynamic material/specialized registration	missile_volcano	ItemMissile	True	True	True	True	False	missile_volcano = new ItemMissile(MissileFormFactor.ATLAS, MissileTier.TIER4).setUnlocalizedName("missile_volcano").setMaxStackSize(1).setCreativeTab(MainRegistry.missileTab).setTextureName(RefStrings.MODID + ":missile_volcano")
mold	formal	HbmItems	mold	ItemMold	False	False	True	True	False	mold = new ItemMold().setUnlocalizedName("mold").setCreativeTab(MainRegistry.controlTab)
mold_base	formal	HbmItems	mold_base	Item	True	True	True	True	False	mold_base = new Item().setUnlocalizedName("mold_base").setCreativeTab(MainRegistry.controlTab).setTextureName(RefStrings.MODID + ":mold_base")
morning_glory	formal	HbmItems	morning_glory	ItemModMorningGlory	True	True	True	True	False	morning_glory = new ItemModMorningGlory().setUnlocalizedName("morning_glory").setTextureName(RefStrings.MODID + ":morning_glory")
motor	formal	HbmItems	motor	Item	True	True	True	True	False	motor = new Item().setUnlocalizedName("motor").setCreativeTab(MainRegistry.partsTab).setTextureName(RefStrings.MODID + ":motor")
motor_bismuth	formal	HbmItems	motor_bismuth	Item	True	True	True	True	False	motor_bismuth = new Item().setUnlocalizedName("motor_bismuth").setCreativeTab(MainRegistry.partsTab).setTextureName(RefStrings.MODID + ":motor_bismuth")
motor_desh	formal	HbmItems	motor_desh	Item	True	True	True	True	False	motor_desh = new Item().setUnlocalizedName("motor_desh").setCreativeTab(MainRegistry.partsTab).setTextureName(RefStrings.MODID + ":motor_desh")
mp_c_1	formal	HbmItems dynamic material/specialized registration	mp_chip_1	ItemCustomMissilePart	True	True	True	True	False	mp_chip_1 = new ItemCustomMissilePart().makeChip(0.1F) .setUnlocalizedName("mp_c_1").setMaxStackSize(1).setCreativeTab(MainRegistry.missileTab).setTextureName(RefStrings.MODID + ":mp_c_1")
mp_c_2	formal	HbmItems dynamic material/specialized registration	mp_chip_2	ItemCustomMissilePart	True	True	True	True	False	mp_chip_2 = new ItemCustomMissilePart().makeChip(0.05F) .setUnlocalizedName("mp_c_2").setMaxStackSize(1).setCreativeTab(MainRegistry.missileTab).setTextureName(RefStrings.MODID + ":mp_c_2")
mp_c_3	formal	HbmItems dynamic material/specialized registration	mp_chip_3	ItemCustomMissilePart	True	True	True	True	False	mp_chip_3 = new ItemCustomMissilePart().makeChip(0.01F) .setUnlocalizedName("mp_c_3").setMaxStackSize(1).setCreativeTab(MainRegistry.missileTab).setTextureName(RefStrings.MODID + ":mp_c_3")
mp_c_4	formal	HbmItems dynamic material/specialized registration	mp_chip_4	ItemCustomMissilePart	True	True	True	True	False	mp_chip_4 = new ItemCustomMissilePart().makeChip(0.005F) .setUnlocalizedName("mp_c_4").setMaxStackSize(1).setCreativeTab(MainRegistry.missileTab).setTextureName(RefStrings.MODID + ":mp_c_4")
mp_c_5	formal	HbmItems dynamic material/specialized registration	mp_chip_5	ItemCustomMissilePart	True	True	True	True	False	mp_chip_5 = new ItemCustomMissilePart().makeChip(0.0F) .setUnlocalizedName("mp_c_5").setMaxStackSize(1).setCreativeTab(MainRegistry.missileTab).setTextureName(RefStrings.MODID + ":mp_c_5")
mp_fuselage_10_15_balefire	formal	HbmItems dynamic material/specialized registration	mp_fuselage_10_15_balefire	ItemCustomMissilePart	False	False	True	True	False	mp_fuselage_10_15_balefire = new ItemCustomMissilePart().makeFuselage(FuelType.BALEFIRE, 10000F, PartSize.SIZE_10, PartSize.SIZE_15).setHealth(40F).setUnlocalizedName("mp_fuselage_10_15_balefire")
mp_fuselage_10_15_hydrogen	formal	HbmItems dynamic material/specialized registration	mp_fuselage_10_15_hydrogen	ItemCustomMissilePart	False	False	True	True	False	mp_fuselage_10_15_hydrogen = new ItemCustomMissilePart().makeFuselage(FuelType.HYDROGEN, 10000F, PartSize.SIZE_10, PartSize.SIZE_15).setHealth(40F).setUnlocalizedName("mp_fuselage_10_15_hydrogen")
mp_fuselage_10_15_kerosene	formal	HbmItems dynamic material/specialized registration	mp_fuselage_10_15_kerosene	ItemCustomMissilePart	False	False	True	True	False	mp_fuselage_10_15_kerosene = new ItemCustomMissilePart().makeFuselage(FuelType.KEROSENE, 10000F, PartSize.SIZE_10, PartSize.SIZE_15).setHealth(40F).setUnlocalizedName("mp_fuselage_10_15_kerosene")
mp_fuselage_10_15_solid	formal	HbmItems dynamic material/specialized registration	mp_fuselage_10_15_solid	ItemCustomMissilePart	False	False	True	True	False	mp_fuselage_10_15_solid = new ItemCustomMissilePart().makeFuselage(FuelType.SOLID, 10000F, PartSize.SIZE_10, PartSize.SIZE_15).setHealth(40F) .setUnlocalizedName("mp_fuselage_10_15_solid")
mp_fuselage_10_kerosene	formal	HbmItems dynamic material/specialized registration	mp_fuselage_10_kerosene	ItemCustomMissilePart	False	False	True	True	False	mp_fuselage_10_kerosene = new ItemCustomMissilePart().makeFuselage(FuelType.KEROSENE, 2500F, PartSize.SIZE_10, PartSize.SIZE_10).setAuthor("Hoboy").setHealth(20F).setUnlocalizedName("mp_fuselage_10_kerosene")
mp_fuselage_10_kerosene_camo	formal	HbmItems dynamic material/specialized registration	mp_fuselage_10_kerosene_camo	ItemCustomMissilePart	False	False	True	True	False	mp_fuselage_10_kerosene_camo = ((ItemCustomMissilePart) mp_fuselage_10_kerosene).copy().setRarity(Rarity.COMMON).setTitle("Camo").setUnlocalizedName("mp_fuselage_10_kerosene_camo")
mp_fuselage_10_kerosene_desert	formal	HbmItems dynamic material/specialized registration	mp_fuselage_10_kerosene_desert	ItemCustomMissilePart	False	False	True	True	False	mp_fuselage_10_kerosene_desert = ((ItemCustomMissilePart) mp_fuselage_10_kerosene).copy().setRarity(Rarity.COMMON).setTitle("Desert Camo").setUnlocalizedName("mp_fuselage_10_kerosene_desert")
mp_fuselage_10_kerosene_flames	formal	HbmItems dynamic material/specialized registration	mp_fuselage_10_kerosene_flames	ItemCustomMissilePart	False	False	True	True	False	mp_fuselage_10_kerosene_flames = ((ItemCustomMissilePart) mp_fuselage_10_kerosene).copy().setRarity(Rarity.UNCOMMON).setTitle("Sick Flames").setUnlocalizedName("mp_fuselage_10_kerosene_flames")
mp_fuselage_10_kerosene_insulation	formal	HbmItems dynamic material/specialized registration	mp_fuselage_10_kerosene_insulation	ItemCustomMissilePart	False	False	True	True	False	mp_fuselage_10_kerosene_insulation = ((ItemCustomMissilePart) mp_fuselage_10_kerosene).copy().setRarity(Rarity.COMMON).setTitle("Orange Insulation").setHealth(25F).setUnlocalizedName("mp_fuselage_10_kerosene_insulation")
mp_fuselage_10_kerosene_metal	formal	HbmItems dynamic material/specialized registration	mp_fuselage_10_kerosene_metal	ItemCustomMissilePart	False	False	True	True	False	mp_fuselage_10_kerosene_metal = ((ItemCustomMissilePart) mp_fuselage_10_kerosene).copy().setRarity(Rarity.UNCOMMON).setTitle("Bolted Metal").setHealth(30F).setAuthor("Hoboy").setUnlocalizedName("mp_fuselage_10_kerosene_metal")
mp_fuselage_10_kerosene_sky	formal	HbmItems dynamic material/specialized registration	mp_fuselage_10_kerosene_sky	ItemCustomMissilePart	False	False	True	True	False	mp_fuselage_10_kerosene_sky = ((ItemCustomMissilePart) mp_fuselage_10_kerosene).copy().setRarity(Rarity.COMMON).setTitle("Sky Camo").setUnlocalizedName("mp_fuselage_10_kerosene_sky")
mp_fuselage_10_kerosene_sleek	formal	HbmItems dynamic material/specialized registration	mp_fuselage_10_kerosene_sleek	ItemCustomMissilePart	False	False	True	True	False	mp_fuselage_10_kerosene_sleek = ((ItemCustomMissilePart) mp_fuselage_10_kerosene).copy().setRarity(Rarity.RARE).setTitle("IF-R&D").setHealth(35F).setUnlocalizedName("mp_fuselage_10_kerosene_sleek")
mp_fuselage_10_kerosene_taint	formal	HbmItems dynamic material/specialized registration	mp_fuselage_10_kerosene_taint	ItemCustomMissilePart	False	False	True	True	False	mp_fuselage_10_kerosene_taint = ((ItemCustomMissilePart) mp_fuselage_10_kerosene).copy().setRarity(Rarity.UNCOMMON).setAuthor("Sam").setTitle("Tainted").setUnlocalizedName("mp_fuselage_10_kerosene_taint")
mp_fuselage_10_long_kerosene	formal	HbmItems dynamic material/specialized registration	mp_fuselage_10_long_kerosene	ItemCustomMissilePart	False	False	True	True	False	mp_fuselage_10_long_kerosene = new ItemCustomMissilePart().makeFuselage(FuelType.KEROSENE, 5000F, PartSize.SIZE_10, PartSize.SIZE_10).setAuthor("Hoboy").setHealth(30F).setUnlocalizedName("mp_fuselage_10_long_kerosene")
mp_fuselage_10_long_kerosene_camo	formal	HbmItems dynamic material/specialized registration	mp_fuselage_10_long_kerosene_camo	ItemCustomMissilePart	False	False	True	True	False	mp_fuselage_10_long_kerosene_camo = ((ItemCustomMissilePart) mp_fuselage_10_long_kerosene).copy().setRarity(Rarity.COMMON).setTitle("Camo").setUnlocalizedName("mp_fuselage_10_long_kerosene_camo")
mp_fuselage_10_long_kerosene_dash	formal	HbmItems dynamic material/specialized registration	mp_fuselage_10_long_kerosene_dash	ItemCustomMissilePart	False	False	True	True	False	mp_fuselage_10_long_kerosene_dash = ((ItemCustomMissilePart) mp_fuselage_10_long_kerosene).copy().setRarity(Rarity.EPIC).setAuthor("Sam").setTitle("Dash").setWittyText("I wash my hands of it.").setCreativeTab(null).setUnlocalizedName("mp_fuselage_10_long_kerosene_dash")
mp_fuselage_10_long_kerosene_desert	formal	HbmItems dynamic material/specialized registration	mp_fuselage_10_long_kerosene_desert	ItemCustomMissilePart	False	False	True	True	False	mp_fuselage_10_long_kerosene_desert = ((ItemCustomMissilePart) mp_fuselage_10_long_kerosene).copy().setRarity(Rarity.COMMON).setTitle("Desert Camo").setUnlocalizedName("mp_fuselage_10_long_kerosene_desert")
mp_fuselage_10_long_kerosene_flames	formal	HbmItems dynamic material/specialized registration	mp_fuselage_10_long_kerosene_flames	ItemCustomMissilePart	False	False	True	True	False	mp_fuselage_10_long_kerosene_flames = ((ItemCustomMissilePart) mp_fuselage_10_long_kerosene).copy().setRarity(Rarity.UNCOMMON).setTitle("Sick Flames").setUnlocalizedName("mp_fuselage_10_long_kerosene_flames")
mp_fuselage_10_long_kerosene_insulation	formal	HbmItems dynamic material/specialized registration	mp_fuselage_10_long_kerosene_insulation	ItemCustomMissilePart	False	False	True	True	False	mp_fuselage_10_long_kerosene_insulation = ((ItemCustomMissilePart) mp_fuselage_10_long_kerosene).copy().setRarity(Rarity.COMMON).setTitle("Orange Insulation").setHealth(35F).setUnlocalizedName("mp_fuselage_10_long_kerosene_insulation")
mp_fuselage_10_long_kerosene_metal	formal	HbmItems dynamic material/specialized registration	mp_fuselage_10_long_kerosene_metal	ItemCustomMissilePart	False	False	True	True	False	mp_fuselage_10_long_kerosene_metal = ((ItemCustomMissilePart) mp_fuselage_10_long_kerosene).copy().setRarity(Rarity.UNCOMMON).setAuthor("Hoboy").setHealth(35F).setUnlocalizedName("mp_fuselage_10_long_kerosene_metal")
mp_fuselage_10_long_kerosene_sky	formal	HbmItems dynamic material/specialized registration	mp_fuselage_10_long_kerosene_sky	ItemCustomMissilePart	False	False	True	True	False	mp_fuselage_10_long_kerosene_sky = ((ItemCustomMissilePart) mp_fuselage_10_long_kerosene).copy().setRarity(Rarity.COMMON).setTitle("Sky Camo").setUnlocalizedName("mp_fuselage_10_long_kerosene_sky")
mp_fuselage_10_long_kerosene_sleek	formal	HbmItems dynamic material/specialized registration	mp_fuselage_10_long_kerosene_sleek	ItemCustomMissilePart	False	False	True	True	False	mp_fuselage_10_long_kerosene_sleek = ((ItemCustomMissilePart) mp_fuselage_10_long_kerosene).copy().setRarity(Rarity.RARE).setTitle("IF-R&D").setHealth(40F).setUnlocalizedName("mp_fuselage_10_long_kerosene_sleek")
mp_fuselage_10_long_kerosene_taint	formal	HbmItems dynamic material/specialized registration	mp_fuselage_10_long_kerosene_taint	ItemCustomMissilePart	False	False	True	True	False	mp_fuselage_10_long_kerosene_taint = ((ItemCustomMissilePart) mp_fuselage_10_long_kerosene).copy().setRarity(Rarity.UNCOMMON).setAuthor("Sam").setTitle("Tainted").setUnlocalizedName("mp_fuselage_10_long_kerosene_taint")
mp_fuselage_10_long_kerosene_vap	formal	HbmItems dynamic material/specialized registration	mp_fuselage_10_long_kerosene_vap	ItemCustomMissilePart	False	False	True	True	False	mp_fuselage_10_long_kerosene_vap = ((ItemCustomMissilePart) mp_fuselage_10_long_kerosene).copy().setRarity(Rarity.EPIC).setAuthor("VT-6/24").setTitle("Minty Contrail").setWittyText("Upper rivet!").setUnlocalizedName("mp_fuselage_10_long_kerosene_vap")
mp_fuselage_10_long_solid	formal	HbmItems dynamic material/specialized registration	mp_fuselage_10_long_solid	ItemCustomMissilePart	False	False	True	True	False	mp_fuselage_10_long_solid = new ItemCustomMissilePart().makeFuselage(FuelType.SOLID, 5000F, PartSize.SIZE_10, PartSize.SIZE_10).setHealth(35F) .setUnlocalizedName("mp_fuselage_10_long_solid")
mp_fuselage_10_long_solid_bullet	formal	HbmItems dynamic material/specialized registration	mp_fuselage_10_long_solid_bullet	ItemCustomMissilePart	False	False	True	True	False	mp_fuselage_10_long_solid_bullet = ((ItemCustomMissilePart) mp_fuselage_10_long_solid).copy().setRarity(Rarity.COMMON).setAuthor("Sam").setTitle("Bullet Bill").setUnlocalizedName("mp_fuselage_10_long_solid_bullet")
mp_fuselage_10_long_solid_flames	formal	HbmItems dynamic material/specialized registration	mp_fuselage_10_long_solid_flames	ItemCustomMissilePart	False	False	True	True	False	mp_fuselage_10_long_solid_flames = ((ItemCustomMissilePart) mp_fuselage_10_long_solid).copy().setRarity(Rarity.UNCOMMON).setTitle("Sick Flames").setUnlocalizedName("mp_fuselage_10_long_solid_flames")
mp_fuselage_10_long_solid_insulation	formal	HbmItems dynamic material/specialized registration	mp_fuselage_10_long_solid_insulation	ItemCustomMissilePart	False	False	True	True	False	mp_fuselage_10_long_solid_insulation = ((ItemCustomMissilePart) mp_fuselage_10_long_solid).copy().setRarity(Rarity.COMMON).setTitle("Orange Insulation").setHealth(40F).setUnlocalizedName("mp_fuselage_10_long_solid_insulation")
mp_fuselage_10_long_solid_silvermoonlight	formal	HbmItems dynamic material/specialized registration	mp_fuselage_10_long_solid_silvermoonlight	ItemCustomMissilePart	False	False	True	True	False	mp_fuselage_10_long_solid_silvermoonlight = ((ItemCustomMissilePart) mp_fuselage_10_long_solid).copy().setRarity(Rarity.UNCOMMON).setAuthor("The Master").setTitle("Silver Moonlight").setUnlocalizedName("mp_fuselage_10_long_solid_silvermoonlight")
mp_fuselage_10_long_solid_sleek	formal	HbmItems dynamic material/specialized registration	mp_fuselage_10_long_solid_sleek	ItemCustomMissilePart	False	False	True	True	False	mp_fuselage_10_long_solid_sleek = ((ItemCustomMissilePart) mp_fuselage_10_long_solid).copy().setRarity(Rarity.RARE).setTitle("IF-R&D").setHealth(45F).setUnlocalizedName("mp_fuselage_10_long_solid_sleek")
mp_fuselage_10_long_solid_soviet_glory	formal	HbmItems dynamic material/specialized registration	mp_fuselage_10_long_solid_soviet_glory	ItemCustomMissilePart	False	False	True	True	False	mp_fuselage_10_long_solid_soviet_glory = ((ItemCustomMissilePart) mp_fuselage_10_long_solid).copy().setRarity(Rarity.EPIC).setAuthor("Hoboy").setHealth(45F).setTitle("Soviet Glory").setWittyText("Fully Automated Luxury Gay Space Communism!").setUnlocalizedName("mp_fuselage_10_long_solid_soviet_glory")
mp_fuselage_10_solid	formal	HbmItems dynamic material/specialized registration	mp_fuselage_10_solid	ItemCustomMissilePart	False	False	True	True	False	mp_fuselage_10_solid = new ItemCustomMissilePart().makeFuselage(FuelType.SOLID, 2500F, PartSize.SIZE_10, PartSize.SIZE_10).setHealth(25F) .setUnlocalizedName("mp_fuselage_10_solid")
mp_fuselage_10_solid_battery	formal	HbmItems dynamic material/specialized registration	mp_fuselage_10_solid_battery	ItemCustomMissilePart	False	False	True	True	False	mp_fuselage_10_solid_battery = ((ItemCustomMissilePart) mp_fuselage_10_solid).copy().setRarity(Rarity.UNCOMMON).setAuthor("wolfmonster222").setHealth(30F).setTitle("Ecstatic").setWittyText("I got caught eating batteries again :(").setUnlocalizedName("mp_fuselage_10_solid_battery")
mp_fuselage_10_solid_cathedral	formal	HbmItems dynamic material/specialized registration	mp_fuselage_10_solid_cathedral	ItemCustomMissilePart	False	False	True	True	False	mp_fuselage_10_solid_cathedral = ((ItemCustomMissilePart) mp_fuselage_10_solid).copy().setRarity(Rarity.RARE).setAuthor("Satan").setTitle("Unholy Cathedral").setWittyText("Quakeesque!").setUnlocalizedName("mp_fuselage_10_solid_cathedral")
mp_fuselage_10_solid_duracell	formal	HbmItems dynamic material/specialized registration	mp_fuselage_10_solid_duracell	ItemCustomMissilePart	False	False	True	True	False	mp_fuselage_10_solid_duracell = ((ItemCustomMissilePart) mp_fuselage_10_solid).copy().setRarity(Rarity.RARE).setAuthor("Hoboy").setTitle("Duracell").setHealth(30F).setWittyText("The crunchiest battery on the market!").setUnlocalizedName("mp_fuselage_10_solid_duracell")
mp_fuselage_10_solid_flames	formal	HbmItems dynamic material/specialized registration	mp_fuselage_10_solid_flames	ItemCustomMissilePart	False	False	True	True	False	mp_fuselage_10_solid_flames = ((ItemCustomMissilePart) mp_fuselage_10_solid).copy().setRarity(Rarity.UNCOMMON).setTitle("Sick Flames").setUnlocalizedName("mp_fuselage_10_solid_flames")
mp_fuselage_10_solid_insulation	formal	HbmItems dynamic material/specialized registration	mp_fuselage_10_solid_insulation	ItemCustomMissilePart	False	False	True	True	False	mp_fuselage_10_solid_insulation = ((ItemCustomMissilePart) mp_fuselage_10_solid).copy().setRarity(Rarity.COMMON).setTitle("Orange Insulation").setHealth(30F).setUnlocalizedName("mp_fuselage_10_solid_insulation")
mp_fuselage_10_solid_moonlit	formal	HbmItems dynamic material/specialized registration	mp_fuselage_10_solid_moonlit	ItemCustomMissilePart	False	False	True	True	False	mp_fuselage_10_solid_moonlit = ((ItemCustomMissilePart) mp_fuselage_10_solid).copy().setRarity(Rarity.UNCOMMON).setAuthor("The Master & Hoboy").setTitle("Moonlit").setUnlocalizedName("mp_fuselage_10_solid_moonlit")
mp_fuselage_10_solid_sleek	formal	HbmItems dynamic material/specialized registration	mp_fuselage_10_solid_sleek	ItemCustomMissilePart	False	False	True	True	False	mp_fuselage_10_solid_sleek = ((ItemCustomMissilePart) mp_fuselage_10_solid).copy().setRarity(Rarity.RARE).setTitle("IF-R&D").setHealth(35F).setUnlocalizedName("mp_fuselage_10_solid_sleek")
mp_fuselage_10_solid_soviet_glory	formal	HbmItems dynamic material/specialized registration	mp_fuselage_10_solid_soviet_glory	ItemCustomMissilePart	False	False	True	True	False	mp_fuselage_10_solid_soviet_glory = ((ItemCustomMissilePart) mp_fuselage_10_solid).copy().setRarity(Rarity.EPIC).setAuthor("Hoboy").setHealth(35F).setTitle("Soviet Glory").setUnlocalizedName("mp_fuselage_10_solid_soviet_glory")
mp_fuselage_10_xenon	formal	HbmItems dynamic material/specialized registration	mp_fuselage_10_xenon	ItemCustomMissilePart	False	False	True	True	False	mp_fuselage_10_xenon = new ItemCustomMissilePart().makeFuselage(FuelType.XENON, 5000F, PartSize.SIZE_10, PartSize.SIZE_10).setHealth(20F) .setUnlocalizedName("mp_fuselage_10_xenon")
mp_fuselage_10_xenon_bhole	formal	HbmItems dynamic material/specialized registration	mp_fuselage_10_xenon_bhole	ItemCustomMissilePart	False	False	True	True	False	mp_fuselage_10_xenon_bhole = ((ItemCustomMissilePart) mp_fuselage_10_xenon).copy().setRarity(Rarity.RARE).setAuthor("Sten89").setTitle("Morceus-1457").setUnlocalizedName("mp_fuselage_10_xenon_bhole")
mp_fuselage_15_20_kerosene	formal	HbmItems dynamic material/specialized registration	mp_fuselage_15_20_kerosene	ItemCustomMissilePart	False	False	True	True	False	mp_fuselage_15_20_kerosene = new ItemCustomMissilePart().makeFuselage(FuelType.KEROSENE, 20000, PartSize.SIZE_15, PartSize.SIZE_20).setAuthor("Hoboy").setHealth(70F).setUnlocalizedName("mp_fuselage_15_20_kerosene").setMaxStackSize(1).setCreativeTab(MainRegistry.missileTab).setTextureName(RefStrings.MODID + ":mp_fuselage")
mp_fuselage_15_20_kerosene_magnusson	formal	HbmItems dynamic material/specialized registration	mp_fuselage_15_20_kerosene_magnusson	ItemCustomMissilePart	False	False	True	True	False	mp_fuselage_15_20_kerosene_magnusson = ((ItemCustomMissilePart)mp_fuselage_15_20_kerosene).copy().setRarity(Rarity.RARE).setAuthor("VT-6/24").setTitle("White Forest Rocket").setWittyText("And get your cranio-conjugal parasite away from my nose cone!").setUnlocalizedName("mp_fuselage_15_20_kerosene_magnusson")
mp_fuselage_15_20_solid	formal	HbmItems dynamic material/specialized registration	mp_fuselage_15_20_solid	ItemCustomMissilePart	False	False	True	True	False	mp_fuselage_15_20_solid = new ItemCustomMissilePart().makeFuselage(FuelType.SOLID, 20000, PartSize.SIZE_15, PartSize.SIZE_20).setHealth(70F).setUnlocalizedName("mp_fuselage_15_20_solid").setMaxStackSize(1).setCreativeTab(MainRegistry.missileTab).setTextureName(RefStrings.MODID + ":mp_fuselage")
mp_fuselage_15_balefire	formal	HbmItems dynamic material/specialized registration	mp_fuselage_15_balefire	ItemCustomMissilePart	False	False	True	True	False	mp_fuselage_15_balefire = new ItemCustomMissilePart().makeFuselage(FuelType.BALEFIRE, 15000F, PartSize.SIZE_15, PartSize.SIZE_15).setHealth(75F) .setUnlocalizedName("mp_fuselage_15_balefire").setMaxStackSize(1).setCreativeTab(MainRegistry.missileTab).setTextureName(RefStrings.MODID + ":mp_fuselage")
mp_fuselage_15_hydrogen	formal	HbmItems dynamic material/specialized registration	mp_fuselage_15_hydrogen	ItemCustomMissilePart	False	False	True	True	False	mp_fuselage_15_hydrogen = new ItemCustomMissilePart().makeFuselage(FuelType.HYDROGEN, 15000F, PartSize.SIZE_15, PartSize.SIZE_15).setHealth(50F) .setUnlocalizedName("mp_fuselage_15_hydrogen").setMaxStackSize(1).setCreativeTab(MainRegistry.missileTab).setTextureName(RefStrings.MODID + ":mp_fuselage")
mp_fuselage_15_hydrogen_cathedral	formal	HbmItems dynamic material/specialized registration	mp_fuselage_15_hydrogen_cathedral	ItemCustomMissilePart	False	False	True	True	False	mp_fuselage_15_hydrogen_cathedral = ((ItemCustomMissilePart) mp_fuselage_15_hydrogen).copy().setRarity(Rarity.UNCOMMON).setAuthor("Satan").setTitle("Unholy Cathedral").setUnlocalizedName("mp_fuselage_15_hydrogen_cathedral")
mp_fuselage_15_kerosene	formal	HbmItems dynamic material/specialized registration	mp_fuselage_15_kerosene	ItemCustomMissilePart	False	False	True	True	False	mp_fuselage_15_kerosene = new ItemCustomMissilePart().makeFuselage(FuelType.KEROSENE, 15000F, PartSize.SIZE_15, PartSize.SIZE_15).setAuthor("Hoboy").setHealth(50F).setUnlocalizedName("mp_fuselage_15_kerosene")
mp_fuselage_15_kerosene_blackjack	formal	HbmItems dynamic material/specialized registration	mp_fuselage_15_kerosene_blackjack	ItemCustomMissilePart	False	False	True	True	False	mp_fuselage_15_kerosene_blackjack = ((ItemCustomMissilePart) mp_fuselage_15_kerosene).copy().setRarity(Rarity.LEGENDARY).setTitle("Queen Whiskey").setHealth(100F).setUnlocalizedName("mp_fuselage_15_kerosene_blackjack")
mp_fuselage_15_kerosene_camo	formal	HbmItems dynamic material/specialized registration	mp_fuselage_15_kerosene_camo	ItemCustomMissilePart	False	False	True	True	False	mp_fuselage_15_kerosene_camo = ((ItemCustomMissilePart) mp_fuselage_15_kerosene).copy().setRarity(Rarity.COMMON).setTitle("Camo").setUnlocalizedName("mp_fuselage_15_kerosene_camo")
mp_fuselage_15_kerosene_decorated	formal	HbmItems dynamic material/specialized registration	mp_fuselage_15_kerosene_decorated	ItemCustomMissilePart	False	False	True	True	False	mp_fuselage_15_kerosene_decorated = ((ItemCustomMissilePart) mp_fuselage_15_kerosene).copy().setRarity(Rarity.UNCOMMON).setAuthor("Hoboy").setTitle("Decorated").setHealth(60F).setUnlocalizedName("mp_fuselage_15_kerosene_decorated")
mp_fuselage_15_kerosene_desert	formal	HbmItems dynamic material/specialized registration	mp_fuselage_15_kerosene_desert	ItemCustomMissilePart	False	False	True	True	False	mp_fuselage_15_kerosene_desert = ((ItemCustomMissilePart) mp_fuselage_15_kerosene).copy().setRarity(Rarity.COMMON).setTitle("Desert Camo").setUnlocalizedName("mp_fuselage_15_kerosene_desert")
mp_fuselage_15_kerosene_insulation	formal	HbmItems dynamic material/specialized registration	mp_fuselage_15_kerosene_insulation	ItemCustomMissilePart	False	False	True	True	False	mp_fuselage_15_kerosene_insulation = ((ItemCustomMissilePart) mp_fuselage_15_kerosene).copy().setRarity(Rarity.COMMON).setTitle("Orange Insulation").setHealth(55F).setWittyText("Rest in spaghetti Columbia :(").setUnlocalizedName("mp_fuselage_15_kerosene_insulation")
mp_fuselage_15_kerosene_lambda	formal	HbmItems dynamic material/specialized registration	mp_fuselage_15_kerosene_lambda	ItemCustomMissilePart	False	False	True	True	False	mp_fuselage_15_kerosene_lambda = ((ItemCustomMissilePart) mp_fuselage_15_kerosene).copy().setRarity(Rarity.RARE).setAuthor("VT-6/24").setTitle("Lambda Complex").setHealth(75F).setWittyText("MAGNIFICENT MICROWAVE CASSEROLE").setUnlocalizedName("mp_fuselage_15_kerosene_lambda")
mp_fuselage_15_kerosene_metal	formal	HbmItems dynamic material/specialized registration	mp_fuselage_15_kerosene_metal	ItemCustomMissilePart	False	False	True	True	False	mp_fuselage_15_kerosene_metal = ((ItemCustomMissilePart) mp_fuselage_15_kerosene).copy().setRarity(Rarity.UNCOMMON).setAuthor("Hoboy").setTitle("Bolted Metal").setHealth(60F).setWittyText("Metal frame with metal plating reinforced with bolted metal sheets and metal.").setUnlocalizedName("mp_fuselage_15_kerosene_metal")
mp_fuselage_15_kerosene_minuteman	formal	HbmItems dynamic material/specialized registration	mp_fuselage_15_kerosene_minuteman	ItemCustomMissilePart	False	False	True	True	False	mp_fuselage_15_kerosene_minuteman = ((ItemCustomMissilePart) mp_fuselage_15_kerosene).copy().setRarity(Rarity.UNCOMMON).setAuthor("Spexta").setTitle("MX 1702").setUnlocalizedName("mp_fuselage_15_kerosene_minuteman")
mp_fuselage_15_kerosene_pip	formal	HbmItems dynamic material/specialized registration	mp_fuselage_15_kerosene_pip	ItemCustomMissilePart	False	False	True	True	False	mp_fuselage_15_kerosene_pip = ((ItemCustomMissilePart) mp_fuselage_15_kerosene).copy().setRarity(Rarity.EPIC).setAuthor("The Doctor").setTitle("LittlePip").setWittyText("31!").setCreativeTab(null).setUnlocalizedName("mp_fuselage_15_kerosene_pip")
mp_fuselage_15_kerosene_polite	formal	HbmItems dynamic material/specialized registration	mp_fuselage_15_kerosene_polite	ItemCustomMissilePart	False	False	True	True	False	mp_fuselage_15_kerosene_polite = ((ItemCustomMissilePart) mp_fuselage_15_kerosene).copy().setRarity(Rarity.LEGENDARY).setAuthor("Hoboy").setTitle("Polite").setHealth(60F).setUnlocalizedName("mp_fuselage_15_kerosene_polite")
mp_fuselage_15_kerosene_sky	formal	HbmItems dynamic material/specialized registration	mp_fuselage_15_kerosene_sky	ItemCustomMissilePart	False	False	True	True	False	mp_fuselage_15_kerosene_sky = ((ItemCustomMissilePart) mp_fuselage_15_kerosene).copy().setRarity(Rarity.COMMON).setTitle("Sky Camo").setUnlocalizedName("mp_fuselage_15_kerosene_sky")
mp_fuselage_15_kerosene_steampunk	formal	HbmItems dynamic material/specialized registration	mp_fuselage_15_kerosene_steampunk	ItemCustomMissilePart	False	False	True	True	False	mp_fuselage_15_kerosene_steampunk = ((ItemCustomMissilePart) mp_fuselage_15_kerosene).copy().setRarity(Rarity.RARE).setAuthor("Hoboy").setTitle("Steampunk").setHealth(60F).setUnlocalizedName("mp_fuselage_15_kerosene_steampunk")
mp_fuselage_15_kerosene_taint	formal	HbmItems dynamic material/specialized registration	mp_fuselage_15_kerosene_taint	ItemCustomMissilePart	False	False	True	True	False	mp_fuselage_15_kerosene_taint = ((ItemCustomMissilePart) mp_fuselage_15_kerosene).copy().setRarity(Rarity.UNCOMMON).setAuthor("Sam").setTitle("Tainted").setWittyText("DUN-DUN!").setUnlocalizedName("mp_fuselage_15_kerosene_taint")
mp_fuselage_15_kerosene_yuck	formal	HbmItems dynamic material/specialized registration	mp_fuselage_15_kerosene_yuck	ItemCustomMissilePart	False	False	True	True	False	mp_fuselage_15_kerosene_yuck = ((ItemCustomMissilePart) mp_fuselage_15_kerosene).copy().setRarity(Rarity.EPIC).setAuthor("Hoboy").setTitle("Flesh").setWittyText("Note: Never clean DNA vials with your own spit.").setHealth(60F).setUnlocalizedName("mp_fuselage_15_kerosene_yuck")
mp_fuselage_15_solid	formal	HbmItems dynamic material/specialized registration	mp_fuselage_15_solid	ItemCustomMissilePart	False	False	True	True	False	mp_fuselage_15_solid = new ItemCustomMissilePart().makeFuselage(FuelType.SOLID, 15000F, PartSize.SIZE_15, PartSize.SIZE_15).setHealth(60F) .setUnlocalizedName("mp_fuselage_15_solid").setMaxStackSize(1).setCreativeTab(MainRegistry.missileTab).setTextureName(RefStrings.MODID + ":mp_fuselage")
mp_fuselage_15_solid_desh	formal	HbmItems dynamic material/specialized registration	mp_fuselage_15_solid_desh	ItemCustomMissilePart	False	False	True	True	False	mp_fuselage_15_solid_desh = ((ItemCustomMissilePart) mp_fuselage_15_solid).copy().setRarity(Rarity.RARE).setAuthor("Hoboy").setTitle("Desh Plating").setHealth(80F).setUnlocalizedName("mp_fuselage_15_solid_desh")
mp_fuselage_15_solid_faust	formal	HbmItems dynamic material/specialized registration	mp_fuselage_15_solid_faust	ItemCustomMissilePart	False	False	True	True	False	mp_fuselage_15_solid_faust = ((ItemCustomMissilePart) mp_fuselage_15_solid).copy().setRarity(Rarity.LEGENDARY).setAuthor("Dr.Nostalgia").setTitle("Mighty Lauren").setHealth(250F).setWittyText("Welcome to Subway, may I take your order?").setUnlocalizedName("mp_fuselage_15_solid_faust")
mp_fuselage_15_solid_insulation	formal	HbmItems dynamic material/specialized registration	mp_fuselage_15_solid_insulation	ItemCustomMissilePart	False	False	True	True	False	mp_fuselage_15_solid_insulation = ((ItemCustomMissilePart) mp_fuselage_15_solid).copy().setRarity(Rarity.COMMON).setTitle("Orange Insulation").setHealth(65F).setUnlocalizedName("mp_fuselage_15_solid_insulation")
mp_fuselage_15_solid_mimi	formal	HbmItems dynamic material/specialized registration	mp_fuselage_15_solid_mimi	ItemCustomMissilePart	False	False	True	True	False	mp_fuselage_15_solid_mimi = ((ItemCustomMissilePart) mp_fuselage_15_solid).copy().setRarity(Rarity.RARE).setTitle("Mimi-chan").setUnlocalizedName("mp_fuselage_15_solid_mimi")
mp_fuselage_15_solid_panorama	formal	HbmItems dynamic material/specialized registration	mp_fuselage_15_solid_panorama	ItemCustomMissilePart	False	False	True	True	False	mp_fuselage_15_solid_panorama = ((ItemCustomMissilePart) mp_fuselage_15_solid).copy().setRarity(Rarity.RARE).setAuthor("Hoboy").setTitle("Panorama").setUnlocalizedName("mp_fuselage_15_solid_panorama")
mp_fuselage_15_solid_roses	formal	HbmItems dynamic material/specialized registration	mp_fuselage_15_solid_roses	ItemCustomMissilePart	False	False	True	True	False	mp_fuselage_15_solid_roses = ((ItemCustomMissilePart) mp_fuselage_15_solid).copy().setRarity(Rarity.UNCOMMON).setAuthor("Hoboy").setTitle("Bed of roses").setUnlocalizedName("mp_fuselage_15_solid_roses")
mp_fuselage_15_solid_silvermoonlight	formal	HbmItems dynamic material/specialized registration	mp_fuselage_15_solid_silvermoonlight	ItemCustomMissilePart	False	False	True	True	False	mp_fuselage_15_solid_silvermoonlight = ((ItemCustomMissilePart) mp_fuselage_15_solid).copy().setRarity(Rarity.UNCOMMON).setAuthor("The Master").setTitle("Silver Moonlight").setUnlocalizedName("mp_fuselage_15_solid_silvermoonlight")
mp_fuselage_15_solid_snowy	formal	HbmItems dynamic material/specialized registration	mp_fuselage_15_solid_snowy	ItemCustomMissilePart	False	False	True	True	False	mp_fuselage_15_solid_snowy = ((ItemCustomMissilePart) mp_fuselage_15_solid).copy().setRarity(Rarity.UNCOMMON).setAuthor("Dr.Nostalgia").setTitle("Chilly Day").setUnlocalizedName("mp_fuselage_15_solid_snowy")
mp_fuselage_15_solid_soviet_glory	formal	HbmItems dynamic material/specialized registration	mp_fuselage_15_solid_soviet_glory	ItemCustomMissilePart	False	False	True	True	False	mp_fuselage_15_solid_soviet_glory = ((ItemCustomMissilePart) mp_fuselage_15_solid).copy().setRarity(Rarity.RARE).setAuthor("Hoboy").setTitle("Soviet Glory").setHealth(70F).setUnlocalizedName("mp_fuselage_15_solid_soviet_glory")
mp_fuselage_15_solid_soviet_stank	formal	HbmItems dynamic material/specialized registration	mp_fuselage_15_solid_soviet_stank	ItemCustomMissilePart	False	False	True	True	False	mp_fuselage_15_solid_soviet_stank = ((ItemCustomMissilePart) mp_fuselage_15_solid).copy().setRarity(Rarity.EPIC).setAuthor("Hoboy").setTitle("Soviet Stank").setHealth(15F).setWittyText("Aged like a fine wine! Well, almost.").setUnlocalizedName("mp_fuselage_15_solid_soviet_stank")
mp_s_20	formal	HbmItems dynamic material/specialized registration	mp_stability_20_flat	ItemCustomMissilePart	False	False	False	False	False	mp_stability_20_flat = new ItemCustomMissilePart().makeStability(0.5F, PartSize.SIZE_20) .setUnlocalizedName("mp_s_20")
mp_stability_10_cruise	formal	HbmItems dynamic material/specialized registration	mp_stability_10_cruise	ItemCustomMissilePart	False	False	True	True	False	mp_stability_10_cruise = new ItemCustomMissilePart().makeStability(0.25F, PartSize.SIZE_10).setHealth(5F) .setUnlocalizedName("mp_stability_10_cruise")
mp_stability_10_flat	formal	HbmItems dynamic material/specialized registration	mp_stability_10_flat	ItemCustomMissilePart	False	False	True	True	False	mp_stability_10_flat = new ItemCustomMissilePart().makeStability(0.5F, PartSize.SIZE_10).setHealth(10F) .setUnlocalizedName("mp_stability_10_flat")
mp_stability_10_space	formal	HbmItems dynamic material/specialized registration	mp_stability_10_space	ItemCustomMissilePart	False	False	True	True	False	mp_stability_10_space = new ItemCustomMissilePart().makeStability(0.35F, PartSize.SIZE_10).setHealth(5F).setRarity(Rarity.COMMON).setWittyText("Standing there alone, the ship is waiting / All systems are go, are you sure?") .setUnlocalizedName("mp_stability_10_space")
mp_stability_15_flat	formal	HbmItems dynamic material/specialized registration	mp_stability_15_flat	ItemCustomMissilePart	False	False	True	True	False	mp_stability_15_flat = new ItemCustomMissilePart().makeStability(0.5F, PartSize.SIZE_15).setHealth(10F) .setUnlocalizedName("mp_stability_15_flat")
mp_stability_15_soyuz	formal	HbmItems dynamic material/specialized registration	mp_stability_15_soyuz	ItemCustomMissilePart	False	False	True	True	False	mp_stability_15_soyuz = new ItemCustomMissilePart().makeStability(0.25F, PartSize.SIZE_15).setHealth(15F).setRarity(Rarity.COMMON).setWittyText("小芯褞蟹!").setUnlocalizedName("mp_stability_15_soyuz")
mp_stability_15_thin	formal	HbmItems dynamic material/specialized registration	mp_stability_15_thin	ItemCustomMissilePart	False	False	True	True	False	mp_stability_15_thin = new ItemCustomMissilePart().makeStability(0.35F, PartSize.SIZE_15).setHealth(5F) .setUnlocalizedName("mp_stability_15_thin")
mp_thruster_10_kerosene	formal	HbmItems dynamic material/specialized registration	mp_thruster_10_kerosene	ItemCustomMissilePart	False	False	True	True	False	mp_thruster_10_kerosene = new ItemCustomMissilePart().makeThruster(FuelType.KEROSENE, 1F, 1.5F, PartSize.SIZE_10).setHealth(10F) .setUnlocalizedName("mp_thruster_10_kerosene")
mp_thruster_10_solid	formal	HbmItems dynamic material/specialized registration	mp_thruster_10_solid	ItemCustomMissilePart	False	False	True	True	False	mp_thruster_10_solid = new ItemCustomMissilePart().makeThruster(FuelType.SOLID, 1F, 1.5F, PartSize.SIZE_10).setHealth(15F) .setUnlocalizedName("mp_thruster_10_solid")
mp_thruster_10_xenon	formal	HbmItems dynamic material/specialized registration	mp_thruster_10_xenon	ItemCustomMissilePart	False	False	True	True	False	mp_thruster_10_xenon = new ItemCustomMissilePart().makeThruster(FuelType.XENON, 1F, 1.5F, PartSize.SIZE_10).setHealth(5F) .setUnlocalizedName("mp_thruster_10_xenon")
mp_thruster_15_balefire	formal	HbmItems dynamic material/specialized registration	mp_thruster_15_balefire	ItemCustomMissilePart	False	False	True	True	False	mp_thruster_15_balefire = new ItemCustomMissilePart().makeThruster(FuelType.BALEFIRE, 1F, 5F, PartSize.SIZE_15).setHealth(25F) .setUnlocalizedName("mp_thruster_15_balefire")
mp_thruster_15_balefire_large	formal	HbmItems dynamic material/specialized registration	mp_thruster_15_balefire_large	ItemCustomMissilePart	False	False	True	True	False	mp_thruster_15_balefire_large = new ItemCustomMissilePart().makeThruster(FuelType.BALEFIRE, 1F, 7.5F, PartSize.SIZE_15).setHealth(35F) .setUnlocalizedName("mp_thruster_15_balefire_large")
mp_thruster_15_balefire_large_rad	formal	HbmItems dynamic material/specialized registration	mp_thruster_15_balefire_large_rad	ItemCustomMissilePart	False	False	True	True	False	mp_thruster_15_balefire_large_rad = new ItemCustomMissilePart().makeThruster(FuelType.BALEFIRE, 1F, 7.5F, PartSize.SIZE_15).setAuthor("The Master").setHealth(35F).setRarity(Rarity.UNCOMMON).setUnlocalizedName("mp_thruster_15_balefire_large_rad")
mp_thruster_15_balefire_short	formal	HbmItems dynamic material/specialized registration	mp_thruster_15_balefire_short	ItemCustomMissilePart	False	False	True	True	False	mp_thruster_15_balefire_short = new ItemCustomMissilePart().makeThruster(FuelType.BALEFIRE, 1F, 5F, PartSize.SIZE_15).setHealth(25F) .setUnlocalizedName("mp_thruster_15_balefire_short")
mp_thruster_15_hydrogen	formal	HbmItems dynamic material/specialized registration	mp_thruster_15_hydrogen	ItemCustomMissilePart	False	False	True	True	False	mp_thruster_15_hydrogen = new ItemCustomMissilePart().makeThruster(FuelType.HYDROGEN, 1F, 7.5F, PartSize.SIZE_15).setHealth(20F) .setUnlocalizedName("mp_thruster_15_hydrogen")
mp_thruster_15_hydrogen_dual	formal	HbmItems dynamic material/specialized registration	mp_thruster_15_hydrogen_dual	ItemCustomMissilePart	False	False	True	True	False	mp_thruster_15_hydrogen_dual = new ItemCustomMissilePart().makeThruster(FuelType.HYDROGEN, 1F, 2.5F, PartSize.SIZE_15).setHealth(15F) .setUnlocalizedName("mp_thruster_15_hydrogen_dual")
mp_thruster_15_kerosene	formal	HbmItems dynamic material/specialized registration	mp_thruster_15_kerosene	ItemCustomMissilePart	False	False	True	True	False	mp_thruster_15_kerosene = new ItemCustomMissilePart().makeThruster(FuelType.KEROSENE, 1F, 7.5F, PartSize.SIZE_15).setHealth(15F) .setUnlocalizedName("mp_thruster_15_kerosene")
mp_thruster_15_kerosene_dual	formal	HbmItems dynamic material/specialized registration	mp_thruster_15_kerosene_dual	ItemCustomMissilePart	False	False	True	True	False	mp_thruster_15_kerosene_dual = new ItemCustomMissilePart().makeThruster(FuelType.KEROSENE, 1F, 2.5F, PartSize.SIZE_15).setHealth(15F) .setUnlocalizedName("mp_thruster_15_kerosene_dual")
mp_thruster_15_kerosene_triple	formal	HbmItems dynamic material/specialized registration	mp_thruster_15_kerosene_triple	ItemCustomMissilePart	False	False	True	True	False	mp_thruster_15_kerosene_triple = new ItemCustomMissilePart().makeThruster(FuelType.KEROSENE, 1F, 5F, PartSize.SIZE_15).setHealth(15F) .setUnlocalizedName("mp_thruster_15_kerosene_triple")
mp_thruster_15_solid	formal	HbmItems dynamic material/specialized registration	mp_thruster_15_solid	ItemCustomMissilePart	False	False	True	True	False	mp_thruster_15_solid = new ItemCustomMissilePart().makeThruster(FuelType.SOLID, 1F, 5F, PartSize.SIZE_15).setHealth(20F) .setUnlocalizedName("mp_thruster_15_solid")
mp_thruster_15_solid_hexdecuple	formal	HbmItems dynamic material/specialized registration	mp_thruster_15_solid_hexdecuple	ItemCustomMissilePart	False	False	True	True	False	mp_thruster_15_solid_hexdecuple = new ItemCustomMissilePart().makeThruster(FuelType.SOLID, 1F, 5F, PartSize.SIZE_15).setHealth(25F).setRarity(Rarity.UNCOMMON).setUnlocalizedName("mp_thruster_15_solid_hexdecuple")
mp_thruster_20_kerosene	formal	HbmItems dynamic material/specialized registration	mp_thruster_20_kerosene	ItemCustomMissilePart	False	False	True	True	False	mp_thruster_20_kerosene = new ItemCustomMissilePart().makeThruster(FuelType.KEROSENE, 1F, 100F, PartSize.SIZE_20).setHealth(30F) .setUnlocalizedName("mp_thruster_20_kerosene")
mp_thruster_20_kerosene_dual	formal	HbmItems dynamic material/specialized registration	mp_thruster_20_kerosene_dual	ItemCustomMissilePart	False	False	True	True	False	mp_thruster_20_kerosene_dual = new ItemCustomMissilePart().makeThruster(FuelType.KEROSENE, 1F, 100F, PartSize.SIZE_20).setHealth(30F) .setUnlocalizedName("mp_thruster_20_kerosene_dual")
mp_thruster_20_kerosene_triple	formal	HbmItems dynamic material/specialized registration	mp_thruster_20_kerosene_triple	ItemCustomMissilePart	False	False	True	True	False	mp_thruster_20_kerosene_triple = new ItemCustomMissilePart().makeThruster(FuelType.KEROSENE, 1F, 100F, PartSize.SIZE_20).setHealth(30F) .setUnlocalizedName("mp_thruster_20_kerosene_triple")
mp_thruster_20_solid	formal	HbmItems dynamic material/specialized registration	mp_thruster_20_solid	ItemCustomMissilePart	False	False	True	True	False	mp_thruster_20_solid = new ItemCustomMissilePart().makeThruster(FuelType.SOLID, 1F, 100F, PartSize.SIZE_20).setHealth(35F).setWittyText("It's basically just a big hole at the end of the fuel tank.").setUnlocalizedName("mp_thruster_20_solid")
mp_thruster_20_solid_multi	formal	HbmItems dynamic material/specialized registration	mp_thruster_20_solid_multi	ItemCustomMissilePart	False	False	True	True	False	mp_thruster_20_solid_multi = new ItemCustomMissilePart().makeThruster(FuelType.SOLID, 1F, 100F, PartSize.SIZE_20).setHealth(35F) .setUnlocalizedName("mp_thruster_20_solid_multi")
mp_thruster_20_solid_multier	formal	HbmItems dynamic material/specialized registration	mp_thruster_20_solid_multier	ItemCustomMissilePart	False	False	True	True	False	mp_thruster_20_solid_multier = new ItemCustomMissilePart().makeThruster(FuelType.SOLID, 1F, 100F, PartSize.SIZE_20).setHealth(35F).setWittyText("Did I miscount? Hope not.").setUnlocalizedName("mp_thruster_20_solid_multier")
mp_warhead_10_buster	formal	HbmItems dynamic material/specialized registration	mp_warhead_10_buster	ItemCustomMissilePart	False	False	True	True	False	mp_warhead_10_buster = new ItemCustomMissilePart().makeWarhead(WarheadType.BUSTER, 5F, 1.5F, PartSize.SIZE_10).setHealth(5F) .setUnlocalizedName("mp_warhead_10_buster").setMaxStackSize(1).setCreativeTab(MainRegistry.missileTab).setTextureName(RefStrings.MODID + ":mp_warhead")
mp_warhead_10_cloud	formal	HbmItems dynamic material/specialized registration	mp_warhead_10_cloud	ItemCustomMissilePart	False	False	True	True	False	mp_warhead_10_cloud = new ItemCustomMissilePart().makeWarhead(WarheadType.CLOUD, 15F, 1.5F, PartSize.SIZE_10).setHealth(20F).setRarity(Rarity.RARE).setUnlocalizedName("mp_warhead_10_cloud").setMaxStackSize(1).setCreativeTab(MainRegistry.missileTab).setTextureName(RefStrings.MODID + ":mp_warhead")
mp_warhead_10_he	formal	HbmItems dynamic material/specialized registration	mp_warhead_10_he	ItemCustomMissilePart	False	False	True	True	False	mp_warhead_10_he = new ItemCustomMissilePart().makeWarhead(WarheadType.HE, 15F, 1.5F, PartSize.SIZE_10).setHealth(5F) .setUnlocalizedName("mp_warhead_10_he").setMaxStackSize(1).setCreativeTab(MainRegistry.missileTab).setTextureName(RefStrings.MODID + ":mp_warhead")
mp_warhead_10_incendiary	formal	HbmItems dynamic material/specialized registration	mp_warhead_10_incendiary	ItemCustomMissilePart	False	False	True	True	False	mp_warhead_10_incendiary = new ItemCustomMissilePart().makeWarhead(WarheadType.INC, 15F, 1.5F, PartSize.SIZE_10).setHealth(5F) .setUnlocalizedName("mp_warhead_10_incendiary").setMaxStackSize(1).setCreativeTab(MainRegistry.missileTab).setTextureName(RefStrings.MODID + ":mp_warhead")
mp_warhead_10_nuclear	formal	HbmItems dynamic material/specialized registration	mp_warhead_10_nuclear	ItemCustomMissilePart	False	False	True	True	False	mp_warhead_10_nuclear = new ItemCustomMissilePart().makeWarhead(WarheadType.NUCLEAR, 35F, 1.5F, PartSize.SIZE_10).setTitle("Tater Tot").setHealth(10F).setUnlocalizedName("mp_warhead_10_nuclear").setMaxStackSize(1).setCreativeTab(MainRegistry.missileTab).setTextureName(RefStrings.MODID + ":mp_warhead")
mp_warhead_10_nuclear_large	formal	HbmItems dynamic material/specialized registration	mp_warhead_10_nuclear_large	ItemCustomMissilePart	False	False	True	True	False	mp_warhead_10_nuclear_large = new ItemCustomMissilePart().makeWarhead(WarheadType.NUCLEAR, 75F, 2.5F, PartSize.SIZE_10).setTitle("Chernobyl Boris").setHealth(15F).setUnlocalizedName("mp_warhead_10_nuclear_large").setMaxStackSize(1).setCreativeTab(MainRegistry.missileTab).setTextureName(RefStrings.MODID + ":mp_warhead")
mp_warhead_10_taint	formal	HbmItems dynamic material/specialized registration	mp_warhead_10_taint	ItemCustomMissilePart	False	False	True	True	False	mp_warhead_10_taint = new ItemCustomMissilePart().makeWarhead(WarheadType.TAINT, 15F, 1.5F, PartSize.SIZE_10).setHealth(20F).setRarity(Rarity.UNCOMMON).setWittyText("Eat my taint! Bureaucracy is dead and we killed it!").setUnlocalizedName("mp_warhead_10_taint").setMaxStackSize(1).setCreativeTab(MainRegistry.missileTab).setTextureName(RefStrings.MODID + ":mp_warhead")
mp_warhead_15_balefire	formal	HbmItems dynamic material/specialized registration	mp_warhead_15_balefire	ItemCustomMissilePart	False	False	True	True	False	mp_warhead_15_balefire = new ItemCustomMissilePart().makeWarhead(WarheadType.BALEFIRE, 100F, 7.5F, PartSize.SIZE_15).setRarity(Rarity.LEGENDARY).setAuthor("VT-6/24").setHealth(15F).setWittyText("Hightower, never forgetti.").setUnlocalizedName("mp_warhead_15_balefire").setMaxStackSize(1).setCreativeTab(MainRegistry.missileTab).setTextureName(RefStrings.MODID + ":mp_warhead")
mp_warhead_15_boxcar	formal	HbmItems dynamic material/specialized registration	mp_warhead_15_boxcar	ItemCustomMissilePart	False	False	True	True	False	mp_warhead_15_boxcar = new ItemCustomMissilePart().makeWarhead(WarheadType.TX, 250F, 7.5F, PartSize.SIZE_15).setWittyText("?!?!").setHealth(35F).setRarity(Rarity.LEGENDARY).setUnlocalizedName("mp_warhead_15_boxcar").setMaxStackSize(1).setCreativeTab(MainRegistry.missileTab).setTextureName(RefStrings.MODID + ":mp_warhead")
mp_warhead_15_he	formal	HbmItems dynamic material/specialized registration	mp_warhead_15_he	ItemCustomMissilePart	False	False	True	True	False	mp_warhead_15_he = new ItemCustomMissilePart().makeWarhead(WarheadType.HE, 50F, 2.5F, PartSize.SIZE_15).setHealth(10F) .setUnlocalizedName("mp_warhead_15_he").setMaxStackSize(1).setCreativeTab(MainRegistry.missileTab).setTextureName(RefStrings.MODID + ":mp_warhead")
mp_warhead_15_incendiary	formal	HbmItems dynamic material/specialized registration	mp_warhead_15_incendiary	ItemCustomMissilePart	False	False	True	True	False	mp_warhead_15_incendiary = new ItemCustomMissilePart().makeWarhead(WarheadType.INC, 35F, 2.5F, PartSize.SIZE_15).setHealth(10F) .setUnlocalizedName("mp_warhead_15_incendiary").setMaxStackSize(1).setCreativeTab(MainRegistry.missileTab).setTextureName(RefStrings.MODID + ":mp_warhead")
mp_warhead_15_n2	formal	HbmItems dynamic material/specialized registration	mp_warhead_15_n2	ItemCustomMissilePart	False	False	True	True	False	mp_warhead_15_n2 = new ItemCustomMissilePart().makeWarhead(WarheadType.N2, 100F, 5F, PartSize.SIZE_15).setWittyText("[screams geometrically]").setHealth(20F).setRarity(Rarity.RARE).setUnlocalizedName("mp_warhead_15_n2").setMaxStackSize(1).setCreativeTab(MainRegistry.missileTab).setTextureName(RefStrings.MODID + ":mp_warhead")
mp_warhead_15_nuclear	formal	HbmItems dynamic material/specialized registration	mp_warhead_15_nuclear	ItemCustomMissilePart	False	False	True	True	False	mp_warhead_15_nuclear = new ItemCustomMissilePart().makeWarhead(WarheadType.NUCLEAR, 125F, 5F, PartSize.SIZE_15).setTitle("Auntie Bertha").setHealth(15F).setUnlocalizedName("mp_warhead_15_nuclear").setMaxStackSize(1).setCreativeTab(MainRegistry.missileTab).setTextureName(RefStrings.MODID + ":mp_warhead")
mp_warhead_15_nuclear_mimi	formal	HbmItems dynamic material/specialized registration	mp_warhead_15_nuclear_mimi	ItemCustomMissilePart	False	False	True	False	False	mp_warhead_15_nuclear_mimi = ((ItemCustomMissilePart) mp_warhead_15_nuclear).copy().setRarity(Rarity.RARE).setTitle("FASHIONABLE MISSILE").setUnlocalizedName("mp_warhead_15_nuclear_mimi")
mp_warhead_15_nuclear_shark	formal	HbmItems dynamic material/specialized registration	mp_warhead_15_nuclear_shark	ItemCustomMissilePart	False	False	True	True	False	mp_warhead_15_nuclear_shark = ((ItemCustomMissilePart) mp_warhead_15_nuclear).copy().setRarity(Rarity.UNCOMMON).setTitle("Discount Bullet Bill").setWittyText("Nose art on a cannon bullet? Who does that?").setUnlocalizedName("mp_warhead_15_nuclear_shark")
mp_warhead_15_turbine	formal	HbmItems dynamic material/specialized registration	mp_warhead_15_turbine	ItemCustomMissilePart	False	False	True	True	False	mp_warhead_15_turbine = new ItemCustomMissilePart().makeWarhead(WarheadType.TURBINE, 200F, 5F, PartSize.SIZE_15).setRarity(Rarity.SEWS_CLOTHES_AND_SUCKS_HORSE_COCK).setHealth(250F).setUnlocalizedName("mp_warhead_15_turbine").setMaxStackSize(1).setCreativeTab(MainRegistry.missileTab).setTextureName(RefStrings.MODID + ":mp_warhead")
mucho_mango	formal	HbmItems	mucho_mango	ItemMuchoMango	True	True	True	True	False	mucho_mango = new ItemMuchoMango(10).setUnlocalizedName("mucho_mango").setCreativeTab(MainRegistry.consumableTab).setTextureName(RefStrings.MODID + ":mucho_mango")
multi_kit	formal	HbmItems	multi_kit	ItemStarterKit	True	True	True	True	False	multi_kit = new ItemStarterKit().setUnlocalizedName("multi_kit").setMaxStackSize(1).setCreativeTab(MainRegistry.nukeTab).setTextureName(RefStrings.MODID + ":multi_kit")
mysteryshovel	formal	HbmItems	mysteryshovel	ItemMS	False	False	True	True	False	mysteryshovel = new ItemMS().setUnlocalizedName("mysteryshovel").setFull3D().setMaxStackSize(1).setTextureName(RefStrings.MODID + ":cursed_shovel")
n2_charge	formal	HbmItems	n2_charge	ItemN2	True	True	True	True	False	n2_charge = new ItemN2().setUnlocalizedName("n2_charge").setMaxStackSize(1).setCreativeTab(MainRegistry.nukeTab).setTextureName(RefStrings.MODID + ":n2_charge")
ncrpa_boots	formal	HbmItems		UNRESOLVED	False	True	True	True	False	
ncrpa_helmet	formal	HbmItems		UNRESOLVED	False	True	True	True	False	
ncrpa_legs	formal	HbmItems		UNRESOLVED	False	True	True	True	False	
ncrpa_plate	formal	HbmItems		UNRESOLVED	False	True	True	True	False	
neutrino_lens	formal	HbmItems	neutrino_lens	ItemModLens	True	True	True	True	False	neutrino_lens = new ItemModLens().setUnlocalizedName("neutrino_lens").setTextureName(RefStrings.MODID + ":neutrino_lens")
neutron_reflector	formal	HbmItems	neutron_reflector	Item	True	True	True	True	False	neutron_reflector = new Item().setUnlocalizedName("neutron_reflector").setCreativeTab(MainRegistry.partsTab).setTextureName(RefStrings.MODID + ":neutron_reflector")
night_vision	formal	HbmItems	night_vision	ItemModNightVision	True	True	True	True	False	night_vision = new ItemModNightVision().setUnlocalizedName("night_vision").setTextureName(RefStrings.MODID + ":night_vision")
niter	formal	HbmItems	niter	Item	False	True	True	True	False	niter = new Item().setUnlocalizedName("niter").setCreativeTab(MainRegistry.partsTab).setTextureName(RefStrings.MODID + ":salpeter")
nitra	formal	HbmItems	nitra	Item	True	True	True	True	False	nitra = new Item().setUnlocalizedName("nitra").setCreativeTab(MainRegistry.partsTab).setTextureName(RefStrings.MODID + ":nitra")
nitra_small	formal	HbmItems	nitra_small	Item	True	True	True	True	False	nitra_small = new Item().setUnlocalizedName("nitra_small").setCreativeTab(MainRegistry.partsTab).setTextureName(RefStrings.MODID + ":nitra_small")
no9	formal	HbmItems		UNRESOLVED	True	True	True	True	False	
nothing	formal	HbmItems	nothing	Item	True	True	True	True	False	nothing = new Item().setUnlocalizedName("nothing").setTextureName(RefStrings.MODID + ":nothing")
nuclear_waste	formal	HbmItems	nuclear_waste	ItemNuclearWaste	True	True	True	True	False	nuclear_waste = new ItemNuclearWaste().setUnlocalizedName("nuclear_waste").setCreativeTab(MainRegistry.partsTab).setTextureName(RefStrings.MODID + ":nuclear_waste")
nuclear_waste_long	formal	HbmItems	nuclear_waste_long	ItemWasteLong	True	True	True	True	False	nuclear_waste_long = new ItemWasteLong().setUnlocalizedName("nuclear_waste_long").setCreativeTab(MainRegistry.partsTab).setTextureName(RefStrings.MODID + ":nuclear_waste_long")
nuclear_waste_long_depleted	formal	HbmItems	nuclear_waste_long_depleted	ItemWasteLong	True	True	True	True	False	nuclear_waste_long_depleted = new ItemWasteLong().setUnlocalizedName("nuclear_waste_long_depleted").setCreativeTab(MainRegistry.partsTab).setTextureName(RefStrings.MODID + ":nuclear_waste_long_depleted")
nuclear_waste_long_depleted_tiny	formal	HbmItems	nuclear_waste_long_depleted_tiny	ItemWasteLong	True	True	True	True	False	nuclear_waste_long_depleted_tiny = new ItemWasteLong().setUnlocalizedName("nuclear_waste_long_depleted_tiny").setCreativeTab(MainRegistry.partsTab).setTextureName(RefStrings.MODID + ":nuclear_waste_long_depleted_tiny")
nuclear_waste_long_tiny	formal	HbmItems	nuclear_waste_long_tiny	ItemWasteLong	True	True	True	True	False	nuclear_waste_long_tiny = new ItemWasteLong().setUnlocalizedName("nuclear_waste_long_tiny").setCreativeTab(MainRegistry.partsTab).setTextureName(RefStrings.MODID + ":nuclear_waste_long_tiny")
nuclear_waste_short	formal	HbmItems	nuclear_waste_short	ItemWasteShort	True	True	True	True	False	nuclear_waste_short = new ItemWasteShort().setUnlocalizedName("nuclear_waste_short").setCreativeTab(MainRegistry.partsTab).setTextureName(RefStrings.MODID + ":nuclear_waste_short")
nuclear_waste_short_depleted	formal	HbmItems	nuclear_waste_short_depleted	ItemWasteShort	True	True	True	True	False	nuclear_waste_short_depleted = new ItemWasteShort().setUnlocalizedName("nuclear_waste_short_depleted").setCreativeTab(MainRegistry.partsTab).setTextureName(RefStrings.MODID + ":nuclear_waste_short_depleted")
nuclear_waste_short_depleted_tiny	formal	HbmItems	nuclear_waste_short_depleted_tiny	ItemWasteShort	True	True	True	True	False	nuclear_waste_short_depleted_tiny = new ItemWasteShort().setUnlocalizedName("nuclear_waste_short_depleted_tiny").setCreativeTab(MainRegistry.partsTab).setTextureName(RefStrings.MODID + ":nuclear_waste_short_depleted_tiny")
nuclear_waste_short_tiny	formal	HbmItems	nuclear_waste_short_tiny	ItemWasteShort	True	True	True	True	False	nuclear_waste_short_tiny = new ItemWasteShort().setUnlocalizedName("nuclear_waste_short_tiny").setCreativeTab(MainRegistry.partsTab).setTextureName(RefStrings.MODID + ":nuclear_waste_short_tiny")
nuclear_waste_tiny	formal	HbmItems	nuclear_waste_tiny	ItemNuclearWaste	True	True	True	True	False	nuclear_waste_tiny = new ItemNuclearWaste().setUnlocalizedName("nuclear_waste_tiny").setCreativeTab(MainRegistry.partsTab).setTextureName(RefStrings.MODID + ":nuclear_waste_tiny")
nuclear_waste_vitrified	formal	HbmItems	nuclear_waste_vitrified	ItemNuclearWaste	True	True	True	True	False	nuclear_waste_vitrified = new ItemNuclearWaste().setUnlocalizedName("nuclear_waste_vitrified").setCreativeTab(MainRegistry.partsTab).setTextureName(RefStrings.MODID + ":nuclear_waste_vitrified")
nuclear_waste_vitrified_tiny	formal	HbmItems	nuclear_waste_vitrified_tiny	ItemNuclearWaste	True	True	True	True	False	nuclear_waste_vitrified_tiny = new ItemNuclearWaste().setUnlocalizedName("nuclear_waste_vitrified_tiny").setCreativeTab(MainRegistry.partsTab).setTextureName(RefStrings.MODID + ":nuclear_waste_vitrified_tiny")
nugget	formal	HbmItems	nugget	ItemLemon	True	True	True	True	False	nugget = new ItemLemon(200, 1F, false).setUnlocalizedName("nugget").setCreativeTab(MainRegistry.consumableTab).setTextureName(RefStrings.MODID + ":nugget")
nugget_actinium	formal	HbmItems dynamic material/specialized registration	nugget_actinium	Item	True	True	True	True	False	nugget_actinium = new Item().setUnlocalizedName("nugget_actinium").setCreativeTab(MainRegistry.partsTab).setTextureName(RefStrings.MODID + ":nugget_actinium")
nugget_am_mix	formal	HbmItems dynamic material/specialized registration	nugget_am_mix	Item	True	True	True	True	False	nugget_am_mix = new Item().setUnlocalizedName("nugget_am_mix").setCreativeTab(MainRegistry.partsTab).setTextureName(RefStrings.MODID + ":nugget_am_mix")
nugget_am241	formal	HbmItems dynamic material/specialized registration	nugget_am241	Item	True	True	True	True	False	nugget_am241 = new Item().setUnlocalizedName("nugget_am241").setCreativeTab(MainRegistry.partsTab).setTextureName(RefStrings.MODID + ":nugget_am241")
nugget_am242	formal	HbmItems dynamic material/specialized registration	nugget_am242	Item	True	True	True	True	False	nugget_am242 = new Item().setUnlocalizedName("nugget_am242").setCreativeTab(MainRegistry.partsTab).setTextureName(RefStrings.MODID + ":nugget_am242")
nugget_americium_fuel	formal	HbmItems dynamic material/specialized registration	nugget_americium_fuel	Item	True	True	True	True	False	nugget_americium_fuel = new Item().setUnlocalizedName("nugget_americium_fuel").setCreativeTab(MainRegistry.partsTab).setTextureName(RefStrings.MODID + ":nugget_americium_fuel")
nugget_arsenic	formal	HbmItems dynamic material/specialized registration	nugget_arsenic	Item	True	True	True	True	False	nugget_arsenic = new Item().setUnlocalizedName("nugget_arsenic").setCreativeTab(MainRegistry.partsTab).setTextureName(RefStrings.MODID + ":nugget_arsenic")
nugget_au198	formal	HbmItems	nugget_au198	Item	True	True	True	True	False	nugget_au198 = new Item().setUnlocalizedName("nugget_au198").setCreativeTab(MainRegistry.partsTab).setTextureName(RefStrings.MODID + ":nugget_au198")
nugget_australium	formal	HbmItems dynamic material/specialized registration	nugget_australium	ItemCustomLore	True	True	True	True	False	nugget_australium = new ItemCustomLore().setRarity(EnumRarity.uncommon).setUnlocalizedName("nugget_australium").setCreativeTab(MainRegistry.partsTab).setTextureName(RefStrings.MODID + ":nugget_australium")
nugget_australium_greater	formal	HbmItems dynamic material/specialized registration	nugget_australium_greater	ItemCustomLore	True	True	True	True	False	nugget_australium_greater = new ItemCustomLore().setRarity(EnumRarity.uncommon).setUnlocalizedName("nugget_australium_greater").setCreativeTab(MainRegistry.partsTab).setTextureName(RefStrings.MODID + ":nugget_australium_greater")
nugget_australium_lesser	formal	HbmItems dynamic material/specialized registration	nugget_australium_lesser	ItemCustomLore	True	True	True	True	False	nugget_australium_lesser = new ItemCustomLore().setRarity(EnumRarity.uncommon).setUnlocalizedName("nugget_australium_lesser").setCreativeTab(MainRegistry.partsTab).setTextureName(RefStrings.MODID + ":nugget_australium_lesser")
nugget_beryllium	formal	HbmItems dynamic material/specialized registration	nugget_beryllium	Item	True	True	True	True	False	nugget_beryllium = new Item().setUnlocalizedName("nugget_beryllium").setCreativeTab(MainRegistry.partsTab).setTextureName(RefStrings.MODID + ":nugget_beryllium")
nugget_bismuth	formal	HbmItems dynamic material/specialized registration	nugget_bismuth	Item	True	True	True	True	False	nugget_bismuth = new Item().setUnlocalizedName("nugget_bismuth").setCreativeTab(MainRegistry.partsTab).setTextureName(RefStrings.MODID + ":nugget_bismuth")
nugget_co60	formal	HbmItems dynamic material/specialized registration	nugget_co60	Item	True	True	True	True	False	nugget_co60 = new Item().setUnlocalizedName("nugget_co60").setCreativeTab(MainRegistry.partsTab).setTextureName(RefStrings.MODID + ":nugget_co60")
nugget_cobalt	formal	HbmItems dynamic material/specialized registration	nugget_cobalt	Item	True	True	True	True	False	nugget_cobalt = new Item().setUnlocalizedName("nugget_cobalt").setCreativeTab(MainRegistry.partsTab).setTextureName(RefStrings.MODID + ":nugget_cobalt")
nugget_desh	formal	HbmItems dynamic material/specialized registration	nugget_desh	ItemCustomLore	True	True	True	True	False	nugget_desh = new ItemCustomLore().setUnlocalizedName("nugget_desh").setCreativeTab(MainRegistry.partsTab).setTextureName(RefStrings.MODID + ":nugget_desh")
nugget_dineutronium	formal	HbmItems dynamic material/specialized registration	nugget_dineutronium	ItemCustomLore	True	True	True	True	False	nugget_dineutronium = new ItemCustomLore().setUnlocalizedName("nugget_dineutronium").setCreativeTab(MainRegistry.partsTab).setTextureName(RefStrings.MODID + ":nugget_dineutronium")
nugget_euphemium	formal	HbmItems dynamic material/specialized registration	nugget_euphemium	ItemCustomLore	True	True	True	True	False	nugget_euphemium = new ItemCustomLore().setRarity(EnumRarity.epic).setUnlocalizedName("nugget_euphemium").setCreativeTab(MainRegistry.partsTab).setTextureName(RefStrings.MODID + ":nugget_euphemium")
nugget_gh336	formal	HbmItems dynamic material/specialized registration	nugget_gh336	ItemCustomLore	True	True	True	True	False	nugget_gh336 = new ItemCustomLore().setRarity(EnumRarity.epic).setUnlocalizedName("nugget_gh336").setCreativeTab(MainRegistry.partsTab).setTextureName(RefStrings.MODID + ":nugget_gh336")
nugget_hes	formal	HbmItems dynamic material/specialized registration	nugget_hes	Item	True	True	True	True	False	nugget_hes = new Item().setUnlocalizedName("nugget_hes").setCreativeTab(MainRegistry.partsTab).setTextureName(RefStrings.MODID + ":nugget_hes")
nugget_lead	formal	HbmItems dynamic material/specialized registration	nugget_lead	Item	True	True	True	True	False	nugget_lead = new Item().setUnlocalizedName("nugget_lead").setCreativeTab(MainRegistry.partsTab).setTextureName(RefStrings.MODID + ":nugget_lead")
nugget_les	formal	HbmItems dynamic material/specialized registration	nugget_les	Item	True	True	True	True	False	nugget_les = new Item().setUnlocalizedName("nugget_les").setCreativeTab(MainRegistry.partsTab).setTextureName(RefStrings.MODID + ":nugget_les")
nugget_mercury	formal	HbmItems dynamic material/specialized registration	ingot_mercury	ItemCustomLore	True	True	True	True	False	ingot_mercury = new ItemCustomLore().setUnlocalizedName("nugget_mercury").setCreativeTab(MainRegistry.partsTab).setTextureName(RefStrings.MODID + ":nugget_mercury")
nugget_mercury_tiny	formal	HbmItems dynamic material/specialized registration	nugget_mercury	Item	True	True	True	True	False	nugget_mercury = new Item().setUnlocalizedName("nugget_mercury_tiny").setCreativeTab(MainRegistry.partsTab).setTextureName(RefStrings.MODID + ":nugget_mercury_tiny")
nugget_mox_fuel	formal	HbmItems dynamic material/specialized registration	nugget_mox_fuel	Item	True	True	True	True	False	nugget_mox_fuel = new Item().setUnlocalizedName("nugget_mox_fuel").setCreativeTab(MainRegistry.partsTab).setTextureName(RefStrings.MODID + ":nugget_mox_fuel")
nugget_neptunium	formal	HbmItems dynamic material/specialized registration	nugget_neptunium	Item	True	True	True	True	False	nugget_neptunium = new Item().setUnlocalizedName("nugget_neptunium").setCreativeTab(MainRegistry.partsTab).setTextureName(RefStrings.MODID + ":nugget_neptunium")
nugget_neptunium_fuel	formal	HbmItems dynamic material/specialized registration	nugget_neptunium_fuel	Item	True	True	True	True	False	nugget_neptunium_fuel = new Item().setUnlocalizedName("nugget_neptunium_fuel").setCreativeTab(MainRegistry.partsTab).setTextureName(RefStrings.MODID + ":nugget_neptunium_fuel")
nugget_niobium	formal	HbmItems dynamic material/specialized registration	nugget_niobium	Item	True	True	True	True	False	nugget_niobium = new Item().setUnlocalizedName("nugget_niobium").setCreativeTab(MainRegistry.partsTab).setTextureName(RefStrings.MODID + ":nugget_niobium")
nugget_osmiridium	formal	HbmItems dynamic material/specialized registration	nugget_osmiridium	ItemCustomLore	True	True	True	True	False	nugget_osmiridium = new ItemCustomLore().setRarity(EnumRarity.rare).setUnlocalizedName("nugget_osmiridium").setCreativeTab(MainRegistry.partsTab).setTextureName(RefStrings.MODID + ":nugget_osmiridium")
nugget_pb209	formal	HbmItems dynamic material/specialized registration	nugget_pb209	Item	True	True	True	True	False	nugget_pb209 = new Item().setUnlocalizedName("nugget_pb209").setCreativeTab(MainRegistry.partsTab).setTextureName(RefStrings.MODID + ":nugget_pb209")
nugget_plutonium	formal	HbmItems dynamic material/specialized registration	nugget_plutonium	Item	True	True	True	True	False	nugget_plutonium = new Item().setUnlocalizedName("nugget_plutonium").setCreativeTab(MainRegistry.partsTab).setTextureName(RefStrings.MODID + ":nugget_plutonium")
nugget_plutonium_fuel	formal	HbmItems dynamic material/specialized registration	nugget_plutonium_fuel	Item	True	True	True	True	False	nugget_plutonium_fuel = new Item().setUnlocalizedName("nugget_plutonium_fuel").setCreativeTab(MainRegistry.partsTab).setTextureName(RefStrings.MODID + ":nugget_plutonium_fuel")
nugget_polonium	formal	HbmItems dynamic material/specialized registration	nugget_polonium	Item	True	True	True	True	False	nugget_polonium = new Item().setUnlocalizedName("nugget_polonium").setCreativeTab(MainRegistry.partsTab).setTextureName(RefStrings.MODID + ":nugget_polonium")
nugget_pu_mix	formal	HbmItems dynamic material/specialized registration	nugget_pu_mix	Item	True	True	True	True	False	nugget_pu_mix = new Item().setUnlocalizedName("nugget_pu_mix").setCreativeTab(MainRegistry.partsTab).setTextureName(RefStrings.MODID + ":nugget_pu_mix")
nugget_pu238	formal	HbmItems dynamic material/specialized registration	nugget_pu238	Item	True	True	True	True	False	nugget_pu238 = new Item().setUnlocalizedName("nugget_pu238").setCreativeTab(MainRegistry.partsTab).setTextureName(RefStrings.MODID + ":nugget_pu238")
nugget_pu239	formal	HbmItems dynamic material/specialized registration	nugget_pu239	Item	True	True	True	True	False	nugget_pu239 = new Item().setUnlocalizedName("nugget_pu239").setCreativeTab(MainRegistry.partsTab).setTextureName(RefStrings.MODID + ":nugget_pu239")
nugget_pu240	formal	HbmItems dynamic material/specialized registration	nugget_pu240	Item	True	True	True	True	False	nugget_pu240 = new Item().setUnlocalizedName("nugget_pu240").setCreativeTab(MainRegistry.partsTab).setTextureName(RefStrings.MODID + ":nugget_pu240")
nugget_pu241	formal	HbmItems dynamic material/specialized registration	nugget_pu241	Item	True	True	True	True	False	nugget_pu241 = new Item().setUnlocalizedName("nugget_pu241").setCreativeTab(MainRegistry.partsTab).setTextureName(RefStrings.MODID + ":nugget_pu241")
nugget_ra226	formal	HbmItems dynamic material/specialized registration	nugget_ra226	Item	True	True	True	True	False	nugget_ra226 = new Item().setUnlocalizedName("nugget_ra226").setCreativeTab(MainRegistry.partsTab).setTextureName(RefStrings.MODID + ":nugget_ra226")
nugget_schrabidium	formal	HbmItems dynamic material/specialized registration	nugget_schrabidium	ItemCustomLore	True	True	True	True	False	nugget_schrabidium = new ItemCustomLore().setRarity(EnumRarity.rare).setUnlocalizedName("nugget_schrabidium").setCreativeTab(MainRegistry.partsTab).setTextureName(RefStrings.MODID + ":nugget_schrabidium")
nugget_schrabidium_fuel	formal	HbmItems dynamic material/specialized registration	nugget_schrabidium_fuel	Item	True	True	True	True	False	nugget_schrabidium_fuel = new Item().setUnlocalizedName("nugget_schrabidium_fuel").setCreativeTab(MainRegistry.partsTab).setTextureName(RefStrings.MODID + ":nugget_schrabidium_fuel")
nugget_silicon	formal	HbmItems dynamic material/specialized registration	nugget_silicon	Item	True	True	True	True	False	nugget_silicon = new Item().setUnlocalizedName("nugget_silicon").setCreativeTab(MainRegistry.partsTab).setTextureName(RefStrings.MODID + ":nugget_silicon")
nugget_solinium	formal	HbmItems dynamic material/specialized registration	nugget_solinium	Item	True	True	True	True	False	nugget_solinium = new Item().setUnlocalizedName("nugget_solinium").setCreativeTab(MainRegistry.partsTab).setTextureName(RefStrings.MODID + ":nugget_solinium")
nugget_sr90	formal	HbmItems dynamic material/specialized registration	nugget_sr90	Item	True	True	True	True	False	nugget_sr90 = new Item().setUnlocalizedName("nugget_sr90").setCreativeTab(MainRegistry.partsTab).setTextureName(RefStrings.MODID + ":nugget_sr90")
nugget_tantalium	formal	HbmItems dynamic material/specialized registration	nugget_tantalium	ItemCustomLore	True	True	True	True	False	nugget_tantalium = new ItemCustomLore().setUnlocalizedName("nugget_tantalium").setCreativeTab(MainRegistry.partsTab).setTextureName(RefStrings.MODID + ":nugget_tantalium")
nugget_technetium	formal	HbmItems dynamic material/specialized registration	nugget_technetium	Item	True	True	True	True	False	nugget_technetium = new Item().setUnlocalizedName("nugget_technetium").setCreativeTab(MainRegistry.partsTab).setTextureName(RefStrings.MODID + ":nugget_technetium")
nugget_th232	formal	HbmItems dynamic material/specialized registration	nugget_th232	Item	True	True	True	True	False	nugget_th232 = new Item().setUnlocalizedName("nugget_th232").setCreativeTab(MainRegistry.partsTab).setTextureName(RefStrings.MODID + ":nugget_th232")
nugget_thorium_fuel	formal	HbmItems dynamic material/specialized registration	nugget_thorium_fuel	Item	True	True	True	True	False	nugget_thorium_fuel = new Item().setUnlocalizedName("nugget_thorium_fuel").setCreativeTab(MainRegistry.partsTab).setTextureName(RefStrings.MODID + ":nugget_thorium_fuel")
nugget_u233	formal	HbmItems dynamic material/specialized registration	nugget_u233	Item	True	True	True	True	False	nugget_u233 = new Item().setUnlocalizedName("nugget_u233").setCreativeTab(MainRegistry.partsTab).setTextureName(RefStrings.MODID + ":nugget_u233")
nugget_u235	formal	HbmItems dynamic material/specialized registration	nugget_u235	Item	True	True	True	True	False	nugget_u235 = new Item().setUnlocalizedName("nugget_u235").setCreativeTab(MainRegistry.partsTab).setTextureName(RefStrings.MODID + ":nugget_u235")
nugget_u238	formal	HbmItems dynamic material/specialized registration	nugget_u238	Item	True	True	True	True	False	nugget_u238 = new Item().setUnlocalizedName("nugget_u238").setCreativeTab(MainRegistry.partsTab).setTextureName(RefStrings.MODID + ":nugget_u238")
nugget_uranium	formal	HbmItems dynamic material/specialized registration	nugget_uranium	Item	True	True	True	True	False	nugget_uranium = new Item().setUnlocalizedName("nugget_uranium").setCreativeTab(MainRegistry.partsTab).setTextureName(RefStrings.MODID + ":nugget_uranium")
nugget_uranium_fuel	formal	HbmItems dynamic material/specialized registration	nugget_uranium_fuel	Item	True	True	True	True	False	nugget_uranium_fuel = new Item().setUnlocalizedName("nugget_uranium_fuel").setCreativeTab(MainRegistry.partsTab).setTextureName(RefStrings.MODID + ":nugget_uranium_fuel")
nugget_zirconium	formal	HbmItems dynamic material/specialized registration	nugget_zirconium	ItemCustomLore	True	True	True	True	False	nugget_zirconium = new ItemCustomLore().setUnlocalizedName("nugget_zirconium").setCreativeTab(MainRegistry.partsTab).setTextureName(RefStrings.MODID + ":nugget_zirconium")
nuke_advanced_kit	formal	HbmItems	nuke_advanced_kit	ItemStarterKit	True	True	True	True	False	nuke_advanced_kit = new ItemStarterKit().setUnlocalizedName("nuke_advanced_kit").setMaxStackSize(1).setCreativeTab(MainRegistry.consumableTab).setTextureName(RefStrings.MODID + ":nuke_advanced_kit")
nuke_commercially_kit	formal	HbmItems	nuke_commercially_kit	ItemStarterKit	True	True	True	True	False	nuke_commercially_kit = new ItemStarterKit().setUnlocalizedName("nuke_commercially_kit").setMaxStackSize(1).setCreativeTab(MainRegistry.consumableTab).setTextureName(RefStrings.MODID + ":nuke_commercially_kit")
nuke_electric_kit	formal	HbmItems	nuke_electric_kit	ItemStarterKit	True	True	True	False	False	nuke_electric_kit = new ItemStarterKit().setUnlocalizedName("nuke_electric_kit").setMaxStackSize(1).setCreativeTab(MainRegistry.consumableTab).setTextureName(RefStrings.MODID + ":nuke_electric_kit")
nuke_starter_kit	formal	HbmItems	nuke_starter_kit	ItemStarterKit	True	True	True	True	False	nuke_starter_kit = new ItemStarterKit().setUnlocalizedName("nuke_starter_kit").setMaxStackSize(1).setCreativeTab(MainRegistry.consumableTab).setTextureName(RefStrings.MODID + ":nuke_starter_kit")
oil_detector	formal	HbmItems	oil_detector	ItemOilDetector	True	True	True	True	False	oil_detector = new ItemOilDetector().setUnlocalizedName("oil_detector").setMaxStackSize(1).setCreativeTab(MainRegistry.consumableTab).setTextureName(RefStrings.MODID + ":oil_detector")
oil_tar	formal	HbmItems	oil_tar	ItemEnumMulti	False	False	False	True	False	oil_tar = new ItemEnumMulti(EnumTarType.class, true, true).setUnlocalizedName("oil_tar").setCreativeTab(MainRegistry.partsTab).setTextureName(RefStrings.MODID + ":oil_tar")
orange1	formal	HbmItems	orange1	Item	True	True	False	True	False	orange1 = new Item().setUnlocalizedName("orange1").setTextureName(RefStrings.MODID + ":orange1")
orange2	formal	HbmItems	orange2	Item	True	True	False	True	False	orange2 = new Item().setUnlocalizedName("orange2").setTextureName(RefStrings.MODID + ":orange2")
orange3	formal	HbmItems	orange3	Item	True	True	False	True	False	orange3 = new Item().setUnlocalizedName("orange3").setTextureName(RefStrings.MODID + ":orange3")
orange4	formal	HbmItems	orange4	Item	True	True	False	True	False	orange4 = new Item().setUnlocalizedName("orange4").setTextureName(RefStrings.MODID + ":orange4")
orange5	formal	HbmItems	orange5	Item	True	True	False	True	False	orange5 = new Item().setUnlocalizedName("orange5").setTextureName(RefStrings.MODID + ":orange5")
orange6	formal	HbmItems	orange6	Item	True	True	False	True	False	orange6 = new Item().setUnlocalizedName("orange6").setTextureName(RefStrings.MODID + ":orange6")
orange7	formal	HbmItems	orange7	Item	True	True	False	True	False	orange7 = new Item().setUnlocalizedName("orange7").setTextureName(RefStrings.MODID + ":orange7")
orange8	formal	HbmItems	orange8	Item	True	True	False	True	False	orange8 = new Item().setUnlocalizedName("orange8").setTextureName(RefStrings.MODID + ":orange8")
ore_bedrock	formal	HbmBlocks.ore_bedrock_block + BlockItem (renamed namespace collision)	ore_bedrock	ItemBedrockOre	True	True	True	True	True	ore_bedrock = new ItemBedrockOre().setUnlocalizedName("ore_bedrock").setCreativeTab(MainRegistry.partsTab).setTextureName(RefStrings.MODID + ":ore_bedrock")
ore_byproduct	formal	HbmItems	ore_byproduct	ItemByproduct	False	False	False	False	False	ore_byproduct = new ItemByproduct().setUnlocalizedName("ore_byproduct").setCreativeTab(MainRegistry.partsTab).setTextureName(RefStrings.MODID + ":byproduct")
ore_centrifuged	formal	HbmItems	ore_centrifuged	ItemBedrockOre	True	True	True	True	False	ore_centrifuged = new ItemBedrockOre().setUnlocalizedName("ore_centrifuged").setCreativeTab(MainRegistry.partsTab).setTextureName(RefStrings.MODID + ":ore_centrifuged")
ore_cleaned	formal	HbmItems	ore_cleaned	ItemBedrockOre	True	True	True	True	False	ore_cleaned = new ItemBedrockOre().setUnlocalizedName("ore_cleaned").setCreativeTab(MainRegistry.partsTab).setTextureName(RefStrings.MODID + ":ore_cleaned")
ore_deepcleaned	formal	HbmItems	ore_deepcleaned	ItemBedrockOre	True	True	True	True	False	ore_deepcleaned = new ItemBedrockOre().setUnlocalizedName("ore_deepcleaned").setCreativeTab(MainRegistry.partsTab).setTextureName(RefStrings.MODID + ":ore_deepcleaned")
ore_density_scanner	formal	HbmItems	ore_density_scanner	ItemOreDensityScanner	True	True	True	True	False	ore_density_scanner = new ItemOreDensityScanner().setUnlocalizedName("ore_density_scanner").setMaxStackSize(1).setCreativeTab(MainRegistry.consumableTab).setTextureName(RefStrings.MODID + ":ore_density_scanner")
ore_enriched	formal	HbmItems	ore_enriched	ItemBedrockOre	True	True	True	True	False	ore_enriched = new ItemBedrockOre().setUnlocalizedName("ore_enriched").setCreativeTab(MainRegistry.partsTab).setTextureName(RefStrings.MODID + ":ore_enriched")
ore_nitrated	formal	HbmItems	ore_nitrated	ItemBedrockOre	True	True	True	True	False	ore_nitrated = new ItemBedrockOre().setUnlocalizedName("ore_nitrated").setCreativeTab(MainRegistry.partsTab).setTextureName(RefStrings.MODID + ":ore_nitrated")
ore_nitrocrystalline	formal	HbmItems	ore_nitrocrystalline	ItemBedrockOre	True	True	True	True	False	ore_nitrocrystalline = new ItemBedrockOre().setUnlocalizedName("ore_nitrocrystalline").setCreativeTab(MainRegistry.partsTab).setTextureName(RefStrings.MODID + ":ore_nitrocrystalline")
ore_purified	formal	HbmItems	ore_purified	ItemBedrockOre	True	True	True	True	False	ore_purified = new ItemBedrockOre().setUnlocalizedName("ore_purified").setCreativeTab(MainRegistry.partsTab).setTextureName(RefStrings.MODID + ":ore_purified")
ore_seared	formal	HbmItems	ore_seared	ItemBedrockOre	True	True	True	True	False	ore_seared = new ItemBedrockOre().setUnlocalizedName("ore_seared").setCreativeTab(MainRegistry.partsTab).setTextureName(RefStrings.MODID + ":ore_seared")
ore_separated	formal	HbmItems	ore_separated	ItemBedrockOre	True	True	True	True	False	ore_separated = new ItemBedrockOre().setUnlocalizedName("ore_separated").setCreativeTab(MainRegistry.partsTab).setTextureName(RefStrings.MODID + ":ore_separated")
pa_coil	formal	HbmItems	pa_coil	ItemPACoil	False	False	False	True	False	pa_coil = new ItemPACoil().setUnlocalizedName("pa_coil").setCreativeTab(MainRegistry.controlTab).setTextureName(RefStrings.MODID + ":pa_coil")
paa_boots	formal	HbmItems		UNRESOLVED	True	True	True	True	False	
paa_legs	formal	HbmItems		UNRESOLVED	True	True	True	True	False	
paa_plate	formal	HbmItems		UNRESOLVED	True	True	True	True	False	
padlock	formal	HbmItems	padlock	ItemLock	True	True	True	True	False	padlock = new ItemLock(0.1).setUnlocalizedName("padlock").setMaxStackSize(1).setCreativeTab(MainRegistry.consumableTab).setTextureName(RefStrings.MODID + ":padlock")
padlock_reinforced	formal	HbmItems	padlock_reinforced	ItemLock	True	True	True	True	False	padlock_reinforced = new ItemLock(0.02).setUnlocalizedName("padlock_reinforced").setMaxStackSize(1).setCreativeTab(MainRegistry.consumableTab).setTextureName(RefStrings.MODID + ":padlock_reinforced")
padlock_rusty	formal	HbmItems	padlock_rusty	ItemLock	True	True	True	True	False	padlock_rusty = new ItemLock(1).setUnlocalizedName("padlock_rusty").setMaxStackSize(1).setCreativeTab(MainRegistry.consumableTab).setTextureName(RefStrings.MODID + ":padlock_rusty")
padlock_unbreakable	formal	HbmItems	padlock_unbreakable	ItemLock	True	True	True	True	False	padlock_unbreakable = new ItemLock(0).setUnlocalizedName("padlock_unbreakable").setMaxStackSize(1).setCreativeTab(null).setTextureName(RefStrings.MODID + ":padlock_unbreakable")
pads_rubber	formal	HbmItems	pads_rubber	ItemModPads	True	True	True	True	False	pads_rubber = new ItemModPads(0.5F).setUnlocalizedName("pads_rubber").setTextureName(RefStrings.MODID + ":pads_rubber")
pads_slime	formal	HbmItems	pads_slime	ItemModPads	True	True	True	True	False	pads_slime = new ItemModPads(0.25F).setUnlocalizedName("pads_slime").setTextureName(RefStrings.MODID + ":pads_slime")
pads_static	formal	HbmItems	pads_static	ItemModPads	True	True	True	True	False	pads_static = new ItemModPads(0.75F).setUnlocalizedName("pads_static").setTextureName(RefStrings.MODID + ":pads_static")
page_of_	formal	HbmItems	page_of_	ItemEnumMulti	True	True	False	True	False	page_of_ = new ItemEnumMulti(ItemEnums.EnumPages.class, true, false).setUnlocalizedName("page_of_").setMaxStackSize(1).setCreativeTab(null).setTextureName(RefStrings.MODID + ":page_of_")
pancake	formal	HbmItems	pancake	ItemPancake	True	True	True	True	False	pancake = new ItemPancake(20, 20, false).setUnlocalizedName("pancake").setCreativeTab(MainRegistry.consumableTab).setTextureName(RefStrings.MODID + ":pancake")
part_barrel_heavy	formal	HbmItems	part_barrel_heavy	ItemAutogen	True	True	True	True	False	part_barrel_heavy = new ItemAutogen(MaterialShapes.HEAVYBARREL).setUnlocalizedName("part_barrel_heavy").setCreativeTab(MainRegistry.partsTab).setTextureName(RefStrings.MODID + ":part_barrel_heavy")
part_barrel_light	formal	HbmItems	part_barrel_light	ItemAutogen	True	True	True	True	False	part_barrel_light = new ItemAutogen(MaterialShapes.LIGHTBARREL).setUnlocalizedName("part_barrel_light").setCreativeTab(MainRegistry.partsTab).setTextureName(RefStrings.MODID + ":part_barrel_light")
part_beryllium	formal	HbmItems	part_beryllium	Item	True	True	True	True	False	part_beryllium = new Item().setUnlocalizedName("part_beryllium").setCreativeTab(MainRegistry.controlTab).setTextureName(RefStrings.MODID + ":part_beryllium")
part_carbon	formal	HbmItems	part_carbon	Item	True	True	True	True	False	part_carbon = new Item().setUnlocalizedName("part_carbon").setCreativeTab(MainRegistry.controlTab).setTextureName(RefStrings.MODID + ":part_carbon")
part_copper	formal	HbmItems	part_copper	Item	True	True	True	True	False	part_copper = new Item().setUnlocalizedName("part_copper").setCreativeTab(MainRegistry.controlTab).setTextureName(RefStrings.MODID + ":part_copper")
part_generic	formal	HbmItems	part_generic	ItemGenericPart	False	False	False	True	False	part_generic = new ItemGenericPart().setUnlocalizedName("part_generic").setCreativeTab(MainRegistry.partsTab).setTextureName(RefStrings.MODID + ":part_generic")
part_grip	formal	HbmItems	part_grip	ItemAutogen	True	True	True	True	False	part_grip = new ItemAutogen(MaterialShapes.GRIP).setUnlocalizedName("part_grip").setCreativeTab(MainRegistry.partsTab).setTextureName(RefStrings.MODID + ":part_grip")
part_lithium	formal	HbmItems	part_lithium	Item	True	True	True	True	False	part_lithium = new Item().setUnlocalizedName("part_lithium").setCreativeTab(MainRegistry.controlTab).setTextureName(RefStrings.MODID + ":part_lithium")
part_mechanism	formal	HbmItems	part_mechanism	ItemAutogen	True	True	True	True	False	part_mechanism = new ItemAutogen(MaterialShapes.MECHANISM).setUnlocalizedName("part_mechanism").setCreativeTab(MainRegistry.partsTab).setTextureName(RefStrings.MODID + ":part_mechanism")
part_plutonium	formal	HbmItems	part_plutonium	Item	True	True	True	True	False	part_plutonium = new Item().setUnlocalizedName("part_plutonium").setCreativeTab(MainRegistry.controlTab).setTextureName(RefStrings.MODID + ":part_plutonium")
part_receiver_heavy	formal	HbmItems	part_receiver_heavy	ItemAutogen	True	True	True	True	False	part_receiver_heavy = new ItemAutogen(MaterialShapes.HEAVYRECEIVER).setUnlocalizedName("part_receiver_heavy").setCreativeTab(MainRegistry.partsTab).setTextureName(RefStrings.MODID + ":part_receiver_heavy")
part_receiver_light	formal	HbmItems	part_receiver_light	ItemAutogen	True	True	True	True	False	part_receiver_light = new ItemAutogen(MaterialShapes.LIGHTRECEIVER).setUnlocalizedName("part_receiver_light").setCreativeTab(MainRegistry.partsTab).setTextureName(RefStrings.MODID + ":part_receiver_light")
part_stock	formal	HbmItems	part_stock	ItemAutogen	True	True	True	True	False	part_stock = new ItemAutogen(MaterialShapes.STOCK).setUnlocalizedName("part_stock").setCreativeTab(MainRegistry.partsTab).setTextureName(RefStrings.MODID + ":part_stock")
particle_amat	formal	HbmItems	particle_amat	Item	True	True	True	True	False	particle_amat = new Item().setUnlocalizedName("particle_amat").setCreativeTab(MainRegistry.controlTab).setContainerItem(ModItems.particle_empty).setTextureName(RefStrings.MODID + ":particle_amat")
particle_aschrab	formal	HbmItems	particle_aschrab	Item	True	True	True	True	False	particle_aschrab = new Item().setUnlocalizedName("particle_aschrab").setCreativeTab(MainRegistry.controlTab).setContainerItem(ModItems.particle_empty).setTextureName(RefStrings.MODID + ":particle_aschrab")
particle_copper	formal	HbmItems	particle_copper	Item	True	True	True	True	False	particle_copper = new Item().setUnlocalizedName("particle_copper").setCreativeTab(MainRegistry.controlTab).setContainerItem(ModItems.particle_empty).setTextureName(RefStrings.MODID + ":particle_copper")
particle_dark	formal	HbmItems	particle_dark	Item	True	True	True	True	False	particle_dark = new Item().setUnlocalizedName("particle_dark").setCreativeTab(MainRegistry.controlTab).setContainerItem(ModItems.particle_empty).setTextureName(RefStrings.MODID + ":particle_dark")
particle_digamma	formal	HbmItems	particle_digamma	ItemDigamma	True	True	True	True	False	particle_digamma = new ItemDigamma(60).setUnlocalizedName("particle_digamma").setCreativeTab(MainRegistry.controlTab).setContainerItem(ModItems.particle_empty).setTextureName(RefStrings.MODID + ":particle_digamma")
particle_empty	formal	HbmItems	particle_empty	Item	True	True	True	True	False	particle_empty = new Item().setUnlocalizedName("particle_empty").setCreativeTab(MainRegistry.controlTab).setTextureName(RefStrings.MODID + ":particle_empty")
particle_higgs	formal	HbmItems	particle_higgs	Item	True	True	True	True	False	particle_higgs = new Item().setUnlocalizedName("particle_higgs").setCreativeTab(MainRegistry.controlTab).setContainerItem(ModItems.particle_empty).setTextureName(RefStrings.MODID + ":particle_higgs")
particle_hydrogen	formal	HbmItems	particle_hydrogen	Item	True	True	True	True	False	particle_hydrogen = new Item().setUnlocalizedName("particle_hydrogen").setCreativeTab(MainRegistry.controlTab).setContainerItem(ModItems.particle_empty).setTextureName(RefStrings.MODID + ":particle_hydrogen")
particle_lead	formal	HbmItems	particle_lead	Item	True	True	True	True	False	particle_lead = new Item().setUnlocalizedName("particle_lead").setCreativeTab(MainRegistry.controlTab).setContainerItem(ModItems.particle_empty).setTextureName(RefStrings.MODID + ":particle_lead")
particle_lutece	formal	HbmItems	particle_lutece	Item	True	True	True	True	False	particle_lutece = new Item().setUnlocalizedName("particle_lutece").setCreativeTab(MainRegistry.controlTab).setContainerItem(ModItems.particle_empty).setTextureName(RefStrings.MODID + ":particle_lutece")
particle_muon	formal	HbmItems	particle_muon	Item	True	True	True	True	False	particle_muon = new Item().setUnlocalizedName("particle_muon").setCreativeTab(MainRegistry.controlTab).setContainerItem(ModItems.particle_empty).setTextureName(RefStrings.MODID + ":particle_muon")
particle_sparkticle	formal	HbmItems	particle_sparkticle	Item	True	True	True	True	False	particle_sparkticle = new Item().setUnlocalizedName("particle_sparkticle").setCreativeTab(MainRegistry.controlTab).setContainerItem(ModItems.particle_empty).setTextureName(RefStrings.MODID + ":particle_sparkticle")
particle_strange	formal	HbmItems	particle_strange	Item	True	True	True	True	False	particle_strange = new Item().setUnlocalizedName("particle_strange").setCreativeTab(MainRegistry.controlTab).setContainerItem(ModItems.particle_empty).setTextureName(RefStrings.MODID + ":particle_strange")
particle_tachyon	formal	HbmItems	particle_tachyon	Item	True	True	True	True	False	particle_tachyon = new Item().setUnlocalizedName("particle_tachyon").setCreativeTab(MainRegistry.controlTab).setContainerItem(ModItems.particle_empty).setTextureName(RefStrings.MODID + ":particle_tachyon")
parts_legendary	formal	HbmItems	parts_legendary	ItemEnumMulti	True	True	True	True	False	parts_legendary = new ItemEnumMulti(EnumLegendaryType.class, false, true).setUnlocalizedName("parts_legendary").setCreativeTab(MainRegistry.partsTab).setTextureName(RefStrings.MODID + ":parts_legendary")
pc1	formal	HbmItems	pc1	Item	True	True	False	True	False	pc1 = new Item().setUnlocalizedName("pc1").setTextureName(RefStrings.MODID + ":pc1")
pc2	formal	HbmItems	pc2	Item	True	True	False	True	False	pc2 = new Item().setUnlocalizedName("pc2").setTextureName(RefStrings.MODID + ":pc2")
pc3	formal	HbmItems	pc3	Item	True	True	False	True	False	pc3 = new Item().setUnlocalizedName("pc3").setTextureName(RefStrings.MODID + ":pc3")
pc4	formal	HbmItems	pc4	Item	True	True	False	True	False	pc4 = new Item().setUnlocalizedName("pc4").setTextureName(RefStrings.MODID + ":pc4")
pc5	formal	HbmItems	pc5	Item	True	True	False	True	False	pc5 = new Item().setUnlocalizedName("pc5").setTextureName(RefStrings.MODID + ":pc5")
pc6	formal	HbmItems	pc6	Item	True	True	False	True	False	pc6 = new Item().setUnlocalizedName("pc6").setTextureName(RefStrings.MODID + ":pc6")
pc7	formal	HbmItems	pc7	Item	True	True	False	True	False	pc7 = new Item().setUnlocalizedName("pc7").setTextureName(RefStrings.MODID + ":pc7")
pc8	formal	HbmItems	pc8	Item	True	True	False	True	False	pc8 = new Item().setUnlocalizedName("pc8").setTextureName(RefStrings.MODID + ":pc8")
peas	formal	HbmItems	peas	ItemPeas	True	True	True	True	False	peas = new ItemPeas().setUnlocalizedName("peas").setCreativeTab(MainRegistry.consumableTab).setTextureName(RefStrings.MODID + ":peas")
pedestal_steel	formal	HbmItems	pedestal_steel	Item	True	True	True	True	False	pedestal_steel = new Item().setUnlocalizedName("pedestal_steel").setCreativeTab(MainRegistry.partsTab).setTextureName(RefStrings.MODID + ":pedestal_steel")
pellet_antimatter	formal	HbmItems	pellet_antimatter	ItemDrop	True	True	True	True	False	pellet_antimatter = new ItemDrop().setUnlocalizedName("pellet_antimatter").setCreativeTab(MainRegistry.controlTab).setContainerItem(ModItems.cell_empty).setTextureName(RefStrings.MODID + ":pellet_antimatter")
pellet_buckshot	formal	HbmItems	pellet_buckshot	Item	False	True	True	True	False	pellet_buckshot = new Item().setUnlocalizedName("pellet_buckshot").setCreativeTab(MainRegistry.partsTab).setTextureName(RefStrings.MODID + ":pellets_lead")
pellet_charged	formal	HbmItems	pellet_charged	Item	False	False	True	True	False	pellet_charged = new Item().setUnlocalizedName("pellet_charged").setCreativeTab(MainRegistry.partsTab).setTextureName(RefStrings.MODID + ":pellets_charged")
pellet_cluster	formal	HbmItems	pellet_cluster	ItemCustomLore	True	True	True	True	False	pellet_cluster = new ItemCustomLore().setUnlocalizedName("pellet_cluster").setCreativeTab(MainRegistry.partsTab).setTextureName(RefStrings.MODID + ":pellet_cluster")
pellet_gas	formal	HbmItems	pellet_gas	ItemCustomLore	True	True	True	True	False	pellet_gas = new ItemCustomLore().setUnlocalizedName("pellet_gas").setCreativeTab(MainRegistry.partsTab).setTextureName(RefStrings.MODID + ":pellet_gas")
pellet_rtg	formal	HbmItems	pellet_rtg	ItemRTGPellet	True	True	True	True	False	pellet_rtg = new ItemRTGPellet(10).setDecays(DepletedRTGMaterial.LEAD, (long) (RTGUtil.getLifespan(87.7F, HalfLifeType.MEDIUM, false) * 1.5)).setUnlocalizedName("pellet_rtg").setCreativeTab(MainRegistry.controlTab).setMaxStackSize(1).setTextureName(RefStrings.MODID + ":pellet_rtg")
pellet_rtg_actinium	formal	HbmItems	pellet_rtg_actinium	ItemRTGPellet	True	True	True	True	False	pellet_rtg_actinium = new ItemRTGPellet(20).setDecays(DepletedRTGMaterial.LEAD, (long) (RTGUtil.getLifespan(21.8F, HalfLifeType.MEDIUM, false) * 1.5)).setUnlocalizedName("pellet_rtg_actinium").setCreativeTab(MainRegistry.controlTab).setTextureName(RefStrings.MODID + ":pellet_rtg_actinium")
pellet_rtg_americium	formal	HbmItems	pellet_rtg_americium	ItemRTGPellet	True	True	True	True	False	pellet_rtg_americium = new ItemRTGPellet(20).setDecays(DepletedRTGMaterial.NEPTUNIUM, (long) (RTGUtil.getLifespan(4.7F, HalfLifeType.LONG, false) * 1.5)).setUnlocalizedName("pellet_rtg_americium").setCreativeTab(MainRegistry.controlTab).setMaxStackSize(1).setTextureName(RefStrings.MODID + ":pellet_rtg_americium")
pellet_rtg_cobalt	formal	HbmItems	pellet_rtg_cobalt	ItemRTGPellet	True	True	True	True	False	pellet_rtg_cobalt = new ItemRTGPellet(15).setDecays(DepletedRTGMaterial.NICKEL, (long) (RTGUtil.getLifespan(5.3F, HalfLifeType.MEDIUM, false) * 1.5)).setUnlocalizedName("pellet_rtg_cobalt").setCreativeTab(MainRegistry.controlTab).setTextureName(RefStrings.MODID + ":pellet_rtg_cobalt")
pellet_rtg_depleted	formal	HbmItems	pellet_rtg_depleted	ItemRTGPelletDepleted	False	True	False	True	False	pellet_rtg_depleted = new ItemRTGPelletDepleted().setContainerItem(plate_iron).setUnlocalizedName("pellet_rtg_depleted").setCreativeTab(MainRegistry.controlTab)
pellet_rtg_gold	formal	HbmItems	pellet_rtg_gold	ItemRTGPellet	True	True	True	True	False	pellet_rtg_gold = new ItemRTGPellet(VersatileConfig.rtgDecay() ? 200 : 100).setDecays(DepletedRTGMaterial.MERCURY, (long) (RTGUtil.getLifespan(2.7F, HalfLifeType.SHORT, false) * 1.5)).setUnlocalizedName("pellet_rtg_gold").setCreativeTab(MainRegistry.controlTab).setMaxStackSize(1).setTextureName(RefStrings.MODID + ":pellet_rtg_gold")
pellet_rtg_lead	formal	HbmItems	pellet_rtg_lead	ItemRTGPellet	True	True	True	True	False	pellet_rtg_lead = new ItemRTGPellet(VersatileConfig.rtgDecay() ? 600 : 200).setDecays(DepletedRTGMaterial.BISMUTH, (long) (RTGUtil.getLifespan(0.3F, HalfLifeType.SHORT, false) * 1.5)).setUnlocalizedName("pellet_rtg_lead").setCreativeTab(MainRegistry.controlTab).setTextureName(RefStrings.MODID + ":pellet_rtg_lead")
pellet_rtg_polonium	formal	HbmItems	pellet_rtg_polonium	ItemRTGPellet	True	True	True	True	False	pellet_rtg_polonium = new ItemRTGPellet(50).setDecays(DepletedRTGMaterial.LEAD, (long) (RTGUtil.getLifespan(138.0F, HalfLifeType.SHORT, false) * 1.5)).setUnlocalizedName("pellet_rtg_polonium").setCreativeTab(MainRegistry.controlTab).setMaxStackSize(1).setTextureName(RefStrings.MODID + ":pellet_rtg_polonium")
pellet_rtg_radium	formal	HbmItems	pellet_rtg_radium	ItemRTGPellet	True	True	True	True	False	pellet_rtg_radium = new ItemRTGPellet(3).setDecays(DepletedRTGMaterial.LEAD, (long) (RTGUtil.getLifespan(16.0F, HalfLifeType.LONG, false) * 1.5)).setUnlocalizedName("pellet_rtg_radium").setCreativeTab(MainRegistry.controlTab).setMaxStackSize(1).setTextureName(RefStrings.MODID + ":pellet_rtg_radium")
pellet_rtg_strontium	formal	HbmItems	pellet_rtg_strontium	ItemRTGPellet	True	True	True	True	False	pellet_rtg_strontium = new ItemRTGPellet(15).setDecays(DepletedRTGMaterial.ZIRCONIUM, (long) (RTGUtil.getLifespan(29.0F, HalfLifeType.MEDIUM, false) * 1.5)).setUnlocalizedName("pellet_rtg_strontium").setCreativeTab(MainRegistry.controlTab).setTextureName(RefStrings.MODID + ":pellet_rtg_strontium")
pellet_rtg_weak	formal	HbmItems	pellet_rtg_weak	ItemRTGPellet	True	True	True	True	False	pellet_rtg_weak = new ItemRTGPellet(5).setDecays(DepletedRTGMaterial.LEAD, (long) (RTGUtil.getLifespan(1.0F, HalfLifeType.LONG, false) * 1.5)).setUnlocalizedName("pellet_rtg_weak").setCreativeTab(MainRegistry.controlTab).setMaxStackSize(1).setTextureName(RefStrings.MODID + ":pellet_rtg_weak")
photo_panel	formal	HbmItems	photo_panel	Item	True	True	True	True	False	photo_panel = new Item().setUnlocalizedName("photo_panel").setCreativeTab(MainRegistry.partsTab).setTextureName(RefStrings.MODID + ":photo_panel")
pile_rod_boron	formal	HbmItems	pile_rod_boron	ItemPileRod	True	True	True	True	False	pile_rod_boron = new ItemPileRod().setUnlocalizedName("pile_rod_boron").setCreativeTab(MainRegistry.controlTab).setTextureName(RefStrings.MODID + ":pile_rod_boron")
pile_rod_detector	formal	HbmItems	pile_rod_detector	ItemPileRod	True	True	True	True	False	pile_rod_detector = new ItemPileRod().setUnlocalizedName("pile_rod_detector").setCreativeTab(MainRegistry.controlTab).setTextureName(RefStrings.MODID + ":pile_rod_detector")
pile_rod_lithium	formal	HbmItems	pile_rod_lithium	ItemPileRod	True	True	True	True	False	pile_rod_lithium = new ItemPileRod().setUnlocalizedName("pile_rod_lithium").setCreativeTab(MainRegistry.controlTab).setTextureName(RefStrings.MODID + ":pile_rod_lithium")
pile_rod_plutonium	formal	HbmItems	pile_rod_plutonium	ItemPileRod	True	True	True	True	False	pile_rod_plutonium = new ItemPileRod().setUnlocalizedName("pile_rod_plutonium").setCreativeTab(MainRegistry.controlTab).setTextureName(RefStrings.MODID + ":pile_rod_plutonium")
pile_rod_pu239	formal	HbmItems	pile_rod_pu239	ItemPileRod	True	True	True	True	False	pile_rod_pu239 = new ItemPileRod().setUnlocalizedName("pile_rod_pu239").setCreativeTab(MainRegistry.controlTab).setTextureName(RefStrings.MODID + ":pile_rod_pu239")
pile_rod_source	formal	HbmItems	pile_rod_source	ItemPileRod	True	True	True	True	False	pile_rod_source = new ItemPileRod().setUnlocalizedName("pile_rod_source").setCreativeTab(MainRegistry.controlTab).setTextureName(RefStrings.MODID + ":pile_rod_source")
pile_rod_uranium	formal	HbmItems	pile_rod_uranium	ItemPileRod	True	True	True	True	False	pile_rod_uranium = new ItemPileRod().setUnlocalizedName("pile_rod_uranium").setCreativeTab(MainRegistry.controlTab).setTextureName(RefStrings.MODID + ":pile_rod_uranium")
pill_herbal	formal	HbmItems	pill_herbal	ItemPill	True	True	True	True	False	pill_herbal = new ItemPill(0).setUnlocalizedName("pill_herbal").setCreativeTab(MainRegistry.consumableTab).setTextureName(RefStrings.MODID + ":pill_herbal")
pill_iodine	formal	HbmItems	pill_iodine	ItemPill	True	True	True	True	False	pill_iodine = new ItemPill(0).setUnlocalizedName("pill_iodine").setCreativeTab(MainRegistry.consumableTab).setTextureName(RefStrings.MODID + ":pill_iodine")
pill_red	formal	HbmItems	pill_red	ItemPill	True	True	True	True	False	pill_red = new ItemPill(0).setUnlocalizedName("pill_red").setCreativeTab(MainRegistry.consumableTab).setTextureName(RefStrings.MODID + ":pill_red")
pin	formal	HbmItems	pin	ItemCustomLore	True	True	True	True	False	pin = new ItemCustomLore().setUnlocalizedName("pin").setMaxStackSize(8).setCreativeTab(MainRegistry.consumableTab).setTextureName(RefStrings.MODID + ":pin")
pipe	formal	HbmItems	pipe	ItemAutogen	True	True	False	True	False	pipe = new ItemAutogen(MaterialShapes.PIPE).oun("pipentm").setUnlocalizedName("pipe").setCreativeTab(MainRegistry.partsTab).setTextureName(RefStrings.MODID + ":pipe")
pipette	formal	HbmItems	pipette	ItemPipette	True	True	True	True	False	pipette = new ItemPipette().setUnlocalizedName("pipette").setMaxStackSize(1).setCreativeTab(MainRegistry.controlTab).setTextureName(RefStrings.MODID + ":pipette")
pipette_boron	formal	HbmItems	pipette_boron	ItemPipette	True	True	True	True	False	pipette_boron = new ItemPipette().setUnlocalizedName("pipette_boron").setMaxStackSize(1).setCreativeTab(MainRegistry.controlTab).setTextureName(RefStrings.MODID + ":pipette_boron")
pipette_laboratory	formal	HbmItems	pipette_laboratory	ItemPipette	True	True	True	True	False	pipette_laboratory = new ItemPipette().setUnlocalizedName("pipette_laboratory").setMaxStackSize(1).setCreativeTab(MainRegistry.controlTab).setTextureName(RefStrings.MODID + ":pipette_laboratory")
piston_selenium	formal	HbmItems	piston_selenium	Item	True	True	True	True	False	piston_selenium = new Item().setUnlocalizedName("piston_selenium").setCreativeTab(MainRegistry.controlTab).setTextureName(RefStrings.MODID + ":piston_selenium")
piston_set	formal	HbmItems	piston_set	ItemPistons	True	True	False	True	False	piston_set = new ItemPistons().setUnlocalizedName("piston_set").setCreativeTab(MainRegistry.controlTab).setMaxStackSize(1)
plan_c	formal	HbmItems	plan_c	ItemPill	True	True	True	True	False	plan_c = new ItemPill(0).setUnlocalizedName("plan_c").setCreativeTab(MainRegistry.consumableTab).setTextureName(RefStrings.MODID + ":plan_c")
plant_item	formal	HbmItems	plant_item	ItemEnumMulti	False	False	False	True	False	plant_item = new ItemEnumMulti(EnumPlantType.class, true, true).setUnlocalizedName("plant_item").setCreativeTab(MainRegistry.partsTab).setTextureName(RefStrings.MODID + ":plant_item")
plastic_bag	formal	HbmItems	plastic_bag	ItemPlasticBag	True	True	True	True	False	plastic_bag = new ItemPlasticBag().setUnlocalizedName("plastic_bag").setCreativeTab(MainRegistry.consumableTab).setTextureName(RefStrings.MODID + ":plastic_bag")
plate_aluminium	formal	HbmItems dynamic material/specialized registration	plate_aluminium	Item	True	True	True	True	False	plate_aluminium = new Item().setUnlocalizedName("plate_aluminium").setCreativeTab(MainRegistry.partsTab).setTextureName(RefStrings.MODID + ":plate_aluminium")
plate_armor_ajr	formal	HbmItems dynamic material/specialized registration	plate_armor_ajr	Item	True	True	True	True	False	plate_armor_ajr = new Item().setUnlocalizedName("plate_armor_ajr").setCreativeTab(MainRegistry.partsTab).setTextureName(RefStrings.MODID + ":plate_armor_ajr")
plate_armor_dnt	formal	HbmItems dynamic material/specialized registration	plate_armor_dnt	Item	True	True	True	True	False	plate_armor_dnt = new Item().setUnlocalizedName("plate_armor_dnt").setCreativeTab(MainRegistry.partsTab).setTextureName(RefStrings.MODID + ":plate_armor_dnt")
plate_armor_fau	formal	HbmItems dynamic material/specialized registration	plate_armor_fau	Item	True	True	True	True	False	plate_armor_fau = new Item().setUnlocalizedName("plate_armor_fau").setCreativeTab(MainRegistry.partsTab).setTextureName(RefStrings.MODID + ":plate_armor_fau")
plate_armor_hev	formal	HbmItems dynamic material/specialized registration	plate_armor_hev	Item	True	True	True	True	False	plate_armor_hev = new Item().setUnlocalizedName("plate_armor_hev").setCreativeTab(MainRegistry.partsTab).setTextureName(RefStrings.MODID + ":plate_armor_hev")
plate_armor_lunar	formal	HbmItems dynamic material/specialized registration	plate_armor_lunar	Item	True	True	True	True	False	plate_armor_lunar = new Item().setUnlocalizedName("plate_armor_lunar").setCreativeTab(MainRegistry.partsTab).setTextureName(RefStrings.MODID + ":plate_armor_lunar")
plate_armor_titanium	formal	HbmItems dynamic material/specialized registration	plate_armor_titanium	Item	True	True	True	True	False	plate_armor_titanium = new Item().setUnlocalizedName("plate_armor_titanium").setCreativeTab(MainRegistry.partsTab).setTextureName(RefStrings.MODID + ":plate_armor_titanium")
plate_bismuth	formal	HbmItems dynamic material/specialized registration	plate_bismuth	ItemCustomLore	True	True	True	True	False	plate_bismuth = new ItemCustomLore().setUnlocalizedName("plate_bismuth").setCreativeTab(MainRegistry.partsTab).setTextureName(RefStrings.MODID + ":plate_bismuth")
plate_cast	formal	HbmItems	plate_cast	ItemAutogen	True	True	True	True	False	plate_cast = new ItemAutogen(MaterialShapes.CASTPLATE).aot(Mats.MAT_BISMUTH, "plate_cast_bismuth").setUnlocalizedName("plate_cast").setCreativeTab(MainRegistry.partsTab).setTextureName(RefStrings.MODID + ":plate_cast")
plate_combine_steel	formal	HbmItems dynamic material/specialized registration	plate_combine_steel	Item	True	True	True	True	False	plate_combine_steel = new Item().setUnlocalizedName("plate_combine_steel").setCreativeTab(MainRegistry.partsTab).setTextureName(RefStrings.MODID + ":plate_combine_steel")
plate_copper	formal	HbmItems dynamic material/specialized registration	plate_copper	Item	True	True	True	True	False	plate_copper = new Item().setUnlocalizedName("plate_copper").setCreativeTab(MainRegistry.partsTab).setTextureName(RefStrings.MODID + ":plate_copper")
plate_dalekanium	formal	HbmItems dynamic material/specialized registration	plate_dalekanium	Item	True	True	True	True	False	plate_dalekanium = new Item().setUnlocalizedName("plate_dalekanium").setCreativeTab(MainRegistry.partsTab).setTextureName(RefStrings.MODID + ":plate_dalekanium")
plate_desh	formal	HbmItems dynamic material/specialized registration	plate_desh	Item	True	True	True	True	False	plate_desh = new Item().setUnlocalizedName("plate_desh").setCreativeTab(MainRegistry.partsTab).setTextureName(RefStrings.MODID + ":plate_desh")
plate_dineutronium	formal	HbmItems dynamic material/specialized registration	plate_dineutronium	Item	True	True	True	True	False	plate_dineutronium = new Item().setUnlocalizedName("plate_dineutronium").setCreativeTab(MainRegistry.partsTab).setTextureName(RefStrings.MODID + ":plate_dineutronium")
plate_dura_steel	formal	HbmItems dynamic material/specialized registration	plate_dura_steel	Item	True	True	True	True	False	plate_dura_steel = new Item().setUnlocalizedName("plate_dura_steel").setCreativeTab(MainRegistry.partsTab).setTextureName(RefStrings.MODID + ":plate_dura_steel")
plate_euphemium	formal	HbmItems dynamic material/specialized registration	plate_euphemium	ItemCustomLore	True	True	True	True	False	plate_euphemium = new ItemCustomLore().setRarity(EnumRarity.epic).setUnlocalizedName("plate_euphemium").setCreativeTab(MainRegistry.partsTab).setTextureName(RefStrings.MODID + ":plate_euphemium")
plate_fuel_mox	formal	HbmItems	plate_fuel_mox	ItemPlateFuel	True	True	True	True	False	plate_fuel_mox = new ItemPlateFuel(2400000).setFunction(FunctionEnum.LOGARITHM, 50).setUnlocalizedName("plate_fuel_mox").setMaxStackSize(1).setCreativeTab(MainRegistry.controlTab).setTextureName(RefStrings.MODID + ":plate_fuel_mox")
plate_fuel_pu238be	formal	HbmItems	plate_fuel_pu238be	ItemPlateFuel	True	True	True	True	False	plate_fuel_pu238be = new ItemPlateFuel(1000000).setFunction(FunctionEnum.PASSIVE, 50).setUnlocalizedName("plate_fuel_pu238be").setMaxStackSize(1).setCreativeTab(MainRegistry.controlTab).setTextureName(RefStrings.MODID + ":plate_fuel_pu238be")
plate_fuel_pu239	formal	HbmItems	plate_fuel_pu239	ItemPlateFuel	True	True	True	True	False	plate_fuel_pu239 = new ItemPlateFuel(2000000).setFunction(FunctionEnum.NEGATIVE_QUADRATIC, 50).setUnlocalizedName("plate_fuel_pu239").setMaxStackSize(1).setCreativeTab(MainRegistry.controlTab).setTextureName(RefStrings.MODID + ":plate_fuel_pu239")
plate_fuel_ra226be	formal	HbmItems	plate_fuel_ra226be	ItemPlateFuel	True	True	True	True	False	plate_fuel_ra226be = new ItemPlateFuel(1300000).setFunction(FunctionEnum.PASSIVE, 30).setUnlocalizedName("plate_fuel_ra226be").setMaxStackSize(1).setCreativeTab(MainRegistry.controlTab).setTextureName(RefStrings.MODID + ":plate_fuel_ra226be")
plate_fuel_sa326	formal	HbmItems	plate_fuel_sa326	ItemPlateFuel	True	True	True	True	False	plate_fuel_sa326 = new ItemPlateFuel(2000000).setFunction(FunctionEnum.LINEAR, 80).setUnlocalizedName("plate_fuel_sa326").setMaxStackSize(1).setCreativeTab(MainRegistry.controlTab).setTextureName(RefStrings.MODID + ":plate_fuel_sa326")
plate_fuel_u233	formal	HbmItems	plate_fuel_u233	ItemPlateFuel	True	True	True	True	False	plate_fuel_u233 = new ItemPlateFuel(2200000).setFunction(FunctionEnum.SQUARE_ROOT, 50).setUnlocalizedName("plate_fuel_u233").setMaxStackSize(1).setCreativeTab(MainRegistry.controlTab).setTextureName(RefStrings.MODID + ":plate_fuel_u233")
plate_fuel_u235	formal	HbmItems	plate_fuel_u235	ItemPlateFuel	True	True	True	True	False	plate_fuel_u235 = new ItemPlateFuel(2200000).setFunction(FunctionEnum.SQUARE_ROOT, 40).setUnlocalizedName("plate_fuel_u235").setMaxStackSize(1).setCreativeTab(MainRegistry.controlTab).setTextureName(RefStrings.MODID + ":plate_fuel_u235")
plate_gold	formal	HbmItems dynamic material/specialized registration	plate_gold	Item	True	True	True	True	False	plate_gold = new Item().setUnlocalizedName("plate_gold").setCreativeTab(MainRegistry.partsTab).setTextureName(RefStrings.MODID + ":plate_gold")
plate_gunmetal	formal	HbmItems dynamic material/specialized registration	plate_gunmetal	Item	True	True	True	True	False	plate_gunmetal = new Item().setUnlocalizedName("plate_gunmetal").setCreativeTab(MainRegistry.partsTab).setTextureName(RefStrings.MODID + ":plate_gunmetal")
plate_iron	formal	HbmItems dynamic material/specialized registration	plate_iron	Item	True	True	True	True	False	plate_iron = new Item().setUnlocalizedName("plate_iron").setCreativeTab(MainRegistry.partsTab).setTextureName(RefStrings.MODID + ":plate_iron")
plate_kevlar	formal	HbmItems dynamic material/specialized registration	plate_kevlar	Item	True	True	True	True	False	plate_kevlar = new Item().setUnlocalizedName("plate_kevlar").setCreativeTab(MainRegistry.partsTab).setTextureName(RefStrings.MODID + ":plate_kevlar")
plate_lead	formal	HbmItems dynamic material/specialized registration	plate_lead	Item	True	True	True	True	False	plate_lead = new Item().setUnlocalizedName("plate_lead").setCreativeTab(MainRegistry.partsTab).setTextureName(RefStrings.MODID + ":plate_lead")
plate_mixed	formal	HbmItems dynamic material/specialized registration	plate_mixed	Item	True	True	True	True	False	plate_mixed = new Item().setUnlocalizedName("plate_mixed").setCreativeTab(MainRegistry.partsTab).setTextureName(RefStrings.MODID + ":plate_mixed")
plate_paa	formal	HbmItems dynamic material/specialized registration	plate_paa	ItemCustomLore	True	True	True	True	False	plate_paa = new ItemCustomLore().setRarity(EnumRarity.uncommon).setUnlocalizedName("plate_paa").setCreativeTab(MainRegistry.partsTab).setTextureName(RefStrings.MODID + ":plate_paa")
plate_polymer	formal	HbmItems	plate_polymer	Item	True	True	True	True	False	plate_polymer = new Item().setUnlocalizedName("plate_polymer").setCreativeTab(MainRegistry.partsTab).setTextureName(RefStrings.MODID + ":plate_polymer")
plate_saturnite	formal	HbmItems dynamic material/specialized registration	plate_saturnite	ItemCustomLore	True	True	True	True	False	plate_saturnite = new ItemCustomLore().setRarity(EnumRarity.rare).setUnlocalizedName("plate_saturnite").setCreativeTab(MainRegistry.partsTab).setTextureName(RefStrings.MODID + ":plate_saturnite")
plate_schrabidium	formal	HbmItems dynamic material/specialized registration	plate_schrabidium	ItemCustomLore	True	True	True	True	False	plate_schrabidium = new ItemCustomLore().setRarity(EnumRarity.rare).setUnlocalizedName("plate_schrabidium").setCreativeTab(MainRegistry.partsTab).setTextureName(RefStrings.MODID + ":plate_schrabidium")
plate_steel	formal	HbmItems dynamic material/specialized registration	plate_steel	Item	True	True	True	True	False	plate_steel = new Item().setUnlocalizedName("plate_steel").setCreativeTab(MainRegistry.partsTab).setTextureName(RefStrings.MODID + ":plate_steel")
plate_titanium	formal	HbmItems dynamic material/specialized registration	plate_titanium	Item	True	True	True	True	False	plate_titanium = new Item().setUnlocalizedName("plate_titanium").setCreativeTab(MainRegistry.partsTab).setTextureName(RefStrings.MODID + ":plate_titanium")
plate_weaponsteel	formal	HbmItems dynamic material/specialized registration	plate_weaponsteel	Item	False	True	True	True	False	plate_weaponsteel = new Item().setUnlocalizedName("plate_weaponsteel").setCreativeTab(MainRegistry.partsTab).setTextureName(RefStrings.MODID + ":plate_gunsteel")
plate_welded	formal	HbmItems	plate_welded	ItemAutogen	True	True	True	True	False	plate_welded = new ItemAutogen(MaterialShapes.WELDEDPLATE).setUnlocalizedName("plate_welded").setCreativeTab(MainRegistry.partsTab).setTextureName(RefStrings.MODID + ":plate_welded")
polaroid	formal	HbmItems	polaroid	ItemPolaroid	False	True	True	True	False	polaroid = new ItemPolaroid().setUnlocalizedName("polaroid").setMaxStackSize(1).setCreativeTab(MainRegistry.consumableTab).setTextureName(RefStrings.MODID + ":polaroid_" + MainRegistry.polaroidID)
pollution_detector	formal	HbmItems	pollution_detector	ItemPollutionDetector	True	True	True	True	False	pollution_detector = new ItemPollutionDetector().setUnlocalizedName("pollution_detector").setMaxStackSize(1).setCreativeTab(MainRegistry.consumableTab).setTextureName(RefStrings.MODID + ":pollution_detector")
powder_actinium	formal	HbmItems dynamic material/specialized registration	powder_actinium	ItemCustomLore	True	True	True	True	False	powder_actinium = new ItemCustomLore().setRarity(EnumRarity.epic).setUnlocalizedName("powder_actinium").setCreativeTab(MainRegistry.partsTab).setTextureName(RefStrings.MODID + ":powder_actinium")
powder_actinium_tiny	formal	HbmItems dynamic material/specialized registration	powder_actinium_tiny	Item	True	True	True	True	False	powder_actinium_tiny = new Item().setUnlocalizedName("powder_actinium_tiny").setCreativeTab(MainRegistry.partsTab).setTextureName(RefStrings.MODID + ":powder_actinium_tiny")
powder_aluminium	formal	HbmItems dynamic material/specialized registration	powder_aluminium	Item	True	True	True	True	False	powder_aluminium = new Item().setUnlocalizedName("powder_aluminium").setCreativeTab(MainRegistry.partsTab).setTextureName(RefStrings.MODID + ":powder_aluminium")
powder_asbestos	formal	HbmItems dynamic material/specialized registration	powder_asbestos	ItemCustomLore	True	True	True	True	False	powder_asbestos = new ItemCustomLore().setUnlocalizedName("powder_asbestos").setCreativeTab(MainRegistry.partsTab).setTextureName(RefStrings.MODID + ":powder_asbestos")
powder_ash	formal	HbmItems	powder_ash	ItemEnumMulti	False	False	False	True	False	powder_ash = new ItemEnumMulti(EnumAshType.class, true, true).setUnlocalizedName("powder_ash").setCreativeTab(MainRegistry.partsTab).setTextureName(RefStrings.MODID + ":powder_ash")
powder_astatine	formal	HbmItems dynamic material/specialized registration	powder_astatine	ItemCustomLore	True	True	True	True	False	powder_astatine = new ItemCustomLore().setRarity(EnumRarity.epic).setUnlocalizedName("powder_astatine").setCreativeTab(MainRegistry.partsTab).setTextureName(RefStrings.MODID + ":powder_astatine")
powder_at209	formal	HbmItems dynamic material/specialized registration	powder_at209	Item	True	True	True	True	False	powder_at209 = new Item().setUnlocalizedName("powder_at209").setCreativeTab(MainRegistry.partsTab).setTextureName(RefStrings.MODID + ":powder_at209")
powder_au198	formal	HbmItems	powder_au198	Item	True	True	True	True	False	powder_au198 = new Item().setUnlocalizedName("powder_au198").setCreativeTab(MainRegistry.partsTab).setTextureName(RefStrings.MODID + ":powder_au198")
powder_australium	formal	HbmItems dynamic material/specialized registration	powder_australium	ItemCustomLore	True	True	True	True	False	powder_australium = new ItemCustomLore().setRarity(EnumRarity.uncommon).setUnlocalizedName("powder_australium").setCreativeTab(MainRegistry.partsTab).setTextureName(RefStrings.MODID + ":powder_australium")
powder_bakelite	formal	HbmItems dynamic material/specialized registration	powder_bakelite	ItemCustomLore	True	True	True	True	False	powder_bakelite = new ItemCustomLore().setUnlocalizedName("powder_bakelite").setCreativeTab(MainRegistry.partsTab).setTextureName(RefStrings.MODID + ":powder_bakelite")
powder_balefire	formal	HbmItems dynamic material/specialized registration	powder_balefire	Item	True	True	True	True	False	powder_balefire = new Item().setUnlocalizedName("powder_balefire").setCreativeTab(MainRegistry.partsTab).setTextureName(RefStrings.MODID + ":powder_balefire")
powder_beryllium	formal	HbmItems dynamic material/specialized registration	powder_beryllium	Item	True	True	True	True	False	powder_beryllium = new Item().setUnlocalizedName("powder_beryllium").setCreativeTab(MainRegistry.partsTab).setTextureName(RefStrings.MODID + ":powder_beryllium")
powder_bismuth	formal	HbmItems dynamic material/specialized registration	powder_bismuth	Item	True	True	True	True	False	powder_bismuth = new Item().setUnlocalizedName("powder_bismuth").setCreativeTab(MainRegistry.partsTab).setTextureName(RefStrings.MODID + ":powder_bismuth")
powder_borax	formal	HbmItems dynamic material/specialized registration	powder_borax	Item	True	True	True	True	False	powder_borax = new Item().setUnlocalizedName("powder_borax").setCreativeTab(MainRegistry.partsTab).setTextureName(RefStrings.MODID + ":powder_borax")
powder_boron	formal	HbmItems dynamic material/specialized registration	powder_boron	ItemCustomLore	True	True	True	True	False	powder_boron = new ItemCustomLore().setRarity(EnumRarity.epic).setUnlocalizedName("powder_boron").setCreativeTab(MainRegistry.partsTab).setTextureName(RefStrings.MODID + ":powder_boron")
powder_boron_tiny	formal	HbmItems dynamic material/specialized registration	powder_boron_tiny	Item	True	True	True	True	False	powder_boron_tiny = new Item().setUnlocalizedName("powder_boron_tiny").setCreativeTab(MainRegistry.partsTab).setTextureName(RefStrings.MODID + ":powder_boron_tiny")
powder_bromine	formal	HbmItems dynamic material/specialized registration	powder_bromine	ItemCustomLore	True	True	True	True	False	powder_bromine = new ItemCustomLore().setRarity(EnumRarity.epic).setUnlocalizedName("powder_bromine").setCreativeTab(MainRegistry.partsTab).setTextureName(RefStrings.MODID + ":powder_bromine")
powder_cadmium	formal	HbmItems dynamic material/specialized registration	powder_cadmium	Item	True	True	True	True	False	powder_cadmium = new Item().setUnlocalizedName("powder_cadmium").setCreativeTab(MainRegistry.partsTab).setTextureName(RefStrings.MODID + ":powder_cadmium")
powder_caesium	formal	HbmItems dynamic material/specialized registration	powder_caesium	ItemCustomLore	True	True	True	True	False	powder_caesium = new ItemCustomLore().setRarity(EnumRarity.epic).setUnlocalizedName("powder_caesium").setCreativeTab(MainRegistry.partsTab).setTextureName(RefStrings.MODID + ":powder_caesium")
powder_calcium	formal	HbmItems dynamic material/specialized registration	powder_calcium	Item	True	True	True	True	False	powder_calcium = new Item().setUnlocalizedName("powder_calcium").setCreativeTab(MainRegistry.partsTab).setTextureName(RefStrings.MODID + ":powder_calcium")
powder_cement	formal	HbmItems dynamic material/specialized registration	powder_cement	ItemLemon	True	True	True	True	False	powder_cement = new ItemLemon(2, 0.5F, false).setUnlocalizedName("powder_cement").setCreativeTab(MainRegistry.partsTab).setTextureName(RefStrings.MODID + ":powder_cement")
powder_cerium	formal	HbmItems dynamic material/specialized registration	powder_cerium	ItemCustomLore	True	True	True	True	False	powder_cerium = new ItemCustomLore().setRarity(EnumRarity.epic).setUnlocalizedName("powder_cerium").setCreativeTab(MainRegistry.partsTab).setTextureName(RefStrings.MODID + ":powder_cerium")
powder_cerium_tiny	formal	HbmItems dynamic material/specialized registration	powder_cerium_tiny	Item	True	True	True	True	False	powder_cerium_tiny = new Item().setUnlocalizedName("powder_cerium_tiny").setCreativeTab(MainRegistry.partsTab).setTextureName(RefStrings.MODID + ":powder_cerium_tiny")
powder_chlorocalcite	formal	HbmItems dynamic material/specialized registration	powder_chlorocalcite	Item	True	True	True	True	False	powder_chlorocalcite = new Item().setUnlocalizedName("powder_chlorocalcite").setCreativeTab(MainRegistry.partsTab).setTextureName(RefStrings.MODID + ":powder_chlorocalcite")
powder_chlorophyte	formal	HbmItems dynamic material/specialized registration	powder_chlorophyte	Item	True	True	True	True	False	powder_chlorophyte = new Item().setUnlocalizedName("powder_chlorophyte").setCreativeTab(MainRegistry.partsTab).setTextureName(RefStrings.MODID + ":powder_chlorophyte")
powder_co60	formal	HbmItems dynamic material/specialized registration	powder_co60	Item	True	True	True	True	False	powder_co60 = new Item().setUnlocalizedName("powder_co60").setCreativeTab(MainRegistry.partsTab).setTextureName(RefStrings.MODID + ":powder_co60")
powder_coal	formal	HbmItems dynamic material/specialized registration	powder_coal	Item	True	True	True	True	False	powder_coal = new Item().setUnlocalizedName("powder_coal").setCreativeTab(MainRegistry.partsTab).setTextureName(RefStrings.MODID + ":powder_coal")
powder_coal_tiny	formal	HbmItems dynamic material/specialized registration	powder_coal_tiny	Item	True	True	True	True	False	powder_coal_tiny = new Item().setUnlocalizedName("powder_coal_tiny").setCreativeTab(MainRegistry.partsTab).setTextureName(RefStrings.MODID + ":powder_coal_tiny")
powder_cobalt	formal	HbmItems dynamic material/specialized registration	powder_cobalt	ItemCustomLore	True	True	True	True	False	powder_cobalt = new ItemCustomLore().setRarity(EnumRarity.epic).setUnlocalizedName("powder_cobalt").setCreativeTab(MainRegistry.partsTab).setTextureName(RefStrings.MODID + ":powder_cobalt")
powder_cobalt_tiny	formal	HbmItems dynamic material/specialized registration	powder_cobalt_tiny	Item	True	True	True	True	False	powder_cobalt_tiny = new Item().setUnlocalizedName("powder_cobalt_tiny").setCreativeTab(MainRegistry.partsTab).setTextureName(RefStrings.MODID + ":powder_cobalt_tiny")
powder_coltan	formal	HbmItems dynamic material/specialized registration	powder_coltan	Item	True	True	True	True	False	powder_coltan = new Item().setUnlocalizedName("powder_coltan").setCreativeTab(MainRegistry.partsTab).setTextureName(RefStrings.MODID + ":powder_coltan")
powder_coltan_ore	formal	HbmItems dynamic material/specialized registration	powder_coltan_ore	Item	True	True	True	True	False	powder_coltan_ore = new Item().setUnlocalizedName("powder_coltan_ore").setCreativeTab(MainRegistry.partsTab).setTextureName(RefStrings.MODID + ":powder_coltan_ore")
powder_combine_steel	formal	HbmItems dynamic material/specialized registration	powder_combine_steel	Item	True	True	True	True	False	powder_combine_steel = new Item().setUnlocalizedName("powder_combine_steel").setCreativeTab(MainRegistry.partsTab).setTextureName(RefStrings.MODID + ":powder_combine_steel")
powder_copper	formal	HbmItems dynamic material/specialized registration	powder_copper	Item	True	True	True	True	False	powder_copper = new Item().setUnlocalizedName("powder_copper").setCreativeTab(MainRegistry.partsTab).setTextureName(RefStrings.MODID + ":powder_copper")
powder_cs137	formal	HbmItems dynamic material/specialized registration	powder_cs137	Item	True	True	True	True	False	powder_cs137 = new Item().setUnlocalizedName("powder_cs137").setCreativeTab(MainRegistry.partsTab).setTextureName(RefStrings.MODID + ":powder_cs137")
powder_cs137_tiny	formal	HbmItems dynamic material/specialized registration	powder_cs137_tiny	Item	True	True	True	True	False	powder_cs137_tiny = new Item().setUnlocalizedName("powder_cs137_tiny").setCreativeTab(MainRegistry.partsTab).setTextureName(RefStrings.MODID + ":powder_cs137_tiny")
powder_desh	formal	HbmItems dynamic material/specialized registration	powder_desh	Item	True	True	True	True	False	powder_desh = new Item().setUnlocalizedName("powder_desh").setCreativeTab(MainRegistry.partsTab).setTextureName(RefStrings.MODID + ":powder_desh")
powder_desh_mix	formal	HbmItems dynamic material/specialized registration	powder_desh_mix	Item	True	True	True	True	False	powder_desh_mix = new Item().setUnlocalizedName("powder_desh_mix").setCreativeTab(MainRegistry.partsTab).setTextureName(RefStrings.MODID + ":powder_desh_mix")
powder_desh_ready	formal	HbmItems dynamic material/specialized registration	powder_desh_ready	Item	True	True	True	True	False	powder_desh_ready = new Item().setUnlocalizedName("powder_desh_ready").setCreativeTab(MainRegistry.partsTab).setTextureName(RefStrings.MODID + ":powder_desh_ready")
powder_diamond	formal	HbmItems dynamic material/specialized registration	powder_diamond	Item	True	True	True	True	False	powder_diamond = new Item().setUnlocalizedName("powder_diamond").setCreativeTab(MainRegistry.partsTab).setTextureName(RefStrings.MODID + ":powder_diamond")
powder_dineutronium	formal	HbmItems dynamic material/specialized registration	powder_dineutronium	ItemCustomLore	True	True	True	True	False	powder_dineutronium = new ItemCustomLore().setUnlocalizedName("powder_dineutronium").setCreativeTab(MainRegistry.partsTab).setTextureName(RefStrings.MODID + ":powder_dineutronium")
powder_dura_steel	formal	HbmItems dynamic material/specialized registration	powder_dura_steel	ItemCustomLore	True	True	True	True	False	powder_dura_steel = new ItemCustomLore().setUnlocalizedName("powder_dura_steel").setCreativeTab(MainRegistry.partsTab).setTextureName(RefStrings.MODID + ":powder_dura_steel")
powder_emerald	formal	HbmItems dynamic material/specialized registration	powder_emerald	Item	True	True	True	True	False	powder_emerald = new Item().setUnlocalizedName("powder_emerald").setCreativeTab(MainRegistry.partsTab).setTextureName(RefStrings.MODID + ":powder_emerald")
powder_euphemium	formal	HbmItems dynamic material/specialized registration	powder_euphemium	ItemCustomLore	True	True	True	True	False	powder_euphemium = new ItemCustomLore().setRarity(EnumRarity.epic).setUnlocalizedName("powder_euphemium").setCreativeTab(MainRegistry.partsTab).setTextureName(RefStrings.MODID + ":powder_euphemium")
powder_fertilizer	formal	HbmItems dynamic material/specialized registration	powder_fertilizer	ItemFertilizer	True	True	True	True	False	powder_fertilizer = new ItemFertilizer().setUnlocalizedName("powder_fertilizer").setCreativeTab(MainRegistry.partsTab).setTextureName(RefStrings.MODID + ":powder_fertilizer")
powder_fire	formal	HbmItems dynamic material/specialized registration	powder_fire	ItemCustomLore	False	True	True	True	False	powder_fire = new ItemCustomLore().setUnlocalizedName("powder_fire").setCreativeTab(MainRegistry.partsTab).setTextureName(RefStrings.MODID + ":powder_red_phosphorus")
powder_flux	formal	HbmItems dynamic material/specialized registration	powder_flux	Item	True	True	True	True	False	powder_flux = new Item().setUnlocalizedName("powder_flux").setCreativeTab(MainRegistry.partsTab).setTextureName(RefStrings.MODID + ":powder_flux")
powder_gold	formal	HbmItems dynamic material/specialized registration	powder_gold	Item	True	True	True	True	False	powder_gold = new Item().setUnlocalizedName("powder_gold").setCreativeTab(MainRegistry.partsTab).setTextureName(RefStrings.MODID + ":powder_gold")
powder_i131	formal	HbmItems dynamic material/specialized registration	powder_i131	Item	True	True	True	True	False	powder_i131 = new Item().setUnlocalizedName("powder_i131").setCreativeTab(MainRegistry.partsTab).setTextureName(RefStrings.MODID + ":powder_i131")
powder_i131_tiny	formal	HbmItems dynamic material/specialized registration	powder_i131_tiny	Item	True	True	True	True	False	powder_i131_tiny = new Item().setUnlocalizedName("powder_i131_tiny").setCreativeTab(MainRegistry.partsTab).setTextureName(RefStrings.MODID + ":powder_i131_tiny")
powder_ice	formal	HbmItems dynamic material/specialized registration	powder_ice	ItemCustomLore	True	True	True	True	False	powder_ice = new ItemCustomLore().setUnlocalizedName("powder_ice").setCreativeTab(MainRegistry.partsTab).setTextureName(RefStrings.MODID + ":powder_ice")
powder_impure_osmiridium	formal	HbmItems dynamic material/specialized registration	powder_impure_osmiridium	Item	True	True	True	True	False	powder_impure_osmiridium = new Item().setUnlocalizedName("powder_impure_osmiridium").setCreativeTab(MainRegistry.partsTab).setTextureName(RefStrings.MODID + ":powder_impure_osmiridium")
powder_iodine	formal	HbmItems dynamic material/specialized registration	powder_iodine	ItemCustomLore	True	True	True	True	False	powder_iodine = new ItemCustomLore().setRarity(EnumRarity.epic).setUnlocalizedName("powder_iodine").setCreativeTab(MainRegistry.partsTab).setTextureName(RefStrings.MODID + ":powder_iodine")
powder_iron	formal	HbmItems dynamic material/specialized registration	powder_iron	Item	True	True	True	True	False	powder_iron = new Item().setUnlocalizedName("powder_iron").setCreativeTab(MainRegistry.partsTab).setTextureName(RefStrings.MODID + ":powder_iron")
powder_lanthanium	formal	HbmItems dynamic material/specialized registration	powder_lanthanium	ItemCustomLore	True	True	True	True	False	powder_lanthanium = new ItemCustomLore().setRarity(EnumRarity.epic).setUnlocalizedName("powder_lanthanium").setCreativeTab(MainRegistry.partsTab).setTextureName(RefStrings.MODID + ":powder_lanthanium")
powder_lanthanium_tiny	formal	HbmItems dynamic material/specialized registration	powder_lanthanium_tiny	Item	True	True	True	True	False	powder_lanthanium_tiny = new Item().setUnlocalizedName("powder_lanthanium_tiny").setCreativeTab(MainRegistry.partsTab).setTextureName(RefStrings.MODID + ":powder_lanthanium_tiny")
powder_lapis	formal	HbmItems dynamic material/specialized registration	powder_lapis	Item	True	True	True	True	False	powder_lapis = new Item().setUnlocalizedName("powder_lapis").setCreativeTab(MainRegistry.partsTab).setTextureName(RefStrings.MODID + ":powder_lapis")
powder_lead	formal	HbmItems dynamic material/specialized registration	powder_lead	Item	True	True	True	True	False	powder_lead = new Item().setUnlocalizedName("powder_lead").setCreativeTab(MainRegistry.partsTab).setTextureName(RefStrings.MODID + ":powder_lead")
powder_lignite	formal	HbmItems dynamic material/specialized registration	powder_lignite	Item	True	True	True	True	False	powder_lignite = new Item().setUnlocalizedName("powder_lignite").setCreativeTab(MainRegistry.partsTab).setTextureName(RefStrings.MODID + ":powder_lignite")
powder_limestone	formal	HbmItems dynamic material/specialized registration	powder_limestone	Item	True	True	True	True	False	powder_limestone = new Item().setUnlocalizedName("powder_limestone").setCreativeTab(MainRegistry.partsTab).setTextureName(RefStrings.MODID + ":powder_limestone")
powder_lithium	formal	HbmItems dynamic material/specialized registration	powder_lithium	Item	True	True	True	True	False	powder_lithium = new Item().setUnlocalizedName("powder_lithium").setCreativeTab(MainRegistry.partsTab).setTextureName(RefStrings.MODID + ":powder_lithium")
powder_lithium_tiny	formal	HbmItems dynamic material/specialized registration	powder_lithium_tiny	Item	True	True	True	True	False	powder_lithium_tiny = new Item().setUnlocalizedName("powder_lithium_tiny").setCreativeTab(MainRegistry.partsTab).setTextureName(RefStrings.MODID + ":powder_lithium_tiny")
powder_magic	formal	HbmItems dynamic material/specialized registration	powder_magic	Item	True	True	True	True	False	powder_magic = new Item().setUnlocalizedName("powder_magic").setCreativeTab(MainRegistry.partsTab).setTextureName(RefStrings.MODID + ":powder_magic")
powder_magnetized_tungsten	formal	HbmItems dynamic material/specialized registration	powder_magnetized_tungsten	Item	True	True	True	True	False	powder_magnetized_tungsten = new Item().setUnlocalizedName("powder_magnetized_tungsten").setCreativeTab(MainRegistry.partsTab).setTextureName(RefStrings.MODID + ":powder_magnetized_tungsten")
powder_meteorite	formal	HbmItems dynamic material/specialized registration	powder_meteorite	Item	True	True	True	True	False	powder_meteorite = new Item().setUnlocalizedName("powder_meteorite").setCreativeTab(MainRegistry.partsTab).setTextureName(RefStrings.MODID + ":powder_meteorite")
powder_meteorite_tiny	formal	HbmItems dynamic material/specialized registration	powder_meteorite_tiny	Item	True	True	True	True	False	powder_meteorite_tiny = new Item().setUnlocalizedName("powder_meteorite_tiny").setCreativeTab(MainRegistry.partsTab).setTextureName(RefStrings.MODID + ":powder_meteorite_tiny")
powder_molysite	formal	HbmItems dynamic material/specialized registration	powder_molysite	Item	True	True	True	True	False	powder_molysite = new Item().setUnlocalizedName("powder_molysite").setCreativeTab(MainRegistry.partsTab).setTextureName(RefStrings.MODID + ":powder_molysite")
powder_neodymium	formal	HbmItems dynamic material/specialized registration	powder_neodymium	ItemCustomLore	True	True	True	True	False	powder_neodymium = new ItemCustomLore().setRarity(EnumRarity.epic).setUnlocalizedName("powder_neodymium").setCreativeTab(MainRegistry.partsTab).setTextureName(RefStrings.MODID + ":powder_neodymium")
powder_neodymium_tiny	formal	HbmItems dynamic material/specialized registration	powder_neodymium_tiny	Item	True	True	True	True	False	powder_neodymium_tiny = new Item().setUnlocalizedName("powder_neodymium_tiny").setCreativeTab(MainRegistry.partsTab).setTextureName(RefStrings.MODID + ":powder_neodymium_tiny")
powder_neptunium	formal	HbmItems dynamic material/specialized registration	powder_neptunium	Item	True	True	True	True	False	powder_neptunium = new Item().setUnlocalizedName("powder_neptunium").setCreativeTab(MainRegistry.partsTab).setTextureName(RefStrings.MODID + ":powder_neptunium")
powder_niobium	formal	HbmItems dynamic material/specialized registration	powder_niobium	ItemCustomLore	True	True	True	True	False	powder_niobium = new ItemCustomLore().setRarity(EnumRarity.epic).setUnlocalizedName("powder_niobium").setCreativeTab(MainRegistry.partsTab).setTextureName(RefStrings.MODID + ":powder_niobium")
powder_niobium_tiny	formal	HbmItems dynamic material/specialized registration	powder_niobium_tiny	Item	True	True	True	True	False	powder_niobium_tiny = new Item().setUnlocalizedName("powder_niobium_tiny").setCreativeTab(MainRegistry.partsTab).setTextureName(RefStrings.MODID + ":powder_niobium_tiny")
powder_nitan_mix	formal	HbmItems dynamic material/specialized registration	powder_nitan_mix	Item	True	True	True	True	False	powder_nitan_mix = new Item().setUnlocalizedName("powder_nitan_mix").setCreativeTab(MainRegistry.partsTab).setTextureName(RefStrings.MODID + ":powder_nitan_mix")
powder_paleogenite	formal	HbmItems dynamic material/specialized registration	powder_paleogenite	Item	True	True	True	True	False	powder_paleogenite = new Item().setUnlocalizedName("powder_paleogenite").setCreativeTab(MainRegistry.partsTab).setTextureName(RefStrings.MODID + ":powder_paleogenite")
powder_paleogenite_tiny	formal	HbmItems dynamic material/specialized registration	powder_paleogenite_tiny	Item	True	True	True	True	False	powder_paleogenite_tiny = new Item().setUnlocalizedName("powder_paleogenite_tiny").setCreativeTab(MainRegistry.partsTab).setTextureName(RefStrings.MODID + ":powder_paleogenite_tiny")
powder_plutonium	formal	HbmItems dynamic material/specialized registration	powder_plutonium	Item	True	True	True	True	False	powder_plutonium = new Item().setUnlocalizedName("powder_plutonium").setCreativeTab(MainRegistry.partsTab).setTextureName(RefStrings.MODID + ":powder_plutonium")
powder_poison	formal	HbmItems dynamic material/specialized registration	powder_poison	ItemCustomLore	True	True	True	True	False	powder_poison = new ItemCustomLore().setUnlocalizedName("powder_poison").setCreativeTab(MainRegistry.partsTab).setTextureName(RefStrings.MODID + ":powder_poison")
powder_polonium	formal	HbmItems dynamic material/specialized registration	powder_polonium	Item	True	True	True	True	False	powder_polonium = new Item().setUnlocalizedName("powder_polonium").setCreativeTab(MainRegistry.partsTab).setTextureName(RefStrings.MODID + ":powder_polonium")
powder_polymer	formal	HbmItems dynamic material/specialized registration	powder_polymer	ItemCustomLore	True	True	True	True	False	powder_polymer = new ItemCustomLore().setUnlocalizedName("powder_polymer").setCreativeTab(MainRegistry.partsTab).setTextureName(RefStrings.MODID + ":powder_polymer")
powder_power	formal	HbmItems dynamic material/specialized registration	powder_power	ItemCustomLore	False	True	True	True	False	powder_power = new ItemCustomLore().setRarity(EnumRarity.uncommon).setUnlocalizedName("powder_power").setCreativeTab(MainRegistry.partsTab).setTextureName(RefStrings.MODID + ":powder_energy_alt")
powder_quartz	formal	HbmItems dynamic material/specialized registration	powder_quartz	Item	True	True	True	True	False	powder_quartz = new Item().setUnlocalizedName("powder_quartz").setCreativeTab(MainRegistry.partsTab).setTextureName(RefStrings.MODID + ":powder_quartz")
powder_ra226	formal	HbmItems dynamic material/specialized registration	powder_ra226	Item	True	True	True	True	False	powder_ra226 = new Item().setUnlocalizedName("powder_ra226").setCreativeTab(MainRegistry.partsTab).setTextureName(RefStrings.MODID + ":powder_ra226")
powder_red_copper	formal	HbmItems dynamic material/specialized registration	powder_red_copper	Item	True	True	True	True	False	powder_red_copper = new Item().setUnlocalizedName("powder_red_copper").setCreativeTab(MainRegistry.partsTab).setTextureName(RefStrings.MODID + ":powder_red_copper")
powder_sawdust	formal	HbmItems dynamic material/specialized registration	powder_sawdust	Item	True	True	True	True	False	powder_sawdust = new Item().setUnlocalizedName("powder_sawdust").setCreativeTab(MainRegistry.partsTab).setTextureName(RefStrings.MODID + ":powder_sawdust")
powder_schrabidate	formal	HbmItems dynamic material/specialized registration	powder_schrabidate	ItemCustomLore	True	True	True	True	False	powder_schrabidate = new ItemCustomLore().setRarity(EnumRarity.rare).setUnlocalizedName("powder_schrabidate").setCreativeTab(MainRegistry.partsTab).setTextureName(RefStrings.MODID + ":powder_schrabidate")
powder_schrabidium	formal	HbmItems dynamic material/specialized registration	powder_schrabidium	ItemCustomLore	True	True	True	True	False	powder_schrabidium = new ItemCustomLore().setRarity(EnumRarity.rare).setUnlocalizedName("powder_schrabidium").setCreativeTab(MainRegistry.partsTab).setTextureName(RefStrings.MODID + ":powder_schrabidium")
powder_semtex_mix	formal	HbmItems dynamic material/specialized registration	powder_semtex_mix	Item	True	True	True	True	False	powder_semtex_mix = new Item().setUnlocalizedName("powder_semtex_mix").setCreativeTab(MainRegistry.partsTab).setTextureName(RefStrings.MODID + ":powder_semtex_mix")
powder_sodium	formal	HbmItems dynamic material/specialized registration	powder_sodium	Item	True	True	True	True	False	powder_sodium = new Item().setUnlocalizedName("powder_sodium").setCreativeTab(MainRegistry.partsTab).setTextureName(RefStrings.MODID + ":powder_sodium")
powder_spark_mix	formal	HbmItems dynamic material/specialized registration	powder_spark_mix	Item	True	True	True	True	False	powder_spark_mix = new Item().setUnlocalizedName("powder_spark_mix").setCreativeTab(MainRegistry.partsTab).setTextureName(RefStrings.MODID + ":powder_spark_mix")
powder_sr90	formal	HbmItems dynamic material/specialized registration	powder_sr90	Item	True	True	True	True	False	powder_sr90 = new Item().setUnlocalizedName("powder_sr90").setCreativeTab(MainRegistry.partsTab).setTextureName(RefStrings.MODID + ":powder_sr90")
powder_sr90_tiny	formal	HbmItems dynamic material/specialized registration	powder_sr90_tiny	Item	True	True	True	True	False	powder_sr90_tiny = new Item().setUnlocalizedName("powder_sr90_tiny").setCreativeTab(MainRegistry.partsTab).setTextureName(RefStrings.MODID + ":powder_sr90_tiny")
powder_steel	formal	HbmItems dynamic material/specialized registration	powder_steel	Item	True	True	True	True	False	powder_steel = new Item().setUnlocalizedName("powder_steel").setCreativeTab(MainRegistry.partsTab).setTextureName(RefStrings.MODID + ":powder_steel")
powder_steel_tiny	formal	HbmItems dynamic material/specialized registration	powder_steel_tiny	Item	True	True	True	True	False	powder_steel_tiny = new Item().setUnlocalizedName("powder_steel_tiny").setCreativeTab(MainRegistry.partsTab).setTextureName(RefStrings.MODID + ":powder_steel_tiny")
powder_strontium	formal	HbmItems dynamic material/specialized registration	powder_strontium	ItemCustomLore	True	True	True	True	False	powder_strontium = new ItemCustomLore().setRarity(EnumRarity.epic).setUnlocalizedName("powder_strontium").setCreativeTab(MainRegistry.partsTab).setTextureName(RefStrings.MODID + ":powder_strontium")
powder_tantalium	formal	HbmItems dynamic material/specialized registration	powder_tantalium	ItemCustomLore	True	True	True	True	False	powder_tantalium = new ItemCustomLore().setUnlocalizedName("powder_tantalium").setCreativeTab(MainRegistry.partsTab).setTextureName(RefStrings.MODID + ":powder_tantalium")
powder_tcalloy	formal	HbmItems dynamic material/specialized registration	powder_tcalloy	Item	True	True	True	True	False	powder_tcalloy = new Item().setUnlocalizedName("powder_tcalloy").setCreativeTab(MainRegistry.partsTab).setTextureName(RefStrings.MODID + ":powder_tcalloy")
powder_tektite	formal	HbmItems dynamic material/specialized registration	powder_tektite	Item	True	True	True	True	False	powder_tektite = new Item().setUnlocalizedName("powder_tektite").setCreativeTab(MainRegistry.partsTab).setTextureName(RefStrings.MODID + ":powder_tektite")
powder_tennessine	formal	HbmItems dynamic material/specialized registration	powder_tennessine	ItemCustomLore	True	True	True	True	False	powder_tennessine = new ItemCustomLore().setRarity(EnumRarity.epic).setUnlocalizedName("powder_tennessine").setCreativeTab(MainRegistry.partsTab).setTextureName(RefStrings.MODID + ":powder_tennessine")
powder_thermite	formal	HbmItems dynamic material/specialized registration	powder_thermite	ItemCustomLore	True	True	True	True	False	powder_thermite = new ItemCustomLore().setUnlocalizedName("powder_thermite").setCreativeTab(MainRegistry.partsTab).setTextureName(RefStrings.MODID + ":powder_thermite")
powder_thorium	formal	HbmItems dynamic material/specialized registration	powder_thorium	ItemCustomLore	True	True	True	True	False	powder_thorium = new ItemCustomLore().setRarity(EnumRarity.uncommon).setUnlocalizedName("powder_thorium").setCreativeTab(MainRegistry.partsTab).setTextureName(RefStrings.MODID + ":powder_thorium")
powder_titanium	formal	HbmItems dynamic material/specialized registration	powder_titanium	Item	True	True	True	True	False	powder_titanium = new Item().setUnlocalizedName("powder_titanium").setCreativeTab(MainRegistry.partsTab).setTextureName(RefStrings.MODID + ":powder_titanium")
powder_tungsten	formal	HbmItems dynamic material/specialized registration	powder_tungsten	Item	True	True	True	True	False	powder_tungsten = new Item().setUnlocalizedName("powder_tungsten").setCreativeTab(MainRegistry.partsTab).setTextureName(RefStrings.MODID + ":powder_tungsten")
powder_uranium	formal	HbmItems dynamic material/specialized registration	powder_uranium	Item	True	True	True	True	False	powder_uranium = new Item().setUnlocalizedName("powder_uranium").setCreativeTab(MainRegistry.partsTab).setTextureName(RefStrings.MODID + ":powder_uranium")
powder_xe135	formal	HbmItems dynamic material/specialized registration	powder_xe135	Item	True	True	True	True	False	powder_xe135 = new Item().setUnlocalizedName("powder_xe135").setCreativeTab(MainRegistry.partsTab).setTextureName(RefStrings.MODID + ":powder_xe135")
powder_xe135_tiny	formal	HbmItems dynamic material/specialized registration	powder_xe135_tiny	Item	True	True	True	True	False	powder_xe135_tiny = new Item().setUnlocalizedName("powder_xe135_tiny").setCreativeTab(MainRegistry.partsTab).setTextureName(RefStrings.MODID + ":powder_xe135_tiny")
powder_yellowcake	formal	HbmItems dynamic material/specialized registration	powder_yellowcake	Item	True	True	True	True	False	powder_yellowcake = new Item().setUnlocalizedName("powder_yellowcake").setCreativeTab(MainRegistry.partsTab).setTextureName(RefStrings.MODID + ":powder_yellowcake")
powder_zirconium	formal	HbmItems dynamic material/specialized registration	powder_zirconium	Item	True	True	True	True	False	powder_zirconium = new Item().setUnlocalizedName("powder_zirconium").setCreativeTab(MainRegistry.partsTab).setTextureName(RefStrings.MODID + ":powder_zirconium")
power_net_tool	formal	HbmItems	power_net_tool	ItemPowerNetTool	True	True	True	True	False	power_net_tool = new ItemPowerNetTool().setUnlocalizedName("power_net_tool").setMaxStackSize(1).setCreativeTab(MainRegistry.consumableTab).setTextureName(RefStrings.MODID + ":power_net_tool")
protection_charm	formal	HbmItems	protection_charm	ItemModCharm	True	True	True	True	False	protection_charm = new ItemModCharm().setUnlocalizedName("protection_charm").setTextureName(RefStrings.MODID + ":protection_charm")
prototype_kit	formal	HbmItems	prototype_kit	ItemStarterKit	True	True	True	True	False	prototype_kit = new ItemStarterKit().setUnlocalizedName("prototype_kit").setMaxStackSize(1).setCreativeTab(MainRegistry.nukeTab).setTextureName(RefStrings.MODID + ":prototype_kit")
pudding	formal	HbmItems	pudding	ItemLemon	True	True	True	True	False	pudding = new ItemLemon(6, 1F, false).setUnlocalizedName("pudding").setCreativeTab(MainRegistry.consumableTab).setTextureName(RefStrings.MODID + ":pudding")
pwr_fuel	formal	HbmBlocks.pwr_fuelrod + BlockItem (renamed namespace collision)	pwr_fuel	ItemPWRFuel	False	False	False	False	True	pwr_fuel = new ItemPWRFuel().setUnlocalizedName("pwr_fuel").setCreativeTab(MainRegistry.controlTab).setTextureName(RefStrings.MODID + ":pwr_fuel")
pwr_fuel_depleted	formal	HbmItems	pwr_fuel_depleted	ItemEnumMulti	True	True	False	True	False	pwr_fuel_depleted = new ItemEnumMulti(EnumPWRFuel.class, true, false).setUnlocalizedName("pwr_fuel_depleted").setCreativeTab(MainRegistry.controlTab).setTextureName(RefStrings.MODID + ":pwr_fuel_depleted")
pwr_fuel_hot	formal	HbmItems	pwr_fuel_hot	ItemEnumMulti	True	True	False	True	False	pwr_fuel_hot = new ItemEnumMulti(EnumPWRFuel.class, true, false).setUnlocalizedName("pwr_fuel_hot").setCreativeTab(MainRegistry.controlTab).setTextureName(RefStrings.MODID + ":pwr_fuel_hot")
pwr_printer	formal	HbmItems	pwr_printer	ItemPWRPrinter	True	True	True	True	False	pwr_printer = new ItemPWRPrinter().setUnlocalizedName("pwr_printer").setCreativeTab(MainRegistry.controlTab).setTextureName(RefStrings.MODID + ":pwr_printer")
quartz_plutonium	formal	HbmItems	quartz_plutonium	ItemModQuartz	True	True	True	True	False	quartz_plutonium = new ItemModQuartz().setUnlocalizedName("quartz_plutonium").setTextureName(RefStrings.MODID + ":quartz_plutonium")
radar_linker	formal	HbmItems	radar_linker	ItemRadarLinker	True	True	True	True	False	radar_linker = new ItemRadarLinker().setUnlocalizedName("radar_linker").setMaxStackSize(1).setCreativeTab(MainRegistry.consumableTab).setTextureName(RefStrings.MODID + ":radar_linker")
radaway	formal	HbmItems		LegacyHbmContent.UNRESOLVED	True	True	True	True	False	
radaway_flush	formal	HbmItems		LegacyHbmContent.UNRESOLVED	True	True	True	True	False	
radaway_strong	formal	HbmItems		LegacyHbmContent.UNRESOLVED	True	True	True	True	False	
radx	formal	HbmItems	radx	ItemPill	True	True	True	True	False	radx = new ItemPill(0).setUnlocalizedName("radx").setCreativeTab(MainRegistry.consumableTab).setTextureName(RefStrings.MODID + ":radx")
rag	formal	HbmItems	rag	ItemRag	True	True	True	True	False	rag = new ItemRag().setUnlocalizedName("rag").setCreativeTab(MainRegistry.partsTab).setTextureName(RefStrings.MODID + ":rag")
rag_damp	formal	HbmItems	rag_damp	Item	True	True	True	True	False	rag_damp = new Item().setUnlocalizedName("rag_damp").setCreativeTab(MainRegistry.partsTab).setTextureName(RefStrings.MODID + ":rag_damp")
rag_piss	formal	HbmItems	rag_piss	Item	True	True	True	True	False	rag_piss = new Item().setUnlocalizedName("rag_piss").setCreativeTab(MainRegistry.partsTab).setTextureName(RefStrings.MODID + ":rag_piss")
rangefinder	formal	HbmItems	rangefinder	ItemRangefinder	True	True	True	True	False	rangefinder = new ItemRangefinder().setUnlocalizedName("rangefinder").setMaxStackSize(1).setCreativeTab(MainRegistry.missileTab).setTextureName(RefStrings.MODID + ":rangefinder")
rbmk_fuel_balefire	formal	HbmItems	rbmk_fuel_balefire	ItemRBMKRod	True	True	True	True	False	rbmk_fuel_balefire = (ItemRBMKRod) new ItemRBMKRod(rbmk_pellet_balefire) .setYield(100000000D) .setStats(100, 35) .setFunction(EnumBurnFunc.LINEAR) .setXenon(0.0D, 50D) .setHeat(3D) .setMeltingPoint(3652) .setTint(tintBalefire).setUnlocalizedName("rbmk_fuel_balefire").setTextureName(RefStrings.MODID + ":rbmk_fuel_balefire")
rbmk_fuel_balefire_gold	formal	HbmItems	rbmk_fuel_balefire_gold	ItemRBMKRod	True	True	True	True	False	rbmk_fuel_balefire_gold = (ItemRBMKRod) new ItemRBMKRod(rbmk_pellet_balefire_gold) .setYield(100000000D) .setStats(50, 10) .setFunction(EnumBurnFunc.ARCH) .setDepletionFunction(EnumDepleteFunc.LINEAR) .setXenon(0.0D, 50D) .setMeltingPoint(2000) .setTint(tintFlashgold).setUnlocalizedName("rbmk_fuel_balefire_gold").setTextureName(RefStrings.MODID + ":rbmk_fuel_balefire_gold")
rbmk_fuel_drx	formal	HbmItems	rbmk_fuel_drx	ItemRBMKRod	True	True	True	True	False	rbmk_fuel_drx = (ItemRBMKRod) new ItemRBMKRod(rbmk_pellet_drx) .setYield(10000000D) .setStats(1000, 10) .setFunction(EnumBurnFunc.QUADRATIC) .setHeat(0.1D) .setMeltingPoint(100000) .setTint(tintDRX).setUnlocalizedName("rbmk_fuel_drx").setTextureName(RefStrings.MODID + ":rbmk_fuel_drx")
rbmk_fuel_empty	formal	HbmItems	rbmk_fuel_empty	Item	True	True	True	True	False	rbmk_fuel_empty = new Item().setUnlocalizedName("rbmk_fuel_empty").setCreativeTab(MainRegistry.controlTab).setTextureName(RefStrings.MODID + ":rbmk_fuel_empty")
rbmk_fuel_flashlead	formal	HbmItems	rbmk_fuel_flashlead	ItemRBMKRod	True	True	True	True	False	rbmk_fuel_flashlead = (ItemRBMKRod) new ItemRBMKRod(rbmk_pellet_flashlead) .setYield(250000000D) .setStats(40, 50) .setFunction(EnumBurnFunc.ARCH) .setDepletionFunction(EnumDepleteFunc.LINEAR) .setXenon(0.0D, 50D) .setMeltingPoint(2050) .setTint(tintFlashlead).setUnlocalizedName("rbmk_fuel_flashlead").setTextureName(RefStrings.MODID + ":rbmk_fuel_flashlead")
rbmk_fuel_hea241	formal	HbmItems	rbmk_fuel_hea241	ItemRBMKRod	True	True	True	True	False	rbmk_fuel_hea241 = (ItemRBMKRod) new ItemRBMKRod(rbmk_pellet_hea241) .setYield(100000000D) .setStats(65, 15) .setFunction(EnumBurnFunc.SQUARE_ROOT) .setHeat(1.85D) .setMeltingPoint(2386) .setNeutronTypes(NType.FAST, NType.FAST) .setTint(tintAmericium).setUnlocalizedName("rbmk_fuel_hea241").setTextureName(RefStrings.MODID + ":rbmk_fuel_hea241")
rbmk_fuel_hea242	formal	HbmItems	rbmk_fuel_hea242	ItemRBMKRod	True	True	True	True	False	rbmk_fuel_hea242 = (ItemRBMKRod) new ItemRBMKRod(rbmk_pellet_hea242) .setYield(100000000D) .setStats(45) .setFunction(EnumBurnFunc.LINEAR) .setHeat(2D) .setMeltingPoint(2386) .setTint(tintAmericium).setUnlocalizedName("rbmk_fuel_hea242").setTextureName(RefStrings.MODID + ":rbmk_fuel_hea242")
rbmk_fuel_heaus	formal	HbmItems	rbmk_fuel_heaus	ItemRBMKRod	True	True	True	True	False	rbmk_fuel_heaus = (ItemRBMKRod) new ItemRBMKRod(rbmk_pellet_heaus) .setYield(100000000D) .setStats(35) .setFunction(EnumBurnFunc.LINEAR) .setXenon(0.05D, 50D) .setHeat(1.5D) .setTint(tintAustralium).setMeltingPoint(5211).setUnlocalizedName("rbmk_fuel_heaus").setTextureName(RefStrings.MODID + ":rbmk_fuel_heaus")
rbmk_fuel_hen	formal	HbmItems	rbmk_fuel_hen	ItemRBMKRod	True	True	True	True	False	rbmk_fuel_hen = (ItemRBMKRod) new ItemRBMKRod(rbmk_pellet_hen) .setYield(100000000D) .setStats(40) .setFunction(EnumBurnFunc.SQUARE_ROOT) .setMeltingPoint(2800) .setNeutronTypes(NType.FAST, NType.FAST) .setTint(tintNeptunium).setUnlocalizedName("rbmk_fuel_hen").setTextureName(RefStrings.MODID + ":rbmk_fuel_hen")
rbmk_fuel_hep	formal	HbmItems	rbmk_fuel_hep239	ItemRBMKRod	True	True	True	True	False	rbmk_fuel_hep239 = (ItemRBMKRod) new ItemRBMKRod(rbmk_pellet_hep239) .setYield(100000000D) .setStats(30) .setFunction(EnumBurnFunc.LINEAR) .setHeat(1.25D) .setMeltingPoint(2744) .setTint(tintPlutonium).setUnlocalizedName("rbmk_fuel_hep").setTextureName(RefStrings.MODID + ":rbmk_fuel_hep")
rbmk_fuel_hep241	formal	HbmItems	rbmk_fuel_hep241	ItemRBMKRod	True	True	True	True	False	rbmk_fuel_hep241 = (ItemRBMKRod) new ItemRBMKRod(rbmk_pellet_hep241) .setYield(100000000D) .setStats(40) .setFunction(EnumBurnFunc.LINEAR) .setHeat(1.75D) .setMeltingPoint(2744) .setTint(tintPlutonium).setUnlocalizedName("rbmk_fuel_hep241").setTextureName(RefStrings.MODID + ":rbmk_fuel_hep241")
rbmk_fuel_hes	formal	HbmItems	rbmk_fuel_hes	ItemRBMKRod	True	True	True	True	False	rbmk_fuel_hes = (ItemRBMKRod) new ItemRBMKRod(rbmk_pellet_hes) .setYield(100000000D) .setStats(90) .setFunction(EnumBurnFunc.LINEAR) .setDepletionFunction(EnumDepleteFunc.LINEAR) .setHeat(1.75D) .setMeltingPoint(3000) .setTint(tintSchrabidium).setUnlocalizedName("rbmk_fuel_hes").setTextureName(RefStrings.MODID + ":rbmk_fuel_hes")
rbmk_fuel_heu233	formal	HbmItems	rbmk_fuel_heu233	ItemRBMKRod	True	True	True	True	False	rbmk_fuel_heu233 = (ItemRBMKRod) new ItemRBMKRod(rbmk_pellet_heu233) .setYield(100_000_000D) .setStats(27.5D) .setFunction(EnumBurnFunc.LINEAR) .setHeat(1.25D) .setMeltingPoint(2865) .setTint(tintUranium).setUnlocalizedName("rbmk_fuel_heu233").setTextureName(RefStrings.MODID + ":rbmk_fuel_heu233")
rbmk_fuel_heu235	formal	HbmItems	rbmk_fuel_heu235	ItemRBMKRod	True	True	True	True	False	rbmk_fuel_heu235 = (ItemRBMKRod) new ItemRBMKRod(rbmk_pellet_heu235) .setYield(100_000_000D) .setStats(50) .setFunction(EnumBurnFunc.SQUARE_ROOT) .setMeltingPoint(2865) .setTint(tintUranium).setUnlocalizedName("rbmk_fuel_heu235").setTextureName(RefStrings.MODID + ":rbmk_fuel_heu235")
rbmk_fuel_lea	formal	HbmItems	rbmk_fuel_lea	ItemRBMKRod	True	True	True	True	False	rbmk_fuel_lea = (ItemRBMKRod) new ItemRBMKRod(rbmk_pellet_lea) .setYield(100000000D) .setStats(60, 10) .setFunction(EnumBurnFunc.SQUARE_ROOT) .setDepletionFunction(EnumDepleteFunc.RAISING_SLOPE) .setHeat(1.5D) .setMeltingPoint(2386) .setTint(tintAmericium).setUnlocalizedName("rbmk_fuel_lea").setTextureName(RefStrings.MODID + ":rbmk_fuel_lea")
rbmk_fuel_leaus	formal	HbmItems	rbmk_fuel_leaus	ItemRBMKRod	True	True	True	True	False	rbmk_fuel_leaus = (ItemRBMKRod) new ItemRBMKRod(rbmk_pellet_leaus) .setYield(100000000D) .setStats(30) .setFunction(EnumBurnFunc.SIGMOID) .setDepletionFunction(EnumDepleteFunc.LINEAR) .setXenon(0.05D, 50D) .setHeat(1.5D) .setTint(tintAustralium).setMeltingPoint(7029).setUnlocalizedName("rbmk_fuel_leaus").setTextureName(RefStrings.MODID + ":rbmk_fuel_leaus")
rbmk_fuel_lep	formal	HbmItems	rbmk_fuel_lep	ItemRBMKRod	True	True	True	True	False	rbmk_fuel_lep = (ItemRBMKRod) new ItemRBMKRod(rbmk_pellet_lep) .setYield(100000000D) .setStats(35) .setFunction(EnumBurnFunc.LOG_TEN) .setDepletionFunction(EnumDepleteFunc.RAISING_SLOPE) .setHeat(0.75D) .setMeltingPoint(2744) .setTint(tintPlutonium).setUnlocalizedName("rbmk_fuel_lep").setTextureName(RefStrings.MODID + ":rbmk_fuel_lep")
rbmk_fuel_les	formal	HbmItems	rbmk_fuel_les	ItemRBMKRod	True	True	True	True	False	rbmk_fuel_les = (ItemRBMKRod) new ItemRBMKRod(rbmk_pellet_les) .setYield(100000000D) .setStats(50) .setFunction(EnumBurnFunc.SQUARE_ROOT) .setHeat(1.25D) .setMeltingPoint(2500) .setNeutronTypes(NType.SLOW, NType.SLOW) .setTint(tintSchrabidium).setUnlocalizedName("rbmk_fuel_les").setTextureName(RefStrings.MODID + ":rbmk_fuel_les")
rbmk_fuel_mea	formal	HbmItems	rbmk_fuel_mea	ItemRBMKRod	True	True	True	True	False	rbmk_fuel_mea = (ItemRBMKRod) new ItemRBMKRod(rbmk_pellet_mea) .setYield(100000000D) .setStats(35D, 20) .setFunction(EnumBurnFunc.ARCH) .setHeat(1.75D) .setMeltingPoint(2386) .setTint(tintAmericium).setUnlocalizedName("rbmk_fuel_mea").setTextureName(RefStrings.MODID + ":rbmk_fuel_mea")
rbmk_fuel_men	formal	HbmItems	rbmk_fuel_men	ItemRBMKRod	True	True	True	True	False	rbmk_fuel_men = (ItemRBMKRod) new ItemRBMKRod(rbmk_pellet_men) .setYield(100000000D) .setStats(30) .setFunction(EnumBurnFunc.SQUARE_ROOT) .setDepletionFunction(EnumDepleteFunc.RAISING_SLOPE) .setHeat(0.75) .setMeltingPoint(2800) .setNeutronTypes(NType.ANY, NType.FAST) .setTint(tintNeptunium).setUnlocalizedName("rbmk_fuel_men").setTextureName(RefStrings.MODID + ":rbmk_fuel_men")
rbmk_fuel_mep	formal	HbmItems	rbmk_fuel_mep	ItemRBMKRod	True	True	True	True	False	rbmk_fuel_mep = (ItemRBMKRod) new ItemRBMKRod(rbmk_pellet_mep) .setYield(100000000D) .setStats(35) .setFunction(EnumBurnFunc.SQUARE_ROOT) .setMeltingPoint(2744) .setTint(tintPlutonium).setUnlocalizedName("rbmk_fuel_mep").setTextureName(RefStrings.MODID + ":rbmk_fuel_mep")
rbmk_fuel_mes	formal	HbmItems	rbmk_fuel_mes	ItemRBMKRod	True	True	True	True	False	rbmk_fuel_mes = (ItemRBMKRod) new ItemRBMKRod(rbmk_pellet_mes) .setYield(100000000D) .setStats(75D) .setFunction(EnumBurnFunc.ARCH) .setHeat(1.5D) .setMeltingPoint(2750) .setTint(tintSchrabidium).setUnlocalizedName("rbmk_fuel_mes").setTextureName(RefStrings.MODID + ":rbmk_fuel_mes")
rbmk_fuel_meu	formal	HbmItems	rbmk_fuel_meu	ItemRBMKRod	True	True	True	True	False	rbmk_fuel_meu = (ItemRBMKRod) new ItemRBMKRod(rbmk_pellet_meu) .setYield(100_000_000D) .setStats(20) .setFunction(EnumBurnFunc.LOG_TEN) .setDepletionFunction(EnumDepleteFunc.RAISING_SLOPE) .setHeat(0.65) .setMeltingPoint(2865) .setTint(tintUranium).setUnlocalizedName("rbmk_fuel_meu").setTextureName(RefStrings.MODID + ":rbmk_fuel_meu")
rbmk_fuel_mox	formal	HbmItems	rbmk_fuel_mox	ItemRBMKRod	True	True	True	True	False	rbmk_fuel_mox = (ItemRBMKRod) new ItemRBMKRod(rbmk_pellet_mox) .setYield(100000000D) .setStats(40) .setFunction(EnumBurnFunc.LOG_TEN) .setDepletionFunction(EnumDepleteFunc.RAISING_SLOPE) .setMeltingPoint(2815) .setTint(tintUranium).setUnlocalizedName("rbmk_fuel_mox").setTextureName(RefStrings.MODID + ":rbmk_fuel_mox")
rbmk_fuel_po210be	formal	HbmItems	rbmk_fuel_po210be	ItemRBMKRod	True	True	True	True	False	rbmk_fuel_po210be = (ItemRBMKRod) new ItemRBMKRod(rbmk_pellet_po210be) .setYield(25000000D) .setStats(0D, 50) .setFunction(EnumBurnFunc.PASSIVE) .setDepletionFunction(EnumDepleteFunc.LINEAR) .setXenon(0.0D, 50D) .setHeat(0.1D) .setDiffusion(0.05D) .setMeltingPoint(1287) .setNeutronTypes(NType.SLOW, NType.SLOW) .setTint(tintPolonium).setUnlocalizedName("rbmk_fuel_po210be").setTextureName(RefStrings.MODID + ":rbmk_fuel_po210be")
rbmk_fuel_pu238be	formal	HbmItems	rbmk_fuel_pu238be	ItemRBMKRod	True	True	True	True	False	rbmk_fuel_pu238be = (ItemRBMKRod) new ItemRBMKRod(rbmk_pellet_pu238be) .setYield(50000000D) .setStats(40, 40) .setFunction(EnumBurnFunc.SQUARE_ROOT) .setHeat(0.1D) .setDiffusion(0.05D) .setMeltingPoint(1287) .setNeutronTypes(NType.SLOW, NType.SLOW) .setTint(tintPlutonium).setUnlocalizedName("rbmk_fuel_pu238be").setTextureName(RefStrings.MODID + ":rbmk_fuel_pu238be")
rbmk_fuel_ra226be	formal	HbmItems	rbmk_fuel_ra226be	ItemRBMKRod	True	True	True	True	False	rbmk_fuel_ra226be = (ItemRBMKRod) new ItemRBMKRod(rbmk_pellet_ra226be) .setYield(100000000D) .setStats(0D, 20) .setFunction(EnumBurnFunc.PASSIVE) .setDepletionFunction(EnumDepleteFunc.LINEAR) .setXenon(0.0D, 50D) .setHeat(0.035D) .setDiffusion(0.5D) .setMeltingPoint(700) .setNeutronTypes(NType.SLOW, NType.SLOW) .setTint(tintRadium).setUnlocalizedName("rbmk_fuel_ra226be").setTextureName(RefStrings.MODID + ":rbmk_fuel_ra226be")
rbmk_fuel_test	formal	HbmItems	rbmk_fuel_test	ItemRBMKRod	True	True	False	True	False	rbmk_fuel_test = (ItemRBMKRod) new ItemRBMKRod("THE VOICES") .setYield(1000000D) .setStats(100) .setFunction(EnumBurnFunc.EXPERIMENTAL) .setHeat(1.0D) .setMeltingPoint(100000) .setUnlocalizedName("rbmk_fuel_test").setTextureName(RefStrings.MODID + ":rbmk_fuel_test")
rbmk_fuel_thmeu	formal	HbmItems	rbmk_fuel_thmeu	ItemRBMKRod	True	True	True	True	False	rbmk_fuel_thmeu = (ItemRBMKRod) new ItemRBMKRod(rbmk_pellet_thmeu) .setYield(100000000D) .setStats(20) .setFunction(EnumBurnFunc.PLATEU) .setDepletionFunction(EnumDepleteFunc.BOOSTED_SLOPE) .setHeat(0.65D) .setMeltingPoint(3350) .setTint(tintThorium).setUnlocalizedName("rbmk_fuel_thmeu").setTextureName(RefStrings.MODID + ":rbmk_fuel_thmeu")
rbmk_fuel_ueu	formal	HbmItems	rbmk_fuel_ueu	ItemRBMKRod	True	True	True	True	False	rbmk_fuel_ueu = (ItemRBMKRod) new ItemRBMKRod(rbmk_pellet_ueu) .setYield(100_000_000D) .setStats(15) .setFunction(EnumBurnFunc.LOG_TEN) .setDepletionFunction(EnumDepleteFunc.RAISING_SLOPE) .setHeat(0.65) .setMeltingPoint(2865) .setTint(tintUranium).setUnlocalizedName("rbmk_fuel_ueu").setTextureName(RefStrings.MODID + ":rbmk_fuel_ueu")
rbmk_fuel_uzh	formal	HbmItems	rbmk_fuel_uzh	ItemRBMKRod	True	True	True	True	False	rbmk_fuel_uzh = (ItemRBMKRod) new ItemRBMKRod(rbmk_pellet_uzh) .setYield(50_000_000D) .setStats(30) .setFunction(EnumBurnFunc.LOG_TEN) .setDepletionFunction(EnumDepleteFunc.GENTLE_SLOPE) .setHeat(0.75) .setHeatCoeff(1_000D, 500D) .setDiffusion(0.1D) .setMeltingPoint(1845) .setTint(0x7077AF).setUnlocalizedName("rbmk_fuel_uzh").setTextureName(RefStrings.MODID + ":rbmk_fuel_uzh")
rbmk_fuel_zfb_am_mix	formal	HbmItems	rbmk_fuel_zfb_am_mix	ItemRBMKRod	True	True	True	True	False	rbmk_fuel_zfb_am_mix = (ItemRBMKRod) new ItemRBMKRod(rbmk_pellet_zfb_am_mix) .setYield(50000000D) .setStats(20) .setFunction(EnumBurnFunc.LINEAR) .setHeat(1.75D) .setMeltingPoint(2744) .setTint(tintZirconium).setUnlocalizedName("rbmk_fuel_zfb_am_mix").setTextureName(RefStrings.MODID + ":rbmk_fuel_zfb_am_mix")
rbmk_fuel_zfb_bismuth	formal	HbmItems	rbmk_fuel_zfb_bismuth	ItemRBMKRod	True	True	True	True	False	rbmk_fuel_zfb_bismuth = (ItemRBMKRod) new ItemRBMKRod(rbmk_pellet_zfb_bismuth) .setYield(50000000D) .setStats(20) .setFunction(EnumBurnFunc.SQUARE_ROOT) .setHeat(1.75D) .setMeltingPoint(2744) .setTint(tintZirconium).setUnlocalizedName("rbmk_fuel_zfb_bismuth").setTextureName(RefStrings.MODID + ":rbmk_fuel_zfb_bismuth")
rbmk_fuel_zfb_pu241	formal	HbmItems	rbmk_fuel_zfb_pu241	ItemRBMKRod	True	True	True	True	False	rbmk_fuel_zfb_pu241 = (ItemRBMKRod) new ItemRBMKRod(rbmk_pellet_zfb_pu241) .setYield(50000000D) .setStats(20) .setFunction(EnumBurnFunc.SQUARE_ROOT) .setMeltingPoint(2865) .setTint(tintZirconium).setUnlocalizedName("rbmk_fuel_zfb_pu241").setTextureName(RefStrings.MODID + ":rbmk_fuel_zfb_pu241")
rbmk_lid	formal	HbmItems	rbmk_lid	ItemRBMKLid	True	True	True	True	False	rbmk_lid = new ItemRBMKLid().setUnlocalizedName("rbmk_lid").setCreativeTab(MainRegistry.controlTab).setTextureName(RefStrings.MODID + ":rbmk_lid")
rbmk_lid_glass	formal	HbmItems	rbmk_lid_glass	ItemRBMKLid	True	True	True	True	False	rbmk_lid_glass = new ItemRBMKLid().setUnlocalizedName("rbmk_lid_glass").setCreativeTab(MainRegistry.controlTab).setTextureName(RefStrings.MODID + ":rbmk_lid_glass")
rbmk_pellet_balefire	formal	HbmItems	rbmk_pellet_balefire	ItemRBMKPellet	True	True	True	True	False	rbmk_pellet_balefire = (ItemRBMKPellet) new ItemRBMKPellet("Draconic Flames").disableXenon().setUnlocalizedName("rbmk_pellet_balefire").setTextureName(RefStrings.MODID + ":rbmk_pellet_balefire")
rbmk_pellet_balefire_gold	formal	HbmItems	rbmk_pellet_balefire_gold	ItemRBMKPellet	True	True	True	True	False	rbmk_pellet_balefire_gold = (ItemRBMKPellet) new ItemRBMKPellet("Antihydrogen in a Magnetized Gold-198 Lattice").disableXenon().setUnlocalizedName("rbmk_pellet_balefire_gold").setTextureName(RefStrings.MODID + ":rbmk_pellet_balefire_gold")
rbmk_pellet_drx	formal	HbmItems	rbmk_pellet_drx	ItemRBMKPellet	True	True	True	True	False	rbmk_pellet_drx = (ItemRBMKPellet) new ItemRBMKPellet(EnumChatFormatting.OBFUSCATED + "can't you hear, can't you hear the thunder?").setUnlocalizedName("rbmk_pellet_drx").setTextureName(RefStrings.MODID + ":rbmk_pellet_drx")
rbmk_pellet_flashlead	formal	HbmItems	rbmk_pellet_flashlead	ItemRBMKPellet	True	True	True	True	False	rbmk_pellet_flashlead = (ItemRBMKPellet) new ItemRBMKPellet("Antihydrogen confined by a Magnetized Gold-198 and Lead-209 Lattice").disableXenon().setUnlocalizedName("rbmk_pellet_flashlead").setTextureName(RefStrings.MODID + ":rbmk_pellet_flashlead")
rbmk_pellet_hea241	formal	HbmItems	rbmk_pellet_hea241	ItemRBMKPellet	True	True	True	True	False	rbmk_pellet_hea241 = (ItemRBMKPellet) new ItemRBMKPellet("Highly Enriched Americium-241").setUnlocalizedName("rbmk_pellet_hea241").setTextureName(RefStrings.MODID + ":rbmk_pellet_hea241")
rbmk_pellet_hea242	formal	HbmItems	rbmk_pellet_hea242	ItemRBMKPellet	True	True	True	True	False	rbmk_pellet_hea242 = (ItemRBMKPellet) new ItemRBMKPellet("Highly Enriched Americium-242").setUnlocalizedName("rbmk_pellet_hea242").setTextureName(RefStrings.MODID + ":rbmk_pellet_hea242")
rbmk_pellet_heaus	formal	HbmItems	rbmk_pellet_heaus	ItemRBMKPellet	True	True	True	True	False	rbmk_pellet_heaus = (ItemRBMKPellet) new ItemRBMKPellet("Highly Enriched Australium (Ayerite)").setUnlocalizedName("rbmk_pellet_heaus").setTextureName(RefStrings.MODID + ":rbmk_pellet_heaus")
rbmk_pellet_hen	formal	HbmItems	rbmk_pellet_hen	ItemRBMKPellet	True	True	True	True	False	rbmk_pellet_hen = (ItemRBMKPellet) new ItemRBMKPellet("Highly Enriched Neptunium-237").setUnlocalizedName("rbmk_pellet_hen").setTextureName(RefStrings.MODID + ":rbmk_pellet_hen")
rbmk_pellet_hep239	formal	HbmItems	rbmk_pellet_hep239	ItemRBMKPellet	True	True	True	True	False	rbmk_pellet_hep239 = (ItemRBMKPellet) new ItemRBMKPellet("Highly Enriched Plutonium-239").setUnlocalizedName("rbmk_pellet_hep239").setTextureName(RefStrings.MODID + ":rbmk_pellet_hep239")
rbmk_pellet_hep241	formal	HbmItems	rbmk_pellet_hep241	ItemRBMKPellet	True	True	True	True	False	rbmk_pellet_hep241 = (ItemRBMKPellet) new ItemRBMKPellet("Highly Enriched Plutonium-241").setUnlocalizedName("rbmk_pellet_hep241").setTextureName(RefStrings.MODID + ":rbmk_pellet_hep241")
rbmk_pellet_hes	formal	HbmItems	rbmk_pellet_hes	ItemRBMKPellet	True	True	True	True	False	rbmk_pellet_hes = (ItemRBMKPellet) new ItemRBMKPellet("Highly Enriched Schrabidium-326").setUnlocalizedName("rbmk_pellet_hes").setTextureName(RefStrings.MODID + ":rbmk_pellet_hes")
rbmk_pellet_heu233	formal	HbmItems	rbmk_pellet_heu233	ItemRBMKPellet	True	True	True	True	False	rbmk_pellet_heu233 = (ItemRBMKPellet) new ItemRBMKPellet("Highly Enriched Uranium-233").setUnlocalizedName("rbmk_pellet_heu233").setTextureName(RefStrings.MODID + ":rbmk_pellet_heu233")
rbmk_pellet_heu235	formal	HbmItems	rbmk_pellet_heu235	ItemRBMKPellet	True	True	True	True	False	rbmk_pellet_heu235 = (ItemRBMKPellet) new ItemRBMKPellet("Highly Enriched Uranium-235").setUnlocalizedName("rbmk_pellet_heu235").setTextureName(RefStrings.MODID + ":rbmk_pellet_heu235")
rbmk_pellet_lea	formal	HbmItems	rbmk_pellet_lea	ItemRBMKPellet	True	True	True	True	False	rbmk_pellet_lea = (ItemRBMKPellet) new ItemRBMKPellet("Low Enriched Americium-242").setUnlocalizedName("rbmk_pellet_lea").setTextureName(RefStrings.MODID + ":rbmk_pellet_lea")
rbmk_pellet_leaus	formal	HbmItems	rbmk_pellet_leaus	ItemRBMKPellet	True	True	True	True	False	rbmk_pellet_leaus = (ItemRBMKPellet) new ItemRBMKPellet("Low Enriched Australium (Tasmanite)").setUnlocalizedName("rbmk_pellet_leaus").setTextureName(RefStrings.MODID + ":rbmk_pellet_leaus")
rbmk_pellet_lep	formal	HbmItems	rbmk_pellet_lep	ItemRBMKPellet	True	True	True	True	False	rbmk_pellet_lep = (ItemRBMKPellet) new ItemRBMKPellet("Low Enriched Plutonium-239").setUnlocalizedName("rbmk_pellet_lep").setTextureName(RefStrings.MODID + ":rbmk_pellet_lep")
rbmk_pellet_les	formal	HbmItems	rbmk_pellet_les	ItemRBMKPellet	True	True	True	True	False	rbmk_pellet_les = (ItemRBMKPellet) new ItemRBMKPellet("Low Enriched Schrabidium-326").setUnlocalizedName("rbmk_pellet_les").setTextureName(RefStrings.MODID + ":rbmk_pellet_les")
rbmk_pellet_mea	formal	HbmItems	rbmk_pellet_mea	ItemRBMKPellet	True	True	True	True	False	rbmk_pellet_mea = (ItemRBMKPellet) new ItemRBMKPellet("Medium Enriched Americium-242").setUnlocalizedName("rbmk_pellet_mea").setTextureName(RefStrings.MODID + ":rbmk_pellet_mea")
rbmk_pellet_men	formal	HbmItems	rbmk_pellet_men	ItemRBMKPellet	True	True	True	True	False	rbmk_pellet_men = (ItemRBMKPellet) new ItemRBMKPellet("Medium Enriched Neptunium-237").setUnlocalizedName("rbmk_pellet_men").setTextureName(RefStrings.MODID + ":rbmk_pellet_men")
rbmk_pellet_mep	formal	HbmItems	rbmk_pellet_mep	ItemRBMKPellet	True	True	True	True	False	rbmk_pellet_mep = (ItemRBMKPellet) new ItemRBMKPellet("Medium Enriched Plutonium-239").setUnlocalizedName("rbmk_pellet_mep").setTextureName(RefStrings.MODID + ":rbmk_pellet_mep")
rbmk_pellet_mes	formal	HbmItems	rbmk_pellet_mes	ItemRBMKPellet	True	True	True	True	False	rbmk_pellet_mes = (ItemRBMKPellet) new ItemRBMKPellet("Medium Enriched Schrabidium-326").setUnlocalizedName("rbmk_pellet_mes").setTextureName(RefStrings.MODID + ":rbmk_pellet_mes")
rbmk_pellet_meu	formal	HbmItems	rbmk_pellet_meu	ItemRBMKPellet	True	True	True	True	False	rbmk_pellet_meu = (ItemRBMKPellet) new ItemRBMKPellet("Medium Enriched Uranium-235").setUnlocalizedName("rbmk_pellet_meu").setTextureName(RefStrings.MODID + ":rbmk_pellet_meu")
rbmk_pellet_mox	formal	HbmItems	rbmk_pellet_mox	ItemRBMKPellet	True	True	True	True	False	rbmk_pellet_mox = (ItemRBMKPellet) new ItemRBMKPellet("Mixed MEU & LEP Oxide").setUnlocalizedName("rbmk_pellet_mox").setTextureName(RefStrings.MODID + ":rbmk_pellet_mox")
rbmk_pellet_po210be	formal	HbmItems	rbmk_pellet_po210be	ItemRBMKPellet	True	True	True	True	False	rbmk_pellet_po210be = (ItemRBMKPellet) new ItemRBMKPellet("Polonium-210 & Beryllium Neutron Source").disableXenon().setUnlocalizedName("rbmk_pellet_po210be").setTextureName(RefStrings.MODID + ":rbmk_pellet_po210be")
rbmk_pellet_pu238be	formal	HbmItems	rbmk_pellet_pu238be	ItemRBMKPellet	True	True	True	True	False	rbmk_pellet_pu238be = (ItemRBMKPellet) new ItemRBMKPellet("Plutonium-238 & Beryllium Neutron Source").setUnlocalizedName("rbmk_pellet_pu238be").setTextureName(RefStrings.MODID + ":rbmk_pellet_pu238be")
rbmk_pellet_ra226be	formal	HbmItems	rbmk_pellet_ra226be	ItemRBMKPellet	True	True	True	True	False	rbmk_pellet_ra226be = (ItemRBMKPellet) new ItemRBMKPellet("Radium-226 & Beryllium Neutron Source").disableXenon().setUnlocalizedName("rbmk_pellet_ra226be").setTextureName(RefStrings.MODID + ":rbmk_pellet_ra226be")
rbmk_pellet_thmeu	formal	HbmItems	rbmk_pellet_thmeu	ItemRBMKPellet	True	True	True	True	False	rbmk_pellet_thmeu = (ItemRBMKPellet) new ItemRBMKPellet("Thorium with MEU Driver Fuel").setUnlocalizedName("rbmk_pellet_thmeu").setTextureName(RefStrings.MODID + ":rbmk_pellet_thmeu")
rbmk_pellet_ueu	formal	HbmItems	rbmk_pellet_ueu	ItemRBMKPellet	True	True	True	True	False	rbmk_pellet_ueu = (ItemRBMKPellet) new ItemRBMKPellet("Unenriched Uranium").setUnlocalizedName("rbmk_pellet_ueu").setTextureName(RefStrings.MODID + ":rbmk_pellet_ueu")
rbmk_pellet_uzh	formal	HbmItems	rbmk_pellet_uzh	ItemRBMKPellet	True	True	True	True	False	rbmk_pellet_uzh = (ItemRBMKPellet) new ItemRBMKPellet("Uranium Zirconium Hydride").setUnlocalizedName("rbmk_pellet_uzh").setTextureName(RefStrings.MODID + ":rbmk_pellet_uzh")
rbmk_pellet_zfb_am_mix	formal	HbmItems	rbmk_pellet_zfb_am_mix	ItemRBMKPellet	True	True	True	True	False	rbmk_pellet_zfb_am_mix = (ItemRBMKPellet) new ItemRBMKPellet("Zirconium Fast Breeder - HEP-241#MEA").setUnlocalizedName("rbmk_pellet_zfb_am_mix").setTextureName(RefStrings.MODID + ":rbmk_pellet_zfb_am_mix")
rbmk_pellet_zfb_bismuth	formal	HbmItems	rbmk_pellet_zfb_bismuth	ItemRBMKPellet	True	True	True	True	False	rbmk_pellet_zfb_bismuth = (ItemRBMKPellet) new ItemRBMKPellet("Zirconium Fast Breeder - LEU/HEP-241#Bi").setUnlocalizedName("rbmk_pellet_zfb_bismuth").setTextureName(RefStrings.MODID + ":rbmk_pellet_zfb_bismuth")
rbmk_pellet_zfb_pu241	formal	HbmItems	rbmk_pellet_zfb_pu241	ItemRBMKPellet	True	True	True	True	False	rbmk_pellet_zfb_pu241 = (ItemRBMKPellet) new ItemRBMKPellet("Zirconium Fast Breeder - HEU-235/HEP-240#Pu-241").setUnlocalizedName("rbmk_pellet_zfb_pu241").setTextureName(RefStrings.MODID + ":rbmk_pellet_zfb_pu241")
rbmk_tool	formal	HbmItems	rbmk_tool	ItemRBMKTool	True	True	True	True	False	rbmk_tool = new ItemRBMKTool().setUnlocalizedName("rbmk_tool").setMaxStackSize(1).setCreativeTab(MainRegistry.consumableTab).setTextureName(RefStrings.MODID + ":rbmk_tool")
reacher	formal	HbmItems	reacher	Item	True	True	True	True	False	reacher = new Item().setUnlocalizedName("reacher").setMaxStackSize(1).setFull3D().setCreativeTab(MainRegistry.controlTab).setTextureName(RefStrings.MODID + ":reacher")
reactor_core	formal	HbmItems	reactor_core	Item	True	True	True	True	False	reactor_core = new Item().setUnlocalizedName("reactor_core").setCreativeTab(MainRegistry.partsTab).setTextureName(RefStrings.MODID + ":reactor_core")
reactor_sensor	formal	HbmItems	reactor_sensor	ItemReactorSensor	True	True	True	True	False	reactor_sensor = new ItemReactorSensor().setUnlocalizedName("reactor_sensor").setMaxStackSize(1).setCreativeTab(MainRegistry.consumableTab).setTextureName(RefStrings.MODID + ":reactor_sensor")
rebar_placer	formal	HbmItems	rebar_placer	ItemRebarPlacer	True	True	True	True	False	rebar_placer = new ItemRebarPlacer().setUnlocalizedName("rebar_placer").setMaxStackSize(1).setCreativeTab(MainRegistry.consumableTab).setTextureName(RefStrings.MODID + ":rebar_placer")
record_glass	formal	HbmItems	record_glass	ItemModRecord	True	True	False	True	False	record_glass = new ItemModRecord("glass").setUnlocalizedName("record_glass").setCreativeTab(null).setTextureName(RefStrings.MODID + ":record_glass")
record_lc	formal	HbmItems	record_lc	ItemModRecord	True	True	False	True	False	record_lc = new ItemModRecord("lc").setUnlocalizedName("record_lc").setCreativeTab(CreativeTabs.tabMisc).setTextureName(RefStrings.MODID + ":record_lc")
record_ss	formal	HbmItems	record_ss	ItemModRecord	True	True	False	True	False	record_ss = new ItemModRecord("ss").setUnlocalizedName("record_ss").setCreativeTab(CreativeTabs.tabMisc).setTextureName(RefStrings.MODID + ":record_ss")
record_vc	formal	HbmItems	record_vc	ItemModRecord	True	True	False	True	False	record_vc = new ItemModRecord("vc").setUnlocalizedName("record_vc").setCreativeTab(CreativeTabs.tabMisc).setTextureName(RefStrings.MODID + ":record_vc")
redstone_sword	formal	HbmItems	redstone_sword	RedstoneSword	True	True	True	True	False	public static void initializeItem() { redstone_sword = new RedstoneSword(ToolMaterial.STONE).setUnlocalizedName("redstone_sword").setCreativeTab(CreativeTabs.tabCombat).setTextureName(RefStrings.MODID + ":redstone_sword")
reer_graar	formal	HbmItems	reer_graar	ModSword	False	True	True	True	False	reer_graar = new ModSword(MainRegistry.tMatTitan).setUnlocalizedName("reer_graar").setFull3D().setTextureName(RefStrings.MODID + ":reer_graar_hd")
ring_pull	formal	HbmItems	ring_pull	Item	True	True	True	True	False	ring_pull = new Item().setUnlocalizedName("ring_pull").setCreativeTab(MainRegistry.consumableTab).setTextureName(RefStrings.MODID + ":ring_pull")
ring_starmetal	formal	HbmItems	ring_starmetal	Item	True	True	True	True	False	ring_starmetal = new Item().setUnlocalizedName("ring_starmetal").setCreativeTab(MainRegistry.partsTab).setTextureName(RefStrings.MODID + ":ring_starmetal")
robes_boots	formal	HbmItems		UNRESOLVED	True	True	True	True	False	
robes_helmet	formal	HbmItems		UNRESOLVED	True	True	True	True	False	
robes_legs	formal	HbmItems		UNRESOLVED	True	True	True	True	False	
robes_plate	formal	HbmItems		UNRESOLVED	True	True	True	True	False	
rocket_fuel	formal	HbmItems	rocket_fuel	Item	True	True	True	True	False	rocket_fuel = new Item().setUnlocalizedName("rocket_fuel").setCreativeTab(MainRegistry.partsTab).setTextureName(RefStrings.MODID + ":rocket_fuel")
rod	formal	HbmItems	rod	ItemBreedingRod	False	False	False	True	False	rod = (ItemEnumMulti) new ItemBreedingRod().setUnlocalizedName("rod").setContainerItem(ModItems.rod_empty).setCreativeTab(MainRegistry.controlTab)
rod_dual	formal	HbmItems	rod_dual	ItemBreedingRod	False	False	False	True	False	rod_dual = (ItemEnumMulti) new ItemBreedingRod().setUnlocalizedName("rod_dual").setContainerItem(ModItems.rod_dual_empty).setCreativeTab(MainRegistry.controlTab)
rod_dual_empty	formal	HbmItems	rod_dual_empty	Item	True	True	True	True	False	rod_dual_empty = new Item().setUnlocalizedName("rod_dual_empty").setCreativeTab(MainRegistry.controlTab).setTextureName(RefStrings.MODID + ":rod_dual_empty")
rod_empty	formal	HbmItems	rod_empty	Item	True	True	True	True	False	rod_empty = new Item().setUnlocalizedName("rod_empty").setCreativeTab(MainRegistry.controlTab).setTextureName(RefStrings.MODID + ":rod_empty")
rod_of_discord	formal	HbmItems	rod_of_discord	ItemDiscord	True	True	True	True	False	rod_of_discord = new ItemDiscord().setUnlocalizedName("rod_of_discord").setMaxStackSize(1).setCreativeTab(MainRegistry.consumableTab).setFull3D().setTextureName(RefStrings.MODID + ":rod_of_discord")
rod_quad	formal	HbmItems	rod_quad	ItemBreedingRod	False	False	False	True	False	rod_quad = (ItemEnumMulti) new ItemBreedingRod().setUnlocalizedName("rod_quad").setContainerItem(ModItems.rod_quad_empty).setCreativeTab(MainRegistry.controlTab)
rod_quad_empty	formal	HbmItems	rod_quad_empty	Item	True	True	True	True	False	rod_quad_empty = new Item().setUnlocalizedName("rod_quad_empty").setCreativeTab(MainRegistry.controlTab).setTextureName(RefStrings.MODID + ":rod_quad_empty")
rod_zirnox	formal	HbmItems	rod_zirnox	ItemZirnoxRod	False	False	False	True	False	rod_zirnox = (ItemEnumMulti) new ItemZirnoxRod().setUnlocalizedName("rod_zirnox").setCreativeTab(MainRegistry.controlTab).setTextureName(RefStrings.MODID + ":rod_zirnox")
rod_zirnox_empty	formal	HbmItems	rod_zirnox_empty	Item	True	True	True	True	False	rod_zirnox_empty = new Item().setUnlocalizedName("rod_zirnox_empty").setMaxStackSize(64).setCreativeTab(MainRegistry.controlTab).setTextureName(RefStrings.MODID + ":rod_zirnox_empty")
rod_zirnox_les_fuel_depleted	formal	HbmItems	rod_zirnox_les_fuel_depleted	Item	True	True	True	False	False	rod_zirnox_les_fuel_depleted = new Item().setUnlocalizedName("rod_zirnox_les_fuel_depleted").setCreativeTab(MainRegistry.controlTab).setContainerItem(ModItems.rod_zirnox_empty).setTextureName(RefStrings.MODID + ":rod_zirnox_les_fuel_depleted")
rod_zirnox_mox_fuel_depleted	formal	HbmItems	rod_zirnox_mox_fuel_depleted	Item	True	True	True	False	False	rod_zirnox_mox_fuel_depleted = new Item().setUnlocalizedName("rod_zirnox_mox_fuel_depleted").setCreativeTab(MainRegistry.controlTab).setContainerItem(ModItems.rod_zirnox_empty).setTextureName(RefStrings.MODID + ":rod_zirnox_mox_fuel_depleted")
rod_zirnox_natural_uranium_fuel_depleted	formal	HbmItems	rod_zirnox_natural_uranium_fuel_depleted	Item	False	False	True	False	False	rod_zirnox_natural_uranium_fuel_depleted = new Item().setUnlocalizedName("rod_zirnox_natural_uranium_fuel_depleted").setCreativeTab(MainRegistry.controlTab).setContainerItem(ModItems.rod_zirnox_empty).setTextureName(RefStrings.MODID + ":rod_zirnox_uranium_fuel_depleted")
rod_zirnox_plutonium_fuel_depleted	formal	HbmItems	rod_zirnox_plutonium_fuel_depleted	Item	True	True	True	False	False	rod_zirnox_plutonium_fuel_depleted = new Item().setUnlocalizedName("rod_zirnox_plutonium_fuel_depleted").setCreativeTab(MainRegistry.controlTab).setContainerItem(ModItems.rod_zirnox_empty).setTextureName(RefStrings.MODID + ":rod_zirnox_plutonium_fuel_depleted")
rod_zirnox_thorium_fuel_depleted	formal	HbmItems	rod_zirnox_thorium_fuel_depleted	Item	True	True	True	False	False	rod_zirnox_thorium_fuel_depleted = new Item().setUnlocalizedName("rod_zirnox_thorium_fuel_depleted").setCreativeTab(MainRegistry.controlTab).setContainerItem(ModItems.rod_zirnox_empty).setTextureName(RefStrings.MODID + ":rod_zirnox_thorium_fuel_depleted")
rod_zirnox_tritium	formal	HbmItems	rod_zirnox_tritium	Item	True	True	True	True	False	rod_zirnox_tritium = new Item().setUnlocalizedName("rod_zirnox_tritium").setMaxStackSize(1).setCreativeTab(MainRegistry.controlTab).setContainerItem(ModItems.rod_zirnox_empty).setTextureName(RefStrings.MODID + ":rod_zirnox_tritium")
rod_zirnox_u233_fuel_depleted	formal	HbmItems	rod_zirnox_u233_fuel_depleted	Item	True	True	True	False	False	rod_zirnox_u233_fuel_depleted = new Item().setUnlocalizedName("rod_zirnox_u233_fuel_depleted").setCreativeTab(MainRegistry.controlTab).setContainerItem(ModItems.rod_zirnox_empty).setTextureName(RefStrings.MODID + ":rod_zirnox_u233_fuel_depleted")
rod_zirnox_u235_fuel_depleted	formal	HbmItems	rod_zirnox_u235_fuel_depleted	Item	True	True	True	False	False	rod_zirnox_u235_fuel_depleted = new Item().setUnlocalizedName("rod_zirnox_u235_fuel_depleted").setCreativeTab(MainRegistry.controlTab).setContainerItem(ModItems.rod_zirnox_empty).setTextureName(RefStrings.MODID + ":rod_zirnox_u235_fuel_depleted")
rod_zirnox_uranium_fuel_depleted	formal	HbmItems	rod_zirnox_uranium_fuel_depleted	Item	True	True	True	False	False	rod_zirnox_uranium_fuel_depleted = new Item().setUnlocalizedName("rod_zirnox_uranium_fuel_depleted").setCreativeTab(MainRegistry.controlTab).setContainerItem(ModItems.rod_zirnox_empty).setTextureName(RefStrings.MODID + ":rod_zirnox_uranium_fuel_depleted")
rod_zirnox_zfb_mox_depleted	formal	HbmItems	rod_zirnox_zfb_mox_depleted	Item	True	True	True	False	False	rod_zirnox_zfb_mox_depleted = new Item().setUnlocalizedName("rod_zirnox_zfb_mox_depleted").setCreativeTab(MainRegistry.controlTab).setContainerItem(ModItems.rod_zirnox_empty).setTextureName(RefStrings.MODID + ":rod_zirnox_zfb_mox_depleted")
rpa_boots	formal	HbmItems		UNRESOLVED	True	True	True	False	False	
rpa_helmet	formal	HbmItems		UNRESOLVED	True	True	True	False	False	
rpa_legs	formal	HbmItems		UNRESOLVED	True	True	True	False	False	
rpa_plate	formal	HbmItems		UNRESOLVED	True	True	True	False	False	
rtg_unit	formal	HbmItems	rtg_unit	Item	True	True	True	True	False	rtg_unit = new Item().setUnlocalizedName("rtg_unit").setCreativeTab(MainRegistry.partsTab).setTextureName(RefStrings.MODID + ":rtg_unit")
rtty_pager	formal	HbmItems	rtty_pager	ItemRTTYPager	True	True	True	True	False	rtty_pager = new ItemRTTYPager().setUnlocalizedName("rtty_pager").setMaxStackSize(1).setCreativeTab(MainRegistry.consumableTab).setTextureName(RefStrings.MODID + ":rtty_pager")
rune_blank	formal	HbmItems	rune_blank	ItemCustomLore	True	True	True	True	False	rune_blank = new ItemCustomLore().setEffect().setUnlocalizedName("rune_blank").setCreativeTab(MainRegistry.partsTab).setMaxStackSize(1).setTextureName(RefStrings.MODID + ":rune_blank")
rune_dagaz	formal	HbmItems	rune_dagaz	ItemCustomLore	True	True	True	True	False	rune_dagaz = new ItemCustomLore().setEffect().setUnlocalizedName("rune_dagaz").setCreativeTab(MainRegistry.partsTab).setMaxStackSize(1).setTextureName(RefStrings.MODID + ":rune_dagaz")
rune_hagalaz	formal	HbmItems	rune_hagalaz	ItemCustomLore	True	True	True	True	False	rune_hagalaz = new ItemCustomLore().setEffect().setUnlocalizedName("rune_hagalaz").setCreativeTab(MainRegistry.partsTab).setMaxStackSize(1).setTextureName(RefStrings.MODID + ":rune_hagalaz")
rune_isa	formal	HbmItems	rune_isa	ItemCustomLore	True	True	True	True	False	rune_isa = new ItemCustomLore().setEffect().setUnlocalizedName("rune_isa").setCreativeTab(MainRegistry.partsTab).setMaxStackSize(1).setTextureName(RefStrings.MODID + ":rune_isa")
rune_jera	formal	HbmItems	rune_jera	ItemCustomLore	True	True	True	True	False	rune_jera = new ItemCustomLore().setEffect().setUnlocalizedName("rune_jera").setCreativeTab(MainRegistry.partsTab).setMaxStackSize(1).setTextureName(RefStrings.MODID + ":rune_jera")
rune_thurisaz	formal	HbmItems	rune_thurisaz	ItemCustomLore	True	True	True	True	False	rune_thurisaz = new ItemCustomLore().setEffect().setUnlocalizedName("rune_thurisaz").setCreativeTab(MainRegistry.partsTab).setMaxStackSize(1).setTextureName(RefStrings.MODID + ":rune_thurisaz")
safety_fuse	formal	HbmItems	safety_fuse	Item	True	True	True	True	False	safety_fuse = new Item().setUnlocalizedName("safety_fuse").setCreativeTab(MainRegistry.partsTab).setTextureName(RefStrings.MODID + ":safety_fuse")
sat_base	formal	HbmItems	sat_base	Item	True	True	True	True	False	sat_base = new Item().setUnlocalizedName("sat_base").setCreativeTab(MainRegistry.partsTab).setTextureName(RefStrings.MODID + ":sat_base")
sat_chip	formal	HbmItems	sat_chip	ItemSatChip	True	True	True	True	False	sat_chip = new ItemSatChip().setUnlocalizedName("sat_chip").setMaxStackSize(1).setCreativeTab(MainRegistry.missileTab).setTextureName(RefStrings.MODID + ":sat_chip")
sat_coord	formal	HbmItems	sat_coord	ItemSatInterface	True	True	True	True	False	sat_coord = new ItemSatInterface().setUnlocalizedName("sat_coord").setMaxStackSize(1).setCreativeTab(MainRegistry.missileTab).setTextureName(RefStrings.MODID + ":sat_coord")
sat_designator	formal	HbmItems	sat_designator	ItemSatDesignator	True	True	True	True	False	sat_designator = new ItemSatDesignator().setUnlocalizedName("sat_designator").setFull3D().setMaxStackSize(1).setCreativeTab(MainRegistry.missileTab).setTextureName(RefStrings.MODID + ":sat_designator")
sat_foeq	formal	HbmItems	sat_foeq	ItemSatChip	True	True	True	True	False	sat_foeq = new ItemSatChip().setUnlocalizedName("sat_foeq").setMaxStackSize(1).setCreativeTab(MainRegistry.missileTab).setTextureName(RefStrings.MODID + ":sat_foeq")
sat_gerald	formal	HbmItems	sat_gerald	ItemSatChip	True	True	True	True	False	sat_gerald = new ItemSatChip().setUnlocalizedName("sat_gerald").setMaxStackSize(1).setCreativeTab(MainRegistry.missileTab).setTextureName(RefStrings.MODID + ":sat_gerald")
sat_head_laser	formal	HbmItems	sat_head_laser	Item	True	True	True	True	False	sat_head_laser = new Item().setUnlocalizedName("sat_head_laser").setCreativeTab(MainRegistry.partsTab).setTextureName(RefStrings.MODID + ":sat_head_laser")
sat_head_mapper	formal	HbmItems	sat_head_mapper	Item	True	True	True	True	False	sat_head_mapper = new Item().setUnlocalizedName("sat_head_mapper").setCreativeTab(MainRegistry.partsTab).setTextureName(RefStrings.MODID + ":sat_head_mapper")
sat_head_radar	formal	HbmItems	sat_head_radar	Item	True	True	True	True	False	sat_head_radar = new Item().setUnlocalizedName("sat_head_radar").setCreativeTab(MainRegistry.partsTab).setTextureName(RefStrings.MODID + ":sat_head_radar")
sat_head_resonator	formal	HbmItems	sat_head_resonator	Item	True	True	True	True	False	sat_head_resonator = new Item().setUnlocalizedName("sat_head_resonator").setCreativeTab(MainRegistry.partsTab).setTextureName(RefStrings.MODID + ":sat_head_resonator")
sat_head_scanner	formal	HbmItems	sat_head_scanner	Item	True	True	True	True	False	sat_head_scanner = new Item().setUnlocalizedName("sat_head_scanner").setCreativeTab(MainRegistry.partsTab).setTextureName(RefStrings.MODID + ":sat_head_scanner")
sat_interface	formal	HbmItems	sat_interface	ItemSatInterface	True	True	True	True	False	sat_interface = new ItemSatInterface().setUnlocalizedName("sat_interface").setMaxStackSize(1).setCreativeTab(MainRegistry.missileTab).setTextureName(RefStrings.MODID + ":sat_interface")
sat_laser	formal	HbmItems	sat_laser	ItemSatChip	True	True	True	True	False	sat_laser = new ItemSatChip().setUnlocalizedName("sat_laser").setMaxStackSize(1).setCreativeTab(MainRegistry.missileTab).setTextureName(RefStrings.MODID + ":sat_laser")
sat_lunar_miner	formal	HbmItems	sat_lunar_miner	ItemSatChip	True	True	True	True	False	sat_lunar_miner = new ItemSatChip().setUnlocalizedName("sat_lunar_miner").setMaxStackSize(1).setCreativeTab(MainRegistry.missileTab).setTextureName(RefStrings.MODID + ":sat_lunar_miner")
sat_mapper	formal	HbmItems	sat_mapper	ItemSatChip	True	True	True	True	False	sat_mapper = new ItemSatChip().setUnlocalizedName("sat_mapper").setMaxStackSize(1).setCreativeTab(MainRegistry.missileTab).setTextureName(RefStrings.MODID + ":sat_mapper")
sat_miner	formal	HbmItems	sat_miner	ItemSatChip	True	True	True	True	False	sat_miner = new ItemSatChip().setUnlocalizedName("sat_miner").setMaxStackSize(1).setCreativeTab(MainRegistry.missileTab).setTextureName(RefStrings.MODID + ":sat_miner")
sat_radar	formal	HbmItems	sat_radar	ItemSatChip	True	True	True	True	False	sat_radar = new ItemSatChip().setUnlocalizedName("sat_radar").setMaxStackSize(1).setCreativeTab(MainRegistry.missileTab).setTextureName(RefStrings.MODID + ":sat_radar")
sat_relay	formal	HbmItems	sat_relay	ItemSatChip	True	True	True	True	False	sat_relay = new ItemSatChip().setUnlocalizedName("sat_relay").setMaxStackSize(1).setCreativeTab(MainRegistry.missileTab).setTextureName(RefStrings.MODID + ":sat_relay")
sat_resonator	formal	HbmItems	sat_resonator	ItemSatChip	True	True	True	True	False	sat_resonator = new ItemSatChip().setUnlocalizedName("sat_resonator").setMaxStackSize(1).setCreativeTab(MainRegistry.missileTab).setTextureName(RefStrings.MODID + ":sat_resonator")
sat_scanner	formal	HbmItems	sat_scanner	ItemSatChip	True	True	True	True	False	sat_scanner = new ItemSatChip().setUnlocalizedName("sat_scanner").setMaxStackSize(1).setCreativeTab(MainRegistry.missileTab).setTextureName(RefStrings.MODID + ":sat_scanner")
sawblade	formal	HbmItems	sawblade	Item	True	True	True	True	False	sawblade = new Item().setUnlocalizedName("sawblade").setCreativeTab(MainRegistry.partsTab).setTextureName(RefStrings.MODID + ":sawblade")
schnitzel_vegan	formal	HbmItems	schnitzel_vegan	ItemSchnitzelVegan	True	True	True	True	False	schnitzel_vegan = new ItemSchnitzelVegan(0, true).setUnlocalizedName("schnitzel_vegan").setCreativeTab(MainRegistry.consumableTab).setTextureName(RefStrings.MODID + ":schnitzel_vegan")
schrabidium_axe	formal	HbmItems	schrabidium_axe	ItemToolAbility	True	True	True	True	False	schrabidium_axe = new ItemToolAbility(25, 0, MainRegistry.tMatSchrab, EnumToolType.AXE) .addAbility(IWeaponAbility.RADIATION, 0) .addAbility(IToolAreaAbility.HAMMER, 1) .addAbility(IToolAreaAbility.HAMMER_FLAT, 1) .addAbility(IToolAreaAbility.RECURSION, 6) .addAbility(IToolHarvestAbility.SILK, 0) .addAbility(IToolHarvestAbility.LUCK, 4) .addAbility(IToolHarvestAbility.SMELTER, 0) .addAbility(IToolHarvestAbility.SHREDDER, 0) .addAbility(IWeaponAbility.BEHEADER, 0) .setRarity(EnumRarity.rare).setUnlocalizedName("schrabidium_axe").setTextureName(RefStrings.MODID + ":schrabidium_axe")
schrabidium_boots	formal	HbmItems		UNRESOLVED	True	True	True	True	False	
schrabidium_hammer	formal	HbmItems	schrabidium_hammer	WeaponSpecial	True	True	True	True	False	schrabidium_hammer = new WeaponSpecial(MainRegistry.tMatHammmer).setUnlocalizedName("schrabidium_hammer").setMaxStackSize(1).setTextureName(RefStrings.MODID + ":schrabidium_hammer")
schrabidium_helmet	formal	HbmItems		UNRESOLVED	True	True	True	True	False	
schrabidium_hoe	formal	HbmItems	schrabidium_hoe	HoeSchrabidium	True	True	True	True	False	schrabidium_hoe = new HoeSchrabidium(MainRegistry.tMatSchrab).setUnlocalizedName("schrabidium_hoe").setTextureName(RefStrings.MODID + ":schrabidium_hoe")
schrabidium_legs	formal	HbmItems		UNRESOLVED	True	True	True	True	False	
schrabidium_pickaxe	formal	HbmItems	schrabidium_pickaxe	ItemToolAbility	True	True	True	True	False	schrabidium_pickaxe = new ItemToolAbility(20, 0, MainRegistry.tMatSchrab, EnumToolType.PICKAXE) .addAbility(IWeaponAbility.RADIATION, 0) .addAbility(IToolAreaAbility.HAMMER, 1) .addAbility(IToolAreaAbility.HAMMER_FLAT, 1) .addAbility(IToolAreaAbility.RECURSION, 6) .addAbility(IToolHarvestAbility.SILK, 0) .addAbility(IToolHarvestAbility.LUCK, 4) .addAbility(IToolHarvestAbility.SMELTER, 0) .addAbility(IToolHarvestAbility.SHREDDER, 0) .setRarity(EnumRarity.rare).setUnlocalizedName("schrabidium_pickaxe").setTextureName(RefStrings.MODID + ":schrabidium_pickaxe")
schrabidium_plate	formal	HbmItems		UNRESOLVED	True	True	True	True	False	
schrabidium_shovel	formal	HbmItems	schrabidium_shovel	ItemToolAbility	True	True	True	True	False	schrabidium_shovel = new ItemToolAbility(15, 0, MainRegistry.tMatSchrab, EnumToolType.SHOVEL) .addAbility(IWeaponAbility.RADIATION, 0) .addAbility(IToolAreaAbility.HAMMER, 1) .addAbility(IToolAreaAbility.HAMMER_FLAT, 1) .addAbility(IToolAreaAbility.RECURSION, 6) .addAbility(IToolHarvestAbility.SILK, 0) .addAbility(IToolHarvestAbility.LUCK, 4) .addAbility(IToolHarvestAbility.SMELTER, 0) .addAbility(IToolHarvestAbility.SHREDDER, 0) .setRarity(EnumRarity.rare).setUnlocalizedName("schrabidium_shovel").setTextureName(RefStrings.MODID + ":schrabidium_shovel")
schrabidium_sword	formal	HbmItems	schrabidium_sword	ItemSwordAbility	True	True	True	True	False	schrabidium_sword = new ItemSwordAbility(75, 0, MainRegistry.tMatSchrab) .addAbility(IWeaponAbility.RADIATION, 1) .addAbility(IWeaponAbility.VAMPIRE, 0) .setRarity(EnumRarity.rare).setUnlocalizedName("schrabidium_sword").setTextureName(RefStrings.MODID + ":schrabidium_sword")
scrap	formal	HbmItems	scrap	Item	True	True	True	True	False	scrap = new Item().setUnlocalizedName("scrap").setCreativeTab(MainRegistry.partsTab).setTextureName(RefStrings.MODID + ":scrap")
scrap_nuclear	formal	HbmItems	scrap_nuclear	Item	True	True	True	True	False	scrap_nuclear = new Item().setUnlocalizedName("scrap_nuclear").setCreativeTab(MainRegistry.partsTab).setTextureName(RefStrings.MODID + ":scrap_nuclear")
scrap_oil	formal	HbmItems	scrap_oil	Item	True	True	True	True	False	scrap_oil = new Item().setUnlocalizedName("scrap_oil").setCreativeTab(MainRegistry.partsTab).setTextureName(RefStrings.MODID + ":scrap_oil")
scrap_plastic	formal	HbmItems	scrap_plastic	ItemPlasticScrap	True	True	True	True	False	scrap_plastic = new ItemPlasticScrap().setUnlocalizedName("scrap_plastic").setTextureName(RefStrings.MODID + ":scrap_plastic")
scraps	formal	HbmItems	scraps	ItemScraps	True	True	True	True	False	scraps = new ItemScraps().aot(Mats.MAT_BISMUTH, "scraps_bismuth").setUnlocalizedName("scraps").setCreativeTab(MainRegistry.partsTab).setTextureName(RefStrings.MODID + ":scraps")
screwdriver	formal	HbmItems	screwdriver	ItemTooling	True	True	True	True	False	screwdriver = new ItemTooling(ToolType.SCREWDRIVER, 100).setUnlocalizedName("screwdriver")
screwdriver_desh	formal	HbmItems	screwdriver_desh	ItemTooling	True	True	True	True	False	screwdriver_desh = new ItemTooling(ToolType.SCREWDRIVER, 0).setUnlocalizedName("screwdriver_desh")
scrumpy	formal	HbmItems	scrumpy	ItemModRevive	True	True	True	True	False	scrumpy = new ItemModRevive(1).setUnlocalizedName("scrumpy").setTextureName(RefStrings.MODID + ":scrumpy")
security_boots	formal	HbmItems		UNRESOLVED	True	True	True	True	False	
security_helmet	formal	HbmItems		UNRESOLVED	True	True	True	True	False	
security_legs	formal	HbmItems		UNRESOLVED	True	True	True	True	False	
security_plate	formal	HbmItems		UNRESOLVED	True	True	True	True	False	
seg_10	formal	HbmItems	seg_10	Item	True	True	True	True	False	seg_10 = new Item().setUnlocalizedName("seg_10").setCreativeTab(MainRegistry.partsTab).setTextureName(RefStrings.MODID + ":seg_10")
seg_15	formal	HbmItems	seg_15	Item	True	True	True	True	False	seg_15 = new Item().setUnlocalizedName("seg_15").setCreativeTab(MainRegistry.partsTab).setTextureName(RefStrings.MODID + ":seg_15")
seg_20	formal	HbmItems	seg_20	Item	True	True	True	True	False	seg_20 = new Item().setUnlocalizedName("seg_20").setCreativeTab(MainRegistry.partsTab).setTextureName(RefStrings.MODID + ":seg_20")
serum	formal	HbmItems	serum	ItemModSerum	True	True	True	True	False	serum = new ItemModSerum().setUnlocalizedName("serum").setTextureName(RefStrings.MODID + ":serum")
servo_set	formal	HbmItems	servo_set	ItemModServos	True	True	True	True	False	servo_set = new ItemModServos().setUnlocalizedName("servo_set").setTextureName(RefStrings.MODID + ":servo_set")
servo_set_desh	formal	HbmItems	servo_set_desh	ItemModServos	True	True	True	True	False	servo_set_desh = new ItemModServos().setUnlocalizedName("servo_set_desh").setTextureName(RefStrings.MODID + ":servo_set_desh")
settings_tool	formal	HbmItems	settings_tool	ItemSettingsTool	True	True	True	True	False	settings_tool = new ItemSettingsTool().setUnlocalizedName("settings_tool").setMaxStackSize(1).setCreativeTab(MainRegistry.consumableTab).setTextureName(RefStrings.MODID + ":settings_tool")
shackles	formal	HbmItems	shackles	ItemModShackles	True	True	True	True	False	shackles = new ItemModShackles().setUnlocalizedName("shackles").setTextureName(RefStrings.MODID + ":shackles")
shell	formal	HbmItems	shell	ItemAutogen	True	True	False	True	False	shell = new ItemAutogen(MaterialShapes.SHELL).oun("shellntm").setUnlocalizedName("shell").setCreativeTab(MainRegistry.partsTab).setTextureName(RefStrings.MODID + ":shell")
shimmer_axe	formal	HbmItems	shimmer_axe	WeaponSpecial	True	True	True	True	False	shimmer_axe = new WeaponSpecial(MainRegistry.enumToolMaterialSledge).setUnlocalizedName("shimmer_axe").setMaxStackSize(1).setTextureName(RefStrings.MODID + ":shimmer_axe")
shimmer_axe_head	formal	HbmItems	shimmer_axe_head	Item	True	True	True	True	False	shimmer_axe_head = new Item().setUnlocalizedName("shimmer_axe_head").setCreativeTab(MainRegistry.partsTab).setTextureName(RefStrings.MODID + ":shimmer_axe_head")
shimmer_handle	formal	HbmItems	shimmer_handle	Item	True	True	True	True	False	shimmer_handle = new Item().setUnlocalizedName("shimmer_handle").setCreativeTab(MainRegistry.partsTab).setTextureName(RefStrings.MODID + ":shimmer_handle")
shimmer_head	formal	HbmItems	shimmer_head	Item	True	True	True	True	False	shimmer_head = new Item().setUnlocalizedName("shimmer_head").setCreativeTab(MainRegistry.partsTab).setTextureName(RefStrings.MODID + ":shimmer_head_original")
shimmer_sledge	formal	HbmItems	shimmer_sledge	WeaponSpecial	True	True	True	True	False	shimmer_sledge = new WeaponSpecial(MainRegistry.enumToolMaterialSledge).setUnlocalizedName("shimmer_sledge").setMaxStackSize(1).setTextureName(RefStrings.MODID + ":shimmer_sledge_original")
singularity	formal	HbmItems	singularity	ItemDrop	True	True	True	True	False	singularity = new ItemDrop().setUnlocalizedName("singularity").setMaxStackSize(1).setCreativeTab(MainRegistry.controlTab).setContainerItem(ModItems.nuclear_waste).setTextureName(RefStrings.MODID + ":singularity")
singularity_counter_resonant	formal	HbmItems	singularity_counter_resonant	ItemDrop	False	True	True	True	False	singularity_counter_resonant = new ItemDrop().setUnlocalizedName("singularity_counter_resonant").setMaxStackSize(1).setCreativeTab(MainRegistry.controlTab).setContainerItem(ModItems.nuclear_waste).setTextureName(RefStrings.MODID + ":singularity_alt")
singularity_spark	formal	HbmItems	singularity_spark	ItemDrop	False	True	True	True	False	singularity_spark = new ItemDrop().setUnlocalizedName("singularity_spark").setMaxStackSize(1).setCreativeTab(MainRegistry.controlTab).setContainerItem(ModItems.nuclear_waste).setTextureName(RefStrings.MODID + ":singularity_spark_alt")
singularity_super_heated	formal	HbmItems	singularity_super_heated	ItemDrop	False	True	True	True	False	singularity_super_heated = new ItemDrop().setUnlocalizedName("singularity_super_heated").setMaxStackSize(1).setCreativeTab(MainRegistry.controlTab).setContainerItem(ModItems.nuclear_waste).setTextureName(RefStrings.MODID + ":singularity_5")
siox	formal	HbmItems	siox	ItemPill	True	True	True	True	False	siox = new ItemPill(0).setUnlocalizedName("siox").setCreativeTab(MainRegistry.consumableTab).setTextureName(RefStrings.MODID + ":siox")
siphon	formal	HbmItems	siphon	ItemFluidSiphon	True	True	True	True	False	siphon = new ItemFluidSiphon().setUnlocalizedName("siphon").setMaxStackSize(1).setCreativeTab(MainRegistry.controlTab).setTextureName(RefStrings.MODID + ":siphon")
siren_track	formal	HbmItems	siren_track	ItemCassette	False	False	True	True	False	siren_track = new ItemCassette().setUnlocalizedName("siren_track").setMaxStackSize(1).setCreativeTab(MainRegistry.templateTab).setTextureName(RefStrings.MODID + ":cassette")
smashing_hammer	formal	HbmItems	smashing_hammer	ItemToolAbility	True	True	True	True	False	smashing_hammer = new ItemToolAbility(12F, -0.1, MainRegistry.tMatSteel, EnumToolType.MINER) .addAbility(IToolHarvestAbility.SHREDDER, 0).setMaxDamage(2500).setUnlocalizedName("smashing_hammer").setTextureName(RefStrings.MODID + ":smashing_hammer")
solid_fuel	formal	HbmItems	solid_fuel	Item	True	True	True	True	False	solid_fuel = new Item().setUnlocalizedName("solid_fuel").setCreativeTab(MainRegistry.partsTab).setTextureName(RefStrings.MODID + ":solid_fuel")
solid_fuel_bf	formal	HbmItems	solid_fuel_bf	Item	True	True	True	True	False	solid_fuel_bf = new Item().setUnlocalizedName("solid_fuel_bf").setCreativeTab(MainRegistry.partsTab).setTextureName(RefStrings.MODID + ":solid_fuel_bf")
solid_fuel_presto	formal	HbmItems	solid_fuel_presto	Item	True	True	True	True	False	solid_fuel_presto = new Item().setUnlocalizedName("solid_fuel_presto").setCreativeTab(MainRegistry.partsTab).setTextureName(RefStrings.MODID + ":solid_fuel_presto")
solid_fuel_presto_bf	formal	HbmItems	solid_fuel_presto_bf	Item	True	True	True	True	False	solid_fuel_presto_bf = new Item().setUnlocalizedName("solid_fuel_presto_bf").setCreativeTab(MainRegistry.partsTab).setTextureName(RefStrings.MODID + ":solid_fuel_presto_bf")
solid_fuel_presto_triplet	formal	HbmItems	solid_fuel_presto_triplet	Item	True	True	True	True	False	solid_fuel_presto_triplet = new Item().setUnlocalizedName("solid_fuel_presto_triplet").setCreativeTab(MainRegistry.partsTab).setTextureName(RefStrings.MODID + ":solid_fuel_presto_triplet")
solid_fuel_presto_triplet_bf	formal	HbmItems	solid_fuel_presto_triplet_bf	Item	True	True	True	True	False	solid_fuel_presto_triplet_bf = new Item().setUnlocalizedName("solid_fuel_presto_triplet_bf").setCreativeTab(MainRegistry.partsTab).setTextureName(RefStrings.MODID + ":solid_fuel_presto_triplet_bf")
solinium_core	formal	HbmItems	solinium_core	ItemSolinium	True	True	True	True	False	solinium_core = new ItemSolinium().setUnlocalizedName("solinium_core").setMaxStackSize(1).setCreativeTab(MainRegistry.nukeTab).setTextureName(RefStrings.MODID + ":solinium_core")
solinium_igniter	formal	HbmItems	solinium_igniter	ItemSolinium	True	True	True	True	False	solinium_igniter = new ItemSolinium().setUnlocalizedName("solinium_igniter").setMaxStackSize(1).setCreativeTab(MainRegistry.nukeTab).setTextureName(RefStrings.MODID + ":solinium_igniter")
solinium_kit	formal	HbmItems	solinium_kit	ItemStarterKit	True	True	True	True	False	solinium_kit = new ItemStarterKit().setUnlocalizedName("solinium_kit").setMaxStackSize(1).setCreativeTab(MainRegistry.nukeTab).setTextureName(RefStrings.MODID + ":solinium_kit")
solinium_propellant	formal	HbmItems	solinium_propellant	ItemSolinium	True	True	True	True	False	solinium_propellant = new ItemSolinium().setUnlocalizedName("solinium_propellant").setMaxStackSize(1).setCreativeTab(MainRegistry.nukeTab).setTextureName(RefStrings.MODID + ":solinium_propellant")
sopsign	formal	HbmItems	sopsign	WeaponSpecial	True	True	True	True	False	sopsign = new WeaponSpecial(MainRegistry.tMatAlloy).setUnlocalizedName("sopsign").setTextureName(RefStrings.MODID + ":sopsign")
spawn_duck	formal	HbmItems	spawn_duck	ItemChopper	True	True	True	False	False	spawn_duck = new ItemChopper().setUnlocalizedName("spawn_duck").setMaxStackSize(16).setCreativeTab(MainRegistry.consumableTab).setTextureName(RefStrings.MODID + ":spawn_duck")
spawn_ufo	catalog_fallback	HbmItems.registerRemainingLegacyCatalogItems -> LegacyCatalogItem	spawn_ufo	ItemChopper	True	True	True	True	False	spawn_ufo = new ItemChopper().setUnlocalizedName("spawn_ufo").setMaxStackSize(1).setCreativeTab(MainRegistry.consumableTab).setTextureName(RefStrings.MODID + ":spawn_ufo")
spawn_worm	catalog_fallback	HbmItems.registerRemainingLegacyCatalogItems -> LegacyCatalogItem	spawn_worm	ItemChopper	True	True	True	True	False	spawn_worm = new ItemChopper().setUnlocalizedName("spawn_worm").setMaxStackSize(1).setCreativeTab(MainRegistry.consumableTab).setTextureName(RefStrings.MODID + ":spawn_worm")
sphere_steel	formal	HbmItems	sphere_steel	Item	True	True	True	True	False	sphere_steel = new Item().setUnlocalizedName("sphere_steel").setCreativeTab(MainRegistry.partsTab).setTextureName(RefStrings.MODID + ":sphere_steel")
spider_milk	formal	HbmItems	spider_milk	ItemModMilk	True	True	True	True	False	spider_milk = new ItemModMilk().setUnlocalizedName("spider_milk").setTextureName(RefStrings.MODID + ":spider_milk")
spongebob_macaroni	formal	HbmItems	spongebob_macaroni	ItemLemon	True	True	True	True	False	spongebob_macaroni = new ItemLemon(5, 1F, false).setUnlocalizedName("spongebob_macaroni").setCreativeTab(MainRegistry.consumableTab).setTextureName(RefStrings.MODID + ":spongebob_macaroni")
stamp_357	formal	HbmItems dynamic material/specialized registration	stamp_357	ItemStamp	True	True	True	True	False	stamp_357 = new ItemStamp(1000, StampType.C357).setUnlocalizedName("stamp_357").setMaxStackSize(1).setCreativeTab(MainRegistry.controlTab).setTextureName(RefStrings.MODID + ":stamp_357")
stamp_44	formal	HbmItems dynamic material/specialized registration	stamp_44	ItemStamp	True	True	True	True	False	stamp_44 = new ItemStamp(1000, StampType.C44).setUnlocalizedName("stamp_44").setMaxStackSize(1).setCreativeTab(MainRegistry.controlTab).setTextureName(RefStrings.MODID + ":stamp_44")
stamp_50	formal	HbmItems dynamic material/specialized registration	stamp_50	ItemStamp	True	True	True	True	False	stamp_50 = new ItemStamp(1000, StampType.C50).setUnlocalizedName("stamp_50").setMaxStackSize(1).setCreativeTab(MainRegistry.controlTab).setTextureName(RefStrings.MODID + ":stamp_50")
stamp_9	formal	HbmItems dynamic material/specialized registration	stamp_9	ItemStamp	True	True	True	True	False	stamp_9 = new ItemStamp(1000, StampType.C9).setUnlocalizedName("stamp_9").setMaxStackSize(1).setCreativeTab(MainRegistry.controlTab).setTextureName(RefStrings.MODID + ":stamp_9")
stamp_book	formal	HbmItems	stamp_book	ItemStampBook	True	True	False	True	False	stamp_book = new ItemStampBook().setUnlocalizedName("stamp_book").setMaxStackSize(1).setCreativeTab(null).setTextureName(RefStrings.MODID + ":stamp_book")
stamp_desh_357	formal	HbmItems dynamic material/specialized registration	stamp_desh_357	ItemStamp	False	True	True	True	False	stamp_desh_357 = new ItemStamp(0, StampType.C357).setUnlocalizedName("stamp_desh_357").setMaxStackSize(1).setCreativeTab(MainRegistry.controlTab).setTextureName(RefStrings.MODID + ":stamp_357_desh")
stamp_desh_44	formal	HbmItems dynamic material/specialized registration	stamp_desh_44	ItemStamp	False	True	True	True	False	stamp_desh_44 = new ItemStamp(0, StampType.C44).setUnlocalizedName("stamp_desh_44").setMaxStackSize(1).setCreativeTab(MainRegistry.controlTab).setTextureName(RefStrings.MODID + ":stamp_44_desh")
stamp_desh_50	formal	HbmItems dynamic material/specialized registration	stamp_desh_50	ItemStamp	False	True	True	True	False	stamp_desh_50 = new ItemStamp(0, StampType.C50).setUnlocalizedName("stamp_desh_50").setMaxStackSize(1).setCreativeTab(MainRegistry.controlTab).setTextureName(RefStrings.MODID + ":stamp_50_desh")
stamp_desh_9	formal	HbmItems dynamic material/specialized registration	stamp_desh_9	ItemStamp	False	True	True	True	False	stamp_desh_9 = new ItemStamp(0, StampType.C9).setUnlocalizedName("stamp_desh_9").setMaxStackSize(1).setCreativeTab(MainRegistry.controlTab).setTextureName(RefStrings.MODID + ":stamp_9_desh")
stamp_desh_circuit	formal	HbmItems dynamic material/specialized registration	stamp_desh_circuit	ItemStamp	True	True	True	True	False	stamp_desh_circuit = new ItemStamp(0, StampType.CIRCUIT).setUnlocalizedName("stamp_desh_circuit").setMaxStackSize(1).setCreativeTab(MainRegistry.controlTab).setTextureName(RefStrings.MODID + ":stamp_desh_circuit")
stamp_desh_flat	formal	HbmItems dynamic material/specialized registration	stamp_desh_flat	ItemStamp	True	True	True	True	False	stamp_desh_flat = new ItemStamp(0, StampType.FLAT).setUnlocalizedName("stamp_desh_flat").setMaxStackSize(1).setCreativeTab(MainRegistry.controlTab).setTextureName(RefStrings.MODID + ":stamp_desh_flat")
stamp_desh_plate	formal	HbmItems dynamic material/specialized registration	stamp_desh_plate	ItemStamp	True	True	True	True	False	stamp_desh_plate = new ItemStamp(0, StampType.PLATE).setUnlocalizedName("stamp_desh_plate").setMaxStackSize(1).setCreativeTab(MainRegistry.controlTab).setTextureName(RefStrings.MODID + ":stamp_desh_plate")
stamp_desh_wire	formal	HbmItems dynamic material/specialized registration	stamp_desh_wire	ItemStamp	True	True	True	True	False	stamp_desh_wire = new ItemStamp(0, StampType.WIRE).setUnlocalizedName("stamp_desh_wire").setMaxStackSize(1).setCreativeTab(MainRegistry.controlTab).setTextureName(RefStrings.MODID + ":stamp_desh_wire")
stamp_iron_circuit	formal	HbmItems dynamic material/specialized registration	stamp_iron_circuit	ItemStamp	True	True	True	True	False	stamp_iron_circuit = new ItemStamp(64, StampType.CIRCUIT).setUnlocalizedName("stamp_iron_circuit").setMaxStackSize(1).setCreativeTab(MainRegistry.controlTab).setTextureName(RefStrings.MODID + ":stamp_iron_circuit")
stamp_iron_flat	formal	HbmItems dynamic material/specialized registration	stamp_iron_flat	ItemStamp	True	True	True	True	False	stamp_iron_flat = new ItemStamp(64, StampType.FLAT).setUnlocalizedName("stamp_iron_flat").setMaxStackSize(1).setCreativeTab(MainRegistry.controlTab).setTextureName(RefStrings.MODID + ":stamp_iron_flat")
stamp_iron_plate	formal	HbmItems dynamic material/specialized registration	stamp_iron_plate	ItemStamp	True	True	True	True	False	stamp_iron_plate = new ItemStamp(64, StampType.PLATE).setUnlocalizedName("stamp_iron_plate").setMaxStackSize(1).setCreativeTab(MainRegistry.controlTab).setTextureName(RefStrings.MODID + ":stamp_iron_plate")
stamp_iron_wire	formal	HbmItems dynamic material/specialized registration	stamp_iron_wire	ItemStamp	True	True	True	True	False	stamp_iron_wire = new ItemStamp(64, StampType.WIRE).setUnlocalizedName("stamp_iron_wire").setMaxStackSize(1).setCreativeTab(MainRegistry.controlTab).setTextureName(RefStrings.MODID + ":stamp_iron_wire")
stamp_obsidian_circuit	formal	HbmItems dynamic material/specialized registration	stamp_obsidian_circuit	ItemStamp	True	True	True	True	False	stamp_obsidian_circuit = new ItemStamp(512, StampType.CIRCUIT).setUnlocalizedName("stamp_obsidian_circuit").setMaxStackSize(1).setCreativeTab(MainRegistry.controlTab).setTextureName(RefStrings.MODID + ":stamp_obsidian_circuit")
stamp_obsidian_flat	formal	HbmItems dynamic material/specialized registration	stamp_obsidian_flat	ItemStamp	True	True	True	True	False	stamp_obsidian_flat = new ItemStamp(512, StampType.FLAT).setUnlocalizedName("stamp_obsidian_flat").setMaxStackSize(1).setCreativeTab(MainRegistry.controlTab).setTextureName(RefStrings.MODID + ":stamp_obsidian_flat")
stamp_obsidian_plate	formal	HbmItems dynamic material/specialized registration	stamp_obsidian_plate	ItemStamp	True	True	True	True	False	stamp_obsidian_plate = new ItemStamp(512, StampType.PLATE).setUnlocalizedName("stamp_obsidian_plate").setMaxStackSize(1).setCreativeTab(MainRegistry.controlTab).setTextureName(RefStrings.MODID + ":stamp_obsidian_plate")
stamp_obsidian_wire	formal	HbmItems dynamic material/specialized registration	stamp_obsidian_wire	ItemStamp	True	True	True	True	False	stamp_obsidian_wire = new ItemStamp(512, StampType.WIRE).setUnlocalizedName("stamp_obsidian_wire").setMaxStackSize(1).setCreativeTab(MainRegistry.controlTab).setTextureName(RefStrings.MODID + ":stamp_obsidian_wire")
stamp_steel_circuit	formal	HbmItems dynamic material/specialized registration	stamp_steel_circuit	ItemStamp	True	True	True	True	False	stamp_steel_circuit = new ItemStamp(192, StampType.CIRCUIT).setUnlocalizedName("stamp_steel_circuit").setMaxStackSize(1).setCreativeTab(MainRegistry.controlTab).setTextureName(RefStrings.MODID + ":stamp_steel_circuit")
stamp_steel_flat	formal	HbmItems dynamic material/specialized registration	stamp_steel_flat	ItemStamp	True	True	True	True	False	stamp_steel_flat = new ItemStamp(192, StampType.FLAT).setUnlocalizedName("stamp_steel_flat").setMaxStackSize(1).setCreativeTab(MainRegistry.controlTab).setTextureName(RefStrings.MODID + ":stamp_steel_flat")
stamp_steel_plate	formal	HbmItems dynamic material/specialized registration	stamp_steel_plate	ItemStamp	True	True	True	True	False	stamp_steel_plate = new ItemStamp(192, StampType.PLATE).setUnlocalizedName("stamp_steel_plate").setMaxStackSize(1).setCreativeTab(MainRegistry.controlTab).setTextureName(RefStrings.MODID + ":stamp_steel_plate")
stamp_steel_wire	formal	HbmItems dynamic material/specialized registration	stamp_steel_wire	ItemStamp	True	True	True	True	False	stamp_steel_wire = new ItemStamp(192, StampType.WIRE).setUnlocalizedName("stamp_steel_wire").setMaxStackSize(1).setCreativeTab(MainRegistry.controlTab).setTextureName(RefStrings.MODID + ":stamp_steel_wire")
stamp_stone_circuit	formal	HbmItems dynamic material/specialized registration	stamp_stone_circuit	ItemStamp	True	True	True	True	False	stamp_stone_circuit = new ItemStamp(32, StampType.CIRCUIT).setUnlocalizedName("stamp_stone_circuit").setMaxStackSize(1).setCreativeTab(MainRegistry.controlTab).setTextureName(RefStrings.MODID + ":stamp_stone_circuit")
stamp_stone_flat	formal	HbmItems dynamic material/specialized registration	stamp_stone_flat	ItemStamp	True	True	True	True	False	stamp_stone_flat = new ItemStamp(32, StampType.FLAT).setUnlocalizedName("stamp_stone_flat").setMaxStackSize(1).setCreativeTab(MainRegistry.controlTab).setTextureName(RefStrings.MODID + ":stamp_stone_flat")
stamp_stone_plate	formal	HbmItems dynamic material/specialized registration	stamp_stone_plate	ItemStamp	True	True	True	True	False	stamp_stone_plate = new ItemStamp(32, StampType.PLATE).setUnlocalizedName("stamp_stone_plate").setMaxStackSize(1).setCreativeTab(MainRegistry.controlTab).setTextureName(RefStrings.MODID + ":stamp_stone_plate")
stamp_stone_wire	formal	HbmItems dynamic material/specialized registration	stamp_stone_wire	ItemStamp	True	True	True	True	False	stamp_stone_wire = new ItemStamp(32, StampType.WIRE).setUnlocalizedName("stamp_stone_wire").setMaxStackSize(1).setCreativeTab(MainRegistry.controlTab).setTextureName(RefStrings.MODID + ":stamp_stone_wire")
stamp_titanium_circuit	formal	HbmItems dynamic material/specialized registration	stamp_titanium_circuit	ItemStamp	True	True	True	True	False	stamp_titanium_circuit = new ItemStamp(256, StampType.CIRCUIT).setUnlocalizedName("stamp_titanium_circuit").setMaxStackSize(1).setCreativeTab(MainRegistry.controlTab).setTextureName(RefStrings.MODID + ":stamp_titanium_circuit")
stamp_titanium_flat	formal	HbmItems dynamic material/specialized registration	stamp_titanium_flat	ItemStamp	True	True	True	True	False	stamp_titanium_flat = new ItemStamp(256, StampType.FLAT).setUnlocalizedName("stamp_titanium_flat").setMaxStackSize(1).setCreativeTab(MainRegistry.controlTab).setTextureName(RefStrings.MODID + ":stamp_titanium_flat")
stamp_titanium_plate	formal	HbmItems dynamic material/specialized registration	stamp_titanium_plate	ItemStamp	True	True	True	True	False	stamp_titanium_plate = new ItemStamp(256, StampType.PLATE).setUnlocalizedName("stamp_titanium_plate").setMaxStackSize(1).setCreativeTab(MainRegistry.controlTab).setTextureName(RefStrings.MODID + ":stamp_titanium_plate")
stamp_titanium_wire	formal	HbmItems dynamic material/specialized registration	stamp_titanium_wire	ItemStamp	True	True	True	True	False	stamp_titanium_wire = new ItemStamp(256, StampType.WIRE).setUnlocalizedName("stamp_titanium_wire").setMaxStackSize(1).setCreativeTab(MainRegistry.controlTab).setTextureName(RefStrings.MODID + ":stamp_titanium_wire")
starmetal_axe	formal	HbmItems	starmetal_axe	ItemToolAbility	True	True	True	True	False	starmetal_axe = new ItemToolAbility(12F, 0, matStarmetal, EnumToolType.AXE) .addAbility(IToolAreaAbility.RECURSION, 3) .addAbility(IToolAreaAbility.HAMMER, 1) .addAbility(IToolAreaAbility.HAMMER_FLAT, 1) .addAbility(IToolHarvestAbility.SILK, 0) .addAbility(IToolHarvestAbility.LUCK, 4) .addAbility(IWeaponAbility.BEHEADER, 0) .addAbility(IWeaponAbility.STUN, 1).setUnlocalizedName("starmetal_axe").setTextureName(RefStrings.MODID + ":starmetal_axe")
starmetal_boots	formal	HbmItems		UNRESOLVED	True	True	True	True	False	
starmetal_helmet	formal	HbmItems		UNRESOLVED	True	True	True	True	False	
starmetal_hoe	formal	HbmItems	starmetal_hoe	ModHoe	True	True	True	True	False	starmetal_hoe = new ModHoe(matStarmetal).setUnlocalizedName("starmetal_hoe").setTextureName(RefStrings.MODID + ":starmetal_hoe")
starmetal_legs	formal	HbmItems		UNRESOLVED	True	True	True	True	False	
starmetal_pickaxe	formal	HbmItems	starmetal_pickaxe	ItemToolAbility	True	True	True	True	False	starmetal_pickaxe = new ItemToolAbility(8F, 0, matStarmetal, EnumToolType.PICKAXE) .addAbility(IToolAreaAbility.RECURSION, 3) .addAbility(IToolAreaAbility.HAMMER, 1) .addAbility(IToolAreaAbility.HAMMER_FLAT, 1) .addAbility(IToolHarvestAbility.SILK, 0) .addAbility(IToolHarvestAbility.LUCK, 4) .addAbility(IWeaponAbility.STUN, 1).setUnlocalizedName("starmetal_pickaxe").setTextureName(RefStrings.MODID + ":starmetal_pickaxe")
starmetal_plate	formal	HbmItems		UNRESOLVED	True	True	True	True	False	
starmetal_shovel	formal	HbmItems	starmetal_shovel	ItemToolAbility	True	True	True	True	False	starmetal_shovel = new ItemToolAbility(7F, 0, matStarmetal, EnumToolType.SHOVEL) .addAbility(IToolAreaAbility.RECURSION, 3) .addAbility(IToolAreaAbility.HAMMER, 1) .addAbility(IToolAreaAbility.HAMMER_FLAT, 1) .addAbility(IToolHarvestAbility.SILK, 0) .addAbility(IToolHarvestAbility.LUCK, 4) .addAbility(IWeaponAbility.STUN, 1).setUnlocalizedName("starmetal_shovel").setTextureName(RefStrings.MODID + ":starmetal_shovel")
starmetal_sword	formal	HbmItems	starmetal_sword	ItemSwordAbility	True	True	True	True	False	starmetal_sword = new ItemSwordAbility(25F, 0, matStarmetal) .addAbility(IWeaponAbility.BEHEADER, 0) .addAbility(IWeaponAbility.STUN, 1) .addAbility(IWeaponAbility.BOBBLE, 0).setUnlocalizedName("starmetal_sword").setTextureName(RefStrings.MODID + ":starmetal_sword")
static_sandwich	formal	HbmItems	static_sandwich	ItemLemon	True	True	True	True	False	static_sandwich = new ItemLemon(6, 1F, false).setUnlocalizedName("static_sandwich").setCreativeTab(MainRegistry.consumableTab).setTextureName(RefStrings.MODID + ":static_sandwich")
stealth_boy	formal	HbmItems	stealth_boy	ItemStarterKit	True	True	True	True	False	stealth_boy = new ItemStarterKit().setUnlocalizedName("stealth_boy").setCreativeTab(MainRegistry.consumableTab).setTextureName(RefStrings.MODID + ":stealth_boy")
steamsuit_boots	formal	HbmItems		UNRESOLVED	True	True	True	True	False	
steamsuit_helmet	formal	HbmItems		UNRESOLVED	True	True	True	True	False	
steamsuit_legs	formal	HbmItems		UNRESOLVED	True	True	True	True	False	
steamsuit_plate	formal	HbmItems		UNRESOLVED	True	True	True	True	False	
steel_axe	formal	HbmItems	steel_axe	ItemToolAbility	True	True	True	True	False	steel_axe = new ItemToolAbility(5F, 0, MainRegistry.tMatSteel, EnumToolType.AXE) .addAbility(IToolAreaAbility.RECURSION, 0) .addAbility(IWeaponAbility.BEHEADER, 0).setUnlocalizedName("steel_axe").setTextureName(RefStrings.MODID + ":steel_axe")
steel_boots	formal	HbmItems		UNRESOLVED	True	True	True	True	False	
steel_helmet	formal	HbmItems		UNRESOLVED	True	True	True	True	False	
steel_hoe	formal	HbmItems	steel_hoe	ModHoe	True	True	True	True	False	steel_hoe = new ModHoe(MainRegistry.tMatSteel).setUnlocalizedName("steel_hoe").setTextureName(RefStrings.MODID + ":steel_hoe")
steel_legs	formal	HbmItems		UNRESOLVED	True	True	True	True	False	
steel_pickaxe	formal	HbmItems	steel_pickaxe	ItemToolAbility	True	True	True	True	False	steel_pickaxe = new ItemToolAbility(4F, 0, MainRegistry.tMatSteel, EnumToolType.PICKAXE) .addAbility(IToolAreaAbility.RECURSION, 0).setUnlocalizedName("steel_pickaxe").setTextureName(RefStrings.MODID + ":steel_pickaxe")
steel_plate	formal	HbmItems		UNRESOLVED	True	True	True	True	False	
steel_shovel	formal	HbmItems	steel_shovel	ItemToolAbility	True	True	True	True	False	steel_shovel = new ItemToolAbility(3F, 0, MainRegistry.tMatSteel, EnumToolType.SHOVEL) .addAbility(IToolAreaAbility.RECURSION, 0).setUnlocalizedName("steel_shovel").setTextureName(RefStrings.MODID + ":steel_shovel")
steel_sword	formal	HbmItems	steel_sword	ItemSwordAbility	True	True	True	True	False	steel_sword = new ItemSwordAbility(6F, 0, MainRegistry.tMatSteel) .addAbility(IWeaponAbility.STUN, 0).setUnlocalizedName("steel_sword").setTextureName(RefStrings.MODID + ":steel_sword")
stick_c4	formal	HbmItems	stick_c4	Item	True	True	True	True	False	stick_c4 = new Item().setUnlocalizedName("stick_c4").setCreativeTab(MainRegistry.weaponTab).setTextureName(RefStrings.MODID + ":stick_c4")
stick_dynamite	formal	HbmItems	stick_dynamite	ItemGrenadeDynamite	True	True	True	True	False	stick_dynamite = new ItemGrenadeDynamite(3).setUnlocalizedName("stick_dynamite").setCreativeTab(MainRegistry.weaponTab).setTextureName(RefStrings.MODID + ":stick_dynamite")
stick_dynamite_fishing	formal	HbmItems	stick_dynamite_fishing	ItemGrenadeFishing	True	True	True	True	False	stick_dynamite_fishing = new ItemGrenadeFishing(3).setUnlocalizedName("stick_dynamite_fishing").setCreativeTab(MainRegistry.weaponTab).setTextureName(RefStrings.MODID + ":stick_dynamite_fishing")
stick_semtex	formal	HbmItems	stick_semtex	Item	True	True	True	True	False	stick_semtex = new Item().setUnlocalizedName("stick_semtex").setCreativeTab(MainRegistry.weaponTab).setTextureName(RefStrings.MODID + ":stick_semtex")
stick_tnt	formal	HbmItems	stick_tnt	Item	True	True	True	True	False	stick_tnt = new Item().setUnlocalizedName("stick_tnt").setCreativeTab(MainRegistry.weaponTab).setTextureName(RefStrings.MODID + ":stick_tnt")
stopsign	formal	HbmItems	stopsign	WeaponSpecial	True	True	True	True	False	stopsign = new WeaponSpecial(MainRegistry.tMatAlloy).setUnlocalizedName("stopsign").setTextureName(RefStrings.MODID + ":stopsign")
structure_custommachine	formal	HbmItems	structure_custommachine	ItemCMStructure	True	True	True	False	False	structure_custommachine = new ItemCMStructure().setUnlocalizedName("structure_custommachine").setMaxStackSize(1).setCreativeTab(MainRegistry.consumableTab).setFull3D().setTextureName(RefStrings.MODID + ":structure_custommachine")
structure_pattern	formal	HbmItems	structure_pattern	ItemStructurePattern	True	True	False	False	False	structure_pattern = new ItemStructurePattern().setUnlocalizedName("structure_pattern").setMaxStackSize(1).setCreativeTab(null).setFull3D().setTextureName(RefStrings.MODID + ":structure_pattern")
structure_randomized	formal	HbmItems	structure_randomized	ItemStructureRandomized	True	True	False	False	False	structure_randomized = new ItemStructureRandomized().setUnlocalizedName("structure_randomized").setMaxStackSize(1).setCreativeTab(null).setFull3D().setTextureName(RefStrings.MODID + ":structure_randomized")
structure_randomly	formal	HbmItems	structure_randomly	ItemStructureRandomly	True	True	False	False	False	structure_randomly = new ItemStructureRandomly().setUnlocalizedName("structure_randomly").setMaxStackSize(1).setCreativeTab(null).setFull3D().setTextureName(RefStrings.MODID + ":structure_randomly")
structure_single	formal	HbmItems	structure_single	ItemStructureSingle	True	True	False	False	False	structure_single = new ItemStructureSingle().setUnlocalizedName("structure_single").setMaxStackSize(1).setCreativeTab(null).setFull3D().setTextureName(RefStrings.MODID + ":structure_single")
structure_solid	formal	HbmItems	structure_solid	ItemStructureSolid	True	True	False	False	False	structure_solid = new ItemStructureSolid().setUnlocalizedName("structure_solid").setMaxStackSize(1).setCreativeTab(null).setFull3D().setTextureName(RefStrings.MODID + ":structure_solid")
sulfur	formal	HbmItems	sulfur	Item	True	True	True	True	False	sulfur = new Item().setUnlocalizedName("sulfur").setCreativeTab(MainRegistry.partsTab).setTextureName(RefStrings.MODID + ":sulfur")
survey_scanner	formal	HbmItems	survey_scanner	ItemSurveyScanner	True	True	True	True	False	survey_scanner = new ItemSurveyScanner().setUnlocalizedName("survey_scanner").setMaxStackSize(1).setCreativeTab(MainRegistry.consumableTab).setTextureName(RefStrings.MODID + ":survey_scanner")
syringe_antidote	formal	HbmItems		LegacyHbmContent.UNRESOLVED	True	True	True	True	False	
syringe_awesome	formal	HbmItems		LegacyHbmContent.UNRESOLVED	True	True	True	True	False	
syringe_empty	formal	HbmItems	syringe_empty	Item	True	True	True	True	False	syringe_empty = new Item().setUnlocalizedName("syringe_empty").setFull3D().setCreativeTab(MainRegistry.consumableTab).setTextureName(RefStrings.MODID + ":syringe_empty")
syringe_metal_empty	formal	HbmItems	syringe_metal_empty	Item	True	True	True	True	False	syringe_metal_empty = new Item().setUnlocalizedName("syringe_metal_empty").setFull3D().setCreativeTab(MainRegistry.consumableTab).setTextureName(RefStrings.MODID + ":syringe_metal_empty")
syringe_metal_medx	formal	HbmItems	syringe_metal_medx	ItemSyringe	True	True	True	True	False	syringe_metal_medx = new ItemSyringe().setUnlocalizedName("syringe_metal_medx").setFull3D().setCreativeTab(MainRegistry.consumableTab).setTextureName(RefStrings.MODID + ":syringe_metal_medx")
syringe_metal_psycho	formal	HbmItems	syringe_metal_psycho	ItemSyringe	True	True	True	True	False	syringe_metal_psycho = new ItemSyringe().setUnlocalizedName("syringe_metal_psycho").setFull3D().setCreativeTab(MainRegistry.consumableTab).setTextureName(RefStrings.MODID + ":syringe_metal_psycho")
syringe_metal_stimpak	formal	HbmItems	syringe_metal_stimpak	ItemSyringe	True	True	True	True	False	syringe_metal_stimpak = new ItemSyringe().setUnlocalizedName("syringe_metal_stimpak").setFull3D().setCreativeTab(MainRegistry.consumableTab).setTextureName(RefStrings.MODID + ":syringe_metal_stimpak")
syringe_metal_super	formal	HbmItems	syringe_metal_super	ItemSyringe	True	True	True	True	False	syringe_metal_super = new ItemSyringe().setUnlocalizedName("syringe_metal_super").setFull3D().setCreativeTab(MainRegistry.consumableTab).setTextureName(RefStrings.MODID + ":syringe_metal_super")
syringe_mkunicorn	formal	HbmItems	syringe_mkunicorn	ItemSyringe	True	True	True	True	False	syringe_mkunicorn = new ItemSyringe().setUnlocalizedName("syringe_mkunicorn").setFull3D().setCreativeTab(null).setTextureName(RefStrings.MODID + ":syringe_mkunicorn")
syringe_poison	formal	HbmItems		LegacyHbmContent.UNRESOLVED	True	True	True	True	False	
syringe_taint	formal	HbmItems	syringe_taint	ItemSyringe	True	True	True	True	False	syringe_taint = new ItemSyringe().setUnlocalizedName("syringe_taint").setFull3D().setCreativeTab(MainRegistry.consumableTab).setTextureName(RefStrings.MODID + ":syringe_taint")
t51_boots	formal	HbmItems		UNRESOLVED	False	True	True	True	False	
t51_helmet	formal	HbmItems		UNRESOLVED	False	True	True	True	False	
t51_legs	formal	HbmItems		UNRESOLVED	False	True	True	True	False	
t51_plate	formal	HbmItems		UNRESOLVED	False	True	True	True	False	
tank_steel	formal	HbmItems	tank_steel	Item	True	True	True	True	False	tank_steel = new Item().setUnlocalizedName("tank_steel").setCreativeTab(MainRegistry.partsTab).setTextureName(RefStrings.MODID + ":tank_steel")
taurun_boots	formal	HbmItems		UNRESOLVED	True	True	True	True	False	
taurun_helmet	formal	HbmItems		UNRESOLVED	True	True	True	True	False	
taurun_legs	formal	HbmItems		UNRESOLVED	True	True	True	True	False	
taurun_plate	formal	HbmItems		UNRESOLVED	True	True	True	True	False	
tem_flakes	formal	HbmItems	tem_flakes	ItemTemFlakes	True	True	True	True	False	tem_flakes = new ItemTemFlakes(0, 0, false).setUnlocalizedName("tem_flakes").setCreativeTab(MainRegistry.consumableTab).setTextureName(RefStrings.MODID + ":tem_flakes")
template_folder	formal	HbmItems	template_folder	Item	True	True	True	True	False	template_folder = new Item().setUnlocalizedName("template_folder").setTextureName(RefStrings.MODID + ":template_folder")
thermo_element	formal	HbmItems	thermo_element	Item	True	True	True	True	False	thermo_element = new Item().setUnlocalizedName("thermo_element").setCreativeTab(MainRegistry.controlTab).setTextureName(RefStrings.MODID + ":thermo_element")
thruster_large	formal	HbmItems	thruster_large	Item	True	True	True	True	False	thruster_large = new Item().setUnlocalizedName("thruster_large").setCreativeTab(MainRegistry.partsTab).setTextureName(RefStrings.MODID + ":thruster_large")
thruster_medium	formal	HbmItems	thruster_medium	Item	True	True	True	True	False	thruster_medium = new Item().setUnlocalizedName("thruster_medium").setCreativeTab(MainRegistry.partsTab).setTextureName(RefStrings.MODID + ":thruster_medium")
thruster_nuclear	formal	HbmItems	thruster_nuclear	Item	True	True	True	True	False	thruster_nuclear = new Item().setUnlocalizedName("thruster_nuclear").setCreativeTab(MainRegistry.partsTab).setTextureName(RefStrings.MODID + ":thruster_nuclear")
thruster_small	formal	HbmItems	thruster_small	Item	True	True	True	True	False	thruster_small = new Item().setUnlocalizedName("thruster_small").setCreativeTab(MainRegistry.partsTab).setTextureName(RefStrings.MODID + ":thruster_small")
titanium_axe	formal	HbmItems	titanium_axe	ItemToolAbility	True	True	True	True	False	titanium_axe = new ItemToolAbility(5.5F, 0, MainRegistry.tMatTitan, EnumToolType.AXE) .addAbility(IWeaponAbility.BEHEADER, 0).setUnlocalizedName("titanium_axe").setTextureName(RefStrings.MODID + ":titanium_axe")
titanium_boots	formal	HbmItems		UNRESOLVED	True	True	True	True	False	
titanium_helmet	formal	HbmItems		UNRESOLVED	True	True	True	True	False	
titanium_hoe	formal	HbmItems	titanium_hoe	ModHoe	True	True	True	True	False	titanium_hoe = new ModHoe(MainRegistry.tMatTitan).setUnlocalizedName("titanium_hoe").setTextureName(RefStrings.MODID + ":titanium_hoe")
titanium_legs	formal	HbmItems		UNRESOLVED	True	True	True	True	False	
titanium_pickaxe	formal	HbmItems	titanium_pickaxe	ItemToolAbility	True	True	True	True	False	titanium_pickaxe = new ItemToolAbility(4.5F, 0, MainRegistry.tMatTitan, EnumToolType.PICKAXE).setUnlocalizedName("titanium_pickaxe").setTextureName(RefStrings.MODID + ":titanium_pickaxe")
titanium_plate	formal	HbmItems		UNRESOLVED	True	True	True	True	False	
titanium_shovel	formal	HbmItems	titanium_shovel	ItemToolAbility	True	True	True	True	False	titanium_shovel = new ItemToolAbility(3.5F, 0, MainRegistry.tMatTitan, EnumToolType.SHOVEL).setUnlocalizedName("titanium_shovel").setTextureName(RefStrings.MODID + ":titanium_shovel")
titanium_sword	formal	HbmItems	titanium_sword	ItemSwordAbility	True	True	True	True	False	titanium_sword = new ItemSwordAbility(6.5F, 0, MainRegistry.tMatTitan).setUnlocalizedName("titanium_sword").setTextureName(RefStrings.MODID + ":titanium_sword")
toolbox	formal	HbmItems	toolbox	ItemToolBox	False	True	True	True	False	toolbox = new ItemToolBox().setUnlocalizedName("toolbox").setCreativeTab(MainRegistry.consumableTab).setTextureName(RefStrings.MODID + ":kit_toolbox")
train	formal	HbmItems	train	ItemTrain	False	False	False	False	False	train = new ItemTrain().setUnlocalizedName("train")
trenchmaster_boots	formal	HbmItems		UNRESOLVED	True	True	True	True	False	
trenchmaster_helmet	formal	HbmItems		UNRESOLVED	True	True	True	True	False	
trenchmaster_legs	formal	HbmItems		UNRESOLVED	True	True	True	True	False	
trenchmaster_plate	formal	HbmItems		UNRESOLVED	True	True	True	True	False	
trinitite	formal	HbmItems	trinitite	ItemNuclearWaste	True	True	True	True	False	trinitite = new ItemNuclearWaste().setUnlocalizedName("trinitite").setCreativeTab(MainRegistry.partsTab).setTextureName(RefStrings.MODID + ":trinitite")
tsar_core	formal	HbmItems	tsar_core	Item	True	True	True	True	False	tsar_core = new Item().setUnlocalizedName("tsar_core").setMaxStackSize(1).setCreativeTab(MainRegistry.nukeTab).setTextureName(RefStrings.MODID + ":tsar_core")
tsar_kit	formal	HbmItems	tsar_kit	ItemStarterKit	True	True	True	True	False	tsar_kit = new ItemStarterKit().setUnlocalizedName("tsar_kit").setMaxStackSize(1).setCreativeTab(MainRegistry.nukeTab).setTextureName(RefStrings.MODID + ":tsar_kit")
turbine_titanium	formal	HbmItems	turbine_titanium	Item	True	True	True	True	False	turbine_titanium = new Item().setUnlocalizedName("turbine_titanium").setCreativeTab(MainRegistry.partsTab).setTextureName(RefStrings.MODID + ":turbine_titanium")
turbine_tungsten	formal	HbmItems	turbine_tungsten	Item	True	True	True	True	False	turbine_tungsten = new Item().setUnlocalizedName("turbine_tungsten").setCreativeTab(MainRegistry.partsTab).setTextureName(RefStrings.MODID + ":turbine_tungsten")
turret_chip	formal	HbmItems	turret_chip	ItemTurretChip	True	True	True	True	False	turret_chip = new ItemTurretChip().setUnlocalizedName("turret_chip").setMaxStackSize(1).setCreativeTab(MainRegistry.weaponTab).setTextureName(RefStrings.MODID + ":turret_chip")
twinkie	formal	HbmItems	twinkie	ItemLemon	True	True	True	True	False	twinkie = new ItemLemon(3, 0.25F, false).setUnlocalizedName("twinkie").setCreativeTab(MainRegistry.consumableTab).setTextureName(RefStrings.MODID + ":twinkie")
ullapool_caber	formal	HbmItems	ullapool_caber	WeaponSpecial	True	True	True	True	False	ullapool_caber = new WeaponSpecial(MainRegistry.tMatSteel).setUnlocalizedName("ullapool_caber").setCreativeTab(MainRegistry.weaponTab).setTextureName(RefStrings.MODID + ":ullapool_caber")
undefined	formal	HbmItems	undefined	ItemCustomLore	True	True	True	True	False	undefined = new ItemCustomLore().setUnlocalizedName("undefined").setCreativeTab(MainRegistry.partsTab).setTextureName(RefStrings.MODID + ":undefined")
upgrade_5g	formal	HbmItems dynamic material/specialized registration	upgrade_5g	ItemMachineUpgrade	True	True	True	True	False	upgrade_5g = new ItemMachineUpgrade().setUnlocalizedName("upgrade_5g").setCreativeTab(MainRegistry.controlTab).setTextureName(RefStrings.MODID + ":upgrade_5g")
upgrade_afterburn_1	formal	HbmItems dynamic material/specialized registration	upgrade_afterburn_1	ItemMachineUpgrade	True	True	True	True	False	upgrade_afterburn_1 = new ItemMachineUpgrade(UpgradeType.AFTERBURN, 1).setUnlocalizedName("upgrade_afterburn_1").setCreativeTab(MainRegistry.controlTab).setTextureName(RefStrings.MODID + ":upgrade_afterburn_1")
upgrade_afterburn_2	formal	HbmItems dynamic material/specialized registration	upgrade_afterburn_2	ItemMachineUpgrade	True	True	True	True	False	upgrade_afterburn_2 = new ItemMachineUpgrade(UpgradeType.AFTERBURN, 2).setUnlocalizedName("upgrade_afterburn_2").setCreativeTab(MainRegistry.controlTab).setTextureName(RefStrings.MODID + ":upgrade_afterburn_2")
upgrade_afterburn_3	formal	HbmItems dynamic material/specialized registration	upgrade_afterburn_3	ItemMachineUpgrade	True	True	True	True	False	upgrade_afterburn_3 = new ItemMachineUpgrade(UpgradeType.AFTERBURN, 3).setUnlocalizedName("upgrade_afterburn_3").setCreativeTab(MainRegistry.controlTab).setTextureName(RefStrings.MODID + ":upgrade_afterburn_3")
upgrade_centrifuge	formal	HbmItems dynamic material/specialized registration	upgrade_centrifuge	ItemMachineUpgrade	True	True	True	True	False	upgrade_centrifuge = new ItemMachineUpgrade().setUnlocalizedName("upgrade_centrifuge").setCreativeTab(MainRegistry.controlTab).setTextureName(RefStrings.MODID + ":upgrade_centrifuge")
upgrade_crystallizer	formal	HbmItems dynamic material/specialized registration	upgrade_crystallizer	ItemMachineUpgrade	True	True	True	True	False	upgrade_crystallizer = new ItemMachineUpgrade().setUnlocalizedName("upgrade_crystallizer").setCreativeTab(MainRegistry.controlTab).setTextureName(RefStrings.MODID + ":upgrade_crystallizer")
upgrade_effect_1	formal	HbmItems dynamic material/specialized registration	upgrade_effect_1	ItemMachineUpgrade	True	True	True	True	False	upgrade_effect_1 = new ItemMachineUpgrade(UpgradeType.EFFECT, 1).setUnlocalizedName("upgrade_effect_1").setCreativeTab(MainRegistry.controlTab).setTextureName(RefStrings.MODID + ":upgrade_effect_1")
upgrade_effect_2	formal	HbmItems dynamic material/specialized registration	upgrade_effect_2	ItemMachineUpgrade	True	True	True	True	False	upgrade_effect_2 = new ItemMachineUpgrade(UpgradeType.EFFECT, 2).setUnlocalizedName("upgrade_effect_2").setCreativeTab(MainRegistry.controlTab).setTextureName(RefStrings.MODID + ":upgrade_effect_2")
upgrade_effect_3	formal	HbmItems dynamic material/specialized registration	upgrade_effect_3	ItemMachineUpgrade	True	True	True	True	False	upgrade_effect_3 = new ItemMachineUpgrade(UpgradeType.EFFECT, 3).setUnlocalizedName("upgrade_effect_3").setCreativeTab(MainRegistry.controlTab).setTextureName(RefStrings.MODID + ":upgrade_effect_3")
upgrade_ejector	formal	HbmItems	upgrade_ejector	ItemMetaUpgrade	False	False	False	False	False	upgrade_ejector = new ItemMetaUpgrade(3).setUnlocalizedName("upgrade_ejector").setCreativeTab(MainRegistry.controlTab).setTextureName(RefStrings.MODID + ":upgrade_ejector")
upgrade_fortune_1	formal	HbmItems dynamic material/specialized registration	upgrade_fortune_1	ItemMachineUpgrade	True	True	True	True	False	upgrade_fortune_1 = new ItemMachineUpgrade(UpgradeType.FORTUNE, 1).setUnlocalizedName("upgrade_fortune_1").setCreativeTab(MainRegistry.controlTab).setTextureName(RefStrings.MODID + ":upgrade_fortune_1")
upgrade_fortune_2	formal	HbmItems dynamic material/specialized registration	upgrade_fortune_2	ItemMachineUpgrade	True	True	True	True	False	upgrade_fortune_2 = new ItemMachineUpgrade(UpgradeType.FORTUNE, 2).setUnlocalizedName("upgrade_fortune_2").setCreativeTab(MainRegistry.controlTab).setTextureName(RefStrings.MODID + ":upgrade_fortune_2")
upgrade_fortune_3	formal	HbmItems dynamic material/specialized registration	upgrade_fortune_3	ItemMachineUpgrade	True	True	True	True	False	upgrade_fortune_3 = new ItemMachineUpgrade(UpgradeType.FORTUNE, 3).setUnlocalizedName("upgrade_fortune_3").setCreativeTab(MainRegistry.controlTab).setTextureName(RefStrings.MODID + ":upgrade_fortune_3")
upgrade_gc_speed	formal	HbmItems dynamic material/specialized registration	upgrade_gc_speed	ItemMachineUpgrade	True	True	True	True	False	upgrade_gc_speed = new ItemMachineUpgrade().setUnlocalizedName("upgrade_gc_speed").setCreativeTab(MainRegistry.controlTab).setTextureName(RefStrings.MODID + ":upgrade_gc_speed")
upgrade_health	formal	HbmItems	upgrade_health	ItemMachineUpgrade	True	True	True	True	False	upgrade_health = new ItemMachineUpgrade().setUnlocalizedName("upgrade_health").setMaxStackSize(16).setCreativeTab(MainRegistry.controlTab).setTextureName(RefStrings.MODID + ":upgrade_health")
upgrade_muffler	formal	HbmItems	upgrade_muffler	ItemMuffler	True	True	True	True	False	upgrade_muffler = new ItemMuffler().setUnlocalizedName("upgrade_muffler").setCreativeTab(MainRegistry.partsTab).setTextureName(RefStrings.MODID + ":upgrade_muffler")
upgrade_nullifier	formal	HbmItems dynamic material/specialized registration	upgrade_nullifier	ItemMachineUpgrade	True	True	True	True	False	upgrade_nullifier = new ItemMachineUpgrade().setUnlocalizedName("upgrade_nullifier").setCreativeTab(MainRegistry.controlTab).setTextureName(RefStrings.MODID + ":upgrade_nullifier")
upgrade_overdrive_1	formal	HbmItems dynamic material/specialized registration	upgrade_overdrive_1	ItemMachineUpgrade	True	True	True	True	False	upgrade_overdrive_1 = new ItemMachineUpgrade(UpgradeType.OVERDRIVE, 1).setUnlocalizedName("upgrade_overdrive_1").setCreativeTab(MainRegistry.controlTab).setTextureName(RefStrings.MODID + ":upgrade_overdrive_1")
upgrade_overdrive_2	formal	HbmItems dynamic material/specialized registration	upgrade_overdrive_2	ItemMachineUpgrade	True	True	True	True	False	upgrade_overdrive_2 = new ItemMachineUpgrade(UpgradeType.OVERDRIVE, 2).setUnlocalizedName("upgrade_overdrive_2").setCreativeTab(MainRegistry.controlTab).setTextureName(RefStrings.MODID + ":upgrade_overdrive_2")
upgrade_overdrive_3	formal	HbmItems dynamic material/specialized registration	upgrade_overdrive_3	ItemMachineUpgrade	True	True	True	True	False	upgrade_overdrive_3 = new ItemMachineUpgrade(UpgradeType.OVERDRIVE, 3).setUnlocalizedName("upgrade_overdrive_3").setCreativeTab(MainRegistry.controlTab).setTextureName(RefStrings.MODID + ":upgrade_overdrive_3")
upgrade_power_1	formal	HbmItems dynamic material/specialized registration	upgrade_power_1	ItemMachineUpgrade	True	True	True	True	False	upgrade_power_1 = new ItemMachineUpgrade(UpgradeType.POWER, 1).setUnlocalizedName("upgrade_power_1").setCreativeTab(MainRegistry.controlTab).setTextureName(RefStrings.MODID + ":upgrade_power_1")
upgrade_power_2	formal	HbmItems dynamic material/specialized registration	upgrade_power_2	ItemMachineUpgrade	True	True	True	True	False	upgrade_power_2 = new ItemMachineUpgrade(UpgradeType.POWER, 2).setUnlocalizedName("upgrade_power_2").setCreativeTab(MainRegistry.controlTab).setTextureName(RefStrings.MODID + ":upgrade_power_2")
upgrade_power_3	formal	HbmItems dynamic material/specialized registration	upgrade_power_3	ItemMachineUpgrade	True	True	True	True	False	upgrade_power_3 = new ItemMachineUpgrade(UpgradeType.POWER, 3).setUnlocalizedName("upgrade_power_3").setCreativeTab(MainRegistry.controlTab).setTextureName(RefStrings.MODID + ":upgrade_power_3")
upgrade_radius	formal	HbmItems	upgrade_radius	ItemMachineUpgrade	True	True	True	True	False	upgrade_radius = new ItemMachineUpgrade().setUnlocalizedName("upgrade_radius").setMaxStackSize(16).setCreativeTab(MainRegistry.controlTab).setTextureName(RefStrings.MODID + ":upgrade_radius")
upgrade_screm	formal	HbmItems dynamic material/specialized registration	upgrade_screm	ItemMachineUpgrade	True	True	True	True	False	upgrade_screm = new ItemMachineUpgrade().setUnlocalizedName("upgrade_screm").setCreativeTab(MainRegistry.controlTab).setTextureName(RefStrings.MODID + ":upgrade_screm")
upgrade_shredder	formal	HbmItems dynamic material/specialized registration	upgrade_shredder	ItemMachineUpgrade	True	True	True	True	False	upgrade_shredder = new ItemMachineUpgrade().setUnlocalizedName("upgrade_shredder").setCreativeTab(MainRegistry.controlTab).setTextureName(RefStrings.MODID + ":upgrade_shredder")
upgrade_smelter	formal	HbmItems dynamic material/specialized registration	upgrade_smelter	ItemMachineUpgrade	True	True	True	True	False	upgrade_smelter = new ItemMachineUpgrade().setUnlocalizedName("upgrade_smelter").setCreativeTab(MainRegistry.controlTab).setTextureName(RefStrings.MODID + ":upgrade_smelter")
upgrade_speed_1	formal	HbmItems dynamic material/specialized registration	upgrade_speed_1	ItemMachineUpgrade	True	True	True	True	False	upgrade_speed_1 = new ItemMachineUpgrade(UpgradeType.SPEED, 1).setUnlocalizedName("upgrade_speed_1").setCreativeTab(MainRegistry.controlTab).setTextureName(RefStrings.MODID + ":upgrade_speed_1")
upgrade_speed_2	formal	HbmItems dynamic material/specialized registration	upgrade_speed_2	ItemMachineUpgrade	True	True	True	True	False	upgrade_speed_2 = new ItemMachineUpgrade(UpgradeType.SPEED, 2).setUnlocalizedName("upgrade_speed_2").setCreativeTab(MainRegistry.controlTab).setTextureName(RefStrings.MODID + ":upgrade_speed_2")
upgrade_speed_3	formal	HbmItems dynamic material/specialized registration	upgrade_speed_3	ItemMachineUpgrade	True	True	True	True	False	upgrade_speed_3 = new ItemMachineUpgrade(UpgradeType.SPEED, 3).setUnlocalizedName("upgrade_speed_3").setCreativeTab(MainRegistry.controlTab).setTextureName(RefStrings.MODID + ":upgrade_speed_3")
upgrade_stack	formal	HbmItems	upgrade_stack	ItemMetaUpgrade	False	False	False	False	False	upgrade_stack = new ItemMetaUpgrade(3).setUnlocalizedName("upgrade_stack").setCreativeTab(MainRegistry.controlTab).setTextureName(RefStrings.MODID + ":upgrade_stack")
upgrade_template	formal	HbmItems	upgrade_template	ItemCustomLore	True	True	True	True	False	upgrade_template = new ItemCustomLore().setUnlocalizedName("upgrade_template").setCreativeTab(MainRegistry.partsTab).setTextureName(RefStrings.MODID + ":upgrade_template")
volcanic_axe	formal	HbmItems	volcanic_axe	ItemToolAbility	True	True	True	True	False	volcanic_axe = new ItemToolAbility(25F, 0, matVolcano, EnumToolType.AXE) .addAbility(IToolAreaAbility.HAMMER, 1) .addAbility(IToolAreaAbility.HAMMER_FLAT, 1) .addAbility(IToolAreaAbility.RECURSION, 1) .addAbility(IToolHarvestAbility.SMELTER, 0) .addAbility(IToolHarvestAbility.LUCK, 2) .addAbility(IToolHarvestAbility.SILK, 0) .addAbility(IWeaponAbility.FIRE, 1) .addAbility(IWeaponAbility.VAMPIRE, 1) .addAbility(IWeaponAbility.BEHEADER, 0).setUnlocalizedName("volcanic_axe").setTextureName(RefStrings.MODID + ":volcanic_axe")
volcanic_pickaxe	formal	HbmItems	volcanic_pickaxe	ItemToolAbility	True	True	True	True	False	volcanic_pickaxe = new ItemToolAbility(15F, 0, matVolcano, EnumToolType.MINER) .addAbility(IToolAreaAbility.HAMMER, 1) .addAbility(IToolAreaAbility.HAMMER_FLAT, 1) .addAbility(IToolAreaAbility.RECURSION, 1) .addAbility(IToolHarvestAbility.SMELTER, 0) .addAbility(IToolHarvestAbility.LUCK, 2) .addAbility(IToolHarvestAbility.SILK, 0) .addAbility(IWeaponAbility.FIRE, 0) .addAbility(IWeaponAbility.VAMPIRE, 0) .addAbility(IWeaponAbility.BEHEADER, 0) .setDepthRockBreaker().setUnlocalizedName("volcanic_pickaxe").setTextureName(RefStrings.MODID + ":volcanic_pickaxe")
wand_d	formal	HbmItems	wand_d	ItemWandD	True	True	True	True	False	wand_d = new ItemWandD().setUnlocalizedName("wand_d").setMaxStackSize(1).setCreativeTab(MainRegistry.consumableTab).setFull3D().setTextureName(RefStrings.MODID + ":wand_d")
wand_k	formal	HbmItems	wand	ItemWand	False	True	True	True	False	wand = new ItemWand().setUnlocalizedName("wand_k").setMaxStackSize(1).setCreativeTab(MainRegistry.consumableTab).setFull3D().setTextureName(RefStrings.MODID + ":wand")
wand_s	formal	HbmItems	wand_s	ItemWandS	True	True	True	True	False	wand_s = new ItemWandS().setUnlocalizedName("wand_s").setMaxStackSize(1).setCreativeTab(MainRegistry.consumableTab).setFull3D().setTextureName(RefStrings.MODID + ":wand_s")
warhead_buster_large	formal	HbmItems	warhead_buster_large	Item	True	True	True	True	False	warhead_buster_large = new Item().setUnlocalizedName("warhead_buster_large").setCreativeTab(MainRegistry.partsTab).setTextureName(RefStrings.MODID + ":warhead_buster_large")
warhead_buster_medium	formal	HbmItems	warhead_buster_medium	Item	True	True	True	True	False	warhead_buster_medium = new Item().setUnlocalizedName("warhead_buster_medium").setCreativeTab(MainRegistry.partsTab).setTextureName(RefStrings.MODID + ":warhead_buster_medium")
warhead_buster_small	formal	HbmItems	warhead_buster_small	Item	True	True	True	True	False	warhead_buster_small = new Item().setUnlocalizedName("warhead_buster_small").setCreativeTab(MainRegistry.partsTab).setTextureName(RefStrings.MODID + ":warhead_buster_small")
warhead_cluster_large	formal	HbmItems	warhead_cluster_large	Item	True	True	True	True	False	warhead_cluster_large = new Item().setUnlocalizedName("warhead_cluster_large").setCreativeTab(MainRegistry.partsTab).setTextureName(RefStrings.MODID + ":warhead_cluster_large")
warhead_cluster_medium	formal	HbmItems	warhead_cluster_medium	Item	True	True	True	True	False	warhead_cluster_medium = new Item().setUnlocalizedName("warhead_cluster_medium").setCreativeTab(MainRegistry.partsTab).setTextureName(RefStrings.MODID + ":warhead_cluster_medium")
warhead_cluster_small	formal	HbmItems	warhead_cluster_small	Item	True	True	True	True	False	warhead_cluster_small = new Item().setUnlocalizedName("warhead_cluster_small").setCreativeTab(MainRegistry.partsTab).setTextureName(RefStrings.MODID + ":warhead_cluster_small")
warhead_generic_large	formal	HbmItems	warhead_generic_large	Item	True	True	True	True	False	warhead_generic_large = new Item().setUnlocalizedName("warhead_generic_large").setCreativeTab(MainRegistry.partsTab).setTextureName(RefStrings.MODID + ":warhead_generic_large")
warhead_generic_medium	formal	HbmItems	warhead_generic_medium	Item	True	True	True	True	False	warhead_generic_medium = new Item().setUnlocalizedName("warhead_generic_medium").setCreativeTab(MainRegistry.partsTab).setTextureName(RefStrings.MODID + ":warhead_generic_medium")
warhead_generic_small	formal	HbmItems	warhead_generic_small	Item	True	True	True	True	False	warhead_generic_small = new Item().setUnlocalizedName("warhead_generic_small").setCreativeTab(MainRegistry.partsTab).setTextureName(RefStrings.MODID + ":warhead_generic_small")
warhead_incendiary_large	formal	HbmItems	warhead_incendiary_large	Item	True	True	True	True	False	warhead_incendiary_large = new Item().setUnlocalizedName("warhead_incendiary_large").setCreativeTab(MainRegistry.partsTab).setTextureName(RefStrings.MODID + ":warhead_incendiary_large")
warhead_incendiary_medium	formal	HbmItems	warhead_incendiary_medium	Item	True	True	True	True	False	warhead_incendiary_medium = new Item().setUnlocalizedName("warhead_incendiary_medium").setCreativeTab(MainRegistry.partsTab).setTextureName(RefStrings.MODID + ":warhead_incendiary_medium")
warhead_incendiary_small	formal	HbmItems	warhead_incendiary_small	Item	True	True	True	True	False	warhead_incendiary_small = new Item().setUnlocalizedName("warhead_incendiary_small").setCreativeTab(MainRegistry.partsTab).setTextureName(RefStrings.MODID + ":warhead_incendiary_small")
warhead_mirv	formal	HbmItems	warhead_mirv	Item	True	True	True	True	False	warhead_mirv = new Item().setUnlocalizedName("warhead_mirv").setCreativeTab(MainRegistry.partsTab).setTextureName(RefStrings.MODID + ":warhead_mirv")
warhead_nuclear	formal	HbmItems	warhead_nuclear	Item	True	True	True	True	False	warhead_nuclear = new Item().setUnlocalizedName("warhead_nuclear").setCreativeTab(MainRegistry.partsTab).setTextureName(RefStrings.MODID + ":warhead_nuclear")
warhead_volcano	formal	HbmItems	warhead_volcano	Item	True	True	True	True	False	warhead_volcano = new Item().setUnlocalizedName("warhead_volcano").setCreativeTab(MainRegistry.partsTab).setTextureName(RefStrings.MODID + ":warhead_volcano")
waste_mox	formal	HbmItems	waste_mox	ItemDepletedFuel	True	True	True	True	False	waste_mox = new ItemDepletedFuel().setUnlocalizedName("waste_mox").setCreativeTab(MainRegistry.partsTab).setTextureName(RefStrings.MODID + ":waste_mox")
waste_natural_uranium	formal	HbmItems	waste_natural_uranium	ItemDepletedFuel	False	False	True	True	False	waste_natural_uranium = new ItemDepletedFuel().setUnlocalizedName("waste_natural_uranium").setCreativeTab(MainRegistry.partsTab).setTextureName(RefStrings.MODID + ":waste_uranium")
waste_plate_mox	formal	HbmItems	waste_plate_mox	ItemDepletedFuel	True	True	True	True	False	waste_plate_mox = new ItemDepletedFuel().setUnlocalizedName("waste_plate_mox").setCreativeTab(MainRegistry.partsTab).setTextureName(RefStrings.MODID + ":waste_plate_mox")
waste_plate_pu238be	formal	HbmItems	waste_plate_pu238be	ItemDepletedFuel	True	True	True	True	False	waste_plate_pu238be = new ItemDepletedFuel().setUnlocalizedName("waste_plate_pu238be").setCreativeTab(MainRegistry.partsTab).setTextureName(RefStrings.MODID + ":waste_plate_pu238be")
waste_plate_pu239	formal	HbmItems	waste_plate_pu239	ItemDepletedFuel	False	True	True	True	False	waste_plate_pu239 = new ItemDepletedFuel().setUnlocalizedName("waste_plate_pu239").setCreativeTab(MainRegistry.partsTab).setTextureName(RefStrings.MODID + ":waste_plate_mox")
waste_plate_ra226be	formal	HbmItems	waste_plate_ra226be	ItemDepletedFuel	True	True	True	True	False	waste_plate_ra226be = new ItemDepletedFuel().setUnlocalizedName("waste_plate_ra226be").setCreativeTab(MainRegistry.partsTab).setTextureName(RefStrings.MODID + ":waste_plate_ra226be")
waste_plate_sa326	formal	HbmItems	waste_plate_sa326	ItemDepletedFuel	True	True	True	True	False	waste_plate_sa326 = new ItemDepletedFuel().setUnlocalizedName("waste_plate_sa326").setCreativeTab(MainRegistry.partsTab).setTextureName(RefStrings.MODID + ":waste_plate_sa326")
waste_plate_u233	formal	HbmItems	waste_plate_u233	ItemDepletedFuel	False	True	True	True	False	waste_plate_u233 = new ItemDepletedFuel().setUnlocalizedName("waste_plate_u233").setCreativeTab(MainRegistry.partsTab).setTextureName(RefStrings.MODID + ":waste_plate_uranium")
waste_plate_u235	formal	HbmItems	waste_plate_u235	ItemDepletedFuel	False	True	True	True	False	waste_plate_u235 = new ItemDepletedFuel().setUnlocalizedName("waste_plate_u235").setCreativeTab(MainRegistry.partsTab).setTextureName(RefStrings.MODID + ":waste_plate_uranium")
waste_plutonium	formal	HbmItems	waste_plutonium	ItemDepletedFuel	True	True	True	True	False	waste_plutonium = new ItemDepletedFuel().setUnlocalizedName("waste_plutonium").setCreativeTab(MainRegistry.partsTab).setTextureName(RefStrings.MODID + ":waste_plutonium")
waste_schrabidium	formal	HbmItems	waste_schrabidium	ItemDepletedFuel	True	True	True	True	False	waste_schrabidium = new ItemDepletedFuel().setUnlocalizedName("waste_schrabidium").setCreativeTab(MainRegistry.partsTab).setTextureName(RefStrings.MODID + ":waste_schrabidium")
waste_thorium	formal	HbmItems	waste_thorium	ItemDepletedFuel	True	True	True	True	False	waste_thorium = new ItemDepletedFuel().setUnlocalizedName("waste_thorium").setCreativeTab(MainRegistry.partsTab).setTextureName(RefStrings.MODID + ":waste_thorium")
waste_u233	formal	HbmItems	waste_u233	ItemDepletedFuel	False	False	True	True	False	waste_u233 = new ItemDepletedFuel().setUnlocalizedName("waste_u233").setCreativeTab(MainRegistry.partsTab).setTextureName(RefStrings.MODID + ":waste_uranium")
waste_u235	formal	HbmItems	waste_u235	ItemDepletedFuel	False	False	True	True	False	waste_u235 = new ItemDepletedFuel().setUnlocalizedName("waste_u235").setCreativeTab(MainRegistry.partsTab).setTextureName(RefStrings.MODID + ":waste_uranium")
waste_uranium	formal	HbmItems	waste_uranium	ItemDepletedFuel	True	True	True	True	False	waste_uranium = new ItemDepletedFuel().setUnlocalizedName("waste_uranium").setCreativeTab(MainRegistry.partsTab).setTextureName(RefStrings.MODID + ":waste_uranium")
waste_zfb_mox	formal	HbmItems	waste_zfb_mox	ItemDepletedFuel	True	True	True	True	False	waste_zfb_mox = new ItemDepletedFuel().setUnlocalizedName("waste_zfb_mox").setCreativeTab(MainRegistry.partsTab).setTextureName(RefStrings.MODID + ":waste_zfb_mox")
watch	formal	HbmItems	watch	ItemCustomLore	True	True	True	True	False	watch = new ItemCustomLore().setRarity(EnumRarity.epic).setUnlocalizedName("watch").setMaxStackSize(1).setTextureName(RefStrings.MODID + ":watch")
watz_pellet	formal	HbmItems	watz_pellet	ItemWatzPellet	True	True	False	True	False	watz_pellet = new ItemWatzPellet().setUnlocalizedName("watz_pellet").setTextureName(RefStrings.MODID + ":watz_pellet")
watz_pellet_depleted	formal	HbmItems	watz_pellet_depleted	ItemWatzPellet	False	True	False	True	False	watz_pellet_depleted = new ItemWatzPellet().setUnlocalizedName("watz_pellet_depleted").setTextureName(RefStrings.MODID + ":watz_pellet")
wd40	formal	HbmItems	wd40	ItemModWD40	True	True	True	True	False	wd40 = new ItemModWD40().setUnlocalizedName("wd40").setTextureName(RefStrings.MODID + ":wd40")
weapon_mod_caliber	formal	HbmItems		UNRESOLVED	False	False	False	False	False	
weapon_mod_generic	formal	HbmItems		UNRESOLVED	False	False	False	False	False	
weapon_mod_special	formal	HbmItems		UNRESOLVED	False	False	False	False	False	
weapon_mod_test	formal	HbmItems		UNRESOLVED	False	False	False	False	False	
weapon_pipe_lead	formal	HbmItems	pipe_lead	ModSword	False	True	True	True	False	pipe_lead = new ModSword(MainRegistry.enumToolMaterialPipeLead).setUnlocalizedName("weapon_pipe_lead").setFull3D().setTextureName(RefStrings.MODID + ":pipe_lead")
weaponized_starblaster_cell	formal	HbmItems	weaponized_starblaster_cell	WeaponizedCell	False	False	True	True	False	weaponized_starblaster_cell = new WeaponizedCell().setUnlocalizedName("weaponized_starblaster_cell").setMaxStackSize(1).setCreativeTab(MainRegistry.weaponTab).setTextureName(RefStrings.MODID + ":gun_b92_ammo_weaponized")
wild_p	formal	HbmItems	wild_p	ItemModRevive	True	True	True	True	False	wild_p = new ItemModRevive(3).setUnlocalizedName("wild_p").setTextureName(RefStrings.MODID + ":wild_p")
wings_limp	formal	HbmItems	wings_limp	WingsMurk	True	True	True	True	False	wings_limp = new WingsMurk().setUnlocalizedName("wings_limp").setCreativeTab(CreativeTabs.tabCombat).setMaxStackSize(1).setTextureName(RefStrings.MODID + ":wings_limp")
wings_murk	formal	HbmItems	wings_murk	WingsMurk	True	True	True	True	False	wings_murk = new WingsMurk().setUnlocalizedName("wings_murk").setCreativeTab(CreativeTabs.tabCombat).setMaxStackSize(1).setTextureName(RefStrings.MODID + ":wings_murk")
wire_dense	formal	HbmItems	wire_dense	ItemAutogen	True	True	True	True	False	wire_dense = new ItemAutogen(MaterialShapes.DENSEWIRE).setUnlocalizedName("wire_dense").setCreativeTab(MainRegistry.partsTab).setTextureName(RefStrings.MODID + ":wire_dense")
wire_fine	formal	HbmItems	wire_fine	ItemAutogen	True	True	True	True	False	wire_fine = new ItemAutogen(MaterialShapes.WIRE) .aot(Mats.MAT_ALUMINIUM, "wire_aluminium").aot(Mats.MAT_COPPER, "wire_copper") .aot(Mats.MAT_MINGRADE, "wire_red_copper").aot(Mats.MAT_GOLD, "wire_gold") .aot(Mats.MAT_TUNGSTEN, "wire_tungsten").aot(Mats.MAT_CARBON, "wire_carbon") .aot(Mats.MAT_SCHRABIDIUM, "wire_schrabidium").aot(Mats.MAT_MAGTUNG, "wire_magnetized_tungsten") .setUnlocalizedName("wire_fine").setCreativeTab(MainRegistry.partsTab).setTextureName(RefStrings.MODID + ":wire_fine")
wiring_red_copper	formal	HbmItems	wiring_red_copper	ItemWiring	True	True	True	True	False	wiring_red_copper = new ItemWiring().setUnlocalizedName("wiring_red_copper").setCreativeTab(MainRegistry.partsTab).setTextureName(RefStrings.MODID + ":wiring_red_copper")
wood_gavel	formal	HbmItems	wood_gavel	WeaponSpecial	True	True	True	True	False	wood_gavel = new WeaponSpecial(ToolMaterial.WOOD).setUnlocalizedName("wood_gavel").setMaxStackSize(1).setTextureName(RefStrings.MODID + ":wood_gavel")
wrench	formal	HbmItems	wrench	ItemWrench	True	True	True	True	False	wrench = new ItemWrench(MainRegistry.tMatSteel).setUnlocalizedName("wrench").setCreativeTab(MainRegistry.partsTab).setTextureName(RefStrings.MODID + ":wrench")
wrench_archineer	formal	HbmItems	wrench_archineer	ItemToolingWeapon	True	True	True	True	False	wrench_archineer = new ItemToolingWeapon(ToolType.WRENCH, 1000, 12F).setUnlocalizedName("wrench_archineer").setTextureName(RefStrings.MODID + ":wrench_archineer_hd")
wrench_flipped	formal	HbmItems	wrench_flipped	WeaponSpecial	True	True	True	True	False	wrench_flipped = new WeaponSpecial(MainRegistry.tMatElec).setUnlocalizedName("wrench_flipped").setMaxStackSize(1).setTextureName(RefStrings.MODID + ":wrench_flipped")
xanax	formal	HbmItems	xanax	ItemPill	True	True	True	True	False	xanax = new ItemPill(0).setUnlocalizedName("xanax").setCreativeTab(MainRegistry.consumableTab).setTextureName(RefStrings.MODID + ":xanax")
zirconium_legs	formal	HbmItems		UNRESOLVED	True	True	True	True	False	
