# Split from HBM 1.7.10 mining_drill.obj
v -1.000000 2.000000 1.874000
v -1.000000 2.220971 1.965529
v -1.000000 2.312500 2.186500
v -1.000000 2.220971 2.407471
v -1.000000 2.000000 2.499000
v -1.000000 1.779029 2.407471
v -1.000000 1.687500 2.186500
v -1.000000 1.779029 1.965529
v 1.000000 2.000000 1.874000
v 1.000000 2.220971 1.965529
v 1.000000 2.312500 2.186500
v 1.000000 2.220971 2.407471
v 1.000000 2.000000 2.499000
v 1.000000 1.779029 2.407471
v 1.000000 1.687500 2.186500
v 1.000000 1.779029 1.965529
vt 0.824675 0.348493
vt 0.835363 0.370536
vt 0.824675 0.392579
vt 0.904897 0.370536
vt 0.915585 0.348492
vt 0.926272 0.370536
vt 0.835498 0.321429
vt 0.904762 0.303571
vt 0.835498 0.303571
vt 0.835498 0.267857
vt 0.904762 0.250000
vt 0.835498 0.250000
vt 0.835498 0.375000
vt 0.904762 0.357143
vt 0.835498 0.357143
vt 0.835498 0.339286
vt 0.904762 0.321429
vt 0.904762 0.285714
vt 0.835498 0.285714
vt 0.904762 0.267857
vt 0.835498 0.392857
vt 0.904762 0.375000
vt 0.904762 0.339286
vt 0.817118 0.386123
vt 0.813988 0.370536
vt 0.817118 0.354949
vt 0.832233 0.354949
vt 0.832233 0.386123
vt 0.923142 0.386123
vt 0.915585 0.392579
vt 0.908027 0.386123
vt 0.908027 0.354949
vt 0.923142 0.354949
vt 0.904762 0.392857
vn -1.0000 0.0000 0.0000
vn 1.0000 0.0000 0.0000
vn 0.0000 0.9239 -0.3827
vn 0.0000 -0.9239 -0.3827
vn 0.0000 -0.3827 0.9239
vn 0.0000 0.9239 0.3827
vn 0.0000 0.3827 -0.9239
vn 0.0000 -0.3827 -0.9239
vn 0.0000 -0.9239 0.3827
vn 0.0000 0.3827 0.9239
v 0.000000 3.750000 -0.500000
v -0.191342 3.750000 -0.461940
v -0.353553 3.750000 -0.353553
v -0.461940 3.750000 -0.191342
v -0.500000 3.750000 0.000000
v -0.461940 3.750000 0.191342
v -0.353553 3.750000 0.353553
v -0.191342 3.750000 0.461940
v 0.000000 3.750000 0.500000
v 0.191341 3.750000 0.461940
v 0.353553 3.750000 0.353554
v 0.461940 3.750000 0.191342
v 0.500000 3.750000 -0.000000
v 0.461940 3.750000 -0.191342
v 0.353553 3.750000 -0.353554
v 0.191341 3.750000 -0.461940
v 0.000000 1.750000 -0.500000
v -0.191342 1.750000 -0.461940
v -0.353553 1.750000 -0.353553
v -0.461940 1.750000 -0.191342
v -0.500000 1.750000 0.000000
v -0.461940 1.750000 0.191342
v -0.353553 1.750000 0.353553
v -0.191342 1.750000 0.461940
v 0.000000 1.750000 0.500000
v 0.191341 1.750000 0.461940
v 0.353553 1.750000 0.353554
v 0.461940 1.750000 0.191342
v 0.500000 1.750000 -0.000000
v 0.461940 1.750000 -0.191342
v 0.353553 1.750000 -0.353554
v 0.191341 1.750000 -0.461940
vt 0.813853 0.392857
vt 0.820346 0.535714
vt 0.813853 0.535714
vt 0.872294 0.392857
vt 0.878788 0.535714
vt 0.872294 0.535714
vt 0.820346 0.392857
vt 0.826840 0.535714
vt 0.878788 0.392857
vt 0.885281 0.535714
vt 0.826840 0.392857
vt 0.833333 0.535714
vt 0.885281 0.392857
vt 0.891775 0.535714
vt 0.833333 0.392857
vt 0.839827 0.535714
vt 0.891775 0.392857
vt 0.898268 0.535714
vt 0.839827 0.392857
vt 0.846320 0.535714
vt 0.898268 0.392857
vt 0.904762 0.535714
vt 0.852814 0.392857
vt 0.859307 0.535714
vt 0.852814 0.535714
vt 0.846320 0.392857
vt 0.800866 0.392857
vt 0.807359 0.535714
vt 0.800866 0.535714
vt 0.859307 0.392857
vt 0.865801 0.535714
vt 0.807359 0.392857
vt 0.865801 0.392857
vt 0.904762 0.392857
vn 0.7071 0.0000 0.7071
vn 0.9239 0.0000 0.3827
vn -0.9239 0.0000 -0.3827
vn -1.0000 0.0000 0.0000
vn 1.0000 0.0000 0.0000
vn -0.9239 0.0000 0.3827
vn 0.9239 0.0000 -0.3827
vn -0.7071 0.0000 0.7071
vn 0.7071 0.0000 -0.7071
vn -0.3827 0.0000 0.9239
vn 0.3827 0.0000 -0.9239
vn 0.0000 0.0000 1.0000
vn 0.0000 0.0000 -1.0000
vn -0.3827 0.0000 -0.9239
vn 0.3827 0.0000 0.9239
vn -0.7071 0.0000 -0.7071
v 0.000000 1.750000 -0.500000
v -0.191342 1.750000 -0.461940
v -0.353553 1.750000 -0.353553
v -0.461940 1.750000 -0.191342
v -0.500000 1.750000 0.000000
v -0.461940 1.750000 0.191342
v -0.353553 1.750000 0.353553
v -0.191342 1.750000 0.461940
v 0.000000 1.750000 0.500000
v 0.191341 1.750000 0.461940
v 0.353553 1.750000 0.353554
v 0.461940 1.750000 0.191342
v 0.500000 1.750000 -0.000000
v 0.461940 1.750000 -0.191342
v 0.353553 1.750000 -0.353554
v 0.191341 1.750000 -0.461940
v 0.000000 1.500000 -1.000000
v -0.382683 1.500000 -0.923880
v -0.707107 1.500000 -0.707107
v -0.923880 1.500000 -0.382683
v -1.000000 1.500000 0.000000
v -0.923880 1.500000 0.382684
v -0.707107 1.500000 0.707107
v -0.382683 1.500000 0.923880
v 0.000000 1.500000 1.000000
v 0.382683 1.500000 0.923880
v 0.707107 1.500000 0.707107
v 0.923880 1.500000 0.382684
v 1.000000 1.500000 -0.000000
v 0.923880 1.500000 -0.382684
v 0.707107 1.500000 -0.707107
v 0.382683 1.500000 -0.923880
v 0.353553 0.006314 -0.743764
v 0.000000 -0.120512 -0.816988
v -0.353553 0.006314 -0.743764
v -0.500000 0.312500 -0.566988
v -0.353553 0.618686 -0.390211
v 0.000000 0.745513 -0.316987
v 0.353553 0.618686 -0.390211
v 0.500000 0.312500 -0.566988
v 0.353553 0.193814 -1.068523
v 0.000000 0.066988 -1.141747
v -0.353553 0.193814 -1.068523
v -0.500000 0.500000 -0.891747
v -0.353553 0.806186 -0.714970
v 0.000000 0.933013 -0.641747
v 0.353553 0.806186 -0.714970
v 0.500000 0.500000 -0.891747
v 0.000000 0.000000 -0.875000
v -0.334848 0.500000 -0.808395
v -0.618718 0.750000 -0.618718
v -0.808394 0.500000 -0.334848
v -0.875000 0.000000 0.000000
v -0.808394 0.500000 0.334848
v -0.618718 0.750000 0.618718
v -0.334848 0.500000 0.808395
v 0.000000 0.000000 0.875000
v 0.334848 0.500000 0.808395
v 0.618718 0.750000 0.618719
v 0.808395 0.500000 0.334848
v 0.875000 0.000000 -0.000000
v 0.808395 0.500000 -0.334848
v 0.618718 0.750000 -0.618719
v 0.334847 0.500000 -0.808395
v 0.000000 1.000000 0.000000
v 0.500000 0.500000 -0.891747
v 0.353553 0.806186 -0.714970
v 0.000000 0.933013 -0.641747
v -0.353553 0.806186 -0.714970
v -0.500000 0.500000 -0.891747
v -0.353553 0.193814 -1.068523
v 0.000000 0.066988 -1.141747
v 0.353553 0.193814 -1.068523
v 0.500000 0.312500 -0.566988
v 0.353553 0.618686 -0.390211
v 0.000000 0.745513 -0.316987
v -0.353553 0.618686 -0.390211
v -0.500000 0.312500 -0.566988
v -0.353553 0.006314 -0.743764
v 0.000000 -0.120512 -0.816988
v 0.353553 0.006314 -0.743764
v 0.375000 0.250000 -0.458734
v 0.265165 0.479640 -0.326152
v 0.000000 0.574759 -0.271234
v -0.265165 0.479640 -0.326152
v -0.375000 0.250000 -0.458734
v -0.265165 0.020360 -0.591317
v 0.000000 -0.074759 -0.646234
v 0.265165 0.020360 -0.591317
v 0.187500 0.062500 -0.133975
v 0.132583 0.177320 -0.067684
v 0.000000 0.224880 -0.040225
v -0.132583 0.177320 -0.067684
v -0.187500 0.062500 -0.133975
v -0.132583 -0.052320 -0.200266
v 0.000000 -0.099880 -0.227725
v 0.132583 -0.052320 -0.200266
v 0.375000 0.562500 -1.000000
v 0.265165 0.792140 -0.867417
v 0.000000 0.887259 -0.812500
v -0.265165 0.792140 -0.867417
v -0.375000 0.562500 -1.000000
v -0.265165 0.332860 -1.132583
v 0.000000 0.237741 -1.187500
v 0.265165 0.332860 -1.132583
v 0.000000 -0.500000 0.000000
v 0.000000 1.000000 -0.250000
v -0.176777 1.000000 -0.176777
v -0.250000 1.000000 0.000000
v -0.176777 1.000000 0.176777
v 0.000000 1.000000 0.250000
v 0.176777 1.000000 0.176777
v 0.250000 1.000000 -0.000000
v 0.176777 1.000000 -0.176777
v -0.500000 0.500000 0.891747
v -0.353553 0.806186 0.714970
v 0.000000 0.933013 0.641747
v 0.353553 0.806186 0.714970
v 0.500000 0.500000 0.891747
v 0.353553 0.193814 1.068523
v 0.000000 0.066988 1.141747
v -0.353553 0.193814 1.068523
v -0.500000 0.312500 0.566988
v -0.353553 0.618686 0.390211
v 0.000000 0.745513 0.316987
v 0.353553 0.618686 0.390211
v 0.500000 0.312500 0.566988
v 0.353553 0.006314 0.743764
v 0.000000 -0.120512 0.816988
v -0.353553 0.006314 0.743764
v -0.375000 0.250000 0.458734
v -0.265165 0.479640 0.326152
v 0.000000 0.574759 0.271234
v 0.265165 0.479640 0.326152
v 0.375000 0.250000 0.458734
v 0.265165 0.020360 0.591317
v 0.000000 -0.074759 0.646234
v -0.265165 0.020360 0.591317
v -0.187500 0.062500 0.133975
v -0.132583 0.177320 0.067684
v 0.000000 0.224880 0.040225
v 0.132583 0.177320 0.067684
v 0.187500 0.062500 0.133975
v 0.132583 -0.052320 0.200266
v 0.000000 -0.099880 0.227725
v -0.132583 -0.052320 0.200266
v -0.375000 0.562500 1.000000
v -0.265165 0.792140 0.867417
v 0.000000 0.887259 0.812500
v 0.265165 0.792140 0.867417
v 0.375000 0.562500 1.000000
v 0.265165 0.332860 1.132583
v 0.000000 0.237741 1.187500
v -0.265165 0.332860 1.132583
v -0.891747 0.500000 -0.500000
v -0.714970 0.806186 -0.353553
v -0.641747 0.933013 0.000000
v -0.714970 0.806186 0.353553
v -0.891747 0.500000 0.500000
v -1.068523 0.193814 0.353553
v -1.141747 0.066988 0.000000
v -1.068523 0.193814 -0.353553
v -0.566988 0.312500 -0.500000
v -0.390211 0.618686 -0.353553
v -0.316987 0.745513 0.000000
v -0.390211 0.618686 0.353553
v -0.566988 0.312500 0.500000
v -0.743764 0.006314 0.353553
v -0.816988 -0.120512 0.000000
v -0.743764 0.006314 -0.353553
v -0.458734 0.250000 -0.375000
v -0.326152 0.479640 -0.265165
v -0.271234 0.574759 0.000000
v -0.326152 0.479640 0.265165
v -0.458734 0.250000 0.375000
v -0.591317 0.020360 0.265165
v -0.646234 -0.074759 0.000000
v -0.591317 0.020360 -0.265165
v -0.133975 0.062500 -0.187500
v -0.067684 0.177320 -0.132583
v -0.040225 0.224880 0.000000
v -0.067684 0.177320 0.132583
v -0.133975 0.062500 0.187500
v -0.200266 -0.052320 0.132583
v -0.227725 -0.099880 0.000000
v -0.200266 -0.052320 -0.132583
v -1.000000 0.562500 -0.375000
v -0.867417 0.792140 -0.265165
v -0.812500 0.887259 0.000000
v -0.867417 0.792140 0.265165
v -1.000000 0.562500 0.375000
v -1.132583 0.332860 0.265165
v -1.187500 0.237741 0.000000
v -1.132583 0.332860 -0.265165
v 0.891747 0.500000 0.500000
v 0.714970 0.806186 0.353553
v 0.641747 0.933013 -0.000000
v 0.714970 0.806186 -0.353553
v 0.891747 0.500000 -0.500000
v 1.068523 0.193814 -0.353553
v 1.141747 0.066988 -0.000000
v 1.068523 0.193814 0.353553
v 0.566988 0.312500 0.500000
v 0.390211 0.618686 0.353553
v 0.316987 0.745513 -0.000000
v 0.390211 0.618686 -0.353553
v 0.566988 0.312500 -0.500000
v 0.743764 0.006314 -0.353553
v 0.816988 -0.120512 -0.000000
v 0.743764 0.006314 0.353553
v 0.458734 0.250000 0.375000
v 0.326152 0.479640 0.265165
v 0.271234 0.574759 -0.000000
v 0.326152 0.479640 -0.265165
v 0.458734 0.250000 -0.375000
v 0.591317 0.020360 -0.265165
v 0.646234 -0.074759 -0.000000
v 0.591317 0.020360 0.265165
v 0.133975 0.062500 0.187500
v 0.067684 0.177320 0.132583
v 0.040225 0.224880 0.000000
v 0.067684 0.177320 -0.132583
v 0.133975 0.062500 -0.187500
v 0.200266 -0.052320 -0.132583
v 0.227725 -0.099880 -0.000000
v 0.200266 -0.052320 0.132583
v 1.000000 0.562500 0.375000
v 0.867417 0.792140 0.265165
v 0.812500 0.887259 -0.000000
v 0.867417 0.792140 -0.265165
v 1.000000 0.562500 -0.375000
v 1.132583 0.332860 -0.265165
v 1.187500 0.237741 -0.000000
v 1.132583 0.332860 0.265165
v 0.000000 1.500000 -1.000000
v -0.382683 1.500000 -0.923880
v -0.707107 1.500000 -0.707107
v -0.923880 1.500000 -0.382683
v -1.000000 1.500000 0.000000
v -0.923880 1.500000 0.382684
v -0.707107 1.500000 0.707107
v -0.382683 1.500000 0.923880
v 0.000000 1.500000 1.000000
v 0.382683 1.500000 0.923880
v 0.707107 1.500000 0.707107
v 0.923880 1.500000 0.382684
v 1.000000 1.500000 -0.000000
v 0.923880 1.500000 -0.382684
v 0.707107 1.500000 -0.707107
v 0.382683 1.500000 -0.923880
v 0.000000 0.000000 -1.000000
v -0.382683 0.500000 -0.923880
v -0.707107 0.750000 -0.707107
v -0.923880 0.500000 -0.382683
v -1.000000 0.000000 0.000000
v -0.923880 0.500000 0.382684
v -0.707107 0.750000 0.707107
v -0.382683 0.500000 0.923880
v 0.000000 0.000000 1.000000
v 0.382683 0.500000 0.923880
v 0.707107 0.750000 0.707107
v 0.923880 0.500000 0.382684
v 1.000000 0.000000 -0.000000
v 0.923880 0.500000 -0.382684
v 0.707107 0.750000 -0.707107
v 0.382683 0.500000 -0.923880
v 0.000000 0.000000 -1.000000
v -0.382683 0.500000 -0.923880
v -0.707107 0.750000 -0.707107
v -0.923880 0.500000 -0.382683
v -1.000000 0.000000 0.000000
v -0.923880 0.500000 0.382684
v -0.707107 0.750000 0.707107
v -0.382683 0.500000 0.923880
v 0.000000 0.000000 1.000000
v 0.382683 0.500000 0.923880
v 0.707107 0.750000 0.707107
v 0.923880 0.500000 0.382684
v 1.000000 0.000000 -0.000000
v 0.923880 0.500000 -0.382684
v 0.707107 0.750000 -0.707107
v 0.382683 0.500000 -0.923880
v 0.000000 0.000000 -0.875000
v -0.334848 0.500000 -0.808395
v -0.618718 0.750000 -0.618718
v -0.808394 0.500000 -0.334848
v -0.875000 0.000000 0.000000
v -0.808394 0.500000 0.334848
v -0.618718 0.750000 0.618718
v -0.334848 0.500000 0.808395
v 0.000000 0.000000 0.875000
v 0.334848 0.500000 0.808395
v 0.618718 0.750000 0.618719
v 0.808395 0.500000 0.334848
v 0.875000 0.000000 -0.000000
v 0.808395 0.500000 -0.334848
v 0.618718 0.750000 -0.618719
v 0.334847 0.500000 -0.808395
v 0.375000 0.250000 -0.458734
v 0.265165 0.479640 -0.326152
v 0.000000 0.574759 -0.271234
v -0.265165 0.479640 -0.326152
v -0.375000 0.250000 -0.458734
v -0.265165 0.020360 -0.591317
v 0.000000 -0.074759 -0.646234
v 0.265165 0.020360 -0.591317
v 0.187500 0.062500 -0.133975
v 0.132583 0.177320 -0.067684
v 0.000000 0.224880 -0.040225
v -0.132583 0.177320 -0.067684
v -0.187500 0.062500 -0.133975
v -0.132583 -0.052320 -0.200266
v 0.000000 -0.099880 -0.227725
v 0.132583 -0.052320 -0.200266
v 0.375000 0.562500 -1.000000
v 0.265165 0.792140 -0.867417
v 0.000000 0.887259 -0.812500
v -0.265165 0.792140 -0.867417
v -0.375000 0.562500 -1.000000
v -0.265165 0.332860 -1.132583
v 0.000000 0.237741 -1.187500
v 0.265165 0.332860 -1.132583
v -0.500000 0.500000 0.891747
v -0.353553 0.806186 0.714970
v 0.000000 0.933013 0.641747
v 0.353553 0.806186 0.714970
v 0.500000 0.500000 0.891747
v 0.353553 0.193814 1.068523
v 0.000000 0.066988 1.141747
v -0.353553 0.193814 1.068523
v -0.500000 0.312500 0.566988
v -0.353553 0.618686 0.390211
v 0.000000 0.745513 0.316987
v 0.353553 0.618686 0.390211
v 0.500000 0.312500 0.566988
v 0.353553 0.006314 0.743764
v 0.000000 -0.120512 0.816988
v -0.353553 0.006314 0.743764
v -0.375000 0.250000 0.458734
v -0.265165 0.479640 0.326152
v 0.000000 0.574759 0.271234
v 0.265165 0.479640 0.326152
v 0.375000 0.250000 0.458734
v 0.265165 0.020360 0.591317
v 0.000000 -0.074759 0.646234
v -0.265165 0.020360 0.591317
v -0.187500 0.062500 0.133975
v -0.132583 0.177320 0.067684
v 0.000000 0.224880 0.040225
v 0.132583 0.177320 0.067684
v 0.187500 0.062500 0.133975
v 0.132583 -0.052320 0.200266
v 0.000000 -0.099880 0.227725
v -0.132583 -0.052320 0.200266
v -0.375000 0.562500 1.000000
v -0.265165 0.792140 0.867417
v 0.000000 0.887259 0.812500
v 0.265165 0.792140 0.867417
v 0.375000 0.562500 1.000000
v 0.265165 0.332860 1.132583
v 0.000000 0.237741 1.187500
v -0.265165 0.332860 1.132583
v -0.891747 0.500000 -0.500000
v -0.714970 0.806186 -0.353553
v -0.641747 0.933013 0.000000
v -0.714970 0.806186 0.353553
v -0.891747 0.500000 0.500000
v -1.068523 0.193814 0.353553
v -1.141747 0.066988 0.000000
v -1.068523 0.193814 -0.353553
v -0.566988 0.312500 -0.500000
v -0.390211 0.618686 -0.353553
v -0.316987 0.745513 0.000000
v -0.390211 0.618686 0.353553
v -0.566988 0.312500 0.500000
v -0.743764 0.006314 0.353553
v -0.816988 -0.120512 0.000000
v -0.743764 0.006314 -0.353553
v -0.458734 0.250000 -0.375000
v -0.326152 0.479640 -0.265165
v -0.271234 0.574759 0.000000
v -0.326152 0.479640 0.265165
v -0.458734 0.250000 0.375000
v -0.591317 0.020360 0.265165
v -0.646234 -0.074759 0.000000
v -0.591317 0.020360 -0.265165
v -0.133975 0.062500 -0.187500
v -0.067684 0.177320 -0.132583
v -0.040225 0.224880 0.000000
v -0.067684 0.177320 0.132583
v -0.133975 0.062500 0.187500
v -0.200266 -0.052320 0.132583
v -0.227725 -0.099880 0.000000
v -0.200266 -0.052320 -0.132583
v -1.000000 0.562500 -0.375000
v -0.867417 0.792140 -0.265165
v -0.812500 0.887259 0.000000
v -0.867417 0.792140 0.265165
v -1.000000 0.562500 0.375000
v -1.132583 0.332860 0.265165
v -1.187500 0.237741 0.000000
v -1.132583 0.332860 -0.265165
v 0.891747 0.500000 0.500000
v 0.714970 0.806186 0.353553
v 0.641747 0.933013 -0.000000
v 0.714970 0.806186 -0.353553
v 0.891747 0.500000 -0.500000
v 1.068523 0.193814 -0.353553
v 1.141747 0.066988 -0.000000
v 1.068523 0.193814 0.353553
v 0.566988 0.312500 0.500000
v 0.390211 0.618686 0.353553
v 0.316987 0.745513 -0.000000
v 0.390211 0.618686 -0.353553
v 0.566988 0.312500 -0.500000
v 0.743764 0.006314 -0.353553
v 0.816988 -0.120512 -0.000000
v 0.743764 0.006314 0.353553
v 0.458734 0.250000 0.375000
v 0.326152 0.479640 0.265165
v 0.271234 0.574759 -0.000000
v 0.326152 0.479640 -0.265165
v 0.458734 0.250000 -0.375000
v 0.591317 0.020360 -0.265165
v 0.646234 -0.074759 -0.000000
v 0.591317 0.020360 0.265165
v 0.133975 0.062500 0.187500
v 0.067684 0.177320 0.132583
v 0.040225 0.224880 0.000000
v 0.067684 0.177320 -0.132583
v 0.133975 0.062500 -0.187500
v 0.200266 -0.052320 -0.132583
v 0.227725 -0.099880 -0.000000
v 0.200266 -0.052320 0.132583
v 1.000000 0.562500 0.375000
v 0.867417 0.792140 0.265165
v 0.812500 0.887259 -0.000000
v 0.867417 0.792140 -0.265165
v 1.000000 0.562500 -0.375000
v 1.132583 0.332860 -0.265165
v 1.187500 0.237741 -0.000000
v 1.132583 0.332860 0.265165
vt 0.911255 0.785714
vt 0.922078 0.745536
vt 0.917749 0.785714
vt 0.813853 0.785714
vt 0.805195 0.745536
vt 0.818182 0.745536
vt 0.930736 0.785714
vt 0.935065 0.745536
vt 0.826840 0.785714
vt 0.831169 0.745536
vt 0.943723 0.785714
vt 0.948052 0.745536
vt 0.833333 0.785714
vt 0.844156 0.745536
vt 0.839827 0.785714
vt 0.956710 0.785714
vt 0.961039 0.745536
vt 0.846320 0.785714
vt 0.857143 0.745536
vt 0.852814 0.785714
vt 0.963203 0.785714
vt 0.974026 0.745536
vt 0.969697 0.785714
vt 0.859307 0.785714
vt 0.870130 0.745536
vt 0.865801 0.785714
vt 0.982684 0.785714
vt 0.987013 0.745536
vt 0.872294 0.785714
vt 0.883117 0.745536
vt 0.878788 0.785714
vt 0.995671 0.785714
vt 1.000000 0.745536
vt 0.898268 0.785714
vt 0.909091 0.745536
vt 0.904762 0.785714
vt 0.891775 0.785714
vt 0.896104 0.745536
vt 0.794372 0.785714
vt 0.800866 0.785714
vt 0.987013 0.638393
vt 0.974026 0.629464
vt 0.987013 0.629464
vt 0.870130 0.638393
vt 0.857143 0.629464
vt 0.870130 0.629464
vt 0.974026 0.638393
vt 0.961039 0.629464
vt 0.844156 0.638393
vt 0.857143 0.638393
vt 0.948052 0.638393
vt 0.961039 0.638393
vt 0.831169 0.629464
vt 0.844156 0.629464
vt 0.935065 0.629464
vt 0.948052 0.629464
vt 0.818182 0.638393
vt 0.831169 0.638393
vt 0.922078 0.638393
vt 0.935065 0.638393
vt 0.805195 0.638393
vt 0.818182 0.629464
vt 0.909091 0.638393
vt 0.922078 0.629464
vt 0.792208 0.629464
vt 0.805195 0.629464
vt 0.883117 0.638393
vt 0.896104 0.629464
vt 0.896104 0.638393
vt 0.909091 0.629464
vt 1.000000 0.629464
vt 1.000000 0.638393
vt 0.883117 0.629464
vt 0.796537 0.799107
vt 0.785714 0.785714
vt 0.794372 0.785714
vt 0.809524 0.799107
vt 0.820346 0.785714
vt 0.822511 0.799107
vt 0.848485 0.799107
vt 0.837662 0.785714
vt 0.846320 0.785714
vt 0.887446 0.799107
vt 0.876623 0.785714
vt 0.885281 0.785714
vt 0.798701 0.785714
vt 0.807359 0.785714
vt 0.833333 0.785714
vt 0.835498 0.799107
vt 0.859307 0.785714
vt 0.861472 0.799107
vt 0.887511 0.852679
vt 0.893939 0.839420
vt 0.900368 0.852679
vt 0.874459 0.825893
vt 0.885281 0.839286
vt 0.876623 0.839286
vt 0.796537 0.825893
vt 0.807359 0.839286
vt 0.798701 0.839286
vt 0.835498 0.825893
vt 0.824675 0.839286
vt 0.822511 0.825893
vt 0.861472 0.825893
vt 0.850649 0.839286
vt 0.848485 0.825893
vt 0.863636 0.839286
vt 0.783550 0.825893
vt 0.794372 0.839286
vt 0.785714 0.839286
vt 0.811688 0.839286
vt 0.809524 0.825893
vt 0.837662 0.839286
vt 0.844156 0.629464
vt 0.844156 0.535714
vt 0.857143 0.629464
vt 0.857143 0.558036
vt 0.870130 0.629464
vt 0.883117 0.558036
vt 0.883117 0.629464
vt 0.896104 0.535714
vt 0.896104 0.629464
vt 0.909091 0.629464
vt 0.909091 0.558036
vt 0.922078 0.629464
vt 0.935065 0.558036
vt 0.935065 0.629464
vt 0.948052 0.535714
vt 0.948052 0.629464
vt 0.961039 0.629464
vt 0.961039 0.558036
vt 0.974026 0.629464
vt 0.987013 0.558036
vt 0.987013 0.629464
vt 1.000000 0.535714
vt 1.000000 0.629464
vt 0.792208 0.629464
vt 0.792208 0.535714
vt 0.805195 0.629464
vt 0.805195 0.558036
vt 0.818182 0.629464
vt 0.831169 0.558036
vt 0.831169 0.629464
vt 0.848485 0.799107
vt 0.861472 0.825893
vt 0.848485 0.825893
vt 0.835498 0.799107
vt 0.822511 0.825893
vt 0.822511 0.799107
vt 0.796537 0.799107
vt 0.809524 0.825893
vt 0.796537 0.825893
vt 0.887446 0.799107
vt 0.874459 0.825893
vt 0.874459 0.799107
vt 0.835498 0.825893
vt 0.809524 0.799107
vt 0.783550 0.799107
vt 0.783550 0.825893
vt 0.861472 0.799107
vt 0.833333 0.839286
vt 0.826840 0.870536
vt 0.824675 0.839286
vt 0.807359 0.839286
vt 0.800866 0.870536
vt 0.798701 0.839286
vt 0.876623 0.839286
vt 0.883117 0.870536
vt 0.878788 0.870536
vt 0.846320 0.839286
vt 0.839827 0.870536
vt 0.837662 0.839286
vt 0.811688 0.839286
vt 0.818182 0.870536
vt 0.813853 0.870536
vt 0.794372 0.839286
vt 0.787879 0.870536
vt 0.785714 0.839286
vt 0.863636 0.839286
vt 0.870130 0.870536
vt 0.865801 0.870536
vt 0.850649 0.839286
vt 0.857143 0.870536
vt 0.852814 0.870536
vt 0.900433 0.786019
vt 0.913272 0.812500
vt 0.900433 0.838981
vt 0.787879 0.616071
vt 0.790043 0.508929
vt 0.792208 0.616071
vt 0.787879 0.616071
vt 0.792208 0.616071
vt 0.787879 0.616071
vt 0.792208 0.616071
vt 0.792208 0.616071
vt 0.787879 0.616071
vt 0.792208 0.616071
vt 0.787879 0.616071
vt 0.787879 0.616071
vt 0.792208 0.616071
vt 0.792208 0.616071
vt 0.787879 0.616071
vt 0.792208 0.616071
vt 0.787879 0.616071
vt 0.848485 0.799107
vt 0.861472 0.825893
vt 0.848485 0.825893
vt 0.822511 0.799107
vt 0.835498 0.825893
vt 0.822511 0.825893
vt 0.796537 0.799107
vt 0.809524 0.825893
vt 0.796537 0.825893
vt 0.887446 0.799107
vt 0.874459 0.825893
vt 0.874459 0.799107
vt 0.835498 0.799107
vt 0.809524 0.799107
vt 0.783550 0.799107
vt 0.783550 0.825893
vt 0.861472 0.799107
vt 0.833333 0.839286
vt 0.826840 0.870536
vt 0.824675 0.839286
vt 0.807359 0.839286
vt 0.800866 0.870536
vt 0.798701 0.839286
vt 0.885281 0.839286
vt 0.878788 0.870536
vt 0.876623 0.839286
vt 0.846320 0.839286
vt 0.839827 0.870536
vt 0.837662 0.839286
vt 0.811688 0.839286
vt 0.818182 0.870536
vt 0.813853 0.870536
vt 0.794372 0.839286
vt 0.787879 0.870536
vt 0.785714 0.839286
vt 0.863636 0.839286
vt 0.870130 0.870536
vt 0.865801 0.870536
vt 0.859307 0.839286
vt 0.852814 0.870536
vt 0.850649 0.839286
vt 0.900433 0.786019
vt 0.913272 0.812500
vt 0.900433 0.838981
vt 0.848485 0.799107
vt 0.861472 0.825893
vt 0.848485 0.825893
vt 0.835498 0.799107
vt 0.822511 0.825893
vt 0.822511 0.799107
vt 0.796537 0.799107
vt 0.809524 0.825893
vt 0.796537 0.825893
vt 0.887446 0.799107
vt 0.874459 0.825893
vt 0.874459 0.799107
vt 0.835498 0.825893
vt 0.809524 0.799107
vt 0.783550 0.825893
vt 0.783550 0.799107
vt 0.861472 0.799107
vt 0.833333 0.839286
vt 0.826840 0.870536
vt 0.824675 0.839286
vt 0.807359 0.839286
vt 0.800866 0.870536
vt 0.798701 0.839286
vt 0.885281 0.839286
vt 0.878788 0.870536
vt 0.876623 0.839286
vt 0.846320 0.839286
vt 0.839827 0.870536
vt 0.837662 0.839286
vt 0.811688 0.839286
vt 0.818182 0.870536
vt 0.813853 0.870536
vt 0.794372 0.839286
vt 0.787879 0.870536
vt 0.785714 0.839286
vt 0.863636 0.839286
vt 0.870130 0.870536
vt 0.865801 0.870536
vt 0.850649 0.839286
vt 0.857143 0.870536
vt 0.852814 0.870536
vt 0.900433 0.786019
vt 0.913272 0.812500
vt 0.900433 0.838981
vt 0.848485 0.799107
vt 0.861472 0.825893
vt 0.848485 0.825893
vt 0.835498 0.799107
vt 0.822511 0.825893
vt 0.822511 0.799107
vt 0.796537 0.799107
vt 0.809524 0.825893
vt 0.796537 0.825893
vt 0.887446 0.799107
vt 0.874459 0.825893
vt 0.874459 0.799107
vt 0.835498 0.825893
vt 0.809524 0.799107
vt 0.783550 0.825893
vt 0.783550 0.799107
vt 0.861472 0.799107
vt 0.833333 0.839286
vt 0.826840 0.870536
vt 0.824675 0.839286
vt 0.807359 0.839286
vt 0.800866 0.870536
vt 0.798701 0.839286
vt 0.885281 0.839286
vt 0.878788 0.870536
vt 0.876623 0.839286
vt 0.837662 0.839286
vt 0.844156 0.870536
vt 0.839827 0.870536
vt 0.811688 0.839286
vt 0.818182 0.870536
vt 0.813853 0.870536
vt 0.794372 0.839286
vt 0.787879 0.870536
vt 0.785714 0.839286
vt 0.863636 0.839286
vt 0.870130 0.870536
vt 0.865801 0.870536
vt 0.859307 0.839286
vt 0.852814 0.870536
vt 0.850649 0.839286
vt 0.900433 0.786019
vt 0.913272 0.812500
vt 0.900433 0.838981
vt 0.987013 0.745536
vt 0.974026 0.691964
vt 0.987013 0.674107
vt 0.883117 0.745536
vt 0.870130 0.691964
vt 0.883117 0.674107
vt 1.000000 0.745536
vt 1.000000 0.638393
vt 0.896104 0.745536
vt 0.909091 0.674107
vt 0.909091 0.745536
vt 0.896104 0.638393
vt 0.792208 0.745536
vt 0.805195 0.674107
vt 0.805195 0.745536
vt 0.922078 0.691964
vt 0.922078 0.745536
vt 0.818182 0.691964
vt 0.818182 0.745536
vt 0.935065 0.745536
vt 0.935065 0.674107
vt 0.831169 0.745536
vt 0.831169 0.674107
vt 0.948052 0.745536
vt 0.948052 0.638393
vt 0.844156 0.745536
vt 0.844156 0.638393
vt 0.961039 0.674107
vt 0.961039 0.745536
vt 0.857143 0.674107
vt 0.857143 0.745536
vt 0.974026 0.745536
vt 0.870130 0.745536
vt 0.874459 0.799107
vt 0.863636 0.785714
vt 0.872294 0.785714
vt 0.848485 0.825893
vt 0.837662 0.839286
vt 0.835498 0.825893
vt 0.809524 0.825893
vt 0.820346 0.839286
vt 0.811688 0.839286
vt 0.796537 0.825893
vt 0.785714 0.839286
vt 0.783550 0.825893
vt 0.861472 0.825893
vt 0.872294 0.839286
vt 0.863636 0.839286
vt 0.859307 0.839286
vt 0.850649 0.839286
vt 0.824675 0.839286
vt 0.822511 0.825893
vt 0.807359 0.839286
vt 0.798701 0.839286
vt 0.887446 0.825893
vt 0.876623 0.839286
vt 0.874459 0.825893
vt 0.887511 0.852679
vt 0.893939 0.839420
vt 0.900368 0.852679
vt 0.848485 0.799107
vt 0.859307 0.785714
vt 0.861472 0.799107
vt 0.822511 0.799107
vt 0.833333 0.785714
vt 0.835498 0.799107
vt 0.809524 0.799107
vt 0.798701 0.785714
vt 0.807359 0.785714
vt 0.887446 0.799107
vt 0.876623 0.785714
vt 0.885281 0.785714
vt 0.846320 0.785714
vt 0.820346 0.785714
vt 0.796537 0.799107
vt 0.785714 0.785714
vt 0.794372 0.785714
vt 0.872294 0.785714
vt 0.874459 0.799107
vt 0.848485 0.825893
vt 0.837662 0.839286
vt 0.835498 0.825893
vt 0.809524 0.825893
vt 0.820346 0.839286
vt 0.811688 0.839286
vt 0.796537 0.825893
vt 0.785714 0.839286
vt 0.783550 0.825893
vt 0.874459 0.825893
vt 0.863636 0.839286
vt 0.861472 0.825893
vt 0.850649 0.839286
vt 0.824675 0.839286
vt 0.822511 0.825893
vt 0.798701 0.839286
vt 0.885281 0.839286
vt 0.876623 0.839286
vt 0.887511 0.852679
vt 0.893939 0.839420
vt 0.900368 0.852679
vt 0.848485 0.799107
vt 0.859307 0.785714
vt 0.861472 0.799107
vt 0.822511 0.799107
vt 0.833333 0.785714
vt 0.835498 0.799107
vt 0.809524 0.799107
vt 0.798701 0.785714
vt 0.807359 0.785714
vt 0.887446 0.799107
vt 0.876623 0.785714
vt 0.885281 0.785714
vt 0.837662 0.785714
vt 0.846320 0.785714
vt 0.820346 0.785714
vt 0.796537 0.799107
vt 0.785714 0.785714
vt 0.794372 0.785714
vt 0.874459 0.799107
vt 0.863636 0.785714
vt 0.872294 0.785714
vt 0.848485 0.825893
vt 0.837662 0.839286
vt 0.835498 0.825893
vt 0.809524 0.825893
vt 0.820346 0.839286
vt 0.811688 0.839286
vt 0.796537 0.825893
vt 0.785714 0.839286
vt 0.783550 0.825893
vt 0.861472 0.825893
vt 0.872294 0.839286
vt 0.863636 0.839286
vt 0.850649 0.839286
vt 0.824675 0.839286
vt 0.822511 0.825893
vt 0.807359 0.839286
vt 0.798701 0.839286
vt 0.887446 0.825893
vt 0.876623 0.839286
vt 0.874459 0.825893
vt 0.887511 0.852679
vt 0.893939 0.839420
vt 0.900368 0.852679
vt 0.848485 0.799107
vt 0.859307 0.785714
vt 0.861472 0.799107
vt 0.822511 0.799107
vt 0.833333 0.785714
vt 0.835498 0.799107
vt 0.809524 0.799107
vt 0.798701 0.785714
vt 0.807359 0.785714
vt 0.887446 0.799107
vt 0.876623 0.785714
vt 0.885281 0.785714
vt 0.837662 0.785714
vt 0.846320 0.785714
vt 0.820346 0.785714
vt 0.796537 0.799107
vt 0.785714 0.785714
vt 0.794372 0.785714
vt 0.874459 0.799107
vt 0.863636 0.785714
vt 0.872294 0.785714
vt 0.807359 0.785714
vt 0.924242 0.785714
vt 0.820346 0.785714
vt 0.937229 0.785714
vt 0.950216 0.785714
vt 0.976190 0.785714
vt 0.989177 0.785714
vt 0.885281 0.785714
vt 0.792208 0.745536
vt 0.792208 0.638393
vt 0.783550 0.799107
vt 0.811688 0.785714
vt 0.824675 0.785714
vt 0.850649 0.785714
vt 0.898485 0.862054
vt 0.893939 0.865937
vt 0.889394 0.862053
vt 0.889394 0.843304
vt 0.898485 0.843304
vt 0.887446 0.825893
vt 0.833333 0.839286
vt 0.859307 0.839286
vt 0.872294 0.839286
vt 0.820346 0.839286
vt 0.846320 0.839286
vt 0.887446 0.825893
vt 0.831169 0.870536
vt 0.805195 0.870536
vt 0.885281 0.839286
vt 0.844156 0.870536
vt 0.820346 0.839286
vt 0.792208 0.870536
vt 0.872294 0.839286
vt 0.859307 0.839286
vt 0.891354 0.831225
vt 0.887594 0.812500
vt 0.891354 0.793775
vt 0.909512 0.793775
vt 0.909512 0.831225
vt 0.887446 0.825893
vt 0.831169 0.870536
vt 0.805195 0.870536
vt 0.883117 0.870536
vt 0.844156 0.870536
vt 0.820346 0.839286
vt 0.792208 0.870536
vt 0.872294 0.839286
vt 0.857143 0.870536
vt 0.891354 0.831225
vt 0.887594 0.812500
vt 0.891354 0.793775
vt 0.909512 0.793775
vt 0.909512 0.831225
vt 0.887446 0.825893
vt 0.831169 0.870536
vt 0.805195 0.870536
vt 0.883117 0.870536
vt 0.844156 0.870536
vt 0.820346 0.839286
vt 0.792208 0.870536
vt 0.872294 0.839286
vt 0.859307 0.839286
vt 0.891354 0.831225
vt 0.887594 0.812500
vt 0.891354 0.793775
vt 0.909512 0.793775
vt 0.909512 0.831225
vt 0.887446 0.825893
vt 0.831169 0.870536
vt 0.805195 0.870536
vt 0.883117 0.870536
vt 0.846320 0.839286
vt 0.820346 0.839286
vt 0.792208 0.870536
vt 0.872294 0.839286
vt 0.857143 0.870536
vt 0.891354 0.831225
vt 0.887594 0.812500
vt 0.891354 0.793775
vt 0.909512 0.793775
vt 0.909512 0.831225
vt 0.792208 0.638393
vt 0.846320 0.839286
vt 0.794372 0.839286
vt 0.833333 0.839286
vt 0.885281 0.839286
vt 0.898485 0.862054
vt 0.893939 0.865937
vt 0.889394 0.862053
vt 0.889394 0.843304
vt 0.898485 0.843304
vt 0.850649 0.785714
vt 0.824675 0.785714
vt 0.837662 0.785714
vt 0.811688 0.785714
vt 0.783550 0.799107
vt 0.863636 0.785714
vt 0.846320 0.839286
vt 0.794372 0.839286
vt 0.872294 0.839286
vt 0.859307 0.839286
vt 0.833333 0.839286
vt 0.807359 0.839286
vt 0.887446 0.825893
vt 0.898485 0.862054
vt 0.893939 0.865937
vt 0.889394 0.862053
vt 0.889394 0.843304
vt 0.898485 0.843304
vt 0.850649 0.785714
vt 0.824675 0.785714
vt 0.811688 0.785714
vt 0.783550 0.799107
vt 0.846320 0.839286
vt 0.794372 0.839286
vt 0.859307 0.839286
vt 0.833333 0.839286
vt 0.885281 0.839286
vt 0.898485 0.862054
vt 0.893939 0.865937
vt 0.889394 0.862053
vt 0.889394 0.843304
vt 0.898485 0.843304
vt 0.850649 0.785714
vt 0.824675 0.785714
vt 0.811688 0.785714
vt 0.783550 0.799107
vn -0.1711 0.8944 -0.4132
vn -0.3162 0.8944 -0.3162
vn 0.3162 0.8944 0.3162
vn 0.1711 0.8944 0.4132
vn -0.4132 0.8944 -0.1711
vn 0.4132 0.8944 0.1711
vn -0.4472 0.8944 0.0000
vn 0.4472 0.8944 0.0000
vn -0.4132 0.8944 0.1711
vn 0.4132 0.8944 -0.1711
vn -0.3162 0.8944 0.3162
vn 0.3162 0.8944 -0.3162
vn -0.1711 0.8944 0.4132
vn 0.1711 0.8944 -0.4132
vn 0.0000 0.8944 0.4472
vn 0.0000 0.8944 -0.4472
vn -0.6618 -0.6982 -0.2729
vn 0.0052 -0.9993 0.0363
vn -0.6683 -0.6905 -0.2768
vn 0.0352 -0.9987 -0.0352
vn -0.2604 -0.7323 -0.6292
vn 0.0000 -1.0000 0.0000
vn -0.0018 -0.9995 0.0328
vn 0.2604 -0.7323 0.6292
vn -0.0728 -0.9973 0.0000
vn -0.2611 -0.7311 -0.6303
vn 0.0728 -0.9973 0.0000
vn 0.2611 -0.7311 0.6303
vn -0.2604 -0.7323 0.6292
vn 0.2604 -0.7323 -0.6292
vn 0.0018 -0.9995 0.0328
vn -0.2611 -0.7311 0.6303
vn -0.0018 -0.9995 -0.0328
vn 0.2611 -0.7311 -0.6303
vn 0.6618 -0.6982 -0.2729
vn -0.0052 -0.9993 0.0363
vn -0.6370 -0.7160 0.2856
vn 0.0052 -0.9993 -0.0363
vn 0.0000 -0.9981 -0.0617
vn 0.6683 -0.6905 -0.2768
vn 0.6553 -0.7134 0.2482
vn -0.0301 -0.9990 0.0322
vn -0.0248 -0.9991 0.0352
vn -0.6560 -0.7115 0.2516
vn 0.6417 -0.7116 0.2859
vn -0.5000 0.7866 -0.3623
vn 0.0000 0.9659 -0.2588
vn -0.7071 0.3535 -0.6124
vn -0.5000 -0.0794 -0.8624
vn 0.5000 -0.0794 -0.8624
vn 0.0000 -0.2588 -0.9659
vn 0.5000 0.7866 -0.3623
vn 0.7071 0.3535 -0.6124
vn 0.0000 -0.5000 0.8660
vn 0.5000 0.0794 0.8624
vn 0.0000 0.2588 0.9659
vn -0.5000 0.0794 0.8624
vn -0.7071 -0.3535 0.6124
vn 0.0000 -0.9659 0.2588
vn -0.5000 -0.7866 0.3623
vn 0.7071 -0.3535 0.6124
vn 0.5000 -0.7866 0.3623
vn -0.7526 -0.6585 0.0000
vn -0.5948 -0.6153 -0.5172
vn -0.1943 -0.9615 0.1943
vn 0.5172 -0.6153 0.5948
vn 0.0000 -0.6585 0.7526
vn -0.5172 -0.6153 0.5948
vn 0.1943 -0.9615 0.1943
vn 0.5948 -0.6153 -0.5172
vn 0.7526 -0.6585 0.0000
vn 0.5948 -0.6153 0.5172
vn 0.1943 -0.9615 -0.1943
vn -0.5172 -0.6153 -0.5948
vn 0.0000 -0.6585 -0.7526
vn 0.5172 -0.6153 -0.5948
vn -0.1943 -0.9615 -0.1943
vn -0.5948 -0.6153 0.5172
vn 0.7071 -0.6124 -0.3535
vn 1.0000 0.0000 0.0000
vn 0.0000 -0.8660 -0.5000
vn -0.7071 -0.6124 -0.3535
vn -0.7071 0.6124 0.3535
vn -1.0000 0.0000 0.0000
vn 0.0000 0.8660 0.5000
vn 0.7071 0.6124 0.3535
vn 0.0000 -0.9982 -0.0599
vn -0.6324 -0.7713 0.0710
vn -0.8944 -0.2236 0.3873
vn -0.6324 0.3241 0.7035
vn 0.6324 0.3241 0.7035
vn 0.0000 0.5510 0.8345
vn 0.6324 -0.7713 0.0710
vn 0.8944 -0.2236 0.3873
vn 0.0000 0.5000 -0.8660
vn 0.6975 -0.1644 0.6975
vn 0.9864 -0.1644 0.0000
vn 0.0000 -0.1644 0.9864
vn -0.6975 -0.1644 0.6975
vn 0.6975 -0.1644 -0.6975
vn 0.0000 -0.1644 -0.9864
vn -0.9864 -0.1644 0.0000
vn -0.6975 -0.1644 -0.6975
vn -0.7071 -0.6124 0.3535
vn 0.7071 -0.6124 0.3535
vn 0.0000 -0.8660 0.5000
vn 0.7071 0.6124 -0.3535
vn 0.0000 0.8660 -0.5000
vn -0.7071 0.6124 -0.3535
vn 0.0000 -0.9982 0.0599
vn 0.6324 -0.7713 -0.0710
vn 0.8944 -0.2236 -0.3873
vn 0.6324 0.3241 -0.7035
vn 0.0000 0.5510 -0.8345
vn -0.6324 0.3241 -0.7035
vn -0.6324 -0.7713 -0.0710
vn -0.8944 -0.2236 -0.3873
vn 0.0000 0.5000 0.8660
vn -0.3535 -0.6124 -0.7071
vn 0.0000 0.0000 -1.0000
vn -0.5000 -0.8660 0.0000
vn -0.3535 -0.6124 0.7071
vn 0.3535 0.6124 0.7071
vn 0.0000 0.0000 1.0000
vn 0.5000 0.8660 0.0000
vn 0.3535 0.6124 -0.7071
vn -0.0599 -0.9982 0.0000
vn 0.0710 -0.7713 0.6324
vn 0.3873 -0.2236 0.8944
vn 0.7035 0.3241 0.6324
vn 0.8345 0.5510 0.0000
vn 0.7035 0.3241 -0.6324
vn 0.0710 -0.7713 -0.6324
vn 0.3873 -0.2236 -0.8944
vn -0.8660 0.5000 0.0000
vn 0.3535 -0.6124 0.7071
vn 0.5000 -0.8660 0.0000
vn 0.3535 -0.6124 -0.7071
vn -0.3535 0.6124 -0.7071
vn -0.5000 0.8660 0.0000
vn -0.3535 0.6124 0.7071
vn 0.0599 -0.9982 0.0000
vn -0.0710 -0.7713 -0.6324
vn -0.3873 -0.2236 -0.8944
vn -0.7035 0.3241 -0.6324
vn -0.8345 0.5510 0.0000
vn -0.7035 0.3241 0.6324
vn -0.0710 -0.7713 0.6324
vn -0.3873 -0.2236 0.8944
vn 0.8660 0.5000 0.0000
vn -0.3827 0.0000 0.9239
vn -0.7071 0.0000 0.7071
vn -0.3035 0.0000 0.9528
vn 0.3827 0.0000 -0.9239
vn 0.7071 0.0000 -0.7071
vn 0.3035 0.0000 -0.9528
vn -0.3035 0.0000 -0.9528
vn -0.3827 0.0000 -0.9239
vn 0.3035 0.0000 0.9528
vn 0.3827 0.0000 0.9239
vn -0.7071 0.0000 -0.7071
vn 0.7071 0.0000 0.7071
vn -0.9239 0.0000 -0.3827
vn -0.9528 0.0000 -0.3035
vn 0.9239 0.0000 0.3827
vn 0.9528 0.0000 0.3035
vn -0.9528 0.0000 0.3035
vn -0.9239 0.0000 0.3827
vn 0.9528 0.0000 -0.3035
vn 0.9239 0.0000 -0.3827
vn -0.5000 -0.7866 -0.3623
vn 0.0000 -0.9659 -0.2588
vn 0.7071 -0.3535 -0.6124
vn 0.5000 -0.7866 -0.3623
vn 0.5000 0.0794 -0.8624
vn 0.0000 0.2588 -0.9659
vn -0.7071 -0.3535 -0.6124
vn -0.5000 0.0794 -0.8624
vn 0.0000 -0.5000 -0.8660
vn -0.5000 -0.0794 0.8624
vn -0.7071 0.3535 0.6124
vn 0.5000 -0.0794 0.8624
vn 0.0000 -0.2588 0.9659
vn 0.7071 0.3535 0.6124
vn 0.5000 0.7866 0.3623
vn 0.0000 0.9659 0.2588
vn -0.5000 0.7866 0.3623
vn 0.3623 -0.7866 -0.5000
vn 0.2588 -0.9659 0.0000
vn 0.6124 -0.3535 0.7071
vn 0.3623 -0.7866 0.5000
vn 0.8624 0.0794 0.5000
vn 0.9659 0.2588 0.0000
vn 0.8624 0.0794 -0.5000
vn 0.6124 -0.3535 -0.7071
vn 0.8660 -0.5000 0.0000
vn -0.8624 -0.0794 -0.5000
vn -0.6124 0.3535 -0.7071
vn -0.8624 -0.0794 0.5000
vn -0.9659 -0.2588 0.0000
vn -0.6124 0.3535 0.7071
vn -0.3623 0.7866 0.5000
vn -0.2588 0.9659 0.0000
vn -0.3623 0.7866 -0.5000
vn -0.3623 -0.7866 0.5000
vn -0.2588 -0.9659 0.0000
vn -0.6124 -0.3535 -0.7071
vn -0.3623 -0.7866 -0.5000
vn -0.8624 0.0794 -0.5000
vn -0.9659 0.2588 0.0000
vn -0.6124 -0.3535 0.7071
vn -0.8624 0.0794 0.5000
vn -0.8660 -0.5000 0.0000
vn 0.8624 -0.0794 0.5000
vn 0.6124 0.3535 0.7071
vn 0.8624 -0.0794 -0.5000
vn 0.9659 -0.2588 0.0000
vn 0.6124 0.3535 -0.7071
vn 0.3623 0.7866 -0.5000
vn 0.2588 0.9659 0.0000
vn 0.3623 0.7866 0.5000
v -1.000000 2.000000 2.500000
v -1.000000 2.220971 2.591529
v -1.000000 2.312500 2.812500
v -1.000000 2.220971 3.033471
v -1.000000 2.000000 3.125000
v -1.000000 1.779029 3.033471
v -1.000000 1.687500 2.812500
v -1.000000 1.779029 2.591529
v 1.000000 2.000000 2.500000
v 1.000000 2.220971 2.591529
v 1.000000 2.312500 2.812500
v 1.000000 2.220971 3.033471
v 1.000000 2.000000 3.125000
v 1.000000 1.779029 3.033471
v 1.000000 1.687500 2.812500
v 1.000000 1.779029 2.591529
vt 0.824675 0.348493
vt 0.835363 0.370536
vt 0.824675 0.392579
vt 0.904897 0.370536
vt 0.915585 0.348492
vt 0.926272 0.370536
vt 0.835498 0.321429
vt 0.904762 0.339286
vt 0.835498 0.339286
vt 0.835498 0.375000
vt 0.904762 0.392857
vt 0.835498 0.392857
vt 0.835498 0.267857
vt 0.904762 0.285714
vt 0.835498 0.285714
vt 0.835498 0.303571
vt 0.904762 0.321429
vt 0.904762 0.357143
vt 0.835498 0.357143
vt 0.904762 0.375000
vt 0.835498 0.250000
vt 0.904762 0.267857
vt 0.904762 0.303571
vt 0.817118 0.386123
vt 0.813988 0.370536
vt 0.817118 0.354949
vt 0.832233 0.354949
vt 0.832233 0.386123
vt 0.923142 0.386123
vt 0.915585 0.392579
vt 0.908027 0.386123
vt 0.908027 0.354949
vt 0.923142 0.354949
vt 0.904762 0.250000
vn -1.0000 0.0000 0.0000
vn 1.0000 0.0000 0.0000
vn 0.0000 0.9239 -0.3827
vn 0.0000 -0.9239 -0.3827
vn 0.0000 -0.3827 0.9239
vn 0.0000 0.9239 0.3827
vn 0.0000 0.3827 -0.9239
vn 0.0000 -0.3827 -0.9239
vn 0.0000 -0.9239 0.3827
vn 0.0000 0.3827 0.9239
v 1.500000 0.000000 -1.500000
v 3.500000 0.000000 -1.500000
v 1.500000 0.000000 -3.500000
v 3.500000 0.000000 -3.500000
v 1.500000 0.250000 -3.500000
v 1.500000 0.250000 -1.500000
v 3.500000 0.250000 -1.500000
v 3.500000 0.250000 -3.500000
v 1.750000 0.500000 -3.250000
v 1.750000 0.500000 -1.750000
v 3.250000 0.500000 -1.750000
v 3.250000 0.500000 -3.250000
v 1.875000 0.500000 -1.875000
v 3.125000 0.500000 -1.875000
v 1.875000 0.500000 -3.125000
v 3.125000 0.500000 -3.125000
v 1.875000 3.500000 -1.875000
v 3.125000 3.500000 -1.875000
v 1.875000 3.500000 -3.125000
v 3.125000 3.500000 -3.125000
v 3.250000 3.500000 3.250000
v 3.250000 3.500000 -3.250000
v -3.250000 3.500000 3.250000
v -3.250000 3.500000 -3.250000
v 1.750000 3.500000 1.750000
v 1.750000 3.500000 -1.750000
v -1.750000 3.500000 1.750000
v -1.750000 3.500000 -1.750000
v -1.750000 4.000000 1.750000
v -3.250000 4.000000 3.250000
v -1.750000 4.000000 -1.750000
v -3.250000 4.000000 -3.250000
v 1.750000 4.000000 1.750000
v 3.250000 4.000000 3.250000
v 1.750000 4.000000 -1.750000
v 3.250000 4.000000 -3.250000
v 2.250000 2.750000 1.875000
v 2.750000 2.750000 1.875000
v 2.250000 2.250000 1.875000
v 2.750000 2.250000 1.875000
v 2.250000 3.500000 0.625000
v 2.250000 3.500000 1.125000
v 2.750000 3.500000 1.125000
v 2.750000 3.500000 0.625000
v 2.250000 2.750000 -1.875000
v 2.750000 2.750000 -1.875000
v 2.250000 2.250000 -1.875000
v 2.750000 2.250000 -1.875000
v 2.250000 3.500000 -0.625000
v 2.250000 3.500000 -1.125000
v 2.750000 3.500000 -1.125000
v 2.750000 3.500000 -0.625000
v -2.250000 2.750000 1.875000
v -2.750000 2.750000 1.875000
v -2.250000 2.250000 1.875000
v -2.750000 2.250000 1.875000
v -2.250000 3.500000 0.625000
v -2.250000 3.500000 1.125000
v -2.750000 3.500000 1.125000
v -2.750000 3.500000 0.625000
v -2.250000 2.750000 -1.875000
v -2.750000 2.750000 -1.875000
v -2.250000 2.250000 -1.875000
v -2.750000 2.250000 -1.875000
v -2.250000 3.500000 -0.625000
v -2.250000 3.500000 -1.125000
v -2.750000 3.500000 -1.125000
v -2.750000 3.500000 -0.625000
v 1.875000 2.750000 -2.250000
v 1.875000 2.750000 -2.750000
v 1.875000 2.250000 -2.250000
v 1.875000 2.250000 -2.750000
v 0.625000 3.500000 -2.250000
v 1.125000 3.500000 -2.250000
v 1.125000 3.500000 -2.750000
v 0.625000 3.500000 -2.750000
v -1.875000 2.750000 -2.250000
v -1.875000 2.750000 -2.750000
v -1.875000 2.250000 -2.250000
v -1.875000 2.250000 -2.750000
v -0.625000 3.500000 -2.250000
v -1.125000 3.500000 -2.250000
v -1.125000 3.500000 -2.750000
v -0.625000 3.500000 -2.750000
v 1.875000 2.750000 2.250000
v 1.875000 2.750000 2.750000
v 1.875000 2.250000 2.250000
v 1.875000 2.250000 2.750000
v 0.625000 3.500000 2.250000
v 1.125000 3.500000 2.250000
v 1.125000 3.500000 2.750000
v 0.625000 3.500000 2.750000
v -1.875000 2.750000 2.250000
v -1.875000 2.750000 2.750000
v -1.875000 2.250000 2.250000
v -1.875000 2.250000 2.750000
v -0.625000 3.500000 2.250000
v -1.125000 3.500000 2.250000
v -1.125000 3.500000 2.750000
v -0.625000 3.500000 2.750000
v -1.000000 6.500000 0.437500
v 1.000000 6.500000 0.437500
v -1.000000 6.500000 -0.437500
v 1.000000 6.500000 -0.437500
v 3.250000 5.500000 -3.250000
v 1.750000 5.500000 -1.750000
v 3.250000 5.500000 3.250000
v 1.750000 5.500000 1.750000
v -3.250000 5.500000 -3.250000
v -1.750000 5.500000 -1.750000
v -3.250000 5.500000 3.250000
v -1.750000 5.500000 1.750000
v -1.750000 5.000000 -1.750000
v -1.750000 5.000000 1.750000
v 1.750000 5.000000 -1.750000
v 1.750000 5.000000 1.750000
v -3.250000 5.000000 -3.250000
v -3.250000 5.000000 3.250000
v 3.250000 5.000000 -3.250000
v 3.250000 5.000000 3.250000
v -1.000000 3.500000 -0.437500
v -1.000000 3.500000 0.437500
v 1.000000 3.500000 0.437500
v 1.000000 3.500000 -0.437500
v 0.437500 6.500000 -1.000000
v -0.437500 6.500000 -1.000000
v 0.437500 6.500000 1.000000
v -0.437500 6.500000 1.000000
v -0.437500 3.500000 -1.000000
v -0.437500 3.500000 1.000000
v 0.437500 3.500000 1.000000
v 0.437500 3.500000 -1.000000
v -0.437500 6.500000 0.437500
v 0.437500 6.500000 0.437500
v -0.437500 6.500000 -0.437500
v 0.437500 6.500000 -0.437500
v 1.875000 4.000000 -1.875000
v 3.125000 4.000000 -1.875000
v 1.875000 4.000000 -3.125000
v 3.125000 4.000000 -3.125000
v 1.875000 5.000000 -1.875000
v 3.125000 5.000000 -1.875000
v 1.875000 5.000000 -3.125000
v 3.125000 5.000000 -3.125000
v -0.875000 5.000000 0.500000
v -0.875000 4.000000 0.500000
v -0.875000 5.000000 -0.500000
v -0.875000 4.000000 -0.500000
v -2.875000 5.000000 -0.500000
v -2.875000 5.000000 0.500000
v -2.875000 4.000000 0.500000
v -2.875000 4.000000 -0.500000
v 1.875000 5.500000 -1.875000
v 3.125000 5.500000 -1.875000
v 1.875000 5.500000 -3.125000
v 3.125000 5.500000 -3.125000
v 1.875000 6.000000 -1.875000
v 3.125000 6.000000 -1.875000
v 1.875000 6.000000 -3.125000
v 3.125000 6.000000 -3.125000
v 0.875000 5.000000 -0.500000
v 0.875000 4.000000 -0.500000
v 0.875000 5.000000 0.500000
v 0.875000 4.000000 0.500000
v 2.875000 5.000000 0.500000
v 2.875000 5.000000 -0.500000
v 2.875000 4.000000 -0.500000
v 2.875000 4.000000 0.500000
v -2.875000 4.750000 -0.250000
v -2.875000 4.750000 0.250000
v -2.875000 4.250000 0.250000
v -2.875000 4.250000 -0.250000
v -3.500000 4.750000 -0.250000
v -3.500000 4.750000 0.250000
v -3.500000 4.250000 0.250000
v -3.500000 4.250000 -0.250000
v 2.875000 4.750000 0.250000
v 2.875000 4.750000 -0.250000
v 2.875000 4.250000 -0.250000
v 2.875000 4.250000 0.250000
v 3.500000 4.750000 0.250000
v 3.500000 4.750000 -0.250000
v 3.500000 4.250000 -0.250000
v 3.500000 4.250000 0.250000
v 1.000000 4.000000 -2.000000
v 1.000000 5.000000 -2.000000
v -1.000000 4.500000 -3.000000
v 1.000000 4.500000 -3.000000
v -1.000000 4.250000 -2.933013
v 1.000000 4.250000 -2.933013
v -1.000000 4.066987 -2.750000
v 1.000000 4.066987 -2.750000
v -1.000000 4.000000 -2.500000
v 1.000000 4.000000 -2.500000
v -1.000000 4.066987 -2.250000
v 1.000000 4.066987 -2.250000
v -1.000000 4.250000 -2.066987
v 1.000000 4.250000 -2.066987
v -1.000000 4.500000 -2.000000
v 1.000000 4.500000 -2.000000
v -1.000000 4.750000 -2.066987
v 1.000000 4.750000 -2.066987
v -1.000000 4.933012 -2.250000
v 1.000000 4.933012 -2.250000
v -1.000000 5.000000 -2.500000
v 1.000000 5.000000 -2.500000
v -1.000000 4.933013 -2.750000
v 1.000000 4.933013 -2.750000
v -1.000000 4.750000 -2.933012
v 1.000000 4.750000 -2.933012
v 1.000000 5.000000 -3.000000
v 1.000000 4.000000 -3.000000
v 1.125000 4.000000 -3.000000
v 1.125000 5.000000 -3.000000
v 1.125000 4.000000 -2.000000
v 1.125000 5.000000 -2.000000
v -1.125000 4.000000 -2.000000
v -1.125000 5.000000 -2.000000
v -1.125000 5.000000 -3.000000
v -1.125000 4.000000 -3.000000
v -1.000000 4.000000 -3.000000
v -1.000000 5.000000 -3.000000
v -1.000000 4.000000 -2.000000
v -1.000000 5.000000 -2.000000
v 1.000000 5.000000 -3.000000
v 1.000000 4.000000 -3.000000
v -1.000000 4.000000 -3.000000
v -1.000000 5.000000 -3.000000
v 1.000000 4.000000 -2.000000
v 1.000000 5.000000 -2.000000
v -1.000000 4.000000 -2.000000
v -1.000000 5.000000 -2.000000
v 1.875000 4.250000 -2.625000
v 1.875000 4.338388 -2.588388
v 1.875000 4.375000 -2.500000
v 1.875000 4.338388 -2.411612
v 1.875000 4.250000 -2.375000
v 1.875000 4.161612 -2.411612
v 1.875000 4.125000 -2.500000
v 1.875000 4.161612 -2.588388
v 1.875000 4.750000 -2.625000
v 1.875000 4.838388 -2.588388
v 1.875000 4.875000 -2.500000
v 1.875000 4.838388 -2.411612
v 1.875000 4.750000 -2.375000
v 1.875000 4.661612 -2.411612
v 1.875000 4.625000 -2.500000
v 1.875000 4.661612 -2.588388
v 1.125000 4.250000 -2.625000
v 1.125000 4.338388 -2.588388
v 1.125000 4.375000 -2.500000
v 1.125000 4.338388 -2.411612
v 1.125000 4.250000 -2.375000
v 1.125000 4.161612 -2.411612
v 1.125000 4.125000 -2.500000
v 1.125000 4.161612 -2.588388
v 1.125000 4.750000 -2.625000
v 1.125000 4.838388 -2.588388
v 1.125000 4.875000 -2.500000
v 1.125000 4.838388 -2.411612
v 1.125000 4.750000 -2.375000
v 1.125000 4.661612 -2.411612
v 1.125000 4.625000 -2.500000
v 1.125000 4.661612 -2.588388
v -1.125000 4.250000 -2.625000
v -1.125000 4.338388 -2.588388
v -1.125000 4.375000 -2.500000
v -1.125000 4.338388 -2.411612
v -1.125000 4.250000 -2.375000
v -1.125000 4.161612 -2.411612
v -1.125000 4.125000 -2.500000
v -1.125000 4.161612 -2.588388
v -1.125000 4.750000 -2.625000
v -1.125000 4.838388 -2.588388
v -1.125000 4.875000 -2.500000
v -1.125000 4.838388 -2.411612
v -1.125000 4.750000 -2.375000
v -1.125000 4.661612 -2.411612
v -1.125000 4.625000 -2.500000
v -1.125000 4.661612 -2.588388
v -1.875000 4.250000 -2.625000
v -1.875000 4.338388 -2.588388
v -1.875000 4.375000 -2.500000
v -1.875000 4.338388 -2.411612
v -1.875000 4.250000 -2.375000
v -1.875000 4.161612 -2.411612
v -1.875000 4.125000 -2.500000
v -1.875000 4.161612 -2.588388
v -1.875000 4.750000 -2.625000
v -1.875000 4.838388 -2.588388
v -1.875000 4.875000 -2.500000
v -1.875000 4.838388 -2.411612
v -1.875000 4.750000 -2.375000
v -1.875000 4.661612 -2.411612
v -1.875000 4.625000 -2.500000
v -1.875000 4.661612 -2.588388
v 1.000000 5.500000 -2.000000
v 1.000000 6.500000 -2.000000
v -1.000000 6.000000 -3.000000
v 1.000000 6.000000 -3.000000
v -1.000000 5.750000 -2.933013
v 1.000000 5.750000 -2.933013
v -1.000000 5.566987 -2.750000
v 1.000000 5.566987 -2.750000
v -1.000000 5.500000 -2.500000
v 1.000000 5.500000 -2.500000
v -1.000000 5.566987 -2.250000
v 1.000000 5.566987 -2.250000
v -1.000000 5.750000 -2.066987
v 1.000000 5.750000 -2.066987
v -1.000000 6.000000 -2.000000
v 1.000000 6.000000 -2.000000
v -1.000000 6.250000 -2.066987
v 1.000000 6.250000 -2.066987
v -1.000000 6.433012 -2.250000
v 1.000000 6.433012 -2.250000
v -1.000000 6.500000 -2.500000
v 1.000000 6.500000 -2.500000
v -1.000000 6.433013 -2.750000
v 1.000000 6.433013 -2.750000
v -1.000000 6.250000 -2.933012
v 1.000000 6.250000 -2.933012
v 1.000000 6.500000 -3.000000
v 1.000000 5.500000 -3.000000
v 1.125000 5.500000 -3.000000
v 1.125000 6.500000 -3.000000
v 1.125000 5.500000 -2.000000
v 1.125000 6.500000 -2.000000
v -1.125000 5.500000 -2.000000
v -1.125000 6.500000 -2.000000
v -1.125000 6.500000 -3.000000
v -1.125000 5.500000 -3.000000
v -1.000000 5.500000 -3.000000
v -1.000000 6.500000 -3.000000
v -1.000000 5.500000 -2.000000
v -1.000000 6.500000 -2.000000
v 1.000000 6.500000 -3.000000
v 1.000000 5.500000 -3.000000
v -1.000000 5.500000 -3.000000
v -1.000000 6.500000 -3.000000
v 1.000000 5.500000 -2.000000
v 1.000000 6.500000 -2.000000
v -1.000000 5.500000 -2.000000
v -1.000000 6.500000 -2.000000
v 1.000000 6.500000 -2.000000
v 1.000000 6.500000 -3.000000
v -1.000000 6.500000 -3.000000
v -1.000000 6.500000 -2.000000
v 1.875000 5.750000 -2.625000
v 1.875000 5.838388 -2.588388
v 1.875000 5.875000 -2.500000
v 1.875000 5.838388 -2.411612
v 1.875000 5.750000 -2.375000
v 1.875000 5.661612 -2.411612
v 1.875000 5.625000 -2.500000
v 1.875000 5.661612 -2.588388
v 2.375000 6.250000 -2.625000
v 2.375000 6.338388 -2.588388
v 2.375000 6.375000 -2.500000
v 2.375000 6.338388 -2.411612
v 2.375000 6.250000 -2.375000
v 2.375000 6.161612 -2.411612
v 2.375000 6.125000 -2.500000
v 2.375000 6.161612 -2.588388
v 1.125000 5.750000 -2.625000
v 1.125000 5.838388 -2.588388
v 1.125000 5.875000 -2.500000
v 1.125000 5.838388 -2.411612
v 1.125000 5.750000 -2.375000
v 1.125000 5.661612 -2.411612
v 1.125000 5.625000 -2.500000
v 1.125000 5.661612 -2.588388
v 1.125000 6.250000 -2.625000
v 1.125000 6.338388 -2.588388
v 1.125000 6.375000 -2.500000
v 1.125000 6.338388 -2.411612
v 1.125000 6.250000 -2.375000
v 1.125000 6.161612 -2.411612
v 1.125000 6.125000 -2.500000
v 1.125000 6.161612 -2.588388
v -1.125000 5.750000 -2.625000
v -1.125000 5.838388 -2.588388
v -1.125000 5.875000 -2.500000
v -1.125000 5.838388 -2.411612
v -1.125000 5.750000 -2.375000
v -1.125000 5.661612 -2.411612
v -1.125000 5.625000 -2.500000
v -1.125000 5.661612 -2.588388
v -1.125000 6.250000 -2.625000
v -1.125000 6.338388 -2.588388
v -1.125000 6.375000 -2.500000
v -1.125000 6.338388 -2.411612
v -1.125000 6.250000 -2.375000
v -1.125000 6.161612 -2.411612
v -1.125000 6.125000 -2.500000
v -1.125000 6.161612 -2.588388
v -1.875000 5.750000 -2.625000
v -1.875000 5.838388 -2.588388
v -1.875000 5.875000 -2.500000
v -1.875000 5.838388 -2.411612
v -1.875000 5.750000 -2.375000
v -1.875000 5.661612 -2.411612
v -1.875000 5.625000 -2.500000
v -1.875000 5.661612 -2.588388
v -2.375000 6.250000 -2.625000
v -2.375000 6.338388 -2.588388
v -2.375000 6.375000 -2.500000
v -2.375000 6.338388 -2.411612
v -2.375000 6.250000 -2.375000
v -2.375000 6.161612 -2.411612
v -2.375000 6.125000 -2.500000
v -2.375000 6.161612 -2.588388
v -2.463388 6.213388 -2.625000
v -2.525888 6.275888 -2.588388
v -2.551777 6.301777 -2.500000
v -2.525888 6.275888 -2.411612
v -2.463388 6.213388 -2.375000
v -2.400888 6.150888 -2.411612
v -2.400888 6.150888 -2.588388
v -2.500000 6.125000 -2.625000
v -2.588388 6.125000 -2.588388
v -2.625000 6.125000 -2.500000
v -2.588388 6.125000 -2.411612
v -2.500000 6.125000 -2.375000
v -2.411612 6.125000 -2.411612
v -2.411612 6.125000 -2.588388
v -2.375000 6.000000 -2.500000
v -2.500000 6.000000 -2.625000
v -2.588388 6.000000 -2.588388
v -2.625000 6.000000 -2.500000
v -2.588388 6.000000 -2.411612
v -2.500000 6.000000 -2.375000
v -2.411612 6.000000 -2.411612
v -2.411612 6.000000 -2.588388
v 2.463388 6.213388 -2.625000
v 2.525888 6.275888 -2.588388
v 2.551777 6.301777 -2.500000
v 2.525888 6.275888 -2.411612
v 2.463388 6.213388 -2.375000
v 2.400888 6.150888 -2.411612
v 2.400888 6.150888 -2.588388
v 2.500000 6.125000 -2.625000
v 2.588388 6.125000 -2.588388
v 2.625000 6.125000 -2.500000
v 2.588388 6.125000 -2.411612
v 2.500000 6.125000 -2.375000
v 2.411612 6.125000 -2.411612
v 2.411612 6.125000 -2.588388
v 2.375000 6.000000 -2.500000
v 2.500000 6.000000 -2.625000
v 2.588388 6.000000 -2.588388
v 2.625000 6.000000 -2.500000
v 2.588388 6.000000 -2.411612
v 2.500000 6.000000 -2.375000
v 2.411612 6.000000 -2.411612
v 2.411612 6.000000 -2.588388
v -2.625000 4.500000 -1.875000
v -2.588388 4.588388 -1.875000
v -2.500000 4.625000 -1.875000
v -2.411612 4.588388 -1.875000
v -2.375000 4.500000 -1.875000
v -2.411612 4.411611 -1.875000
v -2.500000 4.375000 -1.875000
v -2.588388 4.411611 -1.875000
v -2.625000 4.500000 -0.500000
v -2.588388 4.588388 -0.500000
v -2.500000 4.625000 -0.500000
v -2.411612 4.588388 -0.500000
v -2.375000 4.500000 -0.500000
v -2.411612 4.411611 -0.500000
v -2.500000 4.375000 -0.500000
v -2.588388 4.411611 -0.500000
v 2.625000 4.500000 -0.500000
v 2.588388 4.588388 -0.500000
v 2.500000 4.625000 -0.500000
v 2.411612 4.588388 -0.500000
v 2.375000 4.500000 -0.500000
v 2.411612 4.411611 -0.500000
v 2.500000 4.375000 -0.500000
v 2.588388 4.411611 -0.500000
v 2.625000 4.500000 -1.875000
v 2.588388 4.588388 -1.875000
v 2.500000 4.625000 -1.875000
v 2.411612 4.588388 -1.875000
v 2.375000 4.500000 -1.875000
v 2.411612 4.411611 -1.875000
v 2.500000 4.375000 -1.875000
v 2.588388 4.411611 -1.875000
v -0.500000 4.000000 3.000000
v 0.500000 4.000000 3.000000
v -0.500000 4.000000 2.000000
v 0.500000 4.000000 2.000000
v -0.500000 4.750000 2.000000
v -0.500000 4.750000 3.000000
v 0.500000 4.750000 3.000000
v 0.500000 4.750000 2.000000
v -1.000000 0.000000 3.000000
v 1.000000 0.000000 3.000000
v -1.000000 0.000000 2.000000
v 1.000000 0.000000 2.000000
v -1.000000 0.750000 2.000000
v -1.000000 0.750000 3.000000
v 1.000000 0.750000 3.000000
v 1.000000 0.750000 2.000000
v -1.250000 1.000000 1.750000
v -1.250000 1.000000 3.250000
v 1.250000 1.000000 3.250000
v 1.250000 1.000000 1.750000
v -1.250000 1.250000 1.750000
v -1.250000 1.250000 3.250000
v 1.250000 1.250000 3.250000
v 1.250000 1.250000 1.750000
v -0.500000 0.000000 3.500000
v 0.500000 0.000000 3.500000
v -0.500000 1.000000 3.500000
v 0.500000 1.000000 3.500000
v -0.500000 0.000000 3.250000
v 0.500000 0.000000 3.250000
v -0.500000 1.000000 3.250000
v 0.500000 1.000000 3.250000
v -0.250000 0.250000 3.000000
v 0.250000 0.250000 3.000000
v -0.250000 0.750000 3.000000
v 0.250000 0.750000 3.000000
v -0.375000 0.875000 3.500000
v -0.375000 0.125000 3.500000
v 0.375000 0.125000 3.500000
v 0.375000 0.875000 3.500000
v -0.375000 0.875000 3.375000
v -0.375000 0.125000 3.375000
v 0.375000 0.125000 3.375000
v 0.375000 0.875000 3.375000
v -1.000000 1.250000 1.875000
v -1.000000 1.250000 3.125000
v 1.000000 1.250000 3.125000
v 1.000000 1.250000 1.875000
v -1.000000 1.000000 1.875000
v -1.000000 1.000000 3.125000
v 1.000000 1.000000 3.125000
v 1.000000 1.000000 1.875000
v -0.500000 3.500000 3.000000
v 0.500000 3.500000 3.000000
v -0.500000 3.500000 2.000000
v 0.500000 3.500000 2.000000
v -0.500000 3.250000 3.000000
v 0.500000 3.250000 3.000000
v -0.500000 3.250000 2.000000
v 0.500000 3.250000 2.000000
v -1.250000 1.750000 1.750000
v -1.250000 1.750000 3.250000
v 1.250000 1.750000 3.250000
v 1.250000 1.750000 1.750000
v -1.000000 1.750000 1.875000
v -1.000000 1.750000 3.125000
v 1.000000 1.750000 3.125000
v 1.000000 1.750000 1.875000
v -1.250000 2.125000 1.750000
v -1.250000 2.125000 3.250000
v 1.250000 2.125000 3.250000
v 1.250000 2.125000 1.750000
v -1.000000 2.125000 1.875000
v -1.000000 2.125000 3.125000
v 1.000000 2.125000 3.125000
v 1.000000 2.125000 1.875000
v -0.250000 2.875000 2.250000
v -0.250000 2.875000 2.750000
v 0.250000 2.875000 2.750000
v 0.250000 2.875000 2.250000
v 1.062500 1.250000 3.000000
v 1.187500 1.250000 3.000000
v 1.062500 1.250000 2.000000
v 1.187500 1.250000 2.000000
v 1.062500 1.750000 3.000000
v 1.187500 1.750000 3.000000
v 1.062500 1.750000 2.000000
v 1.187500 1.750000 2.000000
v -1.187500 1.250000 3.000000
v -1.062500 1.250000 3.000000
v -1.187500 1.250000 2.000000
v -1.062500 1.250000 2.000000
v -1.187500 1.750000 3.000000
v -1.062500 1.750000 3.000000
v -1.187500 1.750000 2.000000
v -1.062500 1.750000 2.000000
v -1.250000 2.000000 3.000000
v -1.250000 1.875000 3.000000
v -1.250000 2.000000 2.000000
v -1.250000 1.875000 2.000000
v -1.875000 2.000000 3.000000
v -1.875000 1.875000 3.000000
v -1.875000 2.000000 2.000000
v -1.875000 1.875000 2.000000
v 1.875000 2.000000 3.000000
v 1.875000 1.875000 3.000000
v 1.875000 2.000000 2.000000
v 1.875000 1.875000 2.000000
v 1.250000 2.000000 3.000000
v 1.250000 1.875000 3.000000
v 1.250000 2.000000 2.000000
v 1.250000 1.875000 2.000000
v 0.000000 7.000000 -0.250000
v -0.176777 7.000000 -0.176777
v -0.250000 7.000000 0.000000
v -0.176777 7.000000 0.176777
v 0.000000 7.000000 0.250000
v 0.176777 7.000000 0.176777
v 0.250000 7.000000 -0.000000
v 0.176777 7.000000 -0.176777
v 0.000000 7.250000 -0.250000
v -0.176777 7.250000 -0.176777
v -0.250000 7.250000 0.000000
v -0.176777 7.250000 0.176777
v 0.000000 7.250000 0.250000
v 0.176777 7.250000 0.176777
v 0.250000 7.250000 -0.000000
v 0.176777 7.250000 -0.176777
v -0.073223 7.426777 -0.250000
v -0.198223 7.301777 -0.176777
v -0.198223 7.301777 0.176777
v -0.073223 7.426777 0.250000
v 0.051777 7.551777 0.176777
v 0.103553 7.603553 -0.000000
v 0.051777 7.551777 -0.176777
v -0.250000 7.500000 -0.250000
v -0.250000 7.323224 -0.176777
v -0.250000 7.323224 0.176777
v -0.250000 7.500000 0.250000
v -0.250000 7.676777 0.176777
v -0.250000 7.750000 -0.000000
v -0.250000 7.676777 -0.176777
v -2.250000 7.250000 0.000000
v -2.250000 7.500000 -0.250000
v -2.250000 7.323224 -0.176777
v -2.250000 7.323224 0.176777
v -2.250000 7.500000 0.250000
v -2.250000 7.676777 0.176777
v -2.250000 7.750000 -0.000000
v -2.250000 7.676777 -0.176777
v -2.426777 7.426776 -0.250000
v -2.301777 7.301777 -0.176777
v -2.301777 7.301777 0.176777
v -2.426777 7.426777 0.250000
v -2.551777 7.551777 0.176777
v -2.603553 7.603553 -0.000000
v -2.551777 7.551777 -0.176777
v -2.500000 7.250000 -0.250000
v -2.323224 7.250000 -0.176777
v -2.323224 7.250000 0.176777
v -2.500000 7.250000 0.250000
v -2.676777 7.250000 0.176777
v -2.750000 7.250000 -0.000000
v -2.676777 7.250000 -0.176777
v -2.250000 5.500000 0.000000
v -2.500000 5.500000 -0.250000
v -2.323224 5.500000 -0.176777
v -2.323224 5.500000 0.176777
v -2.500000 5.500000 0.250000
v -2.676777 5.500000 0.176777
v -2.750000 5.500000 -0.000000
v -2.676777 5.500000 -0.176777
v 2.937500 6.625000 0.312500
v 2.937500 6.625000 1.187500
v 2.062500 6.625000 1.187500
v 2.062500 6.625000 0.312500
v 2.937500 6.500000 0.312500
v 2.937500 6.500000 1.187500
v 2.062500 6.500000 1.187500
v 2.062500 6.500000 0.312500
v 2.000000 5.500000 -0.250000
v 3.000000 5.500000 -0.250000
v 2.000000 5.500000 -1.250000
v 3.000000 5.500000 -1.250000
v 2.000000 6.500000 -1.250000
v 2.000000 6.500000 -0.250000
v 3.000000 6.500000 -0.250000
v 3.000000 6.500000 -1.250000
v 2.500000 5.875000 0.250000
v 2.411612 5.838388 0.250000
v 2.375000 5.750000 0.250000
v 2.411612 5.661612 0.250000
v 2.500000 5.625000 0.250000
v 2.588388 5.661612 0.250000
v 2.625000 5.750000 0.250000
v 2.588388 5.838388 0.250000
v 2.500000 5.875000 0.125000
v 2.411612 5.838388 0.125000
v 2.375000 5.750000 0.125000
v 2.411612 5.661612 0.125000
v 2.500000 5.625000 0.125000
v 2.588388 5.661612 0.125000
v 2.625000 5.750000 0.125000
v 2.588388 5.838388 0.125000
v 2.463388 5.875000 0.036612
v 2.400888 5.838388 0.099112
v 2.400888 5.661612 0.099112
v 2.463388 5.625000 0.036612
v 2.525888 5.661612 -0.025888
v 2.551777 5.750000 -0.051777
v 2.525888 5.838388 -0.025888
v 2.375000 5.875000 -0.000000
v 2.375000 5.838388 0.088389
v 2.375000 5.661612 0.088389
v 2.375000 5.625000 -0.000000
v 2.375000 5.661612 -0.088388
v 2.375000 5.750000 -0.125000
v 2.375000 5.838388 -0.088388
v 1.000000 5.750000 0.125000
v 1.000000 5.875000 -0.000000
v 1.000000 5.838388 0.088389
v 1.000000 5.661612 0.088389
v 1.000000 5.625000 -0.000000
v 1.000000 5.661612 -0.088388
v 1.000000 5.750000 -0.125000
v 1.000000 5.838388 -0.088388
v 2.500000 6.125000 -0.250000
v 2.411612 6.161612 -0.250000
v 2.375000 6.250000 -0.250000
v 2.411612 6.338388 -0.250000
v 2.500000 6.375000 -0.250000
v 2.588388 6.338388 -0.250000
v 2.625000 6.250000 -0.250000
v 2.588388 6.161612 -0.250000
v 2.500000 6.125000 -0.125000
v 2.411612 6.161612 -0.125000
v 2.375000 6.250000 -0.125000
v 2.411612 6.338388 -0.125000
v 2.500000 6.375000 -0.125000
v 2.588388 6.338388 -0.125000
v 2.625000 6.250000 -0.125000
v 2.588388 6.161612 -0.125000
v 2.463388 6.125000 -0.036612
v 2.400888 6.161612 -0.099112
v 2.400888 6.338388 -0.099112
v 2.463388 6.375000 -0.036612
v 2.525888 6.338388 0.025888
v 2.551777 6.250000 0.051777
v 2.525888 6.161612 0.025888
v 2.375000 6.125000 0.000000
v 2.375000 6.161612 -0.088389
v 2.375000 6.338388 -0.088389
v 2.375000 6.375000 0.000000
v 2.375000 6.338388 0.088388
v 2.375000 6.250000 0.125000
v 2.375000 6.161612 0.088388
v 1.000000 6.250000 -0.125000
v 1.000000 6.125000 0.000000
v 1.000000 6.161612 -0.088389
v 1.000000 6.338388 -0.088389
v 1.000000 6.375000 0.000000
v 1.000000 6.338388 0.088388
v 1.000000 6.250000 0.125000
v 1.000000 6.161612 0.088388
v 3.000000 6.500000 0.250000
v 3.000000 6.500000 1.250000
v 2.000000 6.500000 1.250000
v 2.000000 6.500000 0.250000
v 3.000000 5.500000 0.250000
v 2.000000 5.500000 0.250000
v 3.000000 5.500000 1.250000
v 2.000000 5.500000 1.250000
v 2.062500 6.500000 -1.187500
v 2.062500 6.500000 -0.312500
v 2.937500 6.500000 -0.312500
v 2.937500 6.500000 -1.187500
v 2.062500 6.625000 -1.187500
v 2.062500 6.625000 -0.312500
v 2.937500 6.625000 -0.312500
v 2.937500 6.625000 -1.187500
v -0.375000 3.125000 1.125000
v 0.375000 3.125000 1.125000
v -0.375000 3.375000 1.125000
v 0.375000 3.375000 1.125000
v 0.375000 3.375000 0.625000
v -0.375000 3.375000 0.625000
v 0.375000 3.125000 0.625000
v -0.375000 3.125000 0.625000
v -0.625000 3.000000 0.625000
v 0.625000 3.000000 0.625000
v -0.625000 3.000000 -0.625000
v 0.625000 3.000000 -0.625000
v 0.625000 3.500000 -0.625000
v -0.625000 3.500000 -0.625000
v 0.625000 3.500000 0.625000
v -0.625000 3.500000 0.625000
v -0.375000 3.500000 1.500000
v 0.375000 3.500000 1.500000
v -0.375000 3.500000 1.250000
v 0.375000 3.500000 1.250000
v -0.375000 4.250000 1.500000
v 0.375000 4.250000 1.500000
v -0.375000 4.250000 1.250000
v 0.375000 4.250000 1.250000
v -0.375000 4.375000 1.625000
v 0.375000 4.375000 1.625000
v -0.375000 4.625000 1.625000
v 0.375000 4.625000 1.625000
v -0.375000 4.375000 2.000000
v 0.375000 4.375000 2.000000
v -0.375000 4.625000 2.000000
v 0.375000 4.625000 2.000000
v -1.250000 4.250000 3.500000
v -0.750000 4.250000 3.500000
v -1.250000 4.750000 3.500000
v -0.750000 4.750000 3.500000
v -1.250000 4.750000 2.875000
v -1.250000 4.250000 2.875000
v -0.750000 4.250000 2.875000
v -0.750000 4.750000 2.875000
v -1.375000 4.750000 2.750000
v -1.375000 4.250000 2.750000
v -1.375000 4.250000 2.250000
v -1.375000 4.750000 2.250000
v -1.875000 4.750000 2.750000
v -1.875000 4.250000 2.750000
v -1.875000 4.250000 2.250000
v -1.875000 4.750000 2.250000
v 1.250000 4.250000 3.500000
v 0.750000 4.250000 3.500000
v 1.250000 4.750000 3.500000
v 0.750000 4.750000 3.500000
v 1.250000 4.750000 2.875000
v 1.250000 4.250000 2.875000
v 0.750000 4.250000 2.875000
v 0.750000 4.750000 2.875000
v 1.375000 4.750000 2.750000
v 1.375000 4.250000 2.750000
v 1.375000 4.250000 2.250000
v 1.375000 4.750000 2.250000
v 1.875000 4.750000 2.750000
v 1.875000 4.250000 2.750000
v 1.875000 4.250000 2.250000
v 1.875000 4.750000 2.250000
v -3.500000 0.000000 -1.500000
v -1.500000 0.000000 -1.500000
v -3.500000 0.000000 -3.500000
v -1.500000 0.000000 -3.500000
v -3.500000 0.250000 -3.500000
v -3.500000 0.250000 -1.500000
v -1.500000 0.250000 -1.500000
v -1.500000 0.250000 -3.500000
v -3.250000 0.500000 -3.250000
v -3.250000 0.500000 -1.750000
v -1.750000 0.500000 -1.750000
v -1.750000 0.500000 -3.250000
v 1.500000 0.000000 3.500000
v 3.500000 0.000000 3.500000
v 1.500000 0.000000 1.500000
v 3.500000 0.000000 1.500000
v 1.500000 0.250000 1.500000
v 1.500000 0.250000 3.500000
v 3.500000 0.250000 3.500000
v 3.500000 0.250000 1.500000
v 1.750000 0.500000 1.750000
v 1.750000 0.500000 3.250000
v 3.250000 0.500000 3.250000
v 3.250000 0.500000 1.750000
v -3.500000 0.000000 3.500000
v -1.500000 0.000000 3.500000
v -3.500000 0.000000 1.500000
v -1.500000 0.000000 1.500000
v -3.500000 0.250000 1.500000
v -3.500000 0.250000 3.500000
v -1.500000 0.250000 3.500000
v -1.500000 0.250000 1.500000
v -3.250000 0.500000 1.750000
v -3.250000 0.500000 3.250000
v -1.750000 0.500000 3.250000
v -1.750000 0.500000 1.750000
v -3.125000 0.500000 -1.875000
v -1.875000 0.500000 -1.875000
v -3.125000 0.500000 -3.125000
v -1.875000 0.500000 -3.125000
v -3.125000 3.500000 -1.875000
v -1.875000 3.500000 -1.875000
v -3.125000 3.500000 -3.125000
v -1.875000 3.500000 -3.125000
v -3.125000 4.000000 -1.875000
v -1.875000 4.000000 -1.875000
v -3.125000 4.000000 -3.125000
v -1.875000 4.000000 -3.125000
v -3.125000 5.000000 -1.875000
v -1.875000 5.000000 -1.875000
v -3.125000 5.000000 -3.125000
v -1.875000 5.000000 -3.125000
v -3.125000 5.500000 -1.875000
v -1.875000 5.500000 -1.875000
v -3.125000 5.500000 -3.125000
v -1.875000 5.500000 -3.125000
v -3.125000 6.000000 -1.875000
v -1.875000 6.000000 -1.875000
v -3.125000 6.000000 -3.125000
v -1.875000 6.000000 -3.125000
v 1.875000 0.500000 3.125000
v 3.125000 0.500000 3.125000
v 1.875000 0.500000 1.875000
v 3.125000 0.500000 1.875000
v 1.875000 3.500000 3.125000
v 3.125000 3.500000 3.125000
v 1.875000 3.500000 1.875000
v 3.125000 3.500000 1.875000
v 1.875000 4.000000 3.125000
v 3.125000 4.000000 3.125000
v 1.875000 4.000000 1.875000
v 3.125000 4.000000 1.875000
v 1.875000 5.000000 3.125000
v 3.125000 5.000000 3.125000
v 1.875000 5.000000 1.875000
v 3.125000 5.000000 1.875000
v 1.875000 5.500000 3.125000
v 3.125000 5.500000 3.125000
v 1.875000 5.500000 1.875000
v 3.125000 5.500000 1.875000
v 1.875000 6.000000 3.125000
v 3.125000 6.000000 3.125000
v 1.875000 6.000000 1.875000
v 3.125000 6.000000 1.875000
v -3.125000 0.500000 3.125000
v -1.875000 0.500000 3.125000
v -3.125000 0.500000 1.875000
v -1.875000 0.500000 1.875000
v -3.125000 3.500000 3.125000
v -1.875000 3.500000 3.125000
v -3.125000 3.500000 1.875000
v -1.875000 3.500000 1.875000
v -3.125000 4.000000 3.125000
v -1.875000 4.000000 3.125000
v -3.125000 4.000000 1.875000
v -1.875000 4.000000 1.875000
v -3.125000 5.000000 3.125000
v -1.875000 5.000000 3.125000
v -3.125000 5.000000 1.875000
v -1.875000 5.000000 1.875000
v -3.125000 5.500000 3.125000
v -1.875000 5.500000 3.125000
v -3.125000 5.500000 1.875000
v -1.875000 5.500000 1.875000
v -3.125000 6.000000 3.125000
v -1.875000 6.000000 3.125000
v -3.125000 6.000000 1.875000
v -1.875000 6.000000 1.875000
v -0.437500 6.500000 0.437500
v 0.437500 6.500000 0.437500
v -0.437500 6.500000 -0.437500
v 0.437500 6.500000 -0.437500
v -0.437500 7.000000 -0.437500
v -0.437500 7.000000 0.437500
v 0.437500 7.000000 0.437500
v 0.437500 7.000000 -0.437500
vt 0.069264 0.142857
vt 0.000000 0.000000
vt 0.069264 0.000000
vt 0.069264 0.160714
vt 0.008658 0.178571
vt -0.000000 0.160714
vt 0.069264 0.142857
vt -0.000000 0.160714
vt -0.000000 0.142857
vt 0.069264 0.142857
vt -0.000000 0.160714
vt -0.000000 0.142857
vt 0.069264 0.142857
vt -0.000000 0.160714
vt -0.000000 0.142857
vt -0.000000 0.142857
vt 0.008658 0.285714
vt 0.060606 0.178571
vt 0.060606 0.285714
vt 0.069264 0.160714
vt 0.008658 0.178571
vt 0.069264 0.160714
vt 0.008658 0.178571
vt 0.069264 0.160714
vt 0.008658 0.178571
vt 0.199134 0.214286
vt 0.155844 -0.000000
vt 0.199134 0.000000
vt 0.155844 0.214286
vt 0.112554 -0.000000
vt 0.242424 0.214286
vt 0.242424 0.000000
vt 0.112554 0.214286
vt 0.069264 -0.000000
vt 0.311688 0.107143
vt 0.259740 0.464286
vt 0.259740 0.000000
vt 0.432900 0.357143
vt 0.484848 0.464286
vt 0.432900 0.107143
vt 0.484848 0.000000
vt 0.259740 0.964286
vt 0.432900 0.857143
vt 0.484848 0.964286
vt 0.484848 0.500000
vt 0.432900 0.607143
vt 0.259740 0.500000
vt 0.311688 0.857143
vt 0.242424 0.500000
vt 0.242424 0.964286
vt 0.415584 0.107143
vt 0.329004 0.357143
vt 0.311688 0.357143
vt 0.259740 1.000000
vt 0.484848 1.000000
vt 0.311688 0.642857
vt 0.432900 0.642857
vt 0.432900 0.821429
vt 0.311688 0.821429
vt 0.502164 0.964286
vt 0.502164 0.500000
vt 0.259740 0.419643
vt 0.246753 0.321429
vt 0.259740 0.348214
vt 0.229437 0.446429
vt 0.216450 0.348214
vt 0.229437 0.321429
vt 0.229437 0.321429
vt 0.216450 0.419643
vt 0.216450 0.348214
vt 0.259740 0.348214
vt 0.246753 0.446429
vt 0.246753 0.321429
vt 0.229437 0.446429
vt 0.199134 0.419643
vt 0.199134 0.348214
vt 0.246753 0.446429
vt 0.216450 0.419643
vt 0.199134 0.348214
vt 0.229437 0.321429
vt 0.216450 0.419643
vt 0.216450 0.348214
vt 0.259740 0.348214
vt 0.246753 0.446429
vt 0.246753 0.321429
vt 0.259740 0.419643
vt 0.246753 0.321429
vt 0.259740 0.348214
vt 0.229437 0.446429
vt 0.216450 0.348214
vt 0.229437 0.321429
vt 0.246753 0.446429
vt 0.216450 0.419643
vt 0.199134 0.348214
vt 0.229437 0.446429
vt 0.199134 0.419643
vt 0.199134 0.348214
vt 0.259740 0.419643
vt 0.246753 0.321429
vt 0.259740 0.348214
vt 0.229437 0.446429
vt 0.216450 0.348214
vt 0.229437 0.321429
vt 0.229437 0.321429
vt 0.216450 0.419643
vt 0.216450 0.348214
vt 0.259740 0.348214
vt 0.246753 0.446429
vt 0.246753 0.321429
vt 0.229437 0.446429
vt 0.199134 0.419643
vt 0.199134 0.348214
vt 0.246753 0.446429
vt 0.216450 0.419643
vt 0.199134 0.348214
vt 0.229437 0.321429
vt 0.216450 0.419643
vt 0.216450 0.348214
vt 0.259740 0.348214
vt 0.246753 0.446429
vt 0.246753 0.321429
vt 0.259740 0.419643
vt 0.246753 0.321429
vt 0.259740 0.348214
vt 0.229437 0.446429
vt 0.216450 0.348214
vt 0.229437 0.321429
vt 0.246753 0.446429
vt 0.216450 0.419643
vt 0.199134 0.348214
vt 0.229437 0.446429
vt 0.199134 0.419643
vt 0.199134 0.348214
vt 0.112554 0.870536
vt 0.142857 0.910714
vt 0.112554 0.910714
vt 0.502164 0.964286
vt 0.484848 0.500000
vt 0.502164 0.500000
vt 0.432900 0.821429
vt 0.311688 0.857143
vt 0.311688 0.821429
vt 0.311688 0.642857
vt 0.432900 0.607143
vt 0.432900 0.642857
vt 0.259740 1.000000
vt 0.484848 0.964286
vt 0.484848 1.000000
vt 0.484848 0.464286
vt 0.259740 0.500000
vt 0.259740 0.464286
vt 0.311688 0.107143
vt 0.329004 0.357143
vt 0.311688 0.357143
vt 0.432900 0.357143
vt 0.415584 0.107143
vt 0.432900 0.107143
vt 0.242424 0.500000
vt 0.259740 0.964286
vt 0.242424 0.964286
vt 0.432900 0.857143
vt 0.259740 0.000000
vt 0.484848 0.000000
vt 0.112554 0.767857
vt 0.142857 0.553571
vt 0.142857 0.767857
vt 0.043290 0.553571
vt 0.062771 0.767857
vt 0.043290 0.767857
vt 0.212121 0.767857
vt 0.192641 0.553571
vt 0.212121 0.553571
vt 0.093074 0.553571
vt 0.093074 0.767857
vt 0.162338 0.767857
vt 0.192641 0.767857
vt 0.162338 0.553571
vt 0.112554 0.553571
vt 0.242424 0.553571
vt 0.242424 0.767857
vt 0.112554 0.808036
vt 0.093074 0.870536
vt 0.093074 0.808036
vt 0.142857 0.808036
vt 0.142857 0.870536
vt 0.162338 0.808036
vt 0.162338 0.870536
vt 0.199134 0.285714
vt 0.155844 0.214286
vt 0.199134 0.214286
vt 0.242424 0.285714
vt 0.242424 0.214286
vt 0.112554 0.285714
vt 0.069264 0.214286
vt 0.112554 0.214286
vt 0.155844 0.285714
vt 0.162338 0.450893
vt 0.093074 0.513393
vt 0.519481 0.071429
vt 0.554113 0.000000
vt 0.554113 0.071429
vt 0.588745 0.214286
vt 0.623377 0.071429
vt 0.623377 0.214286
vt 0.519481 0.214286
vt 0.554113 0.214286
vt 0.484848 0.214286
vt 0.588745 0.071429
vt 0.199134 0.321429
vt 0.155844 0.285714
vt 0.199134 0.285714
vt 0.242424 0.321429
vt 0.242424 0.285714
vt 0.112554 0.321429
vt 0.069264 0.285714
vt 0.112554 0.285714
vt 0.155844 0.321429
vt 0.155844 0.410714
vt 0.519481 0.071429
vt 0.554113 0.000000
vt 0.554113 0.071429
vt 0.588745 0.214286
vt 0.623377 0.071429
vt 0.623377 0.214286
vt 0.519481 0.214286
vt 0.554113 0.214286
vt 0.484848 0.214286
vt 0.588745 0.071429
vt 0.502164 0.250000
vt 0.519481 0.214286
vt 0.519481 0.250000
vt 0.502164 0.250000
vt 0.519481 0.214286
vt 0.519481 0.250000
vt 0.484848 0.294643
vt 0.502164 0.294643
vt 0.519481 0.294643
vt 0.536797 0.250000
vt 0.536797 0.294643
vt 0.554113 0.250000
vt 0.554113 0.294643
vt 0.484848 0.294643
vt 0.502164 0.294643
vt 0.519481 0.294643
vt 0.536797 0.250000
vt 0.536797 0.294643
vt 0.554113 0.250000
vt 0.554113 0.294643
vt 0.571429 0.758929
vt 0.502164 0.830357
vt 0.502164 0.758929
vt 0.571429 0.616071
vt 0.502164 0.687500
vt 0.502164 0.616071
vt 0.627706 0.223214
vt 0.662338 0.151786
vt 0.662338 0.223214
vt 0.666667 0.151786
vt 0.701299 0.223214
vt 0.666667 0.223214
vt 0.666667 0.223214
vt 0.662338 0.151786
vt 0.666667 0.151786
vt 0.623377 0.151786
vt 0.627706 0.223214
vt 0.623377 0.223214
vt 0.627706 0.151786
vt 0.662338 0.223214
vt 0.623377 0.151786
vt 0.627706 0.151786
vt 0.701299 0.151786
vt 0.701299 0.223214
vt 0.571429 0.758929
vt 0.502164 0.830357
vt 0.502164 0.758929
vt 0.571429 0.616071
vt 0.502164 0.687500
vt 0.502164 0.616071
vt 0.627706 0.223214
vt 0.662338 0.151786
vt 0.662338 0.223214
vt 0.666667 0.151786
vt 0.701299 0.223214
vt 0.666667 0.223214
vt 0.666667 0.223214
vt 0.662338 0.151786
vt 0.666667 0.151786
vt 0.623377 0.151786
vt 0.627706 0.223214
vt 0.623377 0.223214
vt 0.627706 0.151786
vt 0.662338 0.223214
vt 0.623377 0.151786
vt 0.627706 0.151786
vt 0.701299 0.151786
vt 0.701299 0.223214
vt 0.627706 0.232143
vt 0.662338 0.232143
vt 0.662338 0.232143
vt 0.502164 0.758929
vt 0.571429 0.687500
vt 0.571429 0.758929
vt 0.783550 -0.000000
vt 0.852814 0.071429
vt 0.783550 0.071429
vt 0.709957 0.535714
vt 0.675325 0.607143
vt 0.675325 0.535714
vt 0.744589 0.482143
vt 0.709957 0.482143
vt 0.675325 0.482143
vt 0.640693 0.535714
vt 0.640693 0.482143
vt 0.779221 0.482143
vt 0.744589 0.535714
vt 0.688312 0.892857
vt 0.766234 0.875000
vt 0.757576 0.892857
vt 0.956710 0.071429
vt 0.887446 0.125000
vt 0.887446 0.071429
vt 0.783550 0.125000
vt 0.852814 0.125000
vt 0.748918 0.125000
vt 0.748918 0.071429
vt 0.774892 0.857143
vt 0.766234 0.750000
vt 0.774892 0.750000
vt 0.757576 0.714286
vt 0.679654 0.732143
vt 0.688312 0.714286
vt 0.783550 0.839286
vt 0.783550 0.767857
vt 0.662338 0.767857
vt 0.670996 0.857143
vt 0.662338 0.839286
vt 0.679654 0.857143
vt 0.759740 0.852679
vt 0.766234 0.857143
vt 0.670996 0.750000
vt 0.679654 0.875000
vt 0.766234 0.732143
vt 0.679654 0.750000
vt 0.926407 0.232143
vt 0.922078 0.169643
vt 0.926407 0.160714
vt 0.935065 0.160714
vt 0.943723 0.214286
vt 0.935065 0.232143
vt 0.891775 0.232143
vt 0.883117 0.160714
vt 0.891775 0.160714
vt 0.891775 0.250000
vt 0.926407 0.142857
vt 0.896104 0.223214
vt 0.883117 0.232143
vt 0.874459 0.178571
vt 0.800866 0.258929
vt 0.805195 0.312500
vt 0.800866 0.312500
vt 0.891775 0.142857
vt 0.917749 0.125000
vt 0.922078 0.223214
vt 0.896104 0.169643
vt 0.831169 0.258929
vt 0.805195 0.258929
vt 0.805195 0.321429
vt 0.831169 0.312500
vt 0.831169 0.321429
vt 0.831169 0.250000
vt 0.805195 0.250000
vt 0.835498 0.312500
vt 0.835498 0.258929
vt 0.874459 0.232143
vt 0.865801 0.142857
vt 0.874459 0.142857
vt 0.688312 0.754464
vt 0.759740 0.754464
vt 0.688312 0.852679
vt 0.796537 0.232143
vt 0.796537 0.142857
vt 0.787879 0.142857
vt 0.787879 0.232143
vt 0.796537 0.250000
vt 0.865801 0.232143
vt 0.865801 0.250000
vt 0.865801 0.125000
vt 0.796537 0.125000
vt 0.709957 0.482143
vt 0.744589 0.464286
vt 0.744589 0.482143
vt 0.640693 0.482143
vt 0.675325 0.464286
vt 0.675325 0.482143
vt 0.779221 0.464286
vt 0.779221 0.482143
vt 0.709957 0.464286
vt 0.718615 0.437500
vt 0.735931 0.437500
vt 0.787879 0.160714
vt 0.709957 0.169643
vt 0.701299 0.160714
vt 0.701299 0.267857
vt 0.779221 0.258929
vt 0.787879 0.267857
vt 0.779221 0.169643
vt 0.709957 0.258929
vt 0.709957 0.392857
vt 0.787879 0.401786
vt 0.701299 0.401786
vt 0.779221 0.303571
vt 0.701299 0.294643
vt 0.787879 0.294643
vt 0.779221 0.392857
vt 0.709957 0.303571
vt 0.779221 0.366071
vt 0.709957 0.366071
vt 0.709957 0.330357
vt 0.779221 0.330357
vt 0.701299 0.428571
vt 0.787879 0.428571
vt 0.766234 0.169643
vt 0.722944 0.258929
vt 0.800866 0.401786
vt 0.800866 0.294643
vt 0.688312 0.294643
vt 0.688312 0.401786
vt 0.701299 0.401786
vt 0.683983 0.437500
vt 0.683983 0.401786
vt 0.640693 0.464286
vt 0.666667 0.437500
vt 0.770563 0.437500
vt 0.701299 0.437500
vt 0.658009 0.267857
vt 0.623377 0.232143
vt 0.658009 0.232143
vt 0.701299 0.267857
vt 0.696970 0.232143
vt 0.701299 0.232143
vt 0.662338 0.267857
vt 0.662338 0.232143
vt 0.696970 0.267857
vt 0.658009 0.267857
vt 0.623377 0.232143
vt 0.658009 0.232143
vt 0.701299 0.267857
vt 0.696970 0.232143
vt 0.701299 0.232143
vt 0.662338 0.267857
vt 0.662338 0.232143
vt 0.696970 0.267857
vt 0.748918 0.160714
vt 0.727273 0.151786
vt 0.748918 0.151786
vt 0.748918 0.080357
vt 0.727273 0.071429
vt 0.748918 0.071429
vt 0.727273 0.000000
vt 0.748918 0.000000
vt 0.727273 0.080357
vt 0.748918 0.160714
vt 0.727273 0.151786
vt 0.748918 0.151786
vt 0.748918 0.080357
vt 0.727273 0.071429
vt 0.748918 0.071429
vt 0.727273 0.000000
vt 0.748918 0.000000
vt 0.727273 0.080357
vt 0.658009 0.071429
vt 0.625541 0.075893
vt 0.623377 0.071429
vt 0.662338 0.151786
vt 0.692641 0.142857
vt 0.692641 0.151786
vt 0.692641 0.071429
vt 0.662338 0.080357
vt 0.662338 0.071429
vt 0.696970 0.142857
vt 0.692641 0.080357
vt 0.696970 0.080357
vt 0.662338 0.142857
vt 0.658009 0.142857
vt 0.655844 0.075893
vt 0.658009 0.071429
vt 0.623377 0.000000
vt 0.588745 0.071429
vt 0.588745 0.000000
vt 0.692641 0.000000
vt 0.658009 0.000000
vt 0.727273 0.000000
vt 0.692641 0.071429
vt 0.623377 0.071429
vt 0.625541 0.138393
vt 0.623377 0.142857
vt 0.655844 0.138393
vt 0.658009 0.080357
vt 0.658009 0.142857
vt 0.727273 0.000000
vt 0.692641 0.071429
vt 0.692641 0.000000
vt 0.658009 0.000000
vt 0.623377 0.000000
vt 0.588745 0.071429
vt 0.588745 0.000000
vt 0.625541 0.075893
vt 0.658009 0.080357
vt 0.662338 0.142857
vt 0.658009 0.142857
vt 0.623377 0.142857
vt 0.655844 0.138393
vt 0.658009 0.142857
vt 0.625541 0.138393
vt 0.655844 0.075893
vt 0.692641 0.080357
vt 0.692641 0.142857
vt 0.696970 0.142857
vt 0.696970 0.080357
vt 0.692641 0.071429
vt 0.662338 0.080357
vt 0.662338 0.071429
vt 0.662338 0.151786
vt 0.692641 0.151786
vt 0.662338 0.678571
vt 0.636364 0.651786
vt 0.662338 0.651786
vt 0.740260 0.607143
vt 0.714286 0.598214
vt 0.740260 0.598214
vt 0.779221 0.678571
vt 0.783550 0.651786
vt 0.792208 0.651786
vt 0.675325 0.660714
vt 0.670996 0.651786
vt 0.662338 0.616071
vt 0.670996 0.616071
vt 0.783550 0.616071
vt 0.792208 0.616071
vt 0.714286 0.562500
vt 0.740260 0.562500
vt 0.181818 0.928571
vt 0.225108 0.892857
vt 0.225108 0.928571
vt 0.225108 0.767857
vt 0.181818 0.803571
vt 0.181818 0.767857
vt 0.164502 0.803571
vt 0.181818 0.892857
vt 0.164502 0.892857
vt 0.242424 0.892857
vt 0.225108 0.803571
vt 0.242424 0.803571
vt 0.636364 0.616071
vt 0.662338 0.732143
vt 0.636364 0.678571
vt 0.740260 0.660714
vt 0.714286 0.607143
vt 0.753247 0.678571
vt 0.779221 0.660714
vt 0.701299 0.660714
vt 0.675325 0.678571
vt 0.662338 0.741071
vt 0.636364 0.732143
vt 0.740260 0.687500
vt 0.714286 0.660714
vt 0.748918 0.687500
vt 0.753247 0.660714
vt 0.714286 0.687500
vt 0.701299 0.678571
vt 0.748918 0.714286
vt 0.714286 0.714286
vt 0.705628 0.687500
vt 0.662338 0.776786
vt 0.636364 0.741071
vt 0.740260 0.714286
vt 0.575758 0.866071
vt 0.558442 0.830357
vt 0.575758 0.830357
vt 0.597403 0.830357
vt 0.601732 0.866071
vt 0.597403 0.866071
vt 0.558442 0.866071
vt 0.541126 0.910714
vt 0.541126 0.866071
vt 0.523810 0.910714
vt 0.523810 0.866071
vt 0.558442 0.910714
vt 0.519481 0.919643
vt 0.575758 0.910714
vt 0.580087 0.955357
vt 0.541126 0.955357
vt 0.519481 0.955357
vt 0.502164 0.919643
vt 0.580087 0.919643
vt 0.597403 0.955357
vt 0.558442 0.955357
vt 0.541126 0.991071
vt 0.601732 0.830357
vt 0.619048 0.866071
vt 0.558442 0.866071
vt 0.575758 0.830357
vt 0.575758 0.866071
vt 0.601732 0.830357
vt 0.597403 0.866071
vt 0.597403 0.830357
vt 0.558442 0.910714
vt 0.541126 0.866071
vt 0.575758 0.910714
vt 0.541126 0.910714
vt 0.523810 0.866071
vt 0.580087 0.919643
vt 0.519481 0.955357
vt 0.523810 0.910714
vt 0.558442 0.955357
vt 0.597403 0.919643
vt 0.580087 0.955357
vt 0.502164 0.955357
vt 0.519481 0.919643
vt 0.558442 0.991071
vt 0.541126 0.955357
vt 0.619048 0.830357
vt 0.601732 0.866071
vt 0.069264 0.142857
vt 0.000000 0.000000
vt 0.069264 0.000000
vt 0.069264 0.160714
vt 0.008658 0.178571
vt -0.000000 0.160714
vt 0.069264 0.142857
vt -0.000000 0.160714
vt -0.000000 0.142857
vt 0.069264 0.142857
vt -0.000000 0.160714
vt -0.000000 0.142857
vt 0.069264 0.142857
vt -0.000000 0.160714
vt -0.000000 0.142857
vt -0.000000 0.142857
vt 0.008658 0.285714
vt 0.060606 0.178571
vt 0.060606 0.285714
vt 0.069264 0.160714
vt 0.008658 0.178571
vt 0.069264 0.160714
vt 0.008658 0.178571
vt 0.069264 0.160714
vt 0.008658 0.178571
vt 0.069264 0.142857
vt 0.000000 0.000000
vt 0.069264 0.000000
vt 0.069264 0.160714
vt 0.008658 0.178571
vt -0.000000 0.160714
vt 0.069264 0.142857
vt -0.000000 0.160714
vt -0.000000 0.142857
vt 0.069264 0.142857
vt -0.000000 0.160714
vt -0.000000 0.142857
vt 0.069264 0.142857
vt -0.000000 0.160714
vt -0.000000 0.142857
vt -0.000000 0.142857
vt 0.008658 0.285714
vt 0.060606 0.178571
vt 0.060606 0.285714
vt 0.069264 0.160714
vt 0.008658 0.178571
vt 0.069264 0.160714
vt 0.008658 0.178571
vt 0.069264 0.160714
vt 0.008658 0.178571
vt 0.069264 0.142857
vt 0.000000 0.000000
vt 0.069264 0.000000
vt 0.069264 0.160714
vt 0.008658 0.178571
vt -0.000000 0.160714
vt 0.069264 0.142857
vt -0.000000 0.160714
vt -0.000000 0.142857
vt 0.069264 0.142857
vt -0.000000 0.160714
vt -0.000000 0.142857
vt 0.069264 0.142857
vt -0.000000 0.160714
vt -0.000000 0.142857
vt -0.000000 0.142857
vt 0.008658 0.285714
vt 0.060606 0.178571
vt 0.060606 0.285714
vt 0.069264 0.160714
vt 0.008658 0.178571
vt 0.069264 0.160714
vt 0.008658 0.178571
vt 0.069264 0.160714
vt 0.008658 0.178571
vt 0.199134 0.214286
vt 0.155844 -0.000000
vt 0.199134 0.000000
vt 0.155844 0.214286
vt 0.112554 -0.000000
vt 0.242424 0.214286
vt 0.242424 0.000000
vt 0.112554 0.214286
vt 0.069264 -0.000000
vt 0.199134 0.285714
vt 0.155844 0.214286
vt 0.199134 0.214286
vt 0.242424 0.285714
vt 0.242424 0.214286
vt 0.112554 0.285714
vt 0.069264 0.214286
vt 0.112554 0.214286
vt 0.155844 0.285714
vt 0.199134 0.321429
vt 0.155844 0.285714
vt 0.199134 0.285714
vt 0.242424 0.321429
vt 0.242424 0.285714
vt 0.112554 0.321429
vt 0.069264 0.285714
vt 0.112554 0.285714
vt 0.155844 0.321429
vt 0.155844 0.410714
vt 0.199134 0.214286
vt 0.155844 -0.000000
vt 0.199134 0.000000
vt 0.155844 0.214286
vt 0.112554 -0.000000
vt 0.242424 0.214286
vt 0.242424 0.000000
vt 0.112554 0.214286
vt 0.069264 -0.000000
vt 0.199134 0.285714
vt 0.155844 0.214286
vt 0.199134 0.214286
vt 0.242424 0.285714
vt 0.242424 0.214286
vt 0.112554 0.285714
vt 0.069264 0.214286
vt 0.112554 0.214286
vt 0.155844 0.285714
vt 0.199134 0.321429
vt 0.155844 0.285714
vt 0.199134 0.285714
vt 0.242424 0.321429
vt 0.242424 0.285714
vt 0.112554 0.321429
vt 0.069264 0.285714
vt 0.112554 0.285714
vt 0.155844 0.321429
vt 0.155844 0.410714
vt 0.199134 0.214286
vt 0.155844 -0.000000
vt 0.199134 0.000000
vt 0.155844 0.214286
vt 0.112554 -0.000000
vt 0.242424 0.214286
vt 0.242424 0.000000
vt 0.112554 0.214286
vt 0.069264 -0.000000
vt 0.199134 0.285714
vt 0.155844 0.214286
vt 0.199134 0.214286
vt 0.242424 0.285714
vt 0.242424 0.214286
vt 0.112554 0.285714
vt 0.069264 0.214286
vt 0.112554 0.214286
vt 0.155844 0.285714
vt 0.199134 0.321429
vt 0.155844 0.285714
vt 0.199134 0.285714
vt 0.242424 0.321429
vt 0.242424 0.285714
vt 0.112554 0.321429
vt 0.069264 0.285714
vt 0.112554 0.285714
vt 0.155844 0.321429
vt 0.155844 0.410714
vt 0.028139 0.803571
vt 0.045455 0.866071
vt 0.028139 0.866071
vt 0.075758 0.803571
vt 0.075758 0.866071
vt 0.093074 0.866071
vt 0.093074 0.803571
vt 0.075758 0.767857
vt 0.045455 0.803571
vt 0.045455 0.767857
vt 0.045455 0.901786
vt 0.075758 0.901786
vt 0.060606 0.178571
vt 0.060606 0.178571
vt 0.060606 0.178571
vt 0.069264 0.214286
vt 0.311688 0.607143
vt 0.415584 0.357143
vt 0.329004 0.107143
vt 0.259740 0.419643
vt 0.199134 0.419643
vt 0.259740 0.419643
vt 0.199134 0.419643
vt 0.259740 0.419643
vt 0.199134 0.419643
vt 0.259740 0.419643
vt 0.199134 0.419643
vt 0.311688 0.607143
vt 0.329004 0.107143
vt 0.415584 0.357143
vt 0.062771 0.553571
vt 0.069264 0.285714
vt 0.093074 0.450893
vt 0.112554 0.410714
vt 0.142857 0.410714
vt 0.162338 0.513393
vt 0.519481 0.000000
vt 0.484848 0.071429
vt 0.069264 0.321429
vt 0.112554 0.410714
vt 0.519481 0.000000
vt 0.484848 0.071429
vt 0.502164 0.214286
vt 0.502164 0.214286
vt 0.484848 0.250000
vt 0.484848 0.250000
vt 0.571429 0.830357
vt 0.571429 0.687500
vt 0.701299 0.151786
vt 0.623377 0.223214
vt 0.571429 0.830357
vt 0.571429 0.687500
vt 0.701299 0.151786
vt 0.623377 0.223214
vt 0.627706 0.232143
vt 0.502164 0.687500
vt 0.852814 -0.000000
vt 0.709957 0.607143
vt 0.779221 0.535714
vt 0.956710 0.125000
vt 0.943723 0.178571
vt 0.926407 0.250000
vt 0.874459 0.214286
vt 0.900433 0.125000
vt 0.766234 0.258929
vt 0.722944 0.169643
vt 0.649351 0.437500
vt 0.753247 0.437500
vt 0.623377 0.267857
vt 0.623377 0.267857
vt 0.727273 0.160714
vt 0.727273 0.160714
vt 0.727273 0.071429
vt 0.727273 0.071429
vt 0.705628 0.714286
vt 0.636364 0.776786
vt 0.502164 0.955357
vt 0.597403 0.919643
vt 0.558442 0.991071
vt 0.619048 0.830357
vt 0.558442 0.830357
vt 0.597403 0.955357
vt 0.502164 0.919643
vt 0.541126 0.991071
vt 0.619048 0.866071
vt 0.060606 0.178571
vt 0.060606 0.178571
vt 0.060606 0.178571
vt 0.060606 0.178571
vt 0.060606 0.178571
vt 0.060606 0.178571
vt 0.060606 0.178571
vt 0.060606 0.178571
vt 0.060606 0.178571
vt 0.069264 0.214286
vt 0.069264 0.285714
vt 0.069264 0.321429
vt 0.112554 0.410714
vt 0.069264 0.214286
vt 0.069264 0.285714
vt 0.069264 0.321429
vt 0.112554 0.410714
vt 0.069264 0.214286
vt 0.069264 0.285714
vt 0.069264 0.321429
vt 0.112554 0.410714
vt 0.571429 0.455357
vt 0.640693 0.437500
vt 0.640693 0.455357
vt 0.571429 0.437500
vt 0.640693 0.419643
vt 0.571429 0.419643
vt 0.640693 0.401786
vt 0.571429 0.616071
vt 0.640693 0.598214
vt 0.640693 0.616071
vt 0.571429 0.598214
vt 0.640693 0.580357
vt 0.571429 0.580357
vt 0.640693 0.562500
vt 0.571429 0.562500
vt 0.640693 0.544643
vt 0.571429 0.544643
vt 0.640693 0.526786
vt 0.571429 0.526786
vt 0.640693 0.508929
vt 0.571429 0.508929
vt 0.640693 0.491071
vt 0.571429 0.491071
vt 0.640693 0.473214
vt 0.571429 0.473214
vt 0.632035 0.678571
vt 0.606061 0.687500
vt 0.606061 0.678571
vt 0.632035 0.616071
vt 0.606061 0.625000
vt 0.606061 0.616071
vt 0.632035 0.616071
vt 0.606061 0.625000
vt 0.606061 0.616071
vt 0.632035 0.625000
vt 0.606061 0.633929
vt 0.632035 0.633929
vt 0.606061 0.642857
vt 0.632035 0.625000
vt 0.606061 0.633929
vt 0.632035 0.633929
vt 0.606061 0.642857
vt 0.632035 0.642857
vt 0.606061 0.651786
vt 0.632035 0.642857
vt 0.606061 0.651786
vt 0.632035 0.651786
vt 0.606061 0.660714
vt 0.632035 0.651786
vt 0.606061 0.660714
vt 0.632035 0.660714
vt 0.606061 0.669643
vt 0.632035 0.660714
vt 0.606061 0.669643
vt 0.632035 0.669643
vt 0.606061 0.678571
vt 0.632035 0.669643
vt 0.632035 0.678571
vt 0.606061 0.687500
vt 0.606061 0.625000
vt 0.632035 0.616071
vt 0.632035 0.625000
vt 0.606061 0.687500
vt 0.632035 0.678571
vt 0.632035 0.687500
vt 0.606061 0.687500
vt 0.632035 0.678571
vt 0.632035 0.687500
vt 0.606061 0.678571
vt 0.632035 0.669643
vt 0.606061 0.669643
vt 0.632035 0.660714
vt 0.606061 0.678571
vt 0.632035 0.669643
vt 0.606061 0.669643
vt 0.632035 0.660714
vt 0.606061 0.660714
vt 0.632035 0.651786
vt 0.606061 0.660714
vt 0.632035 0.651786
vt 0.606061 0.651786
vt 0.632035 0.642857
vt 0.606061 0.651786
vt 0.632035 0.642857
vt 0.606061 0.642857
vt 0.632035 0.633929
vt 0.606061 0.642857
vt 0.632035 0.633929
vt 0.606061 0.633929
vt 0.632035 0.625000
vt 0.606061 0.633929
vt 0.606061 0.625000
vt 0.632035 0.616071
vt 0.502164 0.455357
vt 0.571429 0.437500
vt 0.571429 0.455357
vt 0.502164 0.437500
vt 0.571429 0.419643
vt 0.502164 0.419643
vt 0.571429 0.401786
vt 0.502164 0.616071
vt 0.571429 0.598214
vt 0.571429 0.616071
vt 0.502164 0.598214
vt 0.571429 0.580357
vt 0.502164 0.580357
vt 0.571429 0.562500
vt 0.502164 0.562500
vt 0.571429 0.544643
vt 0.502164 0.544643
vt 0.571429 0.526786
vt 0.502164 0.526786
vt 0.571429 0.508929
vt 0.502164 0.508929
vt 0.571429 0.491071
vt 0.502164 0.491071
vt 0.571429 0.473214
vt 0.502164 0.473214
vt 0.632035 0.678571
vt 0.588745 0.687500
vt 0.588745 0.678571
vt 0.632035 0.616071
vt 0.606061 0.625000
vt 0.606061 0.616071
vt 0.632035 0.616071
vt 0.588745 0.625000
vt 0.588745 0.616071
vt 0.632035 0.625000
vt 0.606061 0.633929
vt 0.632035 0.633929
vt 0.606061 0.642857
vt 0.632035 0.625000
vt 0.588745 0.633929
vt 0.632035 0.633929
vt 0.588745 0.642857
vt 0.632035 0.642857
vt 0.606061 0.651786
vt 0.632035 0.642857
vt 0.588745 0.651786
vt 0.632035 0.651786
vt 0.606061 0.660714
vt 0.632035 0.651786
vt 0.588745 0.660714
vt 0.632035 0.660714
vt 0.606061 0.669643
vt 0.632035 0.660714
vt 0.588745 0.669643
vt 0.632035 0.669643
vt 0.606061 0.678571
vt 0.632035 0.669643
vt 0.632035 0.678571
vt 0.606061 0.687500
vt 0.588745 0.625000
vt 0.632035 0.616071
vt 0.632035 0.625000
vt 0.606061 0.687500
vt 0.632035 0.678571
vt 0.632035 0.687500
vt 0.588745 0.687500
vt 0.632035 0.678571
vt 0.632035 0.687500
vt 0.606061 0.678571
vt 0.632035 0.669643
vt 0.606061 0.669643
vt 0.632035 0.660714
vt 0.588745 0.678571
vt 0.632035 0.669643
vt 0.588745 0.669643
vt 0.632035 0.660714
vt 0.606061 0.660714
vt 0.632035 0.651786
vt 0.588745 0.660714
vt 0.632035 0.651786
vt 0.606061 0.651786
vt 0.632035 0.642857
vt 0.588745 0.651786
vt 0.632035 0.642857
vt 0.606061 0.642857
vt 0.632035 0.633929
vt 0.588745 0.642857
vt 0.632035 0.633929
vt 0.606061 0.633929
vt 0.632035 0.625000
vt 0.588745 0.633929
vt 0.606061 0.625000
vt 0.632035 0.616071
vt 0.586580 0.633929
vt 0.582251 0.642857
vt 0.582251 0.633929
vt 0.582251 0.660714
vt 0.582251 0.651786
vt 0.582251 0.625000
vt 0.584416 0.625000
vt 0.582251 0.669643
vt 0.586580 0.669643
vt 0.582251 0.678571
vt 0.575758 0.642857
vt 0.577922 0.633929
vt 0.575758 0.660714
vt 0.575758 0.651786
vt 0.580087 0.625000
vt 0.580087 0.678571
vt 0.577922 0.669643
vt 0.582251 0.687500
vt 0.584416 0.678571
vt 0.582251 0.616071
vt 0.571429 0.651786
vt 0.575758 0.633929
vt 0.571429 0.625000
vt 0.575758 0.625000
vt 0.571429 0.642857
vt 0.575758 0.669643
vt 0.571429 0.660714
vt 0.571429 0.616071
vt 0.575758 0.616071
vt 0.575758 0.678571
vt 0.571429 0.669643
vt 0.575758 0.687500
vt 0.571429 0.678571
vt 0.571429 0.633929
vt 0.586580 0.669643
vt 0.582251 0.660714
vt 0.582251 0.642857
vt 0.582251 0.678571
vt 0.582251 0.669643
vt 0.582251 0.651786
vt 0.582251 0.633929
vt 0.586580 0.633929
vt 0.582251 0.625000
vt 0.584416 0.625000
vt 0.575758 0.642857
vt 0.580087 0.678571
vt 0.577922 0.669643
vt 0.575758 0.660714
vt 0.575758 0.651786
vt 0.577922 0.633929
vt 0.580087 0.625000
vt 0.584416 0.678571
vt 0.582251 0.687500
vt 0.582251 0.616071
vt 0.575758 0.678571
vt 0.571429 0.669643
vt 0.575758 0.669643
vt 0.571429 0.651786
vt 0.571429 0.633929
vt 0.575758 0.633929
vt 0.575758 0.625000
vt 0.571429 0.616071
vt 0.575758 0.616071
vt 0.571429 0.625000
vt 0.575758 0.687500
vt 0.571429 0.678571
vt 0.571429 0.660714
vt 0.571429 0.642857
vt 0.619048 0.750000
vt 0.571429 0.758929
vt 0.571429 0.750000
vt 0.619048 0.687500
vt 0.571429 0.696429
vt 0.571429 0.687500
vt 0.619048 0.696429
vt 0.571429 0.705357
vt 0.619048 0.705357
vt 0.571429 0.714286
vt 0.619048 0.714286
vt 0.571429 0.723214
vt 0.619048 0.723214
vt 0.571429 0.732143
vt 0.619048 0.732143
vt 0.571429 0.741071
vt 0.619048 0.741071
vt 0.619048 0.750000
vt 0.571429 0.758929
vt 0.571429 0.750000
vt 0.619048 0.687500
vt 0.571429 0.696429
vt 0.571429 0.687500
vt 0.619048 0.696429
vt 0.571429 0.705357
vt 0.619048 0.705357
vt 0.571429 0.714286
vt 0.619048 0.714286
vt 0.571429 0.723214
vt 0.619048 0.723214
vt 0.571429 0.732143
vt 0.619048 0.732143
vt 0.571429 0.741071
vt 0.619048 0.741071
vt 0.675325 0.375000
vt 0.666667 0.361607
vt 0.675325 0.361607
vt 0.675325 0.348214
vt 0.666667 0.334821
vt 0.675325 0.334821
vt 0.675325 0.321429
vt 0.666667 0.308036
vt 0.675325 0.308036
vt 0.675325 0.401786
vt 0.666667 0.388393
vt 0.675325 0.388393
vt 0.666667 0.348214
vt 0.666667 0.321429
vt 0.666667 0.294643
vt 0.675325 0.294643
vt 0.666667 0.375000
vt 0.653680 0.348214
vt 0.660173 0.321429
vt 0.653680 0.334821
vt 0.653680 0.321429
vt 0.660173 0.375000
vt 0.653680 0.388393
vt 0.653680 0.375000
vt 0.653680 0.361607
vt 0.653680 0.308036
vt 0.655844 0.308036
vt 0.647186 0.375000
vt 0.640693 0.361607
vt 0.640693 0.334821
vt 0.651515 0.308036
vt 0.640693 0.348214
vt 0.647186 0.321429
vt 0.655844 0.388393
vt 0.653680 0.401786
vt 0.651515 0.388393
vt 0.653680 0.294643
vt 0.640693 0.401786
vt 0.571429 0.388393
vt 0.640693 0.388393
vt 0.571429 0.334821
vt 0.640693 0.321429
vt 0.571429 0.308036
vt 0.640693 0.308036
vt 0.571429 0.348214
vt 0.571429 0.321429
vt 0.571429 0.375000
vt 0.640693 0.375000
vt 0.571429 0.294643
vt 0.640693 0.294643
vt 0.571429 0.361607
vt 0.558442 0.361607
vt 0.558442 0.348214
vt 0.558442 0.321429
vt 0.564935 0.321429
vt 0.564935 0.375000
vt 0.558442 0.388393
vt 0.558442 0.375000
vt 0.558442 0.334821
vt 0.558442 0.308036
vt 0.560606 0.308036
vt 0.545455 0.334821
vt 0.556277 0.308036
vt 0.545455 0.361607
vt 0.545455 0.348214
vt 0.551948 0.321429
vt 0.556277 0.388393
vt 0.551948 0.375000
vt 0.558442 0.401786
vt 0.560606 0.388393
vt 0.558442 0.294643
vt 0.545455 0.321429
vt 0.484848 0.308036
vt 0.545455 0.308036
vt 0.484848 0.348214
vt 0.484848 0.321429
vt 0.545455 0.375000
vt 0.484848 0.388393
vt 0.484848 0.375000
vt 0.484848 0.294643
vt 0.545455 0.294643
vt 0.484848 0.361607
vt 0.545455 0.401786
vt 0.545455 0.388393
vt 0.484848 0.334821
vt 0.575758 0.794643
vt 0.571429 0.803571
vt 0.571429 0.794643
vt 0.575758 0.776786
vt 0.571429 0.785714
vt 0.571429 0.776786
vt 0.575758 0.758929
vt 0.571429 0.767857
vt 0.571429 0.758929
vt 0.575758 0.812500
vt 0.571429 0.821429
vt 0.571429 0.812500
vt 0.575758 0.803571
vt 0.575758 0.785714
vt 0.575758 0.767857
vt 0.575758 0.821429
vt 0.571429 0.830357
vt 0.577922 0.812500
vt 0.582251 0.821429
vt 0.580087 0.821429
vt 0.582251 0.812500
vt 0.582251 0.794643
vt 0.577922 0.776786
vt 0.582251 0.767857
vt 0.582251 0.776786
vt 0.582251 0.803571
vt 0.582251 0.785714
vt 0.588745 0.794643
vt 0.588745 0.803571
vt 0.586580 0.776786
vt 0.588745 0.785714
vt 0.584416 0.821429
vt 0.586580 0.812500
vt 0.582251 0.830357
vt 0.582251 0.758929
vt 0.580087 0.767857
vt 0.584416 0.767857
vt 0.636364 0.803571
vt 0.588745 0.776786
vt 0.636364 0.785714
vt 0.588745 0.812500
vt 0.636364 0.821429
vt 0.588745 0.821429
vt 0.588745 0.758929
vt 0.636364 0.767857
vt 0.588745 0.767857
vt 0.636364 0.812500
vt 0.636364 0.830357
vt 0.588745 0.830357
vt 0.636364 0.794643
vt 0.636364 0.776786
vt 0.575758 0.794643
vt 0.571429 0.803571
vt 0.571429 0.794643
vt 0.575758 0.776786
vt 0.571429 0.785714
vt 0.571429 0.776786
vt 0.575758 0.758929
vt 0.571429 0.767857
vt 0.571429 0.758929
vt 0.575758 0.812500
vt 0.571429 0.821429
vt 0.571429 0.812500
vt 0.575758 0.803571
vt 0.575758 0.785714
vt 0.575758 0.767857
vt 0.575758 0.821429
vt 0.571429 0.830357
vt 0.577922 0.812500
vt 0.582251 0.821429
vt 0.580087 0.821429
vt 0.582251 0.812500
vt 0.582251 0.794643
vt 0.577922 0.776786
vt 0.582251 0.767857
vt 0.582251 0.776786
vt 0.582251 0.803571
vt 0.582251 0.785714
vt 0.588745 0.794643
vt 0.588745 0.803571
vt 0.588745 0.785714
vt 0.586580 0.812500
vt 0.584416 0.821429
vt 0.586580 0.776786
vt 0.582251 0.830357
vt 0.582251 0.758929
vt 0.580087 0.767857
vt 0.584416 0.767857
vt 0.636364 0.803571
vt 0.588745 0.776786
vt 0.636364 0.785714
vt 0.588745 0.812500
vt 0.636364 0.821429
vt 0.588745 0.821429
vt 0.588745 0.758929
vt 0.636364 0.767857
vt 0.588745 0.767857
vt 0.636364 0.812500
vt 0.636364 0.830357
vt 0.588745 0.830357
vt 0.636364 0.794643
vt 0.636364 0.776786
vt 0.571429 0.401786
vt 0.632035 0.687500
vt 0.632035 0.687500
vt 0.606061 0.616071
vt 0.606061 0.616071
vt 0.502164 0.401786
vt 0.632035 0.687500
vt 0.632035 0.687500
vt 0.588745 0.616071
vt 0.606061 0.616071
vt 0.571429 0.687500
vt 0.571429 0.687500
vt 0.619048 0.758929
vt 0.619048 0.758929
vt 0.666667 0.401786
vt 0.571429 0.401786
vt 0.484848 0.401786
vt 0.575758 0.830357
vt 0.636364 0.758929
vt 0.575758 0.830357
vt 0.636364 0.758929
vn 0.0000 -1.0000 0.0000
vn 0.0000 0.7071 -0.7071
vn -1.0000 0.0000 0.0000
vn 0.0000 0.0000 1.0000
vn 1.0000 0.0000 0.0000
vn 0.0000 0.0000 -1.0000
vn 0.0000 1.0000 0.0000
vn 0.0000 0.7071 0.7071
vn 0.7071 0.7071 0.0000
vn -0.7071 0.7071 0.0000
vn 0.0000 -0.7071 -0.7071
vn 0.0000 -0.7071 0.7071
vn -0.7071 -0.7071 0.0000
vn 0.7071 -0.7071 0.0000
vn 0.7071 0.0000 0.7071
vn -0.7071 0.0000 0.7071
vn -0.7071 0.0000 -0.7071
vn 0.7071 0.0000 -0.7071
vn 0.8321 -0.5547 0.0000
vn -0.8321 -0.5547 0.0000
vn 0.0000 -0.5547 -0.8321
vn 0.0000 -0.5547 0.8321
vn 0.0000 -0.5000 -0.8660
vn 0.0000 -0.8660 -0.5000
vn 0.0000 -0.8660 0.5000
vn 0.0000 -0.5000 0.8660
vn 0.0000 0.5000 0.8660
vn 0.0000 0.8660 0.5000
vn 0.0000 0.8660 -0.5000
vn 0.0000 0.5000 -0.8660
vn -0.1363 -0.6737 0.7263
vn -0.1363 -0.6737 -0.7263
vn 0.0196 0.0473 -0.9987
vn 0.1447 0.7194 -0.6794
vn 0.1866 0.9824 0.0000
vn 0.1447 0.7194 0.6794
vn 0.0196 0.0473 0.9987
vn 0.1363 -0.6737 0.7263
vn 0.1363 -0.6737 -0.7263
vn -0.0196 0.0473 -0.9987
vn -0.1447 0.7194 -0.6794
vn -0.1866 0.9824 0.0000
vn -0.1447 0.7194 0.6794
vn -0.0196 0.0473 0.9987
vn -0.5293 0.5293 0.6630
vn -0.0670 0.0670 0.9955
vn -0.5293 0.5293 -0.6630
vn 0.4617 -0.4617 0.7573
vn -0.0670 0.0670 -0.9955
vn 0.4617 -0.4617 -0.7573
vn -0.7194 0.1447 0.6794
vn -0.0473 0.0196 0.9987
vn -0.7194 0.1447 -0.6794
vn -0.9824 0.1866 0.0000
vn 0.6737 -0.1363 0.7263
vn 0.6737 -0.1363 -0.7263
vn -0.0473 0.0196 -0.9987
vn 0.5293 0.5293 0.6630
vn 0.5293 0.5293 -0.6630
vn -0.4617 -0.4617 0.7573
vn 0.0670 0.0670 0.9955
vn 0.0670 0.0670 -0.9955
vn -0.4617 -0.4617 -0.7573
vn 0.7194 0.1447 -0.6794
vn -0.6737 -0.1363 0.7263
vn 0.0473 0.0196 0.9987
vn 0.7194 0.1447 0.6794
vn 0.9824 0.1866 0.0000
vn 0.0473 0.0196 -0.9987
vn -0.6737 -0.1363 -0.7263
vn 0.9824 0.0000 -0.1866
vn 0.0473 -0.9987 -0.0196
vn 0.0473 0.9987 -0.0196
vn 0.7194 0.6794 -0.1447
vn 0.7194 -0.6794 -0.1447
vn -0.6737 -0.7263 0.1363
vn -0.6737 0.7263 0.1363
vn -0.4617 0.7573 0.4617
vn 0.0670 0.9955 -0.0670
vn -0.4617 -0.7573 0.4617
vn 0.0670 -0.9955 -0.0670
vn 0.5293 0.6630 -0.5293
vn 0.5293 -0.6630 -0.5293
vn 0.1866 0.0000 -0.9824
vn 0.1447 0.6794 -0.7194
vn 0.0196 -0.9987 -0.0473
vn 0.1447 -0.6794 -0.7194
vn -0.1363 0.7263 0.6737
vn 0.0196 0.9987 -0.0473
vn -0.1363 -0.7263 0.6737
vn 0.9824 0.0000 0.1866
vn 0.0473 0.9987 0.0196
vn 0.0473 -0.9987 0.0196
vn 0.7194 -0.6794 0.1447
vn 0.7194 0.6794 0.1447
vn -0.6737 0.7263 -0.1363
vn -0.6737 -0.7263 -0.1363
vn -0.4617 -0.7573 -0.4617
vn 0.0670 -0.9955 0.0670
vn -0.4617 0.7573 -0.4617
vn 0.0670 0.9955 0.0670
vn 0.5293 -0.6630 0.5293
vn 0.5293 0.6630 0.5293
vn 0.1866 0.0000 0.9824
vn 0.1447 -0.6794 0.7194
vn 0.1447 0.6794 0.7194
vn 0.0196 -0.9987 0.0473
vn -0.1363 -0.7263 -0.6737
vn 0.0196 0.9987 0.0473
vn -0.1363 0.7263 -0.6737
usemtl mining_drill
o Drillbit
s 1
f 50/69/27 67/70/28 51/71/28
f 59/72/29 74/73/30 75/74/29
f 52/75/31 67/70/28 68/76/31
f 60/77/32 75/74/29 76/78/32
f 53/79/33 68/76/31 69/80/33
f 60/81/32 77/82/34 61/83/34
f 54/84/35 69/80/33 70/85/35
f 61/86/34 78/87/36 62/88/36
f 54/89/35 71/90/37 55/91/37
f 62/92/36 79/93/38 63/94/38
f 56/95/39 71/90/37 72/96/39
f 63/97/38 80/98/40 64/99/40
f 57/100/41 72/96/39 73/101/41
f 49/102/42 66/103/27 50/104/27
f 49/105/42 80/98/40 65/106/42
f 57/107/41 74/73/30 58/108/30
f 322/109/43 337/110/44 338/111/45
f 329/112/46 344/113/47 345/114/48
f 321/115/49 336/116/50 337/110/44
f 327/117/51 344/113/47 328/118/52
f 319/119/53 336/116/50 320/120/54
f 327/117/51 342/121/55 343/122/48
f 319/119/53 334/123/56 335/124/48
f 325/125/57 342/121/55 326/126/58
f 317/127/59 334/123/56 318/128/60
f 324/129/61 341/130/62 325/125/57
f 316/131/63 333/132/64 317/127/59
f 324/129/61 339/133/65 340/134/66
f 330/135/67 331/136/68 315/137/69
f 315/137/69 332/138/70 316/131/63
f 322/109/43 339/139/65 323/140/48
f 329/112/46 346/141/71 330/135/67
f 93/142/72 365/143/73 366/144/72
f 92/145/74 368/146/75 91/147/75
f 89/148/76 369/149/77 370/150/76
f 94/151/73 364/152/78 365/153/73
f 92/145/74 366/154/72 367/155/74
f 91/147/75 369/156/77 90/157/77
f 89/148/76 363/158/79 96/159/79
f 359/160/80 361/161/80 355/162/80
f 87/163/81 349/164/82 348/165/81
f 85/166/83 351/167/84 350/168/83
f 82/169/85 352/170/86 83/171/86
f 88/172/87 354/173/88 81/174/88
f 87/163/81 347/175/87 88/172/87
f 86/176/82 350/177/83 349/178/82
f 83/171/86 351/179/84 84/180/84
f 81/174/88 353/181/85 82/169/85
f 109/182/89 113/183/48 110/184/90
f 110/184/90 113/185/48 111/186/91
f 111/186/91 113/187/48 112/188/92
f 112/188/92 113/189/48 97/190/93
f 97/190/93 113/189/48 98/191/94
f 98/191/94 113/192/48 99/193/95
f 99/193/95 113/194/48 100/195/96
f 100/195/96 113/196/48 101/197/97
f 101/197/97 113/196/48 102/198/98
f 102/198/98 113/199/48 103/200/99
f 103/200/99 113/201/48 104/202/100
f 104/202/100 113/203/48 105/204/101
f 105/205/101 113/206/48 106/207/102
f 106/207/102 113/208/48 107/209/103
f 107/209/103 113/210/48 108/211/104
f 109/182/89 108/211/104 113/183/48
f 121/212/105 122/213/106 129/214/105
f 120/215/107 127/216/108 119/217/108
f 117/218/109 126/219/110 125/220/109
f 116/221/111 123/222/112 115/223/112
f 121/212/105 128/224/107 120/215/107
f 119/217/108 126/219/110 118/225/110
f 116/226/111 125/220/109 124/227/111
f 115/223/112 122/213/106 114/228/106
f 136/229/113 143/230/114 135/231/114
f 134/232/115 141/233/116 133/234/116
f 131/235/117 140/236/118 139/237/117
f 137/238/119 144/239/113 136/240/113
f 134/241/115 143/242/114 142/243/115
f 133/244/116 140/245/118 132/246/118
f 130/247/120 139/248/117 138/249/120
f 137/250/119 138/251/120 145/252/119
f 152/253/121 150/254/121 148/255/121
f 160/256/122 154/257/48 161/258/123
f 159/259/124 154/257/48 160/260/122
f 158/261/125 154/257/48 159/262/124
f 154/257/48 162/263/126 161/264/123
f 154/257/48 155/265/127 162/266/126
f 157/267/128 154/257/48 158/268/125
f 154/257/48 156/269/129 155/270/127
f 154/257/48 157/271/128 156/272/129
f 170/273/130 171/274/110 178/275/130
f 168/276/131 177/277/132 176/278/131
f 166/279/133 175/280/106 174/281/133
f 165/282/134 172/283/135 164/284/135
f 170/273/130 177/277/132 169/285/132
f 168/276/131 175/280/106 167/286/106
f 165/287/134 174/281/133 173/288/134
f 164/284/135 171/274/110 163/289/110
f 185/290/136 192/291/137 184/292/137
f 183/293/138 190/294/139 182/295/139
f 181/296/140 188/297/141 180/298/141
f 186/299/142 193/300/136 185/301/136
f 183/302/138 192/303/137 191/304/138
f 182/305/139 189/306/140 181/307/140
f 179/308/143 188/309/141 187/310/143
f 179/311/143 194/312/142 186/313/142
f 201/314/144 199/315/144 197/316/144
f 210/317/145 211/318/146 218/319/145
f 209/320/147 216/321/148 208/322/148
f 206/323/149 215/324/150 214/325/149
f 205/326/151 212/327/152 204/328/152
f 210/317/145 217/329/147 209/320/147
f 208/322/148 215/324/150 207/330/150
f 206/323/149 213/331/151 205/332/151
f 204/328/152 211/318/146 203/333/146
f 225/334/153 232/335/154 224/336/154
f 223/337/155 230/338/156 222/339/156
f 221/340/157 228/341/158 220/342/158
f 226/343/159 233/344/153 225/345/153
f 223/346/155 232/347/154 231/348/155
f 222/349/156 229/350/157 221/351/157
f 219/352/160 228/353/158 227/354/160
f 226/355/159 227/356/160 234/357/159
f 241/358/161 239/359/161 237/360/161
f 250/361/162 251/362/150 258/363/162
f 249/364/163 256/365/164 248/366/164
f 246/367/165 255/368/146 254/369/165
f 245/370/166 252/371/167 244/372/167
f 250/361/162 257/373/163 249/364/163
f 248/366/164 255/368/146 247/374/146
f 246/367/165 253/375/166 245/376/166
f 244/372/167 251/362/150 243/377/150
f 265/378/168 272/379/169 264/380/169
f 263/381/170 270/382/171 262/383/171
f 261/384/172 268/385/173 260/386/173
f 265/387/168 274/388/174 273/389/168
f 263/390/170 272/391/169 271/392/170
f 262/393/171 269/394/172 261/395/172
f 259/396/175 268/397/173 267/398/175
f 259/399/175 274/400/174 266/401/174
f 281/402/176 279/403/176 277/404/176
f 290/405/177 305/406/178 306/407/179
f 298/408/180 313/409/181 314/410/182
f 291/411/150 306/407/179 307/412/150
f 283/413/146 300/414/183 284/415/184
f 283/413/146 314/410/182 299/416/146
f 291/417/150 308/418/185 292/419/186
f 284/415/184 301/420/187 285/421/187
f 292/419/186 309/422/188 293/423/188
f 286/424/189 301/420/187 302/425/190
f 294/426/191 309/422/188 310/427/192
f 287/428/110 302/425/190 303/429/110
f 295/430/106 310/427/192 311/431/106
f 287/428/110 304/432/193 288/433/194
f 295/430/106 312/434/195 296/435/196
f 288/433/194 305/406/178 289/436/178
f 296/435/196 313/409/181 297/437/181
f 95/438/78 363/439/79 364/440/78
f 386/441/197 393/442/198 385/443/198
f 383/444/199 392/445/200 391/446/199
f 382/447/201 389/448/202 381/449/202
f 379/450/203 388/451/204 387/452/203
f 386/441/197 387/453/203 394/454/197
f 385/443/198 392/455/200 384/456/200
f 382/447/201 391/457/199 390/458/201
f 381/459/202 388/460/204 380/461/204
f 399/462/205 401/463/205 395/464/205
f 378/465/206 403/466/207 371/467/207
f 376/468/208 409/469/209 377/470/209
f 375/471/210 406/472/211 407/473/210
f 373/474/212 404/475/213 405/476/212
f 377/470/209 410/477/206 378/465/206
f 375/471/210 408/478/208 376/468/208
f 374/479/211 405/480/212 406/481/211
f 371/467/207 404/482/213 372/483/213
f 426/484/214 433/485/215 425/486/215
f 423/487/216 432/488/217 431/489/216
f 422/490/218 429/491/219 421/492/219
f 420/493/220 427/494/221 419/495/221
f 419/495/221 434/496/214 426/484/214
f 425/486/215 432/497/217 424/498/217
f 423/487/216 430/499/218 422/490/218
f 420/493/220 429/500/219 428/501/220
f 439/502/222 441/503/222 435/504/222
f 418/505/223 443/506/224 411/507/224
f 416/508/225 449/509/226 417/510/226
f 415/511/227 446/512/228 447/513/227
f 413/514/229 444/515/230 445/516/229
f 418/505/223 449/517/226 450/518/223
f 415/511/227 448/519/225 416/508/225
f 414/520/228 445/521/229 446/522/228
f 412/523/230 443/524/224 444/525/230
f 466/526/231 473/527/232 465/528/232
f 463/529/233 472/530/234 471/531/233
f 462/532/235 469/533/236 461/534/236
f 459/535/237 468/536/238 467/537/237
f 459/535/237 474/538/231 466/526/231
f 465/528/232 472/539/234 464/540/234
f 462/532/235 471/541/233 470/542/235
f 461/543/236 468/544/238 460/545/238
f 479/546/239 481/547/239 475/548/239
f 458/549/240 483/550/241 451/551/241
f 456/552/242 489/553/243 457/554/243
f 455/555/244 486/556/245 487/557/244
f 453/558/246 484/559/247 485/560/246
f 458/549/240 489/561/243 490/562/240
f 455/555/244 488/563/242 456/552/242
f 454/564/245 485/565/246 486/566/245
f 452/567/247 483/568/241 484/569/247
f 50/69/27 66/103/27 67/70/28
f 59/72/29 58/570/30 74/73/30
f 52/75/31 51/571/28 67/70/28
f 60/77/32 59/572/29 75/74/29
f 53/79/33 52/573/31 68/76/31
f 60/81/32 76/78/32 77/82/34
f 54/84/35 53/574/33 69/80/33
f 61/86/34 77/82/34 78/87/36
f 54/89/35 70/85/35 71/90/37
f 62/92/36 78/87/36 79/93/38
f 56/95/39 55/575/37 71/90/37
f 63/97/38 79/93/38 80/98/40
f 57/100/41 56/576/39 72/96/39
f 49/102/42 65/106/42 66/103/27
f 49/105/42 64/577/40 80/98/40
f 57/107/41 73/578/41 74/73/30
f 322/109/43 321/115/49 337/110/44
f 329/112/46 328/118/52 344/113/47
f 321/115/49 320/120/54 336/116/50
f 327/117/51 343/122/48 344/113/47
f 319/119/53 335/124/48 336/116/50
f 327/117/51 326/126/58 342/121/55
f 319/119/53 318/128/60 334/123/56
f 325/125/57 341/130/62 342/121/55
f 317/127/59 333/132/64 334/123/56
f 324/129/61 340/134/66 341/130/62
f 316/131/63 332/138/70 333/132/64
f 324/129/61 323/579/48 339/133/65
f 330/135/67 346/141/71 331/136/68
f 315/137/69 331/136/68 332/138/70
f 322/109/43 338/111/45 339/139/65
f 329/112/46 345/114/48 346/141/71
f 93/142/72 94/580/73 365/143/73
f 92/145/74 367/581/74 368/146/75
f 89/148/76 90/157/77 369/149/77
f 94/151/73 95/438/78 364/152/78
f 92/145/74 93/142/72 366/154/72
f 91/147/75 368/582/75 369/156/77
f 89/148/76 370/583/76 363/158/79
f 355/162/80 356/584/80 357/585/80
f 357/585/80 358/586/80 355/162/80
f 358/586/80 359/160/80 355/162/80
f 359/160/80 360/587/80 361/161/80
f 361/161/80 362/588/80 355/162/80
f 87/163/81 86/589/82 349/164/82
f 85/166/83 84/180/84 351/167/84
f 82/169/85 353/590/85 352/170/86
f 88/172/87 347/591/87 354/173/88
f 87/163/81 348/592/81 347/175/87
f 86/176/82 85/166/83 350/177/83
f 83/171/86 352/593/86 351/179/84
f 81/174/88 354/594/88 353/181/85
f 121/212/105 114/228/106 122/213/106
f 120/215/107 128/224/107 127/216/108
f 117/218/109 118/225/110 126/219/110
f 116/221/111 124/595/111 123/222/112
f 121/212/105 129/214/105 128/224/107
f 119/217/108 127/216/108 126/219/110
f 116/226/111 117/218/109 125/220/109
f 115/223/112 123/222/112 122/213/106
f 136/229/113 144/596/113 143/230/114
f 134/232/115 142/597/115 141/233/116
f 131/235/117 132/598/118 140/236/118
f 137/238/119 145/599/119 144/239/113
f 134/241/115 135/600/114 143/242/114
f 133/244/116 141/601/116 140/245/118
f 130/247/120 131/602/117 139/248/117
f 137/250/119 130/603/120 138/251/120
f 148/255/121 147/604/121 146/605/121
f 146/605/121 153/606/121 148/255/121
f 153/606/121 152/253/121 148/255/121
f 152/253/121 151/607/121 150/254/121
f 150/254/121 149/608/121 148/255/121
f 170/273/130 163/289/110 171/274/110
f 168/276/131 169/285/132 177/277/132
f 166/279/133 167/286/106 175/280/106
f 165/282/134 173/609/134 172/283/135
f 170/273/130 178/275/130 177/277/132
f 168/276/131 176/278/131 175/280/106
f 165/287/134 166/279/133 174/281/133
f 164/284/135 172/283/135 171/274/110
f 185/290/136 193/610/136 192/291/137
f 183/293/138 191/611/138 190/294/139
f 181/296/140 189/612/140 188/297/141
f 186/299/142 194/613/142 193/300/136
f 183/302/138 184/614/137 192/303/137
f 182/305/139 190/615/139 189/306/140
f 179/308/143 180/616/141 188/309/141
f 179/311/143 187/617/143 194/312/142
f 197/316/144 196/618/144 201/314/144
f 196/618/144 195/619/144 201/314/144
f 195/619/144 202/620/144 201/314/144
f 201/314/144 200/621/144 199/315/144
f 199/315/144 198/622/144 197/316/144
f 210/317/145 203/333/146 211/318/146
f 209/320/147 217/329/147 216/321/148
f 206/323/149 207/330/150 215/324/150
f 205/326/151 213/623/151 212/327/152
f 210/317/145 218/319/145 217/329/147
f 208/322/148 216/321/148 215/324/150
f 206/323/149 214/325/149 213/331/151
f 204/328/152 212/327/152 211/318/146
f 225/334/153 233/624/153 232/335/154
f 223/337/155 231/625/155 230/338/156
f 221/340/157 229/626/157 228/341/158
f 226/343/159 234/627/159 233/344/153
f 223/346/155 224/628/154 232/347/154
f 222/349/156 230/629/156 229/350/157
f 219/352/160 220/630/158 228/353/158
f 226/355/159 219/631/160 227/356/160
f 237/360/161 236/632/161 241/358/161
f 236/632/161 235/633/161 241/358/161
f 235/633/161 242/634/161 241/358/161
f 241/358/161 240/635/161 239/359/161
f 239/359/161 238/636/161 237/360/161
f 250/361/162 243/377/150 251/362/150
f 249/364/163 257/373/163 256/365/164
f 246/367/165 247/374/146 255/368/146
f 245/370/166 253/637/166 252/371/167
f 250/361/162 258/363/162 257/373/163
f 248/366/164 256/365/164 255/368/146
f 246/367/165 254/369/165 253/375/166
f 244/372/167 252/371/167 251/362/150
f 265/378/168 273/638/168 272/379/169
f 263/381/170 271/639/170 270/382/171
f 261/384/172 269/640/172 268/385/173
f 265/387/168 266/641/174 274/388/174
f 263/390/170 264/642/169 272/391/169
f 262/393/171 270/643/171 269/394/172
f 259/396/175 260/644/173 268/397/173
f 259/399/175 267/645/175 274/400/174
f 277/404/176 276/646/176 281/402/176
f 276/646/176 275/647/176 281/402/176
f 275/647/176 282/648/176 281/402/176
f 281/402/176 280/649/176 279/403/176
f 279/403/176 278/650/176 277/404/176
f 290/405/177 289/436/178 305/406/178
f 298/408/180 297/437/181 313/409/181
f 291/411/150 290/405/177 306/407/179
f 283/413/146 299/416/146 300/414/183
f 283/413/146 298/408/180 314/410/182
f 291/417/150 307/651/150 308/418/185
f 284/415/184 300/414/183 301/420/187
f 292/419/186 308/418/185 309/422/188
f 286/424/189 285/421/187 301/420/187
f 294/426/191 293/423/188 309/422/188
f 287/428/110 286/424/189 302/425/190
f 295/430/106 294/426/191 310/427/192
f 287/428/110 303/429/110 304/432/193
f 295/430/106 311/431/106 312/434/195
f 288/433/194 304/432/193 305/406/178
f 296/435/196 312/434/195 313/409/181
f 95/438/78 96/159/79 363/439/79
f 386/441/197 394/652/197 393/442/198
f 383/444/199 384/456/200 392/445/200
f 382/447/201 390/653/201 389/448/202
f 379/450/203 380/461/204 388/451/204
f 386/441/197 379/450/203 387/453/203
f 385/443/198 393/654/198 392/455/200
f 382/447/201 383/444/199 391/457/199
f 381/459/202 389/655/202 388/460/204
f 395/464/205 396/656/205 397/657/205
f 397/657/205 398/658/205 395/464/205
f 398/658/205 399/462/205 395/464/205
f 399/462/205 400/659/205 401/463/205
f 401/463/205 402/660/205 395/464/205
f 378/465/206 410/661/206 403/466/207
f 376/468/208 408/662/208 409/469/209
f 375/471/210 374/479/211 406/472/211
f 373/474/212 372/483/213 404/475/213
f 377/470/209 409/663/209 410/477/206
f 375/471/210 407/664/210 408/478/208
f 374/479/211 373/665/212 405/480/212
f 371/467/207 403/666/207 404/482/213
f 426/484/214 434/667/214 433/485/215
f 423/487/216 424/498/217 432/488/217
f 422/490/218 430/668/218 429/491/219
f 420/493/220 428/669/220 427/494/221
f 419/495/221 427/670/221 434/496/214
f 425/486/215 433/671/215 432/497/217
f 423/487/216 431/672/216 430/499/218
f 420/493/220 421/673/219 429/500/219
f 435/504/222 436/674/222 439/502/222
f 436/674/222 437/675/222 439/502/222
f 437/675/222 438/676/222 439/502/222
f 439/502/222 440/677/222 441/503/222
f 441/503/222 442/678/222 435/504/222
f 418/505/223 450/679/223 443/506/224
f 416/508/225 448/680/225 449/509/226
f 415/511/227 414/520/228 446/512/228
f 413/514/229 412/523/230 444/515/230
f 418/505/223 417/510/226 449/517/226
f 415/511/227 447/681/227 448/519/225
f 414/520/228 413/682/229 445/521/229
f 412/523/230 411/507/224 443/524/224
f 466/526/231 474/683/231 473/527/232
f 463/529/233 464/540/234 472/530/234
f 462/532/235 470/684/235 469/533/236
f 459/535/237 460/545/238 468/536/238
f 459/535/237 467/685/237 474/538/231
f 465/528/232 473/686/232 472/539/234
f 462/532/235 463/529/233 471/541/233
f 461/543/236 469/687/236 468/544/238
f 475/548/239 476/688/239 477/689/239
f 477/689/239 478/690/239 475/548/239
f 478/690/239 479/546/239 475/548/239
f 479/546/239 480/691/239 481/547/239
f 481/547/239 482/692/239 475/548/239
f 458/549/240 490/693/240 483/550/241
f 456/552/242 488/694/242 489/553/243
f 455/555/244 454/564/245 486/556/245
f 453/558/246 452/567/247 484/559/247
f 458/549/240 457/554/243 489/561/243
f 455/555/244 487/695/244 488/563/242
f 454/564/245 453/696/246 485/565/246
f 452/567/247 451/551/241 483/568/241
